target_rank,target_host,sender_rank,sender_host,sender_cpu,sender_affinity,payload_bytes,iters,lat_min_us,lat_p25_us,lat_median_us,lat_mean_us,lat_p75_us,lat_p95_us,lat_max_us
0,"n23m0123.hpc.itc.rwth-aachen.de",1,"n23m0123.hpc.itc.rwth-aachen.de",1,"1",64,20,0.123,0.32525,0.3295,1.5509,0.9085,8.60595,12.348
0,"n23m0123.hpc.itc.rwth-aachen.de",2,"n23m0123.hpc.itc.rwth-aachen.de",2,"2",64,20,0.278,0.3415,0.822,1.68165,2.5855,4.04555,9.927
0,"n23m0123.hpc.itc.rwth-aachen.de",3,"n23m0123.hpc.itc.rwth-aachen.de",3,"3",64,20,0.133,0.204,0.316,0.80485,0.7015,2.27465,5.726
0,"n23m0123.hpc.itc.rwth-aachen.de",4,"n23m0123.hpc.itc.rwth-aachen.de",4,"4",64,20,0.279,0.3525,0.507,1.43055,1.0745,3.5931,11.879
0,"n23m0123.hpc.itc.rwth-aachen.de",5,"n23m0123.hpc.itc.rwth-aachen.de",5,"5",64,20,0.201,0.482,0.7625,2.1783,2.7265,8.7038,8.814
0,"n23m0123.hpc.itc.rwth-aachen.de",6,"n23m0123.hpc.itc.rwth-aachen.de",6,"6",64,20,0.162,0.80775,2.25,2.95945,3.07775,9.18295,12.716
0,"n23m0123.hpc.itc.rwth-aachen.de",7,"n23m0123.hpc.itc.rwth-aachen.de",7,"7",64,20,0.106,0.29775,1.82,2.4396,2.84575,8.65415,9.835
0,"n23m0123.hpc.itc.rwth-aachen.de",8,"n23m0123.hpc.itc.rwth-aachen.de",8,"8",64,20,0.205,0.4065,0.504,2.19065,3.9165,6.71035,9.282
0,"n23m0123.hpc.itc.rwth-aachen.de",9,"n23m0123.hpc.itc.rwth-aachen.de",9,"9",64,20,0.148,0.29325,0.499,2.0256,1.55375,9.01905,12.725
0,"n23m0123.hpc.itc.rwth-aachen.de",10,"n23m0123.hpc.itc.rwth-aachen.de",10,"10",64,20,0.142,0.3575,0.6655,1.61585,2.61625,3.2921,10.343
0,"n23m0123.hpc.itc.rwth-aachen.de",11,"n23m0123.hpc.itc.rwth-aachen.de",11,"11",64,20,0.163,0.668,1.563,2.2474,2.38225,7.84795,9.386
0,"n23m0123.hpc.itc.rwth-aachen.de",12,"n23m0123.hpc.itc.rwth-aachen.de",12,"12",64,20,0.135,0.24375,0.5875,1.80555,1.48725,9.71555,10.239
0,"n23m0123.hpc.itc.rwth-aachen.de",13,"n23m0123.hpc.itc.rwth-aachen.de",13,"13",64,20,0.137,0.44875,0.9965,1.829,2.3125,7.2605,7.935
0,"n23m0123.hpc.itc.rwth-aachen.de",14,"n23m0123.hpc.itc.rwth-aachen.de",14,"14",64,20,0.334,0.5245,1.2705,1.9838,2.02525,9.09385,9.414
0,"n23m0123.hpc.itc.rwth-aachen.de",15,"n23m0123.hpc.itc.rwth-aachen.de",15,"15",64,20,0.155,0.4905,0.945,1.65955,2.205,3.48895,8.675
0,"n23m0123.hpc.itc.rwth-aachen.de",16,"n23m0123.hpc.itc.rwth-aachen.de",16,"16",64,20,0.12,0.24975,0.794,2.134,2.503,8.31145,10.182
0,"n23m0123.hpc.itc.rwth-aachen.de",17,"n23m0123.hpc.itc.rwth-aachen.de",17,"17",64,20,0.129,0.2675,0.6585,1.47275,1.13025,6.1447,9.426
0,"n23m0123.hpc.itc.rwth-aachen.de",18,"n23m0123.hpc.itc.rwth-aachen.de",18,"18",64,20,0.138,0.36175,0.597,1.41745,1.1955,4.2269,9.868
0,"n23m0123.hpc.itc.rwth-aachen.de",19,"n23m0123.hpc.itc.rwth-aachen.de",19,"19",64,20,0.166,0.5795,1.4035,2.3201,2.31975,9.05365,9.579
0,"n23m0123.hpc.itc.rwth-aachen.de",20,"n23m0123.hpc.itc.rwth-aachen.de",20,"20",64,20,0.18,0.233,0.9585,2.05385,2.168,8.874,12.294
0,"n23m0123.hpc.itc.rwth-aachen.de",21,"n23m0123.hpc.itc.rwth-aachen.de",21,"21",64,20,0.129,0.30275,0.6545,1.48095,2.05925,3.7773,8.191
0,"n23m0123.hpc.itc.rwth-aachen.de",22,"n23m0123.hpc.itc.rwth-aachen.de",22,"22",64,20,0.222,0.5345,1.1895,1.83345,2.29475,4.2389,9.652
0,"n23m0123.hpc.itc.rwth-aachen.de",23,"n23m0123.hpc.itc.rwth-aachen.de",23,"23",64,20,0.143,0.42175,0.694,1.7932,1.974,7.30575,10.512
0,"n23m0123.hpc.itc.rwth-aachen.de",24,"n23m0123.hpc.itc.rwth-aachen.de",24,"24",64,20,0.244,1.2,2.2525,3.0159,4.35675,8.6554,11.361
0,"n23m0123.hpc.itc.rwth-aachen.de",25,"n23m0123.hpc.itc.rwth-aachen.de",25,"25",64,20,0.145,0.33025,0.7125,1.09695,1.4415,3.3669,3.593
0,"n23m0123.hpc.itc.rwth-aachen.de",26,"n23m0123.hpc.itc.rwth-aachen.de",26,"26",64,20,0.272,0.55175,0.903,1.49755,1.5635,3.2659,8.926
0,"n23m0123.hpc.itc.rwth-aachen.de",27,"n23m0123.hpc.itc.rwth-aachen.de",27,"27",64,20,0.254,0.778,1.5725,1.9046,2.32675,4.6584,7.497
0,"n23m0123.hpc.itc.rwth-aachen.de",28,"n23m0123.hpc.itc.rwth-aachen.de",28,"28",64,20,0.16,1.1515,1.747,2.1829,2.442,4.6989,9.295
0,"n23m0123.hpc.itc.rwth-aachen.de",29,"n23m0123.hpc.itc.rwth-aachen.de",29,"29",64,20,0.163,0.86725,1.589,2.0805,1.803,7.6444,9.989
0,"n23m0123.hpc.itc.rwth-aachen.de",30,"n23m0123.hpc.itc.rwth-aachen.de",30,"30",64,20,0.269,1.13975,1.7705,1.96385,2.125,3.5474,7.906
0,"n23m0123.hpc.itc.rwth-aachen.de",31,"n23m0123.hpc.itc.rwth-aachen.de",31,"31",64,20,0.281,1.08125,1.5725,2.35965,2.17525,8.1257,9.868
0,"n23m0123.hpc.itc.rwth-aachen.de",32,"n23m0123.hpc.itc.rwth-aachen.de",32,"32",64,20,0.145,0.191,0.297,0.54505,0.399,1.2475,4.753
0,"n23m0123.hpc.itc.rwth-aachen.de",33,"n23m0123.hpc.itc.rwth-aachen.de",33,"33",64,20,0.15,0.18825,0.3385,0.30245,0.38975,0.43365,0.465
0,"n23m0123.hpc.itc.rwth-aachen.de",34,"n23m0123.hpc.itc.rwth-aachen.de",34,"34",64,20,0.135,0.18125,0.327,0.5915,0.51425,1.024,5.128
0,"n23m0123.hpc.itc.rwth-aachen.de",35,"n23m0123.hpc.itc.rwth-aachen.de",35,"35",64,20,0.149,0.16475,0.275,0.623,0.419,0.9644,6.881
0,"n23m0123.hpc.itc.rwth-aachen.de",36,"n23m0123.hpc.itc.rwth-aachen.de",36,"36",64,20,0.165,0.18675,0.2205,0.5668,0.35875,1.1506,5.437
0,"n23m0123.hpc.itc.rwth-aachen.de",37,"n23m0123.hpc.itc.rwth-aachen.de",37,"37",64,20,0.147,0.18975,0.317,0.62415,0.49925,1.1427,5.754
0,"n23m0123.hpc.itc.rwth-aachen.de",38,"n23m0123.hpc.itc.rwth-aachen.de",38,"38",64,20,0.156,0.20325,0.295,0.6063,0.384,1.16395,6.122
0,"n23m0123.hpc.itc.rwth-aachen.de",39,"n23m0123.hpc.itc.rwth-aachen.de",39,"39",64,20,0.172,0.35225,0.3855,0.44575,0.453,0.76905,1.074
0,"n23m0123.hpc.itc.rwth-aachen.de",40,"n23m0123.hpc.itc.rwth-aachen.de",40,"40",64,20,0.16,0.2485,0.36,0.7455,0.575,1.3916,7.065
0,"n23m0123.hpc.itc.rwth-aachen.de",41,"n23m0123.hpc.itc.rwth-aachen.de",41,"41",64,20,0.166,0.24575,0.306,0.6504,0.384,1.49065,6.348
0,"n23m0123.hpc.itc.rwth-aachen.de",42,"n23m0123.hpc.itc.rwth-aachen.de",42,"42",64,20,0.162,0.186,0.3245,0.56125,0.40125,1.15035,4.881
0,"n23m0123.hpc.itc.rwth-aachen.de",43,"n23m0123.hpc.itc.rwth-aachen.de",43,"43",64,20,0.18,0.27075,0.3645,0.6773,0.4415,1.1078,5.949
0,"n23m0123.hpc.itc.rwth-aachen.de",44,"n23m0123.hpc.itc.rwth-aachen.de",44,"44",64,20,0.169,0.18075,0.3125,0.6128,0.42275,1.452,5.214
0,"n23m0123.hpc.itc.rwth-aachen.de",45,"n23m0123.hpc.itc.rwth-aachen.de",45,"45",64,20,0.152,0.2295,0.385,0.6613,0.47325,1.0878,5.986
0,"n23m0123.hpc.itc.rwth-aachen.de",46,"n23m0123.hpc.itc.rwth-aachen.de",46,"46",64,20,0.18,0.3325,0.4445,0.6831,0.59225,1.0895,5.165
0,"n23m0123.hpc.itc.rwth-aachen.de",47,"n23m0123.hpc.itc.rwth-aachen.de",47,"47",64,20,0.19,0.2935,0.3725,0.4251,0.409,0.53415,2.038
0,"n23m0123.hpc.itc.rwth-aachen.de",48,"n23m0123.hpc.itc.rwth-aachen.de",48,"48",64,20,0.165,0.26625,0.3065,0.50465,0.387,1.05585,3.694
0,"n23m0123.hpc.itc.rwth-aachen.de",49,"n23m0123.hpc.itc.rwth-aachen.de",49,"49",64,20,0.234,0.31175,0.4245,0.54465,0.7655,0.9566,1.215
0,"n23m0123.hpc.itc.rwth-aachen.de",50,"n23m0123.hpc.itc.rwth-aachen.de",50,"50",64,20,0.125,0.21775,0.293,0.4677,0.58725,1.4059,1.67
0,"n23m0123.hpc.itc.rwth-aachen.de",51,"n23m0123.hpc.itc.rwth-aachen.de",51,"51",64,20,0.164,0.30875,0.3495,0.5575,0.383,1.2517,4.191
0,"n23m0123.hpc.itc.rwth-aachen.de",52,"n23m0123.hpc.itc.rwth-aachen.de",52,"52",64,20,0.155,0.2485,0.2965,0.61675,0.4105,1.08485,5.471
0,"n23m0123.hpc.itc.rwth-aachen.de",53,"n23m0123.hpc.itc.rwth-aachen.de",53,"53",64,20,0.151,0.21275,0.2865,0.55515,0.383,1.4644,3.885
0,"n23m0123.hpc.itc.rwth-aachen.de",54,"n23m0123.hpc.itc.rwth-aachen.de",54,"54",64,20,0.16,0.211,0.302,0.40155,0.40075,1.18235,1.607
0,"n23m0123.hpc.itc.rwth-aachen.de",55,"n23m0123.hpc.itc.rwth-aachen.de",55,"55",64,20,0.146,0.1655,0.297,0.34445,0.4285,0.65815,0.908
0,"n23m0123.hpc.itc.rwth-aachen.de",56,"n23m0123.hpc.itc.rwth-aachen.de",56,"56",64,20,0.148,0.23325,0.285,0.589,0.35475,1.42495,5.528
0,"n23m0123.hpc.itc.rwth-aachen.de",57,"n23m0123.hpc.itc.rwth-aachen.de",57,"57",64,20,0.161,0.21325,0.306,0.55245,0.3955,1.02075,4.759
0,"n23m0123.hpc.itc.rwth-aachen.de",58,"n23m0123.hpc.itc.rwth-aachen.de",58,"58",64,20,0.144,0.22225,0.3435,0.547,0.47975,1.95005,2.407
0,"n23m0123.hpc.itc.rwth-aachen.de",59,"n23m0123.hpc.itc.rwth-aachen.de",59,"59",64,20,0.15,0.19575,0.2295,0.5153,0.38825,1.21135,3.764
0,"n23m0123.hpc.itc.rwth-aachen.de",60,"n23m0123.hpc.itc.rwth-aachen.de",60,"60",64,20,0.154,0.19625,0.3145,0.4526,0.51025,0.7918,2.403
0,"n23m0123.hpc.itc.rwth-aachen.de",61,"n23m0123.hpc.itc.rwth-aachen.de",61,"61",64,20,0.166,0.18,0.289,0.39035,0.36975,0.863,2.003
0,"n23m0123.hpc.itc.rwth-aachen.de",62,"n23m0123.hpc.itc.rwth-aachen.de",62,"62",64,20,0.163,0.2125,0.3055,0.43485,0.34225,0.8506,2.591
0,"n23m0123.hpc.itc.rwth-aachen.de",63,"n23m0123.hpc.itc.rwth-aachen.de",63,"63",64,20,0.165,0.18025,0.287,0.49165,0.4035,1.0875,3.567
0,"n23m0123.hpc.itc.rwth-aachen.de",64,"n23m0123.hpc.itc.rwth-aachen.de",64,"64",64,20,0.044,0.21025,0.425,1.13945,1.59525,3.667,6.061
0,"n23m0123.hpc.itc.rwth-aachen.de",65,"n23m0123.hpc.itc.rwth-aachen.de",65,"65",64,20,0.187,0.3065,1.0265,1.794,2.29675,6.1206,9.305
0,"n23m0123.hpc.itc.rwth-aachen.de",66,"n23m0123.hpc.itc.rwth-aachen.de",66,"66",64,20,0.172,0.313,0.692,1.1196,1.07225,4.4986,5.498
0,"n23m0123.hpc.itc.rwth-aachen.de",67,"n23m0123.hpc.itc.rwth-aachen.de",67,"67",64,20,0.151,0.23225,0.349,1.14675,0.9755,3.43295,8.714
0,"n23m0123.hpc.itc.rwth-aachen.de",68,"n23m0123.hpc.itc.rwth-aachen.de",68,"68",64,20,0.146,0.2325,0.481,1.0683,1.2525,3.2772,6.15
0,"n23m0123.hpc.itc.rwth-aachen.de",69,"n23m0123.hpc.itc.rwth-aachen.de",69,"69",64,20,0.144,0.20425,0.474,1.32485,1.738,5.1173,5.427
0,"n23m0123.hpc.itc.rwth-aachen.de",70,"n23m0123.hpc.itc.rwth-aachen.de",70,"70",64,20,0.207,0.35525,0.6705,1.48135,2.73,4.16065,5.104
0,"n23m0123.hpc.itc.rwth-aachen.de",71,"n23m0123.hpc.itc.rwth-aachen.de",71,"71",64,20,0.142,0.254,0.515,1.0257,1.23825,3.8806,4.044
0,"n23m0123.hpc.itc.rwth-aachen.de",72,"n23m0123.hpc.itc.rwth-aachen.de",72,"72",64,20,0.197,0.40375,0.996,1.2294,1.4645,3.8044,4.325
0,"n23m0123.hpc.itc.rwth-aachen.de",73,"n23m0123.hpc.itc.rwth-aachen.de",73,"73",64,20,0.111,0.22425,0.8075,1.4095,2.12825,4.3981,5.806
0,"n23m0123.hpc.itc.rwth-aachen.de",74,"n23m0123.hpc.itc.rwth-aachen.de",74,"74",64,20,0.129,0.3145,0.9135,1.57325,1.729,4.40895,8.379
0,"n23m0123.hpc.itc.rwth-aachen.de",75,"n23m0123.hpc.itc.rwth-aachen.de",75,"75",64,20,0.136,0.254,0.611,1.34025,1.24975,5.45025,6.063
0,"n23m0123.hpc.itc.rwth-aachen.de",76,"n23m0123.hpc.itc.rwth-aachen.de",76,"76",64,20,0.177,0.404,0.587,1.32055,1.57,4.4837,5.77
0,"n23m0123.hpc.itc.rwth-aachen.de",77,"n23m0123.hpc.itc.rwth-aachen.de",77,"77",64,20,0.143,0.4485,1.3235,1.7513,2.099,5.4475,7.3
0,"n23m0123.hpc.itc.rwth-aachen.de",78,"n23m0123.hpc.itc.rwth-aachen.de",78,"78",64,20,0.181,0.26375,0.759,1.81315,2.246,7.83835,8.643
0,"n23m0123.hpc.itc.rwth-aachen.de",79,"n23m0123.hpc.itc.rwth-aachen.de",79,"79",64,20,0.105,0.27275,0.582,1.31935,1.933,5.00085,5.91
0,"n23m0123.hpc.itc.rwth-aachen.de",80,"n23m0123.hpc.itc.rwth-aachen.de",80,"80",64,20,0.106,0.19875,0.99,1.4117,1.95925,4.08045,5.21
0,"n23m0123.hpc.itc.rwth-aachen.de",81,"n23m0123.hpc.itc.rwth-aachen.de",81,"81",64,20,0.113,0.3365,0.6605,1.7265,1.465,7.5333,8.85
0,"n23m0123.hpc.itc.rwth-aachen.de",82,"n23m0123.hpc.itc.rwth-aachen.de",82,"82",64,20,0.171,0.30275,0.52,1.4913,1.8825,4.911,7.609
0,"n23m0123.hpc.itc.rwth-aachen.de",83,"n23m0123.hpc.itc.rwth-aachen.de",83,"83",64,20,0.119,0.16175,0.2705,1.363,0.916,6.8151,9.382
0,"n23m0123.hpc.itc.rwth-aachen.de",84,"n23m0123.hpc.itc.rwth-aachen.de",84,"84",64,20,0.132,0.34875,0.552,0.7397,0.9565,2.0519,2.601
0,"n23m0123.hpc.itc.rwth-aachen.de",85,"n23m0123.hpc.itc.rwth-aachen.de",85,"85",64,20,0.174,0.3235,0.8685,1.3079,1.49675,4.0627,5.691
0,"n23m0123.hpc.itc.rwth-aachen.de",86,"n23m0123.hpc.itc.rwth-aachen.de",86,"86",64,20,0.144,0.441,0.553,1.21415,1.25675,3.8855,4.332
0,"n23m0123.hpc.itc.rwth-aachen.de",87,"n23m0123.hpc.itc.rwth-aachen.de",87,"87",64,20,0.12,0.2165,0.5035,1.55425,2.65425,5.80015,6.981
0,"n23m0123.hpc.itc.rwth-aachen.de",88,"n23m0123.hpc.itc.rwth-aachen.de",88,"88",64,20,0.157,0.21025,0.53,1.2997,1.33925,4.09025,7.705
0,"n23m0123.hpc.itc.rwth-aachen.de",89,"n23m0123.hpc.itc.rwth-aachen.de",89,"89",64,20,0.152,0.32925,0.66,1.08575,0.85375,3.4809,4.809
0,"n23m0123.hpc.itc.rwth-aachen.de",90,"n23m0123.hpc.itc.rwth-aachen.de",90,"90",64,20,0.126,0.2685,0.4485,1.24405,1.59775,3.32235,6.388
0,"n23m0123.hpc.itc.rwth-aachen.de",91,"n23m0123.hpc.itc.rwth-aachen.de",91,"91",64,20,0.12,0.21675,0.3465,1.03435,1.09725,4.95165,6.465
0,"n23m0123.hpc.itc.rwth-aachen.de",92,"n23m0123.hpc.itc.rwth-aachen.de",92,"92",64,20,0.137,0.438,0.752,1.1188,1.239,3.34815,4.662
0,"n23m0123.hpc.itc.rwth-aachen.de",93,"n23m0123.hpc.itc.rwth-aachen.de",93,"93",64,20,0.135,0.5135,0.7295,1.8737,2.99575,5.6242,7.68
0,"n23m0123.hpc.itc.rwth-aachen.de",94,"n23m0123.hpc.itc.rwth-aachen.de",94,"94",64,20,0.13,0.291,0.745,1.3199,1.43725,2.97475,9.506
0,"n23m0123.hpc.itc.rwth-aachen.de",95,"n23m0123.hpc.itc.rwth-aachen.de",95,"95",64,20,0.145,0.199,0.4785,1.36945,1.50575,5.08595,6.263
0,"n23m0123.hpc.itc.rwth-aachen.de",96,"r23m0124.hpc.itc.rwth-aachen.de",0,"0",64,20,0.061,0.06575,0.091,0.1471,0.246,0.2864,0.313
0,"n23m0123.hpc.itc.rwth-aachen.de",97,"r23m0124.hpc.itc.rwth-aachen.de",1,"1",64,20,0.06,0.062,0.0755,0.15455,0.25225,0.31865,0.369
0,"n23m0123.hpc.itc.rwth-aachen.de",98,"r23m0124.hpc.itc.rwth-aachen.de",2,"2",64,20,0.06,0.0735,0.098,0.152,0.24575,0.26515,0.268
0,"n23m0123.hpc.itc.rwth-aachen.de",99,"r23m0124.hpc.itc.rwth-aachen.de",3,"3",64,20,0.056,0.06375,0.065,0.1095,0.11475,0.25055,0.261
0,"n23m0123.hpc.itc.rwth-aachen.de",100,"r23m0124.hpc.itc.rwth-aachen.de",4,"4",64,20,0.058,0.06,0.0615,0.12695,0.2125,0.2548,0.27
0,"n23m0123.hpc.itc.rwth-aachen.de",101,"r23m0124.hpc.itc.rwth-aachen.de",5,"5",64,20,0.061,0.06575,0.0845,0.14435,0.26,0.28305,0.284
0,"n23m0123.hpc.itc.rwth-aachen.de",102,"r23m0124.hpc.itc.rwth-aachen.de",6,"6",64,20,0.06,0.06275,0.065,0.12905,0.23975,0.26955,0.299
0,"n23m0123.hpc.itc.rwth-aachen.de",103,"r23m0124.hpc.itc.rwth-aachen.de",7,"7",64,20,0.061,0.063,0.0665,0.13855,0.23725,0.278,0.316
0,"n23m0123.hpc.itc.rwth-aachen.de",104,"r23m0124.hpc.itc.rwth-aachen.de",8,"8",64,20,0.062,0.06575,0.0875,0.14675,0.236,0.2649,0.301
0,"n23m0123.hpc.itc.rwth-aachen.de",105,"r23m0124.hpc.itc.rwth-aachen.de",9,"9",64,20,0.06,0.066,0.0855,0.15355,0.25325,0.3016,0.389
0,"n23m0123.hpc.itc.rwth-aachen.de",106,"r23m0124.hpc.itc.rwth-aachen.de",10,"10",64,20,0.06,0.062,0.0725,0.1394,0.2245,0.3014,0.309
0,"n23m0123.hpc.itc.rwth-aachen.de",107,"r23m0124.hpc.itc.rwth-aachen.de",11,"11",64,20,0.059,0.06525,0.1495,0.15625,0.2375,0.29305,0.294
0,"n23m0123.hpc.itc.rwth-aachen.de",108,"r23m0124.hpc.itc.rwth-aachen.de",12,"12",64,20,0.06,0.06275,0.077,0.13205,0.21075,0.2598,0.275
0,"n23m0123.hpc.itc.rwth-aachen.de",109,"r23m0124.hpc.itc.rwth-aachen.de",13,"13",64,20,0.059,0.06175,0.076,0.14475,0.22875,0.29785,0.333
0,"n23m0123.hpc.itc.rwth-aachen.de",110,"r23m0124.hpc.itc.rwth-aachen.de",14,"14",64,20,0.059,0.061,0.066,0.11455,0.13625,0.25145,0.317
0,"n23m0123.hpc.itc.rwth-aachen.de",111,"r23m0124.hpc.itc.rwth-aachen.de",15,"15",64,20,0.056,0.06,0.0625,0.148,0.24225,0.27435,0.319
0,"n23m0123.hpc.itc.rwth-aachen.de",112,"r23m0124.hpc.itc.rwth-aachen.de",16,"16",64,20,0.058,0.06,0.0615,0.1291,0.227,0.29935,0.306
0,"n23m0123.hpc.itc.rwth-aachen.de",113,"r23m0124.hpc.itc.rwth-aachen.de",17,"17",64,20,0.059,0.0625,0.142,0.16625,0.25225,0.33735,0.344
0,"n23m0123.hpc.itc.rwth-aachen.de",114,"r23m0124.hpc.itc.rwth-aachen.de",18,"18",64,20,0.058,0.06075,0.0885,0.1469,0.22825,0.28085,0.449
0,"n23m0123.hpc.itc.rwth-aachen.de",115,"r23m0124.hpc.itc.rwth-aachen.de",19,"19",64,20,0.059,0.0615,0.09,0.152,0.247,0.30195,0.32
0,"n23m0123.hpc.itc.rwth-aachen.de",116,"r23m0124.hpc.itc.rwth-aachen.de",20,"20",64,20,0.06,0.063,0.0765,0.1386,0.211,0.2895,0.337
0,"n23m0123.hpc.itc.rwth-aachen.de",117,"r23m0124.hpc.itc.rwth-aachen.de",21,"21",64,20,0.059,0.06175,0.0655,0.13445,0.2395,0.2655,0.275
0,"n23m0123.hpc.itc.rwth-aachen.de",118,"r23m0124.hpc.itc.rwth-aachen.de",22,"22",64,20,0.06,0.06075,0.084,0.14905,0.23775,0.3204,0.366
0,"n23m0123.hpc.itc.rwth-aachen.de",119,"r23m0124.hpc.itc.rwth-aachen.de",23,"23",64,20,0.057,0.06275,0.0685,0.1356,0.2215,0.2989,0.392
0,"n23m0123.hpc.itc.rwth-aachen.de",120,"r23m0124.hpc.itc.rwth-aachen.de",24,"24",64,20,0.06,0.06375,0.0915,0.1468,0.247,0.2782,0.301
0,"n23m0123.hpc.itc.rwth-aachen.de",121,"r23m0124.hpc.itc.rwth-aachen.de",25,"25",64,20,0.065,0.067,0.0905,0.1545,0.254,0.2772,0.3
0,"n23m0123.hpc.itc.rwth-aachen.de",122,"r23m0124.hpc.itc.rwth-aachen.de",26,"26",64,20,0.06,0.06275,0.065,0.1482,0.25575,0.30705,0.346
0,"n23m0123.hpc.itc.rwth-aachen.de",123,"r23m0124.hpc.itc.rwth-aachen.de",27,"27",64,20,0.061,0.06375,0.084,0.1387,0.2285,0.26835,0.275
0,"n23m0123.hpc.itc.rwth-aachen.de",124,"r23m0124.hpc.itc.rwth-aachen.de",28,"28",64,20,0.065,0.067,0.069,0.14385,0.241,0.3701,0.372
0,"n23m0123.hpc.itc.rwth-aachen.de",125,"r23m0124.hpc.itc.rwth-aachen.de",29,"29",64,20,0.06,0.06325,0.1245,0.1646,0.26625,0.32045,0.329
0,"n23m0123.hpc.itc.rwth-aachen.de",126,"r23m0124.hpc.itc.rwth-aachen.de",30,"30",64,20,0.055,0.0595,0.0745,0.13505,0.2385,0.29345,0.359
0,"n23m0123.hpc.itc.rwth-aachen.de",127,"r23m0124.hpc.itc.rwth-aachen.de",31,"31",64,20,0.06,0.0635,0.089,0.17235,0.2355,0.29905,0.775
0,"n23m0123.hpc.itc.rwth-aachen.de",128,"r23m0124.hpc.itc.rwth-aachen.de",32,"32",64,20,0.059,0.063,0.0655,0.13355,0.247,0.28765,0.376
0,"n23m0123.hpc.itc.rwth-aachen.de",129,"r23m0124.hpc.itc.rwth-aachen.de",33,"33",64,20,0.056,0.061,0.0745,0.14575,0.23775,0.2832,0.287
0,"n23m0123.hpc.itc.rwth-aachen.de",130,"r23m0124.hpc.itc.rwth-aachen.de",34,"34",64,20,0.061,0.07275,0.0995,0.16035,0.273,0.30845,0.317
0,"n23m0123.hpc.itc.rwth-aachen.de",131,"r23m0124.hpc.itc.rwth-aachen.de",35,"35",64,20,0.058,0.063,0.094,0.16055,0.264,0.31785,0.467
0,"n23m0123.hpc.itc.rwth-aachen.de",132,"r23m0124.hpc.itc.rwth-aachen.de",36,"36",64,20,0.057,0.0635,0.0975,0.14515,0.23125,0.29115,0.37
0,"n23m0123.hpc.itc.rwth-aachen.de",133,"r23m0124.hpc.itc.rwth-aachen.de",37,"37",64,20,0.06,0.06375,0.118,0.14475,0.2345,0.26075,0.275
0,"n23m0123.hpc.itc.rwth-aachen.de",134,"r23m0124.hpc.itc.rwth-aachen.de",38,"38",64,20,0.064,0.06575,0.075,0.1203,0.132,0.28585,0.321
0,"n23m0123.hpc.itc.rwth-aachen.de",135,"r23m0124.hpc.itc.rwth-aachen.de",39,"39",64,20,0.058,0.06175,0.0675,0.1249,0.2045,0.29125,0.296
0,"n23m0123.hpc.itc.rwth-aachen.de",136,"r23m0124.hpc.itc.rwth-aachen.de",40,"40",64,20,0.06,0.062,0.0755,0.1585,0.24275,0.34855,0.72
0,"n23m0123.hpc.itc.rwth-aachen.de",137,"r23m0124.hpc.itc.rwth-aachen.de",41,"41",64,20,0.058,0.062,0.1045,0.1624,0.26075,0.3456,0.376
0,"n23m0123.hpc.itc.rwth-aachen.de",138,"r23m0124.hpc.itc.rwth-aachen.de",42,"42",64,20,0.059,0.061,0.0665,0.1356,0.2265,0.26295,0.319
0,"n23m0123.hpc.itc.rwth-aachen.de",139,"r23m0124.hpc.itc.rwth-aachen.de",43,"43",64,20,0.058,0.06175,0.0815,0.1411,0.23375,0.2887,0.302
0,"n23m0123.hpc.itc.rwth-aachen.de",140,"r23m0124.hpc.itc.rwth-aachen.de",44,"44",64,20,0.062,0.064,0.0705,0.15525,0.2515,0.4762,0.651
0,"n23m0123.hpc.itc.rwth-aachen.de",141,"r23m0124.hpc.itc.rwth-aachen.de",45,"45",64,20,0.064,0.0665,0.0715,0.1443,0.26025,0.2914,0.318
0,"n23m0123.hpc.itc.rwth-aachen.de",142,"r23m0124.hpc.itc.rwth-aachen.de",46,"46",64,20,0.059,0.062,0.0975,0.146,0.248,0.2983,0.342
0,"n23m0123.hpc.itc.rwth-aachen.de",143,"r23m0124.hpc.itc.rwth-aachen.de",47,"47",64,20,0.056,0.06525,0.123,0.14705,0.2305,0.2711,0.292
0,"n23m0123.hpc.itc.rwth-aachen.de",144,"r23m0124.hpc.itc.rwth-aachen.de",48,"48",64,20,0.06,0.0985,0.15,0.16905,0.2445,0.32345,0.427
0,"n23m0123.hpc.itc.rwth-aachen.de",145,"r23m0124.hpc.itc.rwth-aachen.de",49,"49",64,20,0.074,0.12975,0.1575,0.18795,0.25175,0.3282,0.408
0,"n23m0123.hpc.itc.rwth-aachen.de",146,"r23m0124.hpc.itc.rwth-aachen.de",50,"50",64,20,0.059,0.06375,0.111,0.14355,0.19125,0.27105,0.367
0,"n23m0123.hpc.itc.rwth-aachen.de",147,"r23m0124.hpc.itc.rwth-aachen.de",51,"51",64,20,0.061,0.10875,0.131,0.1579,0.22475,0.2672,0.271
0,"n23m0123.hpc.itc.rwth-aachen.de",148,"r23m0124.hpc.itc.rwth-aachen.de",52,"52",64,20,0.059,0.1255,0.16,0.1699,0.22525,0.28245,0.291
0,"n23m0123.hpc.itc.rwth-aachen.de",149,"r23m0124.hpc.itc.rwth-aachen.de",53,"53",64,20,0.069,0.137,0.1645,0.1765,0.235,0.271,0.29
0,"n23m0123.hpc.itc.rwth-aachen.de",150,"r23m0124.hpc.itc.rwth-aachen.de",54,"54",64,20,0.06,0.08475,0.1325,0.14995,0.22525,0.26405,0.284
0,"n23m0123.hpc.itc.rwth-aachen.de",151,"r23m0124.hpc.itc.rwth-aachen.de",55,"55",64,20,0.061,0.0745,0.114,0.14325,0.2325,0.29355,0.304
0,"n23m0123.hpc.itc.rwth-aachen.de",152,"r23m0124.hpc.itc.rwth-aachen.de",56,"56",64,20,0.06,0.0875,0.1285,0.1549,0.2355,0.28425,0.289
0,"n23m0123.hpc.itc.rwth-aachen.de",153,"r23m0124.hpc.itc.rwth-aachen.de",57,"57",64,20,0.06,0.127,0.178,0.1797,0.24125,0.2829,0.338
0,"n23m0123.hpc.itc.rwth-aachen.de",154,"r23m0124.hpc.itc.rwth-aachen.de",58,"58",64,20,0.063,0.1045,0.142,0.158,0.214,0.2752,0.336
0,"n23m0123.hpc.itc.rwth-aachen.de",155,"r23m0124.hpc.itc.rwth-aachen.de",59,"59",64,20,0.065,0.08075,0.1155,0.1369,0.16025,0.27155,0.282
0,"n23m0123.hpc.itc.rwth-aachen.de",156,"r23m0124.hpc.itc.rwth-aachen.de",60,"60",64,20,0.06,0.117,0.1475,0.1683,0.22575,0.2862,0.29
0,"n23m0123.hpc.itc.rwth-aachen.de",157,"r23m0124.hpc.itc.rwth-aachen.de",61,"61",64,20,0.069,0.07425,0.1415,0.1614,0.257,0.286,0.286
0,"n23m0123.hpc.itc.rwth-aachen.de",158,"r23m0124.hpc.itc.rwth-aachen.de",62,"62",64,20,0.059,0.1085,0.149,0.1835,0.25925,0.2953,0.415
0,"n23m0123.hpc.itc.rwth-aachen.de",159,"r23m0124.hpc.itc.rwth-aachen.de",63,"63",64,20,0.07,0.091,0.127,0.17315,0.26225,0.3334,0.379
0,"n23m0123.hpc.itc.rwth-aachen.de",160,"r23m0124.hpc.itc.rwth-aachen.de",64,"64",64,20,0.06,0.09575,0.2215,0.1847,0.234,0.25375,0.268
0,"n23m0123.hpc.itc.rwth-aachen.de",161,"r23m0124.hpc.itc.rwth-aachen.de",65,"65",64,20,0.064,0.16175,0.251,0.21765,0.2705,0.3153,0.378
0,"n23m0123.hpc.itc.rwth-aachen.de",162,"r23m0124.hpc.itc.rwth-aachen.de",66,"66",64,20,0.067,0.09675,0.2465,0.22295,0.27225,0.43105,0.603
0,"n23m0123.hpc.itc.rwth-aachen.de",163,"r23m0124.hpc.itc.rwth-aachen.de",67,"67",64,20,0.072,0.18675,0.246,0.2208,0.26075,0.32555,0.336
0,"n23m0123.hpc.itc.rwth-aachen.de",164,"r23m0124.hpc.itc.rwth-aachen.de",68,"68",64,20,0.063,0.11625,0.237,0.21425,0.2665,0.3595,0.388
0,"n23m0123.hpc.itc.rwth-aachen.de",165,"r23m0124.hpc.itc.rwth-aachen.de",69,"69",64,20,0.063,0.1135,0.236,0.2075,0.27175,0.3161,0.337
0,"n23m0123.hpc.itc.rwth-aachen.de",166,"r23m0124.hpc.itc.rwth-aachen.de",70,"70",64,20,0.064,0.175,0.2365,0.1998,0.24925,0.25595,0.293
0,"n23m0123.hpc.itc.rwth-aachen.de",167,"r23m0124.hpc.itc.rwth-aachen.de",71,"71",64,20,0.064,0.157,0.2245,0.19985,0.23975,0.2772,0.319
0,"n23m0123.hpc.itc.rwth-aachen.de",168,"r23m0124.hpc.itc.rwth-aachen.de",72,"72",64,20,0.068,0.204,0.2345,0.25765,0.25875,0.34955,1.12
0,"n23m0123.hpc.itc.rwth-aachen.de",169,"r23m0124.hpc.itc.rwth-aachen.de",73,"73",64,20,0.064,0.149,0.2375,0.2276,0.25875,0.30975,0.685
0,"n23m0123.hpc.itc.rwth-aachen.de",170,"r23m0124.hpc.itc.rwth-aachen.de",74,"74",64,20,0.062,0.19725,0.243,0.2146,0.27575,0.2865,0.296
0,"n23m0123.hpc.itc.rwth-aachen.de",171,"r23m0124.hpc.itc.rwth-aachen.de",75,"75",64,20,0.061,0.19875,0.26,0.23035,0.2795,0.3607,0.393
0,"n23m0123.hpc.itc.rwth-aachen.de",172,"r23m0124.hpc.itc.rwth-aachen.de",76,"76",64,20,0.059,0.172,0.243,0.21795,0.273,0.3567,0.389
0,"n23m0123.hpc.itc.rwth-aachen.de",173,"r23m0124.hpc.itc.rwth-aachen.de",77,"77",64,20,0.06,0.064,0.2135,0.17565,0.2465,0.3271,0.367
0,"n23m0123.hpc.itc.rwth-aachen.de",174,"r23m0124.hpc.itc.rwth-aachen.de",78,"78",64,20,0.067,0.21,0.2385,0.2342,0.271,0.29055,0.434
0,"n23m0123.hpc.itc.rwth-aachen.de",175,"r23m0124.hpc.itc.rwth-aachen.de",79,"79",64,20,0.061,0.063,0.1275,0.1591,0.23825,0.32705,0.347
0,"n23m0123.hpc.itc.rwth-aachen.de",176,"r23m0124.hpc.itc.rwth-aachen.de",80,"80",64,20,0.061,0.065,0.115,0.16365,0.254,0.3007,0.314
0,"n23m0123.hpc.itc.rwth-aachen.de",177,"r23m0124.hpc.itc.rwth-aachen.de",81,"81",64,20,0.068,0.2215,0.248,0.2317,0.264,0.2869,0.323
0,"n23m0123.hpc.itc.rwth-aachen.de",178,"r23m0124.hpc.itc.rwth-aachen.de",82,"82",64,20,0.065,0.11675,0.237,0.2027,0.262,0.28485,0.32
0,"n23m0123.hpc.itc.rwth-aachen.de",179,"r23m0124.hpc.itc.rwth-aachen.de",83,"83",64,20,0.063,0.066,0.083,0.122,0.1815,0.25585,0.291
0,"n23m0123.hpc.itc.rwth-aachen.de",180,"r23m0124.hpc.itc.rwth-aachen.de",84,"84",64,20,0.062,0.07025,0.1315,0.1622,0.236,0.26875,0.397
0,"n23m0123.hpc.itc.rwth-aachen.de",181,"r23m0124.hpc.itc.rwth-aachen.de",85,"85",64,20,0.064,0.204,0.2545,0.22865,0.27225,0.28945,0.298
0,"n23m0123.hpc.itc.rwth-aachen.de",182,"r23m0124.hpc.itc.rwth-aachen.de",86,"86",64,20,0.068,0.10475,0.2355,0.1955,0.266,0.33705,0.376
0,"n23m0123.hpc.itc.rwth-aachen.de",183,"r23m0124.hpc.itc.rwth-aachen.de",87,"87",64,20,0.066,0.20375,0.241,0.21415,0.25475,0.2664,0.293
0,"n23m0123.hpc.itc.rwth-aachen.de",184,"r23m0124.hpc.itc.rwth-aachen.de",88,"88",64,20,0.062,0.08875,0.2195,0.1985,0.2505,0.33985,0.527
0,"n23m0123.hpc.itc.rwth-aachen.de",185,"r23m0124.hpc.itc.rwth-aachen.de",89,"89",64,20,0.061,0.08425,0.2175,0.1839,0.24725,0.27155,0.339
0,"n23m0123.hpc.itc.rwth-aachen.de",186,"r23m0124.hpc.itc.rwth-aachen.de",90,"90",64,20,0.062,0.2185,0.2405,0.2147,0.255,0.28565,0.298
0,"n23m0123.hpc.itc.rwth-aachen.de",187,"r23m0124.hpc.itc.rwth-aachen.de",91,"91",64,20,0.059,0.06375,0.127,0.14055,0.2045,0.25545,0.264
0,"n23m0123.hpc.itc.rwth-aachen.de",188,"r23m0124.hpc.itc.rwth-aachen.de",92,"92",64,20,0.063,0.19975,0.2475,0.2239,0.264,0.2932,0.316
0,"n23m0123.hpc.itc.rwth-aachen.de",189,"r23m0124.hpc.itc.rwth-aachen.de",93,"93",64,20,0.06,0.08375,0.1605,0.1677,0.242,0.30845,0.355
0,"n23m0123.hpc.itc.rwth-aachen.de",190,"r23m0124.hpc.itc.rwth-aachen.de",94,"94",64,20,0.063,0.06575,0.2075,0.18685,0.246,0.29095,0.423
0,"n23m0123.hpc.itc.rwth-aachen.de",191,"r23m0124.hpc.itc.rwth-aachen.de",95,"95",64,20,0.069,0.078,0.0995,0.12865,0.17275,0.24975,0.264
0,"n23m0123.hpc.itc.rwth-aachen.de",1,"n23m0123.hpc.itc.rwth-aachen.de",1,"1",1024,20,1.46,2.80475,5.988,6.251,9.946,11.1689,11.205
0,"n23m0123.hpc.itc.rwth-aachen.de",2,"n23m0123.hpc.itc.rwth-aachen.de",2,"2",1024,20,0.668,1.6555,3.096,4.6754,7.69775,8.95255,9.457
0,"n23m0123.hpc.itc.rwth-aachen.de",3,"n23m0123.hpc.itc.rwth-aachen.de",3,"3",1024,20,0.865,2.6645,4.7565,5.45845,7.814,10.5874,12.628
0,"n23m0123.hpc.itc.rwth-aachen.de",4,"n23m0123.hpc.itc.rwth-aachen.de",4,"4",1024,20,1.386,4.09275,8.1185,7.2297,9.7085,11.2842,13.036
0,"n23m0123.hpc.itc.rwth-aachen.de",5,"n23m0123.hpc.itc.rwth-aachen.de",5,"5",1024,20,0.486,4.39475,7.074,6.4494,8.8355,10.7465,11.649
0,"n23m0123.hpc.itc.rwth-aachen.de",6,"n23m0123.hpc.itc.rwth-aachen.de",6,"6",1024,20,1.816,5.196,8.4915,7.6201,9.09775,11.5725,12.096
0,"n23m0123.hpc.itc.rwth-aachen.de",7,"n23m0123.hpc.itc.rwth-aachen.de",7,"7",1024,20,1.347,3.0705,7.5605,6.53505,9.85975,11.3671,13.515
0,"n23m0123.hpc.itc.rwth-aachen.de",8,"n23m0123.hpc.itc.rwth-aachen.de",8,"8",1024,20,0.546,3.05375,8.1665,7.23935,10.5057,10.831,11.343
0,"n23m0123.hpc.itc.rwth-aachen.de",9,"n23m0123.hpc.itc.rwth-aachen.de",9,"9",1024,20,0.263,4.18725,6.8685,6.52575,8.90825,12.0035,12.545
0,"n23m0123.hpc.itc.rwth-aachen.de",10,"n23m0123.hpc.itc.rwth-aachen.de",10,"10",1024,20,1.243,3.95625,8.562,7.5286,10.5295,12.451,13.571
0,"n23m0123.hpc.itc.rwth-aachen.de",11,"n23m0123.hpc.itc.rwth-aachen.de",11,"11",1024,20,1.18,5.8365,7.887,7.54745,9.27225,11.3223,13.417
0,"n23m0123.hpc.itc.rwth-aachen.de",12,"n23m0123.hpc.itc.rwth-aachen.de",12,"12",1024,20,2.297,5.72725,6.9805,6.8095,7.714,10.7014,12.114
0,"n23m0123.hpc.itc.rwth-aachen.de",13,"n23m0123.hpc.itc.rwth-aachen.de",13,"13",1024,20,1.14,2.96425,6.398,5.91945,7.5265,10.1908,10.32
0,"n23m0123.hpc.itc.rwth-aachen.de",14,"n23m0123.hpc.itc.rwth-aachen.de",14,"14",1024,20,0.808,2.03175,4.164,4.68495,6.53825,9.92245,11.204
0,"n23m0123.hpc.itc.rwth-aachen.de",15,"n23m0123.hpc.itc.rwth-aachen.de",15,"15",1024,20,1.359,3.77725,5.629,6.0126,7.55725,11.4148,12.493
0,"n23m0123.hpc.itc.rwth-aachen.de",16,"n23m0123.hpc.itc.rwth-aachen.de",16,"16",1024,20,1.463,4.12625,8.236,7.38195,10.4745,12.1874,13.24
0,"n23m0123.hpc.itc.rwth-aachen.de",17,"n23m0123.hpc.itc.rwth-aachen.de",17,"17",1024,20,1.211,4.0395,5.9235,6.23625,7.967,11.4678,11.502
0,"n23m0123.hpc.itc.rwth-aachen.de",18,"n23m0123.hpc.itc.rwth-aachen.de",18,"18",1024,20,1.707,2.974,6.498,6.01965,8.07175,11.4198,11.966
0,"n23m0123.hpc.itc.rwth-aachen.de",19,"n23m0123.hpc.itc.rwth-aachen.de",19,"19",1024,20,1.15,3.1465,6.0885,6.20285,9.043,11.5449,12.397
0,"n23m0123.hpc.itc.rwth-aachen.de",20,"n23m0123.hpc.itc.rwth-aachen.de",20,"20",1024,20,1.521,3.489,5.365,5.48665,6.86525,9.1791,12.848
0,"n23m0123.hpc.itc.rwth-aachen.de",21,"n23m0123.hpc.itc.rwth-aachen.de",21,"21",1024,20,0.759,2.3865,7.6595,6.15825,8.47425,10.8501,12.619
0,"n23m0123.hpc.itc.rwth-aachen.de",22,"n23m0123.hpc.itc.rwth-aachen.de",22,"22",1024,20,0.416,3.6175,7.4875,6.6492,8.72525,10.4513,13.44
0,"n23m0123.hpc.itc.rwth-aachen.de",23,"n23m0123.hpc.itc.rwth-aachen.de",23,"23",1024,20,1.456,3.422,7.091,6.02975,8.236,9.37295,11.861
0,"n23m0123.hpc.itc.rwth-aachen.de",24,"n23m0123.hpc.itc.rwth-aachen.de",24,"24",1024,20,1.353,2.99575,7.3625,6.0368,8.00025,10.2485,10.751
0,"n23m0123.hpc.itc.rwth-aachen.de",25,"n23m0123.hpc.itc.rwth-aachen.de",25,"25",1024,20,0.383,3.06625,5.1345,5.5307,8.254,10.1329,11.366
0,"n23m0123.hpc.itc.rwth-aachen.de",26,"n23m0123.hpc.itc.rwth-aachen.de",26,"26",1024,20,0.537,2.9645,6.29,5.3026,7.685,8.20645,8.538
0,"n23m0123.hpc.itc.rwth-aachen.de",27,"n23m0123.hpc.itc.rwth-aachen.de",27,"27",1024,20,0.721,2.029,6.4085,5.0516,7.02975,8.9627,9.071
0,"n23m0123.hpc.itc.rwth-aachen.de",28,"n23m0123.hpc.itc.rwth-aachen.de",28,"28",1024,20,0.518,2.49375,6.7115,6.16825,8.96175,10.6702,11.718
0,"n23m0123.hpc.itc.rwth-aachen.de",29,"n23m0123.hpc.itc.rwth-aachen.de",29,"29",1024,20,1.587,4.25225,6.7325,6.43835,8.36375,10.1716,11.418
0,"n23m0123.hpc.itc.rwth-aachen.de",30,"n23m0123.hpc.itc.rwth-aachen.de",30,"30",1024,20,1.35,4.8125,6.1,6.579,9.15725,10.786,11.261
0,"n23m0123.hpc.itc.rwth-aachen.de",31,"n23m0123.hpc.itc.rwth-aachen.de",31,"31",1024,20,0.407,3.21875,7.696,6.62095,8.3375,12.1921,13.202
0,"n23m0123.hpc.itc.rwth-aachen.de",32,"n23m0123.hpc.itc.rwth-aachen.de",32,"32",1024,20,0.219,0.47225,0.6235,1.12075,1.55525,2.67305,2.883
0,"n23m0123.hpc.itc.rwth-aachen.de",33,"n23m0123.hpc.itc.rwth-aachen.de",33,"33",1024,20,0.284,1.28875,1.437,1.6122,1.79075,2.5967,5.213
0,"n23m0123.hpc.itc.rwth-aachen.de",34,"n23m0123.hpc.itc.rwth-aachen.de",34,"34",1024,20,0.278,0.474,1.3355,1.34305,2.39525,2.71245,2.987
0,"n23m0123.hpc.itc.rwth-aachen.de",35,"n23m0123.hpc.itc.rwth-aachen.de",35,"35",1024,20,0.284,0.53,1.5175,1.57395,2.3755,2.98095,3.17
0,"n23m0123.hpc.itc.rwth-aachen.de",36,"n23m0123.hpc.itc.rwth-aachen.de",36,"36",1024,20,0.253,0.37775,1.317,1.35045,1.72525,2.8813,5.186
0,"n23m0123.hpc.itc.rwth-aachen.de",37,"n23m0123.hpc.itc.rwth-aachen.de",37,"37",1024,20,0.273,0.9915,1.459,1.61785,2.31625,2.7967,4.349
0,"n23m0123.hpc.itc.rwth-aachen.de",38,"n23m0123.hpc.itc.rwth-aachen.de",38,"38",1024,20,0.303,0.45775,1.507,1.5313,1.84725,3.5302,5.833
0,"n23m0123.hpc.itc.rwth-aachen.de",39,"n23m0123.hpc.itc.rwth-aachen.de",39,"39",1024,20,0.465,1.4165,1.57,1.61075,1.8415,2.74165,2.792
0,"n23m0123.hpc.itc.rwth-aachen.de",40,"n23m0123.hpc.itc.rwth-aachen.de",40,"40",1024,20,0.179,1.17025,1.678,1.73045,2.4145,3.0448,3.326
0,"n23m0123.hpc.itc.rwth-aachen.de",41,"n23m0123.hpc.itc.rwth-aachen.de",41,"41",1024,20,0.219,1.35975,1.571,1.92,2.6575,4.2312,4.444
0,"n23m0123.hpc.itc.rwth-aachen.de",42,"n23m0123.hpc.itc.rwth-aachen.de",42,"42",1024,20,0.263,1.03775,1.574,2.0289,2.53575,5.24,8.128
0,"n23m0123.hpc.itc.rwth-aachen.de",43,"n23m0123.hpc.itc.rwth-aachen.de",43,"43",1024,20,0.66,1.45775,2.1985,2.28825,2.6305,3.14235,8.431
0,"n23m0123.hpc.itc.rwth-aachen.de",44,"n23m0123.hpc.itc.rwth-aachen.de",44,"44",1024,20,0.253,1.2445,1.5125,1.67445,2.33825,3.4456,3.609
0,"n23m0123.hpc.itc.rwth-aachen.de",45,"n23m0123.hpc.itc.rwth-aachen.de",45,"45",1024,20,0.429,1.5135,1.6305,1.7417,1.98425,2.58635,2.821
0,"n23m0123.hpc.itc.rwth-aachen.de",46,"n23m0123.hpc.itc.rwth-aachen.de",46,"46",1024,20,0.266,1.215,1.621,1.7466,2.60325,3.0416,3.129
0,"n23m0123.hpc.itc.rwth-aachen.de",47,"n23m0123.hpc.itc.rwth-aachen.de",47,"47",1024,20,0.32,0.89925,1.505,1.5837,1.9155,2.9385,3.138
0,"n23m0123.hpc.itc.rwth-aachen.de",48,"n23m0123.hpc.itc.rwth-aachen.de",48,"48",1024,20,0.283,1.141,1.525,1.69605,2.55625,3.1142,3.308
0,"n23m0123.hpc.itc.rwth-aachen.de",49,"n23m0123.hpc.itc.rwth-aachen.de",49,"49",1024,20,0.396,1.37575,1.463,1.6343,1.76275,2.69095,3.184
0,"n23m0123.hpc.itc.rwth-aachen.de",50,"n23m0123.hpc.itc.rwth-aachen.de",50,"50",1024,20,0.312,1.111,1.5785,1.7298,2.53925,2.8339,5.435
0,"n23m0123.hpc.itc.rwth-aachen.de",51,"n23m0123.hpc.itc.rwth-aachen.de",51,"51",1024,20,0.404,1.3775,1.561,1.48165,1.7255,2.43485,2.774
0,"n23m0123.hpc.itc.rwth-aachen.de",52,"n23m0123.hpc.itc.rwth-aachen.de",52,"52",1024,20,0.258,1.286,1.445,1.64315,1.79725,2.923,3.36
0,"n23m0123.hpc.itc.rwth-aachen.de",53,"n23m0123.hpc.itc.rwth-aachen.de",53,"53",1024,20,0.464,1.08075,1.443,1.49905,1.93675,2.6522,2.884
0,"n23m0123.hpc.itc.rwth-aachen.de",54,"n23m0123.hpc.itc.rwth-aachen.de",54,"54",1024,20,0.249,1.03725,1.3915,1.53285,1.8615,2.83875,3.518
0,"n23m0123.hpc.itc.rwth-aachen.de",55,"n23m0123.hpc.itc.rwth-aachen.de",55,"55",1024,20,0.251,0.468,1.317,1.3433,1.758,2.80455,3.689
0,"n23m0123.hpc.itc.rwth-aachen.de",56,"n23m0123.hpc.itc.rwth-aachen.de",56,"56",1024,20,0.26,1.3685,1.543,1.6411,2.04025,2.8068,3.107
0,"n23m0123.hpc.itc.rwth-aachen.de",57,"n23m0123.hpc.itc.rwth-aachen.de",57,"57",1024,20,0.313,1.06125,1.3775,1.5136,1.92375,3.1107,3.143
0,"n23m0123.hpc.itc.rwth-aachen.de",58,"n23m0123.hpc.itc.rwth-aachen.de",58,"58",1024,20,0.314,0.681,1.358,1.4037,1.80575,2.8305,3.087
0,"n23m0123.hpc.itc.rwth-aachen.de",59,"n23m0123.hpc.itc.rwth-aachen.de",59,"59",1024,20,0.264,0.39675,1.2295,1.0666,1.615,1.7746,2.698
0,"n23m0123.hpc.itc.rwth-aachen.de",60,"n23m0123.hpc.itc.rwth-aachen.de",60,"60",1024,20,0.55,1.355,1.464,1.49315,1.73525,2.7845,2.908
0,"n23m0123.hpc.itc.rwth-aachen.de",61,"n23m0123.hpc.itc.rwth-aachen.de",61,"61",1024,20,0.285,0.635,1.39,1.3382,1.6955,3.0575,3.447
0,"n23m0123.hpc.itc.rwth-aachen.de",62,"n23m0123.hpc.itc.rwth-aachen.de",62,"62",1024,20,0.247,0.84675,1.4455,1.4425,1.64425,3.14305,3.22
0,"n23m0123.hpc.itc.rwth-aachen.de",63,"n23m0123.hpc.itc.rwth-aachen.de",63,"63",1024,20,0.273,0.5285,1.436,1.3857,1.816,2.7772,3.066
0,"n23m0123.hpc.itc.rwth-aachen.de",64,"n23m0123.hpc.itc.rwth-aachen.de",64,"64",1024,20,0.215,1.056,2.5535,2.874,3.2705,6.8362,13.357
0,"n23m0123.hpc.itc.rwth-aachen.de",65,"n23m0123.hpc.itc.rwth-aachen.de",65,"65",1024,20,0.367,1.42575,2.7875,4.86735,7.57725,12.8647,13.467
0,"n23m0123.hpc.itc.rwth-aachen.de",66,"n23m0123.hpc.itc.rwth-aachen.de",66,"66",1024,20,0.3,0.75,2.1155,2.6386,3.3965,6.9833,10.086
0,"n23m0123.hpc.itc.rwth-aachen.de",67,"n23m0123.hpc.itc.rwth-aachen.de",67,"67",1024,20,1.39,3.10775,6.835,6.1437,8.5015,10.6503,10.771
0,"n23m0123.hpc.itc.rwth-aachen.de",68,"n23m0123.hpc.itc.rwth-aachen.de",68,"68",1024,20,0.431,1.645,2.938,3.6496,4.59725,10.2209,10.275
0,"n23m0123.hpc.itc.rwth-aachen.de",69,"n23m0123.hpc.itc.rwth-aachen.de",69,"69",1024,20,0.278,3.08875,6.274,6.0383,9.3375,11.4416,12.081
0,"n23m0123.hpc.itc.rwth-aachen.de",70,"n23m0123.hpc.itc.rwth-aachen.de",70,"70",1024,20,0.426,1.229,1.861,2.4673,3.31425,5.8607,7.394
0,"n23m0123.hpc.itc.rwth-aachen.de",71,"n23m0123.hpc.itc.rwth-aachen.de",71,"71",1024,20,1.429,2.348,3.521,5.5642,9.07175,10.9171,11.603
0,"n23m0123.hpc.itc.rwth-aachen.de",72,"n23m0123.hpc.itc.rwth-aachen.de",72,"72",1024,20,0.408,0.585,3.295,4.4903,8.43725,10.0311,10.659
0,"n23m0123.hpc.itc.rwth-aachen.de",73,"n23m0123.hpc.itc.rwth-aachen.de",73,"73",1024,20,0.339,2.276,3.1085,4.5521,6.86975,10.5561,11.013
0,"n23m0123.hpc.itc.rwth-aachen.de",74,"n23m0123.hpc.itc.rwth-aachen.de",74,"74",1024,20,1.821,3.6955,6.418,6.8837,9.69825,12.4747,14.406
0,"n23m0123.hpc.itc.rwth-aachen.de",75,"n23m0123.hpc.itc.rwth-aachen.de",75,"75",1024,20,1.968,3.5755,7.0345,6.7166,9.284,10.9663,11.466
0,"n23m0123.hpc.itc.rwth-aachen.de",76,"n23m0123.hpc.itc.rwth-aachen.de",76,"76",1024,20,1.176,1.99525,2.823,4.38815,6.31425,9.99865,12.424
0,"n23m0123.hpc.itc.rwth-aachen.de",77,"n23m0123.hpc.itc.rwth-aachen.de",77,"77",1024,20,0.622,2.713,6.251,6.0698,8.7845,11.7218,12.515
0,"n23m0123.hpc.itc.rwth-aachen.de",78,"n23m0123.hpc.itc.rwth-aachen.de",78,"78",1024,20,1.265,2.477,5.3815,5.974,9.59825,12.4826,12.607
0,"n23m0123.hpc.itc.rwth-aachen.de",79,"n23m0123.hpc.itc.rwth-aachen.de",79,"79",1024,20,1.614,3.22575,6.939,6.56105,9.30975,10.769,11.547
0,"n23m0123.hpc.itc.rwth-aachen.de",80,"n23m0123.hpc.itc.rwth-aachen.de",80,"80",1024,20,0.345,2.7775,3.5665,5.4752,8.7925,12.2342,12.276
0,"n23m0123.hpc.itc.rwth-aachen.de",81,"n23m0123.hpc.itc.rwth-aachen.de",81,"81",1024,20,1.41,3.1605,5.804,6.1364,9.2105,11.4908,12.285
0,"n23m0123.hpc.itc.rwth-aachen.de",82,"n23m0123.hpc.itc.rwth-aachen.de",82,"82",1024,20,0.46,3.04675,7.4855,5.6946,8.2055,9.0074,9.851
0,"n23m0123.hpc.itc.rwth-aachen.de",83,"n23m0123.hpc.itc.rwth-aachen.de",83,"83",1024,20,1.305,1.9075,2.3465,4.35425,6.501,10.7725,11.504
0,"n23m0123.hpc.itc.rwth-aachen.de",84,"n23m0123.hpc.itc.rwth-aachen.de",84,"84",1024,20,0.407,2.1865,2.881,3.9906,4.2605,10.1978,11.239
0,"n23m0123.hpc.itc.rwth-aachen.de",85,"n23m0123.hpc.itc.rwth-aachen.de",85,"85",1024,20,0.503,2.48025,4.906,5.3774,7.0265,11.6267,14.356
0,"n23m0123.hpc.itc.rwth-aachen.de",86,"n23m0123.hpc.itc.rwth-aachen.de",86,"86",1024,20,0.691,1.77575,3.4635,4.5649,6.76375,10.7176,11.488
0,"n23m0123.hpc.itc.rwth-aachen.de",87,"n23m0123.hpc.itc.rwth-aachen.de",87,"87",1024,20,0.379,2.70675,4.634,5.4509,8.956,10.2421,11.042
0,"n23m0123.hpc.itc.rwth-aachen.de",88,"n23m0123.hpc.itc.rwth-aachen.de",88,"88",1024,20,0.67,2.34625,3.0375,4.0581,6.019,8.3458,9.615
0,"n23m0123.hpc.itc.rwth-aachen.de",89,"n23m0123.hpc.itc.rwth-aachen.de",89,"89",1024,20,1.588,2.52825,4.351,5.14945,7.6265,9.8088,10.831
0,"n23m0123.hpc.itc.rwth-aachen.de",90,"n23m0123.hpc.itc.rwth-aachen.de",90,"90",1024,20,1.268,3.3855,6.458,6.2772,8.4795,10.4315,12.644
0,"n23m0123.hpc.itc.rwth-aachen.de",91,"n23m0123.hpc.itc.rwth-aachen.de",91,"91",1024,20,1.279,2.84575,4.5475,5.1552,7.2865,9.4155,9.995
0,"n23m0123.hpc.itc.rwth-aachen.de",92,"n23m0123.hpc.itc.rwth-aachen.de",92,"92",1024,20,1.393,2.2705,3.878,4.39925,6.143,7.78255,11.08
0,"n23m0123.hpc.itc.rwth-aachen.de",93,"n23m0123.hpc.itc.rwth-aachen.de",93,"93",1024,20,1.112,2.915,5.233,5.55505,8.26275,9.1063,10.746
0,"n23m0123.hpc.itc.rwth-aachen.de",94,"n23m0123.hpc.itc.rwth-aachen.de",94,"94",1024,20,0.713,1.8715,3.129,4.32815,7.01,9.2885,9.393
0,"n23m0123.hpc.itc.rwth-aachen.de",95,"n23m0123.hpc.itc.rwth-aachen.de",95,"95",1024,20,1.173,3.129,6.0465,5.5215,7.6805,9.1774,11.237
0,"n23m0123.hpc.itc.rwth-aachen.de",96,"r23m0124.hpc.itc.rwth-aachen.de",0,"0",1024,20,0.184,0.33375,0.4295,0.39915,0.48525,0.5184,0.526
0,"n23m0123.hpc.itc.rwth-aachen.de",97,"r23m0124.hpc.itc.rwth-aachen.de",1,"1",1024,20,0.151,0.17275,0.202,0.20425,0.236,0.25805,0.278
0,"n23m0123.hpc.itc.rwth-aachen.de",98,"r23m0124.hpc.itc.rwth-aachen.de",2,"2",1024,20,0.131,0.13575,0.138,0.1611,0.1575,0.2638,0.317
0,"n23m0123.hpc.itc.rwth-aachen.de",99,"r23m0124.hpc.itc.rwth-aachen.de",3,"3",1024,20,0.14,0.2035,0.257,0.27125,0.3325,0.39345,0.44
0,"n23m0123.hpc.itc.rwth-aachen.de",100,"r23m0124.hpc.itc.rwth-aachen.de",4,"4",1024,20,0.138,0.141,0.1445,0.16385,0.147,0.28485,0.32
0,"n23m0123.hpc.itc.rwth-aachen.de",101,"r23m0124.hpc.itc.rwth-aachen.de",5,"5",1024,20,0.132,0.135,0.137,0.1471,0.14875,0.18805,0.227
0,"n23m0123.hpc.itc.rwth-aachen.de",102,"r23m0124.hpc.itc.rwth-aachen.de",6,"6",1024,20,0.137,0.218,0.2925,0.26915,0.3145,0.3381,0.378
0,"n23m0123.hpc.itc.rwth-aachen.de",103,"r23m0124.hpc.itc.rwth-aachen.de",7,"7",1024,20,0.135,0.135,0.136,0.1542,0.1445,0.2284,0.255
0,"n23m0123.hpc.itc.rwth-aachen.de",104,"r23m0124.hpc.itc.rwth-aachen.de",8,"8",1024,20,0.116,0.134,0.1355,0.1472,0.15425,0.17955,0.285
0,"n23m0123.hpc.itc.rwth-aachen.de",105,"r23m0124.hpc.itc.rwth-aachen.de",9,"9",1024,20,0.13,0.134,0.1445,0.186,0.1915,0.3028,0.527
0,"n23m0123.hpc.itc.rwth-aachen.de",106,"r23m0124.hpc.itc.rwth-aachen.de",10,"10",1024,20,0.132,0.133,0.1375,0.163,0.159,0.2763,0.396
0,"n23m0123.hpc.itc.rwth-aachen.de",107,"r23m0124.hpc.itc.rwth-aachen.de",11,"11",1024,20,0.143,0.1725,0.195,0.2326,0.23175,0.4595,0.507
0,"n23m0123.hpc.itc.rwth-aachen.de",108,"r23m0124.hpc.itc.rwth-aachen.de",12,"12",1024,20,0.127,0.13475,0.1365,0.1469,0.15225,0.176,0.233
0,"n23m0123.hpc.itc.rwth-aachen.de",109,"r23m0124.hpc.itc.rwth-aachen.de",13,"13",1024,20,0.134,0.13675,0.144,0.16285,0.155,0.30405,0.343
0,"n23m0123.hpc.itc.rwth-aachen.de",110,"r23m0124.hpc.itc.rwth-aachen.de",14,"14",1024,20,0.138,0.179,0.1945,0.19615,0.21575,0.2325,0.242
0,"n23m0123.hpc.itc.rwth-aachen.de",111,"r23m0124.hpc.itc.rwth-aachen.de",15,"15",1024,20,0.136,0.199,0.2325,0.2546,0.31225,0.36945,0.435
0,"n23m0123.hpc.itc.rwth-aachen.de",112,"r23m0124.hpc.itc.rwth-aachen.de",16,"16",1024,20,0.136,0.14075,0.146,0.1874,0.17425,0.37305,0.45
0,"n23m0123.hpc.itc.rwth-aachen.de",113,"r23m0124.hpc.itc.rwth-aachen.de",17,"17",1024,20,0.132,0.133,0.136,0.17065,0.1435,0.3304,0.376
0,"n23m0123.hpc.itc.rwth-aachen.de",114,"r23m0124.hpc.itc.rwth-aachen.de",18,"18",1024,20,0.134,0.13675,0.142,0.1513,0.15625,0.16805,0.283
0,"n23m0123.hpc.itc.rwth-aachen.de",115,"r23m0124.hpc.itc.rwth-aachen.de",19,"19",1024,20,0.133,0.135,0.137,0.16735,0.15925,0.3034,0.387
0,"n23m0123.hpc.itc.rwth-aachen.de",116,"r23m0124.hpc.itc.rwth-aachen.de",20,"20",1024,20,0.131,0.136,0.138,0.14935,0.155,0.16855,0.274
0,"n23m0123.hpc.itc.rwth-aachen.de",117,"r23m0124.hpc.itc.rwth-aachen.de",21,"21",1024,20,0.178,0.22325,0.2795,0.2892,0.3555,0.3796,0.41
0,"n23m0123.hpc.itc.rwth-aachen.de",118,"r23m0124.hpc.itc.rwth-aachen.de",22,"22",1024,20,0.132,0.1365,0.1385,0.1637,0.15975,0.2558,0.347
0,"n23m0123.hpc.itc.rwth-aachen.de",119,"r23m0124.hpc.itc.rwth-aachen.de",23,"23",1024,20,0.137,0.14075,0.143,0.15205,0.14925,0.1703,0.271
0,"n23m0123.hpc.itc.rwth-aachen.de",120,"r23m0124.hpc.itc.rwth-aachen.de",24,"24",1024,20,0.138,0.144,0.1455,0.17205,0.17075,0.2464,0.349
0,"n23m0123.hpc.itc.rwth-aachen.de",121,"r23m0124.hpc.itc.rwth-aachen.de",25,"25",1024,20,0.159,0.1845,0.2085,0.22095,0.25325,0.28265,0.295
0,"n23m0123.hpc.itc.rwth-aachen.de",122,"r23m0124.hpc.itc.rwth-aachen.de",26,"26",1024,20,0.134,0.136,0.139,0.1504,0.1475,0.1782,0.277
0,"n23m0123.hpc.itc.rwth-aachen.de",123,"r23m0124.hpc.itc.rwth-aachen.de",27,"27",1024,20,0.135,0.148,0.156,0.1724,0.16275,0.278,0.297
0,"n23m0123.hpc.itc.rwth-aachen.de",124,"r23m0124.hpc.itc.rwth-aachen.de",28,"28",1024,20,0.147,0.192,0.2045,0.2168,0.232,0.2669,0.474
0,"n23m0123.hpc.itc.rwth-aachen.de",125,"r23m0124.hpc.itc.rwth-aachen.de",29,"29",1024,20,0.143,0.18975,0.249,0.2694,0.306,0.46195,0.499
0,"n23m0123.hpc.itc.rwth-aachen.de",126,"r23m0124.hpc.itc.rwth-aachen.de",30,"30",1024,20,0.195,0.254,0.341,0.33945,0.4195,0.5092,0.513
0,"n23m0123.hpc.itc.rwth-aachen.de",127,"r23m0124.hpc.itc.rwth-aachen.de",31,"31",1024,20,0.136,0.1425,0.154,0.17115,0.1665,0.27265,0.361
0,"n23m0123.hpc.itc.rwth-aachen.de",128,"r23m0124.hpc.itc.rwth-aachen.de",32,"32",1024,20,0.135,0.1655,0.1935,0.1954,0.21525,0.25375,0.306
0,"n23m0123.hpc.itc.rwth-aachen.de",129,"r23m0124.hpc.itc.rwth-aachen.de",33,"33",1024,20,0.197,0.23175,0.245,0.2482,0.2735,0.28925,0.294
0,"n23m0123.hpc.itc.rwth-aachen.de",130,"r23m0124.hpc.itc.rwth-aachen.de",34,"34",1024,20,0.13,0.133,0.1365,0.1544,0.1485,0.24615,0.249
0,"n23m0123.hpc.itc.rwth-aachen.de",131,"r23m0124.hpc.itc.rwth-aachen.de",35,"35",1024,20,0.227,0.24175,0.2725,0.28555,0.3275,0.3754,0.383
0,"n23m0123.hpc.itc.rwth-aachen.de",132,"r23m0124.hpc.itc.rwth-aachen.de",36,"36",1024,20,0.131,0.1365,0.139,0.1617,0.149,0.33955,0.35
0,"n23m0123.hpc.itc.rwth-aachen.de",133,"r23m0124.hpc.itc.rwth-aachen.de",37,"37",1024,20,0.153,0.194,0.229,0.24065,0.26475,0.34795,0.423
0,"n23m0123.hpc.itc.rwth-aachen.de",134,"r23m0124.hpc.itc.rwth-aachen.de",38,"38",1024,20,0.149,0.15375,0.1665,0.19475,0.19025,0.3095,0.471
0,"n23m0123.hpc.itc.rwth-aachen.de",135,"r23m0124.hpc.itc.rwth-aachen.de",39,"39",1024,20,0.137,0.165,0.2025,0.217,0.27125,0.2934,0.377
0,"n23m0123.hpc.itc.rwth-aachen.de",136,"r23m0124.hpc.itc.rwth-aachen.de",40,"40",1024,20,0.131,0.13375,0.1385,0.15955,0.15275,0.2964,0.323
0,"n23m0123.hpc.itc.rwth-aachen.de",137,"r23m0124.hpc.itc.rwth-aachen.de",41,"41",1024,20,0.133,0.13775,0.1405,0.16585,0.14625,0.3111,0.332
0,"n23m0123.hpc.itc.rwth-aachen.de",138,"r23m0124.hpc.itc.rwth-aachen.de",42,"42",1024,20,0.131,0.13475,0.139,0.15095,0.149,0.22475,0.258
0,"n23m0123.hpc.itc.rwth-aachen.de",139,"r23m0124.hpc.itc.rwth-aachen.de",43,"43",1024,20,0.13,0.13375,0.1375,0.1574,0.149,0.2744,0.282
0,"n23m0123.hpc.itc.rwth-aachen.de",140,"r23m0124.hpc.itc.rwth-aachen.de",44,"44",1024,20,0.14,0.142,0.144,0.152,0.148,0.1759,0.269
0,"n23m0123.hpc.itc.rwth-aachen.de",141,"r23m0124.hpc.itc.rwth-aachen.de",45,"45",1024,20,0.139,0.141,0.144,0.1514,0.148,0.1685,0.254
0,"n23m0123.hpc.itc.rwth-aachen.de",142,"r23m0124.hpc.itc.rwth-aachen.de",46,"46",1024,20,0.138,0.1865,0.215,0.214,0.2305,0.2921,0.389
0,"n23m0123.hpc.itc.rwth-aachen.de",143,"r23m0124.hpc.itc.rwth-aachen.de",47,"47",1024,20,0.126,0.13075,0.1335,0.145,0.14175,0.18645,0.252
0,"n23m0123.hpc.itc.rwth-aachen.de",144,"r23m0124.hpc.itc.rwth-aachen.de",48,"48",1024,20,0.131,0.1745,0.2005,0.2078,0.23875,0.29375,0.365
0,"n23m0123.hpc.itc.rwth-aachen.de",145,"r23m0124.hpc.itc.rwth-aachen.de",49,"49",1024,20,0.142,0.1675,0.1965,0.19715,0.22075,0.2611,0.263
0,"n23m0123.hpc.itc.rwth-aachen.de",146,"r23m0124.hpc.itc.rwth-aachen.de",50,"50",1024,20,0.144,0.17575,0.195,0.21175,0.23425,0.3096,0.378
0,"n23m0123.hpc.itc.rwth-aachen.de",147,"r23m0124.hpc.itc.rwth-aachen.de",51,"51",1024,20,0.154,0.1935,0.215,0.2234,0.255,0.2967,0.31
0,"n23m0123.hpc.itc.rwth-aachen.de",148,"r23m0124.hpc.itc.rwth-aachen.de",52,"52",1024,20,0.141,0.182,0.2,0.20555,0.21275,0.28045,0.346
0,"n23m0123.hpc.itc.rwth-aachen.de",149,"r23m0124.hpc.itc.rwth-aachen.de",53,"53",1024,20,0.148,0.19425,0.2215,0.23085,0.247,0.36795,0.405
0,"n23m0123.hpc.itc.rwth-aachen.de",150,"r23m0124.hpc.itc.rwth-aachen.de",54,"54",1024,20,0.188,0.21,0.233,0.2277,0.24125,0.2671,0.269
0,"n23m0123.hpc.itc.rwth-aachen.de",151,"r23m0124.hpc.itc.rwth-aachen.de",55,"55",1024,20,0.179,0.21975,0.232,0.2581,0.319,0.34885,0.384
0,"n23m0123.hpc.itc.rwth-aachen.de",152,"r23m0124.hpc.itc.rwth-aachen.de",56,"56",1024,20,0.139,0.17475,0.211,0.22125,0.26775,0.31205,0.313
0,"n23m0123.hpc.itc.rwth-aachen.de",153,"r23m0124.hpc.itc.rwth-aachen.de",57,"57",1024,20,0.145,0.186,0.226,0.23395,0.273,0.31815,0.359
0,"n23m0123.hpc.itc.rwth-aachen.de",154,"r23m0124.hpc.itc.rwth-aachen.de",58,"58",1024,20,0.138,0.17075,0.192,0.2009,0.215,0.2408,0.408
0,"n23m0123.hpc.itc.rwth-aachen.de",155,"r23m0124.hpc.itc.rwth-aachen.de",59,"59",1024,20,0.169,0.19575,0.2225,0.24055,0.25175,0.3274,0.468
0,"n23m0123.hpc.itc.rwth-aachen.de",156,"r23m0124.hpc.itc.rwth-aachen.de",60,"60",1024,20,0.155,0.17775,0.194,0.2206,0.241,0.3562,0.36
0,"n23m0123.hpc.itc.rwth-aachen.de",157,"r23m0124.hpc.itc.rwth-aachen.de",61,"61",1024,20,0.146,0.1645,0.1795,0.1945,0.21375,0.26505,0.285
0,"n23m0123.hpc.itc.rwth-aachen.de",158,"r23m0124.hpc.itc.rwth-aachen.de",62,"62",1024,20,0.145,0.165,0.1825,0.19575,0.21625,0.2615,0.366
0,"n23m0123.hpc.itc.rwth-aachen.de",159,"r23m0124.hpc.itc.rwth-aachen.de",63,"63",1024,20,0.153,0.17275,0.1845,0.1987,0.20425,0.2775,0.287
0,"n23m0123.hpc.itc.rwth-aachen.de",160,"r23m0124.hpc.itc.rwth-aachen.de",64,"64",1024,20,0.132,0.13575,0.144,0.15725,0.16725,0.23335,0.259
0,"n23m0123.hpc.itc.rwth-aachen.de",161,"r23m0124.hpc.itc.rwth-aachen.de",65,"65",1024,20,0.129,0.143,0.1605,0.2067,0.269,0.36525,0.408
0,"n23m0123.hpc.itc.rwth-aachen.de",162,"r23m0124.hpc.itc.rwth-aachen.de",66,"66",1024,20,0.143,0.14775,0.18,0.19885,0.2005,0.33205,0.39
0,"n23m0123.hpc.itc.rwth-aachen.de",163,"r23m0124.hpc.itc.rwth-aachen.de",67,"67",1024,20,0.13,0.13875,0.1595,0.19455,0.236,0.31235,0.395
0,"n23m0123.hpc.itc.rwth-aachen.de",164,"r23m0124.hpc.itc.rwth-aachen.de",68,"68",1024,20,0.129,0.1325,0.146,0.18145,0.17225,0.3748,0.39
0,"n23m0123.hpc.itc.rwth-aachen.de",165,"r23m0124.hpc.itc.rwth-aachen.de",69,"69",1024,20,0.151,0.22725,0.2545,0.25115,0.27775,0.32725,0.332
0,"n23m0123.hpc.itc.rwth-aachen.de",166,"r23m0124.hpc.itc.rwth-aachen.de",70,"70",1024,20,0.137,0.14275,0.179,0.212,0.2805,0.32705,0.328
0,"n23m0123.hpc.itc.rwth-aachen.de",167,"r23m0124.hpc.itc.rwth-aachen.de",71,"71",1024,20,0.131,0.13875,0.164,0.2113,0.25975,0.36405,0.403
0,"n23m0123.hpc.itc.rwth-aachen.de",168,"r23m0124.hpc.itc.rwth-aachen.de",72,"72",1024,20,0.131,0.13575,0.15,0.15885,0.1665,0.24515,0.248
0,"n23m0123.hpc.itc.rwth-aachen.de",169,"r23m0124.hpc.itc.rwth-aachen.de",73,"73",1024,20,0.133,0.14,0.2215,0.24305,0.324,0.4019,0.457
0,"n23m0123.hpc.itc.rwth-aachen.de",170,"r23m0124.hpc.itc.rwth-aachen.de",74,"74",1024,20,0.147,0.19,0.2265,0.2322,0.27775,0.3032,0.326
0,"n23m0123.hpc.itc.rwth-aachen.de",171,"r23m0124.hpc.itc.rwth-aachen.de",75,"75",1024,20,0.131,0.15075,0.295,0.2719,0.3585,0.42715,0.449
0,"n23m0123.hpc.itc.rwth-aachen.de",172,"r23m0124.hpc.itc.rwth-aachen.de",76,"76",1024,20,0.157,0.1975,0.222,0.24475,0.294,0.347,0.404
0,"n23m0123.hpc.itc.rwth-aachen.de",173,"r23m0124.hpc.itc.rwth-aachen.de",77,"77",1024,20,0.135,0.13875,0.1805,0.1973,0.231,0.3222,0.345
0,"n23m0123.hpc.itc.rwth-aachen.de",174,"r23m0124.hpc.itc.rwth-aachen.de",78,"78",1024,20,0.137,0.18875,0.221,0.2324,0.2775,0.3244,0.351
0,"n23m0123.hpc.itc.rwth-aachen.de",175,"r23m0124.hpc.itc.rwth-aachen.de",79,"79",1024,20,0.14,0.203,0.24,0.26585,0.29725,0.3657,0.664
0,"n23m0123.hpc.itc.rwth-aachen.de",176,"r23m0124.hpc.itc.rwth-aachen.de",80,"80",1024,20,0.126,0.143,0.2355,0.2325,0.31325,0.36425,0.388
0,"n23m0123.hpc.itc.rwth-aachen.de",177,"r23m0124.hpc.itc.rwth-aachen.de",81,"81",1024,20,0.135,0.161,0.292,0.2547,0.3205,0.34865,0.361
0,"n23m0123.hpc.itc.rwth-aachen.de",178,"r23m0124.hpc.itc.rwth-aachen.de",82,"82",1024,20,0.129,0.134,0.147,0.18775,0.235,0.30555,0.354
0,"n23m0123.hpc.itc.rwth-aachen.de",179,"r23m0124.hpc.itc.rwth-aachen.de",83,"83",1024,20,0.13,0.13475,0.1615,0.21025,0.25975,0.3793,0.423
0,"n23m0123.hpc.itc.rwth-aachen.de",180,"r23m0124.hpc.itc.rwth-aachen.de",84,"84",1024,20,0.136,0.14675,0.158,0.20525,0.2485,0.3454,0.372
0,"n23m0123.hpc.itc.rwth-aachen.de",181,"r23m0124.hpc.itc.rwth-aachen.de",85,"85",1024,20,0.16,0.19175,0.2505,0.24815,0.3005,0.313,0.408
0,"n23m0123.hpc.itc.rwth-aachen.de",182,"r23m0124.hpc.itc.rwth-aachen.de",86,"86",1024,20,0.134,0.14075,0.175,0.20825,0.2645,0.35545,0.364
0,"n23m0123.hpc.itc.rwth-aachen.de",183,"r23m0124.hpc.itc.rwth-aachen.de",87,"87",1024,20,0.13,0.136,0.154,0.19985,0.2755,0.33675,0.351
0,"n23m0123.hpc.itc.rwth-aachen.de",184,"r23m0124.hpc.itc.rwth-aachen.de",88,"88",1024,20,0.144,0.16075,0.1835,0.22195,0.2705,0.3656,0.377
0,"n23m0123.hpc.itc.rwth-aachen.de",185,"r23m0124.hpc.itc.rwth-aachen.de",89,"89",1024,20,0.133,0.13975,0.2135,0.2246,0.29325,0.33115,0.353
0,"n23m0123.hpc.itc.rwth-aachen.de",186,"r23m0124.hpc.itc.rwth-aachen.de",90,"90",1024,20,0.148,0.1925,0.2085,0.22655,0.257,0.30355,0.314
0,"n23m0123.hpc.itc.rwth-aachen.de",187,"r23m0124.hpc.itc.rwth-aachen.de",91,"91",1024,20,0.114,0.20025,0.2485,0.251,0.315,0.38845,0.416
0,"n23m0123.hpc.itc.rwth-aachen.de",188,"r23m0124.hpc.itc.rwth-aachen.de",92,"92",1024,20,0.146,0.20175,0.2465,0.25205,0.283,0.372,0.467
0,"n23m0123.hpc.itc.rwth-aachen.de",189,"r23m0124.hpc.itc.rwth-aachen.de",93,"93",1024,20,0.132,0.14175,0.28,0.2461,0.3145,0.3603,0.366
0,"n23m0123.hpc.itc.rwth-aachen.de",190,"r23m0124.hpc.itc.rwth-aachen.de",94,"94",1024,20,0.142,0.1785,0.216,0.2204,0.24525,0.32425,0.386
0,"n23m0123.hpc.itc.rwth-aachen.de",191,"r23m0124.hpc.itc.rwth-aachen.de",95,"95",1024,20,0.138,0.17225,0.243,0.2661,0.34175,0.39395,0.621
0,"n23m0123.hpc.itc.rwth-aachen.de",1,"n23m0123.hpc.itc.rwth-aachen.de",1,"1",4096,20,0.723,3.79725,5.691,8.14265,6.9675,30.7034,41.407
0,"n23m0123.hpc.itc.rwth-aachen.de",2,"n23m0123.hpc.itc.rwth-aachen.de",2,"2",4096,20,0.921,2.828,4.216,9.2807,7.34925,33.5822,55.892
0,"n23m0123.hpc.itc.rwth-aachen.de",3,"n23m0123.hpc.itc.rwth-aachen.de",3,"3",4096,20,0.936,6.09225,7.718,16.0158,29.6915,35.775,35.927
0,"n23m0123.hpc.itc.rwth-aachen.de",4,"n23m0123.hpc.itc.rwth-aachen.de",4,"4",4096,20,0.659,2.56675,4.339,7.5656,5.427,33.187,33.377
0,"n23m0123.hpc.itc.rwth-aachen.de",5,"n23m0123.hpc.itc.rwth-aachen.de",5,"5",4096,20,2.778,4.7845,5.7345,13.3748,20.4823,35.6675,56.899
0,"n23m0123.hpc.itc.rwth-aachen.de",6,"n23m0123.hpc.itc.rwth-aachen.de",6,"6",4096,20,0.392,2.9385,5.1015,9.70705,9.61125,36.2524,37.685
0,"n23m0123.hpc.itc.rwth-aachen.de",7,"n23m0123.hpc.itc.rwth-aachen.de",7,"7",4096,20,0.467,4,5.7025,10.1455,7.1895,37.8175,44.648
0,"n23m0123.hpc.itc.rwth-aachen.de",8,"n23m0123.hpc.itc.rwth-aachen.de",8,"8",4096,20,1.103,3.02175,4.618,8.97595,7.25875,31.1354,65.19
0,"n23m0123.hpc.itc.rwth-aachen.de",9,"n23m0123.hpc.itc.rwth-aachen.de",9,"9",4096,20,0.761,3.505,5.722,8.86805,8.5705,27.5949,54.307
0,"n23m0123.hpc.itc.rwth-aachen.de",10,"n23m0123.hpc.itc.rwth-aachen.de",10,"10",4096,20,0.772,3.36025,4.4325,6.08005,5.98125,11.5143,35.023
0,"n23m0123.hpc.itc.rwth-aachen.de",11,"n23m0123.hpc.itc.rwth-aachen.de",11,"11",4096,20,0.923,3.2015,5.531,7.87,7.58825,31.309,35.374
0,"n23m0123.hpc.itc.rwth-aachen.de",12,"n23m0123.hpc.itc.rwth-aachen.de",12,"12",4096,20,1.864,3.53625,5.9405,9.6701,6.782,34.7997,46.422
0,"n23m0123.hpc.itc.rwth-aachen.de",13,"n23m0123.hpc.itc.rwth-aachen.de",13,"13",4096,20,1.131,3.431,4.395,6.57275,7.5305,11.2775,34.086
0,"n23m0123.hpc.itc.rwth-aachen.de",14,"n23m0123.hpc.itc.rwth-aachen.de",14,"14",4096,20,1.925,4.041,5.4255,11.8437,13.9753,33.6075,36.96
0,"n23m0123.hpc.itc.rwth-aachen.de",15,"n23m0123.hpc.itc.rwth-aachen.de",15,"15",4096,20,0.391,3.63375,6.3895,6.80405,7.2805,12.2263,33.816
0,"n23m0123.hpc.itc.rwth-aachen.de",16,"n23m0123.hpc.itc.rwth-aachen.de",16,"16",4096,20,0.732,3.228,4.738,6.5453,7.61925,10.7001,33.596
0,"n23m0123.hpc.itc.rwth-aachen.de",17,"n23m0123.hpc.itc.rwth-aachen.de",17,"17",4096,20,0.996,3.2545,5.221,5.3822,7.47925,9.5506,11.652
0,"n23m0123.hpc.itc.rwth-aachen.de",18,"n23m0123.hpc.itc.rwth-aachen.de",18,"18",4096,20,2.367,4.9075,7.4045,13.4293,27.031,32.3122,32.886
0,"n23m0123.hpc.itc.rwth-aachen.de",19,"n23m0123.hpc.itc.rwth-aachen.de",19,"19",4096,20,1.906,3.2975,6.0255,9.5046,7.503,31.9104,41.513
0,"n23m0123.hpc.itc.rwth-aachen.de",20,"n23m0123.hpc.itc.rwth-aachen.de",20,"20",4096,20,1.941,4.00825,6.7295,9.2607,8.061,29.2161,35.297
0,"n23m0123.hpc.itc.rwth-aachen.de",21,"n23m0123.hpc.itc.rwth-aachen.de",21,"21",4096,20,0.753,3.79925,4.758,6.1487,6.906,10.2447,27.586
0,"n23m0123.hpc.itc.rwth-aachen.de",22,"n23m0123.hpc.itc.rwth-aachen.de",22,"22",4096,20,3.307,4.17825,6.825,11.403,8.76825,31.9223,39.964
0,"n23m0123.hpc.itc.rwth-aachen.de",23,"n23m0123.hpc.itc.rwth-aachen.de",23,"23",4096,20,1.404,4.2975,6.094,9.3543,7.17475,35.2197,42.244
0,"n23m0123.hpc.itc.rwth-aachen.de",24,"n23m0123.hpc.itc.rwth-aachen.de",24,"24",4096,20,1.764,3.807,5.419,9.12845,7.3105,33.7809,38.49
0,"n23m0123.hpc.itc.rwth-aachen.de",25,"n23m0123.hpc.itc.rwth-aachen.de",25,"25",4096,20,0.897,3.07975,5.066,6.90035,7.78475,12.4663,33.314
0,"n23m0123.hpc.itc.rwth-aachen.de",26,"n23m0123.hpc.itc.rwth-aachen.de",26,"26",4096,20,0.874,2.336,4.5105,8.4387,7.3305,31.5865,36.478
0,"n23m0123.hpc.itc.rwth-aachen.de",27,"n23m0123.hpc.itc.rwth-aachen.de",27,"27",4096,20,0.823,3.45375,5.679,8.09665,6.61725,26.5805,30.01
0,"n23m0123.hpc.itc.rwth-aachen.de",28,"n23m0123.hpc.itc.rwth-aachen.de",28,"28",4096,20,0.929,5.65625,7.1195,13.2348,21.6623,32.2481,53.51
0,"n23m0123.hpc.itc.rwth-aachen.de",29,"n23m0123.hpc.itc.rwth-aachen.de",29,"29",4096,20,2.328,5.1865,7.5085,14.3412,24.8583,36.9839,38.749
0,"n23m0123.hpc.itc.rwth-aachen.de",30,"n23m0123.hpc.itc.rwth-aachen.de",30,"30",4096,20,1.425,4.046,5.133,10.7172,6.66925,35.9236,68.007
0,"n23m0123.hpc.itc.rwth-aachen.de",31,"n23m0123.hpc.itc.rwth-aachen.de",31,"31",4096,20,1.586,4.6815,6.477,12.2757,14.8268,34.0192,44.226
0,"n23m0123.hpc.itc.rwth-aachen.de",32,"n23m0123.hpc.itc.rwth-aachen.de",32,"32",4096,20,6.428,12.461,14.854,17.7433,20.8072,32.476,43.609
0,"n23m0123.hpc.itc.rwth-aachen.de",33,"n23m0123.hpc.itc.rwth-aachen.de",33,"33",4096,20,4.94,10.816,16.422,16.7176,18.784,29.2256,43.582
0,"n23m0123.hpc.itc.rwth-aachen.de",34,"n23m0123.hpc.itc.rwth-aachen.de",34,"34",4096,20,4.743,12.5158,16.3095,17.0545,19.8077,25.7979,43.333
0,"n23m0123.hpc.itc.rwth-aachen.de",35,"n23m0123.hpc.itc.rwth-aachen.de",35,"35",4096,20,6.697,12.5715,16.555,16.9907,20.3155,24.405,38.142
0,"n23m0123.hpc.itc.rwth-aachen.de",36,"n23m0123.hpc.itc.rwth-aachen.de",36,"36",4096,20,3.914,11.9355,16.258,15.6112,18.3392,25.7654,27.501
0,"n23m0123.hpc.itc.rwth-aachen.de",37,"n23m0123.hpc.itc.rwth-aachen.de",37,"37",4096,20,3.393,8.32375,13.537,13.1714,17.537,19.8802,23.949
0,"n23m0123.hpc.itc.rwth-aachen.de",38,"n23m0123.hpc.itc.rwth-aachen.de",38,"38",4096,20,3.472,9.668,15.7225,14.2241,18.629,20.7809,25.243
0,"n23m0123.hpc.itc.rwth-aachen.de",39,"n23m0123.hpc.itc.rwth-aachen.de",39,"39",4096,20,5.748,9.9145,13.443,13.5598,15.7402,20.0852,24.326
0,"n23m0123.hpc.itc.rwth-aachen.de",40,"n23m0123.hpc.itc.rwth-aachen.de",40,"40",4096,20,9.715,11.7888,15.6685,17.6609,20.4002,34.253,40.085
0,"n23m0123.hpc.itc.rwth-aachen.de",41,"n23m0123.hpc.itc.rwth-aachen.de",41,"41",4096,20,3.814,11.0495,14.2475,15.1592,17.7645,28.4657,29.999
0,"n23m0123.hpc.itc.rwth-aachen.de",42,"n23m0123.hpc.itc.rwth-aachen.de",42,"42",4096,20,5.778,10.004,14.7805,15.5458,19.239,24.944,35.127
0,"n23m0123.hpc.itc.rwth-aachen.de",43,"n23m0123.hpc.itc.rwth-aachen.de",43,"43",4096,20,2.699,11.5855,14.2855,14.5987,17.988,21.4788,25.465
0,"n23m0123.hpc.itc.rwth-aachen.de",44,"n23m0123.hpc.itc.rwth-aachen.de",44,"44",4096,20,6.838,11.9757,14.69,14.6432,17.4988,20.5911,21.22
0,"n23m0123.hpc.itc.rwth-aachen.de",45,"n23m0123.hpc.itc.rwth-aachen.de",45,"45",4096,20,2.378,5.565,8.4845,11.2286,15.5725,25.438,27.033
0,"n23m0123.hpc.itc.rwth-aachen.de",46,"n23m0123.hpc.itc.rwth-aachen.de",46,"46",4096,20,2.382,8.5625,12.216,14.2773,21.2885,25.746,34.181
0,"n23m0123.hpc.itc.rwth-aachen.de",47,"n23m0123.hpc.itc.rwth-aachen.de",47,"47",4096,20,0.633,4.201,9.975,9.9258,13.9428,19.1575,22.529
0,"n23m0123.hpc.itc.rwth-aachen.de",48,"n23m0123.hpc.itc.rwth-aachen.de",48,"48",4096,20,7.893,13.1372,16.3225,18.334,22.9485,33.4849,35.669
0,"n23m0123.hpc.itc.rwth-aachen.de",49,"n23m0123.hpc.itc.rwth-aachen.de",49,"49",4096,20,3.388,11.064,15.0695,15.9904,20.074,28.3912,41.371
0,"n23m0123.hpc.itc.rwth-aachen.de",50,"n23m0123.hpc.itc.rwth-aachen.de",50,"50",4096,20,4.528,10.753,15.614,17.0023,19.304,45.3427,50.523
0,"n23m0123.hpc.itc.rwth-aachen.de",51,"n23m0123.hpc.itc.rwth-aachen.de",51,"51",4096,20,0.475,8.8705,13.8645,14.6926,21.9668,25.8011,36.708
0,"n23m0123.hpc.itc.rwth-aachen.de",52,"n23m0123.hpc.itc.rwth-aachen.de",52,"52",4096,20,1.785,7.244,12.2455,12.71,16.5727,20.8328,35.858
0,"n23m0123.hpc.itc.rwth-aachen.de",53,"n23m0123.hpc.itc.rwth-aachen.de",53,"53",4096,20,3.605,8.325,13.504,16.1035,17.1203,37.6249,47.35
0,"n23m0123.hpc.itc.rwth-aachen.de",54,"n23m0123.hpc.itc.rwth-aachen.de",54,"54",4096,20,3.078,11.5147,16.1935,17.7793,19.8122,38.146,45.119
0,"n23m0123.hpc.itc.rwth-aachen.de",55,"n23m0123.hpc.itc.rwth-aachen.de",55,"55",4096,20,2.387,6.5525,9.941,12.58,16.7512,26.2078,36.33
0,"n23m0123.hpc.itc.rwth-aachen.de",56,"n23m0123.hpc.itc.rwth-aachen.de",56,"56",4096,20,0.793,9.3905,13.416,15.2111,22.7462,27.9406,38.098
0,"n23m0123.hpc.itc.rwth-aachen.de",57,"n23m0123.hpc.itc.rwth-aachen.de",57,"57",4096,20,1.214,6.39725,17.124,15.9724,21.2228,34.9976,36.339
0,"n23m0123.hpc.itc.rwth-aachen.de",58,"n23m0123.hpc.itc.rwth-aachen.de",58,"58",4096,20,1.431,4.254,8.997,10.9954,16.2913,28.7282,33.159
0,"n23m0123.hpc.itc.rwth-aachen.de",59,"n23m0123.hpc.itc.rwth-aachen.de",59,"59",4096,20,1.181,6.112,10.661,11.5193,12.6448,24.1415,36.918
0,"n23m0123.hpc.itc.rwth-aachen.de",60,"n23m0123.hpc.itc.rwth-aachen.de",60,"60",4096,20,4.084,7.7355,13.452,16.7678,24.5847,33.8302,37.938
0,"n23m0123.hpc.itc.rwth-aachen.de",61,"n23m0123.hpc.itc.rwth-aachen.de",61,"61",4096,20,2.296,6.232,12.329,14.7044,21.9615,34.799,40.328
0,"n23m0123.hpc.itc.rwth-aachen.de",62,"n23m0123.hpc.itc.rwth-aachen.de",62,"62",4096,20,3.136,6.23525,8.646,11.7153,16.0607,23.6987,29.431
0,"n23m0123.hpc.itc.rwth-aachen.de",63,"n23m0123.hpc.itc.rwth-aachen.de",63,"63",4096,20,0.769,11.7265,16.202,16.8815,21.0615,28.89,43.405
0,"n23m0123.hpc.itc.rwth-aachen.de",64,"n23m0123.hpc.itc.rwth-aachen.de",64,"64",4096,20,0.31,0.4875,0.741,6.495,3.0505,31.2835,67.887
0,"n23m0123.hpc.itc.rwth-aachen.de",65,"n23m0123.hpc.itc.rwth-aachen.de",65,"65",4096,20,0.704,1.0035,3.4745,3.2962,4.372,8.92815,9.026
0,"n23m0123.hpc.itc.rwth-aachen.de",66,"n23m0123.hpc.itc.rwth-aachen.de",66,"66",4096,20,0.82,1.2025,2.793,5.9145,4.04075,8.917,67.437
0,"n23m0123.hpc.itc.rwth-aachen.de",67,"n23m0123.hpc.itc.rwth-aachen.de",67,"67",4096,20,2.311,3.48625,5.439,6.18145,7.41675,10.4809,22.677
0,"n23m0123.hpc.itc.rwth-aachen.de",68,"n23m0123.hpc.itc.rwth-aachen.de",68,"68",4096,20,0.555,1.13775,3.349,2.83805,4.04825,5.36415,6.792
0,"n23m0123.hpc.itc.rwth-aachen.de",69,"n23m0123.hpc.itc.rwth-aachen.de",69,"69",4096,20,0.785,2.62425,3.6075,3.8515,4.327,7.9551,9.914
0,"n23m0123.hpc.itc.rwth-aachen.de",70,"n23m0123.hpc.itc.rwth-aachen.de",70,"70",4096,20,0.597,3.866,4.81,6.1584,6.2285,11.209,33.153
0,"n23m0123.hpc.itc.rwth-aachen.de",71,"n23m0123.hpc.itc.rwth-aachen.de",71,"71",4096,20,1.76,3.66725,6.147,10.0465,8.21725,33.2586,46.627
0,"n23m0123.hpc.itc.rwth-aachen.de",72,"n23m0123.hpc.itc.rwth-aachen.de",72,"72",4096,20,0.8,2.89525,4.715,8.77565,6.89825,41.4349,54.353
0,"n23m0123.hpc.itc.rwth-aachen.de",73,"n23m0123.hpc.itc.rwth-aachen.de",73,"73",4096,20,0.893,4.54025,5.9545,7.9933,8.20025,28.1277,34.372
0,"n23m0123.hpc.itc.rwth-aachen.de",74,"n23m0123.hpc.itc.rwth-aachen.de",74,"74",4096,20,1.818,6.343,7.6845,7.3882,8.7795,9.9198,13.032
0,"n23m0123.hpc.itc.rwth-aachen.de",75,"n23m0123.hpc.itc.rwth-aachen.de",75,"75",4096,20,1.478,5.563,6.716,10.685,9.14725,34.8562,40.807
0,"n23m0123.hpc.itc.rwth-aachen.de",76,"n23m0123.hpc.itc.rwth-aachen.de",76,"76",4096,20,0.624,3.602,4.9105,5.3629,7.81125,8.5966,9.558
0,"n23m0123.hpc.itc.rwth-aachen.de",77,"n23m0123.hpc.itc.rwth-aachen.de",77,"77",4096,20,2.56,5.5145,7.3655,10.7155,8.7215,36.9914,55.751
0,"n23m0123.hpc.itc.rwth-aachen.de",78,"n23m0123.hpc.itc.rwth-aachen.de",78,"78",4096,20,1.925,3.908,5.313,5.93115,7.96,10.7167,10.882
0,"n23m0123.hpc.itc.rwth-aachen.de",79,"n23m0123.hpc.itc.rwth-aachen.de",79,"79",4096,20,1.151,5.4155,6.9015,10.5876,7.61925,32.4469,57.41
0,"n23m0123.hpc.itc.rwth-aachen.de",80,"n23m0123.hpc.itc.rwth-aachen.de",80,"80",4096,20,0.984,1.2015,3.457,4.879,5.009,11.0286,25.232
0,"n23m0123.hpc.itc.rwth-aachen.de",81,"n23m0123.hpc.itc.rwth-aachen.de",81,"81",4096,20,1.111,1.80975,3.4205,5.00135,6.72025,10.7011,24.668
0,"n23m0123.hpc.itc.rwth-aachen.de",82,"n23m0123.hpc.itc.rwth-aachen.de",82,"82",4096,20,0.802,3.93925,6.2555,8.0226,7.69375,11.996,51.06
0,"n23m0123.hpc.itc.rwth-aachen.de",83,"n23m0123.hpc.itc.rwth-aachen.de",83,"83",4096,20,2.913,4.95525,6.608,10.0285,7.91875,36.4526,52.709
0,"n23m0123.hpc.itc.rwth-aachen.de",84,"n23m0123.hpc.itc.rwth-aachen.de",84,"84",4096,20,0.845,1.361,4.2625,6.25125,6.4,23.9637,36.194
0,"n23m0123.hpc.itc.rwth-aachen.de",85,"n23m0123.hpc.itc.rwth-aachen.de",85,"85",4096,20,1.117,4.2475,6.5435,10.8331,10.1122,39.0618,42.858
0,"n23m0123.hpc.itc.rwth-aachen.de",86,"n23m0123.hpc.itc.rwth-aachen.de",86,"86",4096,20,1.994,4.338,5.6215,9.6896,9.89975,32.7352,35.152
0,"n23m0123.hpc.itc.rwth-aachen.de",87,"n23m0123.hpc.itc.rwth-aachen.de",87,"87",4096,20,2.235,3.98975,7.1125,6.1376,7.9105,8.171,8.323
0,"n23m0123.hpc.itc.rwth-aachen.de",88,"n23m0123.hpc.itc.rwth-aachen.de",88,"88",4096,20,1.454,5.04,6.875,9.2711,7.973,34.3233,34.804
0,"n23m0123.hpc.itc.rwth-aachen.de",89,"n23m0123.hpc.itc.rwth-aachen.de",89,"89",4096,20,1.298,3.56375,5.932,7.1268,7.361,11.2156,38.093
0,"n23m0123.hpc.itc.rwth-aachen.de",90,"n23m0123.hpc.itc.rwth-aachen.de",90,"90",4096,20,1.001,4.81125,6.133,8.68415,7.091,29.0899,45.028
0,"n23m0123.hpc.itc.rwth-aachen.de",91,"n23m0123.hpc.itc.rwth-aachen.de",91,"91",4096,20,0.835,3.56175,5.048,7.5104,7.0735,28.5352,31.806
0,"n23m0123.hpc.itc.rwth-aachen.de",92,"n23m0123.hpc.itc.rwth-aachen.de",92,"92",4096,20,2.591,4.66225,7.2225,8.078,8.5965,13.6995,34.19
0,"n23m0123.hpc.itc.rwth-aachen.de",93,"n23m0123.hpc.itc.rwth-aachen.de",93,"93",4096,20,0.837,5.4075,8.5795,12.7183,13.9288,34.2872,36.494
0,"n23m0123.hpc.itc.rwth-aachen.de",94,"n23m0123.hpc.itc.rwth-aachen.de",94,"94",4096,20,2.626,4.08125,6.502,8.8115,8.18475,29.2048,34.995
0,"n23m0123.hpc.itc.rwth-aachen.de",95,"n23m0123.hpc.itc.rwth-aachen.de",95,"95",4096,20,1.386,3.61025,5.6055,7.78605,7.50475,26.7138,35.374
0,"n23m0123.hpc.itc.rwth-aachen.de",96,"r23m0124.hpc.itc.rwth-aachen.de",0,"0",4096,20,0.284,0.4645,0.757,0.7178,0.91325,1.0304,1.038
0,"n23m0123.hpc.itc.rwth-aachen.de",97,"r23m0124.hpc.itc.rwth-aachen.de",1,"1",4096,20,0.431,0.54525,0.595,0.6043,0.654,0.7822,0.843
0,"n23m0123.hpc.itc.rwth-aachen.de",98,"r23m0124.hpc.itc.rwth-aachen.de",2,"2",4096,20,0.323,0.39075,0.4165,0.4111,0.439,0.4565,0.599
0,"n23m0123.hpc.itc.rwth-aachen.de",99,"r23m0124.hpc.itc.rwth-aachen.de",3,"3",4096,20,0.284,0.41225,0.444,0.43275,0.4685,0.4865,0.515
0,"n23m0123.hpc.itc.rwth-aachen.de",100,"r23m0124.hpc.itc.rwth-aachen.de",4,"4",4096,20,0.321,0.43,0.4465,0.45915,0.46225,0.588,0.626
0,"n23m0123.hpc.itc.rwth-aachen.de",101,"r23m0124.hpc.itc.rwth-aachen.de",5,"5",4096,20,0.289,0.32575,0.538,0.51685,0.644,0.7852,0.789
0,"n23m0123.hpc.itc.rwth-aachen.de",102,"r23m0124.hpc.itc.rwth-aachen.de",6,"6",4096,20,0.289,0.3,0.3925,0.4022,0.4785,0.5627,0.576
0,"n23m0123.hpc.itc.rwth-aachen.de",103,"r23m0124.hpc.itc.rwth-aachen.de",7,"7",4096,20,0.274,0.3005,0.423,0.43695,0.5675,0.63945,0.686
0,"n23m0123.hpc.itc.rwth-aachen.de",104,"r23m0124.hpc.itc.rwth-aachen.de",8,"8",4096,20,0.285,0.3225,0.553,0.61145,0.895,0.9833,1.008
0,"n23m0123.hpc.itc.rwth-aachen.de",105,"r23m0124.hpc.itc.rwth-aachen.de",9,"9",4096,20,0.291,0.4315,0.491,0.4807,0.55125,0.5926,0.661
0,"n23m0123.hpc.itc.rwth-aachen.de",106,"r23m0124.hpc.itc.rwth-aachen.de",10,"10",4096,20,0.268,0.28525,0.5345,0.4521,0.5585,0.58675,0.601
0,"n23m0123.hpc.itc.rwth-aachen.de",107,"r23m0124.hpc.itc.rwth-aachen.de",11,"11",4096,20,0.288,0.42575,0.46,0.47555,0.58375,0.62965,0.642
0,"n23m0123.hpc.itc.rwth-aachen.de",108,"r23m0124.hpc.itc.rwth-aachen.de",12,"12",4096,20,0.299,0.54475,0.579,0.62,0.60625,1.1083,1.342
0,"n23m0123.hpc.itc.rwth-aachen.de",109,"r23m0124.hpc.itc.rwth-aachen.de",13,"13",4096,20,0.253,0.28375,0.3005,0.33375,0.36925,0.49305,0.494
0,"n23m0123.hpc.itc.rwth-aachen.de",110,"r23m0124.hpc.itc.rwth-aachen.de",14,"14",4096,20,0.287,0.2995,0.311,0.3578,0.35325,0.59035,0.597
0,"n23m0123.hpc.itc.rwth-aachen.de",111,"r23m0124.hpc.itc.rwth-aachen.de",15,"15",4096,20,0.289,0.312,0.4325,0.4787,0.651,0.7245,0.734
0,"n23m0123.hpc.itc.rwth-aachen.de",112,"r23m0124.hpc.itc.rwth-aachen.de",16,"16",4096,20,0.307,0.316,0.3445,0.39145,0.42625,0.54365,0.727
0,"n23m0123.hpc.itc.rwth-aachen.de",113,"r23m0124.hpc.itc.rwth-aachen.de",17,"17",4096,20,0.267,0.279,0.2915,0.3499,0.44,0.49225,0.535
0,"n23m0123.hpc.itc.rwth-aachen.de",114,"r23m0124.hpc.itc.rwth-aachen.de",18,"18",4096,20,0.31,0.32075,0.4135,0.4189,0.4835,0.577,0.596
0,"n23m0123.hpc.itc.rwth-aachen.de",115,"r23m0124.hpc.itc.rwth-aachen.de",19,"19",4096,20,0.283,0.37475,0.9085,0.71665,0.92325,1.09815,1.31
0,"n23m0123.hpc.itc.rwth-aachen.de",116,"r23m0124.hpc.itc.rwth-aachen.de",20,"20",4096,20,0.291,0.3105,0.3315,0.34235,0.36025,0.4206,0.451
0,"n23m0123.hpc.itc.rwth-aachen.de",117,"r23m0124.hpc.itc.rwth-aachen.de",21,"21",4096,20,0.382,0.429,0.5455,0.5267,0.5895,0.65655,0.762
0,"n23m0123.hpc.itc.rwth-aachen.de",118,"r23m0124.hpc.itc.rwth-aachen.de",22,"22",4096,20,0.297,0.38875,0.5065,0.64115,0.9495,1.06435,1.109
0,"n23m0123.hpc.itc.rwth-aachen.de",119,"r23m0124.hpc.itc.rwth-aachen.de",23,"23",4096,20,0.288,0.30475,0.325,0.42535,0.41575,1.07765,1.128
0,"n23m0123.hpc.itc.rwth-aachen.de",120,"r23m0124.hpc.itc.rwth-aachen.de",24,"24",4096,20,0.32,0.4465,0.52,0.64375,0.93725,1.0403,1.046
0,"n23m0123.hpc.itc.rwth-aachen.de",121,"r23m0124.hpc.itc.rwth-aachen.de",25,"25",4096,20,0.277,0.293,0.4335,0.39545,0.45925,0.5378,0.591
0,"n23m0123.hpc.itc.rwth-aachen.de",122,"r23m0124.hpc.itc.rwth-aachen.de",26,"26",4096,20,0.28,0.28575,0.3165,0.34215,0.39325,0.46155,0.491
0,"n23m0123.hpc.itc.rwth-aachen.de",123,"r23m0124.hpc.itc.rwth-aachen.de",27,"27",4096,20,0.271,0.31375,0.4575,0.69015,1.10475,1.19075,1.756
0,"n23m0123.hpc.itc.rwth-aachen.de",124,"r23m0124.hpc.itc.rwth-aachen.de",28,"28",4096,20,0.274,0.27975,0.2885,0.3148,0.3,0.4691,0.528
0,"n23m0123.hpc.itc.rwth-aachen.de",125,"r23m0124.hpc.itc.rwth-aachen.de",29,"29",4096,20,0.268,0.36525,1.055,0.80345,1.08725,1.1864,1.232
0,"n23m0123.hpc.itc.rwth-aachen.de",126,"r23m0124.hpc.itc.rwth-aachen.de",30,"30",4096,20,0.273,0.406,0.433,0.43585,0.46925,0.54625,0.551
0,"n23m0123.hpc.itc.rwth-aachen.de",127,"r23m0124.hpc.itc.rwth-aachen.de",31,"31",4096,20,0.279,0.29175,0.3275,0.347,0.39325,0.45935,0.485
0,"n23m0123.hpc.itc.rwth-aachen.de",128,"r23m0124.hpc.itc.rwth-aachen.de",32,"32",4096,20,0.282,0.28575,0.291,0.31115,0.3095,0.41365,0.426
0,"n23m0123.hpc.itc.rwth-aachen.de",129,"r23m0124.hpc.itc.rwth-aachen.de",33,"33",4096,20,0.289,0.45225,0.486,0.49065,0.5235,0.607,0.645
0,"n23m0123.hpc.itc.rwth-aachen.de",130,"r23m0124.hpc.itc.rwth-aachen.de",34,"34",4096,20,0.316,0.39375,0.9745,0.78675,1,1.1041,1.106
0,"n23m0123.hpc.itc.rwth-aachen.de",131,"r23m0124.hpc.itc.rwth-aachen.de",35,"35",4096,20,0.31,0.4675,0.5165,0.50165,0.53625,0.59635,0.717
0,"n23m0123.hpc.itc.rwth-aachen.de",132,"r23m0124.hpc.itc.rwth-aachen.de",36,"36",4096,20,0.252,0.31475,0.3275,0.36915,0.44525,0.50025,0.505
0,"n23m0123.hpc.itc.rwth-aachen.de",133,"r23m0124.hpc.itc.rwth-aachen.de",37,"37",4096,20,0.261,0.28875,0.3065,0.3249,0.34275,0.4232,0.465
0,"n23m0123.hpc.itc.rwth-aachen.de",134,"r23m0124.hpc.itc.rwth-aachen.de",38,"38",4096,20,0.296,0.42825,0.5895,0.61125,0.6385,1.10785,1.238
0,"n23m0123.hpc.itc.rwth-aachen.de",135,"r23m0124.hpc.itc.rwth-aachen.de",39,"39",4096,20,0.256,0.2905,0.359,0.39795,0.4985,0.6251,0.627
0,"n23m0123.hpc.itc.rwth-aachen.de",136,"r23m0124.hpc.itc.rwth-aachen.de",40,"40",4096,20,0.28,0.86325,0.9695,0.85995,1.02075,1.1144,1.35
0,"n23m0123.hpc.itc.rwth-aachen.de",137,"r23m0124.hpc.itc.rwth-aachen.de",41,"41",4096,20,0.269,0.31075,0.5405,0.57005,0.7155,1.0712,1.151
0,"n23m0123.hpc.itc.rwth-aachen.de",138,"r23m0124.hpc.itc.rwth-aachen.de",42,"42",4096,20,0.269,0.3285,0.4445,0.4273,0.475,0.6162,0.62
0,"n23m0123.hpc.itc.rwth-aachen.de",139,"r23m0124.hpc.itc.rwth-aachen.de",43,"43",4096,20,0.256,0.2955,0.383,0.42685,0.44925,0.7806,1.191
0,"n23m0123.hpc.itc.rwth-aachen.de",140,"r23m0124.hpc.itc.rwth-aachen.de",44,"44",4096,20,0.272,0.313,0.3935,0.42315,0.54675,0.5802,0.698
0,"n23m0123.hpc.itc.rwth-aachen.de",141,"r23m0124.hpc.itc.rwth-aachen.de",45,"45",4096,20,0.25,0.28775,0.335,0.3571,0.41475,0.4686,0.537
0,"n23m0123.hpc.itc.rwth-aachen.de",142,"r23m0124.hpc.itc.rwth-aachen.de",46,"46",4096,20,0.264,0.29825,0.3305,0.46125,0.45325,0.9891,1.029
0,"n23m0123.hpc.itc.rwth-aachen.de",143,"r23m0124.hpc.itc.rwth-aachen.de",47,"47",4096,20,0.28,0.2975,0.322,0.3397,0.385,0.42365,0.436
0,"n23m0123.hpc.itc.rwth-aachen.de",144,"r23m0124.hpc.itc.rwth-aachen.de",48,"48",4096,20,0.288,0.341,0.3805,0.37765,0.41075,0.47135,0.478
0,"n23m0123.hpc.itc.rwth-aachen.de",145,"r23m0124.hpc.itc.rwth-aachen.de",49,"49",4096,20,0.265,0.337,0.3545,0.3651,0.38625,0.4778,0.493
0,"n23m0123.hpc.itc.rwth-aachen.de",146,"r23m0124.hpc.itc.rwth-aachen.de",50,"50",4096,20,0.27,0.301,0.3605,0.3527,0.38025,0.4224,0.506
0,"n23m0123.hpc.itc.rwth-aachen.de",147,"r23m0124.hpc.itc.rwth-aachen.de",51,"51",4096,20,0.286,0.3135,0.3605,0.36185,0.38975,0.4525,0.538
0,"n23m0123.hpc.itc.rwth-aachen.de",148,"r23m0124.hpc.itc.rwth-aachen.de",52,"52",4096,20,0.293,0.322,0.3555,0.3569,0.3775,0.4368,0.452
0,"n23m0123.hpc.itc.rwth-aachen.de",149,"r23m0124.hpc.itc.rwth-aachen.de",53,"53",4096,20,0.253,0.32025,0.3625,0.361,0.38675,0.5085,0.518
0,"n23m0123.hpc.itc.rwth-aachen.de",150,"r23m0124.hpc.itc.rwth-aachen.de",54,"54",4096,20,0.285,0.3415,0.3735,0.3671,0.39475,0.4323,0.438
0,"n23m0123.hpc.itc.rwth-aachen.de",151,"r23m0124.hpc.itc.rwth-aachen.de",55,"55",4096,20,0.289,0.36675,0.401,0.3943,0.4255,0.4785,0.488
0,"n23m0123.hpc.itc.rwth-aachen.de",152,"r23m0124.hpc.itc.rwth-aachen.de",56,"56",4096,20,0.261,0.3455,0.3805,0.37885,0.41,0.45875,0.492
0,"n23m0123.hpc.itc.rwth-aachen.de",153,"r23m0124.hpc.itc.rwth-aachen.de",57,"57",4096,20,0.288,0.3575,0.3875,0.378,0.4165,0.4311,0.471
0,"n23m0123.hpc.itc.rwth-aachen.de",154,"r23m0124.hpc.itc.rwth-aachen.de",58,"58",4096,20,0.308,0.345,0.3675,0.37135,0.39475,0.43715,0.459
0,"n23m0123.hpc.itc.rwth-aachen.de",155,"r23m0124.hpc.itc.rwth-aachen.de",59,"59",4096,20,0.281,0.3555,0.375,0.38545,0.40925,0.51485,0.55
0,"n23m0123.hpc.itc.rwth-aachen.de",156,"r23m0124.hpc.itc.rwth-aachen.de",60,"60",4096,20,0.292,0.32375,0.3505,0.34715,0.3615,0.3837,0.397
0,"n23m0123.hpc.itc.rwth-aachen.de",157,"r23m0124.hpc.itc.rwth-aachen.de",61,"61",4096,20,0.271,0.295,0.363,0.34815,0.38225,0.43845,0.485
0,"n23m0123.hpc.itc.rwth-aachen.de",158,"r23m0124.hpc.itc.rwth-aachen.de",62,"62",4096,20,0.284,0.316,0.347,0.3502,0.37725,0.4445,0.454
0,"n23m0123.hpc.itc.rwth-aachen.de",159,"r23m0124.hpc.itc.rwth-aachen.de",63,"63",4096,20,0.278,0.33425,0.3565,0.3601,0.38475,0.444,0.501
0,"n23m0123.hpc.itc.rwth-aachen.de",160,"r23m0124.hpc.itc.rwth-aachen.de",64,"64",4096,20,0.257,0.29475,0.3255,0.3325,0.365,0.4255,0.435
0,"n23m0123.hpc.itc.rwth-aachen.de",161,"r23m0124.hpc.itc.rwth-aachen.de",65,"65",4096,20,0.256,0.28,0.3215,0.3263,0.3565,0.41145,0.439
0,"n23m0123.hpc.itc.rwth-aachen.de",162,"r23m0124.hpc.itc.rwth-aachen.de",66,"66",4096,20,0.26,0.2715,0.289,0.3086,0.34675,0.37585,0.43
0,"n23m0123.hpc.itc.rwth-aachen.de",163,"r23m0124.hpc.itc.rwth-aachen.de",67,"67",4096,20,0.259,0.3115,0.353,0.3463,0.37375,0.40275,0.436
0,"n23m0123.hpc.itc.rwth-aachen.de",164,"r23m0124.hpc.itc.rwth-aachen.de",68,"68",4096,20,0.278,0.2915,0.303,0.3347,0.3515,0.41905,0.61
0,"n23m0123.hpc.itc.rwth-aachen.de",165,"r23m0124.hpc.itc.rwth-aachen.de",69,"69",4096,20,0.26,0.28525,0.356,0.33405,0.37725,0.40045,0.428
0,"n23m0123.hpc.itc.rwth-aachen.de",166,"r23m0124.hpc.itc.rwth-aachen.de",70,"70",4096,20,0.242,0.2705,0.299,0.3141,0.334,0.41815,0.421
0,"n23m0123.hpc.itc.rwth-aachen.de",167,"r23m0124.hpc.itc.rwth-aachen.de",71,"71",4096,20,0.272,0.29075,0.3455,0.34875,0.40075,0.4283,0.434
0,"n23m0123.hpc.itc.rwth-aachen.de",168,"r23m0124.hpc.itc.rwth-aachen.de",72,"72",4096,20,0.26,0.278,0.3,0.31535,0.33225,0.4002,0.48
0,"n23m0123.hpc.itc.rwth-aachen.de",169,"r23m0124.hpc.itc.rwth-aachen.de",73,"73",4096,20,0.259,0.27375,0.2985,0.3161,0.36875,0.38285,0.399
0,"n23m0123.hpc.itc.rwth-aachen.de",170,"r23m0124.hpc.itc.rwth-aachen.de",74,"74",4096,20,0.279,0.29625,0.327,0.33335,0.356,0.40515,0.408
0,"n23m0123.hpc.itc.rwth-aachen.de",171,"r23m0124.hpc.itc.rwth-aachen.de",75,"75",4096,20,0.264,0.29275,0.3235,0.33775,0.3585,0.4337,0.504
0,"n23m0123.hpc.itc.rwth-aachen.de",172,"r23m0124.hpc.itc.rwth-aachen.de",76,"76",4096,20,0.258,0.27425,0.29,0.32565,0.35625,0.49865,0.549
0,"n23m0123.hpc.itc.rwth-aachen.de",173,"r23m0124.hpc.itc.rwth-aachen.de",77,"77",4096,20,0.254,0.2655,0.282,0.30885,0.3425,0.4089,0.426
0,"n23m0123.hpc.itc.rwth-aachen.de",174,"r23m0124.hpc.itc.rwth-aachen.de",78,"78",4096,20,0.263,0.276,0.2955,0.32545,0.36425,0.42245,0.602
0,"n23m0123.hpc.itc.rwth-aachen.de",175,"r23m0124.hpc.itc.rwth-aachen.de",79,"79",4096,20,0.261,0.2795,0.322,0.32335,0.343,0.3955,0.462
0,"n23m0123.hpc.itc.rwth-aachen.de",176,"r23m0124.hpc.itc.rwth-aachen.de",80,"80",4096,20,0.271,0.3095,0.3165,0.33285,0.36125,0.39045,0.456
0,"n23m0123.hpc.itc.rwth-aachen.de",177,"r23m0124.hpc.itc.rwth-aachen.de",81,"81",4096,20,0.264,0.2755,0.3125,0.32775,0.3525,0.43605,0.494
0,"n23m0123.hpc.itc.rwth-aachen.de",178,"r23m0124.hpc.itc.rwth-aachen.de",82,"82",4096,20,0.256,0.28275,0.319,0.31625,0.34075,0.3873,0.393
0,"n23m0123.hpc.itc.rwth-aachen.de",179,"r23m0124.hpc.itc.rwth-aachen.de",83,"83",4096,20,0.262,0.27525,0.3005,0.3188,0.349,0.3967,0.505
0,"n23m0123.hpc.itc.rwth-aachen.de",180,"r23m0124.hpc.itc.rwth-aachen.de",84,"84",4096,20,0.264,0.2925,0.312,0.3273,0.36025,0.41265,0.463
0,"n23m0123.hpc.itc.rwth-aachen.de",181,"r23m0124.hpc.itc.rwth-aachen.de",85,"85",4096,20,0.257,0.26775,0.2875,0.3054,0.3235,0.3714,0.455
0,"n23m0123.hpc.itc.rwth-aachen.de",182,"r23m0124.hpc.itc.rwth-aachen.de",86,"86",4096,20,0.262,0.3015,0.3075,0.3422,0.367,0.46025,0.655
0,"n23m0123.hpc.itc.rwth-aachen.de",183,"r23m0124.hpc.itc.rwth-aachen.de",87,"87",4096,20,0.263,0.27075,0.302,0.3169,0.35625,0.41755,0.447
0,"n23m0123.hpc.itc.rwth-aachen.de",184,"r23m0124.hpc.itc.rwth-aachen.de",88,"88",4096,20,0.261,0.28275,0.3075,0.3226,0.37375,0.39655,0.407
0,"n23m0123.hpc.itc.rwth-aachen.de",185,"r23m0124.hpc.itc.rwth-aachen.de",89,"89",4096,20,0.262,0.29425,0.3235,0.3819,0.46875,0.58275,0.616
0,"n23m0123.hpc.itc.rwth-aachen.de",186,"r23m0124.hpc.itc.rwth-aachen.de",90,"90",4096,20,0.253,0.2715,0.2895,0.3204,0.3575,0.4144,0.46
0,"n23m0123.hpc.itc.rwth-aachen.de",187,"r23m0124.hpc.itc.rwth-aachen.de",91,"91",4096,20,0.271,0.29875,0.357,0.3619,0.41475,0.4625,0.491
0,"n23m0123.hpc.itc.rwth-aachen.de",188,"r23m0124.hpc.itc.rwth-aachen.de",92,"92",4096,20,0.257,0.27625,0.2925,0.3223,0.37125,0.4535,0.482
0,"n23m0123.hpc.itc.rwth-aachen.de",189,"r23m0124.hpc.itc.rwth-aachen.de",93,"93",4096,20,0.26,0.28225,0.341,0.3503,0.4185,0.4681,0.47
0,"n23m0123.hpc.itc.rwth-aachen.de",190,"r23m0124.hpc.itc.rwth-aachen.de",94,"94",4096,20,0.27,0.28375,0.296,0.31585,0.33725,0.4172,0.44
0,"n23m0123.hpc.itc.rwth-aachen.de",191,"r23m0124.hpc.itc.rwth-aachen.de",95,"95",4096,20,0.257,0.26875,0.3295,0.32215,0.364,0.38245,0.429
0,"n23m0123.hpc.itc.rwth-aachen.de",1,"n23m0123.hpc.itc.rwth-aachen.de",1,"1",16384,20,30.096,49.0637,60.267,110.284,127.471,336.73,387.276
0,"n23m0123.hpc.itc.rwth-aachen.de",2,"n23m0123.hpc.itc.rwth-aachen.de",2,"2",16384,20,36.183,69.3067,127.59,172.434,263.028,357.606,395.999
0,"n23m0123.hpc.itc.rwth-aachen.de",3,"n23m0123.hpc.itc.rwth-aachen.de",3,"3",16384,20,60.966,139.825,236.943,228.945,337.459,402.198,408.724
0,"n23m0123.hpc.itc.rwth-aachen.de",4,"n23m0123.hpc.itc.rwth-aachen.de",4,"4",16384,20,31.733,132.102,175.015,199.645,285.638,395.23,421.243
0,"n23m0123.hpc.itc.rwth-aachen.de",5,"n23m0123.hpc.itc.rwth-aachen.de",5,"5",16384,20,41.619,75.7375,151.691,189.403,299.782,420.243,420.739
0,"n23m0123.hpc.itc.rwth-aachen.de",6,"n23m0123.hpc.itc.rwth-aachen.de",6,"6",16384,20,37.865,118.673,181.922,188.267,245.666,373.251,444.171
0,"n23m0123.hpc.itc.rwth-aachen.de",7,"n23m0123.hpc.itc.rwth-aachen.de",7,"7",16384,20,65.654,120.444,181.211,195.883,257.718,361.078,414.208
0,"n23m0123.hpc.itc.rwth-aachen.de",8,"n23m0123.hpc.itc.rwth-aachen.de",8,"8",16384,20,38.956,151.537,228.358,233.458,328.66,395.544,430.842
0,"n23m0123.hpc.itc.rwth-aachen.de",9,"n23m0123.hpc.itc.rwth-aachen.de",9,"9",16384,20,41.304,98.7602,207.879,221.319,333.822,399.296,435.208
0,"n23m0123.hpc.itc.rwth-aachen.de",10,"n23m0123.hpc.itc.rwth-aachen.de",10,"10",16384,20,75.361,179.665,231.986,243.271,334.434,404.673,426.364
0,"n23m0123.hpc.itc.rwth-aachen.de",11,"n23m0123.hpc.itc.rwth-aachen.de",11,"11",16384,20,122.587,184.598,210.626,255.099,348.409,418.752,434.316
0,"n23m0123.hpc.itc.rwth-aachen.de",12,"n23m0123.hpc.itc.rwth-aachen.de",12,"12",16384,20,54.809,135.234,202.035,198.275,261.053,362.298,365.698
0,"n23m0123.hpc.itc.rwth-aachen.de",13,"n23m0123.hpc.itc.rwth-aachen.de",13,"13",16384,20,98.387,205.489,243.162,265.004,359.313,411.138,432.136
0,"n23m0123.hpc.itc.rwth-aachen.de",14,"n23m0123.hpc.itc.rwth-aachen.de",14,"14",16384,20,80.371,188.408,230.1,241.6,322.964,365.903,391.674
0,"n23m0123.hpc.itc.rwth-aachen.de",15,"n23m0123.hpc.itc.rwth-aachen.de",15,"15",16384,20,63.507,153.308,213.35,230.55,328.517,379.538,405.779
0,"n23m0123.hpc.itc.rwth-aachen.de",16,"n23m0123.hpc.itc.rwth-aachen.de",16,"16",16384,20,35.976,93.0222,174.384,180.856,253.198,382.54,398.359
0,"n23m0123.hpc.itc.rwth-aachen.de",17,"n23m0123.hpc.itc.rwth-aachen.de",17,"17",16384,20,71.809,107.21,230.122,220.434,286.557,357.108,376.421
0,"n23m0123.hpc.itc.rwth-aachen.de",18,"n23m0123.hpc.itc.rwth-aachen.de",18,"18",16384,20,58.466,98.4423,191.024,204.083,295.572,383.196,385.527
0,"n23m0123.hpc.itc.rwth-aachen.de",19,"n23m0123.hpc.itc.rwth-aachen.de",19,"19",16384,20,68.164,137.944,216.348,210.184,269.596,345.631,381.797
0,"n23m0123.hpc.itc.rwth-aachen.de",20,"n23m0123.hpc.itc.rwth-aachen.de",20,"20",16384,20,63.648,117.438,174.657,202.983,297.361,365.407,385.883
0,"n23m0123.hpc.itc.rwth-aachen.de",21,"n23m0123.hpc.itc.rwth-aachen.de",21,"21",16384,20,76.108,173.111,246.842,236.967,280.539,403.79,408.147
0,"n23m0123.hpc.itc.rwth-aachen.de",22,"n23m0123.hpc.itc.rwth-aachen.de",22,"22",16384,20,113.119,153.358,198.908,223.515,262.207,360.488,389.614
0,"n23m0123.hpc.itc.rwth-aachen.de",23,"n23m0123.hpc.itc.rwth-aachen.de",23,"23",16384,20,58.636,117.126,172.721,186.285,227.729,362.714,391.139
0,"n23m0123.hpc.itc.rwth-aachen.de",24,"n23m0123.hpc.itc.rwth-aachen.de",24,"24",16384,20,65.06,143.699,232.986,207.155,258.202,319.937,377.325
0,"n23m0123.hpc.itc.rwth-aachen.de",25,"n23m0123.hpc.itc.rwth-aachen.de",25,"25",16384,20,97.627,122.268,161.498,188.899,225.827,357.723,360.278
0,"n23m0123.hpc.itc.rwth-aachen.de",26,"n23m0123.hpc.itc.rwth-aachen.de",26,"26",16384,20,74.092,184.167,252.395,244.466,292.373,396.132,428.817
0,"n23m0123.hpc.itc.rwth-aachen.de",27,"n23m0123.hpc.itc.rwth-aachen.de",27,"27",16384,20,81.158,169.62,282.256,254.869,323.131,379.053,385.294
0,"n23m0123.hpc.itc.rwth-aachen.de",28,"n23m0123.hpc.itc.rwth-aachen.de",28,"28",16384,20,83.873,129.292,213.885,208.782,250.476,371.584,402.126
0,"n23m0123.hpc.itc.rwth-aachen.de",29,"n23m0123.hpc.itc.rwth-aachen.de",29,"29",16384,20,87.11,126.304,174.41,208.578,259.648,381.612,398.713
0,"n23m0123.hpc.itc.rwth-aachen.de",30,"n23m0123.hpc.itc.rwth-aachen.de",30,"30",16384,20,112.946,143.8,228.29,251.911,356.97,390.361,422.228
0,"n23m0123.hpc.itc.rwth-aachen.de",31,"n23m0123.hpc.itc.rwth-aachen.de",31,"31",16384,20,91.34,136.747,222.903,232.383,291.762,404.14,426.484
0,"n23m0123.hpc.itc.rwth-aachen.de",32,"n23m0123.hpc.itc.rwth-aachen.de",32,"32",16384,20,243.285,261.5,302.187,308.521,348.152,399.027,401.249
0,"n23m0123.hpc.itc.rwth-aachen.de",33,"n23m0123.hpc.itc.rwth-aachen.de",33,"33",16384,20,261.586,291.83,342.582,334.791,376.408,390.573,394.993
0,"n23m0123.hpc.itc.rwth-aachen.de",34,"n23m0123.hpc.itc.rwth-aachen.de",34,"34",16384,20,271.459,329.232,338.611,342.633,371.025,389.92,390.737
0,"n23m0123.hpc.itc.rwth-aachen.de",35,"n23m0123.hpc.itc.rwth-aachen.de",35,"35",16384,20,252.647,274.007,308.967,313.006,346.128,370.99,404.08
0,"n23m0123.hpc.itc.rwth-aachen.de",36,"n23m0123.hpc.itc.rwth-aachen.de",36,"36",16384,20,243.146,269.715,301.083,312.571,357.228,399.209,409.992
0,"n23m0123.hpc.itc.rwth-aachen.de",37,"n23m0123.hpc.itc.rwth-aachen.de",37,"37",16384,20,235.619,255.704,310.06,309.533,344.413,392.178,397.814
0,"n23m0123.hpc.itc.rwth-aachen.de",38,"n23m0123.hpc.itc.rwth-aachen.de",38,"38",16384,20,253.217,302.426,351.108,341.271,374.394,405.908,428.342
0,"n23m0123.hpc.itc.rwth-aachen.de",39,"n23m0123.hpc.itc.rwth-aachen.de",39,"39",16384,20,227.996,288.207,327.814,323.273,356.361,393.719,413.388
0,"n23m0123.hpc.itc.rwth-aachen.de",40,"n23m0123.hpc.itc.rwth-aachen.de",40,"40",16384,20,233.913,285.828,313.034,312.116,345.328,365.627,371.798
0,"n23m0123.hpc.itc.rwth-aachen.de",41,"n23m0123.hpc.itc.rwth-aachen.de",41,"41",16384,20,252.009,317.811,344.638,341.384,365.121,402.139,408.433
0,"n23m0123.hpc.itc.rwth-aachen.de",42,"n23m0123.hpc.itc.rwth-aachen.de",42,"42",16384,20,247.618,261.631,319.007,315.447,351.164,378.569,380.602
0,"n23m0123.hpc.itc.rwth-aachen.de",43,"n23m0123.hpc.itc.rwth-aachen.de",43,"43",16384,20,245.081,274.699,340.692,329.345,364.355,389.934,421.572
0,"n23m0123.hpc.itc.rwth-aachen.de",44,"n23m0123.hpc.itc.rwth-aachen.de",44,"44",16384,20,237.984,265.927,321.986,318.885,355.357,402.472,420.265
0,"n23m0123.hpc.itc.rwth-aachen.de",45,"n23m0123.hpc.itc.rwth-aachen.de",45,"45",16384,20,253.074,301.306,323.768,332.487,368.267,399.924,437.192
0,"n23m0123.hpc.itc.rwth-aachen.de",46,"n23m0123.hpc.itc.rwth-aachen.de",46,"46",16384,20,235.993,296.2,357.964,331.2,372.254,379.274,386.067
0,"n23m0123.hpc.itc.rwth-aachen.de",47,"n23m0123.hpc.itc.rwth-aachen.de",47,"47",16384,20,239.875,305.806,324.701,331.599,369.036,390.478,438.744
0,"n23m0123.hpc.itc.rwth-aachen.de",48,"n23m0123.hpc.itc.rwth-aachen.de",48,"48",16384,20,261.468,294.097,323.046,328.915,370.03,395.594,408.479
0,"n23m0123.hpc.itc.rwth-aachen.de",49,"n23m0123.hpc.itc.rwth-aachen.de",49,"49",16384,20,244.85,295.808,327.196,331.944,367.799,417.134,459.605
0,"n23m0123.hpc.itc.rwth-aachen.de",50,"n23m0123.hpc.itc.rwth-aachen.de",50,"50",16384,20,266.803,296.491,319.558,320.349,349.599,360.807,367.178
0,"n23m0123.hpc.itc.rwth-aachen.de",51,"n23m0123.hpc.itc.rwth-aachen.de",51,"51",16384,20,260.814,330.077,354.287,349.269,373.224,406.997,430.177
0,"n23m0123.hpc.itc.rwth-aachen.de",52,"n23m0123.hpc.itc.rwth-aachen.de",52,"52",16384,20,244.575,288.582,319.74,321.69,355.037,391.598,416.314
0,"n23m0123.hpc.itc.rwth-aachen.de",53,"n23m0123.hpc.itc.rwth-aachen.de",53,"53",16384,20,264.512,284.182,313.609,312.884,333.48,367.643,407.056
0,"n23m0123.hpc.itc.rwth-aachen.de",54,"n23m0123.hpc.itc.rwth-aachen.de",54,"54",16384,20,279.151,318.132,340.387,343.927,369.295,400.758,412.494
0,"n23m0123.hpc.itc.rwth-aachen.de",55,"n23m0123.hpc.itc.rwth-aachen.de",55,"55",16384,20,258.885,302.428,338.526,331.121,360.895,372.904,412.98
0,"n23m0123.hpc.itc.rwth-aachen.de",56,"n23m0123.hpc.itc.rwth-aachen.de",56,"56",16384,20,282.103,317.156,338.387,338.696,365.711,381.658,388.775
0,"n23m0123.hpc.itc.rwth-aachen.de",57,"n23m0123.hpc.itc.rwth-aachen.de",57,"57",16384,20,245.976,301.247,349.137,337.845,379.403,395.575,395.998
0,"n23m0123.hpc.itc.rwth-aachen.de",58,"n23m0123.hpc.itc.rwth-aachen.de",58,"58",16384,20,263.963,307.603,344.304,342.782,370.134,410.473,431.276
0,"n23m0123.hpc.itc.rwth-aachen.de",59,"n23m0123.hpc.itc.rwth-aachen.de",59,"59",16384,20,299.274,312.173,351.204,343.784,360.045,392.047,414.524
0,"n23m0123.hpc.itc.rwth-aachen.de",60,"n23m0123.hpc.itc.rwth-aachen.de",60,"60",16384,20,306.078,349.487,361.876,360.144,373.551,402.471,405.153
0,"n23m0123.hpc.itc.rwth-aachen.de",61,"n23m0123.hpc.itc.rwth-aachen.de",61,"61",16384,20,265.219,321.009,346.245,347.24,371.844,404.821,423.401
0,"n23m0123.hpc.itc.rwth-aachen.de",62,"n23m0123.hpc.itc.rwth-aachen.de",62,"62",16384,20,266.375,318.952,341.432,346.213,369.57,401.788,422.767
0,"n23m0123.hpc.itc.rwth-aachen.de",63,"n23m0123.hpc.itc.rwth-aachen.de",63,"63",16384,20,281.166,320.987,343.727,350.92,374.198,420.282,437.144
0,"n23m0123.hpc.itc.rwth-aachen.de",64,"n23m0123.hpc.itc.rwth-aachen.de",64,"64",16384,20,6.28,7.06175,27.5415,69.9884,122.255,224.861,244.044
0,"n23m0123.hpc.itc.rwth-aachen.de",65,"n23m0123.hpc.itc.rwth-aachen.de",65,"65",16384,20,6.611,7.5265,11.424,37.7342,20.053,199.277,267.813
0,"n23m0123.hpc.itc.rwth-aachen.de",66,"n23m0123.hpc.itc.rwth-aachen.de",66,"66",16384,20,6.943,14.7283,25.499,98.3979,192.715,279.342,374.896
0,"n23m0123.hpc.itc.rwth-aachen.de",67,"n23m0123.hpc.itc.rwth-aachen.de",67,"67",16384,20,10.915,29.1852,146.43,149.908,215.342,398.468,410.809
0,"n23m0123.hpc.itc.rwth-aachen.de",68,"n23m0123.hpc.itc.rwth-aachen.de",68,"68",16384,20,6.851,11.953,19.843,72.8452,108.733,307.2,314.904
0,"n23m0123.hpc.itc.rwth-aachen.de",69,"n23m0123.hpc.itc.rwth-aachen.de",69,"69",16384,20,12.029,24.0998,95.6305,123.728,203.953,326.879,389.77
0,"n23m0123.hpc.itc.rwth-aachen.de",70,"n23m0123.hpc.itc.rwth-aachen.de",70,"70",16384,20,15.047,57.223,98.1905,121.67,157.404,246.501,382.004
0,"n23m0123.hpc.itc.rwth-aachen.de",71,"n23m0123.hpc.itc.rwth-aachen.de",71,"71",16384,20,18.462,58.4468,121.126,141.062,176.846,342.789,439.019
0,"n23m0123.hpc.itc.rwth-aachen.de",72,"n23m0123.hpc.itc.rwth-aachen.de",72,"72",16384,20,11.005,18.865,43.406,103.933,182.146,347.18,374.986
0,"n23m0123.hpc.itc.rwth-aachen.de",73,"n23m0123.hpc.itc.rwth-aachen.de",73,"73",16384,20,10.274,39.161,192.961,164.448,235.237,346.031,443.648
0,"n23m0123.hpc.itc.rwth-aachen.de",74,"n23m0123.hpc.itc.rwth-aachen.de",74,"74",16384,20,12.186,109.805,161.039,177.785,235.006,360.256,391.851
0,"n23m0123.hpc.itc.rwth-aachen.de",75,"n23m0123.hpc.itc.rwth-aachen.de",75,"75",16384,20,24.376,84.695,147.493,142.624,182.614,244.953,368.057
0,"n23m0123.hpc.itc.rwth-aachen.de",76,"n23m0123.hpc.itc.rwth-aachen.de",76,"76",16384,20,41.311,99.583,195.45,184.282,230.224,358.854,392.74
0,"n23m0123.hpc.itc.rwth-aachen.de",77,"n23m0123.hpc.itc.rwth-aachen.de",77,"77",16384,20,26.26,85.2047,143.421,193.356,300.947,413.52,434.216
0,"n23m0123.hpc.itc.rwth-aachen.de",78,"n23m0123.hpc.itc.rwth-aachen.de",78,"78",16384,20,60.576,76.2048,120.531,142.048,188.456,252.393,313.79
0,"n23m0123.hpc.itc.rwth-aachen.de",79,"n23m0123.hpc.itc.rwth-aachen.de",79,"79",16384,20,35.923,123.078,167.654,191.529,240.725,449.817,452.431
0,"n23m0123.hpc.itc.rwth-aachen.de",80,"n23m0123.hpc.itc.rwth-aachen.de",80,"80",16384,20,15.507,28.1463,83.5665,110.297,142.967,318.006,407.486
0,"n23m0123.hpc.itc.rwth-aachen.de",81,"n23m0123.hpc.itc.rwth-aachen.de",81,"81",16384,20,12.61,26.043,87.763,117.34,221.156,250.415,263.612
0,"n23m0123.hpc.itc.rwth-aachen.de",82,"n23m0123.hpc.itc.rwth-aachen.de",82,"82",16384,20,16.95,51.5633,172.147,176.596,262.019,343.092,356.027
0,"n23m0123.hpc.itc.rwth-aachen.de",83,"n23m0123.hpc.itc.rwth-aachen.de",83,"83",16384,20,36.042,137.898,197.339,190.993,232.721,339.158,355.694
0,"n23m0123.hpc.itc.rwth-aachen.de",84,"n23m0123.hpc.itc.rwth-aachen.de",84,"84",16384,20,22.027,41.729,173.645,156.352,222.063,349.214,386.79
0,"n23m0123.hpc.itc.rwth-aachen.de",85,"n23m0123.hpc.itc.rwth-aachen.de",85,"85",16384,20,42.774,99.6082,175.352,194.542,264.494,377.149,391.178
0,"n23m0123.hpc.itc.rwth-aachen.de",86,"n23m0123.hpc.itc.rwth-aachen.de",86,"86",16384,20,67.777,151.79,184.394,202.301,256.92,308.349,367.601
0,"n23m0123.hpc.itc.rwth-aachen.de",87,"n23m0123.hpc.itc.rwth-aachen.de",87,"87",16384,20,40.654,95.3498,129.551,161.369,237.851,302.914,317.192
0,"n23m0123.hpc.itc.rwth-aachen.de",88,"n23m0123.hpc.itc.rwth-aachen.de",88,"88",16384,20,37.96,83.4878,117.23,154.672,198.2,371.827,415.43
0,"n23m0123.hpc.itc.rwth-aachen.de",89,"n23m0123.hpc.itc.rwth-aachen.de",89,"89",16384,20,48.997,145.448,206.422,209.865,240.943,397.856,417.68
0,"n23m0123.hpc.itc.rwth-aachen.de",90,"n23m0123.hpc.itc.rwth-aachen.de",90,"90",16384,20,68.628,121.698,183.229,202.326,266.302,364.862,367.042
0,"n23m0123.hpc.itc.rwth-aachen.de",91,"n23m0123.hpc.itc.rwth-aachen.de",91,"91",16384,20,72.159,116.496,169.644,191.892,242.976,395.631,420.817
0,"n23m0123.hpc.itc.rwth-aachen.de",92,"n23m0123.hpc.itc.rwth-aachen.de",92,"92",16384,20,69.771,117.741,206.451,209.132,293.605,362.558,408.76
0,"n23m0123.hpc.itc.rwth-aachen.de",93,"n23m0123.hpc.itc.rwth-aachen.de",93,"93",16384,20,51.037,105.375,170.097,180.376,241.802,306.001,444.45
0,"n23m0123.hpc.itc.rwth-aachen.de",94,"n23m0123.hpc.itc.rwth-aachen.de",94,"94",16384,20,82.918,137.725,171.592,200.818,226.282,383.65,386.746
0,"n23m0123.hpc.itc.rwth-aachen.de",95,"n23m0123.hpc.itc.rwth-aachen.de",95,"95",16384,20,95.508,140.04,175.883,191.21,234.574,312.169,333.314
0,"n23m0123.hpc.itc.rwth-aachen.de",96,"r23m0124.hpc.itc.rwth-aachen.de",0,"0",16384,20,0.912,1.11975,2.048,1.87835,2.44825,3.02755,3.19
0,"n23m0123.hpc.itc.rwth-aachen.de",97,"r23m0124.hpc.itc.rwth-aachen.de",1,"1",16384,20,1.091,1.26975,1.363,1.36635,1.41825,1.56695,1.718
0,"n23m0123.hpc.itc.rwth-aachen.de",98,"r23m0124.hpc.itc.rwth-aachen.de",2,"2",16384,20,0.788,1.0315,1.078,1.0828,1.1915,1.2546,1.285
0,"n23m0123.hpc.itc.rwth-aachen.de",99,"r23m0124.hpc.itc.rwth-aachen.de",3,"3",16384,20,0.868,1.139,1.191,1.18405,1.268,1.36445,1.506
0,"n23m0123.hpc.itc.rwth-aachen.de",100,"r23m0124.hpc.itc.rwth-aachen.de",4,"4",16384,20,0.697,0.9925,1.1455,1.1161,1.221,1.3614,1.635
0,"n23m0123.hpc.itc.rwth-aachen.de",101,"r23m0124.hpc.itc.rwth-aachen.de",5,"5",16384,20,0.785,0.8755,0.939,1.017,1.0855,1.48585,1.749
0,"n23m0123.hpc.itc.rwth-aachen.de",102,"r23m0124.hpc.itc.rwth-aachen.de",6,"6",16384,20,0.886,1.21075,1.272,1.2701,1.44025,1.52405,1.544
0,"n23m0123.hpc.itc.rwth-aachen.de",103,"r23m0124.hpc.itc.rwth-aachen.de",7,"7",16384,20,0.842,0.93775,1.0095,1.0697,1.18175,1.33595,1.544
0,"n23m0123.hpc.itc.rwth-aachen.de",104,"r23m0124.hpc.itc.rwth-aachen.de",8,"8",16384,20,0.933,1.06475,1.387,1.7801,2.42825,2.98255,3.05
0,"n23m0123.hpc.itc.rwth-aachen.de",105,"r23m0124.hpc.itc.rwth-aachen.de",9,"9",16384,20,0.818,1.02325,1.069,1.0591,1.13175,1.17835,1.185
0,"n23m0123.hpc.itc.rwth-aachen.de",106,"r23m0124.hpc.itc.rwth-aachen.de",10,"10",16384,20,0.895,0.96875,1.1865,1.18995,1.32625,1.5898,1.643
0,"n23m0123.hpc.itc.rwth-aachen.de",107,"r23m0124.hpc.itc.rwth-aachen.de",11,"11",16384,20,0.882,0.9435,1.0615,1.2339,1.55325,1.76645,1.794
0,"n23m0123.hpc.itc.rwth-aachen.de",108,"r23m0124.hpc.itc.rwth-aachen.de",12,"12",16384,20,0.875,1.035,1.727,1.82815,2.57125,3.112,3.131
0,"n23m0123.hpc.itc.rwth-aachen.de",109,"r23m0124.hpc.itc.rwth-aachen.de",13,"13",16384,20,0.768,0.96975,1.228,1.17045,1.29075,1.53035,1.537
0,"n23m0123.hpc.itc.rwth-aachen.de",110,"r23m0124.hpc.itc.rwth-aachen.de",14,"14",16384,20,0.847,1.10125,1.274,1.27045,1.4365,1.5993,1.624
0,"n23m0123.hpc.itc.rwth-aachen.de",111,"r23m0124.hpc.itc.rwth-aachen.de",15,"15",16384,20,0.826,1.11275,1.3075,1.29225,1.4675,1.8014,1.828
0,"n23m0123.hpc.itc.rwth-aachen.de",112,"r23m0124.hpc.itc.rwth-aachen.de",16,"16",16384,20,0.847,0.9285,1.1305,1.0889,1.2065,1.2526,1.264
0,"n23m0123.hpc.itc.rwth-aachen.de",113,"r23m0124.hpc.itc.rwth-aachen.de",17,"17",16384,20,0.667,0.87025,1.3285,1.24845,1.53975,1.68675,1.701
0,"n23m0123.hpc.itc.rwth-aachen.de",114,"r23m0124.hpc.itc.rwth-aachen.de",18,"18",16384,20,0.947,1.28125,1.422,1.35605,1.482,1.60415,1.683
0,"n23m0123.hpc.itc.rwth-aachen.de",115,"r23m0124.hpc.itc.rwth-aachen.de",19,"19",16384,20,0.857,0.918,1.161,1.6434,2.661,3.1143,3.215
0,"n23m0123.hpc.itc.rwth-aachen.de",116,"r23m0124.hpc.itc.rwth-aachen.de",20,"20",16384,20,0.828,1.177,1.2755,1.24785,1.40025,1.46655,1.553
0,"n23m0123.hpc.itc.rwth-aachen.de",117,"r23m0124.hpc.itc.rwth-aachen.de",21,"21",16384,20,0.817,0.971,1.106,1.15625,1.35125,1.4774,1.523
0,"n23m0123.hpc.itc.rwth-aachen.de",118,"r23m0124.hpc.itc.rwth-aachen.de",22,"22",16384,20,0.921,1.24725,2.547,2.1163,2.72425,2.89475,3.156
0,"n23m0123.hpc.itc.rwth-aachen.de",119,"r23m0124.hpc.itc.rwth-aachen.de",23,"23",16384,20,0.824,1.06225,1.658,1.7666,2.36525,2.93005,3.083
0,"n23m0123.hpc.itc.rwth-aachen.de",120,"r23m0124.hpc.itc.rwth-aachen.de",24,"24",16384,20,0.778,1.0085,1.3035,1.9856,3.22175,3.54435,3.779
0,"n23m0123.hpc.itc.rwth-aachen.de",121,"r23m0124.hpc.itc.rwth-aachen.de",25,"25",16384,20,0.808,1.0505,1.1755,1.1291,1.233,1.28815,1.31
0,"n23m0123.hpc.itc.rwth-aachen.de",122,"r23m0124.hpc.itc.rwth-aachen.de",26,"26",16384,20,0.838,0.969,1.0545,1.0956,1.197,1.41085,1.56
0,"n23m0123.hpc.itc.rwth-aachen.de",123,"r23m0124.hpc.itc.rwth-aachen.de",27,"27",16384,20,0.86,1.0785,1.6955,2.0486,2.867,3.524,3.619
0,"n23m0123.hpc.itc.rwth-aachen.de",124,"r23m0124.hpc.itc.rwth-aachen.de",28,"28",16384,20,0.737,0.8735,1.03,1.00505,1.14825,1.18535,1.211
0,"n23m0123.hpc.itc.rwth-aachen.de",125,"r23m0124.hpc.itc.rwth-aachen.de",29,"29",16384,20,0.821,1.11425,2.268,2.1527,3.091,3.5203,3.545
0,"n23m0123.hpc.itc.rwth-aachen.de",126,"r23m0124.hpc.itc.rwth-aachen.de",30,"30",16384,20,0.86,1.1695,1.316,1.2722,1.38,1.5163,1.56
0,"n23m0123.hpc.itc.rwth-aachen.de",127,"r23m0124.hpc.itc.rwth-aachen.de",31,"31",16384,20,0.82,1.0375,1.265,1.21155,1.3725,1.45375,1.658
0,"n23m0123.hpc.itc.rwth-aachen.de",128,"r23m0124.hpc.itc.rwth-aachen.de",32,"32",16384,20,0.799,0.833,0.857,0.86725,0.883,0.97095,1.008
0,"n23m0123.hpc.itc.rwth-aachen.de",129,"r23m0124.hpc.itc.rwth-aachen.de",33,"33",16384,20,1.158,1.21575,1.2665,1.26755,1.29925,1.3765,1.424
0,"n23m0123.hpc.itc.rwth-aachen.de",130,"r23m0124.hpc.itc.rwth-aachen.de",34,"34",16384,20,0.841,1.38775,3.1455,2.4703,3.30975,3.55125,3.632
0,"n23m0123.hpc.itc.rwth-aachen.de",131,"r23m0124.hpc.itc.rwth-aachen.de",35,"35",16384,20,0.853,1.17825,1.2945,1.24135,1.3405,1.3835,1.431
0,"n23m0123.hpc.itc.rwth-aachen.de",132,"r23m0124.hpc.itc.rwth-aachen.de",36,"36",16384,20,0.952,1.2585,1.3385,1.3468,1.457,1.7069,1.762
0,"n23m0123.hpc.itc.rwth-aachen.de",133,"r23m0124.hpc.itc.rwth-aachen.de",37,"37",16384,20,0.893,1.24025,1.364,1.3156,1.449,1.516,1.535
0,"n23m0123.hpc.itc.rwth-aachen.de",134,"r23m0124.hpc.itc.rwth-aachen.de",38,"38",16384,20,0.755,1.018,2.2555,2.0544,2.91725,3.24145,3.269
0,"n23m0123.hpc.itc.rwth-aachen.de",135,"r23m0124.hpc.itc.rwth-aachen.de",39,"39",16384,20,0.938,1.0935,1.348,1.2779,1.42275,1.5045,1.533
0,"n23m0123.hpc.itc.rwth-aachen.de",136,"r23m0124.hpc.itc.rwth-aachen.de",40,"40",16384,20,1.049,1.9795,2.0915,2.12475,2.311,3.0045,3.109
0,"n23m0123.hpc.itc.rwth-aachen.de",137,"r23m0124.hpc.itc.rwth-aachen.de",41,"41",16384,20,0.808,0.946,2.0985,1.82805,2.52125,2.9143,2.92
0,"n23m0123.hpc.itc.rwth-aachen.de",138,"r23m0124.hpc.itc.rwth-aachen.de",42,"42",16384,20,0.803,0.88475,1.2185,1.6264,2.24975,2.77405,3.022
0,"n23m0123.hpc.itc.rwth-aachen.de",139,"r23m0124.hpc.itc.rwth-aachen.de",43,"43",16384,20,0.795,1.23,1.994,1.9928,2.81925,3.07285,3.165
0,"n23m0123.hpc.itc.rwth-aachen.de",140,"r23m0124.hpc.itc.rwth-aachen.de",44,"44",16384,20,0.841,0.96025,1.222,1.23305,1.42725,1.5613,1.662
0,"n23m0123.hpc.itc.rwth-aachen.de",141,"r23m0124.hpc.itc.rwth-aachen.de",45,"45",16384,20,0.778,0.8565,1.0265,1.0412,1.1255,1.38105,1.458
0,"n23m0123.hpc.itc.rwth-aachen.de",142,"r23m0124.hpc.itc.rwth-aachen.de",46,"46",16384,20,0.829,0.90625,1.034,1.19495,1.25625,2.1334,2.236
0,"n23m0123.hpc.itc.rwth-aachen.de",143,"r23m0124.hpc.itc.rwth-aachen.de",47,"47",16384,20,0.803,0.88625,1.149,1.1649,1.4425,1.5503,1.575
0,"n23m0123.hpc.itc.rwth-aachen.de",144,"r23m0124.hpc.itc.rwth-aachen.de",48,"48",16384,20,0.869,0.899,0.9195,0.93025,0.944,1.03065,1.062
0,"n23m0123.hpc.itc.rwth-aachen.de",145,"r23m0124.hpc.itc.rwth-aachen.de",49,"49",16384,20,0.81,0.836,0.865,0.8779,0.89875,0.98055,0.991
0,"n23m0123.hpc.itc.rwth-aachen.de",146,"r23m0124.hpc.itc.rwth-aachen.de",50,"50",16384,20,0.662,0.812,0.838,0.8536,0.88325,0.9762,1.132
0,"n23m0123.hpc.itc.rwth-aachen.de",147,"r23m0124.hpc.itc.rwth-aachen.de",51,"51",16384,20,0.829,0.862,0.898,0.90555,0.94425,0.9835,1.031
0,"n23m0123.hpc.itc.rwth-aachen.de",148,"r23m0124.hpc.itc.rwth-aachen.de",52,"52",16384,20,0.757,0.80975,0.8365,0.84145,0.87825,0.92285,0.939
0,"n23m0123.hpc.itc.rwth-aachen.de",149,"r23m0124.hpc.itc.rwth-aachen.de",53,"53",16384,20,0.745,0.79475,0.8445,0.86185,0.8905,1.04245,1.146
0,"n23m0123.hpc.itc.rwth-aachen.de",150,"r23m0124.hpc.itc.rwth-aachen.de",54,"54",16384,20,0.796,0.83475,0.854,0.87525,0.915,0.9923,0.998
0,"n23m0123.hpc.itc.rwth-aachen.de",151,"r23m0124.hpc.itc.rwth-aachen.de",55,"55",16384,20,0.796,0.849,0.877,0.8899,0.938,0.9575,0.967
0,"n23m0123.hpc.itc.rwth-aachen.de",152,"r23m0124.hpc.itc.rwth-aachen.de",56,"56",16384,20,0.785,0.81525,0.844,0.853,0.86625,0.9715,1
0,"n23m0123.hpc.itc.rwth-aachen.de",153,"r23m0124.hpc.itc.rwth-aachen.de",57,"57",16384,20,0.793,0.85925,0.886,0.886,0.919,0.95015,0.953
0,"n23m0123.hpc.itc.rwth-aachen.de",154,"r23m0124.hpc.itc.rwth-aachen.de",58,"58",16384,20,0.816,0.8565,0.888,0.8897,0.91925,0.9631,0.965
0,"n23m0123.hpc.itc.rwth-aachen.de",155,"r23m0124.hpc.itc.rwth-aachen.de",59,"59",16384,20,0.792,0.874,0.9185,0.91025,0.946,0.9934,1.001
0,"n23m0123.hpc.itc.rwth-aachen.de",156,"r23m0124.hpc.itc.rwth-aachen.de",60,"60",16384,20,0.665,0.79,0.845,0.83925,0.8875,0.96505,1.004
0,"n23m0123.hpc.itc.rwth-aachen.de",157,"r23m0124.hpc.itc.rwth-aachen.de",61,"61",16384,20,0.756,0.82425,0.863,0.8725,0.911,0.97105,1.01
0,"n23m0123.hpc.itc.rwth-aachen.de",158,"r23m0124.hpc.itc.rwth-aachen.de",62,"62",16384,20,0.802,0.84725,0.8845,0.8851,0.92075,0.95985,0.995
0,"n23m0123.hpc.itc.rwth-aachen.de",159,"r23m0124.hpc.itc.rwth-aachen.de",63,"63",16384,20,0.763,0.85,0.876,0.8806,0.894,1.045,1.102
0,"n23m0123.hpc.itc.rwth-aachen.de",160,"r23m0124.hpc.itc.rwth-aachen.de",64,"64",16384,20,0.787,0.8165,0.844,0.862,0.89075,0.9482,1.009
0,"n23m0123.hpc.itc.rwth-aachen.de",161,"r23m0124.hpc.itc.rwth-aachen.de",65,"65",16384,20,0.773,0.7945,0.839,0.8615,0.899,1.02845,1.094
0,"n23m0123.hpc.itc.rwth-aachen.de",162,"r23m0124.hpc.itc.rwth-aachen.de",66,"66",16384,20,0.744,0.795,0.814,0.82275,0.85525,0.88375,0.898
0,"n23m0123.hpc.itc.rwth-aachen.de",163,"r23m0124.hpc.itc.rwth-aachen.de",67,"67",16384,20,0.788,0.84075,0.8575,0.8751,0.915,0.9799,0.997
0,"n23m0123.hpc.itc.rwth-aachen.de",164,"r23m0124.hpc.itc.rwth-aachen.de",68,"68",16384,20,0.825,0.86725,0.895,0.8984,0.931,0.95815,0.98
0,"n23m0123.hpc.itc.rwth-aachen.de",165,"r23m0124.hpc.itc.rwth-aachen.de",69,"69",16384,20,0.768,0.8415,0.862,0.8591,0.8795,0.9323,0.938
0,"n23m0123.hpc.itc.rwth-aachen.de",166,"r23m0124.hpc.itc.rwth-aachen.de",70,"70",16384,20,0.748,0.785,0.8195,0.8248,0.8515,0.9151,0.936
0,"n23m0123.hpc.itc.rwth-aachen.de",167,"r23m0124.hpc.itc.rwth-aachen.de",71,"71",16384,20,0.822,0.87625,0.9015,0.90115,0.93375,0.9542,0.958
0,"n23m0123.hpc.itc.rwth-aachen.de",168,"r23m0124.hpc.itc.rwth-aachen.de",72,"72",16384,20,0.768,0.82475,0.862,0.8648,0.90125,0.95735,0.964
0,"n23m0123.hpc.itc.rwth-aachen.de",169,"r23m0124.hpc.itc.rwth-aachen.de",73,"73",16384,20,0.768,0.79225,0.836,0.84695,0.8775,0.95715,1.055
0,"n23m0123.hpc.itc.rwth-aachen.de",170,"r23m0124.hpc.itc.rwth-aachen.de",74,"74",16384,20,0.726,0.82075,0.8555,0.853,0.8835,0.94765,0.96
0,"n23m0123.hpc.itc.rwth-aachen.de",171,"r23m0124.hpc.itc.rwth-aachen.de",75,"75",16384,20,0.78,0.8315,0.8575,0.86795,0.90125,0.9952,1.037
0,"n23m0123.hpc.itc.rwth-aachen.de",172,"r23m0124.hpc.itc.rwth-aachen.de",76,"76",16384,20,0.8,0.8305,0.8495,0.8742,0.89525,0.9715,1.076
0,"n23m0123.hpc.itc.rwth-aachen.de",173,"r23m0124.hpc.itc.rwth-aachen.de",77,"77",16384,20,0.755,0.7965,0.816,0.825,0.85425,0.8821,0.922
0,"n23m0123.hpc.itc.rwth-aachen.de",174,"r23m0124.hpc.itc.rwth-aachen.de",78,"78",16384,20,0.71,0.80325,0.845,0.8789,0.933,1.11155,1.122
0,"n23m0123.hpc.itc.rwth-aachen.de",175,"r23m0124.hpc.itc.rwth-aachen.de",79,"79",16384,20,0.704,0.81075,0.883,0.87655,0.94,1.01175,1.064
0,"n23m0123.hpc.itc.rwth-aachen.de",176,"r23m0124.hpc.itc.rwth-aachen.de",80,"80",16384,20,0.775,0.8205,0.851,0.8456,0.868,0.8952,0.918
0,"n23m0123.hpc.itc.rwth-aachen.de",177,"r23m0124.hpc.itc.rwth-aachen.de",81,"81",16384,20,0.69,0.85875,0.895,0.9043,0.94175,1.09015,1.093
0,"n23m0123.hpc.itc.rwth-aachen.de",178,"r23m0124.hpc.itc.rwth-aachen.de",82,"82",16384,20,0.735,0.80225,0.841,0.8582,0.883,1.01105,1.145
0,"n23m0123.hpc.itc.rwth-aachen.de",179,"r23m0124.hpc.itc.rwth-aachen.de",83,"83",16384,20,0.768,0.84925,0.8715,0.88535,0.90675,1.0165,1.026
0,"n23m0123.hpc.itc.rwth-aachen.de",180,"r23m0124.hpc.itc.rwth-aachen.de",84,"84",16384,20,0.778,0.801,0.828,0.8326,0.85475,0.897,0.935
0,"n23m0123.hpc.itc.rwth-aachen.de",181,"r23m0124.hpc.itc.rwth-aachen.de",85,"85",16384,20,0.755,0.81225,0.833,0.8304,0.8485,0.8802,0.922
0,"n23m0123.hpc.itc.rwth-aachen.de",182,"r23m0124.hpc.itc.rwth-aachen.de",86,"86",16384,20,0.794,0.8295,0.8735,0.87165,0.9025,0.92135,1.042
0,"n23m0123.hpc.itc.rwth-aachen.de",183,"r23m0124.hpc.itc.rwth-aachen.de",87,"87",16384,20,0.771,0.797,0.808,0.8211,0.826,0.8822,0.962
0,"n23m0123.hpc.itc.rwth-aachen.de",184,"r23m0124.hpc.itc.rwth-aachen.de",88,"88",16384,20,0.675,0.838,0.9275,0.9059,0.9625,1.0922,1.096
0,"n23m0123.hpc.itc.rwth-aachen.de",185,"r23m0124.hpc.itc.rwth-aachen.de",89,"89",16384,20,0.714,0.82175,0.8465,0.84795,0.871,0.92705,0.947
0,"n23m0123.hpc.itc.rwth-aachen.de",186,"r23m0124.hpc.itc.rwth-aachen.de",90,"90",16384,20,0.75,0.80275,0.8295,0.83275,0.8455,0.9364,0.944
0,"n23m0123.hpc.itc.rwth-aachen.de",187,"r23m0124.hpc.itc.rwth-aachen.de",91,"91",16384,20,0.753,0.79425,0.8305,0.83035,0.87025,0.91205,0.932
0,"n23m0123.hpc.itc.rwth-aachen.de",188,"r23m0124.hpc.itc.rwth-aachen.de",92,"92",16384,20,0.784,0.8245,0.865,0.87275,0.9,0.9592,1.058
0,"n23m0123.hpc.itc.rwth-aachen.de",189,"r23m0124.hpc.itc.rwth-aachen.de",93,"93",16384,20,0.768,0.842,0.881,0.8787,0.91325,0.9795,1.008
0,"n23m0123.hpc.itc.rwth-aachen.de",190,"r23m0124.hpc.itc.rwth-aachen.de",94,"94",16384,20,0.791,0.834,0.8515,0.8542,0.87025,0.95785,0.993
0,"n23m0123.hpc.itc.rwth-aachen.de",191,"r23m0124.hpc.itc.rwth-aachen.de",95,"95",16384,20,0.797,0.84075,0.8775,0.87295,0.89475,0.93525,0.94
0,"n23m0123.hpc.itc.rwth-aachen.de",1,"n23m0123.hpc.itc.rwth-aachen.de",1,"1",65536,20,43.991,261.717,360.827,441.697,617.114,857.665,867.099
0,"n23m0123.hpc.itc.rwth-aachen.de",2,"n23m0123.hpc.itc.rwth-aachen.de",2,"2",65536,20,54.292,176.982,353.255,374.584,579.083,779.35,781.583
0,"n23m0123.hpc.itc.rwth-aachen.de",3,"n23m0123.hpc.itc.rwth-aachen.de",3,"3",65536,20,53.36,239.797,387.818,466.096,747.538,899.999,922.227
0,"n23m0123.hpc.itc.rwth-aachen.de",4,"n23m0123.hpc.itc.rwth-aachen.de",4,"4",65536,20,46.619,222.59,331.707,415.183,666.424,818.75,861.495
0,"n23m0123.hpc.itc.rwth-aachen.de",5,"n23m0123.hpc.itc.rwth-aachen.de",5,"5",65536,20,48.405,156.542,207.391,301.772,360.17,857.35,883.583
0,"n23m0123.hpc.itc.rwth-aachen.de",6,"n23m0123.hpc.itc.rwth-aachen.de",6,"6",65536,20,22.319,155.997,240.081,342.162,503.687,757.953,897.056
0,"n23m0123.hpc.itc.rwth-aachen.de",7,"n23m0123.hpc.itc.rwth-aachen.de",7,"7",65536,20,21.816,150.535,306.07,339.825,446.56,759.213,887.369
0,"n23m0123.hpc.itc.rwth-aachen.de",8,"n23m0123.hpc.itc.rwth-aachen.de",8,"8",65536,20,85.134,269.611,692.279,573.817,787.835,948.564,987.748
0,"n23m0123.hpc.itc.rwth-aachen.de",9,"n23m0123.hpc.itc.rwth-aachen.de",9,"9",65536,20,179.723,522.187,631.631,610.087,756.693,854.306,966.845
0,"n23m0123.hpc.itc.rwth-aachen.de",10,"n23m0123.hpc.itc.rwth-aachen.de",10,"10",65536,20,101.413,204.441,375.323,428.266,602.587,893.773,908.291
0,"n23m0123.hpc.itc.rwth-aachen.de",11,"n23m0123.hpc.itc.rwth-aachen.de",11,"11",65536,20,25.71,337.511,407.024,462.055,732.531,843.949,878.494
0,"n23m0123.hpc.itc.rwth-aachen.de",12,"n23m0123.hpc.itc.rwth-aachen.de",12,"12",65536,20,58.881,224.088,392.962,404.693,494.193,805.567,877.786
0,"n23m0123.hpc.itc.rwth-aachen.de",13,"n23m0123.hpc.itc.rwth-aachen.de",13,"13",65536,20,66.863,240.803,324.014,295.426,396.927,421.717,473.366
0,"n23m0123.hpc.itc.rwth-aachen.de",14,"n23m0123.hpc.itc.rwth-aachen.de",14,"14",65536,20,79.249,179.614,281.073,377.835,537.581,821.826,855.886
0,"n23m0123.hpc.itc.rwth-aachen.de",15,"n23m0123.hpc.itc.rwth-aachen.de",15,"15",65536,20,106.637,260.44,435.509,471.533,717.476,847.36,864.4
0,"n23m0123.hpc.itc.rwth-aachen.de",16,"n23m0123.hpc.itc.rwth-aachen.de",16,"16",65536,20,104.755,270.533,395.085,446.835,615.488,796.069,926.112
0,"n23m0123.hpc.itc.rwth-aachen.de",17,"n23m0123.hpc.itc.rwth-aachen.de",17,"17",65536,20,42.634,325.71,571.968,535.955,748.13,918.16,934.405
0,"n23m0123.hpc.itc.rwth-aachen.de",18,"n23m0123.hpc.itc.rwth-aachen.de",18,"18",65536,20,212.487,287.942,420.979,495.899,759.475,827.234,914.007
0,"n23m0123.hpc.itc.rwth-aachen.de",19,"n23m0123.hpc.itc.rwth-aachen.de",19,"19",65536,20,77.698,326.148,435.454,455.834,609.075,851.65,869.861
0,"n23m0123.hpc.itc.rwth-aachen.de",20,"n23m0123.hpc.itc.rwth-aachen.de",20,"20",65536,20,82.33,268.325,362.956,426.569,524.591,858.589,918.282
0,"n23m0123.hpc.itc.rwth-aachen.de",21,"n23m0123.hpc.itc.rwth-aachen.de",21,"21",65536,20,11.508,236.329,455.361,442.844,676.878,765.974,927.366
0,"n23m0123.hpc.itc.rwth-aachen.de",22,"n23m0123.hpc.itc.rwth-aachen.de",22,"22",65536,20,21.532,190.763,390.009,407.862,615.909,783.867,828.676
0,"n23m0123.hpc.itc.rwth-aachen.de",23,"n23m0123.hpc.itc.rwth-aachen.de",23,"23",65536,20,12.319,267.071,378.014,437.976,697.607,848.121,861.248
0,"n23m0123.hpc.itc.rwth-aachen.de",24,"n23m0123.hpc.itc.rwth-aachen.de",24,"24",65536,20,71.263,239.648,336.245,390.224,484.666,810.65,911.895
0,"n23m0123.hpc.itc.rwth-aachen.de",25,"n23m0123.hpc.itc.rwth-aachen.de",25,"25",65536,20,21.771,126.039,385.675,392.945,533.119,899.763,936.236
0,"n23m0123.hpc.itc.rwth-aachen.de",26,"n23m0123.hpc.itc.rwth-aachen.de",26,"26",65536,20,13.454,242.279,352.892,440.023,728.506,816.421,926.945
0,"n23m0123.hpc.itc.rwth-aachen.de",27,"n23m0123.hpc.itc.rwth-aachen.de",27,"27",65536,20,64.56,164.484,331.151,342.145,440.769,703.377,708.86
0,"n23m0123.hpc.itc.rwth-aachen.de",28,"n23m0123.hpc.itc.rwth-aachen.de",28,"28",65536,20,22.354,197.092,325.009,432.894,729.863,844.913,951.124
0,"n23m0123.hpc.itc.rwth-aachen.de",29,"n23m0123.hpc.itc.rwth-aachen.de",29,"29",65536,20,12.078,43.4363,127.386,229.964,363.07,731.149,787.467
0,"n23m0123.hpc.itc.rwth-aachen.de",30,"n23m0123.hpc.itc.rwth-aachen.de",30,"30",65536,20,12.181,105.754,203.476,302.607,412.032,823.643,850.542
0,"n23m0123.hpc.itc.rwth-aachen.de",31,"n23m0123.hpc.itc.rwth-aachen.de",31,"31",65536,20,30.961,97.563,295.902,348.689,522.407,842.689,881.018
0,"n23m0123.hpc.itc.rwth-aachen.de",32,"n23m0123.hpc.itc.rwth-aachen.de",32,"32",65536,20,413.899,576.103,680.689,650.277,722.242,772.186,808.876
0,"n23m0123.hpc.itc.rwth-aachen.de",33,"n23m0123.hpc.itc.rwth-aachen.de",33,"33",65536,20,424.776,504.139,587.963,610.251,721.339,816.766,899.162
0,"n23m0123.hpc.itc.rwth-aachen.de",34,"n23m0123.hpc.itc.rwth-aachen.de",34,"34",65536,20,402.023,442.283,523.38,571.095,703.759,793.266,814.021
0,"n23m0123.hpc.itc.rwth-aachen.de",35,"n23m0123.hpc.itc.rwth-aachen.de",35,"35",65536,20,390.245,526.615,606.169,621.483,736.366,792.436,830.467
0,"n23m0123.hpc.itc.rwth-aachen.de",36,"n23m0123.hpc.itc.rwth-aachen.de",36,"36",65536,20,401.517,467.472,640.761,641.772,768.828,915.946,969.886
0,"n23m0123.hpc.itc.rwth-aachen.de",37,"n23m0123.hpc.itc.rwth-aachen.de",37,"37",65536,20,407.157,491.263,595.114,606.304,725.719,820.881,836.486
0,"n23m0123.hpc.itc.rwth-aachen.de",38,"n23m0123.hpc.itc.rwth-aachen.de",38,"38",65536,20,407.024,470.68,575.827,596.315,708.034,828.316,858.077
0,"n23m0123.hpc.itc.rwth-aachen.de",39,"n23m0123.hpc.itc.rwth-aachen.de",39,"39",65536,20,397.488,530.938,695.94,655.772,745.271,831.869,947.979
0,"n23m0123.hpc.itc.rwth-aachen.de",40,"n23m0123.hpc.itc.rwth-aachen.de",40,"40",65536,20,473.092,581.101,679.051,670.713,744.666,797.761,956.044
0,"n23m0123.hpc.itc.rwth-aachen.de",41,"n23m0123.hpc.itc.rwth-aachen.de",41,"41",65536,20,443.47,541.375,577.5,615.308,702.591,781.266,888.869
0,"n23m0123.hpc.itc.rwth-aachen.de",42,"n23m0123.hpc.itc.rwth-aachen.de",42,"42",65536,20,405.878,540.697,720.876,683.941,803.656,926.318,928.887
0,"n23m0123.hpc.itc.rwth-aachen.de",43,"n23m0123.hpc.itc.rwth-aachen.de",43,"43",65536,20,423.565,524.697,602.364,610.242,687.257,803.694,852.027
0,"n23m0123.hpc.itc.rwth-aachen.de",44,"n23m0123.hpc.itc.rwth-aachen.de",44,"44",65536,20,504.892,560.203,631.138,671.606,792.296,841.017,944.156
0,"n23m0123.hpc.itc.rwth-aachen.de",45,"n23m0123.hpc.itc.rwth-aachen.de",45,"45",65536,20,405.586,464.884,619.936,617.535,746.938,825.923,861.3
0,"n23m0123.hpc.itc.rwth-aachen.de",46,"n23m0123.hpc.itc.rwth-aachen.de",46,"46",65536,20,404.804,555.707,624.174,642.609,731.89,829.32,968.107
0,"n23m0123.hpc.itc.rwth-aachen.de",47,"n23m0123.hpc.itc.rwth-aachen.de",47,"47",65536,20,426.318,554.06,667.066,651.404,757.095,816.168,919.46
0,"n23m0123.hpc.itc.rwth-aachen.de",48,"n23m0123.hpc.itc.rwth-aachen.de",48,"48",65536,20,413.796,551.477,603.401,631.53,701.199,845.391,855.566
0,"n23m0123.hpc.itc.rwth-aachen.de",49,"n23m0123.hpc.itc.rwth-aachen.de",49,"49",65536,20,410.538,508.998,663.703,628.138,708.323,806.132,920.355
0,"n23m0123.hpc.itc.rwth-aachen.de",50,"n23m0123.hpc.itc.rwth-aachen.de",50,"50",65536,20,448.928,568.319,609.903,627.108,671.876,840.626,872.179
0,"n23m0123.hpc.itc.rwth-aachen.de",51,"n23m0123.hpc.itc.rwth-aachen.de",51,"51",65536,20,403.069,532.532,582.779,571.191,625.118,664.099,701.172
0,"n23m0123.hpc.itc.rwth-aachen.de",52,"n23m0123.hpc.itc.rwth-aachen.de",52,"52",65536,20,460.61,555.303,691.784,694.94,803.892,890.733,892.515
0,"n23m0123.hpc.itc.rwth-aachen.de",53,"n23m0123.hpc.itc.rwth-aachen.de",53,"53",65536,20,480.873,556.158,688.25,675.228,783.121,857.341,867.361
0,"n23m0123.hpc.itc.rwth-aachen.de",54,"n23m0123.hpc.itc.rwth-aachen.de",54,"54",65536,20,430.174,595.961,646.91,650.463,700.721,909.396,909.696
0,"n23m0123.hpc.itc.rwth-aachen.de",55,"n23m0123.hpc.itc.rwth-aachen.de",55,"55",65536,20,439.606,525.566,609.038,617.625,707.475,800.122,806.172
0,"n23m0123.hpc.itc.rwth-aachen.de",56,"n23m0123.hpc.itc.rwth-aachen.de",56,"56",65536,20,482.441,616.361,656.068,675.103,752.581,823.413,844.685
0,"n23m0123.hpc.itc.rwth-aachen.de",57,"n23m0123.hpc.itc.rwth-aachen.de",57,"57",65536,20,458.79,537.399,608.519,639.301,755.967,850.05,853.26
0,"n23m0123.hpc.itc.rwth-aachen.de",58,"n23m0123.hpc.itc.rwth-aachen.de",58,"58",65536,20,417.062,499.07,620.705,612.198,685.548,797.718,891.195
0,"n23m0123.hpc.itc.rwth-aachen.de",59,"n23m0123.hpc.itc.rwth-aachen.de",59,"59",65536,20,461.162,534.913,638.457,635.127,727.82,834.691,843.541
0,"n23m0123.hpc.itc.rwth-aachen.de",60,"n23m0123.hpc.itc.rwth-aachen.de",60,"60",65536,20,435.629,569.834,672.255,669.515,779.345,845.723,871.365
0,"n23m0123.hpc.itc.rwth-aachen.de",61,"n23m0123.hpc.itc.rwth-aachen.de",61,"61",65536,20,526.283,584.118,676.101,674.359,728.796,836.779,879.501
0,"n23m0123.hpc.itc.rwth-aachen.de",62,"n23m0123.hpc.itc.rwth-aachen.de",62,"62",65536,20,396.457,515.114,618.407,607.915,682.021,817.663,841.496
0,"n23m0123.hpc.itc.rwth-aachen.de",63,"n23m0123.hpc.itc.rwth-aachen.de",63,"63",65536,20,450.869,586.805,658.726,675.583,790.356,879.241,895.979
0,"n23m0123.hpc.itc.rwth-aachen.de",64,"n23m0123.hpc.itc.rwth-aachen.de",64,"64",65536,20,14.659,601.832,685.164,625.793,750.728,809.014,822.531
0,"n23m0123.hpc.itc.rwth-aachen.de",65,"n23m0123.hpc.itc.rwth-aachen.de",65,"65",65536,20,23.449,92.739,250.116,292.411,393.497,710.326,722.562
0,"n23m0123.hpc.itc.rwth-aachen.de",66,"n23m0123.hpc.itc.rwth-aachen.de",66,"66",65536,20,12.678,195.534,318.621,342.888,519.777,687.022,838.869
0,"n23m0123.hpc.itc.rwth-aachen.de",67,"n23m0123.hpc.itc.rwth-aachen.de",67,"67",65536,20,32.842,262.433,386.178,412.878,576.649,777.416,820.232
0,"n23m0123.hpc.itc.rwth-aachen.de",68,"n23m0123.hpc.itc.rwth-aachen.de",68,"68",65536,20,15.46,142.737,240.865,351.69,489.23,886.589,891.582
0,"n23m0123.hpc.itc.rwth-aachen.de",69,"n23m0123.hpc.itc.rwth-aachen.de",69,"69",65536,20,12.733,101.893,170.877,293.447,421.129,770.322,787.386
0,"n23m0123.hpc.itc.rwth-aachen.de",70,"n23m0123.hpc.itc.rwth-aachen.de",70,"70",65536,20,13.922,67.558,192.12,272.645,422.967,694.658,852.385
0,"n23m0123.hpc.itc.rwth-aachen.de",71,"n23m0123.hpc.itc.rwth-aachen.de",71,"71",65536,20,12.695,54.638,227.517,297.02,491.098,797.836,847.694
0,"n23m0123.hpc.itc.rwth-aachen.de",72,"n23m0123.hpc.itc.rwth-aachen.de",72,"72",65536,20,31.699,102.243,298.827,303.076,418.409,659.63,723.915
0,"n23m0123.hpc.itc.rwth-aachen.de",73,"n23m0123.hpc.itc.rwth-aachen.de",73,"73",65536,20,33.222,185.332,284.905,366.946,543.435,916.558,952.873
0,"n23m0123.hpc.itc.rwth-aachen.de",74,"n23m0123.hpc.itc.rwth-aachen.de",74,"74",65536,20,48.341,224.713,341.56,409.054,625.237,823.648,911.01
0,"n23m0123.hpc.itc.rwth-aachen.de",75,"n23m0123.hpc.itc.rwth-aachen.de",75,"75",65536,20,14.414,142.425,316.491,382.488,690.998,898.366,907.803
0,"n23m0123.hpc.itc.rwth-aachen.de",76,"n23m0123.hpc.itc.rwth-aachen.de",76,"76",65536,20,24.166,173.92,347.905,395.718,626.951,820.925,828.244
0,"n23m0123.hpc.itc.rwth-aachen.de",77,"n23m0123.hpc.itc.rwth-aachen.de",77,"77",65536,20,32.314,197.967,307.651,374.147,599.027,759.473,819.299
0,"n23m0123.hpc.itc.rwth-aachen.de",78,"n23m0123.hpc.itc.rwth-aachen.de",78,"78",65536,20,13.026,236.042,397.83,472.243,753.347,904.282,921.439
0,"n23m0123.hpc.itc.rwth-aachen.de",79,"n23m0123.hpc.itc.rwth-aachen.de",79,"79",65536,20,84.334,267.292,393.416,464.243,674.642,898.317,916.611
0,"n23m0123.hpc.itc.rwth-aachen.de",80,"n23m0123.hpc.itc.rwth-aachen.de",80,"80",65536,20,49.269,137.644,345.626,389.791,692.944,773.774,942.24
0,"n23m0123.hpc.itc.rwth-aachen.de",81,"n23m0123.hpc.itc.rwth-aachen.de",81,"81",65536,20,12.827,157.285,233.083,257.743,378.604,524.403,550.708
0,"n23m0123.hpc.itc.rwth-aachen.de",82,"n23m0123.hpc.itc.rwth-aachen.de",82,"82",65536,20,21.135,199.245,344.068,427.46,719.796,788.422,886.374
0,"n23m0123.hpc.itc.rwth-aachen.de",83,"n23m0123.hpc.itc.rwth-aachen.de",83,"83",65536,20,27.055,147.178,340.171,391.519,628.395,859.685,896.877
0,"n23m0123.hpc.itc.rwth-aachen.de",84,"n23m0123.hpc.itc.rwth-aachen.de",84,"84",65536,20,120.93,197.181,338.171,396.719,525.013,838.902,942.846
0,"n23m0123.hpc.itc.rwth-aachen.de",85,"n23m0123.hpc.itc.rwth-aachen.de",85,"85",65536,20,45.876,218.921,296.506,321.757,424.699,614.024,692.905
0,"n23m0123.hpc.itc.rwth-aachen.de",86,"n23m0123.hpc.itc.rwth-aachen.de",86,"86",65536,20,58.987,154.025,323.043,379.027,493.211,891.522,895.597
0,"n23m0123.hpc.itc.rwth-aachen.de",87,"n23m0123.hpc.itc.rwth-aachen.de",87,"87",65536,20,33.472,226.782,286.471,376.889,411.678,852.124,931.52
0,"n23m0123.hpc.itc.rwth-aachen.de",88,"n23m0123.hpc.itc.rwth-aachen.de",88,"88",65536,20,89.877,164.76,337.591,337.425,435.854,715.115,715.608
0,"n23m0123.hpc.itc.rwth-aachen.de",89,"n23m0123.hpc.itc.rwth-aachen.de",89,"89",65536,20,32.602,275.421,337.73,334.318,400.379,660.961,730.445
0,"n23m0123.hpc.itc.rwth-aachen.de",90,"n23m0123.hpc.itc.rwth-aachen.de",90,"90",65536,20,22.19,83.6075,223.199,323.093,466.113,830.676,886.945
0,"n23m0123.hpc.itc.rwth-aachen.de",91,"n23m0123.hpc.itc.rwth-aachen.de",91,"91",65536,20,13.74,133.198,202.048,284.596,428.448,638.177,672.164
0,"n23m0123.hpc.itc.rwth-aachen.de",92,"n23m0123.hpc.itc.rwth-aachen.de",92,"92",65536,20,135.293,225.302,345.645,387.657,560.247,685.281,773.925
0,"n23m0123.hpc.itc.rwth-aachen.de",93,"n23m0123.hpc.itc.rwth-aachen.de",93,"93",65536,20,12.235,167.308,233.052,312.021,345.937,805.413,913.172
0,"n23m0123.hpc.itc.rwth-aachen.de",94,"n23m0123.hpc.itc.rwth-aachen.de",94,"94",65536,20,42.818,201.92,256.534,337.516,440.12,703.62,739.047
0,"n23m0123.hpc.itc.rwth-aachen.de",95,"n23m0123.hpc.itc.rwth-aachen.de",95,"95",65536,20,21.938,101.233,313.082,347.054,505.45,740.466,868.531
0,"n23m0123.hpc.itc.rwth-aachen.de",96,"r23m0124.hpc.itc.rwth-aachen.de",0,"0",65536,20,3.296,3.67525,6.028,5.7765,7.19625,8.9027,9.391
0,"n23m0123.hpc.itc.rwth-aachen.de",97,"r23m0124.hpc.itc.rwth-aachen.de",1,"1",65536,20,3.332,3.7275,4.443,4.28495,4.629,5.32935,5.659
0,"n23m0123.hpc.itc.rwth-aachen.de",98,"r23m0124.hpc.itc.rwth-aachen.de",2,"2",65536,20,2.46,3.609,4.155,4.0905,4.4435,4.8246,5.653
0,"n23m0123.hpc.itc.rwth-aachen.de",99,"r23m0124.hpc.itc.rwth-aachen.de",3,"3",65536,20,3.564,4.12175,4.539,4.44035,4.70125,5.15925,5.62
0,"n23m0123.hpc.itc.rwth-aachen.de",100,"r23m0124.hpc.itc.rwth-aachen.de",4,"4",65536,20,3.21,3.789,4.0275,3.98805,4.28425,4.46095,4.707
0,"n23m0123.hpc.itc.rwth-aachen.de",101,"r23m0124.hpc.itc.rwth-aachen.de",5,"5",65536,20,3.454,4.02625,4.2585,4.31315,4.59575,5.20575,5.524
0,"n23m0123.hpc.itc.rwth-aachen.de",102,"r23m0124.hpc.itc.rwth-aachen.de",6,"6",65536,20,3.542,3.99425,4.4145,4.41035,4.6615,5.39105,5.487
0,"n23m0123.hpc.itc.rwth-aachen.de",103,"r23m0124.hpc.itc.rwth-aachen.de",7,"7",65536,20,2.784,3.6065,3.937,3.951,4.365,4.57125,4.861
0,"n23m0123.hpc.itc.rwth-aachen.de",104,"r23m0124.hpc.itc.rwth-aachen.de",8,"8",65536,20,3.638,4.62975,6.5305,6.4301,8.02375,9.4096,9.459
0,"n23m0123.hpc.itc.rwth-aachen.de",105,"r23m0124.hpc.itc.rwth-aachen.de",9,"9",65536,20,2.798,3.57875,3.938,3.90945,4.16525,4.56475,5.035
0,"n23m0123.hpc.itc.rwth-aachen.de",106,"r23m0124.hpc.itc.rwth-aachen.de",10,"10",65536,20,2.661,3.4115,3.643,3.97505,4.7385,4.99005,5.029
0,"n23m0123.hpc.itc.rwth-aachen.de",107,"r23m0124.hpc.itc.rwth-aachen.de",11,"11",65536,20,3.675,4.15325,4.549,4.53545,4.9155,5.5019,5.538
0,"n23m0123.hpc.itc.rwth-aachen.de",108,"r23m0124.hpc.itc.rwth-aachen.de",12,"12",65536,20,2.833,3.457,3.9965,5.35535,7.9325,8.48665,8.537
0,"n23m0123.hpc.itc.rwth-aachen.de",109,"r23m0124.hpc.itc.rwth-aachen.de",13,"13",65536,20,2.917,3.44425,3.784,3.84325,4.139,4.97365,5.233
0,"n23m0123.hpc.itc.rwth-aachen.de",110,"r23m0124.hpc.itc.rwth-aachen.de",14,"14",65536,20,3.184,3.812,4.0775,4.1069,4.17575,5.1469,5.487
0,"n23m0123.hpc.itc.rwth-aachen.de",111,"r23m0124.hpc.itc.rwth-aachen.de",15,"15",65536,20,3.402,4.06625,4.544,4.53585,4.89125,5.55505,5.727
0,"n23m0123.hpc.itc.rwth-aachen.de",112,"r23m0124.hpc.itc.rwth-aachen.de",16,"16",65536,20,3.135,3.62775,3.941,3.9248,4.1115,4.67975,4.694
0,"n23m0123.hpc.itc.rwth-aachen.de",113,"r23m0124.hpc.itc.rwth-aachen.de",17,"17",65536,20,3.107,4.0625,4.505,4.31025,4.6945,4.9175,4.965
0,"n23m0123.hpc.itc.rwth-aachen.de",114,"r23m0124.hpc.itc.rwth-aachen.de",18,"18",65536,20,3.233,3.7705,4.1035,4.2225,4.7815,5.30765,5.434
0,"n23m0123.hpc.itc.rwth-aachen.de",115,"r23m0124.hpc.itc.rwth-aachen.de",19,"19",65536,20,3.252,3.8795,4.42,5.46475,7.28375,8.8895,9.108
0,"n23m0123.hpc.itc.rwth-aachen.de",116,"r23m0124.hpc.itc.rwth-aachen.de",20,"20",65536,20,2.75,3.56925,3.883,3.88145,4.15475,4.7305,4.778
0,"n23m0123.hpc.itc.rwth-aachen.de",117,"r23m0124.hpc.itc.rwth-aachen.de",21,"21",65536,20,3.508,4.083,4.4885,4.50795,4.94325,5.3204,5.499
0,"n23m0123.hpc.itc.rwth-aachen.de",118,"r23m0124.hpc.itc.rwth-aachen.de",22,"22",65536,20,3.294,4.2935,6.4665,6.31905,7.92775,9.27515,9.639
0,"n23m0123.hpc.itc.rwth-aachen.de",119,"r23m0124.hpc.itc.rwth-aachen.de",23,"23",65536,20,3.261,3.74375,6.871,6.20175,8.1975,9.22135,9.399
0,"n23m0123.hpc.itc.rwth-aachen.de",120,"r23m0124.hpc.itc.rwth-aachen.de",24,"24",65536,20,3.419,9.7275,11.365,10.321,11.8805,12.0694,12.171
0,"n23m0123.hpc.itc.rwth-aachen.de",121,"r23m0124.hpc.itc.rwth-aachen.de",25,"25",65536,20,3.52,4.30375,4.9285,4.8553,5.31725,5.7777,5.829
0,"n23m0123.hpc.itc.rwth-aachen.de",122,"r23m0124.hpc.itc.rwth-aachen.de",26,"26",65536,20,2.986,4.2965,4.8315,4.5794,5.00575,5.4496,5.518
0,"n23m0123.hpc.itc.rwth-aachen.de",123,"r23m0124.hpc.itc.rwth-aachen.de",27,"27",65536,20,3.124,4.76,6.3875,7.3812,10.7748,11.0894,11.401
0,"n23m0123.hpc.itc.rwth-aachen.de",124,"r23m0124.hpc.itc.rwth-aachen.de",28,"28",65536,20,3.268,3.8705,4.049,4.05315,4.36875,4.51305,4.742
0,"n23m0123.hpc.itc.rwth-aachen.de",125,"r23m0124.hpc.itc.rwth-aachen.de",29,"29",65536,20,4.016,5.09425,8.154,8.0369,10.8837,11.3558,11.56
0,"n23m0123.hpc.itc.rwth-aachen.de",126,"r23m0124.hpc.itc.rwth-aachen.de",30,"30",65536,20,4.794,5.21025,5.6115,5.53755,5.8145,6.1357,6.187
0,"n23m0123.hpc.itc.rwth-aachen.de",127,"r23m0124.hpc.itc.rwth-aachen.de",31,"31",65536,20,3.105,4.2715,4.481,4.44175,4.656,5.0866,5.326
0,"n23m0123.hpc.itc.rwth-aachen.de",128,"r23m0124.hpc.itc.rwth-aachen.de",32,"32",65536,20,3.074,3.64075,6.923,7.05335,9.83325,10.9655,13.691
0,"n23m0123.hpc.itc.rwth-aachen.de",129,"r23m0124.hpc.itc.rwth-aachen.de",33,"33",65536,20,2.423,3.34775,3.5005,3.57515,3.65475,4.58895,4.607
0,"n23m0123.hpc.itc.rwth-aachen.de",130,"r23m0124.hpc.itc.rwth-aachen.de",34,"34",65536,20,3.205,3.55575,8.697,7.24285,9.83725,11.7421,12.028
0,"n23m0123.hpc.itc.rwth-aachen.de",131,"r23m0124.hpc.itc.rwth-aachen.de",35,"35",65536,20,2.98,3.357,3.5585,3.67555,3.934,4.55015,4.838
0,"n23m0123.hpc.itc.rwth-aachen.de",132,"r23m0124.hpc.itc.rwth-aachen.de",36,"36",65536,20,2.967,3.762,4.4325,4.36045,4.79625,5.71355,5.8
0,"n23m0123.hpc.itc.rwth-aachen.de",133,"r23m0124.hpc.itc.rwth-aachen.de",37,"37",65536,20,3.472,4.2585,4.436,4.39355,4.60475,4.79355,4.994
0,"n23m0123.hpc.itc.rwth-aachen.de",134,"r23m0124.hpc.itc.rwth-aachen.de",38,"38",65536,20,3.233,3.8155,6.2965,6.27335,8.34775,9.9405,10.881
0,"n23m0123.hpc.itc.rwth-aachen.de",135,"r23m0124.hpc.itc.rwth-aachen.de",39,"39",65536,20,3.142,3.936,4.5855,4.44145,4.873,5.4406,5.566
0,"n23m0123.hpc.itc.rwth-aachen.de",136,"r23m0124.hpc.itc.rwth-aachen.de",40,"40",65536,20,3.578,4.09925,4.506,5.52075,6.551,9.6797,10.016
0,"n23m0123.hpc.itc.rwth-aachen.de",137,"r23m0124.hpc.itc.rwth-aachen.de",41,"41",65536,20,2.624,3.4715,4.031,5.5758,7.70125,8.85575,9.535
0,"n23m0123.hpc.itc.rwth-aachen.de",138,"r23m0124.hpc.itc.rwth-aachen.de",42,"42",65536,20,3.206,3.825,6.539,6.10815,8.14025,9.2509,9.838
0,"n23m0123.hpc.itc.rwth-aachen.de",139,"r23m0124.hpc.itc.rwth-aachen.de",43,"43",65536,20,3.114,3.617,6.1045,6.1178,8.3155,10.2165,10.322
0,"n23m0123.hpc.itc.rwth-aachen.de",140,"r23m0124.hpc.itc.rwth-aachen.de",44,"44",65536,20,3.344,3.91375,4.2235,4.2392,4.59775,5.08405,5.161
0,"n23m0123.hpc.itc.rwth-aachen.de",141,"r23m0124.hpc.itc.rwth-aachen.de",45,"45",65536,20,3.17,3.72575,4.2395,4.2162,4.565,5.2252,5.438
0,"n23m0123.hpc.itc.rwth-aachen.de",142,"r23m0124.hpc.itc.rwth-aachen.de",46,"46",65536,20,3.245,4.978,7.9125,7.0931,8.4825,9.81525,9.877
0,"n23m0123.hpc.itc.rwth-aachen.de",143,"r23m0124.hpc.itc.rwth-aachen.de",47,"47",65536,20,2.94,3.39325,3.656,3.7559,4.27275,4.38415,4.653
0,"n23m0123.hpc.itc.rwth-aachen.de",144,"r23m0124.hpc.itc.rwth-aachen.de",48,"48",65536,20,1222.27,1270.72,1330.32,1325.44,1372.71,1423.1,1429.63
0,"n23m0123.hpc.itc.rwth-aachen.de",145,"r23m0124.hpc.itc.rwth-aachen.de",49,"49",65536,20,1224.22,1266.85,1333.85,1330.68,1392.53,1431.48,1438.44
0,"n23m0123.hpc.itc.rwth-aachen.de",146,"r23m0124.hpc.itc.rwth-aachen.de",50,"50",65536,20,1207.57,1257.13,1345.91,1332.88,1395.33,1425.93,1426.86
0,"n23m0123.hpc.itc.rwth-aachen.de",147,"r23m0124.hpc.itc.rwth-aachen.de",51,"51",65536,20,1244.1,1328.99,1367.62,1361.27,1411.99,1428.7,1429.97
0,"n23m0123.hpc.itc.rwth-aachen.de",148,"r23m0124.hpc.itc.rwth-aachen.de",52,"52",65536,20,1227.77,1309.01,1344.39,1341.54,1373.47,1441.6,1444.17
0,"n23m0123.hpc.itc.rwth-aachen.de",149,"r23m0124.hpc.itc.rwth-aachen.de",53,"53",65536,20,1220.09,1263.19,1309.3,1314.23,1363.99,1425.98,1431.85
0,"n23m0123.hpc.itc.rwth-aachen.de",150,"r23m0124.hpc.itc.rwth-aachen.de",54,"54",65536,20,1227.96,1277.73,1336.91,1331.52,1378.84,1422.3,1434.93
0,"n23m0123.hpc.itc.rwth-aachen.de",151,"r23m0124.hpc.itc.rwth-aachen.de",55,"55",65536,20,1206.25,1289.1,1368.26,1344.63,1386.72,1426.66,1428.66
0,"n23m0123.hpc.itc.rwth-aachen.de",152,"r23m0124.hpc.itc.rwth-aachen.de",56,"56",65536,20,1243.17,1307.26,1379.56,1363.94,1402.84,1442.76,1446.82
0,"n23m0123.hpc.itc.rwth-aachen.de",153,"r23m0124.hpc.itc.rwth-aachen.de",57,"57",65536,20,1219.15,1263.32,1320.68,1323.98,1384.63,1429.31,1445.91
0,"n23m0123.hpc.itc.rwth-aachen.de",154,"r23m0124.hpc.itc.rwth-aachen.de",58,"58",65536,20,1222.56,1261.81,1338.35,1335.84,1399.34,1432.33,1441.39
0,"n23m0123.hpc.itc.rwth-aachen.de",155,"r23m0124.hpc.itc.rwth-aachen.de",59,"59",65536,20,1238.51,1273.65,1349.83,1342.73,1410.13,1428.46,1445.29
0,"n23m0123.hpc.itc.rwth-aachen.de",156,"r23m0124.hpc.itc.rwth-aachen.de",60,"60",65536,20,1243.76,1328.19,1350.8,1351.85,1385.8,1437.19,1462.06
0,"n23m0123.hpc.itc.rwth-aachen.de",157,"r23m0124.hpc.itc.rwth-aachen.de",61,"61",65536,20,1219.05,1242.01,1308.15,1313.75,1378.2,1433.78,1438.73
0,"n23m0123.hpc.itc.rwth-aachen.de",158,"r23m0124.hpc.itc.rwth-aachen.de",62,"62",65536,20,1238.74,1271.83,1342.36,1334.84,1400.44,1433.61,1445.74
0,"n23m0123.hpc.itc.rwth-aachen.de",159,"r23m0124.hpc.itc.rwth-aachen.de",63,"63",65536,20,1207.59,1256.91,1284.09,1303.01,1369.64,1406.36,1409.01
0,"n23m0123.hpc.itc.rwth-aachen.de",160,"r23m0124.hpc.itc.rwth-aachen.de",64,"64",65536,20,1218.9,1286.02,1316.89,1317.13,1351.33,1411.92,1428.49
0,"n23m0123.hpc.itc.rwth-aachen.de",161,"r23m0124.hpc.itc.rwth-aachen.de",65,"65",65536,20,1207.53,1263.35,1321.17,1307.72,1347.54,1370.48,1409.12
0,"n23m0123.hpc.itc.rwth-aachen.de",162,"r23m0124.hpc.itc.rwth-aachen.de",66,"66",65536,20,1206.34,1239.66,1296.91,1304.95,1375.46,1407.28,1416.23
0,"n23m0123.hpc.itc.rwth-aachen.de",163,"r23m0124.hpc.itc.rwth-aachen.de",67,"67",65536,20,1205.7,1289.97,1309.74,1325.15,1362.21,1421.74,1425.72
0,"n23m0123.hpc.itc.rwth-aachen.de",164,"r23m0124.hpc.itc.rwth-aachen.de",68,"68",65536,20,1229.16,1288.2,1339.3,1337.21,1391.36,1432.46,1444.03
0,"n23m0123.hpc.itc.rwth-aachen.de",165,"r23m0124.hpc.itc.rwth-aachen.de",69,"69",65536,20,1229.43,1300.56,1325.57,1338.46,1396.43,1414.34,1424.95
0,"n23m0123.hpc.itc.rwth-aachen.de",166,"r23m0124.hpc.itc.rwth-aachen.de",70,"70",65536,20,1206.33,1273.7,1309.85,1320.77,1382.71,1422.03,1430.12
0,"n23m0123.hpc.itc.rwth-aachen.de",167,"r23m0124.hpc.itc.rwth-aachen.de",71,"71",65536,20,1229.38,1298.81,1341.21,1332.73,1375.79,1413.77,1424.72
0,"n23m0123.hpc.itc.rwth-aachen.de",168,"r23m0124.hpc.itc.rwth-aachen.de",72,"72",65536,20,1225.37,1271.47,1312.41,1324.19,1388.42,1419.84,1428.96
0,"n23m0123.hpc.itc.rwth-aachen.de",169,"r23m0124.hpc.itc.rwth-aachen.de",73,"73",65536,20,1261.17,1277.82,1332.61,1335.18,1372.68,1430.52,1460.48
0,"n23m0123.hpc.itc.rwth-aachen.de",170,"r23m0124.hpc.itc.rwth-aachen.de",74,"74",65536,20,1218.95,1264.14,1345.47,1328.1,1389.18,1422.35,1437.3
0,"n23m0123.hpc.itc.rwth-aachen.de",171,"r23m0124.hpc.itc.rwth-aachen.de",75,"75",65536,20,1218.51,1275.48,1305.18,1315.06,1347.8,1399.67,1460.1
0,"n23m0123.hpc.itc.rwth-aachen.de",172,"r23m0124.hpc.itc.rwth-aachen.de",76,"76",65536,20,1221.76,1301.99,1375.13,1349.69,1395.95,1431.6,1441.49
0,"n23m0123.hpc.itc.rwth-aachen.de",173,"r23m0124.hpc.itc.rwth-aachen.de",77,"77",65536,20,1250.53,1316,1348.44,1352.09,1405.4,1422.22,1422.42
0,"n23m0123.hpc.itc.rwth-aachen.de",174,"r23m0124.hpc.itc.rwth-aachen.de",78,"78",65536,20,1226.77,1335.38,1365.35,1361.48,1404.13,1446.52,1447.22
0,"n23m0123.hpc.itc.rwth-aachen.de",175,"r23m0124.hpc.itc.rwth-aachen.de",79,"79",65536,20,1276.36,1299.02,1343.35,1354.26,1407.43,1446.73,1449.81
0,"n23m0123.hpc.itc.rwth-aachen.de",176,"r23m0124.hpc.itc.rwth-aachen.de",80,"80",65536,20,1226.1,1273.95,1317.15,1324,1369.18,1416.03,1459.94
0,"n23m0123.hpc.itc.rwth-aachen.de",177,"r23m0124.hpc.itc.rwth-aachen.de",81,"81",65536,20,1221.68,1253.75,1305.74,1312.46,1374.41,1421.25,1423.5
0,"n23m0123.hpc.itc.rwth-aachen.de",178,"r23m0124.hpc.itc.rwth-aachen.de",82,"82",65536,20,1206.49,1260.92,1323.46,1321.7,1363.26,1418.66,1461.73
0,"n23m0123.hpc.itc.rwth-aachen.de",179,"r23m0124.hpc.itc.rwth-aachen.de",83,"83",65536,20,1228.44,1263.99,1335.2,1328.82,1374.38,1421.94,1427.52
0,"n23m0123.hpc.itc.rwth-aachen.de",180,"r23m0124.hpc.itc.rwth-aachen.de",84,"84",65536,20,1228.62,1319.26,1367.82,1356.7,1404.51,1426.17,1442.6
0,"n23m0123.hpc.itc.rwth-aachen.de",181,"r23m0124.hpc.itc.rwth-aachen.de",85,"85",65536,20,1218.59,1276.67,1292.87,1311.98,1339.54,1412.5,1460.12
0,"n23m0123.hpc.itc.rwth-aachen.de",182,"r23m0124.hpc.itc.rwth-aachen.de",86,"86",65536,20,1227.17,1264.07,1323.34,1328.2,1396.29,1443.33,1455.61
0,"n23m0123.hpc.itc.rwth-aachen.de",183,"r23m0124.hpc.itc.rwth-aachen.de",87,"87",65536,20,1218.06,1276.8,1317.38,1320.19,1354.47,1408.45,1430.77
0,"n23m0123.hpc.itc.rwth-aachen.de",184,"r23m0124.hpc.itc.rwth-aachen.de",88,"88",65536,20,1226.99,1291.53,1334.08,1329.86,1375.32,1406.87,1413.86
0,"n23m0123.hpc.itc.rwth-aachen.de",185,"r23m0124.hpc.itc.rwth-aachen.de",89,"89",65536,20,1222.33,1264.56,1353.69,1335.63,1396.51,1416.52,1429.82
0,"n23m0123.hpc.itc.rwth-aachen.de",186,"r23m0124.hpc.itc.rwth-aachen.de",90,"90",65536,20,1260,1301.01,1329.99,1337.86,1368.72,1422.12,1446.14
0,"n23m0123.hpc.itc.rwth-aachen.de",187,"r23m0124.hpc.itc.rwth-aachen.de",91,"91",65536,20,1247.15,1292.24,1338.86,1341.67,1390.18,1438.66,1444.39
0,"n23m0123.hpc.itc.rwth-aachen.de",188,"r23m0124.hpc.itc.rwth-aachen.de",92,"92",65536,20,1220.91,1291.32,1351.6,1348.32,1414.14,1443.31,1462.7
0,"n23m0123.hpc.itc.rwth-aachen.de",189,"r23m0124.hpc.itc.rwth-aachen.de",93,"93",65536,20,1222.93,1291.74,1345.42,1350.42,1410.8,1440.4,1447.09
0,"n23m0123.hpc.itc.rwth-aachen.de",190,"r23m0124.hpc.itc.rwth-aachen.de",94,"94",65536,20,1224.22,1266.2,1296.87,1317.59,1361.99,1443.6,1460.42
0,"n23m0123.hpc.itc.rwth-aachen.de",191,"r23m0124.hpc.itc.rwth-aachen.de",95,"95",65536,20,1229.28,1264.41,1327.27,1324.35,1362.59,1423.65,1425.41
0,"n23m0123.hpc.itc.rwth-aachen.de",1,"n23m0123.hpc.itc.rwth-aachen.de",1,"1",262144,20,38.096,633.387,1254.87,1183.89,1658.02,1936.69,2048.91
0,"n23m0123.hpc.itc.rwth-aachen.de",2,"n23m0123.hpc.itc.rwth-aachen.de",2,"2",262144,20,111.575,801.483,1282.32,1145.44,1419.48,1879.4,2024.23
0,"n23m0123.hpc.itc.rwth-aachen.de",3,"n23m0123.hpc.itc.rwth-aachen.de",3,"3",262144,20,259.348,515.562,1226.25,1153.97,1550.68,2010.44,2037.79
0,"n23m0123.hpc.itc.rwth-aachen.de",4,"n23m0123.hpc.itc.rwth-aachen.de",4,"4",262144,20,269.755,763.278,1464.49,1399.51,1944.59,2133.75,3149.63
0,"n23m0123.hpc.itc.rwth-aachen.de",5,"n23m0123.hpc.itc.rwth-aachen.de",5,"5",262144,20,284.968,943.716,1415.41,1392.57,1749.47,2823.81,3150.5
0,"n23m0123.hpc.itc.rwth-aachen.de",6,"n23m0123.hpc.itc.rwth-aachen.de",6,"6",262144,20,40.856,674.197,1101.72,1206.46,1706.59,2595.26,2782.78
0,"n23m0123.hpc.itc.rwth-aachen.de",7,"n23m0123.hpc.itc.rwth-aachen.de",7,"7",262144,20,41.881,438.411,1337.14,1244.21,2007.13,2192.97,2917.41
0,"n23m0123.hpc.itc.rwth-aachen.de",8,"n23m0123.hpc.itc.rwth-aachen.de",8,"8",262144,20,82.053,655.697,1226.69,1204.09,1818.54,2293.53,2438.8
0,"n23m0123.hpc.itc.rwth-aachen.de",9,"n23m0123.hpc.itc.rwth-aachen.de",9,"9",262144,20,125.894,896.736,1081.16,1098.3,1358.86,1877.29,1905.66
0,"n23m0123.hpc.itc.rwth-aachen.de",10,"n23m0123.hpc.itc.rwth-aachen.de",10,"10",262144,20,183.035,483.563,1393.83,1179.07,1609.37,1919.38,1956.96
0,"n23m0123.hpc.itc.rwth-aachen.de",11,"n23m0123.hpc.itc.rwth-aachen.de",11,"11",262144,20,76.271,726.987,1129.13,1270.83,1835.71,2187.39,2769
0,"n23m0123.hpc.itc.rwth-aachen.de",12,"n23m0123.hpc.itc.rwth-aachen.de",12,"12",262144,20,70.183,564.479,937.274,1081.37,1618.98,2079.57,2119.89
0,"n23m0123.hpc.itc.rwth-aachen.de",13,"n23m0123.hpc.itc.rwth-aachen.de",13,"13",262144,20,281.789,818.684,1150.83,1122.46,1398.98,1890.4,1969.54
0,"n23m0123.hpc.itc.rwth-aachen.de",14,"n23m0123.hpc.itc.rwth-aachen.de",14,"14",262144,20,32.308,748.959,1285.43,1184.22,1745.13,2052.09,2120.99
0,"n23m0123.hpc.itc.rwth-aachen.de",15,"n23m0123.hpc.itc.rwth-aachen.de",15,"15",262144,20,73.487,978.427,1535.1,1309.89,1803.45,2075.82,2472.12
0,"n23m0123.hpc.itc.rwth-aachen.de",16,"n23m0123.hpc.itc.rwth-aachen.de",16,"16",262144,20,179.212,572.045,1027.7,1082.37,1589.12,2084.19,2091.28
0,"n23m0123.hpc.itc.rwth-aachen.de",17,"n23m0123.hpc.itc.rwth-aachen.de",17,"17",262144,20,226.416,477.332,1150.91,1073.9,1481.62,1910.38,2210.82
0,"n23m0123.hpc.itc.rwth-aachen.de",18,"n23m0123.hpc.itc.rwth-aachen.de",18,"18",262144,20,32.463,466.347,698.261,857.91,1464.36,1622.39,1676.23
0,"n23m0123.hpc.itc.rwth-aachen.de",19,"n23m0123.hpc.itc.rwth-aachen.de",19,"19",262144,20,36.869,468.113,1021.17,1042.28,1476.29,2066.75,2081.01
0,"n23m0123.hpc.itc.rwth-aachen.de",20,"n23m0123.hpc.itc.rwth-aachen.de",20,"20",262144,20,66.175,780.459,1325.14,1178.72,1526.22,1885.28,2156.69
0,"n23m0123.hpc.itc.rwth-aachen.de",21,"n23m0123.hpc.itc.rwth-aachen.de",21,"21",262144,20,180.08,554.231,902.196,1075.04,1623.9,2039.19,2072.37
0,"n23m0123.hpc.itc.rwth-aachen.de",22,"n23m0123.hpc.itc.rwth-aachen.de",22,"22",262144,20,36.534,747.126,960.725,1103.31,1479.35,1906.53,2673.57
0,"n23m0123.hpc.itc.rwth-aachen.de",23,"n23m0123.hpc.itc.rwth-aachen.de",23,"23",262144,20,105.239,618.25,1117.7,1029.53,1379.25,1801.79,2041.18
0,"n23m0123.hpc.itc.rwth-aachen.de",24,"n23m0123.hpc.itc.rwth-aachen.de",24,"24",262144,20,39.349,793.316,1283.25,1258.88,1729.34,1954.12,2093.16
0,"n23m0123.hpc.itc.rwth-aachen.de",25,"n23m0123.hpc.itc.rwth-aachen.de",25,"25",262144,20,534.228,1112.77,1381.02,1323.46,1597.91,1979.28,1982.33
0,"n23m0123.hpc.itc.rwth-aachen.de",26,"n23m0123.hpc.itc.rwth-aachen.de",26,"26",262144,20,35.668,600.052,1131.27,1044.28,1415.12,1851.62,1947.7
0,"n23m0123.hpc.itc.rwth-aachen.de",27,"n23m0123.hpc.itc.rwth-aachen.de",27,"27",262144,20,146.476,960.002,1503.59,1343.45,1747.39,1994.82,2015.15
0,"n23m0123.hpc.itc.rwth-aachen.de",28,"n23m0123.hpc.itc.rwth-aachen.de",28,"28",262144,20,32.723,502.075,772.973,1012.11,1655.95,2074,2077.51
0,"n23m0123.hpc.itc.rwth-aachen.de",29,"n23m0123.hpc.itc.rwth-aachen.de",29,"29",262144,20,142.756,448.335,1008.82,1025.02,1492.33,1967.26,2515.39
0,"n23m0123.hpc.itc.rwth-aachen.de",30,"n23m0123.hpc.itc.rwth-aachen.de",30,"30",262144,20,102.81,632.069,1090.44,1122.29,1498.76,2017.44,2976.1
0,"n23m0123.hpc.itc.rwth-aachen.de",31,"n23m0123.hpc.itc.rwth-aachen.de",31,"31",262144,20,108.809,1011.28,1265.54,1264.15,1683.86,2084.51,2127.12
0,"n23m0123.hpc.itc.rwth-aachen.de",32,"n23m0123.hpc.itc.rwth-aachen.de",32,"32",262144,20,2188.93,2393.82,2495.22,2570.68,2657.69,3069.21,3155.86
0,"n23m0123.hpc.itc.rwth-aachen.de",33,"n23m0123.hpc.itc.rwth-aachen.de",33,"33",262144,20,2089.67,2246.62,2583.61,2578.37,2920.7,3010.21,3144.26
0,"n23m0123.hpc.itc.rwth-aachen.de",34,"n23m0123.hpc.itc.rwth-aachen.de",34,"34",262144,20,2097.63,2193.49,2380.71,2512.2,2869.54,3143.75,3172.59
0,"n23m0123.hpc.itc.rwth-aachen.de",35,"n23m0123.hpc.itc.rwth-aachen.de",35,"35",262144,20,2106.68,2282.05,2497.6,2543.98,2853.4,2938.49,2946.07
0,"n23m0123.hpc.itc.rwth-aachen.de",36,"n23m0123.hpc.itc.rwth-aachen.de",36,"36",262144,20,2297,2410.96,2518.74,2583.14,2660.53,3087.86,3100.88
0,"n23m0123.hpc.itc.rwth-aachen.de",37,"n23m0123.hpc.itc.rwth-aachen.de",37,"37",262144,20,2125.84,2295.11,2388.13,2430.38,2541.66,2818.08,2938.76
0,"n23m0123.hpc.itc.rwth-aachen.de",38,"n23m0123.hpc.itc.rwth-aachen.de",38,"38",262144,20,2122.72,2273.11,2392.34,2456.98,2563.27,2926.49,3052.77
0,"n23m0123.hpc.itc.rwth-aachen.de",39,"n23m0123.hpc.itc.rwth-aachen.de",39,"39",262144,20,2119.89,2447.74,2690.27,2651.31,2819.68,3028.3,3065.2
0,"n23m0123.hpc.itc.rwth-aachen.de",40,"n23m0123.hpc.itc.rwth-aachen.de",40,"40",262144,20,2088.72,2211.41,2374.28,2496.04,2764.67,3040.13,3095.54
0,"n23m0123.hpc.itc.rwth-aachen.de",41,"n23m0123.hpc.itc.rwth-aachen.de",41,"41",262144,20,1896.42,2281.53,2618.59,2572.29,2903.98,3102.79,3169.28
0,"n23m0123.hpc.itc.rwth-aachen.de",42,"n23m0123.hpc.itc.rwth-aachen.de",42,"42",262144,20,2101.79,2211.13,2577.89,2522.78,2728.65,3112.51,3125.36
0,"n23m0123.hpc.itc.rwth-aachen.de",43,"n23m0123.hpc.itc.rwth-aachen.de",43,"43",262144,20,2001.04,2215.65,2349.12,2385.39,2550.97,2779.96,2831.41
0,"n23m0123.hpc.itc.rwth-aachen.de",44,"n23m0123.hpc.itc.rwth-aachen.de",44,"44",262144,20,1405.59,2292.06,2442.5,2475.93,2673.79,3077.58,3133.22
0,"n23m0123.hpc.itc.rwth-aachen.de",45,"n23m0123.hpc.itc.rwth-aachen.de",45,"45",262144,20,1605.04,2250.42,2333.42,2394.31,2659.46,2825.31,2866.75
0,"n23m0123.hpc.itc.rwth-aachen.de",46,"n23m0123.hpc.itc.rwth-aachen.de",46,"46",262144,20,1990.46,2295.41,2588.51,2628.79,3010.92,3138.78,3223.07
0,"n23m0123.hpc.itc.rwth-aachen.de",47,"n23m0123.hpc.itc.rwth-aachen.de",47,"47",262144,20,1796.66,2193.48,2641.2,2565.99,2814.19,3161.33,3177.67
0,"n23m0123.hpc.itc.rwth-aachen.de",48,"n23m0123.hpc.itc.rwth-aachen.de",48,"48",262144,20,2372.5,2534.51,2722.44,2731.1,2898.77,3099.74,3105.48
0,"n23m0123.hpc.itc.rwth-aachen.de",49,"n23m0123.hpc.itc.rwth-aachen.de",49,"49",262144,20,1864.71,2434.85,2700.09,2699.4,3035.62,3147.65,3244.57
0,"n23m0123.hpc.itc.rwth-aachen.de",50,"n23m0123.hpc.itc.rwth-aachen.de",50,"50",262144,20,1668.35,2566.33,2917.77,2764.76,3099.16,3150.93,3167.25
0,"n23m0123.hpc.itc.rwth-aachen.de",51,"n23m0123.hpc.itc.rwth-aachen.de",51,"51",262144,20,1638.06,2453.32,2637.33,2619.68,2776.71,3064.49,3096.39
0,"n23m0123.hpc.itc.rwth-aachen.de",52,"n23m0123.hpc.itc.rwth-aachen.de",52,"52",262144,20,1505.77,2388.26,2803.57,2649.53,2916.96,3199.24,3201.61
0,"n23m0123.hpc.itc.rwth-aachen.de",53,"n23m0123.hpc.itc.rwth-aachen.de",53,"53",262144,20,1897.29,2649.72,2838.44,2777.86,2960.1,3126.5,3185.87
0,"n23m0123.hpc.itc.rwth-aachen.de",54,"n23m0123.hpc.itc.rwth-aachen.de",54,"54",262144,20,2208.16,2553.28,2902.87,2789.04,3042.39,3154.09,3189.52
0,"n23m0123.hpc.itc.rwth-aachen.de",55,"n23m0123.hpc.itc.rwth-aachen.de",55,"55",262144,20,2175.83,2497.8,2795.28,2714.88,2924.17,3060.4,3089.51
0,"n23m0123.hpc.itc.rwth-aachen.de",56,"n23m0123.hpc.itc.rwth-aachen.de",56,"56",262144,20,1731.49,2420.42,2843.43,2709.22,2999.98,3172.33,3193.47
0,"n23m0123.hpc.itc.rwth-aachen.de",57,"n23m0123.hpc.itc.rwth-aachen.de",57,"57",262144,20,2189.46,2313.96,2754.52,2698.53,2988.43,3174.83,3210.16
0,"n23m0123.hpc.itc.rwth-aachen.de",58,"n23m0123.hpc.itc.rwth-aachen.de",58,"58",262144,20,2057.53,2581.62,2758.32,2763.44,3033.94,3112.68,3200.8
0,"n23m0123.hpc.itc.rwth-aachen.de",59,"n23m0123.hpc.itc.rwth-aachen.de",59,"59",262144,20,2104.95,2614.94,2795.74,2742.27,2995.82,3047.98,3136.75
0,"n23m0123.hpc.itc.rwth-aachen.de",60,"n23m0123.hpc.itc.rwth-aachen.de",60,"60",262144,20,1763.21,2404.34,2706.1,2663.49,2995.46,3118.28,3235.47
0,"n23m0123.hpc.itc.rwth-aachen.de",61,"n23m0123.hpc.itc.rwth-aachen.de",61,"61",262144,20,1965.77,2332.1,2588.37,2545.27,2749.72,2946.55,2966.69
0,"n23m0123.hpc.itc.rwth-aachen.de",62,"n23m0123.hpc.itc.rwth-aachen.de",62,"62",262144,20,1537.89,2632.19,2769.91,2735.18,3028.79,3168.77,3218.7
0,"n23m0123.hpc.itc.rwth-aachen.de",63,"n23m0123.hpc.itc.rwth-aachen.de",63,"63",262144,20,2221.62,2438.33,2725.64,2668.81,2877.25,3051.29,3122.5
0,"n23m0123.hpc.itc.rwth-aachen.de",64,"n23m0123.hpc.itc.rwth-aachen.de",64,"64",262144,20,14.899,990.511,1659.16,1619.6,2553.67,2832.32,2881.48
0,"n23m0123.hpc.itc.rwth-aachen.de",65,"n23m0123.hpc.itc.rwth-aachen.de",65,"65",262144,20,38.227,275.238,728.749,917.827,1470.5,2229.44,3108.23
0,"n23m0123.hpc.itc.rwth-aachen.de",66,"n23m0123.hpc.itc.rwth-aachen.de",66,"66",262144,20,111.216,507.809,888.109,1033.42,1697.06,2015.63,2067.14
0,"n23m0123.hpc.itc.rwth-aachen.de",67,"n23m0123.hpc.itc.rwth-aachen.de",67,"67",262144,20,42.233,452.838,865.745,958.137,1499.91,2036.98,2051.15
0,"n23m0123.hpc.itc.rwth-aachen.de",68,"n23m0123.hpc.itc.rwth-aachen.de",68,"68",262144,20,123.742,361.039,591.617,730.219,1022.03,1671.97,1723.24
0,"n23m0123.hpc.itc.rwth-aachen.de",69,"n23m0123.hpc.itc.rwth-aachen.de",69,"69",262144,20,39.24,671.551,1215.62,1142.5,1418.54,2831.5,3070.78
0,"n23m0123.hpc.itc.rwth-aachen.de",70,"n23m0123.hpc.itc.rwth-aachen.de",70,"70",262144,20,33.455,348.035,842.015,988.043,1392.91,1941.92,3008.23
0,"n23m0123.hpc.itc.rwth-aachen.de",71,"n23m0123.hpc.itc.rwth-aachen.de",71,"71",262144,20,36.739,270.929,724.656,747.135,1068.77,1701.55,1703.97
0,"n23m0123.hpc.itc.rwth-aachen.de",72,"n23m0123.hpc.itc.rwth-aachen.de",72,"72",262144,20,34.929,425.999,978.331,1038.77,1550.3,1976.77,2113.79
0,"n23m0123.hpc.itc.rwth-aachen.de",73,"n23m0123.hpc.itc.rwth-aachen.de",73,"73",262144,20,69.088,592.99,1192.53,1155.29,1723.72,2021.88,3140.16
0,"n23m0123.hpc.itc.rwth-aachen.de",74,"n23m0123.hpc.itc.rwth-aachen.de",74,"74",262144,20,108.056,654.029,975.139,1141.52,1750.41,2010.3,2047.25
0,"n23m0123.hpc.itc.rwth-aachen.de",75,"n23m0123.hpc.itc.rwth-aachen.de",75,"75",262144,20,220.241,825.472,1258.22,1299.41,1888.94,2085.42,2775.22
0,"n23m0123.hpc.itc.rwth-aachen.de",76,"n23m0123.hpc.itc.rwth-aachen.de",76,"76",262144,20,48.849,717.656,863.231,900.5,982.29,1756.8,1768.42
0,"n23m0123.hpc.itc.rwth-aachen.de",77,"n23m0123.hpc.itc.rwth-aachen.de",77,"77",262144,20,288.839,602.559,931.239,1088.83,1722.59,1943.84,1948.16
0,"n23m0123.hpc.itc.rwth-aachen.de",78,"n23m0123.hpc.itc.rwth-aachen.de",78,"78",262144,20,106.565,752.341,1163.38,1296.85,2032.8,2183.39,2987.23
0,"n23m0123.hpc.itc.rwth-aachen.de",79,"n23m0123.hpc.itc.rwth-aachen.de",79,"79",262144,20,79.952,560.778,1191.93,1106.92,1514.11,1984.9,2026.84
0,"n23m0123.hpc.itc.rwth-aachen.de",80,"n23m0123.hpc.itc.rwth-aachen.de",80,"80",262144,20,102.826,539.962,1139.83,1126.51,1636.72,2059.27,2943.24
0,"n23m0123.hpc.itc.rwth-aachen.de",81,"n23m0123.hpc.itc.rwth-aachen.de",81,"81",262144,20,77.782,543.535,966.936,959.113,1331.8,1739.62,1943
0,"n23m0123.hpc.itc.rwth-aachen.de",82,"n23m0123.hpc.itc.rwth-aachen.de",82,"82",262144,20,151.287,357.878,616.209,853.401,1133.09,1972.34,2107.16
0,"n23m0123.hpc.itc.rwth-aachen.de",83,"n23m0123.hpc.itc.rwth-aachen.de",83,"83",262144,20,152.873,408.05,1344.1,1156.37,1659.32,2146.63,2582.78
0,"n23m0123.hpc.itc.rwth-aachen.de",84,"n23m0123.hpc.itc.rwth-aachen.de",84,"84",262144,20,356.009,550.238,789.931,1130.47,1706.61,2157.35,3177.1
0,"n23m0123.hpc.itc.rwth-aachen.de",85,"n23m0123.hpc.itc.rwth-aachen.de",85,"85",262144,20,72.647,431.178,1143.49,1065.38,1418.03,1948.88,2764.28
0,"n23m0123.hpc.itc.rwth-aachen.de",86,"n23m0123.hpc.itc.rwth-aachen.de",86,"86",262144,20,105.738,480.313,848.651,896.709,1212.11,1800.15,2026.68
0,"n23m0123.hpc.itc.rwth-aachen.de",87,"n23m0123.hpc.itc.rwth-aachen.de",87,"87",262144,20,105.747,640.123,1566.77,1355.35,1995.84,2174.65,2705.66
0,"n23m0123.hpc.itc.rwth-aachen.de",88,"n23m0123.hpc.itc.rwth-aachen.de",88,"88",262144,20,151.717,840.501,1147.35,1234.86,1720.28,2075.15,2544.02
0,"n23m0123.hpc.itc.rwth-aachen.de",89,"n23m0123.hpc.itc.rwth-aachen.de",89,"89",262144,20,182.853,891.747,1159.75,1179.05,1485.43,2085.15,2117.16
0,"n23m0123.hpc.itc.rwth-aachen.de",90,"n23m0123.hpc.itc.rwth-aachen.de",90,"90",262144,20,311.721,433.061,997.036,1017.2,1371.66,1917.4,2872.48
0,"n23m0123.hpc.itc.rwth-aachen.de",91,"n23m0123.hpc.itc.rwth-aachen.de",91,"91",262144,20,38.637,758.385,1197.93,1183.22,1590.35,2149.39,2838.26
0,"n23m0123.hpc.itc.rwth-aachen.de",92,"n23m0123.hpc.itc.rwth-aachen.de",92,"92",262144,20,37.141,552.159,769.341,924.536,1348.16,1939.61,2031.25
0,"n23m0123.hpc.itc.rwth-aachen.de",93,"n23m0123.hpc.itc.rwth-aachen.de",93,"93",262144,20,76.469,323.071,815.139,902.507,1369.27,1885.67,1939.75
0,"n23m0123.hpc.itc.rwth-aachen.de",94,"n23m0123.hpc.itc.rwth-aachen.de",94,"94",262144,20,260.413,728.577,937.177,1117.49,1322.02,1995.9,2907.07
0,"n23m0123.hpc.itc.rwth-aachen.de",95,"n23m0123.hpc.itc.rwth-aachen.de",95,"95",262144,20,182.255,644.731,1126.72,1085.37,1611.74,1986.64,2068.05
0,"n23m0123.hpc.itc.rwth-aachen.de",96,"r23m0124.hpc.itc.rwth-aachen.de",0,"0",262144,20,3155.05,3275.27,3535.96,3593.7,3788.26,4329.8,4407.23
0,"n23m0123.hpc.itc.rwth-aachen.de",97,"r23m0124.hpc.itc.rwth-aachen.de",1,"1",262144,20,3161.03,3277.28,3519.19,3552.91,3660.37,4048.16,4519.57
0,"n23m0123.hpc.itc.rwth-aachen.de",98,"r23m0124.hpc.itc.rwth-aachen.de",2,"2",262144,20,3154.26,3255.26,3471.54,3526.59,3615.04,4336.95,4415.18
0,"n23m0123.hpc.itc.rwth-aachen.de",99,"r23m0124.hpc.itc.rwth-aachen.de",3,"3",262144,20,3141.82,3226.25,3455.73,3515.93,3591.32,4228.92,4236.87
0,"n23m0123.hpc.itc.rwth-aachen.de",100,"r23m0124.hpc.itc.rwth-aachen.de",4,"4",262144,20,3154.74,3293.28,3475.3,3517.76,3616.44,3945.37,3967.45
0,"n23m0123.hpc.itc.rwth-aachen.de",101,"r23m0124.hpc.itc.rwth-aachen.de",5,"5",262144,20,3162.43,3281.51,3415.51,3451.84,3535.52,3713.34,4354.4
0,"n23m0123.hpc.itc.rwth-aachen.de",102,"r23m0124.hpc.itc.rwth-aachen.de",6,"6",262144,20,3162.44,3278.61,3371.19,3446.68,3559.74,3899.29,4097.54
0,"n23m0123.hpc.itc.rwth-aachen.de",103,"r23m0124.hpc.itc.rwth-aachen.de",7,"7",262144,20,3190.82,3279.1,3366.9,3403.66,3479.87,3617.18,4093.28
0,"n23m0123.hpc.itc.rwth-aachen.de",104,"r23m0124.hpc.itc.rwth-aachen.de",8,"8",262144,20,3154.75,3312.32,3495.36,3521.18,3687.28,4110.51,4158.42
0,"n23m0123.hpc.itc.rwth-aachen.de",105,"r23m0124.hpc.itc.rwth-aachen.de",9,"9",262144,20,3176.46,3238.1,3383.5,3457.41,3527.43,4181.54,4412.45
0,"n23m0123.hpc.itc.rwth-aachen.de",106,"r23m0124.hpc.itc.rwth-aachen.de",10,"10",262144,20,3144.2,3192.93,3317.38,3414.14,3512.24,3810.08,4420
0,"n23m0123.hpc.itc.rwth-aachen.de",107,"r23m0124.hpc.itc.rwth-aachen.de",11,"11",262144,20,3142.11,3191.24,3287.22,3387.45,3511.24,3858.11,4307.66
0,"n23m0123.hpc.itc.rwth-aachen.de",108,"r23m0124.hpc.itc.rwth-aachen.de",12,"12",262144,20,3175.86,3286.06,3389.86,3467.15,3511.48,3959.58,4405.44
0,"n23m0123.hpc.itc.rwth-aachen.de",109,"r23m0124.hpc.itc.rwth-aachen.de",13,"13",262144,20,3143.97,3213.57,3305.82,3395.22,3455.8,3814.11,4297.44
0,"n23m0123.hpc.itc.rwth-aachen.de",110,"r23m0124.hpc.itc.rwth-aachen.de",14,"14",262144,20,3144.79,3225.94,3314.67,3447.37,3582.73,4156.34,4167.05
0,"n23m0123.hpc.itc.rwth-aachen.de",111,"r23m0124.hpc.itc.rwth-aachen.de",15,"15",262144,20,3142.53,3268.84,3362.18,3430.2,3494.7,3972.25,4397.76
0,"n23m0123.hpc.itc.rwth-aachen.de",112,"r23m0124.hpc.itc.rwth-aachen.de",16,"16",262144,20,3143.06,3276.72,3301.63,3475.56,3656.63,4051.38,4403.53
0,"n23m0123.hpc.itc.rwth-aachen.de",113,"r23m0124.hpc.itc.rwth-aachen.de",17,"17",262144,20,3144.24,3231.11,3381.15,3449.47,3529.68,3970.58,4520.32
0,"n23m0123.hpc.itc.rwth-aachen.de",114,"r23m0124.hpc.itc.rwth-aachen.de",18,"18",262144,20,3170.04,3289.27,3414.26,3483.11,3544.3,4067.97,4082.51
0,"n23m0123.hpc.itc.rwth-aachen.de",115,"r23m0124.hpc.itc.rwth-aachen.de",19,"19",262144,20,3179.36,3279.84,3387.7,3418.53,3524.03,3659.49,4071.62
0,"n23m0123.hpc.itc.rwth-aachen.de",116,"r23m0124.hpc.itc.rwth-aachen.de",20,"20",262144,20,3191.11,3319.85,3435.06,3546.02,3623.47,4081.88,4405.23
0,"n23m0123.hpc.itc.rwth-aachen.de",117,"r23m0124.hpc.itc.rwth-aachen.de",21,"21",262144,20,3143.86,3366.15,3428.88,3495.37,3515.69,3858.1,4403.94
0,"n23m0123.hpc.itc.rwth-aachen.de",118,"r23m0124.hpc.itc.rwth-aachen.de",22,"22",262144,20,3179.86,3370.22,3450.22,3501.9,3620.59,3859.91,4106.78
0,"n23m0123.hpc.itc.rwth-aachen.de",119,"r23m0124.hpc.itc.rwth-aachen.de",23,"23",262144,20,3220.74,3319.41,3423.57,3497.97,3647.54,3956.32,4075.54
0,"n23m0123.hpc.itc.rwth-aachen.de",120,"r23m0124.hpc.itc.rwth-aachen.de",24,"24",262144,20,3180.84,3367.65,3427.64,3566.57,3627.76,4279.88,4402.6
0,"n23m0123.hpc.itc.rwth-aachen.de",121,"r23m0124.hpc.itc.rwth-aachen.de",25,"25",262144,20,3144.59,3366.54,3482.45,3525.6,3639.98,3964.79,4293.6
0,"n23m0123.hpc.itc.rwth-aachen.de",122,"r23m0124.hpc.itc.rwth-aachen.de",26,"26",262144,20,3163.2,3307.21,3497.21,3501.5,3565.94,3876.04,4405.66
0,"n23m0123.hpc.itc.rwth-aachen.de",123,"r23m0124.hpc.itc.rwth-aachen.de",27,"27",262144,20,3175.37,3345.22,3441.49,3444.76,3540.22,3685.86,3752
0,"n23m0123.hpc.itc.rwth-aachen.de",124,"r23m0124.hpc.itc.rwth-aachen.de",28,"28",262144,20,3175.9,3344.2,3429.22,3490.86,3605.05,3806.93,4392.32
0,"n23m0123.hpc.itc.rwth-aachen.de",125,"r23m0124.hpc.itc.rwth-aachen.de",29,"29",262144,20,3144.26,3271.31,3437.64,3433.99,3527.38,3739.09,3847.97
0,"n23m0123.hpc.itc.rwth-aachen.de",126,"r23m0124.hpc.itc.rwth-aachen.de",30,"30",262144,20,3143.94,3275.36,3457.88,3454.54,3555.92,3852.4,3951.76
0,"n23m0123.hpc.itc.rwth-aachen.de",127,"r23m0124.hpc.itc.rwth-aachen.de",31,"31",262144,20,3143.88,3380.98,3457.03,3479.69,3560.5,3959.03,4078.24
0,"n23m0123.hpc.itc.rwth-aachen.de",128,"r23m0124.hpc.itc.rwth-aachen.de",32,"32",262144,20,3140.7,3170.03,3185.79,3195.08,3215.45,3259.85,3279.71
0,"n23m0123.hpc.itc.rwth-aachen.de",129,"r23m0124.hpc.itc.rwth-aachen.de",33,"33",262144,20,3292.84,3740.02,4038.96,4007.71,4299.96,4524.51,4567.95
0,"n23m0123.hpc.itc.rwth-aachen.de",130,"r23m0124.hpc.itc.rwth-aachen.de",34,"34",262144,20,3549.61,3998.95,4160.65,4121.02,4341.95,4422.25,4476.18
0,"n23m0123.hpc.itc.rwth-aachen.de",131,"r23m0124.hpc.itc.rwth-aachen.de",35,"35",262144,20,3421.23,3823.67,4027.9,4024.79,4247.84,4371,4510.06
0,"n23m0123.hpc.itc.rwth-aachen.de",132,"r23m0124.hpc.itc.rwth-aachen.de",36,"36",262144,20,3538.3,3745.99,3923.81,3920.8,4091.3,4189.93,4446.59
0,"n23m0123.hpc.itc.rwth-aachen.de",133,"r23m0124.hpc.itc.rwth-aachen.de",37,"37",262144,20,3310.84,3998.74,4257.24,4120.7,4383.22,4442.55,4460.77
0,"n23m0123.hpc.itc.rwth-aachen.de",134,"r23m0124.hpc.itc.rwth-aachen.de",38,"38",262144,20,3244.63,3784.37,3985.63,3949.28,4150.65,4365.39,4402.5
0,"n23m0123.hpc.itc.rwth-aachen.de",135,"r23m0124.hpc.itc.rwth-aachen.de",39,"39",262144,20,3346.05,3795.26,3908.93,4014.89,4370.49,4464.81,4470.88
0,"n23m0123.hpc.itc.rwth-aachen.de",136,"r23m0124.hpc.itc.rwth-aachen.de",40,"40",262144,20,3485.86,3777.39,4055.79,4017.64,4314.39,4471.08,4494.78
0,"n23m0123.hpc.itc.rwth-aachen.de",137,"r23m0124.hpc.itc.rwth-aachen.de",41,"41",262144,20,3417.51,4012.17,4223.76,4153.51,4404,4489.9,4588.28
0,"n23m0123.hpc.itc.rwth-aachen.de",138,"r23m0124.hpc.itc.rwth-aachen.de",42,"42",262144,20,3296.38,3825.32,4220.77,4099.82,4350.54,4455.78,4487.33
0,"n23m0123.hpc.itc.rwth-aachen.de",139,"r23m0124.hpc.itc.rwth-aachen.de",43,"43",262144,20,3538.14,3817.74,4078.19,4035.09,4270.8,4451.95,4470.94
0,"n23m0123.hpc.itc.rwth-aachen.de",140,"r23m0124.hpc.itc.rwth-aachen.de",44,"44",262144,20,3173.49,3834.85,4151.2,4065.77,4343.03,4446.28,4458.48
0,"n23m0123.hpc.itc.rwth-aachen.de",141,"r23m0124.hpc.itc.rwth-aachen.de",45,"45",262144,20,3554.14,3778.05,4032.59,4040.5,4363.71,4453.33,4455.47
0,"n23m0123.hpc.itc.rwth-aachen.de",142,"r23m0124.hpc.itc.rwth-aachen.de",46,"46",262144,20,3635.83,3810.9,4168.2,4120.75,4370.31,4462.28,4488.76
0,"n23m0123.hpc.itc.rwth-aachen.de",143,"r23m0124.hpc.itc.rwth-aachen.de",47,"47",262144,20,3246.35,3785.83,4234.52,4081.75,4410.25,4471.11,4475.09
0,"n23m0123.hpc.itc.rwth-aachen.de",144,"r23m0124.hpc.itc.rwth-aachen.de",48,"48",262144,20,3651.06,3801.67,3928.46,4013.03,4205.32,4465.43,4520.14
0,"n23m0123.hpc.itc.rwth-aachen.de",145,"r23m0124.hpc.itc.rwth-aachen.de",49,"49",262144,20,3459.95,3651.51,3831.03,3918.77,4266.34,4436.28,4590.61
0,"n23m0123.hpc.itc.rwth-aachen.de",146,"r23m0124.hpc.itc.rwth-aachen.de",50,"50",262144,20,3584.23,3754.16,3841.48,3954.3,4155.07,4356.44,4371.19
0,"n23m0123.hpc.itc.rwth-aachen.de",147,"r23m0124.hpc.itc.rwth-aachen.de",51,"51",262144,20,3426.68,3733.52,3986.27,3990.53,4256.6,4420.8,4459.83
0,"n23m0123.hpc.itc.rwth-aachen.de",148,"r23m0124.hpc.itc.rwth-aachen.de",52,"52",262144,20,3592.6,3747.49,3948.86,3971.73,4176.18,4460.54,4466.63
0,"n23m0123.hpc.itc.rwth-aachen.de",149,"r23m0124.hpc.itc.rwth-aachen.de",53,"53",262144,20,3439.86,3800.19,4091.79,4032,4343.31,4400.77,4455.84
0,"n23m0123.hpc.itc.rwth-aachen.de",150,"r23m0124.hpc.itc.rwth-aachen.de",54,"54",262144,20,3346.65,3790.9,3986.22,3964.08,4179.19,4269.28,4395.91
0,"n23m0123.hpc.itc.rwth-aachen.de",151,"r23m0124.hpc.itc.rwth-aachen.de",55,"55",262144,20,3141.55,3838.3,4101.94,4026.44,4269.26,4462.35,4465.4
0,"n23m0123.hpc.itc.rwth-aachen.de",152,"r23m0124.hpc.itc.rwth-aachen.de",56,"56",262144,20,3631.8,3934.23,4233.79,4142.57,4316.92,4469.28,4527.22
0,"n23m0123.hpc.itc.rwth-aachen.de",153,"r23m0124.hpc.itc.rwth-aachen.de",57,"57",262144,20,3695.91,3946.56,4176.24,4156.39,4308.58,4522.6,4525.5
0,"n23m0123.hpc.itc.rwth-aachen.de",154,"r23m0124.hpc.itc.rwth-aachen.de",58,"58",262144,20,3209.99,3762.75,4089.64,4008.7,4254.76,4410.63,4458.87
0,"n23m0123.hpc.itc.rwth-aachen.de",155,"r23m0124.hpc.itc.rwth-aachen.de",59,"59",262144,20,3569.46,3908.59,4065.08,4110.83,4366.49,4481.15,4590.36
0,"n23m0123.hpc.itc.rwth-aachen.de",156,"r23m0124.hpc.itc.rwth-aachen.de",60,"60",262144,20,3388.85,3677.13,3928.48,3945.25,4206.15,4410.77,4506.16
0,"n23m0123.hpc.itc.rwth-aachen.de",157,"r23m0124.hpc.itc.rwth-aachen.de",61,"61",262144,20,3245.5,3623.84,4163.42,4019.89,4383.98,4469.49,4525.8
0,"n23m0123.hpc.itc.rwth-aachen.de",158,"r23m0124.hpc.itc.rwth-aachen.de",62,"62",262144,20,3554.44,3734.95,3910,3964.57,4265.27,4342,4461.61
0,"n23m0123.hpc.itc.rwth-aachen.de",159,"r23m0124.hpc.itc.rwth-aachen.de",63,"63",262144,20,3554.73,3734.46,4029.95,4004.35,4231.27,4345.07,4455.82
0,"n23m0123.hpc.itc.rwth-aachen.de",160,"r23m0124.hpc.itc.rwth-aachen.de",64,"64",262144,20,3311.94,3813.36,4060.35,3983.26,4230.45,4304.13,4335.95
0,"n23m0123.hpc.itc.rwth-aachen.de",161,"r23m0124.hpc.itc.rwth-aachen.de",65,"65",262144,20,3296.69,3725.93,3945.52,3962.66,4273.29,4525.58,4589.04
0,"n23m0123.hpc.itc.rwth-aachen.de",162,"r23m0124.hpc.itc.rwth-aachen.de",66,"66",262144,20,3283.71,3849.2,4071.7,4013.94,4258.34,4477.44,4509.76
0,"n23m0123.hpc.itc.rwth-aachen.de",163,"r23m0124.hpc.itc.rwth-aachen.de",67,"67",262144,20,3387.3,3817.28,3941.18,3959.55,4158.27,4360.59,4509.22
0,"n23m0123.hpc.itc.rwth-aachen.de",164,"r23m0124.hpc.itc.rwth-aachen.de",68,"68",262144,20,3564.4,3786.76,4070.58,4010.11,4181.04,4442.68,4510.45
0,"n23m0123.hpc.itc.rwth-aachen.de",165,"r23m0124.hpc.itc.rwth-aachen.de",69,"69",262144,20,3287.76,3741.23,4193.5,4067.84,4428.69,4493.82,4510.47
0,"n23m0123.hpc.itc.rwth-aachen.de",166,"r23m0124.hpc.itc.rwth-aachen.de",70,"70",262144,20,3169.65,3796.27,3928.37,3936.35,4215.87,4391.37,4467.67
0,"n23m0123.hpc.itc.rwth-aachen.de",167,"r23m0124.hpc.itc.rwth-aachen.de",71,"71",262144,20,3389.03,3556.17,3851.57,3887.84,4165.13,4469.99,4582.25
0,"n23m0123.hpc.itc.rwth-aachen.de",168,"r23m0124.hpc.itc.rwth-aachen.de",72,"72",262144,20,3284.48,3855.45,4061.73,3987.1,4169.84,4355.26,4462.76
0,"n23m0123.hpc.itc.rwth-aachen.de",169,"r23m0124.hpc.itc.rwth-aachen.de",73,"73",262144,20,3388.91,3783.54,4139.47,4048.79,4339.35,4436.26,4589.98
0,"n23m0123.hpc.itc.rwth-aachen.de",170,"r23m0124.hpc.itc.rwth-aachen.de",74,"74",262144,20,3313.18,3644.67,4018.75,3979.86,4314.37,4477.38,4510.91
0,"n23m0123.hpc.itc.rwth-aachen.de",171,"r23m0124.hpc.itc.rwth-aachen.de",75,"75",262144,20,3386.89,3785.28,3947.37,3968.08,4220.27,4332.62,4558.18
0,"n23m0123.hpc.itc.rwth-aachen.de",172,"r23m0124.hpc.itc.rwth-aachen.de",76,"76",262144,20,3295.41,3830.02,4037.7,3982.11,4156.97,4439.39,4451.69
0,"n23m0123.hpc.itc.rwth-aachen.de",173,"r23m0124.hpc.itc.rwth-aachen.de",77,"77",262144,20,3558.84,3870.24,4046.19,4040.45,4188.54,4440.25,4494.79
0,"n23m0123.hpc.itc.rwth-aachen.de",174,"r23m0124.hpc.itc.rwth-aachen.de",78,"78",262144,20,3751.57,3923.03,4110.26,4128.92,4302.2,4497.14,4586.08
0,"n23m0123.hpc.itc.rwth-aachen.de",175,"r23m0124.hpc.itc.rwth-aachen.de",79,"79",262144,20,3384.31,4037.65,4142.45,4115.62,4307.31,4465.25,4525.91
0,"n23m0123.hpc.itc.rwth-aachen.de",176,"r23m0124.hpc.itc.rwth-aachen.de",80,"80",262144,20,3322.59,3721.46,3859.79,3858.43,3979.76,4289.76,4350.66
0,"n23m0123.hpc.itc.rwth-aachen.de",177,"r23m0124.hpc.itc.rwth-aachen.de",81,"81",262144,20,3488.83,3780.04,3867,3965.2,4119.94,4418.09,4526.4
0,"n23m0123.hpc.itc.rwth-aachen.de",178,"r23m0124.hpc.itc.rwth-aachen.de",82,"82",262144,20,3631.83,3758,3869.12,3903.61,4009.45,4268.28,4349.7
0,"n23m0123.hpc.itc.rwth-aachen.de",179,"r23m0124.hpc.itc.rwth-aachen.de",83,"83",262144,20,3321.09,3737.86,3849.33,3910.06,4100.55,4368.43,4396.51
0,"n23m0123.hpc.itc.rwth-aachen.de",180,"r23m0124.hpc.itc.rwth-aachen.de",84,"84",262144,20,3515.71,3796.55,3933.86,3981.09,4195.32,4436.36,4443.02
0,"n23m0123.hpc.itc.rwth-aachen.de",181,"r23m0124.hpc.itc.rwth-aachen.de",85,"85",262144,20,3287.71,3896.59,4107.1,4037.97,4279.99,4340.82,4350.41
0,"n23m0123.hpc.itc.rwth-aachen.de",182,"r23m0124.hpc.itc.rwth-aachen.de",86,"86",262144,20,3588.28,3883.97,3992.39,3997.33,4137.1,4352.21,4396.02
0,"n23m0123.hpc.itc.rwth-aachen.de",183,"r23m0124.hpc.itc.rwth-aachen.de",87,"87",262144,20,3444.28,3789.09,3945.97,3969.77,4228.53,4417.87,4446.14
0,"n23m0123.hpc.itc.rwth-aachen.de",184,"r23m0124.hpc.itc.rwth-aachen.de",88,"88",262144,20,3386.51,3813.41,3906.94,3929.95,4109.56,4313.95,4470.55
0,"n23m0123.hpc.itc.rwth-aachen.de",185,"r23m0124.hpc.itc.rwth-aachen.de",89,"89",262144,20,3701.6,3846.43,4009.89,4045.1,4231.8,4395.85,4425.72
0,"n23m0123.hpc.itc.rwth-aachen.de",186,"r23m0124.hpc.itc.rwth-aachen.de",90,"90",262144,20,3438.45,3932.18,4055.75,4049.77,4234.68,4404.1,4498.94
0,"n23m0123.hpc.itc.rwth-aachen.de",187,"r23m0124.hpc.itc.rwth-aachen.de",91,"91",262144,20,3413.14,3772.32,4076.85,3993.32,4214.37,4430.87,4526.56
0,"n23m0123.hpc.itc.rwth-aachen.de",188,"r23m0124.hpc.itc.rwth-aachen.de",92,"92",262144,20,3515.36,3872.02,4022.51,4035.48,4276.56,4341.97,4430.42
0,"n23m0123.hpc.itc.rwth-aachen.de",189,"r23m0124.hpc.itc.rwth-aachen.de",93,"93",262144,20,3388.74,3851.51,3964.81,4050.93,4322.45,4497.21,4527.43
0,"n23m0123.hpc.itc.rwth-aachen.de",190,"r23m0124.hpc.itc.rwth-aachen.de",94,"94",262144,20,3516.28,3775.88,4113.24,4048.18,4344.26,4455.21,4522.94
0,"n23m0123.hpc.itc.rwth-aachen.de",191,"r23m0124.hpc.itc.rwth-aachen.de",95,"95",262144,20,3513.56,3857.71,4089.96,4010.32,4204.88,4310.07,4456.62
0,"n23m0123.hpc.itc.rwth-aachen.de",1,"n23m0123.hpc.itc.rwth-aachen.de",1,"1",1048576,20,195.726,9049.6,10022.1,9583.86,10891.1,12903.9,15393.5
0,"n23m0123.hpc.itc.rwth-aachen.de",2,"n23m0123.hpc.itc.rwth-aachen.de",2,"2",1048576,20,506.367,7203,11177.9,9340.92,12293.1,13721.2,14411.1
0,"n23m0123.hpc.itc.rwth-aachen.de",3,"n23m0123.hpc.itc.rwth-aachen.de",3,"3",1048576,20,2257.65,4797.02,9038.17,8144.26,10962.9,12289.5,13308.3
0,"n23m0123.hpc.itc.rwth-aachen.de",4,"n23m0123.hpc.itc.rwth-aachen.de",4,"4",1048576,20,182.884,9403.34,10641,9680.92,11859.5,15513,15724.7
0,"n23m0123.hpc.itc.rwth-aachen.de",5,"n23m0123.hpc.itc.rwth-aachen.de",5,"5",1048576,20,171.65,9082.24,11258.7,10172.8,11934.4,15245.8,15538.2
0,"n23m0123.hpc.itc.rwth-aachen.de",6,"n23m0123.hpc.itc.rwth-aachen.de",6,"6",1048576,20,900.071,9588.58,11392.8,10196.4,11866.9,15670.1,15875.4
0,"n23m0123.hpc.itc.rwth-aachen.de",7,"n23m0123.hpc.itc.rwth-aachen.de",7,"7",1048576,20,192.202,7399.05,10775.6,9293.06,11838.8,15371.4,15636.5
0,"n23m0123.hpc.itc.rwth-aachen.de",8,"n23m0123.hpc.itc.rwth-aachen.de",8,"8",1048576,20,190.024,9463.53,10913.7,10329,12611.3,15275.4,15565.8
0,"n23m0123.hpc.itc.rwth-aachen.de",9,"n23m0123.hpc.itc.rwth-aachen.de",9,"9",1048576,20,535.722,9133.78,10271.5,10115.2,11592.7,15508.1,15947.9
0,"n23m0123.hpc.itc.rwth-aachen.de",10,"n23m0123.hpc.itc.rwth-aachen.de",10,"10",1048576,20,2258.16,8923.93,10419.9,10236.7,12120.1,14986.3,15462.5
0,"n23m0123.hpc.itc.rwth-aachen.de",11,"n23m0123.hpc.itc.rwth-aachen.de",11,"11",1048576,20,203.37,8781.75,9463.91,9079.64,11583.7,14940.8,15000.2
0,"n23m0123.hpc.itc.rwth-aachen.de",12,"n23m0123.hpc.itc.rwth-aachen.de",12,"12",1048576,20,2094.68,8289.45,10054.4,9201.17,11701.5,12088.1,13041.8
0,"n23m0123.hpc.itc.rwth-aachen.de",13,"n23m0123.hpc.itc.rwth-aachen.de",13,"13",1048576,20,177.854,6694.58,9786.7,8500.08,11080,12723.6,12988.3
0,"n23m0123.hpc.itc.rwth-aachen.de",14,"n23m0123.hpc.itc.rwth-aachen.de",14,"14",1048576,20,868.078,9486.83,11489,10683.7,12208.2,13420.1,15275.1
0,"n23m0123.hpc.itc.rwth-aachen.de",15,"n23m0123.hpc.itc.rwth-aachen.de",15,"15",1048576,20,2994.99,6184.63,10598.7,9389.48,11454.2,12479.5,15031.9
0,"n23m0123.hpc.itc.rwth-aachen.de",16,"n23m0123.hpc.itc.rwth-aachen.de",16,"16",1048576,20,2218.3,8755.06,9407.38,9744.69,11862,14965.2,15568
0,"n23m0123.hpc.itc.rwth-aachen.de",17,"n23m0123.hpc.itc.rwth-aachen.de",17,"17",1048576,20,538.292,8960.74,10485.2,9667.25,11757.5,15004,15416.8
0,"n23m0123.hpc.itc.rwth-aachen.de",18,"n23m0123.hpc.itc.rwth-aachen.de",18,"18",1048576,20,154.653,8824.02,9420.5,8888.8,11255.4,12714,14468.2
0,"n23m0123.hpc.itc.rwth-aachen.de",19,"n23m0123.hpc.itc.rwth-aachen.de",19,"19",1048576,20,536.801,8915.45,10261.5,9584.87,11410.6,13017.5,15454.3
0,"n23m0123.hpc.itc.rwth-aachen.de",20,"n23m0123.hpc.itc.rwth-aachen.de",20,"20",1048576,20,529.34,8949.84,10303.5,9644.87,11541.8,15346.7,15425.2
0,"n23m0123.hpc.itc.rwth-aachen.de",21,"n23m0123.hpc.itc.rwth-aachen.de",21,"21",1048576,20,950.459,9393.23,10308.9,10102.1,12032.6,14825.6,15916.6
0,"n23m0123.hpc.itc.rwth-aachen.de",22,"n23m0123.hpc.itc.rwth-aachen.de",22,"22",1048576,20,572.818,9426.66,11129.4,10793.8,14005.9,15652.4,15983.3
0,"n23m0123.hpc.itc.rwth-aachen.de",23,"n23m0123.hpc.itc.rwth-aachen.de",23,"23",1048576,20,587.246,6901.42,10779.5,9241.63,11807.2,14215.3,14358.3
0,"n23m0123.hpc.itc.rwth-aachen.de",24,"n23m0123.hpc.itc.rwth-aachen.de",24,"24",1048576,20,1197.6,9409.7,10641.8,10238.2,11944.2,12951.7,12969.7
0,"n23m0123.hpc.itc.rwth-aachen.de",25,"n23m0123.hpc.itc.rwth-aachen.de",25,"25",1048576,20,5310.87,9742.57,10766.4,10920.2,12096.3,14557.7,14896.3
0,"n23m0123.hpc.itc.rwth-aachen.de",26,"n23m0123.hpc.itc.rwth-aachen.de",26,"26",1048576,20,5246.68,9386.69,10418,10338.2,11573,15151.4,15322.1
0,"n23m0123.hpc.itc.rwth-aachen.de",27,"n23m0123.hpc.itc.rwth-aachen.de",27,"27",1048576,20,1335.1,9576.42,10535.6,9955.28,11553.9,11956.9,12503.3
0,"n23m0123.hpc.itc.rwth-aachen.de",28,"n23m0123.hpc.itc.rwth-aachen.de",28,"28",1048576,20,176.251,9993.58,10740,10851.6,12431.8,14655.6,15522.3
0,"n23m0123.hpc.itc.rwth-aachen.de",29,"n23m0123.hpc.itc.rwth-aachen.de",29,"29",1048576,20,6051.7,9423.67,10959.1,10718.2,11637,14270.1,15173.2
0,"n23m0123.hpc.itc.rwth-aachen.de",30,"n23m0123.hpc.itc.rwth-aachen.de",30,"30",1048576,20,528.445,10041,11143.7,10316.3,11780.6,13363.7,14692.8
0,"n23m0123.hpc.itc.rwth-aachen.de",31,"n23m0123.hpc.itc.rwth-aachen.de",31,"31",1048576,20,167.681,9595.88,10642.3,9822.05,11268.5,12882.6,13208.7
0,"n23m0123.hpc.itc.rwth-aachen.de",32,"n23m0123.hpc.itc.rwth-aachen.de",32,"32",1048576,20,12382.6,13152.6,14052.4,13918.7,14622.7,14905.4,15696.1
0,"n23m0123.hpc.itc.rwth-aachen.de",33,"n23m0123.hpc.itc.rwth-aachen.de",33,"33",1048576,20,12486.7,12833.5,13133.1,13410.5,13735,15141.4,15727.8
0,"n23m0123.hpc.itc.rwth-aachen.de",34,"n23m0123.hpc.itc.rwth-aachen.de",34,"34",1048576,20,12483,13127.9,13621.1,13872,14873.6,15165.1,16082
0,"n23m0123.hpc.itc.rwth-aachen.de",35,"n23m0123.hpc.itc.rwth-aachen.de",35,"35",1048576,20,12495.7,12927.7,13689.7,13938.1,15114.7,15479.2,15615.8
0,"n23m0123.hpc.itc.rwth-aachen.de",36,"n23m0123.hpc.itc.rwth-aachen.de",36,"36",1048576,20,12409.9,12891.4,13449.6,13803.7,14888.3,15787.1,15809.3
0,"n23m0123.hpc.itc.rwth-aachen.de",37,"n23m0123.hpc.itc.rwth-aachen.de",37,"37",1048576,20,12441.4,12749.8,12914.7,13521.9,14308.6,15464.7,15894.6
0,"n23m0123.hpc.itc.rwth-aachen.de",38,"n23m0123.hpc.itc.rwth-aachen.de",38,"38",1048576,20,12333.5,12872.2,13486.5,13806.1,15003.4,15405.1,15425.7
0,"n23m0123.hpc.itc.rwth-aachen.de",39,"n23m0123.hpc.itc.rwth-aachen.de",39,"39",1048576,20,13132.7,13553,14593.2,14365,15101.6,15386.4,15530.7
0,"n23m0123.hpc.itc.rwth-aachen.de",40,"n23m0123.hpc.itc.rwth-aachen.de",40,"40",1048576,20,12421.1,12964.8,13444.3,13731,14724.1,15046,15529.9
0,"n23m0123.hpc.itc.rwth-aachen.de",41,"n23m0123.hpc.itc.rwth-aachen.de",41,"41",1048576,20,11978,12706.4,13906.2,13766.4,14700.8,15240.1,15397.3
0,"n23m0123.hpc.itc.rwth-aachen.de",42,"n23m0123.hpc.itc.rwth-aachen.de",42,"42",1048576,20,12433,12822,13949.1,13990.8,15058.1,15804.1,15976.9
0,"n23m0123.hpc.itc.rwth-aachen.de",43,"n23m0123.hpc.itc.rwth-aachen.de",43,"43",1048576,20,12423.3,13609.9,14132.4,14155,15046.7,15316.5,15483.1
0,"n23m0123.hpc.itc.rwth-aachen.de",44,"n23m0123.hpc.itc.rwth-aachen.de",44,"44",1048576,20,12358.4,12634.7,12873.1,13519,14371.3,15636.2,15733.6
0,"n23m0123.hpc.itc.rwth-aachen.de",45,"n23m0123.hpc.itc.rwth-aachen.de",45,"45",1048576,20,12562.4,12767.3,13133.8,13452.7,14055.2,14712,14756.3
0,"n23m0123.hpc.itc.rwth-aachen.de",46,"n23m0123.hpc.itc.rwth-aachen.de",46,"46",1048576,20,12474.8,13819.2,14417.2,14392.4,14851.7,15820.5,15893
0,"n23m0123.hpc.itc.rwth-aachen.de",47,"n23m0123.hpc.itc.rwth-aachen.de",47,"47",1048576,20,12326.5,12732.3,13940,13931.4,15030.1,15665.1,15693
0,"n23m0123.hpc.itc.rwth-aachen.de",48,"n23m0123.hpc.itc.rwth-aachen.de",48,"48",1048576,20,13119,13761.7,14283.3,14468.5,15144.4,15640.1,15850.1
0,"n23m0123.hpc.itc.rwth-aachen.de",49,"n23m0123.hpc.itc.rwth-aachen.de",49,"49",1048576,20,12694.2,13408.3,13827.3,14115,14843.3,15882.2,15966
0,"n23m0123.hpc.itc.rwth-aachen.de",50,"n23m0123.hpc.itc.rwth-aachen.de",50,"50",1048576,20,12609.5,13617.4,14417.8,14341.4,15211.6,15664.6,15734.6
0,"n23m0123.hpc.itc.rwth-aachen.de",51,"n23m0123.hpc.itc.rwth-aachen.de",51,"51",1048576,20,12586.1,13479.7,14195.2,14141.5,14737.2,15557.4,15783.5
0,"n23m0123.hpc.itc.rwth-aachen.de",52,"n23m0123.hpc.itc.rwth-aachen.de",52,"52",1048576,20,12915.3,13722.3,14218.1,14366.6,15027.8,15773.2,15995.9
0,"n23m0123.hpc.itc.rwth-aachen.de",53,"n23m0123.hpc.itc.rwth-aachen.de",53,"53",1048576,20,13022.9,13447.7,13865.4,14048.1,14541.3,15442.1,15591.3
0,"n23m0123.hpc.itc.rwth-aachen.de",54,"n23m0123.hpc.itc.rwth-aachen.de",54,"54",1048576,20,12524.2,13124.9,14288.3,14246.8,15408.3,15841.8,15913.3
0,"n23m0123.hpc.itc.rwth-aachen.de",55,"n23m0123.hpc.itc.rwth-aachen.de",55,"55",1048576,20,13017.1,14031.9,14818.8,14644,15282.7,15607.9,16093.5
0,"n23m0123.hpc.itc.rwth-aachen.de",56,"n23m0123.hpc.itc.rwth-aachen.de",56,"56",1048576,20,12867.3,13322,14139.9,14251.8,15049.3,15763.5,15817.9
0,"n23m0123.hpc.itc.rwth-aachen.de",57,"n23m0123.hpc.itc.rwth-aachen.de",57,"57",1048576,20,12651.3,13484.5,13941.9,14060.1,14517.2,15360,15819.8
0,"n23m0123.hpc.itc.rwth-aachen.de",58,"n23m0123.hpc.itc.rwth-aachen.de",58,"58",1048576,20,12997,14332.7,14768,14778.6,15516.5,15870.5,16000.3
0,"n23m0123.hpc.itc.rwth-aachen.de",59,"n23m0123.hpc.itc.rwth-aachen.de",59,"59",1048576,20,13034.1,13956.7,14409.2,14409.1,14868.1,15647.5,15745.3
0,"n23m0123.hpc.itc.rwth-aachen.de",60,"n23m0123.hpc.itc.rwth-aachen.de",60,"60",1048576,20,12793.2,13935.8,14607.8,14527.1,15154.6,15840.3,16013.8
0,"n23m0123.hpc.itc.rwth-aachen.de",61,"n23m0123.hpc.itc.rwth-aachen.de",61,"61",1048576,20,12537.6,13069.1,14007.4,14101.7,15396.4,15666.9,15710
0,"n23m0123.hpc.itc.rwth-aachen.de",62,"n23m0123.hpc.itc.rwth-aachen.de",62,"62",1048576,20,12575,13386.1,14000.3,13986.3,14348.9,15521.8,15568
0,"n23m0123.hpc.itc.rwth-aachen.de",63,"n23m0123.hpc.itc.rwth-aachen.de",63,"63",1048576,20,12604.2,13489.8,14458.4,14488,15552.3,15881.2,15913.9
0,"n23m0123.hpc.itc.rwth-aachen.de",64,"n23m0123.hpc.itc.rwth-aachen.de",64,"64",1048576,20,1217.01,11333.3,12341.6,12312.5,14748.6,15532.7,15728.3
0,"n23m0123.hpc.itc.rwth-aachen.de",65,"n23m0123.hpc.itc.rwth-aachen.de",65,"65",1048576,20,198.976,9341.23,10815.1,9676.36,11545.3,12413.6,12424.4
0,"n23m0123.hpc.itc.rwth-aachen.de",66,"n23m0123.hpc.itc.rwth-aachen.de",66,"66",1048576,20,876.974,8065.24,10200.6,9020.74,12072.3,14584.5,14626
0,"n23m0123.hpc.itc.rwth-aachen.de",67,"n23m0123.hpc.itc.rwth-aachen.de",67,"67",1048576,20,185.573,2390.95,9106.26,7318.09,10329.8,11342.9,11821.2
0,"n23m0123.hpc.itc.rwth-aachen.de",68,"n23m0123.hpc.itc.rwth-aachen.de",68,"68",1048576,20,2279.68,8824.55,9734.15,9108.79,10444.5,13379.8,14134.6
0,"n23m0123.hpc.itc.rwth-aachen.de",69,"n23m0123.hpc.itc.rwth-aachen.de",69,"69",1048576,20,945.509,9353.47,10270.6,9584.07,11405.5,12111.5,13942
0,"n23m0123.hpc.itc.rwth-aachen.de",70,"n23m0123.hpc.itc.rwth-aachen.de",70,"70",1048576,20,1355.25,9379.54,10192.6,10315.2,11351.6,13662.9,15819.8
0,"n23m0123.hpc.itc.rwth-aachen.de",71,"n23m0123.hpc.itc.rwth-aachen.de",71,"71",1048576,20,185.681,6302.3,10452.8,8643.15,12059.2,12587.3,15737.2
0,"n23m0123.hpc.itc.rwth-aachen.de",72,"n23m0123.hpc.itc.rwth-aachen.de",72,"72",1048576,20,580.34,9139.76,10831,10107.6,11979.4,15564.6,15850.8
0,"n23m0123.hpc.itc.rwth-aachen.de",73,"n23m0123.hpc.itc.rwth-aachen.de",73,"73",1048576,20,2327.21,9568.94,11352.1,10490.6,12152.3,14794.3,15298.7
0,"n23m0123.hpc.itc.rwth-aachen.de",74,"n23m0123.hpc.itc.rwth-aachen.de",74,"74",1048576,20,3576.43,9188.61,10192.5,10141.5,11307.8,15209.5,15536.4
0,"n23m0123.hpc.itc.rwth-aachen.de",75,"n23m0123.hpc.itc.rwth-aachen.de",75,"75",1048576,20,179.443,8645.55,10278.1,9314.28,11790.7,15726.7,15925.6
0,"n23m0123.hpc.itc.rwth-aachen.de",76,"n23m0123.hpc.itc.rwth-aachen.de",76,"76",1048576,20,547.181,8625.66,10360.5,9358.18,12121.3,15667,15915.2
0,"n23m0123.hpc.itc.rwth-aachen.de",77,"n23m0123.hpc.itc.rwth-aachen.de",77,"77",1048576,20,932.338,9992.88,10619.6,9960.84,11175.8,12418.2,16014.5
0,"n23m0123.hpc.itc.rwth-aachen.de",78,"n23m0123.hpc.itc.rwth-aachen.de",78,"78",1048576,20,196.097,9262.05,12090.5,11146.1,13953.4,15319.4,15951.5
0,"n23m0123.hpc.itc.rwth-aachen.de",79,"n23m0123.hpc.itc.rwth-aachen.de",79,"79",1048576,20,1357.49,10331,11257.2,11503,14534.2,15827.9,15915.8
0,"n23m0123.hpc.itc.rwth-aachen.de",80,"n23m0123.hpc.itc.rwth-aachen.de",80,"80",1048576,20,5210.91,9528.7,10606.1,10276.4,11508.1,12738.1,13640.6
0,"n23m0123.hpc.itc.rwth-aachen.de",81,"n23m0123.hpc.itc.rwth-aachen.de",81,"81",1048576,20,1379.79,8750.68,10251.1,9967.85,11841.9,15475.5,15918
0,"n23m0123.hpc.itc.rwth-aachen.de",82,"n23m0123.hpc.itc.rwth-aachen.de",82,"82",1048576,20,150.619,4881.51,9317.6,8471.13,10708.6,14464.9,16019.1
0,"n23m0123.hpc.itc.rwth-aachen.de",83,"n23m0123.hpc.itc.rwth-aachen.de",83,"83",1048576,20,2257.52,9089.1,10566.9,10308.1,11967.5,15355.1,16016.8
0,"n23m0123.hpc.itc.rwth-aachen.de",84,"n23m0123.hpc.itc.rwth-aachen.de",84,"84",1048576,20,2921.32,9391.91,11024.2,10565.2,12093.4,14268,15626.5
0,"n23m0123.hpc.itc.rwth-aachen.de",85,"n23m0123.hpc.itc.rwth-aachen.de",85,"85",1048576,20,1322.28,9009.44,9954.07,10041.4,11611.6,14354.2,14354.5
0,"n23m0123.hpc.itc.rwth-aachen.de",86,"n23m0123.hpc.itc.rwth-aachen.de",86,"86",1048576,20,169.615,8994.42,11422.9,10240.1,12450.9,14768.3,15718.8
0,"n23m0123.hpc.itc.rwth-aachen.de",87,"n23m0123.hpc.itc.rwth-aachen.de",87,"87",1048576,20,953.6,9110.89,10357,9712.75,11156.8,14091.5,15011.9
0,"n23m0123.hpc.itc.rwth-aachen.de",88,"n23m0123.hpc.itc.rwth-aachen.de",88,"88",1048576,20,6236.57,9488.25,10405.5,10146.5,10944.1,12100.9,12175.7
0,"n23m0123.hpc.itc.rwth-aachen.de",89,"n23m0123.hpc.itc.rwth-aachen.de",89,"89",1048576,20,574.736,9014.16,9804.81,9298.88,10919.6,12485.6,15455.3
0,"n23m0123.hpc.itc.rwth-aachen.de",90,"n23m0123.hpc.itc.rwth-aachen.de",90,"90",1048576,20,2959.74,9812.11,10603.9,10708.6,12031.7,14405,15922.8
0,"n23m0123.hpc.itc.rwth-aachen.de",91,"n23m0123.hpc.itc.rwth-aachen.de",91,"91",1048576,20,7343.73,9843.88,10371.3,10218,10838.7,11555.2,12326.7
0,"n23m0123.hpc.itc.rwth-aachen.de",92,"n23m0123.hpc.itc.rwth-aachen.de",92,"92",1048576,20,927.239,9042.63,10227.1,9972.2,11608.1,15258.9,15522.6
0,"n23m0123.hpc.itc.rwth-aachen.de",93,"n23m0123.hpc.itc.rwth-aachen.de",93,"93",1048576,20,188,9288.18,10266.9,9984.35,11387.9,14424.6,14656.9
0,"n23m0123.hpc.itc.rwth-aachen.de",94,"n23m0123.hpc.itc.rwth-aachen.de",94,"94",1048576,20,2833.22,10107.9,10634.1,10801.2,11231,15394.6,15824
0,"n23m0123.hpc.itc.rwth-aachen.de",95,"n23m0123.hpc.itc.rwth-aachen.de",95,"95",1048576,20,181.884,9940.75,10525.5,10876.6,12417.5,15224.5,15544.5
0,"n23m0123.hpc.itc.rwth-aachen.de",96,"r23m0124.hpc.itc.rwth-aachen.de",0,"0",1048576,20,11309.6,14214.3,15026.9,15555,17816.4,19303.5,19517.8
0,"n23m0123.hpc.itc.rwth-aachen.de",97,"r23m0124.hpc.itc.rwth-aachen.de",1,"1",1048576,20,8128.04,8619.55,10284.2,12070,13992.8,19566.9,21527.3
0,"n23m0123.hpc.itc.rwth-aachen.de",98,"r23m0124.hpc.itc.rwth-aachen.de",2,"2",1048576,20,8098.66,8749.7,9742.91,11767.3,14908.9,19435.4,21512.6
0,"n23m0123.hpc.itc.rwth-aachen.de",99,"r23m0124.hpc.itc.rwth-aachen.de",3,"3",1048576,20,8192.62,8879.1,10426.3,11649.8,13638,16600.4,19382.5
0,"n23m0123.hpc.itc.rwth-aachen.de",100,"r23m0124.hpc.itc.rwth-aachen.de",4,"4",1048576,20,8190.12,10410.4,12481,12674.7,15574.3,17639.3,17718.7
0,"n23m0123.hpc.itc.rwth-aachen.de",101,"r23m0124.hpc.itc.rwth-aachen.de",5,"5",1048576,20,8218.18,8895.73,10403.6,12369.2,15652.9,19225.9,20558.5
0,"n23m0123.hpc.itc.rwth-aachen.de",102,"r23m0124.hpc.itc.rwth-aachen.de",6,"6",1048576,20,8309.64,9027.72,11242.5,12237.6,13696.6,18842.9,20932.8
0,"n23m0123.hpc.itc.rwth-aachen.de",103,"r23m0124.hpc.itc.rwth-aachen.de",7,"7",1048576,20,8362.51,9052.47,11183.2,12540.6,15696.8,18086.2,18681
0,"n23m0123.hpc.itc.rwth-aachen.de",104,"r23m0124.hpc.itc.rwth-aachen.de",8,"8",1048576,20,8074.63,11223.4,12972.4,13775.7,15441.1,19368.5,20721.1
0,"n23m0123.hpc.itc.rwth-aachen.de",105,"r23m0124.hpc.itc.rwth-aachen.de",9,"9",1048576,20,8140.28,8802.6,10626.6,12555,16666.3,19143.9,19466.6
0,"n23m0123.hpc.itc.rwth-aachen.de",106,"r23m0124.hpc.itc.rwth-aachen.de",10,"10",1048576,20,8192.36,9056.65,10724.6,11720.8,13215.5,18823.7,19203.9
0,"n23m0123.hpc.itc.rwth-aachen.de",107,"r23m0124.hpc.itc.rwth-aachen.de",11,"11",1048576,20,8466.59,10417,11832.1,12792.8,14635.3,17896.9,19443.1
0,"n23m0123.hpc.itc.rwth-aachen.de",108,"r23m0124.hpc.itc.rwth-aachen.de",12,"12",1048576,20,8295.64,12126.9,13096,13952.4,17025.6,19176.2,19183.1
0,"n23m0123.hpc.itc.rwth-aachen.de",109,"r23m0124.hpc.itc.rwth-aachen.de",13,"13",1048576,20,8078.03,10481.3,11945.5,12608.4,15308.9,17080.3,19265.9
0,"n23m0123.hpc.itc.rwth-aachen.de",110,"r23m0124.hpc.itc.rwth-aachen.de",14,"14",1048576,20,8522.7,10752.4,13202.3,13245.5,15054.6,17264.2,20141.8
0,"n23m0123.hpc.itc.rwth-aachen.de",111,"r23m0124.hpc.itc.rwth-aachen.de",15,"15",1048576,20,8412.41,11025.3,14639.7,13762.3,16460.9,18267.4,19033.1
0,"n23m0123.hpc.itc.rwth-aachen.de",112,"r23m0124.hpc.itc.rwth-aachen.de",16,"16",1048576,20,10493.7,11357.3,13271.3,14028.5,16298.2,19079.4,19517.8
0,"n23m0123.hpc.itc.rwth-aachen.de",113,"r23m0124.hpc.itc.rwth-aachen.de",17,"17",1048576,20,8157.97,8840.5,9600.01,10673.3,11266.6,16519.9,16884.2
0,"n23m0123.hpc.itc.rwth-aachen.de",114,"r23m0124.hpc.itc.rwth-aachen.de",18,"18",1048576,20,8146.62,10608.5,11851.4,12368.4,14503.5,16393.3,17632.2
0,"n23m0123.hpc.itc.rwth-aachen.de",115,"r23m0124.hpc.itc.rwth-aachen.de",19,"19",1048576,20,8357.53,8953.4,12842.5,12510.8,15242.2,17648.5,18620.3
0,"n23m0123.hpc.itc.rwth-aachen.de",116,"r23m0124.hpc.itc.rwth-aachen.de",20,"20",1048576,20,8589.14,12132,13972.5,13990.6,16205.1,18577.7,18866.9
0,"n23m0123.hpc.itc.rwth-aachen.de",117,"r23m0124.hpc.itc.rwth-aachen.de",21,"21",1048576,20,8471.85,10474.8,12830.7,12633.9,15015.7,16162,18859.2
0,"n23m0123.hpc.itc.rwth-aachen.de",118,"r23m0124.hpc.itc.rwth-aachen.de",22,"22",1048576,20,9028.7,10663.1,11923,13087.4,15403.9,18100.4,18924.3
0,"n23m0123.hpc.itc.rwth-aachen.de",119,"r23m0124.hpc.itc.rwth-aachen.de",23,"23",1048576,20,10412.3,11144.8,12821.9,13705.4,16024.1,17642.8,17968.8
0,"n23m0123.hpc.itc.rwth-aachen.de",120,"r23m0124.hpc.itc.rwth-aachen.de",24,"24",1048576,20,10617.5,12762.3,15129.4,14860.7,16815.9,17956.7,18070.8
0,"n23m0123.hpc.itc.rwth-aachen.de",121,"r23m0124.hpc.itc.rwth-aachen.de",25,"25",1048576,20,8766.28,11079.5,13502.8,13809.7,16217.5,18581.3,18861.1
0,"n23m0123.hpc.itc.rwth-aachen.de",122,"r23m0124.hpc.itc.rwth-aachen.de",26,"26",1048576,20,8242.54,11082.2,13184.4,13366.9,16092.5,18080.1,18438.3
0,"n23m0123.hpc.itc.rwth-aachen.de",123,"r23m0124.hpc.itc.rwth-aachen.de",27,"27",1048576,20,8301.74,12557.1,13996.9,14209.1,16950.5,17861.7,18924.2
0,"n23m0123.hpc.itc.rwth-aachen.de",124,"r23m0124.hpc.itc.rwth-aachen.de",28,"28",1048576,20,8240.77,13042.7,15150.1,14697.4,16921.5,18597.9,19060.9
0,"n23m0123.hpc.itc.rwth-aachen.de",125,"r23m0124.hpc.itc.rwth-aachen.de",29,"29",1048576,20,10213.6,13091.1,15263.6,14748,16250.9,18500,18647.6
0,"n23m0123.hpc.itc.rwth-aachen.de",126,"r23m0124.hpc.itc.rwth-aachen.de",30,"30",1048576,20,8200.18,10875.3,13973.4,13332.2,15145.2,17862.1,18940.5
0,"n23m0123.hpc.itc.rwth-aachen.de",127,"r23m0124.hpc.itc.rwth-aachen.de",31,"31",1048576,20,8135.31,12980.1,15272,14419.4,16715.9,17700.4,18306.4
0,"n23m0123.hpc.itc.rwth-aachen.de",128,"r23m0124.hpc.itc.rwth-aachen.de",32,"32",1048576,20,9074.42,9167.46,9195.14,9197.68,9237.36,9284.25,9290.54
0,"n23m0123.hpc.itc.rwth-aachen.de",129,"r23m0124.hpc.itc.rwth-aachen.de",33,"33",1048576,20,11002.1,17355,17981.6,17920.4,19216.9,21021.3,21377.7
0,"n23m0123.hpc.itc.rwth-aachen.de",130,"r23m0124.hpc.itc.rwth-aachen.de",34,"34",1048576,20,12424.8,16774.2,18682.5,18068.4,19317.6,21126.2,21257.2
0,"n23m0123.hpc.itc.rwth-aachen.de",131,"r23m0124.hpc.itc.rwth-aachen.de",35,"35",1048576,20,12755.3,16231.1,17217.4,17239.4,18349.3,19472.5,20533.6
0,"n23m0123.hpc.itc.rwth-aachen.de",132,"r23m0124.hpc.itc.rwth-aachen.de",36,"36",1048576,20,13398.8,17174.4,17851.5,17763.6,18889.3,19313.6,21566.2
0,"n23m0123.hpc.itc.rwth-aachen.de",133,"r23m0124.hpc.itc.rwth-aachen.de",37,"37",1048576,20,10659.5,17597,18231.3,17664.3,18765.6,20133.2,20731.7
0,"n23m0123.hpc.itc.rwth-aachen.de",134,"r23m0124.hpc.itc.rwth-aachen.de",38,"38",1048576,20,8859.84,17315.7,18316.1,17749.6,18745.3,19729.4,19914
0,"n23m0123.hpc.itc.rwth-aachen.de",135,"r23m0124.hpc.itc.rwth-aachen.de",39,"39",1048576,20,12427.4,16120.8,17672.6,17297.1,18830.6,19448.8,19469.9
0,"n23m0123.hpc.itc.rwth-aachen.de",136,"r23m0124.hpc.itc.rwth-aachen.de",40,"40",1048576,20,14917.2,17246.9,17653.5,17705.8,18258.2,19703.6,20212.7
0,"n23m0123.hpc.itc.rwth-aachen.de",137,"r23m0124.hpc.itc.rwth-aachen.de",41,"41",1048576,20,12574,16517.2,17546.4,17511.3,19134.5,21371.9,21454.5
0,"n23m0123.hpc.itc.rwth-aachen.de",138,"r23m0124.hpc.itc.rwth-aachen.de",42,"42",1048576,20,13856.2,16811.6,17465.8,17481.7,18150.7,19341.9,21802.8
0,"n23m0123.hpc.itc.rwth-aachen.de",139,"r23m0124.hpc.itc.rwth-aachen.de",43,"43",1048576,20,11043.6,16691.6,17744.3,17518.8,18857.7,19281.3,19313.8
0,"n23m0123.hpc.itc.rwth-aachen.de",140,"r23m0124.hpc.itc.rwth-aachen.de",44,"44",1048576,20,14373.8,17404.8,18221.6,18189.6,19091.5,19479.4,21793.4
0,"n23m0123.hpc.itc.rwth-aachen.de",141,"r23m0124.hpc.itc.rwth-aachen.de",45,"45",1048576,20,14730.7,16792.9,18041.5,17848.9,18939.1,19560.1,21499.4
0,"n23m0123.hpc.itc.rwth-aachen.de",142,"r23m0124.hpc.itc.rwth-aachen.de",46,"46",1048576,20,11343.9,17478.9,18203.5,17769.8,18702.3,20053.2,21615.1
0,"n23m0123.hpc.itc.rwth-aachen.de",143,"r23m0124.hpc.itc.rwth-aachen.de",47,"47",1048576,20,15066.7,16963,17758.3,17810.6,18967.8,19273.2,20242.1
0,"n23m0123.hpc.itc.rwth-aachen.de",144,"r23m0124.hpc.itc.rwth-aachen.de",48,"48",1048576,20,14433.7,17341.2,18232.9,17861.9,18788.7,19582.2,19721.9
0,"n23m0123.hpc.itc.rwth-aachen.de",145,"r23m0124.hpc.itc.rwth-aachen.de",49,"49",1048576,20,11414.9,16396.7,17186.3,16800,18471.1,19395.4,19662.7
0,"n23m0123.hpc.itc.rwth-aachen.de",146,"r23m0124.hpc.itc.rwth-aachen.de",50,"50",1048576,20,14736.1,16347.4,17453.5,17565.1,18963.6,19823.2,21139
0,"n23m0123.hpc.itc.rwth-aachen.de",147,"r23m0124.hpc.itc.rwth-aachen.de",51,"51",1048576,20,14604.1,16352.4,16966.6,17028.2,18210,18530.8,18663.8
0,"n23m0123.hpc.itc.rwth-aachen.de",148,"r23m0124.hpc.itc.rwth-aachen.de",52,"52",1048576,20,15084.9,16775.2,17875.9,17703.4,18581.5,19165.4,20160.5
0,"n23m0123.hpc.itc.rwth-aachen.de",149,"r23m0124.hpc.itc.rwth-aachen.de",53,"53",1048576,20,13438.1,16467,17186.6,17406.5,18455.9,19257.8,20697.4
0,"n23m0123.hpc.itc.rwth-aachen.de",150,"r23m0124.hpc.itc.rwth-aachen.de",54,"54",1048576,20,10829.3,16818.5,18142.4,17640.9,19275.7,20079.3,21492.1
0,"n23m0123.hpc.itc.rwth-aachen.de",151,"r23m0124.hpc.itc.rwth-aachen.de",55,"55",1048576,20,15201.3,16399.8,18124.3,17816.7,18935.7,19552.9,21241.3
0,"n23m0123.hpc.itc.rwth-aachen.de",152,"r23m0124.hpc.itc.rwth-aachen.de",56,"56",1048576,20,16016.3,17199.6,18217.6,18170,19038.6,19528.3,21081.4
0,"n23m0123.hpc.itc.rwth-aachen.de",153,"r23m0124.hpc.itc.rwth-aachen.de",57,"57",1048576,20,13302.4,17077.4,17636.9,17777.2,19059.2,20235.9,20684.7
0,"n23m0123.hpc.itc.rwth-aachen.de",154,"r23m0124.hpc.itc.rwth-aachen.de",58,"58",1048576,20,12573.7,16811.1,17838.6,17344,18456.2,19171.8,20774.4
0,"n23m0123.hpc.itc.rwth-aachen.de",155,"r23m0124.hpc.itc.rwth-aachen.de",59,"59",1048576,20,12623.1,16549.4,17646.9,17121.4,18701.3,19232,19274.6
0,"n23m0123.hpc.itc.rwth-aachen.de",156,"r23m0124.hpc.itc.rwth-aachen.de",60,"60",1048576,20,14678.4,16894.5,17793.8,17855.3,18680.9,20602.7,20744.6
0,"n23m0123.hpc.itc.rwth-aachen.de",157,"r23m0124.hpc.itc.rwth-aachen.de",61,"61",1048576,20,13335.3,16578.8,17694,17569.9,18361.5,19399.4,21014.9
0,"n23m0123.hpc.itc.rwth-aachen.de",158,"r23m0124.hpc.itc.rwth-aachen.de",62,"62",1048576,20,13050.2,17195.8,18690,18169.3,19135.4,21523.4,21660.1
0,"n23m0123.hpc.itc.rwth-aachen.de",159,"r23m0124.hpc.itc.rwth-aachen.de",63,"63",1048576,20,11171.9,17403.4,18325.6,17723.2,19077,19357.8,21189.9
0,"n23m0123.hpc.itc.rwth-aachen.de",160,"r23m0124.hpc.itc.rwth-aachen.de",64,"64",1048576,20,14481.4,17255,18016,17846.1,18722,19166.9,19499.7
0,"n23m0123.hpc.itc.rwth-aachen.de",161,"r23m0124.hpc.itc.rwth-aachen.de",65,"65",1048576,20,8268.31,16487.4,17844.4,17066,18528.7,19581.3,20624.7
0,"n23m0123.hpc.itc.rwth-aachen.de",162,"r23m0124.hpc.itc.rwth-aachen.de",66,"66",1048576,20,8103.86,16399.4,17547.3,17304.1,19134.9,20678.2,21174.3
0,"n23m0123.hpc.itc.rwth-aachen.de",163,"r23m0124.hpc.itc.rwth-aachen.de",67,"67",1048576,20,10699.1,16986.5,17473.9,17171.9,18097.1,19048.5,19727.7
0,"n23m0123.hpc.itc.rwth-aachen.de",164,"r23m0124.hpc.itc.rwth-aachen.de",68,"68",1048576,20,13675.3,17150.6,17709,17696.2,18590.6,19278.7,21186.6
0,"n23m0123.hpc.itc.rwth-aachen.de",165,"r23m0124.hpc.itc.rwth-aachen.de",69,"69",1048576,20,8603.22,17060.8,18431,17520.5,19020.4,19635.4,21213.6
0,"n23m0123.hpc.itc.rwth-aachen.de",166,"r23m0124.hpc.itc.rwth-aachen.de",70,"70",1048576,20,12792.9,17302.2,18311.1,17982.8,19127.3,19500.9,20516.7
0,"n23m0123.hpc.itc.rwth-aachen.de",167,"r23m0124.hpc.itc.rwth-aachen.de",71,"71",1048576,20,10330.3,16372.6,16795.5,16495.6,17965.6,18418.6,19243.5
0,"n23m0123.hpc.itc.rwth-aachen.de",168,"r23m0124.hpc.itc.rwth-aachen.de",72,"72",1048576,20,12955.7,16719.9,17700.4,17525.2,18676.6,20328.1,21764
0,"n23m0123.hpc.itc.rwth-aachen.de",169,"r23m0124.hpc.itc.rwth-aachen.de",73,"73",1048576,20,8724.11,16943.2,17751.3,17096.5,19141.2,20500.7,21445.3
0,"n23m0123.hpc.itc.rwth-aachen.de",170,"r23m0124.hpc.itc.rwth-aachen.de",74,"74",1048576,20,8205.13,16258.3,17850.5,17209.7,18612.4,19287.8,21705.5
0,"n23m0123.hpc.itc.rwth-aachen.de",171,"r23m0124.hpc.itc.rwth-aachen.de",75,"75",1048576,20,10338.4,15811.5,16938.1,16562.7,18709.2,19203.7,19622
0,"n23m0123.hpc.itc.rwth-aachen.de",172,"r23m0124.hpc.itc.rwth-aachen.de",76,"76",1048576,20,13252.5,17003.5,17720.2,17534.5,18434.3,18981.5,19798.1
0,"n23m0123.hpc.itc.rwth-aachen.de",173,"r23m0124.hpc.itc.rwth-aachen.de",77,"77",1048576,20,9010.89,16990.1,18581.4,17378,19022.2,19866.5,21808.9
0,"n23m0123.hpc.itc.rwth-aachen.de",174,"r23m0124.hpc.itc.rwth-aachen.de",78,"78",1048576,20,12863.6,17371.8,18005.7,18009.1,18866.2,21070.4,21483.6
0,"n23m0123.hpc.itc.rwth-aachen.de",175,"r23m0124.hpc.itc.rwth-aachen.de",79,"79",1048576,20,16041.7,17151.9,17866.4,17914.7,19032.1,19386.4,19466.7
0,"n23m0123.hpc.itc.rwth-aachen.de",176,"r23m0124.hpc.itc.rwth-aachen.de",80,"80",1048576,20,8570.26,16138.6,16656.4,16462,18062,18739,19518.3
0,"n23m0123.hpc.itc.rwth-aachen.de",177,"r23m0124.hpc.itc.rwth-aachen.de",81,"81",1048576,20,8367.67,14915.1,16823.5,15517.9,18139.7,18838.3,19262.7
0,"n23m0123.hpc.itc.rwth-aachen.de",178,"r23m0124.hpc.itc.rwth-aachen.de",82,"82",1048576,20,9123.17,16197.6,16921,16415.1,18006.2,19375.7,20698
0,"n23m0123.hpc.itc.rwth-aachen.de",179,"r23m0124.hpc.itc.rwth-aachen.de",83,"83",1048576,20,8779.04,16351.5,16793.4,16810.4,18305.7,19268.2,19494.1
0,"n23m0123.hpc.itc.rwth-aachen.de",180,"r23m0124.hpc.itc.rwth-aachen.de",84,"84",1048576,20,8892.67,16437.7,17364.1,16866,18246.2,19180.2,20203
0,"n23m0123.hpc.itc.rwth-aachen.de",181,"r23m0124.hpc.itc.rwth-aachen.de",85,"85",1048576,20,10174.5,17060.7,17669.9,17353.7,18700.2,19060.6,20031.6
0,"n23m0123.hpc.itc.rwth-aachen.de",182,"r23m0124.hpc.itc.rwth-aachen.de",86,"86",1048576,20,8529.51,16679.1,17819.1,17400.8,18984.2,19667.4,20887.6
0,"n23m0123.hpc.itc.rwth-aachen.de",183,"r23m0124.hpc.itc.rwth-aachen.de",87,"87",1048576,20,13210.8,16700,17077.2,17090.2,18022.1,18832.1,19010.5
0,"n23m0123.hpc.itc.rwth-aachen.de",184,"r23m0124.hpc.itc.rwth-aachen.de",88,"88",1048576,20,15988.2,16868.1,17658.8,17718.9,18344.7,19347.5,19741.8
0,"n23m0123.hpc.itc.rwth-aachen.de",185,"r23m0124.hpc.itc.rwth-aachen.de",89,"89",1048576,20,11002.4,16581.6,17647.1,16972.8,18382.5,19387.3,21231.6
0,"n23m0123.hpc.itc.rwth-aachen.de",186,"r23m0124.hpc.itc.rwth-aachen.de",90,"90",1048576,20,14537.7,17269,17893.4,17766.9,18642.6,19151,20483.3
0,"n23m0123.hpc.itc.rwth-aachen.de",187,"r23m0124.hpc.itc.rwth-aachen.de",91,"91",1048576,20,12394.1,17611.4,18298.6,17952.3,18802.5,19464.3,20399.2
0,"n23m0123.hpc.itc.rwth-aachen.de",188,"r23m0124.hpc.itc.rwth-aachen.de",92,"92",1048576,20,14982.9,17225.8,17763,17852,18640.8,19199.5,20056.3
0,"n23m0123.hpc.itc.rwth-aachen.de",189,"r23m0124.hpc.itc.rwth-aachen.de",93,"93",1048576,20,8912.97,17641.6,18787.5,17968.5,19279.4,20090.3,20279.4
0,"n23m0123.hpc.itc.rwth-aachen.de",190,"r23m0124.hpc.itc.rwth-aachen.de",94,"94",1048576,20,12716.8,15907.6,17343.5,17075,18539,20268.7,20966.8
0,"n23m0123.hpc.itc.rwth-aachen.de",191,"r23m0124.hpc.itc.rwth-aachen.de",95,"95",1048576,20,8433.69,16353.4,17181.2,16716.2,18407.7,18710,18817.3
0,"n23m0123.hpc.itc.rwth-aachen.de",1,"n23m0123.hpc.itc.rwth-aachen.de",1,"1",4194304,20,52462.5,76602.8,89370.7,88555.7,103398,108427,109237
0,"n23m0123.hpc.itc.rwth-aachen.de",2,"n23m0123.hpc.itc.rwth-aachen.de",2,"2",4194304,20,72701.1,83460.7,91853.7,93566.1,105462,106659,112317
0,"n23m0123.hpc.itc.rwth-aachen.de",3,"n23m0123.hpc.itc.rwth-aachen.de",3,"3",4194304,20,78232.4,82243.6,90905.9,93793,105172,111108,113023
0,"n23m0123.hpc.itc.rwth-aachen.de",4,"n23m0123.hpc.itc.rwth-aachen.de",4,"4",4194304,20,76360.1,85542.6,93831,93999.9,103219,110385,111514
0,"n23m0123.hpc.itc.rwth-aachen.de",5,"n23m0123.hpc.itc.rwth-aachen.de",5,"5",4194304,20,76830.6,85281.6,93051.9,94413.3,105757,107211,111765
0,"n23m0123.hpc.itc.rwth-aachen.de",6,"n23m0123.hpc.itc.rwth-aachen.de",6,"6",4194304,20,79034.6,82699.8,92961.9,94568.2,105431,109616,110881
0,"n23m0123.hpc.itc.rwth-aachen.de",7,"n23m0123.hpc.itc.rwth-aachen.de",7,"7",4194304,20,76260.2,87390.3,95199.5,95007.7,103901,108906,109684
0,"n23m0123.hpc.itc.rwth-aachen.de",8,"n23m0123.hpc.itc.rwth-aachen.de",8,"8",4194304,20,76733.2,84466.1,96322.6,95184.2,105148,109383,109813
0,"n23m0123.hpc.itc.rwth-aachen.de",9,"n23m0123.hpc.itc.rwth-aachen.de",9,"9",4194304,20,75729.3,83847.5,92278.9,94179.2,107176,110260,111019
0,"n23m0123.hpc.itc.rwth-aachen.de",10,"n23m0123.hpc.itc.rwth-aachen.de",10,"10",4194304,20,73692.3,86578.2,97561.6,96189.8,107147,111140,111788
0,"n23m0123.hpc.itc.rwth-aachen.de",11,"n23m0123.hpc.itc.rwth-aachen.de",11,"11",4194304,20,79312.8,86905.6,94398.9,95014.4,105532,107248,107303
0,"n23m0123.hpc.itc.rwth-aachen.de",12,"n23m0123.hpc.itc.rwth-aachen.de",12,"12",4194304,20,80282.5,85569.6,93630.6,94548.8,104461,107632,108745
0,"n23m0123.hpc.itc.rwth-aachen.de",13,"n23m0123.hpc.itc.rwth-aachen.de",13,"13",4194304,20,76451.2,85020.5,97529.5,94905.8,103395,108583,108986
0,"n23m0123.hpc.itc.rwth-aachen.de",14,"n23m0123.hpc.itc.rwth-aachen.de",14,"14",4194304,20,79215.5,85869.9,94620.3,93955.3,101632,106230,108433
0,"n23m0123.hpc.itc.rwth-aachen.de",15,"n23m0123.hpc.itc.rwth-aachen.de",15,"15",4194304,20,79126.2,84372.4,97601.9,94644.1,102916,108623,108871
0,"n23m0123.hpc.itc.rwth-aachen.de",16,"n23m0123.hpc.itc.rwth-aachen.de",16,"16",4194304,20,79587.2,87749.2,98102.1,96220.9,103799,108807,110531
0,"n23m0123.hpc.itc.rwth-aachen.de",17,"n23m0123.hpc.itc.rwth-aachen.de",17,"17",4194304,20,77350.8,82831.7,92157.2,94327.6,105832,111463,112786
0,"n23m0123.hpc.itc.rwth-aachen.de",18,"n23m0123.hpc.itc.rwth-aachen.de",18,"18",4194304,20,82307.1,84855.8,91174.1,94190.3,104497,110066,111938
0,"n23m0123.hpc.itc.rwth-aachen.de",19,"n23m0123.hpc.itc.rwth-aachen.de",19,"19",4194304,20,77014.2,85472,95889,95657.3,106881,110131,112902
0,"n23m0123.hpc.itc.rwth-aachen.de",20,"n23m0123.hpc.itc.rwth-aachen.de",20,"20",4194304,20,76635.5,84538.3,96738,94103.5,102856,105983,110420
0,"n23m0123.hpc.itc.rwth-aachen.de",21,"n23m0123.hpc.itc.rwth-aachen.de",21,"21",4194304,20,76155.6,84396.5,91680.7,93751,104360,109697,111658
0,"n23m0123.hpc.itc.rwth-aachen.de",22,"n23m0123.hpc.itc.rwth-aachen.de",22,"22",4194304,20,78929.5,84682.4,93402.1,94609.6,104318,109928,111231
0,"n23m0123.hpc.itc.rwth-aachen.de",23,"n23m0123.hpc.itc.rwth-aachen.de",23,"23",4194304,20,78422.3,87325.4,96803.5,95346.2,104445,106552,110097
0,"n23m0123.hpc.itc.rwth-aachen.de",24,"n23m0123.hpc.itc.rwth-aachen.de",24,"24",4194304,20,78132.7,86690.7,95344.5,95174.7,103219,109268,109847
0,"n23m0123.hpc.itc.rwth-aachen.de",25,"n23m0123.hpc.itc.rwth-aachen.de",25,"25",4194304,20,79498.5,86725.7,94141,95323.6,103976,106998,110361
0,"n23m0123.hpc.itc.rwth-aachen.de",26,"n23m0123.hpc.itc.rwth-aachen.de",26,"26",4194304,20,76916.9,82965.8,94538.5,93729.5,103254,107822,108006
0,"n23m0123.hpc.itc.rwth-aachen.de",27,"n23m0123.hpc.itc.rwth-aachen.de",27,"27",4194304,20,78747.5,83539.9,96998.1,95167.2,104877,108674,111845
0,"n23m0123.hpc.itc.rwth-aachen.de",28,"n23m0123.hpc.itc.rwth-aachen.de",28,"28",4194304,20,77108.9,86627.1,97120.5,95541.1,105108,108868,111277
0,"n23m0123.hpc.itc.rwth-aachen.de",29,"n23m0123.hpc.itc.rwth-aachen.de",29,"29",4194304,20,62262.6,83923.6,94497.4,93250.8,101965,109174,111401
0,"n23m0123.hpc.itc.rwth-aachen.de",30,"n23m0123.hpc.itc.rwth-aachen.de",30,"30",4194304,20,71041,83620.8,93448.8,93997,106597,108722,110579
0,"n23m0123.hpc.itc.rwth-aachen.de",31,"n23m0123.hpc.itc.rwth-aachen.de",31,"31",4194304,20,45313.5,85608.4,96657.8,93886.8,105164,108273,110450
0,"n23m0123.hpc.itc.rwth-aachen.de",32,"n23m0123.hpc.itc.rwth-aachen.de",32,"32",4194304,20,81097.3,86985.5,98103.1,96934.7,106912,108627,108978
0,"n23m0123.hpc.itc.rwth-aachen.de",33,"n23m0123.hpc.itc.rwth-aachen.de",33,"33",4194304,20,81798.3,88275.4,97407.7,97377.7,106676,110098,110170
0,"n23m0123.hpc.itc.rwth-aachen.de",34,"n23m0123.hpc.itc.rwth-aachen.de",34,"34",4194304,20,80453.9,87082.7,97295.8,97149.1,106879,109706,109913
0,"n23m0123.hpc.itc.rwth-aachen.de",35,"n23m0123.hpc.itc.rwth-aachen.de",35,"35",4194304,20,81500.7,86253.1,97975.9,97104.3,106392,109904,112050
0,"n23m0123.hpc.itc.rwth-aachen.de",36,"n23m0123.hpc.itc.rwth-aachen.de",36,"36",4194304,20,81900.7,86971.1,98810.1,97374.4,107000,110805,111730
0,"n23m0123.hpc.itc.rwth-aachen.de",37,"n23m0123.hpc.itc.rwth-aachen.de",37,"37",4194304,20,81389,87755.3,99000.7,97548.2,107136,109926,110889
0,"n23m0123.hpc.itc.rwth-aachen.de",38,"n23m0123.hpc.itc.rwth-aachen.de",38,"38",4194304,20,81578.2,87040.2,98018.5,97143.2,106801,110280,111135
0,"n23m0123.hpc.itc.rwth-aachen.de",39,"n23m0123.hpc.itc.rwth-aachen.de",39,"39",4194304,20,82198.7,85941.2,97405.3,97276.9,107452,110359,111518
0,"n23m0123.hpc.itc.rwth-aachen.de",40,"n23m0123.hpc.itc.rwth-aachen.de",40,"40",4194304,20,79656.9,86555.8,98171.5,97356.6,107405,111278,111806
0,"n23m0123.hpc.itc.rwth-aachen.de",41,"n23m0123.hpc.itc.rwth-aachen.de",41,"41",4194304,20,81979,87499.6,98083.3,97383.8,107447,109221,109914
0,"n23m0123.hpc.itc.rwth-aachen.de",42,"n23m0123.hpc.itc.rwth-aachen.de",42,"42",4194304,20,81304.4,85966.1,99062.1,97453.2,107631,111500,111614
0,"n23m0123.hpc.itc.rwth-aachen.de",43,"n23m0123.hpc.itc.rwth-aachen.de",43,"43",4194304,20,79764.7,86693,97327.8,97401.2,107898,111337,111360
0,"n23m0123.hpc.itc.rwth-aachen.de",44,"n23m0123.hpc.itc.rwth-aachen.de",44,"44",4194304,20,80334.6,87144,98682.4,97481.9,108508,110282,112177
0,"n23m0123.hpc.itc.rwth-aachen.de",45,"n23m0123.hpc.itc.rwth-aachen.de",45,"45",4194304,20,81017.4,87825.7,97279,97686.8,107515,110983,111255
0,"n23m0123.hpc.itc.rwth-aachen.de",46,"n23m0123.hpc.itc.rwth-aachen.de",46,"46",4194304,20,81214.1,88357.3,98412.9,97707.6,108555,109418,109442
0,"n23m0123.hpc.itc.rwth-aachen.de",47,"n23m0123.hpc.itc.rwth-aachen.de",47,"47",4194304,20,81703.7,85687.3,97199.4,97072.8,106728,111158,111622
0,"n23m0123.hpc.itc.rwth-aachen.de",48,"n23m0123.hpc.itc.rwth-aachen.de",48,"48",4194304,20,83883.1,88204.4,101804,99598.4,108445,113022,116742
0,"n23m0123.hpc.itc.rwth-aachen.de",49,"n23m0123.hpc.itc.rwth-aachen.de",49,"49",4194304,20,82746.1,87630,101839,99265.9,109837,112695,113838
0,"n23m0123.hpc.itc.rwth-aachen.de",50,"n23m0123.hpc.itc.rwth-aachen.de",50,"50",4194304,20,85235.9,88323,100706,99111.4,108769,112485,112632
0,"n23m0123.hpc.itc.rwth-aachen.de",51,"n23m0123.hpc.itc.rwth-aachen.de",51,"51",4194304,20,80569.9,88191.8,102226,99282.7,110266,113604,115994
0,"n23m0123.hpc.itc.rwth-aachen.de",52,"n23m0123.hpc.itc.rwth-aachen.de",52,"52",4194304,20,80143.6,87638.6,99232.5,98903.6,110153,113719,116168
0,"n23m0123.hpc.itc.rwth-aachen.de",53,"n23m0123.hpc.itc.rwth-aachen.de",53,"53",4194304,20,84752.3,87927.3,101602,98874.2,108843,113644,114082
0,"n23m0123.hpc.itc.rwth-aachen.de",54,"n23m0123.hpc.itc.rwth-aachen.de",54,"54",4194304,20,83397.2,89348.9,100418,99575.4,110551,114073,114912
0,"n23m0123.hpc.itc.rwth-aachen.de",55,"n23m0123.hpc.itc.rwth-aachen.de",55,"55",4194304,20,80258.3,88292.7,102338,99302,109880,112992,114058
0,"n23m0123.hpc.itc.rwth-aachen.de",56,"n23m0123.hpc.itc.rwth-aachen.de",56,"56",4194304,20,83267.6,87072.8,101636,98557.8,108147,112296,114286
0,"n23m0123.hpc.itc.rwth-aachen.de",57,"n23m0123.hpc.itc.rwth-aachen.de",57,"57",4194304,20,80822.5,88222.5,100310,98933.1,109375,113096,115297
0,"n23m0123.hpc.itc.rwth-aachen.de",58,"n23m0123.hpc.itc.rwth-aachen.de",58,"58",4194304,20,83023.9,88585.1,100325,99208.1,109530,111313,112241
0,"n23m0123.hpc.itc.rwth-aachen.de",59,"n23m0123.hpc.itc.rwth-aachen.de",59,"59",4194304,20,84267.2,88516.2,100230,99511.1,110332,114518,114540
0,"n23m0123.hpc.itc.rwth-aachen.de",60,"n23m0123.hpc.itc.rwth-aachen.de",60,"60",4194304,20,84509.4,89032.7,100463,99035.1,109816,112502,114387
0,"n23m0123.hpc.itc.rwth-aachen.de",61,"n23m0123.hpc.itc.rwth-aachen.de",61,"61",4194304,20,84017.4,88340.4,100501,99329.2,110016,113712,114721
0,"n23m0123.hpc.itc.rwth-aachen.de",62,"n23m0123.hpc.itc.rwth-aachen.de",62,"62",4194304,20,84406.3,87701.2,102256,98785.7,108352,113198,113340
0,"n23m0123.hpc.itc.rwth-aachen.de",63,"n23m0123.hpc.itc.rwth-aachen.de",63,"63",4194304,20,82509.6,88301.7,100916,99004.3,108104,112994,113146
0,"n23m0123.hpc.itc.rwth-aachen.de",64,"n23m0123.hpc.itc.rwth-aachen.de",64,"64",4194304,20,80738.8,83643.3,90865.3,93504.3,102320,108781,114743
0,"n23m0123.hpc.itc.rwth-aachen.de",65,"n23m0123.hpc.itc.rwth-aachen.de",65,"65",4194304,20,36443.6,65808,80917.1,79051.8,98230,110391,112984
0,"n23m0123.hpc.itc.rwth-aachen.de",66,"n23m0123.hpc.itc.rwth-aachen.de",66,"66",4194304,20,46242.3,67974.3,85124.7,82820.7,99428.1,105933,113170
0,"n23m0123.hpc.itc.rwth-aachen.de",67,"n23m0123.hpc.itc.rwth-aachen.de",67,"67",4194304,20,38437.4,74066.8,84640.4,80414.2,91894.4,104564,113539
0,"n23m0123.hpc.itc.rwth-aachen.de",68,"n23m0123.hpc.itc.rwth-aachen.de",68,"68",4194304,20,72393.5,79425.5,85597.2,87762.7,97311.1,104876,112591
0,"n23m0123.hpc.itc.rwth-aachen.de",69,"n23m0123.hpc.itc.rwth-aachen.de",69,"69",4194304,20,61370.5,80950.8,88343.9,88871.4,102028,113419,114219
0,"n23m0123.hpc.itc.rwth-aachen.de",70,"n23m0123.hpc.itc.rwth-aachen.de",70,"70",4194304,20,65733.5,81681.3,91570.9,91513.2,101841,111308,115116
0,"n23m0123.hpc.itc.rwth-aachen.de",71,"n23m0123.hpc.itc.rwth-aachen.de",71,"71",4194304,20,66716.5,80956.5,87796.5,88731.4,100365,105138,108723
0,"n23m0123.hpc.itc.rwth-aachen.de",72,"n23m0123.hpc.itc.rwth-aachen.de",72,"72",4194304,20,77976.7,82732.3,90001.8,92546.5,101643,110984,111995
0,"n23m0123.hpc.itc.rwth-aachen.de",73,"n23m0123.hpc.itc.rwth-aachen.de",73,"73",4194304,20,51286.6,71928.7,81719.7,81907.3,90270.8,113273,115847
0,"n23m0123.hpc.itc.rwth-aachen.de",74,"n23m0123.hpc.itc.rwth-aachen.de",74,"74",4194304,20,64753.2,83195.7,86922.1,90161.3,101126,105138,115484
0,"n23m0123.hpc.itc.rwth-aachen.de",75,"n23m0123.hpc.itc.rwth-aachen.de",75,"75",4194304,20,73210.8,83246.2,91469.9,92702.5,102178,105641,115653
0,"n23m0123.hpc.itc.rwth-aachen.de",76,"n23m0123.hpc.itc.rwth-aachen.de",76,"76",4194304,20,62816.7,81242.5,86521.4,88783.9,99338.9,104386,116899
0,"n23m0123.hpc.itc.rwth-aachen.de",77,"n23m0123.hpc.itc.rwth-aachen.de",77,"77",4194304,20,74229,81608.3,95715.4,92989.5,101911,110465,117630
0,"n23m0123.hpc.itc.rwth-aachen.de",78,"n23m0123.hpc.itc.rwth-aachen.de",78,"78",4194304,20,77083.3,81683.4,93370.4,92253.2,101846,105916,107898
0,"n23m0123.hpc.itc.rwth-aachen.de",79,"n23m0123.hpc.itc.rwth-aachen.de",79,"79",4194304,20,73985.1,82388.4,89628.6,92029.4,101612,109541,111827
0,"n23m0123.hpc.itc.rwth-aachen.de",80,"n23m0123.hpc.itc.rwth-aachen.de",80,"80",4194304,20,53175.7,83390.6,90836.3,90858.2,100849,105523,112789
0,"n23m0123.hpc.itc.rwth-aachen.de",81,"n23m0123.hpc.itc.rwth-aachen.de",81,"81",4194304,20,66121.6,82133.9,90783.7,91080.6,101407,114040,117288
0,"n23m0123.hpc.itc.rwth-aachen.de",82,"n23m0123.hpc.itc.rwth-aachen.de",82,"82",4194304,20,43236.3,79595.9,83052.2,87857,101584,110496,110598
0,"n23m0123.hpc.itc.rwth-aachen.de",83,"n23m0123.hpc.itc.rwth-aachen.de",83,"83",4194304,20,73680.1,82312.8,95115.9,93500,102666,106439,113889
0,"n23m0123.hpc.itc.rwth-aachen.de",84,"n23m0123.hpc.itc.rwth-aachen.de",84,"84",4194304,20,77430,82151.8,87369.3,91175.4,99090.2,108491,116373
0,"n23m0123.hpc.itc.rwth-aachen.de",85,"n23m0123.hpc.itc.rwth-aachen.de",85,"85",4194304,20,68193,82432.1,93170.7,92199.1,102122,105838,106807
0,"n23m0123.hpc.itc.rwth-aachen.de",86,"n23m0123.hpc.itc.rwth-aachen.de",86,"86",4194304,20,60885.4,79899.7,95570.4,90055.3,101116,104486,106072
0,"n23m0123.hpc.itc.rwth-aachen.de",87,"n23m0123.hpc.itc.rwth-aachen.de",87,"87",4194304,20,77011.3,83893.3,93096,93711.8,101953,105724,114225
0,"n23m0123.hpc.itc.rwth-aachen.de",88,"n23m0123.hpc.itc.rwth-aachen.de",88,"88",4194304,20,79920.6,82548.7,96214.5,94048.8,101338,111648,112026
0,"n23m0123.hpc.itc.rwth-aachen.de",89,"n23m0123.hpc.itc.rwth-aachen.de",89,"89",4194304,20,70074.8,80933,86852.5,91162.2,103448,112380,116561
0,"n23m0123.hpc.itc.rwth-aachen.de",90,"n23m0123.hpc.itc.rwth-aachen.de",90,"90",4194304,20,69124.8,82037.2,87756.7,91729.4,101974,106046,117444
0,"n23m0123.hpc.itc.rwth-aachen.de",91,"n23m0123.hpc.itc.rwth-aachen.de",91,"91",4194304,20,73399.4,83933.6,93879.5,93841.6,102898,113694,113842
0,"n23m0123.hpc.itc.rwth-aachen.de",92,"n23m0123.hpc.itc.rwth-aachen.de",92,"92",4194304,20,78385.5,83026.1,97116.3,93581.2,102869,106534,110760
0,"n23m0123.hpc.itc.rwth-aachen.de",93,"n23m0123.hpc.itc.rwth-aachen.de",93,"93",4194304,20,75828.3,82583.4,95350.8,93686.5,100931,113063,117089
0,"n23m0123.hpc.itc.rwth-aachen.de",94,"n23m0123.hpc.itc.rwth-aachen.de",94,"94",4194304,20,81105.2,83804.9,96305.4,94127.7,101410,106706,110696
0,"n23m0123.hpc.itc.rwth-aachen.de",95,"n23m0123.hpc.itc.rwth-aachen.de",95,"95",4194304,20,77548.5,83205.9,95230.9,94417.6,103532,112266,114383
0,"n23m0123.hpc.itc.rwth-aachen.de",96,"r23m0124.hpc.itc.rwth-aachen.de",0,"0",4194304,20,12253.1,18599.9,37047.7,35462.5,50610.6,58237.1,60466.1
0,"n23m0123.hpc.itc.rwth-aachen.de",97,"r23m0124.hpc.itc.rwth-aachen.de",1,"1",4194304,20,9908.97,13185.2,16450.7,21068.8,24763.7,50486.8,59801.7
0,"n23m0123.hpc.itc.rwth-aachen.de",98,"r23m0124.hpc.itc.rwth-aachen.de",2,"2",4194304,20,10170.3,15454.6,20357.6,23834,28530.6,43124.2,60233.4
0,"n23m0123.hpc.itc.rwth-aachen.de",99,"r23m0124.hpc.itc.rwth-aachen.de",3,"3",4194304,20,13162.6,17343.9,24710.4,25680.7,30810.3,44843.4,46453.1
0,"n23m0123.hpc.itc.rwth-aachen.de",100,"r23m0124.hpc.itc.rwth-aachen.de",4,"4",4194304,20,10352.6,13747.8,20157.1,25271.2,33292.3,50411.3,58397.8
0,"n23m0123.hpc.itc.rwth-aachen.de",101,"r23m0124.hpc.itc.rwth-aachen.de",5,"5",4194304,20,10526.9,16970.5,19695.8,24259.7,28936,45091.8,50021.6
0,"n23m0123.hpc.itc.rwth-aachen.de",102,"r23m0124.hpc.itc.rwth-aachen.de",6,"6",4194304,20,10076.2,14263.1,20055.2,25414.6,32852.2,46846.8,48710.4
0,"n23m0123.hpc.itc.rwth-aachen.de",103,"r23m0124.hpc.itc.rwth-aachen.de",7,"7",4194304,20,13147.6,16909,26117.5,28527.2,40557,49530.7,53095.6
0,"n23m0123.hpc.itc.rwth-aachen.de",104,"r23m0124.hpc.itc.rwth-aachen.de",8,"8",4194304,20,11198.8,26966.2,32985.7,34306.7,48739,50436.6,50533.5
0,"n23m0123.hpc.itc.rwth-aachen.de",105,"r23m0124.hpc.itc.rwth-aachen.de",9,"9",4194304,20,10050.1,16065.2,19187.6,24165.8,28320.1,49768.1,55121.3
0,"n23m0123.hpc.itc.rwth-aachen.de",106,"r23m0124.hpc.itc.rwth-aachen.de",10,"10",4194304,20,13582.9,17285.9,21227.7,25335.4,31537.8,46073,46182.5
0,"n23m0123.hpc.itc.rwth-aachen.de",107,"r23m0124.hpc.itc.rwth-aachen.de",11,"11",4194304,20,10087.5,20649.8,29037.5,29773.5,35612.1,55496.5,56346.8
0,"n23m0123.hpc.itc.rwth-aachen.de",108,"r23m0124.hpc.itc.rwth-aachen.de",12,"12",4194304,20,10227.6,25179.9,30989.5,32149.3,43620.5,48608.2,48919.2
0,"n23m0123.hpc.itc.rwth-aachen.de",109,"r23m0124.hpc.itc.rwth-aachen.de",13,"13",4194304,20,14123.4,19435.7,27055.9,29649.2,35735.4,50866.1,60608
0,"n23m0123.hpc.itc.rwth-aachen.de",110,"r23m0124.hpc.itc.rwth-aachen.de",14,"14",4194304,20,14250,29205.3,36440.4,35051.1,40856.6,48959.5,51931
0,"n23m0123.hpc.itc.rwth-aachen.de",111,"r23m0124.hpc.itc.rwth-aachen.de",15,"15",4194304,20,16454.5,33315.7,36428.9,38159.8,47113.1,54515.3,58142.1
0,"n23m0123.hpc.itc.rwth-aachen.de",112,"r23m0124.hpc.itc.rwth-aachen.de",16,"16",4194304,20,22848.3,35936,45013.1,42396.4,49312.2,55480.5,59223.8
0,"n23m0123.hpc.itc.rwth-aachen.de",113,"r23m0124.hpc.itc.rwth-aachen.de",17,"17",4194304,20,10451.9,20652.5,31909.5,32339.9,41489.4,59072.7,60825.9
0,"n23m0123.hpc.itc.rwth-aachen.de",114,"r23m0124.hpc.itc.rwth-aachen.de",18,"18",4194304,20,10358.1,24319.7,33983.5,33445.7,42028.1,51100.9,57048.1
0,"n23m0123.hpc.itc.rwth-aachen.de",115,"r23m0124.hpc.itc.rwth-aachen.de",19,"19",4194304,20,21992.1,30133.9,40268.5,38690.9,47093,53188.5,54979.6
0,"n23m0123.hpc.itc.rwth-aachen.de",116,"r23m0124.hpc.itc.rwth-aachen.de",20,"20",4194304,20,21792.8,32275.2,44651.1,41735,52895.5,56756.4,58428.8
0,"n23m0123.hpc.itc.rwth-aachen.de",117,"r23m0124.hpc.itc.rwth-aachen.de",21,"21",4194304,20,16308.9,24902.7,35855.5,36131.8,48243.4,56740.5,57289.1
0,"n23m0123.hpc.itc.rwth-aachen.de",118,"r23m0124.hpc.itc.rwth-aachen.de",22,"22",4194304,20,12104.3,27692.8,34088,35588.7,44775.9,49719.9,52312.5
0,"n23m0123.hpc.itc.rwth-aachen.de",119,"r23m0124.hpc.itc.rwth-aachen.de",23,"23",4194304,20,26911,37406.3,43482.8,43752.9,48673.6,58580.6,60357.7
0,"n23m0123.hpc.itc.rwth-aachen.de",120,"r23m0124.hpc.itc.rwth-aachen.de",24,"24",4194304,20,23494.7,37360.3,45128.1,43577.2,52740.8,55617.3,56255.5
0,"n23m0123.hpc.itc.rwth-aachen.de",121,"r23m0124.hpc.itc.rwth-aachen.de",25,"25",4194304,20,13523.2,29265,43167.8,40094.8,50320.2,56942.1,58168.2
0,"n23m0123.hpc.itc.rwth-aachen.de",122,"r23m0124.hpc.itc.rwth-aachen.de",26,"26",4194304,20,13176.9,33295.9,46126.9,42810.8,55459.6,58581.5,59857.3
0,"n23m0123.hpc.itc.rwth-aachen.de",123,"r23m0124.hpc.itc.rwth-aachen.de",27,"27",4194304,20,29393.1,38882.1,46977.1,45778.3,52465.8,56667,59746.5
0,"n23m0123.hpc.itc.rwth-aachen.de",124,"r23m0124.hpc.itc.rwth-aachen.de",28,"28",4194304,20,27265.2,44456.3,48797,48218.1,54180.9,58217.9,60032.3
0,"n23m0123.hpc.itc.rwth-aachen.de",125,"r23m0124.hpc.itc.rwth-aachen.de",29,"29",4194304,20,17959.3,35051.1,39505.6,40635.5,50029.5,54510.8,54780.6
0,"n23m0123.hpc.itc.rwth-aachen.de",126,"r23m0124.hpc.itc.rwth-aachen.de",30,"30",4194304,20,17162.4,35967.3,45499.1,41799.7,48376.2,54748.5,59061
0,"n23m0123.hpc.itc.rwth-aachen.de",127,"r23m0124.hpc.itc.rwth-aachen.de",31,"31",4194304,20,21712.8,41999.9,47979,46379.3,52382.7,59135.4,59409.2
0,"n23m0123.hpc.itc.rwth-aachen.de",128,"r23m0124.hpc.itc.rwth-aachen.de",32,"32",4194304,20,10617.1,10828.5,13049.7,12860.1,14234.4,15160.1,18118.5
0,"n23m0123.hpc.itc.rwth-aachen.de",129,"r23m0124.hpc.itc.rwth-aachen.de",33,"33",4194304,20,9902.05,12881.9,14293.2,20412.6,26804.8,43632,59959.8
0,"n23m0123.hpc.itc.rwth-aachen.de",130,"r23m0124.hpc.itc.rwth-aachen.de",34,"34",4194304,20,10007.9,12366.7,17850.4,21936.9,31762.9,40004.2,44334.7
0,"n23m0123.hpc.itc.rwth-aachen.de",131,"r23m0124.hpc.itc.rwth-aachen.de",35,"35",4194304,20,9919.37,13723,19679.3,23154.7,27441.1,41299.3,53561.9
0,"n23m0123.hpc.itc.rwth-aachen.de",132,"r23m0124.hpc.itc.rwth-aachen.de",36,"36",4194304,20,10283.8,15095.8,20176.8,26508.3,35980.4,53179.9,53232.9
0,"n23m0123.hpc.itc.rwth-aachen.de",133,"r23m0124.hpc.itc.rwth-aachen.de",37,"37",4194304,20,10174.7,13183.8,18323.6,22139.6,27934.3,42907.4,56214.5
0,"n23m0123.hpc.itc.rwth-aachen.de",134,"r23m0124.hpc.itc.rwth-aachen.de",38,"38",4194304,20,11443.5,15588.4,23757.2,26856.5,33422.5,51608.1,52857.7
0,"n23m0123.hpc.itc.rwth-aachen.de",135,"r23m0124.hpc.itc.rwth-aachen.de",39,"39",4194304,20,10547,20268.8,27987.9,30153.4,40816.6,45869.2,53660
0,"n23m0123.hpc.itc.rwth-aachen.de",136,"r23m0124.hpc.itc.rwth-aachen.de",40,"40",4194304,20,10171.8,19576.2,27267.7,28199.8,34018.9,50201.9,50712.2
0,"n23m0123.hpc.itc.rwth-aachen.de",137,"r23m0124.hpc.itc.rwth-aachen.de",41,"41",4194304,20,10533.5,17942.8,22217,25775.4,26317.1,50102.5,60922.5
0,"n23m0123.hpc.itc.rwth-aachen.de",138,"r23m0124.hpc.itc.rwth-aachen.de",42,"42",4194304,20,10098.2,13960.9,28922.9,28124.6,36457.6,46540.7,54300.5
0,"n23m0123.hpc.itc.rwth-aachen.de",139,"r23m0124.hpc.itc.rwth-aachen.de",43,"43",4194304,20,10536.8,13745.3,25658.3,24307.2,29625,39422.4,52613
0,"n23m0123.hpc.itc.rwth-aachen.de",140,"r23m0124.hpc.itc.rwth-aachen.de",44,"44",4194304,20,13871.4,21356.4,36719.7,34331.6,45093.9,51824.3,57127
0,"n23m0123.hpc.itc.rwth-aachen.de",141,"r23m0124.hpc.itc.rwth-aachen.de",45,"45",4194304,20,10088.7,19888.6,24955.2,28851.5,39845.5,47339.3,56709.5
0,"n23m0123.hpc.itc.rwth-aachen.de",142,"r23m0124.hpc.itc.rwth-aachen.de",46,"46",4194304,20,12909.4,22514.4,29224.4,30437.1,37803.7,49416,52150
0,"n23m0123.hpc.itc.rwth-aachen.de",143,"r23m0124.hpc.itc.rwth-aachen.de",47,"47",4194304,20,16494.7,25211.7,34455.2,35322.7,44501.7,52608.3,56900.1
0,"n23m0123.hpc.itc.rwth-aachen.de",144,"r23m0124.hpc.itc.rwth-aachen.de",48,"48",4194304,20,11807.1,23905,32920.9,33105,44834.8,50301.4,58870.6
0,"n23m0123.hpc.itc.rwth-aachen.de",145,"r23m0124.hpc.itc.rwth-aachen.de",49,"49",4194304,20,9876.07,11979.4,14530.7,22419.1,32347.2,51358.2,55206.9
0,"n23m0123.hpc.itc.rwth-aachen.de",146,"r23m0124.hpc.itc.rwth-aachen.de",50,"50",4194304,20,12151.4,13914.3,20230.8,23054.9,30128.3,39370.9,41307.2
0,"n23m0123.hpc.itc.rwth-aachen.de",147,"r23m0124.hpc.itc.rwth-aachen.de",51,"51",4194304,20,10258.3,16176.8,32517.6,31304.5,43242,50442.8,57879.4
0,"n23m0123.hpc.itc.rwth-aachen.de",148,"r23m0124.hpc.itc.rwth-aachen.de",52,"52",4194304,20,12008.1,14009.8,29289.8,27513,38433.3,45668.9,48775.5
0,"n23m0123.hpc.itc.rwth-aachen.de",149,"r23m0124.hpc.itc.rwth-aachen.de",53,"53",4194304,20,12698.5,19264.4,26018.9,25804.4,30681.2,38398.4,46576.3
0,"n23m0123.hpc.itc.rwth-aachen.de",150,"r23m0124.hpc.itc.rwth-aachen.de",54,"54",4194304,20,10475.3,15554.8,23911.9,24423.7,33607,36244.1,43002.7
0,"n23m0123.hpc.itc.rwth-aachen.de",151,"r23m0124.hpc.itc.rwth-aachen.de",55,"55",4194304,20,13437.8,28526.2,35228.8,35325.4,44421.2,54327.4,55396.2
0,"n23m0123.hpc.itc.rwth-aachen.de",152,"r23m0124.hpc.itc.rwth-aachen.de",56,"56",4194304,20,13415.4,28688.9,36446.3,35041.8,42542.4,48169.1,54406.7
0,"n23m0123.hpc.itc.rwth-aachen.de",153,"r23m0124.hpc.itc.rwth-aachen.de",57,"57",4194304,20,10271.7,14031.8,23463,26406.9,34012.3,51383.4,59713.5
0,"n23m0123.hpc.itc.rwth-aachen.de",154,"r23m0124.hpc.itc.rwth-aachen.de",58,"58",4194304,20,11655.3,28216.5,34787.3,35992.6,41630.5,54761.4,57577.5
0,"n23m0123.hpc.itc.rwth-aachen.de",155,"r23m0124.hpc.itc.rwth-aachen.de",59,"59",4194304,20,20205.3,27684.5,35265.2,34441.3,39893.9,45562.5,54060.3
0,"n23m0123.hpc.itc.rwth-aachen.de",156,"r23m0124.hpc.itc.rwth-aachen.de",60,"60",4194304,20,20414.3,27298.5,34713.7,34860,40201,49240,52766.2
0,"n23m0123.hpc.itc.rwth-aachen.de",157,"r23m0124.hpc.itc.rwth-aachen.de",61,"61",4194304,20,15041.5,27164,39399,36880.9,45031,54803,57411.1
0,"n23m0123.hpc.itc.rwth-aachen.de",158,"r23m0124.hpc.itc.rwth-aachen.de",62,"62",4194304,20,15691.9,29725.1,37938.2,35990.9,42449.7,48865.5,54121.1
0,"n23m0123.hpc.itc.rwth-aachen.de",159,"r23m0124.hpc.itc.rwth-aachen.de",63,"63",4194304,20,13984.4,28388.7,37970.4,37915.4,46584.6,56851.6,57536.1
0,"n23m0123.hpc.itc.rwth-aachen.de",160,"r23m0124.hpc.itc.rwth-aachen.de",64,"64",4194304,20,12342.6,23857.8,35871.8,34680,48125.6,54770.8,57265
0,"n23m0123.hpc.itc.rwth-aachen.de",161,"r23m0124.hpc.itc.rwth-aachen.de",65,"65",4194304,20,10519.5,13577.5,16165.8,18819.4,17414.4,34009.9,59139.1
0,"n23m0123.hpc.itc.rwth-aachen.de",162,"r23m0124.hpc.itc.rwth-aachen.de",66,"66",4194304,20,10665.8,13970.2,17945.5,22124.3,27781.2,41689.2,43377.6
0,"n23m0123.hpc.itc.rwth-aachen.de",163,"r23m0124.hpc.itc.rwth-aachen.de",67,"67",4194304,20,13676.7,20392,25040.1,28254.1,34320.8,46287.1,47085.5
0,"n23m0123.hpc.itc.rwth-aachen.de",164,"r23m0124.hpc.itc.rwth-aachen.de",68,"68",4194304,20,16779.9,20536.4,24753,27822.5,30636.5,45772.3,51476.1
0,"n23m0123.hpc.itc.rwth-aachen.de",165,"r23m0124.hpc.itc.rwth-aachen.de",69,"69",4194304,20,16384.2,19899.7,32625.4,31597,37194.2,53680.3,59701.8
0,"n23m0123.hpc.itc.rwth-aachen.de",166,"r23m0124.hpc.itc.rwth-aachen.de",70,"70",4194304,20,14087.2,21854.6,30809.7,30794.9,39111.4,48291.1,49443
0,"n23m0123.hpc.itc.rwth-aachen.de",167,"r23m0124.hpc.itc.rwth-aachen.de",71,"71",4194304,20,17244.2,23121.2,32474.1,33718.1,42605.6,51415.1,52457.3
0,"n23m0123.hpc.itc.rwth-aachen.de",168,"r23m0124.hpc.itc.rwth-aachen.de",72,"72",4194304,20,13816.1,23452.1,28034.7,31122.2,38506.9,50153.6,51584.1
0,"n23m0123.hpc.itc.rwth-aachen.de",169,"r23m0124.hpc.itc.rwth-aachen.de",73,"73",4194304,20,13957,17276.7,23386.3,29106.9,35534.1,58638.9,58818.5
0,"n23m0123.hpc.itc.rwth-aachen.de",170,"r23m0124.hpc.itc.rwth-aachen.de",74,"74",4194304,20,17138.1,20152.2,24639.3,27845.5,35093.6,45553.7,50990.2
0,"n23m0123.hpc.itc.rwth-aachen.de",171,"r23m0124.hpc.itc.rwth-aachen.de",75,"75",4194304,20,13912.1,21036.3,26307.1,29838.2,36665.1,53773.2,59504.4
0,"n23m0123.hpc.itc.rwth-aachen.de",172,"r23m0124.hpc.itc.rwth-aachen.de",76,"76",4194304,20,23831.1,26757.6,35525.8,36266,44029.9,54854.9,57714.6
0,"n23m0123.hpc.itc.rwth-aachen.de",173,"r23m0124.hpc.itc.rwth-aachen.de",77,"77",4194304,20,17379.3,23899.8,29161.5,32468.3,40047.8,51765,54886
0,"n23m0123.hpc.itc.rwth-aachen.de",174,"r23m0124.hpc.itc.rwth-aachen.de",78,"78",4194304,20,14507.1,25543.9,32194.4,33948.7,42762.8,49602.4,57546.5
0,"n23m0123.hpc.itc.rwth-aachen.de",175,"r23m0124.hpc.itc.rwth-aachen.de",79,"79",4194304,20,20181.8,28123.3,34971.3,36740.8,42407.9,57892.1,58238.6
0,"n23m0123.hpc.itc.rwth-aachen.de",176,"r23m0124.hpc.itc.rwth-aachen.de",80,"80",4194304,20,23920.6,31173.7,36956.1,38774.5,46542,50379.8,53527.6
0,"n23m0123.hpc.itc.rwth-aachen.de",177,"r23m0124.hpc.itc.rwth-aachen.de",81,"81",4194304,20,13858.2,20737,35553.1,32930,41171.2,46334.7,59455.3
0,"n23m0123.hpc.itc.rwth-aachen.de",178,"r23m0124.hpc.itc.rwth-aachen.de",82,"82",4194304,20,18053.2,26950.3,37598.9,35845.1,43909.3,50129.1,54857.8
0,"n23m0123.hpc.itc.rwth-aachen.de",179,"r23m0124.hpc.itc.rwth-aachen.de",83,"83",4194304,20,17085.3,30421.3,41261.7,38160.2,45937.5,55208.9,55750
0,"n23m0123.hpc.itc.rwth-aachen.de",180,"r23m0124.hpc.itc.rwth-aachen.de",84,"84",4194304,20,17461.3,33754.9,42801,40215,49668.7,53604.3,60071.5
0,"n23m0123.hpc.itc.rwth-aachen.de",181,"r23m0124.hpc.itc.rwth-aachen.de",85,"85",4194304,20,17144.8,24719.8,31618.4,35250.1,48205.6,56356.5,59145.4
0,"n23m0123.hpc.itc.rwth-aachen.de",182,"r23m0124.hpc.itc.rwth-aachen.de",86,"86",4194304,20,20367,30551.6,35987.4,36652.6,42709,50847.4,58455
0,"n23m0123.hpc.itc.rwth-aachen.de",183,"r23m0124.hpc.itc.rwth-aachen.de",87,"87",4194304,20,23094.7,37703.1,41704,40816.8,45120.4,50267,55295
0,"n23m0123.hpc.itc.rwth-aachen.de",184,"r23m0124.hpc.itc.rwth-aachen.de",88,"88",4194304,20,21067.3,33310.7,41579.1,40340.9,48345,54277.1,59195.5
0,"n23m0123.hpc.itc.rwth-aachen.de",185,"r23m0124.hpc.itc.rwth-aachen.de",89,"89",4194304,20,10438.5,30045.1,39573.6,37525,47246.2,54869.7,57313.7
0,"n23m0123.hpc.itc.rwth-aachen.de",186,"r23m0124.hpc.itc.rwth-aachen.de",90,"90",4194304,20,23129.9,41353.1,46578.4,45618.9,50902.2,57894.1,58307.4
0,"n23m0123.hpc.itc.rwth-aachen.de",187,"r23m0124.hpc.itc.rwth-aachen.de",91,"91",4194304,20,27439.4,34564.9,41908.8,42979.3,49058.3,59159.8,66462.7
0,"n23m0123.hpc.itc.rwth-aachen.de",188,"r23m0124.hpc.itc.rwth-aachen.de",92,"92",4194304,20,20096.3,36893.9,46971.7,44134.1,51759.9,57155.3,59379.6
0,"n23m0123.hpc.itc.rwth-aachen.de",189,"r23m0124.hpc.itc.rwth-aachen.de",93,"93",4194304,20,20456,32222.2,48023.4,43092.9,53148,54476.4,56836.4
0,"n23m0123.hpc.itc.rwth-aachen.de",190,"r23m0124.hpc.itc.rwth-aachen.de",94,"94",4194304,20,22674.9,29066.3,44601.3,40652.1,49105.9,54569.3,56094.7
0,"n23m0123.hpc.itc.rwth-aachen.de",191,"r23m0124.hpc.itc.rwth-aachen.de",95,"95",4194304,20,23318.6,34732.5,43740.2,41718.5,49310.2,52541.8,55601.5
96,"r23m0124.hpc.itc.rwth-aachen.de",0,"n23m0123.hpc.itc.rwth-aachen.de",0,"0",64,20,0.062,0.068,0.0705,0.1804,0.34225,0.387,0.387
96,"r23m0124.hpc.itc.rwth-aachen.de",1,"n23m0123.hpc.itc.rwth-aachen.de",1,"1",64,20,0.059,0.06275,0.0645,0.0913,0.07825,0.3051,0.307
96,"r23m0124.hpc.itc.rwth-aachen.de",2,"n23m0123.hpc.itc.rwth-aachen.de",2,"2",64,20,0.061,0.062,0.063,0.1332,0.1295,0.36545,0.374
96,"r23m0124.hpc.itc.rwth-aachen.de",3,"n23m0123.hpc.itc.rwth-aachen.de",3,"3",64,20,0.06,0.062,0.0685,0.14005,0.14925,0.3653,0.39
96,"r23m0124.hpc.itc.rwth-aachen.de",4,"n23m0123.hpc.itc.rwth-aachen.de",4,"4",64,20,0.061,0.06275,0.067,0.08875,0.08875,0.14405,0.335
96,"r23m0124.hpc.itc.rwth-aachen.de",5,"n23m0123.hpc.itc.rwth-aachen.de",5,"5",64,20,0.056,0.06075,0.067,0.13245,0.1375,0.3281,0.387
96,"r23m0124.hpc.itc.rwth-aachen.de",6,"n23m0123.hpc.itc.rwth-aachen.de",6,"6",64,20,0.058,0.061,0.062,0.0804,0.06625,0.102,0.368
96,"r23m0124.hpc.itc.rwth-aachen.de",7,"n23m0123.hpc.itc.rwth-aachen.de",7,"7",64,20,0.06,0.06375,0.0665,0.1112,0.07625,0.34245,0.389
96,"r23m0124.hpc.itc.rwth-aachen.de",8,"n23m0123.hpc.itc.rwth-aachen.de",8,"8",64,20,0.06,0.064,0.066,0.1246,0.09775,0.34765,0.379
96,"r23m0124.hpc.itc.rwth-aachen.de",9,"n23m0123.hpc.itc.rwth-aachen.de",9,"9",64,20,0.06,0.062,0.065,0.09835,0.0685,0.3598,0.413
96,"r23m0124.hpc.itc.rwth-aachen.de",10,"n23m0123.hpc.itc.rwth-aachen.de",10,"10",64,20,0.057,0.062,0.0655,0.0972,0.08525,0.3256,0.375
96,"r23m0124.hpc.itc.rwth-aachen.de",11,"n23m0123.hpc.itc.rwth-aachen.de",11,"11",64,20,0.058,0.06175,0.063,0.0947,0.066,0.3638,0.379
96,"r23m0124.hpc.itc.rwth-aachen.de",12,"n23m0123.hpc.itc.rwth-aachen.de",12,"12",64,20,0.06,0.06075,0.063,0.0977,0.0675,0.3724,0.399
96,"r23m0124.hpc.itc.rwth-aachen.de",13,"n23m0123.hpc.itc.rwth-aachen.de",13,"13",64,20,0.059,0.062,0.063,0.09835,0.08375,0.32735,0.391
96,"r23m0124.hpc.itc.rwth-aachen.de",14,"n23m0123.hpc.itc.rwth-aachen.de",14,"14",64,20,0.059,0.062,0.063,0.07835,0.06675,0.1009,0.327
96,"r23m0124.hpc.itc.rwth-aachen.de",15,"n23m0123.hpc.itc.rwth-aachen.de",15,"15",64,20,0.06,0.064,0.066,0.15345,0.31725,0.37325,0.378
96,"r23m0124.hpc.itc.rwth-aachen.de",16,"n23m0123.hpc.itc.rwth-aachen.de",16,"16",64,20,0.061,0.063,0.0645,0.07985,0.06875,0.11885,0.306
96,"r23m0124.hpc.itc.rwth-aachen.de",17,"n23m0123.hpc.itc.rwth-aachen.de",17,"17",64,20,0.06,0.062,0.068,0.11315,0.08575,0.35315,0.356
96,"r23m0124.hpc.itc.rwth-aachen.de",18,"n23m0123.hpc.itc.rwth-aachen.de",18,"18",64,20,0.058,0.06075,0.064,0.14025,0.15325,0.37125,0.395
96,"r23m0124.hpc.itc.rwth-aachen.de",19,"n23m0123.hpc.itc.rwth-aachen.de",19,"19",64,20,0.057,0.062,0.062,0.0805,0.065,0.12,0.329
96,"r23m0124.hpc.itc.rwth-aachen.de",20,"n23m0123.hpc.itc.rwth-aachen.de",20,"20",64,20,0.059,0.062,0.064,0.09515,0.07375,0.3476,0.359
96,"r23m0124.hpc.itc.rwth-aachen.de",21,"n23m0123.hpc.itc.rwth-aachen.de",21,"21",64,20,0.059,0.065,0.0695,0.1184,0.08725,0.39205,0.412
96,"r23m0124.hpc.itc.rwth-aachen.de",22,"n23m0123.hpc.itc.rwth-aachen.de",22,"22",64,20,0.058,0.062,0.0645,0.0956,0.0725,0.33425,0.358
96,"r23m0124.hpc.itc.rwth-aachen.de",23,"n23m0123.hpc.itc.rwth-aachen.de",23,"23",64,20,0.058,0.061,0.0645,0.09615,0.081,0.3314,0.358
96,"r23m0124.hpc.itc.rwth-aachen.de",24,"n23m0123.hpc.itc.rwth-aachen.de",24,"24",64,20,0.061,0.06175,0.0665,0.09985,0.09025,0.3198,0.392
96,"r23m0124.hpc.itc.rwth-aachen.de",25,"n23m0123.hpc.itc.rwth-aachen.de",25,"25",64,20,0.061,0.06275,0.066,0.1271,0.0915,0.38905,0.39
96,"r23m0124.hpc.itc.rwth-aachen.de",26,"n23m0123.hpc.itc.rwth-aachen.de",26,"26",64,20,0.059,0.061,0.0635,0.08645,0.06725,0.2694,0.315
96,"r23m0124.hpc.itc.rwth-aachen.de",27,"n23m0123.hpc.itc.rwth-aachen.de",27,"27",64,20,0.06,0.061,0.0645,0.0954,0.06825,0.3508,0.366
96,"r23m0124.hpc.itc.rwth-aachen.de",28,"n23m0123.hpc.itc.rwth-aachen.de",28,"28",64,20,0.059,0.06075,0.0635,0.0805,0.06925,0.1044,0.359
96,"r23m0124.hpc.itc.rwth-aachen.de",29,"n23m0123.hpc.itc.rwth-aachen.de",29,"29",64,20,0.058,0.064,0.066,0.07905,0.06725,0.12195,0.292
96,"r23m0124.hpc.itc.rwth-aachen.de",30,"n23m0123.hpc.itc.rwth-aachen.de",30,"30",64,20,0.061,0.06575,0.0705,0.09835,0.08825,0.29785,0.333
96,"r23m0124.hpc.itc.rwth-aachen.de",31,"n23m0123.hpc.itc.rwth-aachen.de",31,"31",64,20,0.06,0.062,0.063,0.0908,0.06775,0.26855,0.393
96,"r23m0124.hpc.itc.rwth-aachen.de",32,"n23m0123.hpc.itc.rwth-aachen.de",32,"32",64,20,0.075,0.078,0.0795,0.1083,0.0995,0.2032,0.302
96,"r23m0124.hpc.itc.rwth-aachen.de",33,"n23m0123.hpc.itc.rwth-aachen.de",33,"33",64,20,0.059,0.06275,0.0685,0.08705,0.0825,0.13125,0.345
96,"r23m0124.hpc.itc.rwth-aachen.de",34,"n23m0123.hpc.itc.rwth-aachen.de",34,"34",64,20,0.059,0.0635,0.072,0.0773,0.0915,0.11105,0.112
96,"r23m0124.hpc.itc.rwth-aachen.de",35,"n23m0123.hpc.itc.rwth-aachen.de",35,"35",64,20,0.058,0.0655,0.069,0.09685,0.073,0.25505,0.389
96,"r23m0124.hpc.itc.rwth-aachen.de",36,"n23m0123.hpc.itc.rwth-aachen.de",36,"36",64,20,0.059,0.063,0.064,0.0714,0.06925,0.09935,0.144
96,"r23m0124.hpc.itc.rwth-aachen.de",37,"n23m0123.hpc.itc.rwth-aachen.de",37,"37",64,20,0.07,0.075,0.076,0.0833,0.07725,0.12995,0.148
96,"r23m0124.hpc.itc.rwth-aachen.de",38,"n23m0123.hpc.itc.rwth-aachen.de",38,"38",64,20,0.063,0.067,0.074,0.13665,0.15275,0.3304,0.395
96,"r23m0124.hpc.itc.rwth-aachen.de",39,"n23m0123.hpc.itc.rwth-aachen.de",39,"39",64,20,0.059,0.061,0.0625,0.0797,0.0655,0.11625,0.349
96,"r23m0124.hpc.itc.rwth-aachen.de",40,"n23m0123.hpc.itc.rwth-aachen.de",40,"40",64,20,0.06,0.06375,0.066,0.1134,0.08875,0.347,0.347
96,"r23m0124.hpc.itc.rwth-aachen.de",41,"n23m0123.hpc.itc.rwth-aachen.de",41,"41",64,20,0.059,0.06275,0.0655,0.08055,0.0715,0.10385,0.329
96,"r23m0124.hpc.itc.rwth-aachen.de",42,"n23m0123.hpc.itc.rwth-aachen.de",42,"42",64,20,0.062,0.066,0.069,0.12785,0.0945,0.35095,0.388
96,"r23m0124.hpc.itc.rwth-aachen.de",43,"n23m0123.hpc.itc.rwth-aachen.de",43,"43",64,20,0.058,0.064,0.0665,0.09635,0.072,0.32505,0.326
96,"r23m0124.hpc.itc.rwth-aachen.de",44,"n23m0123.hpc.itc.rwth-aachen.de",44,"44",64,20,0.06,0.06575,0.068,0.07355,0.0725,0.0902,0.151
96,"r23m0124.hpc.itc.rwth-aachen.de",45,"n23m0123.hpc.itc.rwth-aachen.de",45,"45",64,20,0.058,0.062,0.065,0.0957,0.071,0.32295,0.36
96,"r23m0124.hpc.itc.rwth-aachen.de",46,"n23m0123.hpc.itc.rwth-aachen.de",46,"46",64,20,0.059,0.0645,0.075,0.1276,0.11775,0.34535,0.371
96,"r23m0124.hpc.itc.rwth-aachen.de",47,"n23m0123.hpc.itc.rwth-aachen.de",47,"47",64,20,0.061,0.06375,0.066,0.1002,0.067,0.32555,0.412
96,"r23m0124.hpc.itc.rwth-aachen.de",48,"n23m0123.hpc.itc.rwth-aachen.de",48,"48",64,20,0.063,0.13875,0.185,0.21305,0.28225,0.3932,0.435
96,"r23m0124.hpc.itc.rwth-aachen.de",49,"n23m0123.hpc.itc.rwth-aachen.de",49,"49",64,20,0.063,0.10125,0.1755,0.1863,0.23375,0.34335,0.407
96,"r23m0124.hpc.itc.rwth-aachen.de",50,"n23m0123.hpc.itc.rwth-aachen.de",50,"50",64,20,0.059,0.12375,0.1785,0.1696,0.2025,0.25395,0.367
96,"r23m0124.hpc.itc.rwth-aachen.de",51,"n23m0123.hpc.itc.rwth-aachen.de",51,"51",64,20,0.062,0.1055,0.227,0.21995,0.329,0.39295,0.411
96,"r23m0124.hpc.itc.rwth-aachen.de",52,"n23m0123.hpc.itc.rwth-aachen.de",52,"52",64,20,0.062,0.125,0.1915,0.1896,0.229,0.37475,0.408
96,"r23m0124.hpc.itc.rwth-aachen.de",53,"n23m0123.hpc.itc.rwth-aachen.de",53,"53",64,20,0.066,0.136,0.182,0.187,0.21825,0.35915,0.362
96,"r23m0124.hpc.itc.rwth-aachen.de",54,"n23m0123.hpc.itc.rwth-aachen.de",54,"54",64,20,0.063,0.11275,0.167,0.19765,0.2365,0.418,0.418
96,"r23m0124.hpc.itc.rwth-aachen.de",55,"n23m0123.hpc.itc.rwth-aachen.de",55,"55",64,20,0.06,0.108,0.1515,0.1601,0.19925,0.25665,0.364
96,"r23m0124.hpc.itc.rwth-aachen.de",56,"n23m0123.hpc.itc.rwth-aachen.de",56,"56",64,20,0.074,0.11,0.1555,0.17805,0.2295,0.3411,0.438
96,"r23m0124.hpc.itc.rwth-aachen.de",57,"n23m0123.hpc.itc.rwth-aachen.de",57,"57",64,20,0.057,0.0615,0.1225,0.1424,0.1805,0.27745,0.4
96,"r23m0124.hpc.itc.rwth-aachen.de",58,"n23m0123.hpc.itc.rwth-aachen.de",58,"58",64,20,0.061,0.119,0.149,0.16755,0.18175,0.35045,0.378
96,"r23m0124.hpc.itc.rwth-aachen.de",59,"n23m0123.hpc.itc.rwth-aachen.de",59,"59",64,20,0.059,0.072,0.144,0.1513,0.2045,0.26595,0.322
96,"r23m0124.hpc.itc.rwth-aachen.de",60,"n23m0123.hpc.itc.rwth-aachen.de",60,"60",64,20,0.066,0.10125,0.1555,0.16655,0.1905,0.39875,0.432
96,"r23m0124.hpc.itc.rwth-aachen.de",61,"n23m0123.hpc.itc.rwth-aachen.de",61,"61",64,20,0.063,0.11375,0.1585,0.18915,0.28075,0.329,0.329
96,"r23m0124.hpc.itc.rwth-aachen.de",62,"n23m0123.hpc.itc.rwth-aachen.de",62,"62",64,20,0.059,0.1245,0.1675,0.18485,0.224,0.35605,0.357
96,"r23m0124.hpc.itc.rwth-aachen.de",63,"n23m0123.hpc.itc.rwth-aachen.de",63,"63",64,20,0.06,0.092,0.165,0.16835,0.1975,0.34815,0.351
96,"r23m0124.hpc.itc.rwth-aachen.de",64,"n23m0123.hpc.itc.rwth-aachen.de",64,"64",64,20,0.06,0.0695,0.115,0.15285,0.1835,0.36865,0.419
96,"r23m0124.hpc.itc.rwth-aachen.de",65,"n23m0123.hpc.itc.rwth-aachen.de",65,"65",64,20,0.059,0.062,0.107,0.16265,0.24775,0.41745,0.426
96,"r23m0124.hpc.itc.rwth-aachen.de",66,"n23m0123.hpc.itc.rwth-aachen.de",66,"66",64,20,0.062,0.06375,0.075,0.14445,0.181,0.36615,0.369
96,"r23m0124.hpc.itc.rwth-aachen.de",67,"n23m0123.hpc.itc.rwth-aachen.de",67,"67",64,20,0.06,0.06375,0.07,0.12045,0.1375,0.37015,0.411
96,"r23m0124.hpc.itc.rwth-aachen.de",68,"n23m0123.hpc.itc.rwth-aachen.de",68,"68",64,20,0.061,0.064,0.072,0.1391,0.1465,0.373,0.43
96,"r23m0124.hpc.itc.rwth-aachen.de",69,"n23m0123.hpc.itc.rwth-aachen.de",69,"69",64,20,0.06,0.06825,0.233,0.2315,0.38375,0.4017,0.434
96,"r23m0124.hpc.itc.rwth-aachen.de",70,"n23m0123.hpc.itc.rwth-aachen.de",70,"70",64,20,0.064,0.067,0.1635,0.2009,0.3255,0.3832,0.387
96,"r23m0124.hpc.itc.rwth-aachen.de",71,"n23m0123.hpc.itc.rwth-aachen.de",71,"71",64,20,0.06,0.064,0.099,0.1615,0.1995,0.3968,0.412
96,"r23m0124.hpc.itc.rwth-aachen.de",72,"n23m0123.hpc.itc.rwth-aachen.de",72,"72",64,20,0.059,0.06425,0.206,0.2157,0.3405,0.4278,0.443
96,"r23m0124.hpc.itc.rwth-aachen.de",73,"n23m0123.hpc.itc.rwth-aachen.de",73,"73",64,20,0.063,0.07025,0.255,0.23225,0.3665,0.4201,0.479
96,"r23m0124.hpc.itc.rwth-aachen.de",74,"n23m0123.hpc.itc.rwth-aachen.de",74,"74",64,20,0.06,0.063,0.076,0.1568,0.30125,0.35875,0.373
96,"r23m0124.hpc.itc.rwth-aachen.de",75,"n23m0123.hpc.itc.rwth-aachen.de",75,"75",64,20,0.06,0.064,0.074,0.1286,0.13325,0.34815,0.408
96,"r23m0124.hpc.itc.rwth-aachen.de",76,"n23m0123.hpc.itc.rwth-aachen.de",76,"76",64,20,0.063,0.06675,0.0765,0.1282,0.12875,0.3612,0.403
96,"r23m0124.hpc.itc.rwth-aachen.de",77,"n23m0123.hpc.itc.rwth-aachen.de",77,"77",64,20,0.058,0.062,0.064,0.11175,0.10825,0.3237,0.432
96,"r23m0124.hpc.itc.rwth-aachen.de",78,"n23m0123.hpc.itc.rwth-aachen.de",78,"78",64,20,0.069,0.092,0.1455,0.2207,0.366,0.41435,0.44
96,"r23m0124.hpc.itc.rwth-aachen.de",79,"n23m0123.hpc.itc.rwth-aachen.de",79,"79",64,20,0.06,0.06275,0.085,0.1446,0.17225,0.39695,0.415
96,"r23m0124.hpc.itc.rwth-aachen.de",80,"n23m0123.hpc.itc.rwth-aachen.de",80,"80",64,20,0.064,0.0715,0.1595,0.19755,0.33975,0.3911,0.412
96,"r23m0124.hpc.itc.rwth-aachen.de",81,"n23m0123.hpc.itc.rwth-aachen.de",81,"81",64,20,0.06,0.074,0.085,0.12985,0.16375,0.3901,0.411
96,"r23m0124.hpc.itc.rwth-aachen.de",82,"n23m0123.hpc.itc.rwth-aachen.de",82,"82",64,20,0.062,0.0665,0.0755,0.1888,0.3755,0.4051,0.426
96,"r23m0124.hpc.itc.rwth-aachen.de",83,"n23m0123.hpc.itc.rwth-aachen.de",83,"83",64,20,0.059,0.0635,0.26,0.23595,0.39225,0.42505,0.445
96,"r23m0124.hpc.itc.rwth-aachen.de",84,"n23m0123.hpc.itc.rwth-aachen.de",84,"84",64,20,0.06,0.064,0.281,0.2414,0.37875,0.4117,0.482
96,"r23m0124.hpc.itc.rwth-aachen.de",85,"n23m0123.hpc.itc.rwth-aachen.de",85,"85",64,20,0.062,0.068,0.1035,0.1648,0.192,0.44785,0.464
96,"r23m0124.hpc.itc.rwth-aachen.de",86,"n23m0123.hpc.itc.rwth-aachen.de",86,"86",64,20,0.062,0.14525,0.3375,0.28445,0.3925,0.40225,0.407
96,"r23m0124.hpc.itc.rwth-aachen.de",87,"n23m0123.hpc.itc.rwth-aachen.de",87,"87",64,20,0.062,0.06825,0.127,0.1812,0.33475,0.40405,0.405
96,"r23m0124.hpc.itc.rwth-aachen.de",88,"n23m0123.hpc.itc.rwth-aachen.de",88,"88",64,20,0.063,0.065,0.0835,0.133,0.16725,0.3372,0.341
96,"r23m0124.hpc.itc.rwth-aachen.de",89,"n23m0123.hpc.itc.rwth-aachen.de",89,"89",64,20,0.06,0.06475,0.079,0.14565,0.19,0.3584,0.385
96,"r23m0124.hpc.itc.rwth-aachen.de",90,"n23m0123.hpc.itc.rwth-aachen.de",90,"90",64,20,0.062,0.08525,0.315,0.24815,0.36775,0.3965,0.406
96,"r23m0124.hpc.itc.rwth-aachen.de",91,"n23m0123.hpc.itc.rwth-aachen.de",91,"91",64,20,0.064,0.06675,0.1125,0.19345,0.355,0.39135,0.417
96,"r23m0124.hpc.itc.rwth-aachen.de",92,"n23m0123.hpc.itc.rwth-aachen.de",92,"92",64,20,0.061,0.064,0.0805,0.1194,0.12125,0.2765,0.457
96,"r23m0124.hpc.itc.rwth-aachen.de",93,"n23m0123.hpc.itc.rwth-aachen.de",93,"93",64,20,0.06,0.071,0.28,0.22855,0.34275,0.423,0.423
96,"r23m0124.hpc.itc.rwth-aachen.de",94,"n23m0123.hpc.itc.rwth-aachen.de",94,"94",64,20,0.068,0.0715,0.15,0.22035,0.37475,0.4196,0.469
96,"r23m0124.hpc.itc.rwth-aachen.de",95,"n23m0123.hpc.itc.rwth-aachen.de",95,"95",64,20,0.061,0.06475,0.1595,0.21315,0.35775,0.4105,0.534
96,"r23m0124.hpc.itc.rwth-aachen.de",97,"r23m0124.hpc.itc.rwth-aachen.de",1,"1",64,20,0.305,0.36325,0.3745,1.01035,0.41175,2.94325,8.192
96,"r23m0124.hpc.itc.rwth-aachen.de",98,"r23m0124.hpc.itc.rwth-aachen.de",2,"2",64,20,0.165,0.2765,0.3835,0.60325,0.65075,1.32995,2.735
96,"r23m0124.hpc.itc.rwth-aachen.de",99,"r23m0124.hpc.itc.rwth-aachen.de",3,"3",64,20,0.375,0.586,1.8505,2.0875,2.57375,4.1547,11.027
96,"r23m0124.hpc.itc.rwth-aachen.de",100,"r23m0124.hpc.itc.rwth-aachen.de",4,"4",64,20,0.135,0.346,0.82,1.5903,1.31375,4.82895,11.953
96,"r23m0124.hpc.itc.rwth-aachen.de",101,"r23m0124.hpc.itc.rwth-aachen.de",5,"5",64,20,0.137,0.21875,0.7525,1.42665,1.65475,3.7155,9.14
96,"r23m0124.hpc.itc.rwth-aachen.de",102,"r23m0124.hpc.itc.rwth-aachen.de",6,"6",64,20,0.18,0.28275,0.945,2.2926,2.365,9.8905,11.667
96,"r23m0124.hpc.itc.rwth-aachen.de",103,"r23m0124.hpc.itc.rwth-aachen.de",7,"7",64,20,0.156,0.55875,1.397,2.20815,2.539,8.10555,9.294
96,"r23m0124.hpc.itc.rwth-aachen.de",104,"r23m0124.hpc.itc.rwth-aachen.de",8,"8",64,20,0.215,0.49475,1.9275,2.01805,2.212,3.5427,9.788
96,"r23m0124.hpc.itc.rwth-aachen.de",105,"r23m0124.hpc.itc.rwth-aachen.de",9,"9",64,20,0.205,0.36175,1.1235,2.31765,2.86625,8.68525,9.982
96,"r23m0124.hpc.itc.rwth-aachen.de",106,"r23m0124.hpc.itc.rwth-aachen.de",10,"10",64,20,0.136,0.49075,1.192,1.7547,2.2905,5.0791,7
96,"r23m0124.hpc.itc.rwth-aachen.de",107,"r23m0124.hpc.itc.rwth-aachen.de",11,"11",64,20,0.14,0.5335,1.161,1.8376,1.6365,8.7422,8.784
96,"r23m0124.hpc.itc.rwth-aachen.de",108,"r23m0124.hpc.itc.rwth-aachen.de",12,"12",64,20,0.185,0.613,0.991,1.57095,1.942,3.11725,7.283
96,"r23m0124.hpc.itc.rwth-aachen.de",109,"r23m0124.hpc.itc.rwth-aachen.de",13,"13",64,20,0.28,0.7395,1.0665,1.8191,1.56775,7.22945,9.062
96,"r23m0124.hpc.itc.rwth-aachen.de",110,"r23m0124.hpc.itc.rwth-aachen.de",14,"14",64,20,0.182,0.93825,1.3285,2.0987,2.26975,8.4782,8.862
96,"r23m0124.hpc.itc.rwth-aachen.de",111,"r23m0124.hpc.itc.rwth-aachen.de",15,"15",64,20,0.146,0.7395,1.5825,2.26475,2.24575,8.01535,8.098
96,"r23m0124.hpc.itc.rwth-aachen.de",112,"r23m0124.hpc.itc.rwth-aachen.de",16,"16",64,20,0.323,0.55,1.6735,2.15515,2.488,7.03905,9.282
96,"r23m0124.hpc.itc.rwth-aachen.de",113,"r23m0124.hpc.itc.rwth-aachen.de",17,"17",64,20,0.397,1.20875,2.578,2.39375,2.88125,3.50015,7.322
96,"r23m0124.hpc.itc.rwth-aachen.de",114,"r23m0124.hpc.itc.rwth-aachen.de",18,"18",64,20,0.171,0.54975,1.47,1.8463,2.28175,3.4379,9.725
96,"r23m0124.hpc.itc.rwth-aachen.de",115,"r23m0124.hpc.itc.rwth-aachen.de",19,"19",64,20,0.211,0.83975,1.3785,2.07405,2.18875,8.077,8.685
96,"r23m0124.hpc.itc.rwth-aachen.de",116,"r23m0124.hpc.itc.rwth-aachen.de",20,"20",64,20,0.183,0.565,1.4075,1.67635,1.8645,2.99915,9.462
96,"r23m0124.hpc.itc.rwth-aachen.de",117,"r23m0124.hpc.itc.rwth-aachen.de",21,"21",64,20,0.222,0.673,1.332,1.9629,3.045,3.8482,9.153
96,"r23m0124.hpc.itc.rwth-aachen.de",118,"r23m0124.hpc.itc.rwth-aachen.de",22,"22",64,20,0.19,1.0025,1.5985,1.6118,2.3405,2.76415,3.166
96,"r23m0124.hpc.itc.rwth-aachen.de",119,"r23m0124.hpc.itc.rwth-aachen.de",23,"23",64,20,0.444,0.9905,1.5795,1.8685,2.181,2.8675,8.786
96,"r23m0124.hpc.itc.rwth-aachen.de",120,"r23m0124.hpc.itc.rwth-aachen.de",24,"24",64,20,0.353,1.0675,1.3375,1.7304,2.0705,2.9336,7.429
96,"r23m0124.hpc.itc.rwth-aachen.de",121,"r23m0124.hpc.itc.rwth-aachen.de",25,"25",64,20,0.193,0.5055,1.005,1.82665,2.272,4.2454,10.067
96,"r23m0124.hpc.itc.rwth-aachen.de",122,"r23m0124.hpc.itc.rwth-aachen.de",26,"26",64,20,0.218,0.55525,0.914,1.2124,1.56975,3.0135,3.08
96,"r23m0124.hpc.itc.rwth-aachen.de",123,"r23m0124.hpc.itc.rwth-aachen.de",27,"27",64,20,0.189,0.43725,1.173,1.67295,1.898,3.55845,9.628
96,"r23m0124.hpc.itc.rwth-aachen.de",124,"r23m0124.hpc.itc.rwth-aachen.de",28,"28",64,20,0.384,0.83125,1.5375,2.21025,2.083,7.79575,10.261
96,"r23m0124.hpc.itc.rwth-aachen.de",125,"r23m0124.hpc.itc.rwth-aachen.de",29,"29",64,20,0.288,1.10775,1.707,1.97595,2.348,3.513,6.819
96,"r23m0124.hpc.itc.rwth-aachen.de",126,"r23m0124.hpc.itc.rwth-aachen.de",30,"30",64,20,0.235,0.71825,0.992,1.4904,1.714,3.192,7.866
96,"r23m0124.hpc.itc.rwth-aachen.de",127,"r23m0124.hpc.itc.rwth-aachen.de",31,"31",64,20,0.188,0.54725,1.3425,1.71545,2.03425,4.9601,8.249
96,"r23m0124.hpc.itc.rwth-aachen.de",128,"r23m0124.hpc.itc.rwth-aachen.de",32,"32",64,20,0.198,0.34025,0.395,0.51875,0.71,1.06095,1.155
96,"r23m0124.hpc.itc.rwth-aachen.de",129,"r23m0124.hpc.itc.rwth-aachen.de",33,"33",64,20,0.196,0.3055,0.4135,0.536,0.67925,1.29245,1.548
96,"r23m0124.hpc.itc.rwth-aachen.de",130,"r23m0124.hpc.itc.rwth-aachen.de",34,"34",64,20,0.163,0.26975,0.396,0.44015,0.49625,0.7745,1.278
96,"r23m0124.hpc.itc.rwth-aachen.de",131,"r23m0124.hpc.itc.rwth-aachen.de",35,"35",64,20,0.163,0.26075,0.449,0.48085,0.6125,0.84915,1.498
96,"r23m0124.hpc.itc.rwth-aachen.de",132,"r23m0124.hpc.itc.rwth-aachen.de",36,"36",64,20,0.215,0.36325,0.4765,0.52565,0.6295,0.9884,1.053
96,"r23m0124.hpc.itc.rwth-aachen.de",133,"r23m0124.hpc.itc.rwth-aachen.de",37,"37",64,20,0.231,0.38775,0.459,0.47305,0.52875,0.71425,0.852
96,"r23m0124.hpc.itc.rwth-aachen.de",134,"r23m0124.hpc.itc.rwth-aachen.de",38,"38",64,20,0.21,0.31475,0.3895,0.417,0.4955,0.5851,0.91
96,"r23m0124.hpc.itc.rwth-aachen.de",135,"r23m0124.hpc.itc.rwth-aachen.de",39,"39",64,20,0.198,0.287,0.405,0.45635,0.501,0.95705,1.129
96,"r23m0124.hpc.itc.rwth-aachen.de",136,"r23m0124.hpc.itc.rwth-aachen.de",40,"40",64,20,0.213,0.2345,0.296,0.4832,0.57325,1.057,2.064
96,"r23m0124.hpc.itc.rwth-aachen.de",137,"r23m0124.hpc.itc.rwth-aachen.de",41,"41",64,20,0.203,0.256,0.4515,0.54855,0.60475,1.26555,1.333
96,"r23m0124.hpc.itc.rwth-aachen.de",138,"r23m0124.hpc.itc.rwth-aachen.de",42,"42",64,20,0.229,0.3995,0.5605,0.70075,0.9665,1.39605,1.815
96,"r23m0124.hpc.itc.rwth-aachen.de",139,"r23m0124.hpc.itc.rwth-aachen.de",43,"43",64,20,0.217,0.34475,0.4125,0.63945,0.6705,1.71875,2.208
96,"r23m0124.hpc.itc.rwth-aachen.de",140,"r23m0124.hpc.itc.rwth-aachen.de",44,"44",64,20,0.243,0.39325,0.458,0.577,0.68075,1.179,1.578
96,"r23m0124.hpc.itc.rwth-aachen.de",141,"r23m0124.hpc.itc.rwth-aachen.de",45,"45",64,20,0.203,0.351,0.3995,0.49485,0.62525,0.88865,0.901
96,"r23m0124.hpc.itc.rwth-aachen.de",142,"r23m0124.hpc.itc.rwth-aachen.de",46,"46",64,20,0.231,0.39625,0.421,0.58895,0.68825,1.0676,2.447
96,"r23m0124.hpc.itc.rwth-aachen.de",143,"r23m0124.hpc.itc.rwth-aachen.de",47,"47",64,20,0.233,0.297,0.38,0.4606,0.5335,1.0907,1.275
96,"r23m0124.hpc.itc.rwth-aachen.de",144,"r23m0124.hpc.itc.rwth-aachen.de",48,"48",64,20,0.126,0.22875,0.4035,0.48325,0.66275,1.2049,1.45
96,"r23m0124.hpc.itc.rwth-aachen.de",145,"r23m0124.hpc.itc.rwth-aachen.de",49,"49",64,20,0.132,0.2625,0.338,0.56045,0.55875,1.4656,2.579
96,"r23m0124.hpc.itc.rwth-aachen.de",146,"r23m0124.hpc.itc.rwth-aachen.de",50,"50",64,20,0.145,0.34425,0.437,0.50425,0.551,0.8234,1.8
96,"r23m0124.hpc.itc.rwth-aachen.de",147,"r23m0124.hpc.itc.rwth-aachen.de",51,"51",64,20,0.13,0.3085,0.428,0.87645,0.7535,2.65095,5.804
96,"r23m0124.hpc.itc.rwth-aachen.de",148,"r23m0124.hpc.itc.rwth-aachen.de",52,"52",64,20,0.133,0.25,0.3625,0.69145,0.48425,1.42475,5.98
96,"r23m0124.hpc.itc.rwth-aachen.de",149,"r23m0124.hpc.itc.rwth-aachen.de",53,"53",64,20,0.137,0.324,0.394,0.5543,0.6435,1.53155,1.561
96,"r23m0124.hpc.itc.rwth-aachen.de",150,"r23m0124.hpc.itc.rwth-aachen.de",54,"54",64,20,0.127,0.176,0.3085,0.3521,0.376,0.5909,1.444
96,"r23m0124.hpc.itc.rwth-aachen.de",151,"r23m0124.hpc.itc.rwth-aachen.de",55,"55",64,20,0.127,0.16075,0.325,0.4619,0.64975,1.0962,1.347
96,"r23m0124.hpc.itc.rwth-aachen.de",152,"r23m0124.hpc.itc.rwth-aachen.de",56,"56",64,20,0.133,0.1485,0.3105,0.36695,0.43375,0.8144,1.563
96,"r23m0124.hpc.itc.rwth-aachen.de",153,"r23m0124.hpc.itc.rwth-aachen.de",57,"57",64,20,0.128,0.3575,0.4735,0.51775,0.6475,0.92035,1.155
96,"r23m0124.hpc.itc.rwth-aachen.de",154,"r23m0124.hpc.itc.rwth-aachen.de",58,"58",64,20,0.131,0.33725,0.3665,0.50435,0.555,1.1201,1.92
96,"r23m0124.hpc.itc.rwth-aachen.de",155,"r23m0124.hpc.itc.rwth-aachen.de",59,"59",64,20,0.172,0.3315,0.382,0.52975,0.5705,1.28975,1.836
96,"r23m0124.hpc.itc.rwth-aachen.de",156,"r23m0124.hpc.itc.rwth-aachen.de",60,"60",64,20,0.145,0.1825,0.3545,0.34145,0.38225,0.7071,0.785
96,"r23m0124.hpc.itc.rwth-aachen.de",157,"r23m0124.hpc.itc.rwth-aachen.de",61,"61",64,20,0.141,0.1535,0.2455,0.34155,0.40525,0.7042,1.145
96,"r23m0124.hpc.itc.rwth-aachen.de",158,"r23m0124.hpc.itc.rwth-aachen.de",62,"62",64,20,0.146,0.2185,0.356,0.35155,0.425,0.61565,0.628
96,"r23m0124.hpc.itc.rwth-aachen.de",159,"r23m0124.hpc.itc.rwth-aachen.de",63,"63",64,20,0.145,0.1565,0.295,0.30085,0.41575,0.53405,0.649
96,"r23m0124.hpc.itc.rwth-aachen.de",160,"r23m0124.hpc.itc.rwth-aachen.de",64,"64",64,20,0.123,0.24875,0.4645,1.1004,1.00775,4.2548,4.612
96,"r23m0124.hpc.itc.rwth-aachen.de",161,"r23m0124.hpc.itc.rwth-aachen.de",65,"65",64,20,0.258,0.54325,0.937,2.0589,2.883,6.3972,9.137
96,"r23m0124.hpc.itc.rwth-aachen.de",162,"r23m0124.hpc.itc.rwth-aachen.de",66,"66",64,20,0.193,0.35225,1.056,1.7458,2.677,3.97155,7.668
96,"r23m0124.hpc.itc.rwth-aachen.de",163,"r23m0124.hpc.itc.rwth-aachen.de",67,"67",64,20,0.171,0.60125,1.426,1.99945,2.4255,6.80585,8.133
96,"r23m0124.hpc.itc.rwth-aachen.de",164,"r23m0124.hpc.itc.rwth-aachen.de",68,"68",64,20,0.244,0.73875,1.812,2.25795,2.245,6.45515,8.795
96,"r23m0124.hpc.itc.rwth-aachen.de",165,"r23m0124.hpc.itc.rwth-aachen.de",69,"69",64,20,0.172,0.5075,0.989,1.65435,2.17,4.74645,6.218
96,"r23m0124.hpc.itc.rwth-aachen.de",166,"r23m0124.hpc.itc.rwth-aachen.de",70,"70",64,20,0.198,0.441,0.579,1.46675,1.51425,5.8562,8.919
96,"r23m0124.hpc.itc.rwth-aachen.de",167,"r23m0124.hpc.itc.rwth-aachen.de",71,"71",64,20,0.168,0.524,1.5955,2.22665,2.62,7.18575,7.675
96,"r23m0124.hpc.itc.rwth-aachen.de",168,"r23m0124.hpc.itc.rwth-aachen.de",72,"72",64,20,0.21,0.46375,0.715,1.96345,2.5635,7.53065,9.329
96,"r23m0124.hpc.itc.rwth-aachen.de",169,"r23m0124.hpc.itc.rwth-aachen.de",73,"73",64,20,0.255,0.83225,1.4185,2.14525,2.40325,5.4907,8.012
96,"r23m0124.hpc.itc.rwth-aachen.de",170,"r23m0124.hpc.itc.rwth-aachen.de",74,"74",64,20,0.374,0.73225,1.0495,1.7453,1.805,4.95005,7.003
96,"r23m0124.hpc.itc.rwth-aachen.de",171,"r23m0124.hpc.itc.rwth-aachen.de",75,"75",64,20,0.294,0.7165,1.7205,1.8393,2.22825,4.10405,7.012
96,"r23m0124.hpc.itc.rwth-aachen.de",172,"r23m0124.hpc.itc.rwth-aachen.de",76,"76",64,20,0.181,0.50225,0.945,1.57755,2.11325,5.0358,5.336
96,"r23m0124.hpc.itc.rwth-aachen.de",173,"r23m0124.hpc.itc.rwth-aachen.de",77,"77",64,20,0.206,0.67075,1.299,1.7621,2.017,4.83115,8.14
96,"r23m0124.hpc.itc.rwth-aachen.de",174,"r23m0124.hpc.itc.rwth-aachen.de",78,"78",64,20,0.257,0.61425,1.315,1.8169,2.135,5.53455,7.939
96,"r23m0124.hpc.itc.rwth-aachen.de",175,"r23m0124.hpc.itc.rwth-aachen.de",79,"79",64,20,0.258,0.71275,1.791,1.9679,3.1225,4.2763,4.7
96,"r23m0124.hpc.itc.rwth-aachen.de",176,"r23m0124.hpc.itc.rwth-aachen.de",80,"80",64,20,0.191,0.412,0.8555,1.6139,2.2265,4.63075,5.006
96,"r23m0124.hpc.itc.rwth-aachen.de",177,"r23m0124.hpc.itc.rwth-aachen.de",81,"81",64,20,0.22,0.37825,0.747,1.59665,1.9365,4.30735,7.145
96,"r23m0124.hpc.itc.rwth-aachen.de",178,"r23m0124.hpc.itc.rwth-aachen.de",82,"82",64,20,0.24,0.4645,0.788,1.5258,2.28825,4.4021,4.48
96,"r23m0124.hpc.itc.rwth-aachen.de",179,"r23m0124.hpc.itc.rwth-aachen.de",83,"83",64,20,0.216,0.5275,0.815,2.0453,2.7475,7.21375,7.722
96,"r23m0124.hpc.itc.rwth-aachen.de",180,"r23m0124.hpc.itc.rwth-aachen.de",84,"84",64,20,0.21,1.0235,1.564,1.9055,2.126,4.31255,6.698
96,"r23m0124.hpc.itc.rwth-aachen.de",181,"r23m0124.hpc.itc.rwth-aachen.de",85,"85",64,20,0.402,0.85625,1.6845,2.3114,3.44075,5.49505,6.408
96,"r23m0124.hpc.itc.rwth-aachen.de",182,"r23m0124.hpc.itc.rwth-aachen.de",86,"86",64,20,0.25,0.60675,1.6495,2.25945,3.03975,5.0893,9.085
96,"r23m0124.hpc.itc.rwth-aachen.de",183,"r23m0124.hpc.itc.rwth-aachen.de",87,"87",64,20,0.198,0.56975,1.131,2.27175,3.86725,6.07785,6.094
96,"r23m0124.hpc.itc.rwth-aachen.de",184,"r23m0124.hpc.itc.rwth-aachen.de",88,"88",64,20,0.233,0.339,1.1345,2.04345,3.397,5.47925,7.992
96,"r23m0124.hpc.itc.rwth-aachen.de",185,"r23m0124.hpc.itc.rwth-aachen.de",89,"89",64,20,0.343,1.28975,2.236,2.6861,3.958,6.0799,7.408
96,"r23m0124.hpc.itc.rwth-aachen.de",186,"r23m0124.hpc.itc.rwth-aachen.de",90,"90",64,20,0.401,0.7575,1.438,2.5404,4.42475,6.5205,7.955
96,"r23m0124.hpc.itc.rwth-aachen.de",187,"r23m0124.hpc.itc.rwth-aachen.de",91,"91",64,20,0.206,0.4635,1.602,2.0922,3.21475,5.46155,5.662
96,"r23m0124.hpc.itc.rwth-aachen.de",188,"r23m0124.hpc.itc.rwth-aachen.de",92,"92",64,20,0.278,1.1495,1.5735,2.8008,4.05025,7.3219,9.486
96,"r23m0124.hpc.itc.rwth-aachen.de",189,"r23m0124.hpc.itc.rwth-aachen.de",93,"93",64,20,0.231,0.47425,0.9775,1.98735,2.6875,6.42335,8.938
96,"r23m0124.hpc.itc.rwth-aachen.de",190,"r23m0124.hpc.itc.rwth-aachen.de",94,"94",64,20,0.377,0.613,1.3355,1.9562,2.4735,5.29075,8.668
96,"r23m0124.hpc.itc.rwth-aachen.de",191,"r23m0124.hpc.itc.rwth-aachen.de",95,"95",64,20,0.252,0.7205,1.9465,1.89325,2.5385,4.41055,5.352
96,"r23m0124.hpc.itc.rwth-aachen.de",0,"n23m0123.hpc.itc.rwth-aachen.de",0,"0",1024,20,0.127,0.132,0.199,0.2495,0.37325,0.4216,0.471
96,"r23m0124.hpc.itc.rwth-aachen.de",1,"n23m0123.hpc.itc.rwth-aachen.de",1,"1",1024,20,0.263,0.36325,0.3915,0.3963,0.43675,0.47705,0.535
96,"r23m0124.hpc.itc.rwth-aachen.de",2,"n23m0123.hpc.itc.rwth-aachen.de",2,"2",1024,20,0.132,0.13475,0.141,0.19815,0.24375,0.36905,0.408
96,"r23m0124.hpc.itc.rwth-aachen.de",3,"n23m0123.hpc.itc.rwth-aachen.de",3,"3",1024,20,0.133,0.14275,0.145,0.193,0.242,0.2708,0.438
96,"r23m0124.hpc.itc.rwth-aachen.de",4,"n23m0123.hpc.itc.rwth-aachen.de",4,"4",1024,20,0.146,0.14975,0.154,0.18835,0.25725,0.2715,0.281
96,"r23m0124.hpc.itc.rwth-aachen.de",5,"n23m0123.hpc.itc.rwth-aachen.de",5,"5",1024,20,0.131,0.1335,0.137,0.20075,0.19975,0.43825,0.443
96,"r23m0124.hpc.itc.rwth-aachen.de",6,"n23m0123.hpc.itc.rwth-aachen.de",6,"6",1024,20,0.195,0.3025,0.3435,0.34535,0.36875,0.44205,0.595
96,"r23m0124.hpc.itc.rwth-aachen.de",7,"n23m0123.hpc.itc.rwth-aachen.de",7,"7",1024,20,0.149,0.19225,0.244,0.26065,0.33325,0.41905,0.42
96,"r23m0124.hpc.itc.rwth-aachen.de",8,"n23m0123.hpc.itc.rwth-aachen.de",8,"8",1024,20,0.144,0.149,0.156,0.2213,0.27275,0.4189,0.455
96,"r23m0124.hpc.itc.rwth-aachen.de",9,"n23m0123.hpc.itc.rwth-aachen.de",9,"9",1024,20,0.132,0.133,0.137,0.199,0.21325,0.38655,0.454
96,"r23m0124.hpc.itc.rwth-aachen.de",10,"n23m0123.hpc.itc.rwth-aachen.de",10,"10",1024,20,0.139,0.14725,0.166,0.2223,0.25425,0.44545,0.473
96,"r23m0124.hpc.itc.rwth-aachen.de",11,"n23m0123.hpc.itc.rwth-aachen.de",11,"11",1024,20,0.12,0.13875,0.214,0.234,0.28025,0.40685,0.442
96,"r23m0124.hpc.itc.rwth-aachen.de",12,"n23m0123.hpc.itc.rwth-aachen.de",12,"12",1024,20,0.193,0.3045,0.47,0.4537,0.56875,0.71835,0.744
96,"r23m0124.hpc.itc.rwth-aachen.de",13,"n23m0123.hpc.itc.rwth-aachen.de",13,"13",1024,20,0.14,0.14675,0.152,0.189,0.22,0.2772,0.376
96,"r23m0124.hpc.itc.rwth-aachen.de",14,"n23m0123.hpc.itc.rwth-aachen.de",14,"14",1024,20,0.133,0.13975,0.1645,0.21125,0.25325,0.38125,0.424
96,"r23m0124.hpc.itc.rwth-aachen.de",15,"n23m0123.hpc.itc.rwth-aachen.de",15,"15",1024,20,0.155,0.2305,0.3035,0.30115,0.34725,0.4183,0.462
96,"r23m0124.hpc.itc.rwth-aachen.de",16,"n23m0123.hpc.itc.rwth-aachen.de",16,"16",1024,20,0.151,0.35725,0.5095,0.62785,0.937,1.245,1.454
96,"r23m0124.hpc.itc.rwth-aachen.de",17,"n23m0123.hpc.itc.rwth-aachen.de",17,"17",1024,20,0.13,0.13575,0.1515,0.2103,0.24825,0.41135,0.418
96,"r23m0124.hpc.itc.rwth-aachen.de",18,"n23m0123.hpc.itc.rwth-aachen.de",18,"18",1024,20,0.144,0.28625,0.3905,0.42515,0.58275,0.7446,0.775
96,"r23m0124.hpc.itc.rwth-aachen.de",19,"n23m0123.hpc.itc.rwth-aachen.de",19,"19",1024,20,0.184,0.216,0.239,0.2601,0.2945,0.35355,0.421
96,"r23m0124.hpc.itc.rwth-aachen.de",20,"n23m0123.hpc.itc.rwth-aachen.de",20,"20",1024,20,0.148,0.297,0.3775,0.53555,0.6685,1.10835,1.704
96,"r23m0124.hpc.itc.rwth-aachen.de",21,"n23m0123.hpc.itc.rwth-aachen.de",21,"21",1024,20,0.131,0.133,0.1355,0.2019,0.248,0.3971,0.456
96,"r23m0124.hpc.itc.rwth-aachen.de",22,"n23m0123.hpc.itc.rwth-aachen.de",22,"22",1024,20,0.132,0.15425,0.1865,0.20285,0.24525,0.26555,0.39
96,"r23m0124.hpc.itc.rwth-aachen.de",23,"n23m0123.hpc.itc.rwth-aachen.de",23,"23",1024,20,0.132,0.134,0.135,0.16145,0.186,0.24305,0.244
96,"r23m0124.hpc.itc.rwth-aachen.de",24,"n23m0123.hpc.itc.rwth-aachen.de",24,"24",1024,20,0.134,0.139,0.1755,0.21665,0.24425,0.41215,0.434
96,"r23m0124.hpc.itc.rwth-aachen.de",25,"n23m0123.hpc.itc.rwth-aachen.de",25,"25",1024,20,0.132,0.135,0.1425,0.20635,0.25875,0.41305,0.452
96,"r23m0124.hpc.itc.rwth-aachen.de",26,"n23m0123.hpc.itc.rwth-aachen.de",26,"26",1024,20,0.168,0.251,0.2925,0.29635,0.3345,0.38635,0.412
96,"r23m0124.hpc.itc.rwth-aachen.de",27,"n23m0123.hpc.itc.rwth-aachen.de",27,"27",1024,20,0.122,0.12675,0.1785,0.24825,0.3745,0.4693,0.513
96,"r23m0124.hpc.itc.rwth-aachen.de",28,"n23m0123.hpc.itc.rwth-aachen.de",28,"28",1024,20,0.13,0.136,0.138,0.1807,0.235,0.26045,0.383
96,"r23m0124.hpc.itc.rwth-aachen.de",29,"n23m0123.hpc.itc.rwth-aachen.de",29,"29",1024,20,0.133,0.135,0.138,0.19355,0.2425,0.3519,0.388
96,"r23m0124.hpc.itc.rwth-aachen.de",30,"n23m0123.hpc.itc.rwth-aachen.de",30,"30",1024,20,0.145,0.15075,0.154,0.18355,0.209,0.26815,0.271
96,"r23m0124.hpc.itc.rwth-aachen.de",31,"n23m0123.hpc.itc.rwth-aachen.de",31,"31",1024,20,0.132,0.13475,0.142,0.22195,0.364,0.43915,0.442
96,"r23m0124.hpc.itc.rwth-aachen.de",32,"n23m0123.hpc.itc.rwth-aachen.de",32,"32",1024,20,0.154,0.16075,0.164,0.1832,0.1675,0.30315,0.325
96,"r23m0124.hpc.itc.rwth-aachen.de",33,"n23m0123.hpc.itc.rwth-aachen.de",33,"33",1024,20,0.134,0.13875,0.1395,0.17945,0.1845,0.2997,0.484
96,"r23m0124.hpc.itc.rwth-aachen.de",34,"n23m0123.hpc.itc.rwth-aachen.de",34,"34",1024,20,0.14,0.142,0.1465,0.1762,0.1555,0.28205,0.416
96,"r23m0124.hpc.itc.rwth-aachen.de",35,"n23m0123.hpc.itc.rwth-aachen.de",35,"35",1024,20,0.146,0.149,0.1535,0.17105,0.16375,0.26205,0.263
96,"r23m0124.hpc.itc.rwth-aachen.de",36,"n23m0123.hpc.itc.rwth-aachen.de",36,"36",1024,20,0.13,0.13675,0.1405,0.1707,0.1755,0.27005,0.309
96,"r23m0124.hpc.itc.rwth-aachen.de",37,"n23m0123.hpc.itc.rwth-aachen.de",37,"37",1024,20,0.244,0.39175,0.4745,0.4578,0.534,0.62035,0.665
96,"r23m0124.hpc.itc.rwth-aachen.de",38,"n23m0123.hpc.itc.rwth-aachen.de",38,"38",1024,20,0.185,0.26975,0.3095,0.42015,0.4275,1.04315,1.179
96,"r23m0124.hpc.itc.rwth-aachen.de",39,"n23m0123.hpc.itc.rwth-aachen.de",39,"39",1024,20,0.133,0.13675,0.1395,0.1646,0.163,0.32915,0.332
96,"r23m0124.hpc.itc.rwth-aachen.de",40,"n23m0123.hpc.itc.rwth-aachen.de",40,"40",1024,20,0.188,0.24425,0.3055,0.3219,0.41425,0.5239,0.541
96,"r23m0124.hpc.itc.rwth-aachen.de",41,"n23m0123.hpc.itc.rwth-aachen.de",41,"41",1024,20,0.167,0.66825,0.715,0.843,1.02825,1.49965,1.816
96,"r23m0124.hpc.itc.rwth-aachen.de",42,"n23m0123.hpc.itc.rwth-aachen.de",42,"42",1024,20,0.15,0.2675,0.364,0.34295,0.402,0.44375,0.61
96,"r23m0124.hpc.itc.rwth-aachen.de",43,"n23m0123.hpc.itc.rwth-aachen.de",43,"43",1024,20,0.134,0.13875,0.1415,0.2039,0.214,0.429,0.429
96,"r23m0124.hpc.itc.rwth-aachen.de",44,"n23m0123.hpc.itc.rwth-aachen.de",44,"44",1024,20,0.129,0.13175,0.1365,0.1829,0.2245,0.3668,0.382
96,"r23m0124.hpc.itc.rwth-aachen.de",45,"n23m0123.hpc.itc.rwth-aachen.de",45,"45",1024,20,0.194,0.24525,0.307,0.3217,0.35525,0.53775,0.609
96,"r23m0124.hpc.itc.rwth-aachen.de",46,"n23m0123.hpc.itc.rwth-aachen.de",46,"46",1024,20,0.17,0.19625,0.243,0.23775,0.273,0.30905,0.31
96,"r23m0124.hpc.itc.rwth-aachen.de",47,"n23m0123.hpc.itc.rwth-aachen.de",47,"47",1024,20,0.122,0.1295,0.1385,0.1702,0.165,0.3279,0.383
96,"r23m0124.hpc.itc.rwth-aachen.de",48,"n23m0123.hpc.itc.rwth-aachen.de",48,"48",1024,20,0.175,0.2135,0.25,0.26575,0.30825,0.3481,0.521
96,"r23m0124.hpc.itc.rwth-aachen.de",49,"n23m0123.hpc.itc.rwth-aachen.de",49,"49",1024,20,0.137,0.194,0.272,0.2631,0.30025,0.4097,0.461
96,"r23m0124.hpc.itc.rwth-aachen.de",50,"n23m0123.hpc.itc.rwth-aachen.de",50,"50",1024,20,0.193,0.28825,0.342,0.32995,0.3705,0.44345,0.452
96,"r23m0124.hpc.itc.rwth-aachen.de",51,"n23m0123.hpc.itc.rwth-aachen.de",51,"51",1024,20,0.142,0.18025,0.243,0.2513,0.31175,0.3829,0.4
96,"r23m0124.hpc.itc.rwth-aachen.de",52,"n23m0123.hpc.itc.rwth-aachen.de",52,"52",1024,20,0.143,0.2005,0.2515,0.25815,0.31425,0.3735,0.402
96,"r23m0124.hpc.itc.rwth-aachen.de",53,"n23m0123.hpc.itc.rwth-aachen.de",53,"53",1024,20,0.141,0.20525,0.2525,0.265,0.336,0.3801,0.382
96,"r23m0124.hpc.itc.rwth-aachen.de",54,"n23m0123.hpc.itc.rwth-aachen.de",54,"54",1024,20,0.269,0.2865,0.3365,0.3292,0.354,0.39505,0.396
96,"r23m0124.hpc.itc.rwth-aachen.de",55,"n23m0123.hpc.itc.rwth-aachen.de",55,"55",1024,20,0.15,0.2255,0.268,0.2751,0.3385,0.3694,0.491
96,"r23m0124.hpc.itc.rwth-aachen.de",56,"n23m0123.hpc.itc.rwth-aachen.de",56,"56",1024,20,0.145,0.1635,0.2595,0.2631,0.321,0.42985,0.484
96,"r23m0124.hpc.itc.rwth-aachen.de",57,"n23m0123.hpc.itc.rwth-aachen.de",57,"57",1024,20,0.139,0.22,0.255,0.27095,0.30425,0.41565,0.466
96,"r23m0124.hpc.itc.rwth-aachen.de",58,"n23m0123.hpc.itc.rwth-aachen.de",58,"58",1024,20,0.211,0.262,0.2995,0.3125,0.35475,0.4406,0.528
96,"r23m0124.hpc.itc.rwth-aachen.de",59,"n23m0123.hpc.itc.rwth-aachen.de",59,"59",1024,20,0.24,0.343,0.3675,0.3875,0.42625,0.5174,0.601
96,"r23m0124.hpc.itc.rwth-aachen.de",60,"n23m0123.hpc.itc.rwth-aachen.de",60,"60",1024,20,0.142,0.19625,0.24,0.2528,0.285,0.38605,0.406
96,"r23m0124.hpc.itc.rwth-aachen.de",61,"n23m0123.hpc.itc.rwth-aachen.de",61,"61",1024,20,0.15,0.19025,0.226,0.2432,0.28375,0.39915,0.421
96,"r23m0124.hpc.itc.rwth-aachen.de",62,"n23m0123.hpc.itc.rwth-aachen.de",62,"62",1024,20,0.168,0.1985,0.236,0.2432,0.298,0.33755,0.348
96,"r23m0124.hpc.itc.rwth-aachen.de",63,"n23m0123.hpc.itc.rwth-aachen.de",63,"63",1024,20,0.157,0.2285,0.25,0.25975,0.30225,0.34235,0.349
96,"r23m0124.hpc.itc.rwth-aachen.de",64,"n23m0123.hpc.itc.rwth-aachen.de",64,"64",1024,20,0.154,0.159,0.179,0.20905,0.253,0.30985,0.345
96,"r23m0124.hpc.itc.rwth-aachen.de",65,"n23m0123.hpc.itc.rwth-aachen.de",65,"65",1024,20,0.141,0.14775,0.1635,0.21815,0.272,0.42235,0.543
96,"r23m0124.hpc.itc.rwth-aachen.de",66,"n23m0123.hpc.itc.rwth-aachen.de",66,"66",1024,20,0.148,0.15575,0.2305,0.264,0.30525,0.50065,0.532
96,"r23m0124.hpc.itc.rwth-aachen.de",67,"n23m0123.hpc.itc.rwth-aachen.de",67,"67",1024,20,0.157,0.31425,0.3435,0.3405,0.393,0.42115,0.614
96,"r23m0124.hpc.itc.rwth-aachen.de",68,"n23m0123.hpc.itc.rwth-aachen.de",68,"68",1024,20,0.145,0.16,0.2665,0.26285,0.29975,0.4962,0.519
96,"r23m0124.hpc.itc.rwth-aachen.de",69,"n23m0123.hpc.itc.rwth-aachen.de",69,"69",1024,20,0.199,0.26175,0.346,0.33465,0.402,0.44705,0.448
96,"r23m0124.hpc.itc.rwth-aachen.de",70,"n23m0123.hpc.itc.rwth-aachen.de",70,"70",1024,20,0.173,0.182,0.204,0.25575,0.32725,0.43515,0.438
96,"r23m0124.hpc.itc.rwth-aachen.de",71,"n23m0123.hpc.itc.rwth-aachen.de",71,"71",1024,20,0.27,0.27775,0.2825,0.3356,0.371,0.4617,0.608
96,"r23m0124.hpc.itc.rwth-aachen.de",72,"n23m0123.hpc.itc.rwth-aachen.de",72,"72",1024,20,0.196,0.224,0.285,0.2888,0.33375,0.4066,0.418
96,"r23m0124.hpc.itc.rwth-aachen.de",73,"n23m0123.hpc.itc.rwth-aachen.de",73,"73",1024,20,0.185,0.27875,0.341,0.341,0.38425,0.4727,0.486
96,"r23m0124.hpc.itc.rwth-aachen.de",74,"n23m0123.hpc.itc.rwth-aachen.de",74,"74",1024,20,0.138,0.1555,0.291,0.27385,0.37425,0.41895,0.475
96,"r23m0124.hpc.itc.rwth-aachen.de",75,"n23m0123.hpc.itc.rwth-aachen.de",75,"75",1024,20,0.149,0.16275,0.225,0.2357,0.29675,0.33835,0.383
96,"r23m0124.hpc.itc.rwth-aachen.de",76,"n23m0123.hpc.itc.rwth-aachen.de",76,"76",1024,20,0.151,0.16375,0.1815,0.2155,0.2725,0.33855,0.349
96,"r23m0124.hpc.itc.rwth-aachen.de",77,"n23m0123.hpc.itc.rwth-aachen.de",77,"77",1024,20,0.184,0.24825,0.3215,0.32875,0.36925,0.5879,0.605
96,"r23m0124.hpc.itc.rwth-aachen.de",78,"n23m0123.hpc.itc.rwth-aachen.de",78,"78",1024,20,0.149,0.15825,0.2135,0.2429,0.30575,0.43375,0.505
96,"r23m0124.hpc.itc.rwth-aachen.de",79,"n23m0123.hpc.itc.rwth-aachen.de",79,"79",1024,20,0.148,0.15975,0.224,0.22655,0.25775,0.3376,0.387
96,"r23m0124.hpc.itc.rwth-aachen.de",80,"n23m0123.hpc.itc.rwth-aachen.de",80,"80",1024,20,0.168,0.18725,0.2155,0.2656,0.335,0.4186,0.506
96,"r23m0124.hpc.itc.rwth-aachen.de",81,"n23m0123.hpc.itc.rwth-aachen.de",81,"81",1024,20,0.143,0.18,0.232,0.2588,0.31925,0.4429,0.498
96,"r23m0124.hpc.itc.rwth-aachen.de",82,"n23m0123.hpc.itc.rwth-aachen.de",82,"82",1024,20,0.17,0.193,0.221,0.2491,0.30025,0.3421,0.458
96,"r23m0124.hpc.itc.rwth-aachen.de",83,"n23m0123.hpc.itc.rwth-aachen.de",83,"83",1024,20,0.142,0.1955,0.267,0.3068,0.38325,0.5205,0.663
96,"r23m0124.hpc.itc.rwth-aachen.de",84,"n23m0123.hpc.itc.rwth-aachen.de",84,"84",1024,20,0.145,0.16375,0.2365,0.37905,0.589,0.8375,0.98
96,"r23m0124.hpc.itc.rwth-aachen.de",85,"n23m0123.hpc.itc.rwth-aachen.de",85,"85",1024,20,0.161,0.18475,0.2065,0.24045,0.30125,0.34595,0.44
96,"r23m0124.hpc.itc.rwth-aachen.de",86,"n23m0123.hpc.itc.rwth-aachen.de",86,"86",1024,20,0.176,0.21375,0.3155,0.30585,0.35925,0.4399,0.533
96,"r23m0124.hpc.itc.rwth-aachen.de",87,"n23m0123.hpc.itc.rwth-aachen.de",87,"87",1024,20,0.161,0.191,0.2005,0.24525,0.31525,0.38735,0.413
96,"r23m0124.hpc.itc.rwth-aachen.de",88,"n23m0123.hpc.itc.rwth-aachen.de",88,"88",1024,20,0.131,0.1405,0.205,0.2215,0.2785,0.3722,0.414
96,"r23m0124.hpc.itc.rwth-aachen.de",89,"n23m0123.hpc.itc.rwth-aachen.de",89,"89",1024,20,0.185,0.29,0.334,0.35255,0.4215,0.55365,0.566
96,"r23m0124.hpc.itc.rwth-aachen.de",90,"n23m0123.hpc.itc.rwth-aachen.de",90,"90",1024,20,0.152,0.1605,0.167,0.2422,0.309,0.4983,0.599
96,"r23m0124.hpc.itc.rwth-aachen.de",91,"n23m0123.hpc.itc.rwth-aachen.de",91,"91",1024,20,0.215,0.27575,0.3105,0.3222,0.357,0.4378,0.472
96,"r23m0124.hpc.itc.rwth-aachen.de",92,"n23m0123.hpc.itc.rwth-aachen.de",92,"92",1024,20,0.201,0.332,0.382,0.3775,0.422,0.48645,0.552
96,"r23m0124.hpc.itc.rwth-aachen.de",93,"n23m0123.hpc.itc.rwth-aachen.de",93,"93",1024,20,0.179,0.1925,0.2075,0.24975,0.316,0.36685,0.383
96,"r23m0124.hpc.itc.rwth-aachen.de",94,"n23m0123.hpc.itc.rwth-aachen.de",94,"94",1024,20,0.18,0.21775,0.3035,0.31515,0.39425,0.47565,0.507
96,"r23m0124.hpc.itc.rwth-aachen.de",95,"n23m0123.hpc.itc.rwth-aachen.de",95,"95",1024,20,0.194,0.25875,0.32,0.33415,0.40325,0.4646,0.609
96,"r23m0124.hpc.itc.rwth-aachen.de",97,"r23m0124.hpc.itc.rwth-aachen.de",1,"1",1024,20,0.585,0.9065,2.064,2.5899,3.76375,5.62035,7.337
96,"r23m0124.hpc.itc.rwth-aachen.de",98,"r23m0124.hpc.itc.rwth-aachen.de",2,"2",1024,20,0.713,2.29275,4.947,5.57085,6.44475,14.0697,16.686
96,"r23m0124.hpc.itc.rwth-aachen.de",99,"r23m0124.hpc.itc.rwth-aachen.de",3,"3",1024,20,0.543,2.93925,5.0835,6.24415,6.12675,19.2238,22.24
96,"r23m0124.hpc.itc.rwth-aachen.de",100,"r23m0124.hpc.itc.rwth-aachen.de",4,"4",1024,20,1.852,3.56625,6.298,7.17025,7.005,16.4499,16.524
96,"r23m0124.hpc.itc.rwth-aachen.de",101,"r23m0124.hpc.itc.rwth-aachen.de",5,"5",1024,20,0.649,2.6095,4.666,5.16845,6.181,12.5862,13.616
96,"r23m0124.hpc.itc.rwth-aachen.de",102,"r23m0124.hpc.itc.rwth-aachen.de",6,"6",1024,20,2.423,7.432,13.768,12.1267,15.9725,19.9783,20.954
96,"r23m0124.hpc.itc.rwth-aachen.de",103,"r23m0124.hpc.itc.rwth-aachen.de",7,"7",1024,20,0.783,2.70925,4.963,6.41325,7.2515,16.7677,17.371
96,"r23m0124.hpc.itc.rwth-aachen.de",104,"r23m0124.hpc.itc.rwth-aachen.de",8,"8",1024,20,1.419,4.31825,5.3975,6.6856,6.86025,15.8407,16.309
96,"r23m0124.hpc.itc.rwth-aachen.de",105,"r23m0124.hpc.itc.rwth-aachen.de",9,"9",1024,20,0.674,3.15,5.515,6.266,7.10525,15.4484,15.456
96,"r23m0124.hpc.itc.rwth-aachen.de",106,"r23m0124.hpc.itc.rwth-aachen.de",10,"10",1024,20,0.688,2.53375,5.2985,7.61055,14.092,18.1476,19.205
96,"r23m0124.hpc.itc.rwth-aachen.de",107,"r23m0124.hpc.itc.rwth-aachen.de",11,"11",1024,20,1.497,2.48875,6.0935,8.86625,15.2167,17.0416,17.964
96,"r23m0124.hpc.itc.rwth-aachen.de",108,"r23m0124.hpc.itc.rwth-aachen.de",12,"12",1024,20,0.54,2.475,5.015,6.5876,8.1565,17.4918,18.002
96,"r23m0124.hpc.itc.rwth-aachen.de",109,"r23m0124.hpc.itc.rwth-aachen.de",13,"13",1024,20,1.017,3.77925,6.08,9.02425,13.7635,18.3217,40.488
96,"r23m0124.hpc.itc.rwth-aachen.de",110,"r23m0124.hpc.itc.rwth-aachen.de",14,"14",1024,20,1.708,4.06825,6.483,8.2214,13.8053,15.7158,16.682
96,"r23m0124.hpc.itc.rwth-aachen.de",111,"r23m0124.hpc.itc.rwth-aachen.de",15,"15",1024,20,0.988,3.202,6.591,8.4498,14.6032,17.1562,17.691
96,"r23m0124.hpc.itc.rwth-aachen.de",112,"r23m0124.hpc.itc.rwth-aachen.de",16,"16",1024,20,0.363,3.76025,5.065,8.32205,12.017,18.2682,39.286
96,"r23m0124.hpc.itc.rwth-aachen.de",113,"r23m0124.hpc.itc.rwth-aachen.de",17,"17",1024,20,1.599,4.75025,6.4795,9.73625,13.9473,18.9374,41.706
96,"r23m0124.hpc.itc.rwth-aachen.de",114,"r23m0124.hpc.itc.rwth-aachen.de",18,"18",1024,20,0.368,2.5215,4.9645,6.7315,7.69025,18.0181,19.065
96,"r23m0124.hpc.itc.rwth-aachen.de",115,"r23m0124.hpc.itc.rwth-aachen.de",19,"19",1024,20,1.01,2.61625,4.73,9.40205,14.441,18.5283,53.778
96,"r23m0124.hpc.itc.rwth-aachen.de",116,"r23m0124.hpc.itc.rwth-aachen.de",20,"20",1024,20,0.702,3.01825,6.2655,7.11965,9.76575,14.9881,19.055
96,"r23m0124.hpc.itc.rwth-aachen.de",117,"r23m0124.hpc.itc.rwth-aachen.de",21,"21",1024,20,0.538,4.02725,5.745,7.58785,13.0845,15.4619,17.834
96,"r23m0124.hpc.itc.rwth-aachen.de",118,"r23m0124.hpc.itc.rwth-aachen.de",22,"22",1024,20,0.604,4.5515,7.7315,9.03945,14.259,17.8547,18.286
96,"r23m0124.hpc.itc.rwth-aachen.de",119,"r23m0124.hpc.itc.rwth-aachen.de",23,"23",1024,20,2.111,4.11825,4.8065,8.4126,10.7145,17.4563,39.084
96,"r23m0124.hpc.itc.rwth-aachen.de",120,"r23m0124.hpc.itc.rwth-aachen.de",24,"24",1024,20,0.787,2.95275,6.1605,10.1274,16.4032,19.035,43.449
96,"r23m0124.hpc.itc.rwth-aachen.de",121,"r23m0124.hpc.itc.rwth-aachen.de",25,"25",1024,20,2.359,4.7215,6.4325,8.99595,14.3998,17.9091,18.556
96,"r23m0124.hpc.itc.rwth-aachen.de",122,"r23m0124.hpc.itc.rwth-aachen.de",26,"26",1024,20,2.278,4.204,5.3845,7.55495,12.9125,15.4235,15.908
96,"r23m0124.hpc.itc.rwth-aachen.de",123,"r23m0124.hpc.itc.rwth-aachen.de",27,"27",1024,20,2.214,3.15225,5.6115,7.4464,13.2925,15.5267,15.729
96,"r23m0124.hpc.itc.rwth-aachen.de",124,"r23m0124.hpc.itc.rwth-aachen.de",28,"28",1024,20,1.247,4.271,5.811,8.2402,14.5388,15.6792,16.216
96,"r23m0124.hpc.itc.rwth-aachen.de",125,"r23m0124.hpc.itc.rwth-aachen.de",29,"29",1024,20,0.633,3.45325,4.67,6.7485,5.7875,15.8198,44.335
96,"r23m0124.hpc.itc.rwth-aachen.de",126,"r23m0124.hpc.itc.rwth-aachen.de",30,"30",1024,20,1.386,3.2355,4.5625,6.54505,8.41975,15.0119,16.093
96,"r23m0124.hpc.itc.rwth-aachen.de",127,"r23m0124.hpc.itc.rwth-aachen.de",31,"31",1024,20,1.868,3.2445,4.9335,7.16095,12.4617,13.9458,14.074
96,"r23m0124.hpc.itc.rwth-aachen.de",128,"r23m0124.hpc.itc.rwth-aachen.de",32,"32",1024,20,0.468,1.2245,2.1655,2.80645,3.11975,6.77705,14.492
96,"r23m0124.hpc.itc.rwth-aachen.de",129,"r23m0124.hpc.itc.rwth-aachen.de",33,"33",1024,20,0.472,1.1265,1.677,2.17755,2.75275,3.8579,9.366
96,"r23m0124.hpc.itc.rwth-aachen.de",130,"r23m0124.hpc.itc.rwth-aachen.de",34,"34",1024,20,0.32,1.4535,2.14,2.3902,2.621,5.02865,8.784
96,"r23m0124.hpc.itc.rwth-aachen.de",131,"r23m0124.hpc.itc.rwth-aachen.de",35,"35",1024,20,0.488,0.79875,2.3955,2.9644,3.31,11.3297,11.855
96,"r23m0124.hpc.itc.rwth-aachen.de",132,"r23m0124.hpc.itc.rwth-aachen.de",36,"36",1024,20,0.454,1.575,2.3385,3.24855,3.6155,9.3486,10.557
96,"r23m0124.hpc.itc.rwth-aachen.de",133,"r23m0124.hpc.itc.rwth-aachen.de",37,"37",1024,20,0.398,1.68375,2.1855,2.3963,3.1115,4.2482,5.335
96,"r23m0124.hpc.itc.rwth-aachen.de",134,"r23m0124.hpc.itc.rwth-aachen.de",38,"38",1024,20,0.454,1.684,2.211,3.36545,3.197,10.137,16.198
96,"r23m0124.hpc.itc.rwth-aachen.de",135,"r23m0124.hpc.itc.rwth-aachen.de",39,"39",1024,20,0.807,1.6895,2.1255,2.9006,3.596,6.2354,7.668
96,"r23m0124.hpc.itc.rwth-aachen.de",136,"r23m0124.hpc.itc.rwth-aachen.de",40,"40",1024,20,0.587,1.597,2.082,3.54665,3.30475,12.2564,13.137
96,"r23m0124.hpc.itc.rwth-aachen.de",137,"r23m0124.hpc.itc.rwth-aachen.de",41,"41",1024,20,0.398,0.83575,2.08,2.0068,3.07225,3.5094,3.707
96,"r23m0124.hpc.itc.rwth-aachen.de",138,"r23m0124.hpc.itc.rwth-aachen.de",42,"42",1024,20,0.338,0.86175,1.8155,2.86985,3.1645,6.77565,14.977
96,"r23m0124.hpc.itc.rwth-aachen.de",139,"r23m0124.hpc.itc.rwth-aachen.de",43,"43",1024,20,0.566,1.41425,2.352,3.8098,4.63775,9.71675,13.588
96,"r23m0124.hpc.itc.rwth-aachen.de",140,"r23m0124.hpc.itc.rwth-aachen.de",44,"44",1024,20,0.4,1.707,2.004,3.56265,2.86625,12.4913,14.644
96,"r23m0124.hpc.itc.rwth-aachen.de",141,"r23m0124.hpc.itc.rwth-aachen.de",45,"45",1024,20,1.017,1.8565,2.6305,4.24805,6.428,11.2896,11.587
96,"r23m0124.hpc.itc.rwth-aachen.de",142,"r23m0124.hpc.itc.rwth-aachen.de",46,"46",1024,20,1.518,2.218,3.1365,4.0172,4.74275,9.01895,11.849
96,"r23m0124.hpc.itc.rwth-aachen.de",143,"r23m0124.hpc.itc.rwth-aachen.de",47,"47",1024,20,0.836,2.72575,4.6345,5.36705,7.41825,11.3999,13.24
96,"r23m0124.hpc.itc.rwth-aachen.de",144,"r23m0124.hpc.itc.rwth-aachen.de",48,"48",1024,20,1.524,2.0305,3.4195,4.5026,5.9125,10.8485,12.549
96,"r23m0124.hpc.itc.rwth-aachen.de",145,"r23m0124.hpc.itc.rwth-aachen.de",49,"49",1024,20,0.404,1.69525,2.1225,3.11215,3.46575,6.36695,17.177
96,"r23m0124.hpc.itc.rwth-aachen.de",146,"r23m0124.hpc.itc.rwth-aachen.de",50,"50",1024,20,0.602,1.811,3.0105,4.10265,5.72025,10.5167,11.328
96,"r23m0124.hpc.itc.rwth-aachen.de",147,"r23m0124.hpc.itc.rwth-aachen.de",51,"51",1024,20,0.438,2.24525,3.4085,4.5088,5.72175,10.8384,11.111
96,"r23m0124.hpc.itc.rwth-aachen.de",148,"r23m0124.hpc.itc.rwth-aachen.de",52,"52",1024,20,0.673,1.94825,3.27,4.4312,5.58575,11.0274,11.112
96,"r23m0124.hpc.itc.rwth-aachen.de",149,"r23m0124.hpc.itc.rwth-aachen.de",53,"53",1024,20,0.488,2.0355,3.0395,4.30345,5.103,10.7235,11.265
96,"r23m0124.hpc.itc.rwth-aachen.de",150,"r23m0124.hpc.itc.rwth-aachen.de",54,"54",1024,20,0.278,1.953,2.733,3.47105,6.21375,6.8576,7.439
96,"r23m0124.hpc.itc.rwth-aachen.de",151,"r23m0124.hpc.itc.rwth-aachen.de",55,"55",1024,20,0.6,1.83025,3.178,3.92785,5.4965,7.9308,10.739
96,"r23m0124.hpc.itc.rwth-aachen.de",152,"r23m0124.hpc.itc.rwth-aachen.de",56,"56",1024,20,0.574,1.84175,3.221,4.73915,7.072,10.3388,15.996
96,"r23m0124.hpc.itc.rwth-aachen.de",153,"r23m0124.hpc.itc.rwth-aachen.de",57,"57",1024,20,1.305,1.894,2.6975,4.7662,7.07525,11.8905,13.856
96,"r23m0124.hpc.itc.rwth-aachen.de",154,"r23m0124.hpc.itc.rwth-aachen.de",58,"58",1024,20,0.258,1.9585,4.957,5.4073,8.28425,11.2171,12.397
96,"r23m0124.hpc.itc.rwth-aachen.de",155,"r23m0124.hpc.itc.rwth-aachen.de",59,"59",1024,20,0.391,0.69425,1.8925,2.78455,3.527,7.4027,7.53
96,"r23m0124.hpc.itc.rwth-aachen.de",156,"r23m0124.hpc.itc.rwth-aachen.de",60,"60",1024,20,0.487,1.99175,4.7505,5.41305,8.9595,11.261,11.508
96,"r23m0124.hpc.itc.rwth-aachen.de",157,"r23m0124.hpc.itc.rwth-aachen.de",61,"61",1024,20,0.565,2.06375,3.5585,4.67665,7.59625,9.272,10.849
96,"r23m0124.hpc.itc.rwth-aachen.de",158,"r23m0124.hpc.itc.rwth-aachen.de",62,"62",1024,20,0.444,2.0695,2.852,3.36245,4.3115,7.37285,8.51
96,"r23m0124.hpc.itc.rwth-aachen.de",159,"r23m0124.hpc.itc.rwth-aachen.de",63,"63",1024,20,0.351,1.7545,2.543,3.1545,4.42525,7.68425,8.677
96,"r23m0124.hpc.itc.rwth-aachen.de",160,"r23m0124.hpc.itc.rwth-aachen.de",64,"64",1024,20,0.494,1.8,4.449,6.89715,6.6855,20.0897,37.924
96,"r23m0124.hpc.itc.rwth-aachen.de",161,"r23m0124.hpc.itc.rwth-aachen.de",65,"65",1024,20,0.475,0.571,1.9895,4.00545,3.461,15.5961,19.759
96,"r23m0124.hpc.itc.rwth-aachen.de",162,"r23m0124.hpc.itc.rwth-aachen.de",66,"66",1024,20,0.547,2.92875,4.253,7.98735,7.7455,19.2337,47.728
96,"r23m0124.hpc.itc.rwth-aachen.de",163,"r23m0124.hpc.itc.rwth-aachen.de",67,"67",1024,20,0.757,3.55675,4.925,6.5523,7.223,19.2232,19.359
96,"r23m0124.hpc.itc.rwth-aachen.de",164,"r23m0124.hpc.itc.rwth-aachen.de",68,"68",1024,20,1.576,3.29825,4.724,6.3799,7.08525,16.5355,17.836
96,"r23m0124.hpc.itc.rwth-aachen.de",165,"r23m0124.hpc.itc.rwth-aachen.de",69,"69",1024,20,0.999,3.153,4.295,5.605,6.28475,17.5984,19.088
96,"r23m0124.hpc.itc.rwth-aachen.de",166,"r23m0124.hpc.itc.rwth-aachen.de",70,"70",1024,20,0.59,1.924,2.9255,4.6693,7.439,9.23135,14.216
96,"r23m0124.hpc.itc.rwth-aachen.de",167,"r23m0124.hpc.itc.rwth-aachen.de",71,"71",1024,20,1.671,2.2635,3.9585,5.6243,5.3735,17.7264,18.723
96,"r23m0124.hpc.itc.rwth-aachen.de",168,"r23m0124.hpc.itc.rwth-aachen.de",72,"72",1024,20,0.586,2.4615,4.5065,7.1074,6.11825,19.3338,47.354
96,"r23m0124.hpc.itc.rwth-aachen.de",169,"r23m0124.hpc.itc.rwth-aachen.de",73,"73",1024,20,2.112,3.21775,5.3375,4.79175,5.8745,7.031,7.278
96,"r23m0124.hpc.itc.rwth-aachen.de",170,"r23m0124.hpc.itc.rwth-aachen.de",74,"74",1024,20,0.606,1.96775,4.251,6.86985,10.112,19.8769,19.95
96,"r23m0124.hpc.itc.rwth-aachen.de",171,"r23m0124.hpc.itc.rwth-aachen.de",75,"75",1024,20,0.527,2.91175,4.129,5.69065,6.7265,13.9457,22.907
96,"r23m0124.hpc.itc.rwth-aachen.de",172,"r23m0124.hpc.itc.rwth-aachen.de",76,"76",1024,20,1.418,3.361,4.1545,5.437,5.81125,14.9875,17.372
96,"r23m0124.hpc.itc.rwth-aachen.de",173,"r23m0124.hpc.itc.rwth-aachen.de",77,"77",1024,20,1.269,4.19725,5.7365,7.0811,7.493,18.7836,19.915
96,"r23m0124.hpc.itc.rwth-aachen.de",174,"r23m0124.hpc.itc.rwth-aachen.de",78,"78",1024,20,1.55,3.8555,4.941,6.11805,6.217,14.4378,16.884
96,"r23m0124.hpc.itc.rwth-aachen.de",175,"r23m0124.hpc.itc.rwth-aachen.de",79,"79",1024,20,1.116,2.52275,4.253,6.25045,6.63,16.8926,19.316
96,"r23m0124.hpc.itc.rwth-aachen.de",176,"r23m0124.hpc.itc.rwth-aachen.de",80,"80",1024,20,2.369,3.4675,4.9775,5.97995,6.80875,14.7818,15.917
96,"r23m0124.hpc.itc.rwth-aachen.de",177,"r23m0124.hpc.itc.rwth-aachen.de",81,"81",1024,20,0.642,2.96175,4.3385,5.0935,7.06425,10.1536,14.307
96,"r23m0124.hpc.itc.rwth-aachen.de",178,"r23m0124.hpc.itc.rwth-aachen.de",82,"82",1024,20,0.838,3.23325,4.5025,6.4588,6.831,18.2081,18.684
96,"r23m0124.hpc.itc.rwth-aachen.de",179,"r23m0124.hpc.itc.rwth-aachen.de",83,"83",1024,20,1.987,3.45325,6.1475,8.62605,7.589,18.8388,48.379
96,"r23m0124.hpc.itc.rwth-aachen.de",180,"r23m0124.hpc.itc.rwth-aachen.de",84,"84",1024,20,1.953,3.20425,4.026,4.90675,5.51625,7.7653,17.784
96,"r23m0124.hpc.itc.rwth-aachen.de",181,"r23m0124.hpc.itc.rwth-aachen.de",85,"85",1024,20,1.389,3.127,4.742,5.54565,6.9745,13.3502,13.981
96,"r23m0124.hpc.itc.rwth-aachen.de",182,"r23m0124.hpc.itc.rwth-aachen.de",86,"86",1024,20,1.147,3.4465,4.742,5.4806,7.3685,8.9221,15.137
96,"r23m0124.hpc.itc.rwth-aachen.de",183,"r23m0124.hpc.itc.rwth-aachen.de",87,"87",1024,20,0.496,3.502,5.9995,7.11315,7.27875,18.2331,18.443
96,"r23m0124.hpc.itc.rwth-aachen.de",184,"r23m0124.hpc.itc.rwth-aachen.de",88,"88",1024,20,2.213,3.529,5.145,6.03345,6.18275,13.1963,23.044
96,"r23m0124.hpc.itc.rwth-aachen.de",185,"r23m0124.hpc.itc.rwth-aachen.de",89,"89",1024,20,0.979,3.23725,5.0595,5.11165,6.06275,8.3822,17.43
96,"r23m0124.hpc.itc.rwth-aachen.de",186,"r23m0124.hpc.itc.rwth-aachen.de",90,"90",1024,20,0.816,3.26325,5.048,7.1807,9.001,17.1462,18.593
96,"r23m0124.hpc.itc.rwth-aachen.de",187,"r23m0124.hpc.itc.rwth-aachen.de",91,"91",1024,20,2.044,4.9645,5.6435,6.47935,6.954,9.0121,21.706
96,"r23m0124.hpc.itc.rwth-aachen.de",188,"r23m0124.hpc.itc.rwth-aachen.de",92,"92",1024,20,0.896,2.879,4.1835,5.49765,7.0105,14.4707,16.783
96,"r23m0124.hpc.itc.rwth-aachen.de",189,"r23m0124.hpc.itc.rwth-aachen.de",93,"93",1024,20,1.222,3.13775,4.942,7.8451,13.9385,18.6494,19.492
96,"r23m0124.hpc.itc.rwth-aachen.de",190,"r23m0124.hpc.itc.rwth-aachen.de",94,"94",1024,20,1.494,2.937,3.9495,5.1439,5.6535,12.8378,14.962
96,"r23m0124.hpc.itc.rwth-aachen.de",191,"r23m0124.hpc.itc.rwth-aachen.de",95,"95",1024,20,1.476,2.91025,3.702,4.7892,5.06025,12.5697,15.774
96,"r23m0124.hpc.itc.rwth-aachen.de",0,"n23m0123.hpc.itc.rwth-aachen.de",0,"0",4096,20,0.356,0.38325,0.391,0.3959,0.39525,0.4148,0.525
96,"r23m0124.hpc.itc.rwth-aachen.de",1,"n23m0123.hpc.itc.rwth-aachen.de",1,"1",4096,20,0.446,0.47425,0.4905,0.4922,0.50875,0.53235,0.539
96,"r23m0124.hpc.itc.rwth-aachen.de",2,"n23m0123.hpc.itc.rwth-aachen.de",2,"2",4096,20,0.577,0.5995,0.773,0.73285,0.80025,0.90245,0.949
96,"r23m0124.hpc.itc.rwth-aachen.de",3,"n23m0123.hpc.itc.rwth-aachen.de",3,"3",4096,20,0.414,0.55875,1.2655,1.0432,1.34125,1.4335,1.481
96,"r23m0124.hpc.itc.rwth-aachen.de",4,"n23m0123.hpc.itc.rwth-aachen.de",4,"4",4096,20,0.43,0.5535,0.731,0.6677,0.75975,0.8055,0.815
96,"r23m0124.hpc.itc.rwth-aachen.de",5,"n23m0123.hpc.itc.rwth-aachen.de",5,"5",4096,20,0.444,0.534,0.564,0.8036,1.29725,1.33485,1.351
96,"r23m0124.hpc.itc.rwth-aachen.de",6,"n23m0123.hpc.itc.rwth-aachen.de",6,"6",4096,20,0.347,0.3685,0.528,0.89915,1.5,1.55005,1.551
96,"r23m0124.hpc.itc.rwth-aachen.de",7,"n23m0123.hpc.itc.rwth-aachen.de",7,"7",4096,20,0.31,0.38775,0.5645,0.8942,1.43625,1.5478,1.734
96,"r23m0124.hpc.itc.rwth-aachen.de",8,"n23m0123.hpc.itc.rwth-aachen.de",8,"8",4096,20,0.386,1.27725,1.362,1.2391,1.44375,1.5062,1.51
96,"r23m0124.hpc.itc.rwth-aachen.de",9,"n23m0123.hpc.itc.rwth-aachen.de",9,"9",4096,20,0.44,0.465,0.49,0.50815,0.5125,0.656,0.713
96,"r23m0124.hpc.itc.rwth-aachen.de",10,"n23m0123.hpc.itc.rwth-aachen.de",10,"10",4096,20,0.417,0.55375,1.5095,1.22595,1.57825,1.84755,1.877
96,"r23m0124.hpc.itc.rwth-aachen.de",11,"n23m0123.hpc.itc.rwth-aachen.de",11,"11",4096,20,0.336,0.394,1.339,1.0247,1.49425,1.5232,1.774
96,"r23m0124.hpc.itc.rwth-aachen.de",12,"n23m0123.hpc.itc.rwth-aachen.de",12,"12",4096,20,0.412,0.6205,0.777,0.73875,0.90675,0.92495,0.962
96,"r23m0124.hpc.itc.rwth-aachen.de",13,"n23m0123.hpc.itc.rwth-aachen.de",13,"13",4096,20,0.354,0.41975,0.5195,0.49085,0.52875,0.55985,0.766
96,"r23m0124.hpc.itc.rwth-aachen.de",14,"n23m0123.hpc.itc.rwth-aachen.de",14,"14",4096,20,0.413,0.46425,0.5215,0.55285,0.622,0.73195,0.75
96,"r23m0124.hpc.itc.rwth-aachen.de",15,"n23m0123.hpc.itc.rwth-aachen.de",15,"15",4096,20,0.366,0.39025,1.3205,0.9603,1.33625,1.37755,1.426
96,"r23m0124.hpc.itc.rwth-aachen.de",16,"n23m0123.hpc.itc.rwth-aachen.de",16,"16",4096,20,0.336,0.46675,0.905,0.95945,1.477,1.5034,1.511
96,"r23m0124.hpc.itc.rwth-aachen.de",17,"n23m0123.hpc.itc.rwth-aachen.de",17,"17",4096,20,0.359,0.5455,1.395,1.03735,1.446,1.49025,1.514
96,"r23m0124.hpc.itc.rwth-aachen.de",18,"n23m0123.hpc.itc.rwth-aachen.de",18,"18",4096,20,0.546,0.6335,0.864,0.7873,0.89,0.9256,0.937
96,"r23m0124.hpc.itc.rwth-aachen.de",19,"n23m0123.hpc.itc.rwth-aachen.de",19,"19",4096,20,0.371,0.483,0.528,0.53385,0.6115,0.6571,0.678
96,"r23m0124.hpc.itc.rwth-aachen.de",20,"n23m0123.hpc.itc.rwth-aachen.de",20,"20",4096,20,0.356,0.413,1.0295,0.94595,1.37325,1.5228,1.538
96,"r23m0124.hpc.itc.rwth-aachen.de",21,"n23m0123.hpc.itc.rwth-aachen.de",21,"21",4096,20,0.425,0.64425,0.939,1.02185,1.46575,1.5093,1.515
96,"r23m0124.hpc.itc.rwth-aachen.de",22,"n23m0123.hpc.itc.rwth-aachen.de",22,"22",4096,20,0.356,0.4585,0.513,0.5162,0.5795,0.6252,0.667
96,"r23m0124.hpc.itc.rwth-aachen.de",23,"n23m0123.hpc.itc.rwth-aachen.de",23,"23",4096,20,0.374,0.43175,0.621,0.84535,1.35175,1.471,1.509
96,"r23m0124.hpc.itc.rwth-aachen.de",24,"n23m0123.hpc.itc.rwth-aachen.de",24,"24",4096,20,0.406,0.57225,0.6665,0.6368,0.7085,0.8075,0.874
96,"r23m0124.hpc.itc.rwth-aachen.de",25,"n23m0123.hpc.itc.rwth-aachen.de",25,"25",4096,20,0.329,0.59,0.5995,0.7883,1.01825,1.4253,1.488
96,"r23m0124.hpc.itc.rwth-aachen.de",26,"n23m0123.hpc.itc.rwth-aachen.de",26,"26",4096,20,0.375,0.38525,0.632,0.5896,0.758,0.8401,0.842
96,"r23m0124.hpc.itc.rwth-aachen.de",27,"n23m0123.hpc.itc.rwth-aachen.de",27,"27",4096,20,0.374,0.3905,0.4985,0.4815,0.53725,0.59325,0.75
96,"r23m0124.hpc.itc.rwth-aachen.de",28,"n23m0123.hpc.itc.rwth-aachen.de",28,"28",4096,20,0.369,0.47525,0.513,0.5252,0.546,0.648,0.857
96,"r23m0124.hpc.itc.rwth-aachen.de",29,"n23m0123.hpc.itc.rwth-aachen.de",29,"29",4096,20,0.36,0.3945,0.408,0.4274,0.456,0.54125,0.584
96,"r23m0124.hpc.itc.rwth-aachen.de",30,"n23m0123.hpc.itc.rwth-aachen.de",30,"30",4096,20,0.341,0.38925,0.4895,0.5874,0.604,1.41675,1.488
96,"r23m0124.hpc.itc.rwth-aachen.de",31,"n23m0123.hpc.itc.rwth-aachen.de",31,"31",4096,20,0.377,0.5865,0.6075,0.64825,0.70425,0.87535,1.262
96,"r23m0124.hpc.itc.rwth-aachen.de",32,"n23m0123.hpc.itc.rwth-aachen.de",32,"32",4096,20,0.327,0.55525,0.8355,0.7568,0.8945,0.96605,0.967
96,"r23m0124.hpc.itc.rwth-aachen.de",33,"n23m0123.hpc.itc.rwth-aachen.de",33,"33",4096,20,0.859,1.40875,1.426,1.3984,1.457,1.504,1.504
96,"r23m0124.hpc.itc.rwth-aachen.de",34,"n23m0123.hpc.itc.rwth-aachen.de",34,"34",4096,20,0.316,0.94475,1.338,1.16795,1.46225,1.5665,1.804
96,"r23m0124.hpc.itc.rwth-aachen.de",35,"n23m0123.hpc.itc.rwth-aachen.de",35,"35",4096,20,0.571,1.27275,1.376,1.30055,1.417,1.5194,1.698
96,"r23m0124.hpc.itc.rwth-aachen.de",36,"n23m0123.hpc.itc.rwth-aachen.de",36,"36",4096,20,0.32,0.643,1.5205,1.23975,1.54225,1.6727,1.895
96,"r23m0124.hpc.itc.rwth-aachen.de",37,"n23m0123.hpc.itc.rwth-aachen.de",37,"37",4096,20,0.309,0.51775,0.5835,0.56545,0.64975,0.71015,0.713
96,"r23m0124.hpc.itc.rwth-aachen.de",38,"n23m0123.hpc.itc.rwth-aachen.de",38,"38",4096,20,0.345,0.58625,0.93,0.95835,1.40525,1.4317,1.464
96,"r23m0124.hpc.itc.rwth-aachen.de",39,"n23m0123.hpc.itc.rwth-aachen.de",39,"39",4096,20,0.306,0.33225,0.5145,0.7609,1.44875,1.52225,1.698
96,"r23m0124.hpc.itc.rwth-aachen.de",40,"n23m0123.hpc.itc.rwth-aachen.de",40,"40",4096,20,0.337,0.38825,1.4455,1.0035,1.48425,1.5174,1.544
96,"r23m0124.hpc.itc.rwth-aachen.de",41,"n23m0123.hpc.itc.rwth-aachen.de",41,"41",4096,20,0.378,0.528,1.0065,0.9971,1.462,1.5163,1.598
96,"r23m0124.hpc.itc.rwth-aachen.de",42,"n23m0123.hpc.itc.rwth-aachen.de",42,"42",4096,20,0.308,0.34375,0.5175,0.4764,0.5815,0.6242,0.628
96,"r23m0124.hpc.itc.rwth-aachen.de",43,"n23m0123.hpc.itc.rwth-aachen.de",43,"43",4096,20,0.308,0.321,0.485,0.8779,1.47,1.6985,1.708
96,"r23m0124.hpc.itc.rwth-aachen.de",44,"n23m0123.hpc.itc.rwth-aachen.de",44,"44",4096,20,0.311,0.3345,0.3615,0.4034,0.48175,0.5125,0.522
96,"r23m0124.hpc.itc.rwth-aachen.de",45,"n23m0123.hpc.itc.rwth-aachen.de",45,"45",4096,20,0.441,0.5315,0.5375,0.54165,0.54175,0.57255,0.735
96,"r23m0124.hpc.itc.rwth-aachen.de",46,"n23m0123.hpc.itc.rwth-aachen.de",46,"46",4096,20,0.348,0.5625,0.574,0.5852,0.6225,0.68305,0.893
96,"r23m0124.hpc.itc.rwth-aachen.de",47,"n23m0123.hpc.itc.rwth-aachen.de",47,"47",4096,20,0.309,0.337,0.411,0.4614,0.57825,0.62685,0.681
96,"r23m0124.hpc.itc.rwth-aachen.de",48,"n23m0123.hpc.itc.rwth-aachen.de",48,"48",4096,20,0.498,0.56225,0.6685,0.65745,0.72225,0.77785,0.813
96,"r23m0124.hpc.itc.rwth-aachen.de",49,"n23m0123.hpc.itc.rwth-aachen.de",49,"49",4096,20,0.383,0.47425,0.605,0.58355,0.65,0.76705,0.768
96,"r23m0124.hpc.itc.rwth-aachen.de",50,"n23m0123.hpc.itc.rwth-aachen.de",50,"50",4096,20,0.48,0.65425,0.69,0.69765,0.72125,0.8009,1.122
96,"r23m0124.hpc.itc.rwth-aachen.de",51,"n23m0123.hpc.itc.rwth-aachen.de",51,"51",4096,20,0.471,0.50925,0.591,0.5842,0.63525,0.6873,0.712
96,"r23m0124.hpc.itc.rwth-aachen.de",52,"n23m0123.hpc.itc.rwth-aachen.de",52,"52",4096,20,0.434,0.5095,0.5995,0.5785,0.62725,0.70975,0.743
96,"r23m0124.hpc.itc.rwth-aachen.de",53,"n23m0123.hpc.itc.rwth-aachen.de",53,"53",4096,20,0.474,0.5375,0.6295,0.6191,0.67025,0.76205,0.82
96,"r23m0124.hpc.itc.rwth-aachen.de",54,"n23m0123.hpc.itc.rwth-aachen.de",54,"54",4096,20,0.485,0.59825,0.6525,0.6402,0.698,0.75615,0.797
96,"r23m0124.hpc.itc.rwth-aachen.de",55,"n23m0123.hpc.itc.rwth-aachen.de",55,"55",4096,20,0.421,0.469,0.544,0.55985,0.6395,0.7212,0.744
96,"r23m0124.hpc.itc.rwth-aachen.de",56,"n23m0123.hpc.itc.rwth-aachen.de",56,"56",4096,20,0.503,0.5415,0.6235,0.6115,0.67575,0.72445,0.733
96,"r23m0124.hpc.itc.rwth-aachen.de",57,"n23m0123.hpc.itc.rwth-aachen.de",57,"57",4096,20,0.475,0.58125,0.667,0.6625,0.74225,0.82075,0.835
96,"r23m0124.hpc.itc.rwth-aachen.de",58,"n23m0123.hpc.itc.rwth-aachen.de",58,"58",4096,20,0.429,0.5475,0.6005,0.60585,0.66175,0.71005,0.958
96,"r23m0124.hpc.itc.rwth-aachen.de",59,"n23m0123.hpc.itc.rwth-aachen.de",59,"59",4096,20,0.516,0.57,0.6525,0.6435,0.6955,0.7601,0.762
96,"r23m0124.hpc.itc.rwth-aachen.de",60,"n23m0123.hpc.itc.rwth-aachen.de",60,"60",4096,20,0.487,0.547,0.621,0.62305,0.6995,0.7292,0.733
96,"r23m0124.hpc.itc.rwth-aachen.de",61,"n23m0123.hpc.itc.rwth-aachen.de",61,"61",4096,20,0.414,0.52025,0.562,0.56815,0.6085,0.69915,0.74
96,"r23m0124.hpc.itc.rwth-aachen.de",62,"n23m0123.hpc.itc.rwth-aachen.de",62,"62",4096,20,0.485,0.51225,0.5755,0.5864,0.66825,0.7113,0.717
96,"r23m0124.hpc.itc.rwth-aachen.de",63,"n23m0123.hpc.itc.rwth-aachen.de",63,"63",4096,20,0.487,0.5615,0.645,0.6392,0.666,0.77335,1.065
96,"r23m0124.hpc.itc.rwth-aachen.de",64,"n23m0123.hpc.itc.rwth-aachen.de",64,"64",4096,20,0.411,0.4405,0.471,0.49495,0.5265,0.6011,0.679
96,"r23m0124.hpc.itc.rwth-aachen.de",65,"n23m0123.hpc.itc.rwth-aachen.de",65,"65",4096,20,0.477,0.49375,0.5,0.55705,0.635,0.70615,0.728
96,"r23m0124.hpc.itc.rwth-aachen.de",66,"n23m0123.hpc.itc.rwth-aachen.de",66,"66",4096,20,0.409,0.443,0.489,0.50715,0.564,0.62795,0.684
96,"r23m0124.hpc.itc.rwth-aachen.de",67,"n23m0123.hpc.itc.rwth-aachen.de",67,"67",4096,20,0.409,0.43575,0.482,0.5125,0.59325,0.671,0.728
96,"r23m0124.hpc.itc.rwth-aachen.de",68,"n23m0123.hpc.itc.rwth-aachen.de",68,"68",4096,20,0.47,0.49,0.505,0.5561,0.63325,0.70225,0.707
96,"r23m0124.hpc.itc.rwth-aachen.de",69,"n23m0123.hpc.itc.rwth-aachen.de",69,"69",4096,20,0.494,0.4975,0.527,0.5608,0.61925,0.68435,0.748
96,"r23m0124.hpc.itc.rwth-aachen.de",70,"n23m0123.hpc.itc.rwth-aachen.de",70,"70",4096,20,0.419,0.4375,0.4465,0.5006,0.56875,0.6529,0.689
96,"r23m0124.hpc.itc.rwth-aachen.de",71,"n23m0123.hpc.itc.rwth-aachen.de",71,"71",4096,20,0.456,0.5125,0.547,0.57325,0.645,0.7035,0.732
96,"r23m0124.hpc.itc.rwth-aachen.de",72,"n23m0123.hpc.itc.rwth-aachen.de",72,"72",4096,20,0.418,0.44225,0.4675,0.5122,0.57475,0.729,0.786
96,"r23m0124.hpc.itc.rwth-aachen.de",73,"n23m0123.hpc.itc.rwth-aachen.de",73,"73",4096,20,0.403,0.427,0.446,0.4896,0.53175,0.65085,0.743
96,"r23m0124.hpc.itc.rwth-aachen.de",74,"n23m0123.hpc.itc.rwth-aachen.de",74,"74",4096,20,0.439,0.45875,0.494,0.5164,0.563,0.6678,0.702
96,"r23m0124.hpc.itc.rwth-aachen.de",75,"n23m0123.hpc.itc.rwth-aachen.de",75,"75",4096,20,0.426,0.45325,0.4785,0.527,0.615,0.69035,0.735
96,"r23m0124.hpc.itc.rwth-aachen.de",76,"n23m0123.hpc.itc.rwth-aachen.de",76,"76",4096,20,0.42,0.44075,0.4805,0.49565,0.53875,0.6074,0.653
96,"r23m0124.hpc.itc.rwth-aachen.de",77,"n23m0123.hpc.itc.rwth-aachen.de",77,"77",4096,20,0.408,0.4295,0.463,0.48335,0.5175,0.59685,0.632
96,"r23m0124.hpc.itc.rwth-aachen.de",78,"n23m0123.hpc.itc.rwth-aachen.de",78,"78",4096,20,0.436,0.4665,0.4825,0.5124,0.51625,0.6938,0.728
96,"r23m0124.hpc.itc.rwth-aachen.de",79,"n23m0123.hpc.itc.rwth-aachen.de",79,"79",4096,20,0.418,0.43875,0.4585,0.4928,0.478,0.66895,0.725
96,"r23m0124.hpc.itc.rwth-aachen.de",80,"n23m0123.hpc.itc.rwth-aachen.de",80,"80",4096,20,0.44,0.4585,0.5,0.52225,0.555,0.67725,0.777
96,"r23m0124.hpc.itc.rwth-aachen.de",81,"n23m0123.hpc.itc.rwth-aachen.de",81,"81",4096,20,0.423,0.452,0.483,0.5112,0.56975,0.6419,0.716
96,"r23m0124.hpc.itc.rwth-aachen.de",82,"n23m0123.hpc.itc.rwth-aachen.de",82,"82",4096,20,0.441,0.4625,0.4915,0.51305,0.5705,0.6018,0.693
96,"r23m0124.hpc.itc.rwth-aachen.de",83,"n23m0123.hpc.itc.rwth-aachen.de",83,"83",4096,20,0.44,0.484,0.5245,0.5444,0.586,0.71035,0.736
96,"r23m0124.hpc.itc.rwth-aachen.de",84,"n23m0123.hpc.itc.rwth-aachen.de",84,"84",4096,20,0.42,0.43975,0.469,0.5083,0.5785,0.6744,0.701
96,"r23m0124.hpc.itc.rwth-aachen.de",85,"n23m0123.hpc.itc.rwth-aachen.de",85,"85",4096,20,0.442,0.46475,0.475,0.5101,0.55575,0.60055,0.649
96,"r23m0124.hpc.itc.rwth-aachen.de",86,"n23m0123.hpc.itc.rwth-aachen.de",86,"86",4096,20,0.433,0.45575,0.482,0.5284,0.6065,0.6625,0.672
96,"r23m0124.hpc.itc.rwth-aachen.de",87,"n23m0123.hpc.itc.rwth-aachen.de",87,"87",4096,20,0.401,0.4525,0.4855,0.5218,0.5965,0.66665,0.679
96,"r23m0124.hpc.itc.rwth-aachen.de",88,"n23m0123.hpc.itc.rwth-aachen.de",88,"88",4096,20,0.381,0.4265,0.452,0.4923,0.533,0.68225,0.744
96,"r23m0124.hpc.itc.rwth-aachen.de",89,"n23m0123.hpc.itc.rwth-aachen.de",89,"89",4096,20,0.397,0.43975,0.471,0.50605,0.58725,0.6568,0.672
96,"r23m0124.hpc.itc.rwth-aachen.de",90,"n23m0123.hpc.itc.rwth-aachen.de",90,"90",4096,20,0.419,0.43675,0.45,0.4702,0.4625,0.57535,0.677
96,"r23m0124.hpc.itc.rwth-aachen.de",91,"n23m0123.hpc.itc.rwth-aachen.de",91,"91",4096,20,0.409,0.45025,0.479,0.5061,0.53975,0.6442,0.686
96,"r23m0124.hpc.itc.rwth-aachen.de",92,"n23m0123.hpc.itc.rwth-aachen.de",92,"92",4096,20,0.42,0.43875,0.4785,0.5084,0.5775,0.6381,0.678
96,"r23m0124.hpc.itc.rwth-aachen.de",93,"n23m0123.hpc.itc.rwth-aachen.de",93,"93",4096,20,0.405,0.45825,0.5775,0.59575,0.702,0.83545,0.92
96,"r23m0124.hpc.itc.rwth-aachen.de",94,"n23m0123.hpc.itc.rwth-aachen.de",94,"94",4096,20,0.413,0.4485,0.464,0.49865,0.5485,0.60085,0.674
96,"r23m0124.hpc.itc.rwth-aachen.de",95,"n23m0123.hpc.itc.rwth-aachen.de",95,"95",4096,20,0.414,0.43875,0.467,0.50925,0.55025,0.6896,0.739
96,"r23m0124.hpc.itc.rwth-aachen.de",97,"r23m0124.hpc.itc.rwth-aachen.de",1,"1",4096,20,0.836,3.77625,5.9155,12.4119,10.3628,35.4695,66.999
96,"r23m0124.hpc.itc.rwth-aachen.de",98,"r23m0124.hpc.itc.rwth-aachen.de",2,"2",4096,20,1.165,3.277,6.9335,15.304,24.77,35.5849,72.708
96,"r23m0124.hpc.itc.rwth-aachen.de",99,"r23m0124.hpc.itc.rwth-aachen.de",3,"3",4096,20,1.317,3.909,6.174,14.4809,7.96,68.4925,71.523
96,"r23m0124.hpc.itc.rwth-aachen.de",100,"r23m0124.hpc.itc.rwth-aachen.de",4,"4",4096,20,3.287,5.9165,8.239,16.7997,27.1905,39.2229,61.089
96,"r23m0124.hpc.itc.rwth-aachen.de",101,"r23m0124.hpc.itc.rwth-aachen.de",5,"5",4096,20,1.261,5.74525,8.266,19.2898,30.979,64.5476,69.176
96,"r23m0124.hpc.itc.rwth-aachen.de",102,"r23m0124.hpc.itc.rwth-aachen.de",6,"6",4096,20,2.659,4.2805,8.3735,26.5017,52.4163,68.7809,71.78
96,"r23m0124.hpc.itc.rwth-aachen.de",103,"r23m0124.hpc.itc.rwth-aachen.de",7,"7",4096,20,1.192,5.6205,8.129,16.0231,25.7192,42.7217,70.038
96,"r23m0124.hpc.itc.rwth-aachen.de",104,"r23m0124.hpc.itc.rwth-aachen.de",8,"8",4096,20,3.745,7.2535,24.257,23.5294,31.3125,70.5008,73.215
96,"r23m0124.hpc.itc.rwth-aachen.de",105,"r23m0124.hpc.itc.rwth-aachen.de",9,"9",4096,20,0.749,3.67525,6.649,19.8932,33.3895,64.4605,74.881
96,"r23m0124.hpc.itc.rwth-aachen.de",106,"r23m0124.hpc.itc.rwth-aachen.de",10,"10",4096,20,1.135,4.55375,6.265,15.4163,11.5723,65.6878,71.308
96,"r23m0124.hpc.itc.rwth-aachen.de",107,"r23m0124.hpc.itc.rwth-aachen.de",11,"11",4096,20,1.607,4.31325,6.2685,13.7909,12.1305,39.7303,74.525
96,"r23m0124.hpc.itc.rwth-aachen.de",108,"r23m0124.hpc.itc.rwth-aachen.de",12,"12",4096,20,2.109,4.709,6.775,14.0798,28.964,32.7223,33.394
96,"r23m0124.hpc.itc.rwth-aachen.de",109,"r23m0124.hpc.itc.rwth-aachen.de",13,"13",4096,20,0.643,5.4175,7.0925,15.6328,28.0965,38.356,57.318
96,"r23m0124.hpc.itc.rwth-aachen.de",110,"r23m0124.hpc.itc.rwth-aachen.de",14,"14",4096,20,0.546,3.33725,6.299,14.7359,26.3143,34.5091,69.66
96,"r23m0124.hpc.itc.rwth-aachen.de",111,"r23m0124.hpc.itc.rwth-aachen.de",15,"15",4096,20,2.984,5.3875,8.0475,17.5241,28.232,37.8273,58.182
96,"r23m0124.hpc.itc.rwth-aachen.de",112,"r23m0124.hpc.itc.rwth-aachen.de",16,"16",4096,20,1.974,5.73275,11.727,17.0422,29.417,36.0663,38.218
96,"r23m0124.hpc.itc.rwth-aachen.de",113,"r23m0124.hpc.itc.rwth-aachen.de",17,"17",4096,20,0.663,4.7155,9.9505,16.1878,28.2922,37.3054,40.163
96,"r23m0124.hpc.itc.rwth-aachen.de",114,"r23m0124.hpc.itc.rwth-aachen.de",18,"18",4096,20,1.047,5.34525,8.5685,14.7967,26.5027,33.0765,35.005
96,"r23m0124.hpc.itc.rwth-aachen.de",115,"r23m0124.hpc.itc.rwth-aachen.de",19,"19",4096,20,1.223,5.295,8.1205,19.4546,26.9337,71.5658,74.355
96,"r23m0124.hpc.itc.rwth-aachen.de",116,"r23m0124.hpc.itc.rwth-aachen.de",20,"20",4096,20,2.589,5.6525,16.384,19.3044,28.1677,39.7709,70.264
96,"r23m0124.hpc.itc.rwth-aachen.de",117,"r23m0124.hpc.itc.rwth-aachen.de",21,"21",4096,20,0.778,4.50525,7.9075,17.3081,26.4868,59.3275,69.654
96,"r23m0124.hpc.itc.rwth-aachen.de",118,"r23m0124.hpc.itc.rwth-aachen.de",22,"22",4096,20,0.58,4.87525,8.052,15.3887,25.9582,33.0839,68.25
96,"r23m0124.hpc.itc.rwth-aachen.de",119,"r23m0124.hpc.itc.rwth-aachen.de",23,"23",4096,20,3.675,5.0635,13.095,18.7049,28.1702,34.8312,68.37
96,"r23m0124.hpc.itc.rwth-aachen.de",120,"r23m0124.hpc.itc.rwth-aachen.de",24,"24",4096,20,2.175,5.98575,7.8765,16.595,25.7293,40.4671,73.567
96,"r23m0124.hpc.itc.rwth-aachen.de",121,"r23m0124.hpc.itc.rwth-aachen.de",25,"25",4096,20,1.515,4.3275,17.559,20.7668,30.8365,63.7114,72.591
96,"r23m0124.hpc.itc.rwth-aachen.de",122,"r23m0124.hpc.itc.rwth-aachen.de",26,"26",4096,20,2.076,5.4715,8.039,24.107,33.0328,68.1455,70.682
96,"r23m0124.hpc.itc.rwth-aachen.de",123,"r23m0124.hpc.itc.rwth-aachen.de",27,"27",4096,20,2.332,4.01225,16.2105,22.5,30.9378,68.2612,68.663
96,"r23m0124.hpc.itc.rwth-aachen.de",124,"r23m0124.hpc.itc.rwth-aachen.de",28,"28",4096,20,1.123,4.7555,8.231,20.077,30.4985,68.8709,69.59
96,"r23m0124.hpc.itc.rwth-aachen.de",125,"r23m0124.hpc.itc.rwth-aachen.de",29,"29",4096,20,3.435,5.39525,13.8945,17.1702,29.8873,35.526,37.121
96,"r23m0124.hpc.itc.rwth-aachen.de",126,"r23m0124.hpc.itc.rwth-aachen.de",30,"30",4096,20,2.969,3.80575,6.3465,15.3751,27.3585,36.8371,61.045
96,"r23m0124.hpc.itc.rwth-aachen.de",127,"r23m0124.hpc.itc.rwth-aachen.de",31,"31",4096,20,2.425,5.51025,16.3335,26.8349,38.8925,70.8672,71.137
96,"r23m0124.hpc.itc.rwth-aachen.de",128,"r23m0124.hpc.itc.rwth-aachen.de",32,"32",4096,20,0.665,10.81,17.8305,24.6104,37.638,54.5477,55.473
96,"r23m0124.hpc.itc.rwth-aachen.de",129,"r23m0124.hpc.itc.rwth-aachen.de",33,"33",4096,20,2.309,11.0457,16.283,19.1397,19.3347,50.0521,51.935
96,"r23m0124.hpc.itc.rwth-aachen.de",130,"r23m0124.hpc.itc.rwth-aachen.de",34,"34",4096,20,0.606,8.08875,13.252,14.819,16.4083,30.4173,58.029
96,"r23m0124.hpc.itc.rwth-aachen.de",131,"r23m0124.hpc.itc.rwth-aachen.de",35,"35",4096,20,3.535,6.923,12.6845,21.7885,37.1352,54.9296,57.126
96,"r23m0124.hpc.itc.rwth-aachen.de",132,"r23m0124.hpc.itc.rwth-aachen.de",36,"36",4096,20,4.081,8.65525,11.7185,17.8165,19.0328,54.8252,54.962
96,"r23m0124.hpc.itc.rwth-aachen.de",133,"r23m0124.hpc.itc.rwth-aachen.de",37,"37",4096,20,3.933,11.153,20.24,24.9714,42.3642,52.9048,53.87
96,"r23m0124.hpc.itc.rwth-aachen.de",134,"r23m0124.hpc.itc.rwth-aachen.de",38,"38",4096,20,1.007,9.04225,12.097,17.247,18.442,50.4888,53.391
96,"r23m0124.hpc.itc.rwth-aachen.de",135,"r23m0124.hpc.itc.rwth-aachen.de",39,"39",4096,20,2.142,8.508,11.5815,18.4815,22.4355,51.2995,56.134
96,"r23m0124.hpc.itc.rwth-aachen.de",136,"r23m0124.hpc.itc.rwth-aachen.de",40,"40",4096,20,3.669,8.47025,10.966,15.2339,15.8585,45.7909,50.329
96,"r23m0124.hpc.itc.rwth-aachen.de",137,"r23m0124.hpc.itc.rwth-aachen.de",41,"41",4096,20,6.16,9.524,13.361,22.5437,35.2017,50.3013,52.531
96,"r23m0124.hpc.itc.rwth-aachen.de",138,"r23m0124.hpc.itc.rwth-aachen.de",42,"42",4096,20,1.561,7.47325,12.433,20.6359,28.431,56.0295,56.551
96,"r23m0124.hpc.itc.rwth-aachen.de",139,"r23m0124.hpc.itc.rwth-aachen.de",43,"43",4096,20,4.691,8.183,11.901,20.4218,29.7058,51.435,54.209
96,"r23m0124.hpc.itc.rwth-aachen.de",140,"r23m0124.hpc.itc.rwth-aachen.de",44,"44",4096,20,3.985,8.1185,12.274,17.9138,26.0995,46.8822,48.16
96,"r23m0124.hpc.itc.rwth-aachen.de",141,"r23m0124.hpc.itc.rwth-aachen.de",45,"45",4096,20,2.719,8.049,12.6395,21.3522,34.393,47.0834,51.347
96,"r23m0124.hpc.itc.rwth-aachen.de",142,"r23m0124.hpc.itc.rwth-aachen.de",46,"46",4096,20,2.176,10.011,17.4325,21.282,32.0343,39.7593,51.697
96,"r23m0124.hpc.itc.rwth-aachen.de",143,"r23m0124.hpc.itc.rwth-aachen.de",47,"47",4096,20,3.567,6.40075,15.373,20.1754,34.2728,41.9067,52.028
96,"r23m0124.hpc.itc.rwth-aachen.de",144,"r23m0124.hpc.itc.rwth-aachen.de",48,"48",4096,20,1.979,6.20025,15.1345,20.6274,31.336,57.681,60.399
96,"r23m0124.hpc.itc.rwth-aachen.de",145,"r23m0124.hpc.itc.rwth-aachen.de",49,"49",4096,20,3.792,5.4835,11.1335,17.7355,23.8182,47.7799,56.27
96,"r23m0124.hpc.itc.rwth-aachen.de",146,"r23m0124.hpc.itc.rwth-aachen.de",50,"50",4096,20,2.669,6.3375,13.1485,15.2704,17.3265,38.3326,61.011
96,"r23m0124.hpc.itc.rwth-aachen.de",147,"r23m0124.hpc.itc.rwth-aachen.de",51,"51",4096,20,1.01,9.33975,13.915,20.7782,35.5673,52.1284,57.836
96,"r23m0124.hpc.itc.rwth-aachen.de",148,"r23m0124.hpc.itc.rwth-aachen.de",52,"52",4096,20,1.719,8.77475,17.9255,25.3652,37.8035,58.0087,62.525
96,"r23m0124.hpc.itc.rwth-aachen.de",149,"r23m0124.hpc.itc.rwth-aachen.de",53,"53",4096,20,3.716,8.302,26.209,26.3704,38.9705,54.5821,55.838
96,"r23m0124.hpc.itc.rwth-aachen.de",150,"r23m0124.hpc.itc.rwth-aachen.de",54,"54",4096,20,0.867,22.9307,29.796,27.8474,33.331,47.9205,53.971
96,"r23m0124.hpc.itc.rwth-aachen.de",151,"r23m0124.hpc.itc.rwth-aachen.de",55,"55",4096,20,0.82,18.487,25.9015,26.9417,32.347,53.9976,61.761
96,"r23m0124.hpc.itc.rwth-aachen.de",152,"r23m0124.hpc.itc.rwth-aachen.de",56,"56",4096,20,3.753,14.0993,21.8325,23.6622,32.4805,38.337,58.913
96,"r23m0124.hpc.itc.rwth-aachen.de",153,"r23m0124.hpc.itc.rwth-aachen.de",57,"57",4096,20,1.467,9.23175,25.5775,23.0337,31.5765,40.4404,57.966
96,"r23m0124.hpc.itc.rwth-aachen.de",154,"r23m0124.hpc.itc.rwth-aachen.de",58,"58",4096,20,1.214,6.94075,18.197,21.8833,36.0883,44.7352,55.816
96,"r23m0124.hpc.itc.rwth-aachen.de",155,"r23m0124.hpc.itc.rwth-aachen.de",59,"59",4096,20,5.608,17.4872,20.8085,21.6754,27.3955,33.481,49.327
96,"r23m0124.hpc.itc.rwth-aachen.de",156,"r23m0124.hpc.itc.rwth-aachen.de",60,"60",4096,20,2.628,20.0992,30.052,28.5807,36.1965,53.249,54.998
96,"r23m0124.hpc.itc.rwth-aachen.de",157,"r23m0124.hpc.itc.rwth-aachen.de",61,"61",4096,20,1.113,18.8803,30.3,25.5559,34.2863,37.1217,46.768
96,"r23m0124.hpc.itc.rwth-aachen.de",158,"r23m0124.hpc.itc.rwth-aachen.de",62,"62",4096,20,3.267,15.4795,19.007,22.0898,29.5042,39.4586,48.533
96,"r23m0124.hpc.itc.rwth-aachen.de",159,"r23m0124.hpc.itc.rwth-aachen.de",63,"63",4096,20,3.434,14.2383,20.728,22.2993,28.9937,39.8811,41.459
96,"r23m0124.hpc.itc.rwth-aachen.de",160,"r23m0124.hpc.itc.rwth-aachen.de",64,"64",4096,20,1.09,3.3125,4.5935,9.2,8.43225,32.7132,42.615
96,"r23m0124.hpc.itc.rwth-aachen.de",161,"r23m0124.hpc.itc.rwth-aachen.de",65,"65",4096,20,1.107,2.035,4.004,6.39365,7.3115,19.8241,26.97
96,"r23m0124.hpc.itc.rwth-aachen.de",162,"r23m0124.hpc.itc.rwth-aachen.de",66,"66",4096,20,1.301,3.33475,5.63,10.7513,9.66775,33.4105,59.241
96,"r23m0124.hpc.itc.rwth-aachen.de",163,"r23m0124.hpc.itc.rwth-aachen.de",67,"67",4096,20,1.353,3.527,6.0725,9.91685,10.5427,28.6449,36.034
96,"r23m0124.hpc.itc.rwth-aachen.de",164,"r23m0124.hpc.itc.rwth-aachen.de",68,"68",4096,20,0.896,4.711,7.235,8.3649,9.546,18.8411,32.655
96,"r23m0124.hpc.itc.rwth-aachen.de",165,"r23m0124.hpc.itc.rwth-aachen.de",69,"69",4096,20,0.771,4.011,6.8685,13.7296,12.7282,39.4307,77.786
96,"r23m0124.hpc.itc.rwth-aachen.de",166,"r23m0124.hpc.itc.rwth-aachen.de",70,"70",4096,20,2.255,5.61575,9.107,11.8983,18.705,30.3,30.586
96,"r23m0124.hpc.itc.rwth-aachen.de",167,"r23m0124.hpc.itc.rwth-aachen.de",71,"71",4096,20,1.788,4.31675,6.8405,10.5295,8.89075,29.386,57.068
96,"r23m0124.hpc.itc.rwth-aachen.de",168,"r23m0124.hpc.itc.rwth-aachen.de",72,"72",4096,20,0.924,3.3655,6.592,8.709,9.12025,29.0969,39.088
96,"r23m0124.hpc.itc.rwth-aachen.de",169,"r23m0124.hpc.itc.rwth-aachen.de",73,"73",4096,20,1.214,4.82725,5.8825,7.5968,8.0815,21.1939,21.705
96,"r23m0124.hpc.itc.rwth-aachen.de",170,"r23m0124.hpc.itc.rwth-aachen.de",74,"74",4096,20,0.909,4.4975,5.644,7.8335,7.47375,23.313,31.254
96,"r23m0124.hpc.itc.rwth-aachen.de",171,"r23m0124.hpc.itc.rwth-aachen.de",75,"75",4096,20,2.622,3.99475,4.6425,7.98575,6.898,16.5326,55.493
96,"r23m0124.hpc.itc.rwth-aachen.de",172,"r23m0124.hpc.itc.rwth-aachen.de",76,"76",4096,20,2.107,4.91325,5.8745,14.2402,8.4495,58.1301,76.067
96,"r23m0124.hpc.itc.rwth-aachen.de",173,"r23m0124.hpc.itc.rwth-aachen.de",77,"77",4096,20,0.992,4.61275,7.046,12.1586,10.2338,30.088,76.752
96,"r23m0124.hpc.itc.rwth-aachen.de",174,"r23m0124.hpc.itc.rwth-aachen.de",78,"78",4096,20,1.243,7.07125,8.843,17.0545,22.7153,40.7083,78.067
96,"r23m0124.hpc.itc.rwth-aachen.de",175,"r23m0124.hpc.itc.rwth-aachen.de",79,"79",4096,20,1.499,4.517,6.3515,12.0193,14.7385,31.5749,59.388
96,"r23m0124.hpc.itc.rwth-aachen.de",176,"r23m0124.hpc.itc.rwth-aachen.de",80,"80",4096,20,3.288,5.0485,7.5965,8.99435,9.3125,21.8726,26.633
96,"r23m0124.hpc.itc.rwth-aachen.de",177,"r23m0124.hpc.itc.rwth-aachen.de",81,"81",4096,20,1.137,3.0235,6.279,10.3119,9.892,22.7521,77.493
96,"r23m0124.hpc.itc.rwth-aachen.de",178,"r23m0124.hpc.itc.rwth-aachen.de",82,"82",4096,20,3.701,5.6895,7.3855,13.9726,12.3775,37.406,75.9
96,"r23m0124.hpc.itc.rwth-aachen.de",179,"r23m0124.hpc.itc.rwth-aachen.de",83,"83",4096,20,3.377,6.01575,7.944,11.334,9.001,28.7457,59.69
96,"r23m0124.hpc.itc.rwth-aachen.de",180,"r23m0124.hpc.itc.rwth-aachen.de",84,"84",4096,20,2.314,4.90725,7.1975,13.09,22.7275,33.3732,34.366
96,"r23m0124.hpc.itc.rwth-aachen.de",181,"r23m0124.hpc.itc.rwth-aachen.de",85,"85",4096,20,1.235,3.6805,5.466,7.81125,7.22925,22.4332,36.459
96,"r23m0124.hpc.itc.rwth-aachen.de",182,"r23m0124.hpc.itc.rwth-aachen.de",86,"86",4096,20,2.843,4.95825,6.0615,11.694,8.52775,33.8231,75.929
96,"r23m0124.hpc.itc.rwth-aachen.de",183,"r23m0124.hpc.itc.rwth-aachen.de",87,"87",4096,20,2.539,4.22175,6.611,11.7453,12.2408,31.984,48.228
96,"r23m0124.hpc.itc.rwth-aachen.de",184,"r23m0124.hpc.itc.rwth-aachen.de",88,"88",4096,20,1.955,4.169,7.736,9.4322,9.50175,23.4737,31.751
96,"r23m0124.hpc.itc.rwth-aachen.de",185,"r23m0124.hpc.itc.rwth-aachen.de",89,"89",4096,20,2.698,6.046,7.4505,11.25,14.6357,27.1922,31.28
96,"r23m0124.hpc.itc.rwth-aachen.de",186,"r23m0124.hpc.itc.rwth-aachen.de",90,"90",4096,20,2.16,7.0945,8.6535,15.4635,22.444,34.1538,58.887
96,"r23m0124.hpc.itc.rwth-aachen.de",187,"r23m0124.hpc.itc.rwth-aachen.de",91,"91",4096,20,2.456,5.0935,13.2055,20.3885,31.4885,62.0763,76.179
96,"r23m0124.hpc.itc.rwth-aachen.de",188,"r23m0124.hpc.itc.rwth-aachen.de",92,"92",4096,20,3.725,4.4715,6.919,12.8393,21.3798,30.6216,33.14
96,"r23m0124.hpc.itc.rwth-aachen.de",189,"r23m0124.hpc.itc.rwth-aachen.de",93,"93",4096,20,2.989,5.2215,6.1395,13.2349,12.443,33.4801,67.644
96,"r23m0124.hpc.itc.rwth-aachen.de",190,"r23m0124.hpc.itc.rwth-aachen.de",94,"94",4096,20,2.992,6.09675,7.296,12.2421,13.3185,31.4653,34.606
96,"r23m0124.hpc.itc.rwth-aachen.de",191,"r23m0124.hpc.itc.rwth-aachen.de",95,"95",4096,20,1.619,3.78725,6.246,12.1151,12.5115,34.13,56.511
96,"r23m0124.hpc.itc.rwth-aachen.de",0,"n23m0123.hpc.itc.rwth-aachen.de",0,"0",16384,20,1.152,1.2065,1.2795,1.31905,1.34875,1.55155,1.942
96,"r23m0124.hpc.itc.rwth-aachen.de",1,"n23m0123.hpc.itc.rwth-aachen.de",1,"1",16384,20,0.965,1.63425,2.0105,1.9028,2.19325,2.4721,2.683
96,"r23m0124.hpc.itc.rwth-aachen.de",2,"n23m0123.hpc.itc.rwth-aachen.de",2,"2",16384,20,1.16,1.80075,1.937,1.90715,2.059,2.15885,2.194
96,"r23m0124.hpc.itc.rwth-aachen.de",3,"n23m0123.hpc.itc.rwth-aachen.de",3,"3",16384,20,1.033,1.312,3.1265,2.77655,4.038,4.3283,4.619
96,"r23m0124.hpc.itc.rwth-aachen.de",4,"n23m0123.hpc.itc.rwth-aachen.de",4,"4",16384,20,0.974,1.40975,1.777,1.70555,2.058,2.21075,2.263
96,"r23m0124.hpc.itc.rwth-aachen.de",5,"n23m0123.hpc.itc.rwth-aachen.de",5,"5",16384,20,1.11,1.5795,1.8765,2.61545,3.78475,4.1116,4.199
96,"r23m0124.hpc.itc.rwth-aachen.de",6,"n23m0123.hpc.itc.rwth-aachen.de",6,"6",16384,20,1.162,1.22925,1.9165,2.59225,4.04,4.6261,5.046
96,"r23m0124.hpc.itc.rwth-aachen.de",7,"n23m0123.hpc.itc.rwth-aachen.de",7,"7",16384,20,1.038,1.41375,2.275,2.9211,4.8725,5.17445,5.259
96,"r23m0124.hpc.itc.rwth-aachen.de",8,"n23m0123.hpc.itc.rwth-aachen.de",8,"8",16384,20,1.28,2.1795,4.1045,3.51125,4.614,5.2725,5.32
96,"r23m0124.hpc.itc.rwth-aachen.de",9,"n23m0123.hpc.itc.rwth-aachen.de",9,"9",16384,20,1.608,1.88675,1.9985,1.98255,2.08325,2.249,2.306
96,"r23m0124.hpc.itc.rwth-aachen.de",10,"n23m0123.hpc.itc.rwth-aachen.de",10,"10",16384,20,1.046,2.83875,4.7505,3.82855,5.08675,5.3573,5.477
96,"r23m0124.hpc.itc.rwth-aachen.de",11,"n23m0123.hpc.itc.rwth-aachen.de",11,"11",16384,20,1.183,1.41075,3.9305,3.04955,4.22125,4.75615,4.873
96,"r23m0124.hpc.itc.rwth-aachen.de",12,"n23m0123.hpc.itc.rwth-aachen.de",12,"12",16384,20,1.17,1.878,2.173,2.05895,2.37525,2.6011,2.622
96,"r23m0124.hpc.itc.rwth-aachen.de",13,"n23m0123.hpc.itc.rwth-aachen.de",13,"13",16384,20,1.016,1.26225,1.37,1.3749,1.44925,1.6176,1.857
96,"r23m0124.hpc.itc.rwth-aachen.de",14,"n23m0123.hpc.itc.rwth-aachen.de",14,"14",16384,20,1.144,1.838,2.0035,1.88355,2.0855,2.3803,2.424
96,"r23m0124.hpc.itc.rwth-aachen.de",15,"n23m0123.hpc.itc.rwth-aachen.de",15,"15",16384,20,1.079,2.64425,3.3205,2.9571,3.606,3.9024,4.138
96,"r23m0124.hpc.itc.rwth-aachen.de",16,"n23m0123.hpc.itc.rwth-aachen.de",16,"16",16384,20,1.052,1.30575,1.7925,2.7038,4.44775,4.9301,5.16
96,"r23m0124.hpc.itc.rwth-aachen.de",17,"n23m0123.hpc.itc.rwth-aachen.de",17,"17",16384,20,1.118,1.7675,2.109,2.9047,4.4525,5.0525,5.252
96,"r23m0124.hpc.itc.rwth-aachen.de",18,"n23m0123.hpc.itc.rwth-aachen.de",18,"18",16384,20,1.037,1.812,2.04,1.9554,2.3005,2.3589,2.376
96,"r23m0124.hpc.itc.rwth-aachen.de",19,"n23m0123.hpc.itc.rwth-aachen.de",19,"19",16384,20,1,1.0655,1.378,1.33485,1.5325,1.67015,1.939
96,"r23m0124.hpc.itc.rwth-aachen.de",20,"n23m0123.hpc.itc.rwth-aachen.de",20,"20",16384,20,1.09,1.61775,3.959,3.15535,4.2835,4.5473,4.648
96,"r23m0124.hpc.itc.rwth-aachen.de",21,"n23m0123.hpc.itc.rwth-aachen.de",21,"21",16384,20,1.179,1.85575,4.217,3.3765,4.57075,4.7645,4.888
96,"r23m0124.hpc.itc.rwth-aachen.de",22,"n23m0123.hpc.itc.rwth-aachen.de",22,"22",16384,20,1.14,1.506,1.582,1.64245,1.71225,2.1444,2.228
96,"r23m0124.hpc.itc.rwth-aachen.de",23,"n23m0123.hpc.itc.rwth-aachen.de",23,"23",16384,20,1.18,1.4555,1.5625,1.95695,2.0085,3.6057,3.866
96,"r23m0124.hpc.itc.rwth-aachen.de",24,"n23m0123.hpc.itc.rwth-aachen.de",24,"24",16384,20,1.255,1.52925,1.8885,1.8552,2.0585,2.39155,2.44
96,"r23m0124.hpc.itc.rwth-aachen.de",25,"n23m0123.hpc.itc.rwth-aachen.de",25,"25",16384,20,1.064,1.6685,1.8595,2.42885,3.702,4.239,4.372
96,"r23m0124.hpc.itc.rwth-aachen.de",26,"n23m0123.hpc.itc.rwth-aachen.de",26,"26",16384,20,0.991,1.12025,1.1785,1.50785,1.95825,2.4483,2.53
96,"r23m0124.hpc.itc.rwth-aachen.de",27,"n23m0123.hpc.itc.rwth-aachen.de",27,"27",16384,20,1.098,1.146,1.252,1.2809,1.33575,1.51985,1.764
96,"r23m0124.hpc.itc.rwth-aachen.de",28,"n23m0123.hpc.itc.rwth-aachen.de",28,"28",16384,20,1.105,1.16825,1.324,1.46795,1.616,2.20635,2.346
96,"r23m0124.hpc.itc.rwth-aachen.de",29,"n23m0123.hpc.itc.rwth-aachen.de",29,"29",16384,20,1.008,1.55975,1.5895,1.60365,1.7055,1.81885,2.101
96,"r23m0124.hpc.itc.rwth-aachen.de",30,"n23m0123.hpc.itc.rwth-aachen.de",30,"30",16384,20,1.04,1.13575,1.203,1.34665,1.25975,1.6345,3.772
96,"r23m0124.hpc.itc.rwth-aachen.de",31,"n23m0123.hpc.itc.rwth-aachen.de",31,"31",16384,20,1.111,1.5795,1.7965,1.7347,1.90975,2.1074,2.153
96,"r23m0124.hpc.itc.rwth-aachen.de",32,"n23m0123.hpc.itc.rwth-aachen.de",32,"32",16384,20,1.307,1.68425,1.867,2.89265,1.9035,3.20635,23.847
96,"r23m0124.hpc.itc.rwth-aachen.de",33,"n23m0123.hpc.itc.rwth-aachen.de",33,"33",16384,20,3.235,4.05275,4.356,4.2377,4.48175,4.62525,4.725
96,"r23m0124.hpc.itc.rwth-aachen.de",34,"n23m0123.hpc.itc.rwth-aachen.de",34,"34",16384,20,1.18,1.5135,3.8135,3.1361,4.1925,4.64655,4.752
96,"r23m0124.hpc.itc.rwth-aachen.de",35,"n23m0123.hpc.itc.rwth-aachen.de",35,"35",16384,20,1.301,3.927,4.176,4.0022,4.33425,4.4608,4.552
96,"r23m0124.hpc.itc.rwth-aachen.de",36,"n23m0123.hpc.itc.rwth-aachen.de",36,"36",16384,20,1.389,1.96425,4.8235,3.8769,4.95875,5.26055,5.518
96,"r23m0124.hpc.itc.rwth-aachen.de",37,"n23m0123.hpc.itc.rwth-aachen.de",37,"37",16384,20,1.177,1.78625,1.951,1.84365,2.0095,2.1446,2.175
96,"r23m0124.hpc.itc.rwth-aachen.de",38,"n23m0123.hpc.itc.rwth-aachen.de",38,"38",16384,20,1.092,1.9535,4.561,3.71905,4.90725,5.13785,5.192
96,"r23m0124.hpc.itc.rwth-aachen.de",39,"n23m0123.hpc.itc.rwth-aachen.de",39,"39",16384,20,0.985,1.0815,1.3875,2.41215,4.945,5.2626,5.388
96,"r23m0124.hpc.itc.rwth-aachen.de",40,"n23m0123.hpc.itc.rwth-aachen.de",40,"40",16384,20,1.088,1.61575,4.124,3.357,4.79075,5.10615,5.261
96,"r23m0124.hpc.itc.rwth-aachen.de",41,"n23m0123.hpc.itc.rwth-aachen.de",41,"41",16384,20,1.148,1.7145,2.053,2.82025,4.651,5.0128,5.218
96,"r23m0124.hpc.itc.rwth-aachen.de",42,"n23m0123.hpc.itc.rwth-aachen.de",42,"42",16384,20,1.001,1.19575,1.427,1.47285,1.70575,2.08275,2.154
96,"r23m0124.hpc.itc.rwth-aachen.de",43,"n23m0123.hpc.itc.rwth-aachen.de",43,"43",16384,20,1.38,1.7395,1.925,2.67395,3.73025,4.6808,4.848
96,"r23m0124.hpc.itc.rwth-aachen.de",44,"n23m0123.hpc.itc.rwth-aachen.de",44,"44",16384,20,1.025,1.08225,1.281,1.42155,1.67775,2.0857,2.27
96,"r23m0124.hpc.itc.rwth-aachen.de",45,"n23m0123.hpc.itc.rwth-aachen.de",45,"45",16384,20,1.131,1.35275,1.4505,1.45125,1.567,1.7109,1.747
96,"r23m0124.hpc.itc.rwth-aachen.de",46,"n23m0123.hpc.itc.rwth-aachen.de",46,"46",16384,20,1.56,1.78825,1.85,1.85355,1.92875,2.0393,2.064
96,"r23m0124.hpc.itc.rwth-aachen.de",47,"n23m0123.hpc.itc.rwth-aachen.de",47,"47",16384,20,1.075,1.489,1.8185,1.6881,1.879,2.0849,2.216
96,"r23m0124.hpc.itc.rwth-aachen.de",48,"n23m0123.hpc.itc.rwth-aachen.de",48,"48",16384,20,1.553,1.676,1.73,1.721,1.78475,1.823,1.899
96,"r23m0124.hpc.itc.rwth-aachen.de",49,"n23m0123.hpc.itc.rwth-aachen.de",49,"49",16384,20,1.195,1.439,1.4935,1.51085,1.59425,1.73285,1.806
96,"r23m0124.hpc.itc.rwth-aachen.de",50,"n23m0123.hpc.itc.rwth-aachen.de",50,"50",16384,20,1.499,1.64925,1.6785,1.6787,1.725,1.77775,1.811
96,"r23m0124.hpc.itc.rwth-aachen.de",51,"n23m0123.hpc.itc.rwth-aachen.de",51,"51",16384,20,1.332,1.398,1.4465,1.4443,1.4975,1.53745,1.546
96,"r23m0124.hpc.itc.rwth-aachen.de",52,"n23m0123.hpc.itc.rwth-aachen.de",52,"52",16384,20,1.287,1.44575,1.491,1.4937,1.53825,1.68605,1.687
96,"r23m0124.hpc.itc.rwth-aachen.de",53,"n23m0123.hpc.itc.rwth-aachen.de",53,"53",16384,20,1.541,1.58825,1.6405,1.67415,1.73925,1.84,1.973
96,"r23m0124.hpc.itc.rwth-aachen.de",54,"n23m0123.hpc.itc.rwth-aachen.de",54,"54",16384,20,1.505,1.606,1.674,1.6583,1.69025,1.7752,1.855
96,"r23m0124.hpc.itc.rwth-aachen.de",55,"n23m0123.hpc.itc.rwth-aachen.de",55,"55",16384,20,1.343,1.442,1.476,1.4942,1.54525,1.6296,1.679
96,"r23m0124.hpc.itc.rwth-aachen.de",56,"n23m0123.hpc.itc.rwth-aachen.de",56,"56",16384,20,1.44,1.564,1.637,1.62105,1.67125,1.73405,1.735
96,"r23m0124.hpc.itc.rwth-aachen.de",57,"n23m0123.hpc.itc.rwth-aachen.de",57,"57",16384,20,1.578,1.6585,1.7015,1.70645,1.74825,1.8228,1.838
96,"r23m0124.hpc.itc.rwth-aachen.de",58,"n23m0123.hpc.itc.rwth-aachen.de",58,"58",16384,20,1.358,1.41925,1.493,1.4842,1.52975,1.5744,1.696
96,"r23m0124.hpc.itc.rwth-aachen.de",59,"n23m0123.hpc.itc.rwth-aachen.de",59,"59",16384,20,1.439,1.6025,1.62,1.63325,1.689,1.72445,1.809
96,"r23m0124.hpc.itc.rwth-aachen.de",60,"n23m0123.hpc.itc.rwth-aachen.de",60,"60",16384,20,1.545,1.63375,1.719,1.7533,1.7845,2.2027,2.216
96,"r23m0124.hpc.itc.rwth-aachen.de",61,"n23m0123.hpc.itc.rwth-aachen.de",61,"61",16384,20,1.125,1.474,1.5285,1.52855,1.62275,1.68475,1.699
96,"r23m0124.hpc.itc.rwth-aachen.de",62,"n23m0123.hpc.itc.rwth-aachen.de",62,"62",16384,20,1.544,1.60225,1.644,1.6731,1.711,1.7934,2.067
96,"r23m0124.hpc.itc.rwth-aachen.de",63,"n23m0123.hpc.itc.rwth-aachen.de",63,"63",16384,20,1.539,1.6445,1.704,1.7345,1.8345,1.9338,2.006
96,"r23m0124.hpc.itc.rwth-aachen.de",64,"n23m0123.hpc.itc.rwth-aachen.de",64,"64",16384,20,1.309,1.398,1.45,2.6095,1.545,2.8447,24.157
96,"r23m0124.hpc.itc.rwth-aachen.de",65,"n23m0123.hpc.itc.rwth-aachen.de",65,"65",16384,20,1.496,1.582,1.6095,1.60945,1.648,1.6757,1.708
96,"r23m0124.hpc.itc.rwth-aachen.de",66,"n23m0123.hpc.itc.rwth-aachen.de",66,"66",16384,20,1.387,1.4875,1.5255,1.5811,1.671,1.85945,1.887
96,"r23m0124.hpc.itc.rwth-aachen.de",67,"n23m0123.hpc.itc.rwth-aachen.de",67,"67",16384,20,1.382,1.44525,1.49,1.49095,1.51475,1.64095,1.659
96,"r23m0124.hpc.itc.rwth-aachen.de",68,"n23m0123.hpc.itc.rwth-aachen.de",68,"68",16384,20,1.511,1.629,1.668,1.68395,1.72325,1.88635,1.893
96,"r23m0124.hpc.itc.rwth-aachen.de",69,"n23m0123.hpc.itc.rwth-aachen.de",69,"69",16384,20,1.592,1.609,1.6325,1.67405,1.70925,1.81475,1.829
96,"r23m0124.hpc.itc.rwth-aachen.de",70,"n23m0123.hpc.itc.rwth-aachen.de",70,"70",16384,20,1.193,1.47125,1.5005,1.5669,1.61925,1.93045,2.034
96,"r23m0124.hpc.itc.rwth-aachen.de",71,"n23m0123.hpc.itc.rwth-aachen.de",71,"71",16384,20,1.553,1.61225,1.6715,1.67945,1.7095,1.8347,1.943
96,"r23m0124.hpc.itc.rwth-aachen.de",72,"n23m0123.hpc.itc.rwth-aachen.de",72,"72",16384,20,1.377,1.4565,1.501,1.5085,1.54325,1.6495,1.678
96,"r23m0124.hpc.itc.rwth-aachen.de",73,"n23m0123.hpc.itc.rwth-aachen.de",73,"73",16384,20,1.398,1.451,1.469,1.50315,1.54525,1.6864,1.694
96,"r23m0124.hpc.itc.rwth-aachen.de",74,"n23m0123.hpc.itc.rwth-aachen.de",74,"74",16384,20,1.456,1.49725,1.58,1.64675,1.74575,1.97025,2.051
96,"r23m0124.hpc.itc.rwth-aachen.de",75,"n23m0123.hpc.itc.rwth-aachen.de",75,"75",16384,20,1.442,1.52325,1.5615,1.5887,1.6015,1.8214,1.962
96,"r23m0124.hpc.itc.rwth-aachen.de",76,"n23m0123.hpc.itc.rwth-aachen.de",76,"76",16384,20,1.347,1.46325,1.5,1.4906,1.52825,1.59615,1.599
96,"r23m0124.hpc.itc.rwth-aachen.de",77,"n23m0123.hpc.itc.rwth-aachen.de",77,"77",16384,20,1.355,1.40875,1.429,1.45835,1.5245,1.5812,1.642
96,"r23m0124.hpc.itc.rwth-aachen.de",78,"n23m0123.hpc.itc.rwth-aachen.de",78,"78",16384,20,1.367,1.46,1.4835,1.53995,1.54975,1.71425,2.308
96,"r23m0124.hpc.itc.rwth-aachen.de",79,"n23m0123.hpc.itc.rwth-aachen.de",79,"79",16384,20,1.25,1.441,1.5335,1.53375,1.57975,1.72515,1.785
96,"r23m0124.hpc.itc.rwth-aachen.de",80,"n23m0123.hpc.itc.rwth-aachen.de",80,"80",16384,20,1.442,1.50175,1.5425,2.74105,1.59925,3.0884,24.68
96,"r23m0124.hpc.itc.rwth-aachen.de",81,"n23m0123.hpc.itc.rwth-aachen.de",81,"81",16384,20,1.222,1.4645,1.4775,1.5283,1.6,1.67705,1.925
96,"r23m0124.hpc.itc.rwth-aachen.de",82,"n23m0123.hpc.itc.rwth-aachen.de",82,"82",16384,20,1.465,1.49175,1.561,1.57115,1.612,1.71055,1.778
96,"r23m0124.hpc.itc.rwth-aachen.de",83,"n23m0123.hpc.itc.rwth-aachen.de",83,"83",16384,20,1.4,1.53725,1.6085,1.64655,1.716,1.92235,2.176
96,"r23m0124.hpc.itc.rwth-aachen.de",84,"n23m0123.hpc.itc.rwth-aachen.de",84,"84",16384,20,1.391,1.449,1.4795,1.48215,1.5175,1.55565,1.587
96,"r23m0124.hpc.itc.rwth-aachen.de",85,"n23m0123.hpc.itc.rwth-aachen.de",85,"85",16384,20,1.303,1.4365,1.4875,1.518,1.532,1.78655,1.968
96,"r23m0124.hpc.itc.rwth-aachen.de",86,"n23m0123.hpc.itc.rwth-aachen.de",86,"86",16384,20,1.434,1.49425,1.5615,1.60925,1.64075,1.96855,2.036
96,"r23m0124.hpc.itc.rwth-aachen.de",87,"n23m0123.hpc.itc.rwth-aachen.de",87,"87",16384,20,1.322,1.479,1.55,1.59845,1.67425,1.9854,2.031
96,"r23m0124.hpc.itc.rwth-aachen.de",88,"n23m0123.hpc.itc.rwth-aachen.de",88,"88",16384,20,1.34,1.42075,1.45,2.6656,1.52325,2.9147,25.12
96,"r23m0124.hpc.itc.rwth-aachen.de",89,"n23m0123.hpc.itc.rwth-aachen.de",89,"89",16384,20,1.428,1.49025,1.5065,1.53335,1.58725,1.6922,1.715
96,"r23m0124.hpc.itc.rwth-aachen.de",90,"n23m0123.hpc.itc.rwth-aachen.de",90,"90",16384,20,1.375,1.43075,1.5045,1.5249,1.5575,1.7769,1.813
96,"r23m0124.hpc.itc.rwth-aachen.de",91,"n23m0123.hpc.itc.rwth-aachen.de",91,"91",16384,20,1.377,1.4575,1.5025,1.52835,1.55025,1.81715,1.934
96,"r23m0124.hpc.itc.rwth-aachen.de",92,"n23m0123.hpc.itc.rwth-aachen.de",92,"92",16384,20,1.249,1.5375,1.6295,5.1584,1.662,5.352,72.897
96,"r23m0124.hpc.itc.rwth-aachen.de",93,"n23m0123.hpc.itc.rwth-aachen.de",93,"93",16384,20,1.396,1.46125,1.6425,1.63635,1.7125,1.9587,1.991
96,"r23m0124.hpc.itc.rwth-aachen.de",94,"n23m0123.hpc.itc.rwth-aachen.de",94,"94",16384,20,1.414,1.4885,1.5685,5.11295,1.82525,5.46435,70.964
96,"r23m0124.hpc.itc.rwth-aachen.de",95,"n23m0123.hpc.itc.rwth-aachen.de",95,"95",16384,20,1.411,1.52075,1.6445,5.1879,1.7625,5.52185,72.532
96,"r23m0124.hpc.itc.rwth-aachen.de",97,"r23m0124.hpc.itc.rwth-aachen.de",1,"1",16384,20,41.025,65.0207,117.386,178.82,198.172,516.182,537.015
96,"r23m0124.hpc.itc.rwth-aachen.de",98,"r23m0124.hpc.itc.rwth-aachen.de",2,"2",16384,20,44.108,80.3607,173.994,208.471,343.694,414.074,532.72
96,"r23m0124.hpc.itc.rwth-aachen.de",99,"r23m0124.hpc.itc.rwth-aachen.de",3,"3",16384,20,107.327,212.599,347.947,322.175,434.702,485.283,569.817
96,"r23m0124.hpc.itc.rwth-aachen.de",100,"r23m0124.hpc.itc.rwth-aachen.de",4,"4",16384,20,54.256,160.684,299.166,303.362,477.004,513.408,578.58
96,"r23m0124.hpc.itc.rwth-aachen.de",101,"r23m0124.hpc.itc.rwth-aachen.de",5,"5",16384,20,97.374,180.957,268.469,292.867,404.786,516.419,548.7
96,"r23m0124.hpc.itc.rwth-aachen.de",102,"r23m0124.hpc.itc.rwth-aachen.de",6,"6",16384,20,89.381,315.222,506.554,424.514,542.686,581.07,610.845
96,"r23m0124.hpc.itc.rwth-aachen.de",103,"r23m0124.hpc.itc.rwth-aachen.de",7,"7",16384,20,58.457,128.344,170.481,218.815,282.724,502.977,557.72
96,"r23m0124.hpc.itc.rwth-aachen.de",104,"r23m0124.hpc.itc.rwth-aachen.de",8,"8",16384,20,81.548,222.834,262.262,301.85,399.088,515.931,568.31
96,"r23m0124.hpc.itc.rwth-aachen.de",105,"r23m0124.hpc.itc.rwth-aachen.de",9,"9",16384,20,53.09,203.271,271.175,310.16,484.595,541.281,595.611
96,"r23m0124.hpc.itc.rwth-aachen.de",106,"r23m0124.hpc.itc.rwth-aachen.de",10,"10",16384,20,72.811,171.27,257.631,295.698,457.015,495.425,505.763
96,"r23m0124.hpc.itc.rwth-aachen.de",107,"r23m0124.hpc.itc.rwth-aachen.de",11,"11",16384,20,46.444,145.751,214.69,262.177,351.131,555.079,572.282
96,"r23m0124.hpc.itc.rwth-aachen.de",108,"r23m0124.hpc.itc.rwth-aachen.de",12,"12",16384,20,63.442,133.658,252.82,255.763,345.659,521.936,556.032
96,"r23m0124.hpc.itc.rwth-aachen.de",109,"r23m0124.hpc.itc.rwth-aachen.de",13,"13",16384,20,50.132,131.114,251.666,268.208,435.472,498.493,532.514
96,"r23m0124.hpc.itc.rwth-aachen.de",110,"r23m0124.hpc.itc.rwth-aachen.de",14,"14",16384,20,90.088,165.76,219.371,274.855,380.592,514.694,539.236
96,"r23m0124.hpc.itc.rwth-aachen.de",111,"r23m0124.hpc.itc.rwth-aachen.de",15,"15",16384,20,82.862,163.472,299.084,305.454,452.727,563.119,585.881
96,"r23m0124.hpc.itc.rwth-aachen.de",112,"r23m0124.hpc.itc.rwth-aachen.de",16,"16",16384,20,99.536,178.687,267.319,268.707,336.37,483.349,513.941
96,"r23m0124.hpc.itc.rwth-aachen.de",113,"r23m0124.hpc.itc.rwth-aachen.de",17,"17",16384,20,81.723,233.87,260.841,298.727,387.217,520.576,521.44
96,"r23m0124.hpc.itc.rwth-aachen.de",114,"r23m0124.hpc.itc.rwth-aachen.de",18,"18",16384,20,60.129,212.321,257.498,301.409,448.808,522.656,568.111
96,"r23m0124.hpc.itc.rwth-aachen.de",115,"r23m0124.hpc.itc.rwth-aachen.de",19,"19",16384,20,93.996,191.492,241.817,296.507,441.434,516.215,528.002
96,"r23m0124.hpc.itc.rwth-aachen.de",116,"r23m0124.hpc.itc.rwth-aachen.de",20,"20",16384,20,90.442,128.848,235.925,241.944,325.983,441.497,445.895
96,"r23m0124.hpc.itc.rwth-aachen.de",117,"r23m0124.hpc.itc.rwth-aachen.de",21,"21",16384,20,105.038,172.042,221.544,269.176,373.743,520.918,532.135
96,"r23m0124.hpc.itc.rwth-aachen.de",118,"r23m0124.hpc.itc.rwth-aachen.de",22,"22",16384,20,97.321,188.323,314.635,310.842,451.321,519.833,526.669
96,"r23m0124.hpc.itc.rwth-aachen.de",119,"r23m0124.hpc.itc.rwth-aachen.de",23,"23",16384,20,56.614,155.216,205.308,259.203,330.28,508.992,573.193
96,"r23m0124.hpc.itc.rwth-aachen.de",120,"r23m0124.hpc.itc.rwth-aachen.de",24,"24",16384,20,104.732,126.928,178.834,229.743,242.994,475.312,607.975
96,"r23m0124.hpc.itc.rwth-aachen.de",121,"r23m0124.hpc.itc.rwth-aachen.de",25,"25",16384,20,65.65,152.477,319.135,308.249,422.182,549.139,585.995
96,"r23m0124.hpc.itc.rwth-aachen.de",122,"r23m0124.hpc.itc.rwth-aachen.de",26,"26",16384,20,145.358,227.364,307.198,331.949,443.594,553.598,558.774
96,"r23m0124.hpc.itc.rwth-aachen.de",123,"r23m0124.hpc.itc.rwth-aachen.de",27,"27",16384,20,120.285,162.736,259.772,303.431,388.393,580.859,597.82
96,"r23m0124.hpc.itc.rwth-aachen.de",124,"r23m0124.hpc.itc.rwth-aachen.de",28,"28",16384,20,93.935,202.233,263.343,266.429,334.366,415.836,432.373
96,"r23m0124.hpc.itc.rwth-aachen.de",125,"r23m0124.hpc.itc.rwth-aachen.de",29,"29",16384,20,117.7,173.002,281.139,308.488,421.245,534.056,536.232
96,"r23m0124.hpc.itc.rwth-aachen.de",126,"r23m0124.hpc.itc.rwth-aachen.de",30,"30",16384,20,120.495,214.816,282.839,317.316,421.679,529.736,559.099
96,"r23m0124.hpc.itc.rwth-aachen.de",127,"r23m0124.hpc.itc.rwth-aachen.de",31,"31",16384,20,87.588,175.145,349.604,336.192,474.486,563.011,565.272
96,"r23m0124.hpc.itc.rwth-aachen.de",128,"r23m0124.hpc.itc.rwth-aachen.de",32,"32",16384,20,278.64,336.185,397.899,400.02,455.722,518.739,521.462
96,"r23m0124.hpc.itc.rwth-aachen.de",129,"r23m0124.hpc.itc.rwth-aachen.de",33,"33",16384,20,265.922,402.074,418.188,426.546,471.794,525.08,539.082
96,"r23m0124.hpc.itc.rwth-aachen.de",130,"r23m0124.hpc.itc.rwth-aachen.de",34,"34",16384,20,281.584,339.592,425.862,409.234,468.774,512.177,576.249
96,"r23m0124.hpc.itc.rwth-aachen.de",131,"r23m0124.hpc.itc.rwth-aachen.de",35,"35",16384,20,264.392,303.165,421.995,406.108,488.28,549.939,558.626
96,"r23m0124.hpc.itc.rwth-aachen.de",132,"r23m0124.hpc.itc.rwth-aachen.de",36,"36",16384,20,261.27,341.836,418.191,403.475,453.077,540.503,541.8
96,"r23m0124.hpc.itc.rwth-aachen.de",133,"r23m0124.hpc.itc.rwth-aachen.de",37,"37",16384,20,268.882,346.24,450.514,423.22,482.816,530.783,534.327
96,"r23m0124.hpc.itc.rwth-aachen.de",134,"r23m0124.hpc.itc.rwth-aachen.de",38,"38",16384,20,268.461,348.626,394.095,403.634,470.881,527.852,537.012
96,"r23m0124.hpc.itc.rwth-aachen.de",135,"r23m0124.hpc.itc.rwth-aachen.de",39,"39",16384,20,276.821,321.13,408.9,416.204,500.156,537.368,559.604
96,"r23m0124.hpc.itc.rwth-aachen.de",136,"r23m0124.hpc.itc.rwth-aachen.de",40,"40",16384,20,285.356,370.539,454.146,429.484,501.329,539.641,545.859
96,"r23m0124.hpc.itc.rwth-aachen.de",137,"r23m0124.hpc.itc.rwth-aachen.de",41,"41",16384,20,279.618,330.817,404.446,408.505,474.202,540.642,546.02
96,"r23m0124.hpc.itc.rwth-aachen.de",138,"r23m0124.hpc.itc.rwth-aachen.de",42,"42",16384,20,288.324,370.333,441.89,418.655,473.107,511.356,519.837
96,"r23m0124.hpc.itc.rwth-aachen.de",139,"r23m0124.hpc.itc.rwth-aachen.de",43,"43",16384,20,280.944,331.741,398.573,419.47,514.065,540.546,571.364
96,"r23m0124.hpc.itc.rwth-aachen.de",140,"r23m0124.hpc.itc.rwth-aachen.de",44,"44",16384,20,269.761,306.655,385.533,396.241,493.509,528.173,538.743
96,"r23m0124.hpc.itc.rwth-aachen.de",141,"r23m0124.hpc.itc.rwth-aachen.de",45,"45",16384,20,264.479,395.11,470.854,448.463,513.551,547.047,558.636
96,"r23m0124.hpc.itc.rwth-aachen.de",142,"r23m0124.hpc.itc.rwth-aachen.de",46,"46",16384,20,308.437,375.264,407.13,418.211,472.377,514.904,521.74
96,"r23m0124.hpc.itc.rwth-aachen.de",143,"r23m0124.hpc.itc.rwth-aachen.de",47,"47",16384,20,272.654,371.939,459.159,439.902,496.547,547.15,582.745
96,"r23m0124.hpc.itc.rwth-aachen.de",144,"r23m0124.hpc.itc.rwth-aachen.de",48,"48",16384,20,297.027,372.666,453.279,438.621,499.971,535.25,538.261
96,"r23m0124.hpc.itc.rwth-aachen.de",145,"r23m0124.hpc.itc.rwth-aachen.de",49,"49",16384,20,273.835,315.944,383.512,400.335,458.666,534.514,552.007
96,"r23m0124.hpc.itc.rwth-aachen.de",146,"r23m0124.hpc.itc.rwth-aachen.de",50,"50",16384,20,286.495,365.966,413.072,424.614,494.918,535.274,550.107
96,"r23m0124.hpc.itc.rwth-aachen.de",147,"r23m0124.hpc.itc.rwth-aachen.de",51,"51",16384,20,294.241,378.714,467.215,444.001,501.68,545.474,590.358
96,"r23m0124.hpc.itc.rwth-aachen.de",148,"r23m0124.hpc.itc.rwth-aachen.de",52,"52",16384,20,278.92,362.487,495.478,459.825,526.929,554.179,566.485
96,"r23m0124.hpc.itc.rwth-aachen.de",149,"r23m0124.hpc.itc.rwth-aachen.de",53,"53",16384,20,268.007,342.772,452.964,425.401,499.952,531.129,548.352
96,"r23m0124.hpc.itc.rwth-aachen.de",150,"r23m0124.hpc.itc.rwth-aachen.de",54,"54",16384,20,284.289,444.01,486.125,466.189,515.828,546.169,565.423
96,"r23m0124.hpc.itc.rwth-aachen.de",151,"r23m0124.hpc.itc.rwth-aachen.de",55,"55",16384,20,287.38,475.904,491.221,488.271,522.48,549.22,581.924
96,"r23m0124.hpc.itc.rwth-aachen.de",152,"r23m0124.hpc.itc.rwth-aachen.de",56,"56",16384,20,334.186,470.489,487.973,472.715,503.669,542.298,548.394
96,"r23m0124.hpc.itc.rwth-aachen.de",153,"r23m0124.hpc.itc.rwth-aachen.de",57,"57",16384,20,293.838,430.07,490.038,450.932,503.939,532.501,532.95
96,"r23m0124.hpc.itc.rwth-aachen.de",154,"r23m0124.hpc.itc.rwth-aachen.de",58,"58",16384,20,350.509,461.979,490.974,489.811,531.714,545.436,555.165
96,"r23m0124.hpc.itc.rwth-aachen.de",155,"r23m0124.hpc.itc.rwth-aachen.de",59,"59",16384,20,311.934,465.816,491.168,483.104,515.507,540.854,546.309
96,"r23m0124.hpc.itc.rwth-aachen.de",156,"r23m0124.hpc.itc.rwth-aachen.de",60,"60",16384,20,444.304,482.809,504.295,501.113,522.856,541.029,544.497
96,"r23m0124.hpc.itc.rwth-aachen.de",157,"r23m0124.hpc.itc.rwth-aachen.de",61,"61",16384,20,409.941,464.973,493.942,487.058,508.665,532.602,537.606
96,"r23m0124.hpc.itc.rwth-aachen.de",158,"r23m0124.hpc.itc.rwth-aachen.de",62,"62",16384,20,429.151,491.507,505.651,505.51,528.287,543.571,546.124
96,"r23m0124.hpc.itc.rwth-aachen.de",159,"r23m0124.hpc.itc.rwth-aachen.de",63,"63",16384,20,439.254,482.489,498.617,498.167,518.322,537.363,550.777
96,"r23m0124.hpc.itc.rwth-aachen.de",160,"r23m0124.hpc.itc.rwth-aachen.de",64,"64",16384,20,6.631,16.0565,75.7945,163.059,346.858,474.133,572.356
96,"r23m0124.hpc.itc.rwth-aachen.de",161,"r23m0124.hpc.itc.rwth-aachen.de",65,"65",16384,20,8.729,9.82625,11.0335,43.4333,14.9682,233.005,401.422
96,"r23m0124.hpc.itc.rwth-aachen.de",162,"r23m0124.hpc.itc.rwth-aachen.de",66,"66",16384,20,8.61,14.2375,17.637,66.2897,38.3488,245.858,319.187
96,"r23m0124.hpc.itc.rwth-aachen.de",163,"r23m0124.hpc.itc.rwth-aachen.de",67,"67",16384,20,16.048,34.7057,93.6375,152.043,231.982,538.289,565.371
96,"r23m0124.hpc.itc.rwth-aachen.de",164,"r23m0124.hpc.itc.rwth-aachen.de",68,"68",16384,20,8.044,27.1608,49.7565,155.253,237.009,522.169,561.32
96,"r23m0124.hpc.itc.rwth-aachen.de",165,"r23m0124.hpc.itc.rwth-aachen.de",69,"69",16384,20,16.835,49.245,188.8,186.146,257.006,481.724,508.376
96,"r23m0124.hpc.itc.rwth-aachen.de",166,"r23m0124.hpc.itc.rwth-aachen.de",70,"70",16384,20,21.227,43.1847,184.531,218.231,380.881,488.951,593.989
96,"r23m0124.hpc.itc.rwth-aachen.de",167,"r23m0124.hpc.itc.rwth-aachen.de",71,"71",16384,20,38.003,154.071,289.739,295.377,429.951,547.978,560.252
96,"r23m0124.hpc.itc.rwth-aachen.de",168,"r23m0124.hpc.itc.rwth-aachen.de",72,"72",16384,20,27.6,46.024,101.723,160.475,221.927,469.746,556.151
96,"r23m0124.hpc.itc.rwth-aachen.de",169,"r23m0124.hpc.itc.rwth-aachen.de",73,"73",16384,20,15.341,38.9348,194.928,221.963,427.9,508.214,588.722
96,"r23m0124.hpc.itc.rwth-aachen.de",170,"r23m0124.hpc.itc.rwth-aachen.de",74,"74",16384,20,20.505,58.3235,149.397,202.71,289.301,485.414,617.036
96,"r23m0124.hpc.itc.rwth-aachen.de",171,"r23m0124.hpc.itc.rwth-aachen.de",75,"75",16384,20,34.606,177.288,327.092,313.27,467.294,546.674,552.437
96,"r23m0124.hpc.itc.rwth-aachen.de",172,"r23m0124.hpc.itc.rwth-aachen.de",76,"76",16384,20,44.707,103.924,226.132,260.958,398.562,527.237,603.864
96,"r23m0124.hpc.itc.rwth-aachen.de",173,"r23m0124.hpc.itc.rwth-aachen.de",77,"77",16384,20,44.245,113.955,252.976,273.165,383.468,575.046,610.974
96,"r23m0124.hpc.itc.rwth-aachen.de",174,"r23m0124.hpc.itc.rwth-aachen.de",78,"78",16384,20,140.896,215.159,283.017,318.919,409.443,567.713,575.516
96,"r23m0124.hpc.itc.rwth-aachen.de",175,"r23m0124.hpc.itc.rwth-aachen.de",79,"79",16384,20,51.845,110.024,184.082,213.328,281.182,519.028,551.421
96,"r23m0124.hpc.itc.rwth-aachen.de",176,"r23m0124.hpc.itc.rwth-aachen.de",80,"80",16384,20,22.715,35.4535,66.12,183.467,383.273,517.934,540.511
96,"r23m0124.hpc.itc.rwth-aachen.de",177,"r23m0124.hpc.itc.rwth-aachen.de",81,"81",16384,20,15.774,54.4997,142.615,186.251,252.339,486.197,549.013
96,"r23m0124.hpc.itc.rwth-aachen.de",178,"r23m0124.hpc.itc.rwth-aachen.de",82,"82",16384,20,36.67,58.3267,92.6435,148.526,205.259,418.132,514.293
96,"r23m0124.hpc.itc.rwth-aachen.de",179,"r23m0124.hpc.itc.rwth-aachen.de",83,"83",16384,20,98.981,146.749,242.273,269.78,370.252,495.348,571.342
96,"r23m0124.hpc.itc.rwth-aachen.de",180,"r23m0124.hpc.itc.rwth-aachen.de",84,"84",16384,20,75.552,135.437,199.038,215.531,271.404,408.982,554.529
96,"r23m0124.hpc.itc.rwth-aachen.de",181,"r23m0124.hpc.itc.rwth-aachen.de",85,"85",16384,20,50.343,186.172,233.394,243.358,324.786,411.6,433.269
96,"r23m0124.hpc.itc.rwth-aachen.de",182,"r23m0124.hpc.itc.rwth-aachen.de",86,"86",16384,20,128.174,174.602,256.764,295.553,421.656,538.817,597.843
96,"r23m0124.hpc.itc.rwth-aachen.de",183,"r23m0124.hpc.itc.rwth-aachen.de",87,"87",16384,20,67.456,145.954,242.066,285.394,434.385,535.008,553.286
96,"r23m0124.hpc.itc.rwth-aachen.de",184,"r23m0124.hpc.itc.rwth-aachen.de",88,"88",16384,20,97.418,201.075,266.88,282.61,391.589,452.501,521.878
96,"r23m0124.hpc.itc.rwth-aachen.de",185,"r23m0124.hpc.itc.rwth-aachen.de",89,"89",16384,20,85.762,173.129,301.246,298.06,455.29,492.124,579.226
96,"r23m0124.hpc.itc.rwth-aachen.de",186,"r23m0124.hpc.itc.rwth-aachen.de",90,"90",16384,20,68.218,162.635,319.87,315.797,444.997,556.748,597.159
96,"r23m0124.hpc.itc.rwth-aachen.de",187,"r23m0124.hpc.itc.rwth-aachen.de",91,"91",16384,20,57.258,136.993,264.087,246.054,310.931,444.1,498.638
96,"r23m0124.hpc.itc.rwth-aachen.de",188,"r23m0124.hpc.itc.rwth-aachen.de",92,"92",16384,20,75.469,193.167,252.621,297.636,411.178,566.334,584.803
96,"r23m0124.hpc.itc.rwth-aachen.de",189,"r23m0124.hpc.itc.rwth-aachen.de",93,"93",16384,20,114.746,192.352,254.966,284.538,362.758,536.68,538.672
96,"r23m0124.hpc.itc.rwth-aachen.de",190,"r23m0124.hpc.itc.rwth-aachen.de",94,"94",16384,20,93.62,201.029,284.033,293.429,358.404,458.562,541.332
96,"r23m0124.hpc.itc.rwth-aachen.de",191,"r23m0124.hpc.itc.rwth-aachen.de",95,"95",16384,20,118.403,229.88,287.436,296.892,367.732,455.803,501.627
96,"r23m0124.hpc.itc.rwth-aachen.de",0,"n23m0123.hpc.itc.rwth-aachen.de",0,"0",65536,20,6.879,7.4865,8.3345,8.54545,9.172,10.6441,10.854
96,"r23m0124.hpc.itc.rwth-aachen.de",1,"n23m0123.hpc.itc.rwth-aachen.de",1,"1",65536,20,5.304,6.87725,7.667,7.7329,8.84825,9.45555,9.979
96,"r23m0124.hpc.itc.rwth-aachen.de",2,"n23m0123.hpc.itc.rwth-aachen.de",2,"2",65536,20,6.146,7.735,8.402,8.21355,8.75175,9.51125,9.687
96,"r23m0124.hpc.itc.rwth-aachen.de",3,"n23m0123.hpc.itc.rwth-aachen.de",3,"3",65536,20,5.051,7.74225,10.1375,10.3552,12.8558,14.9157,16.962
96,"r23m0124.hpc.itc.rwth-aachen.de",4,"n23m0123.hpc.itc.rwth-aachen.de",4,"4",65536,20,6.369,6.878,7.5655,7.534,8.09125,8.62365,8.959
96,"r23m0124.hpc.itc.rwth-aachen.de",5,"n23m0123.hpc.itc.rwth-aachen.de",5,"5",65536,20,6.138,9.46125,12.678,12.0727,14.1425,16.2915,16.889
96,"r23m0124.hpc.itc.rwth-aachen.de",6,"n23m0123.hpc.itc.rwth-aachen.de",6,"6",65536,20,6.733,7.82875,8.795,10.9235,14.2893,16.556,17.316
96,"r23m0124.hpc.itc.rwth-aachen.de",7,"n23m0123.hpc.itc.rwth-aachen.de",7,"7",65536,20,5.012,6.4985,14.212,12.2929,16.4183,20.1548,21.253
96,"r23m0124.hpc.itc.rwth-aachen.de",8,"n23m0123.hpc.itc.rwth-aachen.de",8,"8",65536,20,6.015,11.05,14.568,13.6071,16.894,18.8888,22.058
96,"r23m0124.hpc.itc.rwth-aachen.de",9,"n23m0123.hpc.itc.rwth-aachen.de",9,"9",65536,20,5.695,7.07925,7.723,7.51245,8.00675,8.3899,8.711
96,"r23m0124.hpc.itc.rwth-aachen.de",10,"n23m0123.hpc.itc.rwth-aachen.de",10,"10",65536,20,5.729,12.024,16.292,15.0944,19.2647,19.9474,21.02
96,"r23m0124.hpc.itc.rwth-aachen.de",11,"n23m0123.hpc.itc.rwth-aachen.de",11,"11",65536,20,5.888,6.707,14.09,11.8208,15.1385,16.8775,17.628
96,"r23m0124.hpc.itc.rwth-aachen.de",12,"n23m0123.hpc.itc.rwth-aachen.de",12,"12",65536,20,5.064,7.207,8.321,8.03845,8.7835,9.4484,10.197
96,"r23m0124.hpc.itc.rwth-aachen.de",13,"n23m0123.hpc.itc.rwth-aachen.de",13,"13",65536,20,5.505,6.26625,6.615,6.56505,6.85125,7.34095,7.511
96,"r23m0124.hpc.itc.rwth-aachen.de",14,"n23m0123.hpc.itc.rwth-aachen.de",14,"14",65536,20,6.879,7.07525,7.4755,7.7747,8.51675,8.7431,9.011
96,"r23m0124.hpc.itc.rwth-aachen.de",15,"n23m0123.hpc.itc.rwth-aachen.de",15,"15",65536,20,5.168,5.8955,9.3695,8.5802,10.5787,12.1138,12.377
96,"r23m0124.hpc.itc.rwth-aachen.de",16,"n23m0123.hpc.itc.rwth-aachen.de",16,"16",65536,20,4.998,6.056,7.3465,8.94075,12.475,14.0723,14.458
96,"r23m0124.hpc.itc.rwth-aachen.de",17,"n23m0123.hpc.itc.rwth-aachen.de",17,"17",65536,20,5.904,8.005,11.321,10.6719,12.3555,15.4597,16.386
96,"r23m0124.hpc.itc.rwth-aachen.de",18,"n23m0123.hpc.itc.rwth-aachen.de",18,"18",65536,20,5.702,6.05075,7.498,7.373,8.4355,8.8422,9.055
96,"r23m0124.hpc.itc.rwth-aachen.de",19,"n23m0123.hpc.itc.rwth-aachen.de",19,"19",65536,20,5.142,5.884,6.3465,6.2878,6.688,7.16725,7.59
96,"r23m0124.hpc.itc.rwth-aachen.de",20,"n23m0123.hpc.itc.rwth-aachen.de",20,"20",65536,20,5.647,8.798,11.2205,10.8638,12.981,15.6422,16.729
96,"r23m0124.hpc.itc.rwth-aachen.de",21,"n23m0123.hpc.itc.rwth-aachen.de",21,"21",65536,20,5.453,7.32625,11.9595,10.8797,14.0672,16.1906,16.601
96,"r23m0124.hpc.itc.rwth-aachen.de",22,"n23m0123.hpc.itc.rwth-aachen.de",22,"22",65536,20,5.165,6.6035,7.1585,6.9743,7.60825,7.8367,7.964
96,"r23m0124.hpc.itc.rwth-aachen.de",23,"n23m0123.hpc.itc.rwth-aachen.de",23,"23",65536,20,5.467,6.65975,9.395,8.7808,10.2462,11.8173,12.697
96,"r23m0124.hpc.itc.rwth-aachen.de",24,"n23m0123.hpc.itc.rwth-aachen.de",24,"24",65536,20,5.921,7.22525,8.1495,7.84365,8.4295,9.05435,9.27
96,"r23m0124.hpc.itc.rwth-aachen.de",25,"n23m0123.hpc.itc.rwth-aachen.de",25,"25",65536,20,5.786,9.643,10.706,10.7454,12.7732,13.9624,13.988
96,"r23m0124.hpc.itc.rwth-aachen.de",26,"n23m0123.hpc.itc.rwth-aachen.de",26,"26",65536,20,6.211,7.554,8.1045,7.92665,8.59025,8.93105,8.97
96,"r23m0124.hpc.itc.rwth-aachen.de",27,"n23m0123.hpc.itc.rwth-aachen.de",27,"27",65536,20,5.575,5.9895,6.537,6.5879,7.30025,7.4339,7.489
96,"r23m0124.hpc.itc.rwth-aachen.de",28,"n23m0123.hpc.itc.rwth-aachen.de",28,"28",65536,20,5.408,7.49125,8.226,8.2751,8.5385,9.72585,15.993
96,"r23m0124.hpc.itc.rwth-aachen.de",29,"n23m0123.hpc.itc.rwth-aachen.de",29,"29",65536,20,6.534,7.59175,7.905,7.86095,8.11625,8.53285,9.119
96,"r23m0124.hpc.itc.rwth-aachen.de",30,"n23m0123.hpc.itc.rwth-aachen.de",30,"30",65536,20,6.056,11.553,13.521,12.7538,14.2043,16.0465,17.71
96,"r23m0124.hpc.itc.rwth-aachen.de",31,"n23m0123.hpc.itc.rwth-aachen.de",31,"31",65536,20,5.911,12.4247,14.7035,13.7124,15.352,16.8806,18.279
96,"r23m0124.hpc.itc.rwth-aachen.de",32,"n23m0123.hpc.itc.rwth-aachen.de",32,"32",65536,20,5.361,6.1425,6.4385,6.85185,7.068,8.85,10.275
96,"r23m0124.hpc.itc.rwth-aachen.de",33,"n23m0123.hpc.itc.rwth-aachen.de",33,"33",65536,20,5.077,6.36775,6.893,9.17285,11.8023,14.677,16.045
96,"r23m0124.hpc.itc.rwth-aachen.de",34,"n23m0123.hpc.itc.rwth-aachen.de",34,"34",65536,20,5.335,5.78825,6.4665,7.67935,8.76225,13.3687,14.122
96,"r23m0124.hpc.itc.rwth-aachen.de",35,"n23m0123.hpc.itc.rwth-aachen.de",35,"35",65536,20,5.822,7.07875,8.1695,8.8749,9.831,14.0493,15.575
96,"r23m0124.hpc.itc.rwth-aachen.de",36,"n23m0123.hpc.itc.rwth-aachen.de",36,"36",65536,20,5.457,6.85175,13.353,11.314,14.476,16.1662,16.398
96,"r23m0124.hpc.itc.rwth-aachen.de",37,"n23m0123.hpc.itc.rwth-aachen.de",37,"37",65536,20,5.682,6.955,7.4105,7.3886,7.877,8.68335,8.785
96,"r23m0124.hpc.itc.rwth-aachen.de",38,"n23m0123.hpc.itc.rwth-aachen.de",38,"38",65536,20,5.443,7.036,10.8685,10.0298,12.777,14.888,15.381
96,"r23m0124.hpc.itc.rwth-aachen.de",39,"n23m0123.hpc.itc.rwth-aachen.de",39,"39",65536,20,4.837,7.981,9.9785,10.7439,14.038,16.9753,17.171
96,"r23m0124.hpc.itc.rwth-aachen.de",40,"n23m0123.hpc.itc.rwth-aachen.de",40,"40",65536,20,5.308,6.35375,10.544,9.83905,12.6578,14.2356,15.386
96,"r23m0124.hpc.itc.rwth-aachen.de",41,"n23m0123.hpc.itc.rwth-aachen.de",41,"41",65536,20,5.911,7.1465,10.3795,9.9504,12.1043,15.7246,15.946
96,"r23m0124.hpc.itc.rwth-aachen.de",42,"n23m0123.hpc.itc.rwth-aachen.de",42,"42",65536,20,5.505,6.1195,6.897,6.80925,7.2745,8.088,8.335
96,"r23m0124.hpc.itc.rwth-aachen.de",43,"n23m0123.hpc.itc.rwth-aachen.de",43,"43",65536,20,4.99,6.12225,9.2535,9.36845,12.4247,13.7588,14.078
96,"r23m0124.hpc.itc.rwth-aachen.de",44,"n23m0123.hpc.itc.rwth-aachen.de",44,"44",65536,20,5.425,5.9885,6.4785,6.39175,6.82825,7.1166,7.128
96,"r23m0124.hpc.itc.rwth-aachen.de",45,"n23m0123.hpc.itc.rwth-aachen.de",45,"45",65536,20,5.217,7.0615,7.7445,7.6052,8.339,9.1165,9.734
96,"r23m0124.hpc.itc.rwth-aachen.de",46,"n23m0123.hpc.itc.rwth-aachen.de",46,"46",65536,20,5.382,6.73925,7.541,7.28055,7.7935,8.74285,9.519
96,"r23m0124.hpc.itc.rwth-aachen.de",47,"n23m0123.hpc.itc.rwth-aachen.de",47,"47",65536,20,5.807,6.8215,7.5145,7.45495,8.12325,8.76415,9.508
96,"r23m0124.hpc.itc.rwth-aachen.de",48,"n23m0123.hpc.itc.rwth-aachen.de",48,"48",65536,20,1034.39,1691.99,1747.17,1722.94,1802.82,1882.69,1907.14
96,"r23m0124.hpc.itc.rwth-aachen.de",49,"n23m0123.hpc.itc.rwth-aachen.de",49,"49",65536,20,1638.51,1686.76,1745.61,1739.57,1788.18,1826.67,1844.88
96,"r23m0124.hpc.itc.rwth-aachen.de",50,"n23m0123.hpc.itc.rwth-aachen.de",50,"50",65536,20,1167.16,1689.62,1768.32,1736.13,1834.87,1920.98,1922.42
96,"r23m0124.hpc.itc.rwth-aachen.de",51,"n23m0123.hpc.itc.rwth-aachen.de",51,"51",65536,20,1203.36,1697.47,1723.59,1721.26,1804.19,1825.96,1829.53
96,"r23m0124.hpc.itc.rwth-aachen.de",52,"n23m0123.hpc.itc.rwth-aachen.de",52,"52",65536,20,569.738,1650.52,1742.43,1678.55,1789.83,1875.62,1877.03
96,"r23m0124.hpc.itc.rwth-aachen.de",53,"n23m0123.hpc.itc.rwth-aachen.de",53,"53",65536,20,1083.36,1651.43,1729.6,1693.67,1762.96,1844.65,1890.45
96,"r23m0124.hpc.itc.rwth-aachen.de",54,"n23m0123.hpc.itc.rwth-aachen.de",54,"54",65536,20,238.492,1701.5,1777.81,1751.97,1863.7,1980.48,2687.9
96,"r23m0124.hpc.itc.rwth-aachen.de",55,"n23m0123.hpc.itc.rwth-aachen.de",55,"55",65536,20,1109.89,1641.23,1698.7,1678.29,1751.74,1836.57,1847.43
96,"r23m0124.hpc.itc.rwth-aachen.de",56,"n23m0123.hpc.itc.rwth-aachen.de",56,"56",65536,20,1088.15,1655.09,1777.99,1712.85,1798.72,1848.46,1893.12
96,"r23m0124.hpc.itc.rwth-aachen.de",57,"n23m0123.hpc.itc.rwth-aachen.de",57,"57",65536,20,1203.57,1683.76,1731.88,1732.31,1833.34,1897.06,1897.86
96,"r23m0124.hpc.itc.rwth-aachen.de",58,"n23m0123.hpc.itc.rwth-aachen.de",58,"58",65536,20,1655.34,1723.74,1784.66,1799.28,1867.33,1930.17,2090.08
96,"r23m0124.hpc.itc.rwth-aachen.de",59,"n23m0123.hpc.itc.rwth-aachen.de",59,"59",65536,20,969.721,1719.54,1811.11,1754.06,1847.92,1930.58,1946.42
96,"r23m0124.hpc.itc.rwth-aachen.de",60,"n23m0123.hpc.itc.rwth-aachen.de",60,"60",65536,20,987.065,1685.07,1765.88,1716.66,1821.81,1850.25,1851.57
96,"r23m0124.hpc.itc.rwth-aachen.de",61,"n23m0123.hpc.itc.rwth-aachen.de",61,"61",65536,20,1265.72,1685.29,1763.96,1739.86,1828.81,1898.02,1950.59
96,"r23m0124.hpc.itc.rwth-aachen.de",62,"n23m0123.hpc.itc.rwth-aachen.de",62,"62",65536,20,1171.62,1699.81,1779.34,1735.09,1825.36,1846.46,1922.52
96,"r23m0124.hpc.itc.rwth-aachen.de",63,"n23m0123.hpc.itc.rwth-aachen.de",63,"63",65536,20,1208.78,1721.28,1772.09,1757.46,1857.02,1901.21,1995.82
96,"r23m0124.hpc.itc.rwth-aachen.de",64,"n23m0123.hpc.itc.rwth-aachen.de",64,"64",65536,20,1545.44,1608.72,1664.42,1666.83,1703.53,1778.32,1817.3
96,"r23m0124.hpc.itc.rwth-aachen.de",65,"n23m0123.hpc.itc.rwth-aachen.de",65,"65",65536,20,1589.41,1661.67,1720.12,1750.04,1805.26,1884.95,2169.19
96,"r23m0124.hpc.itc.rwth-aachen.de",66,"n23m0123.hpc.itc.rwth-aachen.de",66,"66",65536,20,1170.47,1618.53,1708.48,1681.42,1763.93,1828.29,1875.78
96,"r23m0124.hpc.itc.rwth-aachen.de",67,"n23m0123.hpc.itc.rwth-aachen.de",67,"67",65536,20,1112.93,1616.51,1686.01,1671.81,1762.39,1820.86,1879.63
96,"r23m0124.hpc.itc.rwth-aachen.de",68,"n23m0123.hpc.itc.rwth-aachen.de",68,"68",65536,20,1590.25,1617.82,1702.12,1710.37,1772.79,1875.23,1884.29
96,"r23m0124.hpc.itc.rwth-aachen.de",69,"n23m0123.hpc.itc.rwth-aachen.de",69,"69",65536,20,1253.4,1617.74,1674.77,1687.35,1766.27,1898.05,1931.79
96,"r23m0124.hpc.itc.rwth-aachen.de",70,"n23m0123.hpc.itc.rwth-aachen.de",70,"70",65536,20,1234.88,1658.31,1682.82,1699.35,1804.54,1872.68,1875.59
96,"r23m0124.hpc.itc.rwth-aachen.de",71,"n23m0123.hpc.itc.rwth-aachen.de",71,"71",65536,20,919.166,1639.02,1753.01,1764.06,1799.53,1974.52,2995.51
96,"r23m0124.hpc.itc.rwth-aachen.de",72,"n23m0123.hpc.itc.rwth-aachen.de",72,"72",65536,20,1109.58,1658.55,1776.21,1741.69,1840.54,1920.36,1947.01
96,"r23m0124.hpc.itc.rwth-aachen.de",73,"n23m0123.hpc.itc.rwth-aachen.de",73,"73",65536,20,1315.18,1642.33,1674.58,1694.75,1785.48,1839.35,1871.34
96,"r23m0124.hpc.itc.rwth-aachen.de",74,"n23m0123.hpc.itc.rwth-aachen.de",74,"74",65536,20,1149.99,1659.83,1736.51,1701.94,1785.59,1845.02,1893.66
96,"r23m0124.hpc.itc.rwth-aachen.de",75,"n23m0123.hpc.itc.rwth-aachen.de",75,"75",65536,20,1140.75,1655.88,1751.52,1737.27,1822.42,1906.52,2079.85
96,"r23m0124.hpc.itc.rwth-aachen.de",76,"n23m0123.hpc.itc.rwth-aachen.de",76,"76",65536,20,1328.11,1686.39,1715.57,1735.03,1798.51,1879.65,2058.94
96,"r23m0124.hpc.itc.rwth-aachen.de",77,"n23m0123.hpc.itc.rwth-aachen.de",77,"77",65536,20,1234.9,1686.69,1769.75,1752.58,1840.21,1944.8,1953.7
96,"r23m0124.hpc.itc.rwth-aachen.de",78,"n23m0123.hpc.itc.rwth-aachen.de",78,"78",65536,20,1178.85,1657.99,1712.07,1693.15,1783.35,1828.94,1830.43
96,"r23m0124.hpc.itc.rwth-aachen.de",79,"n23m0123.hpc.itc.rwth-aachen.de",79,"79",65536,20,1617.14,1664.97,1774.33,1847.15,1837.97,2098.97,3502.76
96,"r23m0124.hpc.itc.rwth-aachen.de",80,"n23m0123.hpc.itc.rwth-aachen.de",80,"80",65536,20,999.225,1656.33,1743.66,1697.08,1783.57,1827.33,1855.88
96,"r23m0124.hpc.itc.rwth-aachen.de",81,"n23m0123.hpc.itc.rwth-aachen.de",81,"81",65536,20,1589.06,1687.35,1734.47,1806.31,1764.68,1955.67,3290.2
96,"r23m0124.hpc.itc.rwth-aachen.de",82,"n23m0123.hpc.itc.rwth-aachen.de",82,"82",65536,20,1178.13,1630.5,1717.54,1745.11,1842.04,1950.37,2467.15
96,"r23m0124.hpc.itc.rwth-aachen.de",83,"n23m0123.hpc.itc.rwth-aachen.de",83,"83",65536,20,1154.02,1710.3,1773.87,1742.9,1825.48,1880.27,1896.93
96,"r23m0124.hpc.itc.rwth-aachen.de",84,"n23m0123.hpc.itc.rwth-aachen.de",84,"84",65536,20,1250.23,1654.47,1740.7,1708.15,1776.44,1842.63,1871.64
96,"r23m0124.hpc.itc.rwth-aachen.de",85,"n23m0123.hpc.itc.rwth-aachen.de",85,"85",65536,20,1248.6,1655.92,1732.92,1701.2,1766.65,1835.99,1849.85
96,"r23m0124.hpc.itc.rwth-aachen.de",86,"n23m0123.hpc.itc.rwth-aachen.de",86,"86",65536,20,1158.12,1701.95,1739.81,1718.26,1771.71,1896.86,1921.63
96,"r23m0124.hpc.itc.rwth-aachen.de",87,"n23m0123.hpc.itc.rwth-aachen.de",87,"87",65536,20,1331.22,1684.68,1759.05,1735.69,1827.03,1854.5,1868.88
96,"r23m0124.hpc.itc.rwth-aachen.de",88,"n23m0123.hpc.itc.rwth-aachen.de",88,"88",65536,20,1277.64,1734.24,1821.91,1786.52,1859.91,1934.29,1946.39
96,"r23m0124.hpc.itc.rwth-aachen.de",89,"n23m0123.hpc.itc.rwth-aachen.de",89,"89",65536,20,1094.9,1690.74,1773.58,1750.38,1842.15,1953.41,2045.81
96,"r23m0124.hpc.itc.rwth-aachen.de",90,"n23m0123.hpc.itc.rwth-aachen.de",90,"90",65536,20,1210.43,1680.97,1736.88,1719.46,1808.29,1850.25,1870.07
96,"r23m0124.hpc.itc.rwth-aachen.de",91,"n23m0123.hpc.itc.rwth-aachen.de",91,"91",65536,20,1197.6,1716.61,1835.53,1897.95,1860.38,2067.61,4385.55
96,"r23m0124.hpc.itc.rwth-aachen.de",92,"n23m0123.hpc.itc.rwth-aachen.de",92,"92",65536,20,1316.9,1658.72,1759.03,1767.17,1836.16,1965.08,2594.21
96,"r23m0124.hpc.itc.rwth-aachen.de",93,"n23m0123.hpc.itc.rwth-aachen.de",93,"93",65536,20,1225.09,1665.65,1692.91,1694.71,1773.97,1832.53,1837.37
96,"r23m0124.hpc.itc.rwth-aachen.de",94,"n23m0123.hpc.itc.rwth-aachen.de",94,"94",65536,20,1527.82,1686.9,1748.77,1754.13,1827.4,1864.74,1993.34
96,"r23m0124.hpc.itc.rwth-aachen.de",95,"n23m0123.hpc.itc.rwth-aachen.de",95,"95",65536,20,1606.18,1721.63,1823.02,1814.73,1846.17,2067.28,2282.93
96,"r23m0124.hpc.itc.rwth-aachen.de",97,"r23m0124.hpc.itc.rwth-aachen.de",1,"1",65536,20,52.088,135.431,274.637,340.057,508.16,740.864,767.204
96,"r23m0124.hpc.itc.rwth-aachen.de",98,"r23m0124.hpc.itc.rwth-aachen.de",2,"2",65536,20,48.421,409.649,584.723,598.035,754.019,1036.44,1189.7
96,"r23m0124.hpc.itc.rwth-aachen.de",99,"r23m0124.hpc.itc.rwth-aachen.de",3,"3",65536,20,46.025,126.614,240.476,343.757,554.294,840.167,1117.36
96,"r23m0124.hpc.itc.rwth-aachen.de",100,"r23m0124.hpc.itc.rwth-aachen.de",4,"4",65536,20,50.817,215.767,319.858,443.293,607.971,1117.81,1142.38
96,"r23m0124.hpc.itc.rwth-aachen.de",101,"r23m0124.hpc.itc.rwth-aachen.de",5,"5",65536,20,30.727,246.786,421.232,429.147,578.027,773.201,1061.73
96,"r23m0124.hpc.itc.rwth-aachen.de",102,"r23m0124.hpc.itc.rwth-aachen.de",6,"6",65536,20,118.341,399.76,606.543,578.074,728.844,1020.89,1185.82
96,"r23m0124.hpc.itc.rwth-aachen.de",103,"r23m0124.hpc.itc.rwth-aachen.de",7,"7",65536,20,77.713,291.149,521.612,500.143,709.421,901.063,1047.98
96,"r23m0124.hpc.itc.rwth-aachen.de",104,"r23m0124.hpc.itc.rwth-aachen.de",8,"8",65536,20,149.981,405.593,518.466,568.321,668.493,939.884,1150.04
96,"r23m0124.hpc.itc.rwth-aachen.de",105,"r23m0124.hpc.itc.rwth-aachen.de",9,"9",65536,20,77.971,348.571,508.246,533.041,747.038,928.271,962.3
96,"r23m0124.hpc.itc.rwth-aachen.de",106,"r23m0124.hpc.itc.rwth-aachen.de",10,"10",65536,20,89.52,290.973,576.245,531.542,728.012,942.462,1001.39
96,"r23m0124.hpc.itc.rwth-aachen.de",107,"r23m0124.hpc.itc.rwth-aachen.de",11,"11",65536,20,58.383,251.576,482.053,485.344,735.273,869.328,1044.45
96,"r23m0124.hpc.itc.rwth-aachen.de",108,"r23m0124.hpc.itc.rwth-aachen.de",12,"12",65536,20,77.587,340.075,502.076,533.557,729.361,1004.07,1153.22
96,"r23m0124.hpc.itc.rwth-aachen.de",109,"r23m0124.hpc.itc.rwth-aachen.de",13,"13",65536,20,105.689,335.803,536.494,556.52,687.784,1134.82,1237.51
96,"r23m0124.hpc.itc.rwth-aachen.de",110,"r23m0124.hpc.itc.rwth-aachen.de",14,"14",65536,20,178.61,381.478,549.918,597.098,811.479,1142.41,1176.87
96,"r23m0124.hpc.itc.rwth-aachen.de",111,"r23m0124.hpc.itc.rwth-aachen.de",15,"15",65536,20,137.792,298.933,507.688,486.727,648.232,807.818,931.636
96,"r23m0124.hpc.itc.rwth-aachen.de",112,"r23m0124.hpc.itc.rwth-aachen.de",16,"16",65536,20,118.912,320.438,550.794,516.192,674.178,795.269,865.084
96,"r23m0124.hpc.itc.rwth-aachen.de",113,"r23m0124.hpc.itc.rwth-aachen.de",17,"17",65536,20,166.381,302.783,596.205,551.495,670.042,978.073,1024
96,"r23m0124.hpc.itc.rwth-aachen.de",114,"r23m0124.hpc.itc.rwth-aachen.de",18,"18",65536,20,109.597,366.227,514.38,531.284,621.708,972.629,1135.98
96,"r23m0124.hpc.itc.rwth-aachen.de",115,"r23m0124.hpc.itc.rwth-aachen.de",19,"19",65536,20,151.3,301.19,485.399,483.062,647.242,776.208,871.482
96,"r23m0124.hpc.itc.rwth-aachen.de",116,"r23m0124.hpc.itc.rwth-aachen.de",20,"20",65536,20,202.057,345.813,434.784,516.319,597.176,941.142,1000.74
96,"r23m0124.hpc.itc.rwth-aachen.de",117,"r23m0124.hpc.itc.rwth-aachen.de",21,"21",65536,20,209.412,368.914,563.697,537.835,710.599,828.167,850.022
96,"r23m0124.hpc.itc.rwth-aachen.de",118,"r23m0124.hpc.itc.rwth-aachen.de",22,"22",65536,20,80.82,473.814,599.804,578.824,740.667,922.711,1083
96,"r23m0124.hpc.itc.rwth-aachen.de",119,"r23m0124.hpc.itc.rwth-aachen.de",23,"23",65536,20,153.375,413.759,614.014,583.674,750.766,916.952,916.966
96,"r23m0124.hpc.itc.rwth-aachen.de",120,"r23m0124.hpc.itc.rwth-aachen.de",24,"24",65536,20,183.138,527.451,648.795,626.359,707.699,893.601,988.008
96,"r23m0124.hpc.itc.rwth-aachen.de",121,"r23m0124.hpc.itc.rwth-aachen.de",25,"25",65536,20,279.213,424.517,616.655,622.25,669.554,1147.61,1175.73
96,"r23m0124.hpc.itc.rwth-aachen.de",122,"r23m0124.hpc.itc.rwth-aachen.de",26,"26",65536,20,193.027,389.803,496.36,551.674,690.544,935.44,974.703
96,"r23m0124.hpc.itc.rwth-aachen.de",123,"r23m0124.hpc.itc.rwth-aachen.de",27,"27",65536,20,71.949,365.188,471.736,530.197,764.848,867.343,1008.28
96,"r23m0124.hpc.itc.rwth-aachen.de",124,"r23m0124.hpc.itc.rwth-aachen.de",28,"28",65536,20,217.587,456.06,614.851,585.535,688.693,843.527,1161.88
96,"r23m0124.hpc.itc.rwth-aachen.de",125,"r23m0124.hpc.itc.rwth-aachen.de",29,"29",65536,20,34.959,440.023,545.423,573.83,799.107,1015.69,1101.14
96,"r23m0124.hpc.itc.rwth-aachen.de",126,"r23m0124.hpc.itc.rwth-aachen.de",30,"30",65536,20,145.083,520.202,616.136,617.325,765.707,994.814,1165.12
96,"r23m0124.hpc.itc.rwth-aachen.de",127,"r23m0124.hpc.itc.rwth-aachen.de",31,"31",65536,20,91.614,380.657,582.553,562.882,787.141,903.001,1088.09
96,"r23m0124.hpc.itc.rwth-aachen.de",128,"r23m0124.hpc.itc.rwth-aachen.de",32,"32",65536,20,545.789,774.914,935.169,896.245,1035.11,1099.88,1251.55
96,"r23m0124.hpc.itc.rwth-aachen.de",129,"r23m0124.hpc.itc.rwth-aachen.de",33,"33",65536,20,560.28,754.495,920.378,907.28,1050.54,1126.48,1229.35
96,"r23m0124.hpc.itc.rwth-aachen.de",130,"r23m0124.hpc.itc.rwth-aachen.de",34,"34",65536,20,15.828,830.304,912.596,873.164,1009.61,1177.48,1265.05
96,"r23m0124.hpc.itc.rwth-aachen.de",131,"r23m0124.hpc.itc.rwth-aachen.de",35,"35",65536,20,299.795,725.297,951.1,867.542,998.642,1077.09,1159.79
96,"r23m0124.hpc.itc.rwth-aachen.de",132,"r23m0124.hpc.itc.rwth-aachen.de",36,"36",65536,20,372.507,817.169,925.772,879.139,978.353,1087.15,1175.66
96,"r23m0124.hpc.itc.rwth-aachen.de",133,"r23m0124.hpc.itc.rwth-aachen.de",37,"37",65536,20,526.541,638.726,886.592,846.71,985.378,1109.58,1215.1
96,"r23m0124.hpc.itc.rwth-aachen.de",134,"r23m0124.hpc.itc.rwth-aachen.de",38,"38",65536,20,90.694,877.745,950.259,888.525,1030.76,1199.49,1207.55
96,"r23m0124.hpc.itc.rwth-aachen.de",135,"r23m0124.hpc.itc.rwth-aachen.de",39,"39",65536,20,539.407,770.993,956.603,895.508,1001.66,1094.01,1159.51
96,"r23m0124.hpc.itc.rwth-aachen.de",136,"r23m0124.hpc.itc.rwth-aachen.de",40,"40",65536,20,184.377,857.944,1002.31,909.981,1052.17,1099.02,1270.62
96,"r23m0124.hpc.itc.rwth-aachen.de",137,"r23m0124.hpc.itc.rwth-aachen.de",41,"41",65536,20,528.45,857.346,912.301,880.165,949.762,1060.64,1165.92
96,"r23m0124.hpc.itc.rwth-aachen.de",138,"r23m0124.hpc.itc.rwth-aachen.de",42,"42",65536,20,15.659,865.585,1016.09,917.957,1085.01,1241.74,1264.36
96,"r23m0124.hpc.itc.rwth-aachen.de",139,"r23m0124.hpc.itc.rwth-aachen.de",43,"43",65536,20,273.957,770.355,943.675,888.135,1031.25,1095.23,1118.69
96,"r23m0124.hpc.itc.rwth-aachen.de",140,"r23m0124.hpc.itc.rwth-aachen.de",44,"44",65536,20,537.522,737.969,971.033,900.732,1034.85,1110.19,1183.03
96,"r23m0124.hpc.itc.rwth-aachen.de",141,"r23m0124.hpc.itc.rwth-aachen.de",45,"45",65536,20,223.122,837.765,968.119,910.161,1083.83,1184.25,1212.55
96,"r23m0124.hpc.itc.rwth-aachen.de",142,"r23m0124.hpc.itc.rwth-aachen.de",46,"46",65536,20,18.465,851.241,1013.54,923.785,1057.88,1157.92,1223.2
96,"r23m0124.hpc.itc.rwth-aachen.de",143,"r23m0124.hpc.itc.rwth-aachen.de",47,"47",65536,20,223.413,745.895,869.922,820.519,957.08,1063.79,1080.74
96,"r23m0124.hpc.itc.rwth-aachen.de",144,"r23m0124.hpc.itc.rwth-aachen.de",48,"48",65536,20,170.124,922.969,1028.61,931.93,1090.07,1139.83,1237.64
96,"r23m0124.hpc.itc.rwth-aachen.de",145,"r23m0124.hpc.itc.rwth-aachen.de",49,"49",65536,20,195.449,894.5,998.867,930.065,1093.37,1164.6,1184.08
96,"r23m0124.hpc.itc.rwth-aachen.de",146,"r23m0124.hpc.itc.rwth-aachen.de",50,"50",65536,20,14.963,855.404,981.428,922.749,1076.69,1118.63,1158.64
96,"r23m0124.hpc.itc.rwth-aachen.de",147,"r23m0124.hpc.itc.rwth-aachen.de",51,"51",65536,20,517.457,922.21,998.916,955.688,1065.18,1148.12,1201.7
96,"r23m0124.hpc.itc.rwth-aachen.de",148,"r23m0124.hpc.itc.rwth-aachen.de",52,"52",65536,20,13.666,923.746,1006.64,913.978,1065.76,1155.26,1195.25
96,"r23m0124.hpc.itc.rwth-aachen.de",149,"r23m0124.hpc.itc.rwth-aachen.de",53,"53",65536,20,160.184,876.706,957.849,926.292,1073.4,1197.98,1292.74
96,"r23m0124.hpc.itc.rwth-aachen.de",150,"r23m0124.hpc.itc.rwth-aachen.de",54,"54",65536,20,195.451,858.366,960.974,921.903,1081.98,1140.47,1208.1
96,"r23m0124.hpc.itc.rwth-aachen.de",151,"r23m0124.hpc.itc.rwth-aachen.de",55,"55",65536,20,61.07,824.64,1014.85,907.001,1099.78,1181.48,1197.95
96,"r23m0124.hpc.itc.rwth-aachen.de",152,"r23m0124.hpc.itc.rwth-aachen.de",56,"56",65536,20,18.071,859.806,964.159,883.343,1025.48,1064.01,1079.9
96,"r23m0124.hpc.itc.rwth-aachen.de",153,"r23m0124.hpc.itc.rwth-aachen.de",57,"57",65536,20,446.24,836.91,897.08,913.182,1057.51,1206.94,1250.42
96,"r23m0124.hpc.itc.rwth-aachen.de",154,"r23m0124.hpc.itc.rwth-aachen.de",58,"58",65536,20,120.504,753.509,858.566,827.262,981.008,1187.11,1210.53
96,"r23m0124.hpc.itc.rwth-aachen.de",155,"r23m0124.hpc.itc.rwth-aachen.de",59,"59",65536,20,106.496,782.142,896.581,833.672,1038.38,1116.24,1140.92
96,"r23m0124.hpc.itc.rwth-aachen.de",156,"r23m0124.hpc.itc.rwth-aachen.de",60,"60",65536,20,206.039,779.992,853.741,837.353,1028.33,1128.4,1191.06
96,"r23m0124.hpc.itc.rwth-aachen.de",157,"r23m0124.hpc.itc.rwth-aachen.de",61,"61",65536,20,522.676,794.337,854.699,855.498,952.965,1070.68,1147.12
96,"r23m0124.hpc.itc.rwth-aachen.de",158,"r23m0124.hpc.itc.rwth-aachen.de",62,"62",65536,20,106.092,721.132,897.331,853.317,1041.93,1086.67,1192
96,"r23m0124.hpc.itc.rwth-aachen.de",159,"r23m0124.hpc.itc.rwth-aachen.de",63,"63",65536,20,32.133,756.587,857.273,799.258,991.139,1085.35,1122.49
96,"r23m0124.hpc.itc.rwth-aachen.de",160,"r23m0124.hpc.itc.rwth-aachen.de",64,"64",65536,20,15.718,87.7095,364.504,436.242,784.225,1111.85,1139.13
96,"r23m0124.hpc.itc.rwth-aachen.de",161,"r23m0124.hpc.itc.rwth-aachen.de",65,"65",65536,20,20.174,36.4045,165.156,315.123,502.047,854.137,945.622
96,"r23m0124.hpc.itc.rwth-aachen.de",162,"r23m0124.hpc.itc.rwth-aachen.de",66,"66",65536,20,20.722,55.883,212.862,346.648,518.606,1125.69,1157.05
96,"r23m0124.hpc.itc.rwth-aachen.de",163,"r23m0124.hpc.itc.rwth-aachen.de",67,"67",65536,20,18.847,60.4588,146.641,317.987,363.954,1121.4,1320.28
96,"r23m0124.hpc.itc.rwth-aachen.de",164,"r23m0124.hpc.itc.rwth-aachen.de",68,"68",65536,20,18.062,80.869,236.767,349.318,549.115,884.01,1184.56
96,"r23m0124.hpc.itc.rwth-aachen.de",165,"r23m0124.hpc.itc.rwth-aachen.de",69,"69",65536,20,17.617,197.285,471.866,485.442,775.476,1165.33,1172.6
96,"r23m0124.hpc.itc.rwth-aachen.de",166,"r23m0124.hpc.itc.rwth-aachen.de",70,"70",65536,20,18.423,69.5847,277.707,390.821,621.393,1084.97,1092.61
96,"r23m0124.hpc.itc.rwth-aachen.de",167,"r23m0124.hpc.itc.rwth-aachen.de",71,"71",65536,20,17.98,91.5055,226.195,314.917,449.147,914.095,1010.88
96,"r23m0124.hpc.itc.rwth-aachen.de",168,"r23m0124.hpc.itc.rwth-aachen.de",72,"72",65536,20,61.777,168.868,354.994,424.415,579.708,925.338,970.202
96,"r23m0124.hpc.itc.rwth-aachen.de",169,"r23m0124.hpc.itc.rwth-aachen.de",73,"73",65536,20,36.455,153.533,349.304,444.091,749.093,990.674,1025.06
96,"r23m0124.hpc.itc.rwth-aachen.de",170,"r23m0124.hpc.itc.rwth-aachen.de",74,"74",65536,20,17.434,180.901,375.796,408.598,630.243,850.621,917.861
96,"r23m0124.hpc.itc.rwth-aachen.de",171,"r23m0124.hpc.itc.rwth-aachen.de",75,"75",65536,20,23.666,178.422,454.095,510.13,744.025,1132.24,1187.13
96,"r23m0124.hpc.itc.rwth-aachen.de",172,"r23m0124.hpc.itc.rwth-aachen.de",76,"76",65536,20,52.634,125.803,361.745,473.919,834.268,951.218,1042.62
96,"r23m0124.hpc.itc.rwth-aachen.de",173,"r23m0124.hpc.itc.rwth-aachen.de",77,"77",65536,20,33.59,128.43,264.48,378.036,642.234,910.712,1070.33
96,"r23m0124.hpc.itc.rwth-aachen.de",174,"r23m0124.hpc.itc.rwth-aachen.de",78,"78",65536,20,35.922,190.435,312.795,455.393,752.589,967.214,1068.35
96,"r23m0124.hpc.itc.rwth-aachen.de",175,"r23m0124.hpc.itc.rwth-aachen.de",79,"79",65536,20,43.272,160.473,434.492,561.925,984.085,1107.37,1122.89
96,"r23m0124.hpc.itc.rwth-aachen.de",176,"r23m0124.hpc.itc.rwth-aachen.de",80,"80",65536,20,30.498,252.878,437.694,495.489,792.375,884.171,1101.76
96,"r23m0124.hpc.itc.rwth-aachen.de",177,"r23m0124.hpc.itc.rwth-aachen.de",81,"81",65536,20,96.426,276.94,478.234,592.019,900.25,1122.75,1160.51
96,"r23m0124.hpc.itc.rwth-aachen.de",178,"r23m0124.hpc.itc.rwth-aachen.de",82,"82",65536,20,34.573,138.772,319.161,399.585,495.566,1082.02,1082.23
96,"r23m0124.hpc.itc.rwth-aachen.de",179,"r23m0124.hpc.itc.rwth-aachen.de",83,"83",65536,20,186.499,307.25,474.042,583.936,914.652,1099.28,1161.76
96,"r23m0124.hpc.itc.rwth-aachen.de",180,"r23m0124.hpc.itc.rwth-aachen.de",84,"84",65536,20,94.664,317.7,461.452,506.009,820.458,950.212,987.687
96,"r23m0124.hpc.itc.rwth-aachen.de",181,"r23m0124.hpc.itc.rwth-aachen.de",85,"85",65536,20,195.824,304.49,450.779,569.65,794.906,1129.41,1151.69
96,"r23m0124.hpc.itc.rwth-aachen.de",182,"r23m0124.hpc.itc.rwth-aachen.de",86,"86",65536,20,87.776,313.163,357.284,427.468,515.513,851.943,1083.38
96,"r23m0124.hpc.itc.rwth-aachen.de",183,"r23m0124.hpc.itc.rwth-aachen.de",87,"87",65536,20,41.663,279.415,369.55,453.099,531.925,923.886,1179.89
96,"r23m0124.hpc.itc.rwth-aachen.de",184,"r23m0124.hpc.itc.rwth-aachen.de",88,"88",65536,20,81.885,348.278,488.889,592.143,779.838,1028.08,1173.42
96,"r23m0124.hpc.itc.rwth-aachen.de",185,"r23m0124.hpc.itc.rwth-aachen.de",89,"89",65536,20,220.139,373.68,541.835,571.492,762.403,962.727,1115.61
96,"r23m0124.hpc.itc.rwth-aachen.de",186,"r23m0124.hpc.itc.rwth-aachen.de",90,"90",65536,20,97.561,276.827,461.948,530.549,749.808,947.7,1189.61
96,"r23m0124.hpc.itc.rwth-aachen.de",187,"r23m0124.hpc.itc.rwth-aachen.de",91,"91",65536,20,81.646,241.287,355.918,444.758,787.109,834.438,864.238
96,"r23m0124.hpc.itc.rwth-aachen.de",188,"r23m0124.hpc.itc.rwth-aachen.de",92,"92",65536,20,51.242,301.192,430.798,512.633,668.176,1097.59,1293.74
96,"r23m0124.hpc.itc.rwth-aachen.de",189,"r23m0124.hpc.itc.rwth-aachen.de",93,"93",65536,20,104.246,280.986,431.822,556.66,837.483,1090.75,1147.57
96,"r23m0124.hpc.itc.rwth-aachen.de",190,"r23m0124.hpc.itc.rwth-aachen.de",94,"94",65536,20,20.291,232.202,461.179,505.734,815.605,1070.88,1150.56
96,"r23m0124.hpc.itc.rwth-aachen.de",191,"r23m0124.hpc.itc.rwth-aachen.de",95,"95",65536,20,123.459,268.623,352.962,477.333,788.956,889.58,963.088
96,"r23m0124.hpc.itc.rwth-aachen.de",0,"n23m0123.hpc.itc.rwth-aachen.de",0,"0",262144,20,3632.19,4027.54,4255.5,4405.07,4532.61,5530.37,5601.35
96,"r23m0124.hpc.itc.rwth-aachen.de",1,"n23m0123.hpc.itc.rwth-aachen.de",1,"1",262144,20,3514.79,4045.67,4150.98,4263.65,4516.6,4950.11,5582.95
96,"r23m0124.hpc.itc.rwth-aachen.de",2,"n23m0123.hpc.itc.rwth-aachen.de",2,"2",262144,20,3514.7,3975.07,4117.57,4294.98,4448.75,5417.53,5488.29
96,"r23m0124.hpc.itc.rwth-aachen.de",3,"n23m0123.hpc.itc.rwth-aachen.de",3,"3",262144,20,3633.3,3972.37,4299.69,4353.15,4750.58,5262.09,5325.66
96,"r23m0124.hpc.itc.rwth-aachen.de",4,"n23m0123.hpc.itc.rwth-aachen.de",4,"4",262144,20,3529.78,3962.65,4242.68,4343.37,4448.55,5677.4,5682.25
96,"r23m0124.hpc.itc.rwth-aachen.de",5,"n23m0123.hpc.itc.rwth-aachen.de",5,"5",262144,20,3530.47,3915.41,4191.35,4328.67,4474.27,5393.88,5561.3
96,"r23m0124.hpc.itc.rwth-aachen.de",6,"n23m0123.hpc.itc.rwth-aachen.de",6,"6",262144,20,3638.05,3967.03,4242.55,4326.21,4478.77,5545.1,5704.11
96,"r23m0124.hpc.itc.rwth-aachen.de",7,"n23m0123.hpc.itc.rwth-aachen.de",7,"7",262144,20,3590.18,3979.05,4208.02,4305.53,4552.76,5325.26,5341.16
96,"r23m0124.hpc.itc.rwth-aachen.de",8,"n23m0123.hpc.itc.rwth-aachen.de",8,"8",262144,20,3516.21,3948.6,4143.3,4332.77,4496.93,5493.51,5605.52
96,"r23m0124.hpc.itc.rwth-aachen.de",9,"n23m0123.hpc.itc.rwth-aachen.de",9,"9",262144,20,3530.63,3852.58,4089.86,4133.5,4198.72,5217.49,5560.51
96,"r23m0124.hpc.itc.rwth-aachen.de",10,"n23m0123.hpc.itc.rwth-aachen.de",10,"10",262144,20,3514.99,3830.9,4038.46,4232.5,4488.3,5390.86,5461.69
96,"r23m0124.hpc.itc.rwth-aachen.de",11,"n23m0123.hpc.itc.rwth-aachen.de",11,"11",262144,20,3514.24,3781.68,4142.2,4245.58,4513.77,5214.54,5532.45
96,"r23m0124.hpc.itc.rwth-aachen.de",12,"n23m0123.hpc.itc.rwth-aachen.de",12,"12",262144,20,3631.31,3885,4224.6,4231.16,4490.82,5061.55,5063.91
96,"r23m0124.hpc.itc.rwth-aachen.de",13,"n23m0123.hpc.itc.rwth-aachen.de",13,"13",262144,20,3515.57,3850.76,4018.02,4061.15,4153.02,4655.64,5065.48
96,"r23m0124.hpc.itc.rwth-aachen.de",14,"n23m0123.hpc.itc.rwth-aachen.de",14,"14",262144,20,3631.4,3881.09,3989.92,4161.9,4242.8,5110.68,5462.13
96,"r23m0124.hpc.itc.rwth-aachen.de",15,"n23m0123.hpc.itc.rwth-aachen.de",15,"15",262144,20,3638.35,3788.09,4024.71,4180.81,4360.33,4977.14,5535.73
96,"r23m0124.hpc.itc.rwth-aachen.de",16,"n23m0123.hpc.itc.rwth-aachen.de",16,"16",262144,20,3529.35,3853.25,4103.84,4215.09,4316.87,5487.49,5606.23
96,"r23m0124.hpc.itc.rwth-aachen.de",17,"n23m0123.hpc.itc.rwth-aachen.de",17,"17",262144,20,3514.62,3747.96,3970.1,4036.91,4115.1,4704.5,5467.19
96,"r23m0124.hpc.itc.rwth-aachen.de",18,"n23m0123.hpc.itc.rwth-aachen.de",18,"18",262144,20,3638.43,3845.05,4073.3,4172.1,4323.81,4930.19,5196.21
96,"r23m0124.hpc.itc.rwth-aachen.de",19,"n23m0123.hpc.itc.rwth-aachen.de",19,"19",262144,20,3528.92,3832.86,4122.87,4131.68,4244.9,4833.29,5323.69
96,"r23m0124.hpc.itc.rwth-aachen.de",20,"n23m0123.hpc.itc.rwth-aachen.de",20,"20",262144,20,3619.57,3853.08,4097.15,4192.53,4511.6,4834,5341.59
96,"r23m0124.hpc.itc.rwth-aachen.de",21,"n23m0123.hpc.itc.rwth-aachen.de",21,"21",262144,20,3522.55,3761.23,4209.02,4190.27,4263.57,5607.95,5624.37
96,"r23m0124.hpc.itc.rwth-aachen.de",22,"n23m0123.hpc.itc.rwth-aachen.de",22,"22",262144,20,3522.76,3980.97,4134.73,4190.49,4312.81,4963.2,5067.57
96,"r23m0124.hpc.itc.rwth-aachen.de",23,"n23m0123.hpc.itc.rwth-aachen.de",23,"23",262144,20,3522.53,3905.36,4174.61,4261.88,4412.45,5596.95,5607.36
96,"r23m0124.hpc.itc.rwth-aachen.de",24,"n23m0123.hpc.itc.rwth-aachen.de",24,"24",262144,20,3522.49,3844.79,4110.18,4208.84,4294.06,5492,5605.43
96,"r23m0124.hpc.itc.rwth-aachen.de",25,"n23m0123.hpc.itc.rwth-aachen.de",25,"25",262144,20,3634.6,3882.08,4074.99,4207.38,4272.17,5089.19,5569.35
96,"r23m0124.hpc.itc.rwth-aachen.de",26,"n23m0123.hpc.itc.rwth-aachen.de",26,"26",262144,20,3522.1,3828.12,4104.86,4105.73,4290.51,4694.72,5092.73
96,"r23m0124.hpc.itc.rwth-aachen.de",27,"n23m0123.hpc.itc.rwth-aachen.de",27,"27",262144,20,3593.96,3871.72,4085.48,4117.07,4322.64,4669.16,4769.21
96,"r23m0124.hpc.itc.rwth-aachen.de",28,"n23m0123.hpc.itc.rwth-aachen.de",28,"28",262144,20,3593.91,3763.17,4075.32,4196.26,4405.81,5112.28,5628.9
96,"r23m0124.hpc.itc.rwth-aachen.de",29,"n23m0123.hpc.itc.rwth-aachen.de",29,"29",262144,20,3592.77,3873.66,4156.02,4114.42,4326.96,4651.28,4918.47
96,"r23m0124.hpc.itc.rwth-aachen.de",30,"n23m0123.hpc.itc.rwth-aachen.de",30,"30",262144,20,3521.86,3848.08,4037.94,4044.75,4135.38,4555.31,5093.61
96,"r23m0124.hpc.itc.rwth-aachen.de",31,"n23m0123.hpc.itc.rwth-aachen.de",31,"31",262144,20,3523.24,3839.88,4079.37,4097.38,4243.32,4825.26,5089.16
96,"r23m0124.hpc.itc.rwth-aachen.de",32,"n23m0123.hpc.itc.rwth-aachen.de",32,"32",262144,20,867.19,3582.11,3829.57,3705.06,4083.63,4145.39,4179.64
96,"r23m0124.hpc.itc.rwth-aachen.de",33,"n23m0123.hpc.itc.rwth-aachen.de",33,"33",262144,20,3959.46,4447.77,4617.24,4711.49,5235.9,5451.32,5679.65
96,"r23m0124.hpc.itc.rwth-aachen.de",34,"n23m0123.hpc.itc.rwth-aachen.de",34,"34",262144,20,3963.84,4340.73,4701.86,4735.48,5200,5344,5410.12
96,"r23m0124.hpc.itc.rwth-aachen.de",35,"n23m0123.hpc.itc.rwth-aachen.de",35,"35",262144,20,4026.23,4508.56,4632.33,4713.21,4852.93,5300.02,5462.03
96,"r23m0124.hpc.itc.rwth-aachen.de",36,"n23m0123.hpc.itc.rwth-aachen.de",36,"36",262144,20,3845.81,4609.94,4817.05,4868.6,5218.54,5519.63,5679.78
96,"r23m0124.hpc.itc.rwth-aachen.de",37,"n23m0123.hpc.itc.rwth-aachen.de",37,"37",262144,20,3959.56,4413.23,4771.75,4731.25,4919.68,5603.78,5670.51
96,"r23m0124.hpc.itc.rwth-aachen.de",38,"n23m0123.hpc.itc.rwth-aachen.de",38,"38",262144,20,4003.94,4386.38,4786.37,4751.51,5156.89,5389.87,5599.06
96,"r23m0124.hpc.itc.rwth-aachen.de",39,"n23m0123.hpc.itc.rwth-aachen.de",39,"39",262144,20,3907.89,4410.43,4786.39,4781.82,5112.31,5625.54,5670.81
96,"r23m0124.hpc.itc.rwth-aachen.de",40,"n23m0123.hpc.itc.rwth-aachen.de",40,"40",262144,20,4143.62,4349.66,4675.57,4721.02,4868.5,5605.72,5647.06
96,"r23m0124.hpc.itc.rwth-aachen.de",41,"n23m0123.hpc.itc.rwth-aachen.de",41,"41",262144,20,4003.97,4677.48,4835.26,4781.39,4927.92,5250.02,5705.71
96,"r23m0124.hpc.itc.rwth-aachen.de",42,"n23m0123.hpc.itc.rwth-aachen.de",42,"42",262144,20,3958.22,4507.94,4650.01,4678.55,4933.92,5099.16,5372.23
96,"r23m0124.hpc.itc.rwth-aachen.de",43,"n23m0123.hpc.itc.rwth-aachen.de",43,"43",262144,20,3711.85,4376.65,4607.95,4669.45,5069.91,5232.41,5261.99
96,"r23m0124.hpc.itc.rwth-aachen.de",44,"n23m0123.hpc.itc.rwth-aachen.de",44,"44",262144,20,3961.05,4549.24,4892.86,4821.14,5212.5,5531.41,5704.41
96,"r23m0124.hpc.itc.rwth-aachen.de",45,"n23m0123.hpc.itc.rwth-aachen.de",45,"45",262144,20,4111.38,4487.59,4837.68,4778.74,5126.37,5252.95,5514.53
96,"r23m0124.hpc.itc.rwth-aachen.de",46,"n23m0123.hpc.itc.rwth-aachen.de",46,"46",262144,20,4260.14,4470.52,4723.63,4802.03,4995.54,5471.05,5647.2
96,"r23m0124.hpc.itc.rwth-aachen.de",47,"n23m0123.hpc.itc.rwth-aachen.de",47,"47",262144,20,4055.21,4502.8,4818.54,4809.17,5121.65,5391.35,5533.62
96,"r23m0124.hpc.itc.rwth-aachen.de",48,"n23m0123.hpc.itc.rwth-aachen.de",48,"48",262144,20,3840.82,4508.42,4664.47,4799.27,5223.36,5545.85,5642.48
96,"r23m0124.hpc.itc.rwth-aachen.de",49,"n23m0123.hpc.itc.rwth-aachen.de",49,"49",262144,20,3999.35,4441.08,4703.95,4740.46,4986.06,5675.29,5707.84
96,"r23m0124.hpc.itc.rwth-aachen.de",50,"n23m0123.hpc.itc.rwth-aachen.de",50,"50",262144,20,4084.9,4521.94,5032.05,4886.14,5229.92,5566.04,5682.63
96,"r23m0124.hpc.itc.rwth-aachen.de",51,"n23m0123.hpc.itc.rwth-aachen.de",51,"51",262144,20,4112.28,4441.49,4788.33,4863.29,5238.37,5671.08,5701.55
96,"r23m0124.hpc.itc.rwth-aachen.de",52,"n23m0123.hpc.itc.rwth-aachen.de",52,"52",262144,20,4089.64,4619.36,4992.32,4933.46,5287.4,5630.84,5681.43
96,"r23m0124.hpc.itc.rwth-aachen.de",53,"n23m0123.hpc.itc.rwth-aachen.de",53,"53",262144,20,4112.52,4538.61,4750.29,4776.18,5047.07,5237.78,5436.33
96,"r23m0124.hpc.itc.rwth-aachen.de",54,"n23m0123.hpc.itc.rwth-aachen.de",54,"54",262144,20,4189.59,4568.19,4780.57,4837.47,5142,5648.57,5662.37
96,"r23m0124.hpc.itc.rwth-aachen.de",55,"n23m0123.hpc.itc.rwth-aachen.de",55,"55",262144,20,4224.7,4389.93,4695.08,4781.02,5080.66,5436.8,5480.94
96,"r23m0124.hpc.itc.rwth-aachen.de",56,"n23m0123.hpc.itc.rwth-aachen.de",56,"56",262144,20,4109.79,4352.85,4650.58,4741.84,5122.03,5389.57,5407.25
96,"r23m0124.hpc.itc.rwth-aachen.de",57,"n23m0123.hpc.itc.rwth-aachen.de",57,"57",262144,20,4126.93,4470.72,4733.27,4782.81,4925.36,5564.23,5678.08
96,"r23m0124.hpc.itc.rwth-aachen.de",58,"n23m0123.hpc.itc.rwth-aachen.de",58,"58",262144,20,4053.38,4389.71,4832.93,4804.58,5222.5,5423.14,5679.13
96,"r23m0124.hpc.itc.rwth-aachen.de",59,"n23m0123.hpc.itc.rwth-aachen.de",59,"59",262144,20,4022.13,4500.89,4825.89,4803.7,4994.21,5532.47,5682.38
96,"r23m0124.hpc.itc.rwth-aachen.de",60,"n23m0123.hpc.itc.rwth-aachen.de",60,"60",262144,20,4116.87,4621.54,4859.01,4932.88,5468.99,5617.37,5673.32
96,"r23m0124.hpc.itc.rwth-aachen.de",61,"n23m0123.hpc.itc.rwth-aachen.de",61,"61",262144,20,4333.13,4526.77,4692.53,4841.02,5027.08,5619.39,5670.64
96,"r23m0124.hpc.itc.rwth-aachen.de",62,"n23m0123.hpc.itc.rwth-aachen.de",62,"62",262144,20,4248.79,4389.37,4751.69,4822.67,5126.73,5619.36,5626.85
96,"r23m0124.hpc.itc.rwth-aachen.de",63,"n23m0123.hpc.itc.rwth-aachen.de",63,"63",262144,20,4340.94,4675.58,4949.77,4990.66,5382.47,5620.7,5667.27
96,"r23m0124.hpc.itc.rwth-aachen.de",64,"n23m0123.hpc.itc.rwth-aachen.de",64,"64",262144,20,3779.01,4464.92,4750.52,4785.74,5124.07,5668.96,5673.49
96,"r23m0124.hpc.itc.rwth-aachen.de",65,"n23m0123.hpc.itc.rwth-aachen.de",65,"65",262144,20,4002.33,4343.24,4658.71,4669.55,4881.04,5482.68,5519.24
96,"r23m0124.hpc.itc.rwth-aachen.de",66,"n23m0123.hpc.itc.rwth-aachen.de",66,"66",262144,20,3847.04,4437.01,4575.36,4627.92,4921.72,5414.19,5488.08
96,"r23m0124.hpc.itc.rwth-aachen.de",67,"n23m0123.hpc.itc.rwth-aachen.de",67,"67",262144,20,4029.49,4325.55,4683.15,4637.75,4875.29,5124.52,5322.25
96,"r23m0124.hpc.itc.rwth-aachen.de",68,"n23m0123.hpc.itc.rwth-aachen.de",68,"68",262144,20,3711.34,4373.77,4710.19,4748.14,4973.44,5508.74,5677.78
96,"r23m0124.hpc.itc.rwth-aachen.de",69,"n23m0123.hpc.itc.rwth-aachen.de",69,"69",262144,20,4057.28,4521.48,4717.63,4774.51,4995.01,5419.02,5595.95
96,"r23m0124.hpc.itc.rwth-aachen.de",70,"n23m0123.hpc.itc.rwth-aachen.de",70,"70",262144,20,3962.09,4432.82,4638.92,4754.78,5172.09,5412.67,5482.86
96,"r23m0124.hpc.itc.rwth-aachen.de",71,"n23m0123.hpc.itc.rwth-aachen.de",71,"71",262144,20,4089.89,4387.13,4741.41,4758,4998.71,5469.07,5683.25
96,"r23m0124.hpc.itc.rwth-aachen.de",72,"n23m0123.hpc.itc.rwth-aachen.de",72,"72",262144,20,3886.47,4502.47,4723.8,4783.61,5022.59,5627.82,5648.97
96,"r23m0124.hpc.itc.rwth-aachen.de",73,"n23m0123.hpc.itc.rwth-aachen.de",73,"73",262144,20,4135.93,4489.12,4776.91,4779.94,5029.12,5240.28,5557.59
96,"r23m0124.hpc.itc.rwth-aachen.de",74,"n23m0123.hpc.itc.rwth-aachen.de",74,"74",262144,20,4274.99,4653.93,4864.69,4910.65,5221.46,5381.23,5382.78
96,"r23m0124.hpc.itc.rwth-aachen.de",75,"n23m0123.hpc.itc.rwth-aachen.de",75,"75",262144,20,4190.02,4532.01,4805.19,4858.87,5166.6,5541.16,5675.37
96,"r23m0124.hpc.itc.rwth-aachen.de",76,"n23m0123.hpc.itc.rwth-aachen.de",76,"76",262144,20,4241.95,4622.17,4829.79,4958.83,5266.11,5704.9,6157.83
96,"r23m0124.hpc.itc.rwth-aachen.de",77,"n23m0123.hpc.itc.rwth-aachen.de",77,"77",262144,20,3998.47,4499.15,4791.2,4826.52,5076.95,5499.66,5525.86
96,"r23m0124.hpc.itc.rwth-aachen.de",78,"n23m0123.hpc.itc.rwth-aachen.de",78,"78",262144,20,4188.57,4388.6,4813.54,4800.94,4995.57,5508.59,5673.14
96,"r23m0124.hpc.itc.rwth-aachen.de",79,"n23m0123.hpc.itc.rwth-aachen.de",79,"79",262144,20,4152.96,4527.25,4745.01,4802.44,5118.71,5310.09,5522.5
96,"r23m0124.hpc.itc.rwth-aachen.de",80,"n23m0123.hpc.itc.rwth-aachen.de",80,"80",262144,20,4135.94,4361.55,4706.29,4744.01,5081.34,5463.74,5497.28
96,"r23m0124.hpc.itc.rwth-aachen.de",81,"n23m0123.hpc.itc.rwth-aachen.de",81,"81",262144,20,3999.1,4316.99,4625.8,4623.79,4926.64,5254.64,5292.23
96,"r23m0124.hpc.itc.rwth-aachen.de",82,"n23m0123.hpc.itc.rwth-aachen.de",82,"82",262144,20,3845.62,4238.46,4470.42,4488.45,4823.61,4942.15,5052.54
96,"r23m0124.hpc.itc.rwth-aachen.de",83,"n23m0123.hpc.itc.rwth-aachen.de",83,"83",262144,20,4228.24,4635.2,4724.85,4784.56,4844.81,5391.47,5526.03
96,"r23m0124.hpc.itc.rwth-aachen.de",84,"n23m0123.hpc.itc.rwth-aachen.de",84,"84",262144,20,4241.04,4381.53,4574.58,4696.92,4986.07,5389.29,5498.04
96,"r23m0124.hpc.itc.rwth-aachen.de",85,"n23m0123.hpc.itc.rwth-aachen.de",85,"85",262144,20,4104.6,4498.95,4726.23,4726.1,4917.65,5291.76,5371.8
96,"r23m0124.hpc.itc.rwth-aachen.de",86,"n23m0123.hpc.itc.rwth-aachen.de",86,"86",262144,20,4248.35,4515.01,4703.92,4771.15,4921.95,5310.36,5646.97
96,"r23m0124.hpc.itc.rwth-aachen.de",87,"n23m0123.hpc.itc.rwth-aachen.de",87,"87",262144,20,3995.83,4443.35,4627.86,4692.67,4997.08,5324.51,5339.47
96,"r23m0124.hpc.itc.rwth-aachen.de",88,"n23m0123.hpc.itc.rwth-aachen.de",88,"88",262144,20,3887.73,4461.2,4601.7,4750.74,5168.16,5648.1,5677.02
96,"r23m0124.hpc.itc.rwth-aachen.de",89,"n23m0123.hpc.itc.rwth-aachen.de",89,"89",262144,20,4262.71,4467.63,4711.28,4790.69,5075.43,5359.51,5677.15
96,"r23m0124.hpc.itc.rwth-aachen.de",90,"n23m0123.hpc.itc.rwth-aachen.de",90,"90",262144,20,4107.13,4379.93,4661.27,4672.09,4941.93,5222.49,5234.59
96,"r23m0124.hpc.itc.rwth-aachen.de",91,"n23m0123.hpc.itc.rwth-aachen.de",91,"91",262144,20,4144.21,4280.5,4518.01,4645.85,4854.98,5378.84,5521.89
96,"r23m0124.hpc.itc.rwth-aachen.de",92,"n23m0123.hpc.itc.rwth-aachen.de",92,"92",262144,20,4228.06,4490.46,4702.53,4818.33,5195.42,5505.9,5617.98
96,"r23m0124.hpc.itc.rwth-aachen.de",93,"n23m0123.hpc.itc.rwth-aachen.de",93,"93",262144,20,3996.76,4490.15,4760.15,4775.92,5071.25,5484.51,5486.35
96,"r23m0124.hpc.itc.rwth-aachen.de",94,"n23m0123.hpc.itc.rwth-aachen.de",94,"94",262144,20,4186.64,4583.18,4912.17,4921,5206.23,5543.85,5708.39
96,"r23m0124.hpc.itc.rwth-aachen.de",95,"n23m0123.hpc.itc.rwth-aachen.de",95,"95",262144,20,4114.1,4482.68,4874.76,4792.71,4968.37,5620.34,5674.22
96,"r23m0124.hpc.itc.rwth-aachen.de",97,"r23m0124.hpc.itc.rwth-aachen.de",1,"1",262144,20,185.269,498.24,986.884,1000.14,1151.59,1837.07,3376.54
96,"r23m0124.hpc.itc.rwth-aachen.de",98,"r23m0124.hpc.itc.rwth-aachen.de",2,"2",262144,20,55.372,633.308,937.88,1056.35,1493.22,2191.59,2201.24
96,"r23m0124.hpc.itc.rwth-aachen.de",99,"r23m0124.hpc.itc.rwth-aachen.de",3,"3",262144,20,191.674,390.511,811.527,992.259,1447.62,2458.59,2668.97
96,"r23m0124.hpc.itc.rwth-aachen.de",100,"r23m0124.hpc.itc.rwth-aachen.de",4,"4",262144,20,99.895,448.269,1296.99,1479.95,2111.47,3652.39,3729.9
96,"r23m0124.hpc.itc.rwth-aachen.de",101,"r23m0124.hpc.itc.rwth-aachen.de",5,"5",262144,20,178.342,455.097,764.982,1207.1,2066.64,2538.9,3107.96
96,"r23m0124.hpc.itc.rwth-aachen.de",102,"r23m0124.hpc.itc.rwth-aachen.de",6,"6",262144,20,94.871,775.521,1297.92,1419.79,2202.16,2776.71,3878.03
96,"r23m0124.hpc.itc.rwth-aachen.de",103,"r23m0124.hpc.itc.rwth-aachen.de",7,"7",262144,20,62.138,415.258,733.639,935.266,1222.5,2124,3312.86
96,"r23m0124.hpc.itc.rwth-aachen.de",104,"r23m0124.hpc.itc.rwth-aachen.de",8,"8",262144,20,48.736,487.096,1144.3,1248.81,2010.55,2497.41,2672.25
96,"r23m0124.hpc.itc.rwth-aachen.de",105,"r23m0124.hpc.itc.rwth-aachen.de",9,"9",262144,20,38.251,200.972,593.88,910.279,1360.87,2312.03,3394.79
96,"r23m0124.hpc.itc.rwth-aachen.de",106,"r23m0124.hpc.itc.rwth-aachen.de",10,"10",262144,20,141.515,535.753,845.908,1105.39,1900.11,2057.94,2521.3
96,"r23m0124.hpc.itc.rwth-aachen.de",107,"r23m0124.hpc.itc.rwth-aachen.de",11,"11",262144,20,178.885,734.209,1274.77,1236.18,1723.98,2098.48,3614.22
96,"r23m0124.hpc.itc.rwth-aachen.de",108,"r23m0124.hpc.itc.rwth-aachen.de",12,"12",262144,20,44.699,623.974,1411.44,1465.18,2097.36,3121.21,3265.71
96,"r23m0124.hpc.itc.rwth-aachen.de",109,"r23m0124.hpc.itc.rwth-aachen.de",13,"13",262144,20,81.475,452.873,1066.33,1138.35,1815.46,2118.9,2271.17
96,"r23m0124.hpc.itc.rwth-aachen.de",110,"r23m0124.hpc.itc.rwth-aachen.de",14,"14",262144,20,102.205,912.38,1737.71,1457.6,2071.97,2463.7,2758.68
96,"r23m0124.hpc.itc.rwth-aachen.de",111,"r23m0124.hpc.itc.rwth-aachen.de",15,"15",262144,20,42.914,765.18,1148.15,1153.22,1711.35,2391.98,2435.64
96,"r23m0124.hpc.itc.rwth-aachen.de",112,"r23m0124.hpc.itc.rwth-aachen.de",16,"16",262144,20,202.758,595.87,1198.26,1274.85,2018.02,2518.34,2585.53
96,"r23m0124.hpc.itc.rwth-aachen.de",113,"r23m0124.hpc.itc.rwth-aachen.de",17,"17",262144,20,150.091,382.964,1171.95,1347.43,1970.44,3791.46,3817.48
96,"r23m0124.hpc.itc.rwth-aachen.de",114,"r23m0124.hpc.itc.rwth-aachen.de",18,"18",262144,20,382.843,947.803,1508.5,1613.86,2002.34,2830.6,3360.66
96,"r23m0124.hpc.itc.rwth-aachen.de",115,"r23m0124.hpc.itc.rwth-aachen.de",19,"19",262144,20,92.368,653.91,1162.62,1279.27,1660.32,2464.21,3550.53
96,"r23m0124.hpc.itc.rwth-aachen.de",116,"r23m0124.hpc.itc.rwth-aachen.de",20,"20",262144,20,136.106,896.761,1505.33,1457.85,2011.03,2242.92,2860.18
96,"r23m0124.hpc.itc.rwth-aachen.de",117,"r23m0124.hpc.itc.rwth-aachen.de",21,"21",262144,20,252.131,950.159,1523.26,1656.96,2085.29,3120.23,3960.5
96,"r23m0124.hpc.itc.rwth-aachen.de",118,"r23m0124.hpc.itc.rwth-aachen.de",22,"22",262144,20,336.85,988.633,1302.97,1447.7,1728.61,2597.46,3290.27
96,"r23m0124.hpc.itc.rwth-aachen.de",119,"r23m0124.hpc.itc.rwth-aachen.de",23,"23",262144,20,47.75,786.85,990.025,1179.52,1752.35,2240.5,2253.39
96,"r23m0124.hpc.itc.rwth-aachen.de",120,"r23m0124.hpc.itc.rwth-aachen.de",24,"24",262144,20,164.306,914.03,1541.12,1478.77,1815.78,2891.33,3653.99
96,"r23m0124.hpc.itc.rwth-aachen.de",121,"r23m0124.hpc.itc.rwth-aachen.de",25,"25",262144,20,385.64,756.352,1278.74,1484.12,2018.76,3521.61,3920.55
96,"r23m0124.hpc.itc.rwth-aachen.de",122,"r23m0124.hpc.itc.rwth-aachen.de",26,"26",262144,20,592.255,939.864,1770.68,1624.3,2129.41,2710.84,2761.79
96,"r23m0124.hpc.itc.rwth-aachen.de",123,"r23m0124.hpc.itc.rwth-aachen.de",27,"27",262144,20,138.333,899.632,1429.83,1513.57,2117.3,2914.8,3459.87
96,"r23m0124.hpc.itc.rwth-aachen.de",124,"r23m0124.hpc.itc.rwth-aachen.de",28,"28",262144,20,312.823,971.448,1677.87,1684.75,1997.19,3185.29,3907.96
96,"r23m0124.hpc.itc.rwth-aachen.de",125,"r23m0124.hpc.itc.rwth-aachen.de",29,"29",262144,20,276.859,890.251,1577.63,1587.76,2087.36,3240.2,3377.55
96,"r23m0124.hpc.itc.rwth-aachen.de",126,"r23m0124.hpc.itc.rwth-aachen.de",30,"30",262144,20,255.695,933.938,1274.78,1439.54,1970.8,2724.93,3185.38
96,"r23m0124.hpc.itc.rwth-aachen.de",127,"r23m0124.hpc.itc.rwth-aachen.de",31,"31",262144,20,552.975,935.106,1534.04,1548.2,1886.43,2538.74,4105.47
96,"r23m0124.hpc.itc.rwth-aachen.de",128,"r23m0124.hpc.itc.rwth-aachen.de",32,"32",262144,20,2332.82,3057.03,3477.47,3362.23,3727.77,4021.49,4056.66
96,"r23m0124.hpc.itc.rwth-aachen.de",129,"r23m0124.hpc.itc.rwth-aachen.de",33,"33",262144,20,1979.92,2673.82,3082.2,3119.5,3680.86,3942.19,4056.97
96,"r23m0124.hpc.itc.rwth-aachen.de",130,"r23m0124.hpc.itc.rwth-aachen.de",34,"34",262144,20,1348.32,2737.97,2880.72,2967.29,3476.22,3802.31,3814.73
96,"r23m0124.hpc.itc.rwth-aachen.de",131,"r23m0124.hpc.itc.rwth-aachen.de",35,"35",262144,20,2016.73,2768.69,3297.83,3202.4,3642.05,3867.15,3979.11
96,"r23m0124.hpc.itc.rwth-aachen.de",132,"r23m0124.hpc.itc.rwth-aachen.de",36,"36",262144,20,2314.86,2680.58,2972.52,3075.7,3474.34,3768.06,3799.31
96,"r23m0124.hpc.itc.rwth-aachen.de",133,"r23m0124.hpc.itc.rwth-aachen.de",37,"37",262144,20,1434.13,2727.16,3265.94,3128.45,3469.6,3984.29,4071.59
96,"r23m0124.hpc.itc.rwth-aachen.de",134,"r23m0124.hpc.itc.rwth-aachen.de",38,"38",262144,20,2275.7,2717.55,2984.25,3053.48,3504.65,3731.45,3803.25
96,"r23m0124.hpc.itc.rwth-aachen.de",135,"r23m0124.hpc.itc.rwth-aachen.de",39,"39",262144,20,1680.13,2882.84,3265.01,3165.55,3513.66,3975.56,4020.91
96,"r23m0124.hpc.itc.rwth-aachen.de",136,"r23m0124.hpc.itc.rwth-aachen.de",40,"40",262144,20,1828.13,2661.63,2951.76,2965.25,3273.98,3939.2,4034.24
96,"r23m0124.hpc.itc.rwth-aachen.de",137,"r23m0124.hpc.itc.rwth-aachen.de",41,"41",262144,20,1560.87,2923.67,3248.73,3155.75,3399.15,4015.7,4065.79
96,"r23m0124.hpc.itc.rwth-aachen.de",138,"r23m0124.hpc.itc.rwth-aachen.de",42,"42",262144,20,2315.83,2605.39,2815.65,2936.14,3271.24,3577.58,3587.59
96,"r23m0124.hpc.itc.rwth-aachen.de",139,"r23m0124.hpc.itc.rwth-aachen.de",43,"43",262144,20,1598.7,2622.24,2925.79,3008.97,3569.32,3774.17,4018.07
96,"r23m0124.hpc.itc.rwth-aachen.de",140,"r23m0124.hpc.itc.rwth-aachen.de",44,"44",262144,20,1950.78,2777.03,3208.22,3112.14,3499.41,3811.75,3939.49
96,"r23m0124.hpc.itc.rwth-aachen.de",141,"r23m0124.hpc.itc.rwth-aachen.de",45,"45",262144,20,419.138,2582.14,2893.98,2870.4,3515.5,3818.43,4032.98
96,"r23m0124.hpc.itc.rwth-aachen.de",142,"r23m0124.hpc.itc.rwth-aachen.de",46,"46",262144,20,1326.09,2626.42,3091.04,3019.21,3466.57,4025.87,4064.32
96,"r23m0124.hpc.itc.rwth-aachen.de",143,"r23m0124.hpc.itc.rwth-aachen.de",47,"47",262144,20,763.937,2764.64,2949.5,2923.1,3298.8,3699.69,3848.09
96,"r23m0124.hpc.itc.rwth-aachen.de",144,"r23m0124.hpc.itc.rwth-aachen.de",48,"48",262144,20,1656.16,2532.11,2713.03,2741.77,2986.08,3302.14,3391.06
96,"r23m0124.hpc.itc.rwth-aachen.de",145,"r23m0124.hpc.itc.rwth-aachen.de",49,"49",262144,20,1392.56,2664.64,3036.8,2978.34,3357.19,3628.52,3977.31
96,"r23m0124.hpc.itc.rwth-aachen.de",146,"r23m0124.hpc.itc.rwth-aachen.de",50,"50",262144,20,330.157,2605.28,3012.91,2840.35,3250.14,3845.14,3900.73
96,"r23m0124.hpc.itc.rwth-aachen.de",147,"r23m0124.hpc.itc.rwth-aachen.de",51,"51",262144,20,373.023,2696.57,2891.44,2873.12,3332.96,3852.61,3944.18
96,"r23m0124.hpc.itc.rwth-aachen.de",148,"r23m0124.hpc.itc.rwth-aachen.de",52,"52",262144,20,1404.52,2827.72,3092.33,3023.84,3261.53,3834.63,3884.25
96,"r23m0124.hpc.itc.rwth-aachen.de",149,"r23m0124.hpc.itc.rwth-aachen.de",53,"53",262144,20,189.937,2532.6,2877.02,2786.36,3311.66,3644.53,3650.96
96,"r23m0124.hpc.itc.rwth-aachen.de",150,"r23m0124.hpc.itc.rwth-aachen.de",54,"54",262144,20,459.617,2684.49,2921.28,2840.7,3181,3553.3,3723.89
96,"r23m0124.hpc.itc.rwth-aachen.de",151,"r23m0124.hpc.itc.rwth-aachen.de",55,"55",262144,20,1744.51,2644.53,3138.83,3086.64,3675.15,3928.47,3934.22
96,"r23m0124.hpc.itc.rwth-aachen.de",152,"r23m0124.hpc.itc.rwth-aachen.de",56,"56",262144,20,1123.34,2637.01,2931.24,2915.96,3371.67,3786.36,3889.53
96,"r23m0124.hpc.itc.rwth-aachen.de",153,"r23m0124.hpc.itc.rwth-aachen.de",57,"57",262144,20,1764.11,2549.52,3074.42,2955.59,3295.16,3560.74,3753.9
96,"r23m0124.hpc.itc.rwth-aachen.de",154,"r23m0124.hpc.itc.rwth-aachen.de",58,"58",262144,20,1397.23,2780.82,3061.98,3033.3,3345.47,3721.17,3823.01
96,"r23m0124.hpc.itc.rwth-aachen.de",155,"r23m0124.hpc.itc.rwth-aachen.de",59,"59",262144,20,501.421,2621.98,2918.29,2867.32,3396.53,3777.08,3989.83
96,"r23m0124.hpc.itc.rwth-aachen.de",156,"r23m0124.hpc.itc.rwth-aachen.de",60,"60",262144,20,2297.46,2769.93,3091.83,3013.59,3326.64,3485.26,3574.14
96,"r23m0124.hpc.itc.rwth-aachen.de",157,"r23m0124.hpc.itc.rwth-aachen.de",61,"61",262144,20,53.476,2778.34,3042.22,2914.66,3389.63,3816.58,3908.05
96,"r23m0124.hpc.itc.rwth-aachen.de",158,"r23m0124.hpc.itc.rwth-aachen.de",62,"62",262144,20,1241.45,2568.49,2881.47,2802.96,3268.4,3530.84,3689.09
96,"r23m0124.hpc.itc.rwth-aachen.de",159,"r23m0124.hpc.itc.rwth-aachen.de",63,"63",262144,20,1615.63,2614.7,3150.91,2935.02,3327.68,3424.61,3600.14
96,"r23m0124.hpc.itc.rwth-aachen.de",160,"r23m0124.hpc.itc.rwth-aachen.de",64,"64",262144,20,35.087,1194.9,2180.5,1968.24,2915.6,3134.87,3722.36
96,"r23m0124.hpc.itc.rwth-aachen.de",161,"r23m0124.hpc.itc.rwth-aachen.de",65,"65",262144,20,47.834,307.959,761.206,825.324,1359.5,1581.91,2012.54
96,"r23m0124.hpc.itc.rwth-aachen.de",162,"r23m0124.hpc.itc.rwth-aachen.de",66,"66",262144,20,46.197,421.024,919.2,1045,1662.22,2061.79,2946.09
96,"r23m0124.hpc.itc.rwth-aachen.de",163,"r23m0124.hpc.itc.rwth-aachen.de",67,"67",262144,20,92.992,519.257,904.449,1026.69,1586.53,2098.28,2230.53
96,"r23m0124.hpc.itc.rwth-aachen.de",164,"r23m0124.hpc.itc.rwth-aachen.de",68,"68",262144,20,137.933,965.902,1414.51,1356.21,1677.99,2163.36,3044.94
96,"r23m0124.hpc.itc.rwth-aachen.de",165,"r23m0124.hpc.itc.rwth-aachen.de",69,"69",262144,20,163.954,523.623,1161.4,1243.53,1719.25,2562.77,3745.91
96,"r23m0124.hpc.itc.rwth-aachen.de",166,"r23m0124.hpc.itc.rwth-aachen.de",70,"70",262144,20,42.045,871.18,1464.2,1439.87,2134.26,2487.93,3094.86
96,"r23m0124.hpc.itc.rwth-aachen.de",167,"r23m0124.hpc.itc.rwth-aachen.de",71,"71",262144,20,77.12,419.428,942.416,1259.4,1814.55,3465.05,3475.04
96,"r23m0124.hpc.itc.rwth-aachen.de",168,"r23m0124.hpc.itc.rwth-aachen.de",72,"72",262144,20,78.651,575.815,1413.7,1308.92,1951.15,2364.56,2414.34
96,"r23m0124.hpc.itc.rwth-aachen.de",169,"r23m0124.hpc.itc.rwth-aachen.de",73,"73",262144,20,123.247,375.123,571.412,806.589,1051.13,1987.73,2037.43
96,"r23m0124.hpc.itc.rwth-aachen.de",170,"r23m0124.hpc.itc.rwth-aachen.de",74,"74",262144,20,83.448,437.457,1248.02,1314.95,2101.81,2357.83,2847.48
96,"r23m0124.hpc.itc.rwth-aachen.de",171,"r23m0124.hpc.itc.rwth-aachen.de",75,"75",262144,20,40.278,641.883,1169.98,1225.89,2029.8,2254.42,2287.6
96,"r23m0124.hpc.itc.rwth-aachen.de",172,"r23m0124.hpc.itc.rwth-aachen.de",76,"76",262144,20,37.33,1089.31,1535.05,1552.96,1995.86,2897.47,2970.2
96,"r23m0124.hpc.itc.rwth-aachen.de",173,"r23m0124.hpc.itc.rwth-aachen.de",77,"77",262144,20,200.47,536.239,1102.53,1311.09,1998.27,2393.73,3776.95
96,"r23m0124.hpc.itc.rwth-aachen.de",174,"r23m0124.hpc.itc.rwth-aachen.de",78,"78",262144,20,137.3,968.884,1219.53,1297.35,1662.16,2365.51,2471.07
96,"r23m0124.hpc.itc.rwth-aachen.de",175,"r23m0124.hpc.itc.rwth-aachen.de",79,"79",262144,20,272.046,661.862,1403.33,1338.26,1963,2231.83,2642.53
96,"r23m0124.hpc.itc.rwth-aachen.de",176,"r23m0124.hpc.itc.rwth-aachen.de",80,"80",262144,20,84.838,709.381,1721.13,1644.57,2298.24,3066.9,3870.34
96,"r23m0124.hpc.itc.rwth-aachen.de",177,"r23m0124.hpc.itc.rwth-aachen.de",81,"81",262144,20,92.417,517.256,1295.86,1291.25,1927.08,2570.45,3513.67
96,"r23m0124.hpc.itc.rwth-aachen.de",178,"r23m0124.hpc.itc.rwth-aachen.de",82,"82",262144,20,408.481,1176.75,1716.46,1694.71,2212.62,2541.41,3419.82
96,"r23m0124.hpc.itc.rwth-aachen.de",179,"r23m0124.hpc.itc.rwth-aachen.de",83,"83",262144,20,50.276,1082.58,1337.62,1410.44,1840.14,2249.46,2483.34
96,"r23m0124.hpc.itc.rwth-aachen.de",180,"r23m0124.hpc.itc.rwth-aachen.de",84,"84",262144,20,44.197,850.374,1396.86,1343.82,1616.95,2216,3401.92
96,"r23m0124.hpc.itc.rwth-aachen.de",181,"r23m0124.hpc.itc.rwth-aachen.de",85,"85",262144,20,276.949,1179.83,1828.31,1834.06,2361.1,3299.54,4028.27
96,"r23m0124.hpc.itc.rwth-aachen.de",182,"r23m0124.hpc.itc.rwth-aachen.de",86,"86",262144,20,170.258,1158.27,1635.68,1692.15,2356.22,2941.17,3111.67
96,"r23m0124.hpc.itc.rwth-aachen.de",183,"r23m0124.hpc.itc.rwth-aachen.de",87,"87",262144,20,265.738,653.452,1174.68,1421.81,1820.5,2931.37,4077.81
96,"r23m0124.hpc.itc.rwth-aachen.de",184,"r23m0124.hpc.itc.rwth-aachen.de",88,"88",262144,20,44.063,719.698,1142.31,1250.06,1599.67,2621.31,3314.34
96,"r23m0124.hpc.itc.rwth-aachen.de",185,"r23m0124.hpc.itc.rwth-aachen.de",89,"89",262144,20,416.803,1018.14,1500.88,1475.91,2065.72,2295.96,2476.49
96,"r23m0124.hpc.itc.rwth-aachen.de",186,"r23m0124.hpc.itc.rwth-aachen.de",90,"90",262144,20,318.291,1271.92,1617.84,1586.42,1757.01,2570.61,3091.65
96,"r23m0124.hpc.itc.rwth-aachen.de",187,"r23m0124.hpc.itc.rwth-aachen.de",91,"91",262144,20,181.269,1091.17,1462.43,1399.38,1797.31,2124.29,2271.84
96,"r23m0124.hpc.itc.rwth-aachen.de",188,"r23m0124.hpc.itc.rwth-aachen.de",92,"92",262144,20,532.336,1309.53,1670.64,1913.3,2305.62,3508.35,3540.65
96,"r23m0124.hpc.itc.rwth-aachen.de",189,"r23m0124.hpc.itc.rwth-aachen.de",93,"93",262144,20,185.877,1054.18,1401.12,1601.91,2066.42,3099.41,3628.09
96,"r23m0124.hpc.itc.rwth-aachen.de",190,"r23m0124.hpc.itc.rwth-aachen.de",94,"94",262144,20,234.653,1374.69,1599.51,1769.71,2328,2969.3,3113.97
96,"r23m0124.hpc.itc.rwth-aachen.de",191,"r23m0124.hpc.itc.rwth-aachen.de",95,"95",262144,20,757.556,1377.7,1831.11,1891.9,2168.08,3486.29,3931.05
96,"r23m0124.hpc.itc.rwth-aachen.de",0,"n23m0123.hpc.itc.rwth-aachen.de",0,"0",1048576,20,9472.07,10323.8,16862.1,15369.6,19417.6,20719.5,21746.5
96,"r23m0124.hpc.itc.rwth-aachen.de",1,"n23m0123.hpc.itc.rwth-aachen.de",1,"1",1048576,20,9227.53,11226,16354.5,15094.5,17690.5,20940,21094.9
96,"r23m0124.hpc.itc.rwth-aachen.de",2,"n23m0123.hpc.itc.rwth-aachen.de",2,"2",1048576,20,9515.39,11589.6,15994.9,14690.8,17782.5,18652.4,18697.3
96,"r23m0124.hpc.itc.rwth-aachen.de",3,"n23m0123.hpc.itc.rwth-aachen.de",3,"3",1048576,20,9138.9,12133.5,15104.3,15084.8,17721.6,20700.7,21087.2
96,"r23m0124.hpc.itc.rwth-aachen.de",4,"n23m0123.hpc.itc.rwth-aachen.de",4,"4",1048576,20,9091.64,10361.9,15608.8,15197.6,19246.3,21498.2,21835.8
96,"r23m0124.hpc.itc.rwth-aachen.de",5,"n23m0123.hpc.itc.rwth-aachen.de",5,"5",1048576,20,9210.42,10837.5,12633.5,14367.2,18095.1,21458.2,21577.2
96,"r23m0124.hpc.itc.rwth-aachen.de",6,"n23m0123.hpc.itc.rwth-aachen.de",6,"6",1048576,20,10041.2,12605.9,14849.6,15424.8,18384.4,20662.8,21119.6
96,"r23m0124.hpc.itc.rwth-aachen.de",7,"n23m0123.hpc.itc.rwth-aachen.de",7,"7",1048576,20,9213.6,12554.9,16234.5,15666.9,19036.4,20375.6,21398.1
96,"r23m0124.hpc.itc.rwth-aachen.de",8,"n23m0123.hpc.itc.rwth-aachen.de",8,"8",1048576,20,9656.45,14009,14888.2,15405.5,17114.4,21429.4,21838.4
96,"r23m0124.hpc.itc.rwth-aachen.de",9,"n23m0123.hpc.itc.rwth-aachen.de",9,"9",1048576,20,9188.81,11397.7,12014.1,13259.1,15062.3,18785,20174.5
96,"r23m0124.hpc.itc.rwth-aachen.de",10,"n23m0123.hpc.itc.rwth-aachen.de",10,"10",1048576,20,9512.28,11640.4,13236,13805.8,16338.9,18655.2,19669.3
96,"r23m0124.hpc.itc.rwth-aachen.de",11,"n23m0123.hpc.itc.rwth-aachen.de",11,"11",1048576,20,9334.9,12214.2,14437.9,14424,17086.8,19157.7,20174.3
96,"r23m0124.hpc.itc.rwth-aachen.de",12,"n23m0123.hpc.itc.rwth-aachen.de",12,"12",1048576,20,9768.67,11739.8,14962.3,14936.8,18033.2,20194.4,20815.4
96,"r23m0124.hpc.itc.rwth-aachen.de",13,"n23m0123.hpc.itc.rwth-aachen.de",13,"13",1048576,20,9362.35,9825.46,12307.9,13089.9,16227.3,18265.9,18940.6
96,"r23m0124.hpc.itc.rwth-aachen.de",14,"n23m0123.hpc.itc.rwth-aachen.de",14,"14",1048576,20,9305.04,13444.1,15636.1,15377.2,18073.7,19193,19751.1
96,"r23m0124.hpc.itc.rwth-aachen.de",15,"n23m0123.hpc.itc.rwth-aachen.de",15,"15",1048576,20,9507.37,12188.1,14060.5,14871.6,18119.2,19293.6,20149.3
96,"r23m0124.hpc.itc.rwth-aachen.de",16,"n23m0123.hpc.itc.rwth-aachen.de",16,"16",1048576,20,9182.07,11776.9,14453.3,14441.6,17263.6,20233.7,21841.4
96,"r23m0124.hpc.itc.rwth-aachen.de",17,"n23m0123.hpc.itc.rwth-aachen.de",17,"17",1048576,20,9740.48,10302.7,13502.4,13618.4,15160.8,18662.2,19751.7
96,"r23m0124.hpc.itc.rwth-aachen.de",18,"n23m0123.hpc.itc.rwth-aachen.de",18,"18",1048576,20,9326.23,13580.9,14161,14378.3,14910.6,19266.3,19608.4
96,"r23m0124.hpc.itc.rwth-aachen.de",19,"n23m0123.hpc.itc.rwth-aachen.de",19,"19",1048576,20,9155.41,11340.9,12543.6,14087.2,18006.4,19689.1,19908.3
96,"r23m0124.hpc.itc.rwth-aachen.de",20,"n23m0123.hpc.itc.rwth-aachen.de",20,"20",1048576,20,9837.31,11953.6,13492.3,14628.5,16779,20678.4,21840.5
96,"r23m0124.hpc.itc.rwth-aachen.de",21,"n23m0123.hpc.itc.rwth-aachen.de",21,"21",1048576,20,9600.41,13122,14812.4,14916.1,17114.5,18868.8,21203
96,"r23m0124.hpc.itc.rwth-aachen.de",22,"n23m0123.hpc.itc.rwth-aachen.de",22,"22",1048576,20,9435.21,12373.1,15161.6,15292.4,18268.9,19778.3,20284.3
96,"r23m0124.hpc.itc.rwth-aachen.de",23,"n23m0123.hpc.itc.rwth-aachen.de",23,"23",1048576,20,9975.87,12534.6,14053.2,14774.6,16467.3,20523.5,20809.4
96,"r23m0124.hpc.itc.rwth-aachen.de",24,"n23m0123.hpc.itc.rwth-aachen.de",24,"24",1048576,20,9686.79,12352.9,14685.4,15241.7,18345.1,21340.6,21493.6
96,"r23m0124.hpc.itc.rwth-aachen.de",25,"n23m0123.hpc.itc.rwth-aachen.de",25,"25",1048576,20,9482.56,11088.1,13833.2,13709.8,14700.8,19279.5,19874.1
96,"r23m0124.hpc.itc.rwth-aachen.de",26,"n23m0123.hpc.itc.rwth-aachen.de",26,"26",1048576,20,9556.39,12103.2,14758.5,14908.2,18208.5,20291.8,21330.7
96,"r23m0124.hpc.itc.rwth-aachen.de",27,"n23m0123.hpc.itc.rwth-aachen.de",27,"27",1048576,20,9421.79,11072.5,14258,14574.4,17559.9,20313.6,20807.6
96,"r23m0124.hpc.itc.rwth-aachen.de",28,"n23m0123.hpc.itc.rwth-aachen.de",28,"28",1048576,20,10024.8,13582.4,16625.2,15891.2,17841.4,19540.6,21836.6
96,"r23m0124.hpc.itc.rwth-aachen.de",29,"n23m0123.hpc.itc.rwth-aachen.de",29,"29",1048576,20,9648.03,12124.2,14435.9,14634.2,16457.4,19324.2,21835.5
96,"r23m0124.hpc.itc.rwth-aachen.de",30,"n23m0123.hpc.itc.rwth-aachen.de",30,"30",1048576,20,9221.16,15824,16709.1,16127,18317.7,19786,21839.3
96,"r23m0124.hpc.itc.rwth-aachen.de",31,"n23m0123.hpc.itc.rwth-aachen.de",31,"31",1048576,20,9108.55,12543.7,14760.2,15009,16967.7,19772.4,20799.6
96,"r23m0124.hpc.itc.rwth-aachen.de",32,"n23m0123.hpc.itc.rwth-aachen.de",32,"32",1048576,20,9284.33,10208.4,10296.8,10268,10377.6,10539.8,10574
96,"r23m0124.hpc.itc.rwth-aachen.de",33,"n23m0123.hpc.itc.rwth-aachen.de",33,"33",1048576,20,14482.6,18656.3,19217.9,19255.7,20284.3,21221.2,21435.7
96,"r23m0124.hpc.itc.rwth-aachen.de",34,"n23m0123.hpc.itc.rwth-aachen.de",34,"34",1048576,20,14691.8,17717.6,18561.6,18664.9,20002.8,21243.7,21471.8
96,"r23m0124.hpc.itc.rwth-aachen.de",35,"n23m0123.hpc.itc.rwth-aachen.de",35,"35",1048576,20,12042.2,18035.6,20253.4,19224.2,21141.8,21506.4,21518.3
96,"r23m0124.hpc.itc.rwth-aachen.de",36,"n23m0123.hpc.itc.rwth-aachen.de",36,"36",1048576,20,16663.5,18672.7,20289.1,19973.5,21406.4,21666.6,21839.5
96,"r23m0124.hpc.itc.rwth-aachen.de",37,"n23m0123.hpc.itc.rwth-aachen.de",37,"37",1048576,20,12213.6,19250.9,19808.1,19448.1,20525.9,21262.7,21513
96,"r23m0124.hpc.itc.rwth-aachen.de",38,"n23m0123.hpc.itc.rwth-aachen.de",38,"38",1048576,20,14502.8,18732.1,19962.5,19622.9,20885,21577.7,21609.4
96,"r23m0124.hpc.itc.rwth-aachen.de",39,"n23m0123.hpc.itc.rwth-aachen.de",39,"39",1048576,20,14300.7,18706.9,20059.6,19564.1,21176.5,21535,21842.9
96,"r23m0124.hpc.itc.rwth-aachen.de",40,"n23m0123.hpc.itc.rwth-aachen.de",40,"40",1048576,20,10148.3,18705.7,19461.9,19151.4,20395.2,21280.4,21435
96,"r23m0124.hpc.itc.rwth-aachen.de",41,"n23m0123.hpc.itc.rwth-aachen.de",41,"41",1048576,20,14217.6,18670,19717.2,19269,20524.7,21186.1,21272
96,"r23m0124.hpc.itc.rwth-aachen.de",42,"n23m0123.hpc.itc.rwth-aachen.de",42,"42",1048576,20,16648.4,18547.1,20055.9,19627.3,20653.1,21443.3,21479.8
96,"r23m0124.hpc.itc.rwth-aachen.de",43,"n23m0123.hpc.itc.rwth-aachen.de",43,"43",1048576,20,11781.3,18864.3,20112.9,19264.3,20853.9,21353.1,21583.7
96,"r23m0124.hpc.itc.rwth-aachen.de",44,"n23m0123.hpc.itc.rwth-aachen.de",44,"44",1048576,20,10208.2,18594.7,19982.7,19378.1,20835.7,21597.6,21833.6
96,"r23m0124.hpc.itc.rwth-aachen.de",45,"n23m0123.hpc.itc.rwth-aachen.de",45,"45",1048576,20,10128.9,18736.3,19545.6,19299.1,20779.4,21477.5,21576.3
96,"r23m0124.hpc.itc.rwth-aachen.de",46,"n23m0123.hpc.itc.rwth-aachen.de",46,"46",1048576,20,10312.6,18550.1,19461.5,19361.9,21140.6,21513.6,21695.7
96,"r23m0124.hpc.itc.rwth-aachen.de",47,"n23m0123.hpc.itc.rwth-aachen.de",47,"47",1048576,20,10400.3,18879.6,20546.1,19345.8,21148.6,21252.2,21445.5
96,"r23m0124.hpc.itc.rwth-aachen.de",48,"n23m0123.hpc.itc.rwth-aachen.de",48,"48",1048576,20,15787.3,18212.5,19630,19274.4,20661.9,21193.2,21334.2
96,"r23m0124.hpc.itc.rwth-aachen.de",49,"n23m0123.hpc.itc.rwth-aachen.de",49,"49",1048576,20,14781,18224.9,18961.4,18994.5,19654.7,20729.6,21466.8
96,"r23m0124.hpc.itc.rwth-aachen.de",50,"n23m0123.hpc.itc.rwth-aachen.de",50,"50",1048576,20,17142.9,18211,18985.5,19153,20181.5,21381.9,21506.5
96,"r23m0124.hpc.itc.rwth-aachen.de",51,"n23m0123.hpc.itc.rwth-aachen.de",51,"51",1048576,20,16484,18696.9,19999.4,19725.1,20676.8,21189.2,21696.1
96,"r23m0124.hpc.itc.rwth-aachen.de",52,"n23m0123.hpc.itc.rwth-aachen.de",52,"52",1048576,20,17106,18211,19924.4,19669.6,20806,21585.6,22042.6
96,"r23m0124.hpc.itc.rwth-aachen.de",53,"n23m0123.hpc.itc.rwth-aachen.de",53,"53",1048576,20,17702.6,18600.9,19835.5,19618.4,20344.8,21187.9,21693.3
96,"r23m0124.hpc.itc.rwth-aachen.de",54,"n23m0123.hpc.itc.rwth-aachen.de",54,"54",1048576,20,13717,18569.2,19731.7,19507.4,20851.1,21227.1,21572.1
96,"r23m0124.hpc.itc.rwth-aachen.de",55,"n23m0123.hpc.itc.rwth-aachen.de",55,"55",1048576,20,18199.4,18684.5,19225.7,19281.9,20086.6,20721.3,20778.9
96,"r23m0124.hpc.itc.rwth-aachen.de",56,"n23m0123.hpc.itc.rwth-aachen.de",56,"56",1048576,20,18213.1,18979.2,19493.2,19724.3,20435.8,21344.9,21573.3
96,"r23m0124.hpc.itc.rwth-aachen.de",57,"n23m0123.hpc.itc.rwth-aachen.de",57,"57",1048576,20,16535.9,18827.1,19713.3,19643,20591.8,21433.3,21467.1
96,"r23m0124.hpc.itc.rwth-aachen.de",58,"n23m0123.hpc.itc.rwth-aachen.de",58,"58",1048576,20,11637.7,18220.4,20435.5,19271.4,21143.5,21595.6,22042.8
96,"r23m0124.hpc.itc.rwth-aachen.de",59,"n23m0123.hpc.itc.rwth-aachen.de",59,"59",1048576,20,17121.9,19288.1,20221,20045.3,20835.4,21488.3,21691.4
96,"r23m0124.hpc.itc.rwth-aachen.de",60,"n23m0123.hpc.itc.rwth-aachen.de",60,"60",1048576,20,18197.1,18913.5,20146.3,19860,20711.1,21385.3,21561.4
96,"r23m0124.hpc.itc.rwth-aachen.de",61,"n23m0123.hpc.itc.rwth-aachen.de",61,"61",1048576,20,17971.4,19237.1,19710.9,19822.8,20426.1,21201,21515.7
96,"r23m0124.hpc.itc.rwth-aachen.de",62,"n23m0123.hpc.itc.rwth-aachen.de",62,"62",1048576,20,14297.4,18707.1,19666.5,19332.1,20559.1,21532.3,22045.5
96,"r23m0124.hpc.itc.rwth-aachen.de",63,"n23m0123.hpc.itc.rwth-aachen.de",63,"63",1048576,20,17121,19572.2,20433.9,20246.6,21147.3,21511.9,21696.6
96,"r23m0124.hpc.itc.rwth-aachen.de",64,"n23m0123.hpc.itc.rwth-aachen.de",64,"64",1048576,20,14142.6,18146.5,19107.3,19062.1,20626,21695.4,21746.3
96,"r23m0124.hpc.itc.rwth-aachen.de",65,"n23m0123.hpc.itc.rwth-aachen.de",65,"65",1048576,20,9646.2,19081.9,19618.2,19331.7,20673.8,21173.9,21183.4
96,"r23m0124.hpc.itc.rwth-aachen.de",66,"n23m0123.hpc.itc.rwth-aachen.de",66,"66",1048576,20,12496.2,16937.1,18931.7,18556.6,20193.5,21381.8,21497.2
96,"r23m0124.hpc.itc.rwth-aachen.de",67,"n23m0123.hpc.itc.rwth-aachen.de",67,"67",1048576,20,9569.81,18938,19715.8,18789.9,20610.5,21204.7,21523
96,"r23m0124.hpc.itc.rwth-aachen.de",68,"n23m0123.hpc.itc.rwth-aachen.de",68,"68",1048576,20,10296.3,18851,19717.1,19420.6,21318.4,21589.2,21833.8
96,"r23m0124.hpc.itc.rwth-aachen.de",69,"n23m0123.hpc.itc.rwth-aachen.de",69,"69",1048576,20,11775.2,19136.2,20477.6,19697.1,21105,21294.4,21501
96,"r23m0124.hpc.itc.rwth-aachen.de",70,"n23m0123.hpc.itc.rwth-aachen.de",70,"70",1048576,20,10028.8,19690.1,20227.2,19816.4,21168.5,21488.9,21843.2
96,"r23m0124.hpc.itc.rwth-aachen.de",71,"n23m0123.hpc.itc.rwth-aachen.de",71,"71",1048576,20,12256.1,18480.1,19950.6,19013.5,20903.7,21500.6,21507.9
96,"r23m0124.hpc.itc.rwth-aachen.de",72,"n23m0123.hpc.itc.rwth-aachen.de",72,"72",1048576,20,9996.72,18191.6,19837.3,19346.5,21106.7,21380,21472.7
96,"r23m0124.hpc.itc.rwth-aachen.de",73,"n23m0123.hpc.itc.rwth-aachen.de",73,"73",1048576,20,9751.94,18178.3,19877.8,18863.4,21173.3,21525.4,21579.1
96,"r23m0124.hpc.itc.rwth-aachen.de",74,"n23m0123.hpc.itc.rwth-aachen.de",74,"74",1048576,20,17329.9,19124.6,20685.9,20123,21186.5,21594.8,21843.5
96,"r23m0124.hpc.itc.rwth-aachen.de",75,"n23m0123.hpc.itc.rwth-aachen.de",75,"75",1048576,20,12633,17755.6,20412.3,19238.2,21207.4,21527.4,21698.2
96,"r23m0124.hpc.itc.rwth-aachen.de",76,"n23m0123.hpc.itc.rwth-aachen.de",76,"76",1048576,20,9465.56,18522.2,19167.3,18297.8,20823.2,21460.1,21834.7
96,"r23m0124.hpc.itc.rwth-aachen.de",77,"n23m0123.hpc.itc.rwth-aachen.de",77,"77",1048576,20,9206.12,18919.5,20305.9,18874.6,20684.2,21180.7,21440.9
96,"r23m0124.hpc.itc.rwth-aachen.de",78,"n23m0123.hpc.itc.rwth-aachen.de",78,"78",1048576,20,11785,18726.3,19833.5,19477.1,20646.3,21248.5,21445.8
96,"r23m0124.hpc.itc.rwth-aachen.de",79,"n23m0123.hpc.itc.rwth-aachen.de",79,"79",1048576,20,12300.7,19011.6,20186.7,19492.8,20674.6,21189.8,21504.7
96,"r23m0124.hpc.itc.rwth-aachen.de",80,"n23m0123.hpc.itc.rwth-aachen.de",80,"80",1048576,20,14327.1,18647.2,19558.2,19262.4,20159.4,21470.8,21483.6
96,"r23m0124.hpc.itc.rwth-aachen.de",81,"n23m0123.hpc.itc.rwth-aachen.de",81,"81",1048576,20,9939.4,18509.1,18866.8,18557.8,19802.9,21014.9,21154
96,"r23m0124.hpc.itc.rwth-aachen.de",82,"n23m0123.hpc.itc.rwth-aachen.de",82,"82",1048576,20,9272.43,18186.4,18636.4,18096.9,18874.4,20041.2,20680.3
96,"r23m0124.hpc.itc.rwth-aachen.de",83,"n23m0123.hpc.itc.rwth-aachen.de",83,"83",1048576,20,16051.8,19078,19686.3,19572.3,20310.6,21299.5,21874.3
96,"r23m0124.hpc.itc.rwth-aachen.de",84,"n23m0123.hpc.itc.rwth-aachen.de",84,"84",1048576,20,9698.98,17753.6,19688,18130.2,20614.9,20841.2,21559.1
96,"r23m0124.hpc.itc.rwth-aachen.de",85,"n23m0123.hpc.itc.rwth-aachen.de",85,"85",1048576,20,12518.9,18079,19182.8,18728.9,20875.5,21469.6,21842.1
96,"r23m0124.hpc.itc.rwth-aachen.de",86,"n23m0123.hpc.itc.rwth-aachen.de",86,"86",1048576,20,9375.76,16431.8,19154.5,18202.8,20228.8,21329.9,21499.4
96,"r23m0124.hpc.itc.rwth-aachen.de",87,"n23m0123.hpc.itc.rwth-aachen.de",87,"87",1048576,20,11466.7,18531.8,19075.3,18480.9,19699.4,21192.5,21502.8
96,"r23m0124.hpc.itc.rwth-aachen.de",88,"n23m0123.hpc.itc.rwth-aachen.de",88,"88",1048576,20,12227.8,19022.3,20262.5,19439.4,20903.2,21493.6,21517.8
96,"r23m0124.hpc.itc.rwth-aachen.de",89,"n23m0123.hpc.itc.rwth-aachen.de",89,"89",1048576,20,9222.58,17736.2,19768.3,18254.3,20702.7,21215,21330
96,"r23m0124.hpc.itc.rwth-aachen.de",90,"n23m0123.hpc.itc.rwth-aachen.de",90,"90",1048576,20,13932.6,17665.2,18964,18366.7,20307.6,20740.9,21129.9
96,"r23m0124.hpc.itc.rwth-aachen.de",91,"n23m0123.hpc.itc.rwth-aachen.de",91,"91",1048576,20,10109.1,17976.2,19405.2,18764,20383.9,20821.5,21176.8
96,"r23m0124.hpc.itc.rwth-aachen.de",92,"n23m0123.hpc.itc.rwth-aachen.de",92,"92",1048576,20,12397.8,18397.3,19634,19105.8,20330.4,21287.1,21559.1
96,"r23m0124.hpc.itc.rwth-aachen.de",93,"n23m0123.hpc.itc.rwth-aachen.de",93,"93",1048576,20,9773.01,18485.2,19191.8,18703.8,20170.3,20931.5,21177.3
96,"r23m0124.hpc.itc.rwth-aachen.de",94,"n23m0123.hpc.itc.rwth-aachen.de",94,"94",1048576,20,12698.6,18698.1,19207.7,19112.5,20304.1,21173.7,21201.4
96,"r23m0124.hpc.itc.rwth-aachen.de",95,"n23m0123.hpc.itc.rwth-aachen.de",95,"95",1048576,20,11924.5,18581.3,19091.3,18769.2,20246.1,21455,21574.1
96,"r23m0124.hpc.itc.rwth-aachen.de",97,"r23m0124.hpc.itc.rwth-aachen.de",1,"1",1048576,20,1020.54,10456.2,11472.5,11062,13399.3,17636,17719.6
96,"r23m0124.hpc.itc.rwth-aachen.de",98,"r23m0124.hpc.itc.rwth-aachen.de",2,"2",1048576,20,2398.4,9347.33,13399.1,11781.7,14083.1,17450.9,18088.3
96,"r23m0124.hpc.itc.rwth-aachen.de",99,"r23m0124.hpc.itc.rwth-aachen.de",3,"3",1048576,20,3198.62,10726.3,11322.9,11446.5,13188.6,13683.9,14611.4
96,"r23m0124.hpc.itc.rwth-aachen.de",100,"r23m0124.hpc.itc.rwth-aachen.de",4,"4",1048576,20,198.534,9983.89,11635,10875.8,13740.6,15805.3,16575.4
96,"r23m0124.hpc.itc.rwth-aachen.de",101,"r23m0124.hpc.itc.rwth-aachen.de",5,"5",1048576,20,220.136,8607.66,11638.8,10117.1,13552.8,15075.4,15194.9
96,"r23m0124.hpc.itc.rwth-aachen.de",102,"r23m0124.hpc.itc.rwth-aachen.de",6,"6",1048576,20,616.422,6424.22,12255.1,10323,15129.7,17102.1,17691.8
96,"r23m0124.hpc.itc.rwth-aachen.de",103,"r23m0124.hpc.itc.rwth-aachen.de",7,"7",1048576,20,613.216,9334.11,11489,10019.4,12638.5,13409.3,13936
96,"r23m0124.hpc.itc.rwth-aachen.de",104,"r23m0124.hpc.itc.rwth-aachen.de",8,"8",1048576,20,594.341,6188.25,10768.9,9231.56,12588,13666.7,15053.7
96,"r23m0124.hpc.itc.rwth-aachen.de",105,"r23m0124.hpc.itc.rwth-aachen.de",9,"9",1048576,20,192.479,6363.5,10730.1,8706.24,11653.5,12329.7,12689.9
96,"r23m0124.hpc.itc.rwth-aachen.de",106,"r23m0124.hpc.itc.rwth-aachen.de",10,"10",1048576,20,310.313,8964.58,11370.2,10543.3,13488.7,16130.5,17012.2
96,"r23m0124.hpc.itc.rwth-aachen.de",107,"r23m0124.hpc.itc.rwth-aachen.de",11,"11",1048576,20,3212.48,10486.6,12956.4,12473.7,14815.8,17128.5,17611.9
96,"r23m0124.hpc.itc.rwth-aachen.de",108,"r23m0124.hpc.itc.rwth-aachen.de",12,"12",1048576,20,199.538,9794.51,12123.2,10770.9,13689.4,16681.5,17145.5
96,"r23m0124.hpc.itc.rwth-aachen.de",109,"r23m0124.hpc.itc.rwth-aachen.de",13,"13",1048576,20,1353.84,10223.6,11303.8,10408.3,13266.2,16014.2,17095.1
96,"r23m0124.hpc.itc.rwth-aachen.de",110,"r23m0124.hpc.itc.rwth-aachen.de",14,"14",1048576,20,601.672,10046.6,10945,10388.7,12659.1,17271.5,17598.2
96,"r23m0124.hpc.itc.rwth-aachen.de",111,"r23m0124.hpc.itc.rwth-aachen.de",15,"15",1048576,20,178.675,10315.2,11889.8,11015,13464.1,17183.3,17187.8
96,"r23m0124.hpc.itc.rwth-aachen.de",112,"r23m0124.hpc.itc.rwth-aachen.de",16,"16",1048576,20,178.299,10256.5,11671.3,11298.5,13564,16451.4,17443.5
96,"r23m0124.hpc.itc.rwth-aachen.de",113,"r23m0124.hpc.itc.rwth-aachen.de",17,"17",1048576,20,2624.57,10004.4,10622.8,10795.7,13087.1,14350.4,16079.3
96,"r23m0124.hpc.itc.rwth-aachen.de",114,"r23m0124.hpc.itc.rwth-aachen.de",18,"18",1048576,20,1453.13,10446,12011.5,11680.3,12953.6,16317.1,17680.4
96,"r23m0124.hpc.itc.rwth-aachen.de",115,"r23m0124.hpc.itc.rwth-aachen.de",19,"19",1048576,20,5824.32,10369.3,12494.7,12006.2,12973.2,15778.3,17404
96,"r23m0124.hpc.itc.rwth-aachen.de",116,"r23m0124.hpc.itc.rwth-aachen.de",20,"20",1048576,20,7995.93,10985,11875.7,12218.9,13648.2,16480.2,16484.8
96,"r23m0124.hpc.itc.rwth-aachen.de",117,"r23m0124.hpc.itc.rwth-aachen.de",21,"21",1048576,20,594.772,12284.1,12869.6,12550,14880.4,16808.3,17514.8
96,"r23m0124.hpc.itc.rwth-aachen.de",118,"r23m0124.hpc.itc.rwth-aachen.de",22,"22",1048576,20,6869.25,10532.4,11917.9,11977.2,12752.4,15389.7,17197.4
96,"r23m0124.hpc.itc.rwth-aachen.de",119,"r23m0124.hpc.itc.rwth-aachen.de",23,"23",1048576,20,989.396,10453.3,12888.2,11996.2,15099.2,16608.4,16646.9
96,"r23m0124.hpc.itc.rwth-aachen.de",120,"r23m0124.hpc.itc.rwth-aachen.de",24,"24",1048576,20,6955.35,10671.9,12053.8,12550.2,14240.5,17049.2,17794.7
96,"r23m0124.hpc.itc.rwth-aachen.de",121,"r23m0124.hpc.itc.rwth-aachen.de",25,"25",1048576,20,2570.92,10736.5,12202,11816.6,13537.1,15168.4,17386.3
96,"r23m0124.hpc.itc.rwth-aachen.de",122,"r23m0124.hpc.itc.rwth-aachen.de",26,"26",1048576,20,616.755,10768.3,11676.9,11959.9,13734.5,16260.6,18011.5
96,"r23m0124.hpc.itc.rwth-aachen.de",123,"r23m0124.hpc.itc.rwth-aachen.de",27,"27",1048576,20,6831.5,11787.6,12749.9,13112.7,15525,16852.1,16935.9
96,"r23m0124.hpc.itc.rwth-aachen.de",124,"r23m0124.hpc.itc.rwth-aachen.de",28,"28",1048576,20,3238.42,11629.6,12391,12404.8,13586.6,16847.5,17714.8
96,"r23m0124.hpc.itc.rwth-aachen.de",125,"r23m0124.hpc.itc.rwth-aachen.de",29,"29",1048576,20,5728.91,10928.2,12033.4,11976.8,13172.2,16592.7,17692.9
96,"r23m0124.hpc.itc.rwth-aachen.de",126,"r23m0124.hpc.itc.rwth-aachen.de",30,"30",1048576,20,576.761,10942.6,12170.6,11828.6,14020.8,16982,17181.7
96,"r23m0124.hpc.itc.rwth-aachen.de",127,"r23m0124.hpc.itc.rwth-aachen.de",31,"31",1048576,20,11472.2,12339.1,13345,14002.8,15763.9,17441.6,17653.8
96,"r23m0124.hpc.itc.rwth-aachen.de",128,"r23m0124.hpc.itc.rwth-aachen.de",32,"32",1048576,20,1861,14589.5,16110.4,15136.8,16748.5,17247,17941.8
96,"r23m0124.hpc.itc.rwth-aachen.de",129,"r23m0124.hpc.itc.rwth-aachen.de",33,"33",1048576,20,13882.4,14665.2,16657.8,16158.8,17289.3,17601.4,17706
96,"r23m0124.hpc.itc.rwth-aachen.de",130,"r23m0124.hpc.itc.rwth-aachen.de",34,"34",1048576,20,13755,14905.5,16006.2,15846.3,17004.3,17587.2,17594.3
96,"r23m0124.hpc.itc.rwth-aachen.de",131,"r23m0124.hpc.itc.rwth-aachen.de",35,"35",1048576,20,13775.9,13985.7,16032.7,15594.7,16799.4,17485.5,17494.3
96,"r23m0124.hpc.itc.rwth-aachen.de",132,"r23m0124.hpc.itc.rwth-aachen.de",36,"36",1048576,20,13872.1,14553.5,15742.3,15867.8,17162,17614.3,17665.5
96,"r23m0124.hpc.itc.rwth-aachen.de",133,"r23m0124.hpc.itc.rwth-aachen.de",37,"37",1048576,20,14012.7,14687,15461.7,15627.2,16621.5,17349,17391.2
96,"r23m0124.hpc.itc.rwth-aachen.de",134,"r23m0124.hpc.itc.rwth-aachen.de",38,"38",1048576,20,13748.3,14733.6,16296.3,15830.3,16687.1,17702.6,17726
96,"r23m0124.hpc.itc.rwth-aachen.de",135,"r23m0124.hpc.itc.rwth-aachen.de",39,"39",1048576,20,13833.1,15342,16113.8,15911.9,16542.8,17490.5,17588.3
96,"r23m0124.hpc.itc.rwth-aachen.de",136,"r23m0124.hpc.itc.rwth-aachen.de",40,"40",1048576,20,13752.9,14748.3,16610.2,16066.6,17168.6,17395.9,17488.6
96,"r23m0124.hpc.itc.rwth-aachen.de",137,"r23m0124.hpc.itc.rwth-aachen.de",41,"41",1048576,20,14095.3,15109.5,15639.2,15821.8,16507.8,17473.7,17849.2
96,"r23m0124.hpc.itc.rwth-aachen.de",138,"r23m0124.hpc.itc.rwth-aachen.de",42,"42",1048576,20,13931.9,14730.8,15799.6,15634.9,16569.4,17032.8,17545.2
96,"r23m0124.hpc.itc.rwth-aachen.de",139,"r23m0124.hpc.itc.rwth-aachen.de",43,"43",1048576,20,13794.8,14791.2,15936.2,15912.9,17181.1,17489.5,17582.2
96,"r23m0124.hpc.itc.rwth-aachen.de",140,"r23m0124.hpc.itc.rwth-aachen.de",44,"44",1048576,20,14209.2,14593.6,15123,15430.5,16035.9,17504.2,17684.2
96,"r23m0124.hpc.itc.rwth-aachen.de",141,"r23m0124.hpc.itc.rwth-aachen.de",45,"45",1048576,20,13951.3,14462.6,15256.8,15460.4,16374.1,17053.8,17761.1
96,"r23m0124.hpc.itc.rwth-aachen.de",142,"r23m0124.hpc.itc.rwth-aachen.de",46,"46",1048576,20,13938,14968.6,16183,15879.5,16674.2,17285.2,17486.5
96,"r23m0124.hpc.itc.rwth-aachen.de",143,"r23m0124.hpc.itc.rwth-aachen.de",47,"47",1048576,20,13873.2,14676.5,16111.6,15802.8,16800.2,17697.6,17892.3
96,"r23m0124.hpc.itc.rwth-aachen.de",144,"r23m0124.hpc.itc.rwth-aachen.de",48,"48",1048576,20,11744.8,14717.2,15329.2,15378.4,15995.4,17687.3,17809.7
96,"r23m0124.hpc.itc.rwth-aachen.de",145,"r23m0124.hpc.itc.rwth-aachen.de",49,"49",1048576,20,12394.8,14333.5,14934.5,15212.5,16176.8,17299.7,17304
96,"r23m0124.hpc.itc.rwth-aachen.de",146,"r23m0124.hpc.itc.rwth-aachen.de",50,"50",1048576,20,14195.1,15040.3,15632.3,15692.7,16132.2,17383.3,17598.7
96,"r23m0124.hpc.itc.rwth-aachen.de",147,"r23m0124.hpc.itc.rwth-aachen.de",51,"51",1048576,20,12932.6,14532.2,15617.9,15479.5,16397.8,17123.8,17393.9
96,"r23m0124.hpc.itc.rwth-aachen.de",148,"r23m0124.hpc.itc.rwth-aachen.de",52,"52",1048576,20,13783.1,14473.7,15014.4,15522.8,16725,17747.3,17777.3
96,"r23m0124.hpc.itc.rwth-aachen.de",149,"r23m0124.hpc.itc.rwth-aachen.de",53,"53",1048576,20,14217.2,14529.7,14972.5,15300.9,15957.5,17101.9,17494.7
96,"r23m0124.hpc.itc.rwth-aachen.de",150,"r23m0124.hpc.itc.rwth-aachen.de",54,"54",1048576,20,13930.7,14834.8,15458.6,15616.6,16426.4,16915.4,17209.3
96,"r23m0124.hpc.itc.rwth-aachen.de",151,"r23m0124.hpc.itc.rwth-aachen.de",55,"55",1048576,20,14154.8,14807.7,15855.8,15863.8,16884.2,17570.8,17788
96,"r23m0124.hpc.itc.rwth-aachen.de",152,"r23m0124.hpc.itc.rwth-aachen.de",56,"56",1048576,20,14096.4,14957.3,15435.4,15607.3,16063.2,17293.6,17448.2
96,"r23m0124.hpc.itc.rwth-aachen.de",153,"r23m0124.hpc.itc.rwth-aachen.de",57,"57",1048576,20,14054.4,15321.4,16185.3,16008.6,16874,17296.2,17379
96,"r23m0124.hpc.itc.rwth-aachen.de",154,"r23m0124.hpc.itc.rwth-aachen.de",58,"58",1048576,20,14025.9,14541,15904.1,15750.4,16589.9,17499.8,17586.5
96,"r23m0124.hpc.itc.rwth-aachen.de",155,"r23m0124.hpc.itc.rwth-aachen.de",59,"59",1048576,20,14224.4,15369.2,15786,15959.1,16780.8,17359.6,17694
96,"r23m0124.hpc.itc.rwth-aachen.de",156,"r23m0124.hpc.itc.rwth-aachen.de",60,"60",1048576,20,13836.5,14417.8,15338.1,15395.4,15936.8,17216,17647.5
96,"r23m0124.hpc.itc.rwth-aachen.de",157,"r23m0124.hpc.itc.rwth-aachen.de",61,"61",1048576,20,14205.9,15020.7,15882.4,15786,16525.1,17204.8,17478.6
96,"r23m0124.hpc.itc.rwth-aachen.de",158,"r23m0124.hpc.itc.rwth-aachen.de",62,"62",1048576,20,14236.3,14725.7,14906.7,15355.1,15761.1,17089.4,17313.7
96,"r23m0124.hpc.itc.rwth-aachen.de",159,"r23m0124.hpc.itc.rwth-aachen.de",63,"63",1048576,20,14123.2,14612,15723.6,15934.3,17360.8,17629.7,18157.7
96,"r23m0124.hpc.itc.rwth-aachen.de",160,"r23m0124.hpc.itc.rwth-aachen.de",64,"64",1048576,20,189.004,10631.7,12028,11934,15015.3,16207.5,16529.5
96,"r23m0124.hpc.itc.rwth-aachen.de",161,"r23m0124.hpc.itc.rwth-aachen.de",65,"65",1048576,20,2529.68,9944.04,10732.1,10195.8,11578,12957.9,17569.9
96,"r23m0124.hpc.itc.rwth-aachen.de",162,"r23m0124.hpc.itc.rwth-aachen.de",66,"66",1048576,20,205.678,936.465,4975.14,6879.14,12523.2,13721.7,17480.3
96,"r23m0124.hpc.itc.rwth-aachen.de",163,"r23m0124.hpc.itc.rwth-aachen.de",67,"67",1048576,20,1303.37,9373.94,11157.5,10141.6,11904.9,15825.3,16456.4
96,"r23m0124.hpc.itc.rwth-aachen.de",164,"r23m0124.hpc.itc.rwth-aachen.de",68,"68",1048576,20,602.332,10054.9,11852.3,10614.2,12722.9,15375.2,16104.4
96,"r23m0124.hpc.itc.rwth-aachen.de",165,"r23m0124.hpc.itc.rwth-aachen.de",69,"69",1048576,20,198.865,9560.1,11933.2,10136.1,12371.1,13762.8,17051.6
96,"r23m0124.hpc.itc.rwth-aachen.de",166,"r23m0124.hpc.itc.rwth-aachen.de",70,"70",1048576,20,213.929,10002,10855.7,9755.96,11884.6,13311.9,14420.8
96,"r23m0124.hpc.itc.rwth-aachen.de",167,"r23m0124.hpc.itc.rwth-aachen.de",71,"71",1048576,20,1021.29,9030.88,11695.7,10779.4,13246.8,15416.6,16441.7
96,"r23m0124.hpc.itc.rwth-aachen.de",168,"r23m0124.hpc.itc.rwth-aachen.de",72,"72",1048576,20,569.15,5105.77,10780.1,8423.79,11811.7,13315.9,14159.7
96,"r23m0124.hpc.itc.rwth-aachen.de",169,"r23m0124.hpc.itc.rwth-aachen.de",73,"73",1048576,20,612.977,8065.37,10832.6,9926.55,12063.5,13319.2,17244.8
96,"r23m0124.hpc.itc.rwth-aachen.de",170,"r23m0124.hpc.itc.rwth-aachen.de",74,"74",1048576,20,205.651,9796.99,11925.5,10472.4,12951.2,16482.4,17950.5
96,"r23m0124.hpc.itc.rwth-aachen.de",171,"r23m0124.hpc.itc.rwth-aachen.de",75,"75",1048576,20,3186.05,11347.8,12306.7,11796.7,13385.4,16408,17309.6
96,"r23m0124.hpc.itc.rwth-aachen.de",172,"r23m0124.hpc.itc.rwth-aachen.de",76,"76",1048576,20,179.019,9993.21,10872.8,10315.7,13338,14829.9,15732.1
96,"r23m0124.hpc.itc.rwth-aachen.de",173,"r23m0124.hpc.itc.rwth-aachen.de",77,"77",1048576,20,932.764,10324,11535.3,10988.4,12536.3,16091,16906
96,"r23m0124.hpc.itc.rwth-aachen.de",174,"r23m0124.hpc.itc.rwth-aachen.de",78,"78",1048576,20,1533.48,9957.76,12370.5,10825.2,12887.7,14271.4,15141
96,"r23m0124.hpc.itc.rwth-aachen.de",175,"r23m0124.hpc.itc.rwth-aachen.de",79,"79",1048576,20,186.707,10067,10831.1,11287.3,12281.8,17416.8,17680.6
96,"r23m0124.hpc.itc.rwth-aachen.de",176,"r23m0124.hpc.itc.rwth-aachen.de",80,"80",1048576,20,198.521,10156.2,12016.3,10436.4,12862.2,14041.9,16007.2
96,"r23m0124.hpc.itc.rwth-aachen.de",177,"r23m0124.hpc.itc.rwth-aachen.de",81,"81",1048576,20,203.81,9710.18,10558.7,9798.15,11721.7,13635.9,14062.2
96,"r23m0124.hpc.itc.rwth-aachen.de",178,"r23m0124.hpc.itc.rwth-aachen.de",82,"82",1048576,20,522.211,9392.92,10511.3,10527.2,12489.7,16150,17522.2
96,"r23m0124.hpc.itc.rwth-aachen.de",179,"r23m0124.hpc.itc.rwth-aachen.de",83,"83",1048576,20,4809.74,11799.1,12401.9,12257.6,13167.9,16847.6,16900.9
96,"r23m0124.hpc.itc.rwth-aachen.de",180,"r23m0124.hpc.itc.rwth-aachen.de",84,"84",1048576,20,928.395,8902.02,11422.3,10802.4,13949.4,16740.4,17108.4
96,"r23m0124.hpc.itc.rwth-aachen.de",181,"r23m0124.hpc.itc.rwth-aachen.de",85,"85",1048576,20,975.686,10367,11195,10747.3,13306.6,14453.2,16358
96,"r23m0124.hpc.itc.rwth-aachen.de",182,"r23m0124.hpc.itc.rwth-aachen.de",86,"86",1048576,20,628.958,10348.1,11512,10918.6,12662.2,17056.5,18065.9
96,"r23m0124.hpc.itc.rwth-aachen.de",183,"r23m0124.hpc.itc.rwth-aachen.de",87,"87",1048576,20,1797.37,9740.05,11072,10644.2,12494.5,15725.1,16645.1
96,"r23m0124.hpc.itc.rwth-aachen.de",184,"r23m0124.hpc.itc.rwth-aachen.de",88,"88",1048576,20,200.897,11039.4,11623.1,11471.5,12160.2,15495.2,17636
96,"r23m0124.hpc.itc.rwth-aachen.de",185,"r23m0124.hpc.itc.rwth-aachen.de",89,"89",1048576,20,2558.56,10272.9,10848,10860.9,11925.2,13201.9,14215.4
96,"r23m0124.hpc.itc.rwth-aachen.de",186,"r23m0124.hpc.itc.rwth-aachen.de",90,"90",1048576,20,3313.94,10394.1,12410.6,12081.1,13470.2,16469.5,17239.8
96,"r23m0124.hpc.itc.rwth-aachen.de",187,"r23m0124.hpc.itc.rwth-aachen.de",91,"91",1048576,20,10129.1,11190.4,12396,12654.4,13306.1,16731.5,16816.4
96,"r23m0124.hpc.itc.rwth-aachen.de",188,"r23m0124.hpc.itc.rwth-aachen.de",92,"92",1048576,20,2464.42,11165.4,12486.9,11450.1,13395.2,14668.6,16634.3
96,"r23m0124.hpc.itc.rwth-aachen.de",189,"r23m0124.hpc.itc.rwth-aachen.de",93,"93",1048576,20,9827.17,10915,11702.7,12024.6,12452.3,15608.7,16253.6
96,"r23m0124.hpc.itc.rwth-aachen.de",190,"r23m0124.hpc.itc.rwth-aachen.de",94,"94",1048576,20,1844.33,9322.11,10755.2,10012.3,11643.7,13761.6,14663
96,"r23m0124.hpc.itc.rwth-aachen.de",191,"r23m0124.hpc.itc.rwth-aachen.de",95,"95",1048576,20,8038.55,12318.6,13030.9,13050.7,13313.4,17270.8,17309.8
96,"r23m0124.hpc.itc.rwth-aachen.de",0,"n23m0123.hpc.itc.rwth-aachen.de",0,"0",4194304,20,16754.7,35063,43787,40392.3,45817.6,53941.4,55669.3
96,"r23m0124.hpc.itc.rwth-aachen.de",1,"n23m0123.hpc.itc.rwth-aachen.de",1,"1",4194304,20,11577.3,15511.7,19251.3,25501.4,32493.6,53508.6,54825.3
96,"r23m0124.hpc.itc.rwth-aachen.de",2,"n23m0123.hpc.itc.rwth-aachen.de",2,"2",4194304,20,11690,15681.5,21279.4,24987.6,32582.6,45051.1,57507.5
96,"r23m0124.hpc.itc.rwth-aachen.de",3,"n23m0123.hpc.itc.rwth-aachen.de",3,"3",4194304,20,11670.8,18544.3,22298.7,25157.7,32252.2,39755.1,44803.8
96,"r23m0124.hpc.itc.rwth-aachen.de",4,"n23m0123.hpc.itc.rwth-aachen.de",4,"4",4194304,20,11647.7,20438.2,24663.8,29165.5,33325.4,56140.9,57312.4
96,"r23m0124.hpc.itc.rwth-aachen.de",5,"n23m0123.hpc.itc.rwth-aachen.de",5,"5",4194304,20,11241.5,15457.2,19258.2,22261,22570.3,43512.5,57836.4
96,"r23m0124.hpc.itc.rwth-aachen.de",6,"n23m0123.hpc.itc.rwth-aachen.de",6,"6",4194304,20,13768.8,18935.5,30576.9,31697.5,42787.9,50567.3,51575.2
96,"r23m0124.hpc.itc.rwth-aachen.de",7,"n23m0123.hpc.itc.rwth-aachen.de",7,"7",4194304,20,12120.1,25336,29907.8,32603,41812.6,52916.3,58163
96,"r23m0124.hpc.itc.rwth-aachen.de",8,"n23m0123.hpc.itc.rwth-aachen.de",8,"8",4194304,20,21698.6,31740.9,45389.1,41666.5,51366.4,57801.5,61676.1
96,"r23m0124.hpc.itc.rwth-aachen.de",9,"n23m0123.hpc.itc.rwth-aachen.de",9,"9",4194304,20,11278.5,18361.1,26096,27935.2,33068.4,53720.6,57667.4
96,"r23m0124.hpc.itc.rwth-aachen.de",10,"n23m0123.hpc.itc.rwth-aachen.de",10,"10",4194304,20,11540.7,18676.6,21924.2,26200.4,35613.9,46370.1,57184.3
96,"r23m0124.hpc.itc.rwth-aachen.de",11,"n23m0123.hpc.itc.rwth-aachen.de",11,"11",4194304,20,11876.1,16689.4,26058,25404.5,28886.3,42956.9,51642.1
96,"r23m0124.hpc.itc.rwth-aachen.de",12,"n23m0123.hpc.itc.rwth-aachen.de",12,"12",4194304,20,17577.4,28653,33186.9,33416.6,40884.3,47772,50537.7
96,"r23m0124.hpc.itc.rwth-aachen.de",13,"n23m0123.hpc.itc.rwth-aachen.de",13,"13",4194304,20,11778.2,20757.1,25783,26182.4,28470.2,41809.3,48783.8
96,"r23m0124.hpc.itc.rwth-aachen.de",14,"n23m0123.hpc.itc.rwth-aachen.de",14,"14",4194304,20,18157.7,29527.3,37855.6,35377.6,40070.7,46023.7,49405.2
96,"r23m0124.hpc.itc.rwth-aachen.de",15,"n23m0123.hpc.itc.rwth-aachen.de",15,"15",4194304,20,16068.1,26923.8,34077.7,33856.3,38387.1,49677.6,56697.1
96,"r23m0124.hpc.itc.rwth-aachen.de",16,"n23m0123.hpc.itc.rwth-aachen.de",16,"16",4194304,20,20353.8,44848.6,47775.7,45855.9,53365.9,60221.5,65611
96,"r23m0124.hpc.itc.rwth-aachen.de",17,"n23m0123.hpc.itc.rwth-aachen.de",17,"17",4194304,20,15355.8,25021.3,32284.6,32384.9,37195.7,53832.3,57978
96,"r23m0124.hpc.itc.rwth-aachen.de",18,"n23m0123.hpc.itc.rwth-aachen.de",18,"18",4194304,20,12216,25637,35007.9,33812.2,37571.8,53767.2,54681.4
96,"r23m0124.hpc.itc.rwth-aachen.de",19,"n23m0123.hpc.itc.rwth-aachen.de",19,"19",4194304,20,13307.5,32926,40928.7,38147.9,46898.8,53489.8,53549.3
96,"r23m0124.hpc.itc.rwth-aachen.de",20,"n23m0123.hpc.itc.rwth-aachen.de",20,"20",4194304,20,18775.4,29888.6,44631.6,40637.6,50382.9,52312.8,53803.3
96,"r23m0124.hpc.itc.rwth-aachen.de",21,"n23m0123.hpc.itc.rwth-aachen.de",21,"21",4194304,20,15418.8,32720.1,38249.1,36686.4,43298.7,54055.1,60161.3
96,"r23m0124.hpc.itc.rwth-aachen.de",22,"n23m0123.hpc.itc.rwth-aachen.de",22,"22",4194304,20,25227.4,33736,39193,40731.4,47647.2,53769.8,65156.3
96,"r23m0124.hpc.itc.rwth-aachen.de",23,"n23m0123.hpc.itc.rwth-aachen.de",23,"23",4194304,20,18890.7,44687.8,48839.2,46285.4,52741.3,56656,64928.3
96,"r23m0124.hpc.itc.rwth-aachen.de",24,"n23m0123.hpc.itc.rwth-aachen.de",24,"24",4194304,20,32076.1,46505.6,49091,49303.6,53112,56988.9,59315.2
96,"r23m0124.hpc.itc.rwth-aachen.de",25,"n23m0123.hpc.itc.rwth-aachen.de",25,"25",4194304,20,19466.8,26764.8,35555.6,36829.9,47034.8,54402.9,54724.6
96,"r23m0124.hpc.itc.rwth-aachen.de",26,"n23m0123.hpc.itc.rwth-aachen.de",26,"26",4194304,20,17534.8,30540.9,42096.6,41332.7,49620.3,54914.7,69646.1
96,"r23m0124.hpc.itc.rwth-aachen.de",27,"n23m0123.hpc.itc.rwth-aachen.de",27,"27",4194304,20,16155.8,33366.9,46327.5,41634.1,50709.4,54920.2,55059.1
96,"r23m0124.hpc.itc.rwth-aachen.de",28,"n23m0123.hpc.itc.rwth-aachen.de",28,"28",4194304,20,20671.8,42047.4,48277.7,45647.8,50963.1,60375.4,66651.8
96,"r23m0124.hpc.itc.rwth-aachen.de",29,"n23m0123.hpc.itc.rwth-aachen.de",29,"29",4194304,20,22932.1,39803.5,46577.5,44430.5,49834.1,59903.2,64761.9
96,"r23m0124.hpc.itc.rwth-aachen.de",30,"n23m0123.hpc.itc.rwth-aachen.de",30,"30",4194304,20,19570.2,43873.2,49813.7,46173,51099.1,53787.9,62195.6
96,"r23m0124.hpc.itc.rwth-aachen.de",31,"n23m0123.hpc.itc.rwth-aachen.de",31,"31",4194304,20,24100.3,45738.5,49112.1,48156.2,52341.4,57986.4,60331.1
96,"r23m0124.hpc.itc.rwth-aachen.de",32,"n23m0123.hpc.itc.rwth-aachen.de",32,"32",4194304,20,11216.1,12298.7,12528.2,14849,13372.2,23220.7,48549.5
96,"r23m0124.hpc.itc.rwth-aachen.de",33,"n23m0123.hpc.itc.rwth-aachen.de",33,"33",4194304,20,11452.1,11879.5,13117.6,16604.6,16315,36249.1,37152.7
96,"r23m0124.hpc.itc.rwth-aachen.de",34,"n23m0123.hpc.itc.rwth-aachen.de",34,"34",4194304,20,11111.8,12395.4,18037.8,22326.9,23736.9,44763.9,59079.8
96,"r23m0124.hpc.itc.rwth-aachen.de",35,"n23m0123.hpc.itc.rwth-aachen.de",35,"35",4194304,20,10900.2,11906.7,13602,18932.2,22642.1,46355.8,48235.9
96,"r23m0124.hpc.itc.rwth-aachen.de",36,"n23m0123.hpc.itc.rwth-aachen.de",36,"36",4194304,20,10549.1,15593.6,21385.5,24665.1,32636.4,45419.6,47245.9
96,"r23m0124.hpc.itc.rwth-aachen.de",37,"n23m0123.hpc.itc.rwth-aachen.de",37,"37",4194304,20,11589,12818.9,18801.5,21813.2,27007.8,38254.2,43589.1
96,"r23m0124.hpc.itc.rwth-aachen.de",38,"n23m0123.hpc.itc.rwth-aachen.de",38,"38",4194304,20,11298.1,14692.6,18377,24428.3,31311.5,49708.5,60494.2
96,"r23m0124.hpc.itc.rwth-aachen.de",39,"n23m0123.hpc.itc.rwth-aachen.de",39,"39",4194304,20,10805.8,14147.5,20609.5,23734.4,27304.4,49647.2,52686.4
96,"r23m0124.hpc.itc.rwth-aachen.de",40,"n23m0123.hpc.itc.rwth-aachen.de",40,"40",4194304,20,11800.3,29461.8,36557.6,35006.8,44412.6,49221.9,53301.7
96,"r23m0124.hpc.itc.rwth-aachen.de",41,"n23m0123.hpc.itc.rwth-aachen.de",41,"41",4194304,20,10626.6,12430.4,14927.4,19769.1,21207.2,45367.6,51438.8
96,"r23m0124.hpc.itc.rwth-aachen.de",42,"n23m0123.hpc.itc.rwth-aachen.de",42,"42",4194304,20,12266.7,17399.1,21098.8,25138,31410.5,48707.8,49617.1
96,"r23m0124.hpc.itc.rwth-aachen.de",43,"n23m0123.hpc.itc.rwth-aachen.de",43,"43",4194304,20,10981.6,11979.9,15960.8,20589.1,23092.7,41560.7,44975.3
96,"r23m0124.hpc.itc.rwth-aachen.de",44,"n23m0123.hpc.itc.rwth-aachen.de",44,"44",4194304,20,10713,21157,28635.3,30171.9,37121.7,46049.5,52938.2
96,"r23m0124.hpc.itc.rwth-aachen.de",45,"n23m0123.hpc.itc.rwth-aachen.de",45,"45",4194304,20,11228.3,19070,22620.9,25948.9,35175.7,38298.3,40569.3
96,"r23m0124.hpc.itc.rwth-aachen.de",46,"n23m0123.hpc.itc.rwth-aachen.de",46,"46",4194304,20,13144.1,20821.2,30696.1,31843.6,42386.3,51044,54095.8
96,"r23m0124.hpc.itc.rwth-aachen.de",47,"n23m0123.hpc.itc.rwth-aachen.de",47,"47",4194304,20,17007.4,30581.4,36205.9,36558.7,44491.1,51545,56584.8
96,"r23m0124.hpc.itc.rwth-aachen.de",48,"n23m0123.hpc.itc.rwth-aachen.de",48,"48",4194304,20,11923.6,26518.2,40294.5,36497.8,45500.9,50411.5,53452.7
96,"r23m0124.hpc.itc.rwth-aachen.de",49,"n23m0123.hpc.itc.rwth-aachen.de",49,"49",4194304,20,11344.7,15050.3,19306.2,20336.6,25741.4,31278.3,33156
96,"r23m0124.hpc.itc.rwth-aachen.de",50,"n23m0123.hpc.itc.rwth-aachen.de",50,"50",4194304,20,11554.9,15332.2,24969.3,27394,38329.4,49516.3,49929.8
96,"r23m0124.hpc.itc.rwth-aachen.de",51,"n23m0123.hpc.itc.rwth-aachen.de",51,"51",4194304,20,11874.4,16417.3,21044.8,23435.2,29014.4,37282.5,37699
96,"r23m0124.hpc.itc.rwth-aachen.de",52,"n23m0123.hpc.itc.rwth-aachen.de",52,"52",4194304,20,11776.1,22589,29599.2,29077.2,36773.3,41561.4,45500.6
96,"r23m0124.hpc.itc.rwth-aachen.de",53,"n23m0123.hpc.itc.rwth-aachen.de",53,"53",4194304,20,14145.9,20482.3,24086.9,25085.3,27233.9,38235.7,39917.6
96,"r23m0124.hpc.itc.rwth-aachen.de",54,"n23m0123.hpc.itc.rwth-aachen.de",54,"54",4194304,20,11749.8,18101.8,26899.4,27609.5,34065.3,44734.7,57752.9
96,"r23m0124.hpc.itc.rwth-aachen.de",55,"n23m0123.hpc.itc.rwth-aachen.de",55,"55",4194304,20,10962.1,21271.5,29748.4,29241.7,37369,47495.1,47861.3
96,"r23m0124.hpc.itc.rwth-aachen.de",56,"n23m0123.hpc.itc.rwth-aachen.de",56,"56",4194304,20,15778.9,25774.3,32504.1,33243.8,41391.7,46776.7,53228.2
96,"r23m0124.hpc.itc.rwth-aachen.de",57,"n23m0123.hpc.itc.rwth-aachen.de",57,"57",4194304,20,11033.3,17349.6,26279.7,26035.2,29364.8,46239.9,53162.6
96,"r23m0124.hpc.itc.rwth-aachen.de",58,"n23m0123.hpc.itc.rwth-aachen.de",58,"58",4194304,20,12071.4,18032.7,31848.9,32844.1,43133.2,54001.4,61272.3
96,"r23m0124.hpc.itc.rwth-aachen.de",59,"n23m0123.hpc.itc.rwth-aachen.de",59,"59",4194304,20,15136.8,28070.3,33060.5,34689,41801.6,52851.3,53451.6
96,"r23m0124.hpc.itc.rwth-aachen.de",60,"n23m0123.hpc.itc.rwth-aachen.de",60,"60",4194304,20,22163.7,31261,37860.1,36553.4,41849.8,49119.4,53599
96,"r23m0124.hpc.itc.rwth-aachen.de",61,"n23m0123.hpc.itc.rwth-aachen.de",61,"61",4194304,20,15138.3,27049.7,30388.8,31468.6,34982.4,45776.3,55896.6
96,"r23m0124.hpc.itc.rwth-aachen.de",62,"n23m0123.hpc.itc.rwth-aachen.de",62,"62",4194304,20,13318.1,23112.9,30320.1,30707,38097.9,46370.2,50056.4
96,"r23m0124.hpc.itc.rwth-aachen.de",63,"n23m0123.hpc.itc.rwth-aachen.de",63,"63",4194304,20,10870.5,26447.9,32466.8,35287.9,44293.5,56128.1,57462.5
96,"r23m0124.hpc.itc.rwth-aachen.de",64,"n23m0123.hpc.itc.rwth-aachen.de",64,"64",4194304,20,22722.1,33668.2,37955,38032.6,43856.7,48616.6,50673.1
96,"r23m0124.hpc.itc.rwth-aachen.de",65,"n23m0123.hpc.itc.rwth-aachen.de",65,"65",4194304,20,11145.9,15865.8,17188.7,19712.9,21255.3,30689.4,51632.2
96,"r23m0124.hpc.itc.rwth-aachen.de",66,"n23m0123.hpc.itc.rwth-aachen.de",66,"66",4194304,20,11502.2,15327.2,20981.8,27651,38175.8,47752.8,56863.4
96,"r23m0124.hpc.itc.rwth-aachen.de",67,"n23m0123.hpc.itc.rwth-aachen.de",67,"67",4194304,20,11997.8,15797.1,19712.1,21903.8,25226.4,43678.2,44339.7
96,"r23m0124.hpc.itc.rwth-aachen.de",68,"n23m0123.hpc.itc.rwth-aachen.de",68,"68",4194304,20,16107.4,20317,25516.4,30095.5,37531.8,52825.9,53593.1
96,"r23m0124.hpc.itc.rwth-aachen.de",69,"n23m0123.hpc.itc.rwth-aachen.de",69,"69",4194304,20,15721.2,19378.7,23962.4,29299.6,42998.9,49043.1,52643.3
96,"r23m0124.hpc.itc.rwth-aachen.de",70,"n23m0123.hpc.itc.rwth-aachen.de",70,"70",4194304,20,15497.8,22727.1,32579.4,31868,38445,48928.1,49506.7
96,"r23m0124.hpc.itc.rwth-aachen.de",71,"n23m0123.hpc.itc.rwth-aachen.de",71,"71",4194304,20,15163.9,21707.6,26322.4,28935.4,34204.2,46813.4,52248.2
96,"r23m0124.hpc.itc.rwth-aachen.de",72,"n23m0123.hpc.itc.rwth-aachen.de",72,"72",4194304,20,19127.5,33360.1,42339.2,41429.4,48355.2,57180.1,61778.6
96,"r23m0124.hpc.itc.rwth-aachen.de",73,"n23m0123.hpc.itc.rwth-aachen.de",73,"73",4194304,20,13813.9,17553.8,22572.7,25816.9,29163,50555.6,52951.7
96,"r23m0124.hpc.itc.rwth-aachen.de",74,"n23m0123.hpc.itc.rwth-aachen.de",74,"74",4194304,20,15360.9,26253.1,34842.8,36285.8,45608.8,53061.6,65392
96,"r23m0124.hpc.itc.rwth-aachen.de",75,"n23m0123.hpc.itc.rwth-aachen.de",75,"75",4194304,20,13616.3,22994.3,27001.3,30502.7,35554.4,51135,57164.1
96,"r23m0124.hpc.itc.rwth-aachen.de",76,"n23m0123.hpc.itc.rwth-aachen.de",76,"76",4194304,20,19869.4,27973.9,38194,34950.2,40764.6,47393,48518.2
96,"r23m0124.hpc.itc.rwth-aachen.de",77,"n23m0123.hpc.itc.rwth-aachen.de",77,"77",4194304,20,15685.8,28225.3,32537.4,31854.3,36334.4,43983.3,46648.8
96,"r23m0124.hpc.itc.rwth-aachen.de",78,"n23m0123.hpc.itc.rwth-aachen.de",78,"78",4194304,20,17768.7,30473.6,35668.8,35242.9,40836.6,45340,49267.8
96,"r23m0124.hpc.itc.rwth-aachen.de",79,"n23m0123.hpc.itc.rwth-aachen.de",79,"79",4194304,20,26778.7,33865.3,36377.5,37939,41068.6,50645.6,54154.6
96,"r23m0124.hpc.itc.rwth-aachen.de",80,"n23m0123.hpc.itc.rwth-aachen.de",80,"80",4194304,20,23531.3,36553.3,41634.6,41289.4,45550.5,50598.4,62088
96,"r23m0124.hpc.itc.rwth-aachen.de",81,"n23m0123.hpc.itc.rwth-aachen.de",81,"81",4194304,20,17730.6,25096.8,33514.2,32379.4,38772.8,46259.6,54200.3
96,"r23m0124.hpc.itc.rwth-aachen.de",82,"n23m0123.hpc.itc.rwth-aachen.de",82,"82",4194304,20,11209,24416,31973.2,30789.6,35959.7,47241.8,49607.6
96,"r23m0124.hpc.itc.rwth-aachen.de",83,"n23m0123.hpc.itc.rwth-aachen.de",83,"83",4194304,20,16964.9,32315.5,41665.7,38741.3,47867.6,49919.9,54102.1
96,"r23m0124.hpc.itc.rwth-aachen.de",84,"n23m0123.hpc.itc.rwth-aachen.de",84,"84",4194304,20,17208.4,31216.8,37096.2,37101.2,41470.2,50576.6,54980.9
96,"r23m0124.hpc.itc.rwth-aachen.de",85,"n23m0123.hpc.itc.rwth-aachen.de",85,"85",4194304,20,17522.3,23156.9,28118.3,30899.6,38320.6,53176.3,54889.9
96,"r23m0124.hpc.itc.rwth-aachen.de",86,"n23m0123.hpc.itc.rwth-aachen.de",86,"86",4194304,20,20983.2,33816,42960.4,41316.2,49528.8,53353,60963.6
96,"r23m0124.hpc.itc.rwth-aachen.de",87,"n23m0123.hpc.itc.rwth-aachen.de",87,"87",4194304,20,20852.2,34066.9,41248.5,39827.1,46513.9,50909,53342.3
96,"r23m0124.hpc.itc.rwth-aachen.de",88,"n23m0123.hpc.itc.rwth-aachen.de",88,"88",4194304,20,20152.4,38880.5,43796.8,43308,50175.9,54147.3,65755.1
96,"r23m0124.hpc.itc.rwth-aachen.de",89,"n23m0123.hpc.itc.rwth-aachen.de",89,"89",4194304,20,16850.8,31749.7,38384.6,37689.5,44812,48678.6,50131.9
96,"r23m0124.hpc.itc.rwth-aachen.de",90,"n23m0123.hpc.itc.rwth-aachen.de",90,"90",4194304,20,26283.8,35523.2,39167.9,41287.2,46116.3,55370.9,61555.7
96,"r23m0124.hpc.itc.rwth-aachen.de",91,"n23m0123.hpc.itc.rwth-aachen.de",91,"91",4194304,20,13076.2,35834.9,42603.8,41518.9,48187.9,53731.6,66203.7
96,"r23m0124.hpc.itc.rwth-aachen.de",92,"n23m0123.hpc.itc.rwth-aachen.de",92,"92",4194304,20,13211.8,38158.3,42164.4,41088.8,46978.8,53893.8,57869.3
96,"r23m0124.hpc.itc.rwth-aachen.de",93,"n23m0123.hpc.itc.rwth-aachen.de",93,"93",4194304,20,20259.4,35112.5,38633.5,39856.3,48623.4,55608.3,56295.1
96,"r23m0124.hpc.itc.rwth-aachen.de",94,"n23m0123.hpc.itc.rwth-aachen.de",94,"94",4194304,20,24376.7,36577.7,40011.6,42203.7,50423.2,55535.1,61881.4
96,"r23m0124.hpc.itc.rwth-aachen.de",95,"n23m0123.hpc.itc.rwth-aachen.de",95,"95",4194304,20,16434.1,39527.2,46671.6,44319.3,51492.6,54589.7,55243.7
96,"r23m0124.hpc.itc.rwth-aachen.de",97,"r23m0124.hpc.itc.rwth-aachen.de",1,"1",4194304,20,68147.7,87191.7,93791.5,91093.7,97865.5,101295,102833
96,"r23m0124.hpc.itc.rwth-aachen.de",98,"r23m0124.hpc.itc.rwth-aachen.de",2,"2",4194304,20,76453.5,86777.1,92112.9,92933.5,100520,104438,107622
96,"r23m0124.hpc.itc.rwth-aachen.de",99,"r23m0124.hpc.itc.rwth-aachen.de",3,"3",4194304,20,80011,90723.9,95675.7,94966.5,99203.8,104174,107229
96,"r23m0124.hpc.itc.rwth-aachen.de",100,"r23m0124.hpc.itc.rwth-aachen.de",4,"4",4194304,20,85708.5,90390.2,94534.7,95704.6,101115,104577,108067
96,"r23m0124.hpc.itc.rwth-aachen.de",101,"r23m0124.hpc.itc.rwth-aachen.de",5,"5",4194304,20,70431.9,88834.7,95399.9,94301.5,98311.6,105182,111715
96,"r23m0124.hpc.itc.rwth-aachen.de",102,"r23m0124.hpc.itc.rwth-aachen.de",6,"6",4194304,20,80418.8,90271.8,94049.3,95692.5,101172,105949,107644
96,"r23m0124.hpc.itc.rwth-aachen.de",103,"r23m0124.hpc.itc.rwth-aachen.de",7,"7",4194304,20,69444.6,93701.5,98155.2,95543.1,101126,102633,106861
96,"r23m0124.hpc.itc.rwth-aachen.de",104,"r23m0124.hpc.itc.rwth-aachen.de",8,"8",4194304,20,82016.9,89529.6,93165.4,94323.2,100565,103198,103640
96,"r23m0124.hpc.itc.rwth-aachen.de",105,"r23m0124.hpc.itc.rwth-aachen.de",9,"9",4194304,20,80224.5,89538.4,94054.3,94158.2,98658.3,103631,113665
96,"r23m0124.hpc.itc.rwth-aachen.de",106,"r23m0124.hpc.itc.rwth-aachen.de",10,"10",4194304,20,74139.4,89947.1,95932.6,94393.4,98740.3,103604,107238
96,"r23m0124.hpc.itc.rwth-aachen.de",107,"r23m0124.hpc.itc.rwth-aachen.de",11,"11",4194304,20,80188.9,90213.8,92755.1,94597.8,97896.6,106692,112567
96,"r23m0124.hpc.itc.rwth-aachen.de",108,"r23m0124.hpc.itc.rwth-aachen.de",12,"12",4194304,20,79960.6,90922.1,97230.5,95299.9,99214.4,103724,107761
96,"r23m0124.hpc.itc.rwth-aachen.de",109,"r23m0124.hpc.itc.rwth-aachen.de",13,"13",4194304,20,72883.4,90799.2,94831.3,93786.2,98625.9,106926,106986
96,"r23m0124.hpc.itc.rwth-aachen.de",110,"r23m0124.hpc.itc.rwth-aachen.de",14,"14",4194304,20,85808.7,91110.7,93192,94397.2,97460.3,101730,102590
96,"r23m0124.hpc.itc.rwth-aachen.de",111,"r23m0124.hpc.itc.rwth-aachen.de",15,"15",4194304,20,79449.5,90483.6,94715.3,94183.5,98249.9,106742,106880
96,"r23m0124.hpc.itc.rwth-aachen.de",112,"r23m0124.hpc.itc.rwth-aachen.de",16,"16",4194304,20,60564.3,89845.4,94472.8,92990.3,97931.8,103817,104131
96,"r23m0124.hpc.itc.rwth-aachen.de",113,"r23m0124.hpc.itc.rwth-aachen.de",17,"17",4194304,20,80073.5,91567.7,95474.6,94511,99628.4,103287,103300
96,"r23m0124.hpc.itc.rwth-aachen.de",114,"r23m0124.hpc.itc.rwth-aachen.de",18,"18",4194304,20,79556,89775.6,95657.7,94822.7,99923.6,103188,110721
96,"r23m0124.hpc.itc.rwth-aachen.de",115,"r23m0124.hpc.itc.rwth-aachen.de",19,"19",4194304,20,79547.6,89562.9,94034.8,93900.5,97670,103249,104007
96,"r23m0124.hpc.itc.rwth-aachen.de",116,"r23m0124.hpc.itc.rwth-aachen.de",20,"20",4194304,20,80533.4,90172.6,94539.1,94376.4,98993.2,101858,103774
96,"r23m0124.hpc.itc.rwth-aachen.de",117,"r23m0124.hpc.itc.rwth-aachen.de",21,"21",4194304,20,79650.2,89193.9,94323.1,94009,97589.6,101219,114017
96,"r23m0124.hpc.itc.rwth-aachen.de",118,"r23m0124.hpc.itc.rwth-aachen.de",22,"22",4194304,20,79755.8,91192.3,97093.6,95424.4,99874.6,103921,104409
96,"r23m0124.hpc.itc.rwth-aachen.de",119,"r23m0124.hpc.itc.rwth-aachen.de",23,"23",4194304,20,80857,89396.6,93460.1,95331.5,99572.1,108582,113908
96,"r23m0124.hpc.itc.rwth-aachen.de",120,"r23m0124.hpc.itc.rwth-aachen.de",24,"24",4194304,20,80721.6,90801.1,95612.1,94531.7,99237.5,102750,103624
96,"r23m0124.hpc.itc.rwth-aachen.de",121,"r23m0124.hpc.itc.rwth-aachen.de",25,"25",4194304,20,80628.8,90611,93876.7,94909.4,99137.3,105365,114413
96,"r23m0124.hpc.itc.rwth-aachen.de",122,"r23m0124.hpc.itc.rwth-aachen.de",26,"26",4194304,20,80319.6,89229.8,94965.5,94208.1,98808.9,103709,107354
96,"r23m0124.hpc.itc.rwth-aachen.de",123,"r23m0124.hpc.itc.rwth-aachen.de",27,"27",4194304,20,82611.4,90371,93808.7,94491,97947.9,106298,107118
96,"r23m0124.hpc.itc.rwth-aachen.de",124,"r23m0124.hpc.itc.rwth-aachen.de",28,"28",4194304,20,79860.9,90498.5,94527.7,94606.8,98064.6,106777,111326
96,"r23m0124.hpc.itc.rwth-aachen.de",125,"r23m0124.hpc.itc.rwth-aachen.de",29,"29",4194304,20,85903.5,89445.4,94439.1,94823.1,98841.2,103626,105589
96,"r23m0124.hpc.itc.rwth-aachen.de",126,"r23m0124.hpc.itc.rwth-aachen.de",30,"30",4194304,20,86649.9,92594,96737.4,96787.3,98563,106741,113795
96,"r23m0124.hpc.itc.rwth-aachen.de",127,"r23m0124.hpc.itc.rwth-aachen.de",31,"31",4194304,20,85320,91515.5,95796.3,95892.7,98786.4,105338,111588
96,"r23m0124.hpc.itc.rwth-aachen.de",128,"r23m0124.hpc.itc.rwth-aachen.de",32,"32",4194304,20,88674.3,93695.2,99248.3,98622,103298,105152,111789
96,"r23m0124.hpc.itc.rwth-aachen.de",129,"r23m0124.hpc.itc.rwth-aachen.de",33,"33",4194304,20,85998.5,93951.6,98266.5,98109.4,102644,107877,107930
96,"r23m0124.hpc.itc.rwth-aachen.de",130,"r23m0124.hpc.itc.rwth-aachen.de",34,"34",4194304,20,87063,92830.9,98942.9,98340.3,102670,106324,111445
96,"r23m0124.hpc.itc.rwth-aachen.de",131,"r23m0124.hpc.itc.rwth-aachen.de",35,"35",4194304,20,88805.9,95706.5,98872.5,98817.1,102391,105789,112421
96,"r23m0124.hpc.itc.rwth-aachen.de",132,"r23m0124.hpc.itc.rwth-aachen.de",36,"36",4194304,20,88485.3,93111.4,97678.2,98727.2,103088,108026,113273
96,"r23m0124.hpc.itc.rwth-aachen.de",133,"r23m0124.hpc.itc.rwth-aachen.de",37,"37",4194304,20,84364.7,95483.3,98163.9,98237.5,100675,106504,114269
96,"r23m0124.hpc.itc.rwth-aachen.de",134,"r23m0124.hpc.itc.rwth-aachen.de",38,"38",4194304,20,85063.5,94730.8,97456.3,98207.8,102311,107756,113140
96,"r23m0124.hpc.itc.rwth-aachen.de",135,"r23m0124.hpc.itc.rwth-aachen.de",39,"39",4194304,20,87747.2,94485.7,97679.6,98581.5,101948,107939,114127
96,"r23m0124.hpc.itc.rwth-aachen.de",136,"r23m0124.hpc.itc.rwth-aachen.de",40,"40",4194304,20,84961,93032.4,97790.6,97885.2,101849,107304,113519
96,"r23m0124.hpc.itc.rwth-aachen.de",137,"r23m0124.hpc.itc.rwth-aachen.de",41,"41",4194304,20,85269.3,94144.4,98615.1,97911.7,102452,106572,108247
96,"r23m0124.hpc.itc.rwth-aachen.de",138,"r23m0124.hpc.itc.rwth-aachen.de",42,"42",4194304,20,86378.7,93852.3,98975.1,98415.4,102471,108147,113396
96,"r23m0124.hpc.itc.rwth-aachen.de",139,"r23m0124.hpc.itc.rwth-aachen.de",43,"43",4194304,20,86737.1,94298.8,97829.5,98351.6,102243,108161,112676
96,"r23m0124.hpc.itc.rwth-aachen.de",140,"r23m0124.hpc.itc.rwth-aachen.de",44,"44",4194304,20,86310.4,95194.3,97452.7,98438.3,102496,108120,108161
96,"r23m0124.hpc.itc.rwth-aachen.de",141,"r23m0124.hpc.itc.rwth-aachen.de",45,"45",4194304,20,88467.9,94672,97859.1,98109.3,101834,106985,111173
96,"r23m0124.hpc.itc.rwth-aachen.de",142,"r23m0124.hpc.itc.rwth-aachen.de",46,"46",4194304,20,84238.2,93810.6,97178.5,97889.5,101934,107825,111949
96,"r23m0124.hpc.itc.rwth-aachen.de",143,"r23m0124.hpc.itc.rwth-aachen.de",47,"47",4194304,20,88591.2,94256.9,97932.7,97972.8,102709,107059,107984
96,"r23m0124.hpc.itc.rwth-aachen.de",144,"r23m0124.hpc.itc.rwth-aachen.de",48,"48",4194304,20,87155.3,95308.1,97576.7,99143.1,103113,110091,111013
96,"r23m0124.hpc.itc.rwth-aachen.de",145,"r23m0124.hpc.itc.rwth-aachen.de",49,"49",4194304,20,84126.2,96462.6,98818.5,99800.7,104415,110378,112761
96,"r23m0124.hpc.itc.rwth-aachen.de",146,"r23m0124.hpc.itc.rwth-aachen.de",50,"50",4194304,20,83949.4,95345.7,99786.9,98796.5,102196,109464,109738
96,"r23m0124.hpc.itc.rwth-aachen.de",147,"r23m0124.hpc.itc.rwth-aachen.de",51,"51",4194304,20,85931.1,95157.5,98374.7,98230.1,101004,106709,109882
96,"r23m0124.hpc.itc.rwth-aachen.de",148,"r23m0124.hpc.itc.rwth-aachen.de",52,"52",4194304,20,85570.7,95230,99779.4,99001.7,103405,108249,108596
96,"r23m0124.hpc.itc.rwth-aachen.de",149,"r23m0124.hpc.itc.rwth-aachen.de",53,"53",4194304,20,87986.8,94249.6,99680.5,99291.1,104418,109763,113677
96,"r23m0124.hpc.itc.rwth-aachen.de",150,"r23m0124.hpc.itc.rwth-aachen.de",54,"54",4194304,20,86411,94800.2,97360.8,98645.6,102392,109229,112034
96,"r23m0124.hpc.itc.rwth-aachen.de",151,"r23m0124.hpc.itc.rwth-aachen.de",55,"55",4194304,20,85432.6,95481,98700.1,99669.3,104584,108908,109282
96,"r23m0124.hpc.itc.rwth-aachen.de",152,"r23m0124.hpc.itc.rwth-aachen.de",56,"56",4194304,20,87865.9,95370.1,98594.5,99427.3,102731,108917,112370
96,"r23m0124.hpc.itc.rwth-aachen.de",153,"r23m0124.hpc.itc.rwth-aachen.de",57,"57",4194304,20,87278.3,95964,99230.6,99113.7,102363,109481,111458
96,"r23m0124.hpc.itc.rwth-aachen.de",154,"r23m0124.hpc.itc.rwth-aachen.de",58,"58",4194304,20,85084.7,95649.5,98711.1,99389,103386,109975,112303
96,"r23m0124.hpc.itc.rwth-aachen.de",155,"r23m0124.hpc.itc.rwth-aachen.de",59,"59",4194304,20,84653.1,95012.6,98487.6,98911.6,102462,108538,110940
96,"r23m0124.hpc.itc.rwth-aachen.de",156,"r23m0124.hpc.itc.rwth-aachen.de",60,"60",4194304,20,84790.2,95428.6,98231.5,98371.8,102320,107309,110547
96,"r23m0124.hpc.itc.rwth-aachen.de",157,"r23m0124.hpc.itc.rwth-aachen.de",61,"61",4194304,20,86995.8,95311.3,99962.2,99370.3,103552,107439,110039
96,"r23m0124.hpc.itc.rwth-aachen.de",158,"r23m0124.hpc.itc.rwth-aachen.de",62,"62",4194304,20,86706.4,95234.5,96970.2,98686.9,102512,112244,113011
96,"r23m0124.hpc.itc.rwth-aachen.de",159,"r23m0124.hpc.itc.rwth-aachen.de",63,"63",4194304,20,86258.7,95033,97909.4,98981.8,102180,110849,111109
96,"r23m0124.hpc.itc.rwth-aachen.de",160,"r23m0124.hpc.itc.rwth-aachen.de",64,"64",4194304,20,69413.2,88563.1,94522.8,93809.5,99561.3,112201,113500
96,"r23m0124.hpc.itc.rwth-aachen.de",161,"r23m0124.hpc.itc.rwth-aachen.de",65,"65",4194304,20,44082.1,72320.8,82668.5,79289.6,92791.2,98267.3,108403
96,"r23m0124.hpc.itc.rwth-aachen.de",162,"r23m0124.hpc.itc.rwth-aachen.de",66,"66",4194304,20,46122.6,57099.5,86126.1,77911,90003.9,109376,111286
96,"r23m0124.hpc.itc.rwth-aachen.de",163,"r23m0124.hpc.itc.rwth-aachen.de",67,"67",4194304,20,45545.9,83245.6,89938.6,86931.6,94688.5,103474,112549
96,"r23m0124.hpc.itc.rwth-aachen.de",164,"r23m0124.hpc.itc.rwth-aachen.de",68,"68",4194304,20,47019.6,81915.8,87286.5,87250.9,94931.9,106566,112935
96,"r23m0124.hpc.itc.rwth-aachen.de",165,"r23m0124.hpc.itc.rwth-aachen.de",69,"69",4194304,20,56465.2,80407.9,90592.7,88000.7,93721.1,106038,114071
96,"r23m0124.hpc.itc.rwth-aachen.de",166,"r23m0124.hpc.itc.rwth-aachen.de",70,"70",4194304,20,66956.2,82298.8,89831.8,89450.5,96752.3,105709,110746
96,"r23m0124.hpc.itc.rwth-aachen.de",167,"r23m0124.hpc.itc.rwth-aachen.de",71,"71",4194304,20,41939.3,77049.7,86939.6,83467.9,92313.4,103591,111648
96,"r23m0124.hpc.itc.rwth-aachen.de",168,"r23m0124.hpc.itc.rwth-aachen.de",72,"72",4194304,20,78332,89368.2,92995.4,92916.8,95903.6,106248,111840
96,"r23m0124.hpc.itc.rwth-aachen.de",169,"r23m0124.hpc.itc.rwth-aachen.de",73,"73",4194304,20,40012.9,82388.1,91400.7,86341.5,95066.6,106801,110546
96,"r23m0124.hpc.itc.rwth-aachen.de",170,"r23m0124.hpc.itc.rwth-aachen.de",74,"74",4194304,20,75960.1,82546.3,87318.7,88541.5,93754.7,101680,107477
96,"r23m0124.hpc.itc.rwth-aachen.de",171,"r23m0124.hpc.itc.rwth-aachen.de",75,"75",4194304,20,74609.9,87539.1,91567.2,91518.5,94382.1,107435,114425
96,"r23m0124.hpc.itc.rwth-aachen.de",172,"r23m0124.hpc.itc.rwth-aachen.de",76,"76",4194304,20,76949.4,88528.6,92757.1,92216.6,95394.8,102976,105760
96,"r23m0124.hpc.itc.rwth-aachen.de",173,"r23m0124.hpc.itc.rwth-aachen.de",77,"77",4194304,20,73773,84279.9,89191.8,89924.7,95525.1,100267,110387
96,"r23m0124.hpc.itc.rwth-aachen.de",174,"r23m0124.hpc.itc.rwth-aachen.de",78,"78",4194304,20,81986.2,89644.8,92149.7,94061.1,98798,106728,110219
96,"r23m0124.hpc.itc.rwth-aachen.de",175,"r23m0124.hpc.itc.rwth-aachen.de",79,"79",4194304,20,82104.5,89682,94733.3,94311.4,99183.5,103696,104160
96,"r23m0124.hpc.itc.rwth-aachen.de",176,"r23m0124.hpc.itc.rwth-aachen.de",80,"80",4194304,20,75189.1,89040.1,92769.4,93399.2,96886.5,107032,112869
96,"r23m0124.hpc.itc.rwth-aachen.de",177,"r23m0124.hpc.itc.rwth-aachen.de",81,"81",4194304,20,60455.3,81288.2,86457.5,85943.8,93655.2,103574,109653
96,"r23m0124.hpc.itc.rwth-aachen.de",178,"r23m0124.hpc.itc.rwth-aachen.de",82,"82",4194304,20,70122.4,81058.5,92975,91179.5,97112.9,107879,113320
96,"r23m0124.hpc.itc.rwth-aachen.de",179,"r23m0124.hpc.itc.rwth-aachen.de",83,"83",4194304,20,47318.4,84416.1,91663.6,88121.9,95504.1,100854,104354
96,"r23m0124.hpc.itc.rwth-aachen.de",180,"r23m0124.hpc.itc.rwth-aachen.de",84,"84",4194304,20,82245.5,88564.5,91853.7,92255.3,95882.5,98546.6,106961
96,"r23m0124.hpc.itc.rwth-aachen.de",181,"r23m0124.hpc.itc.rwth-aachen.de",85,"85",4194304,20,61803.4,89521,93823.5,92233.2,97228.8,105916,108575
96,"r23m0124.hpc.itc.rwth-aachen.de",182,"r23m0124.hpc.itc.rwth-aachen.de",86,"86",4194304,20,77226.4,87597.8,92094.5,92768.1,97921.6,109182,110427
96,"r23m0124.hpc.itc.rwth-aachen.de",183,"r23m0124.hpc.itc.rwth-aachen.de",87,"87",4194304,20,79155.8,89189.8,95589.8,93707.9,97740.5,105130,108947
96,"r23m0124.hpc.itc.rwth-aachen.de",184,"r23m0124.hpc.itc.rwth-aachen.de",88,"88",4194304,20,81835.7,89031.9,92396.8,93421.4,97129.9,107597,114257
96,"r23m0124.hpc.itc.rwth-aachen.de",185,"r23m0124.hpc.itc.rwth-aachen.de",89,"89",4194304,20,70460.4,90545.9,95109.8,93384.2,99610.1,104112,106291
96,"r23m0124.hpc.itc.rwth-aachen.de",186,"r23m0124.hpc.itc.rwth-aachen.de",90,"90",4194304,20,82958.8,89913.4,92527.3,94177,96605,107806,113128
96,"r23m0124.hpc.itc.rwth-aachen.de",187,"r23m0124.hpc.itc.rwth-aachen.de",91,"91",4194304,20,79763.8,88633.5,94942.1,93973,98329.3,105151,105946
96,"r23m0124.hpc.itc.rwth-aachen.de",188,"r23m0124.hpc.itc.rwth-aachen.de",92,"92",4194304,20,80617,89592.1,93209.2,93626.9,97577.7,105941,106109
96,"r23m0124.hpc.itc.rwth-aachen.de",189,"r23m0124.hpc.itc.rwth-aachen.de",93,"93",4194304,20,74105.6,91393.4,94400.4,93742.2,97356.6,105413,108050
96,"r23m0124.hpc.itc.rwth-aachen.de",190,"r23m0124.hpc.itc.rwth-aachen.de",94,"94",4194304,20,78782,87908.8,92358.1,93198.3,99741.9,105736,108756
96,"r23m0124.hpc.itc.rwth-aachen.de",191,"r23m0124.hpc.itc.rwth-aachen.de",95,"95",4194304,20,75553.7,87844.1,92566,93468.4,98342.6,107259,113886
