pattern,target_rank,active_workers,worker_rank,worker_host,is_remote,payload_bytes,iters,lat_min_us,lat_p25_us,lat_median_us,lat_mean_us,lat_p75_us,lat_p95_us,lat_max_us
incast,0,1,96,"r23m0124.hpc.itc.rwth-aachen.de",1,4194304,50,1388.08,1409.53,1424.05,1439.39,1444.82,1500.74,1831.18
fanout,0,1,96,"r23m0124.hpc.itc.rwth-aachen.de",1,4194304,50,1362.47,1547.92,1709.92,1750,1912.89,2185.27,2425.86
full_duplex,0,1,96,"r23m0124.hpc.itc.rwth-aachen.de",1,4194304,50,1901.45,2118.46,2220.12,2248.71,2359.44,2531.37,2997.77
immediate_response,0,1,96,"r23m0124.hpc.itc.rwth-aachen.de",1,4194304,50,2791.4,3184.32,3378.6,3453.85,3681.42,4083.92,4362.23
incast,0,2,1,"n23m0123.hpc.itc.rwth-aachen.de",0,4194304,50,483.454,617.392,695.169,687.682,745.966,775.829,1189.85
incast,0,2,96,"r23m0124.hpc.itc.rwth-aachen.de",1,4194304,50,1810.5,1999.72,2114.79,2167.62,2272.97,2716.48,2780.76
fanout,0,2,1,"n23m0123.hpc.itc.rwth-aachen.de",0,4194304,50,375.575,979.293,998.625,993.154,1024.54,1062.57,1104.79
fanout,0,2,96,"r23m0124.hpc.itc.rwth-aachen.de",1,4194304,50,1366.25,1597.59,1918.86,1850.78,2015.44,2295.76,2565.3
full_duplex,0,2,1,"n23m0123.hpc.itc.rwth-aachen.de",0,4194304,50,1339.68,2514.78,2955.09,2681.17,3058.26,3086.53,3109.42
full_duplex,0,2,96,"r23m0124.hpc.itc.rwth-aachen.de",1,4194304,50,2580.43,2920.87,3109.5,3311.78,3581.49,4362.93,4771.68
immediate_response,0,2,1,"n23m0123.hpc.itc.rwth-aachen.de",0,4194304,50,1135.44,1203.09,1234.46,1247.68,1285.36,1310.85,1856.77
immediate_response,0,2,96,"r23m0124.hpc.itc.rwth-aachen.de",1,4194304,50,3876.2,4010.95,4100.36,4165.73,4264.87,4595.38,5076.29
incast,0,4,1,"n23m0123.hpc.itc.rwth-aachen.de",0,4194304,50,2749.56,2949.98,3241.14,3309.28,3771.28,3919.71,4006.11
incast,0,4,48,"n23m0123.hpc.itc.rwth-aachen.de",0,4194304,50,1724.4,2311.26,2542.02,2707.85,3197.89,3467.12,3511.03
incast,0,4,96,"r23m0124.hpc.itc.rwth-aachen.de",1,4194304,50,1488.11,2809.64,3928.06,3489.18,4088.94,4275.34,4331.22
incast,0,4,144,"r23m0124.hpc.itc.rwth-aachen.de",1,4194304,50,1374.27,1440.38,1724.94,2180.91,2642.94,3926.28,4118.49
fanout,0,4,1,"n23m0123.hpc.itc.rwth-aachen.de",0,4194304,50,2465.64,2537.66,2629.01,2624.99,2688.23,2778.32,2863.48
fanout,0,4,48,"n23m0123.hpc.itc.rwth-aachen.de",0,4194304,50,1796.1,1865.19,1921.28,1919.26,1968.87,2013.83,2092.91
fanout,0,4,96,"r23m0124.hpc.itc.rwth-aachen.de",1,4194304,50,1982.27,2464.95,2574.85,2559.15,2687.42,2901.48,3007.68
fanout,0,4,144,"r23m0124.hpc.itc.rwth-aachen.de",1,4194304,50,928.457,1134.94,1300,1296.57,1427.85,1637.85,1687.76
full_duplex,0,4,1,"n23m0123.hpc.itc.rwth-aachen.de",0,4194304,50,7480.82,8022.63,8091.88,8064.91,8151.66,8327.19,8384.35
full_duplex,0,4,48,"n23m0123.hpc.itc.rwth-aachen.de",0,4194304,50,5592.68,7178.45,7342.45,7202.36,7392.51,7490.98,7569.59
full_duplex,0,4,96,"r23m0124.hpc.itc.rwth-aachen.de",1,4194304,50,5757.3,7010.04,7586.69,7673.28,8257.86,9114.5,9809.3
full_duplex,0,4,144,"r23m0124.hpc.itc.rwth-aachen.de",1,4194304,50,5062.01,5852.84,6299.66,6344.06,6895.6,7256.29,8060.3
immediate_response,0,4,1,"n23m0123.hpc.itc.rwth-aachen.de",0,4194304,50,6284.95,7024.65,7679.68,7744.17,8101.14,9742.51,10016.6
immediate_response,0,4,48,"n23m0123.hpc.itc.rwth-aachen.de",0,4194304,50,2176.8,3697.37,5592.52,5256.47,6471.08,7716.55,8718.47
immediate_response,0,4,96,"r23m0124.hpc.itc.rwth-aachen.de",1,4194304,50,4442.92,7390.6,9747.8,9152.58,10788.1,11185.9,11448.5
immediate_response,0,4,144,"r23m0124.hpc.itc.rwth-aachen.de",1,4194304,50,4074.38,5526.26,6551.02,6880.65,8872.7,9760.58,10563.1
incast,0,8,1,"n23m0123.hpc.itc.rwth-aachen.de",0,4194304,50,7791.86,8448.59,11497.4,10430.8,12000.2,12306.8,12425.7
incast,0,8,24,"n23m0123.hpc.itc.rwth-aachen.de",0,4194304,50,7093.53,7923.77,10655,9712.95,11104.5,11609.7,11655.1
incast,0,8,48,"n23m0123.hpc.itc.rwth-aachen.de",0,4194304,50,6482.77,7136.73,8407.45,8525.21,9571.88,10480.9,11379
incast,0,8,72,"n23m0123.hpc.itc.rwth-aachen.de",0,4194304,50,3537.91,5217.08,6128.06,6103.87,6456.57,9558.07,10173.6
incast,0,8,96,"r23m0124.hpc.itc.rwth-aachen.de",1,4194304,50,4920.46,7364.85,10072.1,9290.3,11186.4,12096.4,12392.4
incast,0,8,120,"r23m0124.hpc.itc.rwth-aachen.de",1,4194304,50,3576.06,4466.22,6696.52,6379.38,7586.02,9210.34,9503.48
incast,0,8,144,"r23m0124.hpc.itc.rwth-aachen.de",1,4194304,50,4685.08,6879.99,8509.33,8530.08,10302.3,11770.9,12268.1
incast,0,8,168,"r23m0124.hpc.itc.rwth-aachen.de",1,4194304,50,1637.49,4319.57,6940.14,6178.52,7500.39,8957.14,9225.97
fanout,0,8,1,"n23m0123.hpc.itc.rwth-aachen.de",0,4194304,50,5636.87,5798.52,5839.57,5855.26,5910.69,6049.06,6104.57
fanout,0,8,24,"n23m0123.hpc.itc.rwth-aachen.de",0,4194304,50,4979.93,5164.99,5208.26,5213.36,5252.12,5390.64,5463.87
fanout,0,8,48,"n23m0123.hpc.itc.rwth-aachen.de",0,4194304,50,4205.78,4352.37,4417.15,4418.31,4479.99,4590.19,4696.65
fanout,0,8,72,"n23m0123.hpc.itc.rwth-aachen.de",0,4194304,50,3185.43,3261.31,3308.29,3318,3376.34,3457.2,3497.39
fanout,0,8,96,"r23m0124.hpc.itc.rwth-aachen.de",1,4194304,50,3163.21,3352.76,3900.43,3909.76,4465.76,4612.23,4913.37
fanout,0,8,120,"r23m0124.hpc.itc.rwth-aachen.de",1,4194304,50,1566.34,1842.11,2552.95,2449.04,2761.87,3653.45,3820.51
fanout,0,8,144,"r23m0124.hpc.itc.rwth-aachen.de",1,4194304,50,1461.97,2198.97,2539.53,2507.63,2684.86,3362.06,3570.16
fanout,0,8,168,"r23m0124.hpc.itc.rwth-aachen.de",1,4194304,50,3104.95,3569.5,4377.14,4303.9,4992.84,5351.54,5939.09
full_duplex,0,8,1,"n23m0123.hpc.itc.rwth-aachen.de",0,4194304,50,15168.8,16623.6,17412.3,17685.8,19177.6,19352.5,19568.4
full_duplex,0,8,24,"n23m0123.hpc.itc.rwth-aachen.de",0,4194304,50,14441.1,15853.4,16619,16945.7,18331.7,18549.2,20826.3
full_duplex,0,8,48,"n23m0123.hpc.itc.rwth-aachen.de",0,4194304,50,13230.7,14696.9,15307.7,15829.5,17122.8,17815.4,20214.3
full_duplex,0,8,72,"n23m0123.hpc.itc.rwth-aachen.de",0,4194304,50,12278,13732.6,14420.8,14728.6,15979.4,16453.9,18189.7
full_duplex,0,8,96,"r23m0124.hpc.itc.rwth-aachen.de",1,4194304,50,10738.5,13370.5,14325.9,14364.1,15706.6,16645.6,18054.7
full_duplex,0,8,120,"r23m0124.hpc.itc.rwth-aachen.de",1,4194304,50,11068.2,12341.4,13384.1,13551.5,14607.4,16493.2,16730.8
full_duplex,0,8,144,"r23m0124.hpc.itc.rwth-aachen.de",1,4194304,50,10451.5,12540.5,13179.3,13350.6,14048.8,15527.3,16263.4
full_duplex,0,8,168,"r23m0124.hpc.itc.rwth-aachen.de",1,4194304,50,11864.3,13682.8,14537.7,14776.8,16105.8,17410,17929.2
immediate_response,0,8,1,"n23m0123.hpc.itc.rwth-aachen.de",0,4194304,50,15069.7,15954.7,16220.5,16961.7,18187.1,19137.5,19793
immediate_response,0,8,24,"n23m0123.hpc.itc.rwth-aachen.de",0,4194304,50,13518.1,14460.7,14743.4,15243.4,16027.7,17649.9,18163.9
immediate_response,0,8,48,"n23m0123.hpc.itc.rwth-aachen.de",0,4194304,50,2966.53,12135,12850.9,12813.7,13573.1,15562,16582.7
immediate_response,0,8,72,"n23m0123.hpc.itc.rwth-aachen.de",0,4194304,50,5676,7546.78,11219.5,10642.2,13185.3,15035.3,15602.6
immediate_response,0,8,96,"r23m0124.hpc.itc.rwth-aachen.de",1,4194304,50,8514.42,14429,15991.8,15613.8,17155.8,18729,19940.4
immediate_response,0,8,120,"r23m0124.hpc.itc.rwth-aachen.de",1,4194304,50,6417.72,9499.99,10477.2,10723.8,12010.6,13690.2,16187.8
immediate_response,0,8,144,"r23m0124.hpc.itc.rwth-aachen.de",1,4194304,50,4745.08,10509.8,11411.9,11822.9,14238.5,15549.8,17951.9
immediate_response,0,8,168,"r23m0124.hpc.itc.rwth-aachen.de",1,4194304,50,3941.93,9024.86,10461.8,10035,11888.2,13207.5,15727.7
incast,0,12,1,"n23m0123.hpc.itc.rwth-aachen.de",0,4194304,50,11319.9,13339.8,16796.6,16246.4,19263.8,19457.7,19731.4
incast,0,12,16,"n23m0123.hpc.itc.rwth-aachen.de",0,4194304,50,10860.4,12835.4,16197.9,15667.5,18583,18795.8,19071.8
incast,0,12,32,"n23m0123.hpc.itc.rwth-aachen.de",0,4194304,50,10352.5,12238.2,15434.9,14559.8,16621.3,17897.3,18309
incast,0,12,48,"n23m0123.hpc.itc.rwth-aachen.de",0,4194304,50,8904.95,10153.5,10978.2,11726.3,11703.7,17598.3,17988.3
incast,0,12,64,"n23m0123.hpc.itc.rwth-aachen.de",0,4194304,50,4414.71,5482.44,6004.97,7408.72,8606.15,14042,15806.5
incast,0,12,80,"n23m0123.hpc.itc.rwth-aachen.de",0,4194304,50,978.555,1308.47,1665.45,4192.48,6507.78,12146.6,13740.5
incast,0,12,96,"r23m0124.hpc.itc.rwth-aachen.de",1,4194304,50,9628.32,11591.3,14419.4,14441.9,17688.8,17925.3,18279.6
incast,0,12,112,"r23m0124.hpc.itc.rwth-aachen.de",1,4194304,50,9594.86,11427,14795.8,14511.1,17623.2,18083.2,18464.8
incast,0,12,128,"r23m0124.hpc.itc.rwth-aachen.de",1,4194304,50,6858.23,8345.4,11854,10974.6,13202.6,13778.1,14962.2
incast,0,12,144,"r23m0124.hpc.itc.rwth-aachen.de",1,4194304,50,7027.68,11267.7,14357.2,14287.2,17499.8,17957,18355.6
incast,0,12,160,"r23m0124.hpc.itc.rwth-aachen.de",1,4194304,50,6702.21,11155.5,14252.1,14143.9,17597.9,18027.8,18231.8
incast,0,12,176,"r23m0124.hpc.itc.rwth-aachen.de",1,4194304,50,3499.15,11013,14521.7,14105.7,17819.9,18025.5,18143.2
fanout,0,12,1,"n23m0123.hpc.itc.rwth-aachen.de",0,4194304,50,7292.33,7405.06,7755.27,7799.2,7983.24,8569.52,8930.69
fanout,0,12,16,"n23m0123.hpc.itc.rwth-aachen.de",0,4194304,50,6767.87,6858.89,7189.2,7207.45,7386.18,7938.95,8075.74
fanout,0,12,32,"n23m0123.hpc.itc.rwth-aachen.de",0,4194304,50,6140.09,6272.47,6577.32,6586.05,6761.39,7262.08,7440.08
fanout,0,12,48,"n23m0123.hpc.itc.rwth-aachen.de",0,4194304,50,5426.96,5576.47,5817.97,5844.78,6024.53,6489.14,6554.43
fanout,0,12,64,"n23m0123.hpc.itc.rwth-aachen.de",0,4194304,50,4481.08,4634.5,4815.16,4874.52,4982.1,5418.24,6665.64
fanout,0,12,80,"n23m0123.hpc.itc.rwth-aachen.de",0,4194304,50,887.424,958.095,986.938,1233.99,1019.09,3669.46,5017.33
fanout,0,12,96,"r23m0124.hpc.itc.rwth-aachen.de",1,4194304,50,2062.59,2645.77,3054.87,3641.15,4642.13,5991.25,6145.71
fanout,0,12,112,"r23m0124.hpc.itc.rwth-aachen.de",1,4194304,50,2448.94,3116.88,3782.24,4033.56,4757.55,5603.51,7560.37
fanout,0,12,128,"r23m0124.hpc.itc.rwth-aachen.de",1,4194304,50,2966.9,3673.48,4285.92,4477.29,5033.33,6076.14,6407.26
fanout,0,12,144,"r23m0124.hpc.itc.rwth-aachen.de",1,4194304,50,2163.64,3262.87,3409.69,3681.8,4293.51,5203.38,6043.24
fanout,0,12,160,"r23m0124.hpc.itc.rwth-aachen.de",1,4194304,50,2769.51,3838.76,4340.69,4229.34,4628.94,5155.94,5552.84
fanout,0,12,176,"r23m0124.hpc.itc.rwth-aachen.de",1,4194304,50,3909.28,4649.11,4946.29,4959.51,5384.51,5799.94,6237.27
full_duplex,0,12,1,"n23m0123.hpc.itc.rwth-aachen.de",0,4194304,50,23634.4,24529.3,24683.4,24626.2,24806,25031.3,25149
full_duplex,0,12,16,"n23m0123.hpc.itc.rwth-aachen.de",0,4194304,50,22944.1,23789.8,23950.4,23894.3,24083.2,24279.6,24408.2
full_duplex,0,12,32,"n23m0123.hpc.itc.rwth-aachen.de",0,4194304,50,21639.7,22569.7,22763.6,22850.3,23180.7,23444.4,23671.6
full_duplex,0,12,48,"n23m0123.hpc.itc.rwth-aachen.de",0,4194304,50,20860,21746.4,21930.5,22043.1,22398.5,22634.3,22735
full_duplex,0,12,64,"n23m0123.hpc.itc.rwth-aachen.de",0,4194304,50,15650.3,16260.1,20311.7,18629.9,20714.7,20979.2,21558.1
full_duplex,0,12,80,"n23m0123.hpc.itc.rwth-aachen.de",0,4194304,50,14944.5,15657.3,15778.4,16513.5,17388.6,17506.3,22884
full_duplex,0,12,96,"r23m0124.hpc.itc.rwth-aachen.de",1,4194304,50,17358.2,17778.1,18790.7,19054.1,19635.8,22640.6,23962.6
full_duplex,0,12,112,"r23m0124.hpc.itc.rwth-aachen.de",1,4194304,50,17717.5,18558.6,19935.5,19910.5,20817.4,22690.5,23977.7
full_duplex,0,12,128,"r23m0124.hpc.itc.rwth-aachen.de",1,4194304,50,18199.6,19138,20325.3,20216.4,21152.6,21883.3,22506.6
full_duplex,0,12,144,"r23m0124.hpc.itc.rwth-aachen.de",1,4194304,50,17343.3,18865.4,19603.3,19838.4,20991.4,21989.2,23092.8
full_duplex,0,12,160,"r23m0124.hpc.itc.rwth-aachen.de",1,4194304,50,17163.3,19358.9,19907,20002.9,20799.6,22267.3,22556.7
full_duplex,0,12,176,"r23m0124.hpc.itc.rwth-aachen.de",1,4194304,50,19417.3,20473.4,21507,21378.2,22119.4,23160.2,23361.9
immediate_response,0,12,1,"n23m0123.hpc.itc.rwth-aachen.de",0,4194304,50,23112.4,23416.1,23569.4,23563.6,23669.3,23870.2,24070
immediate_response,0,12,16,"n23m0123.hpc.itc.rwth-aachen.de",0,4194304,50,21782.7,22044.4,22177.8,22185.5,22309.1,22484.5,22719.3
immediate_response,0,12,32,"n23m0123.hpc.itc.rwth-aachen.de",0,4194304,50,19284.2,20443.6,20748.6,20579.2,20903.2,21142.4,21221.2
immediate_response,0,12,48,"n23m0123.hpc.itc.rwth-aachen.de",0,4194304,50,11277.2,13470.4,14893.4,16399.9,19490.7,20857.9,21008.4
immediate_response,0,12,64,"n23m0123.hpc.itc.rwth-aachen.de",0,4194304,50,6373.82,7433.8,8261.03,11063.3,15133.2,20677.5,20922.4
immediate_response,0,12,80,"n23m0123.hpc.itc.rwth-aachen.de",0,4194304,50,2175.61,2257.62,2292.78,6347.91,11379.9,17155,19300
immediate_response,0,12,96,"r23m0124.hpc.itc.rwth-aachen.de",1,4194304,50,16095.6,18344.8,19284.9,19164.3,20175.6,21151.5,21924.8
immediate_response,0,12,112,"r23m0124.hpc.itc.rwth-aachen.de",1,4194304,50,15552.7,17973,18827.4,19118.2,20249.6,21724.3,22428.6
immediate_response,0,12,128,"r23m0124.hpc.itc.rwth-aachen.de",1,4194304,50,11937.6,13125.6,14307.6,14779,15950.7,19714.4,21148.3
immediate_response,0,12,144,"r23m0124.hpc.itc.rwth-aachen.de",1,4194304,50,15237.9,17241.1,18475.9,18346.9,19236.7,20818.5,21959.6
immediate_response,0,12,160,"r23m0124.hpc.itc.rwth-aachen.de",1,4194304,50,6859.39,18123,19353.8,18757.8,19988.4,21390.9,21943.5
immediate_response,0,12,176,"r23m0124.hpc.itc.rwth-aachen.de",1,4194304,50,5537.51,16691.9,18560.5,16999.4,20313.2,21749.3,22543
incast,0,16,1,"n23m0123.hpc.itc.rwth-aachen.de",0,4194304,50,16097.1,18272.3,20007,21189.7,25094.6,26041.1,26397.4
incast,0,16,12,"n23m0123.hpc.itc.rwth-aachen.de",0,4194304,50,15528.9,17717.9,19279.4,20556.9,24445,25343,25666.1
incast,0,16,24,"n23m0123.hpc.itc.rwth-aachen.de",0,4194304,50,15010.9,16929.5,18632.8,19487.6,22544.4,23705.6,23914
incast,0,16,36,"n23m0123.hpc.itc.rwth-aachen.de",0,4194304,50,9626.75,13972.6,15474.6,15403,16339.7,19157.6,19977.7
incast,0,16,48,"n23m0123.hpc.itc.rwth-aachen.de",0,4194304,50,1420.91,8602.55,9333.94,10470.8,10478.8,18714.9,21745.8
incast,0,16,60,"n23m0123.hpc.itc.rwth-aachen.de",0,4194304,50,1144.57,1319.36,1691.12,2871.93,1853.62,11246.1,18122.3
incast,0,16,72,"n23m0123.hpc.itc.rwth-aachen.de",0,4194304,50,1462.62,2152.49,2659.9,3492.86,3065.18,11626.3,15010.2
incast,0,16,84,"n23m0123.hpc.itc.rwth-aachen.de",0,4194304,50,2600.62,3083.33,3589.48,4943.76,4300.25,14613.1,17749
incast,0,16,96,"r23m0124.hpc.itc.rwth-aachen.de",1,4194304,50,14264.7,16077.1,18143.6,19157.9,22976,24536.8,24842.1
incast,0,16,108,"r23m0124.hpc.itc.rwth-aachen.de",1,4194304,50,13889.6,16200.9,18237,19312.5,22843.5,24029.7,24807.9
incast,0,16,120,"r23m0124.hpc.itc.rwth-aachen.de",1,4194304,50,11218.2,13173.5,15452.9,15444.2,17783.2,19771.6,20582.8
incast,0,16,132,"r23m0124.hpc.itc.rwth-aachen.de",1,4194304,50,13888.6,16456.3,18387.1,19326.2,23332.3,24319.3,24890.7
incast,0,16,144,"r23m0124.hpc.itc.rwth-aachen.de",1,4194304,50,10629.8,15746.1,17691.5,18768.3,22649.7,24055.6,24484.3
incast,0,16,156,"r23m0124.hpc.itc.rwth-aachen.de",1,4194304,50,14455.2,17211.6,18972.6,19817.1,23567.3,24129.9,24521.6
incast,0,16,168,"r23m0124.hpc.itc.rwth-aachen.de",1,4194304,50,10607.9,12695.9,15381.4,15263.4,17735,18756.4,19620.2
incast,0,16,180,"r23m0124.hpc.itc.rwth-aachen.de",1,4194304,50,6519.37,16213.5,17833.9,18619.6,22795,23908,24553.9
fanout,0,16,1,"n23m0123.hpc.itc.rwth-aachen.de",0,4194304,50,10305.9,10484.4,10573.2,10672.4,10753.8,10966.5,13763.6
fanout,0,16,12,"n23m0123.hpc.itc.rwth-aachen.de",0,4194304,50,9725.7,9893.9,9976.14,10082.2,10144,10290.7,13244
fanout,0,16,24,"n23m0123.hpc.itc.rwth-aachen.de",0,4194304,50,9150.68,9309.74,9393.57,9496.16,9577.15,9737.87,12591.6
fanout,0,16,36,"n23m0123.hpc.itc.rwth-aachen.de",0,4194304,50,8499.69,8643.08,8724.64,8825.6,8918.7,9063.4,11986.3
fanout,0,16,48,"n23m0123.hpc.itc.rwth-aachen.de",0,4194304,50,7552.31,7854.09,7990.24,7989.04,8136.18,8272.54,8424.75
fanout,0,16,60,"n23m0123.hpc.itc.rwth-aachen.de",0,4194304,50,941.751,995.757,1015.48,1681.55,1045.76,7837.62,7950.56
fanout,0,16,72,"n23m0123.hpc.itc.rwth-aachen.de",0,4194304,50,1124.85,1879.66,1947.52,2663.19,2041.34,7077.72,8046.78
fanout,0,16,84,"n23m0123.hpc.itc.rwth-aachen.de",0,4194304,50,2157.75,2813.82,2905.82,3222.63,3012.03,6846.54,8173.4
fanout,0,16,96,"r23m0124.hpc.itc.rwth-aachen.de",1,4194304,50,3730.41,4593.18,5114.03,5870.53,7951.48,8678.46,10149.1
fanout,0,16,108,"r23m0124.hpc.itc.rwth-aachen.de",1,4194304,50,4259.95,5465.29,6272.78,6533.86,8002.85,8565.33,9059.11
fanout,0,16,120,"r23m0124.hpc.itc.rwth-aachen.de",1,4194304,50,4881.14,5711.59,6788.83,6882.85,7882.89,8710.72,10044
fanout,0,16,132,"r23m0124.hpc.itc.rwth-aachen.de",1,4194304,50,4353.32,6107.89,7126.27,6943.65,7851.05,8809.41,9443.61
fanout,0,16,144,"r23m0124.hpc.itc.rwth-aachen.de",1,4194304,50,4008.71,5328.33,6118.67,6257.54,7239.32,8095.1,8742.61
fanout,0,16,156,"r23m0124.hpc.itc.rwth-aachen.de",1,4194304,50,5839.31,6334.89,7192.49,7201.44,7922.68,8627.97,9602.91
fanout,0,16,168,"r23m0124.hpc.itc.rwth-aachen.de",1,4194304,50,5758.05,7569.43,8195.88,8143.52,8841.12,9318.47,10955.2
fanout,0,16,180,"r23m0124.hpc.itc.rwth-aachen.de",1,4194304,50,5407.87,6438.52,6997.66,7121.08,7680.77,8323.09,12926.4
full_duplex,0,16,1,"n23m0123.hpc.itc.rwth-aachen.de",0,4194304,50,27336.7,28883.5,31940.2,33862.5,39292.1,43796.1,45131
full_duplex,0,16,12,"n23m0123.hpc.itc.rwth-aachen.de",0,4194304,50,26729.7,28209.7,31171.1,33088.4,38419.4,42863.5,44115.6
full_duplex,0,16,24,"n23m0123.hpc.itc.rwth-aachen.de",0,4194304,50,25541.4,27245.2,30152.9,32061.2,37602.5,41577.2,42346.8
full_duplex,0,16,36,"n23m0123.hpc.itc.rwth-aachen.de",0,4194304,50,24936.8,26505.7,29206.8,31252.3,36541.7,40661.5,41356
full_duplex,0,16,48,"n23m0123.hpc.itc.rwth-aachen.de",0,4194304,50,17872.9,21206.4,25368.1,26499.9,28869.5,39036.6,39912.9
full_duplex,0,16,60,"n23m0123.hpc.itc.rwth-aachen.de",0,4194304,50,17279.1,19283.7,21567,22651.5,26255.7,29780,34418
full_duplex,0,16,72,"n23m0123.hpc.itc.rwth-aachen.de",0,4194304,50,17888.2,20360.9,23260.7,23643.5,27043.3,30022.2,31529.3
full_duplex,0,16,84,"n23m0123.hpc.itc.rwth-aachen.de",0,4194304,50,18790.6,21027.2,22844.9,24429.2,28654.1,31500.7,32943.4
full_duplex,0,16,96,"r23m0124.hpc.itc.rwth-aachen.de",1,4194304,50,20208,23409.6,26149.7,26873.8,30465.9,35289,39835.2
full_duplex,0,16,108,"r23m0124.hpc.itc.rwth-aachen.de",1,4194304,50,20937.9,23884.5,26608.9,27811.6,31347.6,35900.9,40488.7
full_duplex,0,16,120,"r23m0124.hpc.itc.rwth-aachen.de",1,4194304,50,21444.7,24798.8,27843.2,28857.2,31934.9,36908.4,41434.1
full_duplex,0,16,132,"r23m0124.hpc.itc.rwth-aachen.de",1,4194304,50,21381.3,24856.5,27599.4,29000.6,32321.3,37754.4,39501.2
full_duplex,0,16,144,"r23m0124.hpc.itc.rwth-aachen.de",1,4194304,50,20693.5,24536.6,27544.7,28435.8,32217.6,37549.4,37986.9
full_duplex,0,16,156,"r23m0124.hpc.itc.rwth-aachen.de",1,4194304,50,22081.2,25160.8,27241.9,29216.1,33772,38424.8,39827.9
full_duplex,0,16,168,"r23m0124.hpc.itc.rwth-aachen.de",1,4194304,50,23397.1,25672.2,28498.2,30039.8,34372.3,38815.6,40654
full_duplex,0,16,180,"r23m0124.hpc.itc.rwth-aachen.de",1,4194304,50,23483,26046.3,28261.2,30250.9,34112.8,40838.9,41253.8
immediate_response,0,16,1,"n23m0123.hpc.itc.rwth-aachen.de",0,4194304,50,26037.8,28010.7,32366.5,34113.2,41295.2,44033.8,45419.3
immediate_response,0,16,12,"n23m0123.hpc.itc.rwth-aachen.de",0,4194304,50,24846.3,26679.1,30992.6,32641.6,39611,42200.7,43531.8
immediate_response,0,16,24,"n23m0123.hpc.itc.rwth-aachen.de",0,4194304,50,23777.6,25514.4,29263.6,29745,32653.4,38399.9,40965.6
immediate_response,0,16,36,"n23m0123.hpc.itc.rwth-aachen.de",0,4194304,50,17515.8,19213.9,20721.3,21836.4,22305,30703.3,36392.1
immediate_response,0,16,48,"n23m0123.hpc.itc.rwth-aachen.de",0,4194304,50,10304,12043.1,13803.6,16693.8,19204.3,29600.2,37717
immediate_response,0,16,60,"n23m0123.hpc.itc.rwth-aachen.de",0,4194304,50,1962.74,2205.8,3129.65,8835.71,14418.8,30656.1,38330.4
immediate_response,0,16,72,"n23m0123.hpc.itc.rwth-aachen.de",0,4194304,50,2652.56,3690.59,4595.51,10462.8,15848.4,31750.6,38709.4
immediate_response,0,16,84,"n23m0123.hpc.itc.rwth-aachen.de",0,4194304,50,3196.4,5616.06,7702.86,12277,17476.9,28861.5,35675
immediate_response,0,16,96,"r23m0124.hpc.itc.rwth-aachen.de",1,4194304,50,20409.3,23925.3,27171.2,29588.5,35943.7,40261.3,41733.1
immediate_response,0,16,108,"r23m0124.hpc.itc.rwth-aachen.de",1,4194304,50,20673.7,24309.5,26611.2,28808.2,33756.6,38597.2,39547.9
immediate_response,0,16,120,"r23m0124.hpc.itc.rwth-aachen.de",1,4194304,50,17137.2,20232.5,23421.8,24813.3,27691.3,36295.5,41670.1
immediate_response,0,16,132,"r23m0124.hpc.itc.rwth-aachen.de",1,4194304,50,19622,24617.1,27834,29899.1,36780.9,40358.9,41189.5
immediate_response,0,16,144,"r23m0124.hpc.itc.rwth-aachen.de",1,4194304,50,18421.2,23119.9,26552.3,28163.3,33865.4,39895.5,40585.2
immediate_response,0,16,156,"r23m0124.hpc.itc.rwth-aachen.de",1,4194304,50,21967.8,24651.4,27642.1,30189.8,36167.3,40008.3,43199
immediate_response,0,16,168,"r23m0124.hpc.itc.rwth-aachen.de",1,4194304,50,15868.9,19422.5,22811.4,23485.4,26460.6,30933.4,35564.2
immediate_response,0,16,180,"r23m0124.hpc.itc.rwth-aachen.de",1,4194304,50,10175.7,23686.9,27812.2,29112.2,35617.5,40546.9,41379.8
incast,0,24,1,"n23m0123.hpc.itc.rwth-aachen.de",0,4194304,50,23532.8,25131,27559.3,29367.2,33311.6,37577.8,41908.3
incast,0,24,8,"n23m0123.hpc.itc.rwth-aachen.de",0,4194304,50,22974.6,24468.4,26878.2,28643.7,32536.1,36802.1,41108.5
incast,0,24,16,"n23m0123.hpc.itc.rwth-aachen.de",0,4194304,50,20914.6,23869.9,26231.3,27572.6,31245.6,35247.8,40365.2
incast,0,24,24,"n23m0123.hpc.itc.rwth-aachen.de",0,4194304,50,13489.3,21138.5,22464.4,23135.5,25114.1,27997.3,34549
incast,0,24,32,"n23m0123.hpc.itc.rwth-aachen.de",0,4194304,50,981.149,13566.8,14867.4,15517.2,17433.2,22952.7,24380.9
incast,0,24,40,"n23m0123.hpc.itc.rwth-aachen.de",0,4194304,50,962.496,1095.42,1162.02,2896.8,1335.38,15507.1,17508.9
incast,0,24,48,"n23m0123.hpc.itc.rwth-aachen.de",0,4194304,50,1666.53,1925.67,2078.05,4241.68,2628.76,17935.6,25586.1
incast,0,24,56,"n23m0123.hpc.itc.rwth-aachen.de",0,4194304,50,2463.02,2831.66,3127.24,3305.35,3531.46,4152.65,8263.22
incast,0,24,64,"n23m0123.hpc.itc.rwth-aachen.de",0,4194304,50,3274.34,3694.85,4133.71,7004.8,5394.27,20932.1,27438.2
incast,0,24,72,"n23m0123.hpc.itc.rwth-aachen.de",0,4194304,50,4061.53,4711.03,5369.78,8160.34,7190.22,19176.6,28019.5
incast,0,24,80,"n23m0123.hpc.itc.rwth-aachen.de",0,4194304,50,5063.94,5486.28,6207.13,8430.06,7980.05,19248.7,25755.7
incast,0,24,88,"n23m0123.hpc.itc.rwth-aachen.de",0,4194304,50,5714.11,6391.55,7245.19,9105.84,9468.56,18154.4,25242.9
incast,0,24,96,"r23m0124.hpc.itc.rwth-aachen.de",1,4194304,50,18455.2,22923.7,24726.9,30150.1,31752.4,37998,180995
incast,0,24,104,"r23m0124.hpc.itc.rwth-aachen.de",1,4194304,50,21340.4,23249.2,25363.6,27302.5,30479.1,36473.5,39375
incast,0,24,112,"r23m0124.hpc.itc.rwth-aachen.de",1,4194304,50,21429.4,22807.9,25342.1,27190.1,30255.3,35937.9,39711.3
incast,0,24,120,"r23m0124.hpc.itc.rwth-aachen.de",1,4194304,50,16967.7,19807.7,21267.9,22738,26408.1,29448.4,34943.7
incast,0,24,128,"r23m0124.hpc.itc.rwth-aachen.de",1,4194304,50,17113.2,19357.9,21385,22465.7,25663.7,29877.7,31752.7
incast,0,24,136,"r23m0124.hpc.itc.rwth-aachen.de",1,4194304,50,19237.1,23029.4,25193.6,26958.2,31080.7,36472.4,36853.7
incast,0,24,144,"r23m0124.hpc.itc.rwth-aachen.de",1,4194304,50,20905.4,22898.4,25321.7,26904,30497.3,35835.5,37277.7
incast,0,24,152,"r23m0124.hpc.itc.rwth-aachen.de",1,4194304,50,18088.1,20112.6,22204.2,22810,25029.4,29043.3,29984.7
incast,0,24,160,"r23m0124.hpc.itc.rwth-aachen.de",1,4194304,50,16825.1,22841.1,24810.2,26843.7,30524.3,35569.2,39035.3
incast,0,24,168,"r23m0124.hpc.itc.rwth-aachen.de",1,4194304,50,16764.7,19615.2,21502.4,22960.6,26171.2,30186.8,31323.5
incast,0,24,176,"r23m0124.hpc.itc.rwth-aachen.de",1,4194304,50,21990.6,23998.3,26197.6,27986.7,31226.6,36877.1,39301.2
incast,0,24,184,"r23m0124.hpc.itc.rwth-aachen.de",1,4194304,50,12828.9,23025.7,24717.1,26647.2,29643.1,35638.7,38945.4
fanout,0,24,1,"n23m0123.hpc.itc.rwth-aachen.de",0,4194304,50,14078.1,15063.5,15507.6,17076.7,21135.8,21868.6,22098.5
fanout,0,24,8,"n23m0123.hpc.itc.rwth-aachen.de",0,4194304,50,13560.7,14527.8,14926.5,16487.1,20436.7,21190.1,21403.5
fanout,0,24,16,"n23m0123.hpc.itc.rwth-aachen.de",0,4194304,50,13052.7,13938.2,14359.7,15889.6,19760.8,20493.3,20701
fanout,0,24,24,"n23m0123.hpc.itc.rwth-aachen.de",0,4194304,50,12506.2,13379.9,13755.4,15248.9,18924,19668.5,19938.2
fanout,0,24,32,"n23m0123.hpc.itc.rwth-aachen.de",0,4194304,50,11807,12619.6,12970.8,14316.3,17566.4,18401.8,18992.2
fanout,0,24,40,"n23m0123.hpc.itc.rwth-aachen.de",0,4194304,50,783.65,854.315,880.26,1566.66,1047.63,6791.9,11740.5
fanout,0,24,48,"n23m0123.hpc.itc.rwth-aachen.de",0,4194304,50,1343.96,1727.65,1762.98,2189,2498.32,2625.1,12922.7
fanout,0,24,56,"n23m0123.hpc.itc.rwth-aachen.de",0,4194304,50,2046.57,2475.36,2542.11,3050.05,3309.36,3643.07,18080.9
fanout,0,24,64,"n23m0123.hpc.itc.rwth-aachen.de",0,4194304,50,2956.64,3398.98,3477.75,3948.4,4682.76,4950.6,11208
fanout,0,24,72,"n23m0123.hpc.itc.rwth-aachen.de",0,4194304,50,3381.21,4313.41,4406.38,5110.27,5988.49,6233.09,12444.5
fanout,0,24,80,"n23m0123.hpc.itc.rwth-aachen.de",0,4194304,50,4250.8,5122.26,5325.51,7081.88,7498.82,18543.5,19043.8
fanout,0,24,88,"n23m0123.hpc.itc.rwth-aachen.de",0,4194304,50,5064.85,5973.29,6272.16,7531.8,8647.79,12521,18744
fanout,0,24,96,"r23m0124.hpc.itc.rwth-aachen.de",1,4194304,50,6960.34,7717.78,8400.11,9606.49,10977,13673,18914.6
fanout,0,24,104,"r23m0124.hpc.itc.rwth-aachen.de",1,4194304,50,6748.96,7978.86,8805.45,10789.5,12964.8,18439.2,19784.5
fanout,0,24,112,"r23m0124.hpc.itc.rwth-aachen.de",1,4194304,50,7756.79,8853.55,10683.4,11454.4,12810.2,18036,19060.7
fanout,0,24,120,"r23m0124.hpc.itc.rwth-aachen.de",1,4194304,50,8136.89,9008.31,11814,11874.4,13335.8,18003.1,19017.5
fanout,0,24,128,"r23m0124.hpc.itc.rwth-aachen.de",1,4194304,50,8395.92,9873.61,12209.2,12190.4,13255.3,18656.3,19551.9
fanout,0,24,136,"r23m0124.hpc.itc.rwth-aachen.de",1,4194304,50,8318.82,10437.8,11720,12068,12610.7,17605.6,18239
fanout,0,24,144,"r23m0124.hpc.itc.rwth-aachen.de",1,4194304,50,7215.52,10213.6,11752.6,11702.1,12836.9,16745.1,17338.9
fanout,0,24,152,"r23m0124.hpc.itc.rwth-aachen.de",1,4194304,50,7260.56,9565.19,10881.1,11591.1,13049.1,18135.2,19325
fanout,0,24,160,"r23m0124.hpc.itc.rwth-aachen.de",1,4194304,50,7849.32,10002,11144.7,12082.7,13987.8,17375.9,18442.7
fanout,0,24,168,"r23m0124.hpc.itc.rwth-aachen.de",1,4194304,50,9862.2,11723.7,12883.8,13457.4,15279.2,17997.8,19585.9
fanout,0,24,176,"r23m0124.hpc.itc.rwth-aachen.de",1,4194304,50,9776.73,11669.4,12845.4,13193.3,14096.3,17792.3,20088
fanout,0,24,184,"r23m0124.hpc.itc.rwth-aachen.de",1,4194304,50,9911.35,11569.9,12396.3,13158,14371,17756.4,19880.9
full_duplex,0,24,1,"n23m0123.hpc.itc.rwth-aachen.de",0,4194304,50,41178.6,41656.6,41873.7,41893.2,42120.3,42613.9,42685.7
full_duplex,0,24,8,"n23m0123.hpc.itc.rwth-aachen.de",0,4194304,50,40675.8,41069.3,41278.2,41309,41531,42038.1,42194.7
full_duplex,0,24,16,"n23m0123.hpc.itc.rwth-aachen.de",0,4194304,50,39360.4,39926.1,40240.7,40337.4,40705.5,41388.2,41456.7
full_duplex,0,24,24,"n23m0123.hpc.itc.rwth-aachen.de",0,4194304,50,38803.7,39302.3,39610.4,39712.8,40033.6,40732.6,40853.4
full_duplex,0,24,32,"n23m0123.hpc.itc.rwth-aachen.de",0,4194304,50,26143.5,26656.3,38224.8,32858.2,38585.6,38922.4,39166.7
full_duplex,0,24,40,"n23m0123.hpc.itc.rwth-aachen.de",0,4194304,50,25551.8,25915.1,26142.5,26779.4,27261.3,27501.1,38972.4
full_duplex,0,24,48,"n23m0123.hpc.itc.rwth-aachen.de",0,4194304,50,26451.5,26823.9,27221.3,27611.4,28146.5,28379.4,36704.5
full_duplex,0,24,56,"n23m0123.hpc.itc.rwth-aachen.de",0,4194304,50,27328.8,27722.8,28122.2,28483.6,28984,29196.8,37507.8
full_duplex,0,24,64,"n23m0123.hpc.itc.rwth-aachen.de",0,4194304,50,26550.2,28679.4,28958.2,29255.9,29994.5,30203.3,30393.2
full_duplex,0,24,72,"n23m0123.hpc.itc.rwth-aachen.de",0,4194304,50,27500.1,29619.5,29877,30205.1,30951.2,31187.8,31287.2
full_duplex,0,24,80,"n23m0123.hpc.itc.rwth-aachen.de",0,4194304,50,28386.6,30572.5,31084.8,31459.7,31995.8,32298.5,38771.4
full_duplex,0,24,88,"n23m0123.hpc.itc.rwth-aachen.de",0,4194304,50,29319.7,31483.7,31777.8,32085.4,32863.9,33085.3,33268.9
full_duplex,0,24,96,"r23m0124.hpc.itc.rwth-aachen.de",1,4194304,50,30846.7,33612.6,34228,34913,35124.8,40131.5,40921.2
full_duplex,0,24,104,"r23m0124.hpc.itc.rwth-aachen.de",1,4194304,50,31794.8,33490.1,34299.7,34738.5,34828.9,39148.5,40093.5
full_duplex,0,24,112,"r23m0124.hpc.itc.rwth-aachen.de",1,4194304,50,32483.4,34492.7,35546.5,36232.1,38392.6,40372.1,40987.8
full_duplex,0,24,120,"r23m0124.hpc.itc.rwth-aachen.de",1,4194304,50,32553.5,34911,35891.1,36600,38302.9,40520.9,40684.5
full_duplex,0,24,128,"r23m0124.hpc.itc.rwth-aachen.de",1,4194304,50,33101.4,35770.1,37483.4,37373.6,39202.7,40416.8,41135
full_duplex,0,24,136,"r23m0124.hpc.itc.rwth-aachen.de",1,4194304,50,33411.1,36143.8,37341.5,37314.5,38792.5,39843.2,40457
full_duplex,0,24,144,"r23m0124.hpc.itc.rwth-aachen.de",1,4194304,50,33669.5,35430.9,36130.8,36653.4,37875.9,39911.3,40294
full_duplex,0,24,152,"r23m0124.hpc.itc.rwth-aachen.de",1,4194304,50,34208.4,35846.6,36733.3,36913.2,37804,40118.3,41062.3
full_duplex,0,24,160,"r23m0124.hpc.itc.rwth-aachen.de",1,4194304,50,34574.7,36049.9,37187.9,37250.5,38433.1,39528.9,40458
full_duplex,0,24,168,"r23m0124.hpc.itc.rwth-aachen.de",1,4194304,50,35176.3,37210.1,38259.6,38210.5,39013,40053.8,41783.5
full_duplex,0,24,176,"r23m0124.hpc.itc.rwth-aachen.de",1,4194304,50,35839.7,37425.9,38464.6,38391.8,39064.2,40151.8,40996.9
full_duplex,0,24,184,"r23m0124.hpc.itc.rwth-aachen.de",1,4194304,50,36806.4,38320.2,39457.9,39274.1,40134.5,40716.2,41190.9
immediate_response,0,24,1,"n23m0123.hpc.itc.rwth-aachen.de",0,4194304,50,38310.8,41282.3,47027.2,48378.4,53637.2,62351.7,63800.7
immediate_response,0,24,8,"n23m0123.hpc.itc.rwth-aachen.de",0,4194304,50,37150.8,40014.7,45642.7,47003.7,52109.3,60626.1,62134.1
immediate_response,0,24,16,"n23m0123.hpc.itc.rwth-aachen.de",0,4194304,50,35914.9,38686.7,44214.4,44106,49000.2,54059.1,58617.4
immediate_response,0,24,24,"n23m0123.hpc.itc.rwth-aachen.de",0,4194304,50,28779.5,30668,32176.9,32929.1,34461.9,38150.2,46783.9
immediate_response,0,24,32,"n23m0123.hpc.itc.rwth-aachen.de",0,4194304,50,18218.3,20228,23565.6,26966.2,32216.1,45173.5,49564.2
immediate_response,0,24,40,"n23m0123.hpc.itc.rwth-aachen.de",0,4194304,50,1546.6,1852.96,2113.4,11528.8,23457.1,36143.2,41700.4
immediate_response,0,24,48,"n23m0123.hpc.itc.rwth-aachen.de",0,4194304,50,2919.83,3544.54,4106.24,11685.7,19761,39240.6,50419.6
immediate_response,0,24,56,"n23m0123.hpc.itc.rwth-aachen.de",0,4194304,50,4093.92,5143.69,6274.4,15425.1,29532,41729.1,52322.7
immediate_response,0,24,64,"n23m0123.hpc.itc.rwth-aachen.de",0,4194304,50,5669.06,6996.58,7716.21,16182.1,25146,46837.8,57850.2
immediate_response,0,24,72,"n23m0123.hpc.itc.rwth-aachen.de",0,4194304,50,7371.21,8263.82,9296.41,16819.5,28239.7,42914.1,48051.3
immediate_response,0,24,80,"n23m0123.hpc.itc.rwth-aachen.de",0,4194304,50,9152.1,10686.4,12764.7,18252.4,23728.6,40269.9,58646.9
immediate_response,0,24,88,"n23m0123.hpc.itc.rwth-aachen.de",0,4194304,50,10541.2,12055.1,13504.4,19008.4,21494.4,43374.6,44791.5
immediate_response,0,24,96,"r23m0124.hpc.itc.rwth-aachen.de",1,4194304,50,22464.5,37769.8,41506.5,43122.6,46336.8,56574.9,58407.3
immediate_response,0,24,104,"r23m0124.hpc.itc.rwth-aachen.de",1,4194304,50,31815.4,36516.6,40519.9,42877.3,47664.2,57046.5,61069.7
immediate_response,0,24,112,"r23m0124.hpc.itc.rwth-aachen.de",1,4194304,50,33197.5,36707.9,41185.7,43766.9,50106.8,57621.5,60976.6
immediate_response,0,24,120,"r23m0124.hpc.itc.rwth-aachen.de",1,4194304,50,26325.1,31231.8,34129.2,35580.4,38240.9,45733.5,50876.8
immediate_response,0,24,128,"r23m0124.hpc.itc.rwth-aachen.de",1,4194304,50,23449.1,27799.2,31124.2,33577.7,38396,48427.6,59723.9
immediate_response,0,24,136,"r23m0124.hpc.itc.rwth-aachen.de",1,4194304,50,31750.6,36359.9,39643.6,42786.3,48175.7,56972.7,59345.7
immediate_response,0,24,144,"r23m0124.hpc.itc.rwth-aachen.de",1,4194304,50,27993.9,35787.4,40324.8,42207.5,49626,56994.6,58849
immediate_response,0,24,152,"r23m0124.hpc.itc.rwth-aachen.de",1,4194304,50,25806.4,29178.3,34865.8,34944.3,39130.2,46234.3,50013.4
immediate_response,0,24,160,"r23m0124.hpc.itc.rwth-aachen.de",1,4194304,50,33032.7,35967.3,40812.3,42819,48445.1,58271.2,59308.2
immediate_response,0,24,168,"r23m0124.hpc.itc.rwth-aachen.de",1,4194304,50,27766.5,30399.5,32479,35110.2,37930.5,49399.9,56259.4
immediate_response,0,24,176,"r23m0124.hpc.itc.rwth-aachen.de",1,4194304,50,17947.7,37038.8,41656.2,44146.1,51157.1,57656,61480.8
immediate_response,0,24,184,"r23m0124.hpc.itc.rwth-aachen.de",1,4194304,50,18365.9,36435,40839.3,42119.4,47066,56915.9,59758.7
incast,0,32,1,"n23m0123.hpc.itc.rwth-aachen.de",0,4194304,50,28989.4,34849.1,40837.1,42562.3,50827.3,54651.4,59069.6
incast,0,32,6,"n23m0123.hpc.itc.rwth-aachen.de",0,4194304,50,28457,34263.6,40109.2,41684.8,49760.4,53429.8,56033.2
incast,0,32,12,"n23m0123.hpc.itc.rwth-aachen.de",0,4194304,50,27882.6,33665.7,39298.7,39921.6,46811.1,49718.3,50871
incast,0,32,18,"n23m0123.hpc.itc.rwth-aachen.de",0,4194304,50,24047.3,29055.2,31900,31971.8,34380.3,36689.5,42683.5
incast,0,32,24,"n23m0123.hpc.itc.rwth-aachen.de",0,4194304,50,1464.86,19259.6,21749,22581.5,25249.5,34005.5,40998.9
incast,0,32,30,"n23m0123.hpc.itc.rwth-aachen.de",0,4194304,50,965.434,1175.88,1326.39,4538.99,1509.76,26219.7,29405.8
incast,0,32,36,"n23m0123.hpc.itc.rwth-aachen.de",0,4194304,50,1558.76,1747.73,1955.49,4400.6,2261.98,24279.2,31194.3
incast,0,32,42,"n23m0123.hpc.itc.rwth-aachen.de",0,4194304,50,2156,2370.9,2707.36,4042.85,3175.76,14261.9,25202.4
incast,0,32,48,"n23m0123.hpc.itc.rwth-aachen.de",0,4194304,50,2982.31,3419.26,4151.57,8548.03,4953.26,29247.1,41682.4
incast,0,32,54,"n23m0123.hpc.itc.rwth-aachen.de",0,4194304,50,3789.47,4259.61,5149.33,10642.2,6454.49,37043.5,40530.2
incast,0,32,60,"n23m0123.hpc.itc.rwth-aachen.de",0,4194304,50,4604.33,5201.97,6200.26,10121.7,7687.75,31606.2,38405.2
incast,0,32,66,"n23m0123.hpc.itc.rwth-aachen.de",0,4194304,50,5430.19,6162.22,7393.94,9435.29,9121.1,24704.2,37893.7
incast,0,32,72,"n23m0123.hpc.itc.rwth-aachen.de",0,4194304,50,1406.69,7173.33,8475.83,10700.6,10244.7,28888.1,42941.5
incast,0,32,78,"n23m0123.hpc.itc.rwth-aachen.de",0,4194304,50,6516.3,7939.98,9853.19,11674.3,12019.4,26124.7,30925.3
incast,0,32,84,"n23m0123.hpc.itc.rwth-aachen.de",0,4194304,50,7367.2,8521.85,10246.5,13129,12921.3,33710.1,38572.2
incast,0,32,90,"n23m0123.hpc.itc.rwth-aachen.de",0,4194304,50,8231.25,9913.13,12053.8,13700.7,14653.2,24633.5,39443.3
incast,0,32,96,"r23m0124.hpc.itc.rwth-aachen.de",1,4194304,50,27084.3,32454.3,37163.1,39846.5,48345.4,52079.3,53399.5
incast,0,32,102,"r23m0124.hpc.itc.rwth-aachen.de",1,4194304,50,26841,32804.7,38015.3,40084,48437,52531,53825.9
incast,0,32,108,"r23m0124.hpc.itc.rwth-aachen.de",1,4194304,50,27141.5,32574.2,38700.7,39760.6,48319.1,51660.7,55240
incast,0,32,114,"r23m0124.hpc.itc.rwth-aachen.de",1,4194304,50,15090.2,31595,37486.7,39327.7,47630.3,51851.9,53542.8
incast,0,32,120,"r23m0124.hpc.itc.rwth-aachen.de",1,4194304,50,5143.81,26805.9,30252.3,31683.7,38287.4,41364.6,43351.1
incast,0,32,126,"r23m0124.hpc.itc.rwth-aachen.de",1,4194304,50,27434.3,32426.1,38442.3,39823.8,47929.7,52413.3,54539.3
incast,0,32,132,"r23m0124.hpc.itc.rwth-aachen.de",1,4194304,50,26907.2,32863.6,38089,39885.5,47830.5,52539.9,55292.5
incast,0,32,138,"r23m0124.hpc.itc.rwth-aachen.de",1,4194304,50,25466.8,32784.7,38680.4,39911.3,47343.8,51878.7,54292.2
incast,0,32,144,"r23m0124.hpc.itc.rwth-aachen.de",1,4194304,50,26498.3,32522.3,38056.8,39722.1,47166.3,52529.3,54715.2
incast,0,32,150,"r23m0124.hpc.itc.rwth-aachen.de",1,4194304,50,27052.1,32434,37061.8,39209.9,47143.9,51002.8,52655.5
incast,0,32,156,"r23m0124.hpc.itc.rwth-aachen.de",1,4194304,50,27531,33027.7,38731.6,40712.1,49467.9,53294.6,55035.4
incast,0,32,162,"r23m0124.hpc.itc.rwth-aachen.de",1,4194304,50,27308.4,33230.9,38793.9,40881.7,49840.2,52987.4,56216.3
incast,0,32,168,"r23m0124.hpc.itc.rwth-aachen.de",1,4194304,50,5089.33,27223.4,31565.4,31905.4,37312.4,42036.4,44570.9
incast,0,32,174,"r23m0124.hpc.itc.rwth-aachen.de",1,4194304,50,26590.6,32223.6,38311,39589.9,48326.1,51890.4,53314.4
incast,0,32,180,"r23m0124.hpc.itc.rwth-aachen.de",1,4194304,50,14558.8,32076.5,36582.6,38619.6,47185.3,51024.6,53314.5
incast,0,32,186,"r23m0124.hpc.itc.rwth-aachen.de",1,4194304,50,12574.6,26706.2,30824.2,31579.3,37952,41897.4,43925.6
fanout,0,32,1,"n23m0123.hpc.itc.rwth-aachen.de",0,4194304,50,8405.44,20069.9,21359.5,23077.5,27498.5,28652.5,29004.9
fanout,0,32,6,"n23m0123.hpc.itc.rwth-aachen.de",0,4194304,50,1863.87,19595.9,20790.3,22349.4,26751.3,28002.9,28307.1
fanout,0,32,12,"n23m0123.hpc.itc.rwth-aachen.de",0,4194304,50,2430.61,19085.8,20204,21783.1,26091.4,27291.2,27703.4
fanout,0,32,18,"n23m0123.hpc.itc.rwth-aachen.de",0,4194304,50,3022.95,18505.2,19598.4,21102.8,25227.8,26401.9,26780.9
fanout,0,32,24,"n23m0123.hpc.itc.rwth-aachen.de",0,4194304,50,3585.84,17584.4,18508.5,20033.9,23742.1,25012.1,25509.6
fanout,0,32,30,"n23m0123.hpc.itc.rwth-aachen.de",0,4194304,50,870.044,941.338,987.288,1552.75,1139.14,1204.9,27133.1
fanout,0,32,36,"n23m0123.hpc.itc.rwth-aachen.de",0,4194304,50,1414.35,1508.46,1590.09,1737.82,1897.97,1981.99,4324.99
fanout,0,32,42,"n23m0123.hpc.itc.rwth-aachen.de",0,4194304,50,1961.41,2064.7,2161.76,2370.32,2612.99,2705.25,4948.83
fanout,0,32,48,"n23m0123.hpc.itc.rwth-aachen.de",0,4194304,50,1659.69,2887.11,3040.14,3719.76,3926.37,4116.31,21513.5
fanout,0,32,54,"n23m0123.hpc.itc.rwth-aachen.de",0,4194304,50,3535.91,3705.12,3967.12,5930.4,4907.38,22036.3,23213.3
fanout,0,32,60,"n23m0123.hpc.itc.rwth-aachen.de",0,4194304,50,4322.93,4620.61,4841.36,5966.49,6140.36,8881.4,23326.7
fanout,0,32,66,"n23m0123.hpc.itc.rwth-aachen.de",0,4194304,50,685.579,5584.69,6116.44,7963.77,7440.22,23051.8,25505.7
fanout,0,32,72,"n23m0123.hpc.itc.rwth-aachen.de",0,4194304,50,5713.37,6443.45,6740.87,9113.84,8234.75,24018.8,26620.5
fanout,0,32,78,"n23m0123.hpc.itc.rwth-aachen.de",0,4194304,50,6613.81,7386.15,7751.4,10780.8,10016.4,24863.3,25713.1
fanout,0,32,84,"n23m0123.hpc.itc.rwth-aachen.de",0,4194304,50,7476.74,8177.44,8693.73,10145.8,10313.6,21222.7,24750.5
fanout,0,32,90,"n23m0123.hpc.itc.rwth-aachen.de",0,4194304,50,8251.92,9092.87,9630.34,10544.3,11402.4,12829.3,25328.6
fanout,0,32,96,"r23m0124.hpc.itc.rwth-aachen.de",1,4194304,50,9718.69,10856.2,11392.7,12762.5,13399.3,21772,25527.3
fanout,0,32,102,"r23m0124.hpc.itc.rwth-aachen.de",1,4194304,50,10495,11503,13010,14715.4,16772.9,23804.3,26414.3
fanout,0,32,108,"r23m0124.hpc.itc.rwth-aachen.de",1,4194304,50,10927.7,12477.5,14916.5,16343.3,18805.3,24059,25767.2
fanout,0,32,114,"r23m0124.hpc.itc.rwth-aachen.de",1,4194304,50,10459,12617.1,14843.2,15041.5,16627.4,21697.5,26371.9
fanout,0,32,120,"r23m0124.hpc.itc.rwth-aachen.de",1,4194304,50,11605.1,13044.4,14503.3,15652.5,16767.9,24375.9,25936.4
fanout,0,32,126,"r23m0124.hpc.itc.rwth-aachen.de",1,4194304,50,12062,13194.3,16184.2,16655.5,19053.9,23909.4,25380.8
fanout,0,32,132,"r23m0124.hpc.itc.rwth-aachen.de",1,4194304,50,12151.2,14242.3,17091.1,17161.5,18944.1,22872.1,24606.9
fanout,0,32,138,"r23m0124.hpc.itc.rwth-aachen.de",1,4194304,50,12757.2,14142.6,17250.4,17885.8,19258.6,24104.9,42692.7
fanout,0,32,144,"r23m0124.hpc.itc.rwth-aachen.de",1,4194304,50,12350.1,13918,16259.2,15969.4,17400.3,20340.7,24679
fanout,0,32,150,"r23m0124.hpc.itc.rwth-aachen.de",1,4194304,50,12193.4,13901.3,16142.8,16291.9,17633.8,22503.4,25029.2
fanout,0,32,156,"r23m0124.hpc.itc.rwth-aachen.de",1,4194304,50,13330.9,15181.4,17734.2,17332.2,18975.4,21327.5,24598.3
fanout,0,32,162,"r23m0124.hpc.itc.rwth-aachen.de",1,4194304,50,13452.4,14826,17378.3,19422.6,18840.5,25057.6,86910.4
fanout,0,32,168,"r23m0124.hpc.itc.rwth-aachen.de",1,4194304,50,15004,17622.8,18652.5,19670.3,21298.8,23272.7,44211.2
fanout,0,32,174,"r23m0124.hpc.itc.rwth-aachen.de",1,4194304,50,16068.5,17236.7,18638.6,21378,21821.6,24777.2,107958
fanout,0,32,180,"r23m0124.hpc.itc.rwth-aachen.de",1,4194304,50,14361.2,15568.7,17256.6,17906,20150.9,21322,23536.9
fanout,0,32,186,"r23m0124.hpc.itc.rwth-aachen.de",1,4194304,50,15283,16297.8,17693.1,18741.1,21142.3,23477.4,24529.2
full_duplex,0,32,1,"n23m0123.hpc.itc.rwth-aachen.de",0,4194304,50,53318.2,56464.6,62285.5,62702.2,68294.7,72693.6,80407.7
full_duplex,0,32,6,"n23m0123.hpc.itc.rwth-aachen.de",0,4194304,50,52738.9,55832.6,61589.6,62043.5,67524,71974.9,79542
full_duplex,0,32,12,"n23m0123.hpc.itc.rwth-aachen.de",0,4194304,50,51556.6,55026,60583.8,61051.6,66749.5,71219.4,78671.6
full_duplex,0,32,18,"n23m0123.hpc.itc.rwth-aachen.de",0,4194304,50,50952.3,54346.7,59898,60251.9,65597.3,70059.9,77443.9
full_duplex,0,32,24,"n23m0123.hpc.itc.rwth-aachen.de",0,4194304,50,34427,40605.7,50394.2,49820.5,58010.8,66402.5,67198.9
full_duplex,0,32,30,"n23m0123.hpc.itc.rwth-aachen.de",0,4194304,50,33649.1,36250.5,39700.2,40220.8,42993.3,49914.1,56592
full_duplex,0,32,36,"n23m0123.hpc.itc.rwth-aachen.de",0,4194304,50,34213.2,36851.6,40110.3,40492.9,43610.5,48692.5,51424.2
full_duplex,0,32,42,"n23m0123.hpc.itc.rwth-aachen.de",0,4194304,50,34787.9,37473.2,40802.8,41165.9,44421.4,49402.9,52245.4
full_duplex,0,32,48,"n23m0123.hpc.itc.rwth-aachen.de",0,4194304,50,35610.4,38373.4,42134.2,42932.1,45736.7,53165.8,67128.5
full_duplex,0,32,54,"n23m0123.hpc.itc.rwth-aachen.de",0,4194304,50,36395.5,39195.7,42778,43063.7,46486.6,51535.6,54790.2
full_duplex,0,32,60,"n23m0123.hpc.itc.rwth-aachen.de",0,4194304,50,37307.8,40147.5,43896.3,44138,47675.3,52677,55979.2
full_duplex,0,32,66,"n23m0123.hpc.itc.rwth-aachen.de",0,4194304,50,38234.5,41128.8,45353.9,45519.8,49030.4,56574.2,58294.1
full_duplex,0,32,72,"n23m0123.hpc.itc.rwth-aachen.de",0,4194304,50,39164.3,42011.8,46490.1,46514.6,50296.4,57456.5,58830.6
full_duplex,0,32,78,"n23m0123.hpc.itc.rwth-aachen.de",0,4194304,50,40129.7,43023.3,47617.1,47829.3,51579.2,59235.5,61942.9
full_duplex,0,32,84,"n23m0123.hpc.itc.rwth-aachen.de",0,4194304,50,41023.1,43984,48454.4,48666.9,52553.6,60557.1,67962
full_duplex,0,32,90,"n23m0123.hpc.itc.rwth-aachen.de",0,4194304,50,41937.1,45026.9,49787,50325.9,53863.9,63960.6,66569.2
full_duplex,0,32,96,"r23m0124.hpc.itc.rwth-aachen.de",1,4194304,50,44197.5,47212.7,52045.6,52317.6,55578.4,64278.4,66954.3
full_duplex,0,32,102,"r23m0124.hpc.itc.rwth-aachen.de",1,4194304,50,45380.8,48740.9,52469.6,53686.8,56712.4,65625.1,65899
full_duplex,0,32,108,"r23m0124.hpc.itc.rwth-aachen.de",1,4194304,50,45698.3,48305.4,52870.9,53977,57095.1,65293,78543.7
full_duplex,0,32,114,"r23m0124.hpc.itc.rwth-aachen.de",1,4194304,50,44022.4,49091.2,53947.5,54020.7,57778.6,65447.9,67238.7
full_duplex,0,32,120,"r23m0124.hpc.itc.rwth-aachen.de",1,4194304,50,44820.6,49169.6,54061.7,54629.4,58103.9,66393.6,68329.1
full_duplex,0,32,126,"r23m0124.hpc.itc.rwth-aachen.de",1,4194304,50,45603.3,50531.9,55499.9,56144.7,59284.7,67204.3,77358.2
full_duplex,0,32,132,"r23m0124.hpc.itc.rwth-aachen.de",1,4194304,50,46995.8,51033.9,57162,56949,60002,70019.2,77124.8
full_duplex,0,32,138,"r23m0124.hpc.itc.rwth-aachen.de",1,4194304,50,47997.5,51364.7,55771.4,56508.5,59447.3,67301,78254.6
full_duplex,0,32,144,"r23m0124.hpc.itc.rwth-aachen.de",1,4194304,50,44496.4,50444.4,55044.5,55375.7,59297.9,65892.2,72703.7
full_duplex,0,32,150,"r23m0124.hpc.itc.rwth-aachen.de",1,4194304,50,45827.3,50969,55117.2,56119.3,59983.2,67629.5,71543.6
full_duplex,0,32,156,"r23m0124.hpc.itc.rwth-aachen.de",1,4194304,50,46886,52224,56789.9,57589.8,61861.9,69383.4,76110.2
full_duplex,0,32,162,"r23m0124.hpc.itc.rwth-aachen.de",1,4194304,50,48313.7,51718.7,56470,57305.7,61553.9,68761.7,72635.1
full_duplex,0,32,168,"r23m0124.hpc.itc.rwth-aachen.de",1,4194304,50,48368.8,54137.8,58837.8,59051,63742,68790.2,72785.3
full_duplex,0,32,174,"r23m0124.hpc.itc.rwth-aachen.de",1,4194304,50,50068.3,54497.1,59567.5,59443.4,63762.2,69525,73648.9
full_duplex,0,32,180,"r23m0124.hpc.itc.rwth-aachen.de",1,4194304,50,49647.3,52553.7,58548.2,58324.9,62835.2,68136.5,73405.2
full_duplex,0,32,186,"r23m0124.hpc.itc.rwth-aachen.de",1,4194304,50,48336,53762,59556.4,59355.6,64767.6,69084.9,74725.5
immediate_response,0,32,1,"n23m0123.hpc.itc.rwth-aachen.de",0,4194304,50,51779.4,56146.6,62829.3,64596.3,70966.4,82450.6,85102.2
immediate_response,0,32,6,"n23m0123.hpc.itc.rwth-aachen.de",0,4194304,50,50640.2,54887,61462.4,63219.3,69625.5,80755.7,83386.4
immediate_response,0,32,12,"n23m0123.hpc.itc.rwth-aachen.de",0,4194304,50,49429.8,53639.7,59718.3,60403.5,65386.7,76201.2,81149.6
immediate_response,0,32,18,"n23m0123.hpc.itc.rwth-aachen.de",0,4194304,50,39218,41881.3,44270.1,44997.1,46283.8,53628.1,62790.5
immediate_response,0,32,24,"n23m0123.hpc.itc.rwth-aachen.de",0,4194304,50,26245.2,28825.8,30971.4,34750.3,36000.3,57483.3,64753.3
immediate_response,0,32,30,"n23m0123.hpc.itc.rwth-aachen.de",0,4194304,50,1712.69,1971.44,2220.83,17623.8,35626.9,49829.4,57857.3
immediate_response,0,32,36,"n23m0123.hpc.itc.rwth-aachen.de",0,4194304,50,2265.25,2854.16,3160.66,9406.93,3642.12,40355.1,56376.3
immediate_response,0,32,42,"n23m0123.hpc.itc.rwth-aachen.de",0,4194304,50,3479.05,3956.83,4412.8,10053.7,5351.3,37398.5,46263.4
immediate_response,0,32,48,"n23m0123.hpc.itc.rwth-aachen.de",0,4194304,50,5093.99,5756.75,6460.94,13724.8,8134.35,54940.6,59263
immediate_response,0,32,54,"n23m0123.hpc.itc.rwth-aachen.de",0,4194304,50,6826.87,8122.9,31444.4,28370.2,45565.2,60438,77673.1
immediate_response,0,32,60,"n23m0123.hpc.itc.rwth-aachen.de",0,4194304,50,7778.1,8957.27,10280.9,19583,12240.4,56027.4,73485.7
immediate_response,0,32,66,"n23m0123.hpc.itc.rwth-aachen.de",0,4194304,50,9587.35,10834,12570.6,24269.5,42034.9,58954.6,72374.9
immediate_response,0,32,72,"n23m0123.hpc.itc.rwth-aachen.de",0,4194304,50,11533.1,12842.8,14653.4,21606.4,18152.8,53797.6,71766.4
immediate_response,0,32,78,"n23m0123.hpc.itc.rwth-aachen.de",0,4194304,50,12547.2,14060,16906.4,25547.5,36609,58064.8,61329.9
immediate_response,0,32,84,"n23m0123.hpc.itc.rwth-aachen.de",0,4194304,50,14205.1,16015.9,19048.2,30544.3,48388.8,61355.5,76858.8
immediate_response,0,32,90,"n23m0123.hpc.itc.rwth-aachen.de",0,4194304,50,16482.7,18769.7,20899.3,29735.3,44872.9,62056.2,65483.8
immediate_response,0,32,96,"r23m0124.hpc.itc.rwth-aachen.de",1,4194304,50,42726.1,50996.4,55695.2,58444.5,64916.5,74486.9,80638.1
immediate_response,0,32,102,"r23m0124.hpc.itc.rwth-aachen.de",1,4194304,50,39902.7,50071.2,56441.4,58547.9,66099.6,75563,80048.3
immediate_response,0,32,108,"r23m0124.hpc.itc.rwth-aachen.de",1,4194304,50,43506.8,48394,56280.4,57178.6,62848,78575.3,81621.3
immediate_response,0,32,114,"r23m0124.hpc.itc.rwth-aachen.de",1,4194304,50,42930,50307,55668.3,58659.5,67779.1,75635.1,78912
immediate_response,0,32,120,"r23m0124.hpc.itc.rwth-aachen.de",1,4194304,50,37104.5,42007.7,44927.7,46558.9,50808.4,56839.4,64913.6
immediate_response,0,32,126,"r23m0124.hpc.itc.rwth-aachen.de",1,4194304,50,41986.8,50615.5,56398.9,57651.3,63283.3,73723.6,76160.5
immediate_response,0,32,132,"r23m0124.hpc.itc.rwth-aachen.de",1,4194304,50,42822,49954.6,54752.1,58349.9,64862.1,75896.5,83053.9
immediate_response,0,32,138,"r23m0124.hpc.itc.rwth-aachen.de",1,4194304,50,43812.4,49289.7,55808.6,57560.1,66007.7,75585.6,77316.8
immediate_response,0,32,144,"r23m0124.hpc.itc.rwth-aachen.de",1,4194304,50,39243.9,48656.9,54303.1,56332,61249.2,74681.5,79003.2
immediate_response,0,32,150,"r23m0124.hpc.itc.rwth-aachen.de",1,4194304,50,38962.2,48513.6,55262.9,56748.7,62782.3,74350.8,79999.6
immediate_response,0,32,156,"r23m0124.hpc.itc.rwth-aachen.de",1,4194304,50,39599.1,47117.5,52458.7,55652.6,63162.6,74081.2,80605.6
immediate_response,0,32,162,"r23m0124.hpc.itc.rwth-aachen.de",1,4194304,50,37575.1,50012.2,55010.6,56475.7,62109.1,71536,74962
immediate_response,0,32,168,"r23m0124.hpc.itc.rwth-aachen.de",1,4194304,50,29795.3,38733.2,45067.6,45115.8,49367.5,58189.1,61641.6
immediate_response,0,32,174,"r23m0124.hpc.itc.rwth-aachen.de",1,4194304,50,41958.3,49702.6,53180.3,56852.6,61277.9,76028.3,80463.8
immediate_response,0,32,180,"r23m0124.hpc.itc.rwth-aachen.de",1,4194304,50,47581.1,50424.8,55549.5,58468.2,66191.1,76599.7,80057.8
immediate_response,0,32,186,"r23m0124.hpc.itc.rwth-aachen.de",1,4194304,50,22946.5,37330.6,40255.5,42222.3,46990.8,59704.1,72257.9
incast,0,48,1,"n23m0123.hpc.itc.rwth-aachen.de",0,4194304,50,49405.4,51715.4,56971.9,61242.9,70325.5,79798.3,80328.2
incast,0,48,4,"n23m0123.hpc.itc.rwth-aachen.de",0,4194304,50,48761,51078.2,56340.2,60412.3,69391.7,78232.5,79456.6
incast,0,48,8,"n23m0123.hpc.itc.rwth-aachen.de",0,4194304,50,48132.5,50393.4,55671.5,59057.5,67721.5,73513,78278.1
incast,0,48,12,"n23m0123.hpc.itc.rwth-aachen.de",0,4194304,50,40679.1,44429.2,47238.5,48733.7,52277.2,58306.7,68240.5
incast,0,48,16,"n23m0123.hpc.itc.rwth-aachen.de",0,4194304,50,1770.53,30213.8,32187.3,33853.9,38683.4,43195.6,49935.9
incast,0,48,20,"n23m0123.hpc.itc.rwth-aachen.de",0,4194304,50,1405.21,1511.81,1629.89,6033.12,1874.22,34048,42347.7
incast,0,48,24,"n23m0123.hpc.itc.rwth-aachen.de",0,4194304,50,1903.9,2058.09,2263.95,7197.37,2691.44,35386.7,40982.1
incast,0,48,28,"n23m0123.hpc.itc.rwth-aachen.de",0,4194304,50,2508.08,2647.47,2879.49,3563.47,3191.01,3769.98,32157.2
incast,0,48,32,"n23m0123.hpc.itc.rwth-aachen.de",0,4194304,50,3049.22,3297.22,3640.38,8336.03,4367.59,31953.6,49739
incast,0,48,36,"n23m0123.hpc.itc.rwth-aachen.de",0,4194304,50,3667.52,3883.28,4239.07,5707.81,4888.22,5955.67,40467.7
incast,0,48,40,"n23m0123.hpc.itc.rwth-aachen.de",0,4194304,50,4220.06,4536.81,4960.09,10082.3,5874.32,45705.1,51083.6
incast,0,48,44,"n23m0123.hpc.itc.rwth-aachen.de",0,4194304,50,4824.22,5180.64,5736.06,10838.3,7108.58,37328.9,43833.1
incast,0,48,48,"n23m0123.hpc.itc.rwth-aachen.de",0,4194304,50,5746.69,6171.81,6871.01,12627,8669.27,44602,53405.3
incast,0,48,52,"n23m0123.hpc.itc.rwth-aachen.de",0,4194304,50,6553.94,7075.61,8126.12,12126.1,10077.3,36585.1,40915.2
incast,0,48,56,"n23m0123.hpc.itc.rwth-aachen.de",0,4194304,50,7407.6,8003.74,9089.86,15087.5,11481.3,48279.6,61539.2
incast,0,48,60,"n23m0123.hpc.itc.rwth-aachen.de",0,4194304,50,8257.13,8952.09,9851.03,13509,12530.9,39275.5,54020.2
incast,0,48,64,"n23m0123.hpc.itc.rwth-aachen.de",0,4194304,50,9149.83,9917.72,10897,15559.9,14249.7,47470,58309.5
incast,0,48,68,"n23m0123.hpc.itc.rwth-aachen.de",0,4194304,50,9977.22,10825.2,12300.2,18032.2,15700.5,47673,56163.5
incast,0,48,72,"n23m0123.hpc.itc.rwth-aachen.de",0,4194304,50,10749.9,11649.3,13157.3,17472.3,17162.3,45631.8,52140.2
incast,0,48,76,"n23m0123.hpc.itc.rwth-aachen.de",0,4194304,50,11643.3,12865.9,15370.7,20864.8,19605.3,48271,63993
incast,0,48,80,"n23m0123.hpc.itc.rwth-aachen.de",0,4194304,50,12351.3,13573.5,15469.5,18341.7,19369.9,36137.9,50139.2
incast,0,48,84,"n23m0123.hpc.itc.rwth-aachen.de",0,4194304,50,13279.2,14383.1,15973.1,22209.8,21557.1,51241.8,54447.9
incast,0,48,88,"n23m0123.hpc.itc.rwth-aachen.de",0,4194304,50,14120,15319.2,17476.4,21918.8,22912.6,49668.5,58175.5
incast,0,48,92,"n23m0123.hpc.itc.rwth-aachen.de",0,4194304,50,14957.3,16225.5,18618.5,21575.2,23744.3,35954.6,55073.4
incast,0,48,96,"r23m0124.hpc.itc.rwth-aachen.de",1,4194304,50,41323,49079.5,54045.6,58184.5,68267,75902.3,78176.9
incast,0,48,100,"r23m0124.hpc.itc.rwth-aachen.de",1,4194304,50,40714.4,48753.3,54469.4,58005.3,67077.3,77014.7,78422.7
incast,0,48,104,"r23m0124.hpc.itc.rwth-aachen.de",1,4194304,50,46050,49628,54726.1,58218.6,65790.4,76814.1,78955.5
incast,0,48,108,"r23m0124.hpc.itc.rwth-aachen.de",1,4194304,50,41775,49168.5,54555.6,58237.6,67159.4,77320.9,78659.5
incast,0,48,112,"r23m0124.hpc.itc.rwth-aachen.de",1,4194304,50,46039.1,49234.3,53572.1,58010.7,66960.4,74866.5,77796.3
incast,0,48,116,"r23m0124.hpc.itc.rwth-aachen.de",1,4194304,50,40089.7,41602,44932.7,47536.7,53206.8,60073.3,61343.6
incast,0,48,120,"r23m0124.hpc.itc.rwth-aachen.de",1,4194304,50,36619.5,41469.3,45427.5,47753.9,52775.2,61191.3,62204.3
incast,0,48,124,"r23m0124.hpc.itc.rwth-aachen.de",1,4194304,50,46828.4,48899.1,54170,58402.4,65800.6,76849.9,77796.5
incast,0,48,128,"r23m0124.hpc.itc.rwth-aachen.de",1,4194304,50,36996.1,40895.9,45385.9,47703,54001.3,61201.8,61847.4
incast,0,48,132,"r23m0124.hpc.itc.rwth-aachen.de",1,4194304,50,46820.3,49775.4,54342.1,59093.3,68335.6,78194.9,80272.5
incast,0,48,136,"r23m0124.hpc.itc.rwth-aachen.de",1,4194304,50,45940.2,48512.6,54100.7,58080.7,66826,76458,77999.1
incast,0,48,140,"r23m0124.hpc.itc.rwth-aachen.de",1,4194304,50,40530.9,48700.1,54492.8,58277.9,67718.9,76689,78391.5
incast,0,48,144,"r23m0124.hpc.itc.rwth-aachen.de",1,4194304,50,44122.2,49307.5,53687.9,57860.1,66714.4,76207.1,76725.9
incast,0,48,148,"r23m0124.hpc.itc.rwth-aachen.de",1,4194304,50,43618,49409.7,54889.8,58455.6,67882.2,75414.4,78029.9
incast,0,48,152,"r23m0124.hpc.itc.rwth-aachen.de",1,4194304,50,35696.8,40919.6,44882.4,46694.5,51801.5,58797,61446.7
incast,0,48,156,"r23m0124.hpc.itc.rwth-aachen.de",1,4194304,50,46104.6,49345.9,54654.6,58314.5,67665.8,76473.4,78131.6
incast,0,48,160,"r23m0124.hpc.itc.rwth-aachen.de",1,4194304,50,43729,48445.2,54621.8,58146.7,67455.7,77185.7,78927.7
incast,0,48,164,"r23m0124.hpc.itc.rwth-aachen.de",1,4194304,50,44507.8,48716.8,53813.1,58111,67187.2,76083,78570.1
incast,0,48,168,"r23m0124.hpc.itc.rwth-aachen.de",1,4194304,50,34611.1,40095.5,43854.6,46223.1,53064.6,59635,61083
incast,0,48,172,"r23m0124.hpc.itc.rwth-aachen.de",1,4194304,50,46271.4,48946.6,54278.2,58508.9,67980.7,75724.5,78456.9
incast,0,48,176,"r23m0124.hpc.itc.rwth-aachen.de",1,4194304,50,46954.2,49255.4,54539.1,58767.6,68129.7,77698.4,78612.2
incast,0,48,180,"r23m0124.hpc.itc.rwth-aachen.de",1,4194304,50,42085.2,48013.9,53836.9,57098.3,66000.1,75576,78445.7
incast,0,48,184,"r23m0124.hpc.itc.rwth-aachen.de",1,4194304,50,46197.1,49478.5,54119.8,58207.1,68001.2,76324.8,77215.7
incast,0,48,188,"r23m0124.hpc.itc.rwth-aachen.de",1,4194304,50,21293.9,41121.3,44753.4,45998.7,52298.9,60265.6,62336
fanout,0,48,1,"n23m0123.hpc.itc.rwth-aachen.de",0,4194304,50,29224.6,31831.7,32398.2,32400.8,33525.4,34812.2,35213.9
fanout,0,48,4,"n23m0123.hpc.itc.rwth-aachen.de",0,4194304,50,28631.6,31310.6,31802.7,31815,32848.3,34152.9,34554.1
fanout,0,48,8,"n23m0123.hpc.itc.rwth-aachen.de",0,4194304,50,28146.6,30619.4,31190.9,31237.6,32319.9,33574.2,33983.6
fanout,0,48,12,"n23m0123.hpc.itc.rwth-aachen.de",0,4194304,50,27571.6,30033.5,30570,30610.3,31641.8,32889.7,33335.4
fanout,0,48,16,"n23m0123.hpc.itc.rwth-aachen.de",0,4194304,50,26670,28515,29352.2,29324.3,30246.8,31481.6,31689.3
fanout,0,48,20,"n23m0123.hpc.itc.rwth-aachen.de",0,4194304,50,1087.91,1167.82,1201.8,1206.9,1229.45,1308.46,1354.26
fanout,0,48,24,"n23m0123.hpc.itc.rwth-aachen.de",0,4194304,50,458.596,1801.07,1835.89,1804.54,1880.22,1944.11,1999.28
fanout,0,48,28,"n23m0123.hpc.itc.rwth-aachen.de",0,4194304,50,2127.6,2370.5,2419.39,2928.41,2484.9,2571.97,28503.9
fanout,0,48,32,"n23m0123.hpc.itc.rwth-aachen.de",0,4194304,50,2652.07,2922.74,2990.8,2973.43,3076.47,3155.69,3201.22
fanout,0,48,36,"n23m0123.hpc.itc.rwth-aachen.de",0,4194304,50,3195.57,3524.14,3591.64,4646.7,3705.57,3841.99,30708.5
fanout,0,48,40,"n23m0123.hpc.itc.rwth-aachen.de",0,4194304,50,3735.51,4112.74,4186.1,5140.55,4330.79,4494.61,28472.1
fanout,0,48,44,"n23m0123.hpc.itc.rwth-aachen.de",0,4194304,50,4276.97,4704.41,4821.72,5705.64,4952.17,5145.61,28995.8
fanout,0,48,48,"n23m0123.hpc.itc.rwth-aachen.de",0,4194304,50,5039.09,5549.32,5701.79,6154.56,5817.95,6012.02,30358.3
fanout,0,48,52,"n23m0123.hpc.itc.rwth-aachen.de",0,4194304,50,5790.26,6402.75,6524.86,7879.94,6672.87,17930.6,31175.5
fanout,0,48,56,"n23m0123.hpc.itc.rwth-aachen.de",0,4194304,50,6448.58,7349.6,7569.11,12662.3,7895.7,30616.5,32194.2
fanout,0,48,60,"n23m0123.hpc.itc.rwth-aachen.de",0,4194304,50,7370.35,8161.67,8470.29,10368.3,8703.44,28429.8,31373.3
fanout,0,48,64,"n23m0123.hpc.itc.rwth-aachen.de",0,4194304,50,8303.36,8930.62,9400.25,10905,9709.1,28866.8,31490.7
fanout,0,48,68,"n23m0123.hpc.itc.rwth-aachen.de",0,4194304,50,9222.41,9894.55,10430.9,14272.6,10895.3,30151.5,32104.4
fanout,0,48,72,"n23m0123.hpc.itc.rwth-aachen.de",0,4194304,50,9949.31,10665.7,11145.5,13300.7,11503.8,29987.4,32231.6
fanout,0,48,76,"n23m0123.hpc.itc.rwth-aachen.de",0,4194304,50,10769.5,11580.9,12061.6,12590.2,12370.7,13054.3,29466.5
fanout,0,48,80,"n23m0123.hpc.itc.rwth-aachen.de",0,4194304,50,11507.7,12487.6,13088.1,14689.7,13438.8,27830.1,30131.9
fanout,0,48,84,"n23m0123.hpc.itc.rwth-aachen.de",0,4194304,50,12320.1,13162.7,13834,14579.7,14288.9,21763.2,29501.6
fanout,0,48,88,"n23m0123.hpc.itc.rwth-aachen.de",0,4194304,50,13182.8,14160.1,14771.2,16177.7,15344.3,27605.2,28389.4
fanout,0,48,92,"n23m0123.hpc.itc.rwth-aachen.de",0,4194304,50,13957.4,15166.5,15711.5,17110.9,16285.8,28561.7,29212.1
fanout,0,48,96,"r23m0124.hpc.itc.rwth-aachen.de",1,4194304,50,15713.4,17027.9,17532.7,20562.5,24752.7,30349.7,32388.2
fanout,0,48,100,"r23m0124.hpc.itc.rwth-aachen.de",1,4194304,50,15832.3,17275,18201.7,20739,24879.9,30335.6,30851.4
fanout,0,48,104,"r23m0124.hpc.itc.rwth-aachen.de",1,4194304,50,16708.9,17945.7,19022.2,22095.7,27732.1,30531.3,31040.9
fanout,0,48,108,"r23m0124.hpc.itc.rwth-aachen.de",1,4194304,50,16870.3,18310.1,19353.4,21879.2,27145.3,30180.9,32232.6
fanout,0,48,112,"r23m0124.hpc.itc.rwth-aachen.de",1,4194304,50,17937.8,19129.5,20353.9,22826.3,27941.3,30741.2,31432.3
fanout,0,48,116,"r23m0124.hpc.itc.rwth-aachen.de",1,4194304,50,17275.2,19231.6,20330.7,22378.3,26763.1,30978.1,31429
fanout,0,48,120,"r23m0124.hpc.itc.rwth-aachen.de",1,4194304,50,17964.5,19470.8,20462,22123.2,24952.9,29628.3,31973.7
fanout,0,48,124,"r23m0124.hpc.itc.rwth-aachen.de",1,4194304,50,18363.3,19690,20614.5,22840.1,28248.3,30747.2,32712.3
fanout,0,48,128,"r23m0124.hpc.itc.rwth-aachen.de",1,4194304,50,18790.1,20348.3,21264.4,23603.9,27807.7,30272.1,31881.6
fanout,0,48,132,"r23m0124.hpc.itc.rwth-aachen.de",1,4194304,50,19253.5,20859.4,21754.1,23549.9,27147.1,29455.3,32857.6
fanout,0,48,136,"r23m0124.hpc.itc.rwth-aachen.de",1,4194304,50,19302.3,20505.7,21590,22919.2,25994.2,28417.5,30812.9
fanout,0,48,140,"r23m0124.hpc.itc.rwth-aachen.de",1,4194304,50,20336.3,22000,23135.9,23903,24329.7,30025,32441.4
fanout,0,48,144,"r23m0124.hpc.itc.rwth-aachen.de",1,4194304,50,20999.9,22394.9,23310.5,23845,24473.7,28262,30104.9
fanout,0,48,148,"r23m0124.hpc.itc.rwth-aachen.de",1,4194304,50,20375.7,21458.9,22428.3,22919.9,23377.3,27734.2,30863
fanout,0,48,152,"r23m0124.hpc.itc.rwth-aachen.de",1,4194304,50,5557.87,21633.7,22626.3,22721.2,23660.3,27766.5,29362.2
fanout,0,48,156,"r23m0124.hpc.itc.rwth-aachen.de",1,4194304,50,21239.9,22591.4,23728,24400.8,24921.1,30204.8,31667.5
fanout,0,48,160,"r23m0124.hpc.itc.rwth-aachen.de",1,4194304,50,21364.2,22732.2,23845.1,24400.8,25187.7,28488.7,30127.3
fanout,0,48,164,"r23m0124.hpc.itc.rwth-aachen.de",1,4194304,50,22129.3,23573.6,24689,25411.4,26806.8,30563.8,31726.8
fanout,0,48,168,"r23m0124.hpc.itc.rwth-aachen.de",1,4194304,50,21806.7,24191.6,25176.6,25849.4,26808.7,30812.9,32045.3
fanout,0,48,172,"r23m0124.hpc.itc.rwth-aachen.de",1,4194304,50,21360.9,23840.6,24870.8,25358.8,26455,30325.5,31041.5
fanout,0,48,176,"r23m0124.hpc.itc.rwth-aachen.de",1,4194304,50,22638.4,24996.3,26188.7,26832.2,27595,29695,55905.8
fanout,0,48,180,"r23m0124.hpc.itc.rwth-aachen.de",1,4194304,50,22206.5,24692.3,25486.5,25703.4,26453.4,28210,30842.5
fanout,0,48,184,"r23m0124.hpc.itc.rwth-aachen.de",1,4194304,50,23333.4,25672,26445.1,26662.7,27289.3,29422.5,31785.9
fanout,0,48,188,"r23m0124.hpc.itc.rwth-aachen.de",1,4194304,50,23111,25538.4,26595.2,26596.3,27317.2,29189.5,30418.5
full_duplex,0,48,1,"n23m0123.hpc.itc.rwth-aachen.de",0,4194304,50,77397.2,79257.4,83841.1,87605.1,95797.8,103893,109255
full_duplex,0,48,4,"n23m0123.hpc.itc.rwth-aachen.de",0,4194304,50,61146.7,78559.1,83168.7,86217.7,93914.6,103257,108627
full_duplex,0,48,8,"n23m0123.hpc.itc.rwth-aachen.de",0,4194304,50,75626.2,77694.1,82580.1,86022.7,94210.5,102541,106665
full_duplex,0,48,12,"n23m0123.hpc.itc.rwth-aachen.de",0,4194304,50,75057.2,77141.5,81765.2,85215.8,93466.1,101173,105987
full_duplex,0,48,16,"n23m0123.hpc.itc.rwth-aachen.de",0,4194304,50,49270.7,54483.6,73373.9,69907.8,80895.9,96697,105338
full_duplex,0,48,20,"n23m0123.hpc.itc.rwth-aachen.de",0,4194304,50,48683.4,50568.1,54763.3,55366.5,59333.8,64867.2,72885.4
full_duplex,0,48,24,"n23m0123.hpc.itc.rwth-aachen.de",0,4194304,50,49285.3,51278,55459.8,56048.2,60151.6,65690.5,73602.7
full_duplex,0,48,28,"n23m0123.hpc.itc.rwth-aachen.de",0,4194304,50,49827,51696.2,56016.5,56638,60818.8,66389.1,74240.3
full_duplex,0,48,32,"n23m0123.hpc.itc.rwth-aachen.de",0,4194304,50,50351.2,52206.4,56597,57227,61473.6,67106.6,74910.6
full_duplex,0,48,36,"n23m0123.hpc.itc.rwth-aachen.de",0,4194304,50,50908.7,52735.5,57176.8,57841.6,62186.5,67840.8,75635.9
full_duplex,0,48,40,"n23m0123.hpc.itc.rwth-aachen.de",0,4194304,50,51441.5,53195.6,57741.3,58857.2,63397.8,72437.7,80208.7
full_duplex,0,48,44,"n23m0123.hpc.itc.rwth-aachen.de",0,4194304,50,51991.8,53799.8,58346.6,59059.9,63599.3,69332.2,77077.7
full_duplex,0,48,48,"n23m0123.hpc.itc.rwth-aachen.de",0,4194304,50,52753.8,54495.9,59083.7,59906.4,64591.6,70344.5,78159.5
full_duplex,0,48,52,"n23m0123.hpc.itc.rwth-aachen.de",0,4194304,50,53476,55164.6,59817.7,60696.5,65491.2,71330.4,78929.9
full_duplex,0,48,56,"n23m0123.hpc.itc.rwth-aachen.de",0,4194304,50,54322,56040.6,60700.5,61680.1,66562.6,72483.7,80093.5
full_duplex,0,48,60,"n23m0123.hpc.itc.rwth-aachen.de",0,4194304,50,55198.1,56915.9,61575,63118.7,67733.7,73622.1,104042
full_duplex,0,48,64,"n23m0123.hpc.itc.rwth-aachen.de",0,4194304,50,56030.1,57755.1,62774.7,64467.9,70061.7,80428.3,87642.5
full_duplex,0,48,68,"n23m0123.hpc.itc.rwth-aachen.de",0,4194304,50,56919.8,59728,64266.4,66237.4,71266.8,82567.8,103162
full_duplex,0,48,72,"n23m0123.hpc.itc.rwth-aachen.de",0,4194304,50,57738.7,59886.8,66083.1,67602.3,74157.5,81511.4,84399.8
full_duplex,0,48,76,"n23m0123.hpc.itc.rwth-aachen.de",0,4194304,50,58351.5,60567.9,65848.3,68319.3,74061.4,88717.5,99781.6
full_duplex,0,48,80,"n23m0123.hpc.itc.rwth-aachen.de",0,4194304,50,59176.1,61876.1,67795.6,69601.6,76115.3,85192.4,105882
full_duplex,0,48,84,"n23m0123.hpc.itc.rwth-aachen.de",0,4194304,50,60086.9,62387.3,67776.9,69945.7,76269.2,86984.3,105808
full_duplex,0,48,88,"n23m0123.hpc.itc.rwth-aachen.de",0,4194304,50,60694.9,63225.4,69067.6,71988.2,78510.6,96745.9,103271
full_duplex,0,48,92,"n23m0123.hpc.itc.rwth-aachen.de",0,4194304,50,61519.1,64473.2,69526.9,71538.5,76599.8,91021.1,94979.4
full_duplex,0,48,96,"r23m0124.hpc.itc.rwth-aachen.de",1,4194304,50,63590.9,66299.6,72545.2,74911.4,81122.2,93377.7,98829.9
full_duplex,0,48,100,"r23m0124.hpc.itc.rwth-aachen.de",1,4194304,50,64164.7,68170.6,74274.9,75933.4,82571.8,92270,93843.8
full_duplex,0,48,104,"r23m0124.hpc.itc.rwth-aachen.de",1,4194304,50,63793.3,68555.5,74332.7,77614.4,84029.3,98570.2,104083
full_duplex,0,48,108,"r23m0124.hpc.itc.rwth-aachen.de",1,4194304,50,64260.3,68513,73935.4,76628.6,82431.6,93868.4,103636
full_duplex,0,48,112,"r23m0124.hpc.itc.rwth-aachen.de",1,4194304,50,64597.5,68779.6,74453.2,76785,83769,95088.9,98510.2
full_duplex,0,48,116,"r23m0124.hpc.itc.rwth-aachen.de",1,4194304,50,64990,68197.4,74167.1,77279.8,83915.2,98935.4,106357
full_duplex,0,48,120,"r23m0124.hpc.itc.rwth-aachen.de",1,4194304,50,65608.2,68541.1,74804,76614.7,82654.1,94787.6,101690
full_duplex,0,48,124,"r23m0124.hpc.itc.rwth-aachen.de",1,4194304,50,65761,70158.1,78105.5,80088.5,85615.1,100475,105721
full_duplex,0,48,128,"r23m0124.hpc.itc.rwth-aachen.de",1,4194304,50,66352.3,70808.1,77701.2,79612.6,85228.9,97138.2,102539
full_duplex,0,48,132,"r23m0124.hpc.itc.rwth-aachen.de",1,4194304,50,67163,73498.3,79104.9,79950.1,85246.5,94386.7,97965.6
full_duplex,0,48,136,"r23m0124.hpc.itc.rwth-aachen.de",1,4194304,50,68030.5,70776.1,76814.7,79038.4,85981.9,95796.8,99188.6
full_duplex,0,48,140,"r23m0124.hpc.itc.rwth-aachen.de",1,4194304,50,67669.5,72726.4,77290.3,79377.9,86795.2,94916.6,106197
full_duplex,0,48,144,"r23m0124.hpc.itc.rwth-aachen.de",1,4194304,50,67710.9,72675.5,77249.1,79852.6,85777.6,97659.7,105752
full_duplex,0,48,148,"r23m0124.hpc.itc.rwth-aachen.de",1,4194304,50,67576,72127.7,76507.3,79166.4,85131.9,97203.6,103981
full_duplex,0,48,152,"r23m0124.hpc.itc.rwth-aachen.de",1,4194304,50,67582.8,72217.1,76737.3,78530.6,84633.1,95219.7,102318
full_duplex,0,48,156,"r23m0124.hpc.itc.rwth-aachen.de",1,4194304,50,67806.8,73091.9,78309.7,80039.2,86352.9,96730.9,102444
full_duplex,0,48,160,"r23m0124.hpc.itc.rwth-aachen.de",1,4194304,50,68707.6,72461.5,77373,79677.8,85334.3,96130.6,98251.6
full_duplex,0,48,164,"r23m0124.hpc.itc.rwth-aachen.de",1,4194304,50,69494.1,73046.2,78198.3,80664.3,85943.7,98163.8,99311.4
full_duplex,0,48,168,"r23m0124.hpc.itc.rwth-aachen.de",1,4194304,50,68997.6,74409.3,78186.1,80380.4,87065.2,95304.3,99903.9
full_duplex,0,48,172,"r23m0124.hpc.itc.rwth-aachen.de",1,4194304,50,68759.7,73160.7,76925.3,80514.5,86892.1,98211.8,100029
full_duplex,0,48,176,"r23m0124.hpc.itc.rwth-aachen.de",1,4194304,50,69631.9,74384.3,77905.6,80774.2,87622.6,98741.5,104288
full_duplex,0,48,180,"r23m0124.hpc.itc.rwth-aachen.de",1,4194304,50,69749.2,74605.4,78150.9,81326.9,87191.2,96997.9,104489
full_duplex,0,48,184,"r23m0124.hpc.itc.rwth-aachen.de",1,4194304,50,71316.6,75011.8,79039.6,81852.3,88800.4,99545.3,101952
full_duplex,0,48,188,"r23m0124.hpc.itc.rwth-aachen.de",1,4194304,50,71946.1,75940.3,79553.6,82132.2,88825.8,97096,102982
immediate_response,0,48,1,"n23m0123.hpc.itc.rwth-aachen.de",0,4194304,50,78254.1,83628.2,91418.1,95624.8,103980,122735,124369
immediate_response,0,48,4,"n23m0123.hpc.itc.rwth-aachen.de",0,4194304,50,77028.3,82320.7,89999.5,94147.5,102331,120991,123630
immediate_response,0,48,8,"n23m0123.hpc.itc.rwth-aachen.de",0,4194304,50,75867.7,80887.6,88361.9,90497.3,98520.5,107031,122046
immediate_response,0,48,12,"n23m0123.hpc.itc.rwth-aachen.de",0,4194304,50,61455.5,63832.1,67087.1,70847.5,74963.2,93602.2,104359
immediate_response,0,48,16,"n23m0123.hpc.itc.rwth-aachen.de",0,4194304,50,41100.4,44049.9,47261.4,50192.1,53242.2,69960.7,84373.7
immediate_response,0,48,20,"n23m0123.hpc.itc.rwth-aachen.de",0,4194304,50,2065.01,2215.08,2460.09,20230.1,49523.1,61139.1,78101.8
immediate_response,0,48,24,"n23m0123.hpc.itc.rwth-aachen.de",0,4194304,50,2766.48,3219.53,3381.91,9062.63,3887.57,49869.4,57019.7
immediate_response,0,48,28,"n23m0123.hpc.itc.rwth-aachen.de",0,4194304,50,2613.62,4352.59,4569,12567.6,4935.13,61887.8,84233.1
immediate_response,0,48,32,"n23m0123.hpc.itc.rwth-aachen.de",0,4194304,50,4832.2,5461.99,5906.02,17537.9,7196.95,64309.2,84713.9
immediate_response,0,48,36,"n23m0123.hpc.itc.rwth-aachen.de",0,4194304,50,1745.87,6677.26,7279.28,17513.1,8228.59,62962.4,80397.9
immediate_response,0,48,40,"n23m0123.hpc.itc.rwth-aachen.de",0,4194304,50,6894.99,7763.87,8273.31,15254.6,9578.8,53758.3,64887.1
immediate_response,0,48,44,"n23m0123.hpc.itc.rwth-aachen.de",0,4194304,50,7755.67,8795.24,9485.82,18982.2,11639.8,64141.2,72601.2
immediate_response,0,48,48,"n23m0123.hpc.itc.rwth-aachen.de",0,4194304,50,9444.18,11192.3,12506.4,32392.1,53565.7,87389.4,103339
immediate_response,0,48,52,"n23m0123.hpc.itc.rwth-aachen.de",0,4194304,50,11142.5,12249,13906.5,36276.4,68714.9,90606.7,94407
immediate_response,0,48,56,"n23m0123.hpc.itc.rwth-aachen.de",0,4194304,50,12417,14125.3,16153.4,33954.2,59483.3,91333.8,106439
immediate_response,0,48,60,"n23m0123.hpc.itc.rwth-aachen.de",0,4194304,50,14283.1,15706.9,17629.2,31196.2,45048.2,81599.2,113976
immediate_response,0,48,64,"n23m0123.hpc.itc.rwth-aachen.de",0,4194304,50,16133.6,17653.5,20359.2,35514.1,52594.8,87735.9,112384
immediate_response,0,48,68,"n23m0123.hpc.itc.rwth-aachen.de",0,4194304,50,17445.5,19721.9,22449.5,36939,58506.6,77091.6,107048
immediate_response,0,48,72,"n23m0123.hpc.itc.rwth-aachen.de",0,4194304,50,19305.9,20663.3,23559.8,34381.7,27769.8,81593.7,110283
immediate_response,0,48,76,"n23m0123.hpc.itc.rwth-aachen.de",0,4194304,50,21164.7,22566.8,25651.6,39033.9,60338.3,81451.2,91044.9
immediate_response,0,48,80,"n23m0123.hpc.itc.rwth-aachen.de",0,4194304,50,22031.8,24300.7,28226.7,40727.2,54815,87133.4,110395
immediate_response,0,48,84,"n23m0123.hpc.itc.rwth-aachen.de",0,4194304,50,23749.4,25879.7,29208.5,41205.1,45564.5,89727.8,116519
immediate_response,0,48,88,"n23m0123.hpc.itc.rwth-aachen.de",0,4194304,50,25447.5,27532.4,31254.2,39735.5,36886.5,79166.3,111526
immediate_response,0,48,92,"n23m0123.hpc.itc.rwth-aachen.de",0,4194304,50,27523.5,29223.6,33784.7,45463,61554.5,90442.9,100420
immediate_response,0,48,96,"r23m0124.hpc.itc.rwth-aachen.de",1,4194304,50,68254.8,75787.1,81385,87556.3,96221.6,114400,121118
immediate_response,0,48,100,"r23m0124.hpc.itc.rwth-aachen.de",1,4194304,50,64203.7,74750,82506.7,85808,92950.7,115912,120032
immediate_response,0,48,104,"r23m0124.hpc.itc.rwth-aachen.de",1,4194304,50,63805,77186.4,84809.6,87374.2,96216.6,114903,120718
immediate_response,0,48,108,"r23m0124.hpc.itc.rwth-aachen.de",1,4194304,50,61065.5,74162.3,84114.5,86373.8,95613.4,113303,114556
immediate_response,0,48,112,"r23m0124.hpc.itc.rwth-aachen.de",1,4194304,50,67107.3,76782.4,82588.3,87027.6,96821,112150,119490
immediate_response,0,48,116,"r23m0124.hpc.itc.rwth-aachen.de",1,4194304,50,54368.1,59311.7,66915.6,69223.6,76923.4,87663.2,97421.8
immediate_response,0,48,120,"r23m0124.hpc.itc.rwth-aachen.de",1,4194304,50,55203.2,63807.7,70638.9,73335.9,78891.6,98482.1,105251
immediate_response,0,48,124,"r23m0124.hpc.itc.rwth-aachen.de",1,4194304,50,40058.3,76970.2,85346.2,87229.6,96033.5,117741,120308
immediate_response,0,48,128,"r23m0124.hpc.itc.rwth-aachen.de",1,4194304,50,53452.7,57984.9,64374.9,68054.4,74262,89793.2,108555
immediate_response,0,48,132,"r23m0124.hpc.itc.rwth-aachen.de",1,4194304,50,66767.8,75360.4,83317.8,86590.9,96515.5,111249,113920
immediate_response,0,48,136,"r23m0124.hpc.itc.rwth-aachen.de",1,4194304,50,65644,74906.5,81939.1,86583.8,94072.4,116906,136442
immediate_response,0,48,140,"r23m0124.hpc.itc.rwth-aachen.de",1,4194304,50,65222.2,77868.4,82682.3,85483.8,90808.1,117395,121809
immediate_response,0,48,144,"r23m0124.hpc.itc.rwth-aachen.de",1,4194304,50,67041.5,77136.2,84715.5,87230.8,99457.8,111000,119056
immediate_response,0,48,148,"r23m0124.hpc.itc.rwth-aachen.de",1,4194304,50,63648.6,75910,82439.6,87169,95956.4,115634,118806
immediate_response,0,48,152,"r23m0124.hpc.itc.rwth-aachen.de",1,4194304,50,50823.2,58673.1,65559,67701.6,74081.5,87786.7,103303
immediate_response,0,48,156,"r23m0124.hpc.itc.rwth-aachen.de",1,4194304,50,45391.7,75287.1,84837.7,85934,94468.6,110284,118619
immediate_response,0,48,160,"r23m0124.hpc.itc.rwth-aachen.de",1,4194304,50,65676.6,75141.9,83945.7,86369,95944.3,117000,121823
immediate_response,0,48,164,"r23m0124.hpc.itc.rwth-aachen.de",1,4194304,50,65014.9,76302.4,82160.2,84751.5,91284.9,111940,115083
immediate_response,0,48,168,"r23m0124.hpc.itc.rwth-aachen.de",1,4194304,50,56214.1,60108.7,67385.6,69476.8,76349.2,86844,110858
immediate_response,0,48,172,"r23m0124.hpc.itc.rwth-aachen.de",1,4194304,50,66258.2,77204.4,85370,87699.4,95424.9,113632,120869
immediate_response,0,48,176,"r23m0124.hpc.itc.rwth-aachen.de",1,4194304,50,42121.1,76263,80653.2,84869.3,92293.3,110779,120826
immediate_response,0,48,180,"r23m0124.hpc.itc.rwth-aachen.de",1,4194304,50,64590.6,73979.5,83101.5,85193.7,92358.4,113931,119895
immediate_response,0,48,184,"r23m0124.hpc.itc.rwth-aachen.de",1,4194304,50,66168.8,74663,81428.9,87347.4,99643.2,116428,120818
immediate_response,0,48,188,"r23m0124.hpc.itc.rwth-aachen.de",1,4194304,50,39351.7,61378.4,67624.2,69252.4,76279.7,89281,104868
incast,0,64,1,"n23m0123.hpc.itc.rwth-aachen.de",0,4194304,50,68432.8,70198.7,78459.8,84121.2,98657.7,109435,117612
incast,0,64,3,"n23m0123.hpc.itc.rwth-aachen.de",0,4194304,50,67829.8,69584,77847,83300.6,97816.6,108584,111211
incast,0,64,6,"n23m0123.hpc.itc.rwth-aachen.de",0,4194304,50,67173.6,68987.3,77224.5,80997.5,93779.4,102009,103676
incast,0,64,9,"n23m0123.hpc.itc.rwth-aachen.de",0,4194304,50,59960.8,61033.6,65551.9,67077.6,71007.6,78662.6,84630.2
incast,0,64,12,"n23m0123.hpc.itc.rwth-aachen.de",0,4194304,50,40086.3,41989.6,45108.9,47368.6,51322.4,58296.4,81775
incast,0,64,15,"n23m0123.hpc.itc.rwth-aachen.de",0,4194304,50,1824.35,1897.75,2002.89,10952.4,2438.86,57778,65085.7
incast,0,64,18,"n23m0123.hpc.itc.rwth-aachen.de",0,4194304,50,2380.4,2476.84,2708.31,8710.67,3171,43552.2,59452
incast,0,64,21,"n23m0123.hpc.itc.rwth-aachen.de",0,4194304,50,2937.91,3061.25,3414.38,8203.16,3898.45,45414.1,56967.8
incast,0,64,24,"n23m0123.hpc.itc.rwth-aachen.de",0,4194304,50,3523.86,3690.12,4054.61,8341.12,4632.27,40924.9,59950.2
incast,0,64,27,"n23m0123.hpc.itc.rwth-aachen.de",0,4194304,50,4114.85,4266.9,4648.06,11210.9,5395.78,57503.8,78222.5
incast,0,64,30,"n23m0123.hpc.itc.rwth-aachen.de",0,4194304,50,4675.64,4908.65,5482.02,8906.16,6293.98,42862.6,51519.7
incast,0,64,33,"n23m0123.hpc.itc.rwth-aachen.de",0,4194304,50,5293.6,5567.64,6074.89,8112.7,7056.35,9058.27,60850.7
incast,0,64,36,"n23m0123.hpc.itc.rwth-aachen.de",0,4194304,50,5911.53,6215.76,6966.32,12629.1,8359.54,47333.4,58735.7
incast,0,64,39,"n23m0123.hpc.itc.rwth-aachen.de",0,4194304,50,6663.54,6868.27,7732.29,12295.1,8948.15,46626.6,75407.3
incast,0,64,42,"n23m0123.hpc.itc.rwth-aachen.de",0,4194304,50,7169.97,7463.73,8480.66,12497.7,9859.35,43957.5,57691.4
incast,0,64,45,"n23m0123.hpc.itc.rwth-aachen.de",0,4194304,50,7784.13,8137.47,9374.77,15437.5,11305.2,55480.6,68457.9
incast,0,64,48,"n23m0123.hpc.itc.rwth-aachen.de",0,4194304,50,8707.43,9037.25,10179.7,16772,11916.3,72802.2,93512.1
incast,0,64,51,"n23m0123.hpc.itc.rwth-aachen.de",0,4194304,50,9604.08,10099.1,11543.5,20285.9,14417.5,71784.2,87600.6
incast,0,64,54,"n23m0123.hpc.itc.rwth-aachen.de",0,4194304,50,10480.7,11022.8,12824.5,23059.2,18058,71589.6,85112.2
incast,0,64,57,"n23m0123.hpc.itc.rwth-aachen.de",0,4194304,50,10727,11915.7,14979.4,26804.3,40537.6,74665.7,98559.5
incast,0,64,60,"n23m0123.hpc.itc.rwth-aachen.de",0,4194304,50,11597.6,13001.5,15039.8,21998.1,18710,56478.2,83481.2
incast,0,64,63,"n23m0123.hpc.itc.rwth-aachen.de",0,4194304,50,12456.8,13735.6,15511.7,19849.2,18695.6,46578.2,84184
incast,0,64,66,"n23m0123.hpc.itc.rwth-aachen.de",0,4194304,50,13341.9,14664.2,17212.5,28606.4,33319.9,79571,94406
incast,0,64,69,"n23m0123.hpc.itc.rwth-aachen.de",0,4194304,50,14208.8,15887.1,18489.4,30237.8,38481.9,77149.8,95585.8
incast,0,64,72,"n23m0123.hpc.itc.rwth-aachen.de",0,4194304,50,15068.6,16511.5,18785.8,24758.1,23573,62930.1,78393.2
incast,0,64,75,"n23m0123.hpc.itc.rwth-aachen.de",0,4194304,50,1722.91,17668.9,20656,27160,27207,61731.7,84020.3
incast,0,64,78,"n23m0123.hpc.itc.rwth-aachen.de",0,4194304,50,16829,18373.3,21568.4,27777.5,26285.9,63712,76360.3
incast,0,64,81,"n23m0123.hpc.itc.rwth-aachen.de",0,4194304,50,17822.4,19283.2,22207.2,28354.8,26597.9,69256.5,92532.5
incast,0,64,84,"n23m0123.hpc.itc.rwth-aachen.de",0,4194304,50,18560.3,20439.7,23573.5,31153.8,32786.1,68506.3,88117.8
incast,0,64,87,"n23m0123.hpc.itc.rwth-aachen.de",0,4194304,50,19446.1,21197.7,24403.2,28989.1,29694.7,55913.9,90525.7
incast,0,64,90,"n23m0123.hpc.itc.rwth-aachen.de",0,4194304,50,13221,22299.7,25876.8,31293.3,33596.5,64765.7,74007.8
incast,0,64,93,"n23m0123.hpc.itc.rwth-aachen.de",0,4194304,50,21898,23208.8,27925.1,34228,37190.6,68037.9,84490.1
incast,0,64,96,"r23m0124.hpc.itc.rwth-aachen.de",1,4194304,50,64252.8,67644.5,76193.7,81105.6,95968,106416,109867
incast,0,64,99,"r23m0124.hpc.itc.rwth-aachen.de",1,4194304,50,62697.1,68224,75604.1,81226.7,91438.7,106876,110427
incast,0,64,102,"r23m0124.hpc.itc.rwth-aachen.de",1,4194304,50,64098.9,67454,75302.7,80372.3,91610.7,105291,107798
incast,0,64,105,"r23m0124.hpc.itc.rwth-aachen.de",1,4194304,50,58325.8,67443,75471.6,80105.7,93981.7,105434,109070
incast,0,64,108,"r23m0124.hpc.itc.rwth-aachen.de",1,4194304,50,62744.1,67552.8,76211.5,80733.6,94638.7,106365,110310
incast,0,64,111,"r23m0124.hpc.itc.rwth-aachen.de",1,4194304,50,63007,67042,74033.9,79942.9,93391.6,105601,109443
incast,0,64,114,"r23m0124.hpc.itc.rwth-aachen.de",1,4194304,50,62318.3,66978.2,74467.6,79718.8,96457.3,105857,107438
incast,0,64,117,"r23m0124.hpc.itc.rwth-aachen.de",1,4194304,50,63430.8,67447.1,75385.2,80542.5,96371.2,104974,108642
incast,0,64,120,"r23m0124.hpc.itc.rwth-aachen.de",1,4194304,50,51134.9,56537.5,62055,64366,73209.4,83453.9,88109.8
incast,0,64,123,"r23m0124.hpc.itc.rwth-aachen.de",1,4194304,50,63623.5,68377.4,74733.9,81128.7,96294.1,106829,109248
incast,0,64,126,"r23m0124.hpc.itc.rwth-aachen.de",1,4194304,50,63856.9,67265.5,75779.3,80528.4,92198.1,105501,108428
incast,0,64,129,"r23m0124.hpc.itc.rwth-aachen.de",1,4194304,50,63504.8,68067.8,75335.3,80037.6,93328.9,104648,108142
incast,0,64,132,"r23m0124.hpc.itc.rwth-aachen.de",1,4194304,50,63573.2,67786.6,75746.6,80216.4,91934.6,104782,107860
incast,0,64,135,"r23m0124.hpc.itc.rwth-aachen.de",1,4194304,50,58308.4,67268.6,75475.2,80629.7,96555.6,107315,109635
incast,0,64,138,"r23m0124.hpc.itc.rwth-aachen.de",1,4194304,50,61782.1,67545.3,75843.6,80712.2,94864.5,106588,109689
incast,0,64,141,"r23m0124.hpc.itc.rwth-aachen.de",1,4194304,50,63639.2,67702.7,76157.8,80461.3,94638.2,105808,109214
incast,0,64,144,"r23m0124.hpc.itc.rwth-aachen.de",1,4194304,50,62822.4,67843.9,75968.2,80466.8,91141.3,105267,107936
incast,0,64,147,"r23m0124.hpc.itc.rwth-aachen.de",1,4194304,50,61224.7,67034,75937.5,80276.5,95695.7,106169,109553
incast,0,64,150,"r23m0124.hpc.itc.rwth-aachen.de",1,4194304,50,60889.1,67343.4,74358.5,80083.9,93380,106692,110035
incast,0,64,153,"r23m0124.hpc.itc.rwth-aachen.de",1,4194304,50,51996.6,55949,61448.8,65051.7,74345.5,85437.2,91129.9
incast,0,64,156,"r23m0124.hpc.itc.rwth-aachen.de",1,4194304,50,64925,67384.6,75366.9,80433.9,91788.4,106047,109737
incast,0,64,159,"r23m0124.hpc.itc.rwth-aachen.de",1,4194304,50,33237.2,67124.8,74794.2,79017.2,90495.8,106668,109282
incast,0,64,162,"r23m0124.hpc.itc.rwth-aachen.de",1,4194304,50,64803.3,68113,75619.2,81149.2,95675.5,106447,110069
incast,0,64,165,"r23m0124.hpc.itc.rwth-aachen.de",1,4194304,50,62671.6,68512.3,77056.5,85659.9,94480.1,108195,312062
incast,0,64,168,"r23m0124.hpc.itc.rwth-aachen.de",1,4194304,50,48494.5,57260.5,62435.6,65266.5,75258.1,82427.2,87899.8
incast,0,64,171,"r23m0124.hpc.itc.rwth-aachen.de",1,4194304,50,39738.9,58152,62866.5,66222.2,75756,86585,90113.1
incast,0,64,174,"r23m0124.hpc.itc.rwth-aachen.de",1,4194304,50,64048.9,67602.5,75233.3,80473.9,92374.5,105949,109201
incast,0,64,177,"r23m0124.hpc.itc.rwth-aachen.de",1,4194304,50,53944,57414.8,62214.8,66584.2,74972.1,85890.7,92283.8
incast,0,64,180,"r23m0124.hpc.itc.rwth-aachen.de",1,4194304,50,63919.5,67746.9,75991.3,80328.9,92370.3,106128,108897
incast,0,64,183,"r23m0124.hpc.itc.rwth-aachen.de",1,4194304,50,43896.1,67590.6,75705.7,79404.3,90716.8,105369,109791
incast,0,64,186,"r23m0124.hpc.itc.rwth-aachen.de",1,4194304,50,51096.8,56332,61416.7,65062.5,72825.7,85600.8,92061
incast,0,64,189,"r23m0124.hpc.itc.rwth-aachen.de",1,4194304,50,37241.4,67656.6,75314.2,80250.1,96483.4,106769,110129
fanout,0,64,1,"n23m0123.hpc.itc.rwth-aachen.de",0,4194304,50,38180.5,42733.7,43355.4,43258.3,44493.9,45654.1,46096.8
fanout,0,64,3,"n23m0123.hpc.itc.rwth-aachen.de",0,4194304,50,37643,42157.1,42807.2,43114.6,43958.4,45358.3,53698.5
fanout,0,64,6,"n23m0123.hpc.itc.rwth-aachen.de",0,4194304,50,37101.9,41590.4,42153.7,42095.2,43309.5,44442.9,44915.7
fanout,0,64,9,"n23m0123.hpc.itc.rwth-aachen.de",0,4194304,50,36689.3,41069.1,41616.6,41572.6,42728.6,43911.9,44353.3
fanout,0,64,12,"n23m0123.hpc.itc.rwth-aachen.de",0,4194304,50,35648.2,39422.2,39940.5,39921.7,40988.3,41972.2,42528.6
fanout,0,64,15,"n23m0123.hpc.itc.rwth-aachen.de",0,4194304,50,1249.63,1362.02,1402.06,5964.67,1441.45,39508.5,40849.1
fanout,0,64,18,"n23m0123.hpc.itc.rwth-aachen.de",0,4194304,50,1613.52,1912.72,1973.48,5647.38,2021.55,38933.2,41856.7
fanout,0,64,21,"n23m0123.hpc.itc.rwth-aachen.de",0,4194304,50,2057.22,2476.16,2539.75,3880.99,2636.23,2998.39,36771.7
fanout,0,64,24,"n23m0123.hpc.itc.rwth-aachen.de",0,4194304,50,2597.92,2994.58,3087.4,3068,3179.81,3252.69,3714.41
fanout,0,64,27,"n23m0123.hpc.itc.rwth-aachen.de",0,4194304,50,3127.7,3562.07,3664.4,3646.37,3772.12,3860,4281.4
fanout,0,64,30,"n23m0123.hpc.itc.rwth-aachen.de",0,4194304,50,3622.19,4113.4,4207.64,4868.66,4329.87,4515.71,38388.9
fanout,0,64,33,"n23m0123.hpc.itc.rwth-aachen.de",0,4194304,50,4114.6,4636.42,4754.55,6006.15,4893.97,5302.65,37108.5
fanout,0,64,36,"n23m0123.hpc.itc.rwth-aachen.de",0,4194304,50,4631.39,5124.1,5339.71,7950.03,5477.39,37860.8,40244.4
fanout,0,64,39,"n23m0123.hpc.itc.rwth-aachen.de",0,4194304,50,5137.35,5749.19,5946.21,11017.6,6156.6,39022.2,41061.3
fanout,0,64,42,"n23m0123.hpc.itc.rwth-aachen.de",0,4194304,50,5661.5,6256.78,6497.74,7686.88,6605.06,7094.1,41695.7
fanout,0,64,45,"n23m0123.hpc.itc.rwth-aachen.de",0,4194304,50,6189,6818.09,7074.99,9548.2,7232.53,37350.5,41182.9
fanout,0,64,48,"n23m0123.hpc.itc.rwth-aachen.de",0,4194304,50,6948.51,7594.15,7941.39,9033.8,8086.85,8507.74,40740.4
fanout,0,64,51,"n23m0123.hpc.itc.rwth-aachen.de",0,4194304,50,7782.56,8603.92,8930.79,14412.4,9225.29,40844.2,42632.8
fanout,0,64,54,"n23m0123.hpc.itc.rwth-aachen.de",0,4194304,50,8650.69,9502.7,9851.67,12663.3,10139.9,39433.8,41013
fanout,0,64,57,"n23m0123.hpc.itc.rwth-aachen.de",0,4194304,50,9541.36,10488.3,10854,15299.1,11237.1,40307.1,42734.4
fanout,0,64,60,"n23m0123.hpc.itc.rwth-aachen.de",0,4194304,50,10357.3,11188.6,11840.3,15026,12129.5,40366.2,43035.7
fanout,0,64,63,"n23m0123.hpc.itc.rwth-aachen.de",0,4194304,50,11135.7,12095.7,12705.5,16473.6,13210.5,41955.9,42844.1
fanout,0,64,66,"n23m0123.hpc.itc.rwth-aachen.de",0,4194304,50,12058.9,13094.5,13673.3,17902.3,14337,41357.2,42067.1
fanout,0,64,69,"n23m0123.hpc.itc.rwth-aachen.de",0,4194304,50,12907.7,14150.6,14662.1,17030.1,15261.5,38636.6,41830.6
fanout,0,64,72,"n23m0123.hpc.itc.rwth-aachen.de",0,4194304,50,13741.6,14947,15725.7,18738.2,16348.1,37714.3,44361.4
fanout,0,64,75,"n23m0123.hpc.itc.rwth-aachen.de",0,4194304,50,14268.1,15677,16238.8,21053.6,17399.5,41915.9,73479.5
fanout,0,64,78,"n23m0123.hpc.itc.rwth-aachen.de",0,4194304,50,15092.3,16599,17131,18886.1,17946.2,37018.7,43091.6
fanout,0,64,81,"n23m0123.hpc.itc.rwth-aachen.de",0,4194304,50,15878.1,17554.9,18135.7,19856.7,18968.5,37776.8,39251.2
fanout,0,64,84,"n23m0123.hpc.itc.rwth-aachen.de",0,4194304,50,16737.4,18328,18907.8,20564.1,19847.5,38089.5,42491.6
fanout,0,64,87,"n23m0123.hpc.itc.rwth-aachen.de",0,4194304,50,17573.5,19309.5,19909.6,22038.4,20903.6,38414.2,41848.5
fanout,0,64,90,"n23m0123.hpc.itc.rwth-aachen.de",0,4194304,50,18348.7,20137.1,20932.3,23007.4,21985.2,38944.5,42772.5
fanout,0,64,93,"n23m0123.hpc.itc.rwth-aachen.de",0,4194304,50,19200.1,20961.5,21633.2,22605.5,22399.9,31857.1,39330.4
fanout,0,64,96,"r23m0124.hpc.itc.rwth-aachen.de",1,4194304,50,20655.4,22640.9,23405.1,26651.6,24675.6,40860.3,42113.3
fanout,0,64,99,"r23m0124.hpc.itc.rwth-aachen.de",1,4194304,50,21324.4,23788.9,24799.8,27823.8,31260.4,39936.1,43213.4
fanout,0,64,102,"r23m0124.hpc.itc.rwth-aachen.de",1,4194304,50,21661.4,24156.2,25155.4,29145.8,36834.2,40670,41862.9
fanout,0,64,105,"r23m0124.hpc.itc.rwth-aachen.de",1,4194304,50,21006.3,23992.4,24799.3,28055.8,31668.1,41009.3,42127.5
fanout,0,64,108,"r23m0124.hpc.itc.rwth-aachen.de",1,4194304,50,22985.2,24979.4,26250,33148.5,36248.4,39425.4,235469
fanout,0,64,111,"r23m0124.hpc.itc.rwth-aachen.de",1,4194304,50,21439.9,24507.6,25452.4,28524.1,34069.5,40196,41585.9
fanout,0,64,114,"r23m0124.hpc.itc.rwth-aachen.de",1,4194304,50,23116.2,25081.6,26241.6,28784.9,27904.4,40477.9,43205.3
fanout,0,64,117,"r23m0124.hpc.itc.rwth-aachen.de",1,4194304,50,23012.9,25643.9,27183.6,30078.9,36379.9,40675.4,43279.5
fanout,0,64,120,"r23m0124.hpc.itc.rwth-aachen.de",1,4194304,50,23590.5,26096.6,27814.5,30942.1,37706,40444.4,41246.5
fanout,0,64,123,"r23m0124.hpc.itc.rwth-aachen.de",1,4194304,50,23999.7,27291.7,29541.7,32278.4,38044,41498.4,43075.8
fanout,0,64,126,"r23m0124.hpc.itc.rwth-aachen.de",1,4194304,50,24542.1,27124.2,29381.3,31691.6,36525.3,39835,41994.8
fanout,0,64,129,"r23m0124.hpc.itc.rwth-aachen.de",1,4194304,50,25561.3,27615.8,29002.6,31023.8,34784.6,39272.1,40801.7
fanout,0,64,132,"r23m0124.hpc.itc.rwth-aachen.de",1,4194304,50,25678.4,27964.3,28971.6,30596.7,31064.1,40257.9,42510.9
fanout,0,64,135,"r23m0124.hpc.itc.rwth-aachen.de",1,4194304,50,25628.3,27887.3,29036,30606.6,31013,41073.8,42384.5
fanout,0,64,138,"r23m0124.hpc.itc.rwth-aachen.de",1,4194304,50,25444.1,28330.3,29936.7,31339.8,33481.9,39561.9,41334.8
fanout,0,64,141,"r23m0124.hpc.itc.rwth-aachen.de",1,4194304,50,25512.9,28539.6,29705.4,30688.4,31308.4,38786.9,41293.7
fanout,0,64,144,"r23m0124.hpc.itc.rwth-aachen.de",1,4194304,50,25691.8,28695,29699.5,30814.7,31467.5,39567.5,40303.5
fanout,0,64,147,"r23m0124.hpc.itc.rwth-aachen.de",1,4194304,50,25934.2,28679.5,29712.7,31045.9,31785,39041.9,41947.4
fanout,0,64,150,"r23m0124.hpc.itc.rwth-aachen.de",1,4194304,50,26269.8,29528.8,30963.7,32501.7,36808.6,39855,41650.3
fanout,0,64,153,"r23m0124.hpc.itc.rwth-aachen.de",1,4194304,50,26575.2,30058.4,31516.7,32597.9,35749.1,39661.5,41360
fanout,0,64,156,"r23m0124.hpc.itc.rwth-aachen.de",1,4194304,50,28020.7,30229.2,32061.7,32974.3,33631.3,40188.2,42022.9
fanout,0,64,159,"r23m0124.hpc.itc.rwth-aachen.de",1,4194304,50,27591.9,30340,31965.5,32574.3,33883.7,38868.4,41602.2
fanout,0,64,162,"r23m0124.hpc.itc.rwth-aachen.de",1,4194304,50,28344.3,30474.4,32017.6,32346.3,33631.2,37769.1,38786.6
fanout,0,64,165,"r23m0124.hpc.itc.rwth-aachen.de",1,4194304,50,28746.2,30797.6,32142.3,32564.6,33708.5,37670.3,41701
fanout,0,64,168,"r23m0124.hpc.itc.rwth-aachen.de",1,4194304,50,29718.2,32724.1,33876.3,34387.9,36231.5,38452,39602.3
fanout,0,64,171,"r23m0124.hpc.itc.rwth-aachen.de",1,4194304,50,29291.4,32110.9,34961.9,34649.7,36270.9,39795.5,40662.4
fanout,0,64,174,"r23m0124.hpc.itc.rwth-aachen.de",1,4194304,50,31733.3,34523.8,36182.4,36198.4,37680.2,40175.8,40985.4
fanout,0,64,177,"r23m0124.hpc.itc.rwth-aachen.de",1,4194304,50,31278,33103.4,35493.7,35245.3,37164.8,38236.5,40625.6
fanout,0,64,180,"r23m0124.hpc.itc.rwth-aachen.de",1,4194304,50,31267.9,33027.1,33995.4,34748.3,36503.5,39048.2,41472.6
fanout,0,64,183,"r23m0124.hpc.itc.rwth-aachen.de",1,4194304,50,30596.3,33750,35010.9,35888.1,38668.7,40293.4,41432.7
fanout,0,64,186,"r23m0124.hpc.itc.rwth-aachen.de",1,4194304,50,31028.7,34306.8,35303.5,35708.5,37361.2,39305.4,40138.4
fanout,0,64,189,"r23m0124.hpc.itc.rwth-aachen.de",1,4194304,50,30934.8,34323.5,35306.9,35933.7,37764.8,40194.6,41360
full_duplex,0,64,1,"n23m0123.hpc.itc.rwth-aachen.de",0,4194304,50,105158,107700,111142,111659,114925,119049,121584
full_duplex,0,64,3,"n23m0123.hpc.itc.rwth-aachen.de",0,4194304,50,104597,107213,110580,111095,114322,118486,121059
full_duplex,0,64,6,"n23m0123.hpc.itc.rwth-aachen.de",0,4194304,50,103679,106360,109859,110181,113146,117793,120351
full_duplex,0,64,9,"n23m0123.hpc.itc.rwth-aachen.de",0,4194304,50,103181,105524,109090,109456,112629,117124,118991
full_duplex,0,64,12,"n23m0123.hpc.itc.rwth-aachen.de",0,4194304,50,67082.9,70514.7,102932,92123.9,109663,113997,118089
full_duplex,0,64,15,"n23m0123.hpc.itc.rwth-aachen.de",0,4194304,50,66511,69044.4,70867,71405.7,73279.8,77261.8,78774.7
full_duplex,0,64,18,"n23m0123.hpc.itc.rwth-aachen.de",0,4194304,50,67145.7,69633.3,71515.3,72016.8,73874.5,77892.5,79330.2
full_duplex,0,64,21,"n23m0123.hpc.itc.rwth-aachen.de",0,4194304,50,67720.6,70249.2,72102.8,73302.9,74516,79359.8,112439
full_duplex,0,64,24,"n23m0123.hpc.itc.rwth-aachen.de",0,4194304,50,68129.1,70762.2,72632.5,73119.6,75059.2,79065.6,80567.7
full_duplex,0,64,27,"n23m0123.hpc.itc.rwth-aachen.de",0,4194304,50,68680.8,71303.6,73178.8,73685.8,75651.3,79656.8,81178.3
full_duplex,0,64,30,"n23m0123.hpc.itc.rwth-aachen.de",0,4194304,50,69183.2,71804.8,73718.6,74223.5,76200.4,80201.2,81771.7
full_duplex,0,64,33,"n23m0123.hpc.itc.rwth-aachen.de",0,4194304,50,69702.5,72265.1,74185.9,75483.3,77144.8,81654.4,114027
full_duplex,0,64,36,"n23m0123.hpc.itc.rwth-aachen.de",0,4194304,50,70223.3,72801.3,74798.2,76014.5,77779.4,82279.7,110759
full_duplex,0,64,39,"n23m0123.hpc.itc.rwth-aachen.de",0,4194304,50,70772.1,73393,75355.4,76569.8,78335.4,82887.8,111420
full_duplex,0,64,42,"n23m0123.hpc.itc.rwth-aachen.de",0,4194304,50,71291.7,73893.6,75906.8,76418.9,78451.1,82524.4,84203.7
full_duplex,0,64,45,"n23m0123.hpc.itc.rwth-aachen.de",0,4194304,50,71835,74417,76471.9,76974.5,79056.6,83163.7,84830.1
full_duplex,0,64,48,"n23m0123.hpc.itc.rwth-aachen.de",0,4194304,50,72585.2,75213.1,77302.7,77816.9,79934.6,84005.2,85804.7
full_duplex,0,64,51,"n23m0123.hpc.itc.rwth-aachen.de",0,4194304,50,73294.4,76081.9,78493.5,80745.2,83174.6,102820,109654
full_duplex,0,64,54,"n23m0123.hpc.itc.rwth-aachen.de",0,4194304,50,74173.8,76610.8,78863.5,80613.8,82013.7,86707.4,119668
full_duplex,0,64,57,"n23m0123.hpc.itc.rwth-aachen.de",0,4194304,50,75041.9,77600.2,79897.7,82029.9,84119,95539.7,119605
full_duplex,0,64,60,"n23m0123.hpc.itc.rwth-aachen.de",0,4194304,50,75337.5,78565.7,80973.1,83788.3,86192.7,105279,113039
full_duplex,0,64,63,"n23m0123.hpc.itc.rwth-aachen.de",0,4194304,50,76166.5,79334.5,82016,85356.9,87916.1,109514,112310
full_duplex,0,64,66,"n23m0123.hpc.itc.rwth-aachen.de",0,4194304,50,77008.1,80198.8,82803.6,84983.6,87345.2,102117,114909
full_duplex,0,64,69,"n23m0123.hpc.itc.rwth-aachen.de",0,4194304,50,77860.7,80941.7,83763,87759.9,89032.3,112120,119376
full_duplex,0,64,72,"n23m0123.hpc.itc.rwth-aachen.de",0,4194304,50,78754.2,81858.9,84652.8,86048.1,89204.1,98933.4,106653
full_duplex,0,64,75,"n23m0123.hpc.itc.rwth-aachen.de",0,4194304,50,79841.5,82801.1,85710.9,89248,91943.3,109592,112386
full_duplex,0,64,78,"n23m0123.hpc.itc.rwth-aachen.de",0,4194304,50,79952.8,83224.5,86153.5,88645.3,91020.1,108056,118265
full_duplex,0,64,81,"n23m0123.hpc.itc.rwth-aachen.de",0,4194304,50,80711.2,84131,87384.4,90210.5,93176.1,109636,114098
full_duplex,0,64,84,"n23m0123.hpc.itc.rwth-aachen.de",0,4194304,50,81620.3,84922,88071.9,89620.9,92399.1,102776,112688
full_duplex,0,64,87,"n23m0123.hpc.itc.rwth-aachen.de",0,4194304,50,82477.5,85782,90498.6,93667.4,98177.8,112151,114372
full_duplex,0,64,90,"n23m0123.hpc.itc.rwth-aachen.de",0,4194304,50,83325.8,86744.8,89712.9,92144.4,95734.9,105535,111136
full_duplex,0,64,93,"n23m0123.hpc.itc.rwth-aachen.de",0,4194304,50,84160.4,87630.8,90567,92339.7,95713.9,103841,110596
full_duplex,0,64,96,"r23m0124.hpc.itc.rwth-aachen.de",1,4194304,50,85866.7,90305.3,94235.7,96118,102010,109409,113165
full_duplex,0,64,99,"r23m0124.hpc.itc.rwth-aachen.de",1,4194304,50,86624.8,91385.9,96495.3,98066.3,103223,114061,120017
full_duplex,0,64,102,"r23m0124.hpc.itc.rwth-aachen.de",1,4194304,50,87333.3,92090,97056.1,98046.6,103779,109840,116777
full_duplex,0,64,105,"r23m0124.hpc.itc.rwth-aachen.de",1,4194304,50,86013.3,91575.7,95455.4,97643.3,102779,113537,118559
full_duplex,0,64,108,"r23m0124.hpc.itc.rwth-aachen.de",1,4194304,50,87288.2,91680.5,94836,97332.8,101606,112592,120048
full_duplex,0,64,111,"r23m0124.hpc.itc.rwth-aachen.de",1,4194304,50,86766.5,92739.3,97405.3,98518.3,104498,111753,117102
full_duplex,0,64,114,"r23m0124.hpc.itc.rwth-aachen.de",1,4194304,50,87478.1,93683.5,98100.2,98795.4,103957,110988,116093
full_duplex,0,64,117,"r23m0124.hpc.itc.rwth-aachen.de",1,4194304,50,88219.1,93876.7,98265.5,99332.7,104908,110301,119015
full_duplex,0,64,120,"r23m0124.hpc.itc.rwth-aachen.de",1,4194304,50,88213.9,93859.1,96229.3,98589.5,103074,110889,113865
full_duplex,0,64,123,"r23m0124.hpc.itc.rwth-aachen.de",1,4194304,50,89452.7,95124.6,101478,100918,105834,110261,117991
full_duplex,0,64,126,"r23m0124.hpc.itc.rwth-aachen.de",1,4194304,50,89545.9,98021.4,101498,102574,107095,114103,120079
full_duplex,0,64,129,"r23m0124.hpc.itc.rwth-aachen.de",1,4194304,50,89802.3,97220,102220,101752,105888,110381,116007
full_duplex,0,64,132,"r23m0124.hpc.itc.rwth-aachen.de",1,4194304,50,90676.1,96424.2,100796,101361,105523,112444,116787
full_duplex,0,64,135,"r23m0124.hpc.itc.rwth-aachen.de",1,4194304,50,90923.4,96551.2,99313,99879.9,103992,107268,110393
full_duplex,0,64,138,"r23m0124.hpc.itc.rwth-aachen.de",1,4194304,50,89006.2,97024.3,100580,101747,107497,114529,118374
full_duplex,0,64,141,"r23m0124.hpc.itc.rwth-aachen.de",1,4194304,50,90010.7,94162.4,98877.8,99600.6,104776,108609,114335
full_duplex,0,64,144,"r23m0124.hpc.itc.rwth-aachen.de",1,4194304,50,91113.2,94736.5,98453.4,99913.8,103872,110271,113401
full_duplex,0,64,147,"r23m0124.hpc.itc.rwth-aachen.de",1,4194304,50,91734.5,95991.4,99175.6,100587,104521,111737,117241
full_duplex,0,64,150,"r23m0124.hpc.itc.rwth-aachen.de",1,4194304,50,92268.6,97410.6,100559,101431,106393,110873,114251
full_duplex,0,64,153,"r23m0124.hpc.itc.rwth-aachen.de",1,4194304,50,89934.1,97850.3,101051,102153,107770,111820,115765
full_duplex,0,64,156,"r23m0124.hpc.itc.rwth-aachen.de",1,4194304,50,91674.1,98830.3,101596,101874,105046,111077,118319
full_duplex,0,64,159,"r23m0124.hpc.itc.rwth-aachen.de",1,4194304,50,93485,97888.5,99862.3,101402,104357,111295,115918
full_duplex,0,64,162,"r23m0124.hpc.itc.rwth-aachen.de",1,4194304,50,91013.3,99395.1,102664,102773,106597,111991,114517
full_duplex,0,64,165,"r23m0124.hpc.itc.rwth-aachen.de",1,4194304,50,91533,97693.3,101275,102024,106027,109906,111898
full_duplex,0,64,168,"r23m0124.hpc.itc.rwth-aachen.de",1,4194304,50,92923.1,99710.8,103205,104154,107612,113832,116900
full_duplex,0,64,171,"r23m0124.hpc.itc.rwth-aachen.de",1,4194304,50,92627.6,99017.6,102102,102866,106092,112431,117664
full_duplex,0,64,174,"r23m0124.hpc.itc.rwth-aachen.de",1,4194304,50,95213.6,100401,103484,104530,108034,114633,118034
full_duplex,0,64,177,"r23m0124.hpc.itc.rwth-aachen.de",1,4194304,50,94944.3,99755.2,104153,104202,107259,114093,117783
full_duplex,0,64,180,"r23m0124.hpc.itc.rwth-aachen.de",1,4194304,50,96022.1,99817.5,103990,103818,106534,113544,116475
full_duplex,0,64,183,"r23m0124.hpc.itc.rwth-aachen.de",1,4194304,50,93928,101176,104138,104635,107309,114358,117091
full_duplex,0,64,186,"r23m0124.hpc.itc.rwth-aachen.de",1,4194304,50,94585.9,101514,104369,104634,107984,112753,116059
full_duplex,0,64,189,"r23m0124.hpc.itc.rwth-aachen.de",1,4194304,50,94591.1,102503,105107,105905,109940,114464,115808
immediate_response,0,64,1,"n23m0123.hpc.itc.rwth-aachen.de",0,4194304,50,108057,112531,125437,128041,138575,154933,163082
immediate_response,0,64,3,"n23m0123.hpc.itc.rwth-aachen.de",0,4194304,50,106837,111296,124239,126646,137073,153545,161435
immediate_response,0,64,6,"n23m0123.hpc.itc.rwth-aachen.de",0,4194304,50,105629,109974,123011,123442,132412,145568,159712
immediate_response,0,64,9,"n23m0123.hpc.itc.rwth-aachen.de",0,4194304,50,83969.8,87046,91131.1,93903.1,95097.6,118187,134312
immediate_response,0,64,12,"n23m0123.hpc.itc.rwth-aachen.de",0,4194304,50,58138.6,61336.2,64806.7,67184.9,69074.4,80393.5,108398
immediate_response,0,64,15,"n23m0123.hpc.itc.rwth-aachen.de",0,4194304,50,2529.74,2633.55,2871.85,27253.3,61088.4,86741.6,113410
immediate_response,0,64,18,"n23m0123.hpc.itc.rwth-aachen.de",0,4194304,50,3158.62,3676.52,3863.17,12533.2,4400.73,69775.2,88256
immediate_response,0,64,21,"n23m0123.hpc.itc.rwth-aachen.de",0,4194304,50,4264.24,4726.04,4970.45,15044.9,5932.29,70258.5,80875.1
immediate_response,0,64,24,"n23m0123.hpc.itc.rwth-aachen.de",0,4194304,50,5377.72,5893.4,6509.33,23036,54757.9,74975.2,78162
immediate_response,0,64,27,"n23m0123.hpc.itc.rwth-aachen.de",0,4194304,50,6489.86,6854.48,7404.84,15900.7,8705.78,68479.5,80941.2
immediate_response,0,64,30,"n23m0123.hpc.itc.rwth-aachen.de",0,4194304,50,7312.95,7876.91,8386.36,17096.2,9390.2,78880.4,101340
immediate_response,0,64,33,"n23m0123.hpc.itc.rwth-aachen.de",0,4194304,50,8237.96,9017.04,9851.64,34016.7,71030.9,96210.3,104228
immediate_response,0,64,36,"n23m0123.hpc.itc.rwth-aachen.de",0,4194304,50,9375.12,10131.3,10838.3,14286.1,12068.3,38374.6,72524.8
immediate_response,0,64,39,"n23m0123.hpc.itc.rwth-aachen.de",0,4194304,50,10524.3,11448.8,12534.9,26290.8,14712.9,84679.4,97851.8
immediate_response,0,64,42,"n23m0123.hpc.itc.rwth-aachen.de",0,4194304,50,11565.4,12578.4,13618.1,27333.9,16055.7,84544.9,106163
immediate_response,0,64,45,"n23m0123.hpc.itc.rwth-aachen.de",0,4194304,50,12587.5,13375.4,14952.2,30211.4,59385.9,78469.1,85522.3
immediate_response,0,64,48,"n23m0123.hpc.itc.rwth-aachen.de",0,4194304,50,14228.1,14975.9,17081.9,40081,76091.2,115270,121462
immediate_response,0,64,51,"n23m0123.hpc.itc.rwth-aachen.de",0,4194304,50,15923.3,16751.5,19084.7,44350,73614.7,124304,139962
immediate_response,0,64,54,"n23m0123.hpc.itc.rwth-aachen.de",0,4194304,50,17320.2,18727,20629.3,44917.8,80083.1,125831,143081
immediate_response,0,64,57,"n23m0123.hpc.itc.rwth-aachen.de",0,4194304,50,19016.2,20181.3,22681.9,43282.4,68715.2,116174,142356
immediate_response,0,64,60,"n23m0123.hpc.itc.rwth-aachen.de",0,4194304,50,20843,22624.3,24841.9,42735.7,62939.1,105065,124219
immediate_response,0,64,63,"n23m0123.hpc.itc.rwth-aachen.de",0,4194304,50,22540.9,23911.3,29551,49403.1,79603.2,108319,144452
immediate_response,0,64,66,"n23m0123.hpc.itc.rwth-aachen.de",0,4194304,50,23450.9,25542.2,27915.1,37481.6,32822.3,97407.9,119698
immediate_response,0,64,69,"n23m0123.hpc.itc.rwth-aachen.de",0,4194304,50,25309.8,26766.7,30385.3,49126.7,74187.7,113521,131040
immediate_response,0,64,72,"n23m0123.hpc.itc.rwth-aachen.de",0,4194304,50,27275.6,30340.8,34250.6,57614.1,89046.2,112767,147350
immediate_response,0,64,75,"n23m0123.hpc.itc.rwth-aachen.de",0,4194304,50,28372.2,30770.3,34118,50988.3,62417.1,117238,130760
immediate_response,0,64,78,"n23m0123.hpc.itc.rwth-aachen.de",0,4194304,50,30080.9,32216.9,36392.6,51775.3,61827.4,120554,127316
immediate_response,0,64,81,"n23m0123.hpc.itc.rwth-aachen.de",0,4194304,50,31966.3,35004.9,39299.4,58794.9,90221.6,125061,131609
immediate_response,0,64,84,"n23m0123.hpc.itc.rwth-aachen.de",0,4194304,50,33303.1,35388.3,39606.3,57653.3,75317.3,119422,145367
immediate_response,0,64,87,"n23m0123.hpc.itc.rwth-aachen.de",0,4194304,50,34848.2,37608.9,45413.6,62734.8,90570.5,118954,133771
immediate_response,0,64,90,"n23m0123.hpc.itc.rwth-aachen.de",0,4194304,50,36671.1,39422.6,44006.9,57443.5,67056.6,110681,141205
immediate_response,0,64,93,"n23m0123.hpc.itc.rwth-aachen.de",0,4194304,50,38276.6,40433.8,46505.6,59884.2,77957,116895,133880
immediate_response,0,64,96,"r23m0124.hpc.itc.rwth-aachen.de",1,4194304,50,86932.4,102737,113236,116020,129281,146647,149718
immediate_response,0,64,99,"r23m0124.hpc.itc.rwth-aachen.de",1,4194304,50,91334.9,106527,112777,118117,130220,148708,155127
immediate_response,0,64,102,"r23m0124.hpc.itc.rwth-aachen.de",1,4194304,50,91349.9,101400,112111,115685,126449,144938,155774
immediate_response,0,64,105,"r23m0124.hpc.itc.rwth-aachen.de",1,4194304,50,80581.7,101242,109714,112503,120887,145917,156052
immediate_response,0,64,108,"r23m0124.hpc.itc.rwth-aachen.de",1,4194304,50,90013.8,105875,113710,117634,126794,148660,154936
immediate_response,0,64,111,"r23m0124.hpc.itc.rwth-aachen.de",1,4194304,50,84678.9,101216,111983,113824,124969,142070,159502
immediate_response,0,64,114,"r23m0124.hpc.itc.rwth-aachen.de",1,4194304,50,89031.2,101116,115570,114204,122585,144446,146493
immediate_response,0,64,117,"r23m0124.hpc.itc.rwth-aachen.de",1,4194304,50,89337.8,103980,112662,115430,127554,143207,154151
immediate_response,0,64,120,"r23m0124.hpc.itc.rwth-aachen.de",1,4194304,50,80367.6,85135.1,96693.3,98786.9,104318,135527,152849
immediate_response,0,64,123,"r23m0124.hpc.itc.rwth-aachen.de",1,4194304,50,87960.2,105259,114330,115674,124648,142714,152522
immediate_response,0,64,126,"r23m0124.hpc.itc.rwth-aachen.de",1,4194304,50,88335.8,104119,111837,114587,124078,141511,156949
immediate_response,0,64,129,"r23m0124.hpc.itc.rwth-aachen.de",1,4194304,50,92664.5,104490,114725,116751,125282,145338,149895
immediate_response,0,64,132,"r23m0124.hpc.itc.rwth-aachen.de",1,4194304,50,92444.4,103623,116567,115895,122420,143664,156414
immediate_response,0,64,135,"r23m0124.hpc.itc.rwth-aachen.de",1,4194304,50,90264.9,102897,116127,117025,131602,148424,154894
immediate_response,0,64,138,"r23m0124.hpc.itc.rwth-aachen.de",1,4194304,50,91148.8,104002,112331,115891,128757,144094,149432
immediate_response,0,64,141,"r23m0124.hpc.itc.rwth-aachen.de",1,4194304,50,83300.7,103714,113933,115224,123212,146015,147383
immediate_response,0,64,144,"r23m0124.hpc.itc.rwth-aachen.de",1,4194304,50,84134.9,105014,111966,114045,121513,146729,151300
immediate_response,0,64,147,"r23m0124.hpc.itc.rwth-aachen.de",1,4194304,50,81150.8,100453,116476,115953,127390,150177,157974
immediate_response,0,64,150,"r23m0124.hpc.itc.rwth-aachen.de",1,4194304,50,91291.6,104688,114493,117346,129668,145465,156462
immediate_response,0,64,153,"r23m0124.hpc.itc.rwth-aachen.de",1,4194304,50,69973,79457.4,89933.6,90057.9,96190.1,112624,130275
immediate_response,0,64,156,"r23m0124.hpc.itc.rwth-aachen.de",1,4194304,50,95161.5,102133,113569,116081,125387,147642,160809
immediate_response,0,64,159,"r23m0124.hpc.itc.rwth-aachen.de",1,4194304,50,77851.8,103234,110592,113682,121612,147654,157211
immediate_response,0,64,162,"r23m0124.hpc.itc.rwth-aachen.de",1,4194304,50,86025.8,105235,117989,118894,129401,149000,158663
immediate_response,0,64,165,"r23m0124.hpc.itc.rwth-aachen.de",1,4194304,50,81509.4,103272,113057,116426,131738,143300,147654
immediate_response,0,64,168,"r23m0124.hpc.itc.rwth-aachen.de",1,4194304,50,74417.5,83161.1,91470.4,92212.9,99215.9,110265,131903
immediate_response,0,64,171,"r23m0124.hpc.itc.rwth-aachen.de",1,4194304,50,81332.1,88281.4,98775.7,100677,108075,129836,142470
immediate_response,0,64,174,"r23m0124.hpc.itc.rwth-aachen.de",1,4194304,50,83685,102820,112690,114644,126657,137841,146761
immediate_response,0,64,177,"r23m0124.hpc.itc.rwth-aachen.de",1,4194304,50,53791,82711.4,94017,94997.2,103187,127844,142463
immediate_response,0,64,180,"r23m0124.hpc.itc.rwth-aachen.de",1,4194304,50,81753,96783,109282,112429,123220,145761,156852
immediate_response,0,64,183,"r23m0124.hpc.itc.rwth-aachen.de",1,4194304,50,87273.7,103430,112657,114784,125354,144078,148528
immediate_response,0,64,186,"r23m0124.hpc.itc.rwth-aachen.de",1,4194304,50,71553.5,81011.8,88874.4,91343.8,99893.2,119110,135489
immediate_response,0,64,189,"r23m0124.hpc.itc.rwth-aachen.de",1,4194304,50,87450.5,103104,114961,116923,129858,144079,150378
incast,0,96,1,"n23m0123.hpc.itc.rwth-aachen.de",0,4194304,50,104150,106537,113381,120260,134827,148367,152492
incast,0,96,2,"n23m0123.hpc.itc.rwth-aachen.de",0,4194304,50,103530,105882,112664,119527,134027,147422,151760
incast,0,96,4,"n23m0123.hpc.itc.rwth-aachen.de",0,4194304,50,102834,105251,111971,118127,133002,142740,147119
incast,0,96,6,"n23m0123.hpc.itc.rwth-aachen.de",0,4194304,50,90695.6,93116.6,95444.5,100535,104313,116409,139482
incast,0,96,8,"n23m0123.hpc.itc.rwth-aachen.de",0,4194304,50,62664.1,65208.8,67478.1,71429.9,74468.7,89437,89957.2
incast,0,96,10,"n23m0123.hpc.itc.rwth-aachen.de",0,4194304,50,2554.38,2641.6,2730.33,14820.2,3094.17,73070.5,91067.2
incast,0,96,12,"n23m0123.hpc.itc.rwth-aachen.de",0,4194304,50,3137.24,3281.94,3353.32,9527.78,3562.64,67216.5,113061
incast,0,96,14,"n23m0123.hpc.itc.rwth-aachen.de",0,4194304,50,3750.34,3905.6,4163.39,15068,5037.91,65471,106569
incast,0,96,16,"n23m0123.hpc.itc.rwth-aachen.de",0,4194304,50,4340.13,4515.27,4687.69,10269.7,5075.95,57779.4,103439
incast,0,96,18,"n23m0123.hpc.itc.rwth-aachen.de",0,4194304,50,4928.73,5148.66,5249.46,9991.72,5768.51,39854.6,89356
incast,0,96,20,"n23m0123.hpc.itc.rwth-aachen.de",0,4194304,50,5515.56,5810.71,5958.3,9490.38,6449.61,8791.39,86728.1
incast,0,96,22,"n23m0123.hpc.itc.rwth-aachen.de",0,4194304,50,6116.16,6439.04,6582.29,12332.9,7448.82,64493.7,85293
incast,0,96,24,"n23m0123.hpc.itc.rwth-aachen.de",0,4194304,50,6719.46,7109,7514.52,16463.1,8372.78,65062.9,102107
incast,0,96,26,"n23m0123.hpc.itc.rwth-aachen.de",0,4194304,50,7463.76,7738.87,7968.81,12340.1,8877.34,37852.8,100941
incast,0,96,28,"n23m0123.hpc.itc.rwth-aachen.de",0,4194304,50,8089.3,8399.56,8777.69,16964.7,10016.5,67296.3,111627
incast,0,96,30,"n23m0123.hpc.itc.rwth-aachen.de",0,4194304,50,8640.03,9094.56,9364.67,15649.6,10704.9,65837.7,73113.9
incast,0,96,32,"n23m0123.hpc.itc.rwth-aachen.de",0,4194304,50,9241.56,9701.85,9963.44,15646.2,11498.2,66011.4,85769.2
incast,0,96,34,"n23m0123.hpc.itc.rwth-aachen.de",0,4194304,50,9859.12,10320.4,10677.8,13610.2,12046,16666.2,76181.1
incast,0,96,36,"n23m0123.hpc.itc.rwth-aachen.de",0,4194304,50,10499.7,10998,11363.6,16191,12833.6,41651.7,107065
incast,0,96,38,"n23m0123.hpc.itc.rwth-aachen.de",0,4194304,50,11156,11761.8,13051.1,32301.5,62087.8,98705.1,116321
incast,0,96,40,"n23m0123.hpc.itc.rwth-aachen.de",0,4194304,50,11782.7,12404.4,12801.8,20022.9,14946.8,68667.9,116604
incast,0,96,42,"n23m0123.hpc.itc.rwth-aachen.de",0,4194304,50,12430.7,13101.3,13477.7,19312.7,15376.4,70578.4,87647.4
incast,0,96,44,"n23m0123.hpc.itc.rwth-aachen.de",0,4194304,50,13079.9,13794.3,14154.9,20062.7,16430.8,74389.3,76570.8
incast,0,96,46,"n23m0123.hpc.itc.rwth-aachen.de",0,4194304,50,13716.4,14459.3,14861.1,18158.8,17158.3,23412.4,68694.7
incast,0,96,48,"n23m0123.hpc.itc.rwth-aachen.de",0,4194304,50,14650.9,15480.1,16385.2,28866.7,21428,90841.2,129682
incast,0,96,50,"n23m0123.hpc.itc.rwth-aachen.de",0,4194304,50,15642.5,16482.3,18290.7,37035,61475.4,106915,115607
incast,0,96,52,"n23m0123.hpc.itc.rwth-aachen.de",0,4194304,50,16603.2,17374.4,18228.9,27125.2,21598.5,76273.1,119751
incast,0,96,54,"n23m0123.hpc.itc.rwth-aachen.de",0,4194304,50,17526,18397.2,19174.8,24508.6,22376.2,63379.9,78899.9
incast,0,96,56,"n23m0123.hpc.itc.rwth-aachen.de",0,4194304,50,17843.2,19323.7,21213.8,37692.1,30415.9,100794,121148
incast,0,96,58,"n23m0123.hpc.itc.rwth-aachen.de",0,4194304,50,18714.3,20255.5,20996.6,31452.6,24795.9,112134,127321
incast,0,96,60,"n23m0123.hpc.itc.rwth-aachen.de",0,4194304,50,19609.5,21222.8,22125.3,31616.6,29577.7,78991.9,133243
incast,0,96,62,"n23m0123.hpc.itc.rwth-aachen.de",0,4194304,50,20591.4,22433,25325.9,38160.9,36264.9,86498.6,124664
incast,0,96,64,"n23m0123.hpc.itc.rwth-aachen.de",0,4194304,50,21532.3,23289.7,25158.5,44117.6,69878.1,111320,126918
incast,0,96,66,"n23m0123.hpc.itc.rwth-aachen.de",0,4194304,50,23288.1,24191,26249.6,36801.7,35455.1,81425,108393
incast,0,96,68,"n23m0123.hpc.itc.rwth-aachen.de",0,4194304,50,23430.4,25060.5,25944,35809.5,29982.4,96248.2,122758
incast,0,96,70,"n23m0123.hpc.itc.rwth-aachen.de",0,4194304,50,24304,26074,28232.4,33411.5,32746,70420.8,78338.7
incast,0,96,72,"n23m0123.hpc.itc.rwth-aachen.de",0,4194304,50,25296.8,27001.7,27868.4,36296.3,33176.8,85743.7,115436
incast,0,96,74,"n23m0123.hpc.itc.rwth-aachen.de",0,4194304,50,26195.6,28154.1,30493,42030.4,43036.1,92843.7,116100
incast,0,96,76,"n23m0123.hpc.itc.rwth-aachen.de",0,4194304,50,27165.1,28953.2,29844.2,44769.6,42544,109652,130648
incast,0,96,78,"n23m0123.hpc.itc.rwth-aachen.de",0,4194304,50,28563.6,29929.2,33591.8,44479.3,46050.1,93119.4,114744
incast,0,96,80,"n23m0123.hpc.itc.rwth-aachen.de",0,4194304,50,28959.4,30844.3,33482.7,46675.5,47009.8,98435.9,125287
incast,0,96,82,"n23m0123.hpc.itc.rwth-aachen.de",0,4194304,50,29894.4,31771.8,32967.3,39542,39905.5,75129.4,103715
incast,0,96,84,"n23m0123.hpc.itc.rwth-aachen.de",0,4194304,50,30884.7,33066.8,36816.3,48116.5,62960,92947.9,113569
incast,0,96,86,"n23m0123.hpc.itc.rwth-aachen.de",0,4194304,50,31714.9,33751.7,34986.1,46407.3,49529.2,86111.6,115154
incast,0,96,88,"n23m0123.hpc.itc.rwth-aachen.de",0,4194304,50,32729.2,34669.7,37758,45058.3,47906.3,79630.2,125769
incast,0,96,90,"n23m0123.hpc.itc.rwth-aachen.de",0,4194304,50,33861.2,35830.8,39776.5,48956.7,53816.2,91985.8,112602
incast,0,96,92,"n23m0123.hpc.itc.rwth-aachen.de",0,4194304,50,34636.9,36530.7,38003.3,48900.9,53032.9,101002,124070
incast,0,96,94,"n23m0123.hpc.itc.rwth-aachen.de",0,4194304,50,35484.2,37768.7,40234.7,48914.8,53099.7,93119.2,114175
incast,0,96,96,"r23m0124.hpc.itc.rwth-aachen.de",1,4194304,50,81952.8,103032,108843,114840,129946,143531,148922
incast,0,96,98,"r23m0124.hpc.itc.rwth-aachen.de",1,4194304,50,96685.9,103562,110892,116452,131006,143731,150275
incast,0,96,100,"r23m0124.hpc.itc.rwth-aachen.de",1,4194304,50,97725.5,102394,110356,115697,125536,146075,149705
incast,0,96,102,"r23m0124.hpc.itc.rwth-aachen.de",1,4194304,50,85317.6,103001,107284,114238,130963,144105,149489
incast,0,96,104,"r23m0124.hpc.itc.rwth-aachen.de",1,4194304,50,97418.5,102558,110706,116369,132319,142001,148261
incast,0,96,106,"r23m0124.hpc.itc.rwth-aachen.de",1,4194304,50,100620,103193,110828,116803,130966,146385,150075
incast,0,96,108,"r23m0124.hpc.itc.rwth-aachen.de",1,4194304,50,43873.5,103682,108876,114264,130058,142193,150800
incast,0,96,110,"r23m0124.hpc.itc.rwth-aachen.de",1,4194304,50,96844.8,102413,108133,115612,131730,143581,149669
incast,0,96,112,"r23m0124.hpc.itc.rwth-aachen.de",1,4194304,50,98081.7,103808,110813,116831,131565,142696,149938
incast,0,96,114,"r23m0124.hpc.itc.rwth-aachen.de",1,4194304,50,78164.9,102448,107300,114224,129470,142217,150720
incast,0,96,116,"r23m0124.hpc.itc.rwth-aachen.de",1,4194304,50,80460.8,84641.1,89155.6,94130.9,101472,116420,127323
incast,0,96,118,"r23m0124.hpc.itc.rwth-aachen.de",1,4194304,50,98515.1,102647,109348,115307,127077,145086,148681
incast,0,96,120,"r23m0124.hpc.itc.rwth-aachen.de",1,4194304,50,81130,86737.6,89989.3,94610.3,101903,118475,122931
incast,0,96,122,"r23m0124.hpc.itc.rwth-aachen.de",1,4194304,50,40215.1,101512,107224,110645,128263,144784,150291
incast,0,96,124,"r23m0124.hpc.itc.rwth-aachen.de",1,4194304,50,88884.8,102033,108548,114224,128916,141237,145641
incast,0,96,126,"r23m0124.hpc.itc.rwth-aachen.de",1,4194304,50,92876.1,101972,109030,113551,124796,141906,147160
incast,0,96,128,"r23m0124.hpc.itc.rwth-aachen.de",1,4194304,50,42808.7,82694.4,89067.2,92607.4,103228,118754,126003
incast,0,96,130,"r23m0124.hpc.itc.rwth-aachen.de",1,4194304,50,82217.4,102292,108875,114443,129724,141601,149258
incast,0,96,132,"r23m0124.hpc.itc.rwth-aachen.de",1,4194304,50,100041,104221,110422,117172,132283,145829,150156
incast,0,96,134,"r23m0124.hpc.itc.rwth-aachen.de",1,4194304,50,92980.5,101615,108712,115338,128341,143073,148654
incast,0,96,136,"r23m0124.hpc.itc.rwth-aachen.de",1,4194304,50,82739.4,102611,109133,115337,131405,144966,151082
incast,0,96,138,"r23m0124.hpc.itc.rwth-aachen.de",1,4194304,50,100168,103714,108761,116644,132252,144991,148500
incast,0,96,140,"r23m0124.hpc.itc.rwth-aachen.de",1,4194304,50,92612.1,102494,110314,115886,131432,143722,151017
incast,0,96,142,"r23m0124.hpc.itc.rwth-aachen.de",1,4194304,50,96463.1,101448,107911,115070,128695,144153,150320
incast,0,96,144,"r23m0124.hpc.itc.rwth-aachen.de",1,4194304,50,85665.7,103402,110098,115865,131217,144649,150723
incast,0,96,146,"r23m0124.hpc.itc.rwth-aachen.de",1,4194304,50,43424.5,78760.4,84465.9,87268,98202.8,110197,117280
incast,0,96,148,"r23m0124.hpc.itc.rwth-aachen.de",1,4194304,50,94535.2,103010,109733,116684,132876,144674,150517
incast,0,96,150,"r23m0124.hpc.itc.rwth-aachen.de",1,4194304,50,93816.7,101291,109220,115464,130303,142575,150571
incast,0,96,152,"r23m0124.hpc.itc.rwth-aachen.de",1,4194304,50,77599.4,84145.1,87944.1,92144.7,99643.1,112350,119604
incast,0,96,154,"r23m0124.hpc.itc.rwth-aachen.de",1,4194304,50,98640.5,102721,108957,115672,127705,142585,149669
incast,0,96,156,"r23m0124.hpc.itc.rwth-aachen.de",1,4194304,50,89707.9,102150,109966,115045,129878,144559,149195
incast,0,96,158,"r23m0124.hpc.itc.rwth-aachen.de",1,4194304,50,88904,103664,108809,115995,129640,143927,150932
incast,0,96,160,"r23m0124.hpc.itc.rwth-aachen.de",1,4194304,50,96242.8,101367,107054,114111,129248,143747,150023
incast,0,96,162,"r23m0124.hpc.itc.rwth-aachen.de",1,4194304,50,91934.5,103322,109468,115797,131419,142380,149772
incast,0,96,164,"r23m0124.hpc.itc.rwth-aachen.de",1,4194304,50,99336.6,103649,110392,116360,130534,144730,150189
incast,0,96,166,"r23m0124.hpc.itc.rwth-aachen.de",1,4194304,50,84998.3,97962.8,106325,111508,122088,142385,145468
incast,0,96,168,"r23m0124.hpc.itc.rwth-aachen.de",1,4194304,50,80294.4,85726,88934.2,95108.5,105639,118750,122971
incast,0,96,170,"r23m0124.hpc.itc.rwth-aachen.de",1,4194304,50,78017.9,102031,109042,113309,125886,144788,146095
incast,0,96,172,"r23m0124.hpc.itc.rwth-aachen.de",1,4194304,50,93165.7,101792,107846,114718,127076,142326,150606
incast,0,96,174,"r23m0124.hpc.itc.rwth-aachen.de",1,4194304,50,86044.6,103134,108237,115545,130893,145812,149912
incast,0,96,176,"r23m0124.hpc.itc.rwth-aachen.de",1,4194304,50,97128.7,102317,107507,114744,129349,145382,150006
incast,0,96,178,"r23m0124.hpc.itc.rwth-aachen.de",1,4194304,50,93178.8,102969,109768,115738,131950,145316,150765
incast,0,96,180,"r23m0124.hpc.itc.rwth-aachen.de",1,4194304,50,97087,103254,110071,116390,131131,145447,149507
incast,0,96,182,"r23m0124.hpc.itc.rwth-aachen.de",1,4194304,50,90414.8,102538,107649,115127,131843,143619,147156
incast,0,96,184,"r23m0124.hpc.itc.rwth-aachen.de",1,4194304,50,100112,103722,110120,116725,130755,143545,149892
incast,0,96,186,"r23m0124.hpc.itc.rwth-aachen.de",1,4194304,50,79889.4,84513.2,88280.9,93917,104408,118327,120174
incast,0,96,188,"r23m0124.hpc.itc.rwth-aachen.de",1,4194304,50,77809.6,84557,89180.2,94049.1,105382,118737,120396
incast,0,96,190,"r23m0124.hpc.itc.rwth-aachen.de",1,4194304,50,52777.6,103455,110860,115453,131346,144090,150385
fanout,0,96,1,"n23m0123.hpc.itc.rwth-aachen.de",0,4194304,50,58104.8,62722.2,63112.9,63291.7,64453,65360.7,66267.5
fanout,0,96,2,"n23m0123.hpc.itc.rwth-aachen.de",0,4194304,50,57492,62167.6,62510.7,62710.2,63828.8,64713.2,65690.4
fanout,0,96,4,"n23m0123.hpc.itc.rwth-aachen.de",0,4194304,50,57041.3,61531.5,61938.1,62102.7,63199.8,64082.8,65038.2
fanout,0,96,6,"n23m0123.hpc.itc.rwth-aachen.de",0,4194304,50,56419.2,60988.7,61393.6,61554.9,62669.1,63530.2,64474.6
fanout,0,96,8,"n23m0123.hpc.itc.rwth-aachen.de",0,4194304,50,55008.4,58994.4,59314.7,59542.3,60538.5,61374.9,61949.5
fanout,0,96,10,"n23m0123.hpc.itc.rwth-aachen.de",0,4194304,50,1712.98,1838.25,1876.3,5252.14,1897.16,30795.2,60740.4
fanout,0,96,12,"n23m0123.hpc.itc.rwth-aachen.de",0,4194304,50,2109.15,2350.74,2374.01,7872.83,2417.19,57863.2,60461.4
fanout,0,96,14,"n23m0123.hpc.itc.rwth-aachen.de",0,4194304,50,2348.36,2877.76,2912.05,3982.83,2949.88,3134.47,57611.8
fanout,0,96,16,"n23m0123.hpc.itc.rwth-aachen.de",0,4194304,50,2875.86,3389.77,3436.14,4508.24,3481.49,3668.31,58147.9
fanout,0,96,18,"n23m0123.hpc.itc.rwth-aachen.de",0,4194304,50,3352.02,3907.01,3977.02,5055.92,4012.36,4084.78,59715.8
fanout,0,96,20,"n23m0123.hpc.itc.rwth-aachen.de",0,4194304,50,3850.99,4501.31,4551.82,5601.3,4609.45,4795.58,58619.5
fanout,0,96,22,"n23m0123.hpc.itc.rwth-aachen.de",0,4194304,50,4328.04,5038.36,5084.07,12452,5162.09,57937.1,59072
fanout,0,96,24,"n23m0123.hpc.itc.rwth-aachen.de",0,4194304,50,4829.95,5454.11,5631.46,15097.1,5734.57,59520.7,61397.4
fanout,0,96,26,"n23m0123.hpc.itc.rwth-aachen.de",0,4194304,50,5348.38,5951.23,6160.02,16455.8,6296.46,58532.2,60621.7
fanout,0,96,28,"n23m0123.hpc.itc.rwth-aachen.de",0,4194304,50,5830.23,6419.42,6546.54,8647.3,6731.54,7154,61232.1
fanout,0,96,30,"n23m0123.hpc.itc.rwth-aachen.de",0,4194304,50,6342.25,6913.35,7124.44,9133.26,7274.39,7705.16,58561
fanout,0,96,32,"n23m0123.hpc.itc.rwth-aachen.de",0,4194304,50,6827.9,7424.12,7602.65,8632.22,7761.27,8057.07,59450
fanout,0,96,34,"n23m0123.hpc.itc.rwth-aachen.de",0,4194304,50,7351.91,7993.52,8165.29,9157.54,8352.7,8640.16,58176.5
fanout,0,96,36,"n23m0123.hpc.itc.rwth-aachen.de",0,4194304,50,8133.77,8584.03,8739.17,10654.3,8930.68,9390.3,58078.2
fanout,0,96,38,"n23m0123.hpc.itc.rwth-aachen.de",0,4194304,50,8343.24,9089.69,9291.39,10258.2,9484.05,9783.82,58185.2
fanout,0,96,40,"n23m0123.hpc.itc.rwth-aachen.de",0,4194304,50,8911.89,9683.34,9873.38,11696,10077.3,10547.7,58385.5
fanout,0,96,42,"n23m0123.hpc.itc.rwth-aachen.de",0,4194304,50,9405.31,10230.7,10434.5,13190.9,10642.6,34532.1,58714.2
fanout,0,96,44,"n23m0123.hpc.itc.rwth-aachen.de",0,4194304,50,9987.47,10803.2,11059.7,13839.5,11199.5,37099.1,60355.9
fanout,0,96,46,"n23m0123.hpc.itc.rwth-aachen.de",0,4194304,50,10541,11328.2,11585.5,13458.5,11765.2,12272.5,61134.6
fanout,0,96,48,"n23m0123.hpc.itc.rwth-aachen.de",0,4194304,50,11306.7,12153.4,12401.6,16994.8,12649.5,58828.6,60077.9
fanout,0,96,50,"n23m0123.hpc.itc.rwth-aachen.de",0,4194304,50,12185,13072.8,13308,24446,14016.3,60493.4,62311
fanout,0,96,52,"n23m0123.hpc.itc.rwth-aachen.de",0,4194304,50,13142.9,13991.3,14540.4,32159.6,58588.4,60658.4,62413.5
fanout,0,96,54,"n23m0123.hpc.itc.rwth-aachen.de",0,4194304,50,14085.7,14742.5,14974.1,18593.9,15331.8,59656.2,62303.9
fanout,0,96,56,"n23m0123.hpc.itc.rwth-aachen.de",0,4194304,50,15028.5,15717.4,15959.9,19300.5,16401,56945.5,60004.7
fanout,0,96,58,"n23m0123.hpc.itc.rwth-aachen.de",0,4194304,50,16050.5,16756.5,16993.4,20332.8,17450.9,57730.6,60178.1
fanout,0,96,60,"n23m0123.hpc.itc.rwth-aachen.de",0,4194304,50,16691.4,17774.2,18014.8,21389.7,18264,60422.8,61881.6
fanout,0,96,62,"n23m0123.hpc.itc.rwth-aachen.de",0,4194304,50,17606.6,18824.5,19095.9,28666.6,19933.1,60298.7,63095.7
fanout,0,96,64,"n23m0123.hpc.itc.rwth-aachen.de",0,4194304,50,18545.4,19433.1,19875.9,21390,20133.8,20874.2,60205.9
fanout,0,96,66,"n23m0123.hpc.itc.rwth-aachen.de",0,4194304,50,19453,20434.6,20822.3,23118.1,21120.3,42620.7,61798.2
fanout,0,96,68,"n23m0123.hpc.itc.rwth-aachen.de",0,4194304,50,20338.7,21417.7,21931.2,27744.1,22634.9,60712.1,61236.9
fanout,0,96,70,"n23m0123.hpc.itc.rwth-aachen.de",0,4194304,50,21211.6,22297.5,22779.3,24713.1,23048.4,40387.5,61952.2
fanout,0,96,72,"n23m0123.hpc.itc.rwth-aachen.de",0,4194304,50,22067.8,23103.1,23562.8,23552.2,23940.8,24706.6,24756.7
fanout,0,96,74,"n23m0123.hpc.itc.rwth-aachen.de",0,4194304,50,22935.6,24088.1,24512.4,24516,24917.3,25633.6,25802.2
fanout,0,96,76,"n23m0123.hpc.itc.rwth-aachen.de",0,4194304,50,23761.9,24998.9,25431.1,25426.1,25827.2,26594.9,26746.7
fanout,0,96,78,"n23m0123.hpc.itc.rwth-aachen.de",0,4194304,50,24648.7,25945.1,26344.2,26359.4,26766.1,27560.7,27766.5
fanout,0,96,80,"n23m0123.hpc.itc.rwth-aachen.de",0,4194304,50,25488.5,26901.2,27271.6,27294.1,27725,28537.6,28705.6
fanout,0,96,82,"n23m0123.hpc.itc.rwth-aachen.de",0,4194304,50,26384.4,27878.7,28260.9,28276.5,28715.2,29499.8,29737.6
fanout,0,96,84,"n23m0123.hpc.itc.rwth-aachen.de",0,4194304,50,27226.4,28800.5,29214.4,29797.3,29695.3,30514.8,57552.4
fanout,0,96,86,"n23m0123.hpc.itc.rwth-aachen.de",0,4194304,50,28116,29747.9,30221.3,30721.9,30670.6,31513.3,56833.1
fanout,0,96,88,"n23m0123.hpc.itc.rwth-aachen.de",0,4194304,50,28959.6,30635.2,31125.1,31098.9,31562.1,32426,32745.6
fanout,0,96,90,"n23m0123.hpc.itc.rwth-aachen.de",0,4194304,50,29748.1,31517.2,32037.7,32018.9,32516.3,33417.6,33645.5
fanout,0,96,92,"n23m0123.hpc.itc.rwth-aachen.de",0,4194304,50,30625.9,32454.3,32988.4,32954.1,33480.9,34306.4,34615
fanout,0,96,94,"n23m0123.hpc.itc.rwth-aachen.de",0,4194304,50,31490.9,33434.4,33984.1,33936.9,34458.4,35320.8,35582.2
fanout,0,96,96,"r23m0124.hpc.itc.rwth-aachen.de",1,4194304,50,32942,35310.1,35922.5,38634.5,36597.8,59783,62888.6
fanout,0,96,98,"r23m0124.hpc.itc.rwth-aachen.de",1,4194304,50,33627.2,35988.2,36639.3,42338,54859.1,60053.7,60974.3
fanout,0,96,100,"r23m0124.hpc.itc.rwth-aachen.de",1,4194304,50,33645.2,36361.2,36991.4,44834,57081.3,59816.1,62977.1
fanout,0,96,102,"r23m0124.hpc.itc.rwth-aachen.de",1,4194304,50,34306.1,37099.4,37759,44983.3,56906,59213.3,59382.8
fanout,0,96,104,"r23m0124.hpc.itc.rwth-aachen.de",1,4194304,50,34485.5,36711.1,37707.1,42767.9,54078.8,58825.1,60275.6
fanout,0,96,106,"r23m0124.hpc.itc.rwth-aachen.de",1,4194304,50,35555.3,37384.4,38375.9,42055.9,39518.3,57753.6,59707.7
fanout,0,96,108,"r23m0124.hpc.itc.rwth-aachen.de",1,4194304,50,35979.1,37436,38548.8,40151.3,39457,57674.9,60818
fanout,0,96,110,"r23m0124.hpc.itc.rwth-aachen.de",1,4194304,50,36433.5,38026.9,39061.9,41511.3,40000.1,60022.7,61873.9
fanout,0,96,112,"r23m0124.hpc.itc.rwth-aachen.de",1,4194304,50,35853.3,38572.2,39902.6,42724.1,40806.7,59296.1,60564.8
fanout,0,96,114,"r23m0124.hpc.itc.rwth-aachen.de",1,4194304,50,36484.4,39085.9,40471.6,45069.2,55821.5,58809.3,59769.1
fanout,0,96,116,"r23m0124.hpc.itc.rwth-aachen.de",1,4194304,50,36660.4,39512.1,40581.6,44563.5,53781.3,58144.8,60864.4
fanout,0,96,118,"r23m0124.hpc.itc.rwth-aachen.de",1,4194304,50,38054.4,39693.8,40746.3,43570.5,42475.1,57602.3,58262.5
fanout,0,96,120,"r23m0124.hpc.itc.rwth-aachen.de",1,4194304,50,38022.2,41120.3,42009.8,46047.3,51108.8,59841.8,60514.2
fanout,0,96,122,"r23m0124.hpc.itc.rwth-aachen.de",1,4194304,50,38354.9,42018.6,42700.9,46969.8,55044.5,60824.4,61356.8
fanout,0,96,124,"r23m0124.hpc.itc.rwth-aachen.de",1,4194304,50,38241.7,41564.9,43156.4,48822,57807.6,59960.9,60872.9
fanout,0,96,126,"r23m0124.hpc.itc.rwth-aachen.de",1,4194304,50,38719.4,41839.1,42451.9,47327.1,54457.5,60204.6,84377.8
fanout,0,96,128,"r23m0124.hpc.itc.rwth-aachen.de",1,4194304,50,39312.4,42160.4,42749.5,46155.4,52825.8,58738.3,61121.9
fanout,0,96,130,"r23m0124.hpc.itc.rwth-aachen.de",1,4194304,50,39648.6,42170.4,43207.4,47111.5,56070.9,59950,61098.6
fanout,0,96,132,"r23m0124.hpc.itc.rwth-aachen.de",1,4194304,50,40077,42348.1,43794.8,46727.6,51463.9,59325.5,61246.6
fanout,0,96,134,"r23m0124.hpc.itc.rwth-aachen.de",1,4194304,50,40073.2,43131.8,44232.3,48098.4,57001,60458.4,62667.3
fanout,0,96,136,"r23m0124.hpc.itc.rwth-aachen.de",1,4194304,50,39675.4,43287.9,44330.9,46528.4,45684.6,57910.4,59243
fanout,0,96,138,"r23m0124.hpc.itc.rwth-aachen.de",1,4194304,50,40534.1,44014.6,45351.7,47867.2,50952,59294.6,61276.8
fanout,0,96,140,"r23m0124.hpc.itc.rwth-aachen.de",1,4194304,50,40913.6,44538.2,45357.9,47019.4,46960.7,58607.4,59420.3
fanout,0,96,142,"r23m0124.hpc.itc.rwth-aachen.de",1,4194304,50,40854.5,44135.7,45066.6,46552.9,46390.3,58083.8,59342.1
fanout,0,96,144,"r23m0124.hpc.itc.rwth-aachen.de",1,4194304,50,42591.3,44876.7,45835.2,46923.1,47218.9,56963,59193.3
fanout,0,96,146,"r23m0124.hpc.itc.rwth-aachen.de",1,4194304,50,43003.1,45243.6,46445.2,47722.6,47782.1,58458,60424.6
fanout,0,96,148,"r23m0124.hpc.itc.rwth-aachen.de",1,4194304,50,42359.8,45404.2,46252.5,47036.7,47426.5,54226.7,60722.9
fanout,0,96,150,"r23m0124.hpc.itc.rwth-aachen.de",1,4194304,50,42782.7,45906.8,46586.4,47685.7,47826.9,57041.8,59832.5
fanout,0,96,152,"r23m0124.hpc.itc.rwth-aachen.de",1,4194304,50,43051.2,46213.1,46979,49192.7,52981.2,59035.8,62638.8
fanout,0,96,154,"r23m0124.hpc.itc.rwth-aachen.de",1,4194304,50,43279.9,46784.8,47609.4,49914.6,55057.6,58348.7,60653.6
fanout,0,96,156,"r23m0124.hpc.itc.rwth-aachen.de",1,4194304,50,44032.6,47341.5,48529.6,50757.7,54846.5,60044.2,62526.7
fanout,0,96,158,"r23m0124.hpc.itc.rwth-aachen.de",1,4194304,50,44059.1,46889.2,48415.7,49336.5,50459.5,57047.1,58481
fanout,0,96,160,"r23m0124.hpc.itc.rwth-aachen.de",1,4194304,50,44467,47265.3,48758.3,50221.4,51596,58502.5,60209
fanout,0,96,162,"r23m0124.hpc.itc.rwth-aachen.de",1,4194304,50,44968.4,47500.7,49085.5,50293.9,50594.5,59959.8,61410.6
fanout,0,96,164,"r23m0124.hpc.itc.rwth-aachen.de",1,4194304,50,45643.3,48360.4,49699.5,51282,55144.1,58354.1,60994.6
fanout,0,96,166,"r23m0124.hpc.itc.rwth-aachen.de",1,4194304,50,45470.6,49006.3,50103.9,50968.3,51634.3,58071.4,60648.2
fanout,0,96,168,"r23m0124.hpc.itc.rwth-aachen.de",1,4194304,50,46412.3,49917.5,50695.2,51004.5,51609.3,56266.2,58960.4
fanout,0,96,170,"r23m0124.hpc.itc.rwth-aachen.de",1,4194304,50,45977.7,49352.9,50241.8,50584.6,51477,54526,61234.1
fanout,0,96,172,"r23m0124.hpc.itc.rwth-aachen.de",1,4194304,50,46497.1,49808.3,50850.5,51248.4,51766,57690.2,60280
fanout,0,96,174,"r23m0124.hpc.itc.rwth-aachen.de",1,4194304,50,47754.5,51369.8,52416.4,53194.3,54589.5,60086.4,62458.1
fanout,0,96,176,"r23m0124.hpc.itc.rwth-aachen.de",1,4194304,50,47656.8,51567.7,52618.5,53429.7,54879.2,60307.8,61233.5
fanout,0,96,178,"r23m0124.hpc.itc.rwth-aachen.de",1,4194304,50,47477.6,51130.7,52083.6,52432.8,53893.9,56838.8,57770.4
fanout,0,96,180,"r23m0124.hpc.itc.rwth-aachen.de",1,4194304,50,47625.5,51913.5,52802.4,52941.3,54321.4,56397.8,59450.3
fanout,0,96,182,"r23m0124.hpc.itc.rwth-aachen.de",1,4194304,50,47743,51186.9,52443.4,52571.6,53535,56285.2,59433.3
fanout,0,96,184,"r23m0124.hpc.itc.rwth-aachen.de",1,4194304,50,48847.4,52474.9,53840,54067.4,55051.6,59159.4,63699.8
fanout,0,96,186,"r23m0124.hpc.itc.rwth-aachen.de",1,4194304,50,49149.4,52904.3,53945.9,54252,55180.3,58978,61922.6
fanout,0,96,188,"r23m0124.hpc.itc.rwth-aachen.de",1,4194304,50,49411.2,52744.3,53732.8,53699.5,54788.5,57369.9,58118
fanout,0,96,190,"r23m0124.hpc.itc.rwth-aachen.de",1,4194304,50,49921.7,53567.6,54513.1,54656.8,55378.5,58896.5,61586.1
full_duplex,0,96,1,"n23m0123.hpc.itc.rwth-aachen.de",0,4194304,50,155930,157236,158498,158570,159411,161130,161583
full_duplex,0,96,2,"n23m0123.hpc.itc.rwth-aachen.de",0,4194304,50,155355,156744,157897,158020,158872,160572,161033
full_duplex,0,96,4,"n23m0123.hpc.itc.rwth-aachen.de",0,4194304,50,153987,155812,157013,157014,158044,159778,160140
full_duplex,0,96,6,"n23m0123.hpc.itc.rwth-aachen.de",0,4194304,50,153438,154849,156121,156244,157137,158658,159173
full_duplex,0,96,8,"n23m0123.hpc.itc.rwth-aachen.de",0,4194304,50,99150.4,100750,153240,130772,154479,157025,158178
full_duplex,0,96,10,"n23m0123.hpc.itc.rwth-aachen.de",0,4194304,50,97989.5,99076.5,100155,100154,100986,101884,102956
full_duplex,0,96,12,"n23m0123.hpc.itc.rwth-aachen.de",0,4194304,50,98661.6,99745.3,100814,101827,101530,102769,155896
full_duplex,0,96,14,"n23m0123.hpc.itc.rwth-aachen.de",0,4194304,50,99203.5,100282,101346,101299,102051,103029,104569
full_duplex,0,96,16,"n23m0123.hpc.itc.rwth-aachen.de",0,4194304,50,99661.4,100795,101832,101780,102553,103505,104514
full_duplex,0,96,18,"n23m0123.hpc.itc.rwth-aachen.de",0,4194304,50,100171,101244,102334,102278,103055,104012,105039
full_duplex,0,96,20,"n23m0123.hpc.itc.rwth-aachen.de",0,4194304,50,100620,101740,102813,103815,103584,104739,156305
full_duplex,0,96,22,"n23m0123.hpc.itc.rwth-aachen.de",0,4194304,50,101182,102270,103307,103262,104032,105033,105978
full_duplex,0,96,24,"n23m0123.hpc.itc.rwth-aachen.de",0,4194304,50,101669,102782,103836,103781,104538,105554,106542
full_duplex,0,96,26,"n23m0123.hpc.itc.rwth-aachen.de",0,4194304,50,102196,103319,104380,105251,105209,106324,151106
full_duplex,0,96,28,"n23m0123.hpc.itc.rwth-aachen.de",0,4194304,50,102695,103820,104868,105749,105705,106797,152036
full_duplex,0,96,30,"n23m0123.hpc.itc.rwth-aachen.de",0,4194304,50,103219,104340,105370,105303,106100,107113,108049
full_duplex,0,96,32,"n23m0123.hpc.itc.rwth-aachen.de",0,4194304,50,103715,104864,105875,107658,106850,108272,152937
full_duplex,0,96,34,"n23m0123.hpc.itc.rwth-aachen.de",0,4194304,50,104189,105288,106262,106261,107075,108076,109028
full_duplex,0,96,36,"n23m0123.hpc.itc.rwth-aachen.de",0,4194304,50,104766,105809,106850,106835,107674,108651,109610
full_duplex,0,96,38,"n23m0123.hpc.itc.rwth-aachen.de",0,4194304,50,105330,106426,107407,108280,108283,109386,152603
full_duplex,0,96,40,"n23m0123.hpc.itc.rwth-aachen.de",0,4194304,50,105845,106959,107953,108728,108837,109890,148202
full_duplex,0,96,42,"n23m0123.hpc.itc.rwth-aachen.de",0,4194304,50,106129,107394,108423,108389,109225,110221,111181
full_duplex,0,96,44,"n23m0123.hpc.itc.rwth-aachen.de",0,4194304,50,106635,107930,108942,108925,109739,110756,111711
full_duplex,0,96,46,"n23m0123.hpc.itc.rwth-aachen.de",0,4194304,50,107097,108453,109453,110288,110319,111435,152724
full_duplex,0,96,48,"n23m0123.hpc.itc.rwth-aachen.de",0,4194304,50,107870,109173,110253,110198,110919,112059,113007
full_duplex,0,96,50,"n23m0123.hpc.itc.rwth-aachen.de",0,4194304,50,108566,109933,110917,113445,112067,135365,155166
full_duplex,0,96,52,"n23m0123.hpc.itc.rwth-aachen.de",0,4194304,50,109448,110841,111881,116023,113087,154611,156959
full_duplex,0,96,54,"n23m0123.hpc.itc.rwth-aachen.de",0,4194304,50,110279,111712,112845,117572,114106,153821,157906
full_duplex,0,96,56,"n23m0123.hpc.itc.rwth-aachen.de",0,4194304,50,111142,112446,113436,119948,115034,156755,158846
full_duplex,0,96,58,"n23m0123.hpc.itc.rwth-aachen.de",0,4194304,50,111663,113122,114245,117266,115574,152122,156013
full_duplex,0,96,60,"n23m0123.hpc.itc.rwth-aachen.de",0,4194304,50,112543,113918,114923,118943,116260,155680,158735
full_duplex,0,96,62,"n23m0123.hpc.itc.rwth-aachen.de",0,4194304,50,113335,114812,115854,117317,116739,118107,156461
full_duplex,0,96,64,"n23m0123.hpc.itc.rwth-aachen.de",0,4194304,50,114251,115767,116841,120363,118205,153396,154145
full_duplex,0,96,66,"n23m0123.hpc.itc.rwth-aachen.de",0,4194304,50,114724,116516,117627,121129,118934,154422,159432
full_duplex,0,96,68,"n23m0123.hpc.itc.rwth-aachen.de",0,4194304,50,115530,117301,118584,126479,120503,157326,160993
full_duplex,0,96,70,"n23m0123.hpc.itc.rwth-aachen.de",0,4194304,50,116447,118129,119251,121893,120064,154514,157293
full_duplex,0,96,72,"n23m0123.hpc.itc.rwth-aachen.de",0,4194304,50,117296,119050,120363,127515,121979,156988,159005
full_duplex,0,96,74,"n23m0123.hpc.itc.rwth-aachen.de",0,4194304,50,118179,119838,120942,124718,122186,155275,156269
full_duplex,0,96,76,"n23m0123.hpc.itc.rwth-aachen.de",0,4194304,50,119093,120651,121580,124793,122758,153339,157858
full_duplex,0,96,78,"n23m0123.hpc.itc.rwth-aachen.de",0,4194304,50,120041,121520,122465,123755,123533,125000,157196
full_duplex,0,96,80,"n23m0123.hpc.itc.rwth-aachen.de",0,4194304,50,120882,122583,123457,127816,124623,156001,159212
full_duplex,0,96,82,"n23m0123.hpc.itc.rwth-aachen.de",0,4194304,50,121754,123236,124237,125941,125356,140195,154214
full_duplex,0,96,84,"n23m0123.hpc.itc.rwth-aachen.de",0,4194304,50,122607,124144,125196,129089,126482,154177,161926
full_duplex,0,96,86,"n23m0123.hpc.itc.rwth-aachen.de",0,4194304,50,123473,124887,125978,129364,127342,155395,157841
full_duplex,0,96,88,"n23m0123.hpc.itc.rwth-aachen.de",0,4194304,50,124341,125898,126883,129466,128102,154108,158270
full_duplex,0,96,90,"n23m0123.hpc.itc.rwth-aachen.de",0,4194304,50,125276,126515,127842,133021,129512,156064,157739
full_duplex,0,96,92,"n23m0123.hpc.itc.rwth-aachen.de",0,4194304,50,126195,127776,128919,132825,130278,155868,158113
full_duplex,0,96,94,"n23m0123.hpc.itc.rwth-aachen.de",0,4194304,50,126751,128381,129573,133043,130992,156374,159156
full_duplex,0,96,96,"r23m0124.hpc.itc.rwth-aachen.de",1,4194304,50,128247,130021,131305,133840,132547,155520,157766
full_duplex,0,96,98,"r23m0124.hpc.itc.rwth-aachen.de",1,4194304,50,129054,130462,132067,135256,133343,156108,158016
full_duplex,0,96,100,"r23m0124.hpc.itc.rwth-aachen.de",1,4194304,50,129109,130793,132448,135733,133828,155231,158816
full_duplex,0,96,102,"r23m0124.hpc.itc.rwth-aachen.de",1,4194304,50,129897,131319,133304,139468,153205,156822,157401
full_duplex,0,96,104,"r23m0124.hpc.itc.rwth-aachen.de",1,4194304,50,130062,131828,133476,137950,135689,155930,158324
full_duplex,0,96,106,"r23m0124.hpc.itc.rwth-aachen.de",1,4194304,50,130817,132431,133791,138053,136364,157110,157607
full_duplex,0,96,108,"r23m0124.hpc.itc.rwth-aachen.de",1,4194304,50,131560,133042,134453,137998,136680,155141,158243
full_duplex,0,96,110,"r23m0124.hpc.itc.rwth-aachen.de",1,4194304,50,131676,133190,134187,136993,135793,154470,155600
full_duplex,0,96,112,"r23m0124.hpc.itc.rwth-aachen.de",1,4194304,50,131688,133920,134867,138486,136386,156034,158543
full_duplex,0,96,114,"r23m0124.hpc.itc.rwth-aachen.de",1,4194304,50,132556,134583,135911,139162,137216,156445,158529
full_duplex,0,96,116,"r23m0124.hpc.itc.rwth-aachen.de",1,4194304,50,132557,135138,136180,140090,138731,155704,158451
full_duplex,0,96,118,"r23m0124.hpc.itc.rwth-aachen.de",1,4194304,50,132881,135277,136211,140182,146118,156486,158842
full_duplex,0,96,120,"r23m0124.hpc.itc.rwth-aachen.de",1,4194304,50,134011,136279,137689,141758,150181,155144,157105
full_duplex,0,96,122,"r23m0124.hpc.itc.rwth-aachen.de",1,4194304,50,134907,137328,139051,142852,150735,156946,158454
full_duplex,0,96,124,"r23m0124.hpc.itc.rwth-aachen.de",1,4194304,50,134355,137085,139180,143219,149541,157653,158410
full_duplex,0,96,126,"r23m0124.hpc.itc.rwth-aachen.de",1,4194304,50,134900,137206,139303,142120,149165,154056,155771
full_duplex,0,96,128,"r23m0124.hpc.itc.rwth-aachen.de",1,4194304,50,135429,137561,139653,143712,151555,155911,158460
full_duplex,0,96,130,"r23m0124.hpc.itc.rwth-aachen.de",1,4194304,50,134513,137615,139190,142392,148365,154762,157792
full_duplex,0,96,132,"r23m0124.hpc.itc.rwth-aachen.de",1,4194304,50,135591,138473,140987,145252,152827,157433,158968
full_duplex,0,96,134,"r23m0124.hpc.itc.rwth-aachen.de",1,4194304,50,135445,138974,141242,144644,152362,155481,158609
full_duplex,0,96,136,"r23m0124.hpc.itc.rwth-aachen.de",1,4194304,50,135792,138996,141546,144969,151291,155032,159088
full_duplex,0,96,138,"r23m0124.hpc.itc.rwth-aachen.de",1,4194304,50,136476,139275,142050,145221,153897,156629,158560
full_duplex,0,96,140,"r23m0124.hpc.itc.rwth-aachen.de",1,4194304,50,136678,139068,141110,143058,143347,154448,156885
full_duplex,0,96,142,"r23m0124.hpc.itc.rwth-aachen.de",1,4194304,50,136340,139255,140844,143109,144059,155972,156725
full_duplex,0,96,144,"r23m0124.hpc.itc.rwth-aachen.de",1,4194304,50,137359,140145,142010,144284,150462,154060,157695
full_duplex,0,96,146,"r23m0124.hpc.itc.rwth-aachen.de",1,4194304,50,137517,140432,142199,143993,145355,154297,158620
full_duplex,0,96,148,"r23m0124.hpc.itc.rwth-aachen.de",1,4194304,50,138192,140481,143248,145155,148603,157221,158699
full_duplex,0,96,150,"r23m0124.hpc.itc.rwth-aachen.de",1,4194304,50,138408,140605,142978,144491,148806,152503,155009
full_duplex,0,96,152,"r23m0124.hpc.itc.rwth-aachen.de",1,4194304,50,138194,140475,142969,144949,149275,155007,156753
full_duplex,0,96,154,"r23m0124.hpc.itc.rwth-aachen.de",1,4194304,50,139121,141214,142993,144857,147862,154477,156549
full_duplex,0,96,156,"r23m0124.hpc.itc.rwth-aachen.de",1,4194304,50,139118,141971,144961,146658,151442,156350,158626
full_duplex,0,96,158,"r23m0124.hpc.itc.rwth-aachen.de",1,4194304,50,139240,141420,144078,145958,150259,155485,158181
full_duplex,0,96,160,"r23m0124.hpc.itc.rwth-aachen.de",1,4194304,50,139666,142236,149170,148734,154413,157420,158694
full_duplex,0,96,162,"r23m0124.hpc.itc.rwth-aachen.de",1,4194304,50,140207,142970,146468,147138,150960,154821,157589
full_duplex,0,96,164,"r23m0124.hpc.itc.rwth-aachen.de",1,4194304,50,140964,143121,145408,146086,148072,151977,153376
full_duplex,0,96,166,"r23m0124.hpc.itc.rwth-aachen.de",1,4194304,50,141596,143459,145663,146692,148719,155539,156676
full_duplex,0,96,168,"r23m0124.hpc.itc.rwth-aachen.de",1,4194304,50,141984,144022,146306,147276,149272,156410,156909
full_duplex,0,96,170,"r23m0124.hpc.itc.rwth-aachen.de",1,4194304,50,141958,143633,145608,146905,148895,154927,158143
full_duplex,0,96,172,"r23m0124.hpc.itc.rwth-aachen.de",1,4194304,50,141989,143899,146104,146985,149313,154603,156314
full_duplex,0,96,174,"r23m0124.hpc.itc.rwth-aachen.de",1,4194304,50,143262,145436,147502,148260,149798,156770,158061
full_duplex,0,96,176,"r23m0124.hpc.itc.rwth-aachen.de",1,4194304,50,142861,145348,146854,147795,149238,156169,158366
full_duplex,0,96,178,"r23m0124.hpc.itc.rwth-aachen.de",1,4194304,50,143157,145793,147817,148668,150964,156581,157648
full_duplex,0,96,180,"r23m0124.hpc.itc.rwth-aachen.de",1,4194304,50,143249,146349,147658,148095,149134,154066,158814
full_duplex,0,96,182,"r23m0124.hpc.itc.rwth-aachen.de",1,4194304,50,143722,146566,148501,149202,151391,155976,156846
full_duplex,0,96,184,"r23m0124.hpc.itc.rwth-aachen.de",1,4194304,50,144619,146671,149909,149683,151297,155377,159446
full_duplex,0,96,186,"r23m0124.hpc.itc.rwth-aachen.de",1,4194304,50,144181,147638,149782,150316,152113,157084,158137
full_duplex,0,96,188,"r23m0124.hpc.itc.rwth-aachen.de",1,4194304,50,144304,147147,149528,150211,152911,156296,156877
full_duplex,0,96,190,"r23m0124.hpc.itc.rwth-aachen.de",1,4194304,50,144570,149151,150492,150775,152136,157135,159734
immediate_response,0,96,1,"n23m0123.hpc.itc.rwth-aachen.de",0,4194304,50,161668,168370,177760,180496,187405,203871,213386
immediate_response,0,96,2,"n23m0123.hpc.itc.rwth-aachen.de",0,4194304,50,160462,167054,176431,179232,186026,202321,212108
immediate_response,0,96,4,"n23m0123.hpc.itc.rwth-aachen.de",0,4194304,50,159229,165334,174993,176840,184084,197060,209558
immediate_response,0,96,6,"n23m0123.hpc.itc.rwth-aachen.de",0,4194304,50,125561,128361,134994,140884,138348,180647,195482
immediate_response,0,96,8,"n23m0123.hpc.itc.rwth-aachen.de",0,4194304,50,88532.8,92375.3,97573,100040,102937,117902,152091
immediate_response,0,96,10,"n23m0123.hpc.itc.rwth-aachen.de",0,4194304,50,3228.61,3422.47,3579.35,32195.8,86457.7,112247,159022
immediate_response,0,96,12,"n23m0123.hpc.itc.rwth-aachen.de",0,4194304,50,3925.71,4558.79,4776.88,36169.7,88709.5,137747,143813
immediate_response,0,96,14,"n23m0123.hpc.itc.rwth-aachen.de",0,4194304,50,4848.39,5398.16,5922.12,19002.1,6600.08,99537.3,119196
immediate_response,0,96,16,"n23m0123.hpc.itc.rwth-aachen.de",0,4194304,50,6046.43,6455.26,6948.71,16168.9,7826.57,98729.6,112130
immediate_response,0,96,18,"n23m0123.hpc.itc.rwth-aachen.de",0,4194304,50,7195.92,7608.83,7943.29,20102,9079.34,110011,126656
immediate_response,0,96,20,"n23m0123.hpc.itc.rwth-aachen.de",0,4194304,50,8256.69,8685.2,9163.72,36134.8,74226.3,120288,127566
immediate_response,0,96,22,"n23m0123.hpc.itc.rwth-aachen.de",0,4194304,50,9271.94,9789.39,10378,22215.4,11384.5,96126.9,104911
immediate_response,0,96,24,"n23m0123.hpc.itc.rwth-aachen.de",0,4194304,50,10373.4,10928,12012.5,28607.7,13031.5,114073,124048
immediate_response,0,96,26,"n23m0123.hpc.itc.rwth-aachen.de",0,4194304,50,11276.8,11983.6,12647.7,31150.8,14441.9,113171,139413
immediate_response,0,96,28,"n23m0123.hpc.itc.rwth-aachen.de",0,4194304,50,12243.9,13111.2,13852.2,37626.3,15824.7,127395,141673
immediate_response,0,96,30,"n23m0123.hpc.itc.rwth-aachen.de",0,4194304,50,13334.1,14262.7,15099.4,31760.2,16858.6,115710,137742
immediate_response,0,96,32,"n23m0123.hpc.itc.rwth-aachen.de",0,4194304,50,14318.9,15443.7,16488.5,31870,18263.1,109010,124469
immediate_response,0,96,34,"n23m0123.hpc.itc.rwth-aachen.de",0,4194304,50,15239.6,16240.6,17485,37082.7,19797.3,126095,140177
immediate_response,0,96,36,"n23m0123.hpc.itc.rwth-aachen.de",0,4194304,50,16416.4,17510.6,18564.6,36830,21179,125141,145290
immediate_response,0,96,38,"n23m0123.hpc.itc.rwth-aachen.de",0,4194304,50,17358.3,18604.6,19818.9,41489.8,22601.9,124863,140706
immediate_response,0,96,40,"n23m0123.hpc.itc.rwth-aachen.de",0,4194304,50,18485.3,19884.4,21620.6,45928,83969.2,129262,140846
immediate_response,0,96,42,"n23m0123.hpc.itc.rwth-aachen.de",0,4194304,50,19543.5,20863.1,21882.3,38533.9,24781.3,123629,130702
immediate_response,0,96,44,"n23m0123.hpc.itc.rwth-aachen.de",0,4194304,50,20715.6,22125.2,23180.3,38103.5,26141.9,119841,125394
immediate_response,0,96,46,"n23m0123.hpc.itc.rwth-aachen.de",0,4194304,50,21823.2,23169.9,24641,46191.8,27804.4,124787,153367
immediate_response,0,96,48,"n23m0123.hpc.itc.rwth-aachen.de",0,4194304,50,23468.3,25043.2,27786.6,60027.2,117802,142956,172216
immediate_response,0,96,50,"n23m0123.hpc.itc.rwth-aachen.de",0,4194304,50,24828.1,26570.1,28308,59668.7,78402,172045,174921
immediate_response,0,96,52,"n23m0123.hpc.itc.rwth-aachen.de",0,4194304,50,26558,28083.7,29991.7,55504.9,76040.7,146815,171792
immediate_response,0,96,54,"n23m0123.hpc.itc.rwth-aachen.de",0,4194304,50,28446.9,29790.9,31097.3,51291.7,34335.1,169821,178366
immediate_response,0,96,56,"n23m0123.hpc.itc.rwth-aachen.de",0,4194304,50,30318.6,31759.9,33343.4,64672.9,87120.3,177418,191671
immediate_response,0,96,58,"n23m0123.hpc.itc.rwth-aachen.de",0,4194304,50,31520.5,35027.2,38965.6,73643.9,100236,169573,172324
immediate_response,0,96,60,"n23m0123.hpc.itc.rwth-aachen.de",0,4194304,50,33077.1,34867.6,40197.8,73862,128707,151139,182816
immediate_response,0,96,62,"n23m0123.hpc.itc.rwth-aachen.de",0,4194304,50,34894.9,36722.5,38810.1,68693.7,105295,162480,188876
immediate_response,0,96,64,"n23m0123.hpc.itc.rwth-aachen.de",0,4194304,50,36535.6,38496.7,40744.8,62588.3,45932.7,159783,176389
immediate_response,0,96,66,"n23m0123.hpc.itc.rwth-aachen.de",0,4194304,50,37660.6,40446.7,45417,81631.3,131831,166224,172344
immediate_response,0,96,68,"n23m0123.hpc.itc.rwth-aachen.de",0,4194304,50,39460.9,43001.2,45355.1,72900.8,98600.7,164657,180353
immediate_response,0,96,70,"n23m0123.hpc.itc.rwth-aachen.de",0,4194304,50,41690.6,43639,47262.7,76536.6,121053,174481,184322
immediate_response,0,96,72,"n23m0123.hpc.itc.rwth-aachen.de",0,4194304,50,42409.4,45583.2,48803.6,72073.9,85433.1,153645,179229
immediate_response,0,96,74,"n23m0123.hpc.itc.rwth-aachen.de",0,4194304,50,44122.5,47349.3,50400,68127.1,55467.6,164682,185967
immediate_response,0,96,76,"n23m0123.hpc.itc.rwth-aachen.de",0,4194304,50,45825.5,48551.9,52271.3,83714,132710,174211,181325
immediate_response,0,96,78,"n23m0123.hpc.itc.rwth-aachen.de",0,4194304,50,46821.7,50522.4,54542.6,83598.8,129632,171640,176499
immediate_response,0,96,80,"n23m0123.hpc.itc.rwth-aachen.de",0,4194304,50,48380.8,52467,55539.5,82349.3,105957,181448,193503
immediate_response,0,96,82,"n23m0123.hpc.itc.rwth-aachen.de",0,4194304,50,49417.4,53524.8,56985,85017.4,105346,176437,190629
immediate_response,0,96,84,"n23m0123.hpc.itc.rwth-aachen.de",0,4194304,50,51108.6,55319.4,60471.8,86496.1,115414,178612,204605
immediate_response,0,96,86,"n23m0123.hpc.itc.rwth-aachen.de",0,4194304,50,53347.6,57670.2,59814.8,78943.6,67450.2,164429,183791
immediate_response,0,96,88,"n23m0123.hpc.itc.rwth-aachen.de",0,4194304,50,54406,59309.9,64546.7,84857.6,112450,155679,176138
immediate_response,0,96,90,"n23m0123.hpc.itc.rwth-aachen.de",0,4194304,50,56497.2,61013.1,66280.7,92207.7,119245,173702,192076
immediate_response,0,96,92,"n23m0123.hpc.itc.rwth-aachen.de",0,4194304,50,58250.1,61736.2,65464.6,86566.1,88084.5,168632,176654
immediate_response,0,96,94,"n23m0123.hpc.itc.rwth-aachen.de",0,4194304,50,59660.1,64175.5,68683.2,93766.1,119709,174624,204138
immediate_response,0,96,96,"r23m0124.hpc.itc.rwth-aachen.de",1,4194304,50,133040,152890,164902,164020,172428,191943,208529
immediate_response,0,96,98,"r23m0124.hpc.itc.rwth-aachen.de",1,4194304,50,139012,161325,169657,170447,179110,196713,212341
immediate_response,0,96,100,"r23m0124.hpc.itc.rwth-aachen.de",1,4194304,50,136575,155171,167884,167903,174649,197102,200525
immediate_response,0,96,102,"r23m0124.hpc.itc.rwth-aachen.de",1,4194304,50,134370,152261,162730,164299,174943,191799,207109
immediate_response,0,96,104,"r23m0124.hpc.itc.rwth-aachen.de",1,4194304,50,129822,157699,167107,166486,175539,188676,209238
immediate_response,0,96,106,"r23m0124.hpc.itc.rwth-aachen.de",1,4194304,50,138012,157905,165706,167544,175654,195448,207908
immediate_response,0,96,108,"r23m0124.hpc.itc.rwth-aachen.de",1,4194304,50,133280,156877,164681,166268,176970,190632,202935
immediate_response,0,96,110,"r23m0124.hpc.itc.rwth-aachen.de",1,4194304,50,132803,155526,162444,163882,172085,187606,210694
immediate_response,0,96,112,"r23m0124.hpc.itc.rwth-aachen.de",1,4194304,50,141167,151414,162968,165543,177100,198891,204583
immediate_response,0,96,114,"r23m0124.hpc.itc.rwth-aachen.de",1,4194304,50,100694,145087,157211,158494,170556,195848,211333
immediate_response,0,96,116,"r23m0124.hpc.itc.rwth-aachen.de",1,4194304,50,107617,122701,133679,132331,139683,148775,174142
immediate_response,0,96,118,"r23m0124.hpc.itc.rwth-aachen.de",1,4194304,50,134924,156638,162587,164800,173109,187937,206505
immediate_response,0,96,120,"r23m0124.hpc.itc.rwth-aachen.de",1,4194304,50,106789,122192,133831,134996,142841,166306,193712
immediate_response,0,96,122,"r23m0124.hpc.itc.rwth-aachen.de",1,4194304,50,125279,150942,160669,161882,173050,198481,202361
immediate_response,0,96,124,"r23m0124.hpc.itc.rwth-aachen.de",1,4194304,50,132745,149387,161156,161325,172436,190215,209373
immediate_response,0,96,126,"r23m0124.hpc.itc.rwth-aachen.de",1,4194304,50,119568,147663,157699,157395,165095,189269,200205
immediate_response,0,96,128,"r23m0124.hpc.itc.rwth-aachen.de",1,4194304,50,106495,116070,125626,127707,132698,150799,204662
immediate_response,0,96,130,"r23m0124.hpc.itc.rwth-aachen.de",1,4194304,50,137609,152887,164505,164580,173835,195787,199468
immediate_response,0,96,132,"r23m0124.hpc.itc.rwth-aachen.de",1,4194304,50,133674,154559,165418,166204,175077,193897,200118
immediate_response,0,96,134,"r23m0124.hpc.itc.rwth-aachen.de",1,4194304,50,131156,149865,155836,159986,170301,185216,201876
immediate_response,0,96,136,"r23m0124.hpc.itc.rwth-aachen.de",1,4194304,50,136526,153904,162284,163087,173762,184266,187706
immediate_response,0,96,138,"r23m0124.hpc.itc.rwth-aachen.de",1,4194304,50,130131,152240,163335,163281,170771,187991,201860
immediate_response,0,96,140,"r23m0124.hpc.itc.rwth-aachen.de",1,4194304,50,123441,157611,162606,166175,178248,193795,196583
immediate_response,0,96,142,"r23m0124.hpc.itc.rwth-aachen.de",1,4194304,50,130246,147920,159066,160381,168620,192872,201162
immediate_response,0,96,144,"r23m0124.hpc.itc.rwth-aachen.de",1,4194304,50,123638,154018,164194,164930,176530,194090,207377
immediate_response,0,96,146,"r23m0124.hpc.itc.rwth-aachen.de",1,4194304,50,108575,116941,125424,125328,129614,145822,176180
immediate_response,0,96,148,"r23m0124.hpc.itc.rwth-aachen.de",1,4194304,50,132577,155994,166472,165637,174520,190879,197668
immediate_response,0,96,150,"r23m0124.hpc.itc.rwth-aachen.de",1,4194304,50,97147.4,144033,160205,158092,172859,183008,196527
immediate_response,0,96,152,"r23m0124.hpc.itc.rwth-aachen.de",1,4194304,50,105164,118672,125959,126723,131568,145964,175438
immediate_response,0,96,154,"r23m0124.hpc.itc.rwth-aachen.de",1,4194304,50,131605,151453,166930,164361,175046,188889,202139
immediate_response,0,96,156,"r23m0124.hpc.itc.rwth-aachen.de",1,4194304,50,137322,155827,163834,166167,174034,192867,198059
immediate_response,0,96,158,"r23m0124.hpc.itc.rwth-aachen.de",1,4194304,50,132568,158074,164249,165266,171353,195054,200823
immediate_response,0,96,160,"r23m0124.hpc.itc.rwth-aachen.de",1,4194304,50,103178,152149,162147,161628,172661,187645,210161
immediate_response,0,96,162,"r23m0124.hpc.itc.rwth-aachen.de",1,4194304,50,119469,158063,164619,166422,175422,193295,200478
immediate_response,0,96,164,"r23m0124.hpc.itc.rwth-aachen.de",1,4194304,50,136743,152068,159722,162344,171175,194467,198943
immediate_response,0,96,166,"r23m0124.hpc.itc.rwth-aachen.de",1,4194304,50,83037,152465,159881,160860,171550,184634,196202
immediate_response,0,96,168,"r23m0124.hpc.itc.rwth-aachen.de",1,4194304,50,115582,125133,135367,135273,142303,159297,178956
immediate_response,0,96,170,"r23m0124.hpc.itc.rwth-aachen.de",1,4194304,50,137969,159586,167142,167099,176272,188084,195194
immediate_response,0,96,172,"r23m0124.hpc.itc.rwth-aachen.de",1,4194304,50,145667,157002,163266,167356,178408,192880,196739
immediate_response,0,96,174,"r23m0124.hpc.itc.rwth-aachen.de",1,4194304,50,117954,156115,161849,163809,172820,189934,194234
immediate_response,0,96,176,"r23m0124.hpc.itc.rwth-aachen.de",1,4194304,50,133142,156227,165165,166804,179775,195874,199511
immediate_response,0,96,178,"r23m0124.hpc.itc.rwth-aachen.de",1,4194304,50,126607,149309,160715,161278,174882,184924,200050
immediate_response,0,96,180,"r23m0124.hpc.itc.rwth-aachen.de",1,4194304,50,127279,152432,163983,163487,172896,186716,202685
immediate_response,0,96,182,"r23m0124.hpc.itc.rwth-aachen.de",1,4194304,50,127581,150562,162076,163569,177526,197950,202111
immediate_response,0,96,184,"r23m0124.hpc.itc.rwth-aachen.de",1,4194304,50,138367,156236,166248,167588,178223,194806,202525
immediate_response,0,96,186,"r23m0124.hpc.itc.rwth-aachen.de",1,4194304,50,80572.2,115801,125921,126145,132925,155463,178044
immediate_response,0,96,188,"r23m0124.hpc.itc.rwth-aachen.de",1,4194304,50,109633,120784,129511,131448,137808,157096,184499
immediate_response,0,96,190,"r23m0124.hpc.itc.rwth-aachen.de",1,4194304,50,110029,149429,158987,159301,172033,191310,201718
incast,0,128,1,"n23m0123.hpc.itc.rwth-aachen.de",0,4194304,50,141499,146473,149352,149980,152522,157233,161669
incast,0,128,2,"n23m0123.hpc.itc.rwth-aachen.de",0,4194304,50,140839,145764,148666,149281,151836,156552,161011
incast,0,128,3,"n23m0123.hpc.itc.rwth-aachen.de",0,4194304,50,140155,145092,147988,148583,151139,155874,160364
incast,0,128,5,"n23m0123.hpc.itc.rwth-aachen.de",0,4194304,50,124316,128134,130883,133379,136030,147688,151191
incast,0,128,6,"n23m0123.hpc.itc.rwth-aachen.de",0,4194304,50,86279.4,90291.8,92887.2,94679.7,94879,111635,134461
incast,0,128,8,"n23m0123.hpc.itc.rwth-aachen.de",0,4194304,50,3545.75,3805.26,3888.7,9147.08,4209.25,42706.6,102722
incast,0,128,9,"n23m0123.hpc.itc.rwth-aachen.de",0,4194304,50,4204.81,4461.09,4569.45,17416.4,4879.22,100088,106581
incast,0,128,11,"n23m0123.hpc.itc.rwth-aachen.de",0,4194304,50,4826.29,5126.93,5257.16,15771.5,5539.65,89173.9,102149
incast,0,128,12,"n23m0123.hpc.itc.rwth-aachen.de",0,4194304,50,5436.19,5804.67,5919.34,11575,6134.75,56880.6,102175
incast,0,128,14,"n23m0123.hpc.itc.rwth-aachen.de",0,4194304,50,6060.26,6494.36,6635.87,18569.2,6985.8,95734.6,100773
incast,0,128,15,"n23m0123.hpc.itc.rwth-aachen.de",0,4194304,50,6811.73,7171.24,7352.31,14097.5,7536.08,86828.7,100561
incast,0,128,17,"n23m0123.hpc.itc.rwth-aachen.de",0,4194304,50,7413.74,7815.19,8034.81,12686.6,8195.01,49378,92651.1
incast,0,128,18,"n23m0123.hpc.itc.rwth-aachen.de",0,4194304,50,8053.26,8407.55,8714.46,11761.1,8833.19,9376.83,88506.3
incast,0,128,20,"n23m0123.hpc.itc.rwth-aachen.de",0,4194304,50,8666.38,9140.91,9401.85,13124.2,9595.96,10166.8,110261
incast,0,128,21,"n23m0123.hpc.itc.rwth-aachen.de",0,4194304,50,9344.44,9828.62,10139.7,18508.2,10269.9,92913.3,112806
incast,0,128,23,"n23m0123.hpc.itc.rwth-aachen.de",0,4194304,50,9920.92,10596.8,10877.6,27830.7,11453.5,90680.8,115100
incast,0,128,24,"n23m0123.hpc.itc.rwth-aachen.de",0,4194304,50,10641.1,11296.7,11527.2,23143.7,11759.9,103343,108822
incast,0,128,26,"n23m0123.hpc.itc.rwth-aachen.de",0,4194304,50,11229.9,11927.2,12203.3,21011.2,12516.3,100307,110816
incast,0,128,27,"n23m0123.hpc.itc.rwth-aachen.de",0,4194304,50,11876.6,12564.7,12969.9,20898.3,13201.1,89089.9,104144
incast,0,128,29,"n23m0123.hpc.itc.rwth-aachen.de",0,4194304,50,12525.5,13208,13761.8,19762,13922.7,85425,103135
incast,0,128,30,"n23m0123.hpc.itc.rwth-aachen.de",0,4194304,50,13247,13926.6,14405.4,16046.8,14677.4,15339.2,100887
incast,0,128,32,"n23m0123.hpc.itc.rwth-aachen.de",0,4194304,50,13815.2,14611.6,15192.4,21255.4,15411.1,89745.4,102341
incast,0,128,33,"n23m0123.hpc.itc.rwth-aachen.de",0,4194304,50,14478.9,15347.6,15946.2,25606,16157.2,98822.8,112562
incast,0,128,35,"n23m0123.hpc.itc.rwth-aachen.de",0,4194304,50,15223.2,15955.6,16509.1,19418.2,16839.3,17670.4,91659.3
incast,0,128,36,"n23m0123.hpc.itc.rwth-aachen.de",0,4194304,50,15875.9,16634.6,17235,22091.3,17648.3,57804.4,108553
incast,0,128,38,"n23m0123.hpc.itc.rwth-aachen.de",0,4194304,50,16556.7,17385.5,18072.1,28829.1,18618.6,98030.7,116598
incast,0,128,39,"n23m0123.hpc.itc.rwth-aachen.de",0,4194304,50,17342.5,18262.9,18938.9,30645.2,19409.4,95779,108320
incast,0,128,41,"n23m0123.hpc.itc.rwth-aachen.de",0,4194304,50,18007.2,19205.1,19680.4,34222.6,20654.6,104377,111948
incast,0,128,42,"n23m0123.hpc.itc.rwth-aachen.de",0,4194304,50,18693.9,19626.1,20315.1,28285.5,20880.6,99503.6,110412
incast,0,128,44,"n23m0123.hpc.itc.rwth-aachen.de",0,4194304,50,19400.6,20519.7,21190.4,31177.2,21677.7,96837.6,103040
incast,0,128,45,"n23m0123.hpc.itc.rwth-aachen.de",0,4194304,50,20086.5,21246.9,21889,29863.1,22465.2,104001,113367
incast,0,128,47,"n23m0123.hpc.itc.rwth-aachen.de",0,4194304,50,20759.7,21730.8,22609.3,29939.3,23156.4,95250.3,107618
incast,0,128,48,"n23m0123.hpc.itc.rwth-aachen.de",0,4194304,50,21678.6,22726,24033.1,44423,25211.6,120439,125023
incast,0,128,49,"n23m0123.hpc.itc.rwth-aachen.de",0,4194304,50,22600.1,23987,24710.5,34037.5,25305.7,106158,113891
incast,0,128,51,"n23m0123.hpc.itc.rwth-aachen.de",0,4194304,50,23539.9,25001.6,25711.8,30980.4,26327.4,86129.1,112121
incast,0,128,52,"n23m0123.hpc.itc.rwth-aachen.de",0,4194304,50,24437.9,25999.5,27108.4,43691.8,28157.9,115725,137242
incast,0,128,54,"n23m0123.hpc.itc.rwth-aachen.de",0,4194304,50,25362.9,27081.4,27798.2,34561.2,28445.5,92082,126511
incast,0,128,55,"n23m0123.hpc.itc.rwth-aachen.de",0,4194304,50,26375.8,27618.5,28812.7,39515.4,29557.3,106984,120191
incast,0,128,57,"n23m0123.hpc.itc.rwth-aachen.de",0,4194304,50,27232.2,28829.4,29763.7,42033.5,30833.3,108463,132134
incast,0,128,58,"n23m0123.hpc.itc.rwth-aachen.de",0,4194304,50,28130.5,29254.5,30732,41422.3,31580.8,115781,120453
incast,0,128,60,"n23m0123.hpc.itc.rwth-aachen.de",0,4194304,50,29027.6,30936.2,32160,49621.5,33854.5,124763,132014
incast,0,128,61,"n23m0123.hpc.itc.rwth-aachen.de",0,4194304,50,29924.7,32093.5,32934.2,43353.5,34159.4,99849.8,123171
incast,0,128,63,"n23m0123.hpc.itc.rwth-aachen.de",0,4194304,50,30883.9,33132.3,34318.4,51873.7,64164,120470,128248
incast,0,128,64,"n23m0123.hpc.itc.rwth-aachen.de",0,4194304,50,31781.1,34156.1,35339,55080,84821.7,118578,132369
incast,0,128,66,"n23m0123.hpc.itc.rwth-aachen.de",0,4194304,50,32700.5,34932.9,36044.6,45924,37650.9,95690,126125
incast,0,128,67,"n23m0123.hpc.itc.rwth-aachen.de",0,4194304,50,33600.9,35289.2,36975.4,44278.6,38009.9,113283,122615
incast,0,128,69,"n23m0123.hpc.itc.rwth-aachen.de",0,4194304,50,34481.6,37340.5,38766.4,49042.6,40276.4,98389.7,122129
incast,0,128,70,"n23m0123.hpc.itc.rwth-aachen.de",0,4194304,50,35565.4,38308.8,39502.3,57246.2,68931.5,122298,139143
incast,0,128,72,"n23m0123.hpc.itc.rwth-aachen.de",0,4194304,50,36538.2,39048.1,40945.9,55298.3,68716.4,109691,118203
incast,0,128,73,"n23m0123.hpc.itc.rwth-aachen.de",0,4194304,50,37426.1,40082.7,42189.4,61215,93277.8,124945,141795
incast,0,128,75,"n23m0123.hpc.itc.rwth-aachen.de",0,4194304,50,38403.1,40939.6,42806.8,54560.2,43856.2,117467,130374
incast,0,128,76,"n23m0123.hpc.itc.rwth-aachen.de",0,4194304,50,39232.7,42581.7,43831,56180.5,45649.4,110720,118585
incast,0,128,78,"n23m0123.hpc.itc.rwth-aachen.de",0,4194304,50,39562.3,42924.4,44766.1,58386.5,75010.7,107183,132576
incast,0,128,79,"n23m0123.hpc.itc.rwth-aachen.de",0,4194304,50,40529.3,44665.8,46120.1,60946.2,74770,114532,128265
incast,0,128,81,"n23m0123.hpc.itc.rwth-aachen.de",0,4194304,50,41558.1,44719.5,46666.5,57685.4,48908.9,111882,126678
incast,0,128,82,"n23m0123.hpc.itc.rwth-aachen.de",0,4194304,50,43020.5,45898,47352.3,54622.7,48522,113625,123621
incast,0,128,84,"n23m0123.hpc.itc.rwth-aachen.de",0,4194304,50,43372.1,46695.9,48349.8,57993.5,49410.3,110403,128360
incast,0,128,85,"n23m0123.hpc.itc.rwth-aachen.de",0,4194304,50,44143.6,47564,49167.2,58231.9,50661.3,106299,124406
incast,0,128,87,"n23m0123.hpc.itc.rwth-aachen.de",0,4194304,50,45044.5,48277.8,50380.1,56820.1,51665.9,106982,112360
incast,0,128,88,"n23m0123.hpc.itc.rwth-aachen.de",0,4194304,50,45874.6,48921.7,50998.7,57449.4,52501.2,107986,112501
incast,0,128,90,"n23m0123.hpc.itc.rwth-aachen.de",0,4194304,50,46716.2,50846,52496.1,61274,54449.1,109848,128079
incast,0,128,91,"n23m0123.hpc.itc.rwth-aachen.de",0,4194304,50,47554.4,51543.9,53123.8,59699.6,54447.1,108072,118953
incast,0,128,93,"n23m0123.hpc.itc.rwth-aachen.de",0,4194304,50,48367.2,51167.6,53574.5,59734.3,55343.6,113914,119893
incast,0,128,94,"n23m0123.hpc.itc.rwth-aachen.de",0,4194304,50,49143.3,52507.1,55008.8,62836.4,56807.9,115468,124232
incast,0,128,96,"r23m0124.hpc.itc.rwth-aachen.de",1,4194304,50,128791,139300,144636,143657,147202,152681,154037
incast,0,128,97,"r23m0124.hpc.itc.rwth-aachen.de",1,4194304,50,54420.5,136632,143614,138189,146678,151024,154218
incast,0,128,99,"r23m0124.hpc.itc.rwth-aachen.de",1,4194304,50,125723,143427,145753,146203,149148,154006,157866
incast,0,128,100,"r23m0124.hpc.itc.rwth-aachen.de",1,4194304,50,135108,142083,146036,145483,149660,153989,155696
incast,0,128,102,"r23m0124.hpc.itc.rwth-aachen.de",1,4194304,50,133567,141695,144603,145139,148348,154064,158315
incast,0,128,103,"r23m0124.hpc.itc.rwth-aachen.de",1,4194304,50,85141.1,112108,115165,115447,118397,125824,132485
incast,0,128,105,"r23m0124.hpc.itc.rwth-aachen.de",1,4194304,50,118654,139246,143258,143301,147630,153530,155972
incast,0,128,106,"r23m0124.hpc.itc.rwth-aachen.de",1,4194304,50,125665,140971,145196,144731,148726,153709,158608
incast,0,128,108,"r23m0124.hpc.itc.rwth-aachen.de",1,4194304,50,138227,143960,146177,146890,149904,154961,158755
incast,0,128,109,"r23m0124.hpc.itc.rwth-aachen.de",1,4194304,50,55094.6,124696,137294,125985,145408,152045,159828
incast,0,128,111,"r23m0124.hpc.itc.rwth-aachen.de",1,4194304,50,122666,138368,141841,141771,145574,153371,154853
incast,0,128,112,"r23m0124.hpc.itc.rwth-aachen.de",1,4194304,50,135092,141500,144348,144984,147647,152396,159197
incast,0,128,114,"r23m0124.hpc.itc.rwth-aachen.de",1,4194304,50,118650,140735,143863,144013,147470,153475,158628
incast,0,128,115,"r23m0124.hpc.itc.rwth-aachen.de",1,4194304,50,107271,118372,122194,122393,126466,130690,134688
incast,0,128,117,"r23m0124.hpc.itc.rwth-aachen.de",1,4194304,50,131957,141708,144007,144713,147820,152731,157143
incast,0,128,118,"r23m0124.hpc.itc.rwth-aachen.de",1,4194304,50,131832,143028,145605,145851,148607,154296,159629
incast,0,128,120,"r23m0124.hpc.itc.rwth-aachen.de",1,4194304,50,115418,122269,126699,126244,129994,135203,141880
incast,0,128,121,"r23m0124.hpc.itc.rwth-aachen.de",1,4194304,50,59986.6,114378,120645,116461,125683,129994,134725
incast,0,128,123,"r23m0124.hpc.itc.rwth-aachen.de",1,4194304,50,126625,142224,145418,145262,149692,154845,159707
incast,0,128,124,"r23m0124.hpc.itc.rwth-aachen.de",1,4194304,50,127283,139145,143506,142860,146295,152708,158608
incast,0,128,126,"r23m0124.hpc.itc.rwth-aachen.de",1,4194304,50,120231,136911,141656,141010,146470,151446,156947
incast,0,128,127,"r23m0124.hpc.itc.rwth-aachen.de",1,4194304,50,104995,139607,144504,142272,147309,151229,159595
incast,0,128,129,"r23m0124.hpc.itc.rwth-aachen.de",1,4194304,50,123114,140132,144097,143427,147001,151155,159322
incast,0,128,130,"r23m0124.hpc.itc.rwth-aachen.de",1,4194304,50,125659,142798,145941,145701,149109,153796,159442
incast,0,128,132,"r23m0124.hpc.itc.rwth-aachen.de",1,4194304,50,127790,142149,144354,144862,148144,153631,158501
incast,0,128,133,"r23m0124.hpc.itc.rwth-aachen.de",1,4194304,50,133461,142317,145366,145637,148302,153197,155153
incast,0,128,135,"r23m0124.hpc.itc.rwth-aachen.de",1,4194304,50,128985,141737,145410,145025,147930,153649,158015
incast,0,128,136,"r23m0124.hpc.itc.rwth-aachen.de",1,4194304,50,127340,143763,145543,145935,148591,154767,157712
incast,0,128,138,"r23m0124.hpc.itc.rwth-aachen.de",1,4194304,50,120447,141167,144539,143600,147834,152964,156777
incast,0,128,139,"r23m0124.hpc.itc.rwth-aachen.de",1,4194304,50,64762.9,110429,114733,111611,118968,125239,129814
incast,0,128,141,"r23m0124.hpc.itc.rwth-aachen.de",1,4194304,50,129203,141958,144985,144692,147797,154299,159502
incast,0,128,142,"r23m0124.hpc.itc.rwth-aachen.de",1,4194304,50,132475,141824,145422,145571,149216,152892,158964
incast,0,128,144,"r23m0124.hpc.itc.rwth-aachen.de",1,4194304,50,130224,140615,143509,144100,147445,152334,158680
incast,0,128,145,"r23m0124.hpc.itc.rwth-aachen.de",1,4194304,50,105692,113811,116948,117590,121154,126397,133756
incast,0,128,147,"r23m0124.hpc.itc.rwth-aachen.de",1,4194304,50,115752,139812,143984,142867,147283,152752,158761
incast,0,128,148,"r23m0124.hpc.itc.rwth-aachen.de",1,4194304,50,123010,143183,145809,145780,148373,154904,159707
incast,0,128,150,"r23m0124.hpc.itc.rwth-aachen.de",1,4194304,50,134165,140771,143768,144176,147218,152890,157386
incast,0,128,151,"r23m0124.hpc.itc.rwth-aachen.de",1,4194304,50,103610,114388,116841,117718,119746,129733,138418
incast,0,128,153,"r23m0124.hpc.itc.rwth-aachen.de",1,4194304,50,103581,115476,118384,119174,122458,128457,134113
incast,0,128,154,"r23m0124.hpc.itc.rwth-aachen.de",1,4194304,50,125446,142152,145137,144611,148158,151735,159445
incast,0,128,156,"r23m0124.hpc.itc.rwth-aachen.de",1,4194304,50,133768,142612,145691,145821,148505,154593,158807
incast,0,128,157,"r23m0124.hpc.itc.rwth-aachen.de",1,4194304,50,120699,140735,144150,143553,147653,152814,159771
incast,0,128,159,"r23m0124.hpc.itc.rwth-aachen.de",1,4194304,50,127424,142437,144697,145276,147728,154201,158601
incast,0,128,160,"r23m0124.hpc.itc.rwth-aachen.de",1,4194304,50,73482.2,142441,145806,143464,149185,154831,158576
incast,0,128,162,"r23m0124.hpc.itc.rwth-aachen.de",1,4194304,50,119738,143636,146447,146453,149647,154706,158921
incast,0,128,163,"r23m0124.hpc.itc.rwth-aachen.de",1,4194304,50,71102.5,131303,143072,135952,148174,152247,170957
incast,0,128,165,"r23m0124.hpc.itc.rwth-aachen.de",1,4194304,50,137962,142350,145726,146296,149705,154595,159452
incast,0,128,166,"r23m0124.hpc.itc.rwth-aachen.de",1,4194304,50,84255.1,135752,140444,139212,144567,150058,156562
incast,0,128,168,"r23m0124.hpc.itc.rwth-aachen.de",1,4194304,50,109716,117695,120797,120922,124062,127546,133884
incast,0,128,169,"r23m0124.hpc.itc.rwth-aachen.de",1,4194304,50,120433,141265,145577,144865,148417,154109,159012
incast,0,128,171,"r23m0124.hpc.itc.rwth-aachen.de",1,4194304,50,77077.2,121755,124146,123562,128558,133317,136273
incast,0,128,172,"r23m0124.hpc.itc.rwth-aachen.de",1,4194304,50,125415,141356,145788,145270,148601,154807,158422
incast,0,128,174,"r23m0124.hpc.itc.rwth-aachen.de",1,4194304,50,120586,142239,144620,144921,148219,154839,159265
incast,0,128,175,"r23m0124.hpc.itc.rwth-aachen.de",1,4194304,50,135591,144050,145617,146397,148619,152521,158959
incast,0,128,177,"r23m0124.hpc.itc.rwth-aachen.de",1,4194304,50,106898,118022,121359,121504,124174,130952,132983
incast,0,128,178,"r23m0124.hpc.itc.rwth-aachen.de",1,4194304,50,134566,142308,144561,145579,149262,152969,157343
incast,0,128,180,"r23m0124.hpc.itc.rwth-aachen.de",1,4194304,50,79727.1,140268,143446,142384,146642,152763,157380
incast,0,128,181,"r23m0124.hpc.itc.rwth-aachen.de",1,4194304,50,86943.6,141073,143024,140506,146301,151848,152401
incast,0,128,183,"r23m0124.hpc.itc.rwth-aachen.de",1,4194304,50,116865,140577,145231,143337,148290,153964,157706
incast,0,128,184,"r23m0124.hpc.itc.rwth-aachen.de",1,4194304,50,136287,142288,145741,145817,148318,154383,158299
incast,0,128,186,"r23m0124.hpc.itc.rwth-aachen.de",1,4194304,50,83252.4,118201,121974,121107,124557,128475,136421
incast,0,128,187,"r23m0124.hpc.itc.rwth-aachen.de",1,4194304,50,130623,141456,144965,144382,147366,153001,153810
incast,0,128,189,"r23m0124.hpc.itc.rwth-aachen.de",1,4194304,50,129529,142474,145732,145786,149511,155031,158864
incast,0,128,190,"r23m0124.hpc.itc.rwth-aachen.de",1,4194304,50,133360,140333,143518,143446,147347,150387,151890
fanout,0,128,1,"n23m0123.hpc.itc.rwth-aachen.de",0,4194304,50,80907.4,81538.3,82371.5,83045.2,83591.2,85708.2,94297.1
fanout,0,128,2,"n23m0123.hpc.itc.rwth-aachen.de",0,4194304,50,80360.6,80996,81810.4,82098.1,83037.6,84532.3,85470.8
fanout,0,128,3,"n23m0123.hpc.itc.rwth-aachen.de",0,4194304,50,79805.4,80436.8,81198.3,81511.1,82478.7,83995.3,84859.8
fanout,0,128,5,"n23m0123.hpc.itc.rwth-aachen.de",0,4194304,50,75164.5,79745.7,80539.5,80816.6,81633.1,83568.6,84364
fanout,0,128,6,"n23m0123.hpc.itc.rwth-aachen.de",0,4194304,50,2302.36,77821.2,78306.2,77270.2,79293.5,81327.7,83295.9
fanout,0,128,8,"n23m0123.hpc.itc.rwth-aachen.de",0,4194304,50,2284.75,2315.23,2334.88,2366.67,2371.05,2491.31,2866.64
fanout,0,128,9,"n23m0123.hpc.itc.rwth-aachen.de",0,4194304,50,2751.51,2845.44,2866.53,5857.77,2933.54,3413.54,78679.8
fanout,0,128,11,"n23m0123.hpc.itc.rwth-aachen.de",0,4194304,50,2971.42,3371.31,3404.75,7908.29,3489.93,43751.5,79898.5
fanout,0,128,12,"n23m0123.hpc.itc.rwth-aachen.de",0,4194304,50,3477.32,3853.59,3891.19,8352.52,4004,45019.2,77433.5
fanout,0,128,14,"n23m0123.hpc.itc.rwth-aachen.de",0,4194304,50,3962.64,4381.93,4441.15,16095.6,4612.03,77321.9,79018.7
fanout,0,128,15,"n23m0123.hpc.itc.rwth-aachen.de",0,4194304,50,4510.53,4893.99,4945.37,7892.23,5041.7,6644.78,78314.5
fanout,0,128,17,"n23m0123.hpc.itc.rwth-aachen.de",0,4194304,50,5040.68,5419.33,5486.8,8394.86,5577.44,7201.31,77315.7
fanout,0,128,18,"n23m0123.hpc.itc.rwth-aachen.de",0,4194304,50,5554.18,5928.83,5996.89,13078.3,6137.06,76446,77804.2
fanout,0,128,20,"n23m0123.hpc.itc.rwth-aachen.de",0,4194304,50,6116.8,6435.47,6520.66,12214.6,6631.81,76365,79574.3
fanout,0,128,21,"n23m0123.hpc.itc.rwth-aachen.de",0,4194304,50,429.348,6892.83,6994.56,6919.94,7060.51,7481.19,9334.03
fanout,0,128,23,"n23m0123.hpc.itc.rwth-aachen.de",0,4194304,50,7185.67,7480.02,7588.86,9027.18,7661.48,8237.12,77490.4
fanout,0,128,24,"n23m0123.hpc.itc.rwth-aachen.de",0,4194304,50,7663.68,8013.55,8095.21,12345.8,8207.1,46794.2,80163.7
fanout,0,128,26,"n23m0123.hpc.itc.rwth-aachen.de",0,4194304,50,8269.89,8559.21,8660.85,19656.4,8988.57,77194.3,80306.9
fanout,0,128,27,"n23m0123.hpc.itc.rwth-aachen.de",0,4194304,50,8758.33,9043.24,9216.14,24022.8,10103.5,77076,78547.1
fanout,0,128,29,"n23m0123.hpc.itc.rwth-aachen.de",0,4194304,50,9075.41,9585.64,9737.98,16275.3,9954.04,75658,76746.9
fanout,0,128,30,"n23m0123.hpc.itc.rwth-aachen.de",0,4194304,50,9627.83,10028.3,10217.4,12951.8,10370,11961,78769.4
fanout,0,128,32,"n23m0123.hpc.itc.rwth-aachen.de",0,4194304,50,10130.7,10540.2,10706,14740.6,10880.8,48067.7,77192.6
fanout,0,128,33,"n23m0123.hpc.itc.rwth-aachen.de",0,4194304,50,10697,11093.8,11256.7,13966.9,11423,12143.5,79163.1
fanout,0,128,35,"n23m0123.hpc.itc.rwth-aachen.de",0,4194304,50,11216.7,11650,11830.2,13208.8,11975.1,12677.9,78498.5
fanout,0,128,36,"n23m0123.hpc.itc.rwth-aachen.de",0,4194304,50,11788.5,12198.1,12407.2,17633.7,12559,76704.5,79108.6
fanout,0,128,38,"n23m0123.hpc.itc.rwth-aachen.de",0,4194304,50,12324.2,12744.2,12976.8,19423.5,13131.9,77128,80094.6
fanout,0,128,39,"n23m0123.hpc.itc.rwth-aachen.de",0,4194304,50,12864,13278.7,13504,16071.9,13611.9,15192.4,78036.7
fanout,0,128,41,"n23m0123.hpc.itc.rwth-aachen.de",0,4194304,50,13411.5,13867.5,14090.8,21743.8,14255,77846.5,80732.5
fanout,0,128,42,"n23m0123.hpc.itc.rwth-aachen.de",0,4194304,50,13932.8,14379.8,14585.1,19647.5,14768.5,76367.3,80300.4
fanout,0,128,44,"n23m0123.hpc.itc.rwth-aachen.de",0,4194304,50,14446.5,14976.4,15143.9,20201.9,15331.5,76794.4,80047.9
fanout,0,128,45,"n23m0123.hpc.itc.rwth-aachen.de",0,4194304,50,8200.24,15531,15702.6,18022.9,15910.8,17387.9,76725.1
fanout,0,128,47,"n23m0123.hpc.itc.rwth-aachen.de",0,4194304,50,15709.1,16104.3,16259.9,19999.9,16471.6,50341.3,79410.1
fanout,0,128,48,"n23m0123.hpc.itc.rwth-aachen.de",0,4194304,50,807.291,16884.3,17049.7,22913.9,17413.9,77371.1,82782.9
fanout,0,128,49,"n23m0123.hpc.itc.rwth-aachen.de",0,4194304,50,17196.8,17854.4,18068.4,30158.4,18587.6,80059.9,82181.2
fanout,0,128,51,"n23m0123.hpc.itc.rwth-aachen.de",0,4194304,50,17977.6,18683.7,18944,28715.5,19343,80807.6,83107.3
fanout,0,128,52,"n23m0123.hpc.itc.rwth-aachen.de",0,4194304,50,19003.3,19643.8,19924.3,26916.1,20311.1,78589.7,81167.7
fanout,0,128,54,"n23m0123.hpc.itc.rwth-aachen.de",0,4194304,50,19965.4,20490.2,20931.5,27601.8,21343.9,76687.9,78545.9
fanout,0,128,55,"n23m0123.hpc.itc.rwth-aachen.de",0,4194304,50,20916.8,21353.1,21781.2,25168.4,22074.5,53083.5,79831.6
fanout,0,128,57,"n23m0123.hpc.itc.rwth-aachen.de",0,4194304,50,22020,22367.4,22797,26174.1,23189.3,54268.6,79731.5
fanout,0,128,58,"n23m0123.hpc.itc.rwth-aachen.de",0,4194304,50,22869.9,23409.1,23788.5,27029.5,24124.6,52210.7,79753.4
fanout,0,128,60,"n23m0123.hpc.itc.rwth-aachen.de",0,4194304,50,23435.8,24382.3,24840.4,29047.2,25259.2,75741.9,81691.6
fanout,0,128,61,"n23m0123.hpc.itc.rwth-aachen.de",0,4194304,50,18060.8,25296.6,25627.7,26631.4,26017.6,27055.1,80322.4
fanout,0,128,63,"n23m0123.hpc.itc.rwth-aachen.de",0,4194304,50,25211.3,26263.2,26662,26671.7,27004.5,28027.4,28484.1
fanout,0,128,64,"n23m0123.hpc.itc.rwth-aachen.de",0,4194304,50,26166.1,27239.7,27636.7,27635.7,27960.9,28833.5,29438.2
fanout,0,128,66,"n23m0123.hpc.itc.rwth-aachen.de",0,4194304,50,27117,28164.1,28571.6,28594,28979,29873.8,30358.4
fanout,0,128,67,"n23m0123.hpc.itc.rwth-aachen.de",0,4194304,50,28043.3,29121.9,29545.6,30466.7,29978.2,31002,74655.8
fanout,0,128,69,"n23m0123.hpc.itc.rwth-aachen.de",0,4194304,50,23037.3,29998.5,30455.5,30348.9,30855.5,31881.1,32211.3
fanout,0,128,70,"n23m0123.hpc.itc.rwth-aachen.de",0,4194304,50,29969.5,31042.7,31554.2,33347.4,31983.7,33061.9,79430.7
fanout,0,128,72,"n23m0123.hpc.itc.rwth-aachen.de",0,4194304,50,30922,31938.7,32440.5,34141.3,32944,33961.6,75410.2
fanout,0,128,73,"n23m0123.hpc.itc.rwth-aachen.de",0,4194304,50,31926.8,32871.2,33316.9,34273.1,33827.3,34833.8,79351.3
fanout,0,128,75,"n23m0123.hpc.itc.rwth-aachen.de",0,4194304,50,32876.7,33798.9,34196.6,34257.1,34708.6,35756.3,35839.9
fanout,0,128,76,"n23m0123.hpc.itc.rwth-aachen.de",0,4194304,50,33778.7,34703.8,35110.6,35174,35649.6,36687.1,36820.5
fanout,0,128,78,"n23m0123.hpc.itc.rwth-aachen.de",0,4194304,50,34739.9,35701.7,36037.7,36131.5,36634,37614.4,37804.6
fanout,0,128,79,"n23m0123.hpc.itc.rwth-aachen.de",0,4194304,50,35665.9,36654.9,36967,37905.2,37590.6,38652.5,79388.5
fanout,0,128,81,"n23m0123.hpc.itc.rwth-aachen.de",0,4194304,50,36630.8,37485.7,37913.6,39636.2,38541.8,39759.5,79310.1
fanout,0,128,82,"n23m0123.hpc.itc.rwth-aachen.de",0,4194304,50,37555.9,38603.1,38932.5,41343.6,39561.3,60193.4,80821.5
fanout,0,128,84,"n23m0123.hpc.itc.rwth-aachen.de",0,4194304,50,38480.6,39318.1,39813.7,41338.9,40443.5,41647.8,80650
fanout,0,128,85,"n23m0123.hpc.itc.rwth-aachen.de",0,4194304,50,32173.9,40238.5,40766.8,41322.3,41379.5,42358.6,74739
fanout,0,128,87,"n23m0123.hpc.itc.rwth-aachen.de",0,4194304,50,40102.6,41088.9,41638,41691.8,42239.4,43263.1,43897.6
fanout,0,128,88,"n23m0123.hpc.itc.rwth-aachen.de",0,4194304,50,41000,42032.9,42554.7,43348,43209.9,44214.5,79180.2
fanout,0,128,90,"n23m0123.hpc.itc.rwth-aachen.de",0,4194304,50,41927,43032.9,43499.8,45023.4,44133,45503.5,81620.2
fanout,0,128,91,"n23m0123.hpc.itc.rwth-aachen.de",0,4194304,50,42394.3,43843.8,44354.7,44414,44953.8,46072.5,46725.3
fanout,0,128,93,"n23m0123.hpc.itc.rwth-aachen.de",0,4194304,50,37193.2,44758.1,45247,45190.6,45885.9,47046,47657.1
fanout,0,128,94,"n23m0123.hpc.itc.rwth-aachen.de",0,4194304,50,44394,45747.2,46158.9,46976.1,46842.7,47997.5,82064.4
fanout,0,128,96,"r23m0124.hpc.itc.rwth-aachen.de",1,4194304,50,45840,47547.8,48124.6,53034.2,49637.2,78950.8,81868.5
fanout,0,128,97,"r23m0124.hpc.itc.rwth-aachen.de",1,4194304,50,46128.8,48001,48449.5,55970.8,70713.8,79121.4,80981.3
fanout,0,128,99,"r23m0124.hpc.itc.rwth-aachen.de",1,4194304,50,47157.4,48905.5,49405.4,57232.5,73878.3,77787.6,81107
fanout,0,128,100,"r23m0124.hpc.itc.rwth-aachen.de",1,4194304,50,46719.9,48495.5,49266,54093.2,50201.2,78919.9,80557.3
fanout,0,128,102,"r23m0124.hpc.itc.rwth-aachen.de",1,4194304,50,47597.9,49259.7,49663.1,54651.2,51007.3,78831.8,79619.6
fanout,0,128,103,"r23m0124.hpc.itc.rwth-aachen.de",1,4194304,50,47943.4,49528.8,50222.2,54131.8,51520.9,76756,79195.6
fanout,0,128,105,"r23m0124.hpc.itc.rwth-aachen.de",1,4194304,50,48444.5,50011.9,50673.2,54700.3,51886.7,77296,79595.3
fanout,0,128,106,"r23m0124.hpc.itc.rwth-aachen.de",1,4194304,50,48672.8,50568.2,51291.1,54994.4,52788.6,77192.7,79377.2
fanout,0,128,108,"r23m0124.hpc.itc.rwth-aachen.de",1,4194304,50,48934.3,50515.8,51397.3,55589.1,52897.2,77092.6,79596.7
fanout,0,128,109,"r23m0124.hpc.itc.rwth-aachen.de",1,4194304,50,43750.7,50841.7,51691.5,54755.8,52990.7,76153.6,77663.8
fanout,0,128,111,"r23m0124.hpc.itc.rwth-aachen.de",1,4194304,50,49565.4,51452.6,51975.4,55042.1,53118.3,77550.7,80852
fanout,0,128,112,"r23m0124.hpc.itc.rwth-aachen.de",1,4194304,50,18125,51702.4,52602.1,53779.8,53398.1,74910.1,77774.5
fanout,0,128,114,"r23m0124.hpc.itc.rwth-aachen.de",1,4194304,50,50973.7,52493,53010.1,55888.2,54046.7,77214.9,79792.1
fanout,0,128,115,"r23m0124.hpc.itc.rwth-aachen.de",1,4194304,50,51090.6,52404.3,52868,57223.6,54469.4,78164.1,79235.6
fanout,0,128,117,"r23m0124.hpc.itc.rwth-aachen.de",1,4194304,50,51872.9,53052.5,53471.7,59310,67914.8,77499.8,79328
fanout,0,128,118,"r23m0124.hpc.itc.rwth-aachen.de",1,4194304,50,51851.6,53532.9,53977.5,58078.1,56099.9,75818.8,77544.2
fanout,0,128,120,"r23m0124.hpc.itc.rwth-aachen.de",1,4194304,50,52377.1,54017.9,54570.8,58917.1,56503.4,77797.9,78781.4
fanout,0,128,121,"r23m0124.hpc.itc.rwth-aachen.de",1,4194304,50,52774.8,54364.6,54794.9,58873.3,56897.4,77182.6,79310.4
fanout,0,128,123,"r23m0124.hpc.itc.rwth-aachen.de",1,4194304,50,53878.9,55497.9,57952.3,65965.8,77416.9,80023.6,81734.9
fanout,0,128,124,"r23m0124.hpc.itc.rwth-aachen.de",1,4194304,50,54125.6,55639.3,56404.8,63107.1,73604.3,76341.1,79417.9
fanout,0,128,126,"r23m0124.hpc.itc.rwth-aachen.de",1,4194304,50,54553.7,55963.3,56889.4,62381,73599,76415.9,79165.7
fanout,0,128,127,"r23m0124.hpc.itc.rwth-aachen.de",1,4194304,50,53708.8,55458.8,56355.9,57647.9,57096.5,74397.8,77021.1
fanout,0,128,129,"r23m0124.hpc.itc.rwth-aachen.de",1,4194304,50,54702.4,56306.6,57196.1,60194.1,58188.7,78438.8,79866.2
fanout,0,128,130,"r23m0124.hpc.itc.rwth-aachen.de",1,4194304,50,55411.7,56773.7,57845.3,61243.2,59431.7,76454.7,81102.9
fanout,0,128,132,"r23m0124.hpc.itc.rwth-aachen.de",1,4194304,50,55850.7,57008.4,58173.4,62196.4,68911.5,77323.6,79343.9
fanout,0,128,133,"r23m0124.hpc.itc.rwth-aachen.de",1,4194304,50,50252.4,57153.5,58023.2,60608.4,59420.9,77189.6,79298.9
fanout,0,128,135,"r23m0124.hpc.itc.rwth-aachen.de",1,4194304,50,55195.1,57473.2,58212.3,60464.8,59666.5,77457.3,79513.6
fanout,0,128,136,"r23m0124.hpc.itc.rwth-aachen.de",1,4194304,50,55855.9,57676.7,58425.8,60086.8,59691,74352.8,79750.8
fanout,0,128,138,"r23m0124.hpc.itc.rwth-aachen.de",1,4194304,50,56993.1,58753.8,59514.5,62258,60995.7,77335.1,83896.5
fanout,0,128,139,"r23m0124.hpc.itc.rwth-aachen.de",1,4194304,50,57021.4,58534.3,59110.3,62078.6,60802.1,77479.7,79875.5
fanout,0,128,141,"r23m0124.hpc.itc.rwth-aachen.de",1,4194304,50,52395.8,59303,59924.3,62783.2,61893,76339.2,81141
fanout,0,128,142,"r23m0124.hpc.itc.rwth-aachen.de",1,4194304,50,56304,59320.3,60081,62175.7,61499.5,76965.5,79064
fanout,0,128,144,"r23m0124.hpc.itc.rwth-aachen.de",1,4194304,50,56871.1,59795.1,60360.9,62373.8,61508.6,75920.5,77043.3
fanout,0,128,145,"r23m0124.hpc.itc.rwth-aachen.de",1,4194304,50,57218.8,59912.2,60568.1,63165,62180.5,77348.7,80503.1
fanout,0,128,147,"r23m0124.hpc.itc.rwth-aachen.de",1,4194304,50,57845.2,60419.7,61172.2,63760.6,62822.9,76271.9,78056.7
fanout,0,128,148,"r23m0124.hpc.itc.rwth-aachen.de",1,4194304,50,58924.9,61321.7,62323.8,66441.4,73717.5,79548.8,80631.9
fanout,0,128,150,"r23m0124.hpc.itc.rwth-aachen.de",1,4194304,50,59553.2,61444.7,62668.6,65852.2,71483.7,76727.5,79507.1
fanout,0,128,151,"r23m0124.hpc.itc.rwth-aachen.de",1,4194304,50,59765.2,61614.1,62988,65622.1,65179.5,76403.7,79090.1
fanout,0,128,153,"r23m0124.hpc.itc.rwth-aachen.de",1,4194304,50,58567.7,61613.7,62589.7,63443.1,63738.7,73286.5,77969.1
fanout,0,128,154,"r23m0124.hpc.itc.rwth-aachen.de",1,4194304,50,58720.4,61877.3,62920.1,64107.9,63769.2,76768.3,81225.1
fanout,0,128,156,"r23m0124.hpc.itc.rwth-aachen.de",1,4194304,50,60612.5,63659.8,64525.5,65842.8,65603.5,77237.8,79146.8
fanout,0,128,157,"r23m0124.hpc.itc.rwth-aachen.de",1,4194304,50,55507,63085.9,63821.3,64897.1,65030.2,74784.2,80071.8
fanout,0,128,159,"r23m0124.hpc.itc.rwth-aachen.de",1,4194304,50,60525.8,63462.5,64294.5,65250.3,65311.6,75415.9,84013.6
fanout,0,128,160,"r23m0124.hpc.itc.rwth-aachen.de",1,4194304,50,60723.4,63606.2,64532.4,66259.4,65842.1,78313.5,80478.7
fanout,0,128,162,"r23m0124.hpc.itc.rwth-aachen.de",1,4194304,50,61897.7,64568,65879.3,66916.2,67454.7,75478.4,79309.8
fanout,0,128,163,"r23m0124.hpc.itc.rwth-aachen.de",1,4194304,50,61827.8,65038.9,66450.5,67814.5,67942.1,75178.6,79737.1
fanout,0,128,165,"r23m0124.hpc.itc.rwth-aachen.de",1,4194304,50,57761.3,64953.6,65967.9,67228.9,67409.1,76376.2,77307.4
fanout,0,128,166,"r23m0124.hpc.itc.rwth-aachen.de",1,4194304,50,63499.6,65766.4,67276.1,68419.4,68573.1,75265.4,92622.5
fanout,0,128,168,"r23m0124.hpc.itc.rwth-aachen.de",1,4194304,50,63991.1,66002.7,67209.4,68357.1,68595.6,77940.6,79279
fanout,0,128,169,"r23m0124.hpc.itc.rwth-aachen.de",1,4194304,50,62382.7,66006.6,67030.5,68099.5,68518.4,77313.2,81027.9
fanout,0,128,171,"r23m0124.hpc.itc.rwth-aachen.de",1,4194304,50,62907.4,66856.1,68329.1,69400,69960.5,78289.5,78946.1
fanout,0,128,172,"r23m0124.hpc.itc.rwth-aachen.de",1,4194304,50,63721.1,67718.3,68947.9,70091.4,71047.3,78076.8,81392
fanout,0,128,174,"r23m0124.hpc.itc.rwth-aachen.de",1,4194304,50,64426.7,68297.4,69851.4,70684.1,72428.8,77613.8,80779.3
fanout,0,128,175,"r23m0124.hpc.itc.rwth-aachen.de",1,4194304,50,65012.9,67786,69277.1,69829,70897.7,76025.3,76855.3
fanout,0,128,177,"r23m0124.hpc.itc.rwth-aachen.de",1,4194304,50,64798.8,67822.7,69498.3,70410.3,70918,78915.6,81383.6
fanout,0,128,178,"r23m0124.hpc.itc.rwth-aachen.de",1,4194304,50,65391.1,68507.9,70193.8,70865.7,71810.1,78107.2,80120.1
fanout,0,128,180,"r23m0124.hpc.itc.rwth-aachen.de",1,4194304,50,66316.7,69337.7,71432.6,71699.6,72891.3,77611.6,78912.2
fanout,0,128,181,"r23m0124.hpc.itc.rwth-aachen.de",1,4194304,50,61137.9,69286.3,71095.3,71394.4,72123.7,79798.8,81697.9
fanout,0,128,183,"r23m0124.hpc.itc.rwth-aachen.de",1,4194304,50,65127.6,69654.1,71611.4,71738.9,73080.3,77131.5,80135.5
fanout,0,128,184,"r23m0124.hpc.itc.rwth-aachen.de",1,4194304,50,68306.7,70215.8,72305.1,72439.6,73394.8,79056.9,81054.9
fanout,0,128,186,"r23m0124.hpc.itc.rwth-aachen.de",1,4194304,50,68718.1,70491,72380,72203.1,73673.7,74529.7,80917.6
fanout,0,128,187,"r23m0124.hpc.itc.rwth-aachen.de",1,4194304,50,68665.7,70698,72979.3,72420.3,73802,75986.9,78163.6
fanout,0,128,189,"r23m0124.hpc.itc.rwth-aachen.de",1,4194304,50,64264.3,71342.8,72897.3,72786.1,74305.4,76250.5,79927.7
fanout,0,128,190,"r23m0124.hpc.itc.rwth-aachen.de",1,4194304,50,68638.7,72154.5,73378.9,73490.8,74836.5,76824.6,78585.7
full_duplex,0,128,1,"n23m0123.hpc.itc.rwth-aachen.de",0,4194304,50,209036,210773,211414,212098,212357,213785,239086
full_duplex,0,128,2,"n23m0123.hpc.itc.rwth-aachen.de",0,4194304,50,208479,210240,210845,211558,211797,213303,238644
full_duplex,0,128,3,"n23m0123.hpc.itc.rwth-aachen.de",0,4194304,50,207287,209147,209791,210621,211087,212297,237825
full_duplex,0,128,5,"n23m0123.hpc.itc.rwth-aachen.de",0,4194304,50,206639,208332,208820,209653,209979,211332,236027
full_duplex,0,128,6,"n23m0123.hpc.itc.rwth-aachen.de",0,4194304,50,132036,132953,181887,171021,207828,209423,210698
full_duplex,0,128,8,"n23m0123.hpc.itc.rwth-aachen.de",0,4194304,50,131608,133108,133422,133893,133700,134579,160301
full_duplex,0,128,9,"n23m0123.hpc.itc.rwth-aachen.de",0,4194304,50,132314,133710,134107,134524,134277,135221,160878
full_duplex,0,128,11,"n23m0123.hpc.itc.rwth-aachen.de",0,4194304,50,132864,134224,134590,135038,134776,135697,161317
full_duplex,0,128,12,"n23m0123.hpc.itc.rwth-aachen.de",0,4194304,50,133374,134729,135137,135532,135301,136232,161825
full_duplex,0,128,14,"n23m0123.hpc.itc.rwth-aachen.de",0,4194304,50,133849,135233,135595,135999,135777,136668,162253
full_duplex,0,128,15,"n23m0123.hpc.itc.rwth-aachen.de",0,4194304,50,134324,135730,136081,136498,136269,137176,162745
full_duplex,0,128,17,"n23m0123.hpc.itc.rwth-aachen.de",0,4194304,50,134804,136196,136576,136986,136813,137643,163172
full_duplex,0,128,18,"n23m0123.hpc.itc.rwth-aachen.de",0,4194304,50,135276,136645,137021,137432,137213,138107,163743
full_duplex,0,128,20,"n23m0123.hpc.itc.rwth-aachen.de",0,4194304,50,135700,137143,137476,139270,137700,138631,206764
full_duplex,0,128,21,"n23m0123.hpc.itc.rwth-aachen.de",0,4194304,50,136234,137652,137957,139696,138203,139119,204596
full_duplex,0,128,23,"n23m0123.hpc.itc.rwth-aachen.de",0,4194304,50,136697,138072,138390,140103,138616,139556,204041
full_duplex,0,128,24,"n23m0123.hpc.itc.rwth-aachen.de",0,4194304,50,137226,138608,138932,140541,139180,140161,198676
full_duplex,0,128,26,"n23m0123.hpc.itc.rwth-aachen.de",0,4194304,50,137753,139100,139407,139846,139663,140188,166158
full_duplex,0,128,27,"n23m0123.hpc.itc.rwth-aachen.de",0,4194304,50,138292,139590,139923,141686,140201,141124,206282
full_duplex,0,128,29,"n23m0123.hpc.itc.rwth-aachen.de",0,4194304,50,139001,140176,140466,143461,140786,155803,206600
full_duplex,0,128,30,"n23m0123.hpc.itc.rwth-aachen.de",0,4194304,50,138807,140643,140912,141371,141148,141725,167561
full_duplex,0,128,32,"n23m0123.hpc.itc.rwth-aachen.de",0,4194304,50,139306,141149,141427,141877,141692,142242,168074
full_duplex,0,128,33,"n23m0123.hpc.itc.rwth-aachen.de",0,4194304,50,139871,141690,141974,142427,142256,142792,168589
full_duplex,0,128,35,"n23m0123.hpc.itc.rwth-aachen.de",0,4194304,50,140304,142229,142467,145424,142861,157835,206399
full_duplex,0,128,36,"n23m0123.hpc.itc.rwth-aachen.de",0,4194304,50,140897,142667,143049,144778,143331,144358,207334
full_duplex,0,128,38,"n23m0123.hpc.itc.rwth-aachen.de",0,4194304,50,141426,143209,143589,145192,143872,144842,202896
full_duplex,0,128,39,"n23m0123.hpc.itc.rwth-aachen.de",0,4194304,50,141900,143667,144110,147017,144396,159480,208768
full_duplex,0,128,41,"n23m0123.hpc.itc.rwth-aachen.de",0,4194304,50,142446,144156,144639,147536,145059,159998,208493
full_duplex,0,128,42,"n23m0123.hpc.itc.rwth-aachen.de",0,4194304,50,143036,144724,145126,145583,145476,145998,171790
full_duplex,0,128,44,"n23m0123.hpc.itc.rwth-aachen.de",0,4194304,50,143647,145226,145703,147297,146058,147060,203943
full_duplex,0,128,45,"n23m0123.hpc.itc.rwth-aachen.de",0,4194304,50,144133,145759,146262,150192,146664,188986,207183
full_duplex,0,128,47,"n23m0123.hpc.itc.rwth-aachen.de",0,4194304,50,144599,146315,146740,151938,147230,205682,207539
full_duplex,0,128,48,"n23m0123.hpc.itc.rwth-aachen.de",0,4194304,50,145411,147050,147554,152298,147894,202072,226772
full_duplex,0,128,49,"n23m0123.hpc.itc.rwth-aachen.de",0,4194304,50,146151,147683,148237,153242,148632,207111,230189
full_duplex,0,128,51,"n23m0123.hpc.itc.rwth-aachen.de",0,4194304,50,146804,148455,149066,154008,149430,205995,209663
full_duplex,0,128,52,"n23m0123.hpc.itc.rwth-aachen.de",0,4194304,50,147676,149186,149908,152378,150298,164210,205136
full_duplex,0,128,54,"n23m0123.hpc.itc.rwth-aachen.de",0,4194304,50,148600,149970,150733,154549,151114,182615,237005
full_duplex,0,128,55,"n23m0123.hpc.itc.rwth-aachen.de",0,4194304,50,149426,150823,151646,159573,152320,206967,209870
full_duplex,0,128,57,"n23m0123.hpc.itc.rwth-aachen.de",0,4194304,50,150341,151615,152405,159216,152788,207744,211108
full_duplex,0,128,58,"n23m0123.hpc.itc.rwth-aachen.de",0,4194304,50,151128,152614,153392,165105,154332,208194,209074
full_duplex,0,128,60,"n23m0123.hpc.itc.rwth-aachen.de",0,4194304,50,151960,153361,153772,160525,154627,207011,210206
full_duplex,0,128,61,"n23m0123.hpc.itc.rwth-aachen.de",0,4194304,50,152746,154193,154549,162120,155481,206110,209813
full_duplex,0,128,63,"n23m0123.hpc.itc.rwth-aachen.de",0,4194304,50,153595,154965,155310,163187,156173,209349,237094
full_duplex,0,128,64,"n23m0123.hpc.itc.rwth-aachen.de",0,4194304,50,154280,155754,156134,159680,156944,194201,209233
full_duplex,0,128,66,"n23m0123.hpc.itc.rwth-aachen.de",0,4194304,50,155235,156562,157000,162333,157859,206883,209176
full_duplex,0,128,67,"n23m0123.hpc.itc.rwth-aachen.de",0,4194304,50,156062,157484,157979,166297,159018,209381,210363
full_duplex,0,128,69,"n23m0123.hpc.itc.rwth-aachen.de",0,4194304,50,156929,158120,158773,162935,159548,203464,209950
full_duplex,0,128,70,"n23m0123.hpc.itc.rwth-aachen.de",0,4194304,50,157840,159058,159715,166509,160637,207530,208377
full_duplex,0,128,72,"n23m0123.hpc.itc.rwth-aachen.de",0,4194304,50,158726,159990,160665,170891,161900,207807,210450
full_duplex,0,128,73,"n23m0123.hpc.itc.rwth-aachen.de",0,4194304,50,159546,160758,161350,167911,162144,206880,209387
full_duplex,0,128,75,"n23m0123.hpc.itc.rwth-aachen.de",0,4194304,50,160490,161470,162003,166010,162693,203253,212558
full_duplex,0,128,76,"n23m0123.hpc.itc.rwth-aachen.de",0,4194304,50,161373,162476,163014,172709,164411,207553,209192
full_duplex,0,128,78,"n23m0123.hpc.itc.rwth-aachen.de",0,4194304,50,161977,163045,163805,171019,164617,207333,211002
full_duplex,0,128,79,"n23m0123.hpc.itc.rwth-aachen.de",0,4194304,50,162907,163999,164558,173004,165491,207432,231186
full_duplex,0,128,81,"n23m0123.hpc.itc.rwth-aachen.de",0,4194304,50,163872,164975,165709,176354,195372,208957,211539
full_duplex,0,128,82,"n23m0123.hpc.itc.rwth-aachen.de",0,4194304,50,163906,165611,166470,175946,185697,208970,210076
full_duplex,0,128,84,"n23m0123.hpc.itc.rwth-aachen.de",0,4194304,50,164810,166394,167082,172862,168083,205300,210304
full_duplex,0,128,85,"n23m0123.hpc.itc.rwth-aachen.de",0,4194304,50,165626,167129,167971,172977,168926,207391,208332
full_duplex,0,128,87,"n23m0123.hpc.itc.rwth-aachen.de",0,4194304,50,166904,167910,168827,175357,169904,208725,209611
full_duplex,0,128,88,"n23m0123.hpc.itc.rwth-aachen.de",0,4194304,50,167128,168810,169418,174607,170544,209230,233819
full_duplex,0,128,90,"n23m0123.hpc.itc.rwth-aachen.de",0,4194304,50,168047,169804,170719,178280,171814,208134,208808
full_duplex,0,128,91,"n23m0123.hpc.itc.rwth-aachen.de",0,4194304,50,169035,170549,171290,176100,172429,208349,212870
full_duplex,0,128,93,"n23m0123.hpc.itc.rwth-aachen.de",0,4194304,50,169946,171508,172229,177476,173377,207458,208164
full_duplex,0,128,94,"n23m0123.hpc.itc.rwth-aachen.de",0,4194304,50,170921,172480,173306,177693,174205,207803,209904
full_duplex,0,128,96,"r23m0124.hpc.itc.rwth-aachen.de",1,4194304,50,172744,174424,175356,180538,176189,208704,208884
full_duplex,0,128,97,"r23m0124.hpc.itc.rwth-aachen.de",1,4194304,50,172454,174402,175265,181548,176438,209069,235445
full_duplex,0,128,99,"r23m0124.hpc.itc.rwth-aachen.de",1,4194304,50,173513,175195,176307,183031,192967,207652,209581
full_duplex,0,128,100,"r23m0124.hpc.itc.rwth-aachen.de",1,4194304,50,173543,175151,176480,185264,201270,207797,209956
full_duplex,0,128,102,"r23m0124.hpc.itc.rwth-aachen.de",1,4194304,50,174207,176039,177072,183229,191947,205054,205648
full_duplex,0,128,103,"r23m0124.hpc.itc.rwth-aachen.de",1,4194304,50,175040,176381,177711,186160,202917,209481,210077
full_duplex,0,128,105,"r23m0124.hpc.itc.rwth-aachen.de",1,4194304,50,175282,176879,177597,181120,178732,203897,209628
full_duplex,0,128,106,"r23m0124.hpc.itc.rwth-aachen.de",1,4194304,50,175188,177414,178178,184328,180202,208113,209090
full_duplex,0,128,108,"r23m0124.hpc.itc.rwth-aachen.de",1,4194304,50,175890,177645,178429,184049,180405,208384,209874
full_duplex,0,128,109,"r23m0124.hpc.itc.rwth-aachen.de",1,4194304,50,176066,177604,178344,180430,179366,192237,236966
full_duplex,0,128,111,"r23m0124.hpc.itc.rwth-aachen.de",1,4194304,50,176408,178109,178953,185183,181275,207365,211599
full_duplex,0,128,112,"r23m0124.hpc.itc.rwth-aachen.de",1,4194304,50,177261,178844,179551,186364,198736,208318,209703
full_duplex,0,128,114,"r23m0124.hpc.itc.rwth-aachen.de",1,4194304,50,178023,179619,180218,186233,196672,206330,207719
full_duplex,0,128,115,"r23m0124.hpc.itc.rwth-aachen.de",1,4194304,50,176779,179063,179952,184513,181281,208450,209420
full_duplex,0,128,117,"r23m0124.hpc.itc.rwth-aachen.de",1,4194304,50,177747,179776,180696,186571,183056,207579,212369
full_duplex,0,128,118,"r23m0124.hpc.itc.rwth-aachen.de",1,4194304,50,179190,180432,181264,185769,182906,207017,236223
full_duplex,0,128,120,"r23m0124.hpc.itc.rwth-aachen.de",1,4194304,50,178245,180978,181647,186926,184193,207099,228804
full_duplex,0,128,121,"r23m0124.hpc.itc.rwth-aachen.de",1,4194304,50,179039,182577,204371,198095,206953,209799,232737
full_duplex,0,128,123,"r23m0124.hpc.itc.rwth-aachen.de",1,4194304,50,180291,182905,199490,196482,205081,209401,211413
full_duplex,0,128,124,"r23m0124.hpc.itc.rwth-aachen.de",1,4194304,50,180550,182948,200776,196221,204116,208981,210110
full_duplex,0,128,126,"r23m0124.hpc.itc.rwth-aachen.de",1,4194304,50,180888,182715,184786,191656,202072,208258,209421
full_duplex,0,128,127,"r23m0124.hpc.itc.rwth-aachen.de",1,4194304,50,181212,183423,184926,191029,202638,208211,209691
full_duplex,0,128,129,"r23m0124.hpc.itc.rwth-aachen.de",1,4194304,50,179175,183200,184350,189426,200536,206422,210364
full_duplex,0,128,130,"r23m0124.hpc.itc.rwth-aachen.de",1,4194304,50,179575,183198,184093,188409,186825,206125,210706
full_duplex,0,128,132,"r23m0124.hpc.itc.rwth-aachen.de",1,4194304,50,180602,183857,184789,191079,202330,207274,211564
full_duplex,0,128,133,"r23m0124.hpc.itc.rwth-aachen.de",1,4194304,50,180671,184091,185038,188567,187436,207696,212399
full_duplex,0,128,135,"r23m0124.hpc.itc.rwth-aachen.de",1,4194304,50,181278,184675,185587,190704,199943,208114,212402
full_duplex,0,128,136,"r23m0124.hpc.itc.rwth-aachen.de",1,4194304,50,181027,184771,185755,191529,203458,209043,212691
full_duplex,0,128,138,"r23m0124.hpc.itc.rwth-aachen.de",1,4194304,50,182075,185625,186723,192588,198605,210500,234353
full_duplex,0,128,139,"r23m0124.hpc.itc.rwth-aachen.de",1,4194304,50,181999,185723,186705,190545,195090,206956,212998
full_duplex,0,128,141,"r23m0124.hpc.itc.rwth-aachen.de",1,4194304,50,183355,186127,187419,191626,193507,207453,213744
full_duplex,0,128,142,"r23m0124.hpc.itc.rwth-aachen.de",1,4194304,50,182780,186188,187389,191590,189911,209134,237208
full_duplex,0,128,144,"r23m0124.hpc.itc.rwth-aachen.de",1,4194304,50,182425,186851,188145,193867,202180,207888,234870
full_duplex,0,128,145,"r23m0124.hpc.itc.rwth-aachen.de",1,4194304,50,182663,187013,188283,194228,202798,208812,233221
full_duplex,0,128,147,"r23m0124.hpc.itc.rwth-aachen.de",1,4194304,50,183578,187154,188287,191949,196546,207908,214135
full_duplex,0,128,148,"r23m0124.hpc.itc.rwth-aachen.de",1,4194304,50,183570,187923,189595,193739,202115,208474,214956
full_duplex,0,128,150,"r23m0124.hpc.itc.rwth-aachen.de",1,4194304,50,184087,188401,190302,194671,203075,210280,215269
full_duplex,0,128,151,"r23m0124.hpc.itc.rwth-aachen.de",1,4194304,50,184569,188863,189918,193480,198790,207844,215916
full_duplex,0,128,153,"r23m0124.hpc.itc.rwth-aachen.de",1,4194304,50,184949,188162,189684,192386,191685,207176,216033
full_duplex,0,128,154,"r23m0124.hpc.itc.rwth-aachen.de",1,4194304,50,185161,188620,190165,193376,192504,208588,217119
full_duplex,0,128,156,"r23m0124.hpc.itc.rwth-aachen.de",1,4194304,50,188623,190528,191810,194992,199003,207528,218172
full_duplex,0,128,157,"r23m0124.hpc.itc.rwth-aachen.de",1,4194304,50,186116,189253,190540,193528,193096,208074,217217
full_duplex,0,128,159,"r23m0124.hpc.itc.rwth-aachen.de",1,4194304,50,187466,190377,191593,195172,200650,209030,217794
full_duplex,0,128,160,"r23m0124.hpc.itc.rwth-aachen.de",1,4194304,50,188913,190945,192382,195370,199171,207237,218542
full_duplex,0,128,162,"r23m0124.hpc.itc.rwth-aachen.de",1,4194304,50,188590,191635,193157,196786,201271,207921,235387
full_duplex,0,128,163,"r23m0124.hpc.itc.rwth-aachen.de",1,4194304,50,186817,191255,193288,196676,201324,209463,230165
full_duplex,0,128,165,"r23m0124.hpc.itc.rwth-aachen.de",1,4194304,50,186804,191789,192963,196975,203394,209968,234899
full_duplex,0,128,166,"r23m0124.hpc.itc.rwth-aachen.de",1,4194304,50,187903,192407,193814,196366,198042,208045,219812
full_duplex,0,128,168,"r23m0124.hpc.itc.rwth-aachen.de",1,4194304,50,188194,192791,194229,197688,203845,209089,220218
full_duplex,0,128,169,"r23m0124.hpc.itc.rwth-aachen.de",1,4194304,50,189210,192916,194404,196885,198978,208339,237359
full_duplex,0,128,171,"r23m0124.hpc.itc.rwth-aachen.de",1,4194304,50,191607,194298,196518,199948,204906,208214,237276
full_duplex,0,128,172,"r23m0124.hpc.itc.rwth-aachen.de",1,4194304,50,191246,194394,196527,199183,205001,208151,220828
full_duplex,0,128,174,"r23m0124.hpc.itc.rwth-aachen.de",1,4194304,50,191289,195569,198089,200192,205176,210188,221827
full_duplex,0,128,175,"r23m0124.hpc.itc.rwth-aachen.de",1,4194304,50,189551,195266,197452,198520,201108,207218,221897
full_duplex,0,128,177,"r23m0124.hpc.itc.rwth-aachen.de",1,4194304,50,189468,194769,196512,197515,198432,205567,222411
full_duplex,0,128,178,"r23m0124.hpc.itc.rwth-aachen.de",1,4194304,50,189203,194526,196545,198329,200988,208340,222772
full_duplex,0,128,180,"r23m0124.hpc.itc.rwth-aachen.de",1,4194304,50,190644,194803,196842,197775,199006,207915,223299
full_duplex,0,128,181,"r23m0124.hpc.itc.rwth-aachen.de",1,4194304,50,189711,195707,197865,199352,201545,208542,224248
full_duplex,0,128,183,"r23m0124.hpc.itc.rwth-aachen.de",1,4194304,50,190714,196742,198936,199950,201451,208518,237291
full_duplex,0,128,184,"r23m0124.hpc.itc.rwth-aachen.de",1,4194304,50,191724,196057,198085,199147,200697,205979,225678
full_duplex,0,128,186,"r23m0124.hpc.itc.rwth-aachen.de",1,4194304,50,191841,196845,198614,199763,201511,207525,226042
full_duplex,0,128,187,"r23m0124.hpc.itc.rwth-aachen.de",1,4194304,50,191912,196824,199172,200502,202623,208639,225791
full_duplex,0,128,189,"r23m0124.hpc.itc.rwth-aachen.de",1,4194304,50,192420,197422,199338,200128,201832,206758,226416
full_duplex,0,128,190,"r23m0124.hpc.itc.rwth-aachen.de",1,4194304,50,195946,198189,200344,201063,202375,208128,229260
immediate_response,0,128,1,"n23m0123.hpc.itc.rwth-aachen.de",0,4194304,50,223465,225402,227328,228064,229747,232755,241050
immediate_response,0,128,2,"n23m0123.hpc.itc.rwth-aachen.de",0,4194304,50,222288,224179,226072,226793,228431,231437,239844
immediate_response,0,128,3,"n23m0123.hpc.itc.rwth-aachen.de",0,4194304,50,215910,222716,224521,224827,226617,229383,232148
immediate_response,0,128,5,"n23m0123.hpc.itc.rwth-aachen.de",0,4194304,50,123277,177769,179811,192005,220142,227226,228969
immediate_response,0,128,6,"n23m0123.hpc.itc.rwth-aachen.de",0,4194304,50,75817.4,129562,131509,133672,133871,146082,220356
immediate_response,0,128,8,"n23m0123.hpc.itc.rwth-aachen.de",0,4194304,50,4363.16,4706.28,4817.14,43281.3,103431,171604,184227
immediate_response,0,128,9,"n23m0123.hpc.itc.rwth-aachen.de",0,4194304,50,5213.3,5777.54,6037.05,39197.3,6489.7,162197,182013
immediate_response,0,128,11,"n23m0123.hpc.itc.rwth-aachen.de",0,4194304,50,6470.91,6908.87,7149.91,17837.6,7377.8,126037,178926
immediate_response,0,128,12,"n23m0123.hpc.itc.rwth-aachen.de",0,4194304,50,5609.48,8065.6,8365.49,23983.5,8628.52,136048,166667
immediate_response,0,128,14,"n23m0123.hpc.itc.rwth-aachen.de",0,4194304,50,8523.84,9322.61,9632.56,27611.5,9897.99,134447,168671
immediate_response,0,128,15,"n23m0123.hpc.itc.rwth-aachen.de",0,4194304,50,7188.22,10309.5,10817.9,52288.7,129400,166184,185720
immediate_response,0,128,17,"n23m0123.hpc.itc.rwth-aachen.de",0,4194304,50,8347,11451.2,11795.3,27758.9,12162,138589,176248
immediate_response,0,128,18,"n23m0123.hpc.itc.rwth-aachen.de",0,4194304,50,9539.24,12718.4,13034.5,34932.8,13510.6,139631,160131
immediate_response,0,128,20,"n23m0123.hpc.itc.rwth-aachen.de",0,4194304,50,13080.3,13978.4,14267.9,42952.6,14833.5,170752,186502
immediate_response,0,128,21,"n23m0123.hpc.itc.rwth-aachen.de",0,4194304,50,11397.7,14945.3,15298.7,41006.3,15837.7,168608,177468
immediate_response,0,128,23,"n23m0123.hpc.itc.rwth-aachen.de",0,4194304,50,12533.5,16123.1,16474.8,26761.4,16827,129907,169525
immediate_response,0,128,24,"n23m0123.hpc.itc.rwth-aachen.de",0,4194304,50,13668,17165.7,17536.6,22858.1,17980.9,19420,177774
immediate_response,0,128,26,"n23m0123.hpc.itc.rwth-aachen.de",0,4194304,50,14855.4,18461.5,18947.4,44926.9,20141,145614,159935
immediate_response,0,128,27,"n23m0123.hpc.itc.rwth-aachen.de",0,4194304,50,18713.5,19613.4,20087.5,41025.9,20582.6,151842,177088
immediate_response,0,128,29,"n23m0123.hpc.itc.rwth-aachen.de",0,4194304,50,17153.9,20759.4,21322.7,38060.8,21762.3,139784,164765
immediate_response,0,128,30,"n23m0123.hpc.itc.rwth-aachen.de",0,4194304,50,18363.9,21832.5,22606.4,52820.1,25337.4,163360,187335
immediate_response,0,128,32,"n23m0123.hpc.itc.rwth-aachen.de",0,4194304,50,19542.2,22935.5,23514.4,45420,24110.2,152773,183389
immediate_response,0,128,33,"n23m0123.hpc.itc.rwth-aachen.de",0,4194304,50,20802,24121.2,24542.1,32078.9,25035.1,102616,147523
immediate_response,0,128,35,"n23m0123.hpc.itc.rwth-aachen.de",0,4194304,50,22002,25276.4,25526.1,42461.7,26256.2,176277,183944
immediate_response,0,128,36,"n23m0123.hpc.itc.rwth-aachen.de",0,4194304,50,23243.4,26572.2,27134.8,50091.2,27812.7,177676,188949
immediate_response,0,128,38,"n23m0123.hpc.itc.rwth-aachen.de",0,4194304,50,24491.6,27866.7,28411.6,52735.8,29231.1,163206,182649
immediate_response,0,128,39,"n23m0123.hpc.itc.rwth-aachen.de",0,4194304,50,27354.7,28983.3,29547.8,57214.4,34367.3,151487,182251
immediate_response,0,128,41,"n23m0123.hpc.itc.rwth-aachen.de",0,4194304,50,26466.2,29939,30611.9,53637.1,31229,155275,181337
immediate_response,0,128,42,"n23m0123.hpc.itc.rwth-aachen.de",0,4194304,50,27691.3,31152.6,32143.1,74390,141932,172931,189449
immediate_response,0,128,44,"n23m0123.hpc.itc.rwth-aachen.de",0,4194304,50,28900.5,32227.7,33042.5,53023.3,33923.7,130806,159933
immediate_response,0,128,45,"n23m0123.hpc.itc.rwth-aachen.de",0,4194304,50,30138.7,33416.8,34280.9,54737.4,35097.1,169372,182425
immediate_response,0,128,47,"n23m0123.hpc.itc.rwth-aachen.de",0,4194304,50,31376.2,34644.4,35515,72518.7,132080,178226,181287
immediate_response,0,128,48,"n23m0123.hpc.itc.rwth-aachen.de",0,4194304,50,35170.3,36313,37508.6,77091,131254,187626,214406
immediate_response,0,128,49,"n23m0123.hpc.itc.rwth-aachen.de",0,4194304,50,35024.4,37795.1,38575,73686,123585,192310,223808
immediate_response,0,128,51,"n23m0123.hpc.itc.rwth-aachen.de",0,4194304,50,36845.9,40236.7,41738.4,95044.7,166995,203951,219981
immediate_response,0,128,52,"n23m0123.hpc.itc.rwth-aachen.de",0,4194304,50,38707.2,41105.8,42816.6,89159.5,160546,221973,226336
immediate_response,0,128,54,"n23m0123.hpc.itc.rwth-aachen.de",0,4194304,50,40518,43124.2,43995.1,68893.2,45636.2,181053,219390
immediate_response,0,128,55,"n23m0123.hpc.itc.rwth-aachen.de",0,4194304,50,43409,44925.1,45824.4,78178.8,127162,213365,223289
immediate_response,0,128,57,"n23m0123.hpc.itc.rwth-aachen.de",0,4194304,50,43910.4,46309.7,48403.7,98995.7,177123,223030,225836
immediate_response,0,128,58,"n23m0123.hpc.itc.rwth-aachen.de",0,4194304,50,45957.6,48538.2,50148.6,91035.6,136944,219809,221990
immediate_response,0,128,60,"n23m0123.hpc.itc.rwth-aachen.de",0,4194304,50,46683.4,49926.5,50615,76670.5,58112.7,186132,220793
immediate_response,0,128,61,"n23m0123.hpc.itc.rwth-aachen.de",0,4194304,50,48593.7,51290.7,53120.2,88596.4,124214,203466,223780
immediate_response,0,128,63,"n23m0123.hpc.itc.rwth-aachen.de",0,4194304,50,50507,53428,55205.8,93777.7,133310,218064,225038
immediate_response,0,128,64,"n23m0123.hpc.itc.rwth-aachen.de",0,4194304,50,52685.2,54929.6,55651,80692.1,57860,196287,215953
immediate_response,0,128,66,"n23m0123.hpc.itc.rwth-aachen.de",0,4194304,50,53366.1,56809,58303.7,88357,112754,206732,224282
immediate_response,0,128,67,"n23m0123.hpc.itc.rwth-aachen.de",0,4194304,50,55288.8,58421.4,59321.4,89857.3,113998,192240,222942
immediate_response,0,128,69,"n23m0123.hpc.itc.rwth-aachen.de",0,4194304,50,57151.8,60313.1,61132.3,87325.2,71741.7,218220,225582
immediate_response,0,128,70,"n23m0123.hpc.itc.rwth-aachen.de",0,4194304,50,59217.4,61721.9,62844.3,94382.7,118032,209737,224173
immediate_response,0,128,72,"n23m0123.hpc.itc.rwth-aachen.de",0,4194304,50,60662.4,63414,65036.4,96470.8,129430,212221,225552
immediate_response,0,128,73,"n23m0123.hpc.itc.rwth-aachen.de",0,4194304,50,62487.3,65077.1,66396.4,88455.3,78853.9,189068,222455
immediate_response,0,128,75,"n23m0123.hpc.itc.rwth-aachen.de",0,4194304,50,63782.3,66695.8,69026.7,109901,179971,220301,223445
immediate_response,0,128,76,"n23m0123.hpc.itc.rwth-aachen.de",0,4194304,50,65398,68779.2,70708.1,106916,146580,221918,223550
immediate_response,0,128,78,"n23m0123.hpc.itc.rwth-aachen.de",0,4194304,50,67006.7,70307.6,72325.7,106083,147236,197802,222876
immediate_response,0,128,79,"n23m0123.hpc.itc.rwth-aachen.de",0,4194304,50,68369.7,71964,73467.4,106520,142491,211136,224656
immediate_response,0,128,81,"n23m0123.hpc.itc.rwth-aachen.de",0,4194304,50,69827.9,73126.4,75587,101723,122865,194989,219618
immediate_response,0,128,82,"n23m0123.hpc.itc.rwth-aachen.de",0,4194304,50,71384.2,75173.2,77039,109409,136803,220988,223408
immediate_response,0,128,84,"n23m0123.hpc.itc.rwth-aachen.de",0,4194304,50,73315.6,76677.4,77733.5,95247.7,80015,183165,199125
immediate_response,0,128,85,"n23m0123.hpc.itc.rwth-aachen.de",0,4194304,50,75201,78843.2,81188.1,115774,148879,218574,223783
immediate_response,0,128,87,"n23m0123.hpc.itc.rwth-aachen.de",0,4194304,50,77006.3,80292.7,81732,111805,136409,220322,223237
immediate_response,0,128,88,"n23m0123.hpc.itc.rwth-aachen.de",0,4194304,50,77365.6,82215.6,84141.1,112521,143388,214710,222306
immediate_response,0,128,90,"n23m0123.hpc.itc.rwth-aachen.de",0,4194304,50,76207.4,84139.5,86638.4,121284,163719,217345,222903
immediate_response,0,128,91,"n23m0123.hpc.itc.rwth-aachen.de",0,4194304,50,77988.9,85461.7,86349.7,105923,101522,194933,224976
immediate_response,0,128,93,"n23m0123.hpc.itc.rwth-aachen.de",0,4194304,50,79747.2,87438.6,88928.3,114734,133580,203211,219854
immediate_response,0,128,94,"n23m0123.hpc.itc.rwth-aachen.de",0,4194304,50,81502.7,88932.1,91144.2,121414,159272,203050,222033
immediate_response,0,128,96,"r23m0124.hpc.itc.rwth-aachen.de",1,4194304,50,143673,187162,198699,197980,211866,226082,226857
immediate_response,0,128,97,"r23m0124.hpc.itc.rwth-aachen.de",1,4194304,50,179335,202091,213982,210200,219724,228401,231523
immediate_response,0,128,99,"r23m0124.hpc.itc.rwth-aachen.de",1,4194304,50,197301,210160,216038,214937,220113,226975,228803
immediate_response,0,128,100,"r23m0124.hpc.itc.rwth-aachen.de",1,4194304,50,133593,198741,206192,203741,214450,224475,226915
immediate_response,0,128,102,"r23m0124.hpc.itc.rwth-aachen.de",1,4194304,50,166181,206293,215182,209976,219244,224803,229560
immediate_response,0,128,103,"r23m0124.hpc.itc.rwth-aachen.de",1,4194304,50,132878,139519,144923,152088,164455,169311,199316
immediate_response,0,128,105,"r23m0124.hpc.itc.rwth-aachen.de",1,4194304,50,139478,191043,201280,198202,214753,226651,228790
immediate_response,0,128,106,"r23m0124.hpc.itc.rwth-aachen.de",1,4194304,50,155444,196688,209725,207150,219444,225578,230488
immediate_response,0,128,108,"r23m0124.hpc.itc.rwth-aachen.de",1,4194304,50,130834,205454,213207,208552,219897,223434,228487
immediate_response,0,128,109,"r23m0124.hpc.itc.rwth-aachen.de",1,4194304,50,137478,194874,202077,202691,211535,227005,229266
immediate_response,0,128,111,"r23m0124.hpc.itc.rwth-aachen.de",1,4194304,50,140996,186138,198990,195465,207677,221268,228048
immediate_response,0,128,112,"r23m0124.hpc.itc.rwth-aachen.de",1,4194304,50,167776,191880,201678,202793,215865,226461,227480
immediate_response,0,128,114,"r23m0124.hpc.itc.rwth-aachen.de",1,4194304,50,147283,197988,205085,204197,217693,227596,228798
immediate_response,0,128,115,"r23m0124.hpc.itc.rwth-aachen.de",1,4194304,50,136888,160018,163318,164640,168509,177573,215340
immediate_response,0,128,117,"r23m0124.hpc.itc.rwth-aachen.de",1,4194304,50,143784,192672,200421,200042,209775,222052,223625
immediate_response,0,128,118,"r23m0124.hpc.itc.rwth-aachen.de",1,4194304,50,147187,202273,215316,209703,219865,224245,230867
immediate_response,0,128,120,"r23m0124.hpc.itc.rwth-aachen.de",1,4194304,50,154509,174225,176639,181699,182458,217651,223561
immediate_response,0,128,121,"r23m0124.hpc.itc.rwth-aachen.de",1,4194304,50,142603,158410,174455,173985,179541,222298,225702
immediate_response,0,128,123,"r23m0124.hpc.itc.rwth-aachen.de",1,4194304,50,148668,194392,212405,206294,219433,228629,229963
immediate_response,0,128,124,"r23m0124.hpc.itc.rwth-aachen.de",1,4194304,50,161929,198589,204017,205246,213857,223294,227306
immediate_response,0,128,126,"r23m0124.hpc.itc.rwth-aachen.de",1,4194304,50,158688,193152,202410,202133,214202,226096,229528
immediate_response,0,128,127,"r23m0124.hpc.itc.rwth-aachen.de",1,4194304,50,162053,199421,206294,206438,217039,224851,226603
immediate_response,0,128,129,"r23m0124.hpc.itc.rwth-aachen.de",1,4194304,50,169617,195653,205855,204822,213599,225823,231917
immediate_response,0,128,130,"r23m0124.hpc.itc.rwth-aachen.de",1,4194304,50,178345,205137,217185,212873,220051,224180,228356
immediate_response,0,128,132,"r23m0124.hpc.itc.rwth-aachen.de",1,4194304,50,167294,204071,211626,210001,219924,227438,230460
immediate_response,0,128,133,"r23m0124.hpc.itc.rwth-aachen.de",1,4194304,50,176533,194379,208058,206463,217489,225100,227539
immediate_response,0,128,135,"r23m0124.hpc.itc.rwth-aachen.de",1,4194304,50,182642,196967,206314,205948,215218,222146,226225
immediate_response,0,128,136,"r23m0124.hpc.itc.rwth-aachen.de",1,4194304,50,158257,187625,199478,197603,212158,223455,230243
immediate_response,0,128,138,"r23m0124.hpc.itc.rwth-aachen.de",1,4194304,50,172842,201032,211265,208188,217374,226788,229259
immediate_response,0,128,139,"r23m0124.hpc.itc.rwth-aachen.de",1,4194304,50,155999,164235,168305,168576,169954,180686,208523
immediate_response,0,128,141,"r23m0124.hpc.itc.rwth-aachen.de",1,4194304,50,177842,203818,210982,212040,217273,225686,324440
immediate_response,0,128,142,"r23m0124.hpc.itc.rwth-aachen.de",1,4194304,50,176000,199626,207299,206912,213678,225399,229567
immediate_response,0,128,144,"r23m0124.hpc.itc.rwth-aachen.de",1,4194304,50,163280,197982,206587,205186,216460,222066,223021
immediate_response,0,128,145,"r23m0124.hpc.itc.rwth-aachen.de",1,4194304,50,129216,157865,160850,161361,165935,183100,191972
immediate_response,0,128,147,"r23m0124.hpc.itc.rwth-aachen.de",1,4194304,50,172696,204520,213014,210882,219193,226816,230785
immediate_response,0,128,148,"r23m0124.hpc.itc.rwth-aachen.de",1,4194304,50,191563,210453,217605,216021,222217,227324,230478
immediate_response,0,128,150,"r23m0124.hpc.itc.rwth-aachen.de",1,4194304,50,163835,199647,205549,206170,215250,221737,231787
immediate_response,0,128,151,"r23m0124.hpc.itc.rwth-aachen.de",1,4194304,50,150135,159091,163271,164885,165691,192402,207993
immediate_response,0,128,153,"r23m0124.hpc.itc.rwth-aachen.de",1,4194304,50,149601,163846,167274,170285,172148,192293,201925
immediate_response,0,128,154,"r23m0124.hpc.itc.rwth-aachen.de",1,4194304,50,158600,195800,203387,204830,215431,226404,228884
immediate_response,0,128,156,"r23m0124.hpc.itc.rwth-aachen.de",1,4194304,50,192796,208511,215841,214407,221701,225982,230768
immediate_response,0,128,157,"r23m0124.hpc.itc.rwth-aachen.de",1,4194304,50,157354,204363,213431,211407,221050,225980,232411
immediate_response,0,128,159,"r23m0124.hpc.itc.rwth-aachen.de",1,4194304,50,188692,203806,212870,211240,218905,223846,230277
immediate_response,0,128,160,"r23m0124.hpc.itc.rwth-aachen.de",1,4194304,50,183612,208145,215130,212896,220129,223938,238922
immediate_response,0,128,162,"r23m0124.hpc.itc.rwth-aachen.de",1,4194304,50,185273,209408,216914,214824,220005,225926,234581
immediate_response,0,128,163,"r23m0124.hpc.itc.rwth-aachen.de",1,4194304,50,178825,206052,214617,212857,221565,226714,235791
immediate_response,0,128,165,"r23m0124.hpc.itc.rwth-aachen.de",1,4194304,50,180902,209539,216512,213963,220751,227266,230744
immediate_response,0,128,166,"r23m0124.hpc.itc.rwth-aachen.de",1,4194304,50,156448,194093,202350,202453,211187,224078,239341
immediate_response,0,128,168,"r23m0124.hpc.itc.rwth-aachen.de",1,4194304,50,158221,162983,166554,170056,171033,201677,214068
immediate_response,0,128,169,"r23m0124.hpc.itc.rwth-aachen.de",1,4194304,50,176173,206646,215501,213426,222404,225490,238368
immediate_response,0,128,171,"r23m0124.hpc.itc.rwth-aachen.de",1,4194304,50,170529,176789,180984,186353,186175,218039,237783
immediate_response,0,128,172,"r23m0124.hpc.itc.rwth-aachen.de",1,4194304,50,163550,202371,212519,209373,219189,225369,229968
immediate_response,0,128,174,"r23m0124.hpc.itc.rwth-aachen.de",1,4194304,50,179982,207607,215652,213725,220278,226644,236034
immediate_response,0,128,175,"r23m0124.hpc.itc.rwth-aachen.de",1,4194304,50,170577,207593,217885,212726,222156,228449,234244
immediate_response,0,128,177,"r23m0124.hpc.itc.rwth-aachen.de",1,4194304,50,131438,164424,168526,170717,172856,203306,222320
immediate_response,0,128,178,"r23m0124.hpc.itc.rwth-aachen.de",1,4194304,50,183996,203334,212012,210863,220107,225970,236866
immediate_response,0,128,180,"r23m0124.hpc.itc.rwth-aachen.de",1,4194304,50,179346,202976,208347,208781,216839,225029,237226
immediate_response,0,128,181,"r23m0124.hpc.itc.rwth-aachen.de",1,4194304,50,174241,195766,205471,205565,214309,227520,231247
immediate_response,0,128,183,"r23m0124.hpc.itc.rwth-aachen.de",1,4194304,50,183051,202390,212486,211642,219575,225689,239497
immediate_response,0,128,184,"r23m0124.hpc.itc.rwth-aachen.de",1,4194304,50,159616,209590,214173,213294,222266,227991,239019
immediate_response,0,128,186,"r23m0124.hpc.itc.rwth-aachen.de",1,4194304,50,128518,162365,165320,167314,170865,198039,204387
immediate_response,0,128,187,"r23m0124.hpc.itc.rwth-aachen.de",1,4194304,50,176804,203045,214863,211076,220918,225035,227055
immediate_response,0,128,189,"r23m0124.hpc.itc.rwth-aachen.de",1,4194304,50,192712,207105,217239,213757,221439,226033,229737
immediate_response,0,128,190,"r23m0124.hpc.itc.rwth-aachen.de",1,4194304,50,136101,199456,204704,205866,215013,226999,232777
incast,0,160,1,"n23m0123.hpc.itc.rwth-aachen.de",0,4194304,50,178448,182068,184351,183994,185406,187864,188539
incast,0,160,2,"n23m0123.hpc.itc.rwth-aachen.de",0,4194304,50,177697,181392,183643,183276,184692,187175,187877
incast,0,160,3,"n23m0123.hpc.itc.rwth-aachen.de",0,4194304,50,177010,180716,182903,182583,183974,186491,187207
incast,0,160,4,"n23m0123.hpc.itc.rwth-aachen.de",0,4194304,50,155420,157582,160692,161792,162180,182330,186529
incast,0,160,5,"n23m0123.hpc.itc.rwth-aachen.de",0,4194304,50,104496,110574,114481,115408,117111,122224,163349
incast,0,160,6,"n23m0123.hpc.itc.rwth-aachen.de",0,4194304,50,4537.56,4797.39,4976.85,20370.7,5201.51,115487,130209
incast,0,160,8,"n23m0123.hpc.itc.rwth-aachen.de",0,4194304,50,5212.37,5513.96,5686.76,21225.5,5916.6,120137,126343
incast,0,160,9,"n23m0123.hpc.itc.rwth-aachen.de",0,4194304,50,5862.13,6254.13,6361.85,16953.5,6603.4,117562,132383
incast,0,160,10,"n23m0123.hpc.itc.rwth-aachen.de",0,4194304,50,5973.81,6897.63,7102.18,23617.5,7364.46,111321,125260
incast,0,160,11,"n23m0123.hpc.itc.rwth-aachen.de",0,4194304,50,7193.31,7596.91,7787.78,16464.4,7919.47,103615,146656
incast,0,160,12,"n23m0123.hpc.itc.rwth-aachen.de",0,4194304,50,7299.84,8231.03,8508.86,14661.9,8663.14,57042.3,121565
incast,0,160,14,"n23m0123.hpc.itc.rwth-aachen.de",0,4194304,50,8000.08,8877.89,9219.46,15191.6,9507.49,58030.8,121163
incast,0,160,15,"n23m0123.hpc.itc.rwth-aachen.de",0,4194304,50,8637.35,9556.34,9931.02,23082.2,10287.7,118623,135097
incast,0,160,16,"n23m0123.hpc.itc.rwth-aachen.de",0,4194304,50,9282.05,10222.6,10621.9,20320.2,10863.7,126135,140702
incast,0,160,17,"n23m0123.hpc.itc.rwth-aachen.de",0,4194304,50,10086.2,10973.5,11421.6,15647,11664.8,12263.8,130882
incast,0,160,18,"n23m0123.hpc.itc.rwth-aachen.de",0,4194304,50,10585.1,11627.5,12095.7,22527.3,12389.9,106698,142900
incast,0,160,20,"n23m0123.hpc.itc.rwth-aachen.de",0,4194304,50,11242.5,12297.4,12854.1,26477.2,13285.2,130128,142163
incast,0,160,21,"n23m0123.hpc.itc.rwth-aachen.de",0,4194304,50,11935.3,13002.6,13721.7,24845.1,14031.2,112737,121714
incast,0,160,22,"n23m0123.hpc.itc.rwth-aachen.de",0,4194304,50,12552.4,13679.6,14470.5,26803.1,14747.5,117768,127240
incast,0,160,23,"n23m0123.hpc.itc.rwth-aachen.de",0,4194304,50,13226.9,14425.6,15187.6,30989.9,15627.4,114750,145833
incast,0,160,24,"n23m0123.hpc.itc.rwth-aachen.de",0,4194304,50,13885.8,15149.6,15951.2,21206.9,16209.7,61316.1,116990
incast,0,160,25,"n23m0123.hpc.itc.rwth-aachen.de",0,4194304,50,14563.5,15768.3,16594.4,18656.4,16861.3,17700.7,130658
incast,0,160,27,"n23m0123.hpc.itc.rwth-aachen.de",0,4194304,50,15835.9,16600.4,17466.9,27755.9,17722.8,121979,141395
incast,0,160,28,"n23m0123.hpc.itc.rwth-aachen.de",0,4194304,50,16063.5,17151.9,18122.5,22163.6,18442.6,19426.4,142657
incast,0,160,29,"n23m0123.hpc.itc.rwth-aachen.de",0,4194304,50,16707.3,17821.7,18931.1,32570.3,19424.6,119726,130782
incast,0,160,30,"n23m0123.hpc.itc.rwth-aachen.de",0,4194304,50,17372,18531,19590,26551.1,20121.9,83659.9,142647
incast,0,160,31,"n23m0123.hpc.itc.rwth-aachen.de",0,4194304,50,18014.9,19384,20473.3,30372.6,20876.8,120514,142041
incast,0,160,33,"n23m0123.hpc.itc.rwth-aachen.de",0,4194304,50,18662.7,19938.4,21168.5,31466.3,21500.1,121954,149401
incast,0,160,34,"n23m0123.hpc.itc.rwth-aachen.de",0,4194304,50,19322.9,20589,22027,31184.4,22467.4,112674,138173
incast,0,160,35,"n23m0123.hpc.itc.rwth-aachen.de",0,4194304,50,19949,21255.2,22547.9,30796.5,23152.4,120962,140911
incast,0,160,36,"n23m0123.hpc.itc.rwth-aachen.de",0,4194304,50,20628.4,22273.7,23556,39212.4,24092.6,128428,146981
incast,0,160,37,"n23m0123.hpc.itc.rwth-aachen.de",0,4194304,50,21340.1,22880.8,24235.8,31470.7,24724,111427,131822
incast,0,160,39,"n23m0123.hpc.itc.rwth-aachen.de",0,4194304,50,22035.1,23851.9,25074.6,37421.5,25628.6,118531,137689
incast,0,160,40,"n23m0123.hpc.itc.rwth-aachen.de",0,4194304,50,22780.5,24324.9,25805.1,35460,26353.9,125891,145066
incast,0,160,41,"n23m0123.hpc.itc.rwth-aachen.de",0,4194304,50,24015.9,24971.8,26505.6,35073.3,27079.8,114173,125138
incast,0,160,42,"n23m0123.hpc.itc.rwth-aachen.de",0,4194304,50,24353.6,25596.8,27346.6,37442.3,27868.9,110253,131019
incast,0,160,43,"n23m0123.hpc.itc.rwth-aachen.de",0,4194304,50,25039.2,26452.3,28158.7,43843.3,28779.9,133989,144083
incast,0,160,44,"n23m0123.hpc.itc.rwth-aachen.de",0,4194304,50,25777.2,26992.6,28639.6,30639,29408.7,30588.2,144643
incast,0,160,46,"n23m0123.hpc.itc.rwth-aachen.de",0,4194304,50,26449.8,28063.1,29684.9,37629.7,30276.5,109769,135937
incast,0,160,47,"n23m0123.hpc.itc.rwth-aachen.de",0,4194304,50,27231.1,28699.8,30548.7,40620.9,31154.3,116578,140203
incast,0,160,48,"n23m0123.hpc.itc.rwth-aachen.de",0,4194304,50,28042.6,30132.1,31591.4,46982.5,32534.5,153993,161164
incast,0,160,49,"n23m0123.hpc.itc.rwth-aachen.de",0,4194304,50,28980.7,30404.3,32477.3,48183.5,33333.7,143076,162980
incast,0,160,50,"n23m0123.hpc.itc.rwth-aachen.de",0,4194304,50,29889.8,31457.1,33682.2,59891.2,90279.9,147714,160005
incast,0,160,52,"n23m0123.hpc.itc.rwth-aachen.de",0,4194304,50,30799.7,32797.7,34574.2,46054.9,35682.6,147668,157141
incast,0,160,53,"n23m0123.hpc.itc.rwth-aachen.de",0,4194304,50,21648.9,34054.1,35716.1,51002.1,37091.1,140293,153400
incast,0,160,54,"n23m0123.hpc.itc.rwth-aachen.de",0,4194304,50,33078.6,34491.3,36664.2,47485.9,37668.6,120011,143497
incast,0,160,55,"n23m0123.hpc.itc.rwth-aachen.de",0,4194304,50,33590.4,35500.6,37568.4,58504.2,40414.9,143805,148110
incast,0,160,56,"n23m0123.hpc.itc.rwth-aachen.de",0,4194304,50,34474.7,37205.7,39219.7,64948.5,104934,146368,160917
incast,0,160,58,"n23m0123.hpc.itc.rwth-aachen.de",0,4194304,50,35499,37488.7,39820.2,50787.3,41440.4,125684,152306
incast,0,160,59,"n23m0123.hpc.itc.rwth-aachen.de",0,4194304,50,36734.2,39815.1,41713.1,72146.8,119236,159113,165377
incast,0,160,60,"n23m0123.hpc.itc.rwth-aachen.de",0,4194304,50,37287.6,39780.9,42333.7,52591.7,43414.3,144497,154764
incast,0,160,61,"n23m0123.hpc.itc.rwth-aachen.de",0,4194304,50,38131.5,40213.3,43220.2,55572.2,44461.2,134828,152752
incast,0,160,62,"n23m0123.hpc.itc.rwth-aachen.de",0,4194304,50,38991.1,41888.4,44217.4,60713,45760.9,150540,157484
incast,0,160,63,"n23m0123.hpc.itc.rwth-aachen.de",0,4194304,50,40033,43416.2,45253.1,64613.1,86173.1,135700,149943
incast,0,160,65,"n23m0123.hpc.itc.rwth-aachen.de",0,4194304,50,41104.9,44563.1,46371.6,66808.7,96860.6,137327,146196
incast,0,160,66,"n23m0123.hpc.itc.rwth-aachen.de",0,4194304,50,42154.1,45138.8,47553.7,65531.1,85956.5,131643,152150
incast,0,160,67,"n23m0123.hpc.itc.rwth-aachen.de",0,4194304,50,42970,45853.1,47979.8,54343,49262.5,106612,123014
incast,0,160,68,"n23m0123.hpc.itc.rwth-aachen.de",0,4194304,50,43831.9,46200.9,48904.8,60550.4,50199.3,136372,149017
incast,0,160,69,"n23m0123.hpc.itc.rwth-aachen.de",0,4194304,50,44693.4,47935.8,49928.5,61018,51859.1,123847,135224
incast,0,160,71,"n23m0123.hpc.itc.rwth-aachen.de",0,4194304,50,45550.9,48000.7,50693,66403,53727.3,136825,148490
incast,0,160,72,"n23m0123.hpc.itc.rwth-aachen.de",0,4194304,50,46414.2,48200.6,51140.5,56168.8,52433.1,101113,156070
incast,0,160,73,"n23m0123.hpc.itc.rwth-aachen.de",0,4194304,50,19082.6,48865.3,52563.1,61633.3,54006.6,146985,160590
incast,0,160,74,"n23m0123.hpc.itc.rwth-aachen.de",0,4194304,50,48117,49702.2,53483.1,60910,54627.9,127615,142201
incast,0,160,75,"n23m0123.hpc.itc.rwth-aachen.de",0,4194304,50,48975.4,52381.8,54515.7,66751.6,56672.9,132558,139924
incast,0,160,77,"n23m0123.hpc.itc.rwth-aachen.de",0,4194304,50,49820.7,53203.9,55863.8,66013.7,57625.6,127794,139276
incast,0,160,78,"n23m0123.hpc.itc.rwth-aachen.de",0,4194304,50,50846.9,53654,56088.9,67585.1,58329.8,137453,148856
incast,0,160,79,"n23m0123.hpc.itc.rwth-aachen.de",0,4194304,50,51712.8,53340.4,56920.6,63463.4,58341.9,130704,145610
incast,0,160,80,"n23m0123.hpc.itc.rwth-aachen.de",0,4194304,50,52476.4,54042.4,57760.1,66418.3,59665.7,140913,152707
incast,0,160,81,"n23m0123.hpc.itc.rwth-aachen.de",0,4194304,50,53230.1,55030.5,58953.9,70693.7,61356.7,136324,145482
incast,0,160,82,"n23m0123.hpc.itc.rwth-aachen.de",0,4194304,50,54081.3,56535.3,59949.7,71592.1,62382.2,132867,157946
incast,0,160,84,"n23m0123.hpc.itc.rwth-aachen.de",0,4194304,50,55187.6,58555.9,60853.2,68688.8,63029.1,125688,154254
incast,0,160,85,"n23m0123.hpc.itc.rwth-aachen.de",0,4194304,50,46152.4,57457.3,61495.8,71500.2,63344.1,141253,153755
incast,0,160,86,"n23m0123.hpc.itc.rwth-aachen.de",0,4194304,50,56599.7,60539.1,62870.8,76196.4,65285.8,143320,148179
incast,0,160,87,"n23m0123.hpc.itc.rwth-aachen.de",0,4194304,50,57456.7,59171.5,63477.1,73790.3,66180.7,138497,147934
incast,0,160,88,"n23m0123.hpc.itc.rwth-aachen.de",0,4194304,50,58287.6,60811.6,64423.2,74291.3,67139.7,136734,142614
incast,0,160,90,"n23m0123.hpc.itc.rwth-aachen.de",0,4194304,50,59597.4,61712.7,65422.8,70525.8,66901,117896,131103
incast,0,160,91,"n23m0123.hpc.itc.rwth-aachen.de",0,4194304,50,60002.3,63565.7,66292.2,79412.4,68782.5,143186,154278
incast,0,160,92,"n23m0123.hpc.itc.rwth-aachen.de",0,4194304,50,60856.6,63287.2,67179.9,71715.6,68738.1,119117,136767
incast,0,160,93,"n23m0123.hpc.itc.rwth-aachen.de",0,4194304,50,61704.9,65870.4,69023.6,82499.2,72929.3,139166,148345
incast,0,160,94,"n23m0123.hpc.itc.rwth-aachen.de",0,4194304,50,62538.5,64705.1,68900.7,77532.1,71563.6,135652,159281
incast,0,160,96,"r23m0124.hpc.itc.rwth-aachen.de",1,4194304,50,111861,173009,177947,174956,180854,183094,183947
incast,0,160,97,"r23m0124.hpc.itc.rwth-aachen.de",1,4194304,50,157186,175058,177929,177059,181092,183977,186506
incast,0,160,98,"r23m0124.hpc.itc.rwth-aachen.de",1,4194304,50,110930,176886,179216,174645,182577,184620,185801
incast,0,160,99,"r23m0124.hpc.itc.rwth-aachen.de",1,4194304,50,167786,178741,181041,180427,182631,185229,186265
incast,0,160,100,"r23m0124.hpc.itc.rwth-aachen.de",1,4194304,50,158264,174102,178226,177379,181522,183493,185411
incast,0,160,102,"r23m0124.hpc.itc.rwth-aachen.de",1,4194304,50,166589,177120,180295,179288,182368,184670,185459
incast,0,160,103,"r23m0124.hpc.itc.rwth-aachen.de",1,4194304,50,127738,140724,147016,145130,150420,154536,156366
incast,0,160,104,"r23m0124.hpc.itc.rwth-aachen.de",1,4194304,50,155309,174119,176697,175733,180658,183030,185425
incast,0,160,105,"r23m0124.hpc.itc.rwth-aachen.de",1,4194304,50,159710,175273,178838,177809,181581,184487,186075
incast,0,160,106,"r23m0124.hpc.itc.rwth-aachen.de",1,4194304,50,162550,175743,178845,177694,181474,184330,186093
incast,0,160,108,"r23m0124.hpc.itc.rwth-aachen.de",1,4194304,50,142812,176936,179974,178660,182306,183828,186044
incast,0,160,109,"r23m0124.hpc.itc.rwth-aachen.de",1,4194304,50,160919,172469,176763,176230,180053,184440,185813
incast,0,160,110,"r23m0124.hpc.itc.rwth-aachen.de",1,4194304,50,136109,170679,175362,173412,179360,183710,185906
incast,0,160,111,"r23m0124.hpc.itc.rwth-aachen.de",1,4194304,50,151858,173292,177683,176084,180059,182466,184500
incast,0,160,112,"r23m0124.hpc.itc.rwth-aachen.de",1,4194304,50,155990,177783,180731,178800,182481,184976,186181
incast,0,160,114,"r23m0124.hpc.itc.rwth-aachen.de",1,4194304,50,155703,172756,178676,176870,181485,183886,185579
incast,0,160,115,"r23m0124.hpc.itc.rwth-aachen.de",1,4194304,50,125466,142329,146238,145403,148091,153727,156459
incast,0,160,116,"r23m0124.hpc.itc.rwth-aachen.de",1,4194304,50,73938.7,145404,148770,147292,151434,157190,164064
incast,0,160,117,"r23m0124.hpc.itc.rwth-aachen.de",1,4194304,50,158874,175467,179223,177865,182231,183665,186178
incast,0,160,118,"r23m0124.hpc.itc.rwth-aachen.de",1,4194304,50,164428,177856,180093,179551,181731,184623,185775
incast,0,160,120,"r23m0124.hpc.itc.rwth-aachen.de",1,4194304,50,134778,151009,154729,153817,156830,162955,163986
incast,0,160,121,"r23m0124.hpc.itc.rwth-aachen.de",1,4194304,50,138723,148893,152459,152633,157427,161636,167049
incast,0,160,122,"r23m0124.hpc.itc.rwth-aachen.de",1,4194304,50,152261,172989,178090,175797,179500,183096,186462
incast,0,160,123,"r23m0124.hpc.itc.rwth-aachen.de",1,4194304,50,110508,177638,179511,177391,181510,183894,185998
incast,0,160,124,"r23m0124.hpc.itc.rwth-aachen.de",1,4194304,50,135993,173684,176701,174590,180288,183022,183393
incast,0,160,126,"r23m0124.hpc.itc.rwth-aachen.de",1,4194304,50,136897,168545,174161,171914,179851,182613,184551
incast,0,160,127,"r23m0124.hpc.itc.rwth-aachen.de",1,4194304,50,146262,171178,175888,174671,180173,182682,184560
incast,0,160,128,"r23m0124.hpc.itc.rwth-aachen.de",1,4194304,50,115771,143067,147959,146500,151544,154784,155935
incast,0,160,129,"r23m0124.hpc.itc.rwth-aachen.de",1,4194304,50,146712,169544,175471,172666,177600,183166,185708
incast,0,160,130,"r23m0124.hpc.itc.rwth-aachen.de",1,4194304,50,166222,177176,179770,178973,181785,184112,185194
incast,0,160,132,"r23m0124.hpc.itc.rwth-aachen.de",1,4194304,50,169001,177629,180088,179382,181843,183322,186290
incast,0,160,133,"r23m0124.hpc.itc.rwth-aachen.de",1,4194304,50,155543,176286,179570,178151,182307,184095,185948
incast,0,160,134,"r23m0124.hpc.itc.rwth-aachen.de",1,4194304,50,151598,176162,180250,177661,181904,184179,185222
incast,0,160,135,"r23m0124.hpc.itc.rwth-aachen.de",1,4194304,50,169737,176470,179906,178895,181634,183481,184880
incast,0,160,136,"r23m0124.hpc.itc.rwth-aachen.de",1,4194304,50,168753,177791,180500,179794,181918,184542,185742
incast,0,160,138,"r23m0124.hpc.itc.rwth-aachen.de",1,4194304,50,160982,177039,179012,178640,181663,183466,185605
incast,0,160,139,"r23m0124.hpc.itc.rwth-aachen.de",1,4194304,50,134196,144952,148402,148017,151967,156964,157389
incast,0,160,140,"r23m0124.hpc.itc.rwth-aachen.de",1,4194304,50,168424,176631,180476,179253,182169,184056,186246
incast,0,160,141,"r23m0124.hpc.itc.rwth-aachen.de",1,4194304,50,164790,176910,178709,178782,181446,183554,184358
incast,0,160,142,"r23m0124.hpc.itc.rwth-aachen.de",1,4194304,50,152881,175034,179303,177449,181209,184363,186168
incast,0,160,144,"r23m0124.hpc.itc.rwth-aachen.de",1,4194304,50,109662,171451,176731,174102,180142,184143,185469
incast,0,160,145,"r23m0124.hpc.itc.rwth-aachen.de",1,4194304,50,126098,141146,146724,145122,149968,152947,156758
incast,0,160,146,"r23m0124.hpc.itc.rwth-aachen.de",1,4194304,50,138926,144418,148077,147993,152077,155799,157387
incast,0,160,147,"r23m0124.hpc.itc.rwth-aachen.de",1,4194304,50,168523,176110,178677,178204,180643,183426,184999
incast,0,160,148,"r23m0124.hpc.itc.rwth-aachen.de",1,4194304,50,171366,178482,180685,180282,182511,184679,186196
incast,0,160,150,"r23m0124.hpc.itc.rwth-aachen.de",1,4194304,50,148971,171110,175087,173295,177588,181490,182666
incast,0,160,151,"r23m0124.hpc.itc.rwth-aachen.de",1,4194304,50,138344,144206,147222,147341,150403,153806,158189
incast,0,160,152,"r23m0124.hpc.itc.rwth-aachen.de",1,4194304,50,132245,144607,147384,146777,149451,153815,157077
incast,0,160,153,"r23m0124.hpc.itc.rwth-aachen.de",1,4194304,50,121463,142495,147251,145385,149876,153272,155009
incast,0,160,154,"r23m0124.hpc.itc.rwth-aachen.de",1,4194304,50,161621,174685,177681,177010,180168,183726,185305
incast,0,160,156,"r23m0124.hpc.itc.rwth-aachen.de",1,4194304,50,157965,177485,179525,178775,181770,184010,186037
incast,0,160,157,"r23m0124.hpc.itc.rwth-aachen.de",1,4194304,50,150355,177309,179549,178229,181990,183990,186154
incast,0,160,158,"r23m0124.hpc.itc.rwth-aachen.de",1,4194304,50,151290,175157,178307,177511,181384,183620,184175
incast,0,160,159,"r23m0124.hpc.itc.rwth-aachen.de",1,4194304,50,163421,177847,180642,179829,182236,184963,185312
incast,0,160,160,"r23m0124.hpc.itc.rwth-aachen.de",1,4194304,50,164759,177597,180238,179531,182518,184113,186083
incast,0,160,162,"r23m0124.hpc.itc.rwth-aachen.de",1,4194304,50,146727,176965,179393,178388,181741,183985,185916
incast,0,160,163,"r23m0124.hpc.itc.rwth-aachen.de",1,4194304,50,168900,177304,179081,179156,181163,184527,186261
incast,0,160,164,"r23m0124.hpc.itc.rwth-aachen.de",1,4194304,50,151627,174947,177207,176859,180678,182755,185452
incast,0,160,165,"r23m0124.hpc.itc.rwth-aachen.de",1,4194304,50,100758,176887,179294,177278,181725,184003,185784
incast,0,160,166,"r23m0124.hpc.itc.rwth-aachen.de",1,4194304,50,140488,151013,169194,166296,179385,182931,185703
incast,0,160,168,"r23m0124.hpc.itc.rwth-aachen.de",1,4194304,50,113191,141827,145148,145086,148785,154199,156734
incast,0,160,169,"r23m0124.hpc.itc.rwth-aachen.de",1,4194304,50,170660,177905,180471,179799,181747,184774,186488
incast,0,160,170,"r23m0124.hpc.itc.rwth-aachen.de",1,4194304,50,125213,178333,180523,179009,182221,184882,185445
incast,0,160,171,"r23m0124.hpc.itc.rwth-aachen.de",1,4194304,50,134096,151517,154730,154621,157938,163697,165612
incast,0,160,172,"r23m0124.hpc.itc.rwth-aachen.de",1,4194304,50,141900,176463,179417,177240,182036,183259,186465
incast,0,160,174,"r23m0124.hpc.itc.rwth-aachen.de",1,4194304,50,169660,177522,179463,179625,181680,184286,185583
incast,0,160,175,"r23m0124.hpc.itc.rwth-aachen.de",1,4194304,50,172757,178556,180738,180329,182134,184119,186503
incast,0,160,176,"r23m0124.hpc.itc.rwth-aachen.de",1,4194304,50,169965,176609,178441,178455,180945,183075,184441
incast,0,160,177,"r23m0124.hpc.itc.rwth-aachen.de",1,4194304,50,126877,145349,148415,148180,151017,156907,157160
incast,0,160,178,"r23m0124.hpc.itc.rwth-aachen.de",1,4194304,50,161544,176472,178932,178315,181041,183544,184793
incast,0,160,180,"r23m0124.hpc.itc.rwth-aachen.de",1,4194304,50,165011,174020,177483,177102,180983,183219,186363
incast,0,160,181,"r23m0124.hpc.itc.rwth-aachen.de",1,4194304,50,150271,176183,178037,177900,180581,184308,185534
incast,0,160,182,"r23m0124.hpc.itc.rwth-aachen.de",1,4194304,50,167560,173473,177294,177055,179853,184052,185546
incast,0,160,183,"r23m0124.hpc.itc.rwth-aachen.de",1,4194304,50,170569,176604,179030,178851,181194,185493,186374
incast,0,160,184,"r23m0124.hpc.itc.rwth-aachen.de",1,4194304,50,159378,177683,179679,178759,181593,184076,185825
incast,0,160,186,"r23m0124.hpc.itc.rwth-aachen.de",1,4194304,50,135247,144544,147370,147219,150431,154250,158410
incast,0,160,187,"r23m0124.hpc.itc.rwth-aachen.de",1,4194304,50,164697,175360,177345,177342,180028,183052,184890
incast,0,160,188,"r23m0124.hpc.itc.rwth-aachen.de",1,4194304,50,134639,141221,145887,145601,149407,153474,155341
incast,0,160,189,"r23m0124.hpc.itc.rwth-aachen.de",1,4194304,50,166452,177677,179150,178969,181259,184925,186169
incast,0,160,190,"r23m0124.hpc.itc.rwth-aachen.de",1,4194304,50,158246,173737,177888,176412,180356,183194,184034
fanout,0,160,1,"n23m0123.hpc.itc.rwth-aachen.de",0,4194304,50,100144,101376,102069,102030,102887,103691,104366
fanout,0,160,2,"n23m0123.hpc.itc.rwth-aachen.de",0,4194304,50,99580.3,100830,101542,101486,102375,103149,103833
fanout,0,160,3,"n23m0123.hpc.itc.rwth-aachen.de",0,4194304,50,98966.3,100231,100941,100882,101731,102466,103224
fanout,0,160,4,"n23m0123.hpc.itc.rwth-aachen.de",0,4194304,50,98439.5,99682,100365,100329,101168,101897,102666
fanout,0,160,5,"n23m0123.hpc.itc.rwth-aachen.de",0,4194304,50,96500.4,97580.9,98029.7,97995,98606.5,99371,100050
fanout,0,160,6,"n23m0123.hpc.itc.rwth-aachen.de",0,4194304,50,2701.35,2797.3,2829.21,6679.12,2897.34,3292.36,99344.8
fanout,0,160,8,"n23m0123.hpc.itc.rwth-aachen.de",0,4194304,50,3223.94,3325.51,3370.72,7057.2,3430.23,3857.42,96306.7
fanout,0,160,9,"n23m0123.hpc.itc.rwth-aachen.de",0,4194304,50,3752.17,3871.98,3919.37,11280.7,3998.82,95573.5,96494.2
fanout,0,160,10,"n23m0123.hpc.itc.rwth-aachen.de",0,4194304,50,4156.92,4357.46,4396.56,8068.8,4501.34,4869.01,96450.9
fanout,0,160,11,"n23m0123.hpc.itc.rwth-aachen.de",0,4194304,50,4739.05,4905.69,4956.65,8554.07,5039.43,5415.17,95802.6
fanout,0,160,12,"n23m0123.hpc.itc.rwth-aachen.de",0,4194304,50,4961.94,5399.11,5440.85,9022.35,5534.25,5916.13,95968.1
fanout,0,160,14,"n23m0123.hpc.itc.rwth-aachen.de",0,4194304,50,5471.33,5906.52,5966.29,16817,6086.41,96681.4,98429.3
fanout,0,160,15,"n23m0123.hpc.itc.rwth-aachen.de",0,4194304,50,6032.9,6427.33,6510.33,10067.5,6636.99,6966.59,97552.2
fanout,0,160,16,"n23m0123.hpc.itc.rwth-aachen.de",0,4194304,50,6545.72,6917.48,7033.18,12334.6,7144.72,55716.8,96334.6
fanout,0,160,17,"n23m0123.hpc.itc.rwth-aachen.de",0,4194304,50,7080.38,7467.91,7562.86,12839.1,7689.29,55906.8,97031.9
fanout,0,160,18,"n23m0123.hpc.itc.rwth-aachen.de",0,4194304,50,7599.05,7965.88,8058.05,11560.9,8178.53,8294.28,96320.6
fanout,0,160,20,"n23m0123.hpc.itc.rwth-aachen.de",0,4194304,50,8115.35,8458.07,8630.45,24410,8792.76,97023.9,97691.5
fanout,0,160,21,"n23m0123.hpc.itc.rwth-aachen.de",0,4194304,50,8615.3,9001.49,9123.65,21047.8,9319.66,95030.5,96422.2
fanout,0,160,22,"n23m0123.hpc.itc.rwth-aachen.de",0,4194304,50,9077.5,9428.76,9535.81,14766.4,9763.94,56882,97270.5
fanout,0,160,23,"n23m0123.hpc.itc.rwth-aachen.de",0,4194304,50,9636.45,9980.6,10148.1,15228.9,10320.1,56941.8,95205.3
fanout,0,160,24,"n23m0123.hpc.itc.rwth-aachen.de",0,4194304,50,10147.2,10525.2,10684,15751.8,10877.2,56904.7,96335.6
fanout,0,160,25,"n23m0123.hpc.itc.rwth-aachen.de",0,4194304,50,10665.1,11085,11254.6,22955.3,11427.8,95919.3,97119.6
fanout,0,160,27,"n23m0123.hpc.itc.rwth-aachen.de",0,4194304,50,10995.8,11585.3,11772,20157.1,11939.1,95911.8,97918.2
fanout,0,160,28,"n23m0123.hpc.itc.rwth-aachen.de",0,4194304,50,11521.3,12100.4,12271.6,18872.3,12428.6,94448.2,96264.2
fanout,0,160,29,"n23m0123.hpc.itc.rwth-aachen.de",0,4194304,50,12093.6,12669.8,12824.1,16119.3,12987.5,13395.4,97183.6
fanout,0,160,30,"n23m0123.hpc.itc.rwth-aachen.de",0,4194304,50,12605.3,13166,13332.4,16683.4,13477.5,13867.1,98441.6
fanout,0,160,31,"n23m0123.hpc.itc.rwth-aachen.de",0,4194304,50,13134.7,13700.6,13846.4,18688.1,14057.3,57520.5,96145.5
fanout,0,160,33,"n23m0123.hpc.itc.rwth-aachen.de",0,4194304,50,13610.4,14181.7,14361.7,14338.6,14521.7,14773.6,14998.3
fanout,0,160,34,"n23m0123.hpc.itc.rwth-aachen.de",0,4194304,50,14112.4,14706.7,14890.5,18159.8,15088.8,15448.8,97558.1
fanout,0,160,35,"n23m0123.hpc.itc.rwth-aachen.de",0,4194304,50,14632.1,15218.4,15402.6,17013.1,15627.2,15972.6,94274.9
fanout,0,160,36,"n23m0123.hpc.itc.rwth-aachen.de",0,4194304,50,15161.8,15781.7,16024.5,20883.1,16214.1,61143,98610.8
fanout,0,160,37,"n23m0123.hpc.itc.rwth-aachen.de",0,4194304,50,15720.5,16294.3,16536.5,27720.7,16802.2,96732.2,97097
fanout,0,160,39,"n23m0123.hpc.itc.rwth-aachen.de",0,4194304,50,16166.4,16978.5,17211.8,34404.6,17721.4,96261.7,99760.4
fanout,0,160,40,"n23m0123.hpc.itc.rwth-aachen.de",0,4194304,50,16767.5,17382.2,17637.9,20799.3,17841.8,19145.5,97176.2
fanout,0,160,41,"n23m0123.hpc.itc.rwth-aachen.de",0,4194304,50,17304.8,17959.3,18200.3,25880.2,18467.4,94685.8,97999.3
fanout,0,160,42,"n23m0123.hpc.itc.rwth-aachen.de",0,4194304,50,17819.7,18389.6,18682.6,21815.9,18918.3,20212.3,97597.8
fanout,0,160,43,"n23m0123.hpc.itc.rwth-aachen.de",0,4194304,50,18355.3,18928.3,19250.7,23815,19524.7,61593.7,96247.9
fanout,0,160,44,"n23m0123.hpc.itc.rwth-aachen.de",0,4194304,50,18928.1,19503.1,19741.8,24241,19991.8,60624,96263
fanout,0,160,46,"n23m0123.hpc.itc.rwth-aachen.de",0,4194304,50,19199.9,20110.3,20323.1,27925.9,20580.6,96078.1,97648.9
fanout,0,160,47,"n23m0123.hpc.itc.rwth-aachen.de",0,4194304,50,19755,20583.7,20839.5,22326.8,21085.7,21447.2,94728
fanout,0,160,48,"n23m0123.hpc.itc.rwth-aachen.de",0,4194304,50,20532.4,21391,21611.7,27634.9,21867.1,96210.8,99352.2
fanout,0,160,49,"n23m0123.hpc.itc.rwth-aachen.de",0,4194304,50,21433.9,22248.1,22452.6,31347.8,22724.4,96821.5,99878.3
fanout,0,160,50,"n23m0123.hpc.itc.rwth-aachen.de",0,4194304,50,22281,23034.9,23366.9,29175.3,23675.6,95388.9,99379.7
fanout,0,160,52,"n23m0123.hpc.itc.rwth-aachen.de",0,4194304,50,23122.6,23910.5,24314.1,34448.4,24631.9,98617.8,99318.1
fanout,0,160,53,"n23m0123.hpc.itc.rwth-aachen.de",0,4194304,50,24078.6,24869.8,25302.7,35390.6,25542.4,99723.6,100523
fanout,0,160,54,"n23m0123.hpc.itc.rwth-aachen.de",0,4194304,50,25044.6,25713.1,26220.3,30379.4,26451.1,65344.1,99437.3
fanout,0,160,55,"n23m0123.hpc.itc.rwth-aachen.de",0,4194304,50,26001.5,26674.9,27176.2,28425.3,27410.4,27729,95520.5
fanout,0,160,56,"n23m0123.hpc.itc.rwth-aachen.de",0,4194304,50,26963.3,27668.7,28159.7,32232.7,28388.9,65393.5,100809
fanout,0,160,58,"n23m0123.hpc.itc.rwth-aachen.de",0,4194304,50,27987.6,28617.5,29127.7,29044.1,29362.5,29640.3,31218.8
fanout,0,160,59,"n23m0123.hpc.itc.rwth-aachen.de",0,4194304,50,28966.4,29684,30209.2,35518,30434.6,97073.8,100066
fanout,0,160,60,"n23m0123.hpc.itc.rwth-aachen.de",0,4194304,50,29587.3,30637.9,31062.7,31003.7,31357.6,31693.8,33056
fanout,0,160,61,"n23m0123.hpc.itc.rwth-aachen.de",0,4194304,50,30528.4,31598.7,32146.6,35790.6,32406.6,66890.3,96776.6
fanout,0,160,62,"n23m0123.hpc.itc.rwth-aachen.de",0,4194304,50,31478.4,32523.7,32996.9,32912.5,33314.7,33646.7,34941.3
fanout,0,160,63,"n23m0123.hpc.itc.rwth-aachen.de",0,4194304,50,32450.8,33475,34009.5,36418.3,34375.9,35400.4,99208.7
fanout,0,160,65,"n23m0123.hpc.itc.rwth-aachen.de",0,4194304,50,33416.7,34396.5,34970.2,37348,35380,36355.5,99573.5
fanout,0,160,66,"n23m0123.hpc.itc.rwth-aachen.de",0,4194304,50,34345.7,35405.8,35934.7,38179.2,36306.6,37276.8,94746.7
fanout,0,160,67,"n23m0123.hpc.itc.rwth-aachen.de",0,4194304,50,35301.8,36313,36902,37934.8,37247.8,37673.7,95524.6
fanout,0,160,68,"n23m0123.hpc.itc.rwth-aachen.de",0,4194304,50,36224.1,37222.2,37854.8,38832.3,38215.6,38624.2,93424
fanout,0,160,69,"n23m0123.hpc.itc.rwth-aachen.de",0,4194304,50,35801,38150.4,38845,38642.7,39196.5,39504.6,40606.7
fanout,0,160,71,"n23m0123.hpc.itc.rwth-aachen.de",0,4194304,50,36838.6,39154.8,39825.1,39666.9,40166.7,40630.7,41623.9
fanout,0,160,72,"n23m0123.hpc.itc.rwth-aachen.de",0,4194304,50,37808.2,40097.5,40766.2,40600.1,41121,41513.9,42487
fanout,0,160,73,"n23m0123.hpc.itc.rwth-aachen.de",0,4194304,50,38785.3,41048.8,41704.9,41548.7,42065.6,42446,43404
fanout,0,160,74,"n23m0123.hpc.itc.rwth-aachen.de",0,4194304,50,39721.4,42051.9,42666.2,43546.9,43030.6,43455.7,95115.9
fanout,0,160,75,"n23m0123.hpc.itc.rwth-aachen.de",0,4194304,50,40697.6,42923.9,43573.1,43415.8,43918.7,44302.6,45179.9
fanout,0,160,77,"n23m0123.hpc.itc.rwth-aachen.de",0,4194304,50,41615.8,43834.1,44512.4,45370.7,44837.5,45321.5,96281.7
fanout,0,160,78,"n23m0123.hpc.itc.rwth-aachen.de",0,4194304,50,42565.1,44769.8,45452.7,45260.8,45739.3,46142.6,46986.7
fanout,0,160,79,"n23m0123.hpc.itc.rwth-aachen.de",0,4194304,50,43518.9,45704.1,46377.8,46189.2,46662.8,47086.8,47904.2
fanout,0,160,80,"n23m0123.hpc.itc.rwth-aachen.de",0,4194304,50,44464.4,46631.6,47301.5,47120.5,47578.7,48133.5,48809.7
fanout,0,160,81,"n23m0123.hpc.itc.rwth-aachen.de",0,4194304,50,45393.5,47549.8,48227.2,48026.9,48499.4,48933.2,49706.9
fanout,0,160,82,"n23m0123.hpc.itc.rwth-aachen.de",0,4194304,50,46328.2,48509.4,49180.6,48985.2,49463.6,49905.1,50657.8
fanout,0,160,84,"n23m0123.hpc.itc.rwth-aachen.de",0,4194304,50,47231.8,49428.9,50088,49895.1,50389.5,50819.4,51575.3
fanout,0,160,85,"n23m0123.hpc.itc.rwth-aachen.de",0,4194304,50,48152.9,50338,50968,50797.7,51324.7,51759.8,52468.8
fanout,0,160,86,"n23m0123.hpc.itc.rwth-aachen.de",0,4194304,50,49057.6,51250.1,51852,51692.8,52230.4,52667.9,53349.7
fanout,0,160,87,"n23m0123.hpc.itc.rwth-aachen.de",0,4194304,50,49941.8,52156.1,52773.5,52595.5,53151.9,53618.6,54236.7
fanout,0,160,88,"n23m0123.hpc.itc.rwth-aachen.de",0,4194304,50,50854.1,53021.5,53625.9,53467.5,54022.2,54504.9,55069.3
fanout,0,160,90,"n23m0123.hpc.itc.rwth-aachen.de",0,4194304,50,51760.2,53910.2,54512.1,54366.5,54921.7,55428.9,56039.2
fanout,0,160,91,"n23m0123.hpc.itc.rwth-aachen.de",0,4194304,50,52640.9,54821.1,55423.3,55269.2,55830,56374.6,56873
fanout,0,160,92,"n23m0123.hpc.itc.rwth-aachen.de",0,4194304,50,53563.8,55680.8,56311.2,56158.5,56720.5,57288.4,57756.5
fanout,0,160,93,"n23m0123.hpc.itc.rwth-aachen.de",0,4194304,50,54459,56602.2,57229.9,57068.2,57615.4,58209.2,58661
fanout,0,160,94,"n23m0123.hpc.itc.rwth-aachen.de",0,4194304,50,55383.2,57550.9,58173.4,58090,58569.7,59267.5,63328.6
fanout,0,160,96,"r23m0124.hpc.itc.rwth-aachen.de",1,4194304,50,57888.4,59108.2,59832.8,62760.9,60284.4,97344.7,99889.4
fanout,0,160,97,"r23m0124.hpc.itc.rwth-aachen.de",1,4194304,50,58610.4,59856,60415.5,64433.1,61069.4,95849.1,96962.5
fanout,0,160,98,"r23m0124.hpc.itc.rwth-aachen.de",1,4194304,50,59296.4,60848.4,61362.7,65685.6,61843.5,95438.6,97258.3
fanout,0,160,99,"r23m0124.hpc.itc.rwth-aachen.de",1,4194304,50,58427.1,60944.1,61602.3,66244.5,62240.4,98040.4,101467
fanout,0,160,100,"r23m0124.hpc.itc.rwth-aachen.de",1,4194304,50,58430.4,61035.3,61798.3,70191.9,81570,97897.8,99801.5
fanout,0,160,102,"r23m0124.hpc.itc.rwth-aachen.de",1,4194304,50,58816.2,61913.5,62671.8,72791.6,93154.7,97545.6,98252.5
fanout,0,160,103,"r23m0124.hpc.itc.rwth-aachen.de",1,4194304,50,59347.3,62093.7,63007,71549.9,91383.7,96882.5,98837.2
fanout,0,160,104,"r23m0124.hpc.itc.rwth-aachen.de",1,4194304,50,59410.6,61875.9,62574.9,67266.9,63467.3,93721.1,99263.1
fanout,0,160,105,"r23m0124.hpc.itc.rwth-aachen.de",1,4194304,50,60675.1,62781.3,63373.4,67731.7,64124.4,96531.2,97597.3
fanout,0,160,106,"r23m0124.hpc.itc.rwth-aachen.de",1,4194304,50,61577.1,63181.2,63988.2,68540.7,64605,95892.7,98606
fanout,0,160,108,"r23m0124.hpc.itc.rwth-aachen.de",1,4194304,50,61875.9,63443.5,64495.5,70871.8,65502.5,97601.7,101544
fanout,0,160,109,"r23m0124.hpc.itc.rwth-aachen.de",1,4194304,50,61331.3,63491.5,64158.2,70604.3,65481.1,96409.9,98852.4
fanout,0,160,110,"r23m0124.hpc.itc.rwth-aachen.de",1,4194304,50,61925.4,64330.9,64819.7,71483.7,66502.2,97658.1,99198.9
fanout,0,160,111,"r23m0124.hpc.itc.rwth-aachen.de",1,4194304,50,61996.2,64261.2,65071.4,70748,66124.2,96656.7,100246
fanout,0,160,112,"r23m0124.hpc.itc.rwth-aachen.de",1,4194304,50,63214.3,64923.2,65562.4,70452.6,66620.3,95051.9,99602.2
fanout,0,160,114,"r23m0124.hpc.itc.rwth-aachen.de",1,4194304,50,64019.6,65717.3,66459.6,70085.7,67367.5,93999.2,95825.6
fanout,0,160,115,"r23m0124.hpc.itc.rwth-aachen.de",1,4194304,50,64021.8,65598.9,66125,70665.7,67191.2,96766,97548.6
fanout,0,160,116,"r23m0124.hpc.itc.rwth-aachen.de",1,4194304,50,64205.2,66138.6,66915.5,69394.6,67959.1,92407.3,95881.8
fanout,0,160,117,"r23m0124.hpc.itc.rwth-aachen.de",1,4194304,50,63498.7,66477.9,67308.9,72650.6,68387.7,96650.8,100064
fanout,0,160,118,"r23m0124.hpc.itc.rwth-aachen.de",1,4194304,50,64830.8,67175.7,67838.4,71346.9,68601.1,95673.2,97289.2
fanout,0,160,120,"r23m0124.hpc.itc.rwth-aachen.de",1,4194304,50,66106.9,67943.5,68560.6,72639.9,69837.4,95543.5,99531.4
fanout,0,160,121,"r23m0124.hpc.itc.rwth-aachen.de",1,4194304,50,66321.6,67631.6,68443.2,73100.5,69555.5,97777.2,99218.7
fanout,0,160,122,"r23m0124.hpc.itc.rwth-aachen.de",1,4194304,50,67635.5,69067.2,70180.2,78189.9,91740.2,96810.5,97539.6
fanout,0,160,123,"r23m0124.hpc.itc.rwth-aachen.de",1,4194304,50,65567.7,68996.7,70457.4,79435.7,92068,97622.6,98173
fanout,0,160,124,"r23m0124.hpc.itc.rwth-aachen.de",1,4194304,50,66468.3,69782.2,70721.9,77059.5,91432.5,94408.6,99129.2
fanout,0,160,126,"r23m0124.hpc.itc.rwth-aachen.de",1,4194304,50,66363.3,69201.1,70331.1,75182.9,71964.2,98156.6,100040
fanout,0,160,127,"r23m0124.hpc.itc.rwth-aachen.de",1,4194304,50,66567.3,69289.9,70343.7,73807,71011.3,94768,97983.2
fanout,0,160,128,"r23m0124.hpc.itc.rwth-aachen.de",1,4194304,50,67664.8,70027.3,71367.5,76211.1,72963.8,96611.6,98453.4
fanout,0,160,129,"r23m0124.hpc.itc.rwth-aachen.de",1,4194304,50,68484.4,70448.8,71574.6,75294.9,72876,95873.6,97030.8
fanout,0,160,130,"r23m0124.hpc.itc.rwth-aachen.de",1,4194304,50,68057.1,70546.8,71689.3,74449.6,72606.8,94626.6,95677.7
fanout,0,160,132,"r23m0124.hpc.itc.rwth-aachen.de",1,4194304,50,68426.9,70970.4,71843.1,74522,72876.6,94041.9,101530
fanout,0,160,133,"r23m0124.hpc.itc.rwth-aachen.de",1,4194304,50,69081.4,71472,72504.6,75251.8,73552.7,94529.6,100482
fanout,0,160,134,"r23m0124.hpc.itc.rwth-aachen.de",1,4194304,50,69475.3,71730.4,72777.3,75262.4,73942.8,92793.5,94187.5
fanout,0,160,135,"r23m0124.hpc.itc.rwth-aachen.de",1,4194304,50,69693.9,72267.1,73140.4,76751.9,74335.1,96265.7,98166.5
fanout,0,160,136,"r23m0124.hpc.itc.rwth-aachen.de",1,4194304,50,70202.1,72556.7,73526,78092,75126.8,96092.6,98660.4
fanout,0,160,138,"r23m0124.hpc.itc.rwth-aachen.de",1,4194304,50,71648.5,73587.9,74270,77924.7,75986.3,94924.7,97057.8
fanout,0,160,139,"r23m0124.hpc.itc.rwth-aachen.de",1,4194304,50,71290.7,73190.3,73989.5,76521.4,75309.1,94178.7,97396.8
fanout,0,160,140,"r23m0124.hpc.itc.rwth-aachen.de",1,4194304,50,71251.8,74265,75078.4,76073.2,75956,85155.7,98835.7
fanout,0,160,141,"r23m0124.hpc.itc.rwth-aachen.de",1,4194304,50,71041.5,74184.1,74791.6,76314.1,76047.8,93239.8,96361.6
fanout,0,160,142,"r23m0124.hpc.itc.rwth-aachen.de",1,4194304,50,71072,74149,74917.6,76828.4,76301,95456,98331.7
fanout,0,160,144,"r23m0124.hpc.itc.rwth-aachen.de",1,4194304,50,72351.9,75253.1,76141.2,78790.3,77791.5,95380,97722.6
fanout,0,160,145,"r23m0124.hpc.itc.rwth-aachen.de",1,4194304,50,71915.4,75262.1,75983.3,78863.9,77593,94145.6,96831.1
fanout,0,160,146,"r23m0124.hpc.itc.rwth-aachen.de",1,4194304,50,72602.1,75784.8,76761.5,80247.7,78607.8,95408.8,99079.6
fanout,0,160,147,"r23m0124.hpc.itc.rwth-aachen.de",1,4194304,50,72712.9,75785.2,76805.2,80310.6,78678.9,95984.7,97700.9
fanout,0,160,148,"r23m0124.hpc.itc.rwth-aachen.de",1,4194304,50,73482.3,76269.1,77567.5,79839.1,79178.2,94002.8,97883.4
fanout,0,160,150,"r23m0124.hpc.itc.rwth-aachen.de",1,4194304,50,73516.8,76212,77347.8,79962.5,79093.5,95996.4,97834.3
fanout,0,160,151,"r23m0124.hpc.itc.rwth-aachen.de",1,4194304,50,74934,77265.9,78415.9,80681.1,79908.2,95046.9,98971.9
fanout,0,160,152,"r23m0124.hpc.itc.rwth-aachen.de",1,4194304,50,74673.2,76930.2,77974.9,80906.5,79739,97163.9,100112
fanout,0,160,153,"r23m0124.hpc.itc.rwth-aachen.de",1,4194304,50,74926.1,77345.4,78512.8,80571.5,79967.3,94793.3,99416.5
fanout,0,160,154,"r23m0124.hpc.itc.rwth-aachen.de",1,4194304,50,75213.8,77641.4,78651.6,80568.1,79964.1,96816.6,100225
fanout,0,160,156,"r23m0124.hpc.itc.rwth-aachen.de",1,4194304,50,76778.4,79034.6,80260.9,81661,81557.4,95995.4,97931.2
fanout,0,160,157,"r23m0124.hpc.itc.rwth-aachen.de",1,4194304,50,76201.8,78874.3,80000.8,81554.3,81224.2,93778.8,97710.1
fanout,0,160,158,"r23m0124.hpc.itc.rwth-aachen.de",1,4194304,50,75886.4,79051.6,80248.8,81755.5,81420.5,94539.4,95927.6
fanout,0,160,159,"r23m0124.hpc.itc.rwth-aachen.de",1,4194304,50,76749.3,79513,80744.5,82044.3,81857.3,94998.8,99425.3
fanout,0,160,160,"r23m0124.hpc.itc.rwth-aachen.de",1,4194304,50,77293.2,79927.9,81150.2,81932.5,82170,92278.3,95186.7
fanout,0,160,162,"r23m0124.hpc.itc.rwth-aachen.de",1,4194304,50,77725.7,80203.4,81554.6,82477.9,82901.1,94285.5,102005
fanout,0,160,163,"r23m0124.hpc.itc.rwth-aachen.de",1,4194304,50,78466,80537.2,81948,82896.6,83156.6,95047.4,97309.4
fanout,0,160,164,"r23m0124.hpc.itc.rwth-aachen.de",1,4194304,50,79064.6,81548.4,82889.8,84785.2,84714.9,96575.5,99629.3
fanout,0,160,165,"r23m0124.hpc.itc.rwth-aachen.de",1,4194304,50,79230.4,81549.5,82862.4,83803.6,84125.2,93106.2,95434.3
fanout,0,160,166,"r23m0124.hpc.itc.rwth-aachen.de",1,4194304,50,78659.6,82348.7,83631.5,84508.1,84754.2,95017.3,96207.1
fanout,0,160,168,"r23m0124.hpc.itc.rwth-aachen.de",1,4194304,50,79352.3,82814.5,84175.4,84634.7,85297.5,90572.3,97935.6
fanout,0,160,169,"r23m0124.hpc.itc.rwth-aachen.de",1,4194304,50,78790,82610.8,83998,84359.7,84957.9,92919.3,97090.9
fanout,0,160,170,"r23m0124.hpc.itc.rwth-aachen.de",1,4194304,50,79447.3,82688.7,84536.5,85394,85775,96629.5,97003.2
fanout,0,160,171,"r23m0124.hpc.itc.rwth-aachen.de",1,4194304,50,80407.6,83341.2,85163.5,86017.3,86534.2,96032.8,98293.4
fanout,0,160,172,"r23m0124.hpc.itc.rwth-aachen.de",1,4194304,50,81503.4,84759.7,86255.6,88292.8,92187.2,98083.6,99154.4
fanout,0,160,174,"r23m0124.hpc.itc.rwth-aachen.de",1,4194304,50,81997.5,85572.6,87102.7,88334.3,90395.1,96539,99064.8
fanout,0,160,175,"r23m0124.hpc.itc.rwth-aachen.de",1,4194304,50,80361.1,84918.4,87030,88580.4,93011.1,97433.5,97931.5
fanout,0,160,176,"r23m0124.hpc.itc.rwth-aachen.de",1,4194304,50,81147.9,85289,86929.1,87567.8,88848.7,94506.7,96202.1
fanout,0,160,177,"r23m0124.hpc.itc.rwth-aachen.de",1,4194304,50,81252.8,85389.3,87362.5,87726.5,88731.1,94260.6,100376
fanout,0,160,178,"r23m0124.hpc.itc.rwth-aachen.de",1,4194304,50,83116.2,85777.8,87240.2,88480.9,89120.7,97271.9,100319
fanout,0,160,180,"r23m0124.hpc.itc.rwth-aachen.de",1,4194304,50,83619.4,86620.2,87909.1,88732.5,89835,96809.3,98368.5
fanout,0,160,181,"r23m0124.hpc.itc.rwth-aachen.de",1,4194304,50,83899.7,86935.4,88278,89160.1,90800.7,95737.2,97588.5
fanout,0,160,182,"r23m0124.hpc.itc.rwth-aachen.de",1,4194304,50,81960.9,86668.8,88484.2,88816,90327.7,96472.1,98093.8
fanout,0,160,183,"r23m0124.hpc.itc.rwth-aachen.de",1,4194304,50,83002.1,87216.3,89082.9,89314.5,90860.7,95168.3,96379.6
fanout,0,160,184,"r23m0124.hpc.itc.rwth-aachen.de",1,4194304,50,83632.7,87642.1,89549.8,89890.2,90915.1,96414.9,98303.6
fanout,0,160,186,"r23m0124.hpc.itc.rwth-aachen.de",1,4194304,50,84090.1,88096.4,89923.5,90435.7,91816.9,98325.5,101826
fanout,0,160,187,"r23m0124.hpc.itc.rwth-aachen.de",1,4194304,50,84114.3,88020.8,89867.8,89841.5,91130.9,94419.4,96635.9
fanout,0,160,188,"r23m0124.hpc.itc.rwth-aachen.de",1,4194304,50,84953.6,88523,90314.2,90364.3,91645.6,94708.6,97085.1
fanout,0,160,189,"r23m0124.hpc.itc.rwth-aachen.de",1,4194304,50,86042.4,89296.8,90699.3,90905.1,92558.7,95458.5,98200.7
fanout,0,160,190,"r23m0124.hpc.itc.rwth-aachen.de",1,4194304,50,86522.7,90582,91858.1,91829.5,93080.8,95036.8,96664.5
full_duplex,0,160,1,"n23m0123.hpc.itc.rwth-aachen.de",0,4194304,50,261594,263693,265127,266211,266427,270281,298961
full_duplex,0,160,2,"n23m0123.hpc.itc.rwth-aachen.de",0,4194304,50,261032,263154,264572,265640,265894,269746,297673
full_duplex,0,160,3,"n23m0123.hpc.itc.rwth-aachen.de",0,4194304,50,253073,262044,263798,264142,265130,269049,280990
full_duplex,0,160,4,"n23m0123.hpc.itc.rwth-aachen.de",0,4194304,50,226269,261130,262390,261640,263933,266859,274061
full_duplex,0,160,5,"n23m0123.hpc.itc.rwth-aachen.de",0,4194304,50,165244,166325,193435,213208,260451,263711,265530
full_duplex,0,160,6,"n23m0123.hpc.itc.rwth-aachen.de",0,4194304,50,148884,165597,166490,168279,167389,170194,256419
full_duplex,0,160,8,"n23m0123.hpc.itc.rwth-aachen.de",0,4194304,50,123071,166117,166920,165916,167691,169632,183281
full_duplex,0,160,9,"n23m0123.hpc.itc.rwth-aachen.de",0,4194304,50,124472,166655,167443,166484,168268,170169,183825
full_duplex,0,160,10,"n23m0123.hpc.itc.rwth-aachen.de",0,4194304,50,126889,167195,167928,167035,168782,170733,184242
full_duplex,0,160,11,"n23m0123.hpc.itc.rwth-aachen.de",0,4194304,50,127711,167577,168346,167523,169253,171150,184684
full_duplex,0,160,12,"n23m0123.hpc.itc.rwth-aachen.de",0,4194304,50,129845,168130,168885,169713,169811,172680,251843
full_duplex,0,160,14,"n23m0123.hpc.itc.rwth-aachen.de",0,4194304,50,131310,168540,169270,168558,170245,172079,185692
full_duplex,0,160,15,"n23m0123.hpc.itc.rwth-aachen.de",0,4194304,50,132447,169034,169728,169077,170715,172583,186123
full_duplex,0,160,16,"n23m0123.hpc.itc.rwth-aachen.de",0,4194304,50,133525,169496,170182,169577,171169,173011,186594
full_duplex,0,160,17,"n23m0123.hpc.itc.rwth-aachen.de",0,4194304,50,141335,169986,170672,170240,171668,173508,187078
full_duplex,0,160,18,"n23m0123.hpc.itc.rwth-aachen.de",0,4194304,50,136070,170459,171147,170649,172141,174003,187548
full_duplex,0,160,20,"n23m0123.hpc.itc.rwth-aachen.de",0,4194304,50,137688,170959,171638,171193,172605,174470,188045
full_duplex,0,160,21,"n23m0123.hpc.itc.rwth-aachen.de",0,4194304,50,139342,171536,172186,172127,173153,176012,188419
full_duplex,0,160,22,"n23m0123.hpc.itc.rwth-aachen.de",0,4194304,50,139865,171876,172620,172240,173565,175420,188875
full_duplex,0,160,23,"n23m0123.hpc.itc.rwth-aachen.de",0,4194304,50,151340,172357,173021,172967,174018,175832,189393
full_duplex,0,160,24,"n23m0123.hpc.itc.rwth-aachen.de",0,4194304,50,143508,172836,173528,173310,174507,176373,189841
full_duplex,0,160,25,"n23m0123.hpc.itc.rwth-aachen.de",0,4194304,50,145446,173307,174147,175535,175094,177895,254436
full_duplex,0,160,27,"n23m0123.hpc.itc.rwth-aachen.de",0,4194304,50,146215,173817,174582,177655,175699,185437,256394
full_duplex,0,160,28,"n23m0123.hpc.itc.rwth-aachen.de",0,4194304,50,150352,174293,175009,174997,175819,177825,191323
full_duplex,0,160,29,"n23m0123.hpc.itc.rwth-aachen.de",0,4194304,50,152073,174856,175637,177272,176483,179420,260372
full_duplex,0,160,30,"n23m0123.hpc.itc.rwth-aachen.de",0,4194304,50,153719,175403,176130,177787,177149,179905,258177
full_duplex,0,160,31,"n23m0123.hpc.itc.rwth-aachen.de",0,4194304,50,155959,175910,176663,178429,177670,181397,261555
full_duplex,0,160,33,"n23m0123.hpc.itc.rwth-aachen.de",0,4194304,50,158505,176432,177160,178939,178159,183849,255725
full_duplex,0,160,34,"n23m0123.hpc.itc.rwth-aachen.de",0,4194304,50,159612,176938,177623,179434,178479,185751,255875
full_duplex,0,160,35,"n23m0123.hpc.itc.rwth-aachen.de",0,4194304,50,161059,177405,178146,178457,179008,181923,194316
full_duplex,0,160,36,"n23m0123.hpc.itc.rwth-aachen.de",0,4194304,50,162699,177995,178696,180593,179594,188841,255069
full_duplex,0,160,37,"n23m0123.hpc.itc.rwth-aachen.de",0,4194304,50,166950,178625,179489,190862,180946,259576,261781
full_duplex,0,160,39,"n23m0123.hpc.itc.rwth-aachen.de",0,4194304,50,168223,179031,179930,186615,180927,257906,262047
full_duplex,0,160,40,"n23m0123.hpc.itc.rwth-aachen.de",0,4194304,50,170020,179521,180405,183945,181347,199005,258322
full_duplex,0,160,41,"n23m0123.hpc.itc.rwth-aachen.de",0,4194304,50,171530,179925,180759,184473,181746,200321,261213
full_duplex,0,160,42,"n23m0123.hpc.itc.rwth-aachen.de",0,4194304,50,172272,180584,181329,188053,182537,254613,277002
full_duplex,0,160,43,"n23m0123.hpc.itc.rwth-aachen.de",0,4194304,50,173622,181010,181787,188628,183127,255188,263157
full_duplex,0,160,44,"n23m0123.hpc.itc.rwth-aachen.de",0,4194304,50,174485,181522,182413,187714,183557,236213,259922
full_duplex,0,160,46,"n23m0123.hpc.itc.rwth-aachen.de",0,4194304,50,176136,182064,182959,186709,184031,206043,259182
full_duplex,0,160,47,"n23m0123.hpc.itc.rwth-aachen.de",0,4194304,50,180668,182635,183632,193296,184730,258001,262584
full_duplex,0,160,48,"n23m0123.hpc.itc.rwth-aachen.de",0,4194304,50,181463,183547,184381,195986,185959,260810,263975
full_duplex,0,160,49,"n23m0123.hpc.itc.rwth-aachen.de",0,4194304,50,180599,184182,185059,194664,186439,259362,263013
full_duplex,0,160,50,"n23m0123.hpc.itc.rwth-aachen.de",0,4194304,50,183116,184841,185824,192462,186838,257802,262832
full_duplex,0,160,52,"n23m0123.hpc.itc.rwth-aachen.de",0,4194304,50,183870,185871,186744,199254,188237,262652,276615
full_duplex,0,160,53,"n23m0123.hpc.itc.rwth-aachen.de",0,4194304,50,185181,186694,187503,195395,188864,256985,263096
full_duplex,0,160,54,"n23m0123.hpc.itc.rwth-aachen.de",0,4194304,50,185278,187604,188456,202350,189973,263219,268038
full_duplex,0,160,55,"n23m0123.hpc.itc.rwth-aachen.de",0,4194304,50,186121,188082,189211,202595,192019,262028,264976
full_duplex,0,160,56,"n23m0123.hpc.itc.rwth-aachen.de",0,4194304,50,187001,189202,190079,201991,191859,260988,267394
full_duplex,0,160,58,"n23m0123.hpc.itc.rwth-aachen.de",0,4194304,50,187790,189687,190877,200870,192127,259713,265714
full_duplex,0,160,59,"n23m0123.hpc.itc.rwth-aachen.de",0,4194304,50,188729,190346,191693,199282,192401,262018,278412
full_duplex,0,160,60,"n23m0123.hpc.itc.rwth-aachen.de",0,4194304,50,189543,191197,192542,198400,193392,255821,261308
full_duplex,0,160,61,"n23m0123.hpc.itc.rwth-aachen.de",0,4194304,50,190437,192660,193662,207563,197615,261174,264015
full_duplex,0,160,62,"n23m0123.hpc.itc.rwth-aachen.de",0,4194304,50,191265,192824,193993,204253,195873,262016,263587
full_duplex,0,160,63,"n23m0123.hpc.itc.rwth-aachen.de",0,4194304,50,192193,194200,194945,210888,222870,263998,265836
full_duplex,0,160,65,"n23m0123.hpc.itc.rwth-aachen.de",0,4194304,50,193252,195049,195978,210338,209239,260362,268982
full_duplex,0,160,66,"n23m0123.hpc.itc.rwth-aachen.de",0,4194304,50,193206,195268,196635,207178,198748,262074,263566
full_duplex,0,160,67,"n23m0123.hpc.itc.rwth-aachen.de",0,4194304,50,194036,195871,197354,210344,201621,262717,267483
full_duplex,0,160,68,"n23m0123.hpc.itc.rwth-aachen.de",0,4194304,50,194962,196674,198081,202607,199007,245917,262883
full_duplex,0,160,69,"n23m0123.hpc.itc.rwth-aachen.de",0,4194304,50,195854,197572,198897,202142,199831,225406,278483
full_duplex,0,160,71,"n23m0123.hpc.itc.rwth-aachen.de",0,4194304,50,196840,198468,199931,207746,201551,261875,263901
full_duplex,0,160,72,"n23m0123.hpc.itc.rwth-aachen.de",0,4194304,50,197617,199622,201305,216059,228907,263239,265285
full_duplex,0,160,73,"n23m0123.hpc.itc.rwth-aachen.de",0,4194304,50,197086,200011,201431,206979,203019,259824,263430
full_duplex,0,160,74,"n23m0123.hpc.itc.rwth-aachen.de",0,4194304,50,198007,200980,202467,213671,204775,261997,267731
full_duplex,0,160,75,"n23m0123.hpc.itc.rwth-aachen.de",0,4194304,50,198944,202645,203547,213930,206631,262345,263820
full_duplex,0,160,77,"n23m0123.hpc.itc.rwth-aachen.de",0,4194304,50,199943,202803,204221,210166,205564,260618,264442
full_duplex,0,160,78,"n23m0123.hpc.itc.rwth-aachen.de",0,4194304,50,200867,203671,205015,209153,206298,249140,263412
full_duplex,0,160,79,"n23m0123.hpc.itc.rwth-aachen.de",0,4194304,50,202871,204883,206075,214536,207822,261098,266268
full_duplex,0,160,80,"n23m0123.hpc.itc.rwth-aachen.de",0,4194304,50,202127,205549,206911,213963,208811,259119,278747
full_duplex,0,160,81,"n23m0123.hpc.itc.rwth-aachen.de",0,4194304,50,203061,206473,207757,215902,209760,261852,265414
full_duplex,0,160,82,"n23m0123.hpc.itc.rwth-aachen.de",0,4194304,50,204002,207964,209333,224288,256613,264091,269043
full_duplex,0,160,84,"n23m0123.hpc.itc.rwth-aachen.de",0,4194304,50,204962,208217,209324,216350,211201,260487,268859
full_duplex,0,160,85,"n23m0123.hpc.itc.rwth-aachen.de",0,4194304,50,205983,209059,210368,217193,212681,259939,261780
full_duplex,0,160,86,"n23m0123.hpc.itc.rwth-aachen.de",0,4194304,50,208055,209938,211347,219179,213542,262584,268476
full_duplex,0,160,87,"n23m0123.hpc.itc.rwth-aachen.de",0,4194304,50,207182,210848,212475,219615,214783,259738,275025
full_duplex,0,160,88,"n23m0123.hpc.itc.rwth-aachen.de",0,4194304,50,208166,211791,213237,217472,215069,255895,259936
full_duplex,0,160,90,"n23m0123.hpc.itc.rwth-aachen.de",0,4194304,50,209178,213072,214669,227113,252216,261604,265466
full_duplex,0,160,91,"n23m0123.hpc.itc.rwth-aachen.de",0,4194304,50,210142,213375,214797,218448,216652,256001,259941
full_duplex,0,160,92,"n23m0123.hpc.itc.rwth-aachen.de",0,4194304,50,211150,214062,215424,220114,217676,257703,263734
full_duplex,0,160,93,"n23m0123.hpc.itc.rwth-aachen.de",0,4194304,50,212184,215418,217217,225239,219698,262765,279590
full_duplex,0,160,94,"n23m0123.hpc.itc.rwth-aachen.de",0,4194304,50,213213,216786,218271,226500,220985,262765,264833
full_duplex,0,160,96,"r23m0124.hpc.itc.rwth-aachen.de",1,4194304,50,214778,218057,219790,227481,222181,261646,267993
full_duplex,0,160,97,"r23m0124.hpc.itc.rwth-aachen.de",1,4194304,50,216143,219297,220912,231576,250194,262451,263867
full_duplex,0,160,98,"r23m0124.hpc.itc.rwth-aachen.de",1,4194304,50,216391,219620,221412,229961,238137,261107,266929
full_duplex,0,160,99,"r23m0124.hpc.itc.rwth-aachen.de",1,4194304,50,217560,220153,222345,233112,252970,260853,262638
full_duplex,0,160,100,"r23m0124.hpc.itc.rwth-aachen.de",1,4194304,50,216635,219757,220919,227965,224180,260971,265327
full_duplex,0,160,102,"r23m0124.hpc.itc.rwth-aachen.de",1,4194304,50,217559,220043,221673,226988,223491,261561,276489
full_duplex,0,160,103,"r23m0124.hpc.itc.rwth-aachen.de",1,4194304,50,217994,220537,222611,227155,225012,258296,263865
full_duplex,0,160,104,"r23m0124.hpc.itc.rwth-aachen.de",1,4194304,50,219089,221522,223529,232267,248276,263258,264466
full_duplex,0,160,105,"r23m0124.hpc.itc.rwth-aachen.de",1,4194304,50,218599,221594,223902,229160,226318,258795,264412
full_duplex,0,160,106,"r23m0124.hpc.itc.rwth-aachen.de",1,4194304,50,219147,221960,224532,234478,254556,262483,264000
full_duplex,0,160,108,"r23m0124.hpc.itc.rwth-aachen.de",1,4194304,50,219968,222458,224186,232384,240205,262504,268333
full_duplex,0,160,109,"r23m0124.hpc.itc.rwth-aachen.de",1,4194304,50,219910,222471,224664,231044,228791,261792,275736
full_duplex,0,160,110,"r23m0124.hpc.itc.rwth-aachen.de",1,4194304,50,220527,223285,225434,234545,251025,261854,265018
full_duplex,0,160,111,"r23m0124.hpc.itc.rwth-aachen.de",1,4194304,50,220493,223497,225537,232199,239222,261728,263944
full_duplex,0,160,112,"r23m0124.hpc.itc.rwth-aachen.de",1,4194304,50,221590,224399,226299,234194,245617,263338,275271
full_duplex,0,160,114,"r23m0124.hpc.itc.rwth-aachen.de",1,4194304,50,221983,224840,226483,231450,228227,260591,263359
full_duplex,0,160,115,"r23m0124.hpc.itc.rwth-aachen.de",1,4194304,50,221770,224860,226944,236123,251605,262518,265422
full_duplex,0,160,116,"r23m0124.hpc.itc.rwth-aachen.de",1,4194304,50,222745,225802,227746,234982,247953,262261,271811
full_duplex,0,160,117,"r23m0124.hpc.itc.rwth-aachen.de",1,4194304,50,222730,225853,228095,237601,256220,263602,265284
full_duplex,0,160,118,"r23m0124.hpc.itc.rwth-aachen.de",1,4194304,50,223306,226054,227981,231038,229897,256354,266135
full_duplex,0,160,120,"r23m0124.hpc.itc.rwth-aachen.de",1,4194304,50,223673,227332,229287,238178,256659,264210,267965
full_duplex,0,160,121,"r23m0124.hpc.itc.rwth-aachen.de",1,4194304,50,224517,229094,249478,244236,258040,264743,267679
full_duplex,0,160,122,"r23m0124.hpc.itc.rwth-aachen.de",1,4194304,50,224883,230441,249367,245949,256748,263194,268733
full_duplex,0,160,123,"r23m0124.hpc.itc.rwth-aachen.de",1,4194304,50,225354,231459,250970,246687,255279,261338,268628
full_duplex,0,160,124,"r23m0124.hpc.itc.rwth-aachen.de",1,4194304,50,225571,229833,247692,243455,256387,259900,269237
full_duplex,0,160,126,"r23m0124.hpc.itc.rwth-aachen.de",1,4194304,50,225647,229142,232193,240261,253483,260828,269806
full_duplex,0,160,127,"r23m0124.hpc.itc.rwth-aachen.de",1,4194304,50,225653,229406,231621,239172,250219,261425,272470
full_duplex,0,160,128,"r23m0124.hpc.itc.rwth-aachen.de",1,4194304,50,225025,229530,232266,240378,254660,262771,271201
full_duplex,0,160,129,"r23m0124.hpc.itc.rwth-aachen.de",1,4194304,50,225690,228636,231691,236647,235790,259687,271058
full_duplex,0,160,130,"r23m0124.hpc.itc.rwth-aachen.de",1,4194304,50,226306,228988,232142,239216,251052,263996,271358
full_duplex,0,160,132,"r23m0124.hpc.itc.rwth-aachen.de",1,4194304,50,226471,229237,232782,236904,237012,258709,275306
full_duplex,0,160,133,"r23m0124.hpc.itc.rwth-aachen.de",1,4194304,50,226737,230313,233598,240957,253980,264616,272482
full_duplex,0,160,134,"r23m0124.hpc.itc.rwth-aachen.de",1,4194304,50,227117,230915,234109,242088,256020,262697,272765
full_duplex,0,160,135,"r23m0124.hpc.itc.rwth-aachen.de",1,4194304,50,227781,230829,234317,240484,250087,261512,273320
full_duplex,0,160,136,"r23m0124.hpc.itc.rwth-aachen.de",1,4194304,50,227796,233005,236714,243666,255267,262764,274529
full_duplex,0,160,138,"r23m0124.hpc.itc.rwth-aachen.de",1,4194304,50,229154,232275,235252,241200,249896,261215,277168
full_duplex,0,160,139,"r23m0124.hpc.itc.rwth-aachen.de",1,4194304,50,228184,231483,234607,240017,251809,261205,274225
full_duplex,0,160,140,"r23m0124.hpc.itc.rwth-aachen.de",1,4194304,50,229690,232524,234919,242931,238483,264857,445021
full_duplex,0,160,141,"r23m0124.hpc.itc.rwth-aachen.de",1,4194304,50,229344,231984,234621,237794,236847,259841,278923
full_duplex,0,160,142,"r23m0124.hpc.itc.rwth-aachen.de",1,4194304,50,229400,232598,235588,239387,239026,258847,276293
full_duplex,0,160,144,"r23m0124.hpc.itc.rwth-aachen.de",1,4194304,50,230330,232935,235437,240473,238056,262981,277000
full_duplex,0,160,145,"r23m0124.hpc.itc.rwth-aachen.de",1,4194304,50,230352,233608,236854,242176,249668,262799,277539
full_duplex,0,160,146,"r23m0124.hpc.itc.rwth-aachen.de",1,4194304,50,231829,234499,237508,242002,249149,260339,278304
full_duplex,0,160,147,"r23m0124.hpc.itc.rwth-aachen.de",1,4194304,50,231305,233919,237826,241879,246835,260750,278169
full_duplex,0,160,148,"r23m0124.hpc.itc.rwth-aachen.de",1,4194304,50,232263,235038,238875,243758,252718,264741,279484
full_duplex,0,160,150,"r23m0124.hpc.itc.rwth-aachen.de",1,4194304,50,232357,235039,238524,242371,247268,257998,296548
full_duplex,0,160,151,"r23m0124.hpc.itc.rwth-aachen.de",1,4194304,50,232778,235998,239407,244830,254258,263041,282683
full_duplex,0,160,152,"r23m0124.hpc.itc.rwth-aachen.de",1,4194304,50,232876,235319,238214,241262,242430,259044,280607
full_duplex,0,160,153,"r23m0124.hpc.itc.rwth-aachen.de",1,4194304,50,233281,236104,238643,242181,243216,259243,280588
full_duplex,0,160,154,"r23m0124.hpc.itc.rwth-aachen.de",1,4194304,50,233216,236414,239234,244305,252796,263917,281055
full_duplex,0,160,156,"r23m0124.hpc.itc.rwth-aachen.de",1,4194304,50,234728,238511,241485,247225,258656,264443,284018
full_duplex,0,160,157,"r23m0124.hpc.itc.rwth-aachen.de",1,4194304,50,234218,237736,241332,245362,252296,262639,283111
full_duplex,0,160,158,"r23m0124.hpc.itc.rwth-aachen.de",1,4194304,50,234767,237995,241672,244853,250482,260706,283403
full_duplex,0,160,159,"r23m0124.hpc.itc.rwth-aachen.de",1,4194304,50,235316,237879,241151,244607,247826,263133,290977
full_duplex,0,160,160,"r23m0124.hpc.itc.rwth-aachen.de",1,4194304,50,235409,237809,241671,245039,247730,260683,295586
full_duplex,0,160,162,"r23m0124.hpc.itc.rwth-aachen.de",1,4194304,50,235941,239984,243414,247992,255266,263644,283907
full_duplex,0,160,163,"r23m0124.hpc.itc.rwth-aachen.de",1,4194304,50,235911,239282,243043,245708,248067,263982,284577
full_duplex,0,160,164,"r23m0124.hpc.itc.rwth-aachen.de",1,4194304,50,236256,239929,243320,246514,249241,264216,285020
full_duplex,0,160,165,"r23m0124.hpc.itc.rwth-aachen.de",1,4194304,50,236570,239579,243262,247042,254211,262495,285648
full_duplex,0,160,166,"r23m0124.hpc.itc.rwth-aachen.de",1,4194304,50,237669,240416,243947,246812,251178,263289,286448
full_duplex,0,160,168,"r23m0124.hpc.itc.rwth-aachen.de",1,4194304,50,237741,242082,246409,249605,257250,263277,287236
full_duplex,0,160,169,"r23m0124.hpc.itc.rwth-aachen.de",1,4194304,50,237901,241469,244328,246757,248713,261984,287084
full_duplex,0,160,170,"r23m0124.hpc.itc.rwth-aachen.de",1,4194304,50,238319,240908,244457,247552,251546,263229,287438
full_duplex,0,160,171,"r23m0124.hpc.itc.rwth-aachen.de",1,4194304,50,238488,241715,245150,248041,249820,263035,294564
full_duplex,0,160,172,"r23m0124.hpc.itc.rwth-aachen.de",1,4194304,50,239401,243088,246848,249924,256736,262735,293925
full_duplex,0,160,174,"r23m0124.hpc.itc.rwth-aachen.de",1,4194304,50,239782,244118,247574,249948,254976,260810,296323
full_duplex,0,160,175,"r23m0124.hpc.itc.rwth-aachen.de",1,4194304,50,240039,243368,247168,249398,251419,261112,296348
full_duplex,0,160,176,"r23m0124.hpc.itc.rwth-aachen.de",1,4194304,50,240357,244123,246957,249073,249925,262293,288738
full_duplex,0,160,177,"r23m0124.hpc.itc.rwth-aachen.de",1,4194304,50,240809,244212,247936,250246,253947,263903,288558
full_duplex,0,160,178,"r23m0124.hpc.itc.rwth-aachen.de",1,4194304,50,240458,243305,248210,250204,255025,260921,296822
full_duplex,0,160,180,"r23m0124.hpc.itc.rwth-aachen.de",1,4194304,50,240865,243977,248787,250266,253307,261378,292120
full_duplex,0,160,181,"r23m0124.hpc.itc.rwth-aachen.de",1,4194304,50,241435,244197,248722,253756,252861,262127,452447
full_duplex,0,160,182,"r23m0124.hpc.itc.rwth-aachen.de",1,4194304,50,242275,245038,248657,250007,251975,261383,289546
full_duplex,0,160,183,"r23m0124.hpc.itc.rwth-aachen.de",1,4194304,50,242864,245468,248923,250784,252120,262981,290308
full_duplex,0,160,184,"r23m0124.hpc.itc.rwth-aachen.de",1,4194304,50,243435,246454,249348,250983,252694,262548,291511
full_duplex,0,160,186,"r23m0124.hpc.itc.rwth-aachen.de",1,4194304,50,243820,248215,250919,252954,255847,263773,296970
full_duplex,0,160,187,"r23m0124.hpc.itc.rwth-aachen.de",1,4194304,50,243686,247614,249974,251994,254694,262840,293462
full_duplex,0,160,188,"r23m0124.hpc.itc.rwth-aachen.de",1,4194304,50,244190,247230,250860,252342,255705,263328,293030
full_duplex,0,160,189,"r23m0124.hpc.itc.rwth-aachen.de",1,4194304,50,244184,247512,250774,252769,254085,263955,296830
full_duplex,0,160,190,"r23m0124.hpc.itc.rwth-aachen.de",1,4194304,50,244248,248307,251809,252891,254548,264882,292223
immediate_response,0,160,1,"n23m0123.hpc.itc.rwth-aachen.de",0,4194304,50,5648.91,274532,277710,276463,280067,290103,476634
immediate_response,0,160,2,"n23m0123.hpc.itc.rwth-aachen.de",0,4194304,50,266840,273631,276528,280666,278829,288886,474683
immediate_response,0,160,3,"n23m0123.hpc.itc.rwth-aachen.de",0,4194304,50,191664,271865,275084,277180,277167,279958,473031
immediate_response,0,160,4,"n23m0123.hpc.itc.rwth-aachen.de",0,4194304,50,111445,222556,225003,237580,270419,277579,302717
immediate_response,0,160,5,"n23m0123.hpc.itc.rwth-aachen.de",0,4194304,50,66659.9,167490,171055,175102,174685,220891,272324
immediate_response,0,160,6,"n23m0123.hpc.itc.rwth-aachen.de",0,4194304,50,5298.4,5674.34,5934.26,57511.1,128481,227533,269196
immediate_response,0,160,8,"n23m0123.hpc.itc.rwth-aachen.de",0,4194304,50,5538.03,6781.99,7048.74,39906.3,7355.66,198729,230793
immediate_response,0,160,9,"n23m0123.hpc.itc.rwth-aachen.de",0,4194304,50,6985.12,8000.28,8251.04,36924.7,8672.5,192857,227940
immediate_response,0,160,10,"n23m0123.hpc.itc.rwth-aachen.de",0,4194304,50,8217.17,9144.93,9455.16,44103.4,10145.6,199443,226609
immediate_response,0,160,11,"n23m0123.hpc.itc.rwth-aachen.de",0,4194304,50,9433.72,10288,10580.5,25485.4,10939.2,176431,237442
immediate_response,0,160,12,"n23m0123.hpc.itc.rwth-aachen.de",0,4194304,50,10651.5,11612.8,11939.4,46994,12295,222509,229333
immediate_response,0,160,14,"n23m0123.hpc.itc.rwth-aachen.de",0,4194304,50,11768.5,12838.2,13228.2,40927.3,13675.9,198356,225983
immediate_response,0,160,15,"n23m0123.hpc.itc.rwth-aachen.de",0,4194304,50,12673.5,14021.7,14515,50049.9,15889.5,177706,215893
immediate_response,0,160,16,"n23m0123.hpc.itc.rwth-aachen.de",0,4194304,50,13837.5,14985.9,15530.8,44943.4,16420,180865,218761
immediate_response,0,160,17,"n23m0123.hpc.itc.rwth-aachen.de",0,4194304,50,15053.1,16129.1,16750.7,51034.5,17968.4,200212,227396
immediate_response,0,160,18,"n23m0123.hpc.itc.rwth-aachen.de",0,4194304,50,16288.3,17240.5,17705.2,25099.2,18338.6,34962.1,201318
immediate_response,0,160,20,"n23m0123.hpc.itc.rwth-aachen.de",0,4194304,50,17516.4,18631.2,19269.7,50670.9,19797.1,209300,225779
immediate_response,0,160,21,"n23m0123.hpc.itc.rwth-aachen.de",0,4194304,50,18174.1,19542.2,20145.9,40170.5,20850.2,173292,225974
immediate_response,0,160,22,"n23m0123.hpc.itc.rwth-aachen.de",0,4194304,50,19203.9,20772.8,21411.9,60072.2,22938.7,217998,256035
immediate_response,0,160,23,"n23m0123.hpc.itc.rwth-aachen.de",0,4194304,50,20250.9,21936.7,22779.2,55984.2,24323.5,181330,194792
immediate_response,0,160,24,"n23m0123.hpc.itc.rwth-aachen.de",0,4194304,50,21310.6,22932.5,23924.2,58093,25188.3,189530,220904
immediate_response,0,160,25,"n23m0123.hpc.itc.rwth-aachen.de",0,4194304,50,21907.6,24035.1,24783.2,51346.5,25518.5,216018,270441
immediate_response,0,160,27,"n23m0123.hpc.itc.rwth-aachen.de",0,4194304,50,22985.3,25266.4,25972.6,51865.2,27158.9,221095,224832
immediate_response,0,160,28,"n23m0123.hpc.itc.rwth-aachen.de",0,4194304,50,24045.4,26460.1,27298.6,56256.2,28770.1,195654,221875
immediate_response,0,160,29,"n23m0123.hpc.itc.rwth-aachen.de",0,4194304,50,25122.9,27471.9,28378.9,55862.2,29702.7,201568,227620
immediate_response,0,160,30,"n23m0123.hpc.itc.rwth-aachen.de",0,4194304,50,26199,28631.3,29409.1,56058.7,30970,185546,228845
immediate_response,0,160,31,"n23m0123.hpc.itc.rwth-aachen.de",0,4194304,50,27322.2,29963.5,30734.3,52649.2,31947.3,190299,215944
immediate_response,0,160,33,"n23m0123.hpc.itc.rwth-aachen.de",0,4194304,50,28952,31101.6,31879.3,55544.9,32651.6,205785,275999
immediate_response,0,160,34,"n23m0123.hpc.itc.rwth-aachen.de",0,4194304,50,28990.2,32014.2,33074.9,69369,42626,208572,216583
immediate_response,0,160,35,"n23m0123.hpc.itc.rwth-aachen.de",0,4194304,50,30062.8,33165.2,34037,54301.4,35402.3,184269,195285
immediate_response,0,160,36,"n23m0123.hpc.itc.rwth-aachen.de",0,4194304,50,32526.8,34722.3,35536.7,72968.9,40705.6,199515,220974
immediate_response,0,160,37,"n23m0123.hpc.itc.rwth-aachen.de",0,4194304,50,32028.9,35403.8,36234.4,52789.2,37617.8,185766,221969
immediate_response,0,160,39,"n23m0123.hpc.itc.rwth-aachen.de",0,4194304,50,33134.9,36825.3,37724.9,75019.7,49082.4,204684,217622
immediate_response,0,160,40,"n23m0123.hpc.itc.rwth-aachen.de",0,4194304,50,34242.3,38201.7,38782.9,61229.3,40295.6,171803,237713
immediate_response,0,160,41,"n23m0123.hpc.itc.rwth-aachen.de",0,4194304,50,35331.7,38887.3,39752.4,77675.1,46025.5,231480,250457
immediate_response,0,160,42,"n23m0123.hpc.itc.rwth-aachen.de",0,4194304,50,36448.8,40666.2,41387.5,83454.5,161299,207200,255073
immediate_response,0,160,43,"n23m0123.hpc.itc.rwth-aachen.de",0,4194304,50,38976.8,41457.7,43256,83429.4,163289,207590,227389
immediate_response,0,160,44,"n23m0123.hpc.itc.rwth-aachen.de",0,4194304,50,38128.5,42859.8,44349.7,82258,136014,212494,259357
immediate_response,0,160,46,"n23m0123.hpc.itc.rwth-aachen.de",0,4194304,50,39271.6,44128.9,45844.6,105752,172348,221221,266842
immediate_response,0,160,47,"n23m0123.hpc.itc.rwth-aachen.de",0,4194304,50,40491,45275.5,46387,71455.5,47804.6,194520,230722
immediate_response,0,160,48,"n23m0123.hpc.itc.rwth-aachen.de",0,4194304,50,44761,47301.4,48787.1,97273.4,164603,244063,268209
immediate_response,0,160,49,"n23m0123.hpc.itc.rwth-aachen.de",0,4194304,50,43306.4,48336.9,49868.4,99017.5,164410,262677,277102
immediate_response,0,160,50,"n23m0123.hpc.itc.rwth-aachen.de",0,4194304,50,44789.5,49621.5,51596.6,110702,174874,269308,275457
immediate_response,0,160,52,"n23m0123.hpc.itc.rwth-aachen.de",0,4194304,50,46471.2,51625.7,53723.8,111332,201909,267939,270119
immediate_response,0,160,53,"n23m0123.hpc.itc.rwth-aachen.de",0,4194304,50,47415.1,52771,53910.8,75357.4,55461.2,233299,251612
immediate_response,0,160,54,"n23m0123.hpc.itc.rwth-aachen.de",0,4194304,50,49131.1,54999.4,56011,86247.4,57708.1,244478,286897
immediate_response,0,160,55,"n23m0123.hpc.itc.rwth-aachen.de",0,4194304,50,50857.2,57094.9,59102.4,115921,175497,267823,276588
immediate_response,0,160,56,"n23m0123.hpc.itc.rwth-aachen.de",0,4194304,50,52452.4,57949.6,60375.3,112299,187085,260017,284547
immediate_response,0,160,58,"n23m0123.hpc.itc.rwth-aachen.de",0,4194304,50,53435.1,59699.6,61041.4,93837.8,71051.1,246712,275600
immediate_response,0,160,59,"n23m0123.hpc.itc.rwth-aachen.de",0,4194304,50,55171,61471.5,62742.6,88956,64611.1,260452,272887
immediate_response,0,160,60,"n23m0123.hpc.itc.rwth-aachen.de",0,4194304,50,56885.6,63455.8,64451.8,106672,107347,269749,293783
immediate_response,0,160,61,"n23m0123.hpc.itc.rwth-aachen.de",0,4194304,50,58526.8,65030.1,67534.1,119443,174684,267689,273060
immediate_response,0,160,62,"n23m0123.hpc.itc.rwth-aachen.de",0,4194304,50,60280.3,66833.3,68352.7,114642,168363,264302,292239
immediate_response,0,160,63,"n23m0123.hpc.itc.rwth-aachen.de",0,4194304,50,61173.8,68567.5,69794.6,104760,91711.7,245414,257688
immediate_response,0,160,65,"n23m0123.hpc.itc.rwth-aachen.de",0,4194304,50,62960.3,69439,71328.6,100160,73304.5,257741,278942
immediate_response,0,160,66,"n23m0123.hpc.itc.rwth-aachen.de",0,4194304,50,64874.2,71593.2,73247.1,102698,85367,238147,273332
immediate_response,0,160,67,"n23m0123.hpc.itc.rwth-aachen.de",0,4194304,50,66609,73634,75956.5,120588,171051,258682,271990
immediate_response,0,160,68,"n23m0123.hpc.itc.rwth-aachen.de",0,4194304,50,68493.8,74318.1,76343.7,107031,98999.3,238932,275068
immediate_response,0,160,69,"n23m0123.hpc.itc.rwth-aachen.de",0,4194304,50,69200.3,76526.5,77926.4,97641.6,80644.2,196642,234400
immediate_response,0,160,71,"n23m0123.hpc.itc.rwth-aachen.de",0,4194304,50,71000,77371.6,79628.4,111113,145598,236321,289479
immediate_response,0,160,72,"n23m0123.hpc.itc.rwth-aachen.de",0,4194304,50,72761.2,80006.3,82072.1,136417,188568,275507,469148
immediate_response,0,160,73,"n23m0123.hpc.itc.rwth-aachen.de",0,4194304,50,74688.7,82347.7,89784.5,148263,197320,276427,413106
immediate_response,0,160,74,"n23m0123.hpc.itc.rwth-aachen.de",0,4194304,50,76497.6,83984,87259.8,139514,197130,260795,291041
immediate_response,0,160,75,"n23m0123.hpc.itc.rwth-aachen.de",0,4194304,50,78220.6,85697.7,87319.6,128307,171932,252468,272640
immediate_response,0,160,77,"n23m0123.hpc.itc.rwth-aachen.de",0,4194304,50,80112.6,85598.7,89869,140520,195376,269892,276883
immediate_response,0,160,78,"n23m0123.hpc.itc.rwth-aachen.de",0,4194304,50,81477.6,87076.7,89698.3,134286,171783,270462,290669
immediate_response,0,160,79,"n23m0123.hpc.itc.rwth-aachen.de",0,4194304,50,85156.5,88370.2,90652.9,107406,92757.8,185978,265950
immediate_response,0,160,80,"n23m0123.hpc.itc.rwth-aachen.de",0,4194304,50,84866.9,91074.7,94284.9,145823,187427,267785,455913
immediate_response,0,160,81,"n23m0123.hpc.itc.rwth-aachen.de",0,4194304,50,85722.9,91826.6,94290.9,119813,97699.4,266503,290860
immediate_response,0,160,82,"n23m0123.hpc.itc.rwth-aachen.de",0,4194304,50,87440.1,93148.2,96085.1,129705,173395,260915,275092
immediate_response,0,160,84,"n23m0123.hpc.itc.rwth-aachen.de",0,4194304,50,89095.1,95132.5,97327.7,140311,178556,267440,466922
immediate_response,0,160,85,"n23m0123.hpc.itc.rwth-aachen.de",0,4194304,50,90495.3,97097.5,99533.9,137100,180746,270225,272582
immediate_response,0,160,86,"n23m0123.hpc.itc.rwth-aachen.de",0,4194304,50,92202.5,97644.6,100908,127003,110357,255346,263208
immediate_response,0,160,87,"n23m0123.hpc.itc.rwth-aachen.de",0,4194304,50,94246.2,99531.3,101516,116861,103946,238804,266979
immediate_response,0,160,88,"n23m0123.hpc.itc.rwth-aachen.de",0,4194304,50,97932.4,101488,104645,128227,129319,220805,259693
immediate_response,0,160,90,"n23m0123.hpc.itc.rwth-aachen.de",0,4194304,50,96805.4,103206,105515,139906,179872,230334,269221
immediate_response,0,160,91,"n23m0123.hpc.itc.rwth-aachen.de",0,4194304,50,97699.9,104021,106611,128350,124641,218071,267270
immediate_response,0,160,92,"n23m0123.hpc.itc.rwth-aachen.de",0,4194304,50,99442.1,105851,109018,140655,187489,242931,263751
immediate_response,0,160,93,"n23m0123.hpc.itc.rwth-aachen.de",0,4194304,50,101208,107638,109839,131305,113611,259544,266166
immediate_response,0,160,94,"n23m0123.hpc.itc.rwth-aachen.de",0,4194304,50,103010,110413,113654,154370,197869,267681,271527
immediate_response,0,160,96,"r23m0124.hpc.itc.rwth-aachen.de",1,4194304,50,191452,232226,239096,244333,257070,274791,396877
immediate_response,0,160,97,"r23m0124.hpc.itc.rwth-aachen.de",1,4194304,50,209530,241477,255356,253899,266243,273936,353593
immediate_response,0,160,98,"r23m0124.hpc.itc.rwth-aachen.de",1,4194304,50,216452,250672,260918,258338,270353,274761,277783
immediate_response,0,160,99,"r23m0124.hpc.itc.rwth-aachen.de",1,4194304,50,188211,260465,266693,266203,271372,276721,449173
immediate_response,0,160,100,"r23m0124.hpc.itc.rwth-aachen.de",1,4194304,50,187621,235018,249005,250533,260926,273487,444851
immediate_response,0,160,102,"r23m0124.hpc.itc.rwth-aachen.de",1,4194304,50,194676,248372,261127,256722,268831,274425,278596
immediate_response,0,160,103,"r23m0124.hpc.itc.rwth-aachen.de",1,4194304,50,197132,208410,213736,215362,219740,230005,258800
immediate_response,0,160,104,"r23m0124.hpc.itc.rwth-aachen.de",1,4194304,50,196008,236760,253953,253328,268220,275951,465549
immediate_response,0,160,105,"r23m0124.hpc.itc.rwth-aachen.de",1,4194304,50,224751,248195,264317,259622,272263,277496,291318
immediate_response,0,160,106,"r23m0124.hpc.itc.rwth-aachen.de",1,4194304,50,208640,250317,260092,258588,266839,272600,418105
immediate_response,0,160,108,"r23m0124.hpc.itc.rwth-aachen.de",1,4194304,50,199039,238848,252737,253115,267409,275747,307836
immediate_response,0,160,109,"r23m0124.hpc.itc.rwth-aachen.de",1,4194304,50,189897,229506,241749,244172,260656,275305,287352
immediate_response,0,160,110,"r23m0124.hpc.itc.rwth-aachen.de",1,4194304,50,213325,243224,255987,256455,266166,275203,405918
immediate_response,0,160,111,"r23m0124.hpc.itc.rwth-aachen.de",1,4194304,50,159230,230801,238026,243961,258904,276134,392711
immediate_response,0,160,112,"r23m0124.hpc.itc.rwth-aachen.de",1,4194304,50,199827,240779,256604,253956,271143,277908,280110
immediate_response,0,160,114,"r23m0124.hpc.itc.rwth-aachen.de",1,4194304,50,224820,256382,266062,262451,269117,275019,285517
immediate_response,0,160,115,"r23m0124.hpc.itc.rwth-aachen.de",1,4194304,50,161182,199718,206259,213369,218652,258403,263348
immediate_response,0,160,116,"r23m0124.hpc.itc.rwth-aachen.de",1,4194304,50,181248,209514,211764,214833,217409,243295,247784
immediate_response,0,160,117,"r23m0124.hpc.itc.rwth-aachen.de",1,4194304,50,205183,238270,252533,249714,261184,276388,277655
immediate_response,0,160,118,"r23m0124.hpc.itc.rwth-aachen.de",1,4194304,50,199028,248971,260119,259976,270730,277505,381280
immediate_response,0,160,120,"r23m0124.hpc.itc.rwth-aachen.de",1,4194304,50,196681,216872,221643,227789,228588,269377,319882
immediate_response,0,160,121,"r23m0124.hpc.itc.rwth-aachen.de",1,4194304,50,166442,199420,219366,221310,227029,272095,389393
immediate_response,0,160,122,"r23m0124.hpc.itc.rwth-aachen.de",1,4194304,50,177082,228226,242616,242088,253837,274662,345120
immediate_response,0,160,123,"r23m0124.hpc.itc.rwth-aachen.de",1,4194304,50,200973,234800,254118,252088,267304,274713,402488
immediate_response,0,160,124,"r23m0124.hpc.itc.rwth-aachen.de",1,4194304,50,188796,238075,249882,252610,261123,276508,426974
immediate_response,0,160,126,"r23m0124.hpc.itc.rwth-aachen.de",1,4194304,50,176754,228615,243837,243504,255074,277016,329066
immediate_response,0,160,127,"r23m0124.hpc.itc.rwth-aachen.de",1,4194304,50,181731,233149,248168,249606,266013,275560,361047
immediate_response,0,160,128,"r23m0124.hpc.itc.rwth-aachen.de",1,4194304,50,190977,202147,207606,211912,216202,246834,254121
immediate_response,0,160,129,"r23m0124.hpc.itc.rwth-aachen.de",1,4194304,50,186931,236899,246451,248302,263862,277478,312817
immediate_response,0,160,130,"r23m0124.hpc.itc.rwth-aachen.de",1,4194304,50,167242,237532,254536,254567,267851,276585,433024
immediate_response,0,160,132,"r23m0124.hpc.itc.rwth-aachen.de",1,4194304,50,164615,237545,253865,249588,267493,275613,287478
immediate_response,0,160,133,"r23m0124.hpc.itc.rwth-aachen.de",1,4194304,50,212212,250050,260675,258221,269688,276056,283965
immediate_response,0,160,134,"r23m0124.hpc.itc.rwth-aachen.de",1,4194304,50,222237,246035,258835,259158,269540,278584,333312
immediate_response,0,160,135,"r23m0124.hpc.itc.rwth-aachen.de",1,4194304,50,223182,246323,255269,255057,262146,274630,291646
immediate_response,0,160,136,"r23m0124.hpc.itc.rwth-aachen.de",1,4194304,50,214313,230668,250737,248842,259965,277056,348802
immediate_response,0,160,138,"r23m0124.hpc.itc.rwth-aachen.de",1,4194304,50,222261,248909,259853,261380,267703,278226,472085
immediate_response,0,160,139,"r23m0124.hpc.itc.rwth-aachen.de",1,4194304,50,189511,206743,212939,217014,219659,252870,275563
immediate_response,0,160,140,"r23m0124.hpc.itc.rwth-aachen.de",1,4194304,50,234989,256200,261560,261009,267162,275605,299673
immediate_response,0,160,141,"r23m0124.hpc.itc.rwth-aachen.de",1,4194304,50,196800,249953,253040,253998,261568,277933,315953
immediate_response,0,160,142,"r23m0124.hpc.itc.rwth-aachen.de",1,4194304,50,178974,249593,256500,260241,263864,278704,472080
immediate_response,0,160,144,"r23m0124.hpc.itc.rwth-aachen.de",1,4194304,50,202625,238271,247693,250151,257824,275382,384561
immediate_response,0,160,145,"r23m0124.hpc.itc.rwth-aachen.de",1,4194304,50,177976,187033,199319,201029,209930,231181,244692
immediate_response,0,160,146,"r23m0124.hpc.itc.rwth-aachen.de",1,4194304,50,191082,203133,208027,212111,213657,252105,263764
immediate_response,0,160,147,"r23m0124.hpc.itc.rwth-aachen.de",1,4194304,50,210703,248017,256395,255768,266228,275095,323467
immediate_response,0,160,148,"r23m0124.hpc.itc.rwth-aachen.de",1,4194304,50,233844,258194,265760,267335,272023,278065,470672
immediate_response,0,160,150,"r23m0124.hpc.itc.rwth-aachen.de",1,4194304,50,182124,243011,252280,252650,260064,274506,400654
immediate_response,0,160,151,"r23m0124.hpc.itc.rwth-aachen.de",1,4194304,50,173868,187260,190692,196419,196714,222482,272968
immediate_response,0,160,152,"r23m0124.hpc.itc.rwth-aachen.de",1,4194304,50,170301,205488,210955,217538,216976,255552,466999
immediate_response,0,160,153,"r23m0124.hpc.itc.rwth-aachen.de",1,4194304,50,183612,202420,208959,210779,214167,241708,250104
immediate_response,0,160,154,"r23m0124.hpc.itc.rwth-aachen.de",1,4194304,50,196530,241645,252231,256050,267362,277220,436863
immediate_response,0,160,156,"r23m0124.hpc.itc.rwth-aachen.de",1,4194304,50,239945,257238,264510,264462,269108,280216,365283
immediate_response,0,160,157,"r23m0124.hpc.itc.rwth-aachen.de",1,4194304,50,220023,250176,260095,261483,269265,281773,340829
immediate_response,0,160,158,"r23m0124.hpc.itc.rwth-aachen.de",1,4194304,50,214828,246714,255977,257980,270273,279212,368941
immediate_response,0,160,159,"r23m0124.hpc.itc.rwth-aachen.de",1,4194304,50,206023,251769,261897,263886,270028,279175,466996
immediate_response,0,160,160,"r23m0124.hpc.itc.rwth-aachen.de",1,4194304,50,223721,255801,263068,261907,268344,276070,289770
immediate_response,0,160,162,"r23m0124.hpc.itc.rwth-aachen.de",1,4194304,50,209713,245544,262089,257260,269452,276359,452886
immediate_response,0,160,163,"r23m0124.hpc.itc.rwth-aachen.de",1,4194304,50,151391,237721,250731,250851,264004,276885,473583
immediate_response,0,160,164,"r23m0124.hpc.itc.rwth-aachen.de",1,4194304,50,216774,243862,253351,256112,267180,278250,409700
immediate_response,0,160,165,"r23m0124.hpc.itc.rwth-aachen.de",1,4194304,50,224900,262036,267260,266068,269559,277468,356385
immediate_response,0,160,166,"r23m0124.hpc.itc.rwth-aachen.de",1,4194304,50,207846,239609,249839,247997,260060,273662,293936
immediate_response,0,160,168,"r23m0124.hpc.itc.rwth-aachen.de",1,4194304,50,195723,210321,215993,221604,223333,259720,285841
immediate_response,0,160,169,"r23m0124.hpc.itc.rwth-aachen.de",1,4194304,50,234584,256830,267372,267516,272579,283463,440671
immediate_response,0,160,170,"r23m0124.hpc.itc.rwth-aachen.de",1,4194304,50,177177,254282,262615,261395,271891,280147,336877
immediate_response,0,160,171,"r23m0124.hpc.itc.rwth-aachen.de",1,4194304,50,200636,217885,225481,231964,235335,273507,292460
immediate_response,0,160,172,"r23m0124.hpc.itc.rwth-aachen.de",1,4194304,50,211421,251956,262784,262563,270328,276935,421692
immediate_response,0,160,174,"r23m0124.hpc.itc.rwth-aachen.de",1,4194304,50,234677,259202,266484,266823,272527,284615,373199
immediate_response,0,160,175,"r23m0124.hpc.itc.rwth-aachen.de",1,4194304,50,201188,248068,259301,260529,269348,281959,471910
immediate_response,0,160,176,"r23m0124.hpc.itc.rwth-aachen.de",1,4194304,50,232258,250004,261058,263608,270137,275216,471393
immediate_response,0,160,177,"r23m0124.hpc.itc.rwth-aachen.de",1,4194304,50,189119,208079,212103,217629,221471,256336,271520
immediate_response,0,160,178,"r23m0124.hpc.itc.rwth-aachen.de",1,4194304,50,206571,246947,255846,258048,262511,280052,466394
immediate_response,0,160,180,"r23m0124.hpc.itc.rwth-aachen.de",1,4194304,50,226966,249654,258671,262930,269480,279690,468248
immediate_response,0,160,181,"r23m0124.hpc.itc.rwth-aachen.de",1,4194304,50,170100,224973,246149,245631,270111,278375,294109
immediate_response,0,160,182,"r23m0124.hpc.itc.rwth-aachen.de",1,4194304,50,208515,245269,256261,256867,266766,283437,430120
immediate_response,0,160,183,"r23m0124.hpc.itc.rwth-aachen.de",1,4194304,50,240345,256027,263357,267031,270893,281500,469499
immediate_response,0,160,184,"r23m0124.hpc.itc.rwth-aachen.de",1,4194304,50,237842,254261,266931,269770,272695,286000,464990
immediate_response,0,160,186,"r23m0124.hpc.itc.rwth-aachen.de",1,4194304,50,169064,201382,206407,208854,213413,234463,265078
immediate_response,0,160,187,"r23m0124.hpc.itc.rwth-aachen.de",1,4194304,50,192994,251156,263466,262694,270039,277494,464947
immediate_response,0,160,188,"r23m0124.hpc.itc.rwth-aachen.de",1,4194304,50,176832,202131,207122,208668,212439,227841,272092
immediate_response,0,160,189,"r23m0124.hpc.itc.rwth-aachen.de",1,4194304,50,226337,255448,262969,265295,270543,276535,461317
immediate_response,0,160,190,"r23m0124.hpc.itc.rwth-aachen.de",1,4194304,50,177909,222212,244929,241883,258965,276015,294829
incast,0,191,1,"n23m0123.hpc.itc.rwth-aachen.de",0,4194304,50,207898,211604,215008,214908,217413,219807,225445
incast,0,191,2,"n23m0123.hpc.itc.rwth-aachen.de",0,4194304,50,207227,210875,214286,214190,216671,218981,224766
incast,0,191,3,"n23m0123.hpc.itc.rwth-aachen.de",0,4194304,50,115871,209924,213304,211448,215923,218267,224088
incast,0,191,4,"n23m0123.hpc.itc.rwth-aachen.de",0,4194304,50,63233.8,189327,191419,191836,195535,213267,215109
incast,0,191,5,"n23m0123.hpc.itc.rwth-aachen.de",0,4194304,50,35540.7,139138,142715,144327,146812,176047,199167
incast,0,191,6,"n23m0123.hpc.itc.rwth-aachen.de",0,4194304,50,4951.61,5359.86,5467.72,19536.3,5613.68,138743,146991
incast,0,191,7,"n23m0123.hpc.itc.rwth-aachen.de",0,4194304,50,5400.54,6029.65,6192.16,34109.3,6449.57,152934,162208
incast,0,191,8,"n23m0123.hpc.itc.rwth-aachen.de",0,4194304,50,6117.46,6690.97,6886.36,12044.9,7049.33,7500.57,137652
incast,0,191,9,"n23m0123.hpc.itc.rwth-aachen.de",0,4194304,50,6824.04,7411.54,7611.33,27020.6,7844.33,144674,169073
incast,0,191,10,"n23m0123.hpc.itc.rwth-aachen.de",0,4194304,50,7566.53,8066.93,8276.61,13368.5,8510.27,9083.07,138645
incast,0,191,11,"n23m0123.hpc.itc.rwth-aachen.de",0,4194304,50,8325.07,8754.05,8954.6,11921.6,9198.98,9617.04,156153
incast,0,191,12,"n23m0123.hpc.itc.rwth-aachen.de",0,4194304,50,9054.6,9468.69,9732.07,31870.7,10271.8,149745,164890
incast,0,191,13,"n23m0123.hpc.itc.rwth-aachen.de",0,4194304,50,9722.08,10108.9,10349.9,15778.7,10733.7,11462,149956
incast,0,191,14,"n23m0123.hpc.itc.rwth-aachen.de",0,4194304,50,10374.1,10808.3,11205.1,24868.5,11599.7,146931,154972
incast,0,191,15,"n23m0123.hpc.itc.rwth-aachen.de",0,4194304,50,11020.6,11498.9,11908.2,22658.6,12392.5,140104,153606
incast,0,191,16,"n23m0123.hpc.itc.rwth-aachen.de",0,4194304,50,11658.2,12154.2,12519.7,15430.1,12921.5,13694.9,156066
incast,0,191,17,"n23m0123.hpc.itc.rwth-aachen.de",0,4194304,50,12304.1,12904.7,13440.1,34592.1,14013.2,148099,155473
incast,0,191,18,"n23m0123.hpc.itc.rwth-aachen.de",0,4194304,50,12936.3,13615.2,14107.8,32434.3,14910.5,144008,167755
incast,0,191,19,"n23m0123.hpc.itc.rwth-aachen.de",0,4194304,50,13781.7,14473.5,15057.5,31692.3,15687.4,137339,142162
incast,0,191,20,"n23m0123.hpc.itc.rwth-aachen.de",0,4194304,50,14479.7,15075.1,15670.7,25944.2,16269.8,136331,164535
incast,0,191,21,"n23m0123.hpc.itc.rwth-aachen.de",0,4194304,50,15088.8,15756.7,16362,23327.8,17026.9,79490.1,135364
incast,0,191,22,"n23m0123.hpc.itc.rwth-aachen.de",0,4194304,50,15712.2,16453.6,17182.8,24759.9,17783.4,85190.7,152124
incast,0,191,23,"n23m0123.hpc.itc.rwth-aachen.de",0,4194304,50,16414.4,17188.7,17942.2,28852.9,18559.3,150003,164438
incast,0,191,24,"n23m0123.hpc.itc.rwth-aachen.de",0,4194304,50,16961.3,17848,18593.2,34447.1,19396.8,147728,176996
incast,0,191,25,"n23m0123.hpc.itc.rwth-aachen.de",0,4194304,50,17587,18508.3,19334.4,32996.6,20276.4,158280,171622
incast,0,191,26,"n23m0123.hpc.itc.rwth-aachen.de",0,4194304,50,18213.7,19250.3,20254.7,38399.6,21133.1,154740,172651
incast,0,191,27,"n23m0123.hpc.itc.rwth-aachen.de",0,4194304,50,18827.3,19941.3,20837.6,28685.3,21851.7,88991.1,160709
incast,0,191,28,"n23m0123.hpc.itc.rwth-aachen.de",0,4194304,50,19446.8,20653.8,21714.6,34672.9,22694.8,148674,173840
incast,0,191,29,"n23m0123.hpc.itc.rwth-aachen.de",0,4194304,50,20078.2,21447.6,22633.5,39205.1,23528.1,143227,161920
incast,0,191,30,"n23m0123.hpc.itc.rwth-aachen.de",0,4194304,50,20675.6,22039.7,23105.6,30918.8,24066.1,90207.2,173091
incast,0,191,31,"n23m0123.hpc.itc.rwth-aachen.de",0,4194304,50,21297.4,22744.7,23960.3,33837.5,24927,134502,165956
incast,0,191,32,"n23m0123.hpc.itc.rwth-aachen.de",0,4194304,50,22258.2,23412.3,24747.9,37131.8,25669.5,150014,169535
incast,0,191,33,"n23m0123.hpc.itc.rwth-aachen.de",0,4194304,50,22595.6,24082.3,25295.7,32246.2,26303,89377.4,154769
incast,0,191,34,"n23m0123.hpc.itc.rwth-aachen.de",0,4194304,50,23223.7,24766.3,25872.2,39156.2,27063.7,153262,182402
incast,0,191,35,"n23m0123.hpc.itc.rwth-aachen.de",0,4194304,50,23851.9,25447.1,26686.4,39137.9,27635,148633,170437
incast,0,191,36,"n23m0123.hpc.itc.rwth-aachen.de",0,4194304,50,24559.4,26214.2,27808.3,42005.8,28965,150426,161772
incast,0,191,37,"n23m0123.hpc.itc.rwth-aachen.de",0,4194304,50,25197.4,26943.3,28490.5,39862.5,29723.3,141151,159085
incast,0,191,38,"n23m0123.hpc.itc.rwth-aachen.de",0,4194304,50,25849.1,27606.7,28943.3,36696.1,30093.1,90713.3,175864
incast,0,191,39,"n23m0123.hpc.itc.rwth-aachen.de",0,4194304,50,26513.7,28381,30018.9,45109.6,31379.1,160793,170861
incast,0,191,40,"n23m0123.hpc.itc.rwth-aachen.de",0,4194304,50,27180.7,29077.4,30671.8,40092.2,31873.5,140923,167611
incast,0,191,41,"n23m0123.hpc.itc.rwth-aachen.de",0,4194304,50,27846.8,29879.6,31443.6,50698,33233.6,156233,165845
incast,0,191,42,"n23m0123.hpc.itc.rwth-aachen.de",0,4194304,50,28503.2,30556.7,32478.9,49227.2,33983.2,159677,172556
incast,0,191,43,"n23m0123.hpc.itc.rwth-aachen.de",0,4194304,50,29161.9,31289.3,33032.9,48159.7,34654.5,145553,160756
incast,0,191,44,"n23m0123.hpc.itc.rwth-aachen.de",0,4194304,50,30331,31967.1,33834.9,48109,35312,162507,175866
incast,0,191,45,"n23m0123.hpc.itc.rwth-aachen.de",0,4194304,50,30628.7,32685.9,34465.4,39562.4,35651.8,38726.3,175519
incast,0,191,46,"n23m0123.hpc.itc.rwth-aachen.de",0,4194304,50,31278.5,33531.6,35315.4,55758.9,37227,153904,173770
incast,0,191,47,"n23m0123.hpc.itc.rwth-aachen.de",0,4194304,50,31954.9,34259.4,36088.6,46872.4,37845.7,137834,182040
incast,0,191,48,"n23m0123.hpc.itc.rwth-aachen.de",0,4194304,50,32839.8,35226.7,37295.4,61754.7,40952.8,162350,195514
incast,0,191,49,"n23m0123.hpc.itc.rwth-aachen.de",0,4194304,50,33709.5,36038.2,38130.9,51941.8,39750.2,160567,172907
incast,0,191,50,"n23m0123.hpc.itc.rwth-aachen.de",0,4194304,50,34988.8,37893.6,40143,77975,146170,183631,194749
incast,0,191,51,"n23m0123.hpc.itc.rwth-aachen.de",0,4194304,50,35373.6,38059.8,40889.6,71464.5,110820,176847,188374
incast,0,191,52,"n23m0123.hpc.itc.rwth-aachen.de",0,4194304,50,36229.7,38981.3,42184.9,77323.1,144884,188847,190171
incast,0,191,53,"n23m0123.hpc.itc.rwth-aachen.de",0,4194304,50,37058.2,39852.2,43171.5,64921.4,44958.7,171593,183120
incast,0,191,54,"n23m0123.hpc.itc.rwth-aachen.de",0,4194304,50,37911.8,40856.8,44141.1,71339.1,48183.9,184848,202123
incast,0,191,55,"n23m0123.hpc.itc.rwth-aachen.de",0,4194304,50,38806.5,42632.7,45427.2,77091.3,135900,176722,180895
incast,0,191,56,"n23m0123.hpc.itc.rwth-aachen.de",0,4194304,50,40444.9,43104,45513.7,64562.2,47572.1,169187,184085
incast,0,191,57,"n23m0123.hpc.itc.rwth-aachen.de",0,4194304,50,40777.3,44167.4,47110.4,70802.9,50713.5,156744,182119
incast,0,191,58,"n23m0123.hpc.itc.rwth-aachen.de",0,4194304,50,41880.9,44668.8,47375.7,67154.3,49765,157672,200404
incast,0,191,59,"n23m0123.hpc.itc.rwth-aachen.de",0,4194304,50,42755.4,45098.9,47208.2,55940,49583.5,146168,175768
incast,0,191,60,"n23m0123.hpc.itc.rwth-aachen.de",0,4194304,50,43572.6,46056.2,49236,62741,51297.9,152318,179074
incast,0,191,61,"n23m0123.hpc.itc.rwth-aachen.de",0,4194304,50,44381,46932.3,49400.9,62488.1,51551.2,149460,158914
incast,0,191,62,"n23m0123.hpc.itc.rwth-aachen.de",0,4194304,50,45188.1,48381.5,51579.8,68863.8,53702.9,154036,162804
incast,0,191,63,"n23m0123.hpc.itc.rwth-aachen.de",0,4194304,50,46020.2,48845.4,51241.2,67018.8,53779.8,170440,199879
incast,0,191,64,"n23m0123.hpc.itc.rwth-aachen.de",0,4194304,50,46857.9,49876.2,52211.7,64237.9,54426.1,155668,172307
incast,0,191,65,"n23m0123.hpc.itc.rwth-aachen.de",0,4194304,50,48467.6,50671.4,53454.3,66815.1,56099.9,155743,172457
incast,0,191,66,"n23m0123.hpc.itc.rwth-aachen.de",0,4194304,50,48544.3,51579.7,54774.2,69933.7,57147.7,165593,176516
incast,0,191,67,"n23m0123.hpc.itc.rwth-aachen.de",0,4194304,50,49354.5,52243.4,55067.3,72184.3,57287.2,170769,190838
incast,0,191,68,"n23m0123.hpc.itc.rwth-aachen.de",0,4194304,50,50177.2,53300.5,55795.4,61445.4,58223.2,107245,164135
incast,0,191,69,"n23m0123.hpc.itc.rwth-aachen.de",0,4194304,50,50987.6,53950.2,56392,73934.4,59508,177028,194243
incast,0,191,70,"n23m0123.hpc.itc.rwth-aachen.de",0,4194304,50,51800.4,54735.1,57206.1,59016.1,59371.2,63171.5,145740
incast,0,191,71,"n23m0123.hpc.itc.rwth-aachen.de",0,4194304,50,52610.2,55760,59270.3,74561.8,61749.6,174045,182739
incast,0,191,72,"n23m0123.hpc.itc.rwth-aachen.de",0,4194304,50,53437.3,56517,60644.9,77630,63544.1,164462,167900
incast,0,191,73,"n23m0123.hpc.itc.rwth-aachen.de",0,4194304,50,54242.4,57476.1,60560.4,71457,63287.8,155282,176415
incast,0,191,74,"n23m0123.hpc.itc.rwth-aachen.de",0,4194304,50,55049.1,58731,61957.4,76771.7,64580,153087,164829
incast,0,191,75,"n23m0123.hpc.itc.rwth-aachen.de",0,4194304,50,56755,59134.4,61965.9,70537.3,64935.1,132658,178980
incast,0,191,76,"n23m0123.hpc.itc.rwth-aachen.de",0,4194304,50,56697.8,60051.4,63223.7,73752.1,66146.1,154122,180142
incast,0,191,77,"n23m0123.hpc.itc.rwth-aachen.de",0,4194304,50,57503.6,60806.7,64052,81046.8,68391.6,163595,185153
incast,0,191,78,"n23m0123.hpc.itc.rwth-aachen.de",0,4194304,50,58297.3,61526.8,64797.5,78653,68205.5,167595,180356
incast,0,191,79,"n23m0123.hpc.itc.rwth-aachen.de",0,4194304,50,59131,62399.7,67214.4,90863.3,129979,173560,185611
incast,0,191,80,"n23m0123.hpc.itc.rwth-aachen.de",0,4194304,50,59968.6,63304.5,66534.7,73700.7,69615.5,152692,171714
incast,0,191,81,"n23m0123.hpc.itc.rwth-aachen.de",0,4194304,50,61728.7,64340.5,69211.3,91314.6,116543,168902,191447
incast,0,191,82,"n23m0123.hpc.itc.rwth-aachen.de",0,4194304,50,61768.3,65022.9,68272.8,80509,71685.9,168492,181154
incast,0,191,83,"n23m0123.hpc.itc.rwth-aachen.de",0,4194304,50,62598.1,66088.1,69489.7,77541.9,72575.3,150386,161842
incast,0,191,84,"n23m0123.hpc.itc.rwth-aachen.de",0,4194304,50,63425.6,66634.3,70102.6,83838.9,73571,168095,186530
incast,0,191,85,"n23m0123.hpc.itc.rwth-aachen.de",0,4194304,50,64240.5,67448,71208.5,83039.4,74792.9,146975,188359
incast,0,191,86,"n23m0123.hpc.itc.rwth-aachen.de",0,4194304,50,65065.6,68656.6,72707.9,81397.8,75531.9,153162,168718
incast,0,191,87,"n23m0123.hpc.itc.rwth-aachen.de",0,4194304,50,67107.2,69970.4,74289.2,92639.1,80018.5,176917,191907
incast,0,191,88,"n23m0123.hpc.itc.rwth-aachen.de",0,4194304,50,66754.2,70034.9,73576.5,82701.6,76905.5,148298,192558
incast,0,191,89,"n23m0123.hpc.itc.rwth-aachen.de",0,4194304,50,67593.3,71068,74496.6,86122.9,78338.7,155301,199398
incast,0,191,90,"n23m0123.hpc.itc.rwth-aachen.de",0,4194304,50,68465.9,71851.9,76250,89835.2,79358.8,161983,176169
incast,0,191,91,"n23m0123.hpc.itc.rwth-aachen.de",0,4194304,50,69300.3,72824.2,76423,85564.1,79910,172231,193505
incast,0,191,92,"n23m0123.hpc.itc.rwth-aachen.de",0,4194304,50,70136.5,73661.3,77306.8,89540.1,80932.7,159713,181896
incast,0,191,93,"n23m0123.hpc.itc.rwth-aachen.de",0,4194304,50,70988.1,74654.8,79807,90565.6,82475.9,160108,177777
incast,0,191,94,"n23m0123.hpc.itc.rwth-aachen.de",0,4194304,50,73084.3,77244,81173,105865,143552,182357,188858
incast,0,191,95,"n23m0123.hpc.itc.rwth-aachen.de",0,4194304,50,72793.3,76270.9,80020.7,90333.5,84434.1,155460,177521
incast,0,191,96,"r23m0124.hpc.itc.rwth-aachen.de",1,4194304,50,165777,198134,206196,203265,210539,213685,216041
incast,0,191,97,"r23m0124.hpc.itc.rwth-aachen.de",1,4194304,50,170869,191534,198006,199433,210381,215384,216602
incast,0,191,98,"r23m0124.hpc.itc.rwth-aachen.de",1,4194304,50,177219,189348,195484,197716,209023,215828,219261
incast,0,191,99,"r23m0124.hpc.itc.rwth-aachen.de",1,4194304,50,189168,207730,211623,210589,214191,217446,223372
incast,0,191,100,"r23m0124.hpc.itc.rwth-aachen.de",1,4194304,50,155519,202961,208644,206831,212270,215929,222952
incast,0,191,101,"r23m0124.hpc.itc.rwth-aachen.de",1,4194304,50,147470,179307,183191,182446,186255,193371,196807
incast,0,191,102,"r23m0124.hpc.itc.rwth-aachen.de",1,4194304,50,185577,207044,210284,209943,213047,216563,223388
incast,0,191,103,"r23m0124.hpc.itc.rwth-aachen.de",1,4194304,50,118617,178312,181563,180494,185224,189001,197059
incast,0,191,104,"r23m0124.hpc.itc.rwth-aachen.de",1,4194304,50,162372,203248,210477,205306,212842,215368,219065
incast,0,191,105,"r23m0124.hpc.itc.rwth-aachen.de",1,4194304,50,84949.7,196938,205852,200441,210623,215437,222854
incast,0,191,106,"r23m0124.hpc.itc.rwth-aachen.de",1,4194304,50,180687,205481,208865,207703,211795,215873,218928
incast,0,191,107,"r23m0124.hpc.itc.rwth-aachen.de",1,4194304,50,81247.6,179743,189687,185285,199715,205428,229634
incast,0,191,108,"r23m0124.hpc.itc.rwth-aachen.de",1,4194304,50,180486,204942,210665,208097,213010,217063,222221
incast,0,191,109,"r23m0124.hpc.itc.rwth-aachen.de",1,4194304,50,167582,190284,205442,200476,209470,215169,216155
incast,0,191,110,"r23m0124.hpc.itc.rwth-aachen.de",1,4194304,50,174175,205475,207953,207500,211983,215761,219945
incast,0,191,111,"r23m0124.hpc.itc.rwth-aachen.de",1,4194304,50,84897.2,201084,206974,201524,210242,215255,221247
incast,0,191,112,"r23m0124.hpc.itc.rwth-aachen.de",1,4194304,50,152952,189330,203615,198314,211017,214405,221644
incast,0,191,113,"r23m0124.hpc.itc.rwth-aachen.de",1,4194304,50,157230,176924,179754,179553,182960,188012,193750
incast,0,191,114,"r23m0124.hpc.itc.rwth-aachen.de",1,4194304,50,180125,203588,209656,206480,212943,215512,219765
incast,0,191,115,"r23m0124.hpc.itc.rwth-aachen.de",1,4194304,50,85246.8,176220,178218,177337,183975,189146,193655
incast,0,191,116,"r23m0124.hpc.itc.rwth-aachen.de",1,4194304,50,145445,176628,181687,180146,186098,192801,195011
incast,0,191,117,"r23m0124.hpc.itc.rwth-aachen.de",1,4194304,50,169387,188823,204167,199723,209244,213824,219705
incast,0,191,118,"r23m0124.hpc.itc.rwth-aachen.de",1,4194304,50,157804,193708,204165,199265,210804,213633,215087
incast,0,191,119,"r23m0124.hpc.itc.rwth-aachen.de",1,4194304,50,168581,202500,207194,204981,211193,215488,218638
incast,0,191,120,"r23m0124.hpc.itc.rwth-aachen.de",1,4194304,50,150463,182262,187260,186109,190387,196499,202318
incast,0,191,121,"r23m0124.hpc.itc.rwth-aachen.de",1,4194304,50,147981,180408,186545,185256,191034,196933,207738
incast,0,191,122,"r23m0124.hpc.itc.rwth-aachen.de",1,4194304,50,140729,195728,204698,200389,209371,214771,222367
incast,0,191,123,"r23m0124.hpc.itc.rwth-aachen.de",1,4194304,50,160807,206140,209740,208034,212578,216283,221826
incast,0,191,124,"r23m0124.hpc.itc.rwth-aachen.de",1,4194304,50,183801,203892,207678,206736,212221,215894,222321
incast,0,191,125,"r23m0124.hpc.itc.rwth-aachen.de",1,4194304,50,178161,204181,209917,206637,211241,217394,223308
incast,0,191,126,"r23m0124.hpc.itc.rwth-aachen.de",1,4194304,50,169889,201066,205480,204584,210178,214804,217263
incast,0,191,127,"r23m0124.hpc.itc.rwth-aachen.de",1,4194304,50,160010,198950,206111,201886,209867,215130,223172
incast,0,191,128,"r23m0124.hpc.itc.rwth-aachen.de",1,4194304,50,165328,178264,182823,182328,186305,192777,193939
incast,0,191,129,"r23m0124.hpc.itc.rwth-aachen.de",1,4194304,50,192355,206633,210650,209465,212781,216284,220959
incast,0,191,130,"r23m0124.hpc.itc.rwth-aachen.de",1,4194304,50,193596,207924,210626,209965,213212,215835,222215
incast,0,191,131,"r23m0124.hpc.itc.rwth-aachen.de",1,4194304,50,178757,203376,207134,205737,211418,214830,219368
incast,0,191,132,"r23m0124.hpc.itc.rwth-aachen.de",1,4194304,50,177311,204267,207750,206992,211601,214610,222918
incast,0,191,133,"r23m0124.hpc.itc.rwth-aachen.de",1,4194304,50,192776,206822,210136,209540,212515,216500,218753
incast,0,191,134,"r23m0124.hpc.itc.rwth-aachen.de",1,4194304,50,172723,203443,207745,205739,211483,215718,221901
incast,0,191,135,"r23m0124.hpc.itc.rwth-aachen.de",1,4194304,50,196533,206776,210990,209843,212378,215648,218516
incast,0,191,136,"r23m0124.hpc.itc.rwth-aachen.de",1,4194304,50,184797,207299,210023,209294,212512,215093,221633
incast,0,191,137,"r23m0124.hpc.itc.rwth-aachen.de",1,4194304,50,139429,175615,179463,177307,182931,187542,189407
incast,0,191,138,"r23m0124.hpc.itc.rwth-aachen.de",1,4194304,50,190344,205853,208293,208587,212277,215752,219806
incast,0,191,139,"r23m0124.hpc.itc.rwth-aachen.de",1,4194304,50,144858,177467,180082,181236,185173,193174,199551
incast,0,191,140,"r23m0124.hpc.itc.rwth-aachen.de",1,4194304,50,177265,205844,208903,208064,211799,215418,218957
incast,0,191,141,"r23m0124.hpc.itc.rwth-aachen.de",1,4194304,50,177097,203706,208017,206994,211157,216072,221711
incast,0,191,142,"r23m0124.hpc.itc.rwth-aachen.de",1,4194304,50,180506,206217,210320,208733,212926,215912,217457
incast,0,191,143,"r23m0124.hpc.itc.rwth-aachen.de",1,4194304,50,94482.2,101718,107468,117405,113256,176905,186079
incast,0,191,144,"r23m0124.hpc.itc.rwth-aachen.de",1,4194304,50,178335,198359,205605,203274,209808,215246,216345
incast,0,191,145,"r23m0124.hpc.itc.rwth-aachen.de",1,4194304,50,164021,172821,179229,178846,182754,191911,197196
incast,0,191,146,"r23m0124.hpc.itc.rwth-aachen.de",1,4194304,50,145655,174790,177266,178245,183905,189907,194680
incast,0,191,147,"r23m0124.hpc.itc.rwth-aachen.de",1,4194304,50,180230,204886,208136,207257,212469,216576,219217
incast,0,191,148,"r23m0124.hpc.itc.rwth-aachen.de",1,4194304,50,192206,207481,211029,210385,213657,215925,221374
incast,0,191,149,"r23m0124.hpc.itc.rwth-aachen.de",1,4194304,50,102443,167943,178166,169271,181147,189875,198271
incast,0,191,150,"r23m0124.hpc.itc.rwth-aachen.de",1,4194304,50,182411,198831,204992,204119,209637,214432,221270
incast,0,191,151,"r23m0124.hpc.itc.rwth-aachen.de",1,4194304,50,170064,181086,183341,183958,185770,194722,203321
incast,0,191,152,"r23m0124.hpc.itc.rwth-aachen.de",1,4194304,50,165193,177322,181065,181315,184574,193177,199883
incast,0,191,153,"r23m0124.hpc.itc.rwth-aachen.de",1,4194304,50,146384,164611,172312,170678,178233,185530,193705
incast,0,191,154,"r23m0124.hpc.itc.rwth-aachen.de",1,4194304,50,180028,201119,205364,204416,210172,212783,218866
incast,0,191,155,"r23m0124.hpc.itc.rwth-aachen.de",1,4194304,50,125930,201858,206250,206866,210904,214129,386666
incast,0,191,156,"r23m0124.hpc.itc.rwth-aachen.de",1,4194304,50,198487,207644,211462,210525,212960,215797,222937
incast,0,191,157,"r23m0124.hpc.itc.rwth-aachen.de",1,4194304,50,178175,205834,207951,208460,212392,215596,223093
incast,0,191,158,"r23m0124.hpc.itc.rwth-aachen.de",1,4194304,50,162163,205131,209408,207383,212070,215969,217456
incast,0,191,159,"r23m0124.hpc.itc.rwth-aachen.de",1,4194304,50,169726,206935,208694,208427,212557,215326,216644
incast,0,191,160,"r23m0124.hpc.itc.rwth-aachen.de",1,4194304,50,201250,208599,212250,212298,214288,216798,261825
incast,0,191,161,"r23m0124.hpc.itc.rwth-aachen.de",1,4194304,50,162212,207285,209293,208695,212913,216497,219240
incast,0,191,162,"r23m0124.hpc.itc.rwth-aachen.de",1,4194304,50,151485,205616,208360,206369,212725,216130,222650
incast,0,191,163,"r23m0124.hpc.itc.rwth-aachen.de",1,4194304,50,196771,207992,210993,210546,212957,216806,223423
incast,0,191,164,"r23m0124.hpc.itc.rwth-aachen.de",1,4194304,50,193009,203463,208109,207271,211033,215310,217591
incast,0,191,165,"r23m0124.hpc.itc.rwth-aachen.de",1,4194304,50,189599,208031,211312,210192,213368,216023,223245
incast,0,191,166,"r23m0124.hpc.itc.rwth-aachen.de",1,4194304,50,164010,202580,206875,204249,210091,212394,214664
incast,0,191,167,"r23m0124.hpc.itc.rwth-aachen.de",1,4194304,50,126885,207026,209942,206767,213048,216065,220192
incast,0,191,168,"r23m0124.hpc.itc.rwth-aachen.de",1,4194304,50,156847,179545,182045,182215,187069,192647,201854
incast,0,191,169,"r23m0124.hpc.itc.rwth-aachen.de",1,4194304,50,189376,208266,211257,210275,213443,217075,218391
incast,0,191,170,"r23m0124.hpc.itc.rwth-aachen.de",1,4194304,50,179204,207653,211262,208954,213444,216119,220959
incast,0,191,171,"r23m0124.hpc.itc.rwth-aachen.de",1,4194304,50,117778,185448,187222,186332,190456,197634,204626
incast,0,191,172,"r23m0124.hpc.itc.rwth-aachen.de",1,4194304,50,177900,207839,210582,209504,213664,215868,223127
incast,0,191,173,"r23m0124.hpc.itc.rwth-aachen.de",1,4194304,50,175518,207612,210656,209559,213218,216075,219522
incast,0,191,174,"r23m0124.hpc.itc.rwth-aachen.de",1,4194304,50,192205,205632,208804,208393,212840,216018,218171
incast,0,191,175,"r23m0124.hpc.itc.rwth-aachen.de",1,4194304,50,191070,206695,209165,209177,212809,216699,218911
incast,0,191,176,"r23m0124.hpc.itc.rwth-aachen.de",1,4194304,50,189028,206561,208311,208795,212584,215834,220647
incast,0,191,177,"r23m0124.hpc.itc.rwth-aachen.de",1,4194304,50,166248,175193,179256,179294,183317,187904,195776
incast,0,191,178,"r23m0124.hpc.itc.rwth-aachen.de",1,4194304,50,190813,206778,209656,209120,211675,214951,220739
incast,0,191,179,"r23m0124.hpc.itc.rwth-aachen.de",1,4194304,50,118859,196840,205105,193050,210712,214906,227880
incast,0,191,180,"r23m0124.hpc.itc.rwth-aachen.de",1,4194304,50,184667,202541,207449,205660,209774,214923,221321
incast,0,191,181,"r23m0124.hpc.itc.rwth-aachen.de",1,4194304,50,172196,183078,198744,194787,205150,212929,217033
incast,0,191,182,"r23m0124.hpc.itc.rwth-aachen.de",1,4194304,50,169635,198933,207341,203759,210607,213417,217202
incast,0,191,183,"r23m0124.hpc.itc.rwth-aachen.de",1,4194304,50,177689,207784,211218,210338,214138,217297,222843
incast,0,191,184,"r23m0124.hpc.itc.rwth-aachen.de",1,4194304,50,196163,208319,211724,210637,213178,215721,223139
incast,0,191,185,"r23m0124.hpc.itc.rwth-aachen.de",1,4194304,50,145363,177523,180411,180332,184614,190895,205248
incast,0,191,186,"r23m0124.hpc.itc.rwth-aachen.de",1,4194304,50,167321,178444,181335,181365,184077,189951,199108
incast,0,191,187,"r23m0124.hpc.itc.rwth-aachen.de",1,4194304,50,168284,196427,207983,203476,210285,213653,218066
incast,0,191,188,"r23m0124.hpc.itc.rwth-aachen.de",1,4194304,50,155752,174165,176842,177307,180867,186266,216740
incast,0,191,189,"r23m0124.hpc.itc.rwth-aachen.de",1,4194304,50,170066,206864,211347,209184,213158,217019,222455
incast,0,191,190,"r23m0124.hpc.itc.rwth-aachen.de",1,4194304,50,147793,192473,203456,199537,207701,211858,218477
incast,0,191,191,"r23m0124.hpc.itc.rwth-aachen.de",1,4194304,50,126519,202964,208494,196312,212369,215539,220051
fanout,0,191,1,"n23m0123.hpc.itc.rwth-aachen.de",0,4194304,50,113758,118756,120087,121724,123777,132941,140223
fanout,0,191,2,"n23m0123.hpc.itc.rwth-aachen.de",0,4194304,50,113174,118246,119484,121165,123253,132455,139579
fanout,0,191,3,"n23m0123.hpc.itc.rwth-aachen.de",0,4194304,50,112659,117632,118930,120586,122610,131796,139035
fanout,0,191,4,"n23m0123.hpc.itc.rwth-aachen.de",0,4194304,50,112023,117091,118381,119947,121613,131138,138168
fanout,0,191,5,"n23m0123.hpc.itc.rwth-aachen.de",0,4194304,50,3555.06,114794,116050,115378,118959,128517,135225
fanout,0,191,6,"n23m0123.hpc.itc.rwth-aachen.de",0,4194304,50,3007.35,3243.48,3334.75,5544.59,3456.46,3759.43,112148
fanout,0,191,7,"n23m0123.hpc.itc.rwth-aachen.de",0,4194304,50,3450.08,3813.58,3901.38,8300.96,4024.79,4566.97,113465
fanout,0,191,8,"n23m0123.hpc.itc.rwth-aachen.de",0,4194304,50,4024.92,4312.91,4395.88,4460.12,4571.74,5061.92,5254.85
fanout,0,191,9,"n23m0123.hpc.itc.rwth-aachen.de",0,4194304,50,4517.33,4842.66,4947.78,7126.84,5122.14,5771.46,110487
fanout,0,191,10,"n23m0123.hpc.itc.rwth-aachen.de",0,4194304,50,4889.01,5339.67,5440.9,5532.65,5651.17,6363.57,6451.56
fanout,0,191,11,"n23m0123.hpc.itc.rwth-aachen.de",0,4194304,50,5412.04,5867.31,5978.82,10423.8,6215.74,7119.86,122469
fanout,0,191,12,"n23m0123.hpc.itc.rwth-aachen.de",0,4194304,50,5893.93,6326.75,6479.21,13723.8,6730.28,67055.6,134112
fanout,0,191,13,"n23m0123.hpc.itc.rwth-aachen.de",0,4194304,50,6383.77,6851.63,6988.2,11302.3,7306.41,8258.95,112280
fanout,0,191,14,"n23m0123.hpc.itc.rwth-aachen.de",0,4194304,50,6833.66,7339.86,7513.6,24799.5,8347.3,113612,124561
fanout,0,191,15,"n23m0123.hpc.itc.rwth-aachen.de",0,4194304,50,7280.35,7851.89,7990.55,16982.9,8483.73,113398,129510
fanout,0,191,16,"n23m0123.hpc.itc.rwth-aachen.de",0,4194304,50,7870.45,8384.8,8501.92,23445.1,9564.64,114527,120164
fanout,0,191,17,"n23m0123.hpc.itc.rwth-aachen.de",0,4194304,50,477.885,8820.01,9040.18,24219.6,10188.4,118973,123451
fanout,0,191,18,"n23m0123.hpc.itc.rwth-aachen.de",0,4194304,50,8620.12,9403.57,9590.24,22528.7,10405.8,114551,130009
fanout,0,191,19,"n23m0123.hpc.itc.rwth-aachen.de",0,4194304,50,9064.62,9920.3,10145.7,24544.4,11391.4,112155,115948
fanout,0,191,20,"n23m0123.hpc.itc.rwth-aachen.de",0,4194304,50,9504.59,10269.4,10592.5,15286.4,11045,12914.1,133289
fanout,0,191,21,"n23m0123.hpc.itc.rwth-aachen.de",0,4194304,50,9916.08,10922.1,11152.2,19593.6,11634,111153,122191
fanout,0,191,22,"n23m0123.hpc.itc.rwth-aachen.de",0,4194304,50,10367.1,11356.7,11649,20054.6,12168.9,112645,118063
fanout,0,191,23,"n23m0123.hpc.itc.rwth-aachen.de",0,4194304,50,10730.6,11912,12184.4,22590.8,13301.5,112388,117890
fanout,0,191,24,"n23m0123.hpc.itc.rwth-aachen.de",0,4194304,50,11255.3,12357.4,12633.8,15000,13231.8,15309.7,116240
fanout,0,191,25,"n23m0123.hpc.itc.rwth-aachen.de",0,4194304,50,11710.8,12912.8,13181.1,13498.4,13785.9,15770.2,16342
fanout,0,191,26,"n23m0123.hpc.itc.rwth-aachen.de",0,4194304,50,12139.8,13410.1,13749.8,22227.1,14423.9,113266,121750
fanout,0,191,27,"n23m0123.hpc.itc.rwth-aachen.de",0,4194304,50,13274.7,13923.7,14261.1,20520.7,15026.8,67285.5,117484
fanout,0,191,28,"n23m0123.hpc.itc.rwth-aachen.de",0,4194304,50,13363.3,14451.5,14814.2,23154.5,15777.4,111964,122551
fanout,0,191,29,"n23m0123.hpc.itc.rwth-aachen.de",0,4194304,50,13841.5,15021.9,15557.1,35945.7,17318.7,122412,135581
fanout,0,191,30,"n23m0123.hpc.itc.rwth-aachen.de",0,4194304,50,14317.2,15406.3,15806.4,20075.4,16522.3,19437.4,119264
fanout,0,191,31,"n23m0123.hpc.itc.rwth-aachen.de",0,4194304,50,14867.5,15952.7,16343,22655.3,17226.6,71620.4,119183
fanout,0,191,32,"n23m0123.hpc.itc.rwth-aachen.de",0,4194304,50,15306.7,16346.5,16869,28856,18883.8,114346,118363
fanout,0,191,33,"n23m0123.hpc.itc.rwth-aachen.de",0,4194304,50,15792.1,16902.5,17390.8,21422.6,18148.3,21459.7,113640
fanout,0,191,34,"n23m0123.hpc.itc.rwth-aachen.de",0,4194304,50,16268.4,17461.2,18054.7,23906,18910.7,70929,112658
fanout,0,191,35,"n23m0123.hpc.itc.rwth-aachen.de",0,4194304,50,16769,17937,18481.6,22535.5,19225.8,22816.2,112536
fanout,0,191,36,"n23m0123.hpc.itc.rwth-aachen.de",0,4194304,50,17325.8,18515.3,18927.7,21175.2,19756.2,23212.9,109303
fanout,0,191,37,"n23m0123.hpc.itc.rwth-aachen.de",0,4194304,50,17767.9,19023.6,19619.9,23623.2,20469.1,24325.1,111917
fanout,0,191,38,"n23m0123.hpc.itc.rwth-aachen.de",0,4194304,50,18258.9,19541.7,20269.8,26083.9,21310.6,73323.5,113782
fanout,0,191,39,"n23m0123.hpc.itc.rwth-aachen.de",0,4194304,50,18683.2,20038.3,20567.5,24769.5,21415.4,25695.9,119249
fanout,0,191,40,"n23m0123.hpc.itc.rwth-aachen.de",0,4194304,50,19259.4,20571.3,20997.7,21550.6,21914.3,25370.6,26708.9
fanout,0,191,41,"n23m0123.hpc.itc.rwth-aachen.de",0,4194304,50,19767.8,21109,21664.9,25869.9,22563.8,27091.9,119830
fanout,0,191,42,"n23m0123.hpc.itc.rwth-aachen.de",0,4194304,50,20240.7,21634,22074.6,22650.2,23057,26668.5,28118.4
fanout,0,191,43,"n23m0123.hpc.itc.rwth-aachen.de",0,4194304,50,21140.1,22230.4,22970.4,30434.6,24582.4,109015,116267
fanout,0,191,44,"n23m0123.hpc.itc.rwth-aachen.de",0,4194304,50,21024.1,22719.5,23301.4,27469,24250.2,29177.8,121084
fanout,0,191,45,"n23m0123.hpc.itc.rwth-aachen.de",0,4194304,50,21529.5,23271.6,23862.8,26095.4,24869.4,29397.9,111702
fanout,0,191,46,"n23m0123.hpc.itc.rwth-aachen.de",0,4194304,50,22045.6,23712,24272.1,24842.2,25322.2,29073.3,30934.8
fanout,0,191,47,"n23m0123.hpc.itc.rwth-aachen.de",0,4194304,50,22510.1,24337.8,24834.6,25430.6,25896.7,29835.4,31764
fanout,0,191,48,"n23m0123.hpc.itc.rwth-aachen.de",0,4194304,50,23301.4,25120,25785.1,28046.8,26979.4,31830.5,113804
fanout,0,191,49,"n23m0123.hpc.itc.rwth-aachen.de",0,4194304,50,23995.4,25988.1,26767.5,30653.9,28062.8,33452.8,114591
fanout,0,191,50,"n23m0123.hpc.itc.rwth-aachen.de",0,4194304,50,24935.9,26833.8,27580.7,29831.9,28971.1,34069.3,111874
fanout,0,191,51,"n23m0123.hpc.itc.rwth-aachen.de",0,4194304,50,25908,27968.3,28872.5,34218.5,30558.5,76093.3,114838
fanout,0,191,52,"n23m0123.hpc.itc.rwth-aachen.de",0,4194304,50,26832.7,28695.5,29481.2,30130.8,30791.2,35244.1,37466.9
fanout,0,191,53,"n23m0123.hpc.itc.rwth-aachen.de",0,4194304,50,27794.8,29694.1,30479.8,31146.5,31830.7,36390,38660.1
fanout,0,191,54,"n23m0123.hpc.itc.rwth-aachen.de",0,4194304,50,28913.1,30740.9,31551.5,33798.4,33201,38835.3,110684
fanout,0,191,55,"n23m0123.hpc.itc.rwth-aachen.de",0,4194304,50,29433.9,31732.4,32538.3,34864.3,34279.7,40043.8,116012
fanout,0,191,56,"n23m0123.hpc.itc.rwth-aachen.de",0,4194304,50,30353.1,32671.1,33464.7,34179.6,34976.6,39803.3,42229.4
fanout,0,191,57,"n23m0123.hpc.itc.rwth-aachen.de",0,4194304,50,31278.1,33702.5,34502.3,36759.8,36378.9,42390.6,111044
fanout,0,191,58,"n23m0123.hpc.itc.rwth-aachen.de",0,4194304,50,32224.5,34669.5,35636.2,39489.1,37979,44315.1,117158
fanout,0,191,59,"n23m0123.hpc.itc.rwth-aachen.de",0,4194304,50,33141.4,35639.9,36474.1,38818.1,38543.9,44743.5,114606
fanout,0,191,60,"n23m0123.hpc.itc.rwth-aachen.de",0,4194304,50,34044.3,36618.7,37380.3,38232.3,39165.8,44333.5,47106.1
fanout,0,191,61,"n23m0123.hpc.itc.rwth-aachen.de",0,4194304,50,34939.2,37576.2,38346.2,39220.6,40171.2,45414,48315.7
fanout,0,191,62,"n23m0123.hpc.itc.rwth-aachen.de",0,4194304,50,35900.9,38516.1,39278.2,40193.4,41151.7,46501.9,49460.4
fanout,0,191,63,"n23m0123.hpc.itc.rwth-aachen.de",0,4194304,50,36796.6,39471.5,40218.4,41172.4,42153.7,47581,50575.3
fanout,0,191,64,"n23m0123.hpc.itc.rwth-aachen.de",0,4194304,50,37717.8,40421.4,41168.3,42152.3,43114.8,48617.4,51719.4
fanout,0,191,65,"n23m0123.hpc.itc.rwth-aachen.de",0,4194304,50,38619,41364.1,42111.9,43126.9,44112.9,49699.5,52854.3
fanout,0,191,66,"n23m0123.hpc.itc.rwth-aachen.de",0,4194304,50,39511,42289.1,43056.3,44095.9,45094.4,50732.8,54021.8
fanout,0,191,67,"n23m0123.hpc.itc.rwth-aachen.de",0,4194304,50,40384.5,43240.3,43995.4,45068.5,46086.4,51796.6,55090.9
fanout,0,191,68,"n23m0123.hpc.itc.rwth-aachen.de",0,4194304,50,41304.4,44176.4,44923,46030.1,47107.8,52844.8,56083.2
fanout,0,191,69,"n23m0123.hpc.itc.rwth-aachen.de",0,4194304,50,42216,45146.3,45971.6,48320.9,48298.7,55979,111320
fanout,0,191,70,"n23m0123.hpc.itc.rwth-aachen.de",0,4194304,50,43119.1,46091.8,46886.7,50648,49695.7,58120,114371
fanout,0,191,71,"n23m0123.hpc.itc.rwth-aachen.de",0,4194304,50,44080.4,47076.8,47775.2,48979.5,49986.6,56129.5,59425.4
fanout,0,191,72,"n23m0123.hpc.itc.rwth-aachen.de",0,4194304,50,44979.9,47999.4,48681.6,49933.9,50913.7,57201.2,60552
fanout,0,191,73,"n23m0123.hpc.itc.rwth-aachen.de",0,4194304,50,45863.9,48919.9,49602.6,50885.4,51815.2,58293.8,61617
fanout,0,191,74,"n23m0123.hpc.itc.rwth-aachen.de",0,4194304,50,46767.2,49843,50521.1,51834.1,52711.1,59344.9,62734.1
fanout,0,191,75,"n23m0123.hpc.itc.rwth-aachen.de",0,4194304,50,47630.9,50760.2,51503,52965.9,53995.8,61320.8,63830.3
fanout,0,191,76,"n23m0123.hpc.itc.rwth-aachen.de",0,4194304,50,48471.9,51707.2,52338.9,53708.4,54510.1,61444.2,64859.9
fanout,0,191,77,"n23m0123.hpc.itc.rwth-aachen.de",0,4194304,50,49313.9,52555.7,53177.2,54625.1,55398.4,62484.5,65919.3
fanout,0,191,78,"n23m0123.hpc.itc.rwth-aachen.de",0,4194304,50,50168.1,53450.5,54079,55555.6,56311.3,63498.9,66991.9
fanout,0,191,79,"n23m0123.hpc.itc.rwth-aachen.de",0,4194304,50,51034.5,54385.6,55017,57688.8,57671.6,67060.8,114499
fanout,0,191,80,"n23m0123.hpc.itc.rwth-aachen.de",0,4194304,50,51896.4,55257.3,55866.4,57416.1,58180.5,65534.4,69208.8
fanout,0,191,81,"n23m0123.hpc.itc.rwth-aachen.de",0,4194304,50,20329.9,56090.8,56787,57620.2,59145.8,66557.1,70302.5
fanout,0,191,82,"n23m0123.hpc.itc.rwth-aachen.de",0,4194304,50,53546.5,57033.7,57715.5,59271.3,60097.6,67579.1,71352.4
fanout,0,191,83,"n23m0123.hpc.itc.rwth-aachen.de",0,4194304,50,54466.8,57967.4,58687,60237.8,61063.9,68625.8,72488.9
fanout,0,191,84,"n23m0123.hpc.itc.rwth-aachen.de",0,4194304,50,55339.8,58895,59588.6,61167.4,61994.6,69641.6,73558.3
fanout,0,191,85,"n23m0123.hpc.itc.rwth-aachen.de",0,4194304,50,56196.2,59796.2,60485.1,62083.6,62919.4,70672.2,74647.2
fanout,0,191,86,"n23m0123.hpc.itc.rwth-aachen.de",0,4194304,50,57004.9,60660,61451.9,63485.3,64247.9,74494.6,85634.5
fanout,0,191,87,"n23m0123.hpc.itc.rwth-aachen.de",0,4194304,50,57847.6,61558.2,62206.1,63915.4,64812.2,72729.3,76809.6
fanout,0,191,88,"n23m0123.hpc.itc.rwth-aachen.de",0,4194304,50,58681.8,62432.5,63092.9,64815.6,65740.9,73737.8,77788.5
fanout,0,191,89,"n23m0123.hpc.itc.rwth-aachen.de",0,4194304,50,59533.1,63306.6,63996,65725,66696.1,74740.4,78833
fanout,0,191,90,"n23m0123.hpc.itc.rwth-aachen.de",0,4194304,50,60362.5,64147.2,64860,66613.6,67632.9,75757,79771
fanout,0,191,91,"n23m0123.hpc.itc.rwth-aachen.de",0,4194304,50,61200.5,65071.2,65800.3,68499.4,68851.1,79630.8,113828
fanout,0,191,92,"n23m0123.hpc.itc.rwth-aachen.de",0,4194304,50,62064.6,65953.5,66709.9,69452.6,69743.2,80597.4,117393
fanout,0,191,93,"n23m0123.hpc.itc.rwth-aachen.de",0,4194304,50,62930.1,66982.7,67623.6,70266.2,70696.3,81620.7,111316
fanout,0,191,94,"n23m0123.hpc.itc.rwth-aachen.de",0,4194304,50,63785.5,67763.7,68437.6,70314,71306,79814,83999.6
fanout,0,191,95,"n23m0123.hpc.itc.rwth-aachen.de",0,4194304,50,64672.6,68792.2,69513.9,72073.3,72422.2,83654.8,109288
fanout,0,191,96,"r23m0124.hpc.itc.rwth-aachen.de",1,4194304,50,66227.5,70435.8,71101.4,78022.8,78119,118030,121510
fanout,0,191,97,"r23m0124.hpc.itc.rwth-aachen.de",1,4194304,50,66965.4,70742.9,72252.8,79646.1,79885.6,113759,118238
fanout,0,191,98,"r23m0124.hpc.itc.rwth-aachen.de",1,4194304,50,67256.8,71922.1,73291.2,83988.6,87631.3,117449,137910
fanout,0,191,99,"r23m0124.hpc.itc.rwth-aachen.de",1,4194304,50,68944.4,72142.6,73443.7,81483.8,81525.6,113037,125955
fanout,0,191,100,"r23m0124.hpc.itc.rwth-aachen.de",1,4194304,50,68903.8,71952.6,73311,82325.1,82031.8,115600,133556
fanout,0,191,101,"r23m0124.hpc.itc.rwth-aachen.de",1,4194304,50,70111.7,72857.3,74026.2,80572.8,80885.2,112760,123198
fanout,0,191,102,"r23m0124.hpc.itc.rwth-aachen.de",1,4194304,50,68471.3,73091.1,74096.8,79492.2,80089,112313,128168
fanout,0,191,103,"r23m0124.hpc.itc.rwth-aachen.de",1,4194304,50,68573.5,73499.5,74662.4,83929.7,86786.9,118714,122267
fanout,0,191,104,"r23m0124.hpc.itc.rwth-aachen.de",1,4194304,50,68810.1,73991.6,76525.4,85587.8,102925,114227,115253
fanout,0,191,105,"r23m0124.hpc.itc.rwth-aachen.de",1,4194304,50,69714.4,74306.5,76137.4,86290.2,103292,115387,124958
fanout,0,191,106,"r23m0124.hpc.itc.rwth-aachen.de",1,4194304,50,70031.2,74283.2,75923.9,81436.8,82267.7,111995,132524
fanout,0,191,107,"r23m0124.hpc.itc.rwth-aachen.de",1,4194304,50,70347.8,74795.8,75580.8,79571.8,78650.8,103114,126191
fanout,0,191,108,"r23m0124.hpc.itc.rwth-aachen.de",1,4194304,50,70925.7,75122.8,76389.9,82287.3,82125.1,119029,129145
fanout,0,191,109,"r23m0124.hpc.itc.rwth-aachen.de",1,4194304,50,70738.2,75374.1,76754,84388.6,83680.9,118470,130010
fanout,0,191,110,"r23m0124.hpc.itc.rwth-aachen.de",1,4194304,50,71857.8,76296.8,78214.9,85478.1,86695.5,116025,121484
fanout,0,191,111,"r23m0124.hpc.itc.rwth-aachen.de",1,4194304,50,72162.7,76071.7,78119,85097.8,85777.8,115685,125787
fanout,0,191,112,"r23m0124.hpc.itc.rwth-aachen.de",1,4194304,50,72645.9,76811.2,78598.5,83320.4,84830,110915,114205
fanout,0,191,113,"r23m0124.hpc.itc.rwth-aachen.de",1,4194304,50,74067.7,77319.6,79478.3,84368.5,85777.5,109347,117650
fanout,0,191,114,"r23m0124.hpc.itc.rwth-aachen.de",1,4194304,50,74577.5,77582.6,79380.7,85319.8,85788.2,112765,134802
fanout,0,191,115,"r23m0124.hpc.itc.rwth-aachen.de",1,4194304,50,74488.5,77506.5,79425.3,86591.6,89967.3,116786,124713
fanout,0,191,116,"r23m0124.hpc.itc.rwth-aachen.de",1,4194304,50,73184.4,78325.8,79127.3,87549.4,87028.3,120011,129257
fanout,0,191,117,"r23m0124.hpc.itc.rwth-aachen.de",1,4194304,50,74485.6,78742,79963,85630.8,86852.8,114919,122005
fanout,0,191,118,"r23m0124.hpc.itc.rwth-aachen.de",1,4194304,50,74469.8,79211.9,80411.2,85414.2,86913.5,113513,124199
fanout,0,191,119,"r23m0124.hpc.itc.rwth-aachen.de",1,4194304,50,74450.1,79490.7,80282.9,83095.9,83214,96742.2,111756
fanout,0,191,120,"r23m0124.hpc.itc.rwth-aachen.de",1,4194304,50,75478.3,80076.2,81119.2,86070.3,87262,113777,130970
fanout,0,191,121,"r23m0124.hpc.itc.rwth-aachen.de",1,4194304,50,75421.5,80563,89889.1,96452.3,113906,117909,120934
fanout,0,191,122,"r23m0124.hpc.itc.rwth-aachen.de",1,4194304,50,76319.4,83954.9,107469,100615,112078,117034,125198
fanout,0,191,123,"r23m0124.hpc.itc.rwth-aachen.de",1,4194304,50,76449,83971.4,106750,99908.8,111217,117491,132969
fanout,0,191,124,"r23m0124.hpc.itc.rwth-aachen.de",1,4194304,50,76959.1,81815,87059.5,94803.1,109372,118738,130683
fanout,0,191,125,"r23m0124.hpc.itc.rwth-aachen.de",1,4194304,50,78129.2,81758.6,84743.2,92461.6,108683,116461,128086
fanout,0,191,126,"r23m0124.hpc.itc.rwth-aachen.de",1,4194304,50,77557.9,82103.3,84637.6,92093,104350,114073,128445
fanout,0,191,127,"r23m0124.hpc.itc.rwth-aachen.de",1,4194304,50,78330.6,82368.1,84059,89565.5,92596.8,113162,124690
fanout,0,191,128,"r23m0124.hpc.itc.rwth-aachen.de",1,4194304,50,79298.8,82729.2,84196.7,89645.7,92099.3,113658,130921
fanout,0,191,129,"r23m0124.hpc.itc.rwth-aachen.de",1,4194304,50,79236.4,83171.9,84677.4,89454.5,91990.6,111878,122442
fanout,0,191,130,"r23m0124.hpc.itc.rwth-aachen.de",1,4194304,50,80714,83487.7,84708.9,89312.9,91969.4,111011,126583
fanout,0,191,131,"r23m0124.hpc.itc.rwth-aachen.de",1,4194304,50,80992.4,83922.9,84913.9,88783.7,88250.1,107603,135404
fanout,0,191,132,"r23m0124.hpc.itc.rwth-aachen.de",1,4194304,50,80997.7,84111.5,85208.7,90107.6,91546.1,113272,133777
fanout,0,191,133,"r23m0124.hpc.itc.rwth-aachen.de",1,4194304,50,79932,84692.6,85610.8,92473.9,95894.6,120548,130681
fanout,0,191,134,"r23m0124.hpc.itc.rwth-aachen.de",1,4194304,50,80257.4,84994.9,86543,92516,97216.8,116591,122114
fanout,0,191,135,"r23m0124.hpc.itc.rwth-aachen.de",1,4194304,50,80775.2,85495,86528.7,93032,95402.5,115102,161042
fanout,0,191,136,"r23m0124.hpc.itc.rwth-aachen.de",1,4194304,50,81067.8,85233.2,86345.8,89484.5,89707.3,105642,120179
fanout,0,191,137,"r23m0124.hpc.itc.rwth-aachen.de",1,4194304,50,81594,85887.4,87192.8,89827.4,90569.3,104139,122044
fanout,0,191,138,"r23m0124.hpc.itc.rwth-aachen.de",1,4194304,50,82493.4,86351.2,87526.4,90698.1,90712.8,107171,127932
fanout,0,191,139,"r23m0124.hpc.itc.rwth-aachen.de",1,4194304,50,82585.4,86680.6,87982,91306,91685,109044,119846
fanout,0,191,140,"r23m0124.hpc.itc.rwth-aachen.de",1,4194304,50,82819.7,87725.2,89041.6,93027.1,96497.2,111224,125591
fanout,0,191,141,"r23m0124.hpc.itc.rwth-aachen.de",1,4194304,50,83548.1,87660.4,88823.5,91941.2,95362.1,107315,111216
fanout,0,191,142,"r23m0124.hpc.itc.rwth-aachen.de",1,4194304,50,83329.4,87503.6,88666.9,92093.9,95139.1,110439,114707
fanout,0,191,143,"r23m0124.hpc.itc.rwth-aachen.de",1,4194304,50,84813.7,88496.1,89805.7,93632.6,97484.3,114871,117447
fanout,0,191,144,"r23m0124.hpc.itc.rwth-aachen.de",1,4194304,50,83982.1,88295.2,90370,94699.1,98347.8,114390,115646
fanout,0,191,145,"r23m0124.hpc.itc.rwth-aachen.de",1,4194304,50,84696.4,89128,91257.1,95635.9,100589,113918,117084
fanout,0,191,146,"r23m0124.hpc.itc.rwth-aachen.de",1,4194304,50,85580.3,90031.9,91593.7,96129.1,99423.8,115210,129891
fanout,0,191,147,"r23m0124.hpc.itc.rwth-aachen.de",1,4194304,50,85372.7,89579.7,91240.2,95883.9,99651.1,114016,130348
fanout,0,191,148,"r23m0124.hpc.itc.rwth-aachen.de",1,4194304,50,86424.9,90258,91962.6,96537.7,100073,115401,125565
fanout,0,191,149,"r23m0124.hpc.itc.rwth-aachen.de",1,4194304,50,87169.9,90437.2,92703.8,97115.2,102619,114218,121026
fanout,0,191,150,"r23m0124.hpc.itc.rwth-aachen.de",1,4194304,50,86612.8,90552.8,91970.7,95340.1,97818.3,110534,121001
fanout,0,191,151,"r23m0124.hpc.itc.rwth-aachen.de",1,4194304,50,88060.3,91392.8,92985.3,96346,96640.6,112296,129861
fanout,0,191,152,"r23m0124.hpc.itc.rwth-aachen.de",1,4194304,50,87501.4,91651.4,93055.2,96571.9,100171,115624,127460
fanout,0,191,153,"r23m0124.hpc.itc.rwth-aachen.de",1,4194304,50,88008.7,91710.2,93018.8,97580,101187,117091,134067
fanout,0,191,154,"r23m0124.hpc.itc.rwth-aachen.de",1,4194304,50,88160.9,92191,93561.3,98317.4,101543,120859,126180
fanout,0,191,155,"r23m0124.hpc.itc.rwth-aachen.de",1,4194304,50,88692.5,92280.6,93376.7,97705.2,100582,116972,130088
fanout,0,191,156,"r23m0124.hpc.itc.rwth-aachen.de",1,4194304,50,90003.1,93980.9,95440.6,100803,103209,117816,199438
fanout,0,191,157,"r23m0124.hpc.itc.rwth-aachen.de",1,4194304,50,89543.3,93195,94306.4,97158.1,100709,111825,113896
fanout,0,191,158,"r23m0124.hpc.itc.rwth-aachen.de",1,4194304,50,90005.9,93897.6,95580.8,99902.4,104748,115419,129464
fanout,0,191,159,"r23m0124.hpc.itc.rwth-aachen.de",1,4194304,50,90808.7,94259.1,96872.4,105903,109633,162880,182714
fanout,0,191,160,"r23m0124.hpc.itc.rwth-aachen.de",1,4194304,50,91055,94848.3,99971.8,120382,113806,215510,237584
fanout,0,191,161,"r23m0124.hpc.itc.rwth-aachen.de",1,4194304,50,90641.1,95319.8,97713.5,100473,105607,111418,127400
fanout,0,191,162,"r23m0124.hpc.itc.rwth-aachen.de",1,4194304,50,90475.8,95086.5,97450.9,100641,105125,116112,132358
fanout,0,191,163,"r23m0124.hpc.itc.rwth-aachen.de",1,4194304,50,91077.7,95584.3,97050.9,100198,104755,115237,125731
fanout,0,191,164,"r23m0124.hpc.itc.rwth-aachen.de",1,4194304,50,91647.6,95945.2,97792.8,101872,107195,120393,127959
fanout,0,191,165,"r23m0124.hpc.itc.rwth-aachen.de",1,4194304,50,92011.7,96752.8,104461,121174,147930,184295,207653
fanout,0,191,166,"r23m0124.hpc.itc.rwth-aachen.de",1,4194304,50,84939.3,97023.5,98649.5,102182,107305,116947,122491
fanout,0,191,167,"r23m0124.hpc.itc.rwth-aachen.de",1,4194304,50,92908.4,97248.5,100047,108139,109039,160608,194688
fanout,0,191,168,"r23m0124.hpc.itc.rwth-aachen.de",1,4194304,50,93705.5,98387.1,100507,103182,108046,116032,126029
fanout,0,191,169,"r23m0124.hpc.itc.rwth-aachen.de",1,4194304,50,93866.2,98549,100468,102730,106412,113228,131172
fanout,0,191,170,"r23m0124.hpc.itc.rwth-aachen.de",1,4194304,50,94274.2,97974.3,100426,103770,109194,119887,124967
fanout,0,191,171,"r23m0124.hpc.itc.rwth-aachen.de",1,4194304,50,94599,97987.7,100091,103404,108635,118261,120623
fanout,0,191,172,"r23m0124.hpc.itc.rwth-aachen.de",1,4194304,50,95244.1,98692.9,101844,106295,113355,119684,136048
fanout,0,191,173,"r23m0124.hpc.itc.rwth-aachen.de",1,4194304,50,95588.4,99511.1,102636,104929,109673,116987,130586
fanout,0,191,174,"r23m0124.hpc.itc.rwth-aachen.de",1,4194304,50,96935.4,100971,104327,106546,111673,118157,123450
fanout,0,191,175,"r23m0124.hpc.itc.rwth-aachen.de",1,4194304,50,96548.8,99775.6,102369,105243,110692,118365,122247
fanout,0,191,176,"r23m0124.hpc.itc.rwth-aachen.de",1,4194304,50,97603.3,100911,103594,105923,111145,115438,120356
fanout,0,191,177,"r23m0124.hpc.itc.rwth-aachen.de",1,4194304,50,97862.1,101009,103492,106117,110572,119130,123195
fanout,0,191,178,"r23m0124.hpc.itc.rwth-aachen.de",1,4194304,50,96662.4,101122,103526,106061,109734,118629,129452
fanout,0,191,179,"r23m0124.hpc.itc.rwth-aachen.de",1,4194304,50,97613.8,102674,104655,106532,109183,119389,126522
fanout,0,191,180,"r23m0124.hpc.itc.rwth-aachen.de",1,4194304,50,97971.5,102210,104479,107159,112604,119541,128907
fanout,0,191,181,"r23m0124.hpc.itc.rwth-aachen.de",1,4194304,50,99609.3,102384,104615,107031,111245,118471,134964
fanout,0,191,182,"r23m0124.hpc.itc.rwth-aachen.de",1,4194304,50,98528.8,102748,104366,106968,111738,119565,123909
fanout,0,191,183,"r23m0124.hpc.itc.rwth-aachen.de",1,4194304,50,99580.2,103739,105114,106898,107217,117550,129213
fanout,0,191,184,"r23m0124.hpc.itc.rwth-aachen.de",1,4194304,50,98852.7,103854,105381,107100,109344,116153,122770
fanout,0,191,185,"r23m0124.hpc.itc.rwth-aachen.de",1,4194304,50,99367.8,104847,107057,108395,111756,119156,123153
fanout,0,191,186,"r23m0124.hpc.itc.rwth-aachen.de",1,4194304,50,99723.5,105312,107632,109203,112121,120095,123473
fanout,0,191,187,"r23m0124.hpc.itc.rwth-aachen.de",1,4194304,50,99738.5,105206,108004,109245,112324,118486,123350
fanout,0,191,188,"r23m0124.hpc.itc.rwth-aachen.de",1,4194304,50,100762,105819,107794,109671,112240,119131,124269
fanout,0,191,189,"r23m0124.hpc.itc.rwth-aachen.de",1,4194304,50,101351,105894,108162,109699,112593,118952,124832
fanout,0,191,190,"r23m0124.hpc.itc.rwth-aachen.de",1,4194304,50,101658,106082,108176,109722,112419,118781,129211
fanout,0,191,191,"r23m0124.hpc.itc.rwth-aachen.de",1,4194304,50,101014,106320,107704,109392,111550,119066,125375
full_duplex,0,191,1,"n23m0123.hpc.itc.rwth-aachen.de",0,4194304,50,312334,313869,314963,317438,316027,337481,352774
full_duplex,0,191,2,"n23m0123.hpc.itc.rwth-aachen.de",0,4194304,50,100680,313061,314359,311848,315265,324845,352240
full_duplex,0,191,3,"n23m0123.hpc.itc.rwth-aachen.de",0,4194304,50,278237,310991,312740,308223,313907,316859,351630
full_duplex,0,191,4,"n23m0123.hpc.itc.rwth-aachen.de",0,4194304,50,225219,264228,311238,293917,312575,313986,348385
full_duplex,0,191,5,"n23m0123.hpc.itc.rwth-aachen.de",0,4194304,50,193352,197649,207179,241797,309470,311714,312278
full_duplex,0,191,6,"n23m0123.hpc.itc.rwth-aachen.de",0,4194304,50,157695,179656,197550,193348,198120,219678,306722
full_duplex,0,191,7,"n23m0123.hpc.itc.rwth-aachen.de",0,4194304,50,130677,155829,198108,183068,198553,199961,236576
full_duplex,0,191,8,"n23m0123.hpc.itc.rwth-aachen.de",0,4194304,50,130887,158992,198629,184170,199136,200412,237048
full_duplex,0,191,9,"n23m0123.hpc.itc.rwth-aachen.de",0,4194304,50,131370,159076,199117,184569,199613,200930,237543
full_duplex,0,191,10,"n23m0123.hpc.itc.rwth-aachen.de",0,4194304,50,137251,166419,199712,186003,200212,201508,238102
full_duplex,0,191,11,"n23m0123.hpc.itc.rwth-aachen.de",0,4194304,50,137742,167846,200064,186544,200583,201900,238580
full_duplex,0,191,12,"n23m0123.hpc.itc.rwth-aachen.de",0,4194304,50,139481,168388,200565,187271,201129,202390,238963
full_duplex,0,191,13,"n23m0123.hpc.itc.rwth-aachen.de",0,4194304,50,140645,170189,201016,188065,201508,202850,239436
full_duplex,0,191,14,"n23m0123.hpc.itc.rwth-aachen.de",0,4194304,50,141588,173353,201478,188825,201991,203312,239886
full_duplex,0,191,15,"n23m0123.hpc.itc.rwth-aachen.de",0,4194304,50,143086,174007,201940,189449,202477,203795,240354
full_duplex,0,191,16,"n23m0123.hpc.itc.rwth-aachen.de",0,4194304,50,144088,175016,202398,190088,202976,204252,240794
full_duplex,0,191,17,"n23m0123.hpc.itc.rwth-aachen.de",0,4194304,50,145263,175438,202865,190692,203423,204723,241276
full_duplex,0,191,18,"n23m0123.hpc.itc.rwth-aachen.de",0,4194304,50,146351,176229,203327,191392,203898,205171,241725
full_duplex,0,191,19,"n23m0123.hpc.itc.rwth-aachen.de",0,4194304,50,147916,176799,203823,192398,204388,205662,242197
full_duplex,0,191,20,"n23m0123.hpc.itc.rwth-aachen.de",0,4194304,50,149494,178038,204283,193009,204885,206131,242669
full_duplex,0,191,21,"n23m0123.hpc.itc.rwth-aachen.de",0,4194304,50,151772,178653,204775,193758,205371,206622,243146
full_duplex,0,191,22,"n23m0123.hpc.itc.rwth-aachen.de",0,4194304,50,154204,179152,205240,194570,205875,207102,243608
full_duplex,0,191,23,"n23m0123.hpc.itc.rwth-aachen.de",0,4194304,50,155795,188294,205713,196167,206256,207530,244046
full_duplex,0,191,24,"n23m0123.hpc.itc.rwth-aachen.de",0,4194304,50,158313,181241,206241,196550,206749,208058,244567
full_duplex,0,191,25,"n23m0123.hpc.itc.rwth-aachen.de",0,4194304,50,161954,181957,206736,197646,207282,208545,245055
full_duplex,0,191,26,"n23m0123.hpc.itc.rwth-aachen.de",0,4194304,50,164706,197275,207263,199903,207778,209043,245565
full_duplex,0,191,27,"n23m0123.hpc.itc.rwth-aachen.de",0,4194304,50,165612,185925,207738,199663,208277,209539,246057
full_duplex,0,191,28,"n23m0123.hpc.itc.rwth-aachen.de",0,4194304,50,172120,188716,208199,201097,208760,209984,246529
full_duplex,0,191,29,"n23m0123.hpc.itc.rwth-aachen.de",0,4194304,50,175220,190896,208767,204092,209311,210691,307056
full_duplex,0,191,30,"n23m0123.hpc.itc.rwth-aachen.de",0,4194304,50,177804,204889,209189,206672,209772,231203,308421
full_duplex,0,191,31,"n23m0123.hpc.itc.rwth-aachen.de",0,4194304,50,179894,196230,209654,205961,210123,211683,304448
full_duplex,0,191,32,"n23m0123.hpc.itc.rwth-aachen.de",0,4194304,50,181716,198161,210210,207203,210691,212603,307857
full_duplex,0,191,33,"n23m0123.hpc.itc.rwth-aachen.de",0,4194304,50,183610,202818,210719,206318,211171,212705,248949
full_duplex,0,191,34,"n23m0123.hpc.itc.rwth-aachen.de",0,4194304,50,185938,203032,211251,209356,211759,215766,309807
full_duplex,0,191,35,"n23m0123.hpc.itc.rwth-aachen.de",0,4194304,50,189008,210242,211712,210707,212236,218232,308300
full_duplex,0,191,36,"n23m0123.hpc.itc.rwth-aachen.de",0,4194304,50,191480,210533,212365,218799,213203,300794,311573
full_duplex,0,191,37,"n23m0123.hpc.itc.rwth-aachen.de",0,4194304,50,193111,211487,212705,210595,213343,218107,251131
full_duplex,0,191,38,"n23m0123.hpc.itc.rwth-aachen.de",0,4194304,50,197180,212274,213457,217435,214284,282143,307431
full_duplex,0,191,39,"n23m0123.hpc.itc.rwth-aachen.de",0,4194304,50,195833,212733,213825,217755,214574,278749,310155
full_duplex,0,191,40,"n23m0123.hpc.itc.rwth-aachen.de",0,4194304,50,199590,213282,214300,215461,214939,235547,306707
full_duplex,0,191,41,"n23m0123.hpc.itc.rwth-aachen.de",0,4194304,50,201209,213803,214902,223135,215927,305703,311880
full_duplex,0,191,42,"n23m0123.hpc.itc.rwth-aachen.de",0,4194304,50,204949,214310,215307,226049,216657,307508,312908
full_duplex,0,191,43,"n23m0123.hpc.itc.rwth-aachen.de",0,4194304,50,204228,214893,215862,219478,216815,246685,303672
full_duplex,0,191,44,"n23m0123.hpc.itc.rwth-aachen.de",0,4194304,50,205742,215686,216434,218870,217231,235023,307737
full_duplex,0,191,45,"n23m0123.hpc.itc.rwth-aachen.de",0,4194304,50,208751,216154,217027,221521,217966,236846,347620
full_duplex,0,191,46,"n23m0123.hpc.itc.rwth-aachen.de",0,4194304,50,209730,216475,217438,218521,218060,228648,255806
full_duplex,0,191,47,"n23m0123.hpc.itc.rwth-aachen.de",0,4194304,50,210723,217281,218030,223017,219089,251312,307683
full_duplex,0,191,48,"n23m0123.hpc.itc.rwth-aachen.de",0,4194304,50,211954,218095,218973,225386,219852,279654,309547
full_duplex,0,191,49,"n23m0123.hpc.itc.rwth-aachen.de",0,4194304,50,213156,219043,219744,227006,221026,283814,310108
full_duplex,0,191,50,"n23m0123.hpc.itc.rwth-aachen.de",0,4194304,50,215948,219973,220628,232100,222544,307254,310973
full_duplex,0,191,51,"n23m0123.hpc.itc.rwth-aachen.de",0,4194304,50,214938,220443,221449,232100,223276,309373,312579
full_duplex,0,191,52,"n23m0123.hpc.itc.rwth-aachen.de",0,4194304,50,215660,221345,222196,232271,223155,310309,349902
full_duplex,0,191,53,"n23m0123.hpc.itc.rwth-aachen.de",0,4194304,50,216569,222291,223077,232174,224888,307123,311106
full_duplex,0,191,54,"n23m0123.hpc.itc.rwth-aachen.de",0,4194304,50,217451,223144,223916,238971,227210,309644,313426
full_duplex,0,191,55,"n23m0123.hpc.itc.rwth-aachen.de",0,4194304,50,218505,223741,224575,232830,226555,302490,307120
full_duplex,0,191,56,"n23m0123.hpc.itc.rwth-aachen.de",0,4194304,50,219850,224727,225509,237496,229350,301574,308860
full_duplex,0,191,57,"n23m0123.hpc.itc.rwth-aachen.de",0,4194304,50,220759,225387,226232,236953,229833,309732,312895
full_duplex,0,191,58,"n23m0123.hpc.itc.rwth-aachen.de",0,4194304,50,221678,226233,227015,242741,231670,311389,313093
full_duplex,0,191,59,"n23m0123.hpc.itc.rwth-aachen.de",0,4194304,50,223155,227062,227852,239884,230395,312206,350818
full_duplex,0,191,60,"n23m0123.hpc.itc.rwth-aachen.de",0,4194304,50,224542,227711,228663,238816,231345,309573,313765
full_duplex,0,191,61,"n23m0123.hpc.itc.rwth-aachen.de",0,4194304,50,226386,229107,229813,246377,258736,312139,314449
full_duplex,0,191,62,"n23m0123.hpc.itc.rwth-aachen.de",0,4194304,50,226975,229560,230314,233648,231742,258956,268840
full_duplex,0,191,63,"n23m0123.hpc.itc.rwth-aachen.de",0,4194304,50,227561,230335,231270,238198,233229,291735,312627
full_duplex,0,191,64,"n23m0123.hpc.itc.rwth-aachen.de",0,4194304,50,228661,231146,232231,248497,251454,312334,312727
full_duplex,0,191,65,"n23m0123.hpc.itc.rwth-aachen.de",0,4194304,50,229718,232012,232921,243406,235436,311989,350343
full_duplex,0,191,66,"n23m0123.hpc.itc.rwth-aachen.de",0,4194304,50,230595,232928,233914,244626,237734,304823,313676
full_duplex,0,191,67,"n23m0123.hpc.itc.rwth-aachen.de",0,4194304,50,231528,233856,234857,245442,239446,311189,313423
full_duplex,0,191,68,"n23m0123.hpc.itc.rwth-aachen.de",0,4194304,50,232400,234739,235697,245797,238248,310764,313348
full_duplex,0,191,69,"n23m0123.hpc.itc.rwth-aachen.de",0,4194304,50,233414,235581,236497,246611,240226,310956,313478
full_duplex,0,191,70,"n23m0123.hpc.itc.rwth-aachen.de",0,4194304,50,234784,236483,237242,247179,240148,310566,312318
full_duplex,0,191,71,"n23m0123.hpc.itc.rwth-aachen.de",0,4194304,50,234982,237436,238178,245272,240268,299970,312372
full_duplex,0,191,72,"n23m0123.hpc.itc.rwth-aachen.de",0,4194304,50,235898,238341,238988,245735,241439,290360,312873
full_duplex,0,191,73,"n23m0123.hpc.itc.rwth-aachen.de",0,4194304,50,236774,239269,240244,256925,260224,311786,349518
full_duplex,0,191,74,"n23m0123.hpc.itc.rwth-aachen.de",0,4194304,50,237704,240168,241122,250359,246677,308701,314249
full_duplex,0,191,75,"n23m0123.hpc.itc.rwth-aachen.de",0,4194304,50,238669,241158,241918,249622,244209,308238,310269
full_duplex,0,191,76,"n23m0123.hpc.itc.rwth-aachen.de",0,4194304,50,239584,241746,242777,258967,273895,311797,313531
full_duplex,0,191,77,"n23m0123.hpc.itc.rwth-aachen.de",0,4194304,50,241006,243000,243584,251080,245789,306300,309761
full_duplex,0,191,78,"n23m0123.hpc.itc.rwth-aachen.de",0,4194304,50,241053,243640,244642,252925,249952,308128,312274
full_duplex,0,191,79,"n23m0123.hpc.itc.rwth-aachen.de",0,4194304,50,242070,244405,245339,250019,247311,277331,309868
full_duplex,0,191,80,"n23m0123.hpc.itc.rwth-aachen.de",0,4194304,50,242930,245378,246569,253679,251690,297704,310805
full_duplex,0,191,81,"n23m0123.hpc.itc.rwth-aachen.de",0,4194304,50,243900,246346,247268,253685,249353,297150,311429
full_duplex,0,191,82,"n23m0123.hpc.itc.rwth-aachen.de",0,4194304,50,244857,247327,248611,264544,278900,311092,346650
full_duplex,0,191,83,"n23m0123.hpc.itc.rwth-aachen.de",0,4194304,50,245810,248116,249153,255168,251191,284483,311112
full_duplex,0,191,84,"n23m0123.hpc.itc.rwth-aachen.de",0,4194304,50,246782,249170,250240,258057,255327,306604,309582
full_duplex,0,191,85,"n23m0123.hpc.itc.rwth-aachen.de",0,4194304,50,247754,249846,251094,259609,256345,309162,312202
full_duplex,0,191,86,"n23m0123.hpc.itc.rwth-aachen.de",0,4194304,50,248709,250968,252049,260135,256112,307338,309176
full_duplex,0,191,87,"n23m0123.hpc.itc.rwth-aachen.de",0,4194304,50,249716,251476,252998,262105,258517,307267,312095
full_duplex,0,191,88,"n23m0123.hpc.itc.rwth-aachen.de",0,4194304,50,250826,252428,253903,263723,262214,305200,348985
full_duplex,0,191,89,"n23m0123.hpc.itc.rwth-aachen.de",0,4194304,50,251066,253313,254808,260774,257813,301434,309922
full_duplex,0,191,90,"n23m0123.hpc.itc.rwth-aachen.de",0,4194304,50,252045,254361,255622,262400,258676,307131,312540
full_duplex,0,191,91,"n23m0123.hpc.itc.rwth-aachen.de",0,4194304,50,253030,255371,256944,266986,274867,305764,312564
full_duplex,0,191,92,"n23m0123.hpc.itc.rwth-aachen.de",0,4194304,50,254040,256402,258119,267567,267224,307165,308658
full_duplex,0,191,93,"n23m0123.hpc.itc.rwth-aachen.de",0,4194304,50,254931,257043,258778,267805,266773,310519,316436
full_duplex,0,191,94,"n23m0123.hpc.itc.rwth-aachen.de",0,4194304,50,255916,257869,259209,264011,261824,294857,313349
full_duplex,0,191,95,"n23m0123.hpc.itc.rwth-aachen.de",0,4194304,50,257085,259088,260300,265407,263195,296891,313787
full_duplex,0,191,96,"r23m0124.hpc.itc.rwth-aachen.de",1,4194304,50,257527,260703,262310,270715,271026,312391,315256
full_duplex,0,191,97,"r23m0124.hpc.itc.rwth-aachen.de",1,4194304,50,258044,262178,270083,281327,304802,310822,311777
full_duplex,0,191,98,"r23m0124.hpc.itc.rwth-aachen.de",1,4194304,50,259833,262393,266138,278177,298319,310239,336424
full_duplex,0,191,99,"r23m0124.hpc.itc.rwth-aachen.de",1,4194304,50,260883,263294,267235,280961,302912,312655,343654
full_duplex,0,191,100,"r23m0124.hpc.itc.rwth-aachen.de",1,4194304,50,260267,262846,266772,276464,296845,307184,311172
full_duplex,0,191,101,"r23m0124.hpc.itc.rwth-aachen.de",1,4194304,50,259145,262986,265425,274453,277704,306343,311932
full_duplex,0,191,102,"r23m0124.hpc.itc.rwth-aachen.de",1,4194304,50,259886,263201,265390,270386,268463,305346,312526
full_duplex,0,191,103,"r23m0124.hpc.itc.rwth-aachen.de",1,4194304,50,260279,263747,265714,272819,273907,303725,308257
full_duplex,0,191,104,"r23m0124.hpc.itc.rwth-aachen.de",1,4194304,50,260456,263621,265750,272455,273644,305343,310573
full_duplex,0,191,105,"r23m0124.hpc.itc.rwth-aachen.de",1,4194304,50,263067,264506,266794,275233,275490,306071,345306
full_duplex,0,191,106,"r23m0124.hpc.itc.rwth-aachen.de",1,4194304,50,261599,264674,267310,275737,280156,306476,335924
full_duplex,0,191,107,"r23m0124.hpc.itc.rwth-aachen.de",1,4194304,50,264110,265665,269097,278379,294467,307649,341481
full_duplex,0,191,108,"r23m0124.hpc.itc.rwth-aachen.de",1,4194304,50,264129,265721,267485,274903,275911,309489,342847
full_duplex,0,191,109,"r23m0124.hpc.itc.rwth-aachen.de",1,4194304,50,264177,265879,269503,277967,294015,306647,314027
full_duplex,0,191,110,"r23m0124.hpc.itc.rwth-aachen.de",1,4194304,50,262666,266621,269860,277601,285640,306819,309554
full_duplex,0,191,111,"r23m0124.hpc.itc.rwth-aachen.de",1,4194304,50,263070,266506,269900,278441,296553,305963,311525
full_duplex,0,191,112,"r23m0124.hpc.itc.rwth-aachen.de",1,4194304,50,263699,267147,269867,278467,279756,309242,344045
full_duplex,0,191,113,"r23m0124.hpc.itc.rwth-aachen.de",1,4194304,50,265771,267723,271158,279338,282603,309686,334002
full_duplex,0,191,114,"r23m0124.hpc.itc.rwth-aachen.de",1,4194304,50,265965,268183,271985,280682,292438,309983,337759
full_duplex,0,191,115,"r23m0124.hpc.itc.rwth-aachen.de",1,4194304,50,266078,267997,271149,279059,283376,311761,347978
full_duplex,0,191,116,"r23m0124.hpc.itc.rwth-aachen.de",1,4194304,50,264617,268596,272005,279673,282006,305962,345945
full_duplex,0,191,117,"r23m0124.hpc.itc.rwth-aachen.de",1,4194304,50,267787,269716,273870,282425,299070,312376,317350
full_duplex,0,191,118,"r23m0124.hpc.itc.rwth-aachen.de",1,4194304,50,265708,269426,272164,280495,283718,311636,313677
full_duplex,0,191,119,"r23m0124.hpc.itc.rwth-aachen.de",1,4194304,50,266283,270486,275299,282879,299354,310414,314169
full_duplex,0,191,120,"r23m0124.hpc.itc.rwth-aachen.de",1,4194304,50,266832,270722,276351,284260,302796,311747,315323
full_duplex,0,191,121,"r23m0124.hpc.itc.rwth-aachen.de",1,4194304,50,268181,273465,292065,291247,307504,313353,319080
full_duplex,0,191,122,"r23m0124.hpc.itc.rwth-aachen.de",1,4194304,50,269526,276791,297687,292433,305247,309802,341390
full_duplex,0,191,123,"r23m0124.hpc.itc.rwth-aachen.de",1,4194304,50,268973,279145,298069,291738,303644,308369,325523
full_duplex,0,191,124,"r23m0124.hpc.itc.rwth-aachen.de",1,4194304,50,267785,273418,283823,287418,300685,309313,310482
full_duplex,0,191,125,"r23m0124.hpc.itc.rwth-aachen.de",1,4194304,50,268330,273643,280882,287972,300115,311467,349553
full_duplex,0,191,126,"r23m0124.hpc.itc.rwth-aachen.de",1,4194304,50,269024,273686,281098,287398,300546,311592,348279
full_duplex,0,191,127,"r23m0124.hpc.itc.rwth-aachen.de",1,4194304,50,269695,274192,281342,286743,299228,311449,338843
full_duplex,0,191,128,"r23m0124.hpc.itc.rwth-aachen.de",1,4194304,50,270335,274863,284770,290070,303691,313535,343550
full_duplex,0,191,129,"r23m0124.hpc.itc.rwth-aachen.de",1,4194304,50,270864,273188,277430,283327,288302,311329,313234
full_duplex,0,191,130,"r23m0124.hpc.itc.rwth-aachen.de",1,4194304,50,269455,273267,276111,283319,288489,311913,319212
full_duplex,0,191,131,"r23m0124.hpc.itc.rwth-aachen.de",1,4194304,50,269787,273413,277798,284745,288187,312231,348361
full_duplex,0,191,132,"r23m0124.hpc.itc.rwth-aachen.de",1,4194304,50,270385,274171,277455,284466,289035,312478,344843
full_duplex,0,191,133,"r23m0124.hpc.itc.rwth-aachen.de",1,4194304,50,270715,274579,278929,286793,298092,314927,339774
full_duplex,0,191,134,"r23m0124.hpc.itc.rwth-aachen.de",1,4194304,50,271974,275187,281916,289044,305565,314153,344137
full_duplex,0,191,135,"r23m0124.hpc.itc.rwth-aachen.de",1,4194304,50,273441,275934,279944,287501,294630,313795,339418
full_duplex,0,191,136,"r23m0124.hpc.itc.rwth-aachen.de",1,4194304,50,273692,276584,286003,292923,307899,319426,351361
full_duplex,0,191,137,"r23m0124.hpc.itc.rwth-aachen.de",1,4194304,50,271601,276464,280486,288281,299127,313262,343533
full_duplex,0,191,138,"r23m0124.hpc.itc.rwth-aachen.de",1,4194304,50,272458,276996,283494,289039,303363,313188,318118
full_duplex,0,191,139,"r23m0124.hpc.itc.rwth-aachen.de",1,4194304,50,272154,276758,280776,288085,296649,313934,351133
full_duplex,0,191,140,"r23m0124.hpc.itc.rwth-aachen.de",1,4194304,50,273343,277659,283005,289496,299938,315061,344017
full_duplex,0,191,141,"r23m0124.hpc.itc.rwth-aachen.de",1,4194304,50,274455,277890,282333,290650,300159,323849,340894
full_duplex,0,191,142,"r23m0124.hpc.itc.rwth-aachen.de",1,4194304,50,273389,277865,281916,289782,300321,320101,341605
full_duplex,0,191,143,"r23m0124.hpc.itc.rwth-aachen.de",1,4194304,50,274721,278291,283168,289886,301239,314784,321001
full_duplex,0,191,144,"r23m0124.hpc.itc.rwth-aachen.de",1,4194304,50,275232,278923,287409,292086,301944,317770,321525
full_duplex,0,191,145,"r23m0124.hpc.itc.rwth-aachen.de",1,4194304,50,275472,278527,283488,289678,296087,318022,343476
full_duplex,0,191,146,"r23m0124.hpc.itc.rwth-aachen.de",1,4194304,50,274642,279910,283043,290842,300218,318004,324373
full_duplex,0,191,147,"r23m0124.hpc.itc.rwth-aachen.de",1,4194304,50,276147,279984,283828,292554,302195,324730,342924
full_duplex,0,191,148,"r23m0124.hpc.itc.rwth-aachen.de",1,4194304,50,275180,279976,283935,291209,301444,319886,323536
full_duplex,0,191,149,"r23m0124.hpc.itc.rwth-aachen.de",1,4194304,50,276211,280705,291133,293895,307573,320102,323255
full_duplex,0,191,150,"r23m0124.hpc.itc.rwth-aachen.de",1,4194304,50,275398,281172,288284,292218,300254,317297,323778
full_duplex,0,191,151,"r23m0124.hpc.itc.rwth-aachen.de",1,4194304,50,276297,281142,284417,292033,299644,320496,345384
full_duplex,0,191,152,"r23m0124.hpc.itc.rwth-aachen.de",1,4194304,50,276415,281280,285022,293051,303109,318135,338230
full_duplex,0,191,153,"r23m0124.hpc.itc.rwth-aachen.de",1,4194304,50,278550,281927,285702,292738,298992,324091,336206
full_duplex,0,191,154,"r23m0124.hpc.itc.rwth-aachen.de",1,4194304,50,277140,282234,284703,290713,296734,318533,339672
full_duplex,0,191,155,"r23m0124.hpc.itc.rwth-aachen.de",1,4194304,50,277553,282611,286812,292773,301319,320121,326028
full_duplex,0,191,156,"r23m0124.hpc.itc.rwth-aachen.de",1,4194304,50,278984,285403,294618,304604,306031,417308,446799
full_duplex,0,191,157,"r23m0124.hpc.itc.rwth-aachen.de",1,4194304,50,279878,284573,291855,295270,304693,321674,327099
full_duplex,0,191,158,"r23m0124.hpc.itc.rwth-aachen.de",1,4194304,50,280249,284298,287278,293072,298479,320450,327287
full_duplex,0,191,159,"r23m0124.hpc.itc.rwth-aachen.de",1,4194304,50,281020,285885,295035,297995,302758,322892,412922
full_duplex,0,191,160,"r23m0124.hpc.itc.rwth-aachen.de",1,4194304,50,279150,284966,287850,298683,303417,327357,428897
full_duplex,0,191,161,"r23m0124.hpc.itc.rwth-aachen.de",1,4194304,50,279857,285460,289434,294939,302553,316882,329325
full_duplex,0,191,162,"r23m0124.hpc.itc.rwth-aachen.de",1,4194304,50,279886,284648,288604,294310,301035,319841,344748
full_duplex,0,191,163,"r23m0124.hpc.itc.rwth-aachen.de",1,4194304,50,280283,285374,289295,294602,301667,318177,329676
full_duplex,0,191,164,"r23m0124.hpc.itc.rwth-aachen.de",1,4194304,50,280968,286050,289815,298227,303823,328893,382871
full_duplex,0,191,165,"r23m0124.hpc.itc.rwth-aachen.de",1,4194304,50,281137,285959,290823,295991,304291,319535,330746
full_duplex,0,191,166,"r23m0124.hpc.itc.rwth-aachen.de",1,4194304,50,282181,288146,293862,300025,304787,330277,395061
full_duplex,0,191,167,"r23m0124.hpc.itc.rwth-aachen.de",1,4194304,50,282548,287254,292838,301244,304886,341659,406951
full_duplex,0,191,168,"r23m0124.hpc.itc.rwth-aachen.de",1,4194304,50,283097,288879,293302,299016,306149,326020,345510
full_duplex,0,191,169,"r23m0124.hpc.itc.rwth-aachen.de",1,4194304,50,283425,288092,291585,297488,304130,319048,342691
full_duplex,0,191,170,"r23m0124.hpc.itc.rwth-aachen.de",1,4194304,50,283450,290148,298973,299653,306295,322653,332192
full_duplex,0,191,171,"r23m0124.hpc.itc.rwth-aachen.de",1,4194304,50,285482,289157,295653,298853,303276,325362,332544
full_duplex,0,191,172,"r23m0124.hpc.itc.rwth-aachen.de",1,4194304,50,285847,290361,301574,301900,307991,329383,346225
full_duplex,0,191,173,"r23m0124.hpc.itc.rwth-aachen.de",1,4194304,50,286756,292140,296827,301152,307414,327481,345051
full_duplex,0,191,174,"r23m0124.hpc.itc.rwth-aachen.de",1,4194304,50,284869,291839,300095,301276,307151,326786,342769
full_duplex,0,191,175,"r23m0124.hpc.itc.rwth-aachen.de",1,4194304,50,286029,291180,295516,299593,304748,327445,341878
full_duplex,0,191,176,"r23m0124.hpc.itc.rwth-aachen.de",1,4194304,50,285553,290666,294196,303693,305872,330218,516148
full_duplex,0,191,177,"r23m0124.hpc.itc.rwth-aachen.de",1,4194304,50,285765,290758,294047,298799,303648,323557,341853
full_duplex,0,191,178,"r23m0124.hpc.itc.rwth-aachen.de",1,4194304,50,286441,291751,296099,300527,305968,324102,335244
full_duplex,0,191,179,"r23m0124.hpc.itc.rwth-aachen.de",1,4194304,50,286718,291697,295671,300105,305639,322753,336766
full_duplex,0,191,180,"r23m0124.hpc.itc.rwth-aachen.de",1,4194304,50,287557,292166,295566,300035,305348,323201,336211
full_duplex,0,191,181,"r23m0124.hpc.itc.rwth-aachen.de",1,4194304,50,287610,292344,295837,301138,308537,323848,336884
full_duplex,0,191,182,"r23m0124.hpc.itc.rwth-aachen.de",1,4194304,50,288204,292866,296572,301963,309469,327564,343713
full_duplex,0,191,183,"r23m0124.hpc.itc.rwth-aachen.de",1,4194304,50,289290,294395,298954,302750,308919,327324,350072
full_duplex,0,191,184,"r23m0124.hpc.itc.rwth-aachen.de",1,4194304,50,289796,295143,299243,303484,309293,328640,346078
full_duplex,0,191,185,"r23m0124.hpc.itc.rwth-aachen.de",1,4194304,50,290050,294736,298471,302558,307957,326383,338317
full_duplex,0,191,186,"r23m0124.hpc.itc.rwth-aachen.de",1,4194304,50,290488,295274,300287,303646,310184,325322,338470
full_duplex,0,191,187,"r23m0124.hpc.itc.rwth-aachen.de",1,4194304,50,290437,296374,301356,304646,310796,324710,339991
full_duplex,0,191,188,"r23m0124.hpc.itc.rwth-aachen.de",1,4194304,50,290895,295975,300130,303693,310278,326364,344087
full_duplex,0,191,189,"r23m0124.hpc.itc.rwth-aachen.de",1,4194304,50,291406,296756,300122,304214,310453,326098,340548
full_duplex,0,191,190,"r23m0124.hpc.itc.rwth-aachen.de",1,4194304,50,292711,297082,301337,305047,310061,327065,344742
full_duplex,0,191,191,"r23m0124.hpc.itc.rwth-aachen.de",1,4194304,50,292982,297411,302362,305293,310246,327238,342090
immediate_response,0,191,1,"n23m0123.hpc.itc.rwth-aachen.de",0,4194304,50,312854,319438,321908,321773,324318,327858,330854
immediate_response,0,191,2,"n23m0123.hpc.itc.rwth-aachen.de",0,4194304,50,6126.53,317680,320224,314107,322844,326559,329466
immediate_response,0,191,3,"n23m0123.hpc.itc.rwth-aachen.de",0,4194304,50,310281,316793,318957,319108,321570,325025,327941
immediate_response,0,191,4,"n23m0123.hpc.itc.rwth-aachen.de",0,4194304,50,6297.91,272017,274862,274862,276898,318704,321592
immediate_response,0,191,5,"n23m0123.hpc.itc.rwth-aachen.de",0,4194304,50,198286,206419,208426,215303,212201,276053,285604
immediate_response,0,191,6,"n23m0123.hpc.itc.rwth-aachen.de",0,4194304,50,5987.18,6235,6401.68,43151.7,6721.62,253481,287413
immediate_response,0,191,7,"n23m0123.hpc.itc.rwth-aachen.de",0,4194304,50,6809.15,7482.31,7682.6,38382.7,7835.45,226084,279731
immediate_response,0,191,8,"n23m0123.hpc.itc.rwth-aachen.de",0,4194304,50,7927.54,8694.62,8988.42,59697.9,9405.54,265770,281817
immediate_response,0,191,9,"n23m0123.hpc.itc.rwth-aachen.de",0,4194304,50,7387.34,9790.84,10140.6,65757.3,151831,233539,287088
immediate_response,0,191,10,"n23m0123.hpc.itc.rwth-aachen.de",0,4194304,50,8720.03,10848,11338.1,33049.4,11618.8,220554,266095
immediate_response,0,191,11,"n23m0123.hpc.itc.rwth-aachen.de",0,4194304,50,11766.5,12167.8,12681.3,58365.7,13243.2,227841,270434
immediate_response,0,191,12,"n23m0123.hpc.itc.rwth-aachen.de",0,4194304,50,10997.6,13396.9,13792.3,43983.9,14226.1,238134,275155
immediate_response,0,191,13,"n23m0123.hpc.itc.rwth-aachen.de",0,4194304,50,12232.3,14718.4,15165.5,72064.9,200990,236598,271280
immediate_response,0,191,14,"n23m0123.hpc.itc.rwth-aachen.de",0,4194304,50,7540.55,15617.8,16145.2,49263.3,16730.9,224910,272978
immediate_response,0,191,15,"n23m0123.hpc.itc.rwth-aachen.de",0,4194304,50,14676.5,16861.3,17348.1,59261.4,17959.5,239294,284144
immediate_response,0,191,16,"n23m0123.hpc.itc.rwth-aachen.de",0,4194304,50,17035.6,17925.9,18481.2,44415.8,18729.9,236066,270992
immediate_response,0,191,17,"n23m0123.hpc.itc.rwth-aachen.de",0,4194304,50,17112.7,19142.2,19649.8,22931.9,19878.3,20380.8,193840
immediate_response,0,191,18,"n23m0123.hpc.itc.rwth-aachen.de",0,4194304,50,18350.7,20355.4,20931,57840.7,21334.9,235889,282589
immediate_response,0,191,19,"n23m0123.hpc.itc.rwth-aachen.de",0,4194304,50,19548.3,21573,22099.8,86460.8,208610,260268,279966
immediate_response,0,191,20,"n23m0123.hpc.itc.rwth-aachen.de",0,4194304,50,20794.6,22827.4,23255.5,69227.1,23957.1,258035,271174
immediate_response,0,191,21,"n23m0123.hpc.itc.rwth-aachen.de",0,4194304,50,21842.9,23887.4,24378.2,55997.3,24771.4,215856,273586
immediate_response,0,191,22,"n23m0123.hpc.itc.rwth-aachen.de",0,4194304,50,23090.8,24816.5,25504.8,65145.5,26046.8,247446,272809
immediate_response,0,191,23,"n23m0123.hpc.itc.rwth-aachen.de",0,4194304,50,23657.9,26183.8,26627.2,63384.1,27118.2,236637,282580
immediate_response,0,191,24,"n23m0123.hpc.itc.rwth-aachen.de",0,4194304,50,24784.9,27046.1,27813.7,68733.1,28555.6,257092,270723
immediate_response,0,191,25,"n23m0123.hpc.itc.rwth-aachen.de",0,4194304,50,25919.1,28223,28810.8,39767.2,29247.8,123930,245386
immediate_response,0,191,26,"n23m0123.hpc.itc.rwth-aachen.de",0,4194304,50,27064.3,29370.1,29993.2,58805.9,30475.1,214289,228432
immediate_response,0,191,27,"n23m0123.hpc.itc.rwth-aachen.de",0,4194304,50,28220.2,30722.4,31299.5,59969.3,31577.8,241166,277065
immediate_response,0,191,28,"n23m0123.hpc.itc.rwth-aachen.de",0,4194304,50,29320.8,31490.3,32469.2,70148.4,32974.4,231141,277686
immediate_response,0,191,29,"n23m0123.hpc.itc.rwth-aachen.de",0,4194304,50,30467.6,32787.4,33545.6,87803.3,201041,253161,268975
immediate_response,0,191,30,"n23m0123.hpc.itc.rwth-aachen.de",0,4194304,50,31245.3,33938.9,34535.4,71871,35379.7,235390,283222
immediate_response,0,191,31,"n23m0123.hpc.itc.rwth-aachen.de",0,4194304,50,32354,35057.4,35593.7,53689.8,36339.6,215031,237895
immediate_response,0,191,32,"n23m0123.hpc.itc.rwth-aachen.de",0,4194304,50,33501.2,36246.9,36781.2,65782,37582.7,213499,266814
immediate_response,0,191,33,"n23m0123.hpc.itc.rwth-aachen.de",0,4194304,50,34659.3,37003.9,37981.1,85360.1,162924,238036,274881
immediate_response,0,191,34,"n23m0123.hpc.itc.rwth-aachen.de",0,4194304,50,35750.7,38290.1,39015,79927.9,40167.8,262532,274093
immediate_response,0,191,35,"n23m0123.hpc.itc.rwth-aachen.de",0,4194304,50,36322,39246.5,39961.3,85479.3,41693.5,239543,279112
immediate_response,0,191,36,"n23m0123.hpc.itc.rwth-aachen.de",0,4194304,50,37471.8,40387.6,41349.5,81963.3,43205.2,246579,292958
immediate_response,0,191,37,"n23m0123.hpc.itc.rwth-aachen.de",0,4194304,50,38672.6,42572.7,43542.7,112287,210664,284834,288828
immediate_response,0,191,38,"n23m0123.hpc.itc.rwth-aachen.de",0,4194304,50,39853.4,43912.7,44936.2,111958,204481,233356,245724
immediate_response,0,191,39,"n23m0123.hpc.itc.rwth-aachen.de",0,4194304,50,41149.6,44481.4,45392.3,92648.3,196943,225539,276431
immediate_response,0,191,40,"n23m0123.hpc.itc.rwth-aachen.de",0,4194304,50,42667.2,45395.6,47010.2,115350,202609,272781,277865
immediate_response,0,191,41,"n23m0123.hpc.itc.rwth-aachen.de",0,4194304,50,43210,45804,47653.1,88589,49728.1,239640,275249
immediate_response,0,191,42,"n23m0123.hpc.itc.rwth-aachen.de",0,4194304,50,43666.4,46308.4,48384.2,66610.3,49305.3,231541,271547
immediate_response,0,191,43,"n23m0123.hpc.itc.rwth-aachen.de",0,4194304,50,44838.1,48164.4,49805.6,81285.5,51195.6,242080,273943
immediate_response,0,191,44,"n23m0123.hpc.itc.rwth-aachen.de",0,4194304,50,44739.7,48927.6,50909.6,87290.8,52483.1,262580,277175
immediate_response,0,191,45,"n23m0123.hpc.itc.rwth-aachen.de",0,4194304,50,45891.8,50997.7,52849.1,120051,214639,270904,282909
immediate_response,0,191,46,"n23m0123.hpc.itc.rwth-aachen.de",0,4194304,50,47191.7,50980.1,53137.2,84964.3,54232.3,243564,283532
immediate_response,0,191,47,"n23m0123.hpc.itc.rwth-aachen.de",0,4194304,50,48350.8,52300.1,54116.3,75337.5,55432,232023,287709
immediate_response,0,191,48,"n23m0123.hpc.itc.rwth-aachen.de",0,4194304,50,49916.4,53823.1,55559.9,82169.9,57125.7,259875,295071
immediate_response,0,191,49,"n23m0123.hpc.itc.rwth-aachen.de",0,4194304,50,52185,55219.3,57942.5,114574,203854,308917,323124
immediate_response,0,191,50,"n23m0123.hpc.itc.rwth-aachen.de",0,4194304,50,52824.2,57143.6,59173.7,109308,164759,308347,318446
immediate_response,0,191,51,"n23m0123.hpc.itc.rwth-aachen.de",0,4194304,50,54586,59964.5,61336.8,123409,202006,294099,309921
immediate_response,0,191,52,"n23m0123.hpc.itc.rwth-aachen.de",0,4194304,50,56584.7,60099.7,61995.5,102761,64513.3,300620,314723
immediate_response,0,191,53,"n23m0123.hpc.itc.rwth-aachen.de",0,4194304,50,57870.5,62172.6,64517.4,115976,167523,307291,318694
immediate_response,0,191,54,"n23m0123.hpc.itc.rwth-aachen.de",0,4194304,50,59623.6,63860.6,65887.3,115075,69368.5,315016,318834
immediate_response,0,191,55,"n23m0123.hpc.itc.rwth-aachen.de",0,4194304,50,61091.4,65213.8,67060.4,116848,172418,305448,316304
immediate_response,0,191,56,"n23m0123.hpc.itc.rwth-aachen.de",0,4194304,50,62833.1,67281.9,69978.3,128250,220321,302815,317666
immediate_response,0,191,57,"n23m0123.hpc.itc.rwth-aachen.de",0,4194304,50,64566,69004,70755,115334,73715.7,306646,319313
immediate_response,0,191,58,"n23m0123.hpc.itc.rwth-aachen.de",0,4194304,50,65880.9,69955.1,72313.1,111890,74397.4,297272,319032
immediate_response,0,191,59,"n23m0123.hpc.itc.rwth-aachen.de",0,4194304,50,67593.9,71905.1,74778.3,135148,209851,311631,315410
immediate_response,0,191,60,"n23m0123.hpc.itc.rwth-aachen.de",0,4194304,50,70869.9,74058.7,76182.6,138784,214964,311684,318244
immediate_response,0,191,61,"n23m0123.hpc.itc.rwth-aachen.de",0,4194304,50,70801.3,75083,77306.7,111528,79364,297998,319093
immediate_response,0,191,62,"n23m0123.hpc.itc.rwth-aachen.de",0,4194304,50,72516.1,76881.9,78989,116067,80834.9,307207,317071
immediate_response,0,191,63,"n23m0123.hpc.itc.rwth-aachen.de",0,4194304,50,74246.4,78454,80720.9,138754,219165,311586,320036
immediate_response,0,191,64,"n23m0123.hpc.itc.rwth-aachen.de",0,4194304,50,75818.1,80118.9,84268.1,151788,234540,314393,320302
immediate_response,0,191,65,"n23m0123.hpc.itc.rwth-aachen.de",0,4194304,50,77561.6,82187.8,85460.1,147911,224499,309176,314591
immediate_response,0,191,66,"n23m0123.hpc.itc.rwth-aachen.de",0,4194304,50,78597.7,84877.1,87121.9,144983,214442,285640,312697
immediate_response,0,191,67,"n23m0123.hpc.itc.rwth-aachen.de",0,4194304,50,80343.7,85274.4,87230.9,116830,89588.9,283811,300570
immediate_response,0,191,68,"n23m0123.hpc.itc.rwth-aachen.de",0,4194304,50,82310.5,87035.5,89711.6,141109,212613,304873,314589
immediate_response,0,191,69,"n23m0123.hpc.itc.rwth-aachen.de",0,4194304,50,82870.4,88433.9,90272.3,129710,198648,285687,316123
immediate_response,0,191,70,"n23m0123.hpc.itc.rwth-aachen.de",0,4194304,50,84728.1,90208.9,92269.5,140185,199799,311794,314514
immediate_response,0,191,71,"n23m0123.hpc.itc.rwth-aachen.de",0,4194304,50,86070.5,92611.5,95721.3,174010,268415,312617,319444
immediate_response,0,191,72,"n23m0123.hpc.itc.rwth-aachen.de",0,4194304,50,87759,92696.4,93865.5,107312,96499.8,235549,317069
immediate_response,0,191,73,"n23m0123.hpc.itc.rwth-aachen.de",0,4194304,50,89419.3,94640.6,96316.2,133435,100733,309071,320857
immediate_response,0,191,74,"n23m0123.hpc.itc.rwth-aachen.de",0,4194304,50,91208.3,97335.3,99752.2,154520,218938,310969,317799
immediate_response,0,191,75,"n23m0123.hpc.itc.rwth-aachen.de",0,4194304,50,92754.8,97642,99662.1,136580,105156,281995,320322
immediate_response,0,191,76,"n23m0123.hpc.itc.rwth-aachen.de",0,4194304,50,93326.7,99155.3,100981,138203,105096,296670,318335
immediate_response,0,191,77,"n23m0123.hpc.itc.rwth-aachen.de",0,4194304,50,95029.5,101569,102837,129383,105345,307505,312474
immediate_response,0,191,78,"n23m0123.hpc.itc.rwth-aachen.de",0,4194304,50,91940.7,102662,104730,148045,179386,310105,313862
immediate_response,0,191,79,"n23m0123.hpc.itc.rwth-aachen.de",0,4194304,50,98450.7,103777,105397,136515,108875,281992,286467
immediate_response,0,191,80,"n23m0123.hpc.itc.rwth-aachen.de",0,4194304,50,100871,105892,107375,149588,211895,293756,313504
immediate_response,0,191,81,"n23m0123.hpc.itc.rwth-aachen.de",0,4194304,50,100987,107242,110150,160207,248770,312616,314284
immediate_response,0,191,82,"n23m0123.hpc.itc.rwth-aachen.de",0,4194304,50,102725,109357,111519,157129,205432,315835,317566
immediate_response,0,191,83,"n23m0123.hpc.itc.rwth-aachen.de",0,4194304,50,104437,110421,112101,147329,116825,307866,319746
immediate_response,0,191,84,"n23m0123.hpc.itc.rwth-aachen.de",0,4194304,50,106153,112217,113953,159092,203510,313076,314292
immediate_response,0,191,85,"n23m0123.hpc.itc.rwth-aachen.de",0,4194304,50,108596,114073,115679,157964,213867,307296,314674
immediate_response,0,191,86,"n23m0123.hpc.itc.rwth-aachen.de",0,4194304,50,108804,115333,117297,153590,183596,297589,315564
immediate_response,0,191,87,"n23m0123.hpc.itc.rwth-aachen.de",0,4194304,50,110551,117072,118993,163363,219601,312519,321601
immediate_response,0,191,88,"n23m0123.hpc.itc.rwth-aachen.de",0,4194304,50,112884,118957,120801,165713,225403,311747,314917
immediate_response,0,191,89,"n23m0123.hpc.itc.rwth-aachen.de",0,4194304,50,113863,119535,121799,154695,126946,305764,324984
immediate_response,0,191,90,"n23m0123.hpc.itc.rwth-aachen.de",0,4194304,50,115592,122285,162026,193270,268084,313175,323367
immediate_response,0,191,91,"n23m0123.hpc.itc.rwth-aachen.de",0,4194304,50,118872,124426,127630,178827,231978,310586,317468
immediate_response,0,191,92,"n23m0123.hpc.itc.rwth-aachen.de",0,4194304,50,118858,125349,126527,154425,130109,289006,313108
immediate_response,0,191,93,"n23m0123.hpc.itc.rwth-aachen.de",0,4194304,50,120610,126213,127980,152790,130269,262809,319316
immediate_response,0,191,94,"n23m0123.hpc.itc.rwth-aachen.de",0,4194304,50,124338,128413,130263,164093,207599,297915,313384
immediate_response,0,191,95,"n23m0123.hpc.itc.rwth-aachen.de",0,4194304,50,124121,129470,131614,158767,186169,276334,318949
immediate_response,0,191,96,"r23m0124.hpc.itc.rwth-aachen.de",1,4194304,50,199310,237434,259462,266228,295300,321803,324441
immediate_response,0,191,97,"r23m0124.hpc.itc.rwth-aachen.de",1,4194304,50,127579,253925,297186,282745,310407,319950,323240
immediate_response,0,191,98,"r23m0124.hpc.itc.rwth-aachen.de",1,4194304,50,231027,280701,294067,287771,306940,319092,321897
immediate_response,0,191,99,"r23m0124.hpc.itc.rwth-aachen.de",1,4194304,50,257028,297825,305738,304599,314727,321062,324266
immediate_response,0,191,100,"r23m0124.hpc.itc.rwth-aachen.de",1,4194304,50,228705,255065,264662,275168,299723,319096,320428
immediate_response,0,191,101,"r23m0124.hpc.itc.rwth-aachen.de",1,4194304,50,212154,238935,248438,249302,260094,284510,293129
immediate_response,0,191,102,"r23m0124.hpc.itc.rwth-aachen.de",1,4194304,50,262833,304829,310621,309495,316647,321811,326149
immediate_response,0,191,103,"r23m0124.hpc.itc.rwth-aachen.de",1,4194304,50,226948,246598,253163,255950,259359,300717,315013
immediate_response,0,191,104,"r23m0124.hpc.itc.rwth-aachen.de",1,4194304,50,192357,250616,264446,271706,299940,315739,324479
immediate_response,0,191,105,"r23m0124.hpc.itc.rwth-aachen.de",1,4194304,50,222200,253828,293596,282779,304985,316897,320827
immediate_response,0,191,106,"r23m0124.hpc.itc.rwth-aachen.de",1,4194304,50,202753,252989,269758,269755,281870,319657,324221
immediate_response,0,191,107,"r23m0124.hpc.itc.rwth-aachen.de",1,4194304,50,230739,252338,296881,283936,306973,314258,326328
immediate_response,0,191,108,"r23m0124.hpc.itc.rwth-aachen.de",1,4194304,50,252014,290975,302225,299675,308919,318664,321976
immediate_response,0,191,109,"r23m0124.hpc.itc.rwth-aachen.de",1,4194304,50,198354,269746,283584,282417,309524,320637,322579
immediate_response,0,191,110,"r23m0124.hpc.itc.rwth-aachen.de",1,4194304,50,203170,245662,263190,265486,295927,309497,317161
immediate_response,0,191,111,"r23m0124.hpc.itc.rwth-aachen.de",1,4194304,50,214848,243234,260778,267858,291332,316795,321470
immediate_response,0,191,112,"r23m0124.hpc.itc.rwth-aachen.de",1,4194304,50,214664,281663,299153,289521,308653,319106,322722
immediate_response,0,191,113,"r23m0124.hpc.itc.rwth-aachen.de",1,4194304,50,233126,249636,255661,259150,261804,294346,302157
immediate_response,0,191,114,"r23m0124.hpc.itc.rwth-aachen.de",1,4194304,50,229431,284069,301522,292862,309147,318630,320621
immediate_response,0,191,115,"r23m0124.hpc.itc.rwth-aachen.de",1,4194304,50,199353,240546,247910,249889,255598,297387,311347
immediate_response,0,191,116,"r23m0124.hpc.itc.rwth-aachen.de",1,4194304,50,209294,250481,254437,256484,259082,292293,302289
immediate_response,0,191,117,"r23m0124.hpc.itc.rwth-aachen.de",1,4194304,50,215655,244163,262914,269855,301446,313375,326717
immediate_response,0,191,118,"r23m0124.hpc.itc.rwth-aachen.de",1,4194304,50,211302,250982,262814,268538,287409,312523,322834
immediate_response,0,191,119,"r23m0124.hpc.itc.rwth-aachen.de",1,4194304,50,202351,249389,263659,267141,280309,316107,320819
immediate_response,0,191,120,"r23m0124.hpc.itc.rwth-aachen.de",1,4194304,50,226033,257060,265527,267580,275815,310435,318987
immediate_response,0,191,121,"r23m0124.hpc.itc.rwth-aachen.de",1,4194304,50,221577,268506,274717,275053,277676,316491,322627
immediate_response,0,191,122,"r23m0124.hpc.itc.rwth-aachen.de",1,4194304,50,201116,247868,264730,263787,278527,316696,319953
immediate_response,0,191,123,"r23m0124.hpc.itc.rwth-aachen.de",1,4194304,50,258107,304624,312529,307768,317190,323427,325634
immediate_response,0,191,124,"r23m0124.hpc.itc.rwth-aachen.de",1,4194304,50,200538,257340,270962,269998,285006,320501,323261
immediate_response,0,191,125,"r23m0124.hpc.itc.rwth-aachen.de",1,4194304,50,235639,261365,286764,284518,306631,318960,319830
immediate_response,0,191,126,"r23m0124.hpc.itc.rwth-aachen.de",1,4194304,50,210351,252607,272140,277294,297369,321107,324006
immediate_response,0,191,127,"r23m0124.hpc.itc.rwth-aachen.de",1,4194304,50,227626,251135,284336,278378,301874,316674,322853
immediate_response,0,191,128,"r23m0124.hpc.itc.rwth-aachen.de",1,4194304,50,215266,246412,254826,257637,263343,299062,304447
immediate_response,0,191,129,"r23m0124.hpc.itc.rwth-aachen.de",1,4194304,50,227996,301780,307834,304963,312925,318211,319568
immediate_response,0,191,130,"r23m0124.hpc.itc.rwth-aachen.de",1,4194304,50,227989,298213,307171,304023,311743,318495,326001
immediate_response,0,191,131,"r23m0124.hpc.itc.rwth-aachen.de",1,4194304,50,213095,272780,288784,283495,296961,315375,322679
immediate_response,0,191,132,"r23m0124.hpc.itc.rwth-aachen.de",1,4194304,50,236593,299319,304901,302829,313133,319465,322841
immediate_response,0,191,133,"r23m0124.hpc.itc.rwth-aachen.de",1,4194304,50,277327,300107,305997,306100,313053,317409,322088
immediate_response,0,191,134,"r23m0124.hpc.itc.rwth-aachen.de",1,4194304,50,245009,265187,277959,280390,292075,316508,326618
immediate_response,0,191,135,"r23m0124.hpc.itc.rwth-aachen.de",1,4194304,50,240738,264998,284364,282848,297184,321250,324889
immediate_response,0,191,136,"r23m0124.hpc.itc.rwth-aachen.de",1,4194304,50,227981,293968,307979,302093,313167,320523,324815
immediate_response,0,191,137,"r23m0124.hpc.itc.rwth-aachen.de",1,4194304,50,221734,238764,249569,252385,256916,295191,306541
immediate_response,0,191,138,"r23m0124.hpc.itc.rwth-aachen.de",1,4194304,50,244284,279797,298440,291146,308066,316778,322102
immediate_response,0,191,139,"r23m0124.hpc.itc.rwth-aachen.de",1,4194304,50,225782,238952,249877,251130,256675,292642,306313
immediate_response,0,191,140,"r23m0124.hpc.itc.rwth-aachen.de",1,4194304,50,247689,264465,285445,283068,296169,318044,320120
immediate_response,0,191,141,"r23m0124.hpc.itc.rwth-aachen.de",1,4194304,50,245438,289098,294615,294894,307452,319602,326632
immediate_response,0,191,142,"r23m0124.hpc.itc.rwth-aachen.de",1,4194304,50,250234,267700,281941,284931,304675,318755,321158
immediate_response,0,191,143,"r23m0124.hpc.itc.rwth-aachen.de",1,4194304,50,216784,239717,245726,247802,253175,285316,299951
immediate_response,0,191,144,"r23m0124.hpc.itc.rwth-aachen.de",1,4194304,50,253754,268902,288729,287341,302549,318574,322215
immediate_response,0,191,145,"r23m0124.hpc.itc.rwth-aachen.de",1,4194304,50,166796,220500,230665,238297,255763,298603,306302
immediate_response,0,191,146,"r23m0124.hpc.itc.rwth-aachen.de",1,4194304,50,205130,237315,244022,247261,252156,285991,295825
immediate_response,0,191,147,"r23m0124.hpc.itc.rwth-aachen.de",1,4194304,50,228049,287263,300324,296518,310625,320178,323509
immediate_response,0,191,148,"r23m0124.hpc.itc.rwth-aachen.de",1,4194304,50,246984,281427,305853,297308,312932,322444,325174
immediate_response,0,191,149,"r23m0124.hpc.itc.rwth-aachen.de",1,4194304,50,217914,242148,247997,252892,255204,293793,319607
immediate_response,0,191,150,"r23m0124.hpc.itc.rwth-aachen.de",1,4194304,50,232203,268894,282891,282193,295664,320067,322953
immediate_response,0,191,151,"r23m0124.hpc.itc.rwth-aachen.de",1,4194304,50,232560,245985,253365,254798,258303,286809,310441
immediate_response,0,191,152,"r23m0124.hpc.itc.rwth-aachen.de",1,4194304,50,209400,240804,248584,253369,260466,303073,311963
immediate_response,0,191,153,"r23m0124.hpc.itc.rwth-aachen.de",1,4194304,50,218720,236701,244141,250145,251554,306914,315251
immediate_response,0,191,154,"r23m0124.hpc.itc.rwth-aachen.de",1,4194304,50,168778,265869,281346,278663,292215,317394,323470
immediate_response,0,191,155,"r23m0124.hpc.itc.rwth-aachen.de",1,4194304,50,168138,269625,282090,282502,296528,319326,325764
immediate_response,0,191,156,"r23m0124.hpc.itc.rwth-aachen.de",1,4194304,50,286910,299449,306135,306934,313846,322568,324438
immediate_response,0,191,157,"r23m0124.hpc.itc.rwth-aachen.de",1,4194304,50,255132,271982,284068,286556,298556,320465,323538
immediate_response,0,191,158,"r23m0124.hpc.itc.rwth-aachen.de",1,4194304,50,173489,282948,294528,292557,305174,321527,327454
immediate_response,0,191,159,"r23m0124.hpc.itc.rwth-aachen.de",1,4194304,50,256978,288382,302924,297307,310601,319041,326645
immediate_response,0,191,160,"r23m0124.hpc.itc.rwth-aachen.de",1,4194304,50,221076,301455,306946,303860,311193,318839,321477
immediate_response,0,191,161,"r23m0124.hpc.itc.rwth-aachen.de",1,4194304,50,280359,306274,312034,310297,315053,321907,324369
immediate_response,0,191,162,"r23m0124.hpc.itc.rwth-aachen.de",1,4194304,50,223495,301760,309984,306821,316456,321213,326934
immediate_response,0,191,163,"r23m0124.hpc.itc.rwth-aachen.de",1,4194304,50,247988,303028,309298,307582,313323,318490,324126
immediate_response,0,191,164,"r23m0124.hpc.itc.rwth-aachen.de",1,4194304,50,206740,277061,289105,287209,296652,319997,326977
immediate_response,0,191,165,"r23m0124.hpc.itc.rwth-aachen.de",1,4194304,50,258886,280510,296587,293247,306039,319079,326304
immediate_response,0,191,166,"r23m0124.hpc.itc.rwth-aachen.de",1,4194304,50,262446,274135,286020,287231,297258,318901,320702
immediate_response,0,191,167,"r23m0124.hpc.itc.rwth-aachen.de",1,4194304,50,288225,301478,306020,307435,314431,320641,323256
immediate_response,0,191,168,"r23m0124.hpc.itc.rwth-aachen.de",1,4194304,50,222429,242650,252346,254655,258395,294363,302742
immediate_response,0,191,169,"r23m0124.hpc.itc.rwth-aachen.de",1,4194304,50,240635,301340,309802,305252,312530,317874,325393
immediate_response,0,191,170,"r23m0124.hpc.itc.rwth-aachen.de",1,4194304,50,223304,282334,296310,296255,311856,321924,326166
immediate_response,0,191,171,"r23m0124.hpc.itc.rwth-aachen.de",1,4194304,50,256971,271205,275772,282818,289043,316496,323602
immediate_response,0,191,172,"r23m0124.hpc.itc.rwth-aachen.de",1,4194304,50,254262,290192,304622,300312,314205,319474,323627
immediate_response,0,191,173,"r23m0124.hpc.itc.rwth-aachen.de",1,4194304,50,291550,305481,310523,309228,314233,319423,323325
immediate_response,0,191,174,"r23m0124.hpc.itc.rwth-aachen.de",1,4194304,50,216227,287475,294403,291303,302757,314698,322960
immediate_response,0,191,175,"r23m0124.hpc.itc.rwth-aachen.de",1,4194304,50,272311,303617,307697,307777,315709,320506,321874
immediate_response,0,191,176,"r23m0124.hpc.itc.rwth-aachen.de",1,4194304,50,183080,285238,293650,293169,305117,320318,323280
immediate_response,0,191,177,"r23m0124.hpc.itc.rwth-aachen.de",1,4194304,50,202274,242758,251846,257069,265706,299568,314227
immediate_response,0,191,178,"r23m0124.hpc.itc.rwth-aachen.de",1,4194304,50,223367,290359,300003,299059,309120,321202,325682
immediate_response,0,191,179,"r23m0124.hpc.itc.rwth-aachen.de",1,4194304,50,186483,269292,281292,281404,297057,319449,320754
immediate_response,0,191,180,"r23m0124.hpc.itc.rwth-aachen.de",1,4194304,50,262122,281851,292973,294394,310037,322193,325168
immediate_response,0,191,181,"r23m0124.hpc.itc.rwth-aachen.de",1,4194304,50,228678,284152,294919,293138,312437,320182,323583
immediate_response,0,191,182,"r23m0124.hpc.itc.rwth-aachen.de",1,4194304,50,261620,283023,294070,295335,307101,318166,320694
immediate_response,0,191,183,"r23m0124.hpc.itc.rwth-aachen.de",1,4194304,50,267252,304150,307614,307271,315132,322239,329092
immediate_response,0,191,184,"r23m0124.hpc.itc.rwth-aachen.de",1,4194304,50,274452,301668,307969,306263,313106,321364,323885
immediate_response,0,191,185,"r23m0124.hpc.itc.rwth-aachen.de",1,4194304,50,223461,245245,250569,252301,257746,265866,309473
immediate_response,0,191,186,"r23m0124.hpc.itc.rwth-aachen.de",1,4194304,50,228081,245943,251654,257513,260603,304248,312097
immediate_response,0,191,187,"r23m0124.hpc.itc.rwth-aachen.de",1,4194304,50,213861,281045,298648,295595,310954,319297,321159
immediate_response,0,191,188,"r23m0124.hpc.itc.rwth-aachen.de",1,4194304,50,225048,237397,242930,244846,246881,273903,305476
immediate_response,0,191,189,"r23m0124.hpc.itc.rwth-aachen.de",1,4194304,50,264003,282648,292924,294656,307745,318242,322123
immediate_response,0,191,190,"r23m0124.hpc.itc.rwth-aachen.de",1,4194304,50,225609,280727,289398,288442,297010,310916,319758
immediate_response,0,191,191,"r23m0124.hpc.itc.rwth-aachen.de",1,4194304,50,233927,304649,310924,307241,314263,319071,323442
