pattern,target_rank,active_workers,worker_rank,worker_host,is_remote,payload_bytes,iters,lat_min_us,lat_p25_us,lat_median_us,lat_mean_us,lat_p75_us,lat_p95_us,lat_max_us
incast,0,1,96,"n23m0236.hpc.itc.rwth-aachen.de",1,4194304,50,1377.23,1405.05,1418.71,1430.76,1437.79,1536.11,1619.14
fanout,0,1,96,"n23m0236.hpc.itc.rwth-aachen.de",1,4194304,50,1001.26,1216,1638.59,1518.07,1755.93,1869.34,1895.95
full_duplex,0,1,96,"n23m0236.hpc.itc.rwth-aachen.de",1,4194304,50,1890.79,2117.56,2227.85,2235.91,2348.86,2536.71,2620.1
immediate_response,0,1,96,"n23m0236.hpc.itc.rwth-aachen.de",1,4194304,50,2482.42,2558.21,2822.14,2967.39,3300.01,3687.15,4209.76
incast,0,2,1,"n23m0223.hpc.itc.rwth-aachen.de",0,4194304,50,499.474,512.096,631.419,668.473,736.974,788.122,1918.43
incast,0,2,96,"n23m0236.hpc.itc.rwth-aachen.de",1,4194304,50,1411.5,1984.08,2019.16,1989.47,2046.22,2091.93,2210.71
fanout,0,2,1,"n23m0223.hpc.itc.rwth-aachen.de",0,4194304,50,416.773,1031.97,1070.02,1109.78,1139.55,1594.26,2441
fanout,0,2,96,"n23m0236.hpc.itc.rwth-aachen.de",1,4194304,50,958.205,1130.66,1184.8,1246.11,1252.8,1952,2185.26
full_duplex,0,2,1,"n23m0223.hpc.itc.rwth-aachen.de",0,4194304,50,1289.99,3002.55,3112.29,2872.18,3205.15,3296.11,3364.36
full_duplex,0,2,96,"n23m0236.hpc.itc.rwth-aachen.de",1,4194304,50,2369.78,2631.51,2923.09,3071.33,3402.07,4289.38,4659.1
immediate_response,0,2,1,"n23m0223.hpc.itc.rwth-aachen.de",0,4194304,50,1169.64,1282.54,1331.8,1488.81,1439.45,2848.81,3223.83
immediate_response,0,2,96,"n23m0236.hpc.itc.rwth-aachen.de",1,4194304,50,2608.24,3611.24,3713.41,3688.32,3831.31,4164.73,4329.05
incast,0,4,1,"n23m0223.hpc.itc.rwth-aachen.de",0,4194304,50,1967.9,3055.42,3217.27,3169.01,3427.62,3633.58,3659.97
incast,0,4,48,"n23m0223.hpc.itc.rwth-aachen.de",0,4194304,50,1137.9,1210.47,2019.01,1986.72,2574.83,3068.74,3096.25
incast,0,4,96,"n23m0236.hpc.itc.rwth-aachen.de",1,4194304,50,1504.58,1790.85,2739.71,2613.89,3187.67,3625.58,3715.6
incast,0,4,144,"n23m0236.hpc.itc.rwth-aachen.de",1,4194304,50,985.181,3484.15,3590.64,3420.58,3677.44,3793.33,3857.41
fanout,0,4,1,"n23m0223.hpc.itc.rwth-aachen.de",0,4194304,50,2467.07,2535.08,2586.27,2630.51,2653.2,2785.51,4327.64
fanout,0,4,48,"n23m0223.hpc.itc.rwth-aachen.de",0,4194304,50,1819.66,1927.87,1952.82,1977.53,2011.49,2121.38,2339.55
fanout,0,4,96,"n23m0236.hpc.itc.rwth-aachen.de",1,4194304,50,1870.37,1942.21,2084.62,2134.32,2237.52,2560.55,3233.08
fanout,0,4,144,"n23m0236.hpc.itc.rwth-aachen.de",1,4194304,50,916.283,986.379,1065.21,1107.16,1173.43,1412.22,1433.58
full_duplex,0,4,1,"n23m0223.hpc.itc.rwth-aachen.de",0,4194304,50,6953.75,7260.71,7402.24,7376.85,7528.43,7646.6,7771.77
full_duplex,0,4,48,"n23m0223.hpc.itc.rwth-aachen.de",0,4194304,50,5405.74,6428.56,6622.35,6574.46,6799.18,6950.14,7025.05
full_duplex,0,4,96,"n23m0236.hpc.itc.rwth-aachen.de",1,4194304,50,5749.32,6161.89,6350.88,6623.03,6922.43,8074.33,8103.53
full_duplex,0,4,144,"n23m0236.hpc.itc.rwth-aachen.de",1,4194304,50,5161,5952.82,6449.45,6357.91,6739.29,7082.07,7505.03
immediate_response,0,4,1,"n23m0223.hpc.itc.rwth-aachen.de",0,4194304,50,5131.67,6416.51,6767.02,6813.33,7117.69,7728.43,8392.03
immediate_response,0,4,48,"n23m0223.hpc.itc.rwth-aachen.de",0,4194304,50,2207.94,2749.09,4590.08,4178.87,5029.15,6560.28,7453.81
immediate_response,0,4,96,"n23m0236.hpc.itc.rwth-aachen.de",1,4194304,50,3423.56,5558.49,6340.42,6154.06,6623.29,8661.36,8902.9
immediate_response,0,4,144,"n23m0236.hpc.itc.rwth-aachen.de",1,4194304,50,3328.4,8069.72,8307.34,7963.93,8508.88,8921.44,9145.69
incast,0,8,1,"n23m0223.hpc.itc.rwth-aachen.de",0,4194304,50,7296.07,8294.66,9015.29,9745.04,11771.2,12140.8,12485.5
incast,0,8,24,"n23m0223.hpc.itc.rwth-aachen.de",0,4194304,50,6714.15,7682.05,8417.45,9024.26,10772,11203.1,11795.6
incast,0,8,48,"n23m0223.hpc.itc.rwth-aachen.de",0,4194304,50,6036.24,6876.53,7549.76,7910.91,9203.22,10118.2,10339.5
incast,0,8,72,"n23m0223.hpc.itc.rwth-aachen.de",0,4194304,50,3298.69,4556.52,5572.87,5577.71,6176.4,8392.78,10482.1
incast,0,8,96,"n23m0236.hpc.itc.rwth-aachen.de",1,4194304,50,6379.85,7542.97,8605.69,9161.86,11090.6,12442.4,12660.5
incast,0,8,120,"n23m0236.hpc.itc.rwth-aachen.de",1,4194304,50,2505.74,5855.86,6667.69,7202.37,9301.36,11275,11941.4
incast,0,8,144,"n23m0236.hpc.itc.rwth-aachen.de",1,4194304,50,1754.41,4340.76,5338.66,5864.35,7478.01,9408.91,9841.4
incast,0,8,168,"n23m0236.hpc.itc.rwth-aachen.de",1,4194304,50,3585.82,4417.23,5603.85,6054.93,7207.52,9080.65,10037.1
fanout,0,8,1,"n23m0223.hpc.itc.rwth-aachen.de",0,4194304,50,5898.11,6061.72,6116.02,6147.6,6168.48,6386.71,6929.59
fanout,0,8,24,"n23m0223.hpc.itc.rwth-aachen.de",0,4194304,50,5271.1,5420.18,5465.5,5509.88,5514.56,5872.63,6292.63
fanout,0,8,48,"n23m0223.hpc.itc.rwth-aachen.de",0,4194304,50,4434.17,4585.85,4647.92,4678.17,4697.31,5010.33,5409.9
fanout,0,8,72,"n23m0223.hpc.itc.rwth-aachen.de",0,4194304,50,3360.32,3452.95,3501.42,3543.41,3532.67,3796.08,4966.88
fanout,0,8,96,"n23m0236.hpc.itc.rwth-aachen.de",1,4194304,50,2921.71,3203.75,3606.11,3495.91,3724.93,3907.83,4194.59
fanout,0,8,120,"n23m0236.hpc.itc.rwth-aachen.de",1,4194304,50,1972.52,2471.1,2654.61,2778.71,2688.03,4276.12,4376.31
fanout,0,8,144,"n23m0236.hpc.itc.rwth-aachen.de",1,4194304,50,1581.2,2043.3,2222.5,2230.01,2364.72,2810.38,2823.57
fanout,0,8,168,"n23m0236.hpc.itc.rwth-aachen.de",1,4194304,50,2234.9,2614.29,2847,2789.67,2905.34,3086.25,3477.26
full_duplex,0,8,1,"n23m0223.hpc.itc.rwth-aachen.de",0,4194304,50,14125.4,15780.2,16580.9,17160.1,18748.6,19995,20363
full_duplex,0,8,24,"n23m0223.hpc.itc.rwth-aachen.de",0,4194304,50,13497,15104,15841.9,16401.6,17934,19156.7,19518.6
full_duplex,0,8,48,"n23m0223.hpc.itc.rwth-aachen.de",0,4194304,50,12393.2,14182.2,14884.4,15311.4,16723.2,18356.1,18726.4
full_duplex,0,8,72,"n23m0223.hpc.itc.rwth-aachen.de",0,4194304,50,11465.2,13201.7,13577.6,14154.7,15490.9,16825,17232.1
full_duplex,0,8,96,"n23m0236.hpc.itc.rwth-aachen.de",1,4194304,50,10204.1,12250.5,13424.9,13608.1,14530.2,17107.2,20519.4
full_duplex,0,8,120,"n23m0236.hpc.itc.rwth-aachen.de",1,4194304,50,9967.25,12226.1,12918.6,13175.8,13828.8,15643.6,18582.7
full_duplex,0,8,144,"n23m0236.hpc.itc.rwth-aachen.de",1,4194304,50,10151,11724.7,12896.4,13069.9,14172.2,15978.2,17738.6
full_duplex,0,8,168,"n23m0236.hpc.itc.rwth-aachen.de",1,4194304,50,9794.79,11969,12946.9,13100.1,14236.4,16205.8,20172.4
immediate_response,0,8,1,"n23m0223.hpc.itc.rwth-aachen.de",0,4194304,50,13903.7,15305.3,16176.6,16504.9,18046.5,19017.5,19224.7
immediate_response,0,8,24,"n23m0223.hpc.itc.rwth-aachen.de",0,4194304,50,12412.7,13737,14696.8,14934.3,16268.8,17527.9,17737.7
immediate_response,0,8,48,"n23m0223.hpc.itc.rwth-aachen.de",0,4194304,50,8999.93,11822.1,12635.1,12793.5,13957.9,15139.2,16085.8
immediate_response,0,8,72,"n23m0223.hpc.itc.rwth-aachen.de",0,4194304,50,4700.59,7354.81,9522.37,9669.18,11581,14103.8,15370.5
immediate_response,0,8,96,"n23m0236.hpc.itc.rwth-aachen.de",1,4194304,50,11209.9,13111.5,14499.7,14865.6,16350.1,18366.9,19082.8
immediate_response,0,8,120,"n23m0236.hpc.itc.rwth-aachen.de",1,4194304,50,4480.63,10496.7,11672.7,12056.9,13544.6,16237,19320.9
immediate_response,0,8,144,"n23m0236.hpc.itc.rwth-aachen.de",1,4194304,50,3075.68,6467.94,8442.04,8166.33,9896.13,12329.9,14517.8
immediate_response,0,8,168,"n23m0236.hpc.itc.rwth-aachen.de",1,4194304,50,5979.01,8064.26,9269.98,9275.87,10493,12781.1,14691.5
incast,0,12,1,"n23m0223.hpc.itc.rwth-aachen.de",0,4194304,50,10990.6,12670.8,14435.7,14738.5,17115.5,18474.1,18512.2
incast,0,12,16,"n23m0223.hpc.itc.rwth-aachen.de",0,4194304,50,10550.6,12157.1,13872.4,14165.6,16592,17791.2,17815.2
incast,0,12,32,"n23m0223.hpc.itc.rwth-aachen.de",0,4194304,50,10028,11570.6,13189.6,13332.6,15383.1,16274.9,16680.3
incast,0,12,48,"n23m0223.hpc.itc.rwth-aachen.de",0,4194304,50,8886.18,9769.01,10494.6,11180.8,11527.2,16368.7,17056.4
incast,0,12,64,"n23m0223.hpc.itc.rwth-aachen.de",0,4194304,50,4726.19,5105.74,5674.68,6618.08,6227.49,12331,13489.1
incast,0,12,80,"n23m0223.hpc.itc.rwth-aachen.de",0,4194304,50,918.39,1247.64,1548.3,3405.6,5988.56,9703.12,12071.2
incast,0,12,96,"n23m0236.hpc.itc.rwth-aachen.de",1,4194304,50,6265.03,10879.5,12459,12808.7,15508.8,16886.1,16936.3
incast,0,12,112,"n23m0236.hpc.itc.rwth-aachen.de",1,4194304,50,7767.9,10357.9,12039,12513.3,14963.5,16685.7,17209.2
incast,0,12,128,"n23m0236.hpc.itc.rwth-aachen.de",1,4194304,50,7569.26,10829.2,12453.8,12938.3,15611.5,17057.6,17271.8
incast,0,12,144,"n23m0236.hpc.itc.rwth-aachen.de",1,4194304,50,7538.48,8452.68,10756.1,10536.5,12040.8,13500.8,14290.6
incast,0,12,160,"n23m0236.hpc.itc.rwth-aachen.de",1,4194304,50,7251.46,10871,12368.6,12923.8,15376.4,16969.4,17223.7
incast,0,12,176,"n23m0236.hpc.itc.rwth-aachen.de",1,4194304,50,6834.83,8117.46,10428.6,10141.1,12028.2,13229.2,13950.4
fanout,0,12,1,"n23m0223.hpc.itc.rwth-aachen.de",0,4194304,50,7042.39,7517.49,7851.9,8592.8,9380.31,11592,12493.1
fanout,0,12,16,"n23m0223.hpc.itc.rwth-aachen.de",0,4194304,50,6543.89,6962.37,7250.11,7978.45,8741.9,10835.6,11700.3
fanout,0,12,32,"n23m0223.hpc.itc.rwth-aachen.de",0,4194304,50,5959.46,6391.05,6646.48,7318.82,7999.99,9969.45,10865.9
fanout,0,12,48,"n23m0223.hpc.itc.rwth-aachen.de",0,4194304,50,2540.62,5673.28,5925.46,6459.65,6859.63,9188.78,9908.88
fanout,0,12,64,"n23m0223.hpc.itc.rwth-aachen.de",0,4194304,50,4395,4707.4,4915.78,5525.04,6184.12,7472.95,8653.87
fanout,0,12,80,"n23m0223.hpc.itc.rwth-aachen.de",0,4194304,50,934.183,1012.79,1097.25,2176.83,1926.22,6484.62,7365.86
fanout,0,12,96,"n23m0236.hpc.itc.rwth-aachen.de",1,4194304,50,1348.1,2237.82,2523.61,2950.73,3291.9,4557.22,7095.71
fanout,0,12,112,"n23m0236.hpc.itc.rwth-aachen.de",1,4194304,50,2299.56,3640.27,4304.57,4397.43,4958.09,6790.75,9190.86
fanout,0,12,128,"n23m0236.hpc.itc.rwth-aachen.de",1,4194304,50,2764.89,4138.46,4697.24,4914.23,5448.65,6948.45,9379.98
fanout,0,12,144,"n23m0236.hpc.itc.rwth-aachen.de",1,4194304,50,2229.4,3724.77,4190.91,4296.16,4895.75,5522.68,8391.54
fanout,0,12,160,"n23m0236.hpc.itc.rwth-aachen.de",1,4194304,50,2329.41,3817.92,4496.47,4535.03,5219.02,6024.62,6754.1
fanout,0,12,176,"n23m0236.hpc.itc.rwth-aachen.de",1,4194304,50,1148.42,3664.34,4609.63,4632.63,5252.96,6493.7,8926
full_duplex,0,12,1,"n23m0223.hpc.itc.rwth-aachen.de",0,4194304,50,22671.9,23775.3,23877.8,23819.6,24010.7,24332.7,24738.8
full_duplex,0,12,16,"n23m0223.hpc.itc.rwth-aachen.de",0,4194304,50,21990.6,23031.1,23144.7,23073.8,23267.5,23533.7,23707.8
full_duplex,0,12,32,"n23m0223.hpc.itc.rwth-aachen.de",0,4194304,50,20751.9,21717.4,22031.7,22034.5,22438.2,22717.9,22980.1
full_duplex,0,12,48,"n23m0223.hpc.itc.rwth-aachen.de",0,4194304,50,19939.4,20908.6,21230.4,21277.9,21716.4,21915.9,22275.8
full_duplex,0,12,64,"n23m0223.hpc.itc.rwth-aachen.de",0,4194304,50,14707.7,15495.7,17515.1,17636.7,19919.3,20089.1,20495.9
full_duplex,0,12,80,"n23m0223.hpc.itc.rwth-aachen.de",0,4194304,50,14170.1,14830.5,16217.2,15897.8,16638.8,17790,19625.2
full_duplex,0,12,96,"n23m0236.hpc.itc.rwth-aachen.de",1,4194304,50,15925.4,16788.6,18461.6,18541.1,19732.4,21949.3,22820.4
full_duplex,0,12,112,"n23m0236.hpc.itc.rwth-aachen.de",1,4194304,50,16882.8,18431.8,19469.2,19373.8,20012.7,21437.4,23187
full_duplex,0,12,128,"n23m0236.hpc.itc.rwth-aachen.de",1,4194304,50,17873.9,19157.7,20100,19945.3,20640.8,21431.3,22062.6
full_duplex,0,12,144,"n23m0236.hpc.itc.rwth-aachen.de",1,4194304,50,16009.3,18062.3,19268,18994.5,20113.3,20689.5,21571.8
full_duplex,0,12,160,"n23m0236.hpc.itc.rwth-aachen.de",1,4194304,50,16583.6,17807.1,19107.6,19153.5,20692.5,21133,22082.8
full_duplex,0,12,176,"n23m0236.hpc.itc.rwth-aachen.de",1,4194304,50,17310,18410,20246.1,19828.4,21140.6,21580.6,21745.4
immediate_response,0,12,1,"n23m0223.hpc.itc.rwth-aachen.de",0,4194304,50,22862.3,23002.9,23137.8,23172.5,23252.7,23614.9,23805.1
immediate_response,0,12,16,"n23m0223.hpc.itc.rwth-aachen.de",0,4194304,50,21535.5,21631.6,21757.4,21800.4,21871.2,22207.9,22415.2
immediate_response,0,12,32,"n23m0223.hpc.itc.rwth-aachen.de",0,4194304,50,19414.4,20146.9,20331.2,20310.6,20507.5,20849.5,21134.7
immediate_response,0,12,48,"n23m0223.hpc.itc.rwth-aachen.de",0,4194304,50,11922.1,13327.6,13830.9,15115.8,17693.3,20404.9,20595.2
immediate_response,0,12,64,"n23m0223.hpc.itc.rwth-aachen.de",0,4194304,50,6441.92,7563.21,7890.46,11971.2,18056.9,20416.6,20648
immediate_response,0,12,80,"n23m0223.hpc.itc.rwth-aachen.de",0,4194304,50,2187.38,2233.55,2254.52,4721.83,2286.77,18071.8,20237.4
immediate_response,0,12,96,"n23m0236.hpc.itc.rwth-aachen.de",1,4194304,50,15924.1,18239.4,19140.1,19204.1,19865.7,21447.2,22153.8
immediate_response,0,12,112,"n23m0236.hpc.itc.rwth-aachen.de",1,4194304,50,16984.1,18556.4,19570.3,19479.5,20294.7,21192.8,22364.4
immediate_response,0,12,128,"n23m0236.hpc.itc.rwth-aachen.de",1,4194304,50,16312.5,18619,19463.8,19364.4,20147.6,21179.3,22494.9
immediate_response,0,12,144,"n23m0236.hpc.itc.rwth-aachen.de",1,4194304,50,10820.1,13837.6,15135.2,14959,15899.5,18436.4,19376.2
immediate_response,0,12,160,"n23m0236.hpc.itc.rwth-aachen.de",1,4194304,50,16489.1,17939.8,18652,18806.8,19911.9,21005.4,21498.6
immediate_response,0,12,176,"n23m0236.hpc.itc.rwth-aachen.de",1,4194304,50,11111.2,12618.6,14272,14651.5,15883.3,19525.9,20738.3
incast,0,16,1,"n23m0223.hpc.itc.rwth-aachen.de",0,4194304,50,15567.9,18103.6,19317.6,19672.2,20121.4,25129,25428.6
incast,0,16,12,"n23m0223.hpc.itc.rwth-aachen.de",0,4194304,50,15063.3,17527.9,18748.8,19056.6,19466.2,24494.9,24633.1
incast,0,16,24,"n23m0223.hpc.itc.rwth-aachen.de",0,4194304,50,14566.3,16958.1,18005.1,18351,18819.3,23117.1,23926
incast,0,16,36,"n23m0223.hpc.itc.rwth-aachen.de",0,4194304,50,9881.17,14097.8,14660.6,15084.3,15791.4,19562.6,22180.1
incast,0,16,48,"n23m0223.hpc.itc.rwth-aachen.de",0,4194304,50,1494.83,8483.65,8967.76,9633.28,9915.49,15906.6,17752.3
incast,0,16,60,"n23m0223.hpc.itc.rwth-aachen.de",0,4194304,50,1078.81,1299.27,1396.97,2365.86,1650.26,10617.7,13931.6
incast,0,16,72,"n23m0223.hpc.itc.rwth-aachen.de",0,4194304,50,1447.58,2131.43,2281.23,2944.11,2861.19,8033.8,11493.8
incast,0,16,84,"n23m0223.hpc.itc.rwth-aachen.de",0,4194304,50,1559.39,2909.86,3249.28,3687.55,3648.36,5610.9,13579.9
incast,0,16,96,"n23m0236.hpc.itc.rwth-aachen.de",1,4194304,50,13610,15683.6,17083.9,17521.4,18268.6,23168.9,23693.9
incast,0,16,108,"n23m0236.hpc.itc.rwth-aachen.de",1,4194304,50,14064.4,16735.9,17790,18517.4,19419.5,23996.7,25685.1
incast,0,16,120,"n23m0236.hpc.itc.rwth-aachen.de",1,4194304,50,13724.7,16223.9,17003.8,17689,18277.5,23257.2,24007.3
incast,0,16,132,"n23m0236.hpc.itc.rwth-aachen.de",1,4194304,50,12646.9,16198.8,17014.2,17637.6,18304.3,23163.7,25013
incast,0,16,144,"n23m0236.hpc.itc.rwth-aachen.de",1,4194304,50,11795.4,13180.7,14688.3,14758,15530.8,18985.3,19707.5
incast,0,16,156,"n23m0236.hpc.itc.rwth-aachen.de",1,4194304,50,13355.7,15497.1,16846.7,17439.3,18422.9,23080.1,23419.4
incast,0,16,168,"n23m0236.hpc.itc.rwth-aachen.de",1,4194304,50,11055.9,12899.4,14553.9,14578.3,15645.3,19193,19771.9
incast,0,16,180,"n23m0236.hpc.itc.rwth-aachen.de",1,4194304,50,6513.78,15834,17002.9,17470.1,18138.4,23356.7,23893.6
fanout,0,16,1,"n23m0223.hpc.itc.rwth-aachen.de",0,4194304,50,10024.3,10433.2,10824.3,10722.3,10946.7,11250.6,12110.9
fanout,0,16,12,"n23m0223.hpc.itc.rwth-aachen.de",0,4194304,50,9516.32,9885.81,10251.6,10177.9,10393.6,10728.8,11487.3
fanout,0,16,24,"n23m0223.hpc.itc.rwth-aachen.de",0,4194304,50,8980.33,9350.98,9654.44,9604.13,9826.17,10107.8,10893.8
fanout,0,16,36,"n23m0223.hpc.itc.rwth-aachen.de",0,4194304,50,8374.2,8726.44,8979.84,8950.16,9148.8,9430.92,10175.1
fanout,0,16,48,"n23m0223.hpc.itc.rwth-aachen.de",0,4194304,50,7561.46,7984.66,8273.45,8243.81,8429.81,8624.76,9462.19
fanout,0,16,60,"n23m0223.hpc.itc.rwth-aachen.de",0,4194304,50,925.011,1019.4,1044.64,1434.34,1097.17,4566.75,7492.82
fanout,0,16,72,"n23m0223.hpc.itc.rwth-aachen.de",0,4194304,50,1240.89,1963,2042.39,2609.68,2168.21,7118.94,7447.66
fanout,0,16,84,"n23m0223.hpc.itc.rwth-aachen.de",0,4194304,50,2053.25,2830.35,2955.06,3128.95,3145.18,4787.51,7781.37
fanout,0,16,96,"n23m0236.hpc.itc.rwth-aachen.de",1,4194304,50,3135.05,4301.04,4909.48,6106.79,8262.77,9364.71,9568.58
fanout,0,16,108,"n23m0236.hpc.itc.rwth-aachen.de",1,4194304,50,4280.53,6007.3,7726.86,7328.03,8781.93,9405.92,9661.2
fanout,0,16,120,"n23m0236.hpc.itc.rwth-aachen.de",1,4194304,50,4839.3,7340.09,8024.21,7897.8,8672.59,9417.78,10168.7
fanout,0,16,132,"n23m0236.hpc.itc.rwth-aachen.de",1,4194304,50,3667.59,4944.49,5529.18,6153.56,7637.92,8680.25,8931.9
fanout,0,16,144,"n23m0236.hpc.itc.rwth-aachen.de",1,4194304,50,3896.69,4901.16,5732.18,6118.82,7162.17,8023.19,9550.22
fanout,0,16,156,"n23m0236.hpc.itc.rwth-aachen.de",1,4194304,50,5102.59,5750.99,6252.11,6569.67,6939.37,8465.7,8550.27
fanout,0,16,168,"n23m0236.hpc.itc.rwth-aachen.de",1,4194304,50,5107.9,5843.61,6395.99,6402.04,6770.01,7419.91,8942.51
fanout,0,16,180,"n23m0236.hpc.itc.rwth-aachen.de",1,4194304,50,5070.51,6470.89,7188.77,7252.77,8093.76,8948.84,9374.61
full_duplex,0,16,1,"n23m0223.hpc.itc.rwth-aachen.de",0,4194304,50,26288.3,28363.5,31385.3,33227.4,38587.4,41878.6,42237.4
full_duplex,0,16,12,"n23m0223.hpc.itc.rwth-aachen.de",0,4194304,50,25703.2,27721.3,30710.3,32492.3,37786.1,40972.8,41357.7
full_duplex,0,16,24,"n23m0223.hpc.itc.rwth-aachen.de",0,4194304,50,24507.4,27131.5,29600.6,31382.5,35934.7,39924.1,40543.2
full_duplex,0,16,36,"n23m0223.hpc.itc.rwth-aachen.de",0,4194304,50,23925.8,26126.1,28912.7,30591.4,35600.1,38481.7,39700.4
full_duplex,0,16,48,"n23m0223.hpc.itc.rwth-aachen.de",0,4194304,50,17294.5,21649.1,24846.7,25777,28209.1,36837.1,37771.4
full_duplex,0,16,60,"n23m0223.hpc.itc.rwth-aachen.de",0,4194304,50,16487.3,18866.3,20800.5,22239.9,25205.4,28771.3,33673.8
full_duplex,0,16,72,"n23m0223.hpc.itc.rwth-aachen.de",0,4194304,50,17133.9,19930.4,21657.3,22705,25749.9,29678.7,30479.7
full_duplex,0,16,84,"n23m0223.hpc.itc.rwth-aachen.de",0,4194304,50,16562.7,20598.3,22255.9,23655.4,27254.9,31042.2,31879.5
full_duplex,0,16,96,"n23m0236.hpc.itc.rwth-aachen.de",1,4194304,50,19293.7,22966.5,25440.9,26593.9,29913.1,36352.5,37414.6
full_duplex,0,16,108,"n23m0236.hpc.itc.rwth-aachen.de",1,4194304,50,21163.4,24503,27182.1,28169.1,31255.4,36309.3,39827.2
full_duplex,0,16,120,"n23m0236.hpc.itc.rwth-aachen.de",1,4194304,50,21179,25077.6,27363.4,29186.7,33062.9,38031.3,57420.7
full_duplex,0,16,132,"n23m0236.hpc.itc.rwth-aachen.de",1,4194304,50,20277.9,23758.7,25991.3,27548,32094.8,36179.4,37854.5
full_duplex,0,16,144,"n23m0236.hpc.itc.rwth-aachen.de",1,4194304,50,21026.2,23997.1,25679.3,27683.1,32941.1,35528.5,38856.9
full_duplex,0,16,156,"n23m0236.hpc.itc.rwth-aachen.de",1,4194304,50,21299.5,24342.3,26349,27850.9,31681,35524.9,36534.1
full_duplex,0,16,168,"n23m0236.hpc.itc.rwth-aachen.de",1,4194304,50,21918.2,25480.4,27157.2,28595.2,32079.5,37983,39310.8
full_duplex,0,16,180,"n23m0236.hpc.itc.rwth-aachen.de",1,4194304,50,22492.9,25933.1,28219.6,32722.2,34325.1,37613.2,124171
immediate_response,0,16,1,"n23m0223.hpc.itc.rwth-aachen.de",0,4194304,50,25690.4,27267.6,30081,31511.9,34783,41902.8,42718
immediate_response,0,16,12,"n23m0223.hpc.itc.rwth-aachen.de",0,4194304,50,24544.3,26087.1,28690.7,30263.8,33258.1,40398.5,45244.7
immediate_response,0,16,24,"n23m0223.hpc.itc.rwth-aachen.de",0,4194304,50,19483,24834.1,26988.4,27868.3,31459.3,33891.5,35505.7
immediate_response,0,16,36,"n23m0223.hpc.itc.rwth-aachen.de",0,4194304,50,11741.3,18729.6,19799.1,23319.3,23149.4,48382.2,72931.1
immediate_response,0,16,48,"n23m0223.hpc.itc.rwth-aachen.de",0,4194304,50,1921.91,11530.6,13114.5,15945.8,21755.6,27233,28992.9
immediate_response,0,16,60,"n23m0223.hpc.itc.rwth-aachen.de",0,4194304,50,1924.19,2225.01,3552.69,10275.2,18103.5,28237.6,30164.8
immediate_response,0,16,72,"n23m0223.hpc.itc.rwth-aachen.de",0,4194304,50,2321.64,3547.72,4104.71,8104.1,10948.8,23407.8,37336.9
immediate_response,0,16,84,"n23m0223.hpc.itc.rwth-aachen.de",0,4194304,50,2898.63,5137.61,6083.49,9830.72,9324.7,27511.4,33554.1
immediate_response,0,16,96,"n23m0236.hpc.itc.rwth-aachen.de",1,4194304,50,16384.4,23415.1,25181.8,27047.4,30179.4,37328.6,38992
immediate_response,0,16,108,"n23m0236.hpc.itc.rwth-aachen.de",1,4194304,50,20043.6,24454.5,26163.5,27652.4,29476.5,38647.2,39903.3
immediate_response,0,16,120,"n23m0236.hpc.itc.rwth-aachen.de",1,4194304,50,21857.7,25426.5,27656.8,29115.5,31882.1,39159.9,39965
immediate_response,0,16,132,"n23m0236.hpc.itc.rwth-aachen.de",1,4194304,50,18310,23372.6,25448.3,26662.4,27302.6,36734.1,38191.5
immediate_response,0,16,144,"n23m0236.hpc.itc.rwth-aachen.de",1,4194304,50,16101.3,18486.4,20566.2,21677.2,24392.1,28495.4,36563.6
immediate_response,0,16,156,"n23m0236.hpc.itc.rwth-aachen.de",1,4194304,50,18401.5,21749.7,23629.6,25265.6,28398.1,35494.2,36966.4
immediate_response,0,16,168,"n23m0236.hpc.itc.rwth-aachen.de",1,4194304,50,15983.6,18161.2,20756.8,22294.8,25292,30656.6,37756.1
immediate_response,0,16,180,"n23m0236.hpc.itc.rwth-aachen.de",1,4194304,50,18005.8,22330,24379.5,26160.4,28013.1,36757.1,39643.9
incast,0,24,1,"n23m0223.hpc.itc.rwth-aachen.de",0,4194304,50,23525.4,25042.2,27773.1,28783.5,31508.7,37992.6,41218.7
incast,0,24,8,"n23m0223.hpc.itc.rwth-aachen.de",0,4194304,50,23022.4,24510,27206.3,28154.2,30808.7,37277.2,40424.6
incast,0,24,16,"n23m0223.hpc.itc.rwth-aachen.de",0,4194304,50,22514.7,23955.5,26621.8,27337.9,30107.9,34662.9,37001.9
incast,0,24,24,"n23m0223.hpc.itc.rwth-aachen.de",0,4194304,50,20584.2,21413,22955.8,23222.4,24628.1,27206.5,29711.6
incast,0,24,32,"n23m0223.hpc.itc.rwth-aachen.de",0,4194304,50,12926.5,13793.4,14751.6,15222.1,16025.4,18353.1,23764.6
incast,0,24,40,"n23m0223.hpc.itc.rwth-aachen.de",0,4194304,50,949.786,1084.18,1198.84,2163.16,1277.03,12583.3,14629.1
incast,0,24,48,"n23m0223.hpc.itc.rwth-aachen.de",0,4194304,50,1727.31,1913.11,2103.61,3937.86,2472.05,17681.8,29979
incast,0,24,56,"n23m0223.hpc.itc.rwth-aachen.de",0,4194304,50,2488.74,2720.93,2962.41,4589.74,3549.07,20306.9,25639.4
incast,0,24,64,"n23m0223.hpc.itc.rwth-aachen.de",0,4194304,50,3266.99,3594.73,4045.28,6148.99,4894.04,19945.9,25335.4
incast,0,24,72,"n23m0223.hpc.itc.rwth-aachen.de",0,4194304,50,4151.3,4558.65,5117.76,8500.39,10588.3,20240.9,28369.2
incast,0,24,80,"n23m0223.hpc.itc.rwth-aachen.de",0,4194304,50,4812.01,5381.69,6390.7,8788.13,8412.55,19049.7,24204.8
incast,0,24,88,"n23m0223.hpc.itc.rwth-aachen.de",0,4194304,50,5589.28,6108.59,6984.35,9260.63,8546.45,21003.9,27873.8
incast,0,24,96,"n23m0236.hpc.itc.rwth-aachen.de",1,4194304,50,21328.5,22797.7,24747.5,26266.3,28688.8,35142.3,39300.6
incast,0,24,104,"n23m0236.hpc.itc.rwth-aachen.de",1,4194304,50,16433.4,19798.2,21663,22535.3,25236.2,29095,33533
incast,0,24,112,"n23m0236.hpc.itc.rwth-aachen.de",1,4194304,50,10376.6,23095.2,25119.8,26245.5,28744.3,36314.3,39700.5
incast,0,24,120,"n23m0236.hpc.itc.rwth-aachen.de",1,4194304,50,21975.8,23208,25629.5,26874.2,29263.3,36365.7,38705
incast,0,24,128,"n23m0236.hpc.itc.rwth-aachen.de",1,4194304,50,18797.7,23124.6,24628.5,26137.4,28531.1,34581.8,36063.8
incast,0,24,136,"n23m0236.hpc.itc.rwth-aachen.de",1,4194304,50,21076.6,22969.5,25899.8,26786.2,29499.4,35774.5,39568.6
incast,0,24,144,"n23m0236.hpc.itc.rwth-aachen.de",1,4194304,50,18084.1,20325.9,21814,23146.1,25648.9,29929.3,33718.8
incast,0,24,152,"n23m0236.hpc.itc.rwth-aachen.de",1,4194304,50,19283.3,23303.1,25755.7,26717.1,29180.9,36031.5,39570.8
incast,0,24,160,"n23m0236.hpc.itc.rwth-aachen.de",1,4194304,50,11381.6,22777.8,25271.7,26234.3,28913.7,36568.9,37713.5
incast,0,24,168,"n23m0236.hpc.itc.rwth-aachen.de",1,4194304,50,18069.3,20001.1,21764.7,22377.4,23857,28743,31017.7
incast,0,24,176,"n23m0236.hpc.itc.rwth-aachen.de",1,4194304,50,16533.9,19107.7,20660.5,21976.1,24920.7,29324.4,31597.7
incast,0,24,184,"n23m0236.hpc.itc.rwth-aachen.de",1,4194304,50,19737.9,23311.7,25788.8,26748,29237.6,36568.2,39500.1
fanout,0,24,1,"n23m0223.hpc.itc.rwth-aachen.de",0,4194304,50,14681.8,15101,15410.3,16143.1,15898.7,21675.7,21768.1
fanout,0,24,8,"n23m0223.hpc.itc.rwth-aachen.de",0,4194304,50,14201.8,14631.4,14932.6,15634.4,15361,21053.7,21209.4
fanout,0,24,16,"n23m0223.hpc.itc.rwth-aachen.de",0,4194304,50,13684.2,14028.3,14315.5,15023.1,14775.1,20321,20390.5
fanout,0,24,24,"n23m0223.hpc.itc.rwth-aachen.de",0,4194304,50,13099.9,13507.8,13766.4,14432.5,14199.1,19444.3,19582.3
fanout,0,24,32,"n23m0223.hpc.itc.rwth-aachen.de",0,4194304,50,12368.7,12722.2,12962.1,13552.5,13276,18084.1,18630.6
fanout,0,24,40,"n23m0223.hpc.itc.rwth-aachen.de",0,4194304,50,785.162,834.735,861.213,1098.94,898.033,1071.91,11765.6
fanout,0,24,48,"n23m0223.hpc.itc.rwth-aachen.de",0,4194304,50,1140.48,1689.07,1764.26,3334.22,2060.69,12872.2,13170.2
fanout,0,24,56,"n23m0223.hpc.itc.rwth-aachen.de",0,4194304,50,1750.73,2460.3,2562.35,2589.97,2632.78,3324.01,3399.9
fanout,0,24,64,"n23m0223.hpc.itc.rwth-aachen.de",0,4194304,50,2668.96,3509.38,3620.76,4372.89,3787.53,11672.7,13535.9
fanout,0,24,72,"n23m0223.hpc.itc.rwth-aachen.de",0,4194304,50,3524.94,4370.07,4548.43,4937.02,4700.22,6179.41,13519
fanout,0,24,80,"n23m0223.hpc.itc.rwth-aachen.de",0,4194304,50,4440.09,5210.33,5473.34,6312.74,5691.82,11974.4,18398.8
fanout,0,24,88,"n23m0223.hpc.itc.rwth-aachen.de",0,4194304,50,5238.86,6006.05,6348.2,7257.88,6520.02,14698.8,18890.5
fanout,0,24,96,"n23m0236.hpc.itc.rwth-aachen.de",1,4194304,50,6257,7334.89,7722.91,8529.53,8462.67,13501.5,14119.4
fanout,0,24,104,"n23m0236.hpc.itc.rwth-aachen.de",1,4194304,50,7265.78,7843.15,8734.35,10019.2,12047.2,14176.1,19267.2
fanout,0,24,112,"n23m0236.hpc.itc.rwth-aachen.de",1,4194304,50,8238.25,9350.45,10248.3,11458.3,13159.2,17526.7,20037.9
fanout,0,24,120,"n23m0236.hpc.itc.rwth-aachen.de",1,4194304,50,7484.55,9369.71,10237.5,11410.3,12615.5,18388.1,19893.8
fanout,0,24,128,"n23m0236.hpc.itc.rwth-aachen.de",1,4194304,50,7500.16,9713.19,10707.2,11425.8,13055.3,16513.9,18716
fanout,0,24,136,"n23m0236.hpc.itc.rwth-aachen.de",1,4194304,50,7915.17,9849.31,10751.3,11457.5,12838.9,14792.2,19324.6
fanout,0,24,144,"n23m0236.hpc.itc.rwth-aachen.de",1,4194304,50,7990.54,9563.64,10230.6,10885.3,12321.6,13501,16844.8
fanout,0,24,152,"n23m0236.hpc.itc.rwth-aachen.de",1,4194304,50,9594.36,11110,11756.9,12162.2,12932.6,15105.8,19477.5
fanout,0,24,160,"n23m0236.hpc.itc.rwth-aachen.de",1,4194304,50,8949.15,10928.8,11749.5,11951.8,12475.6,15119.6,17090.9
fanout,0,24,168,"n23m0236.hpc.itc.rwth-aachen.de",1,4194304,50,7727.88,10612.7,11355.2,11638.5,12089.7,15653.9,17646.3
fanout,0,24,176,"n23m0236.hpc.itc.rwth-aachen.de",1,4194304,50,8266.17,10633.1,11416.2,11730.6,12238.1,14366.3,18897.2
fanout,0,24,184,"n23m0236.hpc.itc.rwth-aachen.de",1,4194304,50,9742.53,11346.9,12147.4,12298,12713.2,15286.9,16538.7
full_duplex,0,24,1,"n23m0223.hpc.itc.rwth-aachen.de",0,4194304,50,39963.7,42103.5,45703.5,46142.1,49735,52306.9,55848.2
full_duplex,0,24,8,"n23m0223.hpc.itc.rwth-aachen.de",0,4194304,50,39406.2,41513.5,45094.6,45520,49060.6,51568.3,55121.5
full_duplex,0,24,16,"n23m0223.hpc.itc.rwth-aachen.de",0,4194304,50,38230.4,40427.5,44221.4,44567.6,48256.8,50729,54202.8
full_duplex,0,24,24,"n23m0223.hpc.itc.rwth-aachen.de",0,4194304,50,37673.6,39789.8,43488.8,43762,47424.1,49736.3,53224.8
full_duplex,0,24,32,"n23m0223.hpc.itc.rwth-aachen.de",0,4194304,50,25496.9,30127.6,37313.9,36525.3,42565.6,48245.8,52369.5
full_duplex,0,24,40,"n23m0223.hpc.itc.rwth-aachen.de",0,4194304,50,24962.9,27243.1,29266.5,29692,31756.9,36114.5,38830.1
full_duplex,0,24,48,"n23m0223.hpc.itc.rwth-aachen.de",0,4194304,50,25670.1,27481.4,30137.1,30433.6,32813.3,35790.7,42869.7
full_duplex,0,24,56,"n23m0223.hpc.itc.rwth-aachen.de",0,4194304,50,26638.4,28340.5,30766.4,31099,33674.2,35612.2,38859.5
full_duplex,0,24,64,"n23m0223.hpc.itc.rwth-aachen.de",0,4194304,50,27566.7,29413.9,32194.4,32595.5,35056.3,39452.6,45501.4
full_duplex,0,24,72,"n23m0223.hpc.itc.rwth-aachen.de",0,4194304,50,28519.1,30223.3,32861.2,33219.6,36015.9,38050.2,41161.2
full_duplex,0,24,80,"n23m0223.hpc.itc.rwth-aachen.de",0,4194304,50,29429.5,31310.3,34263.5,34422.6,37238.9,39660.4,42253.2
full_duplex,0,24,88,"n23m0223.hpc.itc.rwth-aachen.de",0,4194304,50,29681.1,31942.1,34858,35433.3,38313,41898.8,46323.4
full_duplex,0,24,96,"n23m0236.hpc.itc.rwth-aachen.de",1,4194304,50,31497.1,33887.8,36751.6,37413.2,40236.5,45019.3,52860.2
full_duplex,0,24,104,"n23m0236.hpc.itc.rwth-aachen.de",1,4194304,50,32253.8,34007.4,38124.3,38813.7,41076.4,48152.4,50569
full_duplex,0,24,112,"n23m0236.hpc.itc.rwth-aachen.de",1,4194304,50,33156.6,38078.4,41065,40730,43566.7,49164.6,49902.9
full_duplex,0,24,120,"n23m0236.hpc.itc.rwth-aachen.de",1,4194304,50,33926.8,37043.5,39709.6,40715.2,43940.1,47509.1,48850.9
full_duplex,0,24,128,"n23m0236.hpc.itc.rwth-aachen.de",1,4194304,50,34019.1,37753.3,40404,40659.9,43667.4,46370.8,47830.6
full_duplex,0,24,136,"n23m0236.hpc.itc.rwth-aachen.de",1,4194304,50,34434.5,36698.5,40164.1,40650.9,44136.5,48274.3,48795.9
full_duplex,0,24,144,"n23m0236.hpc.itc.rwth-aachen.de",1,4194304,50,33745.2,36550.6,40476.8,40207.6,42572.1,46713.3,48842.6
full_duplex,0,24,152,"n23m0236.hpc.itc.rwth-aachen.de",1,4194304,50,34863.2,37439.3,41414.8,41324,44323.7,48189.1,52206.9
full_duplex,0,24,160,"n23m0236.hpc.itc.rwth-aachen.de",1,4194304,50,33998.4,37780.9,41200.1,41341.3,44618,47472.5,51978.6
full_duplex,0,24,168,"n23m0236.hpc.itc.rwth-aachen.de",1,4194304,50,34463.1,37602.7,41328.5,41593.5,44698.2,49243,53655.5
full_duplex,0,24,176,"n23m0236.hpc.itc.rwth-aachen.de",1,4194304,50,35699.6,38326.8,41243.1,41994.7,45596.4,49014.3,52365.2
full_duplex,0,24,184,"n23m0236.hpc.itc.rwth-aachen.de",1,4194304,50,36425.2,38362,41940,42533.9,45845.7,49936.7,51339.7
immediate_response,0,24,1,"n23m0223.hpc.itc.rwth-aachen.de",0,4194304,50,37033.3,41824.6,45185.3,48030.5,54386.2,62755.1,64154.7
immediate_response,0,24,8,"n23m0223.hpc.itc.rwth-aachen.de",0,4194304,50,38110,40590.7,44143.3,47013.4,52958.2,61686,65399.2
immediate_response,0,24,16,"n23m0223.hpc.itc.rwth-aachen.de",0,4194304,50,36909.9,39284.3,42423,44050.1,48460.2,54428.1,60721
immediate_response,0,24,24,"n23m0223.hpc.itc.rwth-aachen.de",0,4194304,50,29827.8,31572.6,33306.5,33981.6,35717.7,37403.6,53994
immediate_response,0,24,32,"n23m0223.hpc.itc.rwth-aachen.de",0,4194304,50,18606.7,20426.3,21778.7,25756.5,28662.6,42962.4,49643.1
immediate_response,0,24,40,"n23m0223.hpc.itc.rwth-aachen.de",0,4194304,50,1669.62,1833.11,2182.98,10821,23607.8,34908.9,37788.6
immediate_response,0,24,48,"n23m0223.hpc.itc.rwth-aachen.de",0,4194304,50,2907.36,3516.49,4237.33,13540.2,25061.2,41446.6,50690.7
immediate_response,0,24,56,"n23m0223.hpc.itc.rwth-aachen.de",0,4194304,50,4029.64,5230.38,5988.21,11296.9,7355.81,37173.8,50765.3
immediate_response,0,24,64,"n23m0223.hpc.itc.rwth-aachen.de",0,4194304,50,3783.34,6764.04,7838.87,16444,26178.9,45187.4,59028.6
immediate_response,0,24,72,"n23m0223.hpc.itc.rwth-aachen.de",0,4194304,50,5464.19,8674.77,9805.94,16955.6,24324.9,42574.3,56348.9
immediate_response,0,24,80,"n23m0223.hpc.itc.rwth-aachen.de",0,4194304,50,7188.68,10403.4,11252.7,15025.1,14398.4,38076,46297.2
immediate_response,0,24,88,"n23m0223.hpc.itc.rwth-aachen.de",0,4194304,50,10189.5,12307.3,14638.2,18287.1,19132.6,37521.9,51913.1
immediate_response,0,24,96,"n23m0236.hpc.itc.rwth-aachen.de",1,4194304,50,30267,34635.4,40308.7,41977,47859.6,57828.9,59536.4
immediate_response,0,24,104,"n23m0236.hpc.itc.rwth-aachen.de",1,4194304,50,24039.3,29807.2,33657.7,35308,38720.2,46839.5,59261.1
immediate_response,0,24,112,"n23m0236.hpc.itc.rwth-aachen.de",1,4194304,50,31906,37033,39510.3,42818.8,48415.8,57822.8,61001.6
immediate_response,0,24,120,"n23m0236.hpc.itc.rwth-aachen.de",1,4194304,50,34053.5,37843.1,42101,44239.9,48050.6,58959.1,60560.1
immediate_response,0,24,128,"n23m0236.hpc.itc.rwth-aachen.de",1,4194304,50,34090.6,37495.6,41192.5,44638.7,51574.1,59405.1,84651
immediate_response,0,24,136,"n23m0236.hpc.itc.rwth-aachen.de",1,4194304,50,33746.2,37697.4,41204.7,44021.1,49791.3,59467,66687.2
immediate_response,0,24,144,"n23m0236.hpc.itc.rwth-aachen.de",1,4194304,50,16900,29241.6,32659,33434.1,37673.3,43517.3,47406.4
immediate_response,0,24,152,"n23m0236.hpc.itc.rwth-aachen.de",1,4194304,50,25734.2,38232.9,41501.7,43429.6,46121.6,57747.7,60833.8
immediate_response,0,24,160,"n23m0236.hpc.itc.rwth-aachen.de",1,4194304,50,30843.1,34487.6,39570.1,41197.7,46432.7,54625.5,59041.2
immediate_response,0,24,168,"n23m0236.hpc.itc.rwth-aachen.de",1,4194304,50,26797.1,29597.7,34619.8,34770.4,38791.1,45104.9,57075
immediate_response,0,24,176,"n23m0236.hpc.itc.rwth-aachen.de",1,4194304,50,23008.6,26770,31199.5,32850.8,38947,46119.6,52627.9
immediate_response,0,24,184,"n23m0236.hpc.itc.rwth-aachen.de",1,4194304,50,29244.3,36530,41000.3,43112.7,49253.5,59353.3,60594.6
incast,0,32,1,"n23m0223.hpc.itc.rwth-aachen.de",0,4194304,50,31824.1,34081.6,36178.2,38059.7,40405.7,50465.3,51719.7
incast,0,32,6,"n23m0223.hpc.itc.rwth-aachen.de",0,4194304,50,31309.9,33477.4,35595.1,37441.6,39692.3,49853.9,50838
incast,0,32,12,"n23m0223.hpc.itc.rwth-aachen.de",0,4194304,50,30763.9,32922.6,34963.6,36541.9,39028.4,46785.4,47972.4
incast,0,32,18,"n23m0223.hpc.itc.rwth-aachen.de",0,4194304,50,27467.2,28391.7,29551.2,30489.8,32036.4,35260.6,37401.4
incast,0,32,24,"n23m0223.hpc.itc.rwth-aachen.de",0,4194304,50,17662.9,18648.4,20184.6,21346.5,23379.5,27018.7,34560.9
incast,0,32,30,"n23m0223.hpc.itc.rwth-aachen.de",0,4194304,50,1003.77,1077.28,1169.91,3461.62,1288.9,19941.9,25790.5
incast,0,32,36,"n23m0223.hpc.itc.rwth-aachen.de",0,4194304,50,1523.22,1652.87,1761.04,3281.21,1932.07,15234,31161.3
incast,0,32,42,"n23m0223.hpc.itc.rwth-aachen.de",0,4194304,50,2092.17,2234.52,2396.36,3330.53,2577.05,3309.49,29581.6
incast,0,32,48,"n23m0223.hpc.itc.rwth-aachen.de",0,4194304,50,2878.25,3111.03,3475.29,6499.69,4154.7,23798.8,27437.1
incast,0,32,54,"n23m0223.hpc.itc.rwth-aachen.de",0,4194304,50,3676.45,4043.82,4582.11,10859.5,21552.4,30053.4,34170.4
incast,0,32,60,"n23m0223.hpc.itc.rwth-aachen.de",0,4194304,50,4461.78,4770.88,5211.57,7452.84,6279.84,24748.1,31565.5
incast,0,32,66,"n23m0223.hpc.itc.rwth-aachen.de",0,4194304,50,5256.01,5796.99,6435.2,9758.51,8186.44,26333.4,37726.4
incast,0,32,72,"n23m0223.hpc.itc.rwth-aachen.de",0,4194304,50,6083.82,6510.21,7196.53,10481.6,8738.55,29850.6,31324.5
incast,0,32,78,"n23m0223.hpc.itc.rwth-aachen.de",0,4194304,50,6796.77,7484.39,8127.29,9839.69,9859.57,20735.8,28819.9
incast,0,32,84,"n23m0223.hpc.itc.rwth-aachen.de",0,4194304,50,7578.38,8143.44,8782.62,10896.4,10129.3,26992.2,30912.9
incast,0,32,90,"n23m0223.hpc.itc.rwth-aachen.de",0,4194304,50,8351.69,8978.46,10005.1,12452.2,12408.2,23081.5,35600.5
incast,0,32,96,"n23m0236.hpc.itc.rwth-aachen.de",1,4194304,50,27412.6,31630.8,34039.2,35667.5,37337.7,47636.7,49617.7
incast,0,32,102,"n23m0236.hpc.itc.rwth-aachen.de",1,4194304,50,23696.9,31423.4,33594.6,35317.2,38184.2,47195.6,49674.3
incast,0,32,108,"n23m0236.hpc.itc.rwth-aachen.de",1,4194304,50,27622.9,31791.1,33852.7,35524.6,37452.4,47617.2,49629.5
incast,0,32,114,"n23m0236.hpc.itc.rwth-aachen.de",1,4194304,50,28971.9,31921.9,33881.8,35799.3,37578.1,48705,49955.3
incast,0,32,120,"n23m0236.hpc.itc.rwth-aachen.de",1,4194304,50,29968.3,31110.6,33861.8,35683.5,38282.3,48172.8,49780.2
incast,0,32,126,"n23m0236.hpc.itc.rwth-aachen.de",1,4194304,50,28678.6,31447.3,33475.7,35739.8,36725.4,48118.4,50093.7
incast,0,32,132,"n23m0236.hpc.itc.rwth-aachen.de",1,4194304,50,14968.2,31770.2,34063.2,35573.7,38148.5,48663.4,49560.8
incast,0,32,138,"n23m0236.hpc.itc.rwth-aachen.de",1,4194304,50,28094.3,31404.5,34124.5,35878.8,38135.2,48329.6,51575.5
incast,0,32,144,"n23m0236.hpc.itc.rwth-aachen.de",1,4194304,50,19585,25481.6,27602.1,28224.3,30453.5,35090.2,40938.8
incast,0,32,150,"n23m0236.hpc.itc.rwth-aachen.de",1,4194304,50,30016.4,32277.6,33962.9,35999.3,37972.5,47927.9,48752.8
incast,0,32,156,"n23m0236.hpc.itc.rwth-aachen.de",1,4194304,50,27116.2,31382.4,33162.4,34972.7,36863.4,47281.8,48502.9
incast,0,32,162,"n23m0236.hpc.itc.rwth-aachen.de",1,4194304,50,24099,27123.8,29196.6,30192.9,32221.8,39436.5,41181
incast,0,32,168,"n23m0236.hpc.itc.rwth-aachen.de",1,4194304,50,23960.2,26752.6,28142.1,29486.5,31564.1,38182.8,38734.5
incast,0,32,174,"n23m0236.hpc.itc.rwth-aachen.de",1,4194304,50,28739.8,31342.4,34340,35643.4,37492.6,46846.2,48416.8
incast,0,32,180,"n23m0236.hpc.itc.rwth-aachen.de",1,4194304,50,29544.8,31055.7,33783.5,35394.5,37381.1,47488.6,48561.1
incast,0,32,186,"n23m0236.hpc.itc.rwth-aachen.de",1,4194304,50,13901.6,31095.6,34329.4,35289.1,37932.9,48264.8,50050
fanout,0,32,1,"n23m0223.hpc.itc.rwth-aachen.de",0,4194304,50,19719.4,22489.4,22796.2,22609.7,23110.5,23651.9,23925
fanout,0,32,6,"n23m0223.hpc.itc.rwth-aachen.de",0,4194304,50,19167.4,21924,22207.5,22020.3,22519.3,23041.5,23268.7
fanout,0,32,12,"n23m0223.hpc.itc.rwth-aachen.de",0,4194304,50,18646.6,21288.3,21575.6,21399.1,21890.1,22395.2,22665.5
fanout,0,32,18,"n23m0223.hpc.itc.rwth-aachen.de",0,4194304,50,18088.6,20661.6,20962.3,20768,21264.7,21743.1,22028.7
fanout,0,32,24,"n23m0223.hpc.itc.rwth-aachen.de",0,4194304,50,17227.4,19656.5,19896,19742.2,20147.1,20623.7,21047.8
fanout,0,32,30,"n23m0223.hpc.itc.rwth-aachen.de",0,4194304,50,912.835,1005.01,1020.39,1754.75,1032.17,1078.73,20266.2
fanout,0,32,36,"n23m0223.hpc.itc.rwth-aachen.de",0,4194304,50,1179.81,1653.83,1675.31,2001.54,1695.44,1729.36,19204.1
fanout,0,32,42,"n23m0223.hpc.itc.rwth-aachen.de",0,4194304,50,1796.82,2279.18,2305.82,2264.3,2324,2350.7,2413.55
fanout,0,32,48,"n23m0223.hpc.itc.rwth-aachen.de",0,4194304,50,2708.26,3225.82,3251.42,3197.67,3274.9,3321.48,3349.7
fanout,0,32,54,"n23m0223.hpc.itc.rwth-aachen.de",0,4194304,50,3559.06,4053.27,4093.09,4044.38,4153.96,4197.44,4235.54
fanout,0,32,60,"n23m0223.hpc.itc.rwth-aachen.de",0,4194304,50,4485.51,5088.7,5135.91,5082.31,5175.49,5283.18,5657.28
fanout,0,32,66,"n23m0223.hpc.itc.rwth-aachen.de",0,4194304,50,5400.86,6091.84,6173.15,6099.99,6213.58,6356.16,6380.3
fanout,0,32,72,"n23m0223.hpc.itc.rwth-aachen.de",0,4194304,50,6270.08,7106.07,7193.77,7591.56,7259.02,7417.21,19923.6
fanout,0,32,78,"n23m0223.hpc.itc.rwth-aachen.de",0,4194304,50,7140.46,8072.31,8179.83,8535.27,8246.61,8455.29,20113.4
fanout,0,32,84,"n23m0223.hpc.itc.rwth-aachen.de",0,4194304,50,8016.38,9010.77,9149.33,9678.37,9239.11,14647.3,20722.5
fanout,0,32,90,"n23m0223.hpc.itc.rwth-aachen.de",0,4194304,50,8926.77,9970.56,10146.3,10955.3,10260.6,19664.8,20996.1
fanout,0,32,96,"n23m0236.hpc.itc.rwth-aachen.de",1,4194304,50,9904.5,11129.5,11502.8,13623.4,16453.8,21131.1,22592.2
fanout,0,32,102,"n23m0236.hpc.itc.rwth-aachen.de",1,4194304,50,11097.3,12761.3,13679.5,15776.2,19607,21271.4,21848.9
fanout,0,32,108,"n23m0236.hpc.itc.rwth-aachen.de",1,4194304,50,11507.5,13851.1,17408,17006.4,19961.7,21936.7,22892.5
fanout,0,32,114,"n23m0236.hpc.itc.rwth-aachen.de",1,4194304,50,10901.8,12592.4,16035.2,15903.7,19149.9,20574.9,21327.9
fanout,0,32,120,"n23m0236.hpc.itc.rwth-aachen.de",1,4194304,50,11950.3,12821.9,14199.6,15832.2,18753.7,21086.9,21431.5
fanout,0,32,126,"n23m0236.hpc.itc.rwth-aachen.de",1,4194304,50,11922,13417.9,16055.4,16581.5,19699.6,21280.9,21682.7
fanout,0,32,132,"n23m0236.hpc.itc.rwth-aachen.de",1,4194304,50,11423.1,13074.6,13498.2,14898.5,16104.6,19826.5,20618.3
fanout,0,32,138,"n23m0236.hpc.itc.rwth-aachen.de",1,4194304,50,12898.9,14705.4,15181.2,15968,16206.4,20728.3,21576.1
fanout,0,32,144,"n23m0236.hpc.itc.rwth-aachen.de",1,4194304,50,12342.8,14039,14372.7,15691.7,17761,20052.4,21879.8
fanout,0,32,150,"n23m0236.hpc.itc.rwth-aachen.de",1,4194304,50,13401.3,15317,15961.5,16777.7,17150.4,21007.1,22160.6
fanout,0,32,156,"n23m0236.hpc.itc.rwth-aachen.de",1,4194304,50,13230.7,14980.3,15547.2,16350.7,18170.2,19858.6,20921.3
fanout,0,32,162,"n23m0236.hpc.itc.rwth-aachen.de",1,4194304,50,13764,15353.3,15870.1,16629.7,18421,20455.8,21468
fanout,0,32,168,"n23m0236.hpc.itc.rwth-aachen.de",1,4194304,50,12765.8,16030.6,16533.4,16945.4,17564.4,20296.7,22086.9
fanout,0,32,174,"n23m0236.hpc.itc.rwth-aachen.de",1,4194304,50,13735.1,16657.5,17196.5,17439.3,18264.7,20347.1,21136.3
fanout,0,32,180,"n23m0236.hpc.itc.rwth-aachen.de",1,4194304,50,14105.1,16065.4,17186.8,17136.6,17612.4,19963,20530.3
fanout,0,32,186,"n23m0236.hpc.itc.rwth-aachen.de",1,4194304,50,15410.8,16638.5,17598.5,17531.1,18104.3,20152.3,20959.7
full_duplex,0,32,1,"n23m0223.hpc.itc.rwth-aachen.de",0,4194304,50,51297.2,53778.8,58396.7,59769.3,64009.2,69569.4,84541.4
full_duplex,0,32,6,"n23m0223.hpc.itc.rwth-aachen.de",0,4194304,50,50705.4,53221.8,57781.9,59148.4,63458.6,68828.5,83730.6
full_duplex,0,32,12,"n23m0223.hpc.itc.rwth-aachen.de",0,4194304,50,49564.4,52481.8,56629,58175.5,62114.7,68035.4,82369.7
full_duplex,0,32,18,"n23m0223.hpc.itc.rwth-aachen.de",0,4194304,50,49009.4,51957.8,55998.1,57452.5,61515.8,67314.1,80958.9
full_duplex,0,32,24,"n23m0223.hpc.itc.rwth-aachen.de",0,4194304,50,33339.9,37152.4,49019.9,47987.2,56313.5,62740.4,79069.1
full_duplex,0,32,30,"n23m0223.hpc.itc.rwth-aachen.de",0,4194304,50,32262.8,34576.5,36717.7,38476,40648.4,44012.4,77560.9
full_duplex,0,32,36,"n23m0223.hpc.itc.rwth-aachen.de",0,4194304,50,32813.4,35149.1,37340.6,38584.4,41296.9,44742.2,55691.3
full_duplex,0,32,42,"n23m0223.hpc.itc.rwth-aachen.de",0,4194304,50,33359.6,35728.6,37964.9,39232,42024.7,45534.9,56521.5
full_duplex,0,32,48,"n23m0223.hpc.itc.rwth-aachen.de",0,4194304,50,34096.7,36562.8,38859.1,40166,43110.9,46631.7,58097.7
full_duplex,0,32,54,"n23m0223.hpc.itc.rwth-aachen.de",0,4194304,50,34951.6,37393.4,39765.8,41086.2,44161.5,47678.4,58886.8
full_duplex,0,32,60,"n23m0223.hpc.itc.rwth-aachen.de",0,4194304,50,35805.3,38327.5,40740.3,42121,45282.6,48870.8,60579.8
full_duplex,0,32,66,"n23m0223.hpc.itc.rwth-aachen.de",0,4194304,50,36680.4,39281.1,41674.6,43146.8,46413.8,50089.6,61913.1
full_duplex,0,32,72,"n23m0223.hpc.itc.rwth-aachen.de",0,4194304,50,37526.8,40198.7,42654.6,44162.7,47556.3,51298.3,63340.9
full_duplex,0,32,78,"n23m0223.hpc.itc.rwth-aachen.de",0,4194304,50,38397.7,41127.5,43642.6,45171.2,48627.3,52474.2,64778.5
full_duplex,0,32,84,"n23m0223.hpc.itc.rwth-aachen.de",0,4194304,50,39312.2,42282.3,44940.2,46686.5,49660.9,53655.9,79384.1
full_duplex,0,32,90,"n23m0223.hpc.itc.rwth-aachen.de",0,4194304,50,40190.8,42994.9,45634.2,47554.7,50969.3,58661,67505.5
full_duplex,0,32,96,"n23m0236.hpc.itc.rwth-aachen.de",1,4194304,50,41530.1,44461.9,47557.5,49701.5,52563.6,64493,69445.2
full_duplex,0,32,102,"n23m0236.hpc.itc.rwth-aachen.de",1,4194304,50,43016.6,45912.4,48856.2,50896.6,53573.2,63127,81185.4
full_duplex,0,32,108,"n23m0236.hpc.itc.rwth-aachen.de",1,4194304,50,43137.3,46879.6,51173.7,56170.6,54538.6,70789.3,249694
full_duplex,0,32,114,"n23m0236.hpc.itc.rwth-aachen.de",1,4194304,50,42989.2,46117.5,50271.3,51075.6,54315.5,59859.9,77846.1
full_duplex,0,32,120,"n23m0236.hpc.itc.rwth-aachen.de",1,4194304,50,43988.8,47227.9,51657.5,51895.4,55071,59723.7,71229.7
full_duplex,0,32,126,"n23m0236.hpc.itc.rwth-aachen.de",1,4194304,50,44690.2,47919,51536.8,52950.2,56301.9,64754.2,72493.4
full_duplex,0,32,132,"n23m0236.hpc.itc.rwth-aachen.de",1,4194304,50,44407.9,47940.7,50884.5,52342.6,55114.4,64003,71996.9
full_duplex,0,32,138,"n23m0236.hpc.itc.rwth-aachen.de",1,4194304,50,44110.6,48701.2,51841.5,53475.4,56807.3,63233.4,79382.3
full_duplex,0,32,144,"n23m0236.hpc.itc.rwth-aachen.de",1,4194304,50,44307.6,48058,51493.4,53292.8,57006.4,65054.4,82449.5
full_duplex,0,32,150,"n23m0236.hpc.itc.rwth-aachen.de",1,4194304,50,45807.9,49367.3,52697.7,54229.3,57543.4,64929.1,75241.4
full_duplex,0,32,156,"n23m0236.hpc.itc.rwth-aachen.de",1,4194304,50,45127.6,49200.2,52723.7,54111.4,57534.4,65351.5,80930.1
full_duplex,0,32,162,"n23m0236.hpc.itc.rwth-aachen.de",1,4194304,50,44728,48725.2,52721.7,54320.8,58042.5,62682.5,77075.6
full_duplex,0,32,168,"n23m0236.hpc.itc.rwth-aachen.de",1,4194304,50,47002.7,50213.2,54112.8,55416.3,59109.3,63852.7,81971
full_duplex,0,32,174,"n23m0236.hpc.itc.rwth-aachen.de",1,4194304,50,45559.3,50651,54460.8,55777.8,59823.3,66526.6,80042.5
full_duplex,0,32,180,"n23m0236.hpc.itc.rwth-aachen.de",1,4194304,50,47013.5,51017.1,54271.7,56032.2,59971,65459.3,76487.4
full_duplex,0,32,186,"n23m0236.hpc.itc.rwth-aachen.de",1,4194304,50,45922.2,50756.7,54734,56257,60142.9,64892.3,78737
immediate_response,0,32,1,"n23m0223.hpc.itc.rwth-aachen.de",0,4194304,50,51886.1,56128.3,63845.8,65038.1,70430.6,82457.2,96888.1
immediate_response,0,32,6,"n23m0223.hpc.itc.rwth-aachen.de",0,4194304,50,50781.2,54952.1,62486.3,63667.1,68721.6,80989.7,95499.6
immediate_response,0,32,12,"n23m0223.hpc.itc.rwth-aachen.de",0,4194304,50,49596.4,53761.1,60895.8,60489.6,65663.1,70143.5,94084.8
immediate_response,0,32,18,"n23m0223.hpc.itc.rwth-aachen.de",0,4194304,50,39551.3,40852.7,42465.4,43567.6,44276.9,51670.9,57800.4
immediate_response,0,32,24,"n23m0223.hpc.itc.rwth-aachen.de",0,4194304,50,25526.7,27869.6,30064.1,33299.2,34883.6,50909.9,63351.5
immediate_response,0,32,30,"n23m0223.hpc.itc.rwth-aachen.de",0,4194304,50,1681.1,1927.43,2255.21,17414.7,34989.7,40708.4,42940
immediate_response,0,32,36,"n23m0223.hpc.itc.rwth-aachen.de",0,4194304,50,2314.72,2790.91,3005.99,8282.23,3679.49,42505.1,48420.8
immediate_response,0,32,42,"n23m0223.hpc.itc.rwth-aachen.de",0,4194304,50,3370.4,4047.86,4388.44,12422.6,20160.1,40612.6,54164.7
immediate_response,0,32,48,"n23m0223.hpc.itc.rwth-aachen.de",0,4194304,50,4984.82,6046.99,6896.97,19535.9,40613.3,56693.8,62282.5
immediate_response,0,32,54,"n23m0223.hpc.itc.rwth-aachen.de",0,4194304,50,6476.42,7353.8,8362.26,20470.3,32417,64333.7,76416.3
immediate_response,0,32,60,"n23m0223.hpc.itc.rwth-aachen.de",0,4194304,50,7978.26,9143.16,10617.5,20861.5,28994.9,58410.7,79406.3
immediate_response,0,32,66,"n23m0223.hpc.itc.rwth-aachen.de",0,4194304,50,9493.35,11505.4,13276.6,24320,40372.2,51175.5,56902.2
immediate_response,0,32,72,"n23m0223.hpc.itc.rwth-aachen.de",0,4194304,50,11148.8,12311.1,13795.1,19800.5,16244.7,51569.6,61082.9
immediate_response,0,32,78,"n23m0223.hpc.itc.rwth-aachen.de",0,4194304,50,12667.5,14000.8,15939.5,24579.4,34801.6,58380.3,78463.5
immediate_response,0,32,84,"n23m0223.hpc.itc.rwth-aachen.de",0,4194304,50,14373.3,16187.1,18627.1,26248.2,32671.1,55558.1,57386.4
immediate_response,0,32,90,"n23m0223.hpc.itc.rwth-aachen.de",0,4194304,50,16434.1,18025.8,21500,28966.1,36834.8,58272.6,60850.4
immediate_response,0,32,96,"n23m0236.hpc.itc.rwth-aachen.de",1,4194304,50,44826.2,50842.6,57257.1,58783.2,62983.2,78117.8,79888.5
immediate_response,0,32,102,"n23m0236.hpc.itc.rwth-aachen.de",1,4194304,50,44077.5,51035,57161.4,59247.6,64345.1,78026.8,92284.7
immediate_response,0,32,108,"n23m0236.hpc.itc.rwth-aachen.de",1,4194304,50,31398.1,49507.2,54627,56656,63098.8,75971.6,78719.7
immediate_response,0,32,114,"n23m0236.hpc.itc.rwth-aachen.de",1,4194304,50,44365.7,51048.9,56524.5,58549,63541.5,76921.2,80068.3
immediate_response,0,32,120,"n23m0236.hpc.itc.rwth-aachen.de",1,4194304,50,41606.8,47956.4,55237,56581,62989.6,75413.1,80123
immediate_response,0,32,126,"n23m0236.hpc.itc.rwth-aachen.de",1,4194304,50,44489.3,50129.5,57169.4,58866.2,64947.5,74503.3,79649.9
immediate_response,0,32,132,"n23m0236.hpc.itc.rwth-aachen.de",1,4194304,50,39880.6,50760.1,56675.5,58476.3,63645.1,78574.2,80749.7
immediate_response,0,32,138,"n23m0236.hpc.itc.rwth-aachen.de",1,4194304,50,34369.1,48981.8,55985.7,56594.4,63871.5,72479.4,81051.6
immediate_response,0,32,144,"n23m0236.hpc.itc.rwth-aachen.de",1,4194304,50,35027.8,39365,46504.1,46232.4,51103.9,56616.2,78913
immediate_response,0,32,150,"n23m0236.hpc.itc.rwth-aachen.de",1,4194304,50,43480.5,51698.7,57654.2,58481.4,64498.5,76508.5,77626.7
immediate_response,0,32,156,"n23m0236.hpc.itc.rwth-aachen.de",1,4194304,50,41498.5,47678.7,55524.4,56492.3,62579.5,74762.2,83715.5
immediate_response,0,32,162,"n23m0236.hpc.itc.rwth-aachen.de",1,4194304,50,33439.9,40064.4,45610.2,46238.8,49962,59329.1,69546.7
immediate_response,0,32,168,"n23m0236.hpc.itc.rwth-aachen.de",1,4194304,50,36293.6,42164.9,46854.5,48280.4,53130.1,65091.1,69716.8
immediate_response,0,32,174,"n23m0236.hpc.itc.rwth-aachen.de",1,4194304,50,46581.3,50882.2,55993.3,59063.5,66741.7,76506.8,87894.9
immediate_response,0,32,180,"n23m0236.hpc.itc.rwth-aachen.de",1,4194304,50,40761,48632.1,54999.9,55973.6,60847.6,76473.1,77918.6
immediate_response,0,32,186,"n23m0236.hpc.itc.rwth-aachen.de",1,4194304,50,37879.9,49713.9,55106.7,57378.6,63698.2,77166.5,93596.7
incast,0,48,1,"n23m0223.hpc.itc.rwth-aachen.de",0,4194304,50,48579,51313.4,55717,58241.7,65145.5,72366.1,78361.8
incast,0,48,4,"n23m0223.hpc.itc.rwth-aachen.de",0,4194304,50,48038.5,50697.7,55032,57601.9,64572.2,71635.6,77573.7
incast,0,48,8,"n23m0223.hpc.itc.rwth-aachen.de",0,4194304,50,47487.5,50106.2,54391.7,56586.3,63807.4,69254.2,72429
incast,0,48,12,"n23m0223.hpc.itc.rwth-aachen.de",0,4194304,50,42782,44050,47373.9,48337.6,51396.1,55605.2,64076.1
incast,0,48,16,"n23m0223.hpc.itc.rwth-aachen.de",0,4194304,50,28434.9,29822.2,32100.2,33272.6,36159.9,40536.2,44207.4
incast,0,48,20,"n23m0223.hpc.itc.rwth-aachen.de",0,4194304,50,1380.5,1510.27,1634.3,4772.42,1776.56,26959.9,42217
incast,0,48,24,"n23m0223.hpc.itc.rwth-aachen.de",0,4194304,50,1929.79,2085.32,2236.48,5863.35,2514.46,32995.6,41729.6
incast,0,48,28,"n23m0223.hpc.itc.rwth-aachen.de",0,4194304,50,2460.59,2608.55,2862.67,4870.12,3256.85,24733.6,35484.5
incast,0,48,32,"n23m0223.hpc.itc.rwth-aachen.de",0,4194304,50,2955.3,3172.07,3484.31,5831.25,3925.44,29810.1,41373
incast,0,48,36,"n23m0223.hpc.itc.rwth-aachen.de",0,4194304,50,3509.83,3794.99,4133.71,8694.8,4759.88,38615.7,45680.5
incast,0,48,40,"n23m0223.hpc.itc.rwth-aachen.de",0,4194304,50,4085.93,4390.94,4854.47,7448.99,5682.54,27442.4,37735.3
incast,0,48,44,"n23m0223.hpc.itc.rwth-aachen.de",0,4194304,50,4639.21,4989.41,5581.16,8598.89,6529.53,30157.4,40548.5
incast,0,48,48,"n23m0223.hpc.itc.rwth-aachen.de",0,4194304,50,4935.55,5939.77,6754.09,12275.3,8196.14,38951.8,59577.4
incast,0,48,52,"n23m0223.hpc.itc.rwth-aachen.de",0,4194304,50,5770.48,6788.72,7888.4,13228.5,9549.12,41768,45703.7
incast,0,48,56,"n23m0223.hpc.itc.rwth-aachen.de",0,4194304,50,6585.44,7646.78,8559.71,11647.6,9801.7,41828.4,55699.5
incast,0,48,60,"n23m0223.hpc.itc.rwth-aachen.de",0,4194304,50,7404.02,8501.16,9881.69,14529.7,12239.2,38189.9,41890.1
incast,0,48,64,"n23m0223.hpc.itc.rwth-aachen.de",0,4194304,50,8225.92,9439.33,10627.6,15889.3,12394.7,49566.9,60809.1
incast,0,48,68,"n23m0223.hpc.itc.rwth-aachen.de",0,4194304,50,9022.85,10309.2,11677.3,16286.7,13997.5,45371.4,56444
incast,0,48,72,"n23m0223.hpc.itc.rwth-aachen.de",0,4194304,50,10309.2,11203.5,12991.7,18488.4,16545.6,40170.3,48743.1
incast,0,48,76,"n23m0223.hpc.itc.rwth-aachen.de",0,4194304,50,10628.1,12112.5,14020,19745.2,18398.6,49316.6,58317.4
incast,0,48,80,"n23m0223.hpc.itc.rwth-aachen.de",0,4194304,50,11433.8,12882.6,14830.6,19509.7,19028.1,42793.5,54416.2
incast,0,48,84,"n23m0223.hpc.itc.rwth-aachen.de",0,4194304,50,12261.3,13745.8,15263.6,17567.1,18184,32322.4,55011.3
incast,0,48,88,"n23m0223.hpc.itc.rwth-aachen.de",0,4194304,50,13055.2,14633.7,16570.8,22438.3,21412.6,49139.7,59502.2
incast,0,48,92,"n23m0223.hpc.itc.rwth-aachen.de",0,4194304,50,13869.4,15814.3,17824.3,21150.1,22469.4,37391.1,51428.7
incast,0,48,96,"n23m0236.hpc.itc.rwth-aachen.de",1,4194304,50,41598.7,47527.8,52551.1,54816,62151.4,68920.7,76592.7
incast,0,48,100,"n23m0236.hpc.itc.rwth-aachen.de",1,4194304,50,45993.9,49316.6,53266.5,55820.6,62054.4,69163.7,76879.3
incast,0,48,104,"n23m0236.hpc.itc.rwth-aachen.de",1,4194304,50,37514.8,41014.8,44059.4,46095.5,51212.4,55959.6,62790.9
incast,0,48,108,"n23m0236.hpc.itc.rwth-aachen.de",1,4194304,50,46586.7,48428.3,53418.8,55761.2,61276.3,69257.5,74045.2
incast,0,48,112,"n23m0236.hpc.itc.rwth-aachen.de",1,4194304,50,41823.4,47318.5,52664.1,54713,61352.7,69963.9,76688.8
incast,0,48,116,"n23m0236.hpc.itc.rwth-aachen.de",1,4194304,50,43910.4,47889.6,52688.9,55131,62464.1,68661.1,74943.1
incast,0,48,120,"n23m0236.hpc.itc.rwth-aachen.de",1,4194304,50,45097.7,48353.4,53045.4,55754.7,63223,70792,76162
incast,0,48,124,"n23m0236.hpc.itc.rwth-aachen.de",1,4194304,50,36928,41881.9,45040.8,46614.1,51222.7,56188.5,59535.8
incast,0,48,128,"n23m0236.hpc.itc.rwth-aachen.de",1,4194304,50,46233.7,49303,53410,55994.1,62971,70127.7,76740.6
incast,0,48,132,"n23m0236.hpc.itc.rwth-aachen.de",1,4194304,50,43851,46918.7,51953.1,54297.3,59494.3,67793.2,74000.6
incast,0,48,136,"n23m0236.hpc.itc.rwth-aachen.de",1,4194304,50,41487.1,49209.2,53458.1,55944.2,62297.3,69725.1,77010.6
incast,0,48,140,"n23m0236.hpc.itc.rwth-aachen.de",1,4194304,50,39998.8,42477.9,46997,47957,52569.9,58010.1,65416.1
incast,0,48,144,"n23m0236.hpc.itc.rwth-aachen.de",1,4194304,50,37440.5,42215.7,45691.7,47080.1,51884.6,57436.5,60378.7
incast,0,48,148,"n23m0236.hpc.itc.rwth-aachen.de",1,4194304,50,37788,40809,45088.2,46785.9,52045.6,59412.4,61716.8
incast,0,48,152,"n23m0236.hpc.itc.rwth-aachen.de",1,4194304,50,46467.6,49369.2,53402.5,55885.1,62364,70182.8,76706.4
incast,0,48,156,"n23m0236.hpc.itc.rwth-aachen.de",1,4194304,50,45698.3,49081.4,53183.7,55746,61220.1,70122.4,76485.2
incast,0,48,160,"n23m0236.hpc.itc.rwth-aachen.de",1,4194304,50,40790.9,47289.6,52487.1,54065.6,59946.5,69829.2,74724.6
incast,0,48,164,"n23m0236.hpc.itc.rwth-aachen.de",1,4194304,50,41697.8,48609.2,53456,55594.5,61895.7,70332.3,75233.4
incast,0,48,168,"n23m0236.hpc.itc.rwth-aachen.de",1,4194304,50,37994.9,41354.8,45354.7,46359,50227.2,56197.9,60657.1
incast,0,48,172,"n23m0236.hpc.itc.rwth-aachen.de",1,4194304,50,39545.3,42967,46943.5,48169,52713.7,58567.2,63827.2
incast,0,48,176,"n23m0236.hpc.itc.rwth-aachen.de",1,4194304,50,37791.3,41031.4,44173,46556,50945.9,59132,60673.5
incast,0,48,180,"n23m0236.hpc.itc.rwth-aachen.de",1,4194304,50,45356.4,48377.4,53552,55486.9,61486.4,69398.3,73274.7
incast,0,48,184,"n23m0236.hpc.itc.rwth-aachen.de",1,4194304,50,44712.2,48519.9,53419.3,56008.4,62447.4,70763.3,75652.3
incast,0,48,188,"n23m0236.hpc.itc.rwth-aachen.de",1,4194304,50,45112.8,48274.7,52926.2,59836.3,61100.1,72778.8,272259
fanout,0,48,1,"n23m0223.hpc.itc.rwth-aachen.de",0,4194304,50,28660.4,31353.7,31972.6,31992.5,32486.5,35240.9,37553.9
fanout,0,48,4,"n23m0223.hpc.itc.rwth-aachen.de",0,4194304,50,28137.5,30745.2,31360.4,31389.9,31872,34632.5,36810.5
fanout,0,48,8,"n23m0223.hpc.itc.rwth-aachen.de",0,4194304,50,27641.5,30195.2,30822.6,30860.7,31322.1,34092.3,36217
fanout,0,48,12,"n23m0223.hpc.itc.rwth-aachen.de",0,4194304,50,27097.6,29608.2,30239.1,30257.7,30710.9,33510.9,35450.3
fanout,0,48,16,"n23m0223.hpc.itc.rwth-aachen.de",0,4194304,50,26241.7,28481.6,28980,29050.7,29559.6,32040.5,33913.8
fanout,0,48,20,"n23m0223.hpc.itc.rwth-aachen.de",0,4194304,50,1069.7,1183.8,1209.98,1268.93,1231.65,1312.61,4358.88
fanout,0,48,24,"n23m0223.hpc.itc.rwth-aachen.de",0,4194304,50,1613.3,1763.28,1798.93,1851.38,1823.42,1965.95,4897.06
fanout,0,48,28,"n23m0223.hpc.itc.rwth-aachen.de",0,4194304,50,2113.28,2315.32,2354.79,3566.71,2381.99,4199.13,34284.2
fanout,0,48,32,"n23m0223.hpc.itc.rwth-aachen.de",0,4194304,50,2623.34,2886.12,2924.15,4550.57,2963.73,18354.4,29703.6
fanout,0,48,36,"n23m0223.hpc.itc.rwth-aachen.de",0,4194304,50,3120.44,3441.99,3498.63,4046,3530.84,3831.83,31934.1
fanout,0,48,40,"n23m0223.hpc.itc.rwth-aachen.de",0,4194304,50,3630.78,4017.99,4078.48,5599.27,4131.99,18519,29366.2
fanout,0,48,44,"n23m0223.hpc.itc.rwth-aachen.de",0,4194304,50,4153.64,4549.59,4655.64,5244.3,4713.07,5200.57,32795.1
fanout,0,48,48,"n23m0223.hpc.itc.rwth-aachen.de",0,4194304,50,4943.73,5440.86,5522.54,6416.43,5597.01,7485.54,28856.8
fanout,0,48,52,"n23m0223.hpc.itc.rwth-aachen.de",0,4194304,50,5566.9,6234.33,6349.57,7730.43,6425.48,19313.5,31140.5
fanout,0,48,56,"n23m0223.hpc.itc.rwth-aachen.de",0,4194304,50,6488.98,7155.8,7349.96,10310.8,7502.58,28641.4,34636.1
fanout,0,48,60,"n23m0223.hpc.itc.rwth-aachen.de",0,4194304,50,6803.57,8038.32,8293.8,11555,8469.41,29820.8,32420.7
fanout,0,48,64,"n23m0223.hpc.itc.rwth-aachen.de",0,4194304,50,7777.39,8898.08,9233.29,9928.05,9423.57,9779.56,30761.5
fanout,0,48,68,"n23m0223.hpc.itc.rwth-aachen.de",0,4194304,50,8697.56,9878.52,10209.7,11282.4,10502.5,21266.1,30614.5
fanout,0,48,72,"n23m0223.hpc.itc.rwth-aachen.de",0,4194304,50,9589.3,10754.1,11165.8,12855.8,11498.7,28639.9,30636.3
fanout,0,48,76,"n23m0223.hpc.itc.rwth-aachen.de",0,4194304,50,10484.1,11616.7,12128.4,14409.1,12463.3,29647.4,34855.9
fanout,0,48,80,"n23m0223.hpc.itc.rwth-aachen.de",0,4194304,50,11321.4,12526.4,12857.1,14393.3,13289.5,28051.8,29230
fanout,0,48,84,"n23m0223.hpc.itc.rwth-aachen.de",0,4194304,50,12319.2,13420,13770.2,16102.4,14476.3,28889.4,32481.1
fanout,0,48,88,"n23m0223.hpc.itc.rwth-aachen.de",0,4194304,50,12784.3,14219,14637.6,15632.1,15047,25911.8,28562.6
fanout,0,48,92,"n23m0223.hpc.itc.rwth-aachen.de",0,4194304,50,13586.5,15077.6,15520.2,17035.5,15903.6,29062.3,31488
fanout,0,48,96,"n23m0236.hpc.itc.rwth-aachen.de",1,4194304,50,15256.1,16406.1,17178.2,19163.7,18069.3,29451,32570
fanout,0,48,100,"n23m0236.hpc.itc.rwth-aachen.de",1,4194304,50,16453.1,18076.2,18771.3,20615.4,20865.9,29357,30029.6
fanout,0,48,104,"n23m0236.hpc.itc.rwth-aachen.de",1,4194304,50,15774.7,17732.1,18534.7,21462.8,26683.7,30136.7,33262.5
fanout,0,48,108,"n23m0236.hpc.itc.rwth-aachen.de",1,4194304,50,16912.6,18615.2,19792.3,22633.8,27862.8,30579.6,32562.5
fanout,0,48,112,"n23m0236.hpc.itc.rwth-aachen.de",1,4194304,50,17070.6,19017.3,20089.2,22817.2,27777.8,31052.1,32883.1
fanout,0,48,116,"n23m0236.hpc.itc.rwth-aachen.de",1,4194304,50,16429,18230,19431,22169.6,27877.8,30687.5,31454
fanout,0,48,120,"n23m0236.hpc.itc.rwth-aachen.de",1,4194304,50,16816.2,18887.1,20263.7,22231.5,26337.6,29495.2,35161.9
fanout,0,48,124,"n23m0236.hpc.itc.rwth-aachen.de",1,4194304,50,17567.4,19313.8,20999,22318.3,24579.1,29516.2,31211.3
fanout,0,48,128,"n23m0236.hpc.itc.rwth-aachen.de",1,4194304,50,18130.7,20257,21510.5,22509.9,22419.7,29685.9,30789.7
fanout,0,48,132,"n23m0236.hpc.itc.rwth-aachen.de",1,4194304,50,17670.8,19649.6,20495.4,21493.3,21974.5,28731.4,28951.8
fanout,0,48,136,"n23m0236.hpc.itc.rwth-aachen.de",1,4194304,50,18746.8,20806.9,21809.3,22758.4,23366.8,28946.2,29718.5
fanout,0,48,140,"n23m0236.hpc.itc.rwth-aachen.de",1,4194304,50,19035.8,21068.2,22245,22715.3,23397.5,28632.8,30156.5
fanout,0,48,144,"n23m0236.hpc.itc.rwth-aachen.de",1,4194304,50,18831.1,20823.5,21497.4,22332,22733.1,27636.5,30195.4
fanout,0,48,148,"n23m0236.hpc.itc.rwth-aachen.de",1,4194304,50,19257,21463.4,22443,23473.6,24316.1,29476.2,30471.3
fanout,0,48,152,"n23m0236.hpc.itc.rwth-aachen.de",1,4194304,50,19588.5,22737.2,23734.5,24162.6,25187.3,28498.7,30987.2
fanout,0,48,156,"n23m0236.hpc.itc.rwth-aachen.de",1,4194304,50,20265,22381.7,23403.1,24048.3,26107.4,28665.6,30436.2
fanout,0,48,160,"n23m0236.hpc.itc.rwth-aachen.de",1,4194304,50,20395.3,22742.4,23701.9,23981.2,25153.1,27550,28486.3
fanout,0,48,164,"n23m0236.hpc.itc.rwth-aachen.de",1,4194304,50,20827.1,23110,24015.3,24607.5,26324.6,28467.7,29711.4
fanout,0,48,168,"n23m0236.hpc.itc.rwth-aachen.de",1,4194304,50,20558,23746.9,24826,25105.2,26458,28350.1,30348.5
fanout,0,48,172,"n23m0236.hpc.itc.rwth-aachen.de",1,4194304,50,21223.4,24493.4,25671.6,26006.1,27871.7,29658.5,30438.3
fanout,0,48,176,"n23m0236.hpc.itc.rwth-aachen.de",1,4194304,50,21457.3,24466.9,25889.9,25788.8,26778,29394.9,30462.2
fanout,0,48,180,"n23m0236.hpc.itc.rwth-aachen.de",1,4194304,50,21750.3,24489.9,25586.3,25817.2,27084.7,29238.5,30100.3
fanout,0,48,184,"n23m0236.hpc.itc.rwth-aachen.de",1,4194304,50,22269.1,24510,25937,26058.9,27238.8,29974.4,31620.4
fanout,0,48,188,"n23m0236.hpc.itc.rwth-aachen.de",1,4194304,50,23120.3,25323.6,26305.1,26420.1,27563.2,29810.6,31296.8
full_duplex,0,48,1,"n23m0223.hpc.itc.rwth-aachen.de",0,4194304,50,55331.3,78351.2,82609.4,83561.6,89360.3,93671.6,96573.9
full_duplex,0,48,4,"n23m0223.hpc.itc.rwth-aachen.de",0,4194304,50,75703.4,78002.1,82499.7,83642.3,89007.6,92992.4,95823.2
full_duplex,0,48,8,"n23m0223.hpc.itc.rwth-aachen.de",0,4194304,50,75071.2,77025.3,81567.2,82778.7,88407.7,92081,94585
full_duplex,0,48,12,"n23m0223.hpc.itc.rwth-aachen.de",0,4194304,50,74565.7,76366.2,80975.3,82074.6,87340.7,90827.8,93955.3
full_duplex,0,48,16,"n23m0223.hpc.itc.rwth-aachen.de",0,4194304,50,49002,53589.1,74340.9,67940.8,79722.5,89849.3,93159.5
full_duplex,0,48,20,"n23m0223.hpc.itc.rwth-aachen.de",0,4194304,50,48602.4,50339.6,52482.3,53447.8,56605.8,59380.4,61308.4
full_duplex,0,48,24,"n23m0223.hpc.itc.rwth-aachen.de",0,4194304,50,49176.7,50902.4,53036.6,54056.7,57232.7,59991.2,61981.2
full_duplex,0,48,28,"n23m0223.hpc.itc.rwth-aachen.de",0,4194304,50,49730.9,51484.8,53616.4,54645.5,57860,60622,62614.9
full_duplex,0,48,32,"n23m0223.hpc.itc.rwth-aachen.de",0,4194304,50,50248.5,52012,54152.7,55217.6,58481.3,61244,63233.2
full_duplex,0,48,36,"n23m0223.hpc.itc.rwth-aachen.de",0,4194304,50,50781.4,52711.5,55254,56242.1,59202.7,62400,73467.7
full_duplex,0,48,40,"n23m0223.hpc.itc.rwth-aachen.de",0,4194304,50,51289.7,53053.4,55237,56352.2,59675.1,62486.8,64539.2
full_duplex,0,48,44,"n23m0223.hpc.itc.rwth-aachen.de",0,4194304,50,51860.9,53648.8,55889.5,57009.8,60368.7,63196.4,65213.9
full_duplex,0,48,48,"n23m0223.hpc.itc.rwth-aachen.de",0,4194304,50,52573,54336.4,56624.2,58249.8,61220.2,64058.8,89343.4
full_duplex,0,48,52,"n23m0223.hpc.itc.rwth-aachen.de",0,4194304,50,53366.8,55159.8,57508.6,59151.3,62160.1,64960.3,91259
full_duplex,0,48,56,"n23m0223.hpc.itc.rwth-aachen.de",0,4194304,50,54226.3,56025.6,58416.2,59601.1,63232.7,65967.2,67773.8
full_duplex,0,48,60,"n23m0223.hpc.itc.rwth-aachen.de",0,4194304,50,55102.5,56884.1,59349.8,60555.9,64228.4,66959.6,68790
full_duplex,0,48,64,"n23m0223.hpc.itc.rwth-aachen.de",0,4194304,50,55919.4,57993.7,61403.3,62716.2,65686.6,72895,89396.6
full_duplex,0,48,68,"n23m0223.hpc.itc.rwth-aachen.de",0,4194304,50,56777.9,58687.3,61263.3,63251.7,66578.7,70223.7,91701
full_duplex,0,48,72,"n23m0223.hpc.itc.rwth-aachen.de",0,4194304,50,57635.3,59814.7,63301.4,64726.6,68237.6,77890.7,83174.2
full_duplex,0,48,76,"n23m0223.hpc.itc.rwth-aachen.de",0,4194304,50,58443.4,60411.9,63560.3,64565.1,68410.4,71732.7,77825.3
full_duplex,0,48,80,"n23m0223.hpc.itc.rwth-aachen.de",0,4194304,50,59303.9,61584.2,65495.6,67194,70975.4,84019.8,88976.5
full_duplex,0,48,84,"n23m0223.hpc.itc.rwth-aachen.de",0,4194304,50,59886.5,62474.5,65150.3,67039,70418.5,74658.5,89177.4
full_duplex,0,48,88,"n23m0223.hpc.itc.rwth-aachen.de",0,4194304,50,60751.4,63142.4,67477.7,68486.6,71535.4,78762.2,91378.5
full_duplex,0,48,92,"n23m0223.hpc.itc.rwth-aachen.de",0,4194304,50,61559.4,63964.7,67875.7,69879.4,73729.5,88558.1,91116.4
full_duplex,0,48,96,"n23m0236.hpc.itc.rwth-aachen.de",1,4194304,50,62795,65320,70332.4,71387.2,75573.9,85658.8,90628.9
full_duplex,0,48,100,"n23m0236.hpc.itc.rwth-aachen.de",1,4194304,50,64544.9,67217.7,71474.1,73166.5,76877.7,86267.3,90999
full_duplex,0,48,104,"n23m0236.hpc.itc.rwth-aachen.de",1,4194304,50,64124.3,67000.9,74883.8,74892.2,81027.6,89287,92422.6
full_duplex,0,48,108,"n23m0236.hpc.itc.rwth-aachen.de",1,4194304,50,63964.7,68311.6,73810.8,74812.7,81243.6,88852.3,90607.6
full_duplex,0,48,112,"n23m0236.hpc.itc.rwth-aachen.de",1,4194304,50,64358.9,68804.1,75936.2,75429.9,79174.5,88125.7,88689.3
full_duplex,0,48,116,"n23m0236.hpc.itc.rwth-aachen.de",1,4194304,50,64393.1,68470.3,74367.2,74053.3,77567.8,85253.5,92197.7
full_duplex,0,48,120,"n23m0236.hpc.itc.rwth-aachen.de",1,4194304,50,66097.8,69781.6,75869.4,75653.3,78349,88845.4,92262.2
full_duplex,0,48,124,"n23m0236.hpc.itc.rwth-aachen.de",1,4194304,50,66509.5,69812.2,74634.9,75077.7,78529.8,86332.9,90968.1
full_duplex,0,48,128,"n23m0236.hpc.itc.rwth-aachen.de",1,4194304,50,65403,69726.7,74867,75414.6,79703.3,87845.2,90916.9
full_duplex,0,48,132,"n23m0236.hpc.itc.rwth-aachen.de",1,4194304,50,65370.8,69247.6,74280.9,75115.1,78229.4,89269.2,90900.5
full_duplex,0,48,136,"n23m0236.hpc.itc.rwth-aachen.de",1,4194304,50,67004.9,71256.3,74364.3,76103.2,79147.3,87330.1,91740.1
full_duplex,0,48,140,"n23m0236.hpc.itc.rwth-aachen.de",1,4194304,50,67305.1,71161.6,74439.4,75730,79285.6,87667.3,90145.7
full_duplex,0,48,144,"n23m0236.hpc.itc.rwth-aachen.de",1,4194304,50,67667.2,70846.5,74726.2,76315.9,80448.9,87988,90571.2
full_duplex,0,48,148,"n23m0236.hpc.itc.rwth-aachen.de",1,4194304,50,66038.3,71090.6,75026.5,75603.5,80172.6,83632.2,86784.1
full_duplex,0,48,152,"n23m0236.hpc.itc.rwth-aachen.de",1,4194304,50,66395.4,71998.7,75812,76666.1,80447.7,86639.5,89143.1
full_duplex,0,48,156,"n23m0236.hpc.itc.rwth-aachen.de",1,4194304,50,66853,71932.7,75447,76463.4,80720.6,85785.6,93563.2
full_duplex,0,48,160,"n23m0236.hpc.itc.rwth-aachen.de",1,4194304,50,67445.7,71993.8,75381.6,77251,81580.7,87730.5,93754.1
full_duplex,0,48,164,"n23m0236.hpc.itc.rwth-aachen.de",1,4194304,50,69435.6,72919.5,75948.6,77491.6,81288.5,88010.1,91237.3
full_duplex,0,48,168,"n23m0236.hpc.itc.rwth-aachen.de",1,4194304,50,68118.7,73078.3,76243,77340.4,81878.2,87024,89942.8
full_duplex,0,48,172,"n23m0236.hpc.itc.rwth-aachen.de",1,4194304,50,68330.6,73552,77193,78211.2,82205.2,87415.2,90202
full_duplex,0,48,176,"n23m0236.hpc.itc.rwth-aachen.de",1,4194304,50,67815.2,74125.5,78746,78417.7,82651.9,87162.2,88593.2
full_duplex,0,48,180,"n23m0236.hpc.itc.rwth-aachen.de",1,4194304,50,68350.4,74805.3,77331.6,78459,81991.7,87186.3,89265.1
full_duplex,0,48,184,"n23m0236.hpc.itc.rwth-aachen.de",1,4194304,50,68810,74273.2,78298.8,78558.2,82147.3,86826.9,88963.7
full_duplex,0,48,188,"n23m0236.hpc.itc.rwth-aachen.de",1,4194304,50,69260.4,74872.3,77179.8,79092.1,83628.9,87650.6,90487.1
immediate_response,0,48,1,"n23m0223.hpc.itc.rwth-aachen.de",0,4194304,50,78327.1,80909,89245,92425.8,101616,115145,121705
immediate_response,0,48,4,"n23m0223.hpc.itc.rwth-aachen.de",0,4194304,50,77115,79713.2,87893.7,91099.8,100368,113757,120190
immediate_response,0,48,8,"n23m0223.hpc.itc.rwth-aachen.de",0,4194304,50,75952,78520.6,86382.5,88501.5,97164,103353,118630
immediate_response,0,48,12,"n23m0223.hpc.itc.rwth-aachen.de",0,4194304,50,61329.7,64028.8,67463.7,70415.6,73692.7,88995.8,106017
immediate_response,0,48,16,"n23m0223.hpc.itc.rwth-aachen.de",0,4194304,50,41913.2,44000.5,46653.8,50657.9,51076.6,77256.5,83301
immediate_response,0,48,20,"n23m0223.hpc.itc.rwth-aachen.de",0,4194304,50,2127.72,2245.85,2505.53,15077.3,27052.2,60703.6,73382.5
immediate_response,0,48,24,"n23m0223.hpc.itc.rwth-aachen.de",0,4194304,50,2689.97,3335.76,3554.38,12234.9,4005.15,55155.3,62315.9
immediate_response,0,48,28,"n23m0223.hpc.itc.rwth-aachen.de",0,4194304,50,3747.56,4317.31,4735.31,11257.9,5187.99,49642.1,74434.9
immediate_response,0,48,32,"n23m0223.hpc.itc.rwth-aachen.de",0,4194304,50,4772.96,5321.03,5766.01,8652.68,6275,27636.5,62905
immediate_response,0,48,36,"n23m0223.hpc.itc.rwth-aachen.de",0,4194304,50,5867.72,6471.25,7049.64,15729,8005.68,58645.3,67739.5
immediate_response,0,48,40,"n23m0223.hpc.itc.rwth-aachen.de",0,4194304,50,7092.92,7691.06,8430.63,18225,9746.76,55070.9,63564.6
immediate_response,0,48,44,"n23m0223.hpc.itc.rwth-aachen.de",0,4194304,50,7570.9,8827.64,9805.02,21412.4,31130.1,61226.5,92255
immediate_response,0,48,48,"n23m0223.hpc.itc.rwth-aachen.de",0,4194304,50,9196.84,10300.8,12063.2,28722.2,48930.5,79046.7,98898.9
immediate_response,0,48,52,"n23m0223.hpc.itc.rwth-aachen.de",0,4194304,50,11038.3,11914.3,13081.7,29654.6,40385.1,96887.3,114283
immediate_response,0,48,56,"n23m0223.hpc.itc.rwth-aachen.de",0,4194304,50,12882.4,14549.7,16849.1,39027.4,69934.5,88199.5,109688
immediate_response,0,48,60,"n23m0223.hpc.itc.rwth-aachen.de",0,4194304,50,13924.5,15045.7,17070.8,30436.6,21591.3,83866.6,109447
immediate_response,0,48,64,"n23m0223.hpc.itc.rwth-aachen.de",0,4194304,50,15882.5,17105.2,18714.4,27717.2,21188.2,78804.1,95115.5
immediate_response,0,48,68,"n23m0223.hpc.itc.rwth-aachen.de",0,4194304,50,17179.6,20158.9,36015.8,46704,71131.6,87778.7,116489
immediate_response,0,48,72,"n23m0223.hpc.itc.rwth-aachen.de",0,4194304,50,18608.4,20399.9,22592.6,33424.6,28312.5,82078.3,99069.9
immediate_response,0,48,76,"n23m0223.hpc.itc.rwth-aachen.de",0,4194304,50,20432,22202.5,24130.9,30978.8,27515.6,67169.9,108330
immediate_response,0,48,80,"n23m0223.hpc.itc.rwth-aachen.de",0,4194304,50,22355.1,24594.6,28613,40649.1,62867.4,80586.9,93584.5
immediate_response,0,48,84,"n23m0223.hpc.itc.rwth-aachen.de",0,4194304,50,23082,26172.7,29283.8,42437,61290.7,84822.6,88971.7
immediate_response,0,48,88,"n23m0223.hpc.itc.rwth-aachen.de",0,4194304,50,24825,27322.8,30550.3,38400.3,35599.2,83477.6,90304.8
immediate_response,0,48,92,"n23m0223.hpc.itc.rwth-aachen.de",0,4194304,50,26553.1,28877.4,32650,40200,44110.2,74195.8,103721
immediate_response,0,48,96,"n23m0236.hpc.itc.rwth-aachen.de",1,4194304,50,66028.1,73550.1,80090.3,82175.7,91082.5,104243,110329
immediate_response,0,48,100,"n23m0236.hpc.itc.rwth-aachen.de",1,4194304,50,62526.8,76573.9,85515.9,85883.7,93681,108215,119281
immediate_response,0,48,104,"n23m0236.hpc.itc.rwth-aachen.de",1,4194304,50,57510.1,61558.7,71240.8,74090.7,84366.7,96288.8,112486
immediate_response,0,48,108,"n23m0236.hpc.itc.rwth-aachen.de",1,4194304,50,70736.2,76353.7,83734.1,86470.1,93222,110460,117489
immediate_response,0,48,112,"n23m0236.hpc.itc.rwth-aachen.de",1,4194304,50,67660.7,73477.2,80286.7,82585,89869.5,103170,111434
immediate_response,0,48,116,"n23m0236.hpc.itc.rwth-aachen.de",1,4194304,50,66208.6,73707.4,81018,83821.9,91356.2,106343,113914
immediate_response,0,48,120,"n23m0236.hpc.itc.rwth-aachen.de",1,4194304,50,67578.9,76263.7,81915,86160.4,97767.2,107243,112534
immediate_response,0,48,124,"n23m0236.hpc.itc.rwth-aachen.de",1,4194304,50,53414.4,62264.8,65969.5,70586.7,76769.8,94304.6,107179
immediate_response,0,48,128,"n23m0236.hpc.itc.rwth-aachen.de",1,4194304,50,70005.7,76562.8,83813,85062.3,92604.3,104814,109937
immediate_response,0,48,132,"n23m0236.hpc.itc.rwth-aachen.de",1,4194304,50,64989.9,71606.4,78792.3,82433.8,90544.5,107857,114809
immediate_response,0,48,136,"n23m0236.hpc.itc.rwth-aachen.de",1,4194304,50,70309,76021.5,82830.9,85523.1,93133.3,111168,114550
immediate_response,0,48,140,"n23m0236.hpc.itc.rwth-aachen.de",1,4194304,50,55723.2,61524.6,67682.6,69889.2,75387.6,90610.2,93564
immediate_response,0,48,144,"n23m0236.hpc.itc.rwth-aachen.de",1,4194304,50,49071,63968.9,67593.1,71527.4,79382.4,91383.7,95596
immediate_response,0,48,148,"n23m0236.hpc.itc.rwth-aachen.de",1,4194304,50,53322.4,57974.4,65494.9,68623.4,76682,90302.3,93248
immediate_response,0,48,152,"n23m0236.hpc.itc.rwth-aachen.de",1,4194304,50,67546.3,76923.4,83146.8,85608.9,91988.4,105355,116244
immediate_response,0,48,156,"n23m0236.hpc.itc.rwth-aachen.de",1,4194304,50,67041.9,74303.8,79336.9,83796.8,91549.4,105648,117773
immediate_response,0,48,160,"n23m0236.hpc.itc.rwth-aachen.de",1,4194304,50,63426.2,74338.7,78597.5,81785.4,87909.3,103870,114803
immediate_response,0,48,164,"n23m0236.hpc.itc.rwth-aachen.de",1,4194304,50,66422.3,75589.5,83581.9,85322.8,93717.2,108341,116381
immediate_response,0,48,168,"n23m0236.hpc.itc.rwth-aachen.de",1,4194304,50,57198.5,62655.6,70920.2,72069.6,78758.8,93529.5,103484
immediate_response,0,48,172,"n23m0236.hpc.itc.rwth-aachen.de",1,4194304,50,40562.5,61507.9,66902.9,70030.6,74904.5,93151.9,108137
immediate_response,0,48,176,"n23m0236.hpc.itc.rwth-aachen.de",1,4194304,50,51981.7,57482.7,65736.6,66399.6,72277.8,86005.4,92066.6
immediate_response,0,48,180,"n23m0236.hpc.itc.rwth-aachen.de",1,4194304,50,67711,73829.8,84078.8,84345.1,93353.3,105611,114886
immediate_response,0,48,184,"n23m0236.hpc.itc.rwth-aachen.de",1,4194304,50,66184.8,76241.1,81734.4,84322.1,89717.1,109922,117272
immediate_response,0,48,188,"n23m0236.hpc.itc.rwth-aachen.de",1,4194304,50,64402.7,74539.8,81762.6,84248.7,92178.7,106188,115236
incast,0,64,1,"n23m0223.hpc.itc.rwth-aachen.de",0,4194304,50,66583.4,68991.3,74322.2,79145.9,86277.6,103396,107382
incast,0,64,3,"n23m0223.hpc.itc.rwth-aachen.de",0,4194304,50,65981.3,68400.9,73742.5,78484.9,85493.6,102679,106565
incast,0,64,6,"n23m0223.hpc.itc.rwth-aachen.de",0,4194304,50,65337.1,67746.9,73111.4,76988.7,84675.6,95699.5,96570.9
incast,0,64,9,"n23m0223.hpc.itc.rwth-aachen.de",0,4194304,50,57981.7,59427.4,61724.1,64850.4,68266,77506.5,89942.1
incast,0,64,12,"n23m0223.hpc.itc.rwth-aachen.de",0,4194304,50,38711,39976.7,42174.6,44274.2,46791.9,54695.6,64135.8
incast,0,64,15,"n23m0223.hpc.itc.rwth-aachen.de",0,4194304,50,1622.8,1673.44,1766.55,5522.11,1955.29,37320.7,62298
incast,0,64,18,"n23m0223.hpc.itc.rwth-aachen.de",0,4194304,50,2130.17,2263.9,2455.93,11021.7,3057.17,42149.4,60969.5
incast,0,64,21,"n23m0223.hpc.itc.rwth-aachen.de",0,4194304,50,2694.03,2810.88,2980.45,4583.96,3362.04,4125.92,40991.3
incast,0,64,24,"n23m0223.hpc.itc.rwth-aachen.de",0,4194304,50,3214.71,3387.05,3624.63,6125.66,4157.9,22474.7,57197.7
incast,0,64,27,"n23m0223.hpc.itc.rwth-aachen.de",0,4194304,50,3772.62,3939.38,4211.71,6008.74,4691.77,6017.58,49302.3
incast,0,64,30,"n23m0223.hpc.itc.rwth-aachen.de",0,4194304,50,4284.21,4518.13,4959.66,8648.04,5623.17,38458.4,55066.4
incast,0,64,33,"n23m0223.hpc.itc.rwth-aachen.de",0,4194304,50,4893.11,5097.04,5530.72,9465.52,6410.66,38189.9,59297.3
incast,0,64,36,"n23m0223.hpc.itc.rwth-aachen.de",0,4194304,50,5474.17,5806.85,6361.81,11748.1,7442.34,42482.4,65835.1
incast,0,64,39,"n23m0223.hpc.itc.rwth-aachen.de",0,4194304,50,6041.62,6268.49,7013.49,14908,8737.74,53580.7,63111.3
incast,0,64,42,"n23m0223.hpc.itc.rwth-aachen.de",0,4194304,50,6647.55,6967.25,7503.81,10438.9,8835.18,35320.9,48983.4
incast,0,64,45,"n23m0223.hpc.itc.rwth-aachen.de",0,4194304,50,7227.26,7624.41,8291.85,11137.7,9533.68,35367.4,53813.7
incast,0,64,48,"n23m0223.hpc.itc.rwth-aachen.de",0,4194304,50,8172.27,8558.32,9358.19,14985.3,10992.5,50710.5,74681
incast,0,64,51,"n23m0223.hpc.itc.rwth-aachen.de",0,4194304,50,8992.65,9366,10222.2,15196.7,12179.1,46861,62425.3
incast,0,64,54,"n23m0223.hpc.itc.rwth-aachen.de",0,4194304,50,9850.73,10257.6,11004,16615.2,12944.7,65643.5,80404.6
incast,0,64,57,"n23m0223.hpc.itc.rwth-aachen.de",0,4194304,50,10678.5,11079.5,11983.3,17463.6,13966,72821.8,83891.2
incast,0,64,60,"n23m0223.hpc.itc.rwth-aachen.de",0,4194304,50,11539.3,11970.8,13704.7,22175.6,17834.3,60152,68136.5
incast,0,64,63,"n23m0223.hpc.itc.rwth-aachen.de",0,4194304,50,12367.3,12919.6,14276.9,20016.7,17083.6,57074,76732.4
incast,0,64,66,"n23m0223.hpc.itc.rwth-aachen.de",0,4194304,50,13235.7,14097.3,16970.9,26033.4,45915.5,56645.2,67028.5
incast,0,64,69,"n23m0223.hpc.itc.rwth-aachen.de",0,4194304,50,14086.1,15060.3,16865,21909.4,20873.7,51765.3,64315.4
incast,0,64,72,"n23m0223.hpc.itc.rwth-aachen.de",0,4194304,50,14877,15608.1,17275.4,21070.5,20571.1,51629.6,69246.3
incast,0,64,75,"n23m0223.hpc.itc.rwth-aachen.de",0,4194304,50,15770.3,16793.6,18557.8,25824,23413.5,64987.7,81251.7
incast,0,64,78,"n23m0223.hpc.itc.rwth-aachen.de",0,4194304,50,16697.4,17438.8,19558.3,27983.3,25279.1,73712.3,77109.7
incast,0,64,81,"n23m0223.hpc.itc.rwth-aachen.de",0,4194304,50,17505.9,18259.4,19891.8,25135.7,25488.1,52698.3,64196.9
incast,0,64,84,"n23m0223.hpc.itc.rwth-aachen.de",0,4194304,50,18351,19268.9,21901.7,28860.3,28149.2,61948.3,76317.4
incast,0,64,87,"n23m0223.hpc.itc.rwth-aachen.de",0,4194304,50,19190.8,19997.6,21870.4,24283.4,26210.4,32741.4,60497.8
incast,0,64,90,"n23m0223.hpc.itc.rwth-aachen.de",0,4194304,50,20154.7,21397.8,24428.2,28354.9,29773.2,52496.5,72632.8
incast,0,64,93,"n23m0223.hpc.itc.rwth-aachen.de",0,4194304,50,20840.8,22341.5,26178.2,30559.2,31828.7,57079.2,72621.3
incast,0,64,96,"n23m0236.hpc.itc.rwth-aachen.de",1,4194304,50,60021.3,65852.5,71517.5,75474.7,83017.9,96056.6,104638
incast,0,64,99,"n23m0236.hpc.itc.rwth-aachen.de",1,4194304,50,50402,56297.7,59521.2,62697.9,67149.2,78892.9,83202
incast,0,64,102,"n23m0236.hpc.itc.rwth-aachen.de",1,4194304,50,61241.1,66060.6,70907.4,75530.3,81945.9,99687.7,104864
incast,0,64,105,"n23m0236.hpc.itc.rwth-aachen.de",1,4194304,50,64751.3,66576.9,72538.1,76607.4,83002.3,100357,104993
incast,0,64,108,"n23m0236.hpc.itc.rwth-aachen.de",1,4194304,50,60706.5,66058.2,72352.6,76075.6,83341.8,98173.8,103567
incast,0,64,111,"n23m0236.hpc.itc.rwth-aachen.de",1,4194304,50,59739.5,64447.3,69837.6,74599.5,81874.8,97610.2,102978
incast,0,64,114,"n23m0236.hpc.itc.rwth-aachen.de",1,4194304,50,59822.4,66187.4,71677.7,75506.8,79986.1,98407.4,103823
incast,0,64,117,"n23m0236.hpc.itc.rwth-aachen.de",1,4194304,50,62764.3,66302.9,71588.4,75820.5,81659.2,99807.3,102634
incast,0,64,120,"n23m0236.hpc.itc.rwth-aachen.de",1,4194304,50,63810.7,66815.1,71450.5,75960.3,79625.9,101076,104530
incast,0,64,123,"n23m0236.hpc.itc.rwth-aachen.de",1,4194304,50,61605,66480.7,71092.7,75650.3,81200.2,97997.9,103598
incast,0,64,126,"n23m0236.hpc.itc.rwth-aachen.de",1,4194304,50,59248.6,66341.1,71715.9,75275.6,82474.2,97473.2,102345
incast,0,64,129,"n23m0236.hpc.itc.rwth-aachen.de",1,4194304,50,62652.2,66744.6,71759.5,76294.7,84089,101373,105192
incast,0,64,132,"n23m0236.hpc.itc.rwth-aachen.de",1,4194304,50,62997.9,67179.5,71606.2,76810.4,81238.2,101414,105539
incast,0,64,135,"n23m0236.hpc.itc.rwth-aachen.de",1,4194304,50,61492.2,66852.3,71744.4,76085,83825,97623.1,105614
incast,0,64,138,"n23m0236.hpc.itc.rwth-aachen.de",1,4194304,50,60035.5,65786.7,71454.6,75721.8,81785.8,99567.2,105815
incast,0,64,141,"n23m0236.hpc.itc.rwth-aachen.de",1,4194304,50,62528.3,65869,71654.4,76292.2,82579.7,100588,105337
incast,0,64,144,"n23m0236.hpc.itc.rwth-aachen.de",1,4194304,50,29630.3,55315.2,59685.3,61568.3,66548.5,77480.3,82097.4
incast,0,64,147,"n23m0236.hpc.itc.rwth-aachen.de",1,4194304,50,42399.8,56246.5,59933.9,62459.6,68325,78855.5,82770
incast,0,64,150,"n23m0236.hpc.itc.rwth-aachen.de",1,4194304,50,63256,66318.3,72179.4,76222.2,81910.8,101000,105764
incast,0,64,153,"n23m0236.hpc.itc.rwth-aachen.de",1,4194304,50,52890.7,55761.4,61269.1,63500.3,69945.3,79171.7,81329.1
incast,0,64,156,"n23m0236.hpc.itc.rwth-aachen.de",1,4194304,50,61976.5,65223.9,71082.3,74977,81400.7,98834.2,103132
incast,0,64,159,"n23m0236.hpc.itc.rwth-aachen.de",1,4194304,50,62171,66458,71815.4,75364.3,80497.7,99648.8,102764
incast,0,64,162,"n23m0236.hpc.itc.rwth-aachen.de",1,4194304,50,51638.2,55721.3,61531.3,63591.6,69741.7,80964.9,83529.3
incast,0,64,165,"n23m0236.hpc.itc.rwth-aachen.de",1,4194304,50,63058,66619.7,71328.6,75872.2,82045.9,97564.8,100583
incast,0,64,168,"n23m0236.hpc.itc.rwth-aachen.de",1,4194304,50,52808.1,55986,60382.1,62545.8,67621.7,77144.5,80804.4
incast,0,64,171,"n23m0236.hpc.itc.rwth-aachen.de",1,4194304,50,63076.6,66286.4,71210.6,75553.3,82801.9,98829,102863
incast,0,64,174,"n23m0236.hpc.itc.rwth-aachen.de",1,4194304,50,61137.3,66493.5,71962.1,75786.2,81806.9,99112.8,103340
incast,0,64,177,"n23m0236.hpc.itc.rwth-aachen.de",1,4194304,50,45288.9,52723.9,56082.9,59346.2,64330.7,77034.6,80423.9
incast,0,64,180,"n23m0236.hpc.itc.rwth-aachen.de",1,4194304,50,61638,65592.3,71024.2,75135.3,81961.4,97195.9,101875
incast,0,64,183,"n23m0236.hpc.itc.rwth-aachen.de",1,4194304,50,60884.8,65777.7,70807.3,74994.3,80768.8,99655.6,103724
incast,0,64,186,"n23m0236.hpc.itc.rwth-aachen.de",1,4194304,50,61723.1,66632.8,72243.6,76145.6,83084.6,101530,104004
incast,0,64,189,"n23m0236.hpc.itc.rwth-aachen.de",1,4194304,50,63222.5,66764.3,71770.3,76123.7,82378,98769.1,104295
fanout,0,64,1,"n23m0223.hpc.itc.rwth-aachen.de",0,4194304,50,38209.8,42487.5,43175.6,43019.5,43880.3,44376.2,45164.2
fanout,0,64,3,"n23m0223.hpc.itc.rwth-aachen.de",0,4194304,50,37687.2,41878.1,42574.3,42447.9,43298.3,43819.3,44563.1
fanout,0,64,6,"n23m0223.hpc.itc.rwth-aachen.de",0,4194304,50,37182.6,41332.6,42025.1,41856.3,42702.9,43212.3,43977.5
fanout,0,64,9,"n23m0223.hpc.itc.rwth-aachen.de",0,4194304,50,36709.2,40774.6,41522.5,41315.6,42173.7,42656.9,43378.4
fanout,0,64,12,"n23m0223.hpc.itc.rwth-aachen.de",0,4194304,50,35760.8,39185.7,39782.9,39677.9,40509.7,40792.9,41487.3
fanout,0,64,15,"n23m0223.hpc.itc.rwth-aachen.de",0,4194304,50,1283.17,1370.31,1395.22,5092.5,1412.51,38124.7,39817.8
fanout,0,64,18,"n23m0223.hpc.itc.rwth-aachen.de",0,4194304,50,1390.16,1931.66,1967.85,7773.36,2002.58,39122.2,40344.6
fanout,0,64,21,"n23m0223.hpc.itc.rwth-aachen.de",0,4194304,50,1968.45,2471.57,2531.85,7260.98,2574.84,37344.6,39374
fanout,0,64,24,"n23m0223.hpc.itc.rwth-aachen.de",0,4194304,50,2437.76,2831.6,3086.57,2976.03,3115.74,3170.89,3458.37
fanout,0,64,27,"n23m0223.hpc.itc.rwth-aachen.de",0,4194304,50,2983.43,3403.78,3647.18,6308.63,3697.15,37472.1,39892.9
fanout,0,64,30,"n23m0223.hpc.itc.rwth-aachen.de",0,4194304,50,3515.5,3936.78,4175.47,5500.13,4235.94,4475.81,40184.3
fanout,0,64,33,"n23m0223.hpc.itc.rwth-aachen.de",0,4194304,50,4042.82,4481.71,4709.63,4622.01,4801.52,4855.03,5192.12
fanout,0,64,36,"n23m0223.hpc.itc.rwth-aachen.de",0,4194304,50,4539.63,5045.86,5286.95,7241.26,5389.99,23908.2,39860.7
fanout,0,64,39,"n23m0223.hpc.itc.rwth-aachen.de",0,4194304,50,5080.9,5630.48,5868.06,7762.45,5970.66,24116.6,39055.3
fanout,0,64,42,"n23m0223.hpc.itc.rwth-aachen.de",0,4194304,50,5587.16,6196.64,6409.89,7610,6531.61,6848.54,39009
fanout,0,64,45,"n23m0223.hpc.itc.rwth-aachen.de",0,4194304,50,6141.27,6774.5,6990.02,8192.56,7137.56,7454.06,39320
fanout,0,64,48,"n23m0223.hpc.itc.rwth-aachen.de",0,4194304,50,6874.59,7634.86,7864.2,10779.1,8020.24,37146.9,40927.9
fanout,0,64,51,"n23m0223.hpc.itc.rwth-aachen.de",0,4194304,50,7551.86,8570.18,8808.92,11785.6,8994.78,39440.2,41317.7
fanout,0,64,54,"n23m0223.hpc.itc.rwth-aachen.de",0,4194304,50,8417.77,9538.64,9748.41,16075.8,10079.2,39864.8,41557.8
fanout,0,64,57,"n23m0223.hpc.itc.rwth-aachen.de",0,4194304,50,8785.99,10398.4,10662.5,16779.9,11102.7,39670.7,41891.2
fanout,0,64,60,"n23m0223.hpc.itc.rwth-aachen.de",0,4194304,50,9701.61,11246,11542.2,13671,11874.3,39589.4,40563.5
fanout,0,64,63,"n23m0223.hpc.itc.rwth-aachen.de",0,4194304,50,10582.2,12216.2,12481.2,12908.1,12791.9,13120.1,38444.2
fanout,0,64,66,"n23m0223.hpc.itc.rwth-aachen.de",0,4194304,50,11459,13146.7,13446.5,17047.5,13806.6,40483.6,41783.1
fanout,0,64,69,"n23m0223.hpc.itc.rwth-aachen.de",0,4194304,50,12319.9,14106.4,14450.5,16817,14821.7,39570.2,41138.8
fanout,0,64,72,"n23m0223.hpc.itc.rwth-aachen.de",0,4194304,50,13644,15097.1,15411.1,18191.7,15862.7,39700.8,41103.6
fanout,0,64,75,"n23m0223.hpc.itc.rwth-aachen.de",0,4194304,50,13780.4,16033.7,16348.3,18972.5,16837.4,39461.7,41334.3
fanout,0,64,78,"n23m0223.hpc.itc.rwth-aachen.de",0,4194304,50,14626,17108.5,17394.2,23398.3,36391.3,41477.5,42522.2
fanout,0,64,81,"n23m0223.hpc.itc.rwth-aachen.de",0,4194304,50,15494.4,17747.6,18181.1,20486.6,18659.2,39110.4,60911.3
fanout,0,64,84,"n23m0223.hpc.itc.rwth-aachen.de",0,4194304,50,16451.6,18670,19234.3,22067.4,19786.6,38465.4,41733.6
fanout,0,64,87,"n23m0223.hpc.itc.rwth-aachen.de",0,4194304,50,17391.9,19339.3,19964.7,20896.1,20540.4,29934.6,40549.5
fanout,0,64,90,"n23m0223.hpc.itc.rwth-aachen.de",0,4194304,50,18328.9,20294.4,20915.6,22577.7,21540.4,39124,41579.8
fanout,0,64,93,"n23m0223.hpc.itc.rwth-aachen.de",0,4194304,50,19230.1,21220.3,21771.8,22094.2,22423.1,23061.5,40974.5
fanout,0,64,96,"n23m0236.hpc.itc.rwth-aachen.de",1,4194304,50,20502.3,22702.6,23608,26170.5,24600.9,40441.8,42449.6
fanout,0,64,99,"n23m0236.hpc.itc.rwth-aachen.de",1,4194304,50,21518.5,23562.9,24461.7,27842.9,35118.3,39936.1,41003.1
fanout,0,64,102,"n23m0236.hpc.itc.rwth-aachen.de",1,4194304,50,22127.3,24172.6,25567,30258.6,38196.4,40384.4,40686.8
fanout,0,64,105,"n23m0236.hpc.itc.rwth-aachen.de",1,4194304,50,22221.3,24404.7,25573.8,28924.2,34914.5,39916,40668.7
fanout,0,64,108,"n23m0236.hpc.itc.rwth-aachen.de",1,4194304,50,21941.1,24954.3,26052.6,28713.1,32808.7,40157.5,41196.4
fanout,0,64,111,"n23m0236.hpc.itc.rwth-aachen.de",1,4194304,50,23148.2,24883.4,25754.3,27722.5,26832.1,38658.9,41357.3
fanout,0,64,114,"n23m0236.hpc.itc.rwth-aachen.de",1,4194304,50,22487.5,24612.9,25514.3,27447.7,26605.9,39277.8,39685.1
fanout,0,64,117,"n23m0236.hpc.itc.rwth-aachen.de",1,4194304,50,23618.7,25642.1,26447.4,28364.9,27668.1,39081.2,42010.2
fanout,0,64,120,"n23m0236.hpc.itc.rwth-aachen.de",1,4194304,50,23976.8,26628.2,27657.6,30443.9,37428.5,40096.7,42352.7
fanout,0,64,123,"n23m0236.hpc.itc.rwth-aachen.de",1,4194304,50,23883.7,26509.4,27612,30597.4,36604.2,39393.9,40506.6
fanout,0,64,126,"n23m0236.hpc.itc.rwth-aachen.de",1,4194304,50,24322.7,27859.1,28641.9,31202.9,36373.8,39699.2,40416.9
fanout,0,64,129,"n23m0236.hpc.itc.rwth-aachen.de",1,4194304,50,24950.8,27569.2,28390.2,30785.9,35163.7,40267.2,40910.7
fanout,0,64,132,"n23m0236.hpc.itc.rwth-aachen.de",1,4194304,50,24632.1,27156.8,28191.4,29773.7,29827.6,37983.9,40153
fanout,0,64,135,"n23m0236.hpc.itc.rwth-aachen.de",1,4194304,50,25722.2,28122.8,29122.2,30331,30674.2,37936.5,40881.4
fanout,0,64,138,"n23m0236.hpc.itc.rwth-aachen.de",1,4194304,50,25630.9,28266.9,29618.7,30307,30418.7,38559.8,40178.6
fanout,0,64,141,"n23m0236.hpc.itc.rwth-aachen.de",1,4194304,50,26330,29043.4,30246.8,31743.4,32215.4,39466,42070.8
fanout,0,64,144,"n23m0236.hpc.itc.rwth-aachen.de",1,4194304,50,26641.3,28977,30327.9,31598,32916.3,39108.9,42613.4
fanout,0,64,147,"n23m0236.hpc.itc.rwth-aachen.de",1,4194304,50,26560.3,29273.4,30739.7,32444.2,36683.8,39345,41143.2
fanout,0,64,150,"n23m0236.hpc.itc.rwth-aachen.de",1,4194304,50,26938.6,30110.6,31406.9,32298.5,32611,40003.2,41790.8
fanout,0,64,153,"n23m0236.hpc.itc.rwth-aachen.de",1,4194304,50,26990.7,30081,31148.8,31940.1,32432.7,39270.9,40183.8
fanout,0,64,156,"n23m0236.hpc.itc.rwth-aachen.de",1,4194304,50,27162.6,29928.8,31341.8,32472.3,32997,39920.7,41602.1
fanout,0,64,159,"n23m0236.hpc.itc.rwth-aachen.de",1,4194304,50,27699.3,30461.5,31928.4,32963.4,35448.6,40010.1,40750.5
fanout,0,64,162,"n23m0236.hpc.itc.rwth-aachen.de",1,4194304,50,28580.3,30962.8,32549.5,33236.9,34538.2,38942.9,41411.8
fanout,0,64,165,"n23m0236.hpc.itc.rwth-aachen.de",1,4194304,50,29112.1,31401.5,32457.8,33165.4,34125.2,39416,39777.4
fanout,0,64,168,"n23m0236.hpc.itc.rwth-aachen.de",1,4194304,50,29910.7,31861.9,32916.1,33648.4,34594.4,40297.8,41658.8
fanout,0,64,171,"n23m0236.hpc.itc.rwth-aachen.de",1,4194304,50,29885.5,32761.9,33714,34521.7,35936.5,40486.2,40653
fanout,0,64,174,"n23m0236.hpc.itc.rwth-aachen.de",1,4194304,50,28773.1,33639.3,34638.9,34873,36464.6,39086.9,39477.4
fanout,0,64,177,"n23m0236.hpc.itc.rwth-aachen.de",1,4194304,50,28807.6,33531.4,34708.8,34861.5,35815.9,39140.3,41182.2
fanout,0,64,180,"n23m0236.hpc.itc.rwth-aachen.de",1,4194304,50,29803.4,33158.7,34386.8,34578.4,35724.4,38468.5,39948.3
fanout,0,64,183,"n23m0236.hpc.itc.rwth-aachen.de",1,4194304,50,30074.3,34367.8,35412.3,35649.6,37231.1,40112.2,41405.6
fanout,0,64,186,"n23m0236.hpc.itc.rwth-aachen.de",1,4194304,50,29936.4,34470.3,35866.2,36035.6,37420.8,40633.8,40928
fanout,0,64,189,"n23m0236.hpc.itc.rwth-aachen.de",1,4194304,50,31217.2,35263.3,36473.8,36364.3,37458.2,39586.7,40565
full_duplex,0,64,1,"n23m0223.hpc.itc.rwth-aachen.de",0,4194304,50,103158,104955,108891,108232,110616,113331,115960
full_duplex,0,64,3,"n23m0223.hpc.itc.rwth-aachen.de",0,4194304,50,102571,104386,108351,107658,110043,112727,115339
full_duplex,0,64,6,"n23m0223.hpc.itc.rwth-aachen.de",0,4194304,50,101342,103636,107360,106817,109239,111817,114032
full_duplex,0,64,9,"n23m0223.hpc.itc.rwth-aachen.de",0,4194304,50,100756,102889,106630,106117,108533,111217,113400
full_duplex,0,64,12,"n23m0223.hpc.itc.rwth-aachen.de",0,4194304,50,65916.9,68915.3,87577.7,87298.6,105990,108991,112744
full_duplex,0,64,15,"n23m0223.hpc.itc.rwth-aachen.de",0,4194304,50,65475.4,67203.9,69170.6,69250.2,71041.9,72721,75981.3
full_duplex,0,64,18,"n23m0223.hpc.itc.rwth-aachen.de",0,4194304,50,65994.7,67765.1,69957.6,70547.4,71693.4,74376.7,103697
full_duplex,0,64,21,"n23m0223.hpc.itc.rwth-aachen.de",0,4194304,50,66582.6,68384.9,70481.1,71022.1,72282.6,74962.2,99239.8
full_duplex,0,64,24,"n23m0223.hpc.itc.rwth-aachen.de",0,4194304,50,67096.2,68789.4,70932.4,70921.9,72770,74519.6,77675.7
full_duplex,0,64,27,"n23m0223.hpc.itc.rwth-aachen.de",0,4194304,50,67605.5,69299.8,71475,72101.8,73360.1,75996.8,105886
full_duplex,0,64,30,"n23m0223.hpc.itc.rwth-aachen.de",0,4194304,50,68102.9,69824,72137.4,72543.2,73914.3,76539.1,99881.8
full_duplex,0,64,33,"n23m0223.hpc.itc.rwth-aachen.de",0,4194304,50,68549.2,70273.6,72533.5,72453.9,74371.2,76089.2,79250.4
full_duplex,0,64,36,"n23m0223.hpc.itc.rwth-aachen.de",0,4194304,50,69112.4,70856.5,73127,73051.7,74905,76670.7,79866.9
full_duplex,0,64,39,"n23m0223.hpc.itc.rwth-aachen.de",0,4194304,50,69644.2,71379.2,73696,73599.4,75459.7,77235.9,80404.4
full_duplex,0,64,42,"n23m0223.hpc.itc.rwth-aachen.de",0,4194304,50,70168.2,71929,74232.3,74137.4,75961.3,77815.3,80915.7
full_duplex,0,64,45,"n23m0223.hpc.itc.rwth-aachen.de",0,4194304,50,70634,72426.6,74846.2,74685.2,76551.1,78314.7,81538.6
full_duplex,0,64,48,"n23m0223.hpc.itc.rwth-aachen.de",0,4194304,50,69134.8,73120.1,75610.8,75376.1,77356.5,79149.8,82274
full_duplex,0,64,51,"n23m0223.hpc.itc.rwth-aachen.de",0,4194304,50,72120.6,74057.1,76468.5,76807.8,78294.6,80742.5,101375
full_duplex,0,64,54,"n23m0223.hpc.itc.rwth-aachen.de",0,4194304,50,73022.1,74925.5,77404.4,77684.9,79167.3,81692.8,101432
full_duplex,0,64,57,"n23m0223.hpc.itc.rwth-aachen.de",0,4194304,50,73816.9,76086.9,78507.1,79087.9,80303.9,84093.8,103419
full_duplex,0,64,60,"n23m0223.hpc.itc.rwth-aachen.de",0,4194304,50,74223.9,76984.2,79501.7,80967,81474.1,102030,106494
full_duplex,0,64,63,"n23m0223.hpc.itc.rwth-aachen.de",0,4194304,50,75022.7,77238.3,80040.6,81331.2,82239.7,97438.3,109013
full_duplex,0,64,66,"n23m0223.hpc.itc.rwth-aachen.de",0,4194304,50,75926.7,79509.9,81555.6,84005.2,83643.2,102859,109031
full_duplex,0,64,69,"n23m0223.hpc.itc.rwth-aachen.de",0,4194304,50,76698.4,79199,82030.1,85291.1,84269.6,108081,111831
full_duplex,0,64,72,"n23m0223.hpc.itc.rwth-aachen.de",0,4194304,50,77590.4,79816.7,82787.5,84103.2,84917.2,102962,107039
full_duplex,0,64,75,"n23m0223.hpc.itc.rwth-aachen.de",0,4194304,50,78391.7,80887.1,83664.6,84379.6,85661.5,95064.9,107268
full_duplex,0,64,78,"n23m0223.hpc.itc.rwth-aachen.de",0,4194304,50,79255.6,81444,84545,86961.6,86698.9,107247,108638
full_duplex,0,64,81,"n23m0223.hpc.itc.rwth-aachen.de",0,4194304,50,80068,82289,85474.1,86772.8,87484.1,104122,108681
full_duplex,0,64,84,"n23m0223.hpc.itc.rwth-aachen.de",0,4194304,50,80174.3,83178,86273.8,87621.3,88499.6,104533,107112
full_duplex,0,64,87,"n23m0223.hpc.itc.rwth-aachen.de",0,4194304,50,81072.8,84972.8,87318.2,89104.3,89594.6,105359,107941
full_duplex,0,64,90,"n23m0223.hpc.itc.rwth-aachen.de",0,4194304,50,81945.5,84870.1,88196.9,89101.8,90063.7,103767,112848
full_duplex,0,64,93,"n23m0223.hpc.itc.rwth-aachen.de",0,4194304,50,82855.1,85792.2,88748,89583.2,90868.1,104274,109592
full_duplex,0,64,96,"n23m0236.hpc.itc.rwth-aachen.de",1,4194304,50,84005.2,87672.3,90481.8,93058,96018.8,108118,110590
full_duplex,0,64,99,"n23m0236.hpc.itc.rwth-aachen.de",1,4194304,50,85045.8,90042.9,93048.5,94316.7,99457.5,106189,108354
full_duplex,0,64,102,"n23m0236.hpc.itc.rwth-aachen.de",1,4194304,50,85742.4,90312.5,93186.1,95028.1,100353,107269,111758
full_duplex,0,64,105,"n23m0236.hpc.itc.rwth-aachen.de",1,4194304,50,86776.5,91583.7,94290.3,96362,102333,107336,111494
full_duplex,0,64,108,"n23m0236.hpc.itc.rwth-aachen.de",1,4194304,50,87426.4,90411,93180.2,95405.5,97442.3,110195,112279
full_duplex,0,64,111,"n23m0236.hpc.itc.rwth-aachen.de",1,4194304,50,86232,91373.1,94582.1,95999.4,99144.2,108643,113091
full_duplex,0,64,114,"n23m0236.hpc.itc.rwth-aachen.de",1,4194304,50,85227.6,90842.9,93288.6,94078.1,96093.6,103773,108813
full_duplex,0,64,117,"n23m0236.hpc.itc.rwth-aachen.de",1,4194304,50,86021,91282.8,94985.3,96041.7,100406,107265,108186
full_duplex,0,64,120,"n23m0236.hpc.itc.rwth-aachen.de",1,4194304,50,86525.3,91191.4,95422.4,96085.5,99970.7,107521,109639
full_duplex,0,64,123,"n23m0236.hpc.itc.rwth-aachen.de",1,4194304,50,86639.3,91709.8,95337.5,96009.6,100288,106242,109079
full_duplex,0,64,126,"n23m0236.hpc.itc.rwth-aachen.de",1,4194304,50,88417.4,94016.2,96516.7,97825.8,102044,107651,114431
full_duplex,0,64,129,"n23m0236.hpc.itc.rwth-aachen.de",1,4194304,50,88578.2,93393.8,96235.6,96831,99374.8,106420,111817
full_duplex,0,64,132,"n23m0236.hpc.itc.rwth-aachen.de",1,4194304,50,88168.4,94045,96844.1,98623.5,104286,108818,112988
full_duplex,0,64,135,"n23m0236.hpc.itc.rwth-aachen.de",1,4194304,50,88735.8,93854.4,96915.1,97689.1,101062,108745,113635
full_duplex,0,64,138,"n23m0236.hpc.itc.rwth-aachen.de",1,4194304,50,89192.2,93353.9,97666.3,97767.4,99316.5,108165,110940
full_duplex,0,64,141,"n23m0236.hpc.itc.rwth-aachen.de",1,4194304,50,90038.7,94704.2,99015.8,98957.9,102231,107908,110201
full_duplex,0,64,144,"n23m0236.hpc.itc.rwth-aachen.de",1,4194304,50,90018.9,93828.5,98413.1,98021.4,101069,107070,108556
full_duplex,0,64,147,"n23m0236.hpc.itc.rwth-aachen.de",1,4194304,50,90840.2,95740.5,98511.8,98967.1,102158,109690,110548
full_duplex,0,64,150,"n23m0236.hpc.itc.rwth-aachen.de",1,4194304,50,91218.4,95861.7,98507.2,99041.1,101382,106937,109279
full_duplex,0,64,153,"n23m0236.hpc.itc.rwth-aachen.de",1,4194304,50,91150.2,95444.7,97554.6,98162,100446,107260,111622
full_duplex,0,64,156,"n23m0236.hpc.itc.rwth-aachen.de",1,4194304,50,91821.7,95827.4,98421.5,98931.3,101141,105234,117408
full_duplex,0,64,159,"n23m0236.hpc.itc.rwth-aachen.de",1,4194304,50,90047.7,96936.4,98606.4,98580.9,101104,102973,104637
full_duplex,0,64,162,"n23m0236.hpc.itc.rwth-aachen.de",1,4194304,50,91381.4,97378.5,99269.3,100044,101813,108774,113581
full_duplex,0,64,165,"n23m0236.hpc.itc.rwth-aachen.de",1,4194304,50,91424.1,96830.1,99441.3,99702.4,102008,108888,110541
full_duplex,0,64,168,"n23m0236.hpc.itc.rwth-aachen.de",1,4194304,50,92075.4,99350.1,101086,101349,103866,108102,109969
full_duplex,0,64,171,"n23m0236.hpc.itc.rwth-aachen.de",1,4194304,50,93691.8,98478.5,101200,101412,103924,107449,112734
full_duplex,0,64,174,"n23m0236.hpc.itc.rwth-aachen.de",1,4194304,50,94503.7,99392.4,102396,102246,104781,108315,112045
full_duplex,0,64,177,"n23m0236.hpc.itc.rwth-aachen.de",1,4194304,50,94380.4,98932.4,101617,101688,104390,108089,109219
full_duplex,0,64,180,"n23m0236.hpc.itc.rwth-aachen.de",1,4194304,50,92827.2,97384.7,101966,100954,103452,106289,108774
full_duplex,0,64,183,"n23m0236.hpc.itc.rwth-aachen.de",1,4194304,50,94094.8,99520.2,102265,102120,104939,107573,110899
full_duplex,0,64,186,"n23m0236.hpc.itc.rwth-aachen.de",1,4194304,50,92157.2,98354.7,101759,101532,104748,107126,107895
full_duplex,0,64,189,"n23m0236.hpc.itc.rwth-aachen.de",1,4194304,50,94951.6,100026,103053,102967,105634,108381,110043
immediate_response,0,64,1,"n23m0223.hpc.itc.rwth-aachen.de",0,4194304,50,104742,108849,122444,121545,131163,138978,141281
immediate_response,0,64,3,"n23m0223.hpc.itc.rwth-aachen.de",0,4194304,50,103571,107636,121097,120223,129926,137505,139672
immediate_response,0,64,6,"n23m0223.hpc.itc.rwth-aachen.de",0,4194304,50,102395,106290,119146,118300,127864,136073,139688
immediate_response,0,64,9,"n23m0223.hpc.itc.rwth-aachen.de",0,4194304,50,82395,85053.9,89033,91022.2,93133.8,108393,126579
immediate_response,0,64,12,"n23m0223.hpc.itc.rwth-aachen.de",0,4194304,50,57594.4,59952.5,64617.1,64930.5,67121,77224,90413.5
immediate_response,0,64,15,"n23m0223.hpc.itc.rwth-aachen.de",0,4194304,50,2372.02,2475.46,2669.66,18407.5,3046.49,78872.5,93653.5
immediate_response,0,64,18,"n23m0223.hpc.itc.rwth-aachen.de",0,4194304,50,2994.27,3553.92,3706.5,16759.8,4378.81,76563.3,88593
immediate_response,0,64,21,"n23m0223.hpc.itc.rwth-aachen.de",0,4194304,50,4034.75,4575.18,4792.36,10943.6,5283.42,63602.1,80910.9
immediate_response,0,64,24,"n23m0223.hpc.itc.rwth-aachen.de",0,4194304,50,5023.49,5689.27,5987.57,21976.6,7274.42,81580.4,106769
immediate_response,0,64,27,"n23m0223.hpc.itc.rwth-aachen.de",0,4194304,50,6047.84,6655.96,7133.81,18675.4,8239.32,77852.1,88636.3
immediate_response,0,64,30,"n23m0223.hpc.itc.rwth-aachen.de",0,4194304,50,7183.9,7642.05,8234.43,16955.5,9394.94,72995.2,78403.2
immediate_response,0,64,33,"n23m0223.hpc.itc.rwth-aachen.de",0,4194304,50,8284.67,8720.23,9447.04,24239.5,10854.6,90415.3,97078
immediate_response,0,64,36,"n23m0223.hpc.itc.rwth-aachen.de",0,4194304,50,9100.53,9802.75,10938.1,28509.5,55580.6,89440.6,98545.5
immediate_response,0,64,39,"n23m0223.hpc.itc.rwth-aachen.de",0,4194304,50,10202.2,11087.7,12307.9,25074.1,13904.1,78595.2,87332.1
immediate_response,0,64,42,"n23m0223.hpc.itc.rwth-aachen.de",0,4194304,50,11183.7,11913.6,13355.1,23493.5,14726.8,79114.5,107451
immediate_response,0,64,45,"n23m0223.hpc.itc.rwth-aachen.de",0,4194304,50,12284.2,12926.1,14152.9,24973.9,16160.7,81707.1,85141.7
immediate_response,0,64,48,"n23m0223.hpc.itc.rwth-aachen.de",0,4194304,50,13501.1,14400.2,16662.1,32417.1,19225,103929,116282
immediate_response,0,64,51,"n23m0223.hpc.itc.rwth-aachen.de",0,4194304,50,15191.8,16592.8,19449.7,51262.1,101787,127205,133876
immediate_response,0,64,54,"n23m0223.hpc.itc.rwth-aachen.de",0,4194304,50,16909.3,17944.1,19705.9,34094,22889.3,99846.2,115126
immediate_response,0,64,57,"n23m0223.hpc.itc.rwth-aachen.de",0,4194304,50,18419.1,19726.9,23432.3,46228.5,78631.7,107926,126697
immediate_response,0,64,60,"n23m0223.hpc.itc.rwth-aachen.de",0,4194304,50,19758.9,21275.3,23931.8,39641.5,27827.9,115269,132358
immediate_response,0,64,63,"n23m0223.hpc.itc.rwth-aachen.de",0,4194304,50,21482.6,23046.7,25450.4,44325.1,62186.6,112521,129010
immediate_response,0,64,66,"n23m0223.hpc.itc.rwth-aachen.de",0,4194304,50,23256.1,25309.9,28217.6,44892.6,62171.3,108642,114043
immediate_response,0,64,69,"n23m0223.hpc.itc.rwth-aachen.de",0,4194304,50,25201.9,26399.1,30300.2,45467.2,53363.3,109059,119832
immediate_response,0,64,72,"n23m0223.hpc.itc.rwth-aachen.de",0,4194304,50,26215.2,28246.5,33143.6,51303.9,79097.3,100886,124098
immediate_response,0,64,75,"n23m0223.hpc.itc.rwth-aachen.de",0,4194304,50,27985.5,29950.7,33765.7,46531.1,48543.1,110221,132684
immediate_response,0,64,78,"n23m0223.hpc.itc.rwth-aachen.de",0,4194304,50,29985.8,31527.7,37447.5,59539.3,93015.1,122289,134448
immediate_response,0,64,81,"n23m0223.hpc.itc.rwth-aachen.de",0,4194304,50,31172,33960.4,38034.9,53632.9,65245.4,118595,122906
immediate_response,0,64,84,"n23m0223.hpc.itc.rwth-aachen.de",0,4194304,50,32891.2,34719.1,40102.4,55185.3,78729.5,117749,123309
immediate_response,0,64,87,"n23m0223.hpc.itc.rwth-aachen.de",0,4194304,50,34600.9,36223.6,42006.1,59867.4,87175.1,118483,134327
immediate_response,0,64,90,"n23m0223.hpc.itc.rwth-aachen.de",0,4194304,50,36343.2,38409.1,43600.4,54109.1,65989,104483,126507
immediate_response,0,64,93,"n23m0223.hpc.itc.rwth-aachen.de",0,4194304,50,37127.4,39491.8,45185.4,59429.8,73321.4,118152,134491
immediate_response,0,64,96,"n23m0236.hpc.itc.rwth-aachen.de",1,4194304,50,65622.5,101811,111431,111013,119517,134704,137830
immediate_response,0,64,99,"n23m0236.hpc.itc.rwth-aachen.de",1,4194304,50,71145.2,81056.9,86960.7,88637.8,95632.5,101726,120598
immediate_response,0,64,102,"n23m0236.hpc.itc.rwth-aachen.de",1,4194304,50,91438.7,102056,110533,110953,119440,132573,136566
immediate_response,0,64,105,"n23m0236.hpc.itc.rwth-aachen.de",1,4194304,50,92125,101800,110503,112642,123991,134107,136410
immediate_response,0,64,108,"n23m0236.hpc.itc.rwth-aachen.de",1,4194304,50,83586.3,97497.3,107447,108411,117514,128854,134546
immediate_response,0,64,111,"n23m0236.hpc.itc.rwth-aachen.de",1,4194304,50,89004.5,98313.6,107218,108915,119069,128666,135563
immediate_response,0,64,114,"n23m0236.hpc.itc.rwth-aachen.de",1,4194304,50,82129.7,104153,111442,110958,118902,126222,129172
immediate_response,0,64,117,"n23m0236.hpc.itc.rwth-aachen.de",1,4194304,50,87821.1,99054.2,108179,109571,120007,129583,135530
immediate_response,0,64,120,"n23m0236.hpc.itc.rwth-aachen.de",1,4194304,50,73012.3,99826.4,105121,109506,121612,131581,138832
immediate_response,0,64,123,"n23m0236.hpc.itc.rwth-aachen.de",1,4194304,50,78305.6,98820.3,108311,108859,119239,133035,135951
immediate_response,0,64,126,"n23m0236.hpc.itc.rwth-aachen.de",1,4194304,50,82303.7,98991.3,111182,110756,120308,134924,137990
immediate_response,0,64,129,"n23m0236.hpc.itc.rwth-aachen.de",1,4194304,50,90969.3,102624,112651,114263,124571,136277,138489
immediate_response,0,64,132,"n23m0236.hpc.itc.rwth-aachen.de",1,4194304,50,89100.2,101906,110317,112242,120972,134564,137571
immediate_response,0,64,135,"n23m0236.hpc.itc.rwth-aachen.de",1,4194304,50,88450.1,102575,111361,112704,124770,132827,135922
immediate_response,0,64,138,"n23m0236.hpc.itc.rwth-aachen.de",1,4194304,50,82988.7,96265.8,105096,108273,119878,134458,137747
immediate_response,0,64,141,"n23m0236.hpc.itc.rwth-aachen.de",1,4194304,50,86837.1,98947.7,108162,109808,119311,132991,136818
immediate_response,0,64,144,"n23m0236.hpc.itc.rwth-aachen.de",1,4194304,50,75756.9,81434,90474.7,91771,100143,107801,130565
immediate_response,0,64,147,"n23m0236.hpc.itc.rwth-aachen.de",1,4194304,50,70448.9,81575.4,92716.2,92231.4,97725.9,113787,132032
immediate_response,0,64,150,"n23m0236.hpc.itc.rwth-aachen.de",1,4194304,50,85788.4,102822,111800,112359,120565,132448,137103
immediate_response,0,64,153,"n23m0236.hpc.itc.rwth-aachen.de",1,4194304,50,67026.9,81412.7,88715.1,89370.4,95594.9,109066,118185
immediate_response,0,64,156,"n23m0236.hpc.itc.rwth-aachen.de",1,4194304,50,79665.3,97473.7,106308,107919,116368,132658,133746
immediate_response,0,64,159,"n23m0236.hpc.itc.rwth-aachen.de",1,4194304,50,82153,100769,110032,109882,119800,130059,134932
immediate_response,0,64,162,"n23m0236.hpc.itc.rwth-aachen.de",1,4194304,50,67033.5,80573,91032.4,90772.2,98263.2,106229,128120
immediate_response,0,64,165,"n23m0236.hpc.itc.rwth-aachen.de",1,4194304,50,81718,101415,110678,110174,121653,128857,130536
immediate_response,0,64,168,"n23m0236.hpc.itc.rwth-aachen.de",1,4194304,50,74580.8,82182.2,92962.7,93749.5,99760.1,110919,134167
immediate_response,0,64,171,"n23m0236.hpc.itc.rwth-aachen.de",1,4194304,50,76338.5,98325.7,108704,108187,117764,125932,137479
immediate_response,0,64,174,"n23m0236.hpc.itc.rwth-aachen.de",1,4194304,50,80271.1,103400,108651,111553,118877,133114,134786
immediate_response,0,64,177,"n23m0236.hpc.itc.rwth-aachen.de",1,4194304,50,63879.1,76849.5,84278.4,84505.5,90684.8,103829,113129
immediate_response,0,64,180,"n23m0236.hpc.itc.rwth-aachen.de",1,4194304,50,73978.5,95433.7,106626,105511,113752,126597,137578
immediate_response,0,64,183,"n23m0236.hpc.itc.rwth-aachen.de",1,4194304,50,84239.7,96019.2,107672,108263,119183,130083,135847
immediate_response,0,64,186,"n23m0236.hpc.itc.rwth-aachen.de",1,4194304,50,83264.2,99554.8,108601,110587,122338,133259,135580
immediate_response,0,64,189,"n23m0236.hpc.itc.rwth-aachen.de",1,4194304,50,60026.8,103126,111063,111244,121821,131763,135027
incast,0,96,1,"n23m0223.hpc.itc.rwth-aachen.de",0,4194304,50,5286.37,105694,111255,114816,127647,139075,164415
incast,0,96,2,"n23m0223.hpc.itc.rwth-aachen.de",0,4194304,50,2272.89,105068,110878,114159,126969,138307,163750
incast,0,96,4,"n23m0223.hpc.itc.rwth-aachen.de",0,4194304,50,2862.08,104431,109878,113248,125823,135611,162750
incast,0,96,6,"n23m0223.hpc.itc.rwth-aachen.de",0,4194304,50,3467.88,94524.4,96910.1,99063.2,104033,118715,136009
incast,0,96,8,"n23m0223.hpc.itc.rwth-aachen.de",0,4194304,50,4083.8,65668.8,67577.5,69946,74287,85750,97466.1
incast,0,96,10,"n23m0223.hpc.itc.rwth-aachen.de",0,4194304,50,2675.66,2801.11,2916.57,12296.8,3202.38,74865.9,117882
incast,0,96,12,"n23m0223.hpc.itc.rwth-aachen.de",0,4194304,50,3197.31,3392.06,3612.01,11608.7,3967.89,61040.9,117090
incast,0,96,14,"n23m0223.hpc.itc.rwth-aachen.de",0,4194304,50,3753.54,3963.87,4096.57,10675.9,4544.07,71930.6,116428
incast,0,96,16,"n23m0223.hpc.itc.rwth-aachen.de",0,4194304,50,4349.33,4589.96,4741.76,8828.15,5223.62,34112.7,90269.1
incast,0,96,18,"n23m0223.hpc.itc.rwth-aachen.de",0,4194304,50,4932.91,5230.05,5501.08,15669.5,6765.81,69516,85054.8
incast,0,96,20,"n23m0223.hpc.itc.rwth-aachen.de",0,4194304,50,5486.57,5848.31,6033.01,9549.41,6667.54,33605.3,69386.3
incast,0,96,22,"n23m0223.hpc.itc.rwth-aachen.de",0,4194304,50,6102.91,6452.71,6678.99,9048.41,7362.78,9543.06,68641.9
incast,0,96,24,"n23m0223.hpc.itc.rwth-aachen.de",0,4194304,50,6670.73,7136.26,7634.1,18896.7,8610.55,71772.1,100476
incast,0,96,26,"n23m0223.hpc.itc.rwth-aachen.de",0,4194304,50,7252.9,7646.43,7991.72,17282.9,9240.2,71267.6,74545.3
incast,0,96,28,"n23m0223.hpc.itc.rwth-aachen.de",0,4194304,50,7868.71,8328.31,8533.98,10114.3,9590.82,11543,63314.9
incast,0,96,30,"n23m0223.hpc.itc.rwth-aachen.de",0,4194304,50,8525.84,8961.45,9215.6,10946.6,10347,12957,57580.1
incast,0,96,32,"n23m0223.hpc.itc.rwth-aachen.de",0,4194304,50,8997.87,9564.16,9992.75,14264.1,11320.5,53316.6,68449.2
incast,0,96,34,"n23m0223.hpc.itc.rwth-aachen.de",0,4194304,50,9578.23,10169.9,10548.1,21936.6,12250,81288.6,106018
incast,0,96,36,"n23m0223.hpc.itc.rwth-aachen.de",0,4194304,50,10296.8,10850.3,11109,17175,12739.1,65554,112260
incast,0,96,38,"n23m0223.hpc.itc.rwth-aachen.de",0,4194304,50,10890.7,11471.9,12066.1,21671.1,13943.9,71866.5,95921.5
incast,0,96,40,"n23m0223.hpc.itc.rwth-aachen.de",0,4194304,50,11510.5,12139.8,12517.1,17242.4,14346.5,47049.5,83899.1
incast,0,96,42,"n23m0223.hpc.itc.rwth-aachen.de",0,4194304,50,12111.5,12824.1,13535,22970.3,15683.6,78828.5,100477
incast,0,96,44,"n23m0223.hpc.itc.rwth-aachen.de",0,4194304,50,12790.1,13483,14068.3,18088.1,15984.7,40794.1,77230.1
incast,0,96,46,"n23m0223.hpc.itc.rwth-aachen.de",0,4194304,50,13409.4,14192.9,14951.9,19694.7,17251.8,58889,78765
incast,0,96,48,"n23m0223.hpc.itc.rwth-aachen.de",0,4194304,50,14300.1,15392.2,17210,28074,21512.9,76398.4,108884
incast,0,96,50,"n23m0223.hpc.itc.rwth-aachen.de",0,4194304,50,15139.3,16159,17176.7,31946.9,19669.9,106866,125549
incast,0,96,52,"n23m0223.hpc.itc.rwth-aachen.de",0,4194304,50,16017.4,16992.4,17987.9,24766.6,20657.6,75918,107946
incast,0,96,54,"n23m0223.hpc.itc.rwth-aachen.de",0,4194304,50,16969.4,17892.3,18751,27056.3,21261.6,92954.7,115063
incast,0,96,56,"n23m0223.hpc.itc.rwth-aachen.de",0,4194304,50,17743.5,19000.9,19705.2,30379.7,23968.5,89728.9,101476
incast,0,96,58,"n23m0223.hpc.itc.rwth-aachen.de",0,4194304,50,18857,19997.7,21100.2,29808.8,24453.6,80482.9,99904.6
incast,0,96,60,"n23m0223.hpc.itc.rwth-aachen.de",0,4194304,50,19578.2,20848.4,23408.4,34534,29831.6,83556.8,120113
incast,0,96,62,"n23m0223.hpc.itc.rwth-aachen.de",0,4194304,50,20416.3,21758.7,23084.8,33008.5,26826.2,90746,100170
incast,0,96,64,"n23m0223.hpc.itc.rwth-aachen.de",0,4194304,50,21369.8,22630.6,24183.3,31883.3,28019.1,85057.8,102628
incast,0,96,66,"n23m0223.hpc.itc.rwth-aachen.de",0,4194304,50,22160.7,23810.6,26552.4,38168.1,35030.1,85911.2,104307
incast,0,96,68,"n23m0223.hpc.itc.rwth-aachen.de",0,4194304,50,23006.9,24422.5,25537.8,31331.8,28998.3,70613.7,116853
incast,0,96,70,"n23m0223.hpc.itc.rwth-aachen.de",0,4194304,50,23956.6,25349.2,27677.9,38958.4,35277.3,92871.3,118060
incast,0,96,72,"n23m0223.hpc.itc.rwth-aachen.de",0,4194304,50,24695.8,26553.9,28245.6,41361.5,37123.8,99094.1,122828
incast,0,96,74,"n23m0223.hpc.itc.rwth-aachen.de",0,4194304,50,25521.1,27189.2,29263.9,40790.3,38444.1,89109.2,113190
incast,0,96,76,"n23m0223.hpc.itc.rwth-aachen.de",0,4194304,50,26360.8,28062.2,29476.8,40363.7,33263.7,98454.1,118731
incast,0,96,78,"n23m0223.hpc.itc.rwth-aachen.de",0,4194304,50,27501.9,29167.6,31805.3,42329.1,42240.2,90593.1,117985
incast,0,96,80,"n23m0223.hpc.itc.rwth-aachen.de",0,4194304,50,28131.6,29865.5,31962.4,43077.8,43785.8,88088.8,98796.8
incast,0,96,82,"n23m0223.hpc.itc.rwth-aachen.de",0,4194304,50,28961.1,30757.5,33793,45600.5,47155.1,87058.2,100147
incast,0,96,84,"n23m0223.hpc.itc.rwth-aachen.de",0,4194304,50,29810.9,32211.2,34295.4,43316.5,43999.6,87353.3,118049
incast,0,96,86,"n23m0223.hpc.itc.rwth-aachen.de",0,4194304,50,30948,33312.4,36986.6,46712,49625.2,88448.6,94976.2
incast,0,96,88,"n23m0223.hpc.itc.rwth-aachen.de",0,4194304,50,31488.3,33774.5,36209,45520.6,46981.8,91896.5,112843
incast,0,96,90,"n23m0223.hpc.itc.rwth-aachen.de",0,4194304,50,13014.8,34891.6,39525.5,53002.3,70426.3,99178.2,115306
incast,0,96,92,"n23m0223.hpc.itc.rwth-aachen.de",0,4194304,50,33205.7,35375.3,37906.7,44742.9,44634.4,83375.9,98375.1
incast,0,96,94,"n23m0223.hpc.itc.rwth-aachen.de",0,4194304,50,34066.2,36462.5,39105.2,46896.5,47941.5,87781.1,101086
incast,0,96,96,"n23m0236.hpc.itc.rwth-aachen.de",1,4194304,50,90676.4,101780,106702,111630,122199,133416,163022
incast,0,96,98,"n23m0236.hpc.itc.rwth-aachen.de",1,4194304,50,71178.6,89344.2,93864.9,96679.4,103725,115037,124568
incast,0,96,100,"n23m0236.hpc.itc.rwth-aachen.de",1,4194304,50,76151.5,102126,107384,112125,123753,136124,162190
incast,0,96,102,"n23m0236.hpc.itc.rwth-aachen.de",1,4194304,50,98035.5,102198,106946,112192,122974,132917,137965
incast,0,96,104,"n23m0236.hpc.itc.rwth-aachen.de",1,4194304,50,84025,90532.8,93228.4,97521.3,104424,116467,124622
incast,0,96,106,"n23m0236.hpc.itc.rwth-aachen.de",1,4194304,50,88695.5,101823,107672,111512,119205,134708,137099
incast,0,96,108,"n23m0236.hpc.itc.rwth-aachen.de",1,4194304,50,96702.9,103403,108884,113460,124661,136188,138606
incast,0,96,110,"n23m0236.hpc.itc.rwth-aachen.de",1,4194304,50,57192.6,102680,108089,111478,124141,133682,144359
incast,0,96,112,"n23m0236.hpc.itc.rwth-aachen.de",1,4194304,50,88130.3,103035,108321,112372,123656,129690,163076
incast,0,96,114,"n23m0236.hpc.itc.rwth-aachen.de",1,4194304,50,96358.2,103303,108558,113534,121236,135972,162121
incast,0,96,116,"n23m0236.hpc.itc.rwth-aachen.de",1,4194304,50,91646.6,102372,108306,112348,123341,132824,162136
incast,0,96,118,"n23m0236.hpc.itc.rwth-aachen.de",1,4194304,50,81619,88795,93762.9,96155.5,104798,114646,116212
incast,0,96,120,"n23m0236.hpc.itc.rwth-aachen.de",1,4194304,50,43634.6,101695,108664,111993,123678,137142,161699
incast,0,96,122,"n23m0236.hpc.itc.rwth-aachen.de",1,4194304,50,67616,88673.2,92831.7,98591.2,103330,114618,281729
incast,0,96,124,"n23m0236.hpc.itc.rwth-aachen.de",1,4194304,50,80899.8,87792.7,91562.5,94073.1,100327,109528,116049
incast,0,96,126,"n23m0236.hpc.itc.rwth-aachen.de",1,4194304,50,95276.2,103189,107730,113045,122987,134986,161881
incast,0,96,128,"n23m0236.hpc.itc.rwth-aachen.de",1,4194304,50,75732.5,101895,107413,110931,118644,134126,161660
incast,0,96,130,"n23m0236.hpc.itc.rwth-aachen.de",1,4194304,50,95676.1,103380,108232,113618,124570,136652,163167
incast,0,96,132,"n23m0236.hpc.itc.rwth-aachen.de",1,4194304,50,96803.1,102049,110529,113540,124208,134590,161355
incast,0,96,134,"n23m0236.hpc.itc.rwth-aachen.de",1,4194304,50,86987.3,101670,107066,112627,124447,134599,163062
incast,0,96,136,"n23m0236.hpc.itc.rwth-aachen.de",1,4194304,50,93301,103013,107901,113687,124612,135465,161415
incast,0,96,138,"n23m0236.hpc.itc.rwth-aachen.de",1,4194304,50,96204.3,102967,107538,112693,121955,132529,162196
incast,0,96,140,"n23m0236.hpc.itc.rwth-aachen.de",1,4194304,50,81249.3,88449.9,93247.7,95645.6,101556,114129,115466
incast,0,96,142,"n23m0236.hpc.itc.rwth-aachen.de",1,4194304,50,93906.5,102478,107393,111626,122909,136183,140667
incast,0,96,144,"n23m0236.hpc.itc.rwth-aachen.de",1,4194304,50,41633.6,87589.1,94276.5,94987.8,103816,115131,120992
incast,0,96,146,"n23m0236.hpc.itc.rwth-aachen.de",1,4194304,50,43431.8,102114,108259,112393,124891,135803,161878
incast,0,96,148,"n23m0236.hpc.itc.rwth-aachen.de",1,4194304,50,72925.2,88637.2,91920.6,95802.7,104916,114425,123169
incast,0,96,150,"n23m0236.hpc.itc.rwth-aachen.de",1,4194304,50,100199,103417,108655,114298,125513,133924,162828
incast,0,96,152,"n23m0236.hpc.itc.rwth-aachen.de",1,4194304,50,97390.4,103154,109368,114040,124536,136185,162995
incast,0,96,154,"n23m0236.hpc.itc.rwth-aachen.de",1,4194304,50,94872,102401,107292,111431,120307,133857,135205
incast,0,96,156,"n23m0236.hpc.itc.rwth-aachen.de",1,4194304,50,93235.3,102412,107620,112286,124229,135897,140121
incast,0,96,158,"n23m0236.hpc.itc.rwth-aachen.de",1,4194304,50,92040.5,101960,107965,112327,121099,137047,161319
incast,0,96,160,"n23m0236.hpc.itc.rwth-aachen.de",1,4194304,50,85139.2,102029,107544,112195,122303,136730,153389
incast,0,96,162,"n23m0236.hpc.itc.rwth-aachen.de",1,4194304,50,82585.9,90236.2,95722.3,97845.6,105906,115186,118460
incast,0,96,164,"n23m0236.hpc.itc.rwth-aachen.de",1,4194304,50,98738.6,102495,107737,112894,121519,135384,157453
incast,0,96,166,"n23m0236.hpc.itc.rwth-aachen.de",1,4194304,50,96418.2,102133,107016,112485,124033,133048,163018
incast,0,96,168,"n23m0236.hpc.itc.rwth-aachen.de",1,4194304,50,69309.7,89438,94602.9,96312.9,104952,115212,120786
incast,0,96,170,"n23m0236.hpc.itc.rwth-aachen.de",1,4194304,50,47966.4,88329.6,92053.7,94708,100502,115361,122340
incast,0,96,172,"n23m0236.hpc.itc.rwth-aachen.de",1,4194304,50,81802.4,86101.8,93235.8,95081.7,101795,112170,115132
incast,0,96,174,"n23m0236.hpc.itc.rwth-aachen.de",1,4194304,50,93781.6,103381,109410,113456,122793,137073,149510
incast,0,96,176,"n23m0236.hpc.itc.rwth-aachen.de",1,4194304,50,81918.8,88090.8,91892,95536.6,104259,113715,119570
incast,0,96,178,"n23m0236.hpc.itc.rwth-aachen.de",1,4194304,50,84171.9,102480,107797,112173,123616,133501,135711
incast,0,96,180,"n23m0236.hpc.itc.rwth-aachen.de",1,4194304,50,91903.8,101365,107271,111644,122883,135766,137683
incast,0,96,182,"n23m0236.hpc.itc.rwth-aachen.de",1,4194304,50,68750.9,90006,93246.1,95557.6,104533,115655,117089
incast,0,96,184,"n23m0236.hpc.itc.rwth-aachen.de",1,4194304,50,90206.7,103168,108452,112985,123617,135646,163189
incast,0,96,186,"n23m0236.hpc.itc.rwth-aachen.de",1,4194304,50,81576.6,102160,107418,112478,124059,136274,162081
incast,0,96,188,"n23m0236.hpc.itc.rwth-aachen.de",1,4194304,50,94114.4,102107,107622,111514,118867,134621,138320
incast,0,96,190,"n23m0236.hpc.itc.rwth-aachen.de",1,4194304,50,66928.1,100888,106415,110283,123291,134219,137869
fanout,0,96,1,"n23m0223.hpc.itc.rwth-aachen.de",0,4194304,50,58356.6,62070.5,63575.6,63662.3,64275.1,66599.5,84118.8
fanout,0,96,2,"n23m0223.hpc.itc.rwth-aachen.de",0,4194304,50,57730.8,61394.8,62991.5,63057.4,63695.4,66018.8,83451.8
fanout,0,96,4,"n23m0223.hpc.itc.rwth-aachen.de",0,4194304,50,57209.4,60869.4,62417,62504.8,63137.4,65440.4,82749.5
fanout,0,96,6,"n23m0223.hpc.itc.rwth-aachen.de",0,4194304,50,56686,60297.4,61940.1,61957.4,62620.3,64868.8,81672.2
fanout,0,96,8,"n23m0223.hpc.itc.rwth-aachen.de",0,4194304,50,55217.8,58702.2,59766.9,60059,60742.8,62809.6,79602.5
fanout,0,96,10,"n23m0223.hpc.itc.rwth-aachen.de",0,4194304,50,1668.08,1806.92,1834.25,7514.05,1870.34,56580.5,67585.6
fanout,0,96,12,"n23m0223.hpc.itc.rwth-aachen.de",0,4194304,50,1803.12,2291.22,2330.05,7806.8,2369.83,57291.4,59127.7
fanout,0,96,14,"n23m0223.hpc.itc.rwth-aachen.de",0,4194304,50,2318.86,2801.76,2874.15,8231.28,2917.01,56915.9,58642.8
fanout,0,96,16,"n23m0223.hpc.itc.rwth-aachen.de",0,4194304,50,2780.42,3169.56,3378.73,3319.73,3423.42,3595.3,4170.63
fanout,0,96,18,"n23m0223.hpc.itc.rwth-aachen.de",0,4194304,50,3210.68,3695.06,3880.07,5956.18,3940.48,4639.26,58623.4
fanout,0,96,20,"n23m0223.hpc.itc.rwth-aachen.de",0,4194304,50,3761.3,4188,4447.5,4382.64,4482.36,4718.8,5541.85
fanout,0,96,22,"n23m0223.hpc.itc.rwth-aachen.de",0,4194304,50,4217.37,4706.66,4958.14,6989.17,5062.05,5956.44,57959.8
fanout,0,96,24,"n23m0223.hpc.itc.rwth-aachen.de",0,4194304,50,4717.71,5236.16,5483.48,10745.8,5649.18,58275.7,60242.5
fanout,0,96,26,"n23m0223.hpc.itc.rwth-aachen.de",0,4194304,50,5224.68,5785.34,6018.5,17573.9,6279.73,59536.4,67409.3
fanout,0,96,28,"n23m0223.hpc.itc.rwth-aachen.de",0,4194304,50,5693.78,6238.65,6403.85,9559.33,6616.34,35415.1,59075.5
fanout,0,96,30,"n23m0223.hpc.itc.rwth-aachen.de",0,4194304,50,6189.75,6772.78,6986.33,13028.2,7300.02,57512.2,59409.9
fanout,0,96,32,"n23m0223.hpc.itc.rwth-aachen.de",0,4194304,50,6680.05,7288.16,7464.37,11713.8,7659.72,53108.3,78832.3
fanout,0,96,34,"n23m0223.hpc.itc.rwth-aachen.de",0,4194304,50,6847.27,7788.01,7988.51,9007.44,8095.65,9143.07,58903.3
fanout,0,96,36,"n23m0223.hpc.itc.rwth-aachen.de",0,4194304,50,7363.37,8367.82,8565.52,10530.2,8693.77,10554.6,58497.9
fanout,0,96,38,"n23m0223.hpc.itc.rwth-aachen.de",0,4194304,50,7858.17,8923.03,9131.92,11055.1,9278.48,11291.9,59272.7
fanout,0,96,40,"n23m0223.hpc.itc.rwth-aachen.de",0,4194304,50,8368.04,9411.89,9671.21,13756.5,9828.18,60101.9,61273.6
fanout,0,96,42,"n23m0223.hpc.itc.rwth-aachen.de",0,4194304,50,8870.33,9980.09,10278,13192.7,10427.7,37512.9,59700.2
fanout,0,96,44,"n23m0223.hpc.itc.rwth-aachen.de",0,4194304,50,9386.4,10561.6,10824.6,16543.8,11075.4,58766.4,68403.5
fanout,0,96,46,"n23m0223.hpc.itc.rwth-aachen.de",0,4194304,50,9922.53,11206.4,11385,16873.7,11679.8,56226.4,59769.8
fanout,0,96,48,"n23m0223.hpc.itc.rwth-aachen.de",0,4194304,50,10683.2,11923.3,12207.4,16793.7,12482.5,58608.1,59557.2
fanout,0,96,50,"n23m0223.hpc.itc.rwth-aachen.de",0,4194304,50,11535.8,12964.9,13215.7,21217.8,13757.8,58348.5,61569.8
fanout,0,96,52,"n23m0223.hpc.itc.rwth-aachen.de",0,4194304,50,12268.1,13574.1,14195.7,26990.2,58057.8,60418.1,78714.2
fanout,0,96,54,"n23m0223.hpc.itc.rwth-aachen.de",0,4194304,50,13200.4,14473.4,14855.7,19305.9,15402.2,58708.7,60803.5
fanout,0,96,56,"n23m0223.hpc.itc.rwth-aachen.de",0,4194304,50,14079,15434.7,15800,20191.6,16349.6,59173,61484.5
fanout,0,96,58,"n23m0223.hpc.itc.rwth-aachen.de",0,4194304,50,14992.8,16445.3,16776.6,19200.7,17134.4,39240.1,57869.8
fanout,0,96,60,"n23m0223.hpc.itc.rwth-aachen.de",0,4194304,50,15321.8,17408.6,17685.5,22856.4,18082.2,60779.4,61464.6
fanout,0,96,62,"n23m0223.hpc.itc.rwth-aachen.de",0,4194304,50,16205.9,18370.3,18677,22020.6,19064.5,58617.5,62073.2
fanout,0,96,64,"n23m0223.hpc.itc.rwth-aachen.de",0,4194304,50,17155.4,19547.7,19819.4,27506.4,21257.8,60237.9,61714.7
fanout,0,96,66,"n23m0223.hpc.itc.rwth-aachen.de",0,4194304,50,18013.2,20265.6,20632,23722.6,20972.4,58984.8,60847.2
fanout,0,96,68,"n23m0223.hpc.itc.rwth-aachen.de",0,4194304,50,18852.3,21208,21614.3,26306.4,22055.1,61235.7,61852.7
fanout,0,96,70,"n23m0223.hpc.itc.rwth-aachen.de",0,4194304,50,19754.9,22228.8,22598,23986.9,22878.2,28169.6,60513.8
fanout,0,96,72,"n23m0223.hpc.itc.rwth-aachen.de",0,4194304,50,20606.2,23169.2,23510.4,23519.5,23780.4,24605.8,29784.1
fanout,0,96,74,"n23m0223.hpc.itc.rwth-aachen.de",0,4194304,50,21455.9,24123.7,24501.3,25157.1,24780.1,27971,57458.7
fanout,0,96,76,"n23m0223.hpc.itc.rwth-aachen.de",0,4194304,50,22276.5,25050.1,25414.9,25392.2,25683.4,26492.9,32204.9
fanout,0,96,78,"n23m0223.hpc.itc.rwth-aachen.de",0,4194304,50,23152.7,25955,26356.2,26323.3,26619.7,27425.2,33369.6
fanout,0,96,80,"n23m0223.hpc.itc.rwth-aachen.de",0,4194304,50,23988.3,26840,27257.1,27249.2,27546.6,28352.5,34574
fanout,0,96,82,"n23m0223.hpc.itc.rwth-aachen.de",0,4194304,50,24868.8,27814.4,28266.9,28257.3,28564.6,29424.1,35838.4
fanout,0,96,84,"n23m0223.hpc.itc.rwth-aachen.de",0,4194304,50,25708.3,28736.8,29224.3,29197.9,29504.9,30369.1,37054.3
fanout,0,96,86,"n23m0223.hpc.itc.rwth-aachen.de",0,4194304,50,26528.2,29693.9,30180.2,30163.5,30484.2,31311.4,38306.7
fanout,0,96,88,"n23m0223.hpc.itc.rwth-aachen.de",0,4194304,50,27320,30683.5,31108,31103.6,31457.9,32274.2,39505.8
fanout,0,96,90,"n23m0223.hpc.itc.rwth-aachen.de",0,4194304,50,28169.6,31573.9,32073,32039.8,32431.3,33249.5,40716.5
fanout,0,96,92,"n23m0223.hpc.itc.rwth-aachen.de",0,4194304,50,28969.6,32490.8,32984.1,32962,33365.3,34195.3,41915.2
fanout,0,96,94,"n23m0223.hpc.itc.rwth-aachen.de",0,4194304,50,29854.1,33475.6,33985.5,33956.4,34370.7,35193,43190
fanout,0,96,96,"n23m0236.hpc.itc.rwth-aachen.de",1,4194304,50,31040.6,34705.1,35256,40169.2,36358.4,62091.8,67546.5
fanout,0,96,98,"n23m0236.hpc.itc.rwth-aachen.de",1,4194304,50,31910.6,35772.2,36458.8,41737.9,49686.3,60614.5,63707.4
fanout,0,96,100,"n23m0236.hpc.itc.rwth-aachen.de",1,4194304,50,33374.5,36934.1,37741.1,44028.3,55955.9,59972.5,67116.1
fanout,0,96,102,"n23m0236.hpc.itc.rwth-aachen.de",1,4194304,50,32921.5,36635.3,37384.5,41550.2,41596.1,58870.6,61582
fanout,0,96,104,"n23m0236.hpc.itc.rwth-aachen.de",1,4194304,50,33008.3,36350,37378.8,41649.2,46412,58275.2,60778
fanout,0,96,106,"n23m0236.hpc.itc.rwth-aachen.de",1,4194304,50,35997.7,39045.2,40168.3,45697.2,56421,61036.8,63653.6
fanout,0,96,108,"n23m0236.hpc.itc.rwth-aachen.de",1,4194304,50,34853.3,38595.6,40355.4,49366.5,56307.8,60378,246745
fanout,0,96,110,"n23m0236.hpc.itc.rwth-aachen.de",1,4194304,50,34448,38158.5,39652.5,45673.9,56100.4,59707.4,60559
fanout,0,96,112,"n23m0236.hpc.itc.rwth-aachen.de",1,4194304,50,35031.6,38570.1,40544.5,45336.5,53547.3,59774.8,61963.2
fanout,0,96,114,"n23m0236.hpc.itc.rwth-aachen.de",1,4194304,50,34664.3,38418.3,39717.9,44598.5,53886.7,58508.3,66903.8
fanout,0,96,116,"n23m0236.hpc.itc.rwth-aachen.de",1,4194304,50,34596.2,38380.1,39559,44635.1,55122.8,59835.4,63372.5
fanout,0,96,118,"n23m0236.hpc.itc.rwth-aachen.de",1,4194304,50,35658.8,39256,40419.6,45998.1,54909.6,60986.8,78800.4
fanout,0,96,120,"n23m0236.hpc.itc.rwth-aachen.de",1,4194304,50,36810.1,39860.6,40904.1,45488.4,52555.6,58112.4,81559.4
fanout,0,96,122,"n23m0236.hpc.itc.rwth-aachen.de",1,4194304,50,37220.6,40087,41222.4,44918.9,46314.3,59882.9,77484.1
fanout,0,96,124,"n23m0236.hpc.itc.rwth-aachen.de",1,4194304,50,36122.8,40363.3,41287.3,44069.8,43410.7,58363.2,69547.3
fanout,0,96,126,"n23m0236.hpc.itc.rwth-aachen.de",1,4194304,50,36791.1,40976.7,41801.4,45095.3,47248.3,58348.9,63232.7
fanout,0,96,128,"n23m0236.hpc.itc.rwth-aachen.de",1,4194304,50,36464.4,41499,42158,44955.8,44856.8,57101.1,64672
fanout,0,96,130,"n23m0236.hpc.itc.rwth-aachen.de",1,4194304,50,37221.8,41386.6,42441.7,45337.5,45165.2,60174.7,61731.3
fanout,0,96,132,"n23m0236.hpc.itc.rwth-aachen.de",1,4194304,50,37152.9,41818.2,42626.3,44365.5,43894.3,55846.2,60098.9
fanout,0,96,134,"n23m0236.hpc.itc.rwth-aachen.de",1,4194304,50,38242.1,42454.6,43635.7,45646.8,45371,57088.5,60228.9
fanout,0,96,136,"n23m0236.hpc.itc.rwth-aachen.de",1,4194304,50,40431.3,43166,44202.8,46769.2,47686.5,57754,69084.3
fanout,0,96,138,"n23m0236.hpc.itc.rwth-aachen.de",1,4194304,50,40617,43150.5,44658.6,47076,48238.9,58698.8,62001
fanout,0,96,140,"n23m0236.hpc.itc.rwth-aachen.de",1,4194304,50,38400.3,43785.4,45115.2,47702.1,50606.5,59141.9,65978.6
fanout,0,96,142,"n23m0236.hpc.itc.rwth-aachen.de",1,4194304,50,38639.1,44112.7,45417,47725.5,48357.9,59604.2,80962.6
fanout,0,96,144,"n23m0236.hpc.itc.rwth-aachen.de",1,4194304,50,38632,44022.1,45391.3,48181.6,53884.7,59891.1,71816.5
fanout,0,96,146,"n23m0236.hpc.itc.rwth-aachen.de",1,4194304,50,39690.1,44218.5,45514.9,47678.7,48474.7,59103.3,74860.5
fanout,0,96,148,"n23m0236.hpc.itc.rwth-aachen.de",1,4194304,50,42431.2,44525,45705.9,48356.2,52829.9,59258.7,60909.8
fanout,0,96,150,"n23m0236.hpc.itc.rwth-aachen.de",1,4194304,50,43780.3,45648.2,46658.7,48563.5,50271.8,58728,61090.1
fanout,0,96,152,"n23m0236.hpc.itc.rwth-aachen.de",1,4194304,50,39375.8,45351.6,46458.1,48696.6,50965.1,59129.5,60569.6
fanout,0,96,154,"n23m0236.hpc.itc.rwth-aachen.de",1,4194304,50,39392.2,45701.4,46982.7,49747,55766.6,60883.9,67024.3
fanout,0,96,156,"n23m0236.hpc.itc.rwth-aachen.de",1,4194304,50,40174.1,46355.7,47991.5,50307.7,55102.6,59849.8,62098.8
fanout,0,96,158,"n23m0236.hpc.itc.rwth-aachen.de",1,4194304,50,40409.3,46527.6,48074.1,50421.4,54389,59775,64969
fanout,0,96,160,"n23m0236.hpc.itc.rwth-aachen.de",1,4194304,50,40739.6,46792.5,47807.2,49958.7,52965.8,59431.3,77962.7
fanout,0,96,162,"n23m0236.hpc.itc.rwth-aachen.de",1,4194304,50,41536.8,46957.1,48678.2,50048.4,52368.2,57461.2,72412.2
fanout,0,96,164,"n23m0236.hpc.itc.rwth-aachen.de",1,4194304,50,41502.4,47853.8,49203.6,51092.2,53285.4,60086.2,76300.3
fanout,0,96,166,"n23m0236.hpc.itc.rwth-aachen.de",1,4194304,50,41845.3,48548.1,49878,50954.4,53123.6,58472.9,63987.6
fanout,0,96,168,"n23m0236.hpc.itc.rwth-aachen.de",1,4194304,50,41931.7,48575.6,50197.7,51699.6,54999.1,60012.3,64726.4
fanout,0,96,170,"n23m0236.hpc.itc.rwth-aachen.de",1,4194304,50,42832.3,49262,53621.3,53541.5,57426.6,60343.7,77397.8
fanout,0,96,172,"n23m0236.hpc.itc.rwth-aachen.de",1,4194304,50,43259.4,48948.8,52089.8,52703.4,55289.2,58549.7,80588.8
fanout,0,96,174,"n23m0236.hpc.itc.rwth-aachen.de",1,4194304,50,43939.9,49309.6,51419.2,51959.7,54953.5,57529.4,65651.5
fanout,0,96,176,"n23m0236.hpc.itc.rwth-aachen.de",1,4194304,50,43880.6,49320.1,50757.7,52028,52542.7,59431.8,80765.3
fanout,0,96,178,"n23m0236.hpc.itc.rwth-aachen.de",1,4194304,50,44733,49691.2,51425.4,51863.9,52777.7,56825.4,80878.7
fanout,0,96,180,"n23m0236.hpc.itc.rwth-aachen.de",1,4194304,50,44847.6,50273.7,52143.9,53324.5,55736.5,60979.8,74009.1
fanout,0,96,182,"n23m0236.hpc.itc.rwth-aachen.de",1,4194304,50,45594.3,50795.7,52656.9,53196.1,54277.9,59331.7,67130.5
fanout,0,96,184,"n23m0236.hpc.itc.rwth-aachen.de",1,4194304,50,46401.5,51121.4,53589.6,53886.7,55727.5,59741.4,68041.2
fanout,0,96,186,"n23m0236.hpc.itc.rwth-aachen.de",1,4194304,50,44906.4,51400.7,53453.8,53872.7,55101.4,61157.3,69116.1
fanout,0,96,188,"n23m0236.hpc.itc.rwth-aachen.de",1,4194304,50,45741.3,51733.1,53224.9,53874.1,55131.4,60052.8,70034.5
fanout,0,96,190,"n23m0236.hpc.itc.rwth-aachen.de",1,4194304,50,45838.7,52049,53563.5,54414.8,56478.2,61142.2,70307.5
full_duplex,0,96,1,"n23m0223.hpc.itc.rwth-aachen.de",0,4194304,50,156773,157916,158878,159497,159992,163191,174925
full_duplex,0,96,2,"n23m0223.hpc.itc.rwth-aachen.de",0,4194304,50,155005,157347,158309,158826,159435,162604,174339
full_duplex,0,96,4,"n23m0223.hpc.itc.rwth-aachen.de",0,4194304,50,154981,156630,157511,157895,158649,161320,173100
full_duplex,0,96,6,"n23m0223.hpc.itc.rwth-aachen.de",0,4194304,50,154493,155743,156527,157079,157562,160734,172557
full_duplex,0,96,8,"n23m0223.hpc.itc.rwth-aachen.de",0,4194304,50,100005,100506,149813,129901,155611,157467,160087
full_duplex,0,96,10,"n23m0223.hpc.itc.rwth-aachen.de",0,4194304,50,99461.5,100314,100925,102856,101535,111472,150594
full_duplex,0,96,12,"n23m0223.hpc.itc.rwth-aachen.de",0,4194304,50,99457.2,100865,101408,101784,101930,103848,116176
full_duplex,0,96,14,"n23m0223.hpc.itc.rwth-aachen.de",0,4194304,50,100129,101390,101898,102305,102420,104384,116760
full_duplex,0,96,16,"n23m0223.hpc.itc.rwth-aachen.de",0,4194304,50,100632,101904,102354,102799,102893,104879,117356
full_duplex,0,96,18,"n23m0223.hpc.itc.rwth-aachen.de",0,4194304,50,101172,102389,102871,103311,103420,105405,117913
full_duplex,0,96,20,"n23m0223.hpc.itc.rwth-aachen.de",0,4194304,50,101677,102888,103365,103812,103917,105866,118456
full_duplex,0,96,22,"n23m0223.hpc.itc.rwth-aachen.de",0,4194304,50,102099,103323,103807,104262,104363,106345,119296
full_duplex,0,96,24,"n23m0223.hpc.itc.rwth-aachen.de",0,4194304,50,102703,103885,104372,104821,104943,106880,119465
full_duplex,0,96,26,"n23m0223.hpc.itc.rwth-aachen.de",0,4194304,50,103143,104390,104890,105335,105442,107438,120047
full_duplex,0,96,28,"n23m0223.hpc.itc.rwth-aachen.de",0,4194304,50,103724,104894,105375,105836,105947,107896,120554
full_duplex,0,96,30,"n23m0223.hpc.itc.rwth-aachen.de",0,4194304,50,104207,105431,105901,106354,106478,108470,121123
full_duplex,0,96,32,"n23m0223.hpc.itc.rwth-aachen.de",0,4194304,50,104722,105911,106385,106859,106992,108945,121648
full_duplex,0,96,34,"n23m0223.hpc.itc.rwth-aachen.de",0,4194304,50,105172,106404,106871,108115,107527,109657,145872
full_duplex,0,96,36,"n23m0223.hpc.itc.rwth-aachen.de",0,4194304,50,105761,106944,107416,107886,108036,110034,122735
full_duplex,0,96,38,"n23m0223.hpc.itc.rwth-aachen.de",0,4194304,50,106280,107471,107946,108417,108565,110513,123333
full_duplex,0,96,40,"n23m0223.hpc.itc.rwth-aachen.de",0,4194304,50,106811,107982,108458,109876,109147,111293,155948
full_duplex,0,96,42,"n23m0223.hpc.itc.rwth-aachen.de",0,4194304,50,107345,108507,108951,109460,109588,111575,124441
full_duplex,0,96,44,"n23m0223.hpc.itc.rwth-aachen.de",0,4194304,50,107844,109044,109539,110841,110259,112362,151590
full_duplex,0,96,46,"n23m0223.hpc.itc.rwth-aachen.de",0,4194304,50,108383,109447,110004,111363,110647,112884,156590
full_duplex,0,96,48,"n23m0223.hpc.itc.rwth-aachen.de",0,4194304,50,109137,110217,110739,112165,111434,114491,157406
full_duplex,0,96,50,"n23m0223.hpc.itc.rwth-aachen.de",0,4194304,50,109853,111071,111522,115491,112578,153989,160310
full_duplex,0,96,52,"n23m0223.hpc.itc.rwth-aachen.de",0,4194304,50,110691,111916,112419,116082,113903,152113,155302
full_duplex,0,96,54,"n23m0223.hpc.itc.rwth-aachen.de",0,4194304,50,111533,112699,113182,121071,115113,156953,159170
full_duplex,0,96,56,"n23m0223.hpc.itc.rwth-aachen.de",0,4194304,50,112315,113550,114023,121041,115714,155927,160571
full_duplex,0,96,58,"n23m0223.hpc.itc.rwth-aachen.de",0,4194304,50,113084,114185,114808,120764,116603,155330,156761
full_duplex,0,96,60,"n23m0223.hpc.itc.rwth-aachen.de",0,4194304,50,113848,115088,115578,119072,117115,153943,155699
full_duplex,0,96,62,"n23m0223.hpc.itc.rwth-aachen.de",0,4194304,50,114264,115918,116496,124242,118215,156532,162673
full_duplex,0,96,64,"n23m0223.hpc.itc.rwth-aachen.de",0,4194304,50,115497,116592,117313,120072,118531,143941,155285
full_duplex,0,96,66,"n23m0223.hpc.itc.rwth-aachen.de",0,4194304,50,115045,117350,118132,122711,119373,155228,158074
full_duplex,0,96,68,"n23m0223.hpc.itc.rwth-aachen.de",0,4194304,50,117197,118309,119064,124477,120727,157142,160725
full_duplex,0,96,70,"n23m0223.hpc.itc.rwth-aachen.de",0,4194304,50,118249,118933,119763,123072,121204,155095,157311
full_duplex,0,96,72,"n23m0223.hpc.itc.rwth-aachen.de",0,4194304,50,118870,119845,120605,123154,121903,147457,156915
full_duplex,0,96,74,"n23m0223.hpc.itc.rwth-aachen.de",0,4194304,50,119672,120686,121642,128233,123887,156454,158231
full_duplex,0,96,76,"n23m0223.hpc.itc.rwth-aachen.de",0,4194304,50,120034,121602,122332,128094,124399,155117,160411
full_duplex,0,96,78,"n23m0223.hpc.itc.rwth-aachen.de",0,4194304,50,120920,122471,123050,128450,124995,154997,156369
full_duplex,0,96,80,"n23m0223.hpc.itc.rwth-aachen.de",0,4194304,50,121755,123258,123753,126844,125382,156289,158217
full_duplex,0,96,82,"n23m0223.hpc.itc.rwth-aachen.de",0,4194304,50,122679,124228,124621,126887,126021,148598,156243
full_duplex,0,96,84,"n23m0223.hpc.itc.rwth-aachen.de",0,4194304,50,123560,125031,125486,128464,127283,156334,157368
full_duplex,0,96,86,"n23m0223.hpc.itc.rwth-aachen.de",0,4194304,50,124479,125943,126475,131596,128368,156475,157897
full_duplex,0,96,88,"n23m0223.hpc.itc.rwth-aachen.de",0,4194304,50,125337,126795,127352,130939,129110,153739,157642
full_duplex,0,96,90,"n23m0223.hpc.itc.rwth-aachen.de",0,4194304,50,126205,127718,128268,134271,130936,156592,158487
full_duplex,0,96,92,"n23m0223.hpc.itc.rwth-aachen.de",0,4194304,50,127084,128550,129105,133572,130795,156166,157721
full_duplex,0,96,94,"n23m0223.hpc.itc.rwth-aachen.de",0,4194304,50,126690,129285,129929,133639,131711,155199,159467
full_duplex,0,96,96,"n23m0236.hpc.itc.rwth-aachen.de",1,4194304,50,127986,130491,131202,134536,132733,155865,159218
full_duplex,0,96,98,"n23m0236.hpc.itc.rwth-aachen.de",1,4194304,50,129037,131544,132130,134737,133688,149882,155544
full_duplex,0,96,100,"n23m0236.hpc.itc.rwth-aachen.de",1,4194304,50,130135,132243,133451,139765,151754,156765,157156
full_duplex,0,96,102,"n23m0236.hpc.itc.rwth-aachen.de",1,4194304,50,130417,132454,133118,137698,135311,156273,157459
full_duplex,0,96,104,"n23m0236.hpc.itc.rwth-aachen.de",1,4194304,50,129869,132527,133333,137775,142748,155898,156578
full_duplex,0,96,106,"n23m0236.hpc.itc.rwth-aachen.de",1,4194304,50,133387,135262,150620,145762,154771,159040,161898
full_duplex,0,96,108,"n23m0236.hpc.itc.rwth-aachen.de",1,4194304,50,131443,135033,137728,143524,153028,157087,157948
full_duplex,0,96,110,"n23m0236.hpc.itc.rwth-aachen.de",1,4194304,50,131923,134011,135336,141166,151318,155368,156799
full_duplex,0,96,112,"n23m0236.hpc.itc.rwth-aachen.de",1,4194304,50,132237,134114,135221,139891,148003,155016,158248
full_duplex,0,96,114,"n23m0236.hpc.itc.rwth-aachen.de",1,4194304,50,131838,134231,135427,139547,146336,155715,156706
full_duplex,0,96,116,"n23m0236.hpc.itc.rwth-aachen.de",1,4194304,50,132614,134668,136228,141501,150612,157093,158425
full_duplex,0,96,118,"n23m0236.hpc.itc.rwth-aachen.de",1,4194304,50,133117,135500,136266,139869,138290,155251,157473
full_duplex,0,96,120,"n23m0236.hpc.itc.rwth-aachen.de",1,4194304,50,131511,136067,137380,141998,150357,155490,157922
full_duplex,0,96,122,"n23m0236.hpc.itc.rwth-aachen.de",1,4194304,50,131890,136390,138137,143535,152839,156684,162378
full_duplex,0,96,124,"n23m0236.hpc.itc.rwth-aachen.de",1,4194304,50,132231,136882,138895,143290,151804,155760,156455
full_duplex,0,96,126,"n23m0236.hpc.itc.rwth-aachen.de",1,4194304,50,132983,137090,138300,142143,150013,155425,159871
full_duplex,0,96,128,"n23m0236.hpc.itc.rwth-aachen.de",1,4194304,50,133448,136714,137839,141411,140155,156846,158936
full_duplex,0,96,130,"n23m0236.hpc.itc.rwth-aachen.de",1,4194304,50,135038,136974,138189,142418,150667,156008,157910
full_duplex,0,96,132,"n23m0236.hpc.itc.rwth-aachen.de",1,4194304,50,135493,137432,138874,143630,153371,156883,157433
full_duplex,0,96,134,"n23m0236.hpc.itc.rwth-aachen.de",1,4194304,50,136176,138342,139581,143918,152219,157809,160532
full_duplex,0,96,136,"n23m0236.hpc.itc.rwth-aachen.de",1,4194304,50,134008,138775,139921,142966,142632,157052,159661
full_duplex,0,96,138,"n23m0236.hpc.itc.rwth-aachen.de",1,4194304,50,134539,138909,140420,143930,149990,157493,159153
full_duplex,0,96,140,"n23m0236.hpc.itc.rwth-aachen.de",1,4194304,50,135158,139252,140721,143901,148694,156269,159856
full_duplex,0,96,142,"n23m0236.hpc.itc.rwth-aachen.de",1,4194304,50,135581,140069,141320,144406,148669,156987,160621
full_duplex,0,96,144,"n23m0236.hpc.itc.rwth-aachen.de",1,4194304,50,136852,139974,141703,145628,151736,157923,160248
full_duplex,0,96,146,"n23m0236.hpc.itc.rwth-aachen.de",1,4194304,50,137309,139927,141190,144737,149745,156933,171811
full_duplex,0,96,148,"n23m0236.hpc.itc.rwth-aachen.de",1,4194304,50,137655,140262,141805,144342,149800,155550,162774
full_duplex,0,96,150,"n23m0236.hpc.itc.rwth-aachen.de",1,4194304,50,138515,140689,142638,144176,143912,156559,161851
full_duplex,0,96,152,"n23m0236.hpc.itc.rwth-aachen.de",1,4194304,50,135864,141056,142920,145867,149343,156885,180760
full_duplex,0,96,154,"n23m0236.hpc.itc.rwth-aachen.de",1,4194304,50,136130,140985,142682,144434,145087,155193,162494
full_duplex,0,96,156,"n23m0236.hpc.itc.rwth-aachen.de",1,4194304,50,137308,142130,145128,151871,153746,160036,365051
full_duplex,0,96,158,"n23m0236.hpc.itc.rwth-aachen.de",1,4194304,50,137306,142132,144423,146249,151122,155694,164392
full_duplex,0,96,160,"n23m0236.hpc.itc.rwth-aachen.de",1,4194304,50,138054,142915,144749,147092,152165,156160,164368
full_duplex,0,96,162,"n23m0236.hpc.itc.rwth-aachen.de",1,4194304,50,138129,143714,145809,148276,153943,157471,165004
full_duplex,0,96,164,"n23m0236.hpc.itc.rwth-aachen.de",1,4194304,50,138632,143538,145993,147597,151536,155514,165355
full_duplex,0,96,166,"n23m0236.hpc.itc.rwth-aachen.de",1,4194304,50,139284,143293,145244,146590,149044,154804,166307
full_duplex,0,96,168,"n23m0236.hpc.itc.rwth-aachen.de",1,4194304,50,139595,143779,145768,147997,152673,155376,171642
full_duplex,0,96,170,"n23m0236.hpc.itc.rwth-aachen.de",1,4194304,50,142163,146085,148995,150435,154796,158279,166984
full_duplex,0,96,172,"n23m0236.hpc.itc.rwth-aachen.de",1,4194304,50,142930,145553,148407,149349,152690,157221,166558
full_duplex,0,96,174,"n23m0236.hpc.itc.rwth-aachen.de",1,4194304,50,142810,145299,147367,148917,151968,156216,168173
full_duplex,0,96,176,"n23m0236.hpc.itc.rwth-aachen.de",1,4194304,50,141239,145028,146232,148018,149212,157327,167987
full_duplex,0,96,178,"n23m0236.hpc.itc.rwth-aachen.de",1,4194304,50,141256,145885,147348,148733,151182,155760,167675
full_duplex,0,96,180,"n23m0236.hpc.itc.rwth-aachen.de",1,4194304,50,143440,146126,147858,148767,149841,155454,168815
full_duplex,0,96,182,"n23m0236.hpc.itc.rwth-aachen.de",1,4194304,50,142780,147160,149293,150800,154477,157762,169245
full_duplex,0,96,184,"n23m0236.hpc.itc.rwth-aachen.de",1,4194304,50,143741,147313,149787,150490,153547,156522,170118
full_duplex,0,96,186,"n23m0236.hpc.itc.rwth-aachen.de",1,4194304,50,143914,148012,149779,150346,151338,156995,170348
full_duplex,0,96,188,"n23m0236.hpc.itc.rwth-aachen.de",1,4194304,50,144430,147244,149928,150479,151903,157117,170840
full_duplex,0,96,190,"n23m0236.hpc.itc.rwth-aachen.de",1,4194304,50,142976,149025,151040,151499,153197,157205,171622
immediate_response,0,96,1,"n23m0223.hpc.itc.rwth-aachen.de",0,4194304,50,3510.72,166874,174503,173820,187166,197095,198935
immediate_response,0,96,2,"n23m0223.hpc.itc.rwth-aachen.de",0,4194304,50,159096,165634,173300,175706,185828,195661,197498
immediate_response,0,96,4,"n23m0223.hpc.itc.rwth-aachen.de",0,4194304,50,157895,163974,171875,173833,182668,190950,194463
immediate_response,0,96,6,"n23m0223.hpc.itc.rwth-aachen.de",0,4194304,50,127555,132247,136260,141869,142865,171379,179740
immediate_response,0,96,8,"n23m0223.hpc.itc.rwth-aachen.de",0,4194304,50,88501.1,92841.7,97164.2,100981,102412,131035,170331
immediate_response,0,96,10,"n23m0223.hpc.itc.rwth-aachen.de",0,4194304,50,3394.26,3584.99,3755.56,28273.1,4553.98,111156,127235
immediate_response,0,96,12,"n23m0223.hpc.itc.rwth-aachen.de",0,4194304,50,4215.9,4585.88,4758.1,11834.7,5064.78,83096.3,110407
immediate_response,0,96,14,"n23m0223.hpc.itc.rwth-aachen.de",0,4194304,50,5331.58,5661.29,5959.43,30105.1,7478.74,120392,126465
immediate_response,0,96,16,"n23m0223.hpc.itc.rwth-aachen.de",0,4194304,50,6284.62,6721.58,6928.35,18886.5,7516.89,107443,134723
immediate_response,0,96,18,"n23m0223.hpc.itc.rwth-aachen.de",0,4194304,50,7352.9,7828.86,8167.98,18512.5,8883.06,95850.4,99802
immediate_response,0,96,20,"n23m0223.hpc.itc.rwth-aachen.de",0,4194304,50,8151.49,8701.13,9101.3,17283.4,10071.5,96883.1,130074
immediate_response,0,96,22,"n23m0223.hpc.itc.rwth-aachen.de",0,4194304,50,9185.66,9989.61,10635.4,41352.2,92520,124494,129715
immediate_response,0,96,24,"n23m0223.hpc.itc.rwth-aachen.de",0,4194304,50,10121.6,10988.7,11806.1,34458.8,13265,117216,128327
immediate_response,0,96,26,"n23m0223.hpc.itc.rwth-aachen.de",0,4194304,50,11175.2,12153.1,12831.6,23334.6,13963,89581,92098.9
immediate_response,0,96,28,"n23m0223.hpc.itc.rwth-aachen.de",0,4194304,50,12221.6,12909.1,13718,26513.3,15232.3,105621,129772
immediate_response,0,96,30,"n23m0223.hpc.itc.rwth-aachen.de",0,4194304,50,13277.6,13999.3,14755.2,34676.5,16811.5,126989,144064
immediate_response,0,96,32,"n23m0223.hpc.itc.rwth-aachen.de",0,4194304,50,14452.2,15389.6,16475.1,39391,69850.5,109357,137346
immediate_response,0,96,34,"n23m0223.hpc.itc.rwth-aachen.de",0,4194304,50,15003,16522.5,17818,42736,93191.4,123232,135944
immediate_response,0,96,36,"n23m0223.hpc.itc.rwth-aachen.de",0,4194304,50,16119.2,17273.6,18223.8,37472.4,20240.4,135243,147883
immediate_response,0,96,38,"n23m0223.hpc.itc.rwth-aachen.de",0,4194304,50,17239.4,18386.5,19312.4,32079.3,21480.9,113035,135820
immediate_response,0,96,40,"n23m0223.hpc.itc.rwth-aachen.de",0,4194304,50,18335.4,19946.3,21218.4,41289,65864.2,110569,143012
immediate_response,0,96,42,"n23m0223.hpc.itc.rwth-aachen.de",0,4194304,50,19453.4,20531.8,21910.4,37959.8,24299,136139,151905
immediate_response,0,96,44,"n23m0223.hpc.itc.rwth-aachen.de",0,4194304,50,20404.8,21595.7,23023.1,39573.9,25357.6,125941,143778
immediate_response,0,96,46,"n23m0223.hpc.itc.rwth-aachen.de",0,4194304,50,21224.7,22919.2,24453.7,36195.4,26553.9,103228,136743
immediate_response,0,96,48,"n23m0223.hpc.itc.rwth-aachen.de",0,4194304,50,22829.5,25356.7,28114,61108.1,114610,145681,158730
immediate_response,0,96,50,"n23m0223.hpc.itc.rwth-aachen.de",0,4194304,50,24146,26353.5,27723.8,57726.7,93456.1,168795,179177
immediate_response,0,96,52,"n23m0223.hpc.itc.rwth-aachen.de",0,4194304,50,25366.6,28200.2,30706,64317.5,111025,166283,170983
immediate_response,0,96,54,"n23m0223.hpc.itc.rwth-aachen.de",0,4194304,50,27615.5,30055,32397.7,55372.5,35164.4,151828,159281
immediate_response,0,96,56,"n23m0223.hpc.itc.rwth-aachen.de",0,4194304,50,28580,31481.9,34461.3,66380.6,100884,169381,183395
immediate_response,0,96,58,"n23m0223.hpc.itc.rwth-aachen.de",0,4194304,50,30337.3,33645.2,36811,65829.5,100281,155596,169522
immediate_response,0,96,60,"n23m0223.hpc.itc.rwth-aachen.de",0,4194304,50,32119.6,35320.3,39892.8,82164,144390,172337,175036
immediate_response,0,96,62,"n23m0223.hpc.itc.rwth-aachen.de",0,4194304,50,33863.8,36026.4,39244.3,60687.2,43665,164821,172168
immediate_response,0,96,64,"n23m0223.hpc.itc.rwth-aachen.de",0,4194304,50,35729.7,39145,43749.7,74900.9,115517,163688,178905
immediate_response,0,96,66,"n23m0223.hpc.itc.rwth-aachen.de",0,4194304,50,36340.7,40194.9,44713.7,74672.9,115170,166356,174099
immediate_response,0,96,68,"n23m0223.hpc.itc.rwth-aachen.de",0,4194304,50,37946.2,42722.9,47538.6,78324.2,111626,170014,184236
immediate_response,0,96,70,"n23m0223.hpc.itc.rwth-aachen.de",0,4194304,50,38359.6,44824.5,49540.9,84782.2,127959,173864,183344
immediate_response,0,96,72,"n23m0223.hpc.itc.rwth-aachen.de",0,4194304,50,40999.6,46176,48727.2,68603.2,78385.1,155300,169865
immediate_response,0,96,74,"n23m0223.hpc.itc.rwth-aachen.de",0,4194304,50,42139.9,47542.8,51390.1,70527.4,89778.6,138902,170453
immediate_response,0,96,76,"n23m0223.hpc.itc.rwth-aachen.de",0,4194304,50,43248.3,46558.1,51716.6,78850.8,117887,165984,177423
immediate_response,0,96,78,"n23m0223.hpc.itc.rwth-aachen.de",0,4194304,50,44941.9,49243.5,52871.3,71973.8,60570,165448,183754
immediate_response,0,96,80,"n23m0223.hpc.itc.rwth-aachen.de",0,4194304,50,46632.1,50507.4,54602.5,68968.7,59315.3,161732,177776
immediate_response,0,96,82,"n23m0223.hpc.itc.rwth-aachen.de",0,4194304,50,48344.6,52972.9,58013.7,85404.4,130549,174119,184961
immediate_response,0,96,84,"n23m0223.hpc.itc.rwth-aachen.de",0,4194304,50,49818.9,55322.1,58553.4,79791.2,98607.8,161117,183622
immediate_response,0,96,86,"n23m0223.hpc.itc.rwth-aachen.de",0,4194304,50,50819.4,57958.9,61488.8,78052.5,91050.9,156238,175501
immediate_response,0,96,88,"n23m0223.hpc.itc.rwth-aachen.de",0,4194304,50,52486.6,55993.1,61532.5,85658.6,125145,178968,186434
immediate_response,0,96,90,"n23m0223.hpc.itc.rwth-aachen.de",0,4194304,50,54999,61690.3,68681,98782.1,146239,172243,181195
immediate_response,0,96,92,"n23m0223.hpc.itc.rwth-aachen.de",0,4194304,50,55538.9,61192.4,65032.2,81661.9,84643.6,164259,173339
immediate_response,0,96,94,"n23m0223.hpc.itc.rwth-aachen.de",0,4194304,50,57223.9,60711.5,67585.9,82986.6,76501.2,146566,182460
immediate_response,0,96,96,"n23m0236.hpc.itc.rwth-aachen.de",1,4194304,50,124291,150004,158146,162406,174827,190845,195076
immediate_response,0,96,98,"n23m0236.hpc.itc.rwth-aachen.de",1,4194304,50,115789,123318,129600,133674,139736,168185,181511
immediate_response,0,96,100,"n23m0236.hpc.itc.rwth-aachen.de",1,4194304,50,128240,154395,160048,162237,170509,186319,196032
immediate_response,0,96,102,"n23m0236.hpc.itc.rwth-aachen.de",1,4194304,50,113269,150374,159629,159679,170342,182450,189771
immediate_response,0,96,104,"n23m0236.hpc.itc.rwth-aachen.de",1,4194304,50,105857,125367,134018,137626,147024,168282,174137
immediate_response,0,96,106,"n23m0236.hpc.itc.rwth-aachen.de",1,4194304,50,134743,152020,165194,162997,171443,184980,191161
immediate_response,0,96,108,"n23m0236.hpc.itc.rwth-aachen.de",1,4194304,50,141301,157929,164388,167094,179347,194082,196611
immediate_response,0,96,110,"n23m0236.hpc.itc.rwth-aachen.de",1,4194304,50,133592,155862,162023,163151,171630,183991,190434
immediate_response,0,96,112,"n23m0236.hpc.itc.rwth-aachen.de",1,4194304,50,126619,149670,160963,161594,172192,183546,193187
immediate_response,0,96,114,"n23m0236.hpc.itc.rwth-aachen.de",1,4194304,50,139985,154144,161799,164503,174937,192367,193715
immediate_response,0,96,116,"n23m0236.hpc.itc.rwth-aachen.de",1,4194304,50,129008,151987,160475,162195,172631,187933,195163
immediate_response,0,96,118,"n23m0236.hpc.itc.rwth-aachen.de",1,4194304,50,82538.4,118072,125391,125496,132572,140562,145841
immediate_response,0,96,120,"n23m0236.hpc.itc.rwth-aachen.de",1,4194304,50,133796,157350,164357,165439,173086,186497,196448
immediate_response,0,96,122,"n23m0236.hpc.itc.rwth-aachen.de",1,4194304,50,76494.9,122917,127769,127674,134077,141966,162908
immediate_response,0,96,124,"n23m0236.hpc.itc.rwth-aachen.de",1,4194304,50,108481,126965,133822,136724,140706,170351,183256
immediate_response,0,96,126,"n23m0236.hpc.itc.rwth-aachen.de",1,4194304,50,130846,153527,163187,162594,171343,182286,192769
immediate_response,0,96,128,"n23m0236.hpc.itc.rwth-aachen.de",1,4194304,50,140191,153865,163045,163847,174751,183361,188052
immediate_response,0,96,130,"n23m0236.hpc.itc.rwth-aachen.de",1,4194304,50,129332,156544,162176,164677,172807,188585,196826
immediate_response,0,96,132,"n23m0236.hpc.itc.rwth-aachen.de",1,4194304,50,125320,150322,158315,159123,166955,185647,192627
immediate_response,0,96,134,"n23m0236.hpc.itc.rwth-aachen.de",1,4194304,50,131735,150627,156984,161386,175109,188768,194789
immediate_response,0,96,136,"n23m0236.hpc.itc.rwth-aachen.de",1,4194304,50,135045,155119,162341,164144,171585,185735,192306
immediate_response,0,96,138,"n23m0236.hpc.itc.rwth-aachen.de",1,4194304,50,134284,154837,161397,162649,169361,183095,193108
immediate_response,0,96,140,"n23m0236.hpc.itc.rwth-aachen.de",1,4194304,50,106731,125458,133489,134782,141162,159803,171119
immediate_response,0,96,142,"n23m0236.hpc.itc.rwth-aachen.de",1,4194304,50,117561,149677,160386,160425,169876,186025,188825
immediate_response,0,96,144,"n23m0236.hpc.itc.rwth-aachen.de",1,4194304,50,107732,126914,136138,138761,144785,175606,184790
immediate_response,0,96,146,"n23m0236.hpc.itc.rwth-aachen.de",1,4194304,50,122961,150532,159383,159902,168203,185976,189918
immediate_response,0,96,148,"n23m0236.hpc.itc.rwth-aachen.de",1,4194304,50,107195,121605,128318,131393,140613,153414,178875
immediate_response,0,96,150,"n23m0236.hpc.itc.rwth-aachen.de",1,4194304,50,139004,156940,166534,164906,172396,184430,187986
immediate_response,0,96,152,"n23m0236.hpc.itc.rwth-aachen.de",1,4194304,50,118402,155975,162855,165404,175975,191763,193142
immediate_response,0,96,154,"n23m0236.hpc.itc.rwth-aachen.de",1,4194304,50,102705,149571,159133,156997,167892,179270,195324
immediate_response,0,96,156,"n23m0236.hpc.itc.rwth-aachen.de",1,4194304,50,120518,150493,162724,161321,170836,185306,192009
immediate_response,0,96,158,"n23m0236.hpc.itc.rwth-aachen.de",1,4194304,50,128670,148746,161272,161314,171787,185416,195892
immediate_response,0,96,160,"n23m0236.hpc.itc.rwth-aachen.de",1,4194304,50,113103,153077,158658,162042,173664,191639,194517
immediate_response,0,96,162,"n23m0236.hpc.itc.rwth-aachen.de",1,4194304,50,91528.5,124755,131076,133050,141329,156966,180300
immediate_response,0,96,164,"n23m0236.hpc.itc.rwth-aachen.de",1,4194304,50,135772,151780,159159,160668,168987,183654,193717
immediate_response,0,96,166,"n23m0236.hpc.itc.rwth-aachen.de",1,4194304,50,119965,157056,162654,164045,173198,184080,187302
immediate_response,0,96,168,"n23m0236.hpc.itc.rwth-aachen.de",1,4194304,50,108793,129247,140495,139336,146552,164537,168620
immediate_response,0,96,170,"n23m0236.hpc.itc.rwth-aachen.de",1,4194304,50,104886,121165,130288,130291,137573,149254,149871
immediate_response,0,96,172,"n23m0236.hpc.itc.rwth-aachen.de",1,4194304,50,114022,126697,134025,135842,139084,164279,180452
immediate_response,0,96,174,"n23m0236.hpc.itc.rwth-aachen.de",1,4194304,50,133520,156988,164482,165092,174291,187885,193794
immediate_response,0,96,176,"n23m0236.hpc.itc.rwth-aachen.de",1,4194304,50,95340,119879,129425,129409,137298,156064,168512
immediate_response,0,96,178,"n23m0236.hpc.itc.rwth-aachen.de",1,4194304,50,135203,154176,161988,161324,170351,178735,193357
immediate_response,0,96,180,"n23m0236.hpc.itc.rwth-aachen.de",1,4194304,50,138874,151825,159313,160617,167799,180040,187898
immediate_response,0,96,182,"n23m0236.hpc.itc.rwth-aachen.de",1,4194304,50,102347,132016,142819,145105,151739,177835,193327
immediate_response,0,96,184,"n23m0236.hpc.itc.rwth-aachen.de",1,4194304,50,85574.5,153434,162865,161800,173198,188954,194137
immediate_response,0,96,186,"n23m0236.hpc.itc.rwth-aachen.de",1,4194304,50,134696,149807,159456,160521,169554,184779,189443
immediate_response,0,96,188,"n23m0236.hpc.itc.rwth-aachen.de",1,4194304,50,136003,152391,161278,163458,173576,188620,208364
immediate_response,0,96,190,"n23m0236.hpc.itc.rwth-aachen.de",1,4194304,50,114205,149498,159508,160021,171871,185713,193833
incast,0,128,1,"n23m0223.hpc.itc.rwth-aachen.de",0,4194304,50,137172,141951,144478,144773,147416,153586,156058
incast,0,128,2,"n23m0223.hpc.itc.rwth-aachen.de",0,4194304,50,136508,141255,143819,144116,146701,152984,155429
incast,0,128,3,"n23m0223.hpc.itc.rwth-aachen.de",0,4194304,50,135801,140615,143149,143455,145961,152380,154813
incast,0,128,5,"n23m0223.hpc.itc.rwth-aachen.de",0,4194304,50,119777,123355,125829,127943,128322,141664,148169
incast,0,128,6,"n23m0223.hpc.itc.rwth-aachen.de",0,4194304,50,83056.4,86364.4,87898.9,91720.4,90971.2,118797,126783
incast,0,128,8,"n23m0223.hpc.itc.rwth-aachen.de",0,4194304,50,3178.91,3321.04,3395.29,18290.8,3534.85,90822,98591.7
incast,0,128,9,"n23m0223.hpc.itc.rwth-aachen.de",0,4194304,50,3716.14,3905.13,3982.57,10554.5,4090.66,81772.5,90870
incast,0,128,11,"n23m0223.hpc.itc.rwth-aachen.de",0,4194304,50,4349.52,4522.8,4604.04,13039.9,4797.87,86625,96280.4
incast,0,128,12,"n23m0223.hpc.itc.rwth-aachen.de",0,4194304,50,4887.87,5140.09,5267.01,11531.3,5456.26,80201.8,89770.5
incast,0,128,14,"n23m0223.hpc.itc.rwth-aachen.de",0,4194304,50,5486.48,5802.43,5902.28,13180.3,6134.11,90036.3,103286
incast,0,128,15,"n23m0223.hpc.itc.rwth-aachen.de",0,4194304,50,6074.52,6425.16,6552.56,7972.24,6789.79,7202.13,74960.3
incast,0,128,17,"n23m0223.hpc.itc.rwth-aachen.de",0,4194304,50,6709.96,7046.5,7180.98,7258.22,7437.63,7892.84,8002.53
incast,0,128,18,"n23m0223.hpc.itc.rwth-aachen.de",0,4194304,50,7339.5,7714.41,7867.41,12037,8229.56,43212.7,81699.4
incast,0,128,20,"n23m0223.hpc.itc.rwth-aachen.de",0,4194304,50,7986,8317.27,8509.2,11986.9,8863.97,9529.58,96620.5
incast,0,128,21,"n23m0223.hpc.itc.rwth-aachen.de",0,4194304,50,8520.61,8952.52,9110.16,16229.1,9467.77,91852.2,104333
incast,0,128,23,"n23m0223.hpc.itc.rwth-aachen.de",0,4194304,50,9117.44,9546.17,9755.3,12943.3,10148.6,10958.8,91467.6
incast,0,128,24,"n23m0223.hpc.itc.rwth-aachen.de",0,4194304,50,9711.85,10241.5,10574,22501.1,11289.1,85677.9,101743
incast,0,128,26,"n23m0223.hpc.itc.rwth-aachen.de",0,4194304,50,10310.6,10948,11391.1,27127.9,12385.5,95630.1,107026
incast,0,128,27,"n23m0223.hpc.itc.rwth-aachen.de",0,4194304,50,10990,11592.9,12064.8,20481.6,12616.1,83403.9,95762.6
incast,0,128,29,"n23m0223.hpc.itc.rwth-aachen.de",0,4194304,50,11541.2,12174.6,12501.1,20294.9,13221.9,86610.2,99741
incast,0,128,30,"n23m0223.hpc.itc.rwth-aachen.de",0,4194304,50,12185.4,12845.1,13224.5,20166.4,13845.2,92517.7,106517
incast,0,128,32,"n23m0223.hpc.itc.rwth-aachen.de",0,4194304,50,12831.1,13489.3,13942.2,19807.9,14516,79026.2,102236
incast,0,128,33,"n23m0223.hpc.itc.rwth-aachen.de",0,4194304,50,13401.3,14123.7,14580.3,20545.7,15333.8,78262.3,104657
incast,0,128,35,"n23m0223.hpc.itc.rwth-aachen.de",0,4194304,50,14060,14784.8,15234.9,18260.7,15934.6,17231.4,89061.9
incast,0,128,36,"n23m0223.hpc.itc.rwth-aachen.de",0,4194304,50,14682,15494.1,15892,19633.6,16664.7,17932.5,113825
incast,0,128,38,"n23m0223.hpc.itc.rwth-aachen.de",0,4194304,50,15332.3,16161.1,16738.9,27918.2,17644.9,97896.1,118081
incast,0,128,39,"n23m0223.hpc.itc.rwth-aachen.de",0,4194304,50,15988.8,16926.4,17658.7,26784.8,18486.1,98361.1,104576
incast,0,128,41,"n23m0223.hpc.itc.rwth-aachen.de",0,4194304,50,16803.3,17564.1,18249,27496.3,19327.4,94805.4,108830
incast,0,128,42,"n23m0223.hpc.itc.rwth-aachen.de",0,4194304,50,17372,18350.9,19349.8,30618.9,20114.1,97647,101247
incast,0,128,44,"n23m0223.hpc.itc.rwth-aachen.de",0,4194304,50,18129.8,19135.2,19967.7,25185.3,20770.9,78395.2,93962.7
incast,0,128,45,"n23m0223.hpc.itc.rwth-aachen.de",0,4194304,50,18759.9,19712.1,20452.7,24923,21392.9,55258.2,106373
incast,0,128,47,"n23m0223.hpc.itc.rwth-aachen.de",0,4194304,50,19419.1,20475,21196.2,27984,22147,83325.7,110464
incast,0,128,48,"n23m0223.hpc.itc.rwth-aachen.de",0,4194304,50,20331.6,21598.9,22501.8,33189.9,23422.5,97350.4,122214
incast,0,128,49,"n23m0223.hpc.itc.rwth-aachen.de",0,4194304,50,21185.5,22495,23155.1,37287.4,24394.5,123992,130559
incast,0,128,51,"n23m0223.hpc.itc.rwth-aachen.de",0,4194304,50,22061.6,23434.8,24686.3,42179.6,27046.6,116642,122744
incast,0,128,52,"n23m0223.hpc.itc.rwth-aachen.de",0,4194304,50,22937.7,24550.5,25928.9,46872.9,78390.5,117187,123973
incast,0,128,54,"n23m0223.hpc.itc.rwth-aachen.de",0,4194304,50,23890.3,25103,26621.9,33136.2,27524,94288.3,111150
incast,0,128,55,"n23m0223.hpc.itc.rwth-aachen.de",0,4194304,50,24841.9,26298.5,27319.1,36659.4,28514.1,103860,116128
incast,0,128,57,"n23m0223.hpc.itc.rwth-aachen.de",0,4194304,50,25753.3,27318,28483.6,35498.9,29667.2,86085.1,120466
incast,0,128,58,"n23m0223.hpc.itc.rwth-aachen.de",0,4194304,50,26616.4,27876.1,29050.4,32933.6,29963.7,60551.6,107506
incast,0,128,60,"n23m0223.hpc.itc.rwth-aachen.de",0,4194304,50,27429.6,28903.2,29948.2,36493.1,31195.6,102732,124720
incast,0,128,61,"n23m0223.hpc.itc.rwth-aachen.de",0,4194304,50,28305.2,29831.9,30969.4,40115.3,32528.6,105642,131618
incast,0,128,63,"n23m0223.hpc.itc.rwth-aachen.de",0,4194304,50,29200,31034.3,32349.6,44093.6,34419.7,110596,132715
incast,0,128,64,"n23m0223.hpc.itc.rwth-aachen.de",0,4194304,50,30138.4,32268.1,34063.4,50496.3,63992.1,113057,120774
incast,0,128,66,"n23m0223.hpc.itc.rwth-aachen.de",0,4194304,50,30999.9,33109.5,34911.6,43674.4,37810,91038.9,94541.5
incast,0,128,67,"n23m0223.hpc.itc.rwth-aachen.de",0,4194304,50,31887.1,33865.1,35403.9,42524.9,36864.5,98584.6,114360
incast,0,128,69,"n23m0223.hpc.itc.rwth-aachen.de",0,4194304,50,32700.9,34309.1,36019,45517.6,37436.9,121256,128996
incast,0,128,70,"n23m0223.hpc.itc.rwth-aachen.de",0,4194304,50,33596.3,35462.5,37154.3,44485,38204.8,111925,130399
incast,0,128,72,"n23m0223.hpc.itc.rwth-aachen.de",0,4194304,50,34440.6,36159,37937.5,46299.1,39460.9,113196,124603
incast,0,128,73,"n23m0223.hpc.itc.rwth-aachen.de",0,4194304,50,35307.2,37569.2,39850.9,54350.7,43719.1,117380,131441
incast,0,128,75,"n23m0223.hpc.itc.rwth-aachen.de",0,4194304,50,36226.5,38395.2,40159.8,50278.5,42211.3,113162,127576
incast,0,128,76,"n23m0223.hpc.itc.rwth-aachen.de",0,4194304,50,37237.9,39491.2,41938.5,57876.1,74267,112984,129407
incast,0,128,78,"n23m0223.hpc.itc.rwth-aachen.de",0,4194304,50,38177.8,40103.9,42395,52549.9,46746.7,105523,117390
incast,0,128,79,"n23m0223.hpc.itc.rwth-aachen.de",0,4194304,50,38978.8,40902.6,43120.1,48922.6,45155.2,96776.9,117731
incast,0,128,81,"n23m0223.hpc.itc.rwth-aachen.de",0,4194304,50,39888.7,42405.1,44613.7,52409.9,48348.5,100139,114974
incast,0,128,82,"n23m0223.hpc.itc.rwth-aachen.de",0,4194304,50,40736.6,43297.8,45265.5,55007.7,49383.4,107060,123261
incast,0,128,84,"n23m0223.hpc.itc.rwth-aachen.de",0,4194304,50,41528.5,44119.5,46644.9,59583.3,72178.4,105454,135194
incast,0,128,85,"n23m0223.hpc.itc.rwth-aachen.de",0,4194304,50,41551.7,44619.2,47445.1,59256.5,52058.3,110345,114368
incast,0,128,87,"n23m0223.hpc.itc.rwth-aachen.de",0,4194304,50,42363.5,45254.8,47699.4,53703,50033.9,100642,121917
incast,0,128,88,"n23m0223.hpc.itc.rwth-aachen.de",0,4194304,50,43179.8,46222.8,48457.7,54895.7,49716.4,106381,132928
incast,0,128,90,"n23m0223.hpc.itc.rwth-aachen.de",0,4194304,50,44011.3,47307.4,50449.9,60554.2,55361.1,102551,116624
incast,0,128,91,"n23m0223.hpc.itc.rwth-aachen.de",0,4194304,50,45625,48036.7,50532.6,58178.3,52754.2,107021,121148
incast,0,128,93,"n23m0223.hpc.itc.rwth-aachen.de",0,4194304,50,45683.9,48718,51438.4,54574,53071.4,85939.2,121063
incast,0,128,94,"n23m0223.hpc.itc.rwth-aachen.de",0,4194304,50,46511.5,49877.3,52388.5,55149,54205.5,85591.5,103317
incast,0,128,96,"n23m0236.hpc.itc.rwth-aachen.de",1,4194304,50,125194,136620,140067,140217,142913,147790,153867
incast,0,128,97,"n23m0236.hpc.itc.rwth-aachen.de",1,4194304,50,115664,135851,140730,139528,142406,148729,153386
incast,0,128,99,"n23m0236.hpc.itc.rwth-aachen.de",1,4194304,50,106366,115064,117813,118792,121878,129811,134337
incast,0,128,100,"n23m0236.hpc.itc.rwth-aachen.de",1,4194304,50,127688,134771,139319,139008,142300,150034,153602
incast,0,128,102,"n23m0236.hpc.itc.rwth-aachen.de",1,4194304,50,126501,135518,139910,138997,141662,147833,150946
incast,0,128,103,"n23m0236.hpc.itc.rwth-aachen.de",1,4194304,50,125906,136225,139589,139492,141364,150953,152403
incast,0,128,105,"n23m0236.hpc.itc.rwth-aachen.de",1,4194304,50,105143,136768,139865,139528,142858,149352,153254
incast,0,128,106,"n23m0236.hpc.itc.rwth-aachen.de",1,4194304,50,117546,135118,139238,138977,142239,149554,153496
incast,0,128,108,"n23m0236.hpc.itc.rwth-aachen.de",1,4194304,50,125180,138145,140220,140279,142997,148500,153973
incast,0,128,109,"n23m0236.hpc.itc.rwth-aachen.de",1,4194304,50,97376.7,115301,118494,118122,120616,127169,134196
incast,0,128,111,"n23m0236.hpc.itc.rwth-aachen.de",1,4194304,50,125842,135770,138605,138957,141802,149782,153282
incast,0,128,112,"n23m0236.hpc.itc.rwth-aachen.de",1,4194304,50,129242,137345,140097,140423,142876,151326,154313
incast,0,128,114,"n23m0236.hpc.itc.rwth-aachen.de",1,4194304,50,130627,137994,141145,141426,143816,150266,153145
incast,0,128,115,"n23m0236.hpc.itc.rwth-aachen.de",1,4194304,50,120759,137086,139447,139473,143517,151237,153461
incast,0,128,117,"n23m0236.hpc.itc.rwth-aachen.de",1,4194304,50,121225,135478,138021,138374,141943,148269,153413
incast,0,128,118,"n23m0236.hpc.itc.rwth-aachen.de",1,4194304,50,95184.4,114999,120160,118875,122956,129831,135299
incast,0,128,120,"n23m0236.hpc.itc.rwth-aachen.de",1,4194304,50,116970,138057,141041,140618,143662,149124,152230
incast,0,128,121,"n23m0236.hpc.itc.rwth-aachen.de",1,4194304,50,130609,138730,141252,141683,143831,151171,153956
incast,0,128,123,"n23m0236.hpc.itc.rwth-aachen.de",1,4194304,50,122436,134786,138794,138139,142261,150010,152985
incast,0,128,124,"n23m0236.hpc.itc.rwth-aachen.de",1,4194304,50,98642.5,115699,118772,118708,121663,128650,131038
incast,0,128,126,"n23m0236.hpc.itc.rwth-aachen.de",1,4194304,50,105096,135431,139361,138789,142795,148750,153978
incast,0,128,127,"n23m0236.hpc.itc.rwth-aachen.de",1,4194304,50,99389.8,116289,118382,118570,121385,127119,136320
incast,0,128,129,"n23m0236.hpc.itc.rwth-aachen.de",1,4194304,50,125921,137851,140485,140032,143311,146740,151852
incast,0,128,130,"n23m0236.hpc.itc.rwth-aachen.de",1,4194304,50,129176,136481,139651,140057,143048,148770,154029
incast,0,128,132,"n23m0236.hpc.itc.rwth-aachen.de",1,4194304,50,123561,137532,141396,141657,143694,151659,180407
incast,0,128,133,"n23m0236.hpc.itc.rwth-aachen.de",1,4194304,50,101587,115230,117849,118338,122466,128659,132408
incast,0,128,135,"n23m0236.hpc.itc.rwth-aachen.de",1,4194304,50,126000,138643,140114,141015,142811,149377,153992
incast,0,128,136,"n23m0236.hpc.itc.rwth-aachen.de",1,4194304,50,125743,137222,140060,141903,145600,153058,185314
incast,0,128,138,"n23m0236.hpc.itc.rwth-aachen.de",1,4194304,50,125304,137369,140129,140106,142575,150018,153288
incast,0,128,139,"n23m0236.hpc.itc.rwth-aachen.de",1,4194304,50,97483.4,135798,139630,138710,142810,148938,152471
incast,0,128,141,"n23m0236.hpc.itc.rwth-aachen.de",1,4194304,50,129941,136676,140755,140602,143389,149822,153863
incast,0,128,142,"n23m0236.hpc.itc.rwth-aachen.de",1,4194304,50,84952,137249,139987,139136,142546,148599,153670
incast,0,128,144,"n23m0236.hpc.itc.rwth-aachen.de",1,4194304,50,104622,115140,118127,118354,120568,126968,133989
incast,0,128,145,"n23m0236.hpc.itc.rwth-aachen.de",1,4194304,50,68123,113359,118232,116306,121890,127888,133114
incast,0,128,147,"n23m0236.hpc.itc.rwth-aachen.de",1,4194304,50,101907,115986,119452,119232,122906,128325,131313
incast,0,128,148,"n23m0236.hpc.itc.rwth-aachen.de",1,4194304,50,93793.8,114921,117880,117869,122147,127258,134202
incast,0,128,150,"n23m0236.hpc.itc.rwth-aachen.de",1,4194304,50,124547,137174,140330,140342,143696,150260,154104
incast,0,128,151,"n23m0236.hpc.itc.rwth-aachen.de",1,4194304,50,123600,136351,138867,139071,141783,147248,153104
incast,0,128,153,"n23m0236.hpc.itc.rwth-aachen.de",1,4194304,50,94244.3,114840,117261,117631,120124,127106,134410
incast,0,128,154,"n23m0236.hpc.itc.rwth-aachen.de",1,4194304,50,123890,135885,139673,139142,142844,148193,151648
incast,0,128,156,"n23m0236.hpc.itc.rwth-aachen.de",1,4194304,50,120554,137883,140464,140435,143433,148190,152806
incast,0,128,157,"n23m0236.hpc.itc.rwth-aachen.de",1,4194304,50,88266.2,115395,118913,118248,121997,126290,131491
incast,0,128,159,"n23m0236.hpc.itc.rwth-aachen.de",1,4194304,50,132980,138160,141099,141445,143743,149666,151898
incast,0,128,160,"n23m0236.hpc.itc.rwth-aachen.de",1,4194304,50,126716,136620,139810,139618,142854,145879,153528
incast,0,128,162,"n23m0236.hpc.itc.rwth-aachen.de",1,4194304,50,106973,116978,118718,119301,122236,128444,130738
incast,0,128,163,"n23m0236.hpc.itc.rwth-aachen.de",1,4194304,50,117342,137644,140003,140367,142898,150103,153941
incast,0,128,165,"n23m0236.hpc.itc.rwth-aachen.de",1,4194304,50,133740,137823,139925,141066,143515,151639,153500
incast,0,128,166,"n23m0236.hpc.itc.rwth-aachen.de",1,4194304,50,130621,136288,140130,139803,142662,148217,149460
incast,0,128,168,"n23m0236.hpc.itc.rwth-aachen.de",1,4194304,50,74427.1,117746,120809,120122,124559,128550,135826
incast,0,128,169,"n23m0236.hpc.itc.rwth-aachen.de",1,4194304,50,117045,136702,140202,138809,143263,147765,153906
incast,0,128,171,"n23m0236.hpc.itc.rwth-aachen.de",1,4194304,50,127452,135836,138296,138726,141331,148263,153728
incast,0,128,172,"n23m0236.hpc.itc.rwth-aachen.de",1,4194304,50,88505.3,117824,119215,119437,123312,128980,131520
incast,0,128,174,"n23m0236.hpc.itc.rwth-aachen.de",1,4194304,50,117219,137765,140837,140477,142870,149866,153543
incast,0,128,175,"n23m0236.hpc.itc.rwth-aachen.de",1,4194304,50,100645,115319,117146,118084,121322,128337,132634
incast,0,128,177,"n23m0236.hpc.itc.rwth-aachen.de",1,4194304,50,100174,113938,118139,117163,121702,125186,127585
incast,0,128,178,"n23m0236.hpc.itc.rwth-aachen.de",1,4194304,50,133776,139035,141447,141434,143294,150193,153819
incast,0,128,180,"n23m0236.hpc.itc.rwth-aachen.de",1,4194304,50,122704,137103,139571,139579,142646,148508,153780
incast,0,128,181,"n23m0236.hpc.itc.rwth-aachen.de",1,4194304,50,85411.4,115280,118127,117875,121790,127879,131790
incast,0,128,183,"n23m0236.hpc.itc.rwth-aachen.de",1,4194304,50,121631,136377,139941,140415,142254,149659,176711
incast,0,128,184,"n23m0236.hpc.itc.rwth-aachen.de",1,4194304,50,114157,136702,140205,139682,143395,149155,152127
incast,0,128,186,"n23m0236.hpc.itc.rwth-aachen.de",1,4194304,50,134626,137816,140611,140863,142793,147536,153401
incast,0,128,187,"n23m0236.hpc.itc.rwth-aachen.de",1,4194304,50,88741.3,136923,139868,139065,141977,149905,153567
incast,0,128,189,"n23m0236.hpc.itc.rwth-aachen.de",1,4194304,50,117370,137347,139983,140004,143068,149298,151850
incast,0,128,190,"n23m0236.hpc.itc.rwth-aachen.de",1,4194304,50,123848,135846,139669,138956,142210,147467,152558
fanout,0,128,1,"n23m0223.hpc.itc.rwth-aachen.de",0,4194304,50,75517.5,79981.7,80988.8,81556.3,81786.7,84297.3,105585
fanout,0,128,2,"n23m0223.hpc.itc.rwth-aachen.de",0,4194304,50,74994.5,79423.2,80431,80997.3,81232.9,83730.7,104947
fanout,0,128,3,"n23m0223.hpc.itc.rwth-aachen.de",0,4194304,50,74425,78854.8,79816.9,80391.3,80628.7,83100.3,104300
fanout,0,128,5,"n23m0223.hpc.itc.rwth-aachen.de",0,4194304,50,73919,78387.3,79320.2,79903.5,80150.4,82590.7,103218
fanout,0,128,6,"n23m0223.hpc.itc.rwth-aachen.de",0,4194304,50,72710,76651.2,77349.5,78030.9,78089.9,80431.3,101045
fanout,0,128,8,"n23m0223.hpc.itc.rwth-aachen.de",0,4194304,50,2055.34,2266.15,2304.2,6600.61,2354.08,40738.6,77940.7
fanout,0,128,9,"n23m0223.hpc.itc.rwth-aachen.de",0,4194304,50,2322.61,2771.76,2817.41,2858.69,2876.95,3097.76,4514.02
fanout,0,128,11,"n23m0223.hpc.itc.rwth-aachen.de",0,4194304,50,2774.34,3290.14,3342.62,3374.78,3396.69,3631.54,5040.37
fanout,0,128,12,"n23m0223.hpc.itc.rwth-aachen.de",0,4194304,50,3202.85,3758.56,3825.57,8229.59,3894.02,43807.4,79584.9
fanout,0,128,14,"n23m0223.hpc.itc.rwth-aachen.de",0,4194304,50,3615.06,4291.08,4358.14,11547.6,4476.11,75987.2,79576.4
fanout,0,128,15,"n23m0223.hpc.itc.rwth-aachen.de",0,4194304,50,4120.67,4789.52,4869.18,14621.3,5024.38,75437.2,77681.4
fanout,0,128,17,"n23m0223.hpc.itc.rwth-aachen.de",0,4194304,50,4595.03,5263.61,5385.28,16528.7,5554.79,75492.4,76457.5
fanout,0,128,18,"n23m0223.hpc.itc.rwth-aachen.de",0,4194304,50,5059.72,5691.32,5889.62,12778.5,6026.34,74490.3,76439.4
fanout,0,128,20,"n23m0223.hpc.itc.rwth-aachen.de",0,4194304,50,5524.27,6131.59,6372.11,7719.69,6491.94,7354.09,73683.8
fanout,0,128,21,"n23m0223.hpc.itc.rwth-aachen.de",0,4194304,50,5999.8,6645.33,6881.16,9521.59,7021.54,8744.04,72997.8
fanout,0,128,23,"n23m0223.hpc.itc.rwth-aachen.de",0,4194304,50,6437.34,7115.58,7370.07,13328.9,7509.58,76618,100232
fanout,0,128,24,"n23m0223.hpc.itc.rwth-aachen.de",0,4194304,50,6924.96,7657.86,7890.92,11990.1,8086.43,46238.9,77094.4
fanout,0,128,26,"n23m0223.hpc.itc.rwth-aachen.de",0,4194304,50,7422.98,8146.4,8421.82,9788.6,8587.26,9472.99,76068.1
fanout,0,128,27,"n23m0223.hpc.itc.rwth-aachen.de",0,4194304,50,7902.4,8714.14,8935,16923.1,9187.87,75396.4,76418.2
fanout,0,128,29,"n23m0223.hpc.itc.rwth-aachen.de",0,4194304,50,8396.18,9244.59,9467.56,10862.2,9680.74,10532.6,77454.7
fanout,0,128,30,"n23m0223.hpc.itc.rwth-aachen.de",0,4194304,50,8917.36,9757.1,10011.7,12605.5,10209.6,12380.9,75323.4
fanout,0,128,32,"n23m0223.hpc.itc.rwth-aachen.de",0,4194304,50,9386.32,10262.8,10540.4,22158.4,10791.9,76158.9,79251.7
fanout,0,128,33,"n23m0223.hpc.itc.rwth-aachen.de",0,4194304,50,10110.1,10775.4,11086.2,24160.5,11504.8,76699.4,101273
fanout,0,128,35,"n23m0223.hpc.itc.rwth-aachen.de",0,4194304,50,10384.2,11216.3,11470,16519,11788.5,72669.3,76418.6
fanout,0,128,36,"n23m0223.hpc.itc.rwth-aachen.de",0,4194304,50,10975.9,11792.2,12027.8,14520,12360.7,14814.4,75273.1
fanout,0,128,38,"n23m0223.hpc.itc.rwth-aachen.de",0,4194304,50,11336.1,12300.2,12540.3,16352,12937.2,47512.9,77144.6
fanout,0,128,39,"n23m0223.hpc.itc.rwth-aachen.de",0,4194304,50,11865.1,12837.5,13128,20646,13509.1,75785.5,78075.9
fanout,0,128,41,"n23m0223.hpc.itc.rwth-aachen.de",0,4194304,50,12369.4,13353.5,13572,18710.9,14024.5,75278.8,79724.7
fanout,0,128,42,"n23m0223.hpc.itc.rwth-aachen.de",0,4194304,50,12822.4,13895.2,14044.8,16621.8,14469.1,17451.7,75346
fanout,0,128,44,"n23m0223.hpc.itc.rwth-aachen.de",0,4194304,50,13332.3,14433,14597.8,17172.2,14981.5,18109,76699.8
fanout,0,128,45,"n23m0223.hpc.itc.rwth-aachen.de",0,4194304,50,13856.9,14987.8,15118,18884.2,15623.6,49988.7,77804.4
fanout,0,128,47,"n23m0223.hpc.itc.rwth-aachen.de",0,4194304,50,14332.9,15540.7,15689,21717.6,16177.3,74334.9,77416.9
fanout,0,128,48,"n23m0223.hpc.itc.rwth-aachen.de",0,4194304,50,15130.3,16355.3,16497.3,23710.2,16999.7,76194.7,78744.6
fanout,0,128,49,"n23m0223.hpc.itc.rwth-aachen.de",0,4194304,50,15951.9,17205.9,17485.8,23439,17997.9,77625,77982.1
fanout,0,128,51,"n23m0223.hpc.itc.rwth-aachen.de",0,4194304,50,16652.1,18248.4,18509.1,27785.4,19060.5,77543.4,80045.3
fanout,0,128,52,"n23m0223.hpc.itc.rwth-aachen.de",0,4194304,50,17610,19253,19538,28570.6,20038.1,76666,79028.9
fanout,0,128,54,"n23m0223.hpc.itc.rwth-aachen.de",0,4194304,50,18621.1,19799.5,20386.2,27096.9,20911.6,77557.1,79076.1
fanout,0,128,55,"n23m0223.hpc.itc.rwth-aachen.de",0,4194304,50,19339.2,20962.2,21509.3,31539.2,22083.4,78832.1,80579.3
fanout,0,128,57,"n23m0223.hpc.itc.rwth-aachen.de",0,4194304,50,20253.1,21711,22315.7,24452.7,22598.9,27360.6,77649.6
fanout,0,128,58,"n23m0223.hpc.itc.rwth-aachen.de",0,4194304,50,21235.3,22764.8,23277.7,27519.8,23641.5,75470.6,78567.3
fanout,0,128,60,"n23m0223.hpc.itc.rwth-aachen.de",0,4194304,50,22137.9,23714.8,24074.9,26352.1,24528.6,29758.8,78522.6
fanout,0,128,61,"n23m0223.hpc.itc.rwth-aachen.de",0,4194304,50,23046.3,24677.9,25034,25187.3,25508.9,26461.3,34025.4
fanout,0,128,63,"n23m0223.hpc.itc.rwth-aachen.de",0,4194304,50,23932.3,25638.4,25994.8,27153.4,26496.7,27484.7,77790.1
fanout,0,128,64,"n23m0223.hpc.itc.rwth-aachen.de",0,4194304,50,24831.3,26572.7,26945.9,27112.6,27472.1,28290.8,36536.2
fanout,0,128,66,"n23m0223.hpc.itc.rwth-aachen.de",0,4194304,50,25727.9,27516.4,27868.6,28067.4,28423.2,29269.3,37758.4
fanout,0,128,67,"n23m0223.hpc.itc.rwth-aachen.de",0,4194304,50,26648,28474.2,28830.8,29021.2,29406.6,30256.6,39021.6
fanout,0,128,69,"n23m0223.hpc.itc.rwth-aachen.de",0,4194304,50,27548,29493.6,29878.9,30895.1,30443.4,31359.5,74020.7
fanout,0,128,70,"n23m0223.hpc.itc.rwth-aachen.de",0,4194304,50,28505.8,30487,30820,31916,31440.3,32397.4,76818.6
fanout,0,128,72,"n23m0223.hpc.itc.rwth-aachen.de",0,4194304,50,29381.6,31460.6,31922.9,35569.2,32473.3,74890.5,81499.9
fanout,0,128,73,"n23m0223.hpc.itc.rwth-aachen.de",0,4194304,50,30262.9,32412.9,32721.7,34692.7,33342.8,39682,79502.7
fanout,0,128,75,"n23m0223.hpc.itc.rwth-aachen.de",0,4194304,50,31135.5,33351.7,33702.3,34699.8,34284.5,35208.8,77111.3
fanout,0,128,76,"n23m0223.hpc.itc.rwth-aachen.de",0,4194304,50,32137.9,34285.2,34623.4,34770.3,35168.7,36015.8,46606.9
fanout,0,128,78,"n23m0223.hpc.itc.rwth-aachen.de",0,4194304,50,33001,35182.6,35576,35705.6,36137.3,36951.6,47846.3
fanout,0,128,79,"n23m0223.hpc.itc.rwth-aachen.de",0,4194304,50,33869,36077.9,36483.9,36639.1,37067.8,37864.4,49137.3
fanout,0,128,81,"n23m0223.hpc.itc.rwth-aachen.de",0,4194304,50,34736.3,36977.9,37397.7,37578.9,38007.7,38772.6,50352.3
fanout,0,128,82,"n23m0223.hpc.itc.rwth-aachen.de",0,4194304,50,35647,37939.4,38386.9,38542.9,38920.3,39754.6,51634.2
fanout,0,128,84,"n23m0223.hpc.itc.rwth-aachen.de",0,4194304,50,36502.2,38820.1,39328.5,40205,39926.2,40783,76185.8
fanout,0,128,85,"n23m0223.hpc.itc.rwth-aachen.de",0,4194304,50,37358.6,39666,40218.5,40374.5,40745.8,41582.5,54161.8
fanout,0,128,87,"n23m0223.hpc.itc.rwth-aachen.de",0,4194304,50,38177,40557.2,41122.2,41275.4,41682.8,42533.3,55299.8
fanout,0,128,88,"n23m0223.hpc.itc.rwth-aachen.de",0,4194304,50,39005.2,41425.3,41996.8,42165.5,42585,43343.7,56558.5
fanout,0,128,90,"n23m0223.hpc.itc.rwth-aachen.de",0,4194304,50,39849.5,42321.2,42886.6,43068.5,43533.3,44236.2,57753.2
fanout,0,128,91,"n23m0223.hpc.itc.rwth-aachen.de",0,4194304,50,40653.9,43271.4,43782,43987.7,44436,45169.3,58981.1
fanout,0,128,93,"n23m0223.hpc.itc.rwth-aachen.de",0,4194304,50,41480.1,44170.8,44652.7,44891,45355.6,46095.1,60229.3
fanout,0,128,94,"n23m0223.hpc.itc.rwth-aachen.de",0,4194304,50,42408.1,45050.8,45591.1,45834.3,46312.9,47082.6,61544.5
fanout,0,128,96,"n23m0236.hpc.itc.rwth-aachen.de",1,4194304,50,43504.7,46316.5,47271.1,52939.4,48142.1,77620.1,81642.1
fanout,0,128,97,"n23m0236.hpc.itc.rwth-aachen.de",1,4194304,50,44546,47445.9,48222.3,54670.5,68058.1,76088.4,78348
fanout,0,128,99,"n23m0236.hpc.itc.rwth-aachen.de",1,4194304,50,44910.7,47879,49014.6,57248.3,74127.9,77854.4,78141.3
fanout,0,128,100,"n23m0236.hpc.itc.rwth-aachen.de",1,4194304,50,46164.7,47842.2,49099.7,52271.8,49906.8,76516.8,77107.7
fanout,0,128,102,"n23m0236.hpc.itc.rwth-aachen.de",1,4194304,50,46035.5,48083.5,49482.6,54637.1,50649.3,77109,77449.6
fanout,0,128,103,"n23m0236.hpc.itc.rwth-aachen.de",1,4194304,50,46060.9,48584.5,49683.9,54188.5,50847.5,72908.5,100265
fanout,0,128,105,"n23m0236.hpc.itc.rwth-aachen.de",1,4194304,50,46810.8,49375,50649.3,56993.4,70684,76845,96619.1
fanout,0,128,106,"n23m0236.hpc.itc.rwth-aachen.de",1,4194304,50,47796.3,50543.3,51703.7,56269.4,52513.8,77521.9,99162.2
fanout,0,128,108,"n23m0236.hpc.itc.rwth-aachen.de",1,4194304,50,46549.8,50863.1,51979.5,55966.8,52952.2,76635.8,77412.7
fanout,0,128,109,"n23m0236.hpc.itc.rwth-aachen.de",1,4194304,50,46986.7,50375.5,51388.1,55041.4,52112.8,76824.1,79068.6
fanout,0,128,111,"n23m0236.hpc.itc.rwth-aachen.de",1,4194304,50,47338.7,50908.2,51956.4,56605.9,52876,75748.4,77377
fanout,0,128,112,"n23m0236.hpc.itc.rwth-aachen.de",1,4194304,50,47819.6,51384.3,52369.3,57165.2,63797.1,75831.7,77344.6
fanout,0,128,114,"n23m0236.hpc.itc.rwth-aachen.de",1,4194304,50,47889.6,51494.4,52521.4,58071.1,70216.7,76033.4,77213.5
fanout,0,128,115,"n23m0236.hpc.itc.rwth-aachen.de",1,4194304,50,48665.5,51682.5,52926.7,56327.2,53724.2,73952.5,75234.5
fanout,0,128,117,"n23m0236.hpc.itc.rwth-aachen.de",1,4194304,50,48894.2,52156.8,53335.9,60841.3,54138.7,76556.9,282481
fanout,0,128,118,"n23m0236.hpc.itc.rwth-aachen.de",1,4194304,50,49941.3,52984.5,53673.9,54668.1,54665.5,64531.4,73712.5
fanout,0,128,120,"n23m0236.hpc.itc.rwth-aachen.de",1,4194304,50,49861.6,53100.1,53895.9,55367.5,55025.6,73357.5,75658.1
fanout,0,128,121,"n23m0236.hpc.itc.rwth-aachen.de",1,4194304,50,50235.4,53146.6,54313.2,55317.7,54978.8,71069.5,76568.3
fanout,0,128,123,"n23m0236.hpc.itc.rwth-aachen.de",1,4194304,50,50356.5,53551.4,54782.2,56597.2,55512.4,73891.6,76755
fanout,0,128,124,"n23m0236.hpc.itc.rwth-aachen.de",1,4194304,50,51226.6,54503.6,55415.7,58532.6,56475.4,75551.5,79128.1
fanout,0,128,126,"n23m0236.hpc.itc.rwth-aachen.de",1,4194304,50,52065.7,54841.2,56231.7,58980.3,57116.1,74398.1,77969.6
fanout,0,128,127,"n23m0236.hpc.itc.rwth-aachen.de",1,4194304,50,51444.8,54195,55642.7,58989.2,57165.9,74250.7,78540.3
fanout,0,128,129,"n23m0236.hpc.itc.rwth-aachen.de",1,4194304,50,52366.3,55147.4,56504.4,58195.8,57116,75029.9,78961.8
fanout,0,128,130,"n23m0236.hpc.itc.rwth-aachen.de",1,4194304,50,52313.4,55130.5,56605.4,58289,57577.1,75139.7,76457.5
fanout,0,128,132,"n23m0236.hpc.itc.rwth-aachen.de",1,4194304,50,52675.4,55420.8,56614,57744.6,57472.1,72806.3,79650.2
fanout,0,128,133,"n23m0236.hpc.itc.rwth-aachen.de",1,4194304,50,53572.4,56295.4,57427.5,59452.3,58410,74938.4,77219.5
fanout,0,128,135,"n23m0236.hpc.itc.rwth-aachen.de",1,4194304,50,53950.8,56874.8,58117.6,60354.4,58988.3,75262.8,78071
fanout,0,128,136,"n23m0236.hpc.itc.rwth-aachen.de",1,4194304,50,54308.2,57242.1,58392.2,61017.8,59670.9,75242.5,78943.1
fanout,0,128,138,"n23m0236.hpc.itc.rwth-aachen.de",1,4194304,50,54748.8,57298.2,58438.2,60865.2,59690.5,74810.3,79011.6
fanout,0,128,139,"n23m0236.hpc.itc.rwth-aachen.de",1,4194304,50,55325.4,57753.4,58993.7,60171.6,59908.9,72887.1,79622.9
fanout,0,128,141,"n23m0236.hpc.itc.rwth-aachen.de",1,4194304,50,55344.7,58026.5,59179.2,60959.3,60151.6,76976.2,80146.2
fanout,0,128,142,"n23m0236.hpc.itc.rwth-aachen.de",1,4194304,50,56199.2,58612.4,59783.8,61834.1,60852.7,76567.3,80862.1
fanout,0,128,144,"n23m0236.hpc.itc.rwth-aachen.de",1,4194304,50,56724.2,58755.5,60102.1,62131.7,61168.4,75094.2,80960.2
fanout,0,128,145,"n23m0236.hpc.itc.rwth-aachen.de",1,4194304,50,57242.9,60050.7,60858,63616.6,62606.5,76614,81994.1
fanout,0,128,147,"n23m0236.hpc.itc.rwth-aachen.de",1,4194304,50,56809.8,59586.6,60580.3,62333.3,61939,73282.2,82044
fanout,0,128,148,"n23m0236.hpc.itc.rwth-aachen.de",1,4194304,50,57974.6,60104.3,61029.4,63480.9,62602.2,75844.1,82266.9
fanout,0,128,150,"n23m0236.hpc.itc.rwth-aachen.de",1,4194304,50,58093.8,60728.5,61610.5,62942.8,62616,74609.7,83394.3
fanout,0,128,151,"n23m0236.hpc.itc.rwth-aachen.de",1,4194304,50,57926.5,61158,62153.9,63458,63449.3,73510.1,83800
fanout,0,128,153,"n23m0236.hpc.itc.rwth-aachen.de",1,4194304,50,58959.6,61710.9,62803.5,64215.6,63630.7,78110.1,85345.1
fanout,0,128,154,"n23m0236.hpc.itc.rwth-aachen.de",1,4194304,50,58695,61622.3,63005.3,65317.1,67537.4,75911.3,84606.1
fanout,0,128,156,"n23m0236.hpc.itc.rwth-aachen.de",1,4194304,50,58734,61802.6,63334.1,66683.6,73491,77299.1,85188.9
fanout,0,128,157,"n23m0236.hpc.itc.rwth-aachen.de",1,4194304,50,59393.5,62495.3,64374.9,67102.8,71895.4,77799,86013.7
fanout,0,128,159,"n23m0236.hpc.itc.rwth-aachen.de",1,4194304,50,59220.4,62169.9,63324.1,65628.6,65768.3,75448.3,86160
fanout,0,128,160,"n23m0236.hpc.itc.rwth-aachen.de",1,4194304,50,59498.2,62361.2,63242.1,64558,64770.4,74898.4,86665.7
fanout,0,128,162,"n23m0236.hpc.itc.rwth-aachen.de",1,4194304,50,60406.7,63277,64104.9,66057.4,65368.5,78718.7,97383.5
fanout,0,128,163,"n23m0236.hpc.itc.rwth-aachen.de",1,4194304,50,60592.8,63434.2,64230.4,66056.9,65795.1,77775.9,99036.2
fanout,0,128,165,"n23m0236.hpc.itc.rwth-aachen.de",1,4194304,50,61726.2,64325,65468.7,68167.9,72651.6,77132.3,87384.7
fanout,0,128,166,"n23m0236.hpc.itc.rwth-aachen.de",1,4194304,50,60681.9,64798.7,67113.7,68637,71704.3,77403.2,87864.2
fanout,0,128,168,"n23m0236.hpc.itc.rwth-aachen.de",1,4194304,50,60574.4,65751.5,71443.7,70827.1,75578.7,78533.4,88708.9
fanout,0,128,169,"n23m0236.hpc.itc.rwth-aachen.de",1,4194304,50,61967.2,66356.7,70791.6,70744.5,74099.9,77033.1,97140.9
fanout,0,128,171,"n23m0236.hpc.itc.rwth-aachen.de",1,4194304,50,62090.6,65539.1,67032.8,69204.5,72848.9,75196.2,95613.9
fanout,0,128,172,"n23m0236.hpc.itc.rwth-aachen.de",1,4194304,50,61409.8,65462.5,66784.2,68411.2,70104.1,75432.9,97383.9
fanout,0,128,174,"n23m0236.hpc.itc.rwth-aachen.de",1,4194304,50,62679.8,66169.4,67198,68644.4,69271.7,78343.2,89809.3
fanout,0,128,175,"n23m0236.hpc.itc.rwth-aachen.de",1,4194304,50,63140.1,66440.6,67476.9,68874.7,70088,76738.1,90391.8
fanout,0,128,177,"n23m0236.hpc.itc.rwth-aachen.de",1,4194304,50,63072.5,66443.1,67892.6,69391.8,70428.7,77830,100216
fanout,0,128,178,"n23m0236.hpc.itc.rwth-aachen.de",1,4194304,50,63650.5,67328.7,68475.3,69611.7,70699.4,76187.2,98139.4
fanout,0,128,180,"n23m0236.hpc.itc.rwth-aachen.de",1,4194304,50,62298.1,67271.1,68382.5,69253.1,70514.5,75292.3,91004.2
fanout,0,128,181,"n23m0236.hpc.itc.rwth-aachen.de",1,4194304,50,63423.5,67972.2,68697.5,69592.7,70506.2,73651.8,91595.1
fanout,0,128,183,"n23m0236.hpc.itc.rwth-aachen.de",1,4194304,50,64414.4,67883.8,69141.8,69651.7,70527.2,72978.9,92434.3
fanout,0,128,184,"n23m0236.hpc.itc.rwth-aachen.de",1,4194304,50,64322.9,67978.1,69358.6,70223.7,70917,76341,93130.9
fanout,0,128,186,"n23m0236.hpc.itc.rwth-aachen.de",1,4194304,50,64660.1,68451.6,70171.1,70941.7,72752.3,76166.6,93459
fanout,0,128,187,"n23m0236.hpc.itc.rwth-aachen.de",1,4194304,50,65570.1,68689.8,70663.6,71782.6,73018.6,77608.6,101635
fanout,0,128,189,"n23m0236.hpc.itc.rwth-aachen.de",1,4194304,50,66108.8,69465.7,70925.8,71575.3,72643.8,76047.2,95566.9
fanout,0,128,190,"n23m0236.hpc.itc.rwth-aachen.de",1,4194304,50,65383.8,69792.4,71203,72023.4,73120.4,77650.5,102218
full_duplex,0,128,1,"n23m0223.hpc.itc.rwth-aachen.de",0,4194304,50,204679,206129,207430,207313,208250,209471,210140
full_duplex,0,128,2,"n23m0223.hpc.itc.rwth-aachen.de",0,4194304,50,204144,205592,206878,206777,207670,208900,209620
full_duplex,0,128,3,"n23m0223.hpc.itc.rwth-aachen.de",0,4194304,50,203555,204749,205735,205810,206666,208017,208516
full_duplex,0,128,5,"n23m0223.hpc.itc.rwth-aachen.de",0,4194304,50,202650,203771,205067,204961,205905,206593,207781
full_duplex,0,128,6,"n23m0223.hpc.itc.rwth-aachen.de",0,4194304,50,130093,130871,202270,168898,204158,205085,206346
full_duplex,0,128,8,"n23m0223.hpc.itc.rwth-aachen.de",0,4194304,50,129766,130488,131011,132514,131547,133031,202586
full_duplex,0,128,9,"n23m0223.hpc.itc.rwth-aachen.de",0,4194304,50,130410,131181,131567,134442,132147,133908,202767
full_duplex,0,128,11,"n23m0223.hpc.itc.rwth-aachen.de",0,4194304,50,130955,131683,132103,133496,132571,133992,198233
full_duplex,0,128,12,"n23m0223.hpc.itc.rwth-aachen.de",0,4194304,50,131454,132118,132565,132647,132987,134145,135185
full_duplex,0,128,14,"n23m0223.hpc.itc.rwth-aachen.de",0,4194304,50,131900,132596,133036,133113,133501,134626,135594
full_duplex,0,128,15,"n23m0223.hpc.itc.rwth-aachen.de",0,4194304,50,132427,133112,133493,133614,133976,135123,136092
full_duplex,0,128,17,"n23m0223.hpc.itc.rwth-aachen.de",0,4194304,50,132871,133600,133942,134075,134453,135601,136442
full_duplex,0,128,18,"n23m0223.hpc.itc.rwth-aachen.de",0,4194304,50,133344,134082,134418,134569,134939,136063,136966
full_duplex,0,128,20,"n23m0223.hpc.itc.rwth-aachen.de",0,4194304,50,133856,134569,134916,135059,135432,136577,137469
full_duplex,0,128,21,"n23m0223.hpc.itc.rwth-aachen.de",0,4194304,50,134309,135034,135412,135557,135915,137108,137869
full_duplex,0,128,23,"n23m0223.hpc.itc.rwth-aachen.de",0,4194304,50,134735,135458,135872,135980,136330,137514,138434
full_duplex,0,128,24,"n23m0223.hpc.itc.rwth-aachen.de",0,4194304,50,135275,135985,136357,136513,136872,138019,138888
full_duplex,0,128,26,"n23m0223.hpc.itc.rwth-aachen.de",0,4194304,50,135704,136520,136908,138275,137419,138846,199580
full_duplex,0,128,27,"n23m0223.hpc.itc.rwth-aachen.de",0,4194304,50,136252,136970,137366,137504,137854,139081,139847
full_duplex,0,128,29,"n23m0223.hpc.itc.rwth-aachen.de",0,4194304,50,136815,137511,137889,138029,138398,139658,140390
full_duplex,0,128,30,"n23m0223.hpc.itc.rwth-aachen.de",0,4194304,50,137241,137975,138377,138509,138876,140095,140892
full_duplex,0,128,32,"n23m0223.hpc.itc.rwth-aachen.de",0,4194304,50,137735,138475,138884,139011,139363,140598,141400
full_duplex,0,128,33,"n23m0223.hpc.itc.rwth-aachen.de",0,4194304,50,138257,138982,139416,139531,139944,141209,141914
full_duplex,0,128,35,"n23m0223.hpc.itc.rwth-aachen.de",0,4194304,50,138704,139439,139902,141230,140343,141817,203577
full_duplex,0,128,36,"n23m0223.hpc.itc.rwth-aachen.de",0,4194304,50,139277,140012,140465,141791,140947,142441,202361
full_duplex,0,128,38,"n23m0223.hpc.itc.rwth-aachen.de",0,4194304,50,139806,140549,141048,143538,141588,143289,203887
full_duplex,0,128,39,"n23m0223.hpc.itc.rwth-aachen.de",0,4194304,50,140329,141065,141538,142787,141992,143490,200982
full_duplex,0,128,41,"n23m0223.hpc.itc.rwth-aachen.de",0,4194304,50,140857,141650,142213,148137,142755,201426,203543
full_duplex,0,128,42,"n23m0223.hpc.itc.rwth-aachen.de",0,4194304,50,141378,142086,142618,146245,143058,176701,204254
full_duplex,0,128,44,"n23m0223.hpc.itc.rwth-aachen.de",0,4194304,50,141922,142620,143173,146727,143594,175878,205714
full_duplex,0,128,45,"n23m0223.hpc.itc.rwth-aachen.de",0,4194304,50,142454,143070,143755,149502,144151,201828,203670
full_duplex,0,128,47,"n23m0223.hpc.itc.rwth-aachen.de",0,4194304,50,142929,143581,144144,146534,144585,146385,206004
full_duplex,0,128,48,"n23m0223.hpc.itc.rwth-aachen.de",0,4194304,50,143749,144459,144970,149609,145367,202718,204424
full_duplex,0,128,49,"n23m0223.hpc.itc.rwth-aachen.de",0,4194304,50,144122,145123,145690,150040,146024,198695,204450
full_duplex,0,128,51,"n23m0223.hpc.itc.rwth-aachen.de",0,4194304,50,144957,145978,146575,155543,147186,204350,205775
full_duplex,0,128,52,"n23m0223.hpc.itc.rwth-aachen.de",0,4194304,50,145742,146675,147377,155048,147838,203631,205893
full_duplex,0,128,54,"n23m0223.hpc.itc.rwth-aachen.de",0,4194304,50,146634,147458,148197,155513,148822,201984,204287
full_duplex,0,128,55,"n23m0223.hpc.itc.rwth-aachen.de",0,4194304,50,147400,148174,148770,155319,149329,204076,205056
full_duplex,0,128,57,"n23m0223.hpc.itc.rwth-aachen.de",0,4194304,50,148217,148941,149445,150643,150074,151239,203270
full_duplex,0,128,58,"n23m0223.hpc.itc.rwth-aachen.de",0,4194304,50,149018,149809,150322,154653,150886,202235,207126
full_duplex,0,128,60,"n23m0223.hpc.itc.rwth-aachen.de",0,4194304,50,149856,150682,151338,157549,151941,204221,205371
full_duplex,0,128,61,"n23m0223.hpc.itc.rwth-aachen.de",0,4194304,50,150774,151485,152064,159329,152861,204682,205975
full_duplex,0,128,63,"n23m0223.hpc.itc.rwth-aachen.de",0,4194304,50,151598,152473,153146,160028,153682,204093,206296
full_duplex,0,128,64,"n23m0223.hpc.itc.rwth-aachen.de",0,4194304,50,152268,153065,153744,161918,155079,205227,207706
full_duplex,0,128,66,"n23m0223.hpc.itc.rwth-aachen.de",0,4194304,50,153155,154010,154593,159356,155250,201477,205095
full_duplex,0,128,67,"n23m0223.hpc.itc.rwth-aachen.de",0,4194304,50,154061,154638,155314,160997,156145,203099,207088
full_duplex,0,128,69,"n23m0223.hpc.itc.rwth-aachen.de",0,4194304,50,154908,155521,156121,161012,156893,204223,207542
full_duplex,0,128,70,"n23m0223.hpc.itc.rwth-aachen.de",0,4194304,50,155771,156405,157034,160739,157690,202221,204904
full_duplex,0,128,72,"n23m0223.hpc.itc.rwth-aachen.de",0,4194304,50,156656,157260,157950,163478,158880,204341,205224
full_duplex,0,128,73,"n23m0223.hpc.itc.rwth-aachen.de",0,4194304,50,157425,158103,158831,163285,159737,202915,207740
full_duplex,0,128,75,"n23m0223.hpc.itc.rwth-aachen.de",0,4194304,50,158241,158997,159511,163149,160274,202689,205385
full_duplex,0,128,76,"n23m0223.hpc.itc.rwth-aachen.de",0,4194304,50,159151,159841,160352,164659,161201,202551,205315
full_duplex,0,128,78,"n23m0223.hpc.itc.rwth-aachen.de",0,4194304,50,160018,160792,161348,170498,162895,204952,206747
full_duplex,0,128,79,"n23m0223.hpc.itc.rwth-aachen.de",0,4194304,50,160658,161448,162118,166171,162947,202019,207668
full_duplex,0,128,81,"n23m0223.hpc.itc.rwth-aachen.de",0,4194304,50,161550,162307,162858,168671,163926,204641,206816
full_duplex,0,128,82,"n23m0223.hpc.itc.rwth-aachen.de",0,4194304,50,162047,163415,164019,171734,165546,204080,206527
full_duplex,0,128,84,"n23m0223.hpc.itc.rwth-aachen.de",0,4194304,50,162959,163870,164571,169191,165428,204050,205525
full_duplex,0,128,85,"n23m0223.hpc.itc.rwth-aachen.de",0,4194304,50,163880,164825,165459,168466,166357,199942,204653
full_duplex,0,128,87,"n23m0223.hpc.itc.rwth-aachen.de",0,4194304,50,164563,165710,166595,175227,168373,204541,206029
full_duplex,0,128,88,"n23m0223.hpc.itc.rwth-aachen.de",0,4194304,50,165427,166597,167215,173599,168689,203839,205164
full_duplex,0,128,90,"n23m0223.hpc.itc.rwth-aachen.de",0,4194304,50,166365,167415,168026,170877,169120,200435,206198
full_duplex,0,128,91,"n23m0223.hpc.itc.rwth-aachen.de",0,4194304,50,167126,168549,169155,177307,171970,204609,205611
full_duplex,0,128,93,"n23m0223.hpc.itc.rwth-aachen.de",0,4194304,50,167075,169201,169815,171864,170495,189432,206353
full_duplex,0,128,94,"n23m0223.hpc.itc.rwth-aachen.de",0,4194304,50,167936,170159,170783,172687,171347,189190,205169
full_duplex,0,128,96,"n23m0236.hpc.itc.rwth-aachen.de",1,4194304,50,169226,171361,172035,177673,173302,205294,205957
full_duplex,0,128,97,"n23m0236.hpc.itc.rwth-aachen.de",1,4194304,50,170124,172506,173081,177802,174237,204745,208315
full_duplex,0,128,99,"n23m0236.hpc.itc.rwth-aachen.de",1,4194304,50,171306,173350,174421,183179,200211,204390,206063
full_duplex,0,128,100,"n23m0236.hpc.itc.rwth-aachen.de",1,4194304,50,171128,173541,174236,180635,188875,202218,205806
full_duplex,0,128,102,"n23m0236.hpc.itc.rwth-aachen.de",1,4194304,50,172239,173991,174799,182785,198589,206122,207332
full_duplex,0,128,103,"n23m0236.hpc.itc.rwth-aachen.de",1,4194304,50,171863,173845,174684,179032,176006,203760,207564
full_duplex,0,128,105,"n23m0236.hpc.itc.rwth-aachen.de",1,4194304,50,172472,174519,175229,181367,178422,203991,208312
full_duplex,0,128,106,"n23m0236.hpc.itc.rwth-aachen.de",1,4194304,50,172879,176006,177010,178513,177805,197545,201274
full_duplex,0,128,108,"n23m0236.hpc.itc.rwth-aachen.de",1,4194304,50,173115,176348,177206,180436,178058,203195,204674
full_duplex,0,128,109,"n23m0236.hpc.itc.rwth-aachen.de",1,4194304,50,173558,175972,176965,181130,178765,201152,203772
full_duplex,0,128,111,"n23m0236.hpc.itc.rwth-aachen.de",1,4194304,50,173242,176116,177036,180619,178328,201711,204012
full_duplex,0,128,112,"n23m0236.hpc.itc.rwth-aachen.de",1,4194304,50,173545,177004,177410,182352,178954,203551,207477
full_duplex,0,128,114,"n23m0236.hpc.itc.rwth-aachen.de",1,4194304,50,173603,176695,177572,183737,193579,205258,206764
full_duplex,0,128,115,"n23m0236.hpc.itc.rwth-aachen.de",1,4194304,50,174602,177680,178365,181326,179550,201727,204812
full_duplex,0,128,117,"n23m0236.hpc.itc.rwth-aachen.de",1,4194304,50,175114,177260,178539,181784,180167,204070,204777
full_duplex,0,128,118,"n23m0236.hpc.itc.rwth-aachen.de",1,4194304,50,175583,178340,179206,183268,181460,203679,207074
full_duplex,0,128,120,"n23m0236.hpc.itc.rwth-aachen.de",1,4194304,50,176197,178823,179820,184050,181833,202467,206443
full_duplex,0,128,121,"n23m0236.hpc.itc.rwth-aachen.de",1,4194304,50,176796,178532,179636,183356,181248,203830,206132
full_duplex,0,128,123,"n23m0236.hpc.itc.rwth-aachen.de",1,4194304,50,176131,178981,180016,184317,182237,202435,205858
full_duplex,0,128,124,"n23m0236.hpc.itc.rwth-aachen.de",1,4194304,50,177240,179685,180856,183918,182167,201477,204771
full_duplex,0,128,126,"n23m0236.hpc.itc.rwth-aachen.de",1,4194304,50,177795,180079,181442,184794,183164,203546,205836
full_duplex,0,128,127,"n23m0236.hpc.itc.rwth-aachen.de",1,4194304,50,177783,179673,181105,182843,182265,201668,204776
full_duplex,0,128,129,"n23m0236.hpc.itc.rwth-aachen.de",1,4194304,50,178564,180919,182210,185405,183878,202876,204068
full_duplex,0,128,130,"n23m0236.hpc.itc.rwth-aachen.de",1,4194304,50,178759,181139,182357,187161,195241,203830,205691
full_duplex,0,128,132,"n23m0236.hpc.itc.rwth-aachen.de",1,4194304,50,178954,181577,183028,187572,196544,203222,203795
full_duplex,0,128,133,"n23m0236.hpc.itc.rwth-aachen.de",1,4194304,50,179114,182362,183661,187286,191279,203679,205834
full_duplex,0,128,135,"n23m0236.hpc.itc.rwth-aachen.de",1,4194304,50,180156,182086,184008,187172,186469,201653,208328
full_duplex,0,128,136,"n23m0236.hpc.itc.rwth-aachen.de",1,4194304,50,180437,182057,184023,187030,185883,204099,206753
full_duplex,0,128,138,"n23m0236.hpc.itc.rwth-aachen.de",1,4194304,50,180247,182651,184438,187336,186010,205188,206323
full_duplex,0,128,139,"n23m0236.hpc.itc.rwth-aachen.de",1,4194304,50,180845,183042,184770,187077,186818,203040,205357
full_duplex,0,128,141,"n23m0236.hpc.itc.rwth-aachen.de",1,4194304,50,181345,183439,184954,187293,186787,203765,205487
full_duplex,0,128,142,"n23m0236.hpc.itc.rwth-aachen.de",1,4194304,50,181792,184100,185853,189239,193437,204092,206839
full_duplex,0,128,144,"n23m0236.hpc.itc.rwth-aachen.de",1,4194304,50,181967,184799,186378,190677,198095,204514,206136
full_duplex,0,128,145,"n23m0236.hpc.itc.rwth-aachen.de",1,4194304,50,181518,186045,187149,191969,199784,205571,209042
full_duplex,0,128,147,"n23m0236.hpc.itc.rwth-aachen.de",1,4194304,50,181607,185011,187001,190445,198436,202010,205424
full_duplex,0,128,148,"n23m0236.hpc.itc.rwth-aachen.de",1,4194304,50,182206,185450,186805,190177,196144,202300,203318
full_duplex,0,128,150,"n23m0236.hpc.itc.rwth-aachen.de",1,4194304,50,182761,185589,187656,190397,195749,202686,206950
full_duplex,0,128,151,"n23m0236.hpc.itc.rwth-aachen.de",1,4194304,50,184898,186594,189051,190515,190947,203016,204432
full_duplex,0,128,153,"n23m0236.hpc.itc.rwth-aachen.de",1,4194304,50,183287,187390,189093,192097,197251,205200,205815
full_duplex,0,128,154,"n23m0236.hpc.itc.rwth-aachen.de",1,4194304,50,183539,186911,188670,189991,190315,200765,203674
full_duplex,0,128,156,"n23m0236.hpc.itc.rwth-aachen.de",1,4194304,50,183921,186928,189221,191497,194563,204574,206427
full_duplex,0,128,157,"n23m0236.hpc.itc.rwth-aachen.de",1,4194304,50,185194,187818,190341,192002,193032,203879,206672
full_duplex,0,128,159,"n23m0236.hpc.itc.rwth-aachen.de",1,4194304,50,184954,188701,190628,192230,196360,203336,205450
full_duplex,0,128,160,"n23m0236.hpc.itc.rwth-aachen.de",1,4194304,50,185200,188432,190422,192190,195633,203312,204227
full_duplex,0,128,162,"n23m0236.hpc.itc.rwth-aachen.de",1,4194304,50,185810,189114,190793,192983,196958,204476,206295
full_duplex,0,128,163,"n23m0236.hpc.itc.rwth-aachen.de",1,4194304,50,185780,188007,191128,192561,195094,204170,205798
full_duplex,0,128,165,"n23m0236.hpc.itc.rwth-aachen.de",1,4194304,50,186801,188746,191423,193489,197779,204919,206615
full_duplex,0,128,166,"n23m0236.hpc.itc.rwth-aachen.de",1,4194304,50,186591,188916,192222,193559,196593,204746,206066
full_duplex,0,128,168,"n23m0236.hpc.itc.rwth-aachen.de",1,4194304,50,187354,190133,192593,194232,198147,203470,207315
full_duplex,0,128,169,"n23m0236.hpc.itc.rwth-aachen.de",1,4194304,50,188964,192640,195755,196662,201018,204857,205746
full_duplex,0,128,171,"n23m0236.hpc.itc.rwth-aachen.de",1,4194304,50,188123,193017,195808,196607,201168,204424,206146
full_duplex,0,128,172,"n23m0236.hpc.itc.rwth-aachen.de",1,4194304,50,188038,193246,195143,196343,200100,204769,206723
full_duplex,0,128,174,"n23m0236.hpc.itc.rwth-aachen.de",1,4194304,50,187659,190818,194182,194499,196483,202278,207670
full_duplex,0,128,175,"n23m0236.hpc.itc.rwth-aachen.de",1,4194304,50,188012,191156,193998,194653,196392,204458,207742
full_duplex,0,128,177,"n23m0236.hpc.itc.rwth-aachen.de",1,4194304,50,188491,191400,194635,194696,196177,203277,204858
full_duplex,0,128,178,"n23m0236.hpc.itc.rwth-aachen.de",1,4194304,50,188696,191780,194511,194644,195579,202676,205243
full_duplex,0,128,180,"n23m0236.hpc.itc.rwth-aachen.de",1,4194304,50,189222,192821,195755,195914,197180,203708,207727
full_duplex,0,128,181,"n23m0236.hpc.itc.rwth-aachen.de",1,4194304,50,189721,192806,195150,195616,197541,203290,205538
full_duplex,0,128,183,"n23m0236.hpc.itc.rwth-aachen.de",1,4194304,50,190120,193628,196566,196623,198858,202907,204691
full_duplex,0,128,184,"n23m0236.hpc.itc.rwth-aachen.de",1,4194304,50,189765,194114,196964,196777,199044,202469,204009
full_duplex,0,128,186,"n23m0236.hpc.itc.rwth-aachen.de",1,4194304,50,190354,194713,196823,196900,198190,202854,205615
full_duplex,0,128,187,"n23m0236.hpc.itc.rwth-aachen.de",1,4194304,50,190618,194694,196763,197113,198944,203656,205981
full_duplex,0,128,189,"n23m0236.hpc.itc.rwth-aachen.de",1,4194304,50,191730,195063,197919,197935,200175,203111,207478
full_duplex,0,128,190,"n23m0236.hpc.itc.rwth-aachen.de",1,4194304,50,191705,195689,199310,198930,201204,203871,204683
immediate_response,0,128,1,"n23m0223.hpc.itc.rwth-aachen.de",0,4194304,50,63893.9,217846,219599,217409,221319,233483,238179
immediate_response,0,128,2,"n23m0223.hpc.itc.rwth-aachen.de",0,4194304,50,2925.09,216458,218291,212476,219903,221882,237015
immediate_response,0,128,3,"n23m0223.hpc.itc.rwth-aachen.de",0,4194304,50,4231.32,214818,216683,209155,218103,219746,220682
immediate_response,0,128,5,"n23m0223.hpc.itc.rwth-aachen.de",0,4194304,50,5489.92,174193,175964,175528,178946,217054,218742
immediate_response,0,128,6,"n23m0223.hpc.itc.rwth-aachen.de",0,4194304,50,6712.95,125790,127609,124830,128888,146497,170220
immediate_response,0,128,8,"n23m0223.hpc.itc.rwth-aachen.de",0,4194304,50,3901.1,4048.55,4122.12,24019.1,4275.79,139435,157659
immediate_response,0,128,9,"n23m0223.hpc.itc.rwth-aachen.de",0,4194304,50,4103.14,5202.54,5369.03,45925.5,128694,164958,176651
immediate_response,0,128,11,"n23m0223.hpc.itc.rwth-aachen.de",0,4194304,50,5465.61,6143.3,6521.38,33905.5,6810.88,159191,172185
immediate_response,0,128,12,"n23m0223.hpc.itc.rwth-aachen.de",0,4194304,50,6751.76,7218.56,7546.66,21075,7783.45,134102,166084
immediate_response,0,128,14,"n23m0223.hpc.itc.rwth-aachen.de",0,4194304,50,8026.77,8348.82,8685.06,24099.3,8991.99,138013,154003
immediate_response,0,128,15,"n23m0223.hpc.itc.rwth-aachen.de",0,4194304,50,9202.77,9571.41,9868.62,31580.3,10205,159766,183381
immediate_response,0,128,17,"n23m0223.hpc.itc.rwth-aachen.de",0,4194304,50,10068.7,10702.4,11025.9,30068.2,11383.1,152169,180030
immediate_response,0,128,18,"n23m0223.hpc.itc.rwth-aachen.de",0,4194304,50,11269.6,11807.2,12294.6,38375.6,13824,151740,170699
immediate_response,0,128,20,"n23m0223.hpc.itc.rwth-aachen.de",0,4194304,50,12529.7,12928.7,13312.8,32255.5,13995.8,155170,176023
immediate_response,0,128,21,"n23m0223.hpc.itc.rwth-aachen.de",0,4194304,50,13354.3,14086.1,14543.7,47065,18852.8,162195,177432
immediate_response,0,128,23,"n23m0223.hpc.itc.rwth-aachen.de",0,4194304,50,14519.8,15076.8,15453.4,29025.1,15985.7,147740,168562
immediate_response,0,128,24,"n23m0223.hpc.itc.rwth-aachen.de",0,4194304,50,15688.8,16236.9,16638.5,30778.7,17168.7,129175,176615
immediate_response,0,128,26,"n23m0223.hpc.itc.rwth-aachen.de",0,4194304,50,16862.6,17373.5,17828.1,35320.5,18450.8,156591,181161
immediate_response,0,128,27,"n23m0223.hpc.itc.rwth-aachen.de",0,4194304,50,17744.4,18536.5,19051.7,46479.5,22370,165709,177652
immediate_response,0,128,29,"n23m0223.hpc.itc.rwth-aachen.de",0,4194304,50,18966.2,19707.3,20223.1,37633.6,21021.1,145224,175541
immediate_response,0,128,30,"n23m0223.hpc.itc.rwth-aachen.de",0,4194304,50,20130.3,20848.4,21392.4,39762,22584.9,142716,173483
immediate_response,0,128,32,"n23m0223.hpc.itc.rwth-aachen.de",0,4194304,50,21170.7,21865.2,22545.2,49027.8,26137.4,151213,158536
immediate_response,0,128,33,"n23m0223.hpc.itc.rwth-aachen.de",0,4194304,50,22357,22882.1,23398,34335.8,23982.4,139787,157606
immediate_response,0,128,35,"n23m0223.hpc.itc.rwth-aachen.de",0,4194304,50,23524.3,24180.1,24853.9,43362.8,25791.6,139329,173713
immediate_response,0,128,36,"n23m0223.hpc.itc.rwth-aachen.de",0,4194304,50,24464.8,25254.8,25878.9,43160.7,26805.4,148466,183822
immediate_response,0,128,38,"n23m0223.hpc.itc.rwth-aachen.de",0,4194304,50,25723.4,26466.2,27112.1,45764.1,28240.6,145949,174511
immediate_response,0,128,39,"n23m0223.hpc.itc.rwth-aachen.de",0,4194304,50,26933.4,27694.7,28251.5,52289.7,29470.1,158294,183816
immediate_response,0,128,41,"n23m0223.hpc.itc.rwth-aachen.de",0,4194304,50,28072.6,28851.3,29381,44426.4,30292.8,136583,158580
immediate_response,0,128,42,"n23m0223.hpc.itc.rwth-aachen.de",0,4194304,50,29259.5,30051.9,30741.2,59116.4,39057.1,161117,181413
immediate_response,0,128,44,"n23m0223.hpc.itc.rwth-aachen.de",0,4194304,50,30445,30935.9,31615.1,55418.1,36066,163427,175980
immediate_response,0,128,45,"n23m0223.hpc.itc.rwth-aachen.de",0,4194304,50,31704.4,32173.3,32885.8,52284.9,34702.9,136388,182781
immediate_response,0,128,47,"n23m0223.hpc.itc.rwth-aachen.de",0,4194304,50,32337.6,33347,34059,52205,35315.1,151505,181002
immediate_response,0,128,48,"n23m0223.hpc.itc.rwth-aachen.de",0,4194304,50,34006.1,34964.8,35729.5,65356.1,40457.5,197865,213539
immediate_response,0,128,49,"n23m0223.hpc.itc.rwth-aachen.de",0,4194304,50,35744.4,36702.1,37447.2,74357.1,125695,195719,216756
immediate_response,0,128,51,"n23m0223.hpc.itc.rwth-aachen.de",0,4194304,50,37584.9,38342.2,38978.1,65759.3,48150.2,199161,210434
immediate_response,0,128,52,"n23m0223.hpc.itc.rwth-aachen.de",0,4194304,50,39047.7,39936.3,40872.7,70175.3,52039.8,189233,213940
immediate_response,0,128,54,"n23m0223.hpc.itc.rwth-aachen.de",0,4194304,50,40840.7,41954.5,42571.3,72680.4,52043.5,189738,217862
immediate_response,0,128,55,"n23m0223.hpc.itc.rwth-aachen.de",0,4194304,50,42498.9,43645.2,44504.7,82150,124547,213328,217349
immediate_response,0,128,57,"n23m0223.hpc.itc.rwth-aachen.de",0,4194304,50,43775.5,45350.6,46358.9,77292.6,117209,183489,215283
immediate_response,0,128,58,"n23m0223.hpc.itc.rwth-aachen.de",0,4194304,50,43429,46950.6,48088.1,83670,124178,189209,212158
immediate_response,0,128,60,"n23m0223.hpc.itc.rwth-aachen.de",0,4194304,50,46957.5,48572.4,49522.1,94005.2,163474,194248,217761
immediate_response,0,128,61,"n23m0223.hpc.itc.rwth-aachen.de",0,4194304,50,46079.7,50391.7,51312.8,90795.2,145807,207289,213407
immediate_response,0,128,63,"n23m0223.hpc.itc.rwth-aachen.de",0,4194304,50,47874.1,51935.2,52730.6,75364.7,58313.1,188378,216015
immediate_response,0,128,64,"n23m0223.hpc.itc.rwth-aachen.de",0,4194304,50,51852.9,53474.3,54110.5,67700.6,55460.8,185653,197486
immediate_response,0,128,66,"n23m0223.hpc.itc.rwth-aachen.de",0,4194304,50,50489.6,55439.5,56199.3,85641.6,122250,191336,215691
immediate_response,0,128,67,"n23m0223.hpc.itc.rwth-aachen.de",0,4194304,50,52279.8,57028,57861.7,81951.6,108255,172347,201250
immediate_response,0,128,69,"n23m0223.hpc.itc.rwth-aachen.de",0,4194304,50,54080.8,58772.7,59702.8,84763.1,74638.3,189595,218102
immediate_response,0,128,70,"n23m0223.hpc.itc.rwth-aachen.de",0,4194304,50,58338.5,60158.7,61283,81612.1,64739.2,172028,213852
immediate_response,0,128,72,"n23m0223.hpc.itc.rwth-aachen.de",0,4194304,50,56691.6,61697.1,62820.7,84324,66551.7,205225,214342
immediate_response,0,128,73,"n23m0223.hpc.itc.rwth-aachen.de",0,4194304,50,58437.8,63999.2,80267.8,121193,187997,212150,216968
immediate_response,0,128,75,"n23m0223.hpc.itc.rwth-aachen.de",0,4194304,50,60215,65397.1,66044.4,89728.8,86201.9,205098,212668
immediate_response,0,128,76,"n23m0223.hpc.itc.rwth-aachen.de",0,4194304,50,64474.4,66454.8,67854,86864,69912.9,201410,212491
immediate_response,0,128,78,"n23m0223.hpc.itc.rwth-aachen.de",0,4194304,50,63371.9,68653.3,70488,111803,178319,201777,206679
immediate_response,0,128,79,"n23m0223.hpc.itc.rwth-aachen.de",0,4194304,50,65127.4,70023.5,71198.2,91269.5,81847.6,201201,215939
immediate_response,0,128,81,"n23m0223.hpc.itc.rwth-aachen.de",0,4194304,50,69381,71724.8,72934.6,99000.4,88889.5,212253,215327
immediate_response,0,128,82,"n23m0223.hpc.itc.rwth-aachen.de",0,4194304,50,68388.9,73553.4,74855.4,104430,125357,206596,214747
immediate_response,0,128,84,"n23m0223.hpc.itc.rwth-aachen.de",0,4194304,50,70246.5,75201.7,76406.4,90739.8,80028.6,154423,208404
immediate_response,0,128,85,"n23m0223.hpc.itc.rwth-aachen.de",0,4194304,50,74473.3,76540.9,78184.7,106362,136824,195766,215276
immediate_response,0,128,87,"n23m0223.hpc.itc.rwth-aachen.de",0,4194304,50,73619.3,78213.6,79726.5,104275,115954,203023,214377
immediate_response,0,128,88,"n23m0223.hpc.itc.rwth-aachen.de",0,4194304,50,75441,79759.8,81397.2,103578,101300,196452,215025
immediate_response,0,128,90,"n23m0223.hpc.itc.rwth-aachen.de",0,4194304,50,77339.4,81521.9,84065,113021,143880,208302,226680
immediate_response,0,128,91,"n23m0223.hpc.itc.rwth-aachen.de",0,4194304,50,79256.9,83201.1,85198.7,112915,135467,196327,215028
immediate_response,0,128,93,"n23m0223.hpc.itc.rwth-aachen.de",0,4194304,50,82956,85514.5,87078.8,111307,136318,185141,211716
immediate_response,0,128,94,"n23m0223.hpc.itc.rwth-aachen.de",0,4194304,50,82214.6,86385.8,88263.5,112108,131601,195038,215789
immediate_response,0,128,96,"n23m0236.hpc.itc.rwth-aachen.de",1,4194304,50,156795,186731,199569,196875,210131,215999,225787
immediate_response,0,128,97,"n23m0236.hpc.itc.rwth-aachen.de",1,4194304,50,85764,192075,198903,196827,208728,215232,219252
immediate_response,0,128,99,"n23m0236.hpc.itc.rwth-aachen.de",1,4194304,50,152484,168969,172470,172039,174803,179992,203713
immediate_response,0,128,100,"n23m0236.hpc.itc.rwth-aachen.de",1,4194304,50,133199,187385,195677,194204,205251,218374,228249
immediate_response,0,128,102,"n23m0236.hpc.itc.rwth-aachen.de",1,4194304,50,149802,189989,195885,194999,205418,216168,218828
immediate_response,0,128,103,"n23m0236.hpc.itc.rwth-aachen.de",1,4194304,50,170847,190353,197198,198369,206303,216608,228077
immediate_response,0,128,105,"n23m0236.hpc.itc.rwth-aachen.de",1,4194304,50,136652,191938,205201,201036,212355,217801,228281
immediate_response,0,128,106,"n23m0236.hpc.itc.rwth-aachen.de",1,4194304,50,150746,189909,201679,198350,209022,218016,225011
immediate_response,0,128,108,"n23m0236.hpc.itc.rwth-aachen.de",1,4194304,50,163682,198392,204976,203269,211339,218221,223279
immediate_response,0,128,109,"n23m0236.hpc.itc.rwth-aachen.de",1,4194304,50,132256,165631,169834,170024,172459,187920,213924
immediate_response,0,128,111,"n23m0236.hpc.itc.rwth-aachen.de",1,4194304,50,129274,192736,200543,199370,211033,218394,219573
immediate_response,0,128,112,"n23m0236.hpc.itc.rwth-aachen.de",1,4194304,50,181811,196989,205807,204869,212015,216302,245915
immediate_response,0,128,114,"n23m0236.hpc.itc.rwth-aachen.de",1,4194304,50,180962,199571,207277,205619,212650,217575,222947
immediate_response,0,128,115,"n23m0236.hpc.itc.rwth-aachen.de",1,4194304,50,174515,192575,200963,200907,208792,217135,220807
immediate_response,0,128,117,"n23m0236.hpc.itc.rwth-aachen.de",1,4194304,50,158346,189682,201259,197459,207083,214015,219062
immediate_response,0,128,118,"n23m0236.hpc.itc.rwth-aachen.de",1,4194304,50,145931,160280,164125,166120,169817,180633,203409
immediate_response,0,128,120,"n23m0236.hpc.itc.rwth-aachen.de",1,4194304,50,171678,195767,205758,203655,211416,216570,229968
immediate_response,0,128,121,"n23m0236.hpc.itc.rwth-aachen.de",1,4194304,50,174321,201186,204938,204305,209091,213761,221679
immediate_response,0,128,123,"n23m0236.hpc.itc.rwth-aachen.de",1,4194304,50,134200,189109,199315,195699,208291,216539,229361
immediate_response,0,128,124,"n23m0236.hpc.itc.rwth-aachen.de",1,4194304,50,125710,166565,171662,173215,183575,196204,207449
immediate_response,0,128,126,"n23m0236.hpc.itc.rwth-aachen.de",1,4194304,50,174694,193882,201611,202052,209749,218741,229317
immediate_response,0,128,127,"n23m0236.hpc.itc.rwth-aachen.de",1,4194304,50,140181,159764,167755,167035,171902,182999,196753
immediate_response,0,128,129,"n23m0236.hpc.itc.rwth-aachen.de",1,4194304,50,176113,196852,209021,209421,214254,218298,422049
immediate_response,0,128,130,"n23m0236.hpc.itc.rwth-aachen.de",1,4194304,50,170396,192758,200537,199976,208284,216722,219691
immediate_response,0,128,132,"n23m0236.hpc.itc.rwth-aachen.de",1,4194304,50,169093,203791,211523,208041,214297,218641,223592
immediate_response,0,128,133,"n23m0236.hpc.itc.rwth-aachen.de",1,4194304,50,157457,166132,170678,172959,175561,193620,212289
immediate_response,0,128,135,"n23m0236.hpc.itc.rwth-aachen.de",1,4194304,50,151488,199808,208558,205394,214580,222144,231367
immediate_response,0,128,136,"n23m0236.hpc.itc.rwth-aachen.de",1,4194304,50,156362,198437,208322,204620,214280,218646,219995
immediate_response,0,128,138,"n23m0236.hpc.itc.rwth-aachen.de",1,4194304,50,128862,165669,192094,185228,203801,218961,234914
immediate_response,0,128,139,"n23m0236.hpc.itc.rwth-aachen.de",1,4194304,50,180435,198275,205084,205149,211307,221974,228747
immediate_response,0,128,141,"n23m0236.hpc.itc.rwth-aachen.de",1,4194304,50,180685,201919,211265,208734,215129,223873,227609
immediate_response,0,128,142,"n23m0236.hpc.itc.rwth-aachen.de",1,4194304,50,143993,195067,203707,201698,211294,219748,230476
immediate_response,0,128,144,"n23m0236.hpc.itc.rwth-aachen.de",1,4194304,50,123400,156138,161491,162928,168445,181956,226534
immediate_response,0,128,145,"n23m0236.hpc.itc.rwth-aachen.de",1,4194304,50,152706,164610,170291,172256,174903,198726,213012
immediate_response,0,128,147,"n23m0236.hpc.itc.rwth-aachen.de",1,4194304,50,151701,166905,171570,179551,195463,213521,220266
immediate_response,0,128,148,"n23m0236.hpc.itc.rwth-aachen.de",1,4194304,50,134205,156167,161379,164465,168716,196365,205673
immediate_response,0,128,150,"n23m0236.hpc.itc.rwth-aachen.de",1,4194304,50,173614,200807,210860,210928,214356,221752,418197
immediate_response,0,128,151,"n23m0236.hpc.itc.rwth-aachen.de",1,4194304,50,162447,199420,204728,205299,215006,222048,227027
immediate_response,0,128,153,"n23m0236.hpc.itc.rwth-aachen.de",1,4194304,50,152815,163686,167275,172798,178649,209089,221167
immediate_response,0,128,154,"n23m0236.hpc.itc.rwth-aachen.de",1,4194304,50,147304,194073,203850,202551,212694,218761,226560
immediate_response,0,128,156,"n23m0236.hpc.itc.rwth-aachen.de",1,4194304,50,183465,203187,207817,207661,212896,219551,225475
immediate_response,0,128,157,"n23m0236.hpc.itc.rwth-aachen.de",1,4194304,50,147015,161542,166005,172597,179277,208992,211879
immediate_response,0,128,159,"n23m0236.hpc.itc.rwth-aachen.de",1,4194304,50,181550,205124,210655,208935,214928,224848,235981
immediate_response,0,128,160,"n23m0236.hpc.itc.rwth-aachen.de",1,4194304,50,153438,188826,199089,198917,210455,224126,229222
immediate_response,0,128,162,"n23m0236.hpc.itc.rwth-aachen.de",1,4194304,50,153498,163188,166803,170759,171865,205753,216486
immediate_response,0,128,163,"n23m0236.hpc.itc.rwth-aachen.de",1,4194304,50,169839,204240,210243,208233,215112,221944,231985
immediate_response,0,128,165,"n23m0236.hpc.itc.rwth-aachen.de",1,4194304,50,176416,189797,198158,199710,209524,218895,230465
immediate_response,0,128,166,"n23m0236.hpc.itc.rwth-aachen.de",1,4194304,50,177766,194383,200501,200774,206324,218653,233677
immediate_response,0,128,168,"n23m0236.hpc.itc.rwth-aachen.de",1,4194304,50,150233,171495,178071,179240,182915,209903,227504
immediate_response,0,128,169,"n23m0236.hpc.itc.rwth-aachen.de",1,4194304,50,186822,204092,211286,209211,216142,222848,228474
immediate_response,0,128,171,"n23m0236.hpc.itc.rwth-aachen.de",1,4194304,50,151487,193017,199478,199708,208232,222331,229765
immediate_response,0,128,172,"n23m0236.hpc.itc.rwth-aachen.de",1,4194304,50,153722,163205,170219,172311,175123,204461,226899
immediate_response,0,128,174,"n23m0236.hpc.itc.rwth-aachen.de",1,4194304,50,180502,203657,209337,207965,212820,220573,234652
immediate_response,0,128,175,"n23m0236.hpc.itc.rwth-aachen.de",1,4194304,50,141959,153865,156840,164009,169003,208189,211438
immediate_response,0,128,177,"n23m0236.hpc.itc.rwth-aachen.de",1,4194304,50,152313,160166,165962,169252,172830,201345,218058
immediate_response,0,128,178,"n23m0236.hpc.itc.rwth-aachen.de",1,4194304,50,185457,201447,208496,207179,212997,222051,236326
immediate_response,0,128,180,"n23m0236.hpc.itc.rwth-aachen.de",1,4194304,50,153804,194719,203606,203596,214663,224131,234122
immediate_response,0,128,181,"n23m0236.hpc.itc.rwth-aachen.de",1,4194304,50,159581,164060,168635,175820,182538,216409,223048
immediate_response,0,128,183,"n23m0236.hpc.itc.rwth-aachen.de",1,4194304,50,166304,196576,206240,204589,211802,219134,233440
immediate_response,0,128,184,"n23m0236.hpc.itc.rwth-aachen.de",1,4194304,50,175084,203155,212442,209741,215456,222949,234922
immediate_response,0,128,186,"n23m0236.hpc.itc.rwth-aachen.de",1,4194304,50,182615,203298,210909,209498,214060,224460,235324
immediate_response,0,128,187,"n23m0236.hpc.itc.rwth-aachen.de",1,4194304,50,139741,196058,207710,203179,215567,227362,230851
immediate_response,0,128,189,"n23m0236.hpc.itc.rwth-aachen.de",1,4194304,50,172940,194184,201327,203168,212722,221210,233876
immediate_response,0,128,190,"n23m0236.hpc.itc.rwth-aachen.de",1,4194304,50,182431,195942,204563,205141,211499,228001,241681
incast,0,160,1,"n23m0223.hpc.itc.rwth-aachen.de",0,4194304,50,171326,177547,179224,181925,181131,183491,321907
incast,0,160,2,"n23m0223.hpc.itc.rwth-aachen.de",0,4194304,50,170698,176853,178591,181344,180538,183764,321166
incast,0,160,3,"n23m0223.hpc.itc.rwth-aachen.de",0,4194304,50,170046,176143,177924,180589,179824,182208,320483
incast,0,160,4,"n23m0223.hpc.itc.rwth-aachen.de",0,4194304,50,152846,156100,159323,161759,163101,178771,180876
incast,0,160,5,"n23m0223.hpc.itc.rwth-aachen.de",0,4194304,50,106447,108772,112533,114252,115439,129875,150620
incast,0,160,6,"n23m0223.hpc.itc.rwth-aachen.de",0,4194304,50,4036.38,4236.64,4357.65,32778.4,4662.3,128855,147132
incast,0,160,8,"n23m0223.hpc.itc.rwth-aachen.de",0,4194304,50,4664.56,4851.41,5004.26,16545.6,5148.86,114935,138013
incast,0,160,9,"n23m0223.hpc.itc.rwth-aachen.de",0,4194304,50,1717.98,5504.83,5652.05,16263.4,5848.87,110372,123456
incast,0,160,10,"n23m0223.hpc.itc.rwth-aachen.de",0,4194304,50,5914.49,6149.57,6310.31,14906.8,6567.12,106871,123108
incast,0,160,11,"n23m0223.hpc.itc.rwth-aachen.de",0,4194304,50,3063,6766.27,7027.69,11181.2,7211.95,7630.82,122627
incast,0,160,12,"n23m0223.hpc.itc.rwth-aachen.de",0,4194304,50,7106.82,7413.42,7675.6,12080.2,7897.01,8343.99,118624
incast,0,160,14,"n23m0223.hpc.itc.rwth-aachen.de",0,4194304,50,7797.8,8062.05,8355.65,16022.2,8654.77,99008.7,115098
incast,0,160,15,"n23m0223.hpc.itc.rwth-aachen.de",0,4194304,50,8469.55,8728.6,9028.2,17409,9336.77,104149,137386
incast,0,160,16,"n23m0223.hpc.itc.rwth-aachen.de",0,4194304,50,9096.8,9352.35,9699.81,11390.3,10049,10519.7,93437
incast,0,160,17,"n23m0223.hpc.itc.rwth-aachen.de",0,4194304,50,6893.14,9970.43,10330.8,14406.6,10765.8,11272.7,117371
incast,0,160,18,"n23m0223.hpc.itc.rwth-aachen.de",0,4194304,50,10344.1,10670.9,11103.7,17097.1,11551.9,59484.4,124551
incast,0,160,20,"n23m0223.hpc.itc.rwth-aachen.de",0,4194304,50,11032.4,11318.8,11733.4,25880.4,12257.2,112913,138869
incast,0,160,21,"n23m0223.hpc.itc.rwth-aachen.de",0,4194304,50,9116.11,11951.1,12415.4,30597.1,13373.2,119429,134242
incast,0,160,22,"n23m0223.hpc.itc.rwth-aachen.de",0,4194304,50,12270.4,12585.6,13086,25053.6,13948.2,110200,133652
incast,0,160,23,"n23m0223.hpc.itc.rwth-aachen.de",0,4194304,50,10656.7,13157,13742.2,19958.9,14530.1,61243,129382
incast,0,160,24,"n23m0223.hpc.itc.rwth-aachen.de",0,4194304,50,13531.6,13814,14640.3,22858.1,15349.1,109675,132788
incast,0,160,25,"n23m0223.hpc.itc.rwth-aachen.de",0,4194304,50,12115.5,14530.8,15224.1,21164.7,15964,68214,121615
incast,0,160,27,"n23m0223.hpc.itc.rwth-aachen.de",0,4194304,50,14851.9,15233.3,16018.9,24206.7,16760.3,111014,131565
incast,0,160,28,"n23m0223.hpc.itc.rwth-aachen.de",0,4194304,50,15489.6,15934.9,16755.3,23884.5,17528.4,99864.7,116456
incast,0,160,29,"n23m0223.hpc.itc.rwth-aachen.de",0,4194304,50,14709.4,16565.8,17255.8,19470.5,18082.4,18677.3,125872
incast,0,160,30,"n23m0223.hpc.itc.rwth-aachen.de",0,4194304,50,16827.9,17339.6,18138.4,32001.4,19244.5,123549,136116
incast,0,160,31,"n23m0223.hpc.itc.rwth-aachen.de",0,4194304,50,17555.1,18012.1,18795.7,28092.2,19622.5,110925,127291
incast,0,160,33,"n23m0223.hpc.itc.rwth-aachen.de",0,4194304,50,16773,18526.9,19543.5,29156.5,20452.1,115201,134045
incast,0,160,34,"n23m0223.hpc.itc.rwth-aachen.de",0,4194304,50,18772.9,19326.1,20636.5,37445.4,21652.7,120796,123864
incast,0,160,35,"n23m0223.hpc.itc.rwth-aachen.de",0,4194304,50,19409.6,20061.3,21126.3,34824.7,22333.7,122339,140705
incast,0,160,36,"n23m0223.hpc.itc.rwth-aachen.de",0,4194304,50,20058.3,20723.1,21879.5,29935.8,22859.3,122096,128279
incast,0,160,37,"n23m0223.hpc.itc.rwth-aachen.de",0,4194304,50,19802.8,21294.2,22353.3,28286.6,23414.6,68538.4,144006
incast,0,160,39,"n23m0223.hpc.itc.rwth-aachen.de",0,4194304,50,20609.4,22022,23106.9,30323,24261.3,104826,137593
incast,0,160,40,"n23m0223.hpc.itc.rwth-aachen.de",0,4194304,50,22077.6,22908.3,23949.7,30737.9,25034.3,105664,116773
incast,0,160,41,"n23m0223.hpc.itc.rwth-aachen.de",0,4194304,50,22731.5,23597,24964.6,36731.8,26053.4,128597,145166
incast,0,160,42,"n23m0223.hpc.itc.rwth-aachen.de",0,4194304,50,23391.4,24446,25865.4,40242,27105.9,127682,130993
incast,0,160,43,"n23m0223.hpc.itc.rwth-aachen.de",0,4194304,50,23813.7,24922.3,25964.6,36546.3,27539.3,133760,143860
incast,0,160,44,"n23m0223.hpc.itc.rwth-aachen.de",0,4194304,50,24719,25769.6,27119.7,38062.4,28288.1,114727,147203
incast,0,160,46,"n23m0223.hpc.itc.rwth-aachen.de",0,4194304,50,25507,26405.2,27864.9,38852,29467.8,123296,136608
incast,0,160,47,"n23m0223.hpc.itc.rwth-aachen.de",0,4194304,50,26158.5,26975.6,28411.2,40520.7,29860.9,117679,144794
incast,0,160,48,"n23m0223.hpc.itc.rwth-aachen.de",0,4194304,50,27033.8,28087.7,29923.1,38764.5,31152.3,124360,138796
incast,0,160,49,"n23m0223.hpc.itc.rwth-aachen.de",0,4194304,50,27934,28957.9,30207.9,42643,31923.3,134579,153973
incast,0,160,50,"n23m0223.hpc.itc.rwth-aachen.de",0,4194304,50,28762.8,29881,31742,47018,33477.1,129342,144270
incast,0,160,52,"n23m0223.hpc.itc.rwth-aachen.de",0,4194304,50,29628.1,30829.8,32357.8,41382.9,33932.5,113487,158243
incast,0,160,53,"n23m0223.hpc.itc.rwth-aachen.de",0,4194304,50,30493.4,31995.5,34561.7,57683.5,87337.7,136226,154621
incast,0,160,54,"n23m0223.hpc.itc.rwth-aachen.de",0,4194304,50,31358.6,32721.4,34700.7,47522,36439.4,128945,148818
incast,0,160,55,"n23m0223.hpc.itc.rwth-aachen.de",0,4194304,50,32239.4,33538.7,34893.8,46900,36970.6,134503,154423
incast,0,160,56,"n23m0223.hpc.itc.rwth-aachen.de",0,4194304,50,33293.2,34718.7,36739.6,49300.7,38626.7,135005,142007
incast,0,160,58,"n23m0223.hpc.itc.rwth-aachen.de",0,4194304,50,33947.4,35639.8,37819.4,48045.3,39138.2,120368,150225
incast,0,160,59,"n23m0223.hpc.itc.rwth-aachen.de",0,4194304,50,34806.3,36610.7,38647.2,54457.7,40471.3,148791,159786
incast,0,160,60,"n23m0223.hpc.itc.rwth-aachen.de",0,4194304,50,35671,37527.8,40508.4,53334.1,42254,130627,159629
incast,0,160,61,"n23m0223.hpc.itc.rwth-aachen.de",0,4194304,50,36546.4,38277.4,40140.6,52099.6,42474,129674,152906
incast,0,160,62,"n23m0223.hpc.itc.rwth-aachen.de",0,4194304,50,37729.3,39439.3,42705.5,56313.1,44433,139166,150150
incast,0,160,63,"n23m0223.hpc.itc.rwth-aachen.de",0,4194304,50,39680.5,40544.2,44097.9,67589.3,113013,129719,156001
incast,0,160,65,"n23m0223.hpc.itc.rwth-aachen.de",0,4194304,50,39872.4,41486,44221,61882,46481.7,148602,153516
incast,0,160,66,"n23m0223.hpc.itc.rwth-aachen.de",0,4194304,50,40907.1,42420.7,44795.3,58342.4,47231.7,142373,147749
incast,0,160,67,"n23m0223.hpc.itc.rwth-aachen.de",0,4194304,50,41672.1,43217.8,45719.2,57208.6,47738.2,123023,154802
incast,0,160,68,"n23m0223.hpc.itc.rwth-aachen.de",0,4194304,50,42535.9,44153.5,46963.5,57793.4,48687.9,136286,138817
incast,0,160,69,"n23m0223.hpc.itc.rwth-aachen.de",0,4194304,50,43365.2,45104.2,48586.7,63595.9,50537.7,135293,147500
incast,0,160,71,"n23m0223.hpc.itc.rwth-aachen.de",0,4194304,50,44186.8,45607.7,48544.8,59203.4,50425.2,125773,144487
incast,0,160,72,"n23m0223.hpc.itc.rwth-aachen.de",0,4194304,50,44988.1,46637.5,48656.6,57407.2,51355,117283,149381
incast,0,160,73,"n23m0223.hpc.itc.rwth-aachen.de",0,4194304,50,45825.8,47329.6,49629.9,57407.8,51807.1,133305,140341
incast,0,160,74,"n23m0223.hpc.itc.rwth-aachen.de",0,4194304,50,46616.3,48347.5,50823.2,58252.2,52761.2,128046,153882
incast,0,160,75,"n23m0223.hpc.itc.rwth-aachen.de",0,4194304,50,47575.1,49369.9,52672.1,62062.1,54661.4,117732,135374
incast,0,160,77,"n23m0223.hpc.itc.rwth-aachen.de",0,4194304,50,48202.5,50233.1,53765.2,70191,55568.7,141834,152549
incast,0,160,78,"n23m0223.hpc.itc.rwth-aachen.de",0,4194304,50,48994.8,50997.3,54297.1,64603.1,56957.6,132361,140857
incast,0,160,79,"n23m0223.hpc.itc.rwth-aachen.de",0,4194304,50,49779.1,51714.9,53998.9,63377.3,56471.2,138229,145184
incast,0,160,80,"n23m0223.hpc.itc.rwth-aachen.de",0,4194304,50,50921.1,52627.1,56300.8,67474,58928.7,132970,150321
incast,0,160,81,"n23m0223.hpc.itc.rwth-aachen.de",0,4194304,50,51754.3,53427.7,56720.1,71005.9,59650.4,149207,152243
incast,0,160,82,"n23m0223.hpc.itc.rwth-aachen.de",0,4194304,50,52563.8,54213.8,56712.4,62939.2,59259.1,129741,149531
incast,0,160,84,"n23m0223.hpc.itc.rwth-aachen.de",0,4194304,50,52987.9,54871.8,58734.6,65874.9,60671,120290,138469
incast,0,160,85,"n23m0223.hpc.itc.rwth-aachen.de",0,4194304,50,53851.9,55901.9,59660.4,68055.1,62038.3,130375,133185
incast,0,160,86,"n23m0223.hpc.itc.rwth-aachen.de",0,4194304,50,55068.3,56961.2,60774.1,78997.6,108144,138644,150183
incast,0,160,87,"n23m0223.hpc.itc.rwth-aachen.de",0,4194304,50,55432.3,57498.1,60171.4,64167.7,62856.5,104625,138303
incast,0,160,88,"n23m0223.hpc.itc.rwth-aachen.de",0,4194304,50,56281.6,58378.8,62177.2,68728,64257.9,115977,151335
incast,0,160,90,"n23m0223.hpc.itc.rwth-aachen.de",0,4194304,50,57107.8,59144.9,61927.8,67039.6,64798.8,122777,138276
incast,0,160,91,"n23m0223.hpc.itc.rwth-aachen.de",0,4194304,50,57834.5,59979.6,64137.7,72717,66191,139105,145219
incast,0,160,92,"n23m0223.hpc.itc.rwth-aachen.de",0,4194304,50,58622.6,61178.3,65546.9,77604.8,68549.5,133377,140465
incast,0,160,93,"n23m0223.hpc.itc.rwth-aachen.de",0,4194304,50,59976.3,61667.2,66165.1,76082.6,69173,129210,146506
incast,0,160,94,"n23m0223.hpc.itc.rwth-aachen.de",0,4194304,50,60298.1,62573.1,66857.9,70258.1,68606.2,109694,130178
incast,0,160,96,"n23m0236.hpc.itc.rwth-aachen.de",1,4194304,50,151456,168081,172855,171216,176317,180121,183542
incast,0,160,97,"n23m0236.hpc.itc.rwth-aachen.de",1,4194304,50,153032,169678,172350,174058,175958,179377,263494
incast,0,160,98,"n23m0236.hpc.itc.rwth-aachen.de",1,4194304,50,111279,147414,150634,149465,153698,158348,160777
incast,0,160,99,"n23m0236.hpc.itc.rwth-aachen.de",1,4194304,50,110275,148286,151428,150545,154400,158831,160450
incast,0,160,100,"n23m0236.hpc.itc.rwth-aachen.de",1,4194304,50,141989,170423,173943,173028,177069,180100,202247
incast,0,160,102,"n23m0236.hpc.itc.rwth-aachen.de",1,4194304,50,153208,169257,174225,174042,175821,179156,295496
incast,0,160,103,"n23m0236.hpc.itc.rwth-aachen.de",1,4194304,50,127018,161560,167510,165288,174487,178635,181633
incast,0,160,104,"n23m0236.hpc.itc.rwth-aachen.de",1,4194304,50,122958,149467,154617,152987,158625,161006,162398
incast,0,160,105,"n23m0236.hpc.itc.rwth-aachen.de",1,4194304,50,161283,172139,176217,177404,178099,181057,315533
incast,0,160,106,"n23m0236.hpc.itc.rwth-aachen.de",1,4194304,50,152046,171702,175274,173985,176874,180692,184268
incast,0,160,108,"n23m0236.hpc.itc.rwth-aachen.de",1,4194304,50,155548,172033,175145,177423,177915,181942,319636
incast,0,160,109,"n23m0236.hpc.itc.rwth-aachen.de",1,4194304,50,140048,148357,151174,150834,153619,157541,159516
incast,0,160,110,"n23m0236.hpc.itc.rwth-aachen.de",1,4194304,50,160868,172371,175305,175142,177257,181768,199761
incast,0,160,111,"n23m0236.hpc.itc.rwth-aachen.de",1,4194304,50,134146,162297,168928,167621,174246,179663,184081
incast,0,160,112,"n23m0236.hpc.itc.rwth-aachen.de",1,4194304,50,158463,171901,174506,175089,178656,181157,223544
incast,0,160,114,"n23m0236.hpc.itc.rwth-aachen.de",1,4194304,50,151627,169616,172902,172053,177782,180045,183181
incast,0,160,115,"n23m0236.hpc.itc.rwth-aachen.de",1,4194304,50,110799,169312,174302,172185,177264,181044,211710
incast,0,160,116,"n23m0236.hpc.itc.rwth-aachen.de",1,4194304,50,143438,170857,174048,174169,177424,181778,235715
incast,0,160,117,"n23m0236.hpc.itc.rwth-aachen.de",1,4194304,50,150945,170903,173907,172856,176868,179029,180714
incast,0,160,118,"n23m0236.hpc.itc.rwth-aachen.de",1,4194304,50,118104,144903,150010,149045,154342,158062,161135
incast,0,160,120,"n23m0236.hpc.itc.rwth-aachen.de",1,4194304,50,166611,174163,175635,176016,178089,181685,203609
incast,0,160,121,"n23m0236.hpc.itc.rwth-aachen.de",1,4194304,50,99369.1,170754,174533,172508,177510,179988,181355
incast,0,160,122,"n23m0236.hpc.itc.rwth-aachen.de",1,4194304,50,107126,144073,149231,147471,152436,156373,158783
incast,0,160,123,"n23m0236.hpc.itc.rwth-aachen.de",1,4194304,50,130383,163172,171403,167092,174241,178309,179599
incast,0,160,124,"n23m0236.hpc.itc.rwth-aachen.de",1,4194304,50,134660,146892,151918,150716,154693,157844,163376
incast,0,160,126,"n23m0236.hpc.itc.rwth-aachen.de",1,4194304,50,135279,169583,173978,174839,177541,181011,319594
incast,0,160,127,"n23m0236.hpc.itc.rwth-aachen.de",1,4194304,50,111725,141751,150074,146556,153288,158569,159795
incast,0,160,128,"n23m0236.hpc.itc.rwth-aachen.de",1,4194304,50,158953,172699,175128,176593,177585,181602,279642
incast,0,160,129,"n23m0236.hpc.itc.rwth-aachen.de",1,4194304,50,120212,170671,174824,175431,177540,180330,319847
incast,0,160,130,"n23m0236.hpc.itc.rwth-aachen.de",1,4194304,50,83980.7,172694,175660,174510,177839,181690,275689
incast,0,160,132,"n23m0236.hpc.itc.rwth-aachen.de",1,4194304,50,141406,172726,176087,176350,177353,181019,271671
incast,0,160,133,"n23m0236.hpc.itc.rwth-aachen.de",1,4194304,50,119128,148787,151389,151029,154768,158576,161324
incast,0,160,134,"n23m0236.hpc.itc.rwth-aachen.de",1,4194304,50,157212,172306,175288,177798,177928,181921,319687
incast,0,160,135,"n23m0236.hpc.itc.rwth-aachen.de",1,4194304,50,148572,169644,173561,174321,176347,180422,259693
incast,0,160,136,"n23m0236.hpc.itc.rwth-aachen.de",1,4194304,50,162524,173121,175145,175385,178022,182155,207737
incast,0,160,138,"n23m0236.hpc.itc.rwth-aachen.de",1,4194304,50,130004,167363,172901,173119,175457,178855,319573
incast,0,160,139,"n23m0236.hpc.itc.rwth-aachen.de",1,4194304,50,160752,170258,174183,174841,177249,179701,255683
incast,0,160,140,"n23m0236.hpc.itc.rwth-aachen.de",1,4194304,50,136706,146689,151423,150044,154464,157361,157997
incast,0,160,141,"n23m0236.hpc.itc.rwth-aachen.de",1,4194304,50,165543,172864,175728,175417,177877,180815,184862
incast,0,160,142,"n23m0236.hpc.itc.rwth-aachen.de",1,4194304,50,160366,170939,173568,173341,175881,180411,182401
incast,0,160,144,"n23m0236.hpc.itc.rwth-aachen.de",1,4194304,50,127528,146735,151500,149674,153829,157594,158358
incast,0,160,145,"n23m0236.hpc.itc.rwth-aachen.de",1,4194304,50,84431.9,149870,152585,150680,156082,159410,161159
incast,0,160,146,"n23m0236.hpc.itc.rwth-aachen.de",1,4194304,50,167321,172492,175689,177928,178395,181182,311479
incast,0,160,147,"n23m0236.hpc.itc.rwth-aachen.de",1,4194304,50,77694.8,147275,151788,149918,154877,158589,160065
incast,0,160,148,"n23m0236.hpc.itc.rwth-aachen.de",1,4194304,50,135457,147709,150779,150422,153858,157922,161899
incast,0,160,150,"n23m0236.hpc.itc.rwth-aachen.de",1,4194304,50,151285,171151,175502,176407,178265,180576,319617
incast,0,160,151,"n23m0236.hpc.itc.rwth-aachen.de",1,4194304,50,84199.4,168744,171934,169935,175630,179082,215709
incast,0,160,152,"n23m0236.hpc.itc.rwth-aachen.de",1,4194304,50,160558,173512,175793,174679,177590,181000,184041
incast,0,160,153,"n23m0236.hpc.itc.rwth-aachen.de",1,4194304,50,136471,145304,149364,148872,152436,156308,163273
incast,0,160,154,"n23m0236.hpc.itc.rwth-aachen.de",1,4194304,50,167412,172937,175037,176935,176975,180050,291508
incast,0,160,156,"n23m0236.hpc.itc.rwth-aachen.de",1,4194304,50,143311,173008,176037,176685,177814,180410,299515
incast,0,160,157,"n23m0236.hpc.itc.rwth-aachen.de",1,4194304,50,107037,145438,151064,146740,154974,157677,159542
incast,0,160,158,"n23m0236.hpc.itc.rwth-aachen.de",1,4194304,50,160907,171299,174606,174667,176412,180161,227707
incast,0,160,159,"n23m0236.hpc.itc.rwth-aachen.de",1,4194304,50,167640,173068,175164,177626,177795,179884,303505
incast,0,160,160,"n23m0236.hpc.itc.rwth-aachen.de",1,4194304,50,157978,171026,174183,174409,176684,180383,219799
incast,0,160,162,"n23m0236.hpc.itc.rwth-aachen.de",1,4194304,50,83092.8,146698,150240,147952,153573,156297,159838
incast,0,160,163,"n23m0236.hpc.itc.rwth-aachen.de",1,4194304,50,159921,173335,175450,176045,177944,180575,231707
incast,0,160,164,"n23m0236.hpc.itc.rwth-aachen.de",1,4194304,50,129551,168855,173029,170758,175333,180104,191737
incast,0,160,165,"n23m0236.hpc.itc.rwth-aachen.de",1,4194304,50,148186,169236,173913,172163,176086,178745,180356
incast,0,160,166,"n23m0236.hpc.itc.rwth-aachen.de",1,4194304,50,138451,167987,173986,171244,176607,179620,182834
incast,0,160,168,"n23m0236.hpc.itc.rwth-aachen.de",1,4194304,50,119560,153055,155398,154791,158152,162751,166861
incast,0,160,169,"n23m0236.hpc.itc.rwth-aachen.de",1,4194304,50,164278,174328,176083,176927,177927,180831,247839
incast,0,160,170,"n23m0236.hpc.itc.rwth-aachen.de",1,4194304,50,131438,146100,149753,149519,153617,159171,162551
incast,0,160,171,"n23m0236.hpc.itc.rwth-aachen.de",1,4194304,50,163321,172238,173956,176576,176472,179691,319634
incast,0,160,172,"n23m0236.hpc.itc.rwth-aachen.de",1,4194304,50,138968,148224,150289,150025,152653,155803,161949
incast,0,160,174,"n23m0236.hpc.itc.rwth-aachen.de",1,4194304,50,84870.7,172947,175276,175060,177856,181345,283670
incast,0,160,175,"n23m0236.hpc.itc.rwth-aachen.de",1,4194304,50,136395,144394,148140,148010,151685,155590,159774
incast,0,160,176,"n23m0236.hpc.itc.rwth-aachen.de",1,4194304,50,143014,150510,153032,152880,155479,158814,159690
incast,0,160,177,"n23m0236.hpc.itc.rwth-aachen.de",1,4194304,50,129297,148246,151335,150501,154232,158133,159687
incast,0,160,178,"n23m0236.hpc.itc.rwth-aachen.de",1,4194304,50,160163,171567,175790,175839,177672,180687,239858
incast,0,160,180,"n23m0236.hpc.itc.rwth-aachen.de",1,4194304,50,153473,170624,173921,173992,177532,181197,187629
incast,0,160,181,"n23m0236.hpc.itc.rwth-aachen.de",1,4194304,50,119190,145231,149034,147903,151468,154486,155280
incast,0,160,182,"n23m0236.hpc.itc.rwth-aachen.de",1,4194304,50,144536,153655,158656,158042,161381,165164,171334
incast,0,160,183,"n23m0236.hpc.itc.rwth-aachen.de",1,4194304,50,156701,170773,174498,174180,176647,180001,251845
incast,0,160,184,"n23m0236.hpc.itc.rwth-aachen.de",1,4194304,50,147602,171149,173984,175267,176223,179850,307596
incast,0,160,186,"n23m0236.hpc.itc.rwth-aachen.de",1,4194304,50,139814,172699,175444,175081,178120,182134,243619
incast,0,160,187,"n23m0236.hpc.itc.rwth-aachen.de",1,4194304,50,157835,174013,175034,177072,176698,179396,287527
incast,0,160,188,"n23m0236.hpc.itc.rwth-aachen.de",1,4194304,50,166004,172260,175212,176656,177644,181868,267642
incast,0,160,189,"n23m0236.hpc.itc.rwth-aachen.de",1,4194304,50,143197,167975,173279,169911,176838,179002,181841
incast,0,160,190,"n23m0236.hpc.itc.rwth-aachen.de",1,4194304,50,162231,170727,172762,173332,176255,179783,195943
fanout,0,160,1,"n23m0223.hpc.itc.rwth-aachen.de",0,4194304,50,95933.5,98636.1,99450.8,100687,100736,103074,136865
fanout,0,160,2,"n23m0223.hpc.itc.rwth-aachen.de",0,4194304,50,95331.3,98050.4,98867,100109,100142,102493,136102
fanout,0,160,3,"n23m0223.hpc.itc.rwth-aachen.de",0,4194304,50,94890.4,97578.8,98374.2,99594.3,99642.5,101964,135597
fanout,0,160,4,"n23m0223.hpc.itc.rwth-aachen.de",0,4194304,50,94323.6,97002.2,97794.8,99029.7,99056.5,101447,134885
fanout,0,160,5,"n23m0223.hpc.itc.rwth-aachen.de",0,4194304,50,92876,95242.7,95803,96772.1,96818.8,99100.9,133048
fanout,0,160,6,"n23m0223.hpc.itc.rwth-aachen.de",0,4194304,50,2618.19,2727.14,2776.5,2781.49,2836.85,2898.97,3000.67
fanout,0,160,8,"n23m0223.hpc.itc.rwth-aachen.de",0,4194304,50,3063.06,3217.53,3284.91,5130.39,3336.75,3496.16,95592.5
fanout,0,160,9,"n23m0223.hpc.itc.rwth-aachen.de",0,4194304,50,3582.95,3757.53,3816.48,7393.98,3882.54,4079.54,93635.1
fanout,0,160,10,"n23m0223.hpc.itc.rwth-aachen.de",0,4194304,50,3936.03,4266.51,4317.48,11489.5,4404.59,92812.2,95832.9
fanout,0,160,11,"n23m0223.hpc.itc.rwth-aachen.de",0,4194304,50,4447.17,4765.96,4858.12,20714.1,4986.69,94407.6,95222.3
fanout,0,160,12,"n23m0223.hpc.itc.rwth-aachen.de",0,4194304,50,4834.3,5119.54,5259.1,6979.93,5352.22,5555.09,92435.4
fanout,0,160,14,"n23m0223.hpc.itc.rwth-aachen.de",0,4194304,50,5341.77,5636.15,5808.6,9234.53,5910.93,6228.7,92872.7
fanout,0,160,15,"n23m0223.hpc.itc.rwth-aachen.de",0,4194304,50,5841.1,6141.85,6302.76,13178.3,6425.12,91470.5,94213.3
fanout,0,160,16,"n23m0223.hpc.itc.rwth-aachen.de",0,4194304,50,6351.81,6611.22,6773.72,6753.22,6887.94,7077.54,7439.64
fanout,0,160,17,"n23m0223.hpc.itc.rwth-aachen.de",0,4194304,50,6833.09,7125.2,7277.87,12415.9,7410.05,54313.1,94362.2
fanout,0,160,18,"n23m0223.hpc.itc.rwth-aachen.de",0,4194304,50,7289.59,7615.02,7767.18,14673.7,7925.5,93781.6,95383.7
fanout,0,160,20,"n23m0223.hpc.itc.rwth-aachen.de",0,4194304,50,7775.94,8070.03,8243.32,13467.5,8412.78,55978.3,97748.3
fanout,0,160,21,"n23m0223.hpc.itc.rwth-aachen.de",0,4194304,50,8241.78,8621.74,8772.17,22380.7,9073.3,94084.9,96517.1
fanout,0,160,22,"n23m0223.hpc.itc.rwth-aachen.de",0,4194304,50,8842.16,9128.52,9302.78,22532.9,9579.16,93117.5,96275.1
fanout,0,160,23,"n23m0223.hpc.itc.rwth-aachen.de",0,4194304,50,9314.34,9605.2,9774.69,21582.7,10090.3,94250.1,95946.5
fanout,0,160,24,"n23m0223.hpc.itc.rwth-aachen.de",0,4194304,50,9870.82,10110.8,10263.5,12005.9,10504.9,10951.1,95491.9
fanout,0,160,25,"n23m0223.hpc.itc.rwth-aachen.de",0,4194304,50,10324.8,10588.7,10739.3,15763.9,10989.6,56156.2,95567
fanout,0,160,27,"n23m0223.hpc.itc.rwth-aachen.de",0,4194304,50,10880.4,11153.3,11298.6,16213.2,11552.4,56399.3,92751.4
fanout,0,160,28,"n23m0223.hpc.itc.rwth-aachen.de",0,4194304,50,11395.3,11676.8,11775.6,15086.2,12043.9,12847.7,93707.8
fanout,0,160,29,"n23m0223.hpc.itc.rwth-aachen.de",0,4194304,50,11681.2,12167.5,12294.8,15591.1,12556.9,13436.3,93281.8
fanout,0,160,30,"n23m0223.hpc.itc.rwth-aachen.de",0,4194304,50,12158.4,12677.4,12814.7,19409.2,13078.2,93250.8,96426
fanout,0,160,31,"n23m0223.hpc.itc.rwth-aachen.de",0,4194304,50,12864.5,13163.7,13311.4,16561,13557.6,14551.4,95041.3
fanout,0,160,33,"n23m0223.hpc.itc.rwth-aachen.de",0,4194304,50,13130.1,13672.8,13823.3,23434,14086.9,93212.9,96196.3
fanout,0,160,34,"n23m0223.hpc.itc.rwth-aachen.de",0,4194304,50,13614.8,14159,14325.2,20715.5,14558.7,93767.1,94650.9
fanout,0,160,35,"n23m0223.hpc.itc.rwth-aachen.de",0,4194304,50,14123.5,14661,14811.1,19568.3,15073.5,58071.1,95328.3
fanout,0,160,36,"n23m0223.hpc.itc.rwth-aachen.de",0,4194304,50,14618.7,15197.8,15367.9,23379.9,15598.1,94001,98187.5
fanout,0,160,37,"n23m0223.hpc.itc.rwth-aachen.de",0,4194304,50,15170.2,15716.6,15882.7,22073.2,16133.9,91593.9,94031
fanout,0,160,39,"n23m0223.hpc.itc.rwth-aachen.de",0,4194304,50,15666.2,16227,16394.6,19509,16593.9,17890.7,93452.5
fanout,0,160,40,"n23m0223.hpc.itc.rwth-aachen.de",0,4194304,50,16183.6,16785.4,16964,27534.3,17234.8,92554.4,94790.7
fanout,0,160,41,"n23m0223.hpc.itc.rwth-aachen.de",0,4194304,50,16649.5,17303.8,17505.1,27744.3,17795.6,90923.7,93503.3
fanout,0,160,42,"n23m0223.hpc.itc.rwth-aachen.de",0,4194304,50,17291.6,17724.8,17972.8,25629.1,18191.1,93174.3,98924.7
fanout,0,160,43,"n23m0223.hpc.itc.rwth-aachen.de",0,4194304,50,17715.5,18248.1,18461.6,18512.9,18662.2,19344,20627.7
fanout,0,160,44,"n23m0223.hpc.itc.rwth-aachen.de",0,4194304,50,18176.7,18731.2,18927.4,21937.3,19203.2,20739.8,92633.1
fanout,0,160,46,"n23m0223.hpc.itc.rwth-aachen.de",0,4194304,50,18761.6,19313.7,19527.9,21019.4,19736.5,20799.4,91305.9
fanout,0,160,47,"n23m0223.hpc.itc.rwth-aachen.de",0,4194304,50,19295,19808.9,20099,25999,20385,89840.8,97685.5
fanout,0,160,48,"n23m0223.hpc.itc.rwth-aachen.de",0,4194304,50,20047.1,20575,20858.1,29728.3,21190.2,93911.2,98391.9
fanout,0,160,49,"n23m0223.hpc.itc.rwth-aachen.de",0,4194304,50,20744.1,21440.2,21773.6,34442.4,22201,97889.4,133701
fanout,0,160,50,"n23m0223.hpc.itc.rwth-aachen.de",0,4194304,50,22022,22485.5,22759.4,32843.8,23087.2,95076.6,97287.6
fanout,0,160,52,"n23m0223.hpc.itc.rwth-aachen.de",0,4194304,50,22551.5,23394,23665.1,26962.8,23859.6,25624.4,113968
fanout,0,160,53,"n23m0223.hpc.itc.rwth-aachen.de",0,4194304,50,23483,24359.4,24634,28854,24867.3,63399.9,96107.9
fanout,0,160,54,"n23m0223.hpc.itc.rwth-aachen.de",0,4194304,50,24448.5,25358.4,25624.1,29708.5,25843.5,63608.8,94321.8
fanout,0,160,55,"n23m0223.hpc.itc.rwth-aachen.de",0,4194304,50,25403.9,26282.3,26533,26563.1,26760.9,27601.4,29365.6
fanout,0,160,56,"n23m0223.hpc.itc.rwth-aachen.de",0,4194304,50,26344.1,27249.3,27503.7,28888.1,27753.4,29067.1,95143.8
fanout,0,160,58,"n23m0223.hpc.itc.rwth-aachen.de",0,4194304,50,27500.3,28233.8,28511.2,31078.7,28779.5,31060.4,93865.1
fanout,0,160,59,"n23m0223.hpc.itc.rwth-aachen.de",0,4194304,50,27553.7,29144,29503,33412.3,29785.1,64926,98433.8
fanout,0,160,60,"n23m0223.hpc.itc.rwth-aachen.de",0,4194304,50,28487.8,29970.3,30455.5,34325.3,30841.4,67195.8,96155.2
fanout,0,160,61,"n23m0223.hpc.itc.rwth-aachen.de",0,4194304,50,29421.9,30928.2,31477.3,36478.2,31839,93771.1,96388.3
fanout,0,160,62,"n23m0223.hpc.itc.rwth-aachen.de",0,4194304,50,30728.2,31959.1,32417.2,35895.5,32787.3,65166.7,91277.4
fanout,0,160,63,"n23m0223.hpc.itc.rwth-aachen.de",0,4194304,50,30612.8,32794.8,33299.8,34493.2,33691.4,34996.8,94339.9
fanout,0,160,65,"n23m0223.hpc.itc.rwth-aachen.de",0,4194304,50,31551.7,33739.5,34244.6,34231.2,34663,35339.6,37830.6
fanout,0,160,66,"n23m0223.hpc.itc.rwth-aachen.de",0,4194304,50,32523,34700.5,35193.5,35172.4,35620.4,36296.8,38862.1
fanout,0,160,67,"n23m0223.hpc.itc.rwth-aachen.de",0,4194304,50,33469.2,35650.6,36155.4,36133.7,36594.4,37282.9,39890.8
fanout,0,160,68,"n23m0223.hpc.itc.rwth-aachen.de",0,4194304,50,34423.2,36609.9,37089,37107.5,37560.8,38233,40957.1
fanout,0,160,69,"n23m0223.hpc.itc.rwth-aachen.de",0,4194304,50,35417,37603.4,38117.4,40301.2,38625.3,41382.3,93087.2
fanout,0,160,71,"n23m0223.hpc.itc.rwth-aachen.de",0,4194304,50,36344.9,38509.7,39033.4,39061.3,39537,40132.6,43040
fanout,0,160,72,"n23m0223.hpc.itc.rwth-aachen.de",0,4194304,50,37274.4,39444.1,39953.7,39990.7,40467.5,41040.6,44057.1
fanout,0,160,73,"n23m0223.hpc.itc.rwth-aachen.de",0,4194304,50,38244.5,40399.6,40910.7,40945.9,41433,41962.4,45068.8
fanout,0,160,74,"n23m0223.hpc.itc.rwth-aachen.de",0,4194304,50,39148,41323.5,41841.1,41865.2,42376.2,42856.5,46054.5
fanout,0,160,75,"n23m0223.hpc.itc.rwth-aachen.de",0,4194304,50,40046.1,42233.1,42779.1,42786.5,43308.6,43770.2,47034
fanout,0,160,77,"n23m0223.hpc.itc.rwth-aachen.de",0,4194304,50,40978.5,43161,43722.4,43715.3,44232.3,44702.5,48042.9
fanout,0,160,78,"n23m0223.hpc.itc.rwth-aachen.de",0,4194304,50,41886.3,44076.5,44658.3,44628.6,45141.6,45643.2,48957.4
fanout,0,160,79,"n23m0223.hpc.itc.rwth-aachen.de",0,4194304,50,42770.5,44981.1,45575.8,45544.4,46042.4,46571.6,49902.5
fanout,0,160,80,"n23m0223.hpc.itc.rwth-aachen.de",0,4194304,50,43665,45880.5,46487.1,46450.4,46953.2,47501.9,50837.2
fanout,0,160,81,"n23m0223.hpc.itc.rwth-aachen.de",0,4194304,50,44577.2,46797.8,47402.3,47372,47860.1,48439.5,51808.6
fanout,0,160,82,"n23m0223.hpc.itc.rwth-aachen.de",0,4194304,50,45507.6,47756.9,48355.6,48331.7,48803.6,49406,52781.5
fanout,0,160,84,"n23m0223.hpc.itc.rwth-aachen.de",0,4194304,50,46403.9,48664.7,49256.5,49238.2,49710.1,50335.2,53745
fanout,0,160,85,"n23m0223.hpc.itc.rwth-aachen.de",0,4194304,50,47293.1,49542.3,50130.3,50130.4,50601,51240,54688.2
fanout,0,160,86,"n23m0223.hpc.itc.rwth-aachen.de",0,4194304,50,48162.3,50427,51003.1,51015.7,51486.6,52163.1,55612.8
fanout,0,160,87,"n23m0223.hpc.itc.rwth-aachen.de",0,4194304,50,49046.9,51322.1,51886.5,51905.4,52367.5,53110.2,56572.8
fanout,0,160,88,"n23m0223.hpc.itc.rwth-aachen.de",0,4194304,50,49917,52176.1,52774.4,52788.4,53258.4,54018.2,57497.5
fanout,0,160,90,"n23m0223.hpc.itc.rwth-aachen.de",0,4194304,50,50768.6,53061,53647.5,53669.7,54130.5,54926.8,58414.6
fanout,0,160,91,"n23m0223.hpc.itc.rwth-aachen.de",0,4194304,50,51679.2,53966.4,54528.2,54571,55041.1,55869.8,59340.8
fanout,0,160,92,"n23m0223.hpc.itc.rwth-aachen.de",0,4194304,50,52526.6,54848.1,55447.8,55462.6,55931.8,56751.4,60277.3
fanout,0,160,93,"n23m0223.hpc.itc.rwth-aachen.de",0,4194304,50,53398,55708.4,56311.9,56345.3,56807.7,57652.8,61264.1
fanout,0,160,94,"n23m0223.hpc.itc.rwth-aachen.de",0,4194304,50,54331.3,56677.7,57211.6,57282.8,57763.1,58595.2,62256.8
fanout,0,160,96,"n23m0236.hpc.itc.rwth-aachen.de",1,4194304,50,55481.8,57844.8,58452.1,59272.6,58979.4,60585.9,99106.2
fanout,0,160,97,"n23m0236.hpc.itc.rwth-aachen.de",1,4194304,50,56541.3,58859.7,59561.4,63668.4,60203.9,95559.7,98274.8
fanout,0,160,98,"n23m0236.hpc.itc.rwth-aachen.de",1,4194304,50,57093.2,59520.6,60201.2,64436.6,60812.9,91049.7,94948.1
fanout,0,160,99,"n23m0236.hpc.itc.rwth-aachen.de",1,4194304,50,58709.3,59844.8,60563.4,65729.3,61154.4,94343.9,95730.9
fanout,0,160,100,"n23m0236.hpc.itc.rwth-aachen.de",1,4194304,50,58675.1,60301.6,60964.8,62967.4,61809.8,78437.2,95560.6
fanout,0,160,102,"n23m0236.hpc.itc.rwth-aachen.de",1,4194304,50,57284.4,60500.3,61029.8,64311.8,61770.7,92963.3,96687
fanout,0,160,103,"n23m0236.hpc.itc.rwth-aachen.de",1,4194304,50,57998.7,60972.5,61572.8,65546.2,62353.1,90915.8,94522.4
fanout,0,160,104,"n23m0236.hpc.itc.rwth-aachen.de",1,4194304,50,58109.5,61393.1,62001.1,70005,82402.7,95844,97216.6
fanout,0,160,105,"n23m0236.hpc.itc.rwth-aachen.de",1,4194304,50,59055.7,62423.7,63239,74686,91658.9,96390.6,97129.1
fanout,0,160,106,"n23m0236.hpc.itc.rwth-aachen.de",1,4194304,50,60535.7,63366.8,64807.6,75428.3,91192.8,94884.8,96925.6
fanout,0,160,108,"n23m0236.hpc.itc.rwth-aachen.de",1,4194304,50,60860.4,63574.6,64732.3,73067,90592.3,94375.5,95575.9
fanout,0,160,109,"n23m0236.hpc.itc.rwth-aachen.de",1,4194304,50,60525.1,62679,63665.5,68684.1,64661.2,93942,97779.2
fanout,0,160,110,"n23m0236.hpc.itc.rwth-aachen.de",1,4194304,50,60943.1,63006.6,64094.9,67649.3,64976.2,90780.8,93843
fanout,0,160,111,"n23m0236.hpc.itc.rwth-aachen.de",1,4194304,50,61248.4,63363.3,64482.7,68677.2,65642.5,92789.5,97950.3
fanout,0,160,112,"n23m0236.hpc.itc.rwth-aachen.de",1,4194304,50,62543,64075.2,64905.2,68054.1,65564.6,92826.4,96123.9
fanout,0,160,114,"n23m0236.hpc.itc.rwth-aachen.de",1,4194304,50,62782.9,63885.6,64652.3,68460,65394.6,93678.4,97422.6
fanout,0,160,115,"n23m0236.hpc.itc.rwth-aachen.de",1,4194304,50,63545.7,64814.8,65735.5,68988.8,66468.6,90787.7,94574.2
fanout,0,160,116,"n23m0236.hpc.itc.rwth-aachen.de",1,4194304,50,61234.1,64830.2,65769.3,69387.1,66657.1,93619.2,99323.8
fanout,0,160,117,"n23m0236.hpc.itc.rwth-aachen.de",1,4194304,50,61981.9,65116,66154.5,71218.7,67537.4,94131.6,94983.5
fanout,0,160,118,"n23m0236.hpc.itc.rwth-aachen.de",1,4194304,50,63132.4,65895.7,67006.2,72786,69243.7,94202.8,99151.3
fanout,0,160,120,"n23m0236.hpc.itc.rwth-aachen.de",1,4194304,50,62978.2,66305.8,67145.8,70797.5,67718.1,92190.6,94309.4
fanout,0,160,121,"n23m0236.hpc.itc.rwth-aachen.de",1,4194304,50,62826.1,65939.5,66749.9,68404.7,67400.5,84406,97700
fanout,0,160,122,"n23m0236.hpc.itc.rwth-aachen.de",1,4194304,50,63849.7,66810.4,67622.8,70613.5,68343.2,93888.2,97103.6
fanout,0,160,123,"n23m0236.hpc.itc.rwth-aachen.de",1,4194304,50,63792.4,66860.1,67703.8,72499.2,69311.8,94585.4,97128.5
fanout,0,160,124,"n23m0236.hpc.itc.rwth-aachen.de",1,4194304,50,65028.3,68046.9,68764.9,72603.4,69702.7,91963.2,98059.1
fanout,0,160,126,"n23m0236.hpc.itc.rwth-aachen.de",1,4194304,50,65053.3,68155.3,68830.9,71917.8,69529.9,92487.4,94726.7
fanout,0,160,127,"n23m0236.hpc.itc.rwth-aachen.de",1,4194304,50,65437.9,68397.2,68945.2,71943.1,69664.5,91808.6,94892
fanout,0,160,128,"n23m0236.hpc.itc.rwth-aachen.de",1,4194304,50,66170.1,69074.6,69806.3,73430.4,70642.4,92665.9,94840.1
fanout,0,160,129,"n23m0236.hpc.itc.rwth-aachen.de",1,4194304,50,66458.3,69627.8,70269.4,73855.2,71135.1,92760.6,94763
fanout,0,160,130,"n23m0236.hpc.itc.rwth-aachen.de",1,4194304,50,66232.5,69247.2,70119.9,74021.1,71083.1,92638.1,96825
fanout,0,160,132,"n23m0236.hpc.itc.rwth-aachen.de",1,4194304,50,66670.6,69300.7,70708.4,74444,71855.9,93117.2,95119.8
fanout,0,160,133,"n23m0236.hpc.itc.rwth-aachen.de",1,4194304,50,67506.7,69893.8,71276,74519.7,72343.7,92712.5,94473.2
fanout,0,160,134,"n23m0236.hpc.itc.rwth-aachen.de",1,4194304,50,67854.4,70227.1,71466.4,73595.9,72143.2,91612.2,92495.5
fanout,0,160,135,"n23m0236.hpc.itc.rwth-aachen.de",1,4194304,50,68192.4,70496.4,71461.5,72317.8,72411.6,76461,92790.6
fanout,0,160,136,"n23m0236.hpc.itc.rwth-aachen.de",1,4194304,50,69731.4,71331.2,72136.3,74089,73139,91599.1,96048.5
fanout,0,160,138,"n23m0236.hpc.itc.rwth-aachen.de",1,4194304,50,69812.6,71641.9,72556.1,74720.4,73634.9,91527.4,94141.9
fanout,0,160,139,"n23m0236.hpc.itc.rwth-aachen.de",1,4194304,50,70663,72111.8,73130.1,80140.4,74834.6,95315.1,292291
fanout,0,160,140,"n23m0236.hpc.itc.rwth-aachen.de",1,4194304,50,68954.7,72449.5,73479.2,77589.7,78702,93848.7,98269.9
fanout,0,160,141,"n23m0236.hpc.itc.rwth-aachen.de",1,4194304,50,69956.4,72941.9,74182.7,78456.8,84006.3,94942.5,97678.2
fanout,0,160,142,"n23m0236.hpc.itc.rwth-aachen.de",1,4194304,50,69606.2,72971.5,73931.8,78577.9,89289.9,93345.4,96049.2
fanout,0,160,144,"n23m0236.hpc.itc.rwth-aachen.de",1,4194304,50,70098.5,72970.8,74015.3,76612.2,75312.3,92114.3,94454.1
fanout,0,160,145,"n23m0236.hpc.itc.rwth-aachen.de",1,4194304,50,70530.3,73458.7,74737.4,76626.9,75464.7,93383,98234
fanout,0,160,146,"n23m0236.hpc.itc.rwth-aachen.de",1,4194304,50,70294,73380.4,74380.9,76015.7,74910.3,93211.1,96772.3
fanout,0,160,147,"n23m0236.hpc.itc.rwth-aachen.de",1,4194304,50,71197.7,74176.6,75107.3,76911.6,76073.1,91859.3,97667.3
fanout,0,160,148,"n23m0236.hpc.itc.rwth-aachen.de",1,4194304,50,71145.6,74258.4,75185.7,76963.3,76146.1,91770.5,93484.9
fanout,0,160,150,"n23m0236.hpc.itc.rwth-aachen.de",1,4194304,50,72146.5,75388.7,76424.4,78500.7,77616.3,92915.9,98562.2
fanout,0,160,151,"n23m0236.hpc.itc.rwth-aachen.de",1,4194304,50,72088.5,75317,76324.8,77966.5,77625.8,91680.9,94339
fanout,0,160,152,"n23m0236.hpc.itc.rwth-aachen.de",1,4194304,50,73032.8,75454.6,76155.2,77772.6,77499.6,91319.7,93396
fanout,0,160,153,"n23m0236.hpc.itc.rwth-aachen.de",1,4194304,50,74438.5,76805.6,77973.4,79942.5,79238.1,94165.5,95361.5
fanout,0,160,154,"n23m0236.hpc.itc.rwth-aachen.de",1,4194304,50,73204.9,76331.1,77616.7,81393.7,89731.8,93926.9,96163.3
fanout,0,160,156,"n23m0236.hpc.itc.rwth-aachen.de",1,4194304,50,73577.1,76945.1,78112.9,82217.8,90343.5,94173.5,95149.7
fanout,0,160,157,"n23m0236.hpc.itc.rwth-aachen.de",1,4194304,50,74098.1,77109,78080,81654.9,88939.9,93498.3,96988.4
fanout,0,160,158,"n23m0236.hpc.itc.rwth-aachen.de",1,4194304,50,74434.6,77430.7,78261.6,81473.5,81949.6,95869.6,99005
fanout,0,160,159,"n23m0236.hpc.itc.rwth-aachen.de",1,4194304,50,75519.1,77934,78668.3,81020.4,80636.5,95097.7,96232.8
fanout,0,160,160,"n23m0236.hpc.itc.rwth-aachen.de",1,4194304,50,75077.9,77825.2,78762.2,81139.2,79929.4,95024.5,97169.4
fanout,0,160,162,"n23m0236.hpc.itc.rwth-aachen.de",1,4194304,50,76360.4,78532.4,79563.4,81410.9,80813.3,94996.7,98124.6
fanout,0,160,163,"n23m0236.hpc.itc.rwth-aachen.de",1,4194304,50,76185.6,79076.2,80070.5,81663.1,81100.1,91517,94225.5
fanout,0,160,164,"n23m0236.hpc.itc.rwth-aachen.de",1,4194304,50,76200.7,79193.5,80159.1,81195.3,81335.8,89432,93539.1
fanout,0,160,165,"n23m0236.hpc.itc.rwth-aachen.de",1,4194304,50,77300,80048.4,80968.7,82968.3,83073.7,95754.2,98715.8
fanout,0,160,166,"n23m0236.hpc.itc.rwth-aachen.de",1,4194304,50,77434.5,80098,81058.6,82393.8,82391.3,91760.2,97561.1
fanout,0,160,168,"n23m0236.hpc.itc.rwth-aachen.de",1,4194304,50,77592.6,80346.1,81410.3,83515.5,85772.9,93549.5,96132.3
fanout,0,160,169,"n23m0236.hpc.itc.rwth-aachen.de",1,4194304,50,78172.1,81626.7,82433.5,84819.1,87226.1,95594.1,96779.2
fanout,0,160,170,"n23m0236.hpc.itc.rwth-aachen.de",1,4194304,50,78278.4,81288.4,82627.9,84363.6,86566.1,93286.3,95239.2
fanout,0,160,171,"n23m0236.hpc.itc.rwth-aachen.de",1,4194304,50,79128.4,82133,83110.1,84391.4,84149.8,94099,97856.1
fanout,0,160,172,"n23m0236.hpc.itc.rwth-aachen.de",1,4194304,50,78313.1,82171.4,83037.2,83618.6,83847.1,91024.2,95526.5
fanout,0,160,174,"n23m0236.hpc.itc.rwth-aachen.de",1,4194304,50,78523.9,82810.7,83899.6,84228,84764.7,90731.8,95625
fanout,0,160,175,"n23m0236.hpc.itc.rwth-aachen.de",1,4194304,50,79289.8,82808.5,83950.1,84580.9,84748.5,93078.5,97150.6
fanout,0,160,176,"n23m0236.hpc.itc.rwth-aachen.de",1,4194304,50,79615.6,83288.1,84250.9,84975.1,85376.1,93177.9,97139.4
fanout,0,160,177,"n23m0236.hpc.itc.rwth-aachen.de",1,4194304,50,80004.5,83594.2,84589.3,85533,85812.9,94157.3,99507.3
fanout,0,160,178,"n23m0236.hpc.itc.rwth-aachen.de",1,4194304,50,80751.5,83961.6,85125.8,85697.5,86253,93555.6,94994.3
fanout,0,160,180,"n23m0236.hpc.itc.rwth-aachen.de",1,4194304,50,80822.8,84078.4,85408.1,85949.5,86622.9,92889,95821.5
fanout,0,160,181,"n23m0236.hpc.itc.rwth-aachen.de",1,4194304,50,81597.3,84544.1,85710.5,86305.4,86685.6,92557.9,99541.7
fanout,0,160,182,"n23m0236.hpc.itc.rwth-aachen.de",1,4194304,50,82034.9,84896.3,85907.7,86218.2,86983.4,91138.4,94704.5
fanout,0,160,183,"n23m0236.hpc.itc.rwth-aachen.de",1,4194304,50,82916.9,85610.4,87247.2,88033.9,90026.5,94763.4,96827.5
fanout,0,160,184,"n23m0236.hpc.itc.rwth-aachen.de",1,4194304,50,81562.5,85485.5,87589.3,87416.5,88617.5,92831.8,94286.3
fanout,0,160,186,"n23m0236.hpc.itc.rwth-aachen.de",1,4194304,50,81848.5,86259.1,88143.4,88409.5,90242.9,94133.4,96619.5
fanout,0,160,187,"n23m0236.hpc.itc.rwth-aachen.de",1,4194304,50,82408.3,86083.5,87328.7,87786.3,89006.5,92070.3,94567.3
fanout,0,160,188,"n23m0236.hpc.itc.rwth-aachen.de",1,4194304,50,82930.9,86882.9,88110.8,88820.8,89977,93812.7,96528.1
fanout,0,160,189,"n23m0236.hpc.itc.rwth-aachen.de",1,4194304,50,83895.8,87588.6,88745.5,89195.2,90476.9,94694.2,96740.8
fanout,0,160,190,"n23m0236.hpc.itc.rwth-aachen.de",1,4194304,50,84711.3,87827.5,89028,89301.7,90802.3,93456.1,96307.6
full_duplex,0,160,1,"n23m0223.hpc.itc.rwth-aachen.de",0,4194304,50,257231,259854,260360,260634,261129,263193,266586
full_duplex,0,160,2,"n23m0223.hpc.itc.rwth-aachen.de",0,4194304,50,256695,259313,259831,260067,260581,262567,265355
full_duplex,0,160,3,"n23m0223.hpc.itc.rwth-aachen.de",0,4194304,50,256018,258162,258990,259116,259804,262022,262969
full_duplex,0,160,4,"n23m0223.hpc.itc.rwth-aachen.de",0,4194304,50,219277,257323,257835,256550,258545,260266,261357
full_duplex,0,160,5,"n23m0223.hpc.itc.rwth-aachen.de",0,4194304,50,163478,164639,253713,213166,256127,257588,258490
full_duplex,0,160,6,"n23m0223.hpc.itc.rwth-aachen.de",0,4194304,50,157923,163700,164417,164283,165079,165668,167145
full_duplex,0,160,8,"n23m0223.hpc.itc.rwth-aachen.de",0,4194304,50,127723,164468,165174,163724,165707,166309,167802
full_duplex,0,160,9,"n23m0223.hpc.itc.rwth-aachen.de",0,4194304,50,128867,164928,165611,165927,166138,167090,251878
full_duplex,0,160,10,"n23m0223.hpc.itc.rwth-aachen.de",0,4194304,50,130112,165402,166088,164709,166567,167180,168642
full_duplex,0,160,11,"n23m0223.hpc.itc.rwth-aachen.de",0,4194304,50,131340,165903,166563,165236,167093,167764,169110
full_duplex,0,160,12,"n23m0223.hpc.itc.rwth-aachen.de",0,4194304,50,132413,166310,167026,165726,167601,168188,169660
full_duplex,0,160,14,"n23m0223.hpc.itc.rwth-aachen.de",0,4194304,50,133697,166830,167502,166220,167952,168692,170196
full_duplex,0,160,15,"n23m0223.hpc.itc.rwth-aachen.de",0,4194304,50,135538,167267,167966,168431,168406,169187,255305
full_duplex,0,160,16,"n23m0223.hpc.itc.rwth-aachen.de",0,4194304,50,137203,167753,168440,167226,168880,169681,170645
full_duplex,0,160,17,"n23m0223.hpc.itc.rwth-aachen.de",0,4194304,50,138386,168191,168899,167724,169342,170184,171107
full_duplex,0,160,18,"n23m0223.hpc.itc.rwth-aachen.de",0,4194304,50,140585,168647,169387,168251,169785,170688,171586
full_duplex,0,160,20,"n23m0223.hpc.itc.rwth-aachen.de",0,4194304,50,142165,169116,169885,169036,170263,171179,172088
full_duplex,0,160,21,"n23m0223.hpc.itc.rwth-aachen.de",0,4194304,50,142569,169605,170344,170852,170835,171912,249765
full_duplex,0,160,22,"n23m0223.hpc.itc.rwth-aachen.de",0,4194304,50,144778,170063,170789,169771,171207,172181,173091
full_duplex,0,160,23,"n23m0223.hpc.itc.rwth-aachen.de",0,4194304,50,146230,170617,171257,173481,171785,173249,252537
full_duplex,0,160,24,"n23m0223.hpc.itc.rwth-aachen.de",0,4194304,50,148752,171029,171752,172559,172164,173184,259699
full_duplex,0,160,25,"n23m0223.hpc.itc.rwth-aachen.de",0,4194304,50,151012,171562,172280,173049,172757,174119,253079
full_duplex,0,160,27,"n23m0223.hpc.itc.rwth-aachen.de",0,4194304,50,152305,172060,172773,173566,173242,174456,253415
full_duplex,0,160,28,"n23m0223.hpc.itc.rwth-aachen.de",0,4194304,50,153873,172529,173215,172469,173667,174639,175317
full_duplex,0,160,29,"n23m0223.hpc.itc.rwth-aachen.de",0,4194304,50,154959,172980,173710,174573,174164,175152,253771
full_duplex,0,160,30,"n23m0223.hpc.itc.rwth-aachen.de",0,4194304,50,157235,173455,174244,175185,174727,175778,257099
full_duplex,0,160,31,"n23m0223.hpc.itc.rwth-aachen.de",0,4194304,50,158916,173987,174767,175695,175213,176306,252703
full_duplex,0,160,33,"n23m0223.hpc.itc.rwth-aachen.de",0,4194304,50,160197,174446,175255,176234,175755,176787,254039
full_duplex,0,160,34,"n23m0223.hpc.itc.rwth-aachen.de",0,4194304,50,161577,174919,175731,179867,176272,217218,254145
full_duplex,0,160,35,"n23m0223.hpc.itc.rwth-aachen.de",0,4194304,50,163054,175382,176124,175708,176699,177702,178329
full_duplex,0,160,36,"n23m0223.hpc.itc.rwth-aachen.de",0,4194304,50,165509,175885,176657,179427,177288,178697,257489
full_duplex,0,160,37,"n23m0223.hpc.itc.rwth-aachen.de",0,4194304,50,166418,176574,177386,189285,178397,254796,259907
full_duplex,0,160,39,"n23m0223.hpc.itc.rwth-aachen.de",0,4194304,50,168061,177007,177723,183949,178455,254869,256609
full_duplex,0,160,40,"n23m0223.hpc.itc.rwth-aachen.de",0,4194304,50,169718,177514,178227,182270,178830,214940,254114
full_duplex,0,160,41,"n23m0223.hpc.itc.rwth-aachen.de",0,4194304,50,170994,178114,178924,184486,179566,251713,255126
full_duplex,0,160,42,"n23m0223.hpc.itc.rwth-aachen.de",0,4194304,50,172082,178523,179248,179055,179881,180776,181586
full_duplex,0,160,43,"n23m0223.hpc.itc.rwth-aachen.de",0,4194304,50,174202,179131,179820,182681,180466,181893,256839
full_duplex,0,160,44,"n23m0223.hpc.itc.rwth-aachen.de",0,4194304,50,175530,179577,180420,187310,181153,251821,254456
full_duplex,0,160,46,"n23m0223.hpc.itc.rwth-aachen.de",0,4194304,50,176570,180141,180871,185140,181595,221141,255441
full_duplex,0,160,47,"n23m0223.hpc.itc.rwth-aachen.de",0,4194304,50,178253,180700,181337,182869,181990,183035,258885
full_duplex,0,160,48,"n23m0223.hpc.itc.rwth-aachen.de",0,4194304,50,179399,181494,182265,194361,183459,258730,259612
full_duplex,0,160,49,"n23m0223.hpc.itc.rwth-aachen.de",0,4194304,50,181278,182188,182994,197619,184143,257890,261054
full_duplex,0,160,50,"n23m0223.hpc.itc.rwth-aachen.de",0,4194304,50,181479,183169,183749,196419,185010,255104,258205
full_duplex,0,160,52,"n23m0223.hpc.itc.rwth-aachen.de",0,4194304,50,182370,183803,184264,185859,185063,185985,258337
full_duplex,0,160,53,"n23m0223.hpc.itc.rwth-aachen.de",0,4194304,50,183279,184707,185287,196235,186708,255166,257117
full_duplex,0,160,54,"n23m0223.hpc.itc.rwth-aachen.de",0,4194304,50,184165,185587,186167,194310,187241,253825,257870
full_duplex,0,160,55,"n23m0223.hpc.itc.rwth-aachen.de",0,4194304,50,185094,186136,186911,197104,188046,258968,260368
full_duplex,0,160,56,"n23m0223.hpc.itc.rwth-aachen.de",0,4194304,50,185983,187298,187942,201652,189319,257939,261004
full_duplex,0,160,58,"n23m0223.hpc.itc.rwth-aachen.de",0,4194304,50,186810,187871,188693,200721,190125,258233,260880
full_duplex,0,160,59,"n23m0223.hpc.itc.rwth-aachen.de",0,4194304,50,187687,188684,189401,193485,190032,224244,261064
full_duplex,0,160,60,"n23m0223.hpc.itc.rwth-aachen.de",0,4194304,50,188410,189571,190297,195568,191307,254569,258090
full_duplex,0,160,61,"n23m0223.hpc.itc.rwth-aachen.de",0,4194304,50,189420,190873,191385,202765,192747,256990,258711
full_duplex,0,160,62,"n23m0223.hpc.itc.rwth-aachen.de",0,4194304,50,189737,191234,192045,202352,193525,258533,266508
full_duplex,0,160,63,"n23m0223.hpc.itc.rwth-aachen.de",0,4194304,50,190631,192530,193114,207868,195881,257523,259917
full_duplex,0,160,65,"n23m0223.hpc.itc.rwth-aachen.de",0,4194304,50,191555,192813,193698,205893,195200,259249,261231
full_duplex,0,160,66,"n23m0223.hpc.itc.rwth-aachen.de",0,4194304,50,190417,193589,194541,199466,195252,257190,258101
full_duplex,0,160,67,"n23m0223.hpc.itc.rwth-aachen.de",0,4194304,50,191292,194506,195383,203686,196758,256273,257993
full_duplex,0,160,68,"n23m0223.hpc.itc.rwth-aachen.de",0,4194304,50,192266,195448,196290,201880,197140,254566,258985
full_duplex,0,160,69,"n23m0223.hpc.itc.rwth-aachen.de",0,4194304,50,193134,196080,196930,198197,197468,200130,257635
full_duplex,0,160,71,"n23m0223.hpc.itc.rwth-aachen.de",0,4194304,50,194001,196975,197964,202726,198836,254772,258403
full_duplex,0,160,72,"n23m0223.hpc.itc.rwth-aachen.de",0,4194304,50,194898,197984,198856,208005,200568,257421,258954
full_duplex,0,160,73,"n23m0223.hpc.itc.rwth-aachen.de",0,4194304,50,195830,198821,199600,207553,200682,257306,258459
full_duplex,0,160,74,"n23m0223.hpc.itc.rwth-aachen.de",0,4194304,50,196714,199799,200558,210792,202196,258283,260282
full_duplex,0,160,75,"n23m0223.hpc.itc.rwth-aachen.de",0,4194304,50,198908,200627,201469,210341,203041,257870,260741
full_duplex,0,160,77,"n23m0223.hpc.itc.rwth-aachen.de",0,4194304,50,198394,201469,202257,207950,203283,256812,261406
full_duplex,0,160,78,"n23m0223.hpc.itc.rwth-aachen.de",0,4194304,50,199228,202403,203233,210706,204646,257613,258901
full_duplex,0,160,79,"n23m0223.hpc.itc.rwth-aachen.de",0,4194304,50,200170,203277,204001,207061,204896,232292,258298
full_duplex,0,160,80,"n23m0223.hpc.itc.rwth-aachen.de",0,4194304,50,201092,204228,204954,211601,206076,256524,261134
full_duplex,0,160,81,"n23m0223.hpc.itc.rwth-aachen.de",0,4194304,50,202009,205108,205947,211995,207202,257280,260390
full_duplex,0,160,82,"n23m0223.hpc.itc.rwth-aachen.de",0,4194304,50,202940,205958,206810,213834,208220,257332,259194
full_duplex,0,160,84,"n23m0223.hpc.itc.rwth-aachen.de",0,4194304,50,205580,206931,207871,219225,212026,257610,259376
full_duplex,0,160,85,"n23m0223.hpc.itc.rwth-aachen.de",0,4194304,50,204409,207721,208427,214990,209942,255901,257716
full_duplex,0,160,86,"n23m0223.hpc.itc.rwth-aachen.de",0,4194304,50,205294,208452,209157,213892,210292,255419,260474
full_duplex,0,160,87,"n23m0223.hpc.itc.rwth-aachen.de",0,4194304,50,206140,209475,210132,216207,211410,256873,259249
full_duplex,0,160,88,"n23m0223.hpc.itc.rwth-aachen.de",0,4194304,50,207055,210354,211122,216459,212404,256264,257683
full_duplex,0,160,90,"n23m0223.hpc.itc.rwth-aachen.de",0,4194304,50,208004,211236,212036,215597,213198,253106,256142
full_duplex,0,160,91,"n23m0223.hpc.itc.rwth-aachen.de",0,4194304,50,208947,212438,213097,222844,217391,256727,257411
full_duplex,0,160,92,"n23m0223.hpc.itc.rwth-aachen.de",0,4194304,50,209881,212648,213608,217728,214535,255159,256203
full_duplex,0,160,93,"n23m0223.hpc.itc.rwth-aachen.de",0,4194304,50,210862,213606,214431,217665,215247,253344,257091
full_duplex,0,160,94,"n23m0223.hpc.itc.rwth-aachen.de",0,4194304,50,212164,214879,215651,223368,217479,256137,258301
full_duplex,0,160,96,"n23m0236.hpc.itc.rwth-aachen.de",1,4194304,50,212718,215837,216601,222407,218111,256523,259784
full_duplex,0,160,97,"n23m0236.hpc.itc.rwth-aachen.de",1,4194304,50,214067,216968,217576,222980,218649,257068,259990
full_duplex,0,160,98,"n23m0236.hpc.itc.rwth-aachen.de",1,4194304,50,214307,217420,218156,222806,219552,256104,261490
full_duplex,0,160,99,"n23m0236.hpc.itc.rwth-aachen.de",1,4194304,50,216641,218168,218836,225578,220477,257477,259456
full_duplex,0,160,100,"n23m0236.hpc.itc.rwth-aachen.de",1,4194304,50,216275,218901,219750,228507,243735,256608,257555
full_duplex,0,160,102,"n23m0236.hpc.itc.rwth-aachen.de",1,4194304,50,216300,219102,220083,227550,226220,255248,258672
full_duplex,0,160,103,"n23m0236.hpc.itc.rwth-aachen.de",1,4194304,50,214721,219240,220841,231557,251079,256964,257573
full_duplex,0,160,104,"n23m0236.hpc.itc.rwth-aachen.de",1,4194304,50,214987,219135,220005,227896,227020,256595,258598
full_duplex,0,160,105,"n23m0236.hpc.itc.rwth-aachen.de",1,4194304,50,215716,220569,222638,235409,252887,257911,260134
full_duplex,0,160,106,"n23m0236.hpc.itc.rwth-aachen.de",1,4194304,50,219139,222111,224095,234904,250636,256141,258550
full_duplex,0,160,108,"n23m0236.hpc.itc.rwth-aachen.de",1,4194304,50,217410,221750,223474,232850,248623,257555,259132
full_duplex,0,160,109,"n23m0236.hpc.itc.rwth-aachen.de",1,4194304,50,217288,221541,222411,230388,245549,254437,258166
full_duplex,0,160,110,"n23m0236.hpc.itc.rwth-aachen.de",1,4194304,50,217969,221404,222404,227619,224218,250176,258061
full_duplex,0,160,111,"n23m0236.hpc.itc.rwth-aachen.de",1,4194304,50,218323,221667,222807,228420,224550,257274,259706
full_duplex,0,160,112,"n23m0236.hpc.itc.rwth-aachen.de",1,4194304,50,218605,222115,223050,230616,231630,258061,260656
full_duplex,0,160,114,"n23m0236.hpc.itc.rwth-aachen.de",1,4194304,50,218588,221907,223291,228521,224799,255631,258574
full_duplex,0,160,115,"n23m0236.hpc.itc.rwth-aachen.de",1,4194304,50,219477,222998,223997,229057,226163,256638,261049
full_duplex,0,160,116,"n23m0236.hpc.itc.rwth-aachen.de",1,4194304,50,219435,222578,223860,228579,225620,256731,258737
full_duplex,0,160,117,"n23m0236.hpc.itc.rwth-aachen.de",1,4194304,50,220633,223238,224619,228250,226091,254213,257147
full_duplex,0,160,118,"n23m0236.hpc.itc.rwth-aachen.de",1,4194304,50,221128,224005,225420,231862,233425,256794,259719
full_duplex,0,160,120,"n23m0236.hpc.itc.rwth-aachen.de",1,4194304,50,222570,224574,225948,233683,248500,258411,259755
full_duplex,0,160,121,"n23m0236.hpc.itc.rwth-aachen.de",1,4194304,50,221626,224309,225756,231834,240372,254720,258859
full_duplex,0,160,122,"n23m0236.hpc.itc.rwth-aachen.de",1,4194304,50,222684,225290,226491,233299,244516,255520,256552
full_duplex,0,160,123,"n23m0236.hpc.itc.rwth-aachen.de",1,4194304,50,220709,225014,225876,230490,228196,252981,257625
full_duplex,0,160,124,"n23m0236.hpc.itc.rwth-aachen.de",1,4194304,50,221716,226035,226805,232544,233851,257030,260657
full_duplex,0,160,126,"n23m0236.hpc.itc.rwth-aachen.de",1,4194304,50,222298,226814,227795,234776,248205,256314,260682
full_duplex,0,160,127,"n23m0236.hpc.itc.rwth-aachen.de",1,4194304,50,223472,226360,227822,236299,250351,258207,259868
full_duplex,0,160,128,"n23m0236.hpc.itc.rwth-aachen.de",1,4194304,50,224072,227046,228089,233680,238044,254613,259096
full_duplex,0,160,129,"n23m0236.hpc.itc.rwth-aachen.de",1,4194304,50,224742,227437,228267,233071,231556,253560,258654
full_duplex,0,160,130,"n23m0236.hpc.itc.rwth-aachen.de",1,4194304,50,222072,227848,229037,235609,245154,256204,259667
full_duplex,0,160,132,"n23m0236.hpc.itc.rwth-aachen.de",1,4194304,50,222570,227915,229494,233509,238615,249976,256095
full_duplex,0,160,133,"n23m0236.hpc.itc.rwth-aachen.de",1,4194304,50,223392,228882,230177,236210,249025,255038,257821
full_duplex,0,160,134,"n23m0236.hpc.itc.rwth-aachen.de",1,4194304,50,223757,228332,229533,231993,230779,251072,255195
full_duplex,0,160,135,"n23m0236.hpc.itc.rwth-aachen.de",1,4194304,50,224042,228802,230457,234429,232465,256078,259669
full_duplex,0,160,136,"n23m0236.hpc.itc.rwth-aachen.de",1,4194304,50,224663,229671,231276,236815,246895,256349,258040
full_duplex,0,160,138,"n23m0236.hpc.itc.rwth-aachen.de",1,4194304,50,224952,230153,231327,236242,241262,255184,258365
full_duplex,0,160,139,"n23m0236.hpc.itc.rwth-aachen.de",1,4194304,50,225531,229964,231776,237127,244898,256693,258032
full_duplex,0,160,140,"n23m0236.hpc.itc.rwth-aachen.de",1,4194304,50,225861,230560,232241,237195,246854,255677,261762
full_duplex,0,160,141,"n23m0236.hpc.itc.rwth-aachen.de",1,4194304,50,226414,231403,233139,240044,251069,256940,258627
full_duplex,0,160,142,"n23m0236.hpc.itc.rwth-aachen.de",1,4194304,50,226825,232014,233541,238844,247648,256384,259994
full_duplex,0,160,144,"n23m0236.hpc.itc.rwth-aachen.de",1,4194304,50,226964,231542,232735,236478,242904,251363,255775
full_duplex,0,160,145,"n23m0236.hpc.itc.rwth-aachen.de",1,4194304,50,227543,232025,233301,236095,235120,253609,255389
full_duplex,0,160,146,"n23m0236.hpc.itc.rwth-aachen.de",1,4194304,50,227510,231920,233407,238035,246482,256569,258275
full_duplex,0,160,147,"n23m0236.hpc.itc.rwth-aachen.de",1,4194304,50,228354,232173,233730,236242,235398,252006,257167
full_duplex,0,160,148,"n23m0236.hpc.itc.rwth-aachen.de",1,4194304,50,228305,232312,233659,236851,235979,253252,256486
full_duplex,0,160,150,"n23m0236.hpc.itc.rwth-aachen.de",1,4194304,50,228910,233550,234630,238795,243339,256778,258470
full_duplex,0,160,151,"n23m0236.hpc.itc.rwth-aachen.de",1,4194304,50,229685,233885,235279,238951,243679,255293,260359
full_duplex,0,160,152,"n23m0236.hpc.itc.rwth-aachen.de",1,4194304,50,229643,234109,235238,239515,246804,255566,257808
full_duplex,0,160,153,"n23m0236.hpc.itc.rwth-aachen.de",1,4194304,50,230645,234542,235741,238656,237191,255359,258156
full_duplex,0,160,154,"n23m0236.hpc.itc.rwth-aachen.de",1,4194304,50,230410,234133,235748,238378,238110,255347,260155
full_duplex,0,160,156,"n23m0236.hpc.itc.rwth-aachen.de",1,4194304,50,230755,234667,236425,239109,241672,252870,255293
full_duplex,0,160,157,"n23m0236.hpc.itc.rwth-aachen.de",1,4194304,50,231360,235418,237067,239924,242133,254687,256376
full_duplex,0,160,158,"n23m0236.hpc.itc.rwth-aachen.de",1,4194304,50,231549,235321,237243,241407,247826,258162,263180
full_duplex,0,160,159,"n23m0236.hpc.itc.rwth-aachen.de",1,4194304,50,231837,236212,238087,246311,250577,257275,458111
full_duplex,0,160,160,"n23m0236.hpc.itc.rwth-aachen.de",1,4194304,50,231889,236583,238319,241483,246378,255846,264665
full_duplex,0,160,162,"n23m0236.hpc.itc.rwth-aachen.de",1,4194304,50,232528,236904,238590,240623,243804,251259,254804
full_duplex,0,160,163,"n23m0236.hpc.itc.rwth-aachen.de",1,4194304,50,233178,238543,239549,242963,248349,255233,260636
full_duplex,0,160,164,"n23m0236.hpc.itc.rwth-aachen.de",1,4194304,50,233469,237316,239666,242651,250239,256181,264769
full_duplex,0,160,165,"n23m0236.hpc.itc.rwth-aachen.de",1,4194304,50,233981,238117,239862,241877,245244,253310,257054
full_duplex,0,160,166,"n23m0236.hpc.itc.rwth-aachen.de",1,4194304,50,234149,238472,240392,242835,247085,256522,258328
full_duplex,0,160,168,"n23m0236.hpc.itc.rwth-aachen.de",1,4194304,50,234387,238400,240735,242932,248403,255470,256606
full_duplex,0,160,169,"n23m0236.hpc.itc.rwth-aachen.de",1,4194304,50,235120,239730,241982,249356,252631,256989,463711
full_duplex,0,160,170,"n23m0236.hpc.itc.rwth-aachen.de",1,4194304,50,235594,239767,242692,244799,250678,254353,255534
full_duplex,0,160,171,"n23m0236.hpc.itc.rwth-aachen.de",1,4194304,50,235719,240551,242467,244973,248697,256914,264978
full_duplex,0,160,172,"n23m0236.hpc.itc.rwth-aachen.de",1,4194304,50,236117,241076,243091,245434,250766,255921,265375
full_duplex,0,160,174,"n23m0236.hpc.itc.rwth-aachen.de",1,4194304,50,236513,241533,243320,245582,250043,254794,257857
full_duplex,0,160,175,"n23m0236.hpc.itc.rwth-aachen.de",1,4194304,50,236866,241953,243581,246012,250572,257215,258742
full_duplex,0,160,176,"n23m0236.hpc.itc.rwth-aachen.de",1,4194304,50,237540,242769,244487,246437,250385,256560,258723
full_duplex,0,160,177,"n23m0236.hpc.itc.rwth-aachen.de",1,4194304,50,237411,240789,243676,244980,248578,256637,258542
full_duplex,0,160,178,"n23m0236.hpc.itc.rwth-aachen.de",1,4194304,50,237599,242440,244599,246347,249606,257313,258107
full_duplex,0,160,180,"n23m0236.hpc.itc.rwth-aachen.de",1,4194304,50,238035,241442,243938,245395,246372,257234,265738
full_duplex,0,160,181,"n23m0236.hpc.itc.rwth-aachen.de",1,4194304,50,238329,241450,244195,244843,245711,252925,265211
full_duplex,0,160,182,"n23m0236.hpc.itc.rwth-aachen.de",1,4194304,50,238418,241952,245126,246358,248813,258175,261320
full_duplex,0,160,183,"n23m0236.hpc.itc.rwth-aachen.de",1,4194304,50,239162,243981,246708,248624,253665,259396,260531
full_duplex,0,160,184,"n23m0236.hpc.itc.rwth-aachen.de",1,4194304,50,239271,243340,246679,248049,251920,258119,260164
full_duplex,0,160,186,"n23m0236.hpc.itc.rwth-aachen.de",1,4194304,50,239802,244928,246860,248043,250316,257589,260865
full_duplex,0,160,187,"n23m0236.hpc.itc.rwth-aachen.de",1,4194304,50,239776,244445,246394,247218,248500,256905,262244
full_duplex,0,160,188,"n23m0236.hpc.itc.rwth-aachen.de",1,4194304,50,240881,245585,247521,248483,250174,257569,263290
full_duplex,0,160,189,"n23m0236.hpc.itc.rwth-aachen.de",1,4194304,50,241492,244781,247644,248102,249339,255983,264544
full_duplex,0,160,190,"n23m0236.hpc.itc.rwth-aachen.de",1,4194304,50,241977,246218,248659,249074,251018,258674,264651
immediate_response,0,160,1,"n23m0223.hpc.itc.rwth-aachen.de",0,4194304,50,262638,266553,269050,268834,270309,273127,273913
immediate_response,0,160,2,"n23m0223.hpc.itc.rwth-aachen.de",0,4194304,50,261458,265374,267873,267619,269085,271867,272690
immediate_response,0,160,3,"n23m0223.hpc.itc.rwth-aachen.de",0,4194304,50,260222,264020,266599,266272,267665,270473,271354
immediate_response,0,160,4,"n23m0223.hpc.itc.rwth-aachen.de",0,4194304,50,217848,221198,224472,234386,256680,266818,268757
immediate_response,0,160,5,"n23m0223.hpc.itc.rwth-aachen.de",0,4194304,50,161518,163349,165800,172764,167631,254560,260252
immediate_response,0,160,6,"n23m0223.hpc.itc.rwth-aachen.de",0,4194304,50,4953.86,5123.44,5208.62,43254.5,5408.37,208630,220879
immediate_response,0,160,8,"n23m0223.hpc.itc.rwth-aachen.de",0,4194304,50,5541.62,6211.5,6373.15,30351.4,6561.03,164239,232800
immediate_response,0,160,9,"n23m0223.hpc.itc.rwth-aachen.de",0,4194304,50,6645.82,7378.08,7556.81,36063.1,7821.02,196004,226594
immediate_response,0,160,10,"n23m0223.hpc.itc.rwth-aachen.de",0,4194304,50,7222.2,8538.37,8731.89,26588,8982.91,173469,220594
immediate_response,0,160,11,"n23m0223.hpc.itc.rwth-aachen.de",0,4194304,50,8426.16,9707.16,9900.46,29843.6,10239.3,165735,222967
immediate_response,0,160,12,"n23m0223.hpc.itc.rwth-aachen.de",0,4194304,50,9629.01,10867.1,11139.8,42648.4,11537.3,168091,196144
immediate_response,0,160,14,"n23m0223.hpc.itc.rwth-aachen.de",0,4194304,50,10827.2,11819.1,12259.8,31607.9,12588.6,165064,204313
immediate_response,0,160,15,"n23m0223.hpc.itc.rwth-aachen.de",0,4194304,50,12027.4,12963.1,13429.4,45557.2,13907.1,179173,210298
immediate_response,0,160,16,"n23m0223.hpc.itc.rwth-aachen.de",0,4194304,50,13238.9,14109.4,14560.3,43918,14900.4,186010,202558
immediate_response,0,160,17,"n23m0223.hpc.itc.rwth-aachen.de",0,4194304,50,14605.4,15199.7,15749,59488.3,125921,200431,217211
immediate_response,0,160,18,"n23m0223.hpc.itc.rwth-aachen.de",0,4194304,50,15179,16380,16843.8,47933.4,17257,183142,202575
immediate_response,0,160,20,"n23m0223.hpc.itc.rwth-aachen.de",0,4194304,50,16389.7,17336.5,17925.4,32265.3,18230.9,187216,218743
immediate_response,0,160,21,"n23m0223.hpc.itc.rwth-aachen.de",0,4194304,50,17550.4,18531.5,19141.9,38230.8,19486.2,178880,212599
immediate_response,0,160,22,"n23m0223.hpc.itc.rwth-aachen.de",0,4194304,50,18690.8,19763.3,20333.9,45697.6,20698.2,212409,223787
immediate_response,0,160,23,"n23m0223.hpc.itc.rwth-aachen.de",0,4194304,50,19885.4,20847.8,21532.2,69908,157584,215245,228394
immediate_response,0,160,24,"n23m0223.hpc.itc.rwth-aachen.de",0,4194304,50,20743.3,21844.6,22487.9,60783.8,23276.9,216163,225127
immediate_response,0,160,25,"n23m0223.hpc.itc.rwth-aachen.de",0,4194304,50,21861.1,22872.8,23586.9,52078.6,24115.8,200460,217032
immediate_response,0,160,27,"n23m0223.hpc.itc.rwth-aachen.de",0,4194304,50,22990.7,24089.6,24626.3,52038.9,25262.1,185065,215236
immediate_response,0,160,28,"n23m0223.hpc.itc.rwth-aachen.de",0,4194304,50,23805.8,25105.9,25700,38578.9,26222.2,169173,224666
immediate_response,0,160,29,"n23m0223.hpc.itc.rwth-aachen.de",0,4194304,50,25216.1,26432.1,26983.9,69391.3,161709,202245,217698
immediate_response,0,160,30,"n23m0223.hpc.itc.rwth-aachen.de",0,4194304,50,25558.6,27384.2,28011.2,38609.5,28445.9,122358,216758
immediate_response,0,160,31,"n23m0223.hpc.itc.rwth-aachen.de",0,4194304,50,26644.1,28577.9,29383.2,67854.9,30195.1,203839,218773
immediate_response,0,160,33,"n23m0223.hpc.itc.rwth-aachen.de",0,4194304,50,27756.8,29511.1,30195.8,44973.3,30744.2,174627,204848
immediate_response,0,160,34,"n23m0223.hpc.itc.rwth-aachen.de",0,4194304,50,28790.4,30607.6,31311.2,60599.2,32026.8,191285,213588
immediate_response,0,160,35,"n23m0223.hpc.itc.rwth-aachen.de",0,4194304,50,29881.9,31845.1,32524.3,58635.8,33160.9,181201,216404
immediate_response,0,160,36,"n23m0223.hpc.itc.rwth-aachen.de",0,4194304,50,31059.6,32981.6,33752.3,61550,34366.2,180949,207068
immediate_response,0,160,37,"n23m0223.hpc.itc.rwth-aachen.de",0,4194304,50,32582.9,34453.2,35017.2,71699.2,127498,193168,217836
immediate_response,0,160,39,"n23m0223.hpc.itc.rwth-aachen.de",0,4194304,50,33331.9,35050.8,35826.3,56436.5,36417.4,193837,203778
immediate_response,0,160,40,"n23m0223.hpc.itc.rwth-aachen.de",0,4194304,50,34529.5,36439.4,37135,71103.4,38088.3,206237,233880
immediate_response,0,160,41,"n23m0223.hpc.itc.rwth-aachen.de",0,4194304,50,35682.9,37476.7,38259.6,53681,38708.4,185802,229914
immediate_response,0,160,42,"n23m0223.hpc.itc.rwth-aachen.de",0,4194304,50,36827.7,38756,39479.3,80151.8,126243,225290,247964
immediate_response,0,160,43,"n23m0223.hpc.itc.rwth-aachen.de",0,4194304,50,38236.1,40146.5,40775,70999.2,41907.6,197397,215986
immediate_response,0,160,44,"n23m0223.hpc.itc.rwth-aachen.de",0,4194304,50,38722.7,41499.9,42520.5,92133.8,171247,209476,261059
immediate_response,0,160,46,"n23m0223.hpc.itc.rwth-aachen.de",0,4194304,50,39959.2,42519.1,43558.8,75482.2,44316.2,204757,230913
immediate_response,0,160,47,"n23m0223.hpc.itc.rwth-aachen.de",0,4194304,50,41219.5,43530.2,45013.1,90906.3,160625,215379,229661
immediate_response,0,160,48,"n23m0223.hpc.itc.rwth-aachen.de",0,4194304,50,43267.4,44880.4,46177.4,80830.9,47504.7,217722,234896
immediate_response,0,160,49,"n23m0223.hpc.itc.rwth-aachen.de",0,4194304,50,44274.7,46431.1,47915.8,115027,193045,257833,264476
immediate_response,0,160,50,"n23m0223.hpc.itc.rwth-aachen.de",0,4194304,50,45090.8,47942.8,49416.7,84847.8,50314.6,240533,264690
immediate_response,0,160,52,"n23m0223.hpc.itc.rwth-aachen.de",0,4194304,50,46866.2,49375.1,50829.4,74105.9,51751.1,261909,268491
immediate_response,0,160,53,"n23m0223.hpc.itc.rwth-aachen.de",0,4194304,50,48629.1,51307.3,53078.3,105088,177190,258730,264314
immediate_response,0,160,54,"n23m0223.hpc.itc.rwth-aachen.de",0,4194304,50,50370.2,52589.1,54255.7,84294,55263.7,247170,264012
immediate_response,0,160,55,"n23m0223.hpc.itc.rwth-aachen.de",0,4194304,50,52431.9,54402.4,56214.2,102265,170647,229656,261889
immediate_response,0,160,56,"n23m0223.hpc.itc.rwth-aachen.de",0,4194304,50,53074.6,56425.5,57915.4,101959,169685,248802,262672
immediate_response,0,160,58,"n23m0223.hpc.itc.rwth-aachen.de",0,4194304,50,54752,57324.3,59071.2,93700.3,60535.1,238494,258834
immediate_response,0,160,59,"n23m0223.hpc.itc.rwth-aachen.de",0,4194304,50,56472,59070.6,60533.3,95698.2,62069.5,252863,262729
immediate_response,0,160,60,"n23m0223.hpc.itc.rwth-aachen.de",0,4194304,50,58176.2,61066.2,62572.3,100672,64152.5,259066,267081
immediate_response,0,160,61,"n23m0223.hpc.itc.rwth-aachen.de",0,4194304,50,59921.4,62501.2,64239.3,97125,65412.4,256489,263254
immediate_response,0,160,62,"n23m0223.hpc.itc.rwth-aachen.de",0,4194304,50,62022.3,64236.2,66032.4,109734,167534,254614,263604
immediate_response,0,160,63,"n23m0223.hpc.itc.rwth-aachen.de",0,4194304,50,63084.5,65894.9,67779.8,106821,158248,255625,263370
immediate_response,0,160,65,"n23m0223.hpc.itc.rwth-aachen.de",0,4194304,50,64824.2,67283,68397.1,88630.2,69754.8,231135,259361
immediate_response,0,160,66,"n23m0223.hpc.itc.rwth-aachen.de",0,4194304,50,66579.2,69534.9,70871.6,103861,72097,253300,258207
immediate_response,0,160,67,"n23m0223.hpc.itc.rwth-aachen.de",0,4194304,50,68057.3,70731.5,72666.4,112949,161501,255021,257501
immediate_response,0,160,68,"n23m0223.hpc.itc.rwth-aachen.de",0,4194304,50,69767,71724.4,73961.3,103067,75824.1,230860,266911
immediate_response,0,160,69,"n23m0223.hpc.itc.rwth-aachen.de",0,4194304,50,71600.5,74189,75716,115216,137465,260351,265309
immediate_response,0,160,71,"n23m0223.hpc.itc.rwth-aachen.de",0,4194304,50,72647.5,76013.2,77535.9,113022,157777,250551,258375
immediate_response,0,160,72,"n23m0223.hpc.itc.rwth-aachen.de",0,4194304,50,74395.2,76692,78412.9,110254,80539.2,260814,267080
immediate_response,0,160,73,"n23m0223.hpc.itc.rwth-aachen.de",0,4194304,50,76153.2,78427,80161.8,116910,171083,258925,266803
immediate_response,0,160,74,"n23m0223.hpc.itc.rwth-aachen.de",0,4194304,50,78040.3,80272.5,83290.7,135397,196743,258780,262927
immediate_response,0,160,75,"n23m0223.hpc.itc.rwth-aachen.de",0,4194304,50,79898.9,82934.7,85460.3,139164,199597,262798,265214
immediate_response,0,160,77,"n23m0223.hpc.itc.rwth-aachen.de",0,4194304,50,80641.8,84088.8,85109.4,119162,153037,243162,261090
immediate_response,0,160,78,"n23m0223.hpc.itc.rwth-aachen.de",0,4194304,50,83259.1,85647,86963.4,122216,162305,253511,265762
immediate_response,0,160,79,"n23m0223.hpc.itc.rwth-aachen.de",0,4194304,50,83507,87068.6,89025.9,125206,166668,242915,261369
immediate_response,0,160,80,"n23m0223.hpc.itc.rwth-aachen.de",0,4194304,50,84399.4,87733.6,89222.5,108846,91496,222100,264733
immediate_response,0,160,81,"n23m0223.hpc.itc.rwth-aachen.de",0,4194304,50,86087.5,90176.8,91926.9,126886,163793,247486,264272
immediate_response,0,160,82,"n23m0223.hpc.itc.rwth-aachen.de",0,4194304,50,88507,91430.3,93578.8,131553,169201,260794,263736
immediate_response,0,160,84,"n23m0223.hpc.itc.rwth-aachen.de",0,4194304,50,88296.5,92751.9,93900.8,118415,96173,262018,264796
immediate_response,0,160,85,"n23m0223.hpc.itc.rwth-aachen.de",0,4194304,50,90013.6,94539.2,95978.9,135079,176622,262245,264897
immediate_response,0,160,86,"n23m0223.hpc.itc.rwth-aachen.de",0,4194304,50,92669.7,95685.1,98113.8,131175,169107,258635,261283
immediate_response,0,160,87,"n23m0223.hpc.itc.rwth-aachen.de",0,4194304,50,93140.9,97815.6,99260.4,124255,101483,259503,263999
immediate_response,0,160,88,"n23m0223.hpc.itc.rwth-aachen.de",0,4194304,50,94879.9,98958,100868,127904,103350,257043,264876
immediate_response,0,160,90,"n23m0223.hpc.itc.rwth-aachen.de",0,4194304,50,96629.7,100103,101878,125843,104289,261975,265366
immediate_response,0,160,91,"n23m0223.hpc.itc.rwth-aachen.de",0,4194304,50,98386,102275,104326,134844,169552,234477,263554
immediate_response,0,160,92,"n23m0223.hpc.itc.rwth-aachen.de",0,4194304,50,100116,103443,105761,132843,107938,248725,266898
immediate_response,0,160,93,"n23m0223.hpc.itc.rwth-aachen.de",0,4194304,50,102141,105876,108385,149654,205533,263249,264544
immediate_response,0,160,94,"n23m0223.hpc.itc.rwth-aachen.de",0,4194304,50,103183,106584,108664,140609,111168,262223,265060
immediate_response,0,160,96,"n23m0236.hpc.itc.rwth-aachen.de",1,4194304,50,207451,233141,253218,247769,258583,266082,270180
immediate_response,0,160,97,"n23m0236.hpc.itc.rwth-aachen.de",1,4194304,50,200992,226538,248255,245024,257295,266273,267223
immediate_response,0,160,98,"n23m0236.hpc.itc.rwth-aachen.de",1,4194304,50,177368,201493,206595,207690,212929,230624,259960
immediate_response,0,160,99,"n23m0236.hpc.itc.rwth-aachen.de",1,4194304,50,191722,212276,215010,214861,217159,223143,258471
immediate_response,0,160,100,"n23m0236.hpc.itc.rwth-aachen.de",1,4194304,50,223101,246639,253772,252251,259615,266355,267617
immediate_response,0,160,102,"n23m0236.hpc.itc.rwth-aachen.de",1,4194304,50,175016,232858,247959,241276,254563,263167,271836
immediate_response,0,160,103,"n23m0236.hpc.itc.rwth-aachen.de",1,4194304,50,203799,228854,240204,239807,249562,266165,269742
immediate_response,0,160,104,"n23m0236.hpc.itc.rwth-aachen.de",1,4194304,50,189569,216286,223081,225849,231768,264120,267746
immediate_response,0,160,105,"n23m0236.hpc.itc.rwth-aachen.de",1,4194304,50,189735,231705,250653,245315,258141,265646,270062
immediate_response,0,160,106,"n23m0236.hpc.itc.rwth-aachen.de",1,4194304,50,186141,226179,233593,233060,240768,256850,267145
immediate_response,0,160,108,"n23m0236.hpc.itc.rwth-aachen.de",1,4194304,50,208165,247144,255244,251945,261619,267350,269827
immediate_response,0,160,109,"n23m0236.hpc.itc.rwth-aachen.de",1,4194304,50,188836,209126,213611,215065,218910,233845,263997
immediate_response,0,160,110,"n23m0236.hpc.itc.rwth-aachen.de",1,4194304,50,190518,246308,255314,252771,262191,265162,268378
immediate_response,0,160,111,"n23m0236.hpc.itc.rwth-aachen.de",1,4194304,50,184635,230088,240502,241567,257874,264365,268052
immediate_response,0,160,112,"n23m0236.hpc.itc.rwth-aachen.de",1,4194304,50,214546,239863,253596,249385,260361,266988,271259
immediate_response,0,160,114,"n23m0236.hpc.itc.rwth-aachen.de",1,4194304,50,188157,233402,243583,243328,257236,264840,266919
immediate_response,0,160,115,"n23m0236.hpc.itc.rwth-aachen.de",1,4194304,50,201066,245854,254200,251646,259601,267840,271532
immediate_response,0,160,116,"n23m0236.hpc.itc.rwth-aachen.de",1,4194304,50,190212,237486,247521,246614,259047,266555,266883
immediate_response,0,160,117,"n23m0236.hpc.itc.rwth-aachen.de",1,4194304,50,196087,232069,245338,242817,257870,263325,270098
immediate_response,0,160,118,"n23m0236.hpc.itc.rwth-aachen.de",1,4194304,50,162168,206877,211798,211523,217448,240867,252569
immediate_response,0,160,120,"n23m0236.hpc.itc.rwth-aachen.de",1,4194304,50,187614,233182,243465,242612,253893,266466,269038
immediate_response,0,160,121,"n23m0236.hpc.itc.rwth-aachen.de",1,4194304,50,189019,245931,255207,250463,259536,265682,269539
immediate_response,0,160,122,"n23m0236.hpc.itc.rwth-aachen.de",1,4194304,50,156540,184382,187544,192383,192837,241238,254303
immediate_response,0,160,123,"n23m0236.hpc.itc.rwth-aachen.de",1,4194304,50,195489,235746,249307,246015,260454,265801,267802
immediate_response,0,160,124,"n23m0236.hpc.itc.rwth-aachen.de",1,4194304,50,173837,207925,211602,214774,221348,237552,261947
immediate_response,0,160,126,"n23m0236.hpc.itc.rwth-aachen.de",1,4194304,50,173889,227707,236921,237898,250683,267039,267927
immediate_response,0,160,127,"n23m0236.hpc.itc.rwth-aachen.de",1,4194304,50,181122,199695,204897,206610,211745,236791,252924
immediate_response,0,160,128,"n23m0236.hpc.itc.rwth-aachen.de",1,4194304,50,195232,235461,253255,247266,259753,267916,270000
immediate_response,0,160,129,"n23m0236.hpc.itc.rwth-aachen.de",1,4194304,50,179439,235187,248832,245421,259051,266360,267710
immediate_response,0,160,130,"n23m0236.hpc.itc.rwth-aachen.de",1,4194304,50,204964,238915,250572,247771,260767,267778,271607
immediate_response,0,160,132,"n23m0236.hpc.itc.rwth-aachen.de",1,4194304,50,161303,240597,253797,246159,259272,263972,268559
immediate_response,0,160,133,"n23m0236.hpc.itc.rwth-aachen.de",1,4194304,50,169176,210647,215665,215222,221461,240726,259916
immediate_response,0,160,134,"n23m0236.hpc.itc.rwth-aachen.de",1,4194304,50,199813,248144,254179,251515,261222,266268,270836
immediate_response,0,160,135,"n23m0236.hpc.itc.rwth-aachen.de",1,4194304,50,211740,235870,246962,245400,256970,265965,267604
immediate_response,0,160,136,"n23m0236.hpc.itc.rwth-aachen.de",1,4194304,50,225995,248582,256256,254325,262298,267650,268697
immediate_response,0,160,138,"n23m0236.hpc.itc.rwth-aachen.de",1,4194304,50,195021,235303,245092,244126,255582,265823,271834
immediate_response,0,160,139,"n23m0236.hpc.itc.rwth-aachen.de",1,4194304,50,213645,243829,257768,252554,262836,266517,267751
immediate_response,0,160,140,"n23m0236.hpc.itc.rwth-aachen.de",1,4194304,50,178130,213071,216109,217049,221633,236210,260384
immediate_response,0,160,141,"n23m0236.hpc.itc.rwth-aachen.de",1,4194304,50,204189,245803,250710,250422,257308,265440,268082
immediate_response,0,160,142,"n23m0236.hpc.itc.rwth-aachen.de",1,4194304,50,196517,235361,241915,241822,249238,264931,272005
immediate_response,0,160,144,"n23m0236.hpc.itc.rwth-aachen.de",1,4194304,50,199152,208806,215920,215392,219668,231504,242487
immediate_response,0,160,145,"n23m0236.hpc.itc.rwth-aachen.de",1,4194304,50,162499,192617,213982,212200,222263,251330,265766
immediate_response,0,160,146,"n23m0236.hpc.itc.rwth-aachen.de",1,4194304,50,172235,240243,253279,249130,261739,266440,268017
immediate_response,0,160,147,"n23m0236.hpc.itc.rwth-aachen.de",1,4194304,50,168243,200735,209816,209947,218011,233718,252632
immediate_response,0,160,148,"n23m0236.hpc.itc.rwth-aachen.de",1,4194304,50,178233,189834,205137,206233,214430,248883,264305
immediate_response,0,160,150,"n23m0236.hpc.itc.rwth-aachen.de",1,4194304,50,225469,248314,259145,254922,262401,268219,271564
immediate_response,0,160,151,"n23m0236.hpc.itc.rwth-aachen.de",1,4194304,50,178420,216499,227897,232152,247811,265330,269605
immediate_response,0,160,152,"n23m0236.hpc.itc.rwth-aachen.de",1,4194304,50,221712,249427,254385,253106,258734,266167,268509
immediate_response,0,160,153,"n23m0236.hpc.itc.rwth-aachen.de",1,4194304,50,177329,184777,190629,197693,207479,237445,263971
immediate_response,0,160,154,"n23m0236.hpc.itc.rwth-aachen.de",1,4194304,50,212306,236168,246398,244251,255009,265248,267888
immediate_response,0,160,156,"n23m0236.hpc.itc.rwth-aachen.de",1,4194304,50,217498,242785,253511,251182,260713,267656,269344
immediate_response,0,160,157,"n23m0236.hpc.itc.rwth-aachen.de",1,4194304,50,165381,199437,207331,206843,213480,240191,261398
immediate_response,0,160,158,"n23m0236.hpc.itc.rwth-aachen.de",1,4194304,50,165784,221686,234209,235873,250477,264994,267748
immediate_response,0,160,159,"n23m0236.hpc.itc.rwth-aachen.de",1,4194304,50,224341,242386,249011,250303,261594,267161,270370
immediate_response,0,160,160,"n23m0236.hpc.itc.rwth-aachen.de",1,4194304,50,232532,240962,246751,248549,252125,266520,267282
immediate_response,0,160,162,"n23m0236.hpc.itc.rwth-aachen.de",1,4194304,50,199721,206446,212457,215358,216638,253542,261030
immediate_response,0,160,163,"n23m0236.hpc.itc.rwth-aachen.de",1,4194304,50,235619,249838,254852,254888,260987,268530,271487
immediate_response,0,160,164,"n23m0236.hpc.itc.rwth-aachen.de",1,4194304,50,200119,239549,247361,248752,261050,268255,269523
immediate_response,0,160,165,"n23m0236.hpc.itc.rwth-aachen.de",1,4194304,50,210670,221220,241252,239075,252439,265790,270181
immediate_response,0,160,166,"n23m0236.hpc.itc.rwth-aachen.de",1,4194304,50,186770,238189,245356,244395,251126,263582,271083
immediate_response,0,160,168,"n23m0236.hpc.itc.rwth-aachen.de",1,4194304,50,207496,221894,227793,236064,258576,265481,267603
immediate_response,0,160,169,"n23m0236.hpc.itc.rwth-aachen.de",1,4194304,50,185787,248092,255669,253368,261618,264840,266606
immediate_response,0,160,170,"n23m0236.hpc.itc.rwth-aachen.de",1,4194304,50,171126,207685,215571,217692,220878,250918,261917
immediate_response,0,160,171,"n23m0236.hpc.itc.rwth-aachen.de",1,4194304,50,164055,239232,246021,244460,258994,267917,268264
immediate_response,0,160,172,"n23m0236.hpc.itc.rwth-aachen.de",1,4194304,50,179989,205061,210416,212378,217890,238363,259842
immediate_response,0,160,174,"n23m0236.hpc.itc.rwth-aachen.de",1,4194304,50,209956,248811,258492,255887,263648,267467,271317
immediate_response,0,160,175,"n23m0236.hpc.itc.rwth-aachen.de",1,4194304,50,192375,201853,206629,211096,213571,242440,257637
immediate_response,0,160,176,"n23m0236.hpc.itc.rwth-aachen.de",1,4194304,50,190949,205993,211452,215168,217075,251807,261161
immediate_response,0,160,177,"n23m0236.hpc.itc.rwth-aachen.de",1,4194304,50,195631,208438,212324,215111,216473,243042,264448
immediate_response,0,160,178,"n23m0236.hpc.itc.rwth-aachen.de",1,4194304,50,224072,251554,254057,254516,261248,267803,271536
immediate_response,0,160,180,"n23m0236.hpc.itc.rwth-aachen.de",1,4194304,50,225295,242985,248678,250349,258706,266333,271541
immediate_response,0,160,181,"n23m0236.hpc.itc.rwth-aachen.de",1,4194304,50,184272,199853,203523,207129,209305,242415,258222
immediate_response,0,160,182,"n23m0236.hpc.itc.rwth-aachen.de",1,4194304,50,207901,224476,230954,236517,256471,264792,267508
immediate_response,0,160,183,"n23m0236.hpc.itc.rwth-aachen.de",1,4194304,50,170409,240839,248069,248479,260530,267637,268736
immediate_response,0,160,184,"n23m0236.hpc.itc.rwth-aachen.de",1,4194304,50,231734,251565,256865,256396,262830,266962,268457
immediate_response,0,160,186,"n23m0236.hpc.itc.rwth-aachen.de",1,4194304,50,208698,247374,253756,252130,259147,265880,269875
immediate_response,0,160,187,"n23m0236.hpc.itc.rwth-aachen.de",1,4194304,50,167773,248897,255554,251640,260945,264887,269981
immediate_response,0,160,188,"n23m0236.hpc.itc.rwth-aachen.de",1,4194304,50,237594,253521,256618,256456,261821,266452,268607
immediate_response,0,160,189,"n23m0236.hpc.itc.rwth-aachen.de",1,4194304,50,176803,250419,257988,253016,261464,264249,266068
immediate_response,0,160,190,"n23m0236.hpc.itc.rwth-aachen.de",1,4194304,50,174852,240777,248811,247230,257663,266347,268189
incast,0,191,1,"n23m0223.hpc.itc.rwth-aachen.de",0,4194304,50,202914,207473,210490,220567,212894,217987,527281
incast,0,191,2,"n23m0223.hpc.itc.rwth-aachen.de",0,4194304,50,202270,206809,209851,219885,212287,217351,525746
incast,0,191,3,"n23m0223.hpc.itc.rwth-aachen.de",0,4194304,50,201637,206169,209146,219212,211639,216726,525013
incast,0,191,4,"n23m0223.hpc.itc.rwth-aachen.de",0,4194304,50,184612,188672,191353,197018,196823,209543,368839
incast,0,191,5,"n23m0223.hpc.itc.rwth-aachen.de",0,4194304,50,136179,141175,144700,148480,150929,178377,187954
incast,0,191,6,"n23m0223.hpc.itc.rwth-aachen.de",0,4194304,50,4989.72,5308.07,5509.47,42977.1,5924.7,172539,182526
incast,0,191,7,"n23m0223.hpc.itc.rwth-aachen.de",0,4194304,50,5642.48,5988.78,6209.99,22074.2,6431.91,140033,142050
incast,0,191,8,"n23m0223.hpc.itc.rwth-aachen.de",0,4194304,50,6367.33,6609.98,6766.42,12046.1,7015.32,7447.03,138968
incast,0,191,9,"n23m0223.hpc.itc.rwth-aachen.de",0,4194304,50,6940.54,7236.2,7395.59,10172.3,7615.82,8091.08,143263
incast,0,191,10,"n23m0223.hpc.itc.rwth-aachen.de",0,4194304,50,7556.07,7880.18,8088.17,13107.3,8318.19,8823.69,136483
incast,0,191,11,"n23m0223.hpc.itc.rwth-aachen.de",0,4194304,50,8186.13,8575.11,8748.7,22123.2,9094.03,138740,153496
incast,0,191,12,"n23m0223.hpc.itc.rwth-aachen.de",0,4194304,50,8812.78,9206.77,9423.12,19915.7,9742.46,138258,144222
incast,0,191,13,"n23m0223.hpc.itc.rwth-aachen.de",0,4194304,50,9448.21,9850.59,10016.9,18299.8,10354.7,77654.9,159784
incast,0,191,14,"n23m0223.hpc.itc.rwth-aachen.de",0,4194304,50,10077.8,10505.7,10821.8,32443.1,11505.2,153742,162749
incast,0,191,15,"n23m0223.hpc.itc.rwth-aachen.de",0,4194304,50,10691,11115.2,11409.9,19290.4,11809.1,77856.4,158966
incast,0,191,16,"n23m0223.hpc.itc.rwth-aachen.de",0,4194304,50,11339.4,11793.7,12024.1,20144.8,12516.3,84723.6,147974
incast,0,191,17,"n23m0223.hpc.itc.rwth-aachen.de",0,4194304,50,11995.6,12455.9,12711,32342.2,13387.4,152697,175978
incast,0,191,18,"n23m0223.hpc.itc.rwth-aachen.de",0,4194304,50,12635.1,13105.6,13437.4,37017.3,14710.9,144824,170415
incast,0,191,19,"n23m0223.hpc.itc.rwth-aachen.de",0,4194304,50,13275.5,13865.5,14415.1,27456.7,15136.9,142777,157019
incast,0,191,20,"n23m0223.hpc.itc.rwth-aachen.de",0,4194304,50,13928.4,14592.1,15125.5,27604.4,15865.4,138726,154409
incast,0,191,21,"n23m0223.hpc.itc.rwth-aachen.de",0,4194304,50,14666.3,15248.4,15684.1,23298.9,16301.9,80112,162079
incast,0,191,22,"n23m0223.hpc.itc.rwth-aachen.de",0,4194304,50,15263.9,15890.2,16241.7,21468.7,17020.9,18152.2,148699
incast,0,191,23,"n23m0223.hpc.itc.rwth-aachen.de",0,4194304,50,15882.8,16583.9,17110.7,30414.7,17975.9,143165,167738
incast,0,191,24,"n23m0223.hpc.itc.rwth-aachen.de",0,4194304,50,16559.5,17253.7,17582.6,23295.3,18405.6,19748.8,179391
incast,0,191,25,"n23m0223.hpc.itc.rwth-aachen.de",0,4194304,50,17123.6,17913.7,18210.1,26004.5,19240.1,87172.5,145918
incast,0,191,26,"n23m0223.hpc.itc.rwth-aachen.de",0,4194304,50,17725.1,18616,19312.2,41611.4,20869.1,150444,160386
incast,0,191,27,"n23m0223.hpc.itc.rwth-aachen.de",0,4194304,50,18347.4,19274.1,19615.2,27488.4,20680.3,85223.6,152635
incast,0,191,28,"n23m0223.hpc.itc.rwth-aachen.de",0,4194304,50,19189,19991.9,20434.3,38252,22209.6,148057,165550
incast,0,191,29,"n23m0223.hpc.itc.rwth-aachen.de",0,4194304,50,19747.7,20669.8,21126,41290.1,23077.8,149932,158726
incast,0,191,30,"n23m0223.hpc.itc.rwth-aachen.de",0,4194304,50,20370.9,21299.4,21811.8,34643.2,23066.6,143384,171828
incast,0,191,31,"n23m0223.hpc.itc.rwth-aachen.de",0,4194304,50,20994.1,21965.7,22391.9,35194.2,23725,143807,166446
incast,0,191,32,"n23m0223.hpc.itc.rwth-aachen.de",0,4194304,50,21611.5,22652.3,23371.7,38797.3,24666.9,154603,160921
incast,0,191,33,"n23m0223.hpc.itc.rwth-aachen.de",0,4194304,50,22223.3,23300.2,23747.5,37120.3,25303.3,148573,166794
incast,0,191,34,"n23m0223.hpc.itc.rwth-aachen.de",0,4194304,50,22842.3,24097.3,24728.8,45332.1,26290.8,156561,175193
incast,0,191,35,"n23m0223.hpc.itc.rwth-aachen.de",0,4194304,50,23462.3,24737.4,25139.9,32552.2,26304.9,86800.5,149131
incast,0,191,36,"n23m0223.hpc.itc.rwth-aachen.de",0,4194304,50,24110.3,25381.4,25807.9,41117.8,27843.5,147449,169692
incast,0,191,37,"n23m0223.hpc.itc.rwth-aachen.de",0,4194304,50,24756.6,26084.5,26630.3,37191.2,28273.5,149841,160449
incast,0,191,38,"n23m0223.hpc.itc.rwth-aachen.de",0,4194304,50,25493,26906.1,27355.5,36859.4,28910.4,131823,152265
incast,0,191,39,"n23m0223.hpc.itc.rwth-aachen.de",0,4194304,50,26190.2,27490.6,28318,45490.8,30626.2,152219,172892
incast,0,191,40,"n23m0223.hpc.itc.rwth-aachen.de",0,4194304,50,27409.8,28402.6,28835.5,41301.1,30521.1,141929,176995
incast,0,191,41,"n23m0223.hpc.itc.rwth-aachen.de",0,4194304,50,27449.9,29132.3,29725.2,44924.6,31349.6,153137,175397
incast,0,191,42,"n23m0223.hpc.itc.rwth-aachen.de",0,4194304,50,28212.1,29648.3,30075.7,38052.7,31915.9,99301.3,156397
incast,0,191,43,"n23m0223.hpc.itc.rwth-aachen.de",0,4194304,50,28774.5,30364.2,30973.8,51515.3,33731.6,164695,174983
incast,0,191,44,"n23m0223.hpc.itc.rwth-aachen.de",0,4194304,50,29429.1,31179,31764.5,42902.3,34043.3,137213,147962
incast,0,191,45,"n23m0223.hpc.itc.rwth-aachen.de",0,4194304,50,30095.7,32099,32694.4,41749.3,34574.8,133094,159319
incast,0,191,46,"n23m0223.hpc.itc.rwth-aachen.de",0,4194304,50,30760.8,32641.6,33714,57723,36491.2,163582,194944
incast,0,191,47,"n23m0223.hpc.itc.rwth-aachen.de",0,4194304,50,31422.7,33469.3,34236.2,47230.7,36348.1,142014,150131
incast,0,191,48,"n23m0223.hpc.itc.rwth-aachen.de",0,4194304,50,32235.7,34396,35393.5,55135.9,37869,165411,179105
incast,0,191,49,"n23m0223.hpc.itc.rwth-aachen.de",0,4194304,50,33113.5,35319.9,36417.6,56960.8,39379.3,175633,181912
incast,0,191,50,"n23m0223.hpc.itc.rwth-aachen.de",0,4194304,50,34123.2,36021.5,37123.7,49859.9,39152.2,153437,198036
incast,0,191,51,"n23m0223.hpc.itc.rwth-aachen.de",0,4194304,50,35942.4,37137.4,38258,64428.9,42129.4,171402,194084
incast,0,191,52,"n23m0223.hpc.itc.rwth-aachen.de",0,4194304,50,35701.6,37922.6,39196.3,63184.2,43282.5,172471,190380
incast,0,191,53,"n23m0223.hpc.itc.rwth-aachen.de",0,4194304,50,36592.3,39003.9,40356.8,65388.2,44127.3,176099,183926
incast,0,191,54,"n23m0223.hpc.itc.rwth-aachen.de",0,4194304,50,37402.1,39915.9,41955.1,73370.2,46438.6,190243,197922
incast,0,191,55,"n23m0223.hpc.itc.rwth-aachen.de",0,4194304,50,38253,41295.1,43641,70953.8,47417.1,180101,187135
incast,0,191,56,"n23m0223.hpc.itc.rwth-aachen.de",0,4194304,50,39099.9,42211.7,44265.9,68617.6,47873.8,177302,187410
incast,0,191,57,"n23m0223.hpc.itc.rwth-aachen.de",0,4194304,50,39996.2,43204.7,44413.1,69367.5,48049.8,169432,174585
incast,0,191,58,"n23m0223.hpc.itc.rwth-aachen.de",0,4194304,50,41424.7,44089,45986.4,64033.5,48932.7,149956,181472
incast,0,191,59,"n23m0223.hpc.itc.rwth-aachen.de",0,4194304,50,43434.8,44646,45551.1,57078.8,48386.6,152820,173708
incast,0,191,60,"n23m0223.hpc.itc.rwth-aachen.de",0,4194304,50,43431.7,45357.3,46586.7,64224.6,50464.2,159888,180201
incast,0,191,61,"n23m0223.hpc.itc.rwth-aachen.de",0,4194304,50,44269.7,46691,48487.6,73107.3,52730.7,176127,183896
incast,0,191,62,"n23m0223.hpc.itc.rwth-aachen.de",0,4194304,50,45068.8,47235.5,48294.1,63464.6,52414.4,154276,166393
incast,0,191,63,"n23m0223.hpc.itc.rwth-aachen.de",0,4194304,50,45888.5,48108.1,49064.1,63075.7,51679.8,171400,179541
incast,0,191,64,"n23m0223.hpc.itc.rwth-aachen.de",0,4194304,50,46701.7,48948.7,50667.4,66695,54519.5,150844,172588
incast,0,191,65,"n23m0223.hpc.itc.rwth-aachen.de",0,4194304,50,48495.6,49684.3,50688.2,64170,53950.5,160087,184515
incast,0,191,66,"n23m0223.hpc.itc.rwth-aachen.de",0,4194304,50,48328.8,50641.4,51782.2,64738.3,55199.3,157155,179540
incast,0,191,67,"n23m0223.hpc.itc.rwth-aachen.de",0,4194304,50,49139.2,51341.1,52572,63370.1,56101.6,150727,171438
incast,0,191,68,"n23m0223.hpc.itc.rwth-aachen.de",0,4194304,50,49948.1,52268.5,53434.6,70496.1,57749.8,160054,183455
incast,0,191,69,"n23m0223.hpc.itc.rwth-aachen.de",0,4194304,50,50738.9,53398.5,54384.9,66983.8,57913,159085,184516
incast,0,191,70,"n23m0223.hpc.itc.rwth-aachen.de",0,4194304,50,51548.2,53903.2,55248.3,70095.5,59958.3,166321,177690
incast,0,191,71,"n23m0223.hpc.itc.rwth-aachen.de",0,4194304,50,52452.3,54821.6,56020.6,68515.2,60371.5,155744,171976
incast,0,191,72,"n23m0223.hpc.itc.rwth-aachen.de",0,4194304,50,54262.9,55921.2,58176.6,77757.1,62322.2,161820,185091
incast,0,191,73,"n23m0223.hpc.itc.rwth-aachen.de",0,4194304,50,53971.4,56338.8,57851.9,70690.6,61514.2,163120,189946
incast,0,191,74,"n23m0223.hpc.itc.rwth-aachen.de",0,4194304,50,54763.4,57257.9,58369.6,68962.4,61400.3,154277,176221
incast,0,191,75,"n23m0223.hpc.itc.rwth-aachen.de",0,4194304,50,55586.8,58084.7,59106.8,70983.7,62430,149673,171179
incast,0,191,76,"n23m0223.hpc.itc.rwth-aachen.de",0,4194304,50,56416.2,59249.3,61023.8,75681.1,65758.7,157856,170273
incast,0,191,77,"n23m0223.hpc.itc.rwth-aachen.de",0,4194304,50,57167.8,59579.9,61042.7,76193.6,66396.8,156935,173131
incast,0,191,78,"n23m0223.hpc.itc.rwth-aachen.de",0,4194304,50,57982,60798.8,62150.9,75156.8,67314.6,152549,161643
incast,0,191,79,"n23m0223.hpc.itc.rwth-aachen.de",0,4194304,50,58792.2,61716.7,62947.2,74614.2,68009.6,141768,159782
incast,0,191,80,"n23m0223.hpc.itc.rwth-aachen.de",0,4194304,50,59580.7,62093.5,63525.5,77422,66863.9,161690,185786
incast,0,191,81,"n23m0223.hpc.itc.rwth-aachen.de",0,4194304,50,60387.9,63191.7,64316.3,70800.4,67713.7,116063,167153
incast,0,191,82,"n23m0223.hpc.itc.rwth-aachen.de",0,4194304,50,62406.3,64072,66152.5,82216.9,70891.6,164267,177086
incast,0,191,83,"n23m0223.hpc.itc.rwth-aachen.de",0,4194304,50,61985,64571.2,65977.7,75988.6,70488.5,160504,163318
incast,0,191,84,"n23m0223.hpc.itc.rwth-aachen.de",0,4194304,50,62791.8,66220.8,69725.5,91559,134657,162613,175523
incast,0,191,85,"n23m0223.hpc.itc.rwth-aachen.de",0,4194304,50,63614.4,66619.3,67834.9,85353.6,73982.7,162865,169049
incast,0,191,86,"n23m0223.hpc.itc.rwth-aachen.de",0,4194304,50,64412.5,67381.2,68629,79385.4,72729.5,151835,179758
incast,0,191,87,"n23m0223.hpc.itc.rwth-aachen.de",0,4194304,50,65229.2,67979.4,69196.1,75701.4,72890.3,116750,171160
incast,0,191,88,"n23m0223.hpc.itc.rwth-aachen.de",0,4194304,50,67290.4,69163.6,71277.7,86932.4,77442.5,159421,171500
incast,0,191,89,"n23m0223.hpc.itc.rwth-aachen.de",0,4194304,50,66852.3,70063.4,71556.9,88488.5,78191.5,170064,182268
incast,0,191,90,"n23m0223.hpc.itc.rwth-aachen.de",0,4194304,50,67658,70746.8,72269,84805.4,77917.2,165148,173414
incast,0,191,91,"n23m0223.hpc.itc.rwth-aachen.de",0,4194304,50,68458.7,71639.6,73093.8,89258.6,77742.9,178631,189472
incast,0,191,92,"n23m0223.hpc.itc.rwth-aachen.de",0,4194304,50,69250,72186,74054,84506.7,78051,155809,189506
incast,0,191,93,"n23m0223.hpc.itc.rwth-aachen.de",0,4194304,50,71068.1,73320.9,76173.8,91386.3,81930.6,165350,175740
incast,0,191,94,"n23m0223.hpc.itc.rwth-aachen.de",0,4194304,50,70864.4,74379.9,77077.5,96999.2,120911,166116,189912
incast,0,191,95,"n23m0223.hpc.itc.rwth-aachen.de",0,4194304,50,71667.7,74921,76236.3,84571,80685.8,147908,171171
incast,0,191,96,"n23m0236.hpc.itc.rwth-aachen.de",1,4194304,50,186205,202239,204892,208533,208386,215493,404626
incast,0,191,97,"n23m0236.hpc.itc.rwth-aachen.de",1,4194304,50,180770,198277,203422,206351,206538,212366,376720
incast,0,191,98,"n23m0236.hpc.itc.rwth-aachen.de",1,4194304,50,158711,178919,183859,185173,186954,197403,280350
incast,0,191,99,"n23m0236.hpc.itc.rwth-aachen.de",1,4194304,50,148280,179157,183264,183241,187326,195047,218344
incast,0,191,100,"n23m0236.hpc.itc.rwth-aachen.de",1,4194304,50,191441,203284,207157,214714,209953,228589,524284
incast,0,191,101,"n23m0236.hpc.itc.rwth-aachen.de",1,4194304,50,166619,194768,203356,202887,206402,212311,380409
incast,0,191,102,"n23m0236.hpc.itc.rwth-aachen.de",1,4194304,50,178182,196860,201237,203222,206864,213853,352826
incast,0,191,103,"n23m0236.hpc.itc.rwth-aachen.de",1,4194304,50,164046,197650,203586,205116,207399,215353,356477
incast,0,191,104,"n23m0236.hpc.itc.rwth-aachen.de",1,4194304,50,131962,186060,189157,189945,193337,196804,300394
incast,0,191,105,"n23m0236.hpc.itc.rwth-aachen.de",1,4194304,50,173121,197268,203265,204856,208715,214705,363019
incast,0,191,106,"n23m0236.hpc.itc.rwth-aachen.de",1,4194304,50,137189,190883,194626,198345,199183,206827,500493
incast,0,191,107,"n23m0236.hpc.itc.rwth-aachen.de",1,4194304,50,176059,201248,205201,210655,208479,214581,492398
incast,0,191,108,"n23m0236.hpc.itc.rwth-aachen.de",1,4194304,50,172981,195325,204504,206479,208198,212022,382794
incast,0,191,109,"n23m0236.hpc.itc.rwth-aachen.de",1,4194304,50,84537.6,179761,183452,180454,186510,191818,199184
incast,0,191,110,"n23m0236.hpc.itc.rwth-aachen.de",1,4194304,50,159652,202029,204819,210650,208956,214200,516420
incast,0,191,111,"n23m0236.hpc.itc.rwth-aachen.de",1,4194304,50,161931,192616,200118,204264,206311,214866,516754
incast,0,191,112,"n23m0236.hpc.itc.rwth-aachen.de",1,4194304,50,178237,202269,206735,211336,209362,215403,476503
incast,0,191,113,"n23m0236.hpc.itc.rwth-aachen.de",1,4194304,50,179464,202770,205355,210452,208795,215487,484455
incast,0,191,114,"n23m0236.hpc.itc.rwth-aachen.de",1,4194304,50,173699,200657,205016,208232,208646,215192,364647
incast,0,191,115,"n23m0236.hpc.itc.rwth-aachen.de",1,4194304,50,188744,199521,205691,209302,208469,213899,452501
incast,0,191,116,"n23m0236.hpc.itc.rwth-aachen.de",1,4194304,50,170514,188651,203144,197293,205399,208790,210007
incast,0,191,117,"n23m0236.hpc.itc.rwth-aachen.de",1,4194304,50,167883,175775,183098,185248,194530,205773,214760
incast,0,191,118,"n23m0236.hpc.itc.rwth-aachen.de",1,4194304,50,151229,177116,184612,183250,189619,195176,202559
incast,0,191,119,"n23m0236.hpc.itc.rwth-aachen.de",1,4194304,50,85239.2,199787,205319,196974,210300,213897,408722
incast,0,191,120,"n23m0236.hpc.itc.rwth-aachen.de",1,4194304,50,184323,203553,206056,210637,209241,215931,394796
incast,0,191,121,"n23m0236.hpc.itc.rwth-aachen.de",1,4194304,50,184977,203046,205517,211932,209438,215811,402823
incast,0,191,122,"n23m0236.hpc.itc.rwth-aachen.de",1,4194304,50,95838.5,169388,172043,172257,177253,189762,235300
incast,0,191,123,"n23m0236.hpc.itc.rwth-aachen.de",1,4194304,50,149992,202216,205613,210731,208987,214622,480504
incast,0,191,124,"n23m0236.hpc.itc.rwth-aachen.de",1,4194304,50,155128,180254,184836,185221,187442,192315,288413
incast,0,191,125,"n23m0236.hpc.itc.rwth-aachen.de",1,4194304,50,85051.9,90195.9,97311.5,119815,153310,185974,231411
incast,0,191,126,"n23m0236.hpc.itc.rwth-aachen.de",1,4194304,50,162515,195768,203995,205398,208504,214654,416675
incast,0,191,127,"n23m0236.hpc.itc.rwth-aachen.de",1,4194304,50,149764,155955,168553,169589,183248,189448,198137
incast,0,191,128,"n23m0236.hpc.itc.rwth-aachen.de",1,4194304,50,192226,202324,206035,214034,209647,215970,436678
incast,0,191,129,"n23m0236.hpc.itc.rwth-aachen.de",1,4194304,50,183006,202718,205972,210574,209560,215701,339126
incast,0,191,130,"n23m0236.hpc.itc.rwth-aachen.de",1,4194304,50,179407,202755,205773,213675,208195,215983,508463
incast,0,191,131,"n23m0236.hpc.itc.rwth-aachen.de",1,4194304,50,89315.2,93953.6,102905,143622,201989,215582,388575
incast,0,191,132,"n23m0236.hpc.itc.rwth-aachen.de",1,4194304,50,180111,202289,206441,211704,209875,215279,424837
incast,0,191,133,"n23m0236.hpc.itc.rwth-aachen.de",1,4194304,50,163131,179419,183372,185019,188272,195434,252322
incast,0,191,134,"n23m0236.hpc.itc.rwth-aachen.de",1,4194304,50,187505,202633,206166,213860,208898,214840,512453
incast,0,191,135,"n23m0236.hpc.itc.rwth-aachen.de",1,4194304,50,196478,203071,206101,208342,210065,215522,264840
incast,0,191,136,"n23m0236.hpc.itc.rwth-aachen.de",1,4194304,50,178895,201814,205774,208507,209083,215967,360762
incast,0,191,137,"n23m0236.hpc.itc.rwth-aachen.de",1,4194304,50,166436,182487,185407,185597,188691,192653,210328
incast,0,191,138,"n23m0236.hpc.itc.rwth-aachen.de",1,4194304,50,155830,200151,203123,207827,207252,214221,374974
incast,0,191,139,"n23m0236.hpc.itc.rwth-aachen.de",1,4194304,50,193222,202381,206029,210722,209010,215352,366953
incast,0,191,140,"n23m0236.hpc.itc.rwth-aachen.de",1,4194304,50,174905,183685,188028,189155,190001,194670,308391
incast,0,191,141,"n23m0236.hpc.itc.rwth-aachen.de",1,4194304,50,172933,202414,205307,209813,208515,214774,440444
incast,0,191,142,"n23m0236.hpc.itc.rwth-aachen.de",1,4194304,50,181453,200116,204575,207042,206884,214486,400793
incast,0,191,143,"n23m0236.hpc.itc.rwth-aachen.de",1,4194304,50,96374.4,100486,102790,115596,112478,201213,205618
incast,0,191,144,"n23m0236.hpc.itc.rwth-aachen.de",1,4194304,50,152558,181776,184486,185281,188587,196294,223600
incast,0,191,145,"n23m0236.hpc.itc.rwth-aachen.de",1,4194304,50,173388,180563,185422,184849,189709,192997,194700
incast,0,191,146,"n23m0236.hpc.itc.rwth-aachen.de",1,4194304,50,161591,197728,203196,203142,206994,212776,378839
incast,0,191,147,"n23m0236.hpc.itc.rwth-aachen.de",1,4194304,50,141650,180443,184946,182315,187432,192648,194754
incast,0,191,148,"n23m0236.hpc.itc.rwth-aachen.de",1,4194304,50,167963,182079,185277,185309,188720,193128,206358
incast,0,191,149,"n23m0236.hpc.itc.rwth-aachen.de",1,4194304,50,103735,180110,184157,183116,188267,191939,248716
incast,0,191,150,"n23m0236.hpc.itc.rwth-aachen.de",1,4194304,50,186676,203204,205320,212145,209600,215081,472357
incast,0,191,151,"n23m0236.hpc.itc.rwth-aachen.de",1,4194304,50,136615,183015,186776,195693,201841,212238,464438
incast,0,191,152,"n23m0236.hpc.itc.rwth-aachen.de",1,4194304,50,188637,202842,205608,207321,209298,215488,255097
incast,0,191,153,"n23m0236.hpc.itc.rwth-aachen.de",1,4194304,50,145683,155005,157060,159817,161624,177497,192497
incast,0,191,154,"n23m0236.hpc.itc.rwth-aachen.de",1,4194304,50,135605,183605,199353,192810,204069,208776,214221
incast,0,191,155,"n23m0236.hpc.itc.rwth-aachen.de",1,4194304,50,104416,118412,156089,154368,180003,189027,269042
incast,0,191,156,"n23m0236.hpc.itc.rwth-aachen.de",1,4194304,50,174058,203405,206150,209348,208695,214753,354909
incast,0,191,157,"n23m0236.hpc.itc.rwth-aachen.de",1,4194304,50,167590,184131,186263,187569,188659,195005,272330
incast,0,191,158,"n23m0236.hpc.itc.rwth-aachen.de",1,4194304,50,172250,200437,202678,202054,205929,212738,223308
incast,0,191,159,"n23m0236.hpc.itc.rwth-aachen.de",1,4194304,50,178071,202930,205360,208605,208385,212820,428523
incast,0,191,160,"n23m0236.hpc.itc.rwth-aachen.de",1,4194304,50,154582,199823,203132,207737,207453,213746,420684
incast,0,191,161,"n23m0236.hpc.itc.rwth-aachen.de",1,4194304,50,108291,114178,185229,167575,203853,214940,358978
incast,0,191,162,"n23m0236.hpc.itc.rwth-aachen.de",1,4194304,50,165976,180976,183951,185970,188271,193529,276251
incast,0,191,163,"n23m0236.hpc.itc.rwth-aachen.de",1,4194304,50,176534,202580,205574,210656,208483,215436,370916
incast,0,191,164,"n23m0236.hpc.itc.rwth-aachen.de",1,4194304,50,172670,196468,203794,208101,207828,212015,412767
incast,0,191,165,"n23m0236.hpc.itc.rwth-aachen.de",1,4194304,50,164744,201134,204177,208431,206879,215143,460400
incast,0,191,166,"n23m0236.hpc.itc.rwth-aachen.de",1,4194304,50,187965,200461,203951,209586,207708,212388,432619
incast,0,191,167,"n23m0236.hpc.itc.rwth-aachen.de",1,4194304,50,109779,115055,121644,139255,169329,197191,200185
incast,0,191,168,"n23m0236.hpc.itc.rwth-aachen.de",1,4194304,50,159448,187797,191604,193430,193875,199024,336268
incast,0,191,169,"n23m0236.hpc.itc.rwth-aachen.de",1,4194304,50,152438,200492,203953,204432,207861,213963,372731
incast,0,191,170,"n23m0236.hpc.itc.rwth-aachen.de",1,4194304,50,135659,178434,181721,182061,186481,191231,292314
incast,0,191,171,"n23m0236.hpc.itc.rwth-aachen.de",1,4194304,50,156776,200192,203673,205145,205991,212041,524180
incast,0,191,172,"n23m0236.hpc.itc.rwth-aachen.de",1,4194304,50,151323,177466,181202,180709,186650,191679,196568
incast,0,191,173,"n23m0236.hpc.itc.rwth-aachen.de",1,4194304,50,153702,201462,204094,210796,207745,210653,488453
incast,0,191,174,"n23m0236.hpc.itc.rwth-aachen.de",1,4194304,50,189203,203174,205529,213419,209464,213675,504240
incast,0,191,175,"n23m0236.hpc.itc.rwth-aachen.de",1,4194304,50,152084,177582,180831,182641,185333,192511,316244
incast,0,191,176,"n23m0236.hpc.itc.rwth-aachen.de",1,4194304,50,148912,179312,183623,184204,187218,191572,284822
incast,0,191,177,"n23m0236.hpc.itc.rwth-aachen.de",1,4194304,50,171264,180811,183737,184537,186471,191303,239329
incast,0,191,178,"n23m0236.hpc.itc.rwth-aachen.de",1,4194304,50,195791,204099,206524,211557,209520,215417,340865
incast,0,191,179,"n23m0236.hpc.itc.rwth-aachen.de",1,4194304,50,115795,121574,123861,131607,132579,173537,212639
incast,0,191,180,"n23m0236.hpc.itc.rwth-aachen.de",1,4194304,50,175336,202075,204950,206681,208812,213366,275435
incast,0,191,181,"n23m0236.hpc.itc.rwth-aachen.de",1,4194304,50,149276,178053,182727,182067,185671,192716,222811
incast,0,191,182,"n23m0236.hpc.itc.rwth-aachen.de",1,4194304,50,124229,187631,191149,190583,195158,201798,260394
incast,0,191,183,"n23m0236.hpc.itc.rwth-aachen.de",1,4194304,50,154827,195470,204586,208874,208403,215756,392706
incast,0,191,184,"n23m0236.hpc.itc.rwth-aachen.de",1,4194304,50,177942,202047,205132,209790,208564,214332,444670
incast,0,191,185,"n23m0236.hpc.itc.rwth-aachen.de",1,4194304,50,122641,128074,147266,156311,179752,190122,304251
incast,0,191,186,"n23m0236.hpc.itc.rwth-aachen.de",1,4194304,50,158865,202631,204531,210175,208087,213542,448579
incast,0,191,187,"n23m0236.hpc.itc.rwth-aachen.de",1,4194304,50,168620,203202,206690,211930,209260,215583,496486
incast,0,191,188,"n23m0236.hpc.itc.rwth-aachen.de",1,4194304,50,169112,203343,206340,212544,210228,215511,468412
incast,0,191,189,"n23m0236.hpc.itc.rwth-aachen.de",1,4194304,50,163268,197494,203273,203955,206818,210380,384736
incast,0,191,190,"n23m0236.hpc.itc.rwth-aachen.de",1,4194304,50,171909,199350,204462,210915,207937,213445,520150
incast,0,191,191,"n23m0236.hpc.itc.rwth-aachen.de",1,4194304,50,127852,142359,203854,194231,209200,215221,406807
fanout,0,191,1,"n23m0223.hpc.itc.rwth-aachen.de",0,4194304,50,114702,116655,117669,117615,118342,120296,122828
fanout,0,191,2,"n23m0223.hpc.itc.rwth-aachen.de",0,4194304,50,114050,116097,117107,117059,117810,119724,122274
fanout,0,191,3,"n23m0223.hpc.itc.rwth-aachen.de",0,4194304,50,113536,115541,116506,116480,117209,119085,121794
fanout,0,191,4,"n23m0223.hpc.itc.rwth-aachen.de",0,4194304,50,112893,114992,115954,115929,116690,118530,121181
fanout,0,191,5,"n23m0223.hpc.itc.rwth-aachen.de",0,4194304,50,111203,112971,113934,113946,114603,115915,118846
fanout,0,191,6,"n23m0223.hpc.itc.rwth-aachen.de",0,4194304,50,3007.43,3147.89,3200.66,5327.17,3256.36,3439.86,109208
fanout,0,191,7,"n23m0223.hpc.itc.rwth-aachen.de",0,4194304,50,3342.5,3622.87,3706.4,5903.72,3785.51,4009.01,113502
fanout,0,191,8,"n23m0223.hpc.itc.rwth-aachen.de",0,4194304,50,3938.88,4145.71,4214.31,4230.33,4305.48,4456.53,4746.9
fanout,0,191,9,"n23m0223.hpc.itc.rwth-aachen.de",0,4194304,50,4463.46,4644.48,4712.61,4746.76,4845.06,4971.41,5286.17
fanout,0,191,10,"n23m0223.hpc.itc.rwth-aachen.de",0,4194304,50,4935.99,5111.95,5182.16,9480.48,5323.1,5740.23,112960
fanout,0,191,11,"n23m0223.hpc.itc.rwth-aachen.de",0,4194304,50,5450.01,5638.96,5697.01,9924.99,5864.57,6240.68,111950
fanout,0,191,12,"n23m0223.hpc.itc.rwth-aachen.de",0,4194304,50,5805.62,6070.5,6163.05,10382.1,6336.86,6802.27,111221
fanout,0,191,13,"n23m0223.hpc.itc.rwth-aachen.de",0,4194304,50,6311.73,6587.08,6659.72,8792.35,6826.04,7148.28,111739
fanout,0,191,14,"n23m0223.hpc.itc.rwth-aachen.de",0,4194304,50,6761.17,7088.95,7172.86,13395.4,7380.84,63406.8,113039
fanout,0,191,15,"n23m0223.hpc.itc.rwth-aachen.de",0,4194304,50,7312.56,7572.61,7692.76,24323,7957.03,112296,112641
fanout,0,191,16,"n23m0223.hpc.itc.rwth-aachen.de",0,4194304,50,7807.47,8044.07,8173.87,20632.3,8391.5,111726,116668
fanout,0,191,17,"n23m0223.hpc.itc.rwth-aachen.de",0,4194304,50,8206.04,8551.33,8714.23,22870.5,9037.93,110176,112228
fanout,0,191,18,"n23m0223.hpc.itc.rwth-aachen.de",0,4194304,50,8712.59,8976.42,9145.35,15273.7,9378.97,65259.7,110923
fanout,0,191,19,"n23m0223.hpc.itc.rwth-aachen.de",0,4194304,50,9177.78,9497.62,9707.9,21796,9924.8,111492,112479
fanout,0,191,20,"n23m0223.hpc.itc.rwth-aachen.de",0,4194304,50,9604.88,9938.88,10130.3,14293,10374,10757.4,117031
fanout,0,191,21,"n23m0223.hpc.itc.rwth-aachen.de",0,4194304,50,10107.5,10440.6,10635.5,12671,10876.6,11302.8,110949
fanout,0,191,22,"n23m0223.hpc.itc.rwth-aachen.de",0,4194304,50,10590.8,10947.1,11185,21123,11420.6,110190,112823
fanout,0,191,23,"n23m0223.hpc.itc.rwth-aachen.de",0,4194304,50,11046.6,11362.1,11617.8,15578.1,11838.1,12614.2,111208
fanout,0,191,24,"n23m0223.hpc.itc.rwth-aachen.de",0,4194304,50,11529.7,11924.1,12158.4,16168,12433.8,13183.6,111630
fanout,0,191,25,"n23m0223.hpc.itc.rwth-aachen.de",0,4194304,50,12052.4,12459.6,12688.5,14619.7,12943.2,13438.3,108112
fanout,0,191,26,"n23m0223.hpc.itc.rwth-aachen.de",0,4194304,50,12385.7,12952,13192.5,21144.8,13467.6,111884,114447
fanout,0,191,27,"n23m0223.hpc.itc.rwth-aachen.de",0,4194304,50,12837.8,13425.4,13668.2,21542.5,13989.3,110993,113889
fanout,0,191,28,"n23m0223.hpc.itc.rwth-aachen.de",0,4194304,50,13303.5,13948.5,14181.3,21940,14477,110780,112083
fanout,0,191,29,"n23m0223.hpc.itc.rwth-aachen.de",0,4194304,50,13760.1,14474.9,14692.1,22471.3,15031.7,109566,116482
fanout,0,191,30,"n23m0223.hpc.itc.rwth-aachen.de",0,4194304,50,14244.7,14933.4,15177.6,26834.9,15549,112411,114121
fanout,0,191,31,"n23m0223.hpc.itc.rwth-aachen.de",0,4194304,50,14730.4,15464.8,15728.1,25285,16116.8,111070,112824
fanout,0,191,32,"n23m0223.hpc.itc.rwth-aachen.de",0,4194304,50,15188,15944.6,16180.2,21853.9,16478.1,68701.9,111307
fanout,0,191,33,"n23m0223.hpc.itc.rwth-aachen.de",0,4194304,50,15576.8,16478.1,16750.1,31830.6,17339.7,111664,112530
fanout,0,191,34,"n23m0223.hpc.itc.rwth-aachen.de",0,4194304,50,16100.9,16982.3,17223.1,22748.1,17437.2,66804.9,111309
fanout,0,191,35,"n23m0223.hpc.itc.rwth-aachen.de",0,4194304,50,16587.9,17513.3,17718.6,23278.8,17924.4,68715.1,111467
fanout,0,191,36,"n23m0223.hpc.itc.rwth-aachen.de",0,4194304,50,17073.1,18033.7,18279.1,20101.5,18477.1,19199,109340
fanout,0,191,37,"n23m0223.hpc.itc.rwth-aachen.de",0,4194304,50,17546.5,18523.4,18754.1,20633.3,18948.5,19730.5,112262
fanout,0,191,38,"n23m0223.hpc.itc.rwth-aachen.de",0,4194304,50,18035,19098.4,19324.8,28505.2,19558.1,111195,112189
fanout,0,191,39,"n23m0223.hpc.itc.rwth-aachen.de",0,4194304,50,18525.2,19513.3,19787.4,25397.9,19968.1,70717.6,118677
fanout,0,191,40,"n23m0223.hpc.itc.rwth-aachen.de",0,4194304,50,19015.9,20027.2,20317.2,27566.9,20513.8,110856,112184
fanout,0,191,41,"n23m0223.hpc.itc.rwth-aachen.de",0,4194304,50,19535.1,20506.7,20814.8,22611.9,20961.8,21722.8,111588
fanout,0,191,42,"n23m0223.hpc.itc.rwth-aachen.de",0,4194304,50,20175,21066.1,21337.9,26742.3,21549,70529.7,115586
fanout,0,191,43,"n23m0223.hpc.itc.rwth-aachen.de",0,4194304,50,20274.4,21601.5,21853.6,27218.7,22057.7,71414.9,112404
fanout,0,191,44,"n23m0223.hpc.itc.rwth-aachen.de",0,4194304,50,20767.7,22055.7,22343.9,25822.3,22569.4,24289.1,110016
fanout,0,191,45,"n23m0223.hpc.itc.rwth-aachen.de",0,4194304,50,21244,22609.5,22886.3,38802.8,23432,112909,114709
fanout,0,191,46,"n23m0223.hpc.itc.rwth-aachen.de",0,4194304,50,21826.6,23056.5,23309.8,26910.2,23586.9,25452.2,112483
fanout,0,191,47,"n23m0223.hpc.itc.rwth-aachen.de",0,4194304,50,22344.5,23545.1,23867,25700.4,24089.7,24992.1,114503
fanout,0,191,48,"n23m0223.hpc.itc.rwth-aachen.de",0,4194304,50,23082.2,24387.8,24661.8,36994.2,25045.6,112897,116337
fanout,0,191,49,"n23m0223.hpc.itc.rwth-aachen.de",0,4194304,50,23882.2,25289.8,25494,37655.6,26305.3,112828,114560
fanout,0,191,50,"n23m0223.hpc.itc.rwth-aachen.de",0,4194304,50,24829.6,26154,26397.7,33568.5,26832.3,114115,119271
fanout,0,191,51,"n23m0223.hpc.itc.rwth-aachen.de",0,4194304,50,25790,27115.7,27318.2,29180.9,27693.1,29627.9,113677
fanout,0,191,52,"n23m0223.hpc.itc.rwth-aachen.de",0,4194304,50,26730,28076.8,28291,30029.6,28590.7,29620.8,111338
fanout,0,191,53,"n23m0223.hpc.itc.rwth-aachen.de",0,4194304,50,770.175,29073.4,29281.8,37066.6,29654.3,111703,115372
fanout,0,191,54,"n23m0223.hpc.itc.rwth-aachen.de",0,4194304,50,28719.7,30061.5,30258.2,35070.3,30572.4,75468.8,110108
fanout,0,191,55,"n23m0223.hpc.itc.rwth-aachen.de",0,4194304,50,29481.1,30942.9,31233.8,36147.2,31535.1,76992,114238
fanout,0,191,56,"n23m0223.hpc.itc.rwth-aachen.de",0,4194304,50,30421.7,31816.8,32174.5,33689.8,32448.8,33676.4,109184
fanout,0,191,57,"n23m0223.hpc.itc.rwth-aachen.de",0,4194304,50,31361,32755,33137.2,36237.3,33472.3,36083.6,111922
fanout,0,191,58,"n23m0223.hpc.itc.rwth-aachen.de",0,4194304,50,32319.1,33565.9,34101,34079.2,34381,35399.2,38130.4
fanout,0,191,59,"n23m0223.hpc.itc.rwth-aachen.de",0,4194304,50,33259.5,34531.8,35101.2,36564.7,35406.2,36632,110110
fanout,0,191,60,"n23m0223.hpc.itc.rwth-aachen.de",0,4194304,50,34192.2,35458.7,36076,37606,36365.5,37634.5,115995
fanout,0,191,61,"n23m0223.hpc.itc.rwth-aachen.de",0,4194304,50,35144.8,36402.1,37012.8,36969.9,37335.6,38331.5,41250.9
fanout,0,191,62,"n23m0223.hpc.itc.rwth-aachen.de",0,4194304,50,36137.4,37353.7,37944.4,37955.7,38326.8,39503.6,42308.1
fanout,0,191,63,"n23m0223.hpc.itc.rwth-aachen.de",0,4194304,50,37090.6,38267.1,38898.6,38889.7,39306.5,40079.9,43324.6
fanout,0,191,64,"n23m0223.hpc.itc.rwth-aachen.de",0,4194304,50,38048.8,39236.4,39889.7,39861.2,40280.6,41056.4,44348.9
fanout,0,191,65,"n23m0223.hpc.itc.rwth-aachen.de",0,4194304,50,39003.1,40226.8,40838,40830.7,41246.4,42043.6,45373.7
fanout,0,191,66,"n23m0223.hpc.itc.rwth-aachen.de",0,4194304,50,39940.7,41206.3,41787.1,41784.3,42220.3,43004,46361.8
fanout,0,191,67,"n23m0223.hpc.itc.rwth-aachen.de",0,4194304,50,40873.9,42169.8,42740.4,42731,43188.1,43968,47355.3
fanout,0,191,68,"n23m0223.hpc.itc.rwth-aachen.de",0,4194304,50,41827.1,43133.9,43687.9,43683,44148.5,44935.8,48331.7
fanout,0,191,69,"n23m0223.hpc.itc.rwth-aachen.de",0,4194304,50,42736.2,44091.9,44637.9,44630,45102.6,45896.4,49319.2
fanout,0,191,70,"n23m0223.hpc.itc.rwth-aachen.de",0,4194304,50,43633.9,45036.1,45583.4,45573.5,46058.1,46843.1,50307.2
fanout,0,191,71,"n23m0223.hpc.itc.rwth-aachen.de",0,4194304,50,44575.4,45936,46553.8,46530.6,46968.6,47828.6,51338.5
fanout,0,191,72,"n23m0223.hpc.itc.rwth-aachen.de",0,4194304,50,45488.5,46865.2,47493.4,47461.7,47899.7,48779.9,52317.8
fanout,0,191,73,"n23m0223.hpc.itc.rwth-aachen.de",0,4194304,50,46394.6,47869.2,48459.2,49636.3,48854.5,49889,110091
fanout,0,191,74,"n23m0223.hpc.itc.rwth-aachen.de",0,4194304,50,47294.1,48596.4,49321.8,49285.6,49742.3,50655,54237.6
fanout,0,191,75,"n23m0223.hpc.itc.rwth-aachen.de",0,4194304,50,48206.8,49494.9,50225.3,50187.1,50660.8,51592.7,55230.5
fanout,0,191,76,"n23m0223.hpc.itc.rwth-aachen.de",0,4194304,50,49111.4,50420.6,51165.2,52392,51579.8,52638.3,115827
fanout,0,191,77,"n23m0223.hpc.itc.rwth-aachen.de",0,4194304,50,50008.3,51295.6,52008.6,51991.6,52449.4,53383,57134.9
fanout,0,191,78,"n23m0223.hpc.itc.rwth-aachen.de",0,4194304,50,50909,52203.4,52918.5,52891.7,53344.7,54242.1,58098.6
fanout,0,191,79,"n23m0223.hpc.itc.rwth-aachen.de",0,4194304,50,51799.7,53110.7,53803.3,55012.1,54301,55375.1,114908
fanout,0,191,80,"n23m0223.hpc.itc.rwth-aachen.de",0,4194304,50,52696.4,54011.1,54707.5,54685.8,55118.8,56005.3,59970.9
fanout,0,191,81,"n23m0223.hpc.itc.rwth-aachen.de",0,4194304,50,53590.4,54934.2,55597.3,55590.1,56014.6,56903.7,60911.1
fanout,0,191,82,"n23m0223.hpc.itc.rwth-aachen.de",0,4194304,50,54467.8,55852,56501.2,56488.8,56947.6,57783.8,61829.1
fanout,0,191,83,"n23m0223.hpc.itc.rwth-aachen.de",0,4194304,50,55402.3,56809.7,57454,57431.3,57875.6,58715.5,62812.7
fanout,0,191,84,"n23m0223.hpc.itc.rwth-aachen.de",0,4194304,50,56280.8,57712.6,58346.5,58326,58774,59573.9,63717.3
fanout,0,191,85,"n23m0223.hpc.itc.rwth-aachen.de",0,4194304,50,57160.7,58589.7,59231.8,59210,59668.8,60455.9,64646.9
fanout,0,191,86,"n23m0223.hpc.itc.rwth-aachen.de",0,4194304,50,58028.6,59464.1,60091.4,60083.2,60551.5,61339.5,65553.8
fanout,0,191,87,"n23m0223.hpc.itc.rwth-aachen.de",0,4194304,50,58904.1,60354.8,60995.8,60969.7,61417.5,62209.6,66436.7
fanout,0,191,88,"n23m0223.hpc.itc.rwth-aachen.de",0,4194304,50,59761.6,61235.1,61857.2,61847.6,62330.3,63096,67348.6
fanout,0,191,89,"n23m0223.hpc.itc.rwth-aachen.de",0,4194304,50,60652.1,62114.5,62727.4,62731.9,63223.4,63995,68253.7
fanout,0,191,90,"n23m0223.hpc.itc.rwth-aachen.de",0,4194304,50,61522.7,62993.7,63580.3,63601.8,64099.1,64901.3,69132.2
fanout,0,191,91,"n23m0223.hpc.itc.rwth-aachen.de",0,4194304,50,62431.7,63879.6,64472.8,65411.1,64984.6,66225.6,111570
fanout,0,191,92,"n23m0223.hpc.itc.rwth-aachen.de",0,4194304,50,63283.6,64751,65355.3,66356.9,65922.4,67135,115391
fanout,0,191,93,"n23m0223.hpc.itc.rwth-aachen.de",0,4194304,50,64187.7,65630.1,66221,66256,66787,67612.5,71835.9
fanout,0,191,94,"n23m0223.hpc.itc.rwth-aachen.de",0,4194304,50,65038.7,66517.5,67099.3,67144,67676.1,68533.7,72754.5
fanout,0,191,95,"n23m0223.hpc.itc.rwth-aachen.de",0,4194304,50,65994.5,67448.1,68014.9,68066.3,68587.9,69480.3,73698.6
fanout,0,191,96,"n23m0236.hpc.itc.rwth-aachen.de",1,4194304,50,67420.2,68914.2,69459.5,76281,70177.5,113605,116739
fanout,0,191,97,"n23m0236.hpc.itc.rwth-aachen.de",1,4194304,50,68016.5,69935,70679.9,80159.7,71816.5,113226,117423
fanout,0,191,98,"n23m0236.hpc.itc.rwth-aachen.de",1,4194304,50,68776.4,70670.7,71280.6,82831.2,108725,112791,114075
fanout,0,191,99,"n23m0236.hpc.itc.rwth-aachen.de",1,4194304,50,68926.9,70310.2,71220.7,77061.8,72043.7,109816,112422
fanout,0,191,100,"n23m0236.hpc.itc.rwth-aachen.de",1,4194304,50,69454.5,70574.7,71564.6,77782.9,72498.6,112825,114336
fanout,0,191,101,"n23m0236.hpc.itc.rwth-aachen.de",1,4194304,50,69452.1,71168.7,71947.4,77228.4,72836.8,111925,115156
fanout,0,191,102,"n23m0236.hpc.itc.rwth-aachen.de",1,4194304,50,69913.3,71481.6,72536.5,81444.1,76029.7,112246,116422
fanout,0,191,103,"n23m0236.hpc.itc.rwth-aachen.de",1,4194304,50,70500.4,72062.1,73319.2,82370.9,97190.6,111893,113015
fanout,0,191,104,"n23m0236.hpc.itc.rwth-aachen.de",1,4194304,50,70624.2,72116.3,73224.5,80579.1,74152.8,109179,116638
fanout,0,191,105,"n23m0236.hpc.itc.rwth-aachen.de",1,4194304,50,71316.7,72584.6,74117.6,81514.3,75002.8,111593,113274
fanout,0,191,106,"n23m0236.hpc.itc.rwth-aachen.de",1,4194304,50,72164.7,73828.4,74977.6,81553.8,76213.5,111574,112921
fanout,0,191,107,"n23m0236.hpc.itc.rwth-aachen.de",1,4194304,50,71632.6,73263.9,74484.2,80913.1,75699,109122,116877
fanout,0,191,108,"n23m0236.hpc.itc.rwth-aachen.de",1,4194304,50,72733.4,74412.6,75016.1,81564.2,76598.8,112693,114930
fanout,0,191,109,"n23m0236.hpc.itc.rwth-aachen.de",1,4194304,50,72502.3,73954.1,74759.9,79608.6,75928.4,111357,113195
fanout,0,191,110,"n23m0236.hpc.itc.rwth-aachen.de",1,4194304,50,72952.6,74540.6,75188.5,80031.6,76731.9,110369,112598
fanout,0,191,111,"n23m0236.hpc.itc.rwth-aachen.de",1,4194304,50,73205.2,74921.1,75869.2,79808.4,76984,109335,114346
fanout,0,191,112,"n23m0236.hpc.itc.rwth-aachen.de",1,4194304,50,73741,75333.9,76282.8,79499.4,77196.1,109010,112874
fanout,0,191,113,"n23m0236.hpc.itc.rwth-aachen.de",1,4194304,50,74288,75756,76398.5,80683.6,77490.4,111671,115018
fanout,0,191,114,"n23m0236.hpc.itc.rwth-aachen.de",1,4194304,50,74047.6,75733.3,76397.7,80920.8,77398,108590,113184
fanout,0,191,115,"n23m0236.hpc.itc.rwth-aachen.de",1,4194304,50,74959.5,76518.8,77405,82824.7,78381.8,111681,116477
fanout,0,191,116,"n23m0236.hpc.itc.rwth-aachen.de",1,4194304,50,74874.9,76617.5,77588.7,84151.3,78530.5,111542,114514
fanout,0,191,117,"n23m0236.hpc.itc.rwth-aachen.de",1,4194304,50,41141.6,77152.7,78192.1,83144.4,79360.7,109702,114582
fanout,0,191,118,"n23m0236.hpc.itc.rwth-aachen.de",1,4194304,50,76198,77751.9,78469.9,83108.4,79683.3,109257,110268
fanout,0,191,119,"n23m0236.hpc.itc.rwth-aachen.de",1,4194304,50,76050.1,77371.7,78188.8,80093.9,79345.8,96915.4,110557
fanout,0,191,120,"n23m0236.hpc.itc.rwth-aachen.de",1,4194304,50,76926,78248.8,79032.9,79075.4,80104.2,80710.6,82833.1
fanout,0,191,121,"n23m0236.hpc.itc.rwth-aachen.de",1,4194304,50,76918.3,78218.3,78964.8,80452.6,80251.4,82361.7,114493
fanout,0,191,122,"n23m0236.hpc.itc.rwth-aachen.de",1,4194304,50,77800.8,79230.6,79957,81752.3,81021.2,96721.5,114917
fanout,0,191,123,"n23m0236.hpc.itc.rwth-aachen.de",1,4194304,50,77733.3,79270.7,80068.6,83975.8,81103.2,109908,112288
fanout,0,191,124,"n23m0236.hpc.itc.rwth-aachen.de",1,4194304,50,78585.4,80463.6,81232.4,86568.9,82522.2,111656,113823
fanout,0,191,125,"n23m0236.hpc.itc.rwth-aachen.de",1,4194304,50,78977.7,80866.8,81546,86229,83035.5,109705,111054
fanout,0,191,126,"n23m0236.hpc.itc.rwth-aachen.de",1,4194304,50,78255.2,80519.1,81727.7,85925.1,82885,110445,111847
fanout,0,191,127,"n23m0236.hpc.itc.rwth-aachen.de",1,4194304,50,78467.4,80590.5,81852.5,85945.4,83072,110797,113686
fanout,0,191,128,"n23m0236.hpc.itc.rwth-aachen.de",1,4194304,50,79111.4,81310,82329.6,86916.8,83708.4,109001,116095
fanout,0,191,129,"n23m0236.hpc.itc.rwth-aachen.de",1,4194304,50,79527.8,81702.7,82688.9,85486.8,84142.1,110509,117014
fanout,0,191,130,"n23m0236.hpc.itc.rwth-aachen.de",1,4194304,50,79598.8,81885.4,82989.8,85683.4,84069.8,112229,116969
fanout,0,191,131,"n23m0236.hpc.itc.rwth-aachen.de",1,4194304,50,80011.5,82235.6,83310.4,87042.3,84490.3,109839,112317
fanout,0,191,132,"n23m0236.hpc.itc.rwth-aachen.de",1,4194304,50,80360.7,82836.7,83802.2,88395.6,85414.7,108485,113810
fanout,0,191,133,"n23m0236.hpc.itc.rwth-aachen.de",1,4194304,50,81231.6,83232.4,84299.7,87335.6,85735.9,108487,109443
fanout,0,191,134,"n23m0236.hpc.itc.rwth-aachen.de",1,4194304,50,81485.4,83226.1,84475.4,86379.4,85524.8,107583,115391
fanout,0,191,135,"n23m0236.hpc.itc.rwth-aachen.de",1,4194304,50,81956.5,83692.2,85000,85910.6,85942.4,88302.5,114391
fanout,0,191,136,"n23m0236.hpc.itc.rwth-aachen.de",1,4194304,50,82471.9,84040.3,85367.9,87223.3,86484.6,108340,114036
fanout,0,191,137,"n23m0236.hpc.itc.rwth-aachen.de",1,4194304,50,82873.7,84704.6,85820.4,88087.6,87188.5,107843,114145
fanout,0,191,138,"n23m0236.hpc.itc.rwth-aachen.de",1,4194304,50,83410.1,84935,86249.5,88849.8,87516.8,108828,112614
fanout,0,191,139,"n23m0236.hpc.itc.rwth-aachen.de",1,4194304,50,83814.4,85636.4,86773.1,88715.5,87659.6,107025,114371
fanout,0,191,140,"n23m0236.hpc.itc.rwth-aachen.de",1,4194304,50,83929.6,85757.4,86852.6,88797.8,88184.6,106782,109921
fanout,0,191,141,"n23m0236.hpc.itc.rwth-aachen.de",1,4194304,50,84111.4,86192.5,87270.5,89084.6,88611.7,108711,116441
fanout,0,191,142,"n23m0236.hpc.itc.rwth-aachen.de",1,4194304,50,84724.3,86869.6,87992.2,89978.8,89201.6,109316,112771
fanout,0,191,143,"n23m0236.hpc.itc.rwth-aachen.de",1,4194304,50,84856.4,86916,88219.1,90038.1,89433.9,107999,112867
fanout,0,191,144,"n23m0236.hpc.itc.rwth-aachen.de",1,4194304,50,85312.1,87372.4,88597.5,92137.4,90253.6,110723,115008
fanout,0,191,145,"n23m0236.hpc.itc.rwth-aachen.de",1,4194304,50,85353,87759.1,89094.2,91667.1,90915.4,109799,111136
fanout,0,191,146,"n23m0236.hpc.itc.rwth-aachen.de",1,4194304,50,85678.7,87597.7,89331.8,91237.9,90844.9,108442,111530
fanout,0,191,147,"n23m0236.hpc.itc.rwth-aachen.de",1,4194304,50,86323.3,87911.6,89539.7,91811.5,90902.1,110491,113720
fanout,0,191,148,"n23m0236.hpc.itc.rwth-aachen.de",1,4194304,50,86202.1,87844.2,89608.7,91690.9,91369.3,108834,112913
fanout,0,191,149,"n23m0236.hpc.itc.rwth-aachen.de",1,4194304,50,87166.1,89034.3,90795.6,93036.8,92575,109779,110997
fanout,0,191,150,"n23m0236.hpc.itc.rwth-aachen.de",1,4194304,50,87284.2,89340.5,90819.5,92004.3,92282.6,106846,108456
fanout,0,191,151,"n23m0236.hpc.itc.rwth-aachen.de",1,4194304,50,87126.7,88732.6,90484.6,92723.8,92100.4,111989,116749
fanout,0,191,152,"n23m0236.hpc.itc.rwth-aachen.de",1,4194304,50,87485.2,89742.6,90861.8,92770.2,92676.3,108475,110772
fanout,0,191,153,"n23m0236.hpc.itc.rwth-aachen.de",1,4194304,50,88014.2,89865.3,91433.2,95214.5,93681.2,112647,117866
fanout,0,191,154,"n23m0236.hpc.itc.rwth-aachen.de",1,4194304,50,88356,90470.5,92075,93960.2,93663,108752,111747
fanout,0,191,155,"n23m0236.hpc.itc.rwth-aachen.de",1,4194304,50,88614.2,90476.1,92295,93785.2,93585.1,110855,115197
fanout,0,191,156,"n23m0236.hpc.itc.rwth-aachen.de",1,4194304,50,89258.6,91069.5,92788.8,93231.2,93709.4,95977.2,112126
fanout,0,191,157,"n23m0236.hpc.itc.rwth-aachen.de",1,4194304,50,89324.7,91341.6,93092.3,94530.4,94734.6,110614,114606
fanout,0,191,158,"n23m0236.hpc.itc.rwth-aachen.de",1,4194304,50,89476.4,91813.9,93362.9,95677.1,95325.4,112277,115565
fanout,0,191,159,"n23m0236.hpc.itc.rwth-aachen.de",1,4194304,50,90406.7,92641.2,94496.7,96890,96326,110160,112075
fanout,0,191,160,"n23m0236.hpc.itc.rwth-aachen.de",1,4194304,50,90861.3,93275.3,94636.7,97743.7,96705.3,112538,117358
fanout,0,191,161,"n23m0236.hpc.itc.rwth-aachen.de",1,4194304,50,91487.4,94000.1,94919,96727.4,96687,110191,111551
fanout,0,191,162,"n23m0236.hpc.itc.rwth-aachen.de",1,4194304,50,90562.4,93514.9,94789.7,95672.8,96166.8,105027,114820
fanout,0,191,163,"n23m0236.hpc.itc.rwth-aachen.de",1,4194304,50,91050.1,93926.7,95232.4,96227.5,97065.5,105422,113023
fanout,0,191,164,"n23m0236.hpc.itc.rwth-aachen.de",1,4194304,50,91068.3,94270.2,95670.3,96804.9,97419.6,108118,112806
fanout,0,191,165,"n23m0236.hpc.itc.rwth-aachen.de",1,4194304,50,91409.2,94692.9,96575.4,98504.3,98598.3,111251,113077
fanout,0,191,166,"n23m0236.hpc.itc.rwth-aachen.de",1,4194304,50,92628.2,95734.5,97199.8,98748.1,99603.3,109744,112037
fanout,0,191,167,"n23m0236.hpc.itc.rwth-aachen.de",1,4194304,50,93534.7,96670.9,97836.9,99333.8,100209,108682,110398
fanout,0,191,168,"n23m0236.hpc.itc.rwth-aachen.de",1,4194304,50,92749.3,96062.2,97163.7,98573.9,99198.5,111267,112754
fanout,0,191,169,"n23m0236.hpc.itc.rwth-aachen.de",1,4194304,50,94215.5,97549.5,98451.2,99991.9,100761,110705,112629
fanout,0,191,170,"n23m0236.hpc.itc.rwth-aachen.de",1,4194304,50,94915.9,97730,99004.8,102172,107657,112955,115176
fanout,0,191,171,"n23m0236.hpc.itc.rwth-aachen.de",1,4194304,50,93714.9,98248.7,99476.3,102212,107397,112606,113588
fanout,0,191,172,"n23m0236.hpc.itc.rwth-aachen.de",1,4194304,50,95143.8,98257.7,99356.1,101875,106858,111431,112778
fanout,0,191,173,"n23m0236.hpc.itc.rwth-aachen.de",1,4194304,50,95769.9,98407.8,100190,102532,108847,112043,115271
fanout,0,191,174,"n23m0236.hpc.itc.rwth-aachen.de",1,4194304,50,96646.7,99479.3,100857,102214,104387,111536,114007
fanout,0,191,175,"n23m0236.hpc.itc.rwth-aachen.de",1,4194304,50,94507.4,99628.2,101037,102854,107018,111166,112864
fanout,0,191,176,"n23m0236.hpc.itc.rwth-aachen.de",1,4194304,50,94355.5,99203.9,100614,101356,101864,109777,113571
fanout,0,191,177,"n23m0236.hpc.itc.rwth-aachen.de",1,4194304,50,94889.3,99733.1,101094,102261,103103,112824,113955
fanout,0,191,178,"n23m0236.hpc.itc.rwth-aachen.de",1,4194304,50,95529.1,99837.2,101348,101852,102773,109064,109902
fanout,0,191,179,"n23m0236.hpc.itc.rwth-aachen.de",1,4194304,50,95980.3,100439,101888,102682,103403,111206,115209
fanout,0,191,180,"n23m0236.hpc.itc.rwth-aachen.de",1,4194304,50,96460.9,100879,102419,102361,103568,107202,110629
fanout,0,191,181,"n23m0236.hpc.itc.rwth-aachen.de",1,4194304,50,72419.4,100975,102424,102547,104008,110803,116230
fanout,0,191,182,"n23m0236.hpc.itc.rwth-aachen.de",1,4194304,50,97142.8,101400,102908,103125,104181,110096,112436
fanout,0,191,183,"n23m0236.hpc.itc.rwth-aachen.de",1,4194304,50,97203.9,101940,103657,104111,104981,112255,113645
fanout,0,191,184,"n23m0236.hpc.itc.rwth-aachen.de",1,4194304,50,97751.9,102200,104274,106149,106092,120371,155917
fanout,0,191,185,"n23m0236.hpc.itc.rwth-aachen.de",1,4194304,50,98072.4,102546,104602,105117,107486,112873,114618
fanout,0,191,186,"n23m0236.hpc.itc.rwth-aachen.de",1,4194304,50,98496.8,103293,104297,105255,107111,111248,112799
fanout,0,191,187,"n23m0236.hpc.itc.rwth-aachen.de",1,4194304,50,99113.6,103263,104497,105922,107834,113456,117992
fanout,0,191,188,"n23m0236.hpc.itc.rwth-aachen.de",1,4194304,50,99445.4,103815,104916,105183,106169,109700,112059
fanout,0,191,189,"n23m0236.hpc.itc.rwth-aachen.de",1,4194304,50,99311.8,104854,106018,106139,107147,111837,114640
fanout,0,191,190,"n23m0236.hpc.itc.rwth-aachen.de",1,4194304,50,99486,104790,105922,105859,107333,109875,110410
fanout,0,191,191,"n23m0236.hpc.itc.rwth-aachen.de",1,4194304,50,99750.2,104940,106492,106494,107936,111375,113860
full_duplex,0,191,1,"n23m0223.hpc.itc.rwth-aachen.de",0,4194304,50,310589,312114,313358,313650,315016,316904,317900
full_duplex,0,191,2,"n23m0223.hpc.itc.rwth-aachen.de",0,4194304,50,310012,311568,312867,313109,314496,316349,317336
full_duplex,0,191,3,"n23m0223.hpc.itc.rwth-aachen.de",0,4194304,50,309156,310489,311855,312149,313329,315379,316725
full_duplex,0,191,4,"n23m0223.hpc.itc.rwth-aachen.de",0,4194304,50,306874,309761,311069,311173,312546,314518,315235
full_duplex,0,191,5,"n23m0223.hpc.itc.rwth-aachen.de",0,4194304,50,195787,198041,307368,255964,308768,311918,313572
full_duplex,0,191,6,"n23m0223.hpc.itc.rwth-aachen.de",0,4194304,50,196483,197002,197702,198032,198792,200713,201524
full_duplex,0,191,7,"n23m0223.hpc.itc.rwth-aachen.de",0,4194304,50,196977,197664,198377,200792,199311,201289,311747
full_duplex,0,191,8,"n23m0223.hpc.itc.rwth-aachen.de",0,4194304,50,197699,198317,199014,199246,199934,201912,202595
full_duplex,0,191,9,"n23m0223.hpc.itc.rwth-aachen.de",0,4194304,50,197988,198698,199383,199604,200267,202260,203061
full_duplex,0,191,10,"n23m0223.hpc.itc.rwth-aachen.de",0,4194304,50,198388,199184,199904,204312,200775,203462,310114
full_duplex,0,191,11,"n23m0223.hpc.itc.rwth-aachen.de",0,4194304,50,198894,199646,200318,200535,201194,203155,203851
full_duplex,0,191,12,"n23m0223.hpc.itc.rwth-aachen.de",0,4194304,50,199356,200140,200886,202947,201628,203683,300064
full_duplex,0,191,13,"n23m0223.hpc.itc.rwth-aachen.de",0,4194304,50,199819,200564,201355,207662,202122,258972,309722
full_duplex,0,191,14,"n23m0223.hpc.itc.rwth-aachen.de",0,4194304,50,200314,201004,201736,201898,202518,204389,205224
full_duplex,0,191,15,"n23m0223.hpc.itc.rwth-aachen.de",0,4194304,50,200728,201523,202283,204332,203023,205376,299701
full_duplex,0,191,16,"n23m0223.hpc.itc.rwth-aachen.de",0,4194304,50,201251,201928,202679,202836,203473,205335,206118
full_duplex,0,191,17,"n23m0223.hpc.itc.rwth-aachen.de",0,4194304,50,201725,202403,203134,203305,203935,205805,206624
full_duplex,0,191,18,"n23m0223.hpc.itc.rwth-aachen.de",0,4194304,50,202148,202858,203612,203770,204396,206275,207077
full_duplex,0,191,19,"n23m0223.hpc.itc.rwth-aachen.de",0,4194304,50,202654,203379,204095,204263,204877,206771,207555
full_duplex,0,191,20,"n23m0223.hpc.itc.rwth-aachen.de",0,4194304,50,203112,203797,204526,204702,205335,207230,208062
full_duplex,0,191,21,"n23m0223.hpc.itc.rwth-aachen.de",0,4194304,50,203580,204256,205050,207129,205806,208358,302449
full_duplex,0,191,22,"n23m0223.hpc.itc.rwth-aachen.de",0,4194304,50,204037,204741,205499,205638,206259,208215,208953
full_duplex,0,191,23,"n23m0223.hpc.itc.rwth-aachen.de",0,4194304,50,204529,205175,206015,208101,206726,209351,306090
full_duplex,0,191,24,"n23m0223.hpc.itc.rwth-aachen.de",0,4194304,50,205067,205693,206460,206610,207207,209181,209992
full_duplex,0,191,25,"n23m0223.hpc.itc.rwth-aachen.de",0,4194304,50,205540,206232,206972,207115,207739,209682,210420
full_duplex,0,191,26,"n23m0223.hpc.itc.rwth-aachen.de",0,4194304,50,206028,206634,207587,211444,208215,210867,305604
full_duplex,0,191,27,"n23m0223.hpc.itc.rwth-aachen.de",0,4194304,50,206505,207103,208239,211890,208695,211384,305262
full_duplex,0,191,28,"n23m0223.hpc.itc.rwth-aachen.de",0,4194304,50,206994,207568,208362,210459,209164,211102,308247
full_duplex,0,191,29,"n23m0223.hpc.itc.rwth-aachen.de",0,4194304,50,207453,208078,208894,210908,209640,212254,303518
full_duplex,0,191,30,"n23m0223.hpc.itc.rwth-aachen.de",0,4194304,50,207933,208540,209359,211497,210137,212741,309978
full_duplex,0,191,31,"n23m0223.hpc.itc.rwth-aachen.de",0,4194304,50,208464,209058,209861,210011,210637,212580,213466
full_duplex,0,191,32,"n23m0223.hpc.itc.rwth-aachen.de",0,4194304,50,208892,209533,210388,214415,211148,213867,310331
full_duplex,0,191,33,"n23m0223.hpc.itc.rwth-aachen.de",0,4194304,50,209436,210042,211008,216680,211651,263764,307787
full_duplex,0,191,34,"n23m0223.hpc.itc.rwth-aachen.de",0,4194304,50,209882,210488,211314,213218,212081,214046,302677
full_duplex,0,191,35,"n23m0223.hpc.itc.rwth-aachen.de",0,4194304,50,210381,211115,212289,223073,212713,304635,304841
full_duplex,0,191,36,"n23m0223.hpc.itc.rwth-aachen.de",0,4194304,50,210790,211564,212383,217970,213183,262378,310672
full_duplex,0,191,37,"n23m0223.hpc.itc.rwth-aachen.de",0,4194304,50,211285,212078,213002,220310,213643,302855,307817
full_duplex,0,191,38,"n23m0223.hpc.itc.rwth-aachen.de",0,4194304,50,211786,212525,213415,219170,214033,266780,311705
full_duplex,0,191,39,"n23m0223.hpc.itc.rwth-aachen.de",0,4194304,50,212321,213037,213979,219475,214548,264757,310894
full_duplex,0,191,40,"n23m0223.hpc.itc.rwth-aachen.de",0,4194304,50,212885,213586,214480,218110,215133,217794,305837
full_duplex,0,191,41,"n23m0223.hpc.itc.rwth-aachen.de",0,4194304,50,213440,214173,215114,220516,215751,265649,307242
full_duplex,0,191,42,"n23m0223.hpc.itc.rwth-aachen.de",0,4194304,50,213943,214739,215642,221044,216219,264584,310183
full_duplex,0,191,43,"n23m0223.hpc.itc.rwth-aachen.de",0,4194304,50,214524,215279,216242,221358,216824,264756,304906
full_duplex,0,191,44,"n23m0223.hpc.itc.rwth-aachen.de",0,4194304,50,214949,215716,216543,220209,217279,219621,308530
full_duplex,0,191,45,"n23m0223.hpc.itc.rwth-aachen.de",0,4194304,50,215502,216171,217110,220648,217794,220422,304441
full_duplex,0,191,46,"n23m0223.hpc.itc.rwth-aachen.de",0,4194304,50,216072,216760,217743,224857,218438,305683,310879
full_duplex,0,191,47,"n23m0223.hpc.itc.rwth-aachen.de",0,4194304,50,216536,217310,218091,225128,218982,300975,310747
full_duplex,0,191,48,"n23m0223.hpc.itc.rwth-aachen.de",0,4194304,50,217281,218016,219001,226048,219707,303997,311936
full_duplex,0,191,49,"n23m0223.hpc.itc.rwth-aachen.de",0,4194304,50,218116,218759,219790,233972,220661,309871,313598
full_duplex,0,191,50,"n23m0223.hpc.itc.rwth-aachen.de",0,4194304,50,218872,219638,220532,225569,221288,265300,308922
full_duplex,0,191,51,"n23m0223.hpc.itc.rwth-aachen.de",0,4194304,50,219047,220415,221416,235210,222377,310853,313351
full_duplex,0,191,52,"n23m0223.hpc.itc.rwth-aachen.de",0,4194304,50,219929,221225,222050,230787,222798,309553,311945
full_duplex,0,191,53,"n23m0223.hpc.itc.rwth-aachen.de",0,4194304,50,220798,222075,223020,227953,223751,269923,309191
full_duplex,0,191,54,"n23m0223.hpc.itc.rwth-aachen.de",0,4194304,50,221672,222926,223897,232290,224683,308261,315570
full_duplex,0,191,55,"n23m0223.hpc.itc.rwth-aachen.de",0,4194304,50,222518,223821,224656,233131,225581,309682,311671
full_duplex,0,191,56,"n23m0223.hpc.itc.rwth-aachen.de",0,4194304,50,223376,224690,225661,236097,226518,302545,306106
full_duplex,0,191,57,"n23m0223.hpc.itc.rwth-aachen.de",0,4194304,50,224241,225825,226993,253976,305438,311333,313685
full_duplex,0,191,58,"n23m0223.hpc.itc.rwth-aachen.de",0,4194304,50,224905,226081,227098,244731,229386,311697,314379
full_duplex,0,191,59,"n23m0223.hpc.itc.rwth-aachen.de",0,4194304,50,225057,226778,227817,238693,228979,307734,312632
full_duplex,0,191,60,"n23m0223.hpc.itc.rwth-aachen.de",0,4194304,50,225939,227767,228839,236395,229526,306349,310419
full_duplex,0,191,61,"n23m0223.hpc.itc.rwth-aachen.de",0,4194304,50,226832,228540,229469,235891,230408,309362,313805
full_duplex,0,191,62,"n23m0223.hpc.itc.rwth-aachen.de",0,4194304,50,227732,229477,230392,236615,231266,308926,312117
full_duplex,0,191,63,"n23m0223.hpc.itc.rwth-aachen.de",0,4194304,50,228605,230349,231374,248386,233551,312090,315283
full_duplex,0,191,64,"n23m0223.hpc.itc.rwth-aachen.de",0,4194304,50,229694,231276,232280,245996,233559,311291,312116
full_duplex,0,191,65,"n23m0223.hpc.itc.rwth-aachen.de",0,4194304,50,230483,232163,232995,243530,234251,310773,312601
full_duplex,0,191,66,"n23m0223.hpc.itc.rwth-aachen.de",0,4194304,50,231389,232855,233918,241383,234945,308808,313527
full_duplex,0,191,67,"n23m0223.hpc.itc.rwth-aachen.de",0,4194304,50,232301,233665,234530,240737,235504,311400,315820
full_duplex,0,191,68,"n23m0223.hpc.itc.rwth-aachen.de",0,4194304,50,233150,234612,235648,244459,236807,309348,314634
full_duplex,0,191,69,"n23m0223.hpc.itc.rwth-aachen.de",0,4194304,50,234060,235470,236500,246607,237644,310084,314944
full_duplex,0,191,70,"n23m0223.hpc.itc.rwth-aachen.de",0,4194304,50,234948,236324,237371,243028,238326,307394,312425
full_duplex,0,191,71,"n23m0223.hpc.itc.rwth-aachen.de",0,4194304,50,235845,237326,238664,252563,239994,311125,311957
full_duplex,0,191,72,"n23m0223.hpc.itc.rwth-aachen.de",0,4194304,50,236777,238346,239573,254721,241373,311675,313926
full_duplex,0,191,73,"n23m0223.hpc.itc.rwth-aachen.de",0,4194304,50,237417,238950,239587,246723,240780,310369,312756
full_duplex,0,191,74,"n23m0223.hpc.itc.rwth-aachen.de",0,4194304,50,238343,239925,240584,247740,241870,310012,313984
full_duplex,0,191,75,"n23m0223.hpc.itc.rwth-aachen.de",0,4194304,50,239151,240798,241850,251063,242832,309494,312759
full_duplex,0,191,76,"n23m0223.hpc.itc.rwth-aachen.de",0,4194304,50,240068,241588,242525,247854,243498,305063,315967
full_duplex,0,191,77,"n23m0223.hpc.itc.rwth-aachen.de",0,4194304,50,240997,242404,243517,252559,244641,310877,312345
full_duplex,0,191,78,"n23m0223.hpc.itc.rwth-aachen.de",0,4194304,50,241920,243447,244884,255861,246093,309220,311224
full_duplex,0,191,79,"n23m0223.hpc.itc.rwth-aachen.de",0,4194304,50,242859,244254,245342,254045,246567,310276,312151
full_duplex,0,191,80,"n23m0223.hpc.itc.rwth-aachen.de",0,4194304,50,243769,245131,245701,250854,247259,305022,310507
full_duplex,0,191,81,"n23m0223.hpc.itc.rwth-aachen.de",0,4194304,50,244712,246145,247182,256862,248609,309936,311956
full_duplex,0,191,82,"n23m0223.hpc.itc.rwth-aachen.de",0,4194304,50,245466,247029,247675,255164,248786,310012,311538
full_duplex,0,191,83,"n23m0223.hpc.itc.rwth-aachen.de",0,4194304,50,246172,247917,248545,253574,249748,308771,313650
full_duplex,0,191,84,"n23m0223.hpc.itc.rwth-aachen.de",0,4194304,50,246998,248690,250112,261173,251474,308295,311868
full_duplex,0,191,85,"n23m0223.hpc.itc.rwth-aachen.de",0,4194304,50,247946,249459,250644,257152,251727,306291,309973
full_duplex,0,191,86,"n23m0223.hpc.itc.rwth-aachen.de",0,4194304,50,248886,250554,251580,260005,252769,307733,310077
full_duplex,0,191,87,"n23m0223.hpc.itc.rwth-aachen.de",0,4194304,50,249414,251341,252388,258784,253714,308235,309455
full_duplex,0,191,88,"n23m0223.hpc.itc.rwth-aachen.de",0,4194304,50,250335,252282,253284,262765,254992,307897,308961
full_duplex,0,191,89,"n23m0223.hpc.itc.rwth-aachen.de",0,4194304,50,251112,253029,253836,258336,254834,307277,316062
full_duplex,0,191,90,"n23m0223.hpc.itc.rwth-aachen.de",0,4194304,50,252050,254160,254840,262069,256185,306757,309667
full_duplex,0,191,91,"n23m0223.hpc.itc.rwth-aachen.de",0,4194304,50,253045,255018,255743,260790,256729,307123,308885
full_duplex,0,191,92,"n23m0223.hpc.itc.rwth-aachen.de",0,4194304,50,253960,256203,257112,267293,259162,305486,311950
full_duplex,0,191,93,"n23m0223.hpc.itc.rwth-aachen.de",0,4194304,50,254925,256689,257580,263507,258837,307356,314737
full_duplex,0,191,94,"n23m0223.hpc.itc.rwth-aachen.de",0,4194304,50,255426,257452,258524,264282,259672,307540,312816
full_duplex,0,191,95,"n23m0223.hpc.itc.rwth-aachen.de",0,4194304,50,256424,258433,259876,270563,262042,311943,313982
full_duplex,0,191,96,"n23m0236.hpc.itc.rwth-aachen.de",1,4194304,50,257451,259472,260414,268859,263015,307593,311445
full_duplex,0,191,97,"n23m0236.hpc.itc.rwth-aachen.de",1,4194304,50,259442,260893,262134,274103,297393,309924,311519
full_duplex,0,191,98,"n23m0236.hpc.itc.rwth-aachen.de",1,4194304,50,259762,261478,262961,272792,287723,306771,310213
full_duplex,0,191,99,"n23m0236.hpc.itc.rwth-aachen.de",1,4194304,50,258428,261884,263343,276754,299692,309210,311005
full_duplex,0,191,100,"n23m0236.hpc.itc.rwth-aachen.de",1,4194304,50,258752,261587,263375,270415,265159,310069,312183
full_duplex,0,191,101,"n23m0236.hpc.itc.rwth-aachen.de",1,4194304,50,259837,261984,263181,269769,265248,309064,311462
full_duplex,0,191,102,"n23m0236.hpc.itc.rwth-aachen.de",1,4194304,50,259836,262736,264063,274630,288700,310525,314917
full_duplex,0,191,103,"n23m0236.hpc.itc.rwth-aachen.de",1,4194304,50,260445,263045,264241,272267,266711,306040,314004
full_duplex,0,191,104,"n23m0236.hpc.itc.rwth-aachen.de",1,4194304,50,260709,263038,264305,275474,296605,311219,314191
full_duplex,0,191,105,"n23m0236.hpc.itc.rwth-aachen.de",1,4194304,50,261089,264154,265858,279154,304528,310885,312181
full_duplex,0,191,106,"n23m0236.hpc.itc.rwth-aachen.de",1,4194304,50,262195,265481,268402,281568,300715,310774,311404
full_duplex,0,191,107,"n23m0236.hpc.itc.rwth-aachen.de",1,4194304,50,262013,265401,267598,280372,300162,310414,314857
full_duplex,0,191,108,"n23m0236.hpc.itc.rwth-aachen.de",1,4194304,50,263000,265778,266551,273400,268566,305631,307687
full_duplex,0,191,109,"n23m0236.hpc.itc.rwth-aachen.de",1,4194304,50,263386,266010,267084,277193,293733,309975,313700
full_duplex,0,191,110,"n23m0236.hpc.itc.rwth-aachen.de",1,4194304,50,263813,265913,267124,275533,288366,305021,310440
full_duplex,0,191,111,"n23m0236.hpc.itc.rwth-aachen.de",1,4194304,50,263045,266429,267599,275939,272159,307349,310818
full_duplex,0,191,112,"n23m0236.hpc.itc.rwth-aachen.de",1,4194304,50,263269,266294,268113,277858,296549,310231,314928
full_duplex,0,191,113,"n23m0236.hpc.itc.rwth-aachen.de",1,4194304,50,263686,267501,268654,281004,302966,309779,310664
full_duplex,0,191,114,"n23m0236.hpc.itc.rwth-aachen.de",1,4194304,50,263699,266609,267791,274395,269751,304757,309000
full_duplex,0,191,115,"n23m0236.hpc.itc.rwth-aachen.de",1,4194304,50,264794,267784,269377,277682,274225,310236,314954
full_duplex,0,191,116,"n23m0236.hpc.itc.rwth-aachen.de",1,4194304,50,264578,268305,269778,279650,298630,309197,312134
full_duplex,0,191,117,"n23m0236.hpc.itc.rwth-aachen.de",1,4194304,50,265459,268723,270481,280708,299751,307722,309421
full_duplex,0,191,118,"n23m0236.hpc.itc.rwth-aachen.de",1,4194304,50,266104,269731,270983,280971,298702,308670,309579
full_duplex,0,191,119,"n23m0236.hpc.itc.rwth-aachen.de",1,4194304,50,266710,268732,270752,279372,293892,309360,313325
full_duplex,0,191,120,"n23m0236.hpc.itc.rwth-aachen.de",1,4194304,50,267438,270010,271982,281866,299829,306435,311153
full_duplex,0,191,121,"n23m0236.hpc.itc.rwth-aachen.de",1,4194304,50,266053,269742,271436,280109,297244,306553,310382
full_duplex,0,191,122,"n23m0236.hpc.itc.rwth-aachen.de",1,4194304,50,266811,270854,272242,280951,299596,308401,310277
full_duplex,0,191,123,"n23m0236.hpc.itc.rwth-aachen.de",1,4194304,50,266845,270243,271787,278986,290702,308747,310840
full_duplex,0,191,124,"n23m0236.hpc.itc.rwth-aachen.de",1,4194304,50,267558,271009,272591,279714,291186,305062,310582
full_duplex,0,191,125,"n23m0236.hpc.itc.rwth-aachen.de",1,4194304,50,267918,270727,272788,278482,274986,306283,309101
full_duplex,0,191,126,"n23m0236.hpc.itc.rwth-aachen.de",1,4194304,50,268290,271451,273175,277203,274642,307820,310438
full_duplex,0,191,127,"n23m0236.hpc.itc.rwth-aachen.de",1,4194304,50,268322,270964,273274,279062,275590,308242,312537
full_duplex,0,191,128,"n23m0236.hpc.itc.rwth-aachen.de",1,4194304,50,269157,271625,273520,276242,275057,299782,306638
full_duplex,0,191,129,"n23m0236.hpc.itc.rwth-aachen.de",1,4194304,50,269727,272357,274474,281288,279224,310820,311728
full_duplex,0,191,130,"n23m0236.hpc.itc.rwth-aachen.de",1,4194304,50,269708,272508,274659,280867,290703,306167,307796
full_duplex,0,191,131,"n23m0236.hpc.itc.rwth-aachen.de",1,4194304,50,270170,273203,275943,284971,300618,308961,317560
full_duplex,0,191,132,"n23m0236.hpc.itc.rwth-aachen.de",1,4194304,50,270099,273734,275673,281078,280008,305729,310002
full_duplex,0,191,133,"n23m0236.hpc.itc.rwth-aachen.de",1,4194304,50,271136,274311,276577,284433,299846,311392,312922
full_duplex,0,191,134,"n23m0236.hpc.itc.rwth-aachen.de",1,4194304,50,271824,274780,277263,285462,300258,308422,310189
full_duplex,0,191,135,"n23m0236.hpc.itc.rwth-aachen.de",1,4194304,50,272282,274907,277678,286836,299890,310206,312043
full_duplex,0,191,136,"n23m0236.hpc.itc.rwth-aachen.de",1,4194304,50,272025,275287,277903,284460,297164,308757,309532
full_duplex,0,191,137,"n23m0236.hpc.itc.rwth-aachen.de",1,4194304,50,272422,275342,278077,284461,299463,309395,316267
full_duplex,0,191,138,"n23m0236.hpc.itc.rwth-aachen.de",1,4194304,50,272718,275551,278268,284846,298331,309663,313043
full_duplex,0,191,139,"n23m0236.hpc.itc.rwth-aachen.de",1,4194304,50,272494,276072,278722,284699,298374,306388,312730
full_duplex,0,191,140,"n23m0236.hpc.itc.rwth-aachen.de",1,4194304,50,273018,276154,278243,284987,298358,310594,312531
full_duplex,0,191,141,"n23m0236.hpc.itc.rwth-aachen.de",1,4194304,50,273339,276727,279140,285426,297010,309491,313292
full_duplex,0,191,142,"n23m0236.hpc.itc.rwth-aachen.de",1,4194304,50,273950,276661,278957,283364,282385,308325,312003
full_duplex,0,191,143,"n23m0236.hpc.itc.rwth-aachen.de",1,4194304,50,274923,277754,280011,284635,283121,307446,310917
full_duplex,0,191,144,"n23m0236.hpc.itc.rwth-aachen.de",1,4194304,50,275162,277283,279197,282297,281161,302642,308229
full_duplex,0,191,145,"n23m0236.hpc.itc.rwth-aachen.de",1,4194304,50,275797,278223,280301,283525,282675,304436,308849
full_duplex,0,191,146,"n23m0236.hpc.itc.rwth-aachen.de",1,4194304,50,274242,278239,279738,282898,281880,304585,308367
full_duplex,0,191,147,"n23m0236.hpc.itc.rwth-aachen.de",1,4194304,50,275163,278555,281164,287034,295965,310718,314748
full_duplex,0,191,148,"n23m0236.hpc.itc.rwth-aachen.de",1,4194304,50,274838,279676,282565,288214,299895,308225,311054
full_duplex,0,191,149,"n23m0236.hpc.itc.rwth-aachen.de",1,4194304,50,276484,280042,281637,285596,285802,304204,310847
full_duplex,0,191,150,"n23m0236.hpc.itc.rwth-aachen.de",1,4194304,50,276350,280040,281814,286835,286286,309010,311791
full_duplex,0,191,151,"n23m0236.hpc.itc.rwth-aachen.de",1,4194304,50,276797,280155,281976,287711,294602,308962,311425
full_duplex,0,191,152,"n23m0236.hpc.itc.rwth-aachen.de",1,4194304,50,276573,280803,284368,290203,300654,308262,314031
full_duplex,0,191,153,"n23m0236.hpc.itc.rwth-aachen.de",1,4194304,50,277044,281051,284185,288518,295917,308051,311259
full_duplex,0,191,154,"n23m0236.hpc.itc.rwth-aachen.de",1,4194304,50,277930,280894,283199,287170,287830,308289,314628
full_duplex,0,191,155,"n23m0236.hpc.itc.rwth-aachen.de",1,4194304,50,277940,281236,282706,285430,285951,302297,309244
full_duplex,0,191,156,"n23m0236.hpc.itc.rwth-aachen.de",1,4194304,50,278323,281705,283752,288244,288269,308011,314574
full_duplex,0,191,157,"n23m0236.hpc.itc.rwth-aachen.de",1,4194304,50,277941,282054,283919,286091,286811,298233,311059
full_duplex,0,191,158,"n23m0236.hpc.itc.rwth-aachen.de",1,4194304,50,278195,282675,285172,289356,292278,310154,312533
full_duplex,0,191,159,"n23m0236.hpc.itc.rwth-aachen.de",1,4194304,50,278906,282880,285078,288664,290851,309389,311458
full_duplex,0,191,160,"n23m0236.hpc.itc.rwth-aachen.de",1,4194304,50,279426,283297,286166,290861,300008,307781,310876
full_duplex,0,191,161,"n23m0236.hpc.itc.rwth-aachen.de",1,4194304,50,280342,284068,286610,290276,295986,306032,311432
full_duplex,0,191,162,"n23m0236.hpc.itc.rwth-aachen.de",1,4194304,50,280558,283912,286534,290366,296342,307520,316110
full_duplex,0,191,163,"n23m0236.hpc.itc.rwth-aachen.de",1,4194304,50,280650,284384,286121,288821,289591,307191,310508
full_duplex,0,191,164,"n23m0236.hpc.itc.rwth-aachen.de",1,4194304,50,281033,284906,287030,291302,297262,309576,315137
full_duplex,0,191,165,"n23m0236.hpc.itc.rwth-aachen.de",1,4194304,50,281615,285299,287207,290331,290983,306467,308489
full_duplex,0,191,166,"n23m0236.hpc.itc.rwth-aachen.de",1,4194304,50,282076,286014,288726,291663,293625,308448,315269
full_duplex,0,191,167,"n23m0236.hpc.itc.rwth-aachen.de",1,4194304,50,282976,286839,290441,294019,301309,309368,312335
full_duplex,0,191,168,"n23m0236.hpc.itc.rwth-aachen.de",1,4194304,50,284399,290126,298788,299042,307525,311578,313156
full_duplex,0,191,169,"n23m0236.hpc.itc.rwth-aachen.de",1,4194304,50,284686,292335,299056,298311,303443,309512,313839
full_duplex,0,191,170,"n23m0236.hpc.itc.rwth-aachen.de",1,4194304,50,284608,291368,298666,297760,303935,309004,312474
full_duplex,0,191,171,"n23m0236.hpc.itc.rwth-aachen.de",1,4194304,50,283680,287830,291381,293521,298662,306893,313345
full_duplex,0,191,172,"n23m0236.hpc.itc.rwth-aachen.de",1,4194304,50,283508,287072,289600,292595,296574,305583,310801
full_duplex,0,191,173,"n23m0236.hpc.itc.rwth-aachen.de",1,4194304,50,284359,287845,290129,293845,298996,309073,311996
full_duplex,0,191,174,"n23m0236.hpc.itc.rwth-aachen.de",1,4194304,50,284694,288133,291175,293927,298688,308827,312055
full_duplex,0,191,175,"n23m0236.hpc.itc.rwth-aachen.de",1,4194304,50,285413,288458,290951,293352,295325,307675,310370
full_duplex,0,191,176,"n23m0236.hpc.itc.rwth-aachen.de",1,4194304,50,285311,288635,291128,293151,294782,307897,313140
full_duplex,0,191,177,"n23m0236.hpc.itc.rwth-aachen.de",1,4194304,50,285823,289188,291400,293419,294389,307864,315254
full_duplex,0,191,178,"n23m0236.hpc.itc.rwth-aachen.de",1,4194304,50,286450,289644,291697,293966,295735,308365,311297
full_duplex,0,191,179,"n23m0236.hpc.itc.rwth-aachen.de",1,4194304,50,287132,290381,292719,294941,296817,310405,315066
full_duplex,0,191,180,"n23m0236.hpc.itc.rwth-aachen.de",1,4194304,50,287390,290436,292345,294391,295673,309916,312752
full_duplex,0,191,181,"n23m0236.hpc.itc.rwth-aachen.de",1,4194304,50,287543,291404,293615,295381,297240,307047,312008
full_duplex,0,191,182,"n23m0236.hpc.itc.rwth-aachen.de",1,4194304,50,288435,291304,293904,296171,297780,310113,313743
full_duplex,0,191,183,"n23m0236.hpc.itc.rwth-aachen.de",1,4194304,50,288821,291947,295732,296984,300651,308225,308952
full_duplex,0,191,184,"n23m0236.hpc.itc.rwth-aachen.de",1,4194304,50,289291,292374,295155,296369,298439,308828,313016
full_duplex,0,191,185,"n23m0236.hpc.itc.rwth-aachen.de",1,4194304,50,289068,292387,296488,297220,299400,308735,313640
full_duplex,0,191,186,"n23m0236.hpc.itc.rwth-aachen.de",1,4194304,50,289582,292873,295316,296858,299356,309170,313732
full_duplex,0,191,187,"n23m0236.hpc.itc.rwth-aachen.de",1,4194304,50,290335,291912,295106,296232,298982,308458,312451
full_duplex,0,191,188,"n23m0236.hpc.itc.rwth-aachen.de",1,4194304,50,290579,293740,296856,298362,300858,310948,315389
full_duplex,0,191,189,"n23m0236.hpc.itc.rwth-aachen.de",1,4194304,50,291965,294157,295258,296410,299075,301323,304008
full_duplex,0,191,190,"n23m0236.hpc.itc.rwth-aachen.de",1,4194304,50,291489,294845,297610,299471,301886,311899,313541
full_duplex,0,191,191,"n23m0236.hpc.itc.rwth-aachen.de",1,4194304,50,291388,295197,297434,297826,300454,304058,305703
immediate_response,0,191,1,"n23m0223.hpc.itc.rwth-aachen.de",0,4194304,50,308333,314480,316347,316712,319215,322420,325225
immediate_response,0,191,2,"n23m0223.hpc.itc.rwth-aachen.de",0,4194304,50,307145,313300,315131,315504,317996,321200,323991
immediate_response,0,191,3,"n23m0223.hpc.itc.rwth-aachen.de",0,4194304,50,305917,312001,313926,314213,316485,319907,322667
immediate_response,0,191,4,"n23m0223.hpc.itc.rwth-aachen.de",0,4194304,50,5950.64,271233,277363,277942,284249,314913,316712
immediate_response,0,191,5,"n23m0223.hpc.itc.rwth-aachen.de",0,4194304,50,192878,201956,207049,211597,211423,258281,287071
immediate_response,0,191,6,"n23m0223.hpc.itc.rwth-aachen.de",0,4194304,50,5516.27,5728.2,5816.86,43883.3,6011.49,220718,264713
immediate_response,0,191,7,"n23m0223.hpc.itc.rwth-aachen.de",0,4194304,50,6241.86,6848.48,7001.1,39177.4,7112.57,246627,283756
immediate_response,0,191,8,"n23m0223.hpc.itc.rwth-aachen.de",0,4194304,50,7457.11,8028.74,8196.89,42546,8495.88,224482,271896
immediate_response,0,191,9,"n23m0223.hpc.itc.rwth-aachen.de",0,4194304,50,8602.01,9000.27,9374.86,42926.6,9727.3,208624,266640
immediate_response,0,191,10,"n23m0223.hpc.itc.rwth-aachen.de",0,4194304,50,9758.4,10092.9,10540.9,51091.6,11008.3,224222,248111
immediate_response,0,191,11,"n23m0223.hpc.itc.rwth-aachen.de",0,4194304,50,3479.37,11290.4,11520.2,51999.7,11872.2,254051,283585
immediate_response,0,191,12,"n23m0223.hpc.itc.rwth-aachen.de",0,4194304,50,11340.6,12544.9,12774.2,28861.4,13124.4,206581,230403
immediate_response,0,191,13,"n23m0223.hpc.itc.rwth-aachen.de",0,4194304,50,12459.8,13601,13945.4,46548.7,14674.7,213790,272851
immediate_response,0,191,14,"n23m0223.hpc.itc.rwth-aachen.de",0,4194304,50,13510,14713.2,15111.5,54642.1,16082.4,218451,236597
immediate_response,0,191,15,"n23m0223.hpc.itc.rwth-aachen.de",0,4194304,50,14952,15797.1,16399.3,72592.9,152281,268803,284306
immediate_response,0,191,16,"n23m0223.hpc.itc.rwth-aachen.de",0,4194304,50,15359,16831.6,17310.1,44301.4,17908.3,212905,237334
immediate_response,0,191,17,"n23m0223.hpc.itc.rwth-aachen.de",0,4194304,50,16453.3,17957.1,18451.7,42824.2,18880.1,210538,273898
immediate_response,0,191,18,"n23m0223.hpc.itc.rwth-aachen.de",0,4194304,50,17513.3,19078.7,19457.2,34911.4,19938.7,201075,229388
immediate_response,0,191,19,"n23m0223.hpc.itc.rwth-aachen.de",0,4194304,50,18569.1,20169.9,20670.4,32450.7,21136.7,118124,234628
immediate_response,0,191,20,"n23m0223.hpc.itc.rwth-aachen.de",0,4194304,50,19658.1,21387.3,21807,54769.3,22579.9,224943,280945
immediate_response,0,191,21,"n23m0223.hpc.itc.rwth-aachen.de",0,4194304,50,20728.1,22616.9,23236.2,80446.6,206140,240805,269045
immediate_response,0,191,22,"n23m0223.hpc.itc.rwth-aachen.de",0,4194304,50,21805.5,23596.2,24169.2,72992.8,25774,249705,253431
immediate_response,0,191,23,"n23m0223.hpc.itc.rwth-aachen.de",0,4194304,50,22983.1,24721.6,25135.3,36601,25522.5,120366,253988
immediate_response,0,191,24,"n23m0223.hpc.itc.rwth-aachen.de",0,4194304,50,23522.3,25930.8,26354.3,56487.3,26910.7,212536,276984
immediate_response,0,191,25,"n23m0223.hpc.itc.rwth-aachen.de",0,4194304,50,24601.8,26999,27551.6,65886.3,28145.3,232158,268839
immediate_response,0,191,26,"n23m0223.hpc.itc.rwth-aachen.de",0,4194304,50,25684,27898.6,28516.4,53746.1,29194,214403,229523
immediate_response,0,191,27,"n23m0223.hpc.itc.rwth-aachen.de",0,4194304,50,19190.7,28970,29645.7,66643,30915.5,219875,261381
immediate_response,0,191,28,"n23m0223.hpc.itc.rwth-aachen.de",0,4194304,50,27765.2,30043.5,30852.7,75318.7,32376.5,234147,266121
immediate_response,0,191,29,"n23m0223.hpc.itc.rwth-aachen.de",0,4194304,50,28267.8,31118.1,31973.4,83320.2,196729,237143,274012
immediate_response,0,191,30,"n23m0223.hpc.itc.rwth-aachen.de",0,4194304,50,29346.3,32187.9,32857.5,65168.9,33758.1,210500,261929
immediate_response,0,191,31,"n23m0223.hpc.itc.rwth-aachen.de",0,4194304,50,30427.8,33245,33974.5,59302.7,34891.8,218581,234876
immediate_response,0,191,32,"n23m0223.hpc.itc.rwth-aachen.de",0,4194304,50,31483,34086.7,35051.4,59105.3,35968.7,207353,239900
immediate_response,0,191,33,"n23m0223.hpc.itc.rwth-aachen.de",0,4194304,50,32567.9,35210.1,36110.7,63962.2,37100,242073,276174
immediate_response,0,191,34,"n23m0223.hpc.itc.rwth-aachen.de",0,4194304,50,33594.5,36280.3,37322.3,76546.2,38932.1,223950,264889
immediate_response,0,191,35,"n23m0223.hpc.itc.rwth-aachen.de",0,4194304,50,34716.4,37373.8,38163,63334.9,39360.1,230318,239008
immediate_response,0,191,36,"n23m0223.hpc.itc.rwth-aachen.de",0,4194304,50,36074.5,38582,39697.1,90646.8,195322,252025,277198
immediate_response,0,191,37,"n23m0223.hpc.itc.rwth-aachen.de",0,4194304,50,36437.9,39567.9,40416.9,70462.1,42075.5,213099,234457
immediate_response,0,191,38,"n23m0223.hpc.itc.rwth-aachen.de",0,4194304,50,37625.8,41061.3,42511.2,94482,195584,254024,267501
immediate_response,0,191,39,"n23m0223.hpc.itc.rwth-aachen.de",0,4194304,50,38924.7,42607.3,43787.4,93835.2,196487,229485,278574
immediate_response,0,191,40,"n23m0223.hpc.itc.rwth-aachen.de",0,4194304,50,40883.2,43833.3,45477.4,113257,206198,248554,274605
immediate_response,0,191,41,"n23m0223.hpc.itc.rwth-aachen.de",0,4194304,50,41569.7,44309.6,45354.3,82850.3,46847.9,212397,284304
immediate_response,0,191,42,"n23m0223.hpc.itc.rwth-aachen.de",0,4194304,50,43070.6,44958.4,46465,91162.6,48249.1,269582,274650
immediate_response,0,191,43,"n23m0223.hpc.itc.rwth-aachen.de",0,4194304,50,36999.3,46054,47671.2,78601.1,49249.6,239200,269858
immediate_response,0,191,44,"n23m0223.hpc.itc.rwth-aachen.de",0,4194304,50,43908.9,47413.5,48858.4,70710.5,50252.8,210442,225202
immediate_response,0,191,45,"n23m0223.hpc.itc.rwth-aachen.de",0,4194304,50,45078.2,48563.9,49721.3,80390.6,51394.8,231316,273107
immediate_response,0,191,46,"n23m0223.hpc.itc.rwth-aachen.de",0,4194304,50,46206.3,49621,50759.7,73246.2,52324.3,237411,287502
immediate_response,0,191,47,"n23m0223.hpc.itc.rwth-aachen.de",0,4194304,50,47425.3,50597.6,51920.2,85843.2,53622.4,231380,264891
immediate_response,0,191,48,"n23m0223.hpc.itc.rwth-aachen.de",0,4194304,50,49952.7,53057,54211.1,111615,212267,293955,304828
immediate_response,0,191,49,"n23m0223.hpc.itc.rwth-aachen.de",0,4194304,50,49883.5,53902.4,55875.5,128789,234866,309509,314309
immediate_response,0,191,50,"n23m0223.hpc.itc.rwth-aachen.de",0,4194304,50,51472,55101.3,56811,106615,58629.8,308443,314045
immediate_response,0,191,51,"n23m0223.hpc.itc.rwth-aachen.de",0,4194304,50,53179.9,57044,58378.9,98229.8,60121.9,308646,311636
immediate_response,0,191,52,"n23m0223.hpc.itc.rwth-aachen.de",0,4194304,50,54887.6,59471.2,60327.4,117057,201105,305129,310255
immediate_response,0,191,53,"n23m0223.hpc.itc.rwth-aachen.de",0,4194304,50,57422.3,59964,61915.3,110728,167528,295726,307428
immediate_response,0,191,54,"n23m0223.hpc.itc.rwth-aachen.de",0,4194304,50,57752.2,62159.2,63949.7,131523,218557,305294,317099
immediate_response,0,191,55,"n23m0223.hpc.itc.rwth-aachen.de",0,4194304,50,59449.1,63914.1,65170.1,115214,66630.1,302204,314565
immediate_response,0,191,56,"n23m0223.hpc.itc.rwth-aachen.de",0,4194304,50,61141.8,64715.8,66350.1,103561,68039.6,299493,316825
immediate_response,0,191,57,"n23m0223.hpc.itc.rwth-aachen.de",0,4194304,50,62885.4,67216.5,68516.3,128300,239768,311589,314616
immediate_response,0,191,58,"n23m0223.hpc.itc.rwth-aachen.de",0,4194304,50,65693.2,68989.6,70273.9,134942,236508,304376,310619
immediate_response,0,191,59,"n23m0223.hpc.itc.rwth-aachen.de",0,4194304,50,59897.4,69460.7,71831.3,121817,210697,302215,308772
immediate_response,0,191,60,"n23m0223.hpc.itc.rwth-aachen.de",0,4194304,50,67469.2,71643.2,73179.2,114302,74588.2,304494,311141
immediate_response,0,191,61,"n23m0223.hpc.itc.rwth-aachen.de",0,4194304,50,70231.2,73066,74827,112287,76504,303787,315044
immediate_response,0,191,62,"n23m0223.hpc.itc.rwth-aachen.de",0,4194304,50,70728.9,74436.1,76650.7,127317,203527,304863,309620
immediate_response,0,191,63,"n23m0223.hpc.itc.rwth-aachen.de",0,4194304,50,72470.8,76896.6,78618.2,132339,204502,305741,312881
immediate_response,0,191,64,"n23m0223.hpc.itc.rwth-aachen.de",0,4194304,50,74967.8,77736.8,79553.5,132519,214861,302776,309828
immediate_response,0,191,65,"n23m0223.hpc.itc.rwth-aachen.de",0,4194304,50,75757.5,79191,80840.8,109095,82851.1,246677,309595
immediate_response,0,191,66,"n23m0223.hpc.itc.rwth-aachen.de",0,4194304,50,77708.7,81489.8,84009.8,151958,242905,310665,313809
immediate_response,0,191,67,"n23m0223.hpc.itc.rwth-aachen.de",0,4194304,50,79409.6,83923.9,85262.5,136630,214615,309370,313376
immediate_response,0,191,68,"n23m0223.hpc.itc.rwth-aachen.de",0,4194304,50,81132,84901.9,86593.3,125378,88728.7,290299,309359
immediate_response,0,191,69,"n23m0223.hpc.itc.rwth-aachen.de",0,4194304,50,83569.3,86860.6,87908.8,138295,198994,291816,305626
immediate_response,0,191,70,"n23m0223.hpc.itc.rwth-aachen.de",0,4194304,50,84391.1,88367,89520.6,133015,209468,275557,313393
immediate_response,0,191,71,"n23m0223.hpc.itc.rwth-aachen.de",0,4194304,50,85348.7,89675.1,91403.6,149719,223373,308697,312233
immediate_response,0,191,72,"n23m0223.hpc.itc.rwth-aachen.de",0,4194304,50,86117.7,91174.5,92195.4,124904,94617.7,305713,314626
immediate_response,0,191,73,"n23m0223.hpc.itc.rwth-aachen.de",0,4194304,50,87844.3,92718.5,94147,134024,96833.7,296422,311310
immediate_response,0,191,74,"n23m0223.hpc.itc.rwth-aachen.de",0,4194304,50,89582.7,93550.7,95320.1,123062,96725.4,308948,310439
immediate_response,0,191,75,"n23m0223.hpc.itc.rwth-aachen.de",0,4194304,50,83750.1,95529.8,96982,125895,99097.4,263362,316261
immediate_response,0,191,76,"n23m0223.hpc.itc.rwth-aachen.de",0,4194304,50,93338.4,98183.4,100098,167434,237502,308496,311313
immediate_response,0,191,77,"n23m0223.hpc.itc.rwth-aachen.de",0,4194304,50,94116.2,98921.2,100264,130256,102194,273084,313532
immediate_response,0,191,78,"n23m0223.hpc.itc.rwth-aachen.de",0,4194304,50,95846.6,100468,101854,129764,103933,287438,310257
immediate_response,0,191,79,"n23m0223.hpc.itc.rwth-aachen.de",0,4194304,50,97562.5,101305,103461,154463,239979,311495,313459
immediate_response,0,191,80,"n23m0223.hpc.itc.rwth-aachen.de",0,4194304,50,99255.5,103132,104780,143495,107866,309602,313547
immediate_response,0,191,81,"n23m0223.hpc.itc.rwth-aachen.de",0,4194304,50,100946,105966,107407,158966,252783,310209,315011
immediate_response,0,191,82,"n23m0223.hpc.itc.rwth-aachen.de",0,4194304,50,102134,106681,108244,147899,111294,311083,312225
immediate_response,0,191,83,"n23m0223.hpc.itc.rwth-aachen.de",0,4194304,50,103971,108448,109861,159939,225359,308644,312812
immediate_response,0,191,84,"n23m0223.hpc.itc.rwth-aachen.de",0,4194304,50,105426,109246,111762,164358,248920,310146,315679
immediate_response,0,191,85,"n23m0223.hpc.itc.rwth-aachen.de",0,4194304,50,107129,112271,113796,162470,215692,311134,318466
immediate_response,0,191,86,"n23m0223.hpc.itc.rwth-aachen.de",0,4194304,50,108847,112706,114743,158169,208781,305417,312032
immediate_response,0,191,87,"n23m0223.hpc.itc.rwth-aachen.de",0,4194304,50,110167,114258,116684,172008,238134,309613,315129
immediate_response,0,191,88,"n23m0223.hpc.itc.rwth-aachen.de",0,4194304,50,111733,116319,118096,157237,194959,307349,310889
immediate_response,0,191,89,"n23m0223.hpc.itc.rwth-aachen.de",0,4194304,50,113418,117439,119450,154944,122214,307331,311424
immediate_response,0,191,90,"n23m0223.hpc.itc.rwth-aachen.de",0,4194304,50,115143,119181,121635,169386,235141,309670,311725
immediate_response,0,191,91,"n23m0223.hpc.itc.rwth-aachen.de",0,4194304,50,117003,121847,124220,181342,235165,309097,311972
immediate_response,0,191,92,"n23m0223.hpc.itc.rwth-aachen.de",0,4194304,50,117671,121452,124753,163292,207950,303785,313459
immediate_response,0,191,93,"n23m0223.hpc.itc.rwth-aachen.de",0,4194304,50,119375,125306,126500,174026,227107,303694,312183
immediate_response,0,191,94,"n23m0223.hpc.itc.rwth-aachen.de",0,4194304,50,121119,125473,127815,150292,129516,248705,312744
immediate_response,0,191,95,"n23m0223.hpc.itc.rwth-aachen.de",0,4194304,50,122648,126838,128475,159372,199489,291222,309192
immediate_response,0,191,96,"n23m0236.hpc.itc.rwth-aachen.de",1,4194304,50,223489,239809,258506,264993,283601,312957,319891
immediate_response,0,191,97,"n23m0236.hpc.itc.rwth-aachen.de",1,4194304,50,209599,288318,298507,292170,306844,313968,315979
immediate_response,0,191,98,"n23m0236.hpc.itc.rwth-aachen.de",1,4194304,50,237782,251250,261631,262683,270317,291125,307851
immediate_response,0,191,99,"n23m0236.hpc.itc.rwth-aachen.de",1,4194304,50,212596,259064,265413,265082,273613,301023,318724
immediate_response,0,191,100,"n23m0236.hpc.itc.rwth-aachen.de",1,4194304,50,233479,293660,302861,296389,309173,313631,317833
immediate_response,0,191,101,"n23m0236.hpc.itc.rwth-aachen.de",1,4194304,50,221260,241245,253252,267939,295983,315961,318322
immediate_response,0,191,102,"n23m0236.hpc.itc.rwth-aachen.de",1,4194304,50,207861,243174,258643,262199,286405,307174,313924
immediate_response,0,191,103,"n23m0236.hpc.itc.rwth-aachen.de",1,4194304,50,223208,268396,295367,282422,301449,311316,322336
immediate_response,0,191,104,"n23m0236.hpc.itc.rwth-aachen.de",1,4194304,50,226195,268407,275529,276040,286211,310653,319129
immediate_response,0,191,105,"n23m0236.hpc.itc.rwth-aachen.de",1,4194304,50,202821,243216,267498,267349,300160,314596,317003
immediate_response,0,191,106,"n23m0236.hpc.itc.rwth-aachen.de",1,4194304,50,205881,240348,269583,269165,294637,314064,317213
immediate_response,0,191,107,"n23m0236.hpc.itc.rwth-aachen.de",1,4194304,50,188174,234477,256313,262171,295119,310577,313969
immediate_response,0,191,108,"n23m0236.hpc.itc.rwth-aachen.de",1,4194304,50,236987,275658,295255,287979,305834,313916,315719
immediate_response,0,191,109,"n23m0236.hpc.itc.rwth-aachen.de",1,4194304,50,221149,255796,260789,265624,272842,303497,313610
immediate_response,0,191,110,"n23m0236.hpc.itc.rwth-aachen.de",1,4194304,50,212103,257903,272275,274254,291643,310820,319224
immediate_response,0,191,111,"n23m0236.hpc.itc.rwth-aachen.de",1,4194304,50,204544,249592,273568,274019,306931,312829,320059
immediate_response,0,191,112,"n23m0236.hpc.itc.rwth-aachen.de",1,4194304,50,221313,249669,274693,272158,287006,310581,320138
immediate_response,0,191,113,"n23m0236.hpc.itc.rwth-aachen.de",1,4194304,50,223763,259155,294149,283253,308325,315793,319192
immediate_response,0,191,114,"n23m0236.hpc.itc.rwth-aachen.de",1,4194304,50,238442,290992,299753,294375,308865,312848,317192
immediate_response,0,191,115,"n23m0236.hpc.itc.rwth-aachen.de",1,4194304,50,250365,298748,303586,302310,309586,314987,318275
immediate_response,0,191,116,"n23m0236.hpc.itc.rwth-aachen.de",1,4194304,50,241660,301686,306215,302619,309978,312899,315001
immediate_response,0,191,117,"n23m0236.hpc.itc.rwth-aachen.de",1,4194304,50,230166,247556,260562,263505,279042,300001,314933
immediate_response,0,191,118,"n23m0236.hpc.itc.rwth-aachen.de",1,4194304,50,209533,249873,260342,262078,271859,298937,310270
immediate_response,0,191,119,"n23m0236.hpc.itc.rwth-aachen.de",1,4194304,50,282248,297595,307612,304419,310399,316562,317301
immediate_response,0,191,120,"n23m0236.hpc.itc.rwth-aachen.de",1,4194304,50,224079,299134,306966,301917,310285,315475,316540
immediate_response,0,191,121,"n23m0236.hpc.itc.rwth-aachen.de",1,4194304,50,233562,297739,306680,300890,310386,314913,318904
immediate_response,0,191,122,"n23m0236.hpc.itc.rwth-aachen.de",1,4194304,50,215667,220931,237812,242199,251322,298086,311504
immediate_response,0,191,123,"n23m0236.hpc.itc.rwth-aachen.de",1,4194304,50,235217,247333,283939,276409,305064,312894,316665
immediate_response,0,191,124,"n23m0236.hpc.itc.rwth-aachen.de",1,4194304,50,192926,247394,258524,259178,268983,296952,312354
immediate_response,0,191,125,"n23m0236.hpc.itc.rwth-aachen.de",1,4194304,50,220390,244203,253596,253515,261617,277462,296142
immediate_response,0,191,126,"n23m0236.hpc.itc.rwth-aachen.de",1,4194304,50,214607,245236,263212,264391,281870,302512,316579
immediate_response,0,191,127,"n23m0236.hpc.itc.rwth-aachen.de",1,4194304,50,204792,240621,250211,255723,260333,308419,314526
immediate_response,0,191,128,"n23m0236.hpc.itc.rwth-aachen.de",1,4194304,50,223421,268894,289225,286451,308469,313416,323137
immediate_response,0,191,129,"n23m0236.hpc.itc.rwth-aachen.de",1,4194304,50,213216,262971,278350,277464,290931,314438,320772
immediate_response,0,191,130,"n23m0236.hpc.itc.rwth-aachen.de",1,4194304,50,231075,287973,298723,293120,309457,317027,320151
immediate_response,0,191,131,"n23m0236.hpc.itc.rwth-aachen.de",1,4194304,50,213605,275363,294086,286791,309570,314392,317675
immediate_response,0,191,132,"n23m0236.hpc.itc.rwth-aachen.de",1,4194304,50,239435,278289,293594,287199,302116,313337,315903
immediate_response,0,191,133,"n23m0236.hpc.itc.rwth-aachen.de",1,4194304,50,209089,257473,266319,267139,272986,299233,313706
immediate_response,0,191,134,"n23m0236.hpc.itc.rwth-aachen.de",1,4194304,50,229526,291731,297909,295152,308350,315990,317629
immediate_response,0,191,135,"n23m0236.hpc.itc.rwth-aachen.de",1,4194304,50,240589,283638,298912,290847,306280,315558,319265
immediate_response,0,191,136,"n23m0236.hpc.itc.rwth-aachen.de",1,4194304,50,250674,297757,303952,302074,310275,315780,318578
immediate_response,0,191,137,"n23m0236.hpc.itc.rwth-aachen.de",1,4194304,50,228721,250026,254579,258260,265968,281678,309349
immediate_response,0,191,138,"n23m0236.hpc.itc.rwth-aachen.de",1,4194304,50,206286,251428,266494,269632,290920,314004,318450
immediate_response,0,191,139,"n23m0236.hpc.itc.rwth-aachen.de",1,4194304,50,259119,294292,303269,301151,307332,316163,320254
immediate_response,0,191,140,"n23m0236.hpc.itc.rwth-aachen.de",1,4194304,50,232927,261271,266695,268325,273737,304927,313701
immediate_response,0,191,141,"n23m0236.hpc.itc.rwth-aachen.de",1,4194304,50,245288,264846,290344,285189,302597,314450,322756
immediate_response,0,191,142,"n23m0236.hpc.itc.rwth-aachen.de",1,4194304,50,213890,258677,270380,276935,296282,315324,318174
immediate_response,0,191,143,"n23m0236.hpc.itc.rwth-aachen.de",1,4194304,50,217818,284003,295007,290552,300347,311581,313328
immediate_response,0,191,144,"n23m0236.hpc.itc.rwth-aachen.de",1,4194304,50,234947,254684,264021,264243,271212,302376,312782
immediate_response,0,191,145,"n23m0236.hpc.itc.rwth-aachen.de",1,4194304,50,226978,250134,257369,257300,264867,275098,296504
immediate_response,0,191,146,"n23m0236.hpc.itc.rwth-aachen.de",1,4194304,50,213828,284850,297568,292980,306240,315877,322301
immediate_response,0,191,147,"n23m0236.hpc.itc.rwth-aachen.de",1,4194304,50,230707,253385,258453,262718,267227,306264,314181
immediate_response,0,191,148,"n23m0236.hpc.itc.rwth-aachen.de",1,4194304,50,234533,250068,256972,261742,267778,302676,311206
immediate_response,0,191,149,"n23m0236.hpc.itc.rwth-aachen.de",1,4194304,50,208273,259246,264712,265080,270791,292661,313138
immediate_response,0,191,150,"n23m0236.hpc.itc.rwth-aachen.de",1,4194304,50,256545,294379,302885,299689,307595,317583,321669
immediate_response,0,191,151,"n23m0236.hpc.itc.rwth-aachen.de",1,4194304,50,249707,285461,290875,291343,300958,313219,318397
immediate_response,0,191,152,"n23m0236.hpc.itc.rwth-aachen.de",1,4194304,50,213891,290089,300484,294744,308995,314225,319780
immediate_response,0,191,153,"n23m0236.hpc.itc.rwth-aachen.de",1,4194304,50,195688,222142,241474,238936,249730,281448,306045
immediate_response,0,191,154,"n23m0236.hpc.itc.rwth-aachen.de",1,4194304,50,251076,271744,292863,287385,300530,311811,315193
immediate_response,0,191,155,"n23m0236.hpc.itc.rwth-aachen.de",1,4194304,50,218615,251481,261994,259664,269560,292219,312253
immediate_response,0,191,156,"n23m0236.hpc.itc.rwth-aachen.de",1,4194304,50,259173,286828,299510,295908,305811,313779,317979
immediate_response,0,191,157,"n23m0236.hpc.itc.rwth-aachen.de",1,4194304,50,232207,250834,260218,261180,269665,293117,309202
immediate_response,0,191,158,"n23m0236.hpc.itc.rwth-aachen.de",1,4194304,50,253107,273905,299124,290316,304412,313681,321164
immediate_response,0,191,159,"n23m0236.hpc.itc.rwth-aachen.de",1,4194304,50,171986,272724,293144,286301,301510,311590,318692
immediate_response,0,191,160,"n23m0236.hpc.itc.rwth-aachen.de",1,4194304,50,255918,276289,284388,287807,304656,315994,319730
immediate_response,0,191,161,"n23m0236.hpc.itc.rwth-aachen.de",1,4194304,50,262219,281557,290539,290952,299383,314721,317560
immediate_response,0,191,162,"n23m0236.hpc.itc.rwth-aachen.de",1,4194304,50,204789,259069,265892,267667,274436,308407,313646
immediate_response,0,191,163,"n23m0236.hpc.itc.rwth-aachen.de",1,4194304,50,235566,281519,294871,293143,309318,315555,317048
immediate_response,0,191,164,"n23m0236.hpc.itc.rwth-aachen.de",1,4194304,50,258230,282311,294317,291820,303461,313677,321563
immediate_response,0,191,165,"n23m0236.hpc.itc.rwth-aachen.de",1,4194304,50,181233,279401,298057,286466,304744,314764,316849
immediate_response,0,191,166,"n23m0236.hpc.itc.rwth-aachen.de",1,4194304,50,210199,276696,287243,281972,299169,309550,320744
immediate_response,0,191,167,"n23m0236.hpc.itc.rwth-aachen.de",1,4194304,50,219254,259777,275534,269772,281895,302111,312628
immediate_response,0,191,168,"n23m0236.hpc.itc.rwth-aachen.de",1,4194304,50,220451,274308,285023,282641,292291,311963,316520
immediate_response,0,191,169,"n23m0236.hpc.itc.rwth-aachen.de",1,4194304,50,241820,277286,285273,287717,302403,313516,315198
immediate_response,0,191,170,"n23m0236.hpc.itc.rwth-aachen.de",1,4194304,50,181585,232626,241489,244947,257569,274352,317624
immediate_response,0,191,171,"n23m0236.hpc.itc.rwth-aachen.de",1,4194304,50,243304,264896,280617,281140,297662,310802,318497
immediate_response,0,191,172,"n23m0236.hpc.itc.rwth-aachen.de",1,4194304,50,222433,260005,267568,270249,281649,300646,306045
immediate_response,0,191,173,"n23m0236.hpc.itc.rwth-aachen.de",1,4194304,50,269518,288635,297896,297367,306713,316291,321095
immediate_response,0,191,174,"n23m0236.hpc.itc.rwth-aachen.de",1,4194304,50,231797,279544,290130,288244,297272,311097,313272
immediate_response,0,191,175,"n23m0236.hpc.itc.rwth-aachen.de",1,4194304,50,205722,246985,254248,253584,260878,269530,302923
immediate_response,0,191,176,"n23m0236.hpc.itc.rwth-aachen.de",1,4194304,50,230820,245344,256077,255032,262117,270938,311395
immediate_response,0,191,177,"n23m0236.hpc.itc.rwth-aachen.de",1,4194304,50,218640,245037,254063,256174,260881,293974,312875
immediate_response,0,191,178,"n23m0236.hpc.itc.rwth-aachen.de",1,4194304,50,188494,288456,295735,293742,304812,316418,317482
immediate_response,0,191,179,"n23m0236.hpc.itc.rwth-aachen.de",1,4194304,50,205877,283072,290925,288804,300214,313341,316279
immediate_response,0,191,180,"n23m0236.hpc.itc.rwth-aachen.de",1,4194304,50,259064,283072,293154,292318,302224,316063,319216
immediate_response,0,191,181,"n23m0236.hpc.itc.rwth-aachen.de",1,4194304,50,200925,243067,260177,258459,267609,306682,312030
immediate_response,0,191,182,"n23m0236.hpc.itc.rwth-aachen.de",1,4194304,50,201941,279540,289698,289428,304015,312586,315605
immediate_response,0,191,183,"n23m0236.hpc.itc.rwth-aachen.de",1,4194304,50,252790,286624,295125,294600,307324,315195,319639
immediate_response,0,191,184,"n23m0236.hpc.itc.rwth-aachen.de",1,4194304,50,195525,284912,293855,289694,302457,315001,319550
immediate_response,0,191,185,"n23m0236.hpc.itc.rwth-aachen.de",1,4194304,50,205950,243698,253895,255023,265240,298481,303702
immediate_response,0,191,186,"n23m0236.hpc.itc.rwth-aachen.de",1,4194304,50,216609,279080,299840,292574,306310,313032,314913
immediate_response,0,191,187,"n23m0236.hpc.itc.rwth-aachen.de",1,4194304,50,265248,288564,302131,299007,308792,314637,315722
immediate_response,0,191,188,"n23m0236.hpc.itc.rwth-aachen.de",1,4194304,50,253383,290237,304721,299884,308456,313141,319916
immediate_response,0,191,189,"n23m0236.hpc.itc.rwth-aachen.de",1,4194304,50,268809,286434,296029,296378,305956,316907,321997
immediate_response,0,191,190,"n23m0236.hpc.itc.rwth-aachen.de",1,4194304,50,226189,278183,288259,288180,295915,312939,316650
immediate_response,0,191,191,"n23m0236.hpc.itc.rwth-aachen.de",1,4194304,50,277482,302087,307021,305714,310571,314860,319425
