rank,hostname,cpu_id,cpu_affinity,cpu_numa_node,gpu_id,gpu_pci_bus_id,gpu_pci_numa_node,status,payload_bytes,payload_type,direction,iters,host_buf_numa_node,lat_min_us,lat_p25_us,lat_median_us,lat_p75_us,lat_iqr_us,lat_max_us,lat_mean_us,lat_stddev_us,bw_gibs_min,bw_gibs_p25,bw_gibs_median,bw_gibs_p75,bw_gibs_iqr,bw_gibs_max,bw_gibs_mean,bw_gibs_stddev,bw_gbps_median,gpu_dma_time_median_us
0,"n23g0021.hpc.itc.rwth-aachen.de",0,"0",0,0,0000:1b:00.0,0,"OK",4096,"latency","H2D",50,0,12.442,13.2625,13.6545,13.9277,0.66525,22.886,13.8321,1.50261,0.166683,0.273892,0.279375,0.287631,0.0137381,0.306598,0.27805,0.0213012,0.299977,7.456
0,"n23g0021.hpc.itc.rwth-aachen.de",0,"0",0,0,0000:1b:00.0,0,"OK",4096,"latency","D2H",50,0,11.924,12.583,13.041,13.3405,0.7575,14.202,13.037,0.52828,0.268603,0.285949,0.292516,0.303165,0.0172161,0.319918,0.293081,0.0117612,0.314086,6.816
0,"n23g0021.hpc.itc.rwth-aachen.de",0,"0",0,0,0000:1b:00.0,0,"OK",16777216,"bandwidth","H2D",50,0,340.452,565.366,615.089,676.289,110.923,841.29,592.654,132.525,18.5727,23.104,25.4028,27.637,4.53296,45.8949,28.133,8.13146,27.2761,608.576
0,"n23g0021.hpc.itc.rwth-aachen.de",0,"0",0,0,0000:1b:00.0,0,"OK",16777216,"bandwidth","D2H",50,0,429.538,723.62,809.059,910.635,187.015,1150.47,788.61,187.975,13.5814,17.1584,19.3126,21.5929,4.43451,36.3763,21.3437,6.66983,20.7367,802.096
0,"n23g0021.hpc.itc.rwth-aachen.de",0,"0",0,0,0000:1b:00.0,0,"OK",67108864,"bandwidth","H2D",50,0,1495.1,1502.42,1588.83,1591.04,88.6193,1595.34,1558.46,42.7985,39.1766,39.2826,39.3371,41.5997,2.31707,41.8034,40.1345,1.12011,42.2379,1582.75
0,"n23g0021.hpc.itc.rwth-aachen.de",0,"0",0,0,0000:1b:00.0,0,"OK",67108864,"bandwidth","D2H",50,0,1878.11,1889.93,1994.23,2000.92,110.99,2009.87,1958.53,54.2036,31.0966,31.2356,31.3403,33.07,1.83438,33.2782,31.9366,0.898335,33.6514,1988.16
0,"n23g0021.hpc.itc.rwth-aachen.de",0,"0",0,0,0000:1b:00.0,0,"OK",268435456,"bandwidth","H2D",50,0,5950.2,5958,5962.4,5967.34,9.34,5973.7,5962.75,5.71626,41.8501,41.8947,41.9294,41.9604,0.0656758,42.0154,41.927,0.0401917,45.0214,5956.32
0,"n23g0021.hpc.itc.rwth-aachen.de",0,"0",0,0,0000:1b:00.0,0,"OK",268435456,"bandwidth","D2H",50,0,7522.16,7533.54,7536.64,7540.2,6.6565,7554.48,7537.25,6.42691,33.0929,33.1556,33.1713,33.1849,0.0292957,33.2351,33.1686,0.0282796,35.6174,7530.61
0,"n23g0021.hpc.itc.rwth-aachen.de",0,"0",0,1,0000:2c:00.0,2,"OK",4096,"latency","H2D",50,0,13.085,13.6285,13.842,14.2863,0.65775,31.285,14.5126,2.90145,0.121934,0.267019,0.275589,0.279906,0.0128872,0.291532,0.268517,0.0288931,0.295912,7.424
0,"n23g0021.hpc.itc.rwth-aachen.de",0,"0",0,1,0000:2c:00.0,2,"OK",4096,"latency","D2H",50,0,12.537,13.5085,13.719,13.9545,0.446,23.722,13.9372,1.45563,0.160808,0.273367,0.27806,0.282392,0.00902555,0.304275,0.275589,0.0183339,0.298564,7.248
0,"n23g0021.hpc.itc.rwth-aachen.de",0,"0",0,1,0000:2c:00.0,2,"OK",16777216,"bandwidth","H2D",50,0,661.419,737.656,821.39,962.405,224.749,1246.37,854.122,145.002,12.5364,16.263,19.0226,21.1872,4.92423,23.6235,18.7882,2.95352,20.4254,814.688
0,"n23g0021.hpc.itc.rwth-aachen.de",0,"0",0,1,0000:2c:00.0,2,"OK",16777216,"bandwidth","D2H",50,0,917.974,1056.74,1145.76,1291.7,234.959,1724.47,1190.46,200.177,9.06074,12.0983,13.6372,14.7861,2.68777,17.0212,13.4738,2.1058,14.6428,1139.17
0,"n23g0021.hpc.itc.rwth-aachen.de",0,"0",0,1,0000:2c:00.0,2,"OK",67108864,"bandwidth","H2D",50,0,2070.31,2180.62,2183.25,2185.27,4.64575,2610.84,2202.42,84.9166,23.9387,28.6006,28.6271,28.6615,0.0609327,30.1887,28.4157,0.984645,30.7381,2177.01
0,"n23g0021.hpc.itc.rwth-aachen.de",0,"0",0,1,0000:2c:00.0,2,"OK",67108864,"bandwidth","D2H",50,0,2879.7,3040.64,3042.9,3046.13,5.48775,3481.09,3065.38,108.584,17.9541,20.5178,20.5396,20.5549,0.0370306,21.7036,20.4124,0.663007,22.0542,3036.58
0,"n23g0021.hpc.itc.rwth-aachen.de",0,"0",0,1,0000:2c:00.0,2,"OK",268435456,"bandwidth","H2D",50,0,8675.62,8685.04,8689.88,8694.41,9.37,8698.53,8689.35,5.73429,28.7405,28.7541,28.7691,28.7851,0.0310219,28.8164,28.7709,0.0189911,30.8906,8683.66
0,"n23g0021.hpc.itc.rwth-aachen.de",0,"0",0,1,0000:2c:00.0,2,"OK",268435456,"bandwidth","D2H",50,0,12093.5,12115.5,12120.1,12125.7,10.199,12138.2,12118.6,10.1019,20.5962,20.6174,20.6268,20.6347,0.017356,20.6723,20.6295,0.0172078,22.1479,12113.8
0,"n23g0021.hpc.itc.rwth-aachen.de",0,"0",0,2,0000:9d:00.0,4,"OK",4096,"latency","H2D",50,0,15.289,15.7445,16.027,16.1945,0.45,34.563,16.4522,2.6458,0.110369,0.235555,0.238017,0.242288,0.0067325,0.249506,0.234918,0.0193405,0.255569,8.384
0,"n23g0021.hpc.itc.rwth-aachen.de",0,"0",0,2,0000:9d:00.0,4,"OK",4096,"latency","D2H",50,0,14.902,15.5305,15.81,16.2,0.6695,17.208,15.8748,0.529812,0.221682,0.235475,0.241285,0.245626,0.010151,0.255986,0.240563,0.00792646,0.259077,8.256
0,"n23g0021.hpc.itc.rwth-aachen.de",0,"0",0,2,0000:9d:00.0,4,"OK",16777216,"bandwidth","H2D",50,0,822.651,836.119,838.596,841.771,5.652,848.684,838.656,4.86704,18.4109,18.5621,18.6323,18.6875,0.125476,18.9935,18.6316,0.108564,20.0063,830.8
0,"n23g0021.hpc.itc.rwth-aachen.de",0,"0",0,2,0000:9d:00.0,4,"OK",16777216,"bandwidth","D2H",50,0,1721.06,1727.73,1732.39,1737.85,10.1202,1752,1734.25,8.20441,8.91839,8.99098,9.01932,9.04364,0.0526646,9.07873,9.00985,0.0424742,9.68442,1724.22
0,"n23g0021.hpc.itc.rwth-aachen.de",0,"0",0,2,0000:9d:00.0,4,"OK",67108864,"bandwidth","H2D",50,0,3254.9,3274.85,3287.3,3299.98,25.123,3324.61,3287.48,15.5346,18.7992,18.9395,19.0126,19.0848,0.145295,19.2018,19.012,0.0898201,20.4146,3279.33
0,"n23g0021.hpc.itc.rwth-aachen.de",0,"0",0,2,0000:9d:00.0,4,"OK",67108864,"bandwidth","D2H",50,0,6139.57,6151.68,6155.13,6167.47,15.7845,6187.34,6158.88,11.0334,10.1013,10.1338,10.1541,10.1598,0.0260022,10.1799,10.148,0.0181678,10.9029,6146.7
0,"n23g0021.hpc.itc.rwth-aachen.de",0,"0",0,2,0000:9d:00.0,4,"OK",268435456,"bandwidth","H2D",50,0,12178.2,12467,13129.4,13426.8,959.772,13483.2,12918.8,486.437,18.5416,18.6195,19.0418,20.0529,1.43342,20.5285,19.3792,0.732868,20.4459,13122.7
0,"n23g0021.hpc.itc.rwth-aachen.de",0,"0",0,2,0000:9d:00.0,4,"OK",268435456,"bandwidth","D2H",50,0,22000.6,24600.8,25016.7,26593.1,1992.27,27788.6,25269.9,1687.37,8.99649,9.40095,9.99338,10.1623,0.761337,11.3633,9.93809,0.674503,10.7303,25008.9
0,"n23g0021.hpc.itc.rwth-aachen.de",0,"0",0,3,0000:ad:00.0,6,"OK",4096,"latency","H2D",50,0,14.15,14.6863,14.868,14.9865,0.30025,17.608,14.8903,0.491169,0.216646,0.254542,0.256571,0.259746,0.00520412,0.26959,0.25644,0.00772873,0.275491,7.968
0,"n23g0021.hpc.itc.rwth-aachen.de",0,"0",0,3,0000:ad:00.0,6,"OK",4096,"latency","D2H",50,0,14.116,14.5465,14.8325,15.0363,0.48975,20.2,15.0369,1.09465,0.188846,0.2537,0.257186,0.262242,0.00854163,0.270239,0.254762,0.0148206,0.276151,7.888
0,"n23g0021.hpc.itc.rwth-aachen.de",0,"0",0,3,0000:ad:00.0,6,"OK",16777216,"bandwidth","H2D",50,0,762.688,852.209,855.505,858.841,6.6315,867.925,845.389,29.4158,18.0027,18.1931,18.2641,18.3347,0.14157,20.4868,18.5067,0.692241,19.6109,847.504
0,"n23g0021.hpc.itc.rwth-aachen.de",0,"0",0,3,0000:ad:00.0,6,"OK",16777216,"bandwidth","D2H",50,0,1719.11,1727.02,1733.88,1741.41,14.3922,1763.73,1735.7,10.4711,8.85906,8.97262,9.0116,9.0474,0.0747744,9.08902,9.00243,0.0540749,9.67614,1726.19
0,"n23g0021.hpc.itc.rwth-aachen.de",0,"0",0,3,0000:ad:00.0,6,"OK",67108864,"bandwidth","H2D",50,0,3317.98,3326.47,3336.57,3346.63,20.1595,3381.46,3338.03,12.7395,18.4831,18.6755,18.7318,18.7887,0.11318,18.8368,18.7239,0.0712705,20.1131,3328.96
0,"n23g0021.hpc.itc.rwth-aachen.de",0,"0",0,3,0000:ad:00.0,6,"OK",67108864,"bandwidth","D2H",50,0,6136.72,6158.62,6166.51,6173.99,15.3665,6192.65,6165.55,11.2712,10.0926,10.1231,10.1354,10.1484,0.0252583,10.1846,10.137,0.0185448,10.8828,6159.1
0,"n23g0021.hpc.itc.rwth-aachen.de",0,"0",0,3,0000:ad:00.0,6,"OK",268435456,"bandwidth","H2D",50,0,11441.8,12200.7,12578.2,13234.8,1034.09,13497,12660.7,576.016,18.5226,18.8896,19.8757,20.4906,1.60102,21.8497,19.7875,0.909222,21.3413,12570.6
0,"n23g0021.hpc.itc.rwth-aachen.de",0,"0",0,3,0000:ad:00.0,6,"OK",268435456,"bandwidth","D2H",50,0,17492.5,19620,20244.7,21826.2,2206.18,24565.3,20493.9,1463.82,10.177,11.4541,12.3489,12.7421,1.28796,14.2919,12.2612,0.878432,13.2596,20237.6
1,"n23g0021.hpc.itc.rwth-aachen.de",1,"1",0,0,0000:1b:00.0,0,"OK",4096,"latency","H2D",50,0,12.583,13.1587,13.6045,13.9395,0.78075,17.26,13.6412,0.76369,0.221014,0.273661,0.2804,0.289898,0.0162371,0.303163,0.280435,0.0142038,0.301077,7.344
1,"n23g0021.hpc.itc.rwth-aachen.de",1,"1",0,0,0000:1b:00.0,0,"OK",4096,"latency","D2H",50,0,12.145,12.64,12.9485,13.35,0.71,21.095,13.1617,1.22189,0.180834,0.285748,0.294607,0.301796,0.0160476,0.314096,0.291551,0.0188436,0.316332,6.816
1,"n23g0021.hpc.itc.rwth-aachen.de",1,"1",0,0,0000:1b:00.0,0,"OK",16777216,"bandwidth","H2D",50,0,340.422,536.114,614.231,675.921,139.807,842.341,593.452,123.718,18.5495,23.1166,25.4383,29.1721,6.05545,45.8989,27.8128,7.3737,27.3142,607.584
1,"n23g0021.hpc.itc.rwth-aachen.de",1,"1",0,0,0000:1b:00.0,0,"OK",16777216,"bandwidth","D2H",50,0,429.84,684.992,778.962,911.66,226.668,1130.1,784.441,177.419,13.8263,17.1391,20.0589,22.8326,5.69349,36.3507,21.1957,5.90476,21.5381,774.176
1,"n23g0021.hpc.itc.rwth-aachen.de",1,"1",0,0,0000:1b:00.0,0,"OK",67108864,"bandwidth","H2D",50,0,1419.98,1497.7,1499.76,1501.45,3.75075,1508.12,1498.36,11.5482,41.4422,41.6263,41.6733,41.7306,0.104247,44.0146,41.7149,0.337766,44.7463,1493.71
1,"n23g0021.hpc.itc.rwth-aachen.de",1,"1",0,0,0000:1b:00.0,0,"OK",67108864,"bandwidth","D2H",50,0,1797.29,1880.63,1887.59,1890.51,9.8845,1894.25,1884.6,13.4667,32.9946,33.0598,33.1111,33.2336,0.173761,34.7747,33.1654,0.246613,35.5527,1880.99
1,"n23g0021.hpc.itc.rwth-aachen.de",1,"1",0,0,0000:1b:00.0,0,"OK",268435456,"bandwidth","H2D",50,0,5953.29,5962.46,5965.93,5968.73,6.26775,5974.56,5965.36,5.42903,41.8441,41.885,41.9046,41.929,0.0440295,41.9936,41.9086,0.0381536,44.9948,5959.86
1,"n23g0021.hpc.itc.rwth-aachen.de",1,"1",0,0,0000:1b:00.0,0,"OK",268435456,"bandwidth","D2H",50,0,7524.91,7531.13,7537.3,7542.34,11.2117,8297.75,7552.06,106.723,30.1287,33.1462,33.1684,33.1955,0.0493454,33.223,33.1096,0.426798,35.6143,7531.31
1,"n23g0021.hpc.itc.rwth-aachen.de",1,"1",0,1,0000:2c:00.0,2,"OK",4096,"latency","H2D",50,0,12.553,13.3178,13.6285,13.8563,0.5385,31.63,14.1706,2.76887,0.120604,0.275306,0.279906,0.286439,0.0111335,0.303887,0.27467,0.029063,0.300547,7.264
1,"n23g0021.hpc.itc.rwth-aachen.de",1,"1",0,1,0000:2c:00.0,2,"OK",4096,"latency","D2H",50,0,12.348,13.092,13.4545,13.6578,0.56575,14.289,13.3789,0.416846,0.266967,0.279306,0.283526,0.291377,0.0120704,0.308932,0.285407,0.00895256,0.304433,6.976
1,"n23g0021.hpc.itc.rwth-aachen.de",1,"1",0,1,0000:2c:00.0,2,"OK",16777216,"bandwidth","H2D",50,0,705.568,758.34,819.163,895.46,137.12,1110.42,851.174,116.521,14.0713,17.4491,19.0744,20.6042,3.15507,22.1453,18.6701,2.30335,20.4809,812.592
1,"n23g0021.hpc.itc.rwth-aachen.de",1,"1",0,1,0000:2c:00.0,2,"OK",16777216,"bandwidth","D2H",50,0,983.368,1060.93,1147.84,1261.82,200.895,1540.91,1193.36,164.002,10.1401,12.3829,13.6125,14.7277,2.3448,15.8893,13.32,1.66006,14.6163,1141.5
1,"n23g0021.hpc.itc.rwth-aachen.de",1,"1",0,1,0000:2c:00.0,2,"OK",67108864,"bandwidth","H2D",50,0,2067.88,2178.47,2181.11,2182.58,4.10975,2448.7,2187.27,51.2253,25.5237,28.6358,28.6552,28.6898,0.0540223,30.2243,28.5893,0.633864,30.7682,2174.77
1,"n23g0021.hpc.itc.rwth-aachen.de",1,"1",0,1,0000:2c:00.0,2,"OK",67108864,"bandwidth","D2H",50,0,2876.41,3037.47,3041.09,3044.19,6.72475,3419.34,3053.73,84.7532,18.2784,20.5309,20.5519,20.5763,0.0454537,21.7285,20.4816,0.535432,22.0674,3034.66
1,"n23g0021.hpc.itc.rwth-aachen.de",1,"1",0,1,0000:2c:00.0,2,"OK",268435456,"bandwidth","H2D",50,0,8677.15,8681.38,8685.04,8689.09,7.71,8705.7,8685.91,5.97338,28.7168,28.7717,28.7851,28.7973,0.0255524,28.8113,28.7823,0.0197808,30.9078,8678.5
1,"n23g0021.hpc.itc.rwth-aachen.de",1,"1",0,1,0000:2c:00.0,2,"OK",268435456,"bandwidth","D2H",50,0,12096.1,12110.6,12118.7,12125.3,14.699,12138.6,12118.1,10.5311,20.5955,20.6181,20.6292,20.6431,0.0250248,20.6678,20.6303,0.0179289,22.1504,12112.3
1,"n23g0021.hpc.itc.rwth-aachen.de",1,"1",0,2,0000:9d:00.0,4,"OK",4096,"latency","H2D",50,0,14.418,16.0265,16.1865,16.4348,0.40825,26.98,16.517,1.77492,0.14139,0.232112,0.235672,0.238024,0.00591231,0.264579,0.23281,0.0175429,0.25305,8.736
1,"n23g0021.hpc.itc.rwth-aachen.de",1,"1",0,2,0000:9d:00.0,4,"OK",4096,"latency","D2H",50,0,14.731,15.489,16.0075,16.16,0.671,17.546,15.8844,0.518335,0.217411,0.236058,0.238307,0.246284,0.0102262,0.258957,0.240408,0.00781847,0.25588,8.624
1,"n23g0021.hpc.itc.rwth-aachen.de",1,"1",0,2,0000:9d:00.0,4,"OK",16777216,"bandwidth","H2D",50,0,832.296,840.127,843.716,845.941,5.81325,857.014,843.696,4.86913,18.2319,18.4706,18.5193,18.5984,0.127807,18.7734,18.5203,0.106614,19.8849,835.6
1,"n23g0021.hpc.itc.rwth-aachen.de",1,"1",0,2,0000:9d:00.0,4,"OK",16777216,"bandwidth","D2H",50,0,1714.79,1727.54,1732.31,1739.35,11.8035,1755.31,1734.49,9.64013,8.90154,8.98328,9.01972,9.04465,0.0613703,9.11191,9.00869,0.0499144,9.68486,1724.5
1,"n23g0021.hpc.itc.rwth-aachen.de",1,"1",0,2,0000:9d:00.0,4,"OK",67108864,"bandwidth","H2D",50,0,3254.97,3277.12,3287.38,3295.2,18.0777,3303.53,3285.78,11.76,18.9192,18.967,19.0121,19.0716,0.104629,19.2014,19.0216,0.068199,20.4141,3279.63
1,"n23g0021.hpc.itc.rwth-aachen.de",1,"1",0,2,0000:9d:00.0,4,"OK",67108864,"bandwidth","D2H",50,0,6134.85,6164.18,6171.55,6176.61,12.4325,6192.99,6171.18,11.3234,10.092,10.1188,10.1271,10.1392,0.0204086,10.1877,10.1277,0.0185973,10.8739,6163.22
1,"n23g0021.hpc.itc.rwth-aachen.de",1,"1",0,2,0000:9d:00.0,4,"OK",268435456,"bandwidth","H2D",50,0,11967.9,12395.3,12992.8,13232.6,837.294,13463.8,12831.5,474.432,18.5683,18.8927,19.2415,20.1689,1.27619,20.8892,19.5101,0.727091,20.6604,12985
1,"n23g0021.hpc.itc.rwth-aachen.de",1,"1",0,2,0000:9d:00.0,4,"OK",268435456,"bandwidth","D2H",50,0,20203.1,22127.8,22824.3,24915.4,2787.62,27814,23554.2,2058.05,8.98827,10.0339,10.954,11.298,1.26406,12.3744,10.6942,0.924746,11.7618,22816.5
1,"n23g0021.hpc.itc.rwth-aachen.de",1,"1",0,3,0000:ad:00.0,6,"OK",4096,"latency","H2D",50,0,14.777,15.582,15.79,16.0397,0.45775,18.466,15.8849,0.582222,0.20658,0.237828,0.241589,0.244814,0.0069866,0.258151,0.240449,0.00827522,0.259405,8.48
1,"n23g0021.hpc.itc.rwth-aachen.de",1,"1",0,3,0000:ad:00.0,6,"OK",4096,"latency","D2H",50,0,14.884,15.5265,15.7625,16.138,0.6115,32.836,16.5256,3.08671,0.116174,0.23638,0.242011,0.245689,0.00930938,0.256295,0.235619,0.0259804,0.259857,8.624
1,"n23g0021.hpc.itc.rwth-aachen.de",1,"1",0,3,0000:ad:00.0,6,"OK",16777216,"bandwidth","H2D",50,0,846.883,854.201,856.287,861.219,7.0185,871.269,857.544,5.05983,17.9336,18.1429,18.2474,18.292,0.149068,18.45,18.2213,0.107129,19.593,848.304
1,"n23g0021.hpc.itc.rwth-aachen.de",1,"1",0,3,0000:ad:00.0,6,"OK",16777216,"bandwidth","D2H",50,0,1720.61,1729.86,1734.61,1741.03,11.1722,1762.75,1736.44,10.2475,8.86401,8.97458,9.0078,9.03254,0.0579553,9.08108,8.99859,0.0528641,9.67206,1727.02
1,"n23g0021.hpc.itc.rwth-aachen.de",1,"1",0,3,0000:ad:00.0,6,"OK",67108864,"bandwidth","H2D",50,0,3308.48,3328.59,3335.42,3349.91,21.3173,3364.25,3337.81,14.0818,18.5777,18.6572,18.7383,18.7767,0.119486,18.8909,18.7252,0.0790156,20.1201,3327.47
1,"n23g0021.hpc.itc.rwth-aachen.de",1,"1",0,3,0000:ad:00.0,6,"OK",67108864,"bandwidth","D2H",50,0,6157.25,6177.52,6183.54,6192.08,14.5575,6212.32,6184.58,10.8118,10.0607,10.0935,10.1075,10.1173,0.0237857,10.1506,10.1058,0.0176617,10.8528,6176.08
1,"n23g0021.hpc.itc.rwth-aachen.de",1,"1",0,3,0000:ad:00.0,6,"OK",268435456,"bandwidth","H2D",50,0,12355.8,12739,13121.1,13719.5,980.561,13756.4,13151.4,500.163,18.1734,18.2222,19.0537,19.6248,1.40262,20.2334,19.037,0.725764,20.4588,13114.2
1,"n23g0021.hpc.itc.rwth-aachen.de",1,"1",0,3,0000:ad:00.0,6,"OK",268435456,"bandwidth","D2H",50,0,19644.5,22736.3,24925.8,25919.8,3183.46,27791.4,24691,2140.77,8.99558,9.6453,10.0298,10.9961,1.35079,12.7262,10.2055,0.931165,10.7694,24918.3
2,"n23g0021.hpc.itc.rwth-aachen.de",2,"2",0,0,0000:1b:00.0,0,"OK",4096,"latency","H2D",50,0,12.808,13.255,13.762,13.9882,0.73325,24.671,14.1254,1.90991,0.154623,0.272708,0.277191,0.287793,0.0150854,0.297837,0.273294,0.0243417,0.297631,7.536
2,"n23g0021.hpc.itc.rwth-aachen.de",2,"2",0,0,0000:1b:00.0,0,"OK",4096,"latency","D2H",50,0,12.487,12.905,13.293,13.6188,0.71375,14.579,13.3028,0.491903,0.261657,0.280106,0.28697,0.295598,0.0154921,0.305493,0.287147,0.0105194,0.308132,7.024
2,"n23g0021.hpc.itc.rwth-aachen.de",2,"2",0,0,0000:1b:00.0,0,"OK",16777216,"bandwidth","H2D",50,0,344.034,537.15,615.879,678.032,140.882,846.789,616.544,96.9121,18.4521,23.0446,25.3703,29.112,6.06735,45.417,26.009,4.42414,27.2411,609.44
2,"n23g0021.hpc.itc.rwth-aachen.de",2,"2",0,0,0000:1b:00.0,0,"OK",16777216,"bandwidth","D2H",50,0,445.858,701.865,785.815,898.966,197.101,1154.56,810.286,146.606,13.5333,17.3811,19.884,22.2634,4.88231,35.0448,19.9346,3.75444,21.3503,776.352
2,"n23g0021.hpc.itc.rwth-aachen.de",2,"2",0,0,0000:1b:00.0,0,"OK",67108864,"bandwidth","H2D",50,0,1419.03,1497.93,1498.9,1501.18,3.24625,1504.83,1497.08,12.3132,41.533,41.634,41.6972,41.7242,0.0902274,44.0441,41.7508,0.35945,44.7721,1492.9
2,"n23g0021.hpc.itc.rwth-aachen.de",2,"2",0,0,0000:1b:00.0,0,"OK",67108864,"bandwidth","D2H",50,0,1787.26,1880.95,1885.36,1888.13,7.17375,1894.39,1881.28,19.5158,32.9922,33.1016,33.1502,33.2278,0.126246,34.9697,33.2259,0.360985,35.5948,1879.31
2,"n23g0021.hpc.itc.rwth-aachen.de",2,"2",0,0,0000:1b:00.0,0,"OK",268435456,"bandwidth","H2D",50,0,5952.21,5959.41,5963.33,5967.65,8.23725,5981.31,5963.62,6.07536,41.7969,41.8926,41.9229,41.9505,0.0579046,42.0012,41.9209,0.0426892,45.0144,5957.22
2,"n23g0021.hpc.itc.rwth-aachen.de",2,"2",0,0,0000:1b:00.0,0,"OK",268435456,"bandwidth","D2H",50,0,7524.76,7533.16,7538.42,7542.36,9.20175,7552.65,7538.32,6.53867,33.101,33.1461,33.1635,33.1866,0.0404881,33.2236,33.1639,0.0287617,35.609,7532.48
2,"n23g0021.hpc.itc.rwth-aachen.de",2,"2",0,1,0000:2c:00.0,2,"OK",4096,"latency","H2D",50,0,12.945,13.2995,13.7365,13.9915,0.692,21.71,13.8895,1.2916,0.175712,0.272644,0.277705,0.28683,0.0141862,0.294685,0.27634,0.0184749,0.298184,7.376
2,"n23g0021.hpc.itc.rwth-aachen.de",2,"2",0,1,0000:2c:00.0,2,"OK",4096,"latency","D2H",50,0,12.259,13.1768,13.4485,13.6432,0.4665,14.432,13.4312,0.418993,0.264322,0.279603,0.283652,0.289505,0.00990153,0.311175,0.284295,0.00890242,0.304569,7.104
2,"n23g0021.hpc.itc.rwth-aachen.de",2,"2",0,1,0000:2c:00.0,2,"OK",16777216,"bandwidth","H2D",50,0,704.879,721.239,820.338,970.009,248.769,1241.98,850.913,143.888,12.5807,16.1211,19.047,21.6815,5.5604,22.1669,18.8421,2.86537,20.4516,813.744
2,"n23g0021.hpc.itc.rwth-aachen.de",2,"2",0,1,0000:2c:00.0,2,"OK",16777216,"bandwidth","D2H",50,0,981.266,1027.05,1150.64,1369.72,342.677,1658.77,1192.74,195.807,9.41965,11.4074,13.5794,15.2176,3.81016,15.9233,13.4311,2.03351,14.5807,1144.22
2,"n23g0021.hpc.itc.rwth-aachen.de",2,"2",0,1,0000:2c:00.0,2,"OK",67108864,"bandwidth","H2D",50,0,2069.81,2179.38,2180.76,2182.51,3.12975,2468.51,2188.63,65.2759,25.3189,28.6367,28.6598,28.6778,0.0411241,30.1961,28.5803,0.791556,30.7732,2174.37
2,"n23g0021.hpc.itc.rwth-aachen.de",2,"2",0,1,0000:2c:00.0,2,"OK",67108864,"bandwidth","D2H",50,0,2882.09,3039.1,3042.28,3045.02,5.91725,3425.31,3045.17,88.2137,18.2465,20.5253,20.5438,20.5653,0.0399636,21.6856,20.5404,0.55659,22.0588,3035.82
2,"n23g0021.hpc.itc.rwth-aachen.de",2,"2",0,1,0000:2c:00.0,2,"OK",268435456,"bandwidth","H2D",50,0,8677.53,8686.51,8691.41,8694.43,7.9195,8705.21,8690.75,6.14439,28.7184,28.754,28.764,28.7803,0.0262151,28.81,28.7662,0.0203401,30.8851,8685.1
2,"n23g0021.hpc.itc.rwth-aachen.de",2,"2",0,1,0000:2c:00.0,2,"OK",268435456,"bandwidth","D2H",50,0,12099.1,12110.9,12115.4,12122.4,11.553,12133.4,12115.6,7.84198,20.6043,20.6229,20.6349,20.6426,0.019673,20.6626,20.6346,0.0133561,22.1565,12109
2,"n23g0021.hpc.itc.rwth-aachen.de",2,"2",0,2,0000:9d:00.0,4,"OK",4096,"latency","H2D",50,0,15.238,15.9625,16.1865,16.3745,0.412,28.315,16.4553,1.77828,0.134724,0.232966,0.235672,0.238979,0.00601298,0.250341,0.23352,0.0159679,0.25305,8.704
2,"n23g0021.hpc.itc.rwth-aachen.de",2,"2",0,2,0000:9d:00.0,4,"OK",4096,"latency","D2H",50,0,14.86,15.6077,15.854,16.0955,0.48775,17.257,15.837,0.426459,0.221052,0.237004,0.240615,0.244411,0.00740631,0.256709,0.241046,0.00644271,0.258358,8.48
2,"n23g0021.hpc.itc.rwth-aachen.de",2,"2",0,2,0000:9d:00.0,4,"OK",16777216,"bandwidth","H2D",50,0,831.218,838.337,840.495,844.644,6.307,851.846,841.623,4.6971,18.3425,18.4989,18.5902,18.6381,0.139172,18.7977,18.5659,0.103408,19.9611,832.976
2,"n23g0021.hpc.itc.rwth-aachen.de",2,"2",0,2,0000:9d:00.0,4,"OK",16777216,"bandwidth","D2H",50,0,1722.2,1729.11,1734.68,1742.38,13.272,1754.71,1736.71,9.10376,8.90461,8.9676,9.00744,9.03643,0.0688299,9.07267,8.99714,0.0470298,9.67166,1726.69
2,"n23g0021.hpc.itc.rwth-aachen.de",2,"2",0,2,0000:9d:00.0,4,"OK",67108864,"bandwidth","H2D",50,0,3269.65,3288.12,3291.53,3297.69,9.57325,3313.75,3292.29,8.64534,18.8608,18.9526,18.9882,19.0078,0.0551799,19.1152,18.9839,0.0498675,20.3884,3283.68
2,"n23g0021.hpc.itc.rwth-aachen.de",2,"2",0,2,0000:9d:00.0,4,"OK",67108864,"bandwidth","D2H",50,0,6157.19,6172.42,6182.4,6188.37,15.9582,6200.48,6180.32,10.4261,10.0799,10.0996,10.1093,10.1257,0.0261117,10.1507,10.1128,0.0170722,10.8548,6174.08
2,"n23g0021.hpc.itc.rwth-aachen.de",2,"2",0,2,0000:9d:00.0,4,"OK",268435456,"bandwidth","H2D",50,0,11932,12442.2,13058.4,13431.7,989.42,13481.2,12897.9,503.438,18.5443,18.6128,19.1448,20.0929,1.48011,20.9521,19.4128,0.76549,20.5566,13051.3
2,"n23g0021.hpc.itc.rwth-aachen.de",2,"2",0,2,0000:9d:00.0,4,"OK",268435456,"bandwidth","D2H",50,0,20266.4,22645,24938,26669.7,4024.67,27862.2,24802.1,2162.82,8.97274,9.3812,10.0249,11.0404,1.65922,12.3357,10.1591,0.913174,10.7641,24929.8
2,"n23g0021.hpc.itc.rwth-aachen.de",2,"2",0,3,0000:ad:00.0,6,"OK",4096,"latency","H2D",50,0,15.229,15.9802,16.137,16.3062,0.326,18.566,16.167,0.477701,0.205467,0.233941,0.236394,0.238713,0.00477243,0.250489,0.23615,0.0065789,0.253827,8.672
2,"n23g0021.hpc.itc.rwth-aachen.de",2,"2",0,3,0000:ad:00.0,6,"OK",4096,"latency","D2H",50,0,15.058,15.6225,15.741,16.0132,0.39075,27.724,16.1885,1.97403,0.137595,0.238222,0.242342,0.24418,0.00595801,0.253334,0.237904,0.0187346,0.260212,8.544
2,"n23g0021.hpc.itc.rwth-aachen.de",2,"2",0,3,0000:ad:00.0,6,"OK",16777216,"bandwidth","H2D",50,0,847.927,853.496,855.802,862.088,8.5925,873.731,857.433,5.48941,17.8831,18.1246,18.2577,18.3071,0.182467,18.4273,18.2237,0.116109,19.6041,847.536
2,"n23g0021.hpc.itc.rwth-aachen.de",2,"2",0,3,0000:ad:00.0,6,"OK",16777216,"bandwidth","D2H",50,0,1722.05,1728.54,1733.82,1739.5,10.965,1760.95,1736,9.48405,8.87307,8.98245,9.0119,9.03943,0.0569794,9.07348,9.00084,0.0489355,9.67646,1725.92
2,"n23g0021.hpc.itc.rwth-aachen.de",2,"2",0,3,0000:ad:00.0,6,"OK",67108864,"bandwidth","H2D",50,0,3328.91,3341,3347.42,3353.88,12.8843,3364.09,3347.58,8.63867,18.5786,18.6351,18.6711,18.707,0.0718647,18.7749,18.6703,0.0481867,20.048,3339.42
2,"n23g0021.hpc.itc.rwth-aachen.de",2,"2",0,3,0000:ad:00.0,6,"OK",67108864,"bandwidth","D2H",50,0,6147.94,6179.2,6190.33,6196.05,16.8445,6213.44,6188.73,14.7249,10.0588,10.0871,10.0964,10.1146,0.0274975,10.166,10.0991,0.0240557,10.8409,6182.5
2,"n23g0021.hpc.itc.rwth-aachen.de",2,"2",0,3,0000:ad:00.0,6,"OK",268435456,"bandwidth","H2D",50,0,11864.9,12565,13009.3,13472,907.001,13749.9,12984.5,539.811,18.1819,18.557,19.2171,19.8965,1.33952,21.0706,19.2873,0.80926,20.6342,13001.8
2,"n23g0021.hpc.itc.rwth-aachen.de",2,"2",0,3,0000:ad:00.0,6,"OK",268435456,"bandwidth","D2H",50,0,17853.9,20305.9,22438.2,24934.3,4628.46,27775.3,22843.5,2694.68,9.00079,10.0263,11.1417,12.3118,2.28548,14.0025,11.0994,1.32825,11.9633,22430.8
3,"n23g0021.hpc.itc.rwth-aachen.de",3,"3",0,0,0000:1b:00.0,0,"OK",4096,"latency","H2D",50,0,12.358,12.9775,13.679,13.8842,0.90675,15.38,13.5873,0.652985,0.24803,0.27475,0.278873,0.293947,0.0191973,0.308682,0.281396,0.0133897,0.299437,7.52
3,"n23g0021.hpc.itc.rwth-aachen.de",3,"3",0,0,0000:1b:00.0,0,"OK",4096,"latency","D2H",50,0,12.057,12.6032,13.021,13.285,0.68175,22.061,13.2572,1.50333,0.172916,0.287143,0.292965,0.302677,0.0155332,0.316389,0.290254,0.0224597,0.314569,6.736
3,"n23g0021.hpc.itc.rwth-aachen.de",3,"3",0,0,0000:1b:00.0,0,"OK",16777216,"bandwidth","H2D",50,0,340.439,558.541,616.069,676.914,118.373,843.396,598.199,129.464,18.5263,23.0827,25.3624,27.9756,4.89293,45.8966,27.7271,7.71774,27.2327,609.824
3,"n23g0021.hpc.itc.rwth-aachen.de",3,"3",0,0,0000:1b:00.0,0,"OK",16777216,"bandwidth","D2H",50,0,429.741,714.96,796.716,902.146,187.187,1152.76,788.581,180.516,13.5544,17.3198,19.6125,21.8545,4.53464,36.3591,21.1349,6.0677,21.0588,790.416
3,"n23g0021.hpc.itc.rwth-aachen.de",3,"3",0,0,0000:1b:00.0,0,"OK",67108864,"bandwidth","H2D",50,0,1429.49,1502.65,1504.32,1506.62,3.9775,1510.24,1502.97,10.892,41.3841,41.4835,41.547,41.5933,0.109806,43.722,41.5867,0.315425,44.6107,1498.18
3,"n23g0021.hpc.itc.rwth-aachen.de",3,"3",0,0,0000:1b:00.0,0,"OK",67108864,"bandwidth","D2H",50,0,1781.6,1880.47,1886.62,1890.22,9.74575,1894.26,1883.15,16.5756,32.9945,33.065,33.128,33.2363,0.171363,35.0808,33.1918,0.305376,35.5709,1880.74
3,"n23g0021.hpc.itc.rwth-aachen.de",3,"3",0,0,0000:1b:00.0,0,"OK",268435456,"bandwidth","H2D",50,0,5950.14,5962.46,5965.31,5968.21,5.74675,5976.7,5965.57,5.14102,41.8291,41.8886,41.909,41.929,0.040373,42.0158,41.9072,0.0361108,44.9994,5959.17
3,"n23g0021.hpc.itc.rwth-aachen.de",3,"3",0,0,0000:1b:00.0,0,"OK",268435456,"bandwidth","D2H",50,0,7525.2,7533.46,7537.22,7543.97,10.5083,7551.01,7538.04,6.54696,33.1081,33.1391,33.1687,33.1853,0.0462248,33.2217,33.1652,0.028802,35.6147,7531.22
3,"n23g0021.hpc.itc.rwth-aachen.de",3,"3",0,1,0000:2c:00.0,2,"OK",4096,"latency","H2D",50,0,13.039,13.4392,13.7865,13.965,0.52575,18.269,13.9356,1.02297,0.208807,0.273161,0.276698,0.283849,0.0106874,0.292561,0.27495,0.0165982,0.297102,7.376
3,"n23g0021.hpc.itc.rwth-aachen.de",3,"3",0,1,0000:2c:00.0,2,"OK",4096,"latency","D2H",50,0,12.543,13.1397,13.44,13.7408,0.601,14.613,13.4565,0.445787,0.261048,0.27762,0.283834,0.290318,0.0126987,0.30413,0.283791,0.00929725,0.304764,7.168
3,"n23g0021.hpc.itc.rwth-aachen.de",3,"3",0,1,0000:2c:00.0,2,"OK",16777216,"bandwidth","H2D",50,0,658.239,707.858,817.928,896.156,188.297,1107.26,830.545,137.309,14.1114,17.4356,19.1031,22.0736,4.63804,23.7376,19.3023,2.99503,20.5118,811.232
3,"n23g0021.hpc.itc.rwth-aachen.de",3,"3",0,1,0000:2c:00.0,2,"OK",16777216,"bandwidth","D2H",50,0,915.877,990.354,1144.24,1258.37,268.012,1542.12,1158.37,191.766,10.1321,12.4169,13.6553,15.7772,3.3603,17.0602,13.8431,2.16302,14.6623,1137.65
3,"n23g0021.hpc.itc.rwth-aachen.de",3,"3",0,1,0000:2c:00.0,2,"OK",67108864,"bandwidth","H2D",50,0,2067.26,2178.9,2182.32,2183.6,4.694,2546.92,2194.9,79.6344,24.5395,28.6225,28.6392,28.6842,0.061662,30.2332,28.5093,0.944482,30.7511,2175.89
3,"n23g0021.hpc.itc.rwth-aachen.de",3,"3",0,1,0000:2c:00.0,2,"OK",67108864,"bandwidth","D2H",50,0,2873.98,3036.39,3039.53,3043.27,6.88275,3419.36,3053.41,91.7662,18.2782,20.5371,20.5624,20.5837,0.0465526,21.7469,20.4862,0.576257,22.0787,3033.31
3,"n23g0021.hpc.itc.rwth-aachen.de",3,"3",0,1,0000:2c:00.0,2,"OK",268435456,"bandwidth","H2D",50,0,8676.25,8684.54,8688.09,8691.57,7.03025,8701.17,8688.44,5.34034,28.7318,28.7635,28.775,28.7868,0.0232844,28.8143,28.7739,0.017685,30.8969,8681.65
3,"n23g0021.hpc.itc.rwth-aachen.de",3,"3",0,1,0000:2c:00.0,2,"OK",268435456,"bandwidth","D2H",50,0,12099.9,12113.2,12118.7,12123.1,9.8605,12140.5,12118.2,8.57055,20.5922,20.6218,20.6293,20.6386,0.0167867,20.6613,20.6301,0.0145888,22.1505,12112.3
3,"n23g0021.hpc.itc.rwth-aachen.de",3,"3",0,2,0000:9d:00.0,4,"OK",4096,"latency","H2D",50,0,15.019,15.9022,16.105,16.3285,0.42625,18.927,16.1341,0.559413,0.201548,0.233622,0.236864,0.239884,0.00626212,0.253991,0.236703,0.00768937,0.254331,8.672
3,"n23g0021.hpc.itc.rwth-aachen.de",3,"3",0,2,0000:9d:00.0,4,"OK",4096,"latency","D2H",50,0,14.98,15.535,15.777,16.0615,0.5265,25.433,16.1697,1.74798,0.14999,0.237506,0.241789,0.245555,0.00804886,0.254653,0.237861,0.0181891,0.259619,8.336
3,"n23g0021.hpc.itc.rwth-aachen.de",3,"3",0,2,0000:9d:00.0,4,"OK",16777216,"bandwidth","H2D",50,0,839.76,844.73,847.145,848.793,4.06375,857.465,847.227,3.67119,18.2223,18.4085,18.4443,18.497,0.0885583,18.6065,18.4429,0.0797808,19.8044,839.328
3,"n23g0021.hpc.itc.rwth-aachen.de",3,"3",0,2,0000:9d:00.0,4,"OK",16777216,"bandwidth","D2H",50,0,1720.79,1729.91,1734.79,1742.38,12.4695,1758.9,1736.82,9.42482,8.88338,8.96764,9.00684,9.03228,0.0646399,9.08013,8.99658,0.0486775,9.67102,1726.83
3,"n23g0021.hpc.itc.rwth-aachen.de",3,"3",0,2,0000:9d:00.0,4,"OK",67108864,"bandwidth","H2D",50,0,3260.82,3283.54,3288.93,3294.28,10.7365,3309.66,3289.25,9.37654,18.8841,18.9723,19.0032,19.0343,0.062035,19.1669,19.0015,0.0541841,20.4045,3281.2
3,"n23g0021.hpc.itc.rwth-aachen.de",3,"3",0,2,0000:9d:00.0,4,"OK",67108864,"bandwidth","D2H",50,0,6150.41,6172.14,6177.42,6182.33,10.1908,6198.34,6177.66,9.96204,10.0833,10.1095,10.1175,10.1261,0.0166916,10.1619,10.1171,0.0163168,10.8636,6169.5
3,"n23g0021.hpc.itc.rwth-aachen.de",3,"3",0,2,0000:9d:00.0,4,"OK",268435456,"bandwidth","H2D",50,0,12031.9,12368.7,13041,13256.4,887.672,13474.8,12864.8,482.114,18.5532,18.8588,19.1704,20.2123,1.35348,20.7781,19.4603,0.733503,20.584,13033.3
3,"n23g0021.hpc.itc.rwth-aachen.de",3,"3",0,2,0000:9d:00.0,4,"OK",268435456,"bandwidth","D2H",50,0,20216.9,22377.3,24643.6,25118.7,2741.4,27758.7,24159.9,2065.14,9.00617,9.95276,10.1447,11.172,1.21928,12.3659,10.4237,0.893267,10.8927,24635.6
3,"n23g0021.hpc.itc.rwth-aachen.de",3,"3",0,3,0000:ad:00.0,6,"OK",4096,"latency","H2D",50,0,14.616,15.43,15.6515,15.9527,0.52275,31.875,16.0149,2.33413,0.119677,0.239125,0.243727,0.247226,0.00810141,0.260995,0.24093,0.0191198,0.2617,8.448
3,"n23g0021.hpc.itc.rwth-aachen.de",3,"3",0,3,0000:ad:00.0,6,"OK",4096,"latency","D2H",50,0,14.87,15.5265,15.7195,15.9165,0.39,27.256,15.9457,1.657,0.139958,0.23967,0.242673,0.24569,0.00601963,0.256536,0.240819,0.0154492,0.260568,8.416
3,"n23g0021.hpc.itc.rwth-aachen.de",3,"3",0,3,0000:ad:00.0,6,"OK",16777216,"bandwidth","H2D",50,0,852.946,858.328,860.686,862.992,4.66375,872.191,860.978,4.444,17.9147,18.1056,18.1541,18.204,0.0983784,18.3189,18.1485,0.0933993,19.4928,852.944
3,"n23g0021.hpc.itc.rwth-aachen.de",3,"3",0,3,0000:ad:00.0,6,"OK",16777216,"bandwidth","D2H",50,0,1719.36,1728.95,1732.57,1739.5,10.555,1760.56,1735.61,9.43541,8.87503,8.98246,9.01841,9.03729,0.0548368,9.08767,9.00287,0.0487153,9.68345,1724.77
3,"n23g0021.hpc.itc.rwth-aachen.de",3,"3",0,3,0000:ad:00.0,6,"OK",67108864,"bandwidth","H2D",50,0,3352.59,3384.54,3392.25,3395.45,10.9145,3407.98,3390.73,9.39607,18.3393,18.407,18.4244,18.4663,0.0593594,18.6423,18.4328,0.0512431,19.783,3384.26
3,"n23g0021.hpc.itc.rwth-aachen.de",3,"3",0,3,0000:ad:00.0,6,"OK",67108864,"bandwidth","D2H",50,0,6186.04,6936.44,6941.71,6949.45,13.0152,6967.98,6912.58,148.247,8.96961,8.99351,9.00354,9.01039,0.0168751,10.1034,9.0461,0.215495,9.66748,6933.79
3,"n23g0021.hpc.itc.rwth-aachen.de",3,"3",0,3,0000:ad:00.0,6,"OK",268435456,"bandwidth","H2D",50,0,12458.9,12677.2,13346,13716.9,1039.65,13765.5,13175.6,512.001,18.1613,18.2257,18.7334,19.7204,1.49468,20.066,19.0032,0.739836,20.1148,13339.2
3,"n23g0021.hpc.itc.rwth-aachen.de",3,"3",0,3,0000:ad:00.0,6,"OK",268435456,"bandwidth","D2H",50,0,22027.4,24745.2,25099.4,26796.9,2051.63,27771.9,25304.3,1729.75,9.0019,9.32949,9.96039,10.103,0.773545,11.3495,9.92677,0.689747,10.6949,25091.8
4,"n23g0021.hpc.itc.rwth-aachen.de",4,"4",0,0,0000:1b:00.0,0,"OK",4096,"latency","H2D",50,0,12.538,13.0252,13.597,13.9595,0.93425,14.867,13.547,0.564428,0.256588,0.273269,0.280555,0.292869,0.0196005,0.304251,0.282076,0.0116946,0.301243,7.392
4,"n23g0021.hpc.itc.rwth-aachen.de",4,"4",0,0,0000:1b:00.0,0,"OK",4096,"latency","D2H",50,0,11.912,12.607,13.085,13.4035,0.7965,21.766,13.1956,1.30707,0.175259,0.284606,0.291533,0.302586,0.0179801,0.32024,0.29098,0.0194959,0.313032,6.88
4,"n23g0021.hpc.itc.rwth-aachen.de",4,"4",0,0,0000:1b:00.0,0,"OK",16777216,"bandwidth","H2D",50,0,340.289,361.6,614.934,677.983,316.383,839.368,538.996,167.014,18.6152,23.0463,25.4092,43.2108,20.1645,45.9169,32.2198,10.5472,27.283,608.464
4,"n23g0021.hpc.itc.rwth-aachen.de",4,"4",0,0,0000:1b:00.0,0,"OK",16777216,"bandwidth","D2H",50,0,430.075,451.353,779.761,891.883,440.53,1140.36,700.272,236.282,13.7019,17.5192,20.0384,34.6182,17.0991,36.3309,25.2149,8.74757,21.516,773.472
4,"n23g0021.hpc.itc.rwth-aachen.de",4,"4",0,0,0000:1b:00.0,0,"OK",67108864,"bandwidth","H2D",50,0,1496.98,1501.27,1502.78,1504.12,2.84425,1510.3,1502.85,2.73985,41.3824,41.5526,41.5896,41.6313,0.0787236,41.7508,41.5879,0.0757851,44.6565,1497.01
4,"n23g0021.hpc.itc.rwth-aachen.de",4,"4",0,0,0000:1b:00.0,0,"OK",67108864,"bandwidth","D2H",50,0,1875.67,1882.02,1887.17,1890.13,8.1105,1893.56,1886.15,4.67304,33.0067,33.0665,33.1183,33.209,0.142499,33.3215,33.1365,0.0821548,35.5606,1881.06
4,"n23g0021.hpc.itc.rwth-aachen.de",4,"4",0,0,0000:1b:00.0,0,"OK",268435456,"bandwidth","H2D",50,0,5807.82,5962.93,5965.39,5968.74,5.81125,5974.69,5962.18,22.6745,41.8432,41.8849,41.9084,41.9257,0.0408195,43.0454,41.9316,0.163386,44.9988,5959.41
4,"n23g0021.hpc.itc.rwth-aachen.de",4,"4",0,0,0000:1b:00.0,0,"OK",268435456,"bandwidth","D2H",50,0,7516.06,7534.14,7538.58,7542.61,8.4615,7551.76,7538.29,6.54056,33.1049,33.145,33.1627,33.1823,0.0372248,33.2621,33.164,0.0287902,35.6082,7532.62
4,"n23g0021.hpc.itc.rwth-aachen.de",4,"4",0,1,0000:2c:00.0,2,"OK",4096,"latency","H2D",50,0,13.072,13.3812,13.8075,14.0125,0.63125,23.973,14.1496,1.91468,0.159125,0.272235,0.276277,0.285078,0.0128424,0.291822,0.272872,0.0244947,0.29665,7.296
4,"n23g0021.hpc.itc.rwth-aachen.de",4,"4",0,1,0000:2c:00.0,2,"OK",4096,"latency","D2H",50,0,12.672,13.1225,13.3265,13.5963,0.47375,14.424,13.4118,0.424238,0.264469,0.28057,0.286249,0.290699,0.0101294,0.301034,0.284709,0.0088575,0.307358,6.976
4,"n23g0021.hpc.itc.rwth-aachen.de",4,"4",0,1,0000:2c:00.0,2,"OK",16777216,"bandwidth","H2D",50,0,657.454,706.924,817.407,894.724,187.8,1108.79,831.465,136.912,14.0919,17.4635,19.1153,22.1028,4.63933,23.7659,19.2768,2.97919,20.5249,810.8
4,"n23g0021.hpc.itc.rwth-aachen.de",4,"4",0,1,0000:2c:00.0,2,"OK",16777216,"bandwidth","D2H",50,0,916.135,990.347,1145.85,1255.56,265.214,1529.91,1163.8,189.614,10.213,12.4446,13.6362,15.7773,3.33269,17.0553,13.7664,2.11392,14.6418,1139.47
4,"n23g0021.hpc.itc.rwth-aachen.de",4,"4",0,1,0000:2c:00.0,2,"OK",67108864,"bandwidth","H2D",50,0,2068.89,2181.51,2182.74,2184.88,3.3695,2455.55,2195.68,64.7393,25.4526,28.6057,28.6338,28.6499,0.0441835,30.2095,28.4879,0.777356,30.7453,2176.38
4,"n23g0021.hpc.itc.rwth-aachen.de",4,"4",0,1,0000:2c:00.0,2,"OK",67108864,"bandwidth","D2H",50,0,2875.41,3036.76,3041.24,3044.29,7.53125,3423.8,3056.72,88.9759,18.2546,20.5302,20.5508,20.5812,0.0509156,21.736,20.4628,0.554504,22.0663,3034.93
4,"n23g0021.hpc.itc.rwth-aachen.de",4,"4",0,1,0000:2c:00.0,2,"OK",268435456,"bandwidth","H2D",50,0,8675.83,8689.3,8694.71,8697.6,8.29175,8782.22,8695.22,14.0475,28.4666,28.7436,28.7531,28.771,0.0274285,28.8157,28.7515,0.0461046,30.8734,8688.03
4,"n23g0021.hpc.itc.rwth-aachen.de",4,"4",0,1,0000:2c:00.0,2,"OK",268435456,"bandwidth","D2H",50,0,12095.9,12113,12118.6,12122.7,9.672,12133.5,12117.6,8.57066,20.604,20.6225,20.6295,20.6389,0.0164666,20.6682,20.6311,0.0145977,22.1507,12112.1
4,"n23g0021.hpc.itc.rwth-aachen.de",4,"4",0,2,0000:9d:00.0,4,"OK",4096,"latency","H2D",50,0,15.354,15.9038,16.018,16.361,0.45725,24.819,16.3607,1.4243,0.153701,0.233158,0.238151,0.239861,0.00670353,0.24845,0.234455,0.0150206,0.255713,8.672
4,"n23g0021.hpc.itc.rwth-aachen.de",4,"4",0,2,0000:9d:00.0,4,"OK",4096,"latency","D2H",50,0,14.781,15.5527,15.8675,16.1397,0.587,17.535,15.8686,0.519092,0.217548,0.236355,0.24041,0.245275,0.00891998,0.258081,0.240646,0.00774215,0.258138,8.144
4,"n23g0021.hpc.itc.rwth-aachen.de",4,"4",0,2,0000:9d:00.0,4,"OK",16777216,"bandwidth","H2D",50,0,825.962,831.683,834.237,836.688,5.00525,840.752,834.108,3.5694,18.5846,18.6748,18.7297,18.7872,0.11239,18.9173,18.7329,0.0802193,20.1109,826.32
4,"n23g0021.hpc.itc.rwth-aachen.de",4,"4",0,2,0000:9d:00.0,4,"OK",16777216,"bandwidth","D2H",50,0,1721.4,1729.16,1734.07,1742.4,13.234,1752.88,1735.91,8.99308,8.91389,8.96754,9.01058,9.03617,0.0686306,9.0769,9.0013,0.0465274,9.67503,1726
4,"n23g0021.hpc.itc.rwth-aachen.de",4,"4",0,2,0000:9d:00.0,4,"OK",67108864,"bandwidth","H2D",50,0,3257.95,3273.25,3277.89,3287.41,14.1545,3302.09,3279.55,9.39229,18.9274,19.0119,19.0671,19.0942,0.0822134,19.1838,19.0577,0.0545595,20.4732,3270.22
4,"n23g0021.hpc.itc.rwth-aachen.de",4,"4",0,2,0000:9d:00.0,4,"OK",67108864,"bandwidth","D2H",50,0,6150.22,6166.7,6174.66,6183.02,16.3257,6193.48,6174.83,10.4732,10.0913,10.1083,10.122,10.1351,0.0267608,10.1622,10.1218,0.0171717,10.8684,6166.8
4,"n23g0021.hpc.itc.rwth-aachen.de",4,"4",0,2,0000:9d:00.0,4,"OK",268435456,"bandwidth","H2D",50,0,12076.7,12400.3,13005.9,13239.8,839.561,13516.9,12852.7,483.842,18.4954,18.8824,19.2221,20.1609,1.27849,20.701,19.4789,0.738211,20.6396,12999
4,"n23g0021.hpc.itc.rwth-aachen.de",4,"4",0,2,0000:9d:00.0,4,"OK",268435456,"bandwidth","D2H",50,0,20110.5,22087.1,23708.3,25006.6,2919.53,27734.9,23631.5,2164.44,9.01391,9.99739,10.5467,11.3193,1.32189,12.4313,10.6688,0.984553,11.3245,23700.5
4,"n23g0021.hpc.itc.rwth-aachen.de",4,"4",0,3,0000:ad:00.0,6,"OK",4096,"latency","H2D",50,0,14.962,15.641,15.8455,16.0753,0.43425,18.706,15.9379,0.592865,0.203929,0.237303,0.240743,0.243891,0.00658843,0.254959,0.239656,0.00833378,0.258496,8.56
4,"n23g0021.hpc.itc.rwth-aachen.de",4,"4",0,3,0000:ad:00.0,6,"OK",4096,"latency","D2H",50,0,15.063,15.5742,15.795,15.9725,0.39825,18.211,15.8168,0.464866,0.209472,0.238829,0.241513,0.244936,0.00610683,0.25325,0.241375,0.00664918,0.259323,8.32
4,"n23g0021.hpc.itc.rwth-aachen.de",4,"4",0,3,0000:ad:00.0,6,"OK",16777216,"bandwidth","H2D",50,0,845.011,849.58,852.155,857.01,7.4305,864.781,853.255,4.75287,18.0682,18.232,18.3359,18.3914,0.159458,18.4909,18.3128,0.101859,19.688,844.656
4,"n23g0021.hpc.itc.rwth-aachen.de",4,"4",0,3,0000:ad:00.0,6,"OK",16777216,"bandwidth","D2H",50,0,1728.06,1735.35,1738.01,1742.65,7.29825,1764.09,1740.48,8.66865,8.85726,8.96624,8.99015,9.00395,0.0377088,9.04195,8.97763,0.0444792,9.6531,1730.13
4,"n23g0021.hpc.itc.rwth-aachen.de",4,"4",0,3,0000:ad:00.0,6,"OK",67108864,"bandwidth","H2D",50,0,3303.61,3325.81,3335.6,3349.22,23.407,3373.43,3336.76,14.9709,18.5271,18.6611,18.7373,18.7924,0.131333,18.9187,18.7311,0.0839954,20.119,3327.6
4,"n23g0021.hpc.itc.rwth-aachen.de",4,"4",0,3,0000:ad:00.0,6,"OK",67108864,"bandwidth","D2H",50,0,6161.4,6176.13,6185.31,6192.75,16.6215,6207.44,6184.33,11.4809,10.0686,10.0924,10.1046,10.1196,0.0271613,10.1438,10.1062,0.0187639,10.8497,6177.02
4,"n23g0021.hpc.itc.rwth-aachen.de",4,"4",0,3,0000:ad:00.0,6,"OK",268435456,"bandwidth","H2D",50,0,11125.4,12336.5,12705.7,13236.4,899.852,13733.1,12790.5,612.128,18.2042,18.8874,19.6762,20.265,1.37769,22.471,19.5916,0.959347,21.1272,12698.1
4,"n23g0021.hpc.itc.rwth-aachen.de",4,"4",0,3,0000:ad:00.0,6,"OK",268435456,"bandwidth","D2H",50,0,18238,20247.2,22043.4,22601.7,2354.51,27766.3,22098.6,2230.74,9.00373,11.0613,11.3413,12.3474,1.28607,13.7077,11.4226,1.09572,12.1776,22035.4
5,"n23g0021.hpc.itc.rwth-aachen.de",5,"5",0,0,0000:1b:00.0,0,"OK",4096,"latency","H2D",50,0,10.801,11.0678,11.4935,11.6812,0.6135,13.24,11.4493,0.460717,0.288119,0.326566,0.331901,0.344668,0.018102,0.35318,0.333692,0.0127346,0.356376,5.824
5,"n23g0021.hpc.itc.rwth-aachen.de",5,"5",0,0,0000:1b:00.0,0,"OK",4096,"latency","D2H",50,0,10.747,10.9192,11.156,11.3115,0.39225,11.876,11.1672,0.283537,0.321211,0.337241,0.341941,0.349355,0.0121144,0.354955,0.341816,0.00856684,0.367157,5.52
5,"n23g0021.hpc.itc.rwth-aachen.de",5,"5",0,0,0000:1b:00.0,0,"OK",16777216,"bandwidth","H2D",50,0,360.641,382.537,383.115,383.682,1.14525,389.603,381.73,5.88737,40.1049,40.7238,40.7842,40.8457,0.12192,43.3256,40.9423,0.660215,43.7917,377.136
5,"n23g0021.hpc.itc.rwth-aachen.de",5,"5",0,0,0000:1b:00.0,0,"OK",16777216,"bandwidth","D2H",50,0,450.865,475.207,476.654,477.51,2.30325,484.969,475.607,6.4892,32.2186,32.7218,32.7806,32.8804,0.158598,34.6556,32.8591,0.462588,35.1979,470.608
5,"n23g0021.hpc.itc.rwth-aachen.de",5,"5",0,0,0000:1b:00.0,0,"OK",67108864,"bandwidth","H2D",50,0,1493.36,1503.63,1505.19,1507.19,3.5595,1509.85,1505.16,2.89068,41.395,41.4678,41.523,41.566,0.0981648,41.8519,41.5239,0.0799305,44.585,1499.31
5,"n23g0021.hpc.itc.rwth-aachen.de",5,"5",0,0,0000:1b:00.0,0,"OK",67108864,"bandwidth","D2H",50,0,1793.63,1880.79,1887.08,1889.65,8.86175,1895.9,1882.53,16.5809,32.9659,33.0748,33.1199,33.2307,0.155839,34.8456,33.2027,0.303812,35.5622,1881.1
5,"n23g0021.hpc.itc.rwth-aachen.de",5,"5",0,0,0000:1b:00.0,0,"OK",268435456,"bandwidth","H2D",50,0,5750.46,5961.49,5964.95,5968.16,6.665,5973.91,5956.68,40.3546,41.8486,41.889,41.9115,41.9358,0.0468322,43.4748,41.9717,0.293543,45.0021,5958.86
5,"n23g0021.hpc.itc.rwth-aachen.de",5,"5",0,0,0000:1b:00.0,0,"OK",268435456,"bandwidth","D2H",50,0,7360.23,7530.35,7535.6,7540.9,10.5465,7550.71,7532.11,25.6095,33.1095,33.1526,33.1759,33.199,0.0464312,33.9663,33.1916,0.115215,35.6223,7529.65
5,"n23g0021.hpc.itc.rwth-aachen.de",5,"5",0,1,0000:2c:00.0,2,"OK",4096,"latency","H2D",50,0,12.791,13.3915,13.7435,13.9885,0.597,17.856,13.7441,0.701862,0.213637,0.272703,0.277564,0.28486,0.0121568,0.298233,0.278169,0.0121918,0.298032,7.232
5,"n23g0021.hpc.itc.rwth-aachen.de",5,"5",0,1,0000:2c:00.0,2,"OK",4096,"latency","D2H",50,0,12.394,13.1092,13.521,13.7453,0.636,14.371,13.4542,0.432822,0.265444,0.277529,0.282131,0.290993,0.0134642,0.307786,0.283827,0.00920034,0.302936,7.008
5,"n23g0021.hpc.itc.rwth-aachen.de",5,"5",0,1,0000:2c:00.0,2,"OK",16777216,"bandwidth","H2D",50,0,705.179,721.988,820.15,897.073,175.085,1108.3,840.223,127.582,14.0982,17.4178,19.0514,21.6592,4.24147,22.1575,18.994,2.64246,20.4563,813.52
5,"n23g0021.hpc.itc.rwth-aachen.de",5,"5",0,1,0000:2c:00.0,2,"OK",16777216,"bandwidth","D2H",50,0,983.267,1037.62,1143.77,1263.07,225.451,1541.96,1175.92,180.736,10.1332,12.3707,13.661,15.06,2.6893,15.8909,13.5798,1.91635,14.6684,1137.22
5,"n23g0021.hpc.itc.rwth-aachen.de",5,"5",0,1,0000:2c:00.0,2,"OK",67108864,"bandwidth","H2D",50,0,2068.78,2179.74,2181.71,2184.22,4.47875,2453.57,2185.99,60.074,25.4731,28.6144,28.6472,28.6732,0.0587945,30.2111,28.6112,0.73203,30.7597,2175.34
5,"n23g0021.hpc.itc.rwth-aachen.de",5,"5",0,1,0000:2c:00.0,2,"OK",67108864,"bandwidth","D2H",50,0,2881.18,3036.02,3041.02,3042.85,6.83025,3413.79,3043.15,85.9174,18.3081,20.54,20.5523,20.5862,0.0462094,21.6925,20.5532,0.54405,22.0679,3034.46
5,"n23g0021.hpc.itc.rwth-aachen.de",5,"5",0,1,0000:2c:00.0,2,"OK",268435456,"bandwidth","H2D",50,0,8675.21,8685.11,8690.22,8694.52,9.4085,8713.88,8690.05,7.6762,28.6899,28.7537,28.768,28.7849,0.0311487,28.8177,28.7686,0.025398,30.8894,8683.81
5,"n23g0021.hpc.itc.rwth-aachen.de",5,"5",0,1,0000:2c:00.0,2,"OK",268435456,"bandwidth","D2H",50,0,12090.2,12108.8,12115,12123.1,14.2933,12149.1,12116.2,11.5489,20.5777,20.6218,20.6355,20.6461,0.024342,20.6779,20.6336,0.0196631,22.1572,12108.8
5,"n23g0021.hpc.itc.rwth-aachen.de",5,"5",0,2,0000:9d:00.0,4,"OK",4096,"latency","H2D",50,0,15.226,15.9752,16.258,16.475,0.49975,25.246,16.6181,1.77752,0.151101,0.231545,0.234635,0.238788,0.00724307,0.250538,0.23145,0.017924,0.251938,8.784
5,"n23g0021.hpc.itc.rwth-aachen.de",5,"5",0,2,0000:9d:00.0,4,"OK",4096,"latency","D2H",50,0,14.435,15.4362,15.738,15.9657,0.5295,17.592,15.7431,0.608817,0.216843,0.23893,0.242388,0.247127,0.00819656,0.264267,0.242664,0.00921366,0.260262,8.368
5,"n23g0021.hpc.itc.rwth-aachen.de",5,"5",0,2,0000:9d:00.0,4,"OK",16777216,"bandwidth","H2D",50,0,831.184,838.505,841.947,844.965,6.45975,851.37,841.657,4.81717,18.3528,18.4919,18.5582,18.6344,0.14246,18.7985,18.5652,0.106455,19.9267,834.224
5,"n23g0021.hpc.itc.rwth-aachen.de",5,"5",0,2,0000:9d:00.0,4,"OK",16777216,"bandwidth","D2H",50,0,1721.36,1730.49,1734,1743.52,13.031,1759.39,1736.59,9.2897,8.88093,8.96175,9.01096,9.02923,0.0674791,9.07715,8.99778,0.0479425,9.67544,1725.89
5,"n23g0021.hpc.itc.rwth-aachen.de",5,"5",0,2,0000:9d:00.0,4,"OK",67108864,"bandwidth","H2D",50,0,3275.48,3290.49,3295.09,3302.53,12.0385,3319.82,3295.76,9.27036,18.8263,18.9249,18.9676,18.9941,0.0692381,19.0812,18.9639,0.0532875,20.3663,3287.36
5,"n23g0021.hpc.itc.rwth-aachen.de",5,"5",0,2,0000:9d:00.0,4,"OK",67108864,"bandwidth","D2H",50,0,6147.78,6165.87,6169.07,6177.34,11.4722,6187.57,6170.23,9.00668,10.1009,10.1176,10.1312,10.1364,0.0188249,10.1663,10.1293,0.0147908,10.8783,6161.36
5,"n23g0021.hpc.itc.rwth-aachen.de",5,"5",0,2,0000:9d:00.0,4,"OK",268435456,"bandwidth","H2D",50,0,11616.6,12429.5,12804.6,13431.1,1001.58,13480.7,12832.9,536.704,18.545,18.6136,19.5289,20.1135,1.49991,21.5209,19.5156,0.823263,20.969,12796.8
5,"n23g0021.hpc.itc.rwth-aachen.de",5,"5",0,2,0000:9d:00.0,4,"OK",268435456,"bandwidth","D2H",50,0,20162.2,22353.2,24911.5,25984.3,3631.14,27830.5,24399,2456.41,8.98295,9.62167,10.0355,11.1841,1.56241,12.3994,10.3555,1.08916,10.7756,24903.9
5,"n23g0021.hpc.itc.rwth-aachen.de",5,"5",0,3,0000:ad:00.0,6,"OK",4096,"latency","H2D",50,0,14.066,15.4582,15.6975,15.8057,0.3475,26.506,16.0195,1.93883,0.143918,0.241349,0.243013,0.246774,0.00542545,0.2712,0.240506,0.019887,0.260933,8.368
5,"n23g0021.hpc.itc.rwth-aachen.de",5,"5",0,3,0000:ad:00.0,6,"OK",4096,"latency","D2H",50,0,14.73,15.1475,15.3565,15.51,0.3625,16.168,15.3732,0.306901,0.235941,0.245951,0.248409,0.251837,0.005886,0.258975,0.248237,0.00489611,0.266728,8.32
5,"n23g0021.hpc.itc.rwth-aachen.de",5,"5",0,3,0000:ad:00.0,6,"OK",16777216,"bandwidth","H2D",50,0,843.881,852.784,855.921,859.006,6.223,876.438,856.72,6.42273,17.8278,18.1896,18.2552,18.3224,0.132733,18.5156,18.2392,0.135944,19.6014,848.272
5,"n23g0021.hpc.itc.rwth-aachen.de",5,"5",0,3,0000:ad:00.0,6,"OK",16777216,"bandwidth","D2H",50,0,1719.1,1731.18,1735.94,1742.94,11.7532,1760.05,1737.08,8.88517,8.87761,8.96475,9.00089,9.02561,0.0608624,9.08905,8.9952,0.0458955,9.66463,1728.43
5,"n23g0021.hpc.itc.rwth-aachen.de",5,"5",0,3,0000:ad:00.0,6,"OK",67108864,"bandwidth","H2D",50,0,3333.88,3345.19,3349.11,3357.74,12.55,3370.84,3350.97,8.48511,18.5414,18.6137,18.6616,18.6835,0.069832,18.7469,18.6514,0.047199,20.0378,3341.49
5,"n23g0021.hpc.itc.rwth-aachen.de",5,"5",0,3,0000:ad:00.0,6,"OK",67108864,"bandwidth","D2H",50,0,6166.43,6184.17,6189.85,6195.98,11.8057,6210.85,6190.26,9.88476,10.063,10.0872,10.0972,10.1064,0.0192567,10.1355,10.0965,0.0161201,10.8418,6182.19
5,"n23g0021.hpc.itc.rwth-aachen.de",5,"5",0,3,0000:ad:00.0,6,"OK",268435456,"bandwidth","H2D",50,0,11798.7,12237.1,13025.1,13226,988.924,13746.6,12833.7,616.051,18.1863,18.9022,19.1937,20.4297,1.52756,21.1887,19.5253,0.944458,20.6091,13017.7
5,"n23g0021.hpc.itc.rwth-aachen.de",5,"5",0,3,0000:ad:00.0,6,"OK",268435456,"bandwidth","D2H",50,0,18191.8,20065.6,21554.2,22870.4,2804.8,27780.3,21784.8,2600.47,8.99919,10.9312,11.5987,12.4592,1.52808,13.7425,11.6317,1.31581,12.4541,21546.7
6,"n23g0021.hpc.itc.rwth-aachen.de",6,"6",0,0,0000:1b:00.0,0,"OK",4096,"latency","H2D",50,0,12.737,13.226,13.794,14.1512,0.92525,15.45,13.7338,0.587751,0.246906,0.269566,0.276548,0.288424,0.018858,0.299497,0.278267,0.0118682,0.296941,7.536
6,"n23g0021.hpc.itc.rwth-aachen.de",6,"6",0,0,0000:1b:00.0,0,"OK",4096,"latency","D2H",50,0,12.327,12.7613,13.0955,13.302,0.54075,17.145,13.1076,0.702837,0.222496,0.286777,0.291298,0.298928,0.0121515,0.309459,0.291741,0.0133743,0.312779,6.848
6,"n23g0021.hpc.itc.rwth-aachen.de",6,"6",0,0,0000:1b:00.0,0,"OK",16777216,"bandwidth","H2D",50,0,340.09,534.873,614.644,676.025,141.152,842.879,579.141,141.493,18.5377,23.1131,25.4212,29.2417,6.12864,45.9437,29.0933,8.87923,27.2958,608.128
6,"n23g0021.hpc.itc.rwth-aachen.de",6,"6",0,0,0000:1b:00.0,0,"OK",16777216,"bandwidth","D2H",50,0,428.232,678.374,783.448,895.621,217.246,1165.85,758.786,203.951,13.4022,17.446,19.9441,23.0478,5.6018,36.4872,22.5333,7.47886,21.4148,777.136
6,"n23g0021.hpc.itc.rwth-aachen.de",6,"6",0,0,0000:1b:00.0,0,"OK",67108864,"bandwidth","H2D",50,0,1419.35,1498.35,1500.19,1501.88,3.53125,1505.92,1498.39,11.6278,41.5027,41.6145,41.6615,41.7126,0.0980754,44.0341,41.714,0.340313,44.7337,1494.08
6,"n23g0021.hpc.itc.rwth-aachen.de",6,"6",0,0,0000:1b:00.0,0,"OK",67108864,"bandwidth","D2H",50,0,1792.36,1880.03,1884.81,1888.38,8.35225,1901.26,1882.65,14.8125,32.873,33.0971,33.1598,33.2441,0.147038,34.8702,33.2001,0.271177,35.6051,1878.7
6,"n23g0021.hpc.itc.rwth-aachen.de",6,"6",0,0,0000:1b:00.0,0,"OK",268435456,"bandwidth","H2D",50,0,5953.15,5961.18,5963.9,5968.09,6.91525,5976.4,5964.42,5.93147,41.8312,41.8894,41.9189,41.938,0.0485936,41.9945,41.9152,0.0416789,45.0101,5957.81
6,"n23g0021.hpc.itc.rwth-aachen.de",6,"6",0,0,0000:1b:00.0,0,"OK",268435456,"bandwidth","D2H",50,0,7525.57,7532.26,7536.02,7542.4,10.134,7549.15,7537.26,5.99872,33.1163,33.146,33.174,33.1906,0.044595,33.2201,33.1686,0.0263937,35.6203,7529.84
6,"n23g0021.hpc.itc.rwth-aachen.de",6,"6",0,1,0000:2c:00.0,2,"OK",4096,"latency","H2D",50,0,12.587,13.242,13.623,13.84,0.598,17.049,13.5858,0.623852,0.223749,0.275629,0.280019,0.288076,0.0124467,0.303066,0.28131,0.0114967,0.300668,7.008
6,"n23g0021.hpc.itc.rwth-aachen.de",6,"6",0,1,0000:2c:00.0,2,"OK",4096,"latency","D2H",50,0,12.564,13.0605,13.4225,13.579,0.5185,36.967,13.8357,3.32967,0.103192,0.280926,0.284202,0.292079,0.0111527,0.303621,0.282073,0.0269812,0.30516,7.072
6,"n23g0021.hpc.itc.rwth-aachen.de",6,"6",0,1,0000:2c:00.0,2,"OK",16777216,"bandwidth","H2D",50,0,703.714,758.234,820.769,985.336,227.102,1109.13,862.664,124.469,14.0876,15.8576,19.037,20.6071,4.74955,22.2036,18.4759,2.53954,20.4408,814.4
6,"n23g0021.hpc.itc.rwth-aachen.de",6,"6",0,1,0000:2c:00.0,2,"OK",16777216,"bandwidth","D2H",50,0,980.88,1061.86,1152.95,1369.21,307.343,1541.68,1202.49,174.141,10.135,11.4117,13.5522,14.7147,3.30298,15.9296,13.2558,1.82347,14.5515,1146.26
6,"n23g0021.hpc.itc.rwth-aachen.de",6,"6",0,1,0000:2c:00.0,2,"OK",67108864,"bandwidth","H2D",50,0,2070.32,2180.62,2183.5,2185.74,5.127,2448.35,2194.45,65.7156,25.5274,28.5944,28.6237,28.6616,0.067231,30.1885,28.5048,0.79719,30.7345,2177.02
6,"n23g0021.hpc.itc.rwth-aachen.de",6,"6",0,1,0000:2c:00.0,2,"OK",67108864,"bandwidth","D2H",50,0,2880.2,3036.47,3039.53,3042.5,6.031,3420.98,3052.76,88.5585,18.2696,20.5423,20.5624,20.5831,0.0408009,21.6999,20.4894,0.555624,22.0787,3033.09
6,"n23g0021.hpc.itc.rwth-aachen.de",6,"6",0,1,0000:2c:00.0,2,"OK",268435456,"bandwidth","H2D",50,0,8680.45,8688.35,8694.66,8698.71,10.3575,8706.06,8693.69,6.80418,28.7156,28.7399,28.7533,28.7742,0.0342611,28.8003,28.7565,0.0225075,30.8736,8688.21
6,"n23g0021.hpc.itc.rwth-aachen.de",6,"6",0,1,0000:2c:00.0,2,"OK",268435456,"bandwidth","D2H",50,0,12096.4,12107.2,12113.8,12117.4,10.193,12137.2,12113.4,8.60524,20.5978,20.6315,20.6377,20.6489,0.0173696,20.6673,20.6384,0.0146575,22.1596,12107.3
6,"n23g0021.hpc.itc.rwth-aachen.de",6,"6",0,2,0000:9d:00.0,4,"OK",4096,"latency","H2D",50,0,15.146,15.9027,16.123,16.399,0.49625,23.816,16.3576,1.22251,0.160174,0.232618,0.2366,0.239877,0.00725907,0.251862,0.23419,0.013316,0.254047,8.704
6,"n23g0021.hpc.itc.rwth-aachen.de",6,"6",0,2,0000:9d:00.0,4,"OK",4096,"latency","D2H",50,0,14.436,15.129,15.4855,15.8005,0.6715,24.48,15.6869,1.36194,0.155829,0.241429,0.246341,0.252145,0.0107158,0.264249,0.24447,0.0151427,0.264506,8.352
6,"n23g0021.hpc.itc.rwth-aachen.de",6,"6",0,2,0000:9d:00.0,4,"OK",16777216,"bandwidth","H2D",50,0,836.045,842.386,845.526,847.865,5.479,858.942,845.348,4.40854,18.191,18.4286,18.4796,18.5485,0.119863,18.6892,18.484,0.0962205,19.8423,837.44
6,"n23g0021.hpc.itc.rwth-aachen.de",6,"6",0,2,0000:9d:00.0,4,"OK",16777216,"bandwidth","D2H",50,0,1722.32,1728.99,1733.75,1738.8,9.80775,1762.4,1735.65,9.07966,8.86575,8.9861,9.01226,9.03707,0.050974,9.07208,9.00263,0.046832,9.67684,1726.03
6,"n23g0021.hpc.itc.rwth-aachen.de",6,"6",0,2,0000:9d:00.0,4,"OK",67108864,"bandwidth","H2D",50,0,3281.14,3290.58,3294.88,3299.7,9.12425,3318.61,3295.12,7.53573,18.8332,18.9411,18.9688,18.9936,0.0525208,19.0483,18.9675,0.0433317,20.3676,3287.15
6,"n23g0021.hpc.itc.rwth-aachen.de",6,"6",0,2,0000:9d:00.0,4,"OK",67108864,"bandwidth","D2H",50,0,6146.51,6173.88,6183.04,6191.62,17.733,6203.64,6181.57,12.057,10.0747,10.0943,10.1083,10.1233,0.0289935,10.1684,10.1107,0.0197403,10.8537,6174.9
6,"n23g0021.hpc.itc.rwth-aachen.de",6,"6",0,2,0000:9d:00.0,4,"OK",268435456,"bandwidth","H2D",50,0,11114,12291.4,12591.8,13170.4,878.941,13500.6,12682.8,599.429,18.5177,18.9826,19.8542,20.3394,1.35683,22.4942,19.757,0.959501,21.3183,12584
6,"n23g0021.hpc.itc.rwth-aachen.de",6,"6",0,2,0000:9d:00.0,4,"OK",268435456,"bandwidth","D2H",50,0,18149.2,20241,22196.8,25149,4908.02,27784.1,22912.6,2870.84,8.99795,9.94075,11.2629,12.3512,2.41045,13.7747,11.0796,1.35338,12.0935,22188.4
6,"n23g0021.hpc.itc.rwth-aachen.de",6,"6",0,3,0000:ad:00.0,6,"OK",4096,"latency","H2D",50,0,14.819,15.4802,15.805,16.0452,0.565,17.869,15.8002,0.522488,0.213481,0.237747,0.24136,0.246424,0.00867681,0.257419,0.241691,0.00778183,0.259159,8.416
6,"n23g0021.hpc.itc.rwth-aachen.de",6,"6",0,3,0000:ad:00.0,6,"OK",4096,"latency","D2H",50,0,14.518,15.3547,15.5795,15.8618,0.507,24.074,15.8056,1.26478,0.158457,0.240497,0.244854,0.248438,0.00794098,0.262756,0.242446,0.0138638,0.26291,8.416
6,"n23g0021.hpc.itc.rwth-aachen.de",6,"6",0,3,0000:ad:00.0,6,"OK",16777216,"bandwidth","H2D",50,0,852.618,861.675,865.596,869.192,7.5165,876.807,864.916,5.59328,17.8203,17.9765,18.0511,18.1333,0.156811,18.3259,18.0661,0.116929,19.3823,857.984
6,"n23g0021.hpc.itc.rwth-aachen.de",6,"6",0,3,0000:ad:00.0,6,"OK",16777216,"bandwidth","D2H",50,0,1723.21,1730.8,1735.34,1742.95,12.1565,1758.91,1737.3,8.93432,8.88334,8.96466,9.00399,9.02763,0.0629645,9.06736,8.99409,0.0461336,9.66796,1727.73
6,"n23g0021.hpc.itc.rwth-aachen.de",6,"6",0,3,0000:ad:00.0,6,"OK",67108864,"bandwidth","H2D",50,0,3348.71,3390.59,3398.78,3406.55,15.9597,3419.79,3397.89,12.5279,18.276,18.347,18.389,18.4333,0.0863599,18.6639,18.394,0.0681075,19.745,3390.74
6,"n23g0021.hpc.itc.rwth-aachen.de",6,"6",0,3,0000:ad:00.0,6,"OK",67108864,"bandwidth","D2H",50,0,6183.17,6938.04,6944.41,6951.06,13.025,6971.23,6915.56,149.667,8.96542,8.99143,9.00004,9.00831,0.0168802,10.1081,9.04231,0.217692,9.66372,6936.64
6,"n23g0021.hpc.itc.rwth-aachen.de",6,"6",0,3,0000:ad:00.0,6,"OK",268435456,"bandwidth","H2D",50,0,11603.5,12392.8,12815.8,13463.8,1071.02,13720.6,12868,556.698,18.2208,18.5683,19.5071,20.1731,1.6048,21.5452,19.465,0.852919,20.9456,12808.2
6,"n23g0021.hpc.itc.rwth-aachen.de",6,"6",0,3,0000:ad:00.0,6,"OK",268435456,"bandwidth","D2H",50,0,17360.4,20441.5,22444.8,24335.7,3894.22,27487.9,22325.1,2075.34,9.0949,10.2757,11.1384,12.2323,1.95662,14.4006,11.2984,1.08733,11.9598,22437.5
7,"n23g0021.hpc.itc.rwth-aachen.de",7,"7",0,0,0000:1b:00.0,0,"OK",4096,"latency","H2D",50,0,12.716,13.0622,13.505,13.8763,0.814,15.127,13.5199,0.563071,0.252178,0.274908,0.282466,0.292041,0.0171323,0.299992,0.28263,0.0114585,0.303295,7.408
7,"n23g0021.hpc.itc.rwth-aachen.de",7,"7",0,0,0000:1b:00.0,0,"OK",4096,"latency","D2H",50,0,12.158,12.7003,12.949,13.2117,0.5115,13.771,12.9832,0.406394,0.277009,0.288735,0.294594,0.300364,0.0116287,0.31376,0.294106,0.00922293,0.316318,6.736
7,"n23g0021.hpc.itc.rwth-aachen.de",7,"7",0,0,0000:1b:00.0,0,"OK",16777216,"bandwidth","H2D",50,0,340.245,525.911,614.118,677.244,151.332,840.015,583.578,134.074,18.6009,23.0715,25.443,29.7104,6.63896,45.9228,28.6275,8.31747,27.3193,607.856
7,"n23g0021.hpc.itc.rwth-aachen.de",7,"7",0,0,0000:1b:00.0,0,"OK",16777216,"bandwidth","D2H",50,0,430.59,673.333,786.789,903.486,230.153,1144.85,766.926,186.318,13.648,17.2941,19.8592,23.2079,5.91378,36.2874,21.9243,6.63502,21.3237,780.368
7,"n23g0021.hpc.itc.rwth-aachen.de",7,"7",0,0,0000:1b:00.0,0,"OK",67108864,"bandwidth","H2D",50,0,1421.37,1502.73,1504.59,1506.53,3.802,1511.64,1503.13,12.0207,41.3459,41.4861,41.5395,41.5911,0.104962,43.9718,41.5826,0.350171,44.6027,1498.51
7,"n23g0021.hpc.itc.rwth-aachen.de",7,"7",0,0,0000:1b:00.0,0,"OK",67108864,"bandwidth","D2H",50,0,1785.58,1880.93,1887.15,1889.85,8.917,1894.42,1882.65,18.3798,32.9917,33.0714,33.1186,33.2282,0.156783,35.0026,33.2011,0.338529,35.5609,1881.02
7,"n23g0021.hpc.itc.rwth-aachen.de",7,"7",0,0,0000:1b:00.0,0,"OK",268435456,"bandwidth","H2D",50,0,5951.63,5961.11,5964.48,5967.87,6.76375,5986.79,5964.66,5.71562,41.7586,41.891,41.9148,41.9385,0.0475314,42.0053,41.9136,0.0401292,45.0057,5958.16
7,"n23g0021.hpc.itc.rwth-aachen.de",7,"7",0,0,0000:1b:00.0,0,"OK",268435456,"bandwidth","D2H",50,0,7522.42,7532.48,7537.48,7542.21,9.736,7559.18,7537.83,7.39216,33.0724,33.1468,33.1676,33.1896,0.0428434,33.234,33.1661,0.0325122,35.6134,7531.34
7,"n23g0021.hpc.itc.rwth-aachen.de",7,"7",0,1,0000:2c:00.0,2,"OK",4096,"latency","H2D",50,0,10.942,11.0905,11.32,11.618,0.5275,14.552,11.4249,0.536469,0.262142,0.328344,0.336988,0.343961,0.0156169,0.348629,0.334524,0.0135075,0.361839,5.616
7,"n23g0021.hpc.itc.rwth-aachen.de",7,"7",0,1,0000:2c:00.0,2,"OK",4096,"latency","D2H",50,0,10.734,11.0233,11.2845,11.4443,0.421,11.966,11.2613,0.300364,0.318795,0.333329,0.338048,0.34606,0.012731,0.355385,0.338985,0.00900393,0.362976,5.52
7,"n23g0021.hpc.itc.rwth-aachen.de",7,"7",0,1,0000:2c:00.0,2,"OK",16777216,"bandwidth","H2D",50,0,551.476,553.33,554.123,555.221,1.89075,557.11,554.202,1.33296,28.0465,28.142,28.1977,28.2381,0.0961609,28.3331,28.1938,0.06778,30.2771,548.08
7,"n23g0021.hpc.itc.rwth-aachen.de",7,"7",0,1,0000:2c:00.0,2,"OK",16777216,"bandwidth","D2H",50,0,763.134,766.538,767.918,772.9,6.36225,783.525,769.701,4.49137,19.9419,20.2161,20.3472,20.3839,0.167793,20.4748,20.3008,0.117746,21.8477,761.664
7,"n23g0021.hpc.itc.rwth-aachen.de",7,"7",0,1,0000:2c:00.0,2,"OK",67108864,"bandwidth","H2D",50,0,2177.65,2180.23,2182,2183.45,3.21875,2187.38,2181.99,2.24885,28.573,28.6244,28.6434,28.6667,0.0422591,28.7007,28.6437,0.029516,30.7556,2175.81
7,"n23g0021.hpc.itc.rwth-aachen.de",7,"7",0,1,0000:2c:00.0,2,"OK",67108864,"bandwidth","D2H",50,0,3030.45,3036.21,3037.73,3040.53,4.31575,3056.39,3038.54,4.39285,20.449,20.5557,20.5746,20.5849,0.0292184,20.624,20.5691,0.0296842,22.0918,3031.33
7,"n23g0021.hpc.itc.rwth-aachen.de",7,"7",0,1,0000:2c:00.0,2,"OK",268435456,"bandwidth","H2D",50,0,8670.05,8686.32,8692.17,8696.04,9.72025,8703.66,8691.02,6.99312,28.7235,28.7487,28.7615,28.7809,0.0321707,28.8349,28.7653,0.0231559,30.8825,8685.71
7,"n23g0021.hpc.itc.rwth-aachen.de",7,"7",0,1,0000:2c:00.0,2,"OK",268435456,"bandwidth","D2H",50,0,12095.7,12110,12117.2,12124,14.0092,12140,12117.6,9.2025,20.593,20.6202,20.6317,20.644,0.023854,20.6685,20.6312,0.0156672,22.1532,12110.8
7,"n23g0021.hpc.itc.rwth-aachen.de",7,"7",0,2,0000:9d:00.0,4,"OK",4096,"latency","H2D",50,0,15.264,15.672,15.9255,16.1053,0.43325,18.39,15.9287,0.466927,0.207433,0.23686,0.239534,0.243408,0.00654802,0.249915,0.239678,0.00656563,0.257198,8.592
7,"n23g0021.hpc.itc.rwth-aachen.de",7,"7",0,2,0000:9d:00.0,4,"OK",4096,"latency","D2H",50,0,14.718,15.3163,15.6935,16.0572,0.741,29.06,15.9669,1.92889,0.13127,0.23757,0.243077,0.249062,0.0114923,0.259186,0.240964,0.0172915,0.261001,8.16
7,"n23g0021.hpc.itc.rwth-aachen.de",7,"7",0,2,0000:9d:00.0,4,"OK",16777216,"bandwidth","H2D",50,0,830.395,836.855,840.249,842.521,5.66625,849.301,839.964,4.39939,18.3975,18.5455,18.5957,18.6711,0.12557,18.8163,18.6025,0.0973581,19.967,832.24
7,"n23g0021.hpc.itc.rwth-aachen.de",7,"7",0,2,0000:9d:00.0,4,"OK",16777216,"bandwidth","D2H",50,0,1719.61,1727.38,1732.01,1741.35,13.973,1756.13,1734.58,9.97758,8.89738,8.97291,9.02129,9.04549,0.0725818,9.08636,9.00823,0.051638,9.68654,1724.03
7,"n23g0021.hpc.itc.rwth-aachen.de",7,"7",0,2,0000:9d:00.0,4,"OK",67108864,"bandwidth","H2D",50,0,3265.97,3282.83,3287.57,3295.44,12.6178,3319.78,3288.43,9.31242,18.8265,18.9656,19.011,19.0385,0.0728955,19.1367,19.0062,0.0537612,20.4129,3279.65
7,"n23g0021.hpc.itc.rwth-aachen.de",7,"7",0,2,0000:9d:00.0,4,"OK",67108864,"bandwidth","D2H",50,0,6154.66,6167.96,6176.56,6186.14,18.174,6201.66,6177.8,11.4082,10.0779,10.1032,10.1189,10.133,0.0297695,10.1549,10.1169,0.0186786,10.8651,6168.4
7,"n23g0021.hpc.itc.rwth-aachen.de",7,"7",0,2,0000:9d:00.0,4,"OK",268435456,"bandwidth","H2D",50,0,10841.6,11878.3,12151.6,12971.5,1093.15,13065.1,12332,647.987,19.135,19.273,20.5735,21.0468,1.77375,23.0593,20.3299,1.09391,22.0906,12144
7,"n23g0021.hpc.itc.rwth-aachen.de",7,"7",0,2,0000:9d:00.0,4,"OK",268435456,"bandwidth","D2H",50,0,16966.4,18465.6,19799,20224.8,1759.22,22009.6,19682,1205.5,11.3587,12.3611,12.6269,13.5392,1.17813,14.735,12.7501,0.787636,13.5581,19791.2
7,"n23g0021.hpc.itc.rwth-aachen.de",7,"7",0,3,0000:ad:00.0,6,"OK",4096,"latency","H2D",50,0,15.237,15.8905,16.083,16.2752,0.38475,18.986,16.1863,0.577638,0.200922,0.234386,0.237188,0.240062,0.00567517,0.250358,0.235953,0.00781144,0.254679,8.592
7,"n23g0021.hpc.itc.rwth-aachen.de",7,"7",0,3,0000:ad:00.0,6,"OK",4096,"latency","D2H",50,0,14.736,15.4703,15.6885,15.9465,0.47625,25.645,15.9125,1.4653,0.14875,0.239219,0.243153,0.246583,0.00736364,0.258869,0.241087,0.0149529,0.261084,8.512
7,"n23g0021.hpc.itc.rwth-aachen.de",7,"7",0,3,0000:ad:00.0,6,"OK",16777216,"bandwidth","H2D",50,0,841.562,853.5,857.183,860.204,6.70475,867.522,856.538,5.16128,18.0111,18.1643,18.2283,18.307,0.142691,18.5667,18.2427,0.110295,19.5725,849.168
7,"n23g0021.hpc.itc.rwth-aachen.de",7,"7",0,3,0000:ad:00.0,6,"OK",16777216,"bandwidth","D2H",50,0,1719.39,1729.89,1734.97,1746.98,17.0875,1756.59,1736.88,10.353,8.89506,8.94403,9.00592,9.03236,0.0883297,9.08751,8.99635,0.0534813,9.67004,1727.33
7,"n23g0021.hpc.itc.rwth-aachen.de",7,"7",0,3,0000:ad:00.0,6,"OK",67108864,"bandwidth","H2D",50,0,3352.57,3393.29,3403.2,3410.81,17.5142,3429.09,3400.95,13.9542,18.2264,18.3241,18.3651,18.4187,0.0945785,18.6424,18.3776,0.0756598,19.7193,3394.06
7,"n23g0021.hpc.itc.rwth-aachen.de",7,"7",0,3,0000:ad:00.0,6,"OK",67108864,"bandwidth","D2H",50,0,6174.84,6930.29,6940.18,6944.38,14.0887,6970.69,6908.72,149.921,8.96611,9.00008,9.00553,9.01838,0.0182968,10.1217,9.05128,0.218478,9.66962,6931.87
7,"n23g0021.hpc.itc.rwth-aachen.de",7,"7",0,3,0000:ad:00.0,6,"OK",268435456,"bandwidth","H2D",50,0,11063,12139.3,12785.1,13194.4,1055.16,13735.6,12705.3,669.812,18.2009,18.9474,19.5545,20.5944,1.64698,22.5978,19.7325,1.05676,20.9964,12777.3
7,"n23g0021.hpc.itc.rwth-aachen.de",7,"7",0,3,0000:ad:00.0,6,"OK",268435456,"bandwidth","D2H",50,0,17899.3,19484,20194,24814.6,5330.62,27768.2,21632.7,3113.13,9.0031,10.0751,12.3799,12.8312,2.75609,13.967,11.7805,1.56648,13.2928,20186.8
8,"n23g0021.hpc.itc.rwth-aachen.de",8,"8",0,0,0000:1b:00.0,0,"OK",4096,"latency","H2D",50,0,12.335,13.0877,13.528,13.7803,0.6925,45.645,14.2006,4.55883,0.0835732,0.276824,0.281985,0.291471,0.0146473,0.309258,0.278203,0.0312829,0.302779,7.392
8,"n23g0021.hpc.itc.rwth-aachen.de",8,"8",0,0,0000:1b:00.0,0,"OK",4096,"latency","D2H",50,0,12.143,12.5373,13.1035,13.3397,0.8025,13.862,12.9958,0.449536,0.275191,0.285965,0.291123,0.30427,0.018305,0.314148,0.293884,0.0101884,0.312591,6.864
8,"n23g0021.hpc.itc.rwth-aachen.de",8,"8",0,0,0000:1b:00.0,0,"OK",16777216,"bandwidth","H2D",50,0,339.824,364.297,613.331,675.675,311.378,840.552,562.551,153.23,18.589,23.125,25.4756,42.8908,19.7658,45.9797,30.3801,9.74731,27.3543,606.752
8,"n23g0021.hpc.itc.rwth-aachen.de",8,"8",0,0,0000:1b:00.0,0,"OK",16777216,"bandwidth","D2H",50,0,428.682,452.001,795.659,904.135,452.134,1024.83,736.833,215.312,15.2464,17.2817,19.6384,34.5685,17.2868,36.4489,23.534,8.13229,21.0866,789.344
8,"n23g0021.hpc.itc.rwth-aachen.de",8,"8",0,0,0000:1b:00.0,0,"OK",67108864,"bandwidth","H2D",50,0,1421.02,1499.63,1501.14,1503.4,3.77375,1507.5,1500.06,11.5969,41.4595,41.5723,41.6349,41.6769,0.104612,43.9826,41.6676,0.338709,44.7051,1494.98
8,"n23g0021.hpc.itc.rwth-aachen.de",8,"8",0,0,0000:1b:00.0,0,"OK",67108864,"bandwidth","D2H",50,0,1875.38,1882.4,1886.18,1888.22,5.812,1892.42,1885.36,4.45221,33.0265,33.1,33.1357,33.2022,0.102198,33.3267,33.1503,0.0783762,35.5792,1880.03
8,"n23g0021.hpc.itc.rwth-aachen.de",8,"8",0,0,0000:1b:00.0,0,"OK",268435456,"bandwidth","H2D",50,0,5767.04,5961.32,5964.23,5969.57,8.2565,5976.73,5957.77,33.5278,41.8289,41.879,41.9165,41.937,0.0580028,43.3498,41.9634,0.242365,45.0075,5958.13
8,"n23g0021.hpc.itc.rwth-aachen.de",8,"8",0,0,0000:1b:00.0,0,"OK",268435456,"bandwidth","D2H",50,0,7363.03,7531.2,7535.45,7538.86,7.666,7549.16,7524.01,38.957,33.1162,33.1615,33.1765,33.1953,0.0337551,33.9534,33.2279,0.174835,35.623,7529.46
8,"n23g0021.hpc.itc.rwth-aachen.de",8,"8",0,1,0000:2c:00.0,2,"OK",4096,"latency","H2D",50,0,12.624,13.3552,13.6825,13.8983,0.543,19.921,13.7968,1.05453,0.191491,0.274473,0.278802,0.285633,0.0111595,0.302178,0.277723,0.0162827,0.299361,7.232
8,"n23g0021.hpc.itc.rwth-aachen.de",8,"8",0,1,0000:2c:00.0,2,"OK",4096,"latency","D2H",50,0,12.411,12.9875,13.436,13.626,0.6385,14.714,13.3391,0.466083,0.259256,0.279957,0.283916,0.293721,0.0137634,0.307364,0.286329,0.0100369,0.304853,7.056
8,"n23g0021.hpc.itc.rwth-aachen.de",8,"8",0,1,0000:2c:00.0,2,"OK",16777216,"bandwidth","H2D",50,0,703.001,759.064,823.222,962.862,203.798,1109.69,860.945,128.718,14.0805,16.2538,18.9803,20.5846,4.33078,22.2261,18.5364,2.61715,20.3799,816.608
8,"n23g0021.hpc.itc.rwth-aachen.de",8,"8",0,1,0000:2c:00.0,2,"OK",16777216,"bandwidth","D2H",50,0,981.886,1061.73,1161.19,1358.83,297.099,1548.52,1204.12,174.58,10.0903,11.4994,13.4561,14.7165,3.21705,15.9133,13.2397,1.83256,14.4484,1154.66
8,"n23g0021.hpc.itc.rwth-aachen.de",8,"8",0,1,0000:2c:00.0,2,"OK",67108864,"bandwidth","H2D",50,0,2069.58,2178.04,2180.89,2183,4.965,2600.93,2194.73,84.0141,24.0298,28.6303,28.658,28.6956,0.0652649,30.1993,28.5148,0.98116,30.7713,2174.45
8,"n23g0021.hpc.itc.rwth-aachen.de",8,"8",0,1,0000:2c:00.0,2,"OK",67108864,"bandwidth","D2H",50,0,2873.18,3035.48,3038.77,3043.76,8.27725,3429.63,3051.79,99.1112,18.2235,20.5338,20.5676,20.5898,0.0559924,21.7529,20.5,0.623801,22.0842,3032.34
8,"n23g0021.hpc.itc.rwth-aachen.de",8,"8",0,1,0000:2c:00.0,2,"OK",268435456,"bandwidth","H2D",50,0,8503.84,8681.98,8686.99,8690.19,8.20975,8705.02,8680.95,32.2078,28.719,28.7681,28.7787,28.7953,0.0272033,29.3985,28.7991,0.108674,30.9009,8680.5
8,"n23g0021.hpc.itc.rwth-aachen.de",8,"8",0,1,0000:2c:00.0,2,"OK",268435456,"bandwidth","D2H",50,0,11948.7,12110.7,12119,12125,14.3165,12138.6,12114.5,25.7732,20.5954,20.6185,20.6288,20.6429,0.0243738,20.9227,20.6366,0.0444066,22.15,12112.3
8,"n23g0021.hpc.itc.rwth-aachen.de",8,"8",0,2,0000:9d:00.0,4,"OK",4096,"latency","H2D",50,0,14.833,15.4235,15.641,15.8708,0.44725,18.121,15.6707,0.51011,0.210513,0.24036,0.243891,0.24733,0.00696996,0.257176,0.243672,0.0074985,0.261876,8.416
8,"n23g0021.hpc.itc.rwth-aachen.de",8,"8",0,2,0000:9d:00.0,4,"OK",4096,"latency","D2H",50,0,14.781,15.3837,15.565,15.9095,0.52575,23.81,15.7822,1.22405,0.160214,0.239775,0.245082,0.247969,0.00819435,0.258081,0.242746,0.0135258,0.263155,8.176
8,"n23g0021.hpc.itc.rwth-aachen.de",8,"8",0,2,0000:9d:00.0,4,"OK",16777216,"bandwidth","H2D",50,0,833.747,840.649,843.158,847.654,7.0055,853.83,843.871,5.03211,18.2999,18.4332,18.5315,18.5868,0.153611,18.7407,18.5165,0.11036,19.8981,835.456
8,"n23g0021.hpc.itc.rwth-aachen.de",8,"8",0,2,0000:9d:00.0,4,"OK",16777216,"bandwidth","D2H",50,0,1720.3,1728.51,1734.33,1742.25,13.741,1762.35,1736.17,10.2704,8.86603,8.96828,9.00927,9.03957,0.0712881,9.08272,9.00003,0.0530382,9.67363,1726.46
8,"n23g0021.hpc.itc.rwth-aachen.de",8,"8",0,2,0000:9d:00.0,4,"OK",67108864,"bandwidth","H2D",50,0,3295.64,3322.15,3329.15,3337.32,15.1688,3346.57,3329.29,10.3097,18.6758,18.7276,18.7735,18.8131,0.0855093,18.9644,18.7729,0.0582372,20.1579,3320.91
8,"n23g0021.hpc.itc.rwth-aachen.de",8,"8",0,2,0000:9d:00.0,4,"OK",67108864,"bandwidth","D2H",50,0,6188.64,6930.93,6938.2,6946.15,15.2215,6965.03,6908.69,147.153,8.9734,8.99779,9.0081,9.01755,0.0197607,10.0992,9.05114,0.214043,9.67238,6930.21
8,"n23g0021.hpc.itc.rwth-aachen.de",8,"8",0,2,0000:9d:00.0,4,"OK",268435456,"bandwidth","H2D",50,0,11039.9,11960.9,12292.9,12999.5,1038.69,13083.1,12370.2,607.682,19.1086,19.2314,20.337,20.9015,1.67008,22.6451,20.2597,1.01644,21.8367,12285.4
8,"n23g0021.hpc.itc.rwth-aachen.de",8,"8",0,2,0000:9d:00.0,4,"OK",268435456,"bandwidth","D2H",50,0,16955.6,18737.2,20180.5,20378.4,1641.22,22021.8,19893.6,1296.57,11.3524,12.2679,12.3882,13.3429,1.075,14.7444,12.6219,0.847454,13.3017,20173
8,"n23g0021.hpc.itc.rwth-aachen.de",8,"8",0,3,0000:ad:00.0,6,"OK",4096,"latency","H2D",50,0,14.545,15.7592,16.033,16.36,0.60075,25.77,16.39,1.78632,0.148029,0.233172,0.237928,0.242061,0.00888865,0.262269,0.234705,0.018192,0.255473,8.656
8,"n23g0021.hpc.itc.rwth-aachen.de",8,"8",0,3,0000:ad:00.0,6,"OK",4096,"latency","D2H",50,0,14.849,15.4283,15.6895,15.8768,0.4485,16.392,15.6402,0.321629,0.232717,0.240269,0.243138,0.247254,0.00698464,0.256899,0.244007,0.00501812,0.261067,8.384
8,"n23g0021.hpc.itc.rwth-aachen.de",8,"8",0,3,0000:ad:00.0,6,"OK",16777216,"bandwidth","H2D",50,0,839.101,850.187,852.751,855.917,5.73,861.098,852.45,4.80075,18.1454,18.2553,18.323,18.3783,0.123028,18.6211,18.3301,0.103655,19.6742,845.456
8,"n23g0021.hpc.itc.rwth-aachen.de",8,"8",0,3,0000:ad:00.0,6,"OK",16777216,"bandwidth","D2H",50,0,1721.26,1731,1736.07,1743.91,12.9045,1760.55,1738.35,9.79864,8.87505,8.95976,9.00023,9.02655,0.0667943,9.07764,8.98871,0.0504541,9.66392,1728.34
8,"n23g0021.hpc.itc.rwth-aachen.de",8,"8",0,3,0000:ad:00.0,6,"OK",67108864,"bandwidth","H2D",50,0,3310.8,3324.64,3334.35,3345.24,20.6,3358.59,3334.55,13.0752,18.609,18.6832,18.7443,18.799,0.115764,18.8776,18.7434,0.073469,20.1265,3326.54
8,"n23g0021.hpc.itc.rwth-aachen.de",8,"8",0,3,0000:ad:00.0,6,"OK",67108864,"bandwidth","D2H",50,0,6148.05,6173.88,6181.65,6187.3,13.4187,6203.72,6180.42,10.4907,10.0746,10.1013,10.1106,10.1233,0.0219549,10.1658,10.1126,0.017181,10.8561,6173.95
8,"n23g0021.hpc.itc.rwth-aachen.de",8,"8",0,3,0000:ad:00.0,6,"OK",268435456,"bandwidth","H2D",50,0,11393,12077,12703.1,13097.6,1020.62,13720.1,12641.2,610.321,18.2214,19.0875,19.6802,20.7007,1.61317,21.9434,19.8231,0.964832,21.1315,12695.4
8,"n23g0021.hpc.itc.rwth-aachen.de",8,"8",0,3,0000:ad:00.0,6,"OK",268435456,"bandwidth","D2H",50,0,17589.6,18373.5,19976.3,21669.6,3296.12,27769.3,20507.7,2462.88,9.00276,11.5377,12.5148,13.6079,2.07015,14.213,12.3459,1.30605,13.4377,19968.3
9,"n23g0021.hpc.itc.rwth-aachen.de",9,"9",0,0,0000:1b:00.0,0,"OK",4096,"latency","H2D",50,0,10.976,11.3198,11.5535,11.7592,0.4395,13.145,11.5595,0.393215,0.290201,0.3244,0.330177,0.336995,0.0125952,0.347549,0.330369,0.0107206,0.354525,5.856
9,"n23g0021.hpc.itc.rwth-aachen.de",9,"9",0,0,0000:1b:00.0,0,"OK",4096,"latency","D2H",50,0,10.804,11.0765,11.288,11.434,0.3575,15.455,11.3497,0.640151,0.246826,0.333628,0.337943,0.344396,0.010768,0.353082,0.336944,0.0149986,0.362864,5.696
9,"n23g0021.hpc.itc.rwth-aachen.de",9,"9",0,0,0000:1b:00.0,0,"OK",16777216,"bandwidth","H2D",50,0,380.735,382.509,383.304,384.443,1.9345,387.327,383.52,1.45514,40.3406,40.6432,40.764,40.8487,0.205549,41.039,40.7416,0.154354,43.77,377.424
9,"n23g0021.hpc.itc.rwth-aachen.de",9,"9",0,0,0000:1b:00.0,0,"OK",16777216,"bandwidth","D2H",50,0,473.972,475.591,477.055,477.967,2.37675,486.201,477.769,3.24762,32.1369,32.6905,32.753,32.8539,0.16337,32.9661,32.7056,0.220417,35.1683,471.12
9,"n23g0021.hpc.itc.rwth-aachen.de",9,"9",0,0,0000:1b:00.0,0,"OK",67108864,"bandwidth","H2D",50,0,1434.76,1497.41,1499.39,1501.55,4.14125,1505.53,1498.24,9.48722,41.5138,41.6237,41.6837,41.7388,0.115115,43.5614,41.7174,0.274578,44.7576,1493.38
9,"n23g0021.hpc.itc.rwth-aachen.de",9,"9",0,0,0000:1b:00.0,0,"OK",67108864,"bandwidth","D2H",50,0,1788.6,1880.99,1886.73,1888.48,7.4885,1895.22,1883.27,14.6302,32.9776,33.0954,33.1262,33.2271,0.131759,34.9436,33.189,0.269373,35.5689,1880.75
9,"n23g0021.hpc.itc.rwth-aachen.de",9,"9",0,0,0000:1b:00.0,0,"OK",268435456,"bandwidth","H2D",50,0,5762.53,5957.35,5961.18,5964.4,7.0505,5971.91,5942.56,53.5497,41.8626,41.9153,41.938,41.965,0.0496067,43.3837,42.0729,0.387957,45.0306,5955.04
9,"n23g0021.hpc.itc.rwth-aachen.de",9,"9",0,0,0000:1b:00.0,0,"OK",268435456,"bandwidth","D2H",50,0,7339.36,7524.95,7532.36,7537.59,12.6398,7547.29,7518.31,47.6206,33.1245,33.1671,33.1901,33.2228,0.0557112,34.0629,33.2535,0.214673,35.6376,7526.53
9,"n23g0021.hpc.itc.rwth-aachen.de",9,"9",0,1,0000:2c:00.0,2,"OK",4096,"latency","H2D",50,0,12.852,13.4105,13.717,13.9647,0.55425,22.699,14.0116,1.52038,0.168056,0.273166,0.2781,0.284456,0.01129,0.296817,0.274507,0.0210629,0.298608,7.264
9,"n23g0021.hpc.itc.rwth-aachen.de",9,"9",0,1,0000:2c:00.0,2,"OK",4096,"latency","D2H",50,0,12.535,13.0145,13.3915,13.7605,0.746,14.739,13.3923,0.493516,0.258817,0.277221,0.284861,0.293111,0.0158902,0.304324,0.285225,0.0103743,0.305867,7.024
9,"n23g0021.hpc.itc.rwth-aachen.de",9,"9",0,1,0000:2c:00.0,2,"OK",16777216,"bandwidth","H2D",50,0,658.711,719.196,819.931,960.769,241.573,1109.67,837.226,135.414,14.0808,16.2891,19.0565,21.7425,5.45336,23.7206,19.1289,2.91348,20.4617,813.232
9,"n23g0021.hpc.itc.rwth-aachen.de",9,"9",0,1,0000:2c:00.0,2,"OK",16777216,"bandwidth","D2H",50,0,913.355,999.914,1148.02,1261.79,261.874,1532.7,1165.78,181.053,10.1944,12.3833,13.6104,15.6276,3.24436,17.1073,13.7166,2.04038,14.6141,1141.52
9,"n23g0021.hpc.itc.rwth-aachen.de",9,"9",0,1,0000:2c:00.0,2,"OK",67108864,"bandwidth","H2D",50,0,2068.92,2178.96,2181.59,2183.89,4.93175,2445,2180.64,52.3913,25.5623,28.6187,28.6488,28.6835,0.0647742,30.209,28.6771,0.657102,30.7614,2175.2
9,"n23g0021.hpc.itc.rwth-aachen.de",9,"9",0,1,0000:2c:00.0,2,"OK",67108864,"bandwidth","D2H",50,0,2871.81,3036.46,3040.03,3043.71,7.25,3421.62,3041.91,89.5376,18.2662,20.5342,20.559,20.5832,0.0490285,21.7633,20.563,0.567895,22.075,3033.6
9,"n23g0021.hpc.itc.rwth-aachen.de",9,"9",0,1,0000:2c:00.0,2,"OK",268435456,"bandwidth","H2D",50,0,8531.25,8684.6,8688.01,8692.86,8.25525,8703.48,8682.82,30.5015,28.7242,28.7592,28.7753,28.7866,0.0273374,29.304,28.7928,0.102738,30.8972,8681.58
9,"n23g0021.hpc.itc.rwth-aachen.de",9,"9",0,1,0000:2c:00.0,2,"OK",268435456,"bandwidth","D2H",50,0,11932.8,12104.1,12112.8,12120.2,16.0938,12134.5,12091.4,55.6892,20.6024,20.6268,20.6394,20.6542,0.0274257,20.9506,20.6763,0.0960763,22.1614,12106.1
9,"n23g0021.hpc.itc.rwth-aachen.de",9,"9",0,2,0000:9d:00.0,4,"OK",4096,"latency","H2D",50,0,14.982,15.8395,16.1385,16.3245,0.485,18.57,16.1256,0.522789,0.205423,0.233679,0.236372,0.240835,0.00715519,0.254619,0.236799,0.00732712,0.253803,8.56
9,"n23g0021.hpc.itc.rwth-aachen.de",9,"9",0,2,0000:9d:00.0,4,"OK",4096,"latency","D2H",50,0,14.603,15.4097,15.738,15.9443,0.5345,16.701,15.6834,0.457443,0.228411,0.239252,0.242388,0.247551,0.00829866,0.261227,0.243439,0.00712944,0.260262,8.352
9,"n23g0021.hpc.itc.rwth-aachen.de",9,"9",0,2,0000:9d:00.0,4,"OK",16777216,"bandwidth","H2D",50,0,833.904,839.186,842.41,845.201,6.0155,853.995,842.157,4.27581,18.2964,18.4867,18.548,18.6192,0.132517,18.7372,18.554,0.0941713,19.9157,834.624
9,"n23g0021.hpc.itc.rwth-aachen.de",9,"9",0,2,0000:9d:00.0,4,"OK",16777216,"bandwidth","D2H",50,0,1721.98,1730.51,1733.89,1740.87,10.364,1759.22,1736.56,9.81994,8.8818,8.97538,9.0115,9.02914,0.0537535,9.07385,8.99795,0.0506459,9.67603,1725.97
9,"n23g0021.hpc.itc.rwth-aachen.de",9,"9",0,2,0000:9d:00.0,4,"OK",67108864,"bandwidth","H2D",50,0,3268.01,3278.11,3281.91,3288.89,10.779,3298.59,3283.04,7.93983,18.9475,19.0034,19.0438,19.0659,0.062486,19.1248,19.0373,0.0460253,20.4481,3274.13
9,"n23g0021.hpc.itc.rwth-aachen.de",9,"9",0,2,0000:9d:00.0,4,"OK",67108864,"bandwidth","D2H",50,0,6151.58,6161.5,6173.45,6180.28,18.7787,6193.69,6171.7,11.161,10.0909,10.1128,10.124,10.1436,0.0308213,10.16,10.1269,0.018315,10.8706,6165.42
9,"n23g0021.hpc.itc.rwth-aachen.de",9,"9",0,2,0000:9d:00.0,4,"OK",268435456,"bandwidth","H2D",50,0,10909.1,11575.7,11894.3,12900.7,1324.98,13037,12004.1,688.025,19.1763,19.3788,21.0185,21.5969,2.21813,22.9167,20.894,1.18529,22.5685,11886.5
9,"n23g0021.hpc.itc.rwth-aachen.de",9,"9",0,2,0000:9d:00.0,4,"OK",268435456,"bandwidth","D2H",50,0,16967.2,18204.2,18970.2,19999.1,1794.9,21673.1,19128.7,1021.25,11.535,12.5006,13.1789,13.7331,1.23251,14.7343,13.1065,0.697059,14.1507,18962.4
9,"n23g0021.hpc.itc.rwth-aachen.de",9,"9",0,3,0000:ad:00.0,6,"OK",4096,"latency","H2D",50,0,15.018,15.5578,15.716,16.0008,0.443,21.817,15.992,1.02878,0.17485,0.238407,0.242727,0.245196,0.0067885,0.254008,0.239327,0.0123493,0.260626,8.464
9,"n23g0021.hpc.itc.rwth-aachen.de",9,"9",0,3,0000:ad:00.0,6,"OK",4096,"latency","D2H",50,0,14.763,15.317,15.64,16.0215,0.7045,16.595,15.6701,0.472132,0.22987,0.238101,0.243908,0.24905,0.0109494,0.258396,0.243659,0.00731806,0.261894,8.464
9,"n23g0021.hpc.itc.rwth-aachen.de",9,"9",0,3,0000:ad:00.0,6,"OK",16777216,"bandwidth","H2D",50,0,842.185,853.598,855.746,858.901,5.30275,864.602,856.013,4.05855,18.0719,18.1919,18.2589,18.3049,0.113011,18.5529,18.2536,0.0867037,19.6054,848.08
9,"n23g0021.hpc.itc.rwth-aachen.de",9,"9",0,3,0000:ad:00.0,6,"OK",16777216,"bandwidth","D2H",50,0,1717.85,1728.99,1735.56,1744.21,15.214,1757.96,1736.67,10.0255,8.88812,8.95823,9.00288,9.03705,0.0788242,9.09568,8.99741,0.0518133,9.66677,1727.89
9,"n23g0021.hpc.itc.rwth-aachen.de",9,"9",0,3,0000:ad:00.0,6,"OK",67108864,"bandwidth","H2D",50,0,3316.17,3330.7,3337.56,3346.24,15.5415,3361.23,3338.34,11.3707,18.5944,18.6777,18.7262,18.7649,0.0871526,18.8471,18.7221,0.0637606,20.1071,3329.9
9,"n23g0021.hpc.itc.rwth-aachen.de",9,"9",0,3,0000:ad:00.0,6,"OK",67108864,"bandwidth","D2H",50,0,6167.32,6184.88,6190.32,6198.21,13.3268,6215.26,6191.04,10.4499,10.0559,10.0836,10.0964,10.1053,0.0217273,10.1341,10.0953,0.0170323,10.8409,6182.67
9,"n23g0021.hpc.itc.rwth-aachen.de",9,"9",0,3,0000:ad:00.0,6,"OK",268435456,"bandwidth","H2D",50,0,11112,12028.3,12476.8,13168.2,1139.88,13481.8,12566.5,670.442,18.5435,18.9854,20.0372,20.7844,1.79899,22.4982,19.9519,1.08394,21.5148,12469.4
9,"n23g0021.hpc.itc.rwth-aachen.de",9,"9",0,3,0000:ad:00.0,6,"OK",268435456,"bandwidth","D2H",50,0,17063.7,18517,20173.4,22278.8,3761.87,24739.5,20548.2,2105.25,10.1053,11.2219,12.3925,13.5014,2.27945,14.651,12.2911,1.22191,13.3064,20165.8
10,"n23g0021.hpc.itc.rwth-aachen.de",10,"10",0,0,0000:1b:00.0,0,"OK",4096,"latency","H2D",50,0,10.766,11.1333,11.389,11.59,0.45675,13.158,11.4034,0.436274,0.289915,0.329137,0.334953,0.34264,0.0135029,0.354328,0.334984,0.0120738,0.359653,5.696
10,"n23g0021.hpc.itc.rwth-aachen.de",10,"10",0,0,0000:1b:00.0,0,"OK",4096,"latency","D2H",50,0,10.578,10.9578,11.1005,11.284,0.32625,11.741,11.1142,0.261944,0.324904,0.338063,0.343651,0.348128,0.0100653,0.360626,0.343417,0.00804445,0.368992,5.44
10,"n23g0021.hpc.itc.rwth-aachen.de",10,"10",0,0,0000:1b:00.0,0,"OK",16777216,"bandwidth","H2D",50,0,361.535,382.171,383.426,384.405,2.2345,388.286,381.204,6.64563,40.241,40.6472,40.751,40.8849,0.237657,43.2185,41.0015,0.743326,43.7561,377.44
10,"n23g0021.hpc.itc.rwth-aachen.de",10,"10",0,0,0000:1b:00.0,0,"OK",16777216,"bandwidth","D2H",50,0,450.432,475.57,476.836,478.247,2.67725,485.89,474.286,9.0433,32.1575,32.6714,32.7681,32.8553,0.183925,34.6889,32.9567,0.648631,35.1845,470.8
10,"n23g0021.hpc.itc.rwth-aachen.de",10,"10",0,0,0000:1b:00.0,0,"OK",67108864,"bandwidth","H2D",50,0,1416.49,1499.73,1502.65,1505.51,5.7815,1511.11,1495.67,22.4215,41.3602,41.5141,41.5931,41.6742,0.160037,44.1231,41.797,0.65217,44.6603,1496.78
10,"n23g0021.hpc.itc.rwth-aachen.de",10,"10",0,0,0000:1b:00.0,0,"OK",67108864,"bandwidth","D2H",50,0,1789.06,1879.9,1885.38,1888.48,8.58025,1893.3,1879.15,21.5462,33.0112,33.0954,33.1499,33.2465,0.151055,34.9346,33.2642,0.396434,35.5944,1879.36
10,"n23g0021.hpc.itc.rwth-aachen.de",10,"10",0,0,0000:1b:00.0,0,"OK",268435456,"bandwidth","H2D",50,0,5739.72,5955.43,5961.15,5967.81,12.3725,5987.09,5946.55,50.7224,41.7565,41.8914,41.9382,41.9785,0.0870299,43.5561,42.0443,0.367594,45.0308,5955.36
10,"n23g0021.hpc.itc.rwth-aachen.de",10,"10",0,0,0000:1b:00.0,0,"OK",268435456,"bandwidth","D2H",50,0,7328.12,7531.28,7537.34,7542.22,10.9393,7554.95,7527.7,37.6195,33.0909,33.1468,33.1682,33.1949,0.048146,34.1152,33.2115,0.169036,35.6141,7531.36
10,"n23g0021.hpc.itc.rwth-aachen.de",10,"10",0,1,0000:2c:00.0,2,"OK",4096,"latency","H2D",50,0,10.904,11.1565,11.4505,11.6098,0.45325,14.698,11.4656,0.54285,0.259539,0.328577,0.333148,0.341926,0.0133487,0.349844,0.333339,0.0134483,0.357714,5.616
10,"n23g0021.hpc.itc.rwth-aachen.de",10,"10",0,1,0000:2c:00.0,2,"OK",4096,"latency","D2H",50,0,10.632,11.0525,11.3725,11.557,0.5045,17.049,11.4525,0.857576,0.223749,0.330077,0.335433,0.345143,0.0150663,0.358794,0.334441,0.0182679,0.360169,5.6
10,"n23g0021.hpc.itc.rwth-aachen.de",10,"10",0,1,0000:2c:00.0,2,"OK",16777216,"bandwidth","H2D",50,0,524.903,552.64,553.511,554.862,2.22225,556.043,552.441,5.73721,28.1003,28.1602,28.2289,28.2734,0.113235,29.7674,28.2867,0.306661,30.3105,547.296
10,"n23g0021.hpc.itc.rwth-aachen.de",10,"10",0,1,0000:2c:00.0,2,"OK",16777216,"bandwidth","D2H",50,0,729.221,766.087,768.266,772.456,6.36825,777.533,767.667,8.41405,20.0956,20.2277,20.338,20.3958,0.168147,21.427,20.3564,0.230635,21.8378,762.192
10,"n23g0021.hpc.itc.rwth-aachen.de",10,"10",0,1,0000:2c:00.0,2,"OK",67108864,"bandwidth","H2D",50,0,2072.45,2182.29,2184.73,2186.63,4.33575,2189.39,2177.29,24.5448,28.5467,28.5828,28.6076,28.6396,0.056788,30.1575,28.7093,0.336703,30.7172,2178.35
10,"n23g0021.hpc.itc.rwth-aachen.de",10,"10",0,1,0000:2c:00.0,2,"OK",67108864,"bandwidth","D2H",50,0,2922.26,3038.31,3041.48,3044.92,6.61775,3053.96,3038.71,18.3499,20.4652,20.526,20.5492,20.5707,0.0447077,21.3875,20.5687,0.1283,22.0646,3035.01
10,"n23g0021.hpc.itc.rwth-aachen.de",10,"10",0,1,0000:2c:00.0,2,"OK",268435456,"bandwidth","H2D",50,0,8510.92,8680.29,8685.19,8692.35,12.0585,8700.42,8673.93,41.5873,28.7342,28.7609,28.7846,28.8009,0.0399542,29.374,28.8227,0.140061,30.9073,8678.66
10,"n23g0021.hpc.itc.rwth-aachen.de",10,"10",0,1,0000:2c:00.0,2,"OK",268435456,"bandwidth","D2H",50,0,11923.1,12104.5,12117.4,12125,20.5315,12138.5,12097,52.0866,20.5956,20.6185,20.6316,20.6535,0.0349728,20.9676,20.6667,0.0897617,22.153,12110.9
10,"n23g0021.hpc.itc.rwth-aachen.de",10,"10",0,2,0000:9d:00.0,4,"OK",4096,"latency","H2D",50,0,14.711,15.4458,15.653,15.8355,0.38975,18.18,15.6822,0.503486,0.209829,0.240895,0.243705,0.246974,0.00607862,0.259309,0.243484,0.0073305,0.261676,8.528
10,"n23g0021.hpc.itc.rwth-aachen.de",10,"10",0,2,0000:9d:00.0,4,"OK",4096,"latency","D2H",50,0,14.362,14.9883,15.4345,15.8213,0.833,32.173,15.7894,2.41372,0.118568,0.241112,0.247155,0.254513,0.0134003,0.26561,0.244612,0.0202452,0.265381,7.888
10,"n23g0021.hpc.itc.rwth-aachen.de",10,"10",0,2,0000:9d:00.0,4,"OK",16777216,"bandwidth","H2D",50,0,836.007,842.707,846.751,849.317,6.60975,859.864,846.483,4.78793,18.1715,18.3971,18.4529,18.5414,0.144298,18.69,18.4593,0.104232,19.8136,838.864
10,"n23g0021.hpc.itc.rwth-aachen.de",10,"10",0,2,0000:9d:00.0,4,"OK",16777216,"bandwidth","D2H",50,0,1723.06,1726.99,1732.9,1739.23,12.2352,1761.96,1735.56,10.743,8.86795,8.98387,9.01669,9.04752,0.063648,9.06815,9.0032,0.0554062,9.68159,1724.96
10,"n23g0021.hpc.itc.rwth-aachen.de",10,"10",0,2,0000:9d:00.0,4,"OK",67108864,"bandwidth","H2D",50,0,3268.26,3280.57,3286.24,3292.42,11.8432,3308.05,3287.1,9.04048,18.8933,18.983,19.0187,19.0515,0.0685308,19.1233,19.0138,0.0522362,20.4211,3278.27
10,"n23g0021.hpc.itc.rwth-aachen.de",10,"10",0,2,0000:9d:00.0,4,"OK",67108864,"bandwidth","D2H",50,0,6150.43,6173.74,6181.1,6190.69,16.9488,6202.8,6181.98,11.4828,10.0761,10.0958,10.1115,10.1235,0.0277165,10.1619,10.1101,0.0187858,10.8571,6173.02
10,"n23g0021.hpc.itc.rwth-aachen.de",10,"10",0,2,0000:9d:00.0,4,"OK",268435456,"bandwidth","H2D",50,0,10307.9,11584,12089.3,13002,1418.03,13199.4,12135.4,789.538,18.9402,19.2278,20.6796,21.5816,2.35374,24.2532,20.6905,1.37952,22.2045,12081.7
10,"n23g0021.hpc.itc.rwth-aachen.de",10,"10",0,2,0000:9d:00.0,4,"OK",268435456,"bandwidth","D2H",50,0,18175.8,19459.7,20177.5,20499,1039.24,21973.8,20050,1077.01,11.3772,12.1957,12.39,12.8472,0.651419,13.7545,12.5049,0.67249,13.3037,20169.8
10,"n23g0021.hpc.itc.rwth-aachen.de",10,"10",0,3,0000:ad:00.0,6,"OK",4096,"latency","H2D",50,0,15.127,15.81,16.11,16.37,0.56,34.476,16.9198,3.45965,0.110648,0.233031,0.236791,0.241284,0.00825321,0.252178,0.230867,0.0268491,0.254253,8.576
10,"n23g0021.hpc.itc.rwth-aachen.de",10,"10",0,3,0000:ad:00.0,6,"OK",4096,"latency","D2H",50,0,14.569,15.329,15.6685,15.8613,0.53225,17.064,15.6295,0.458089,0.223552,0.240504,0.243463,0.248855,0.00835064,0.261837,0.244279,0.0071205,0.261416,8.24
10,"n23g0021.hpc.itc.rwth-aachen.de",10,"10",0,3,0000:ad:00.0,6,"OK",16777216,"bandwidth","H2D",50,0,854.43,861.455,864.602,867.209,5.75475,876.727,864.422,4.45951,17.822,18.0176,18.0719,18.1379,0.120367,18.287,18.0761,0.0932313,19.4046,856.848
10,"n23g0021.hpc.itc.rwth-aachen.de",10,"10",0,3,0000:ad:00.0,6,"OK",16777216,"bandwidth","D2H",50,0,1714.17,1728.2,1733.37,1742.17,13.9642,1766.7,1735.62,11.0511,8.84418,8.96872,9.01423,9.04119,0.0724693,9.11517,9.00291,0.0570869,9.67896,1725.47
10,"n23g0021.hpc.itc.rwth-aachen.de",10,"10",0,3,0000:ad:00.0,6,"OK",67108864,"bandwidth","H2D",50,0,3309.58,3330.77,3339.79,3351.85,21.079,3372.54,3341.31,16.0681,18.532,18.6464,18.7137,18.7644,0.118005,18.8846,18.7057,0.0899714,20.0937,3331.98
10,"n23g0021.hpc.itc.rwth-aachen.de",10,"10",0,3,0000:ad:00.0,6,"OK",67108864,"bandwidth","D2H",50,0,6163.46,6176.43,6184.37,6194.98,18.5465,6206.69,6185.61,11.3365,10.0698,10.0888,10.1061,10.1191,0.0302944,10.1404,10.1041,0.0185103,10.8514,6176.61
10,"n23g0021.hpc.itc.rwth-aachen.de",10,"10",0,3,0000:ad:00.0,6,"OK",268435456,"bandwidth","H2D",50,0,11930,12726.9,13033.9,13702.8,975.894,13754.6,13080.3,546.709,18.1757,18.2445,19.1808,19.6435,1.39898,20.9556,19.1463,0.806666,20.5952,13026.4
10,"n23g0021.hpc.itc.rwth-aachen.de",10,"10",0,3,0000:ad:00.0,6,"OK",268435456,"bandwidth","D2H",50,0,18198.3,22109.2,25357.5,27726,5616.8,27782.6,24612.2,3138.35,8.99843,9.0168,9.85902,11.3079,2.29109,13.7375,10.345,1.47872,10.586,25349.9
11,"n23g0021.hpc.itc.rwth-aachen.de",11,"11",0,0,0000:1b:00.0,0,"OK",4096,"latency","H2D",50,0,10.732,11.0687,11.4575,11.6233,0.5545,13.016,11.3965,0.431206,0.293078,0.328196,0.332943,0.344637,0.0164412,0.355451,0.335183,0.0121208,0.357495,5.792
11,"n23g0021.hpc.itc.rwth-aachen.de",11,"11",0,0,0000:1b:00.0,0,"OK",4096,"latency","D2H",50,0,10.734,10.9207,11.145,11.2845,0.36375,11.659,11.1248,0.242078,0.327189,0.338048,0.342279,0.349307,0.0112598,0.355385,0.343063,0.0074443,0.367519,5.472
11,"n23g0021.hpc.itc.rwth-aachen.de",11,"11",0,0,0000:1b:00.0,0,"OK",16777216,"bandwidth","H2D",50,0,360.848,382.212,383.334,383.924,1.712,385.389,381.639,5.76158,40.5435,40.6981,40.7607,40.8804,0.182294,43.3008,40.9516,0.647086,43.7665,377.344
11,"n23g0021.hpc.itc.rwth-aachen.de",11,"11",0,0,0000:1b:00.0,0,"OK",16777216,"bandwidth","D2H",50,0,453.376,476.048,476.88,478.667,2.619,486.437,476.526,6.14602,32.1213,32.6428,32.7651,32.8223,0.179586,34.4637,32.795,0.434705,35.1812,470.944
11,"n23g0021.hpc.itc.rwth-aachen.de",11,"11",0,0,0000:1b:00.0,0,"OK",67108864,"bandwidth","H2D",50,0,1419.46,1501.4,1502.89,1504.74,3.338,1511.91,1498.47,18.2481,41.3384,41.5355,41.5866,41.6278,0.0923444,44.0307,41.7158,0.530544,44.6532,1496.93
11,"n23g0021.hpc.itc.rwth-aachen.de",11,"11",0,0,0000:1b:00.0,0,"OK",67108864,"bandwidth","D2H",50,0,1793.54,1881.13,1884.81,1890.22,9.0895,1895.49,1882.07,16.5046,32.973,33.0649,33.1599,33.2247,0.159767,34.8474,33.2108,0.301411,35.6052,1878.78
11,"n23g0021.hpc.itc.rwth-aachen.de",11,"11",0,0,0000:1b:00.0,0,"OK",268435456,"bandwidth","H2D",50,0,5770.14,5961.55,5964.98,5968.93,7.372,5975.24,5957.57,36.4646,41.8393,41.8836,41.9113,41.9354,0.0517929,43.3265,41.965,0.26416,45.0019,5959.02
11,"n23g0021.hpc.itc.rwth-aachen.de",11,"11",0,0,0000:1b:00.0,0,"OK",268435456,"bandwidth","D2H",50,0,7363.04,7529.33,7534.79,7541.04,11.7105,7546.78,7518.94,45.899,33.1267,33.1519,33.1794,33.2035,0.0515618,33.9534,33.2506,0.206045,35.6261,7528.88
11,"n23g0021.hpc.itc.rwth-aachen.de",11,"11",0,1,0000:2c:00.0,2,"OK",4096,"latency","H2D",50,0,10.935,11.1423,11.472,11.7,0.55775,14.4,11.5021,0.512453,0.26491,0.326043,0.332523,0.342363,0.0163205,0.348852,0.33223,0.0130334,0.357044,5.728
11,"n23g0021.hpc.itc.rwth-aachen.de",11,"11",0,1,0000:2c:00.0,2,"OK",4096,"latency","D2H",50,0,10.583,10.9855,11.2675,11.4715,0.486,17.457,11.4894,1.11528,0.21852,0.332537,0.338558,0.347249,0.0147121,0.360455,0.334312,0.0238473,0.363523,5.52
11,"n23g0021.hpc.itc.rwth-aachen.de",11,"11",0,1,0000:2c:00.0,2,"OK",16777216,"bandwidth","H2D",50,0,527.096,553.08,554.165,555.043,1.9635,557.713,552.41,6.54823,28.0162,28.1509,28.1956,28.2509,0.0999394,29.6436,28.2893,0.347897,30.2748,547.968
11,"n23g0021.hpc.itc.rwth-aachen.de",11,"11",0,1,0000:2c:00.0,2,"OK",16777216,"bandwidth","D2H",50,0,725.462,763.506,765.933,769.304,5.798,777.042,763.912,10.9838,20.1083,20.3106,20.4,20.4648,0.154237,21.538,20.4583,0.303982,21.9043,759.76
11,"n23g0021.hpc.itc.rwth-aachen.de",11,"11",0,1,0000:2c:00.0,2,"OK",67108864,"bandwidth","H2D",50,0,2110.36,2179.57,2181.52,2182.39,2.8145,2186.25,2179.42,10.5271,28.5877,28.6383,28.6498,28.6753,0.0369807,29.6158,28.678,0.142478,30.7625,2174.96
11,"n23g0021.hpc.itc.rwth-aachen.de",11,"11",0,1,0000:2c:00.0,2,"OK",67108864,"bandwidth","D2H",50,0,2960.28,3035.86,3038.85,3042.61,6.75825,3049.61,3035.3,15.94,20.4944,20.5415,20.567,20.5873,0.0457283,21.1128,20.5916,0.110208,22.0837,3032.43
11,"n23g0021.hpc.itc.rwth-aachen.de",11,"11",0,1,0000:2c:00.0,2,"OK",268435456,"bandwidth","H2D",50,0,8514.21,8685.16,8690.88,8693.69,8.52875,8699.52,8678.24,37.7039,28.7372,28.7565,28.7658,28.7847,0.0282387,29.3627,28.8082,0.126807,30.887,8684.4
11,"n23g0021.hpc.itc.rwth-aachen.de",11,"11",0,1,0000:2c:00.0,2,"OK",268435456,"bandwidth","D2H",50,0,11930,12101.3,12112.9,12121.1,19.7622,12132.9,12083.4,63.7838,20.6051,20.6252,20.6391,20.6589,0.0336828,20.9555,20.6901,0.110077,22.1611,12106.5
11,"n23g0021.hpc.itc.rwth-aachen.de",11,"11",0,2,0000:9d:00.0,4,"OK",4096,"latency","H2D",50,0,15.144,15.7005,15.961,16.1762,0.47575,21.332,16.1197,0.937069,0.178825,0.235821,0.239001,0.242967,0.00714586,0.251895,0.23731,0.0114512,0.256626,8.56
11,"n23g0021.hpc.itc.rwth-aachen.de",11,"11",0,2,0000:9d:00.0,4,"OK",4096,"latency","D2H",50,0,14.106,15.282,15.5115,15.8208,0.53875,33.641,15.9018,2.58512,0.113394,0.24112,0.245927,0.249621,0.00850068,0.270431,0.243102,0.0202111,0.264062,8.192
11,"n23g0021.hpc.itc.rwth-aachen.de",11,"11",0,2,0000:9d:00.0,4,"OK",16777216,"bandwidth","H2D",50,0,829.346,834.89,838.441,840.732,5.84225,847.788,837.729,4.58486,18.4303,18.585,18.6358,18.715,0.130051,18.8401,18.6522,0.10215,20.01,830.432
11,"n23g0021.hpc.itc.rwth-aachen.de",11,"11",0,2,0000:9d:00.0,4,"OK",16777216,"bandwidth","D2H",50,0,1721.73,1728.78,1732.49,1740.52,11.742,1751.77,1734.95,8.31204,8.91956,8.97721,9.0188,9.03818,0.060974,9.07518,9.00623,0.0430149,9.68386,1724.22
11,"n23g0021.hpc.itc.rwth-aachen.de",11,"11",0,2,0000:9d:00.0,4,"OK",67108864,"bandwidth","H2D",50,0,3267.05,3278.93,3284.89,3288.91,9.984,3305.67,3284.44,8.71197,18.9069,19.0032,19.0265,19.0611,0.0578629,19.1304,19.0293,0.0504354,20.4296,3276.91
11,"n23g0021.hpc.itc.rwth-aachen.de",11,"11",0,2,0000:9d:00.0,4,"OK",67108864,"bandwidth","D2H",50,0,6157.76,6169.86,6176.15,6185.06,15.2,6217.61,6177.59,11.2012,10.0521,10.105,10.1196,10.1299,0.0248945,10.1498,10.1173,0.0183154,10.8658,6168.27
11,"n23g0021.hpc.itc.rwth-aachen.de",11,"11",0,2,0000:9d:00.0,4,"OK",268435456,"bandwidth","H2D",50,0,10773.6,11522.1,11663.6,12680.2,1158.03,13088.3,11930.2,699.233,19.101,19.722,21.4343,21.6974,1.97535,23.205,21.0258,1.20431,23.0149,11656
11,"n23g0021.hpc.itc.rwth-aachen.de",11,"11",0,2,0000:9d:00.0,4,"OK",268435456,"bandwidth","D2H",50,0,16975.7,18176.2,18654.6,19894,1717.74,21897.6,18893.7,1156.46,11.4168,12.5668,13.4015,13.7542,1.18744,14.7269,13.2809,0.801892,14.3898,18647
11,"n23g0021.hpc.itc.rwth-aachen.de",11,"11",0,3,0000:ad:00.0,6,"OK",4096,"latency","H2D",50,0,14.929,15.6047,15.687,15.9202,0.3155,18.414,15.7735,0.504039,0.207163,0.239613,0.243176,0.244457,0.00484456,0.255523,0.242071,0.0071975,0.261108,8.448
11,"n23g0021.hpc.itc.rwth-aachen.de",11,"11",0,3,0000:ad:00.0,6,"OK",4096,"latency","D2H",50,0,14.19,15.3383,15.636,15.8577,0.5195,23.336,15.7082,1.2057,0.163468,0.240557,0.243969,0.248705,0.00814755,0.26883,0.243915,0.0141276,0.26196,8.352
11,"n23g0021.hpc.itc.rwth-aachen.de",11,"11",0,3,0000:ad:00.0,6,"OK",16777216,"bandwidth","H2D",50,0,838.767,849.992,852.716,856.004,6.0115,863.764,852.757,4.7185,18.0894,18.2534,18.3238,18.3825,0.129096,18.6285,18.3235,0.101552,19.675,844.528
11,"n23g0021.hpc.itc.rwth-aachen.de",11,"11",0,3,0000:ad:00.0,6,"OK",16777216,"bandwidth","D2H",50,0,1719.6,1729.26,1732.16,1743.49,14.2278,1760.42,1735.77,10.0485,8.87571,8.96193,9.02052,9.03566,0.0737307,9.08639,9.00206,0.051914,9.68571,1724.26
11,"n23g0021.hpc.itc.rwth-aachen.de",11,"11",0,3,0000:ad:00.0,6,"OK",67108864,"bandwidth","H2D",50,0,3321.45,3343.37,3350.09,3353.55,10.181,3371.75,3348.5,8.89222,18.5364,18.637,18.6562,18.6937,0.0567535,18.8171,18.6652,0.0496304,20.032,3342.7
11,"n23g0021.hpc.itc.rwth-aachen.de",11,"11",0,3,0000:ad:00.0,6,"OK",67108864,"bandwidth","D2H",50,0,6161.37,6175.83,6184.53,6193.26,17.4312,6202.47,6183.46,10.9238,10.0766,10.0916,10.1059,10.1201,0.0284835,10.1439,10.1076,0.0178695,10.8511,6176.74
11,"n23g0021.hpc.itc.rwth-aachen.de",11,"11",0,3,0000:ad:00.0,6,"OK",268435456,"bandwidth","H2D",50,0,4960.11,11174.8,11728.1,11817.5,642.705,13236.3,11330.6,1684.52,18.8875,21.1552,21.3163,22.3718,1.21661,50.4021,23.0126,6.53838,22.8882,11720.7
11,"n23g0021.hpc.itc.rwth-aachen.de",11,"11",0,3,0000:ad:00.0,6,"OK",268435456,"bandwidth","D2H",50,0,13810.4,18277.7,18712,20113.8,1836.13,21822.9,18733,1758.85,11.4559,12.4293,13.3604,13.6789,1.24963,18.1024,13.4862,1.51355,14.3457,18704.9
12,"n23g0021.hpc.itc.rwth-aachen.de",12,"12",1,0,0000:1b:00.0,0,"OK",4096,"latency","H2D",50,1,11.048,11.4128,11.684,11.8997,0.487,13.46,11.7363,0.488334,0.28341,0.32057,0.326492,0.334249,0.0136783,0.345284,0.32556,0.0126886,0.350568,5.872
12,"n23g0021.hpc.itc.rwth-aachen.de",12,"12",1,0,0000:1b:00.0,0,"OK",4096,"latency","D2H",50,1,10.741,11.0738,11.232,11.4025,0.32875,11.819,11.2458,0.252792,0.32276,0.334549,0.339628,0.344481,0.00993215,0.355153,0.339383,0.00762408,0.364672,5.488
12,"n23g0021.hpc.itc.rwth-aachen.de",12,"12",1,0,0000:1b:00.0,0,"OK",16777216,"bandwidth","H2D",50,1,474.156,499.528,500.276,501.555,2.02725,502.339,498.598,6.74727,31.1045,31.1531,31.2327,31.2795,0.12643,32.9533,31.3439,0.442201,33.5359,494.256
12,"n23g0021.hpc.itc.rwth-aachen.de",12,"12",1,0,0000:1b:00.0,0,"OK",16777216,"bandwidth","D2H",50,1,492.273,515.93,516.879,518.564,2.634,527.028,516.887,6.69777,29.6474,30.1313,30.2295,30.2851,0.15383,31.7405,30.2342,0.403373,32.4587,510.96
12,"n23g0021.hpc.itc.rwth-aachen.de",12,"12",1,0,0000:1b:00.0,0,"OK",67108864,"bandwidth","H2D",50,1,1861.45,1958.9,1961.5,1963.19,4.29075,1967.18,1953.3,25.1771,31.7713,31.836,31.8634,31.9057,0.0697332,33.576,32.0026,0.428318,34.213,1955.12
12,"n23g0021.hpc.itc.rwth-aachen.de",12,"12",1,0,0000:1b:00.0,0,"OK",67108864,"bandwidth","D2H",50,1,1957.64,2050.66,2055.4,2057.7,7.0395,2063.76,2049.1,21.3485,30.2846,30.3737,30.4077,30.4779,0.104266,31.9261,30.5046,0.329213,32.65,2049.22
12,"n23g0021.hpc.itc.rwth-aachen.de",12,"12",1,0,0000:1b:00.0,0,"OK",268435456,"bandwidth","H2D",50,1,7656.86,7830.08,7835.96,7840.52,10.4397,7855.31,7815.24,53.7396,31.8256,31.8856,31.9042,31.9282,0.0425127,32.6505,31.9903,0.22326,34.2569,7829.74
12,"n23g0021.hpc.itc.rwth-aachen.de",12,"12",1,0,0000:1b:00.0,0,"OK",268435456,"bandwidth","D2H",50,1,8022.16,8231.82,8238.21,8245.08,13.2643,8255.45,8210.06,67.2444,30.283,30.3211,30.3464,30.37,0.0488576,31.1637,30.4525,0.253247,32.5842,8232.22
12,"n23g0021.hpc.itc.rwth-aachen.de",12,"12",1,1,0000:2c:00.0,2,"OK",4096,"latency","H2D",50,1,11.062,11.3445,11.555,11.7647,0.42025,15.526,11.6961,0.771122,0.245697,0.324248,0.330134,0.33626,0.0120117,0.344847,0.327305,0.0175918,0.354479,5.728
12,"n23g0021.hpc.itc.rwth-aachen.de",12,"12",1,1,0000:2c:00.0,2,"OK",4096,"latency","D2H",50,1,10.857,11.0832,11.3235,11.479,0.39575,12.015,11.3212,0.271034,0.317495,0.33232,0.336883,0.344186,0.0118665,0.351358,0.337142,0.00801833,0.361726,5.568
12,"n23g0021.hpc.itc.rwth-aachen.de",12,"12",1,1,0000:2c:00.0,2,"OK",16777216,"bandwidth","H2D",50,1,649.905,685.254,685.986,687.078,1.824,689.75,684.361,7.49808,22.6531,22.7412,22.7774,22.8018,0.0605323,24.042,22.8344,0.260907,24.4571,679.904
12,"n23g0021.hpc.itc.rwth-aachen.de",12,"12",1,1,0000:2c:00.0,2,"OK",16777216,"bandwidth","D2H",50,1,612.642,642.471,643.98,648.858,6.3865,653.925,643.952,7.71024,23.8942,24.0808,24.2632,24.3202,0.239376,25.5043,24.2678,0.299978,26.0524,637.936
12,"n23g0021.hpc.itc.rwth-aachen.de",12,"12",1,1,0000:2c:00.0,2,"OK",67108864,"bandwidth","H2D",50,1,2564.3,2700.83,2702.27,2704.82,3.98125,2708.96,2696.06,25.0539,23.0716,23.1069,23.1287,23.141,0.0340614,24.3731,23.1841,0.223778,24.8343,2696.05
12,"n23g0021.hpc.itc.rwth-aachen.de",12,"12",1,1,0000:2c:00.0,2,"OK",67108864,"bandwidth","D2H",50,1,2443.92,2559.65,2565.05,2568.01,8.35325,2571.76,2554.46,29.8909,24.3024,24.338,24.366,24.4174,0.0794251,25.5737,24.4704,0.295423,26.1628,2558.82
12,"n23g0021.hpc.itc.rwth-aachen.de",12,"12",1,1,0000:2c:00.0,2,"OK",268435456,"bandwidth","H2D",50,1,10628.5,10803.7,10808.8,10814.5,10.7717,10833.2,10790.4,55.7134,23.0773,23.1172,23.1292,23.1402,0.0230489,23.5217,23.1693,0.121057,24.8348,10802.8
12,"n23g0021.hpc.itc.rwth-aachen.de",12,"12",1,1,0000:2c:00.0,2,"OK",268435456,"bandwidth","D2H",50,1,10078,10258.3,10271.8,10276.5,18.1668,10290.3,10238.1,67.2572,24.2946,24.3274,24.3386,24.3705,0.0430823,24.8066,24.4197,0.161996,26.1333,10265.4
12,"n23g0021.hpc.itc.rwth-aachen.de",12,"12",1,2,0000:9d:00.0,4,"OK",4096,"latency","H2D",50,1,15.431,15.945,16.123,16.3392,0.39425,18.976,16.1755,0.493949,0.201027,0.233468,0.2366,0.239241,0.00577267,0.24721,0.236032,0.006571,0.254047,8.592
12,"n23g0021.hpc.itc.rwth-aachen.de",12,"12",1,2,0000:9d:00.0,4,"OK",4096,"latency","D2H",50,1,14.388,15.4507,15.7245,15.9225,0.47175,29.775,16.0258,2.15332,0.128117,0.239579,0.242596,0.246894,0.00731471,0.26513,0.240606,0.0194894,0.260486,8.16
12,"n23g0021.hpc.itc.rwth-aachen.de",12,"12",1,2,0000:9d:00.0,4,"OK",16777216,"bandwidth","H2D",50,1,830.991,836.727,841.463,844.212,7.48475,854.416,840.804,4.99761,18.2873,18.5084,18.5688,18.674,0.165564,18.8029,18.5841,0.110352,19.9381,833.52
12,"n23g0021.hpc.itc.rwth-aachen.de",12,"12",1,2,0000:9d:00.0,4,"OK",16777216,"bandwidth","D2H",50,1,1724.3,1733.2,1738.12,1744.33,11.1312,1760.77,1739.83,8.8329,8.87395,8.95761,8.98959,9.01513,0.0575287,9.06167,8.98101,0.0454503,9.6525,1729.98
12,"n23g0021.hpc.itc.rwth-aachen.de",12,"12",1,2,0000:9d:00.0,4,"OK",67108864,"bandwidth","H2D",50,1,3264.24,3283,3291.48,3295.68,12.6725,3315.13,3289.61,10.5406,18.8529,18.9642,18.9884,19.0374,0.0732024,19.1469,18.9994,0.0609379,20.3886,3283.41
12,"n23g0021.hpc.itc.rwth-aachen.de",12,"12",1,2,0000:9d:00.0,4,"OK",67108864,"bandwidth","D2H",50,1,6160.64,6177.25,6182.64,6191.65,14.4,6219.57,6183.96,11.7915,10.0489,10.0942,10.109,10.1178,0.0235312,10.1451,10.1068,0.0192542,10.8544,6174.67
12,"n23g0021.hpc.itc.rwth-aachen.de",12,"12",1,2,0000:9d:00.0,4,"OK",268435456,"bandwidth","H2D",50,1,12045.7,12417,13047.4,13287.1,870.062,13385.4,12832.9,444.917,18.677,18.8156,19.1611,20.1337,1.31808,20.7543,19.5048,0.679694,20.574,13040.3
12,"n23g0021.hpc.itc.rwth-aachen.de",12,"12",1,2,0000:9d:00.0,4,"OK",268435456,"bandwidth","D2H",50,1,19429.6,22325.8,24802.5,25482.5,3156.69,27800.9,24047.5,2520.2,8.99252,9.81065,10.0797,11.1978,1.38715,12.867,10.5149,1.1401,10.8229,24794.3
12,"n23g0021.hpc.itc.rwth-aachen.de",12,"12",1,3,0000:ad:00.0,6,"OK",4096,"latency","H2D",50,1,13.55,14.4042,14.5495,14.791,0.38675,18.941,14.731,0.843323,0.201399,0.257908,0.262188,0.264831,0.00692381,0.281527,0.259685,0.0127948,0.281522,7.776
12,"n23g0021.hpc.itc.rwth-aachen.de",12,"12",1,3,0000:ad:00.0,6,"OK",4096,"latency","D2H",50,1,13.619,14.0405,14.2805,14.593,0.5525,15.348,14.2895,0.398916,0.248547,0.261406,0.267126,0.271693,0.0102866,0.280101,0.267164,0.00740709,0.286825,7.504
12,"n23g0021.hpc.itc.rwth-aachen.de",12,"12",1,3,0000:ad:00.0,6,"OK",16777216,"bandwidth","H2D",50,1,634.084,685.336,693.342,758.56,73.2242,768.834,712.706,44.5955,20.323,20.5982,22.5358,22.7991,2.20083,24.6418,22.0105,1.39238,24.1976,686.112
12,"n23g0021.hpc.itc.rwth-aachen.de",12,"12",1,3,0000:ad:00.0,6,"OK",16777216,"bandwidth","D2H",50,1,1726.12,1735.65,1739.85,1747.92,12.2635,1768.47,1742.77,10.1235,8.8353,8.93922,8.98066,9.00238,0.0631605,9.05208,8.96593,0.0518114,9.64291,1732.45
12,"n23g0021.hpc.itc.rwth-aachen.de",12,"12",1,3,0000:ad:00.0,6,"OK",67108864,"bandwidth","H2D",50,1,1249.22,1327.99,1329.5,1332.29,4.30525,1335.63,1325.28,18.8688,46.7943,46.9117,47.0101,47.0637,0.152085,50.0312,47.17,0.707645,50.4767,1322.88
12,"n23g0021.hpc.itc.rwth-aachen.de",12,"12",1,3,0000:ad:00.0,6,"OK",67108864,"bandwidth","D2H",50,1,3352.79,3375.78,3385.49,3397.98,22.1973,3416.05,3385.44,15.2401,18.296,18.3933,18.4611,18.5142,0.120944,18.6412,18.4618,0.0831293,19.8225,3378.8
12,"n23g0021.hpc.itc.rwth-aachen.de",12,"12",1,3,0000:ad:00.0,6,"OK",268435456,"bandwidth","H2D",50,1,5254.94,5303.39,5385.39,5531.72,228.335,5671.24,5424.93,131.718,44.082,45.1939,46.429,47.1397,1.9458,47.5743,46.1105,1.11158,49.8528,5378.61
12,"n23g0021.hpc.itc.rwth-aachen.de",12,"12",1,3,0000:ad:00.0,6,"OK",268435456,"bandwidth","D2H",50,1,13450.4,13912.9,13936.5,14149.5,236.583,14350,14007.1,158.811,17.4216,17.6685,17.9385,17.9689,0.300434,18.5869,17.8504,0.203433,19.2613,13927.6
13,"n23g0021.hpc.itc.rwth-aachen.de",13,"13",1,0,0000:1b:00.0,0,"OK",4096,"latency","H2D",50,1,10.89,11.2375,11.519,11.689,0.4515,14.31,11.5338,0.494787,0.266576,0.326349,0.331166,0.339462,0.0131131,0.350294,0.331279,0.0125976,0.355586,5.728
13,"n23g0021.hpc.itc.rwth-aachen.de",13,"13",1,0,0000:1b:00.0,0,"OK",4096,"latency","D2H",50,1,10.687,11.0105,11.2825,11.4447,0.43425,12.427,11.2546,0.333623,0.306968,0.333315,0.338108,0.34646,0.0131454,0.356947,0.339238,0.0098649,0.36304,5.488
13,"n23g0021.hpc.itc.rwth-aachen.de",13,"13",1,0,0000:1b:00.0,0,"OK",16777216,"bandwidth","H2D",50,1,474.353,499.025,500.626,501.339,2.314,502.715,497.177,8.30231,31.0812,31.1665,31.2109,31.3111,0.144521,32.9396,31.4365,0.543152,33.5125,494.528
13,"n23g0021.hpc.itc.rwth-aachen.de",13,"13",1,0,0000:1b:00.0,0,"OK",16777216,"bandwidth","D2H",50,1,486.073,515.572,516.592,517.639,2.06675,526.24,514.156,9.2573,29.6918,30.1851,30.2463,30.3061,0.121001,32.1454,30.3998,0.566976,32.4767,510.512
13,"n23g0021.hpc.itc.rwth-aachen.de",13,"13",1,0,0000:1b:00.0,0,"OK",67108864,"bandwidth","H2D",50,1,1860.73,1959.56,1960.95,1963.25,3.69475,1969.88,1956.54,19.9641,31.7279,31.835,31.8722,31.895,0.0600249,33.5889,31.9476,0.340094,34.2226,1954.77
13,"n23g0021.hpc.itc.rwth-aachen.de",13,"13",1,0,0000:1b:00.0,0,"OK",67108864,"bandwidth","D2H",50,1,1929.61,2046.12,2052.54,2055.46,9.3405,2062.63,2038.66,34.2924,30.3012,30.4068,30.45,30.5456,0.138807,32.3899,30.6664,0.53517,32.6955,2046.4
13,"n23g0021.hpc.itc.rwth-aachen.de",13,"13",1,0,0000:1b:00.0,0,"OK",268435456,"bandwidth","H2D",50,1,7640.86,7830.79,7836.8,7840.84,10.0538,7855.28,7812.49,60.1923,31.8257,31.8843,31.9008,31.9253,0.0409355,32.7188,32.002,0.250316,34.2532,7830.56
13,"n23g0021.hpc.itc.rwth-aachen.de",13,"13",1,0,0000:1b:00.0,0,"OK",268435456,"bandwidth","D2H",50,1,8022.66,8070.05,8234.56,8244.72,174.667,8258.38,8181.48,89.8164,30.2723,30.3224,30.3599,30.9791,0.656695,31.1617,30.5605,0.338905,32.5987,8228.45
13,"n23g0021.hpc.itc.rwth-aachen.de",13,"13",1,1,0000:2c:00.0,2,"OK",4096,"latency","H2D",50,1,10.874,11.1242,11.3855,11.649,0.52475,15.038,11.5102,0.744774,0.253671,0.32747,0.335051,0.342917,0.0154471,0.350809,0.332565,0.0178183,0.359758,5.616
13,"n23g0021.hpc.itc.rwth-aachen.de",13,"13",1,1,0000:2c:00.0,2,"OK",4096,"latency","D2H",50,1,10.711,10.94,11.163,11.2985,0.3585,11.826,11.1373,0.257323,0.322569,0.337629,0.341727,0.348693,0.0110639,0.356148,0.342696,0.00785054,0.366926,5.408
13,"n23g0021.hpc.itc.rwth-aachen.de",13,"13",1,1,0000:2c:00.0,2,"OK",16777216,"bandwidth","H2D",50,1,683.501,685.014,685.688,686.546,1.53225,690.331,685.915,1.41665,22.6341,22.7589,22.7873,22.8098,0.0509074,22.8602,22.7799,0.0469573,24.4677,679.536
13,"n23g0021.hpc.itc.rwth-aachen.de",13,"13",1,1,0000:2c:00.0,2,"OK",16777216,"bandwidth","D2H",50,1,639.982,641.971,642.914,644.774,2.804,653.725,644.347,3.70362,23.9015,24.2333,24.3034,24.3391,0.105846,24.4147,24.2501,0.138468,26.0956,636.8
13,"n23g0021.hpc.itc.rwth-aachen.de",13,"13",1,1,0000:2c:00.0,2,"OK",67108864,"bandwidth","H2D",50,1,2559.83,2699.75,2702.25,2704.55,4.798,2708.22,2690.36,33.0272,23.0779,23.1092,23.1289,23.1503,0.0410699,24.4157,23.2347,0.294458,24.8344,2695.74
13,"n23g0021.hpc.itc.rwth-aachen.de",13,"13",1,1,0000:2c:00.0,2,"OK",67108864,"bandwidth","D2H",50,1,2435.74,2556.72,2561.28,2563.43,6.71725,2570.04,2554.65,24.4544,24.3187,24.3813,24.4019,24.4454,0.064057,25.6596,24.4675,0.242849,26.2013,2554.85
13,"n23g0021.hpc.itc.rwth-aachen.de",13,"13",1,1,0000:2c:00.0,2,"OK",268435456,"bandwidth","H2D",50,1,10628.9,10799.1,10811,10817.1,18.0515,10832.2,10785,57.1955,23.0794,23.1115,23.1246,23.1501,0.0386327,23.5209,23.1811,0.124042,24.8298,10804.5
13,"n23g0021.hpc.itc.rwth-aachen.de",13,"13",1,1,0000:2c:00.0,2,"OK",268435456,"bandwidth","D2H",50,1,10073.9,10234.9,10268.7,10276,41.0645,10288,10243.7,54.4158,24.3001,24.3285,24.3458,24.4261,0.0976104,24.8166,24.406,0.130871,26.1411,10262.2
13,"n23g0021.hpc.itc.rwth-aachen.de",13,"13",1,2,0000:9d:00.0,4,"OK",4096,"latency","H2D",50,1,15.635,16.0448,16.2415,16.3505,0.30575,19.109,16.2591,0.492967,0.199628,0.233308,0.234873,0.237754,0.00444611,0.243984,0.234814,0.00643074,0.252193,8.768
13,"n23g0021.hpc.itc.rwth-aachen.de",13,"13",1,2,0000:9d:00.0,4,"OK",4096,"latency","D2H",50,1,14.18,15.3033,15.585,15.79,0.48675,16.568,15.5276,0.44997,0.230245,0.241589,0.24477,0.249274,0.00768422,0.26902,0.245881,0.00723965,0.262819,8.208
13,"n23g0021.hpc.itc.rwth-aachen.de",13,"13",1,2,0000:9d:00.0,4,"OK",16777216,"bandwidth","H2D",50,1,834.299,839.16,842.934,845.651,6.491,852.97,843.267,4.64655,18.3183,18.4769,18.5364,18.6198,0.142921,18.7283,18.5297,0.10189,19.9034,834.848
13,"n23g0021.hpc.itc.rwth-aachen.de",13,"13",1,2,0000:9d:00.0,4,"OK",16777216,"bandwidth","D2H",50,1,1721.51,1728.41,1732.16,1742.96,14.5493,1763.3,1735.95,10.1435,8.86124,8.96465,9.02052,9.04011,0.075462,9.07632,9.00116,0.0523438,9.68571,1724.27
13,"n23g0021.hpc.itc.rwth-aachen.de",13,"13",1,2,0000:9d:00.0,4,"OK",67108864,"bandwidth","H2D",50,1,3270.36,3297.57,3314.46,3320.53,22.9587,3334.75,3310.05,15.8315,18.742,18.8223,18.8568,18.9534,0.131047,19.111,18.8823,0.0906152,20.2473,3306.4
13,"n23g0021.hpc.itc.rwth-aachen.de",13,"13",1,2,0000:9d:00.0,4,"OK",67108864,"bandwidth","D2H",50,1,6164.2,6185.13,6939.55,6949.11,763.975,6972.57,6703.25,356.66,8.96369,8.99396,9.00635,10.1049,1.11092,10.1392,9.35146,0.519016,9.67049,6931.22
13,"n23g0021.hpc.itc.rwth-aachen.de",13,"13",1,2,0000:9d:00.0,4,"OK",268435456,"bandwidth","H2D",50,1,12228.3,12451.1,13139.2,13339.5,888.396,13400.2,12894.6,439.85,18.6564,18.7414,19.0271,20.0786,1.33721,20.4443,19.4106,0.664622,20.4302,13131.7
13,"n23g0021.hpc.itc.rwth-aachen.de",13,"13",1,2,0000:9d:00.0,4,"OK",268435456,"bandwidth","D2H",50,1,20104.2,24863.6,25501.7,27594.7,2731.06,27802.2,25435.8,1958.03,8.99209,9.06032,9.80325,10.0549,0.994534,12.4352,9.89086,0.811693,10.5262,25493.8
13,"n23g0021.hpc.itc.rwth-aachen.de",13,"13",1,3,0000:ad:00.0,6,"OK",4096,"latency","H2D",50,1,13.372,14.243,14.497,14.6935,0.4505,17.842,14.53,0.603536,0.213804,0.259618,0.263137,0.26783,0.00821159,0.285275,0.262947,0.00986546,0.282542,7.632
13,"n23g0021.hpc.itc.rwth-aachen.de",13,"13",1,3,0000:ad:00.0,6,"OK",4096,"latency","D2H",50,1,13.446,14.0255,14.4735,14.675,0.6495,15.969,14.4486,0.552838,0.238881,0.259946,0.263564,0.271983,0.0120376,0.283705,0.264395,0.00988482,0.283,7.376
13,"n23g0021.hpc.itc.rwth-aachen.de",13,"13",1,3,0000:ad:00.0,6,"OK",16777216,"bandwidth","H2D",50,1,601.737,634.13,724.958,844.995,210.864,859.726,727.22,95.979,18.1744,18.4912,21.5979,24.64,6.1488,25.9665,21.8642,2.87606,23.1906,717.536
13,"n23g0021.hpc.itc.rwth-aachen.de",13,"13",1,3,0000:ad:00.0,6,"OK",16777216,"bandwidth","D2H",50,1,1714.03,1731.25,1737.62,1748.72,17.4633,1766.68,1739.67,11.0897,8.84429,8.93512,8.99216,9.02525,0.0901285,9.11597,8.98196,0.057175,9.65526,1730.05
13,"n23g0021.hpc.itc.rwth-aachen.de",13,"13",1,3,0000:ad:00.0,6,"OK",67108864,"bandwidth","H2D",50,1,3300.07,3337.36,3342.22,3346.65,9.28525,3358.31,3341.37,9.58373,18.6105,18.6754,18.7002,18.7274,0.0519591,18.939,18.7051,0.0538768,20.0791,3334.32
13,"n23g0021.hpc.itc.rwth-aachen.de",13,"13",1,3,0000:ad:00.0,6,"OK",67108864,"bandwidth","D2H",50,1,6174.88,6934.6,6944.49,6950.63,16.0288,6971.91,6920.74,123.427,8.96455,8.99199,8.99995,9.01277,0.0207843,10.1217,9.03399,0.177593,9.66362,6936.05
13,"n23g0021.hpc.itc.rwth-aachen.de",13,"13",1,3,0000:ad:00.0,6,"OK",268435456,"bandwidth","H2D",50,1,12275.2,12464.5,13439.8,13474.7,1010.23,13531.7,12996.1,503.607,18.4751,18.5533,18.6015,20.057,1.50373,20.3663,19.2657,0.75005,19.9732,13432
13,"n23g0021.hpc.itc.rwth-aachen.de",13,"13",1,3,0000:ad:00.0,6,"OK",268435456,"bandwidth","D2H",50,1,24868.4,25632.7,26495,27753.6,2120.85,27820.8,26649.9,1097.98,8.98609,9.00785,9.43578,9.75316,0.745311,10.0529,9.39692,0.388847,10.1316,26487.1
14,"n23g0021.hpc.itc.rwth-aachen.de",14,"14",1,0,0000:1b:00.0,0,"OK",4096,"latency","H2D",50,1,12.533,13.3257,13.676,14.0723,0.7465,15.399,13.7012,0.636138,0.247724,0.27108,0.278934,0.286265,0.0151849,0.304372,0.279014,0.0128114,0.299503,7.392
14,"n23g0021.hpc.itc.rwth-aachen.de",14,"14",1,0,0000:1b:00.0,0,"OK",4096,"latency","D2H",50,1,11.881,12.5448,12.954,13.3397,0.795,13.844,12.925,0.51767,0.275549,0.285968,0.294481,0.304087,0.0181195,0.321075,0.29562,0.0119652,0.316196,6.672
14,"n23g0021.hpc.itc.rwth-aachen.de",14,"14",1,0,0000:1b:00.0,0,"OK",16777216,"bandwidth","H2D",50,1,635.226,681.224,721.375,857.175,175.951,1066.8,766.192,110.747,14.6467,18.2285,21.66,22.9367,4.70817,24.5975,20.7944,2.80217,23.2573,715.264
14,"n23g0021.hpc.itc.rwth-aachen.de",14,"14",1,0,0000:1b:00.0,0,"OK",16777216,"bandwidth","D2H",50,1,694.902,750.458,819.032,980.124,229.666,1219.1,867.8,141.804,12.8168,15.9419,19.0786,20.8206,4.87878,22.4852,18.4666,2.85341,20.4855,812.736
14,"n23g0021.hpc.itc.rwth-aachen.de",14,"14",1,0,0000:1b:00.0,0,"OK",67108864,"bandwidth","H2D",50,1,1857.82,1958.9,1961.41,1963.34,4.44125,1968.19,1951.63,29.9543,31.7551,31.8336,31.8648,31.9057,0.0721757,33.6416,32.0324,0.512266,34.2145,1955.31
14,"n23g0021.hpc.itc.rwth-aachen.de",14,"14",1,0,0000:1b:00.0,0,"OK",67108864,"bandwidth","D2H",50,1,1924.12,2048.54,2054.62,2058.29,9.75025,2063.03,2039.9,41.034,30.2953,30.3649,30.4193,30.5095,0.144525,32.4823,30.6517,0.646424,32.6624,2048.53
14,"n23g0021.hpc.itc.rwth-aachen.de",14,"14",1,0,0000:1b:00.0,0,"OK",268435456,"bandwidth","H2D",50,1,7666.94,7826.8,7832.5,7838.8,11.9995,7846.45,7809.34,56.9939,31.8615,31.8927,31.9183,31.9415,0.0488956,32.6076,32.0147,0.236811,34.272,7826.53
14,"n23g0021.hpc.itc.rwth-aachen.de",14,"14",1,0,0000:1b:00.0,0,"OK",268435456,"bandwidth","D2H",50,1,8029.97,8213.58,8235.44,8245.81,32.233,8255.8,8197.36,77.2541,30.2817,30.3184,30.3566,30.4374,0.118988,31.1334,30.5004,0.291096,32.5952,8229.38
14,"n23g0021.hpc.itc.rwth-aachen.de",14,"14",1,1,0000:2c:00.0,2,"OK",4096,"latency","H2D",50,1,10.822,11.0755,11.3885,11.5087,0.43325,14.613,11.3882,0.533257,0.261048,0.331461,0.33496,0.344427,0.0129668,0.352495,0.335591,0.0133372,0.359661,5.568
14,"n23g0021.hpc.itc.rwth-aachen.de",14,"14",1,1,0000:2c:00.0,2,"OK",4096,"latency","D2H",50,1,10.718,11.1207,11.231,11.3205,0.19975,16.214,11.3056,0.728402,0.235272,0.336973,0.339658,0.343025,0.00605252,0.355915,0.338434,0.0159095,0.364705,5.472
14,"n23g0021.hpc.itc.rwth-aachen.de",14,"14",1,1,0000:2c:00.0,2,"OK",16777216,"bandwidth","H2D",50,1,648.779,685.283,686.389,687.879,2.5955,690.292,684.24,8.64645,22.6353,22.7148,22.764,22.8008,0.0860309,24.0837,22.8394,0.301417,24.4427,680.24
14,"n23g0021.hpc.itc.rwth-aachen.de",14,"14",1,1,0000:2c:00.0,2,"OK",16777216,"bandwidth","D2H",50,1,609.934,641.943,642.938,645.06,3.11675,656.682,643.271,7.32883,23.7939,24.2226,24.3025,24.3401,0.117593,25.6175,24.2932,0.285604,26.0946,636.816
14,"n23g0021.hpc.itc.rwth-aachen.de",14,"14",1,1,0000:2c:00.0,2,"OK",67108864,"bandwidth","H2D",50,1,2589.11,2696.74,2701.1,2703.06,6.31625,2707.63,2686.47,31.8815,23.0829,23.122,23.1387,23.1761,0.0541558,24.1395,23.2681,0.28217,24.845,2694.74
14,"n23g0021.hpc.itc.rwth-aachen.de",14,"14",1,1,0000:2c:00.0,2,"OK",67108864,"bandwidth","D2H",50,1,2453.23,2561.11,2563.3,2564.99,3.8765,2572.06,2561.11,15.9372,24.2996,24.3666,24.3826,24.4035,0.0368814,25.4766,24.4045,0.157962,26.1807,2556.93
14,"n23g0021.hpc.itc.rwth-aachen.de",14,"14",1,1,0000:2c:00.0,2,"OK",268435456,"bandwidth","H2D",50,1,10639.6,10798.8,10806.9,10812.8,14.0285,10821.6,10785.5,52.1473,23.102,23.1207,23.1335,23.1508,0.0300358,23.4971,23.1798,0.113113,24.8394,10800.3
14,"n23g0021.hpc.itc.rwth-aachen.de",14,"14",1,1,0000:2c:00.0,2,"OK",268435456,"bandwidth","D2H",50,1,10075.1,10158.7,10271.4,10277,118.389,10290.2,10226.1,75.9436,24.295,24.3261,24.3394,24.6095,0.283496,24.8138,24.4487,0.182912,26.1343,10265.1
14,"n23g0021.hpc.itc.rwth-aachen.de",14,"14",1,2,0000:9d:00.0,4,"OK",4096,"latency","H2D",50,1,15.388,15.9058,16.2235,16.3935,0.48775,29.773,16.5905,2.09479,0.128126,0.232696,0.235134,0.239834,0.0071378,0.247901,0.232207,0.0183049,0.252473,8.704
14,"n23g0021.hpc.itc.rwth-aachen.de",14,"14",1,2,0000:9d:00.0,4,"OK",4096,"latency","D2H",50,1,14.663,15.3785,15.476,15.6758,0.29725,16.697,15.5382,0.348791,0.228466,0.24335,0.246491,0.248054,0.00470371,0.260158,0.245627,0.00544899,0.264668,8.08
14,"n23g0021.hpc.itc.rwth-aachen.de",14,"14",1,2,0000:9d:00.0,4,"OK",16777216,"bandwidth","H2D",50,1,827.746,836.796,840.089,843.878,7.0825,849.991,840.016,5.10472,18.3825,18.5157,18.5992,18.6724,0.156716,18.8766,18.6015,0.113296,19.9708,832.176
14,"n23g0021.hpc.itc.rwth-aachen.de",14,"14",1,2,0000:9d:00.0,4,"OK",16777216,"bandwidth","D2H",50,1,1717.96,1728.25,1732.55,1741,12.7475,1759.72,1735.06,9.55416,8.87923,8.97472,9.01851,9.04092,0.066197,9.09511,9.0057,0.0493657,9.68355,1724.53
14,"n23g0021.hpc.itc.rwth-aachen.de",14,"14",1,2,0000:9d:00.0,4,"OK",67108864,"bandwidth","H2D",50,1,3257.93,3281.93,3293.33,3301.42,19.4958,3322.34,3292.31,12.8587,18.812,18.9312,18.9778,19.0437,0.112457,19.1839,18.9839,0.0741509,20.3772,3285.46
14,"n23g0021.hpc.itc.rwth-aachen.de",14,"14",1,2,0000:9d:00.0,4,"OK",67108864,"bandwidth","D2H",50,1,6165.05,6176.84,6185.34,6191.61,14.7627,6201.33,6183.83,9.75354,10.0785,10.0943,10.1045,10.1184,0.0241256,10.1378,10.107,0.0159459,10.8497,6177.62
14,"n23g0021.hpc.itc.rwth-aachen.de",14,"14",1,2,0000:9d:00.0,4,"OK",268435456,"bandwidth","H2D",50,1,11588.7,12385.4,12839,13302,916.558,13354,12802.9,503.395,18.721,18.7942,19.4793,20.185,1.39084,21.5728,19.5575,0.779217,20.9157,12831.1
14,"n23g0021.hpc.itc.rwth-aachen.de",14,"14",1,2,0000:9d:00.0,4,"OK",268435456,"bandwidth","D2H",50,1,19507.8,25322.6,25714.9,27740.4,2417.77,27812.1,25444.3,2435.33,8.98888,9.01213,9.72199,9.8726,0.860471,12.8154,9.92697,1.06657,10.4389,25707.2
14,"n23g0021.hpc.itc.rwth-aachen.de",14,"14",1,3,0000:ad:00.0,6,"OK",4096,"latency","H2D",50,1,14.892,15.3603,15.6385,15.9258,0.5655,20.247,15.7741,0.892937,0.188408,0.239531,0.24393,0.248349,0.00881807,0.256157,0.242481,0.0114911,0.261918,8.384
14,"n23g0021.hpc.itc.rwth-aachen.de",14,"14",1,3,0000:ad:00.0,6,"OK",4096,"latency","D2H",50,1,14.154,15.0045,15.3115,15.51,0.5055,20.87,15.3651,0.904275,0.182784,0.245951,0.249139,0.254238,0.00828733,0.269514,0.248967,0.0119815,0.267511,8.16
14,"n23g0021.hpc.itc.rwth-aachen.de",14,"14",1,3,0000:ad:00.0,6,"OK",16777216,"bandwidth","H2D",50,1,836.31,842.572,846.098,850.176,7.604,860.213,846.244,4.77669,18.1641,18.3786,18.4671,18.5444,0.165862,18.6833,18.4645,0.104068,19.8289,838.096
14,"n23g0021.hpc.itc.rwth-aachen.de",14,"14",1,3,0000:ad:00.0,6,"OK",16777216,"bandwidth","D2H",50,1,1719.46,1730.6,1733.65,1742.2,11.6068,1768.61,1737.02,10.5806,8.83464,8.96852,9.01277,9.02867,0.06015,9.08717,8.99562,0.0544395,9.67739,1726.03
14,"n23g0021.hpc.itc.rwth-aachen.de",14,"14",1,3,0000:ad:00.0,6,"OK",67108864,"bandwidth","H2D",50,1,3307.8,3341.4,3347.92,3355.01,13.614,3366.1,3347.74,10.2271,18.5675,18.6288,18.6683,18.7047,0.0759014,18.8948,18.6695,0.0572253,20.045,3339.82
14,"n23g0021.hpc.itc.rwth-aachen.de",14,"14",1,3,0000:ad:00.0,6,"OK",67108864,"bandwidth","D2H",50,1,6194.85,6936.33,6945.34,6951.24,14.9133,6974.43,6918.68,131.18,8.96131,8.9912,8.99884,9.01053,0.0193313,10.089,9.03709,0.188496,9.66243,6937.52
14,"n23g0021.hpc.itc.rwth-aachen.de",14,"14",1,3,0000:ad:00.0,6,"OK",268435456,"bandwidth","H2D",50,1,12325.5,12522.8,13439.4,13470,947.278,13509,13017.7,478.384,18.5062,18.5597,18.602,19.9637,1.40394,20.2831,19.2307,0.710605,19.9738,13431.6
14,"n23g0021.hpc.itc.rwth-aachen.de",14,"14",1,3,0000:ad:00.0,6,"OK",268435456,"bandwidth","D2H",50,1,24834.7,25545.2,26701.8,27742.7,2197.48,27826.6,26637.5,1126.45,8.9842,9.01139,9.3701,9.78658,0.775192,10.0665,9.40216,0.399324,10.0611,26693.8
15,"n23g0021.hpc.itc.rwth-aachen.de",15,"15",1,0,0000:1b:00.0,0,"OK",4096,"latency","H2D",50,1,12.805,13.261,13.553,13.945,0.684,18.98,13.7385,0.918291,0.200985,0.273553,0.281465,0.287663,0.0141096,0.297907,0.278677,0.0152911,0.302221,7.216
15,"n23g0021.hpc.itc.rwth-aachen.de",15,"15",1,0,0000:1b:00.0,0,"OK",4096,"latency","D2H",50,1,11.918,12.5292,13.0865,13.3615,0.83225,22.072,13.1997,1.37401,0.17283,0.2855,0.291499,0.304463,0.0189639,0.320079,0.291099,0.0206687,0.312994,6.8
15,"n23g0021.hpc.itc.rwth-aachen.de",15,"15",1,0,0000:1b:00.0,0,"OK",16777216,"bandwidth","H2D",50,1,634.426,680.098,721.88,856.789,176.691,1068.38,768.279,114.315,14.6249,18.2367,21.6449,22.9746,4.73794,24.6286,20.7609,2.87026,23.241,715.632
15,"n23g0021.hpc.itc.rwth-aachen.de",15,"15",1,0,0000:1b:00.0,0,"OK",16777216,"bandwidth","D2H",50,1,693.311,749.862,819.244,975.534,225.671,1213,867.972,143.488,12.8813,16.0169,19.0735,20.8372,4.82026,22.5368,18.4691,2.861,20.48,812.832
15,"n23g0021.hpc.itc.rwth-aachen.de",15,"15",1,0,0000:1b:00.0,0,"OK",67108864,"bandwidth","H2D",50,1,1859.18,1960.06,1962.62,1964.82,4.762,1968.64,1947.33,36.3672,31.7478,31.8095,31.8452,31.8867,0.0772814,33.6169,32.1068,0.621047,34.1935,1956.48
15,"n23g0021.hpc.itc.rwth-aachen.de",15,"15",1,0,0000:1b:00.0,0,"OK",67108864,"bandwidth","D2H",50,1,1923.91,2050.02,2055.94,2058.75,8.73075,2062.83,2035.59,46.0747,30.2982,30.3582,30.3997,30.4875,0.129291,32.486,30.7201,0.725463,32.6414,2049.63
15,"n23g0021.hpc.itc.rwth-aachen.de",15,"15",1,0,0000:1b:00.0,0,"OK",268435456,"bandwidth","H2D",50,1,7657.94,7753.66,7829.78,7839.28,85.6183,7844.29,7796.65,59.4817,31.8703,31.8907,31.9294,32.2428,0.352149,32.6458,32.067,0.246717,34.2839,7823.57
15,"n23g0021.hpc.itc.rwth-aachen.de",15,"15",1,0,0000:1b:00.0,0,"OK",268435456,"bandwidth","D2H",50,1,8009.97,8204.92,8237.92,8245.5,40.576,8254.16,8196.31,82.3334,30.2878,30.3196,30.3474,30.4695,0.14994,31.2111,30.5047,0.310708,32.5853,8231.87
15,"n23g0021.hpc.itc.rwth-aachen.de",15,"15",1,1,0000:2c:00.0,2,"OK",4096,"latency","H2D",50,1,10.98,11.2722,11.5735,11.76,0.48775,17.244,11.731,0.97302,0.221219,0.324379,0.329606,0.338415,0.0140364,0.347422,0.326876,0.0206512,0.353912,5.712
15,"n23g0021.hpc.itc.rwth-aachen.de",15,"15",1,1,0000:2c:00.0,2,"OK",4096,"latency","D2H",50,1,10.686,11.1073,11.4095,11.5948,0.4875,14.729,11.4224,0.568885,0.258992,0.329002,0.334344,0.343442,0.0144397,0.356981,0.334675,0.0143232,0.358999,5.536
15,"n23g0021.hpc.itc.rwth-aachen.de",15,"15",1,1,0000:2c:00.0,2,"OK",16777216,"bandwidth","H2D",50,1,648.945,684.084,685.347,686.324,2.2405,694.512,681.687,11.0583,22.4978,22.7662,22.7987,22.8408,0.0745633,24.0775,22.9273,0.385808,24.4799,679.184
15,"n23g0021.hpc.itc.rwth-aachen.de",15,"15",1,1,0000:2c:00.0,2,"OK",16777216,"bandwidth","D2H",50,1,609.109,641.552,642.919,644.967,3.41525,651.051,641.201,9.88281,23.9997,24.226,24.3032,24.355,0.128969,25.6522,24.3743,0.390306,26.0954,636.768
15,"n23g0021.hpc.itc.rwth-aachen.de",15,"15",1,1,0000:2c:00.0,2,"OK",67108864,"bandwidth","H2D",50,1,2559.95,2699.58,2701.97,2704.26,4.67675,2707.81,2687.88,35.3595,23.0814,23.1117,23.1312,23.1517,0.0400387,24.4145,23.2566,0.315145,24.837,2695.46
15,"n23g0021.hpc.itc.rwth-aachen.de",15,"15",1,1,0000:2c:00.0,2,"OK",67108864,"bandwidth","D2H",50,1,2433.65,2557.38,2560.9,2564.35,6.9765,2575.78,2551.7,31.102,24.2644,24.3726,24.4055,24.4391,0.0664883,25.6816,24.4973,0.309586,26.2052,2554.53
15,"n23g0021.hpc.itc.rwth-aachen.de",15,"15",1,1,0000:2c:00.0,2,"OK",268435456,"bandwidth","H2D",50,1,10623.8,10799.9,10807.3,10815.3,15.4672,10825.3,10784.8,56.2646,23.0939,23.1153,23.1325,23.1484,0.033105,23.532,23.1814,0.122123,24.8383,10800.7
15,"n23g0021.hpc.itc.rwth-aachen.de",15,"15",1,1,0000:2c:00.0,2,"OK",268435456,"bandwidth","D2H",50,1,10069.3,10143.8,10267.3,10277,133.198,10290.2,10219.7,76.9684,24.295,24.3261,24.3492,24.6455,0.319425,24.828,24.464,0.185425,26.1448,10260.9
15,"n23g0021.hpc.itc.rwth-aachen.de",15,"15",1,2,0000:9d:00.0,4,"OK",4096,"latency","H2D",50,1,14.837,15.551,15.725,16.0377,0.48675,18.738,15.8205,0.592285,0.203581,0.237858,0.242588,0.245302,0.00744448,0.257107,0.241436,0.00835885,0.260477,8.544
15,"n23g0021.hpc.itc.rwth-aachen.de",15,"15",1,2,0000:9d:00.0,4,"OK",4096,"latency","D2H",50,1,14.574,15.3933,15.6245,15.7647,0.3715,25.65,15.8657,1.54676,0.148721,0.241976,0.244148,0.247816,0.0058398,0.261747,0.242006,0.016375,0.262152,8.224
15,"n23g0021.hpc.itc.rwth-aachen.de",15,"15",1,2,0000:9d:00.0,4,"OK",16777216,"bandwidth","H2D",50,1,831.508,838.39,841.592,843.255,4.86525,850.943,841.383,4.14526,18.362,18.5294,18.566,18.6369,0.107528,18.7912,18.5711,0.0913876,19.9351,833.84
15,"n23g0021.hpc.itc.rwth-aachen.de",15,"15",1,2,0000:9d:00.0,4,"OK",16777216,"bandwidth","D2H",50,1,1718.54,1729.32,1734.18,1744.99,15.6665,1758.67,1736.3,11.0134,8.88453,8.95424,9.01002,9.03532,0.0810848,9.09201,8.99938,0.0568773,9.67443,1725.97
15,"n23g0021.hpc.itc.rwth-aachen.de",15,"15",1,2,0000:9d:00.0,4,"OK",67108864,"bandwidth","H2D",50,1,3295.12,3313.9,3317.31,3325.08,11.1758,3339.91,3319.01,8.54734,18.7131,18.7966,18.8406,18.8599,0.063389,18.9675,18.831,0.0484919,20.2299,3309.34
15,"n23g0021.hpc.itc.rwth-aachen.de",15,"15",1,2,0000:9d:00.0,4,"OK",67108864,"bandwidth","D2H",50,1,6186.77,6937.26,6946.03,6954.6,17.3415,6971.21,6922.31,124.222,8.96544,8.98685,8.99794,9.00932,0.0224649,10.1022,9.03197,0.178339,9.66147,6937.86
15,"n23g0021.hpc.itc.rwth-aachen.de",15,"15",1,2,0000:9d:00.0,4,"OK",268435456,"bandwidth","H2D",50,1,11602.5,12389.9,12825.6,13370.2,980.358,13404.7,12834.1,516.293,18.6502,18.6983,19.498,20.1778,1.47953,21.5471,19.5113,0.794029,20.9359,12817.8
15,"n23g0021.hpc.itc.rwth-aachen.de",15,"15",1,2,0000:9d:00.0,4,"OK",268435456,"bandwidth","D2H",50,1,20086.1,24534.7,25569.3,27723.7,3189.02,27833,25262.8,2360.11,8.98213,9.01756,9.77735,10.1903,1.17271,12.4464,9.99037,1.01504,10.4983,25561.5
15,"n23g0021.hpc.itc.rwth-aachen.de",15,"15",1,3,0000:ad:00.0,6,"OK",4096,"latency","H2D",50,1,14.755,15.517,15.818,15.9405,0.4235,18.964,15.8496,0.708713,0.201155,0.239309,0.241162,0.24584,0.00653147,0.258536,0.241111,0.00965645,0.258946,8.432
15,"n23g0021.hpc.itc.rwth-aachen.de",15,"15",1,3,0000:ad:00.0,6,"OK",4096,"latency","D2H",50,1,14.321,15.4753,15.6955,15.8605,0.38525,31.375,15.9674,2.23319,0.121584,0.240516,0.243044,0.246503,0.00598755,0.266371,0.241407,0.0181372,0.260967,8.24
15,"n23g0021.hpc.itc.rwth-aachen.de",15,"15",1,3,0000:ad:00.0,6,"OK",16777216,"bandwidth","H2D",50,1,837.624,845.39,847.397,850.431,5.041,856.836,847.644,3.85166,18.2357,18.373,18.4388,18.4826,0.109558,18.654,18.4338,0.0838871,19.7985,839.68
15,"n23g0021.hpc.itc.rwth-aachen.de",15,"15",1,3,0000:ad:00.0,6,"OK",16777216,"bandwidth","D2H",50,1,1716.36,1729.52,1733.49,1742.12,12.6073,1761.28,1736.58,10.3358,8.87138,8.96894,9.0136,9.03432,0.0653776,9.10355,8.99788,0.0533408,9.67828,1725.65
15,"n23g0021.hpc.itc.rwth-aachen.de",15,"15",1,3,0000:ad:00.0,6,"OK",67108864,"bandwidth","H2D",50,1,3311.47,3336.53,3343.9,3349.43,12.9025,3365.16,3342.29,9.94098,18.5727,18.6599,18.6908,18.732,0.0721585,18.8738,18.6999,0.0557094,20.0691,3336.05
15,"n23g0021.hpc.itc.rwth-aachen.de",15,"15",1,3,0000:ad:00.0,6,"OK",67108864,"bandwidth","D2H",50,1,6925.47,6937.01,6947.6,6953.32,16.3192,6962.05,6945.17,9.95291,8.97724,8.98851,8.99591,9.00965,0.0211454,9.02466,8.99908,0.0129004,9.65929,6939.71
15,"n23g0021.hpc.itc.rwth-aachen.de",15,"15",1,3,0000:ad:00.0,6,"OK",268435456,"bandwidth","H2D",50,1,12205.5,12491.9,13353.3,13467.4,975.484,13521.1,12991.3,498.508,18.4896,18.5633,18.7225,20.0129,1.4496,20.4826,19.2721,0.743164,20.1032,13346.1
15,"n23g0021.hpc.itc.rwth-aachen.de",15,"15",1,3,0000:ad:00.0,6,"OK",268435456,"bandwidth","D2H",50,1,24794.3,25649.9,25881.5,27758.8,2108.87,27859,26639,1099,8.97375,9.00617,9.65942,9.74663,0.740466,10.083,9.40075,0.38796,10.3717,25870.6
16,"n23g0021.hpc.itc.rwth-aachen.de",16,"16",1,0,0000:1b:00.0,0,"OK",4096,"latency","H2D",50,1,12.765,13.2157,13.647,13.9123,0.6965,15.224,13.6222,0.544021,0.250571,0.274197,0.279527,0.288648,0.0144508,0.29884,0.280474,0.0109942,0.300139,7.344
16,"n23g0021.hpc.itc.rwth-aachen.de",16,"16",1,0,0000:1b:00.0,0,"OK",4096,"latency","D2H",50,1,11.699,12.6867,12.9325,13.2372,0.5505,18.854,12.9971,0.953979,0.202328,0.288179,0.29497,0.300684,0.012505,0.32607,0.294738,0.0171063,0.316722,6.656
16,"n23g0021.hpc.itc.rwth-aachen.de",16,"16",1,0,0000:1b:00.0,0,"OK",16777216,"bandwidth","H2D",50,1,635.18,680.638,720.615,856.615,175.976,1069.21,764.011,109.977,14.6136,18.2404,21.6829,22.9564,4.71597,24.5993,20.8489,2.78827,23.2818,714.4
16,"n23g0021.hpc.itc.rwth-aachen.de",16,"16",1,0,0000:1b:00.0,0,"OK",16777216,"bandwidth","D2H",50,1,692.278,746.193,812.561,968.367,222.174,1165.68,854.271,133.252,13.4042,16.1354,19.2293,20.9396,4.80421,22.5704,18.7159,2.75344,20.6473,806.32
16,"n23g0021.hpc.itc.rwth-aachen.de",16,"16",1,0,0000:1b:00.0,0,"OK",67108864,"bandwidth","H2D",50,1,1858.53,1960.08,1962.63,1965.62,5.543,2348.29,1960.15,70.5502,26.6151,31.7965,31.845,31.8864,0.0899191,33.6288,31.9227,1.04397,34.1933,1956.54
16,"n23g0021.hpc.itc.rwth-aachen.de",16,"16",1,0,0000:1b:00.0,0,"OK",67108864,"bandwidth","D2H",50,1,1922.65,2050.04,2053.78,2056.45,6.4045,2462.05,2050.22,86.9511,25.3854,30.3922,30.4317,30.4872,0.0949481,32.5072,30.5341,1.17555,32.6758,2047.74
16,"n23g0021.hpc.itc.rwth-aachen.de",16,"16",1,0,0000:1b:00.0,0,"OK",268435456,"bandwidth","H2D",50,1,7642.78,7711.84,7823.41,7834.93,123.087,7847.69,7774.99,72.7774,31.8565,31.9084,31.9554,32.4177,0.509283,32.7106,32.1572,0.302698,34.3118,7817.26
16,"n23g0021.hpc.itc.rwth-aachen.de",16,"16",1,0,0000:1b:00.0,0,"OK",268435456,"bandwidth","D2H",50,1,8020.34,8119.01,8235.82,8241.89,122.883,8266.47,8186.9,82.8527,30.2427,30.3328,30.3552,30.7919,0.459101,31.1708,30.5397,0.312297,32.5936,8229.78
16,"n23g0021.hpc.itc.rwth-aachen.de",16,"16",1,1,0000:2c:00.0,2,"OK",4096,"latency","H2D",50,1,11.054,11.2278,11.5635,11.808,0.58025,17.683,11.7251,1.01582,0.215727,0.323061,0.329891,0.339756,0.0166955,0.345097,0.327142,0.0209605,0.354218,5.664
16,"n23g0021.hpc.itc.rwth-aachen.de",16,"16",1,1,0000:2c:00.0,2,"OK",4096,"latency","D2H",50,1,10.735,10.956,11.287,11.4567,0.50075,11.879,11.2423,0.297014,0.321129,0.332965,0.337975,0.348183,0.0152183,0.355351,0.339555,0.00899314,0.362898,5.392
16,"n23g0021.hpc.itc.rwth-aachen.de",16,"16",1,1,0000:2c:00.0,2,"OK",16777216,"bandwidth","H2D",50,1,647.758,684.518,685.721,686.685,2.167,696.593,683.225,9.92333,22.4306,22.7543,22.7863,22.8263,0.0720344,24.1217,22.8745,0.346792,24.4666,679.36
16,"n23g0021.hpc.itc.rwth-aachen.de",16,"16",1,1,0000:2c:00.0,2,"OK",16777216,"bandwidth","D2H",50,1,610.084,641.901,643.149,644.351,2.44975,654.452,642.04,8.35222,23.8749,24.2492,24.2945,24.3418,0.0925433,25.6112,24.3408,0.327451,26.086,636.784
16,"n23g0021.hpc.itc.rwth-aachen.de",16,"16",1,1,0000:2c:00.0,2,"OK",67108864,"bandwidth","H2D",50,1,2564.95,2699.14,2701.58,2704.45,5.313,2708.88,2685.06,39.4777,23.0723,23.1101,23.1346,23.1556,0.04549,24.367,23.2821,0.352928,24.8406,2694.74
16,"n23g0021.hpc.itc.rwth-aachen.de",16,"16",1,1,0000:2c:00.0,2,"OK",67108864,"bandwidth","D2H",50,1,2472.22,2558.79,2562.73,2564.46,5.6765,2567.84,2557.06,19.062,24.3396,24.3716,24.3881,24.4256,0.0540667,25.281,24.4436,0.187288,26.1865,2556.29
16,"n23g0021.hpc.itc.rwth-aachen.de",16,"16",1,1,0000:2c:00.0,2,"OK",268435456,"bandwidth","H2D",50,1,10595.8,10770.9,10808,10813.8,42.8797,10822.9,10773,69.1412,23.0991,23.1187,23.131,23.2108,0.0920615,23.5943,23.2071,0.150345,24.8368,10801.4
16,"n23g0021.hpc.itc.rwth-aachen.de",16,"16",1,1,0000:2c:00.0,2,"OK",268435456,"bandwidth","D2H",50,1,10085.6,10175.7,10268.3,10275.3,99.5652,10285.3,10227.1,67.4617,24.3066,24.3302,24.3468,24.5683,0.238062,24.7879,24.4458,0.162309,26.1422,10261.7
16,"n23g0021.hpc.itc.rwth-aachen.de",16,"16",1,2,0000:9d:00.0,4,"OK",4096,"latency","H2D",50,1,14.892,15.7052,15.9445,16.169,0.46375,22.484,16.1142,1.06085,0.169663,0.235927,0.239248,0.242893,0.00696642,0.256157,0.237532,0.0123034,0.256891,8.576
16,"n23g0021.hpc.itc.rwth-aachen.de",16,"16",1,2,0000:9d:00.0,4,"OK",4096,"latency","D2H",50,1,14.768,15.5427,15.8885,16.033,0.49025,17.198,15.7806,0.50657,0.221811,0.237928,0.240092,0.245433,0.00750472,0.258308,0.241982,0.00775822,0.257797,8.224
16,"n23g0021.hpc.itc.rwth-aachen.de",16,"16",1,2,0000:9d:00.0,4,"OK",16777216,"bandwidth","H2D",50,1,832.078,838.467,840.849,842.974,4.50625,848.021,840.84,3.45915,18.4253,18.5356,18.5824,18.6352,0.0996176,18.7783,18.5829,0.0765273,19.9527,832.976
16,"n23g0021.hpc.itc.rwth-aachen.de",16,"16",1,2,0000:9d:00.0,4,"OK",16777216,"bandwidth","D2H",50,1,1718.59,1727.3,1733.04,1741.82,14.518,1756.1,1734.89,10.6517,8.89754,8.97051,9.01595,9.04591,0.0753953,9.09176,9.0067,0.0551217,9.68081,1724.93
16,"n23g0021.hpc.itc.rwth-aachen.de",16,"16",1,2,0000:9d:00.0,4,"OK",67108864,"bandwidth","H2D",50,1,3290.86,3315.52,3323.75,3331.11,15.5917,3651.68,3329.7,47.1089,17.1154,18.7625,18.8041,18.8507,0.0882338,18.992,18.7739,0.243834,20.1907,3315.76
16,"n23g0021.hpc.itc.rwth-aachen.de",16,"16",1,2,0000:9d:00.0,4,"OK",67108864,"bandwidth","D2H",50,1,6181.94,6935.03,6943.18,6953.77,18.7325,6976.21,6919.86,130.132,8.95902,8.98793,9.00164,9.01221,0.0242776,10.1101,9.03549,0.187051,9.66543,6933.89
16,"n23g0021.hpc.itc.rwth-aachen.de",16,"16",1,2,0000:9d:00.0,4,"OK",268435456,"bandwidth","H2D",50,1,12172,12419.8,13316.2,13344,924.198,13375.8,12894.6,470.091,18.6905,18.735,18.7742,20.1292,1.39413,20.5389,19.4139,0.711734,20.1586,13308.3
16,"n23g0021.hpc.itc.rwth-aachen.de",16,"16",1,2,0000:9d:00.0,4,"OK",268435456,"bandwidth","D2H",50,1,24870.6,25701.6,27489.8,27769.9,2068.31,27816.7,26738.6,1066.37,8.98739,9.00256,9.09485,9.72703,0.724473,10.052,9.36475,0.375518,9.76552,27481.5
16,"n23g0021.hpc.itc.rwth-aachen.de",16,"16",1,3,0000:ad:00.0,6,"OK",4096,"latency","H2D",50,1,15.101,15.4268,15.6745,15.912,0.48525,19.082,15.7834,0.627656,0.199911,0.239737,0.24337,0.247278,0.00754106,0.252612,0.24203,0.00858693,0.261316,8.416
16,"n23g0021.hpc.itc.rwth-aachen.de",16,"16",1,3,0000:ad:00.0,6,"OK",4096,"latency","D2H",50,1,14.462,15.1892,15.378,15.6218,0.4325,19.451,15.4652,0.712267,0.196118,0.244191,0.248062,0.251145,0.00695314,0.263774,0.247123,0.010033,0.266355,8.208
16,"n23g0021.hpc.itc.rwth-aachen.de",16,"16",1,3,0000:ad:00.0,6,"OK",16777216,"bandwidth","H2D",50,1,838.175,844.974,849.18,852.066,7.09175,861.226,848.912,5.26267,18.1427,18.3378,18.4001,18.4917,0.153907,18.6417,18.4066,0.113951,19.757,841.76
16,"n23g0021.hpc.itc.rwth-aachen.de",16,"16",1,3,0000:ad:00.0,6,"OK",16777216,"bandwidth","D2H",50,1,1711.55,1719.77,1727.93,1739.26,19.4985,2633.36,1752.64,132.172,5.93348,8.98368,9.04262,9.08554,0.101856,9.12915,8.9503,0.468892,9.70944,1718.69
16,"n23g0021.hpc.itc.rwth-aachen.de",16,"16",1,3,0000:ad:00.0,6,"OK",67108864,"bandwidth","H2D",50,1,3284.25,3304.35,3312.1,3319.44,15.086,3333.45,3311.18,11.6136,18.7493,18.8285,18.8702,18.9145,0.0859614,19.0302,18.8757,0.0662667,20.2617,3304.53
16,"n23g0021.hpc.itc.rwth-aachen.de",16,"16",1,3,0000:ad:00.0,6,"OK",67108864,"bandwidth","D2H",50,1,6152.76,6179.3,6183.72,6190.01,10.7165,6215.73,6185.12,12.5335,10.0551,10.0969,10.1072,10.1144,0.0175106,10.158,10.1049,0.0204713,10.8525,6175.97
16,"n23g0021.hpc.itc.rwth-aachen.de",16,"16",1,3,0000:ad:00.0,6,"OK",268435456,"bandwidth","H2D",50,1,11635.2,12566.9,12954,13470.4,903.444,13526.3,12965.5,516.873,18.4824,18.5592,19.3017,19.8935,1.33424,21.4865,19.3133,0.784848,20.725,12946.4
16,"n23g0021.hpc.itc.rwth-aachen.de",16,"16",1,3,0000:ad:00.0,6,"OK",268435456,"bandwidth","D2H",50,1,20102.4,25629.6,25839.4,27752.5,2122.92,27823.5,26060.6,2001.25,8.9852,9.00819,9.67516,9.75435,0.746159,12.4363,9.65864,0.859933,10.3886,25831.9
17,"n23g0021.hpc.itc.rwth-aachen.de",17,"17",1,0,0000:1b:00.0,0,"OK",4096,"latency","H2D",50,1,11.814,12.092,12.556,12.805,0.713,14.503,12.516,0.515979,0.263028,0.297907,0.303817,0.315474,0.017567,0.322896,0.305282,0.0120609,0.326221,6.56
17,"n23g0021.hpc.itc.rwth-aachen.de",17,"17",1,0,0000:1b:00.0,0,"OK",4096,"latency","D2H",50,1,11.162,11.774,12.076,12.3455,0.5715,13.006,12.0693,0.417317,0.293303,0.308996,0.315892,0.323994,0.0149976,0.341758,0.316446,0.0109662,0.339187,6.016
17,"n23g0021.hpc.itc.rwth-aachen.de",17,"17",1,0,0000:1b:00.0,0,"OK",16777216,"bandwidth","H2D",50,1,473.154,569.625,630.304,679.322,109.697,720.904,612.977,73.1565,21.6742,23.0009,24.7911,27.4468,4.44587,33.0231,25.8906,3.38516,26.6192,624.064
17,"n23g0021.hpc.itc.rwth-aachen.de",17,"17",1,0,0000:1b:00.0,0,"OK",16777216,"bandwidth","D2H",50,1,486.31,610.327,685.183,738.888,128.561,815.523,661.473,93.4589,19.1595,21.1466,22.8042,25.6126,4.46594,32.1297,24.1486,3.77877,24.4858,679.104
17,"n23g0021.hpc.itc.rwth-aachen.de",17,"17",1,0,0000:1b:00.0,0,"OK",67108864,"bandwidth","H2D",50,1,1857.98,1957.61,1959.92,1961.82,4.20975,1964,1951.98,27.0691,31.8228,31.8582,31.889,31.9267,0.0685095,33.6388,32.0252,0.46377,34.2406,1953.89
17,"n23g0021.hpc.itc.rwth-aachen.de",17,"17",1,0,0000:1b:00.0,0,"OK",67108864,"bandwidth","D2H",50,1,1923.37,2050.3,2054.55,2057.28,6.9855,2061.02,2044.17,34.2944,30.3247,30.3799,30.4203,30.4834,0.103506,32.4951,30.5839,0.540633,32.6635,2048.37
17,"n23g0021.hpc.itc.rwth-aachen.de",17,"17",1,0,0000:1b:00.0,0,"OK",268435456,"bandwidth","H2D",50,1,7637.51,7677.65,7815.86,7836.14,158.488,7852.84,7769.87,76.5542,31.8356,31.9035,31.9863,32.5621,0.658579,32.7332,32.1787,0.318549,34.345,7809.81
17,"n23g0021.hpc.itc.rwth-aachen.de",17,"17",1,0,0000:1b:00.0,0,"OK",268435456,"bandwidth","D2H",50,1,8005.91,8082.45,8225.56,8235.05,152.604,8249.82,8170.04,85.4455,30.3037,30.358,30.3931,30.9314,0.573322,31.2269,30.603,0.322841,32.6343,8219.58
17,"n23g0021.hpc.itc.rwth-aachen.de",17,"17",1,1,0000:2c:00.0,2,"OK",4096,"latency","H2D",50,1,11.009,11.2138,11.5905,11.7227,0.509,19.883,11.9687,1.73033,0.191857,0.32541,0.329123,0.340181,0.0147708,0.346507,0.323332,0.0321945,0.353393,5.664
17,"n23g0021.hpc.itc.rwth-aachen.de",17,"17",1,1,0000:2c:00.0,2,"OK",4096,"latency","D2H",50,1,10.636,11.1277,11.3275,11.4887,0.361,12.043,11.3182,0.278144,0.316756,0.332038,0.336764,0.342809,0.0107717,0.358659,0.337243,0.00827404,0.361598,5.536
17,"n23g0021.hpc.itc.rwth-aachen.de",17,"17",1,1,0000:2c:00.0,2,"OK",16777216,"bandwidth","H2D",50,1,647.836,683.426,685.154,686.184,2.758,690.297,678.847,13.6475,22.6352,22.7709,22.8051,22.8628,0.091893,24.1188,23.0266,0.477421,24.4868,679.024
17,"n23g0021.hpc.itc.rwth-aachen.de",17,"17",1,1,0000:2c:00.0,2,"OK",16777216,"bandwidth","D2H",50,1,608.159,641.146,643.002,644.262,3.11575,652.669,639.658,11.6503,23.9402,24.2525,24.3001,24.3704,0.117859,25.6923,24.4355,0.459144,26.092,636.768
17,"n23g0021.hpc.itc.rwth-aachen.de",17,"17",1,1,0000:2c:00.0,2,"OK",67108864,"bandwidth","H2D",50,1,2576.71,2697.51,2699.82,2703.19,5.67975,2711.05,2686.05,34.3122,23.0538,23.1208,23.1497,23.1695,0.0486822,24.2557,23.2723,0.304855,24.8568,2693.39
17,"n23g0021.hpc.itc.rwth-aachen.de",17,"17",1,1,0000:2c:00.0,2,"OK",67108864,"bandwidth","D2H",50,1,2424.14,2549.27,2554.47,2558.54,9.263,2565.72,2540.79,36.3762,24.3596,24.428,24.4669,24.5168,0.0887612,25.7823,24.6039,0.364157,26.2711,2548.21
17,"n23g0021.hpc.itc.rwth-aachen.de",17,"17",1,1,0000:2c:00.0,2,"OK",268435456,"bandwidth","H2D",50,1,10625,10751.3,10806.3,10813.2,61.9,10828.8,10769.3,69.5223,23.0867,23.1199,23.1346,23.253,0.133116,23.5295,23.2152,0.151013,24.8405,10799.9
17,"n23g0021.hpc.itc.rwth-aachen.de",17,"17",1,1,0000:2c:00.0,2,"OK",268435456,"bandwidth","D2H",50,1,10067.8,10108.9,10240.3,10268.7,159.794,10286,10200.9,77.2371,24.305,24.3459,24.4134,24.7307,0.384846,24.8317,24.5091,0.18624,26.2137,10234
17,"n23g0021.hpc.itc.rwth-aachen.de",17,"17",1,2,0000:9d:00.0,4,"OK",4096,"latency","H2D",50,1,14.868,15.773,16.007,16.3295,0.5565,21.255,16.1728,0.90768,0.179473,0.233608,0.238314,0.24185,0.00824197,0.256571,0.236495,0.0112107,0.255888,8.688
17,"n23g0021.hpc.itc.rwth-aachen.de",17,"17",1,2,0000:9d:00.0,4,"OK",4096,"latency","D2H",50,1,14.194,15.4997,15.7955,16.0383,0.5385,17.394,15.7818,0.557142,0.219311,0.23785,0.241505,0.246113,0.00826338,0.268754,0.242015,0.00854561,0.259314,8.112
17,"n23g0021.hpc.itc.rwth-aachen.de",17,"17",1,2,0000:9d:00.0,4,"OK",16777216,"bandwidth","H2D",50,1,837.646,843.112,846.05,848.411,5.29925,856.241,846.289,4.13266,18.2484,18.4168,18.4682,18.5325,0.115755,18.6535,18.4634,0.0900879,19.8301,838.368
17,"n23g0021.hpc.itc.rwth-aachen.de",17,"17",1,2,0000:9d:00.0,4,"OK",16777216,"bandwidth","D2H",50,1,1721.4,1729.49,1734.73,1742.18,12.688,1760,1736.08,9.75894,8.87785,8.96866,9.00717,9.03445,0.0657942,9.07689,9.00045,0.0504015,9.67137,1726.54
17,"n23g0021.hpc.itc.rwth-aachen.de",17,"17",1,2,0000:9d:00.0,4,"OK",67108864,"bandwidth","H2D",50,1,3268.4,3297.38,3309.32,3314.99,17.602,3333.95,3305.55,14.624,18.7465,18.8538,18.886,18.9544,0.100645,19.1225,18.908,0.0839025,20.2787,3301.49
17,"n23g0021.hpc.itc.rwth-aachen.de",17,"17",1,2,0000:9d:00.0,4,"OK",67108864,"bandwidth","D2H",50,1,6159.92,6580.78,6938.5,6950.13,369.355,6972.86,6751.12,329.118,8.96332,8.99264,9.00771,9.50567,0.513036,10.1462,9.28107,0.478888,9.67195,6930.46
17,"n23g0021.hpc.itc.rwth-aachen.de",17,"17",1,2,0000:9d:00.0,4,"OK",268435456,"bandwidth","H2D",50,1,12179.5,12419.9,13299.7,13337.4,917.432,13383.3,12888.6,476.446,18.68,18.7443,18.7975,20.1289,1.3846,20.5262,19.4237,0.721782,20.1836,13291.8
17,"n23g0021.hpc.itc.rwth-aachen.de",17,"17",1,2,0000:9d:00.0,4,"OK",268435456,"bandwidth","D2H",50,1,23338.6,25694.9,26569.1,27758.3,2063.36,27820.8,26634.4,1156.62,8.98608,9.00633,9.40976,9.72956,0.723231,10.7119,9.40442,0.416811,10.1037,26560.8
17,"n23g0021.hpc.itc.rwth-aachen.de",17,"17",1,3,0000:ad:00.0,6,"OK",4096,"latency","H2D",50,1,14.445,15.4465,15.6655,15.9228,0.47625,18.444,15.6951,0.571165,0.206826,0.239575,0.24351,0.246962,0.00738662,0.264084,0.243354,0.00838031,0.261466,8.416
17,"n23g0021.hpc.itc.rwth-aachen.de",17,"17",1,3,0000:ad:00.0,6,"OK",4096,"latency","D2H",50,1,14.359,15.1435,15.3925,15.693,0.5495,17.398,15.5073,0.627053,0.219261,0.243083,0.247828,0.251903,0.00882058,0.265666,0.246381,0.00960983,0.266104,8.288
17,"n23g0021.hpc.itc.rwth-aachen.de",17,"17",1,3,0000:ad:00.0,6,"OK",16777216,"bandwidth","H2D",50,1,839.448,844.885,847.929,852.11,7.22525,857.084,848.268,4.53777,18.2304,18.3368,18.4272,18.4937,0.156811,18.6134,18.4204,0.0985145,19.7861,840.24
17,"n23g0021.hpc.itc.rwth-aachen.de",17,"17",1,3,0000:ad:00.0,6,"OK",16777216,"bandwidth","D2H",50,1,1719.96,1730.24,1733.29,1740.77,10.5382,1761.21,1736.05,9.53409,8.87174,8.97589,9.01463,9.03056,0.054669,9.0845,9.00061,0.049253,9.67938,1725.39
17,"n23g0021.hpc.itc.rwth-aachen.de",17,"17",1,3,0000:ad:00.0,6,"OK",67108864,"bandwidth","H2D",50,1,3296.16,3337.05,3341.07,3346.28,9.23275,3363.42,3341.5,10.1196,18.5823,18.6774,18.7066,18.7291,0.0516756,18.9615,18.7043,0.0568959,20.086,3333.3
17,"n23g0021.hpc.itc.rwth-aachen.de",17,"17",1,3,0000:ad:00.0,6,"OK",67108864,"bandwidth","D2H",50,1,6366.13,6938.71,6946.04,6954.07,15.362,6968.76,6935.19,82.0806,8.96859,8.98754,8.99794,9.00744,0.019898,9.81758,9.01339,0.11582,9.66146,6938.22
17,"n23g0021.hpc.itc.rwth-aachen.de",17,"17",1,3,0000:ad:00.0,6,"OK",268435456,"bandwidth","H2D",50,1,12219.6,12467.2,13436.3,13471.9,1004.73,13520.7,12980.8,516.471,18.4902,18.5571,18.6063,20.0526,1.49552,20.459,19.2899,0.771345,19.9784,13428.7
17,"n23g0021.hpc.itc.rwth-aachen.de",17,"17",1,3,0000:ad:00.0,6,"OK",268435456,"bandwidth","D2H",50,1,24861.6,25561.5,25792.7,27748.1,2186.59,27794,26524.4,1155.68,8.99474,9.00962,9.69267,9.78033,0.770706,10.0557,9.44317,0.410952,10.4074,25785
18,"n23g0021.hpc.itc.rwth-aachen.de",18,"18",1,0,0000:1b:00.0,0,"OK",4096,"latency","H2D",50,1,12.046,12.3555,12.7945,13.2815,0.926,41.786,13.9401,4.99331,0.0912913,0.287219,0.298151,0.308745,0.0215262,0.316678,0.288348,0.0426673,0.320138,6.752
18,"n23g0021.hpc.itc.rwth-aachen.de",18,"18",1,0,0000:1b:00.0,0,"OK",4096,"latency","D2H",50,1,11.455,11.8923,12.166,12.4362,0.544,13.104,12.168,0.41674,0.291109,0.30674,0.313554,0.320772,0.0140316,0.333016,0.31387,0.0107331,0.336676,6.064
18,"n23g0021.hpc.itc.rwth-aachen.de",18,"18",1,0,0000:1b:00.0,0,"OK",16777216,"bandwidth","H2D",50,1,557.61,635.876,679.257,721.473,85.5973,864.251,685.501,76.9746,18.0792,21.6571,23.0031,24.5724,2.91534,28.0214,23.0709,2.4875,24.6994,672.96
18,"n23g0021.hpc.itc.rwth-aachen.de",18,"18",1,0,0000:1b:00.0,0,"OK",16777216,"bandwidth","D2H",50,1,593.154,690.872,742.214,802.08,111.208,966.497,751.176,97.4009,16.1666,19.4806,21.0519,22.6164,3.13575,26.3422,21.1417,2.65059,22.6043,735.792
18,"n23g0021.hpc.itc.rwth-aachen.de",18,"18",1,0,0000:1b:00.0,0,"OK",67108864,"bandwidth","H2D",50,1,1856.36,1958.48,1960.88,1962.76,4.2795,1966.42,1950.21,30.9284,31.7836,31.8429,31.8735,31.9125,0.0695804,33.668,32.0561,0.529256,34.2239,1954.7
18,"n23g0021.hpc.itc.rwth-aachen.de",18,"18",1,0,0000:1b:00.0,0,"OK",67108864,"bandwidth","D2H",50,1,1921.02,2047.15,2052.68,2055.97,8.8175,2060.5,2037.67,41.0403,30.3324,30.3993,30.448,30.5302,0.130936,32.5349,30.6853,0.647998,32.6933,2046.53
18,"n23g0021.hpc.itc.rwth-aachen.de",18,"18",1,0,0000:1b:00.0,0,"OK",268435456,"bandwidth","H2D",50,1,7597.33,7732.55,7826.01,7839.25,106.694,7844.26,7779.88,74.6957,31.8704,31.8908,31.9448,32.3309,0.440032,32.9063,32.1372,0.311295,34.3004,7819.9
18,"n23g0021.hpc.itc.rwth-aachen.de",18,"18",1,0,0000:1b:00.0,0,"OK",268435456,"bandwidth","D2H",50,1,7960.73,8152.29,8238.76,8245.25,92.9575,8255.83,8191.26,84.9972,30.2816,30.3205,30.3444,30.6662,0.345744,31.4041,30.5237,0.321258,32.582,8232.7
18,"n23g0021.hpc.itc.rwth-aachen.de",18,"18",1,1,0000:2c:00.0,2,"OK",4096,"latency","H2D",50,1,10.911,11.2235,11.484,11.6167,0.39325,14.376,11.4785,0.479823,0.265352,0.328379,0.332175,0.339885,0.0115058,0.349619,0.332832,0.0120035,0.35667,5.648
18,"n23g0021.hpc.itc.rwth-aachen.de",18,"18",1,1,0000:2c:00.0,2,"OK",4096,"latency","D2H",50,1,10.811,11.0895,11.2695,11.4183,0.32875,13.837,11.3017,0.425328,0.275688,0.334088,0.338497,0.343992,0.0099035,0.352853,0.337952,0.0111449,0.363459,5.536
18,"n23g0021.hpc.itc.rwth-aachen.de",18,"18",1,1,0000:2c:00.0,2,"OK",16777216,"bandwidth","H2D",50,1,647.236,684.153,685.115,686.083,1.9305,688.925,679.968,12.6142,22.6803,22.7742,22.8064,22.8385,0.0642628,24.1411,22.9872,0.44099,24.4882,679.008
18,"n23g0021.hpc.itc.rwth-aachen.de",18,"18",1,1,0000:2c:00.0,2,"OK",16777216,"bandwidth","D2H",50,1,607.19,640.561,642.285,646.205,5.64375,651.581,639.969,11.203,23.9801,24.1796,24.3272,24.3927,0.213039,25.7333,24.423,0.442284,26.1211,635.952
18,"n23g0021.hpc.itc.rwth-aachen.de",18,"18",1,1,0000:2c:00.0,2,"OK",67108864,"bandwidth","H2D",50,1,2574.42,2698.15,2700.8,2702.75,4.59325,2709.22,2687.49,32.0655,23.0694,23.1246,23.1413,23.164,0.0393666,24.2773,23.2593,0.284515,24.8478,2694.3
18,"n23g0021.hpc.itc.rwth-aachen.de",18,"18",1,1,0000:2c:00.0,2,"OK",67108864,"bandwidth","D2H",50,1,2433.93,2553.2,2561.59,2565.12,11.9235,2570.99,2545.14,37.3169,24.3097,24.3653,24.3989,24.4791,0.113788,25.6786,24.562,0.370384,26.1981,2555.26
18,"n23g0021.hpc.itc.rwth-aachen.de",18,"18",1,1,0000:2c:00.0,2,"OK",268435456,"bandwidth","H2D",50,1,10615.9,10693.6,10804.6,10810.1,116.537,10824,10756.4,72.5176,23.0968,23.1265,23.1383,23.3785,0.252033,23.5496,23.2431,0.157539,24.8446,10798.1
18,"n23g0021.hpc.itc.rwth-aachen.de",18,"18",1,1,0000:2c:00.0,2,"OK",268435456,"bandwidth","D2H",50,1,10069.8,10115.7,10261.1,10273.2,157.535,10289.1,10214.8,78.3147,24.2975,24.3351,24.364,24.7141,0.378983,24.8266,24.4756,0.188779,26.1606,10254.7
18,"n23g0021.hpc.itc.rwth-aachen.de",18,"18",1,2,0000:9d:00.0,4,"OK",4096,"latency","H2D",50,1,15.509,15.7725,15.999,16.2852,0.51275,19.553,16.1586,0.701619,0.195095,0.234243,0.238434,0.241858,0.00761417,0.245967,0.236473,0.00912989,0.256016,8.592
18,"n23g0021.hpc.itc.rwth-aachen.de",18,"18",1,2,0000:9d:00.0,4,"OK",4096,"latency","D2H",50,1,13.973,14.9113,15.2065,15.5505,0.63925,16.759,15.2401,0.564133,0.227621,0.24531,0.25086,0.255827,0.0105165,0.273005,0.250646,0.00916789,0.269359,7.92
18,"n23g0021.hpc.itc.rwth-aachen.de",18,"18",1,2,0000:9d:00.0,4,"OK",16777216,"bandwidth","H2D",50,1,831.527,839.29,841.703,844.145,4.8555,853.798,841.959,4.05809,18.3006,18.5098,18.5636,18.6169,0.107084,18.7907,18.5583,0.0892641,19.9325,833.712
18,"n23g0021.hpc.itc.rwth-aachen.de",18,"18",1,2,0000:9d:00.0,4,"OK",16777216,"bandwidth","D2H",50,1,1714.34,1729.17,1734.25,1741.46,12.2897,1760.14,1735.67,9.64236,8.87713,8.97236,9.00966,9.03613,0.0637693,9.11431,9.00258,0.0499047,9.67405,1725.46
18,"n23g0021.hpc.itc.rwth-aachen.de",18,"18",1,2,0000:9d:00.0,4,"OK",67108864,"bandwidth","H2D",50,1,3286.55,3306.96,3313.52,3319.21,12.2495,3332.57,3312.27,10.129,18.7543,18.8298,18.8621,18.8996,0.0697486,19.0169,18.8694,0.057811,20.253,3305.76
18,"n23g0021.hpc.itc.rwth-aachen.de",18,"18",1,2,0000:9d:00.0,4,"OK",67108864,"bandwidth","D2H",50,1,6199.2,6936.91,6949.22,6956.93,20.0212,6970.6,6924.08,123.209,8.96623,8.98385,8.99381,9.00978,0.0259291,10.0819,9.02961,0.176527,9.65703,6941.31
18,"n23g0021.hpc.itc.rwth-aachen.de",18,"18",1,2,0000:9d:00.0,4,"OK",268435456,"bandwidth","H2D",50,1,12115.8,12438.7,13197.1,13311.2,872.541,13344.5,12871.1,461.543,18.7344,18.7812,18.9441,20.0986,1.31745,20.6342,19.4485,0.701515,20.3411,13189.1
18,"n23g0021.hpc.itc.rwth-aachen.de",18,"18",1,2,0000:9d:00.0,4,"OK",268435456,"bandwidth","D2H",50,1,22766.8,25533.8,25884.8,27750,2216.18,27814,26433.4,1252.46,8.98829,9.009,9.65818,9.79093,0.781925,10.9809,9.47945,0.459407,10.3704,25877.1
18,"n23g0021.hpc.itc.rwth-aachen.de",18,"18",1,3,0000:ad:00.0,6,"OK",4096,"latency","H2D",50,1,15.317,16.0425,16.214,16.5258,0.48325,23.89,16.6757,1.75675,0.159678,0.230834,0.235272,0.237787,0.00695333,0.24905,0.230677,0.0183073,0.252621,8.672
18,"n23g0021.hpc.itc.rwth-aachen.de",18,"18",1,3,0000:ad:00.0,6,"OK",4096,"latency","D2H",50,1,14.126,15.0903,15.416,15.752,0.66175,16.896,15.3784,0.561341,0.225775,0.242172,0.247451,0.252796,0.0106236,0.270048,0.24839,0.00916534,0.265698,8.128
18,"n23g0021.hpc.itc.rwth-aachen.de",18,"18",1,3,0000:ad:00.0,6,"OK",16777216,"bandwidth","H2D",50,1,833.127,844.05,848.099,852.086,8.03575,855.68,847.61,4.86136,18.2603,18.3374,18.4236,18.5119,0.174579,18.7546,18.4348,0.106049,19.7821,839.824
18,"n23g0021.hpc.itc.rwth-aachen.de",18,"18",1,3,0000:ad:00.0,6,"OK",16777216,"bandwidth","D2H",50,1,1719.87,1728.8,1734.13,1738.73,9.93825,1758.12,1735.27,9.62936,8.88734,8.98642,9.01029,9.03808,0.0516598,9.08502,9.00462,0.0497599,9.67472,1726.19
18,"n23g0021.hpc.itc.rwth-aachen.de",18,"18",1,3,0000:ad:00.0,6,"OK",67108864,"bandwidth","H2D",50,1,3321.66,3337.7,3343.72,3351.49,13.7827,3371.17,3344.45,10.5172,18.5395,18.6484,18.6917,18.7255,0.0770062,18.8159,18.6879,0.0587361,20.0701,3335.65
18,"n23g0021.hpc.itc.rwth-aachen.de",18,"18",1,3,0000:ad:00.0,6,"OK",67108864,"bandwidth","D2H",50,1,6188.41,6933.79,6942.81,6951.44,17.6495,6970.32,6916.66,131.919,8.96659,8.99094,9.00211,9.01383,0.0228859,10.0995,9.03977,0.189763,9.66595,6935.12
18,"n23g0021.hpc.itc.rwth-aachen.de",18,"18",1,3,0000:ad:00.0,6,"OK",268435456,"bandwidth","H2D",50,1,12183.3,12477.9,13439,13472.1,994.261,13529,12998.6,501.026,18.4788,18.5569,18.6026,20.0355,1.47865,20.5198,19.2617,0.74719,19.9744,13430.5
18,"n23g0021.hpc.itc.rwth-aachen.de",18,"18",1,3,0000:ad:00.0,6,"OK",268435456,"bandwidth","D2H",50,1,24823.4,25451.9,25784.2,27764.3,2312.4,27810.8,26532.7,1171.52,8.9893,9.00436,9.69586,9.82244,0.818078,10.0711,9.44072,0.416506,10.4109,25776.6
19,"n23g0021.hpc.itc.rwth-aachen.de",19,"19",1,0,0000:1b:00.0,0,"OK",4096,"latency","H2D",50,1,12.314,13.178,13.57,13.9195,0.7415,15.315,13.5628,0.611479,0.249082,0.274054,0.281119,0.289475,0.0154205,0.309785,0.281826,0.0125435,0.301849,7.36
19,"n23g0021.hpc.itc.rwth-aachen.de",19,"19",1,0,0000:1b:00.0,0,"OK",4096,"latency","D2H",50,1,11.739,12.404,12.954,13.2675,0.8635,31.062,13.2416,2.59802,0.122809,0.287522,0.294484,0.307543,0.0200215,0.324959,0.293239,0.0271833,0.3162,6.688
19,"n23g0021.hpc.itc.rwth-aachen.de",19,"19",1,0,0000:1b:00.0,0,"OK",16777216,"bandwidth","H2D",50,1,635.895,679.051,722.222,856.215,177.163,1067.69,765.42,111.827,14.6344,18.2489,21.6347,23.0101,4.76112,24.5717,20.8225,2.82372,23.23,715.728
19,"n23g0021.hpc.itc.rwth-aachen.de",19,"19",1,0,0000:1b:00.0,0,"OK",16777216,"bandwidth","D2H",50,1,693.797,750.181,816.877,976.934,226.752,1218.45,864.938,144.928,12.8237,15.994,19.1284,20.8283,4.83431,22.521,18.5436,2.89282,20.5389,810.688
19,"n23g0021.hpc.itc.rwth-aachen.de",19,"19",1,0,0000:1b:00.0,0,"OK",67108864,"bandwidth","H2D",50,1,1860.25,1961.25,1963.17,1964.85,3.60525,2295.58,1956.85,58.7942,27.2262,31.809,31.8363,31.8675,0.0584726,33.5977,31.9656,0.884808,34.1839,1957.09
19,"n23g0021.hpc.itc.rwth-aachen.de",19,"19",1,0,0000:1b:00.0,0,"OK",67108864,"bandwidth","D2H",50,1,1927.27,2047.51,2054.36,2057.2,9.68925,2062.06,2036.38,43.0458,30.3094,30.3811,30.4231,30.5249,0.14377,32.4293,30.706,0.678197,32.6665,2047.36
19,"n23g0021.hpc.itc.rwth-aachen.de",19,"19",1,0,0000:1b:00.0,0,"OK",268435456,"bandwidth","H2D",50,1,7579.39,7674.21,7825.1,7837.67,163.461,7854.17,7764.42,84.6553,31.8302,31.8972,31.9485,32.5766,0.679415,32.9842,32.202,0.352832,34.3044,7819.17
19,"n23g0021.hpc.itc.rwth-aachen.de",19,"19",1,0,0000:1b:00.0,0,"OK",268435456,"bandwidth","D2H",50,1,7914.49,8054.27,8225.73,8239.69,185.42,8248.4,8158.72,98.2627,30.3089,30.3409,30.3925,31.0394,0.698488,31.5876,30.6465,0.372072,32.6336,8219.74
19,"n23g0021.hpc.itc.rwth-aachen.de",19,"19",1,1,0000:2c:00.0,2,"OK",4096,"latency","H2D",50,1,11.601,11.7897,12.143,12.3105,0.52075,15.802,12.1853,0.614108,0.241406,0.309873,0.314148,0.323561,0.0136872,0.328825,0.313726,0.0133443,0.337314,6.176
19,"n23g0021.hpc.itc.rwth-aachen.de",19,"19",1,1,0000:2c:00.0,2,"OK",4096,"latency","D2H",50,1,11.282,11.6292,11.849,12.036,0.40675,13.307,11.8803,0.353029,0.286668,0.316941,0.321943,0.328026,0.0110852,0.338122,0.321366,0.00917901,0.345683,5.76
19,"n23g0021.hpc.itc.rwth-aachen.de",19,"19",1,1,0000:2c:00.0,2,"OK",16777216,"bandwidth","H2D",50,1,684.831,724.678,770.9,844.532,119.854,942.107,788.977,79.7064,16.5852,18.5065,20.2685,21.5613,3.05477,22.8158,20.0019,1.96673,21.7632,764.56
19,"n23g0021.hpc.itc.rwth-aachen.de",19,"19",1,1,0000:2c:00.0,2,"OK",16777216,"bandwidth","D2H",50,1,641.401,680.87,730.48,784.741,103.871,898.567,744.089,76.3387,17.3888,19.911,21.3903,22.9486,3.03752,24.3607,21.2165,2.13111,22.9676,724.384
19,"n23g0021.hpc.itc.rwth-aachen.de",19,"19",1,1,0000:2c:00.0,2,"OK",67108864,"bandwidth","H2D",50,1,2558.23,2699.82,2702.22,2703.48,3.656,2707.15,2690.79,38.3411,23.087,23.1184,23.1291,23.1497,0.0313061,24.4309,23.2323,0.346233,24.8347,2695.84
19,"n23g0021.hpc.itc.rwth-aachen.de",19,"19",1,1,0000:2c:00.0,2,"OK",67108864,"bandwidth","D2H",50,1,2425.34,2560.57,2562.68,2566.91,6.34025,2572.63,2552.56,37.3864,24.2942,24.3484,24.3885,24.4087,0.0602893,25.7696,24.4907,0.375347,26.187,2556.32
19,"n23g0021.hpc.itc.rwth-aachen.de",19,"19",1,1,0000:2c:00.0,2,"OK",268435456,"bandwidth","H2D",50,1,10577.7,10642.3,10751.7,10810.6,168.268,10824.3,10728.7,83.2957,23.0961,23.1256,23.2521,23.4912,0.365644,23.6347,23.3034,0.181251,24.9667,10745.4
19,"n23g0021.hpc.itc.rwth-aachen.de",19,"19",1,1,0000:2c:00.0,2,"OK",268435456,"bandwidth","D2H",50,1,10051.7,10105.4,10249.6,10270.3,164.869,10284.5,10199.6,82.2859,24.3085,24.3421,24.3912,24.7393,0.397143,24.8713,24.5124,0.198544,26.1899,10243.2
19,"n23g0021.hpc.itc.rwth-aachen.de",19,"19",1,2,0000:9d:00.0,4,"OK",4096,"latency","H2D",50,1,15.114,15.5065,15.7755,16.0873,0.58075,18.749,15.8567,0.568792,0.203461,0.237126,0.241812,0.246006,0.00888089,0.252395,0.24086,0.00801383,0.259644,8.512
19,"n23g0021.hpc.itc.rwth-aachen.de",19,"19",1,2,0000:9d:00.0,4,"OK",4096,"latency","D2H",50,1,14.526,15.2497,15.429,15.6875,0.43775,16.61,15.4331,0.404461,0.229663,0.243168,0.247242,0.250148,0.00697991,0.262612,0.247345,0.00642685,0.265474,8
19,"n23g0021.hpc.itc.rwth-aachen.de",19,"19",1,2,0000:9d:00.0,4,"OK",16777216,"bandwidth","H2D",50,1,825.865,837.594,839.62,841.997,4.40275,848.005,839.517,4.09333,18.4256,18.5571,18.6096,18.6546,0.0975433,18.9196,18.6123,0.0910809,19.9819,831.872
19,"n23g0021.hpc.itc.rwth-aachen.de",19,"19",1,2,0000:9d:00.0,4,"OK",16777216,"bandwidth","D2H",50,1,1719.96,1729.21,1732.51,1737.36,8.14825,1758.53,1735.17,8.80941,8.88527,8.99354,9.01869,9.03592,0.0423786,9.08451,9.00514,0.0455212,9.68375,1724.85
19,"n23g0021.hpc.itc.rwth-aachen.de",19,"19",1,2,0000:9d:00.0,4,"OK",67108864,"bandwidth","H2D",50,1,3270.68,3306.32,3314.79,3319.67,13.3512,3335.35,3313.98,11.7627,18.7387,18.8272,18.8549,18.9032,0.0760255,19.1092,18.8597,0.0671345,20.2453,3306.88
19,"n23g0021.hpc.itc.rwth-aachen.de",19,"19",1,2,0000:9d:00.0,4,"OK",67108864,"bandwidth","D2H",50,1,6447.41,6942.25,6949.83,6955.18,12.9252,6973.61,6939.38,70.9903,8.96236,8.98611,8.99302,9.00284,0.0167304,9.69382,9.00758,0.0988856,9.65619,6941.63
19,"n23g0021.hpc.itc.rwth-aachen.de",19,"19",1,2,0000:9d:00.0,4,"OK",268435456,"bandwidth","H2D",50,1,12221.3,12390.3,13301.3,13347.6,957.295,13399.2,12881.6,490.053,18.6578,18.73,18.7951,20.1771,1.44712,20.456,19.4358,0.743241,20.1811,13293.2
19,"n23g0021.hpc.itc.rwth-aachen.de",19,"19",1,2,0000:9d:00.0,4,"OK",268435456,"bandwidth","D2H",50,1,24845.7,25589.5,26684.3,27760.9,2171.38,27831.8,26646.1,1114.05,8.98252,9.00548,9.36894,9.76967,0.764187,10.0621,9.39872,0.394691,10.0598,26675.9
19,"n23g0021.hpc.itc.rwth-aachen.de",19,"19",1,3,0000:ad:00.0,6,"OK",4096,"latency","H2D",50,1,15.379,15.7045,15.9045,16.2338,0.52925,18.7,16.0087,0.512224,0.203995,0.234986,0.23985,0.242905,0.00791891,0.248046,0.238514,0.00704322,0.257537,8.64
19,"n23g0021.hpc.itc.rwth-aachen.de",19,"19",1,3,0000:ad:00.0,6,"OK",4096,"latency","D2H",50,1,14.66,15.6342,15.8955,16.1292,0.495,32.783,16.3273,2.48048,0.116362,0.236508,0.239986,0.243996,0.00748845,0.260211,0.236625,0.0201954,0.257683,8.544
19,"n23g0021.hpc.itc.rwth-aachen.de",19,"19",1,3,0000:ad:00.0,6,"OK",16777216,"bandwidth","H2D",50,1,834.828,843.448,845.288,848.076,4.62775,859.46,846.076,4.61459,18.18,18.4241,18.4848,18.5252,0.101088,18.7164,18.4682,0.100517,19.8479,837.984
19,"n23g0021.hpc.itc.rwth-aachen.de",19,"19",1,3,0000:ad:00.0,6,"OK",16777216,"bandwidth","D2H",50,1,1722.46,1732.76,1736.04,1742.96,10.2038,1768.69,1738.63,10.1753,8.83422,8.96462,9.00035,9.01741,0.05279,9.07133,8.98726,0.0523516,9.66405,1728.27
19,"n23g0021.hpc.itc.rwth-aachen.de",19,"19",1,3,0000:ad:00.0,6,"OK",67108864,"bandwidth","H2D",50,1,3315.22,3341.28,3346.29,3354.58,13.296,3376.45,3347.68,11.6083,18.5106,18.6312,18.6774,18.7054,0.074139,18.8524,18.6699,0.0647249,20.0547,3338.61
19,"n23g0021.hpc.itc.rwth-aachen.de",19,"19",1,3,0000:ad:00.0,6,"OK",67108864,"bandwidth","D2H",50,1,6657.1,6939.43,6948.23,6958.31,18.8828,6971.21,6941.91,42.5095,8.96544,8.98206,8.9951,9.0065,0.0244407,9.38848,9.00364,0.0572421,9.65841,6939.42
19,"n23g0021.hpc.itc.rwth-aachen.de",19,"19",1,3,0000:ad:00.0,6,"OK",268435456,"bandwidth","H2D",50,1,12164.3,12521.3,13345.3,13468.9,947.556,13533.2,12996.3,492.416,18.4731,18.5613,18.7336,19.9659,1.40463,20.552,19.2641,0.734614,20.1151,13337.6
19,"n23g0021.hpc.itc.rwth-aachen.de",19,"19",1,3,0000:ad:00.0,6,"OK",268435456,"bandwidth","D2H",50,1,22909.2,25500.6,25822.8,27782.2,2281.55,27836,26358.3,1413.64,8.98118,8.99858,9.68137,9.80369,0.805109,10.9126,9.51299,0.528859,10.3953,25815.2
20,"n23g0021.hpc.itc.rwth-aachen.de",20,"20",1,0,0000:1b:00.0,0,"OK",4096,"latency","H2D",50,1,12.439,13.304,13.7635,14.0423,0.73825,15.696,13.7126,0.616709,0.243036,0.271659,0.277163,0.286734,0.0150751,0.306672,0.278743,0.012335,0.297601,7.488
20,"n23g0021.hpc.itc.rwth-aachen.de",20,"20",1,0,0000:1b:00.0,0,"OK",4096,"latency","D2H",50,1,11.779,12.5673,12.96,13.165,0.59775,18.26,13.0134,0.917958,0.20891,0.289761,0.294344,0.303543,0.0137821,0.323856,0.294328,0.0171373,0.316049,6.656
20,"n23g0021.hpc.itc.rwth-aachen.de",20,"20",1,0,0000:1b:00.0,0,"OK",16777216,"bandwidth","H2D",50,1,596.205,679.802,721.336,844.653,164.851,953.83,754.72,105.175,16.3813,18.511,21.6612,22.9846,4.47365,26.2074,21.0873,2.77945,23.2585,714.544
20,"n23g0021.hpc.itc.rwth-aachen.de",20,"20",1,0,0000:1b:00.0,0,"OK",16777216,"bandwidth","D2H",50,1,670.996,745.177,807.712,965.122,219.945,1087.72,843.588,125.841,14.3648,16.1897,19.3448,20.9682,4.77852,23.2863,18.9189,2.68209,20.7713,801.12
20,"n23g0021.hpc.itc.rwth-aachen.de",20,"20",1,0,0000:1b:00.0,0,"OK",67108864,"bandwidth","H2D",50,1,1856.25,1957.57,1960.43,1962.87,5.29975,1968.29,1943.75,38.3272,31.7534,31.8412,31.8808,31.9274,0.0862043,33.6701,32.1673,0.655674,34.2318,1954.16
20,"n23g0021.hpc.itc.rwth-aachen.de",20,"20",1,0,0000:1b:00.0,0,"OK",67108864,"bandwidth","D2H",50,1,1920.3,2047.77,2053.2,2056.07,8.304,2059.97,2029.17,50.1488,30.3403,30.3977,30.4403,30.521,0.123267,32.547,30.8203,0.790861,32.685,2047.09
20,"n23g0021.hpc.itc.rwth-aachen.de",20,"20",1,0,0000:1b:00.0,0,"OK",268435456,"bandwidth","H2D",50,1,7565.6,7675.69,7799.24,7835.58,159.893,7848.82,7761.38,81.1236,31.8519,31.9057,32.0545,32.5704,0.664629,33.0443,32.2143,0.338283,34.4182,7793.04
20,"n23g0021.hpc.itc.rwth-aachen.de",20,"20",1,0,0000:1b:00.0,0,"OK",268435456,"bandwidth","D2H",50,1,8003.32,8048.29,8221.16,8242.46,194.173,8264.47,8159.5,91.943,30.25,30.3307,30.4093,31.0625,0.731759,31.2371,30.643,0.347022,32.6518,8215.09
20,"n23g0021.hpc.itc.rwth-aachen.de",20,"20",1,1,0000:2c:00.0,2,"OK",4096,"latency","H2D",50,1,11.066,11.2923,11.5805,11.7092,0.417,16.694,11.7627,0.974156,0.228507,0.325785,0.329407,0.337816,0.0120307,0.344722,0.32606,0.0213425,0.353698,5.728
20,"n23g0021.hpc.itc.rwth-aachen.de",20,"20",1,1,0000:2c:00.0,2,"OK",4096,"latency","D2H",50,1,10.92,11.1648,11.3655,11.5362,0.3715,12.027,11.357,0.25133,0.317178,0.330671,0.335638,0.341673,0.0110027,0.349331,0.336052,0.00738906,0.360389,5.616
20,"n23g0021.hpc.itc.rwth-aachen.de",20,"20",1,1,0000:2c:00.0,2,"OK",16777216,"bandwidth","H2D",50,1,649.284,673.923,684.855,686.179,12.256,689.574,677.582,14.2534,22.6589,22.771,22.815,23.1862,0.415152,24.065,23.0704,0.497995,24.4975,678.784
20,"n23g0021.hpc.itc.rwth-aachen.de",20,"20",1,1,0000:2c:00.0,2,"OK",16777216,"bandwidth","D2H",50,1,607.283,638.615,641.68,643.602,4.987,651.837,636.344,13.4471,23.9707,24.2774,24.3501,24.467,0.189587,25.7294,24.5656,0.532992,26.1458,635.616
20,"n23g0021.hpc.itc.rwth-aachen.de",20,"20",1,1,0000:2c:00.0,2,"OK",67108864,"bandwidth","H2D",50,1,2561.59,2698.8,2702.02,2703.85,5.04925,2707.78,2684.36,40.2175,23.0816,23.1152,23.1309,23.1584,0.0432478,24.3989,23.2884,0.360556,24.8366,2695.47
20,"n23g0021.hpc.itc.rwth-aachen.de",20,"20",1,1,0000:2c:00.0,2,"OK",67108864,"bandwidth","D2H",50,1,2426.19,2525.44,2557.76,2562.38,36.9302,2568.39,2536.11,42.8751,24.3343,24.3914,24.4354,24.7482,0.35676,25.7605,24.6513,0.427817,26.2373,2551.3
20,"n23g0021.hpc.itc.rwth-aachen.de",20,"20",1,1,0000:2c:00.0,2,"OK",268435456,"bandwidth","H2D",50,1,10542.5,10642.5,10733.1,10809.2,166.738,10823.4,10726.7,82.6565,23.0981,23.1284,23.2924,23.4908,0.362357,23.7136,23.3077,0.17993,25.01,10726.6
20,"n23g0021.hpc.itc.rwth-aachen.de",20,"20",1,1,0000:2c:00.0,2,"OK",268435456,"bandwidth","D2H",50,1,10049.4,10114.8,10195.2,10263.1,148.301,10277.5,10186.3,76.8701,24.325,24.3591,24.5212,24.7162,0.357147,24.8772,24.5441,0.185532,26.3295,10188.8
20,"n23g0021.hpc.itc.rwth-aachen.de",20,"20",1,2,0000:9d:00.0,4,"OK",4096,"latency","H2D",50,1,14.967,15.5745,15.9145,16.1812,0.60675,18.516,15.942,0.522606,0.206022,0.235748,0.2397,0.244932,0.00918387,0.254874,0.239526,0.00736875,0.257375,8.608
20,"n23g0021.hpc.itc.rwth-aachen.de",20,"20",1,2,0000:9d:00.0,4,"OK",4096,"latency","D2H",50,1,14.865,15.5505,15.7475,15.9565,0.406,33.901,16.3602,2.85513,0.112525,0.239069,0.242241,0.24531,0.00624188,0.256623,0.237101,0.0230105,0.260105,8.24
20,"n23g0021.hpc.itc.rwth-aachen.de",20,"20",1,2,0000:9d:00.0,4,"OK",16777216,"bandwidth","H2D",50,1,835.342,838.624,840.939,845.316,6.6915,852.971,841.972,4.37336,18.3183,18.4842,18.5804,18.6317,0.147489,18.7049,18.5581,0.0961472,19.9506,833.328
20,"n23g0021.hpc.itc.rwth-aachen.de",20,"20",1,2,0000:9d:00.0,4,"OK",16777216,"bandwidth","D2H",50,1,1720.78,1729.97,1735.54,1740.39,10.4268,1757.49,1736.26,8.21758,8.89052,8.97786,9.00297,9.03197,0.0541109,9.0802,8.99945,0.0424816,9.66687,1727.28
20,"n23g0021.hpc.itc.rwth-aachen.de",20,"20",1,2,0000:9d:00.0,4,"OK",67108864,"bandwidth","H2D",50,1,3264.08,3278.95,3304.34,3317.75,38.8002,3331.99,3299.28,20.1104,18.7575,18.8381,18.9145,19.061,0.222913,19.1478,18.9442,0.115642,20.3093,3296.35
20,"n23g0021.hpc.itc.rwth-aachen.de",20,"20",1,2,0000:9d:00.0,4,"OK",67108864,"bandwidth","D2H",50,1,6172.97,6184.59,6938.68,6949.64,765.055,6970.83,6612.83,379.433,8.96594,8.99327,9.00748,10.1058,1.1125,10.1248,9.48298,0.551783,9.67171,6930.9
20,"n23g0021.hpc.itc.rwth-aachen.de",20,"20",1,2,0000:9d:00.0,4,"OK",268435456,"bandwidth","H2D",50,1,12163.4,12358,13317.3,13343.8,985.782,13382.1,12878.9,492.661,18.6817,18.7353,18.7726,20.2299,1.4946,20.5535,19.4403,0.748752,20.1569,13309.4
20,"n23g0021.hpc.itc.rwth-aachen.de",20,"20",1,2,0000:9d:00.0,4,"OK",268435456,"bandwidth","D2H",50,1,23170.2,25635.7,26283.8,27761.6,2125.88,27852.2,26617.2,1173.23,8.97595,9.00525,9.51277,9.75202,0.746773,10.7897,9.41111,0.424155,10.2143,26275.6
20,"n23g0021.hpc.itc.rwth-aachen.de",20,"20",1,3,0000:ad:00.0,6,"OK",4096,"latency","H2D",50,1,14.795,15.4943,15.7625,16.0938,0.5995,24.427,16.0947,1.64587,0.156167,0.23703,0.242011,0.246201,0.00917111,0.257837,0.238794,0.0175271,0.259857,8.416
20,"n23g0021.hpc.itc.rwth-aachen.de",20,"20",1,3,0000:ad:00.0,6,"OK",4096,"latency","D2H",50,1,14.15,15.0245,15.2495,15.5427,0.51825,16.723,15.2556,0.518089,0.228111,0.245433,0.250152,0.253898,0.00846578,0.26959,0.25034,0.00849535,0.268599,8.096
20,"n23g0021.hpc.itc.rwth-aachen.de",20,"20",1,3,0000:ad:00.0,6,"OK",16777216,"bandwidth","H2D",50,1,836.056,842.436,845.79,848.234,5.798,856.657,845.723,4.44168,18.2395,18.4206,18.4739,18.5474,0.126785,18.6889,18.4758,0.0969412,19.8361,838.288
20,"n23g0021.hpc.itc.rwth-aachen.de",20,"20",1,3,0000:ad:00.0,6,"OK",16777216,"bandwidth","D2H",50,1,1719.99,1730.24,1735.16,1742.47,12.2305,1755.15,1736.54,8.27957,8.90236,8.96713,9.00492,9.03052,0.0633856,9.08433,8.99799,0.0428212,9.66896,1727.57
20,"n23g0021.hpc.itc.rwth-aachen.de",20,"20",1,3,0000:ad:00.0,6,"OK",67108864,"bandwidth","H2D",50,1,3318.45,3335.98,3344.18,3351.52,15.538,3366.59,3343.66,10.3811,18.5648,18.6483,18.6892,18.7351,0.0868578,18.8341,18.6923,0.058064,20.0673,3336.43
20,"n23g0021.hpc.itc.rwth-aachen.de",20,"20",1,3,0000:ad:00.0,6,"OK",67108864,"bandwidth","D2H",50,1,6178.2,6935.72,6946.72,6951.83,16.111,6974.59,6918.08,135.236,8.9611,8.99044,8.99705,9.01133,0.0208839,10.1162,9.03811,0.19488,9.66051,6939.01
20,"n23g0021.hpc.itc.rwth-aachen.de",20,"20",1,3,0000:ad:00.0,6,"OK",268435456,"bandwidth","H2D",50,1,12280,12528.2,13428.7,13473.1,944.957,13526.6,13018.4,478.271,18.4822,18.5554,18.6169,19.955,1.39959,20.3583,19.2297,0.71026,19.9898,13420.8
20,"n23g0021.hpc.itc.rwth-aachen.de",20,"20",1,3,0000:ad:00.0,6,"OK",268435456,"bandwidth","D2H",50,1,25249.8,25575.5,27730.5,27773.6,2198.08,27816.1,26712,1103.58,8.98761,9.00135,9.01533,9.77497,0.773619,9.90109,9.37516,0.389106,9.68014,27722.8
21,"n23g0021.hpc.itc.rwth-aachen.de",21,"21",1,0,0000:1b:00.0,0,"OK",4096,"latency","H2D",50,1,12.808,13.2408,13.8505,14.039,0.79825,17.484,13.7835,0.755368,0.218182,0.271721,0.27542,0.288105,0.0163835,0.297837,0.277509,0.0137873,0.29573,7.568
21,"n23g0021.hpc.itc.rwth-aachen.de",21,"21",1,0,0000:1b:00.0,0,"OK",4096,"latency","D2H",50,1,11.986,12.4875,12.879,13.129,0.6415,14.049,12.911,0.485603,0.271528,0.290555,0.296196,0.305483,0.0149283,0.318263,0.295874,0.0109715,0.318038,6.56
21,"n23g0021.hpc.itc.rwth-aachen.de",21,"21",1,0,0000:1b:00.0,0,"OK",16777216,"bandwidth","H2D",50,1,595.935,680.776,722.411,854.757,173.981,1025.03,760.934,109.647,15.2435,18.28,21.6289,22.9517,4.6717,26.2193,20.9404,2.84592,23.2239,715.952
21,"n23g0021.hpc.itc.rwth-aachen.de",21,"21",1,0,0000:1b:00.0,0,"OK",16777216,"bandwidth","D2H",50,1,690.201,745.397,806.434,961.862,216.466,1088.9,844.086,127.382,14.3493,16.2446,19.3754,20.962,4.71736,22.6383,18.915,2.69797,20.8042,800.144
21,"n23g0021.hpc.itc.rwth-aachen.de",21,"21",1,0,0000:1b:00.0,0,"OK",67108864,"bandwidth","H2D",50,1,1857.82,1958.18,1960.86,1963.38,5.192,1967.79,1943.2,38.6713,31.7616,31.8329,31.8738,31.9173,0.0844024,33.6416,32.1766,0.661656,34.2242,1954.82
21,"n23g0021.hpc.itc.rwth-aachen.de",21,"21",1,0,0000:1b:00.0,0,"OK",67108864,"bandwidth","D2H",50,1,1920.86,2048.22,2055.73,2058.21,9.99775,2063.33,2030.2,50.775,30.2908,30.3661,30.4028,30.5144,0.148223,32.5376,30.8051,0.800226,32.6447,2049.57
21,"n23g0021.hpc.itc.rwth-aachen.de",21,"21",1,0,0000:1b:00.0,0,"OK",268435456,"bandwidth","H2D",50,1,7646.99,7681.61,7754.43,7825.1,143.482,7841.9,7751.45,68.9263,31.88,31.9485,32.2396,32.5452,0.596754,32.6926,32.2546,0.287122,34.617,7748.37
21,"n23g0021.hpc.itc.rwth-aachen.de",21,"21",1,0,0000:1b:00.0,0,"OK",268435456,"bandwidth","D2H",50,1,8007.5,8040.44,8107.07,8222.84,182.407,8256.92,8123.63,85.1824,30.2776,30.4032,30.8373,31.0928,0.689603,31.2207,30.7778,0.321962,33.1113,8101.1
21,"n23g0021.hpc.itc.rwth-aachen.de",21,"21",1,1,0000:2c:00.0,2,"OK",4096,"latency","H2D",50,1,12.95,13.522,13.8535,14.0473,0.52525,23.689,14.0148,1.51277,0.161032,0.271562,0.27536,0.28211,0.0105484,0.294571,0.274267,0.0195923,0.295665,7.408
21,"n23g0021.hpc.itc.rwth-aachen.de",21,"21",1,1,0000:2c:00.0,2,"OK",4096,"latency","D2H",50,1,12.198,12.8235,13.2595,13.5212,0.69775,19.305,13.3071,0.960987,0.197602,0.282126,0.287696,0.297477,0.015351,0.312731,0.287809,0.0160562,0.308911,6.784
21,"n23g0021.hpc.itc.rwth-aachen.de",21,"21",1,1,0000:2c:00.0,2,"OK",16777216,"bandwidth","H2D",50,1,817.589,878.416,976.089,1093.61,215.198,1351.86,1019.22,157.699,11.5582,14.2875,16.0177,17.7877,3.5002,19.1111,15.6745,2.24787,17.1989,969.344
21,"n23g0021.hpc.itc.rwth-aachen.de",21,"21",1,1,0000:2c:00.0,2,"OK",16777216,"bandwidth","D2H",50,1,773.816,856.048,965.937,1050.2,194.156,1266.77,980.459,143.349,12.3345,14.8781,16.176,18.2525,3.37446,20.1921,16.2634,2.25878,17.3689,959.296
21,"n23g0021.hpc.itc.rwth-aachen.de",21,"21",1,1,0000:2c:00.0,2,"OK",67108864,"bandwidth","H2D",50,1,2560.65,2700.36,2703.01,2705.32,4.9605,3033.95,2717.57,75.347,20.6002,23.1026,23.1223,23.1451,0.042439,24.4079,23.0151,0.600704,24.8274,2696.69
21,"n23g0021.hpc.itc.rwth-aachen.de",21,"21",1,1,0000:2c:00.0,2,"OK",67108864,"bandwidth","D2H",50,1,2424.22,2563.46,2565.26,2567.45,3.98875,2899.62,2576.52,77.5886,21.5545,24.3432,24.364,24.3811,0.0378781,25.7814,24.278,0.682311,26.1606,2558.75
21,"n23g0021.hpc.itc.rwth-aachen.de",21,"21",1,1,0000:2c:00.0,2,"OK",268435456,"bandwidth","H2D",50,1,10614.9,10634.6,10646.1,10736.3,101.666,10813.6,10684.5,70.298,23.1191,23.2855,23.4828,23.5081,0.222603,23.5518,23.3995,0.152987,25.2144,10639.6
21,"n23g0021.hpc.itc.rwth-aachen.de",21,"21",1,1,0000:2c:00.0,2,"OK",268435456,"bandwidth","D2H",50,1,10042.2,10085.8,10148.9,10217.6,131.831,10284.8,10153.8,72.2965,24.3078,24.4676,24.6331,24.7874,0.319815,24.895,24.6225,0.175058,26.4496,10142.5
21,"n23g0021.hpc.itc.rwth-aachen.de",21,"21",1,2,0000:9d:00.0,4,"OK",4096,"latency","H2D",50,1,15.15,15.968,16.1545,16.3193,0.35125,22.654,16.3161,1.06449,0.16839,0.233754,0.236138,0.238896,0.00514192,0.251795,0.234581,0.012078,0.253552,8.72
21,"n23g0021.hpc.itc.rwth-aachen.de",21,"21",1,2,0000:9d:00.0,4,"OK",4096,"latency","D2H",50,1,14.614,15.1928,15.42,15.6702,0.4775,19.135,15.4964,0.654814,0.199357,0.243436,0.247386,0.251087,0.00765136,0.26103,0.246555,0.00925046,0.265629,8.032
21,"n23g0021.hpc.itc.rwth-aachen.de",21,"21",1,2,0000:9d:00.0,4,"OK",16777216,"bandwidth","H2D",50,1,832.932,837.673,840.39,843.27,5.59725,852.969,840.685,4.08946,18.3184,18.5291,18.5926,18.6529,0.123809,18.759,18.5865,0.0901666,19.9636,832.64
21,"n23g0021.hpc.itc.rwth-aachen.de",21,"21",1,2,0000:9d:00.0,4,"OK",16777216,"bandwidth","D2H",50,1,1724.01,1730.46,1733.28,1739.62,9.15925,1757.59,1735.92,8.16085,8.89002,8.98187,9.01472,9.02941,0.0475407,9.06315,9.00117,0.0421351,9.67948,1725.66
21,"n23g0021.hpc.itc.rwth-aachen.de",21,"21",1,2,0000:9d:00.0,4,"OK",67108864,"bandwidth","H2D",50,1,3259.72,3298.74,3308.8,3316.61,17.865,3333.16,3305.94,15.2261,18.751,18.8446,18.889,18.9466,0.102056,19.1734,18.9058,0.0874484,20.2819,3300.77
21,"n23g0021.hpc.itc.rwth-aachen.de",21,"21",1,2,0000:9d:00.0,4,"OK",67108864,"bandwidth","D2H",50,1,6161.54,6924.76,6937.93,6944.57,19.8152,6961.06,6789.34,302.806,8.97851,8.99984,9.00845,9.02559,0.0257532,10.1436,9.22528,0.440921,9.67275,6930.02
21,"n23g0021.hpc.itc.rwth-aachen.de",21,"21",1,2,0000:9d:00.0,4,"OK",268435456,"bandwidth","H2D",50,1,12001.3,12407.9,13290.5,13337.5,929.578,13382.6,12882.2,484.624,18.681,18.7442,18.8104,20.1485,1.40428,20.831,19.4345,0.738364,20.1975,13283.2
21,"n23g0021.hpc.itc.rwth-aachen.de",21,"21",1,2,0000:9d:00.0,4,"OK",268435456,"bandwidth","D2H",50,1,24893,25584.8,25958.2,27747.3,2162.53,27821.5,26586.4,1129.13,8.98587,9.00988,9.63104,9.77143,0.76155,10.043,9.42032,0.400442,10.3413,25950.5
21,"n23g0021.hpc.itc.rwth-aachen.de",21,"21",1,3,0000:ad:00.0,6,"OK",4096,"latency","H2D",50,1,14.664,15.2885,15.5315,15.8425,0.554,21.804,15.7501,1.02641,0.174954,0.240789,0.24561,0.249515,0.00872603,0.26014,0.243018,0.0126566,0.263722,8.448
21,"n23g0021.hpc.itc.rwth-aachen.de",21,"21",1,3,0000:ad:00.0,6,"OK",4096,"latency","D2H",50,1,14.711,15.1692,15.4625,15.6463,0.477,16.466,15.4623,0.394169,0.231671,0.243809,0.246707,0.251476,0.00766663,0.259309,0.246868,0.00621166,0.264899,8.096
21,"n23g0021.hpc.itc.rwth-aachen.de",21,"21",1,3,0000:ad:00.0,6,"OK",16777216,"bandwidth","H2D",50,1,834.219,842.46,845.765,849.135,6.6755,858.134,845.837,5.18535,18.2081,18.4011,18.4744,18.5469,0.145807,18.7301,18.4735,0.113181,19.8367,838.256
21,"n23g0021.hpc.itc.rwth-aachen.de",21,"21",1,3,0000:ad:00.0,6,"OK",16777216,"bandwidth","D2H",50,1,1721.47,1730.75,1734.57,1740.53,9.7815,1757.91,1736.67,8.59631,8.88841,8.97717,9.008,9.0279,0.0507353,9.07656,8.99733,0.0443581,9.67227,1726.82
21,"n23g0021.hpc.itc.rwth-aachen.de",21,"21",1,3,0000:ad:00.0,6,"OK",67108864,"bandwidth","H2D",50,1,3287.85,3302.11,3319.07,3339.37,37.2628,3358.06,3320.38,20.3427,18.6119,18.7161,18.8306,18.9273,0.211202,19.0094,18.8238,0.115253,20.2192,3311.34
21,"n23g0021.hpc.itc.rwth-aachen.de",21,"21",1,3,0000:ad:00.0,6,"OK",67108864,"bandwidth","D2H",50,1,6159.84,6179.34,6202.95,6937.84,758.51,6971.39,6546.86,381.37,8.96521,9.00856,10.0759,10.1144,1.1058,10.1464,9.57892,0.555403,10.8189,6195.14
21,"n23g0021.hpc.itc.rwth-aachen.de",21,"21",1,3,0000:ad:00.0,6,"OK",268435456,"bandwidth","H2D",50,1,12232.1,12517.7,13349.4,13468.8,951.147,13514.1,12992.8,498.918,18.4992,18.5614,18.7283,19.9718,1.41038,20.438,19.27,0.743932,20.1094,13342.7
21,"n23g0021.hpc.itc.rwth-aachen.de",21,"21",1,3,0000:ad:00.0,6,"OK",268435456,"bandwidth","D2H",50,1,24887.7,25533.3,26401.9,27761.2,2227.94,27909.3,26603.4,1130.83,8.95758,9.00537,9.47434,9.79115,0.785776,10.0451,9.41432,0.400861,10.173,26394.2
22,"n23g0021.hpc.itc.rwth-aachen.de",22,"22",1,0,0000:1b:00.0,0,"OK",4096,"latency","H2D",50,1,12.465,12.9015,13.4435,13.6737,0.77225,15.193,13.4029,0.654729,0.251083,0.27898,0.283758,0.295679,0.016699,0.306033,0.285273,0.0134472,0.304683,7.12
22,"n23g0021.hpc.itc.rwth-aachen.de",22,"22",1,0,0000:1b:00.0,0,"OK",4096,"latency","D2H",50,1,11.799,12.2103,12.4625,12.896,0.68575,28.019,12.9328,2.33799,0.136147,0.295806,0.306094,0.312422,0.0166162,0.323307,0.300028,0.028838,0.328666,6.24
22,"n23g0021.hpc.itc.rwth-aachen.de",22,"22",1,0,0000:1b:00.0,0,"OK",16777216,"bandwidth","H2D",50,1,594.674,637.661,700.543,781.363,143.702,954.836,715.989,90.5932,16.3641,19.9971,22.3177,24.5036,4.50653,26.2749,22.1593,2.67969,23.9635,694.24
22,"n23g0021.hpc.itc.rwth-aachen.de",22,"22",1,0,0000:1b:00.0,0,"OK",16777216,"bandwidth","D2H",50,1,632.602,699.51,772.395,884.838,185.328,1076.91,797.063,112.744,14.5092,17.6586,20.2329,22.3375,4.67888,24.6996,19.9869,2.74021,21.7249,765.872
22,"n23g0021.hpc.itc.rwth-aachen.de",22,"22",1,0,0000:1b:00.0,0,"OK",67108864,"bandwidth","H2D",50,1,1855.54,1958.06,1960.15,1962.59,4.5275,1968.03,1943.45,38.7631,31.7576,31.8457,31.8853,31.9193,0.0736348,33.6829,32.1725,0.663591,34.2366,1954.11
22,"n23g0021.hpc.itc.rwth-aachen.de",22,"22",1,0,0000:1b:00.0,0,"OK",67108864,"bandwidth","D2H",50,1,1920.88,2046.48,2052.31,2055.42,8.945,2061.8,2032.37,46.0003,30.3133,30.4074,30.4535,30.5403,0.13291,32.5371,30.7687,0.726008,32.6992,2046.13
22,"n23g0021.hpc.itc.rwth-aachen.de",22,"22",1,0,0000:1b:00.0,0,"OK",268435456,"bandwidth","H2D",50,1,7587,7660.14,7754.22,7829.69,169.543,7848.65,7741.34,85.6904,31.8526,31.9298,32.2405,32.6365,0.706706,32.9511,32.2981,0.358422,34.618,7747.94
22,"n23g0021.hpc.itc.rwth-aachen.de",22,"22",1,0,0000:1b:00.0,0,"OK",268435456,"bandwidth","D2H",50,1,7962.35,8032.11,8079.26,8225.59,193.483,8244.62,8113.43,90.0853,30.3228,30.393,30.9434,31.1251,0.732126,31.3978,30.8169,0.34122,33.2253,8073.22
22,"n23g0021.hpc.itc.rwth-aachen.de",22,"22",1,1,0000:2c:00.0,2,"OK",4096,"latency","H2D",50,1,12.639,13.199,13.8155,14.0407,0.84175,18.214,13.819,0.91911,0.209438,0.271688,0.276118,0.289017,0.0173289,0.30182,0.277092,0.0158199,0.296479,7.264
22,"n23g0021.hpc.itc.rwth-aachen.de",22,"22",1,1,0000:2c:00.0,2,"OK",4096,"latency","D2H",50,1,12.51,12.9425,13.216,13.5407,0.59825,14.207,13.2361,0.408519,0.268508,0.28172,0.288642,0.294743,0.0130231,0.304932,0.288477,0.0088736,0.309927,6.768
22,"n23g0021.hpc.itc.rwth-aachen.de",22,"22",1,1,0000:2c:00.0,2,"OK",16777216,"bandwidth","H2D",50,1,789.285,874.65,938.683,1093.1,218.447,1351.2,999.331,168.469,11.5638,14.2943,16.6457,17.8643,3.57003,19.7964,16.0496,2.48419,17.8732,932.464
22,"n23g0021.hpc.itc.rwth-aachen.de",22,"22",1,1,0000:2c:00.0,2,"OK",16777216,"bandwidth","D2H",50,1,772.012,848.096,907.388,1051.14,203.041,1265.4,957.703,153.81,12.3478,14.8649,17.2198,18.4236,3.55878,20.2393,16.7164,2.52543,18.4896,900.752
22,"n23g0021.hpc.itc.rwth-aachen.de",22,"22",1,1,0000:2c:00.0,2,"OK",67108864,"bandwidth","H2D",50,1,2560.99,2700.06,2703.48,2705.1,5.0495,2865.47,2705.35,44.5628,21.8114,23.1045,23.1184,23.1477,0.0432088,24.4046,23.1086,0.378725,24.8231,2697.1
22,"n23g0021.hpc.itc.rwth-aachen.de",22,"22",1,1,0000:2c:00.0,2,"OK",67108864,"bandwidth","D2H",50,1,2431.09,2558.91,2562.2,2566.21,7.29975,2722.32,2563.03,39.1237,22.9583,24.355,24.3931,24.4245,0.069477,25.7086,24.3907,0.366077,26.1919,2555.97
22,"n23g0021.hpc.itc.rwth-aachen.de",22,"22",1,1,0000:2c:00.0,2,"OK",268435456,"bandwidth","H2D",50,1,10596.8,10645,10689.6,10751.6,106.628,10813.8,10703.6,62.7281,23.1185,23.2524,23.3873,23.4853,0.232914,23.5921,23.3573,0.136618,25.1119,10683.3
22,"n23g0021.hpc.itc.rwth-aachen.de",22,"22",1,1,0000:2c:00.0,2,"OK",268435456,"bandwidth","D2H",50,1,9993.31,10072.6,10095.2,10157.3,84.6645,10284.6,10125.5,84.4299,24.3083,24.6128,24.7643,24.8197,0.206879,25.0167,24.6919,0.204771,26.5904,10088.9
22,"n23g0021.hpc.itc.rwth-aachen.de",22,"22",1,2,0000:9d:00.0,4,"OK",4096,"latency","H2D",50,1,14.767,15.5673,15.8105,16.0145,0.44725,18.753,15.8876,0.603189,0.203418,0.238203,0.241276,0.245046,0.00684358,0.258326,0.240426,0.00849564,0.259069,8.544
22,"n23g0021.hpc.itc.rwth-aachen.de",22,"22",1,2,0000:9d:00.0,4,"OK",4096,"latency","D2H",50,1,14.464,15.216,15.4165,15.83,0.614,29.768,15.7769,2.08281,0.128148,0.240985,0.247443,0.250704,0.00971864,0.263737,0.244224,0.0188724,0.26569,7.984
22,"n23g0021.hpc.itc.rwth-aachen.de",22,"22",1,2,0000:9d:00.0,4,"OK",16777216,"bandwidth","H2D",50,1,833.019,837.095,838.884,844.033,6.938,852.428,840.43,4.48854,18.33,18.5123,18.6259,18.6657,0.153434,18.7571,18.5922,0.0989714,19.9995,831.424
22,"n23g0021.hpc.itc.rwth-aachen.de",22,"22",1,2,0000:9d:00.0,4,"OK",16777216,"bandwidth","D2H",50,1,1721.02,1730.38,1734.05,1744.74,14.353,1758.56,1737.63,9.97046,8.88512,8.95551,9.01072,9.02979,0.0742828,9.0789,8.99241,0.0514283,9.67519,1726.26
22,"n23g0021.hpc.itc.rwth-aachen.de",22,"22",1,2,0000:9d:00.0,4,"OK",67108864,"bandwidth","H2D",50,1,3261.68,3283.75,3293.11,3307.86,24.1055,3332.32,3294.33,14.9854,18.7557,18.8944,18.979,19.0331,0.1387,19.1619,18.9724,0.0862636,20.3786,3285.26
22,"n23g0021.hpc.itc.rwth-aachen.de",22,"22",1,2,0000:9d:00.0,4,"OK",67108864,"bandwidth","D2H",50,1,6161.52,6177.02,6189.76,6938.39,761.369,6960.53,6456.05,364.894,8.9792,9.00786,10.0973,10.1182,1.11029,10.1436,9.71088,0.531382,10.8419,6181.71
22,"n23g0021.hpc.itc.rwth-aachen.de",22,"22",1,2,0000:9d:00.0,4,"OK",268435456,"bandwidth","H2D",50,1,12201,12446.5,13302.3,13328.3,881.796,13369,12895.2,463.287,18.7,18.7571,18.7937,20.086,1.32889,20.49,19.4123,0.701685,20.1796,13294.4
22,"n23g0021.hpc.itc.rwth-aachen.de",22,"22",1,2,0000:9d:00.0,4,"OK",268435456,"bandwidth","D2H",50,1,24858.4,25536.9,27037,27771.3,2234.37,27846.4,26658.4,1124.34,8.97783,9.00212,9.24719,9.78976,0.78765,10.0569,9.3947,0.398251,9.92909,27028.2
22,"n23g0021.hpc.itc.rwth-aachen.de",22,"22",1,3,0000:ad:00.0,6,"OK",4096,"latency","H2D",50,1,15.28,15.8035,16.021,16.1797,0.37625,33.526,16.3978,2.51734,0.113783,0.23577,0.238106,0.241383,0.00561267,0.249653,0.235509,0.0190473,0.255665,8.512
22,"n23g0021.hpc.itc.rwth-aachen.de",22,"22",1,3,0000:ad:00.0,6,"OK",4096,"latency","D2H",50,1,14.731,15.2435,15.561,15.7873,0.54375,26.919,15.8248,1.78396,0.14171,0.241632,0.245145,0.250251,0.00861889,0.258957,0.243043,0.0178415,0.263222,8.288
22,"n23g0021.hpc.itc.rwth-aachen.de",22,"22",1,3,0000:ad:00.0,6,"OK",16777216,"bandwidth","H2D",50,1,832.597,840.638,844.018,846.868,6.23,856.459,844.006,5.03377,18.2437,18.4503,18.5126,18.5871,0.136736,18.7666,18.5136,0.110358,19.8778,835.712
22,"n23g0021.hpc.itc.rwth-aachen.de",22,"22",1,3,0000:ad:00.0,6,"OK",16777216,"bandwidth","D2H",50,1,1718.34,1730.12,1733.52,1739.16,9.04475,1757.01,1735.27,8.23273,8.89297,8.98422,9.01343,9.03119,0.0469675,9.09306,9.00458,0.042592,9.6781,1725.63
22,"n23g0021.hpc.itc.rwth-aachen.de",22,"22",1,3,0000:ad:00.0,6,"OK",67108864,"bandwidth","H2D",50,1,3302.01,3333.07,3338.33,3344.94,11.872,3364.72,3338.5,12.4562,18.5751,18.685,18.7219,18.7515,0.0665537,18.9279,18.7212,0.0699534,20.1025,3329.7
22,"n23g0021.hpc.itc.rwth-aachen.de",22,"22",1,3,0000:ad:00.0,6,"OK",67108864,"bandwidth","D2H",50,1,6175.87,6932.75,6944.58,6951.38,18.6265,6967.52,6853.7,247.045,8.97019,8.99103,8.99982,9.01518,0.0241566,10.12,9.13211,0.35938,9.66349,6936.99
22,"n23g0021.hpc.itc.rwth-aachen.de",22,"22",1,3,0000:ad:00.0,6,"OK",268435456,"bandwidth","H2D",50,1,12303,12529.2,13342,13456.3,927.165,13503,12991,485.439,18.5143,18.5786,18.7383,19.9534,1.37483,20.3202,19.2711,0.723633,20.1201,13334.1
22,"n23g0021.hpc.itc.rwth-aachen.de",22,"22",1,3,0000:ad:00.0,6,"OK",268435456,"bandwidth","D2H",50,1,22802.6,25589.8,26181.4,27772.4,2182.61,27813.2,26562.4,1246.85,8.98855,9.00174,9.55052,9.76952,0.76778,10.9636,9.43314,0.455165,10.2548,26173.7
23,"n23g0021.hpc.itc.rwth-aachen.de",23,"23",1,0,0000:1b:00.0,0,"OK",4096,"latency","H2D",50,1,12.121,12.465,12.72,13.0397,0.57475,15.399,12.8026,0.50924,0.247724,0.292544,0.299898,0.306033,0.0134891,0.314718,0.298395,0.0109071,0.322013,6.688
23,"n23g0021.hpc.itc.rwth-aachen.de",23,"23",1,0,0000:1b:00.0,0,"OK",4096,"latency","D2H",50,1,11.366,11.7867,12.0535,12.3515,0.56475,13.073,12.104,0.423647,0.2918,0.308845,0.31648,0.323644,0.0147988,0.335624,0.315542,0.0109264,0.339818,6.048
23,"n23g0021.hpc.itc.rwth-aachen.de",23,"23",1,0,0000:1b:00.0,0,"OK",16777216,"bandwidth","H2D",50,1,596.311,638.642,700.845,782.515,143.873,955.173,720.546,89.6111,16.3583,19.9677,22.3097,24.466,4.4983,26.2028,22.0074,2.61293,23.9549,694.4
23,"n23g0021.hpc.itc.rwth-aachen.de",23,"23",1,0,0000:1b:00.0,0,"OK",16777216,"bandwidth","D2H",50,1,634.664,692.858,787.571,873.982,181.125,1032.01,791.231,108.619,15.1403,17.8779,19.8427,22.5515,4.6736,24.6193,20.1128,2.68288,21.306,781.088
23,"n23g0021.hpc.itc.rwth-aachen.de",23,"23",1,0,0000:1b:00.0,0,"OK",67108864,"bandwidth","H2D",50,1,1857.49,1958.44,1961.47,1963.23,4.79,1968.09,1947.78,34.8926,31.7566,31.8354,31.8638,31.9132,0.0778639,33.6476,32.0986,0.596999,34.2135,1955.47
23,"n23g0021.hpc.itc.rwth-aachen.de",23,"23",1,0,0000:1b:00.0,0,"OK",67108864,"bandwidth","D2H",50,1,1922.9,2048.33,2053.62,2057.35,9.021,2061.26,2038.59,40.8934,30.3212,30.3788,30.4341,30.5126,0.133791,32.503,30.6714,0.644975,32.6783,2047.63
23,"n23g0021.hpc.itc.rwth-aachen.de",23,"23",1,0,0000:1b:00.0,0,"OK",268435456,"bandwidth","H2D",50,1,7429.73,7667.71,7731.44,7824.8,157.091,7848.67,7740.62,88.9478,31.8525,31.9497,32.3355,32.6042,0.654562,33.6486,32.3015,0.374581,34.72,7725.36
23,"n23g0021.hpc.itc.rwth-aachen.de",23,"23",1,0,0000:1b:00.0,0,"OK",268435456,"bandwidth","D2H",50,1,7725.37,8019.42,8127.59,8232.23,212.811,8252.24,8111.51,121.908,30.2948,30.3684,30.7595,31.1743,0.805889,32.3609,30.8274,0.468578,33.0278,8121.62
23,"n23g0021.hpc.itc.rwth-aachen.de",23,"23",1,1,0000:2c:00.0,2,"OK",4096,"latency","H2D",50,1,11.869,12.2275,12.6535,12.7888,0.56125,21.277,12.8105,1.35509,0.179287,0.298285,0.301474,0.311977,0.0136915,0.3214,0.300035,0.0217373,0.323705,6.464
23,"n23g0021.hpc.itc.rwth-aachen.de",23,"23",1,1,0000:2c:00.0,2,"OK",4096,"latency","D2H",50,1,11.661,11.9373,12.257,12.3972,0.46,12.954,12.2179,0.310635,0.29448,0.307705,0.311226,0.319562,0.0118572,0.327133,0.312424,0.0079353,0.334176,5.968
23,"n23g0021.hpc.itc.rwth-aachen.de",23,"23",1,1,0000:2c:00.0,2,"OK",16777216,"bandwidth","H2D",50,1,722.569,774.041,875.696,936.635,162.594,1091.97,867.665,98.0868,14.3089,16.6821,17.843,20.1873,3.50524,21.6242,18.2333,2.0059,19.1587,869.184
23,"n23g0021.hpc.itc.rwth-aachen.de",23,"23",1,1,0000:2c:00.0,2,"OK",16777216,"bandwidth","D2H",50,1,678.445,731.611,831.062,895.674,164.064,1050.01,822.197,94.4231,14.8808,17.445,18.8013,21.357,3.912,23.0306,19.2508,2.16496,20.1877,824.528
23,"n23g0021.hpc.itc.rwth-aachen.de",23,"23",1,1,0000:2c:00.0,2,"OK",67108864,"bandwidth","H2D",50,1,2562.19,2700.78,2704.67,2706.98,6.201,2780.35,2692.85,38.1905,22.4792,23.0884,23.1082,23.1415,0.0530114,24.3932,23.2144,0.339289,24.8122,2698.29
23,"n23g0021.hpc.itc.rwth-aachen.de",23,"23",1,1,0000:2c:00.0,2,"OK",67108864,"bandwidth","D2H",50,1,2428.82,2556.21,2562.61,2566.55,10.3408,2570.19,2547.21,36.6228,24.3172,24.3517,24.3892,24.4503,0.0985105,25.7327,24.5419,0.363818,26.1877,2556.13
23,"n23g0021.hpc.itc.rwth-aachen.de",23,"23",1,1,0000:2c:00.0,2,"OK",268435456,"bandwidth","H2D",50,1,10562.8,10628.2,10644.1,10679.4,51.1545,10780.2,10659.7,47.3718,23.1906,23.4096,23.4872,23.5223,0.112673,23.6679,23.4533,0.103767,25.2191,10637.6
23,"n23g0021.hpc.itc.rwth-aachen.de",23,"23",1,1,0000:2c:00.0,2,"OK",268435456,"bandwidth","D2H",50,1,9991.25,10074.5,10092.8,10149.7,75.2327,10270.8,10116.7,68.4719,24.3408,24.6313,24.7701,24.8152,0.183936,25.0219,24.7127,0.166429,26.5967,10086.3
23,"n23g0021.hpc.itc.rwth-aachen.de",23,"23",1,2,0000:9d:00.0,4,"OK",4096,"latency","H2D",50,1,15.144,15.7323,16.155,16.3115,0.57925,29.086,16.3668,1.89606,0.131152,0.233866,0.236131,0.242478,0.00861218,0.251895,0.234966,0.0165672,0.253544,8.576
23,"n23g0021.hpc.itc.rwth-aachen.de",23,"23",1,2,0000:9d:00.0,4,"OK",4096,"latency","D2H",50,1,14.311,15.4153,15.756,16.093,0.67775,16.982,15.6995,0.524575,0.224632,0.237041,0.242111,0.247463,0.0104218,0.266557,0.243258,0.00824569,0.259965,8.08
23,"n23g0021.hpc.itc.rwth-aachen.de",23,"23",1,2,0000:9d:00.0,4,"OK",16777216,"bandwidth","H2D",50,1,833.015,838.762,840.973,844.255,5.4925,850.827,841.486,4.15016,18.3645,18.5074,18.5797,18.6286,0.121191,18.7572,18.5688,0.0915202,19.9498,832.48
23,"n23g0021.hpc.itc.rwth-aachen.de",23,"23",1,2,0000:9d:00.0,4,"OK",16777216,"bandwidth","D2H",50,1,1721.23,1729.67,1733.2,1738.85,9.18625,1762.63,1735.7,9.75602,8.86461,8.98581,9.01511,9.03353,0.0477227,9.07783,9.00244,0.0503254,9.6799,1725.28
23,"n23g0021.hpc.itc.rwth-aachen.de",23,"23",1,2,0000:9d:00.0,4,"OK",67108864,"bandwidth","H2D",50,1,3263.08,3281.21,3294.99,3310.42,29.211,3325.34,3295.93,16.519,18.7951,18.8798,18.9682,19.0478,0.168074,19.1537,18.9632,0.0950276,20.367,3286.94
23,"n23g0021.hpc.itc.rwth-aachen.de",23,"23",1,2,0000:9d:00.0,4,"OK",67108864,"bandwidth","D2H",50,1,6154.54,6179.38,6195.04,6943.2,763.82,6961.47,6547.14,382.814,8.97799,9.00161,10.0887,10.1143,1.11267,10.1551,9.57876,0.557481,10.8327,6187.47
23,"n23g0021.hpc.itc.rwth-aachen.de",23,"23",1,2,0000:9d:00.0,4,"OK",268435456,"bandwidth","H2D",50,1,12118.8,12349.3,13170.1,13336.1,986.824,13358.1,12861.8,485.129,18.7153,18.746,18.9824,20.244,1.49798,20.629,19.4653,0.738441,20.3822,13162.8
23,"n23g0021.hpc.itc.rwth-aachen.de",23,"23",1,2,0000:9d:00.0,4,"OK",268435456,"bandwidth","D2H",50,1,22770.4,25383.3,25784.8,27755.2,2371.83,27819.6,26411.6,1286.03,8.98648,9.00734,9.69562,9.84899,0.841655,10.9792,9.48842,0.470739,10.4106,25776.6
23,"n23g0021.hpc.itc.rwth-aachen.de",23,"23",1,3,0000:ad:00.0,6,"OK",4096,"latency","H2D",50,1,14.835,15.706,15.8395,16.1,0.394,18.234,15.8779,0.496069,0.209208,0.236938,0.240835,0.242882,0.00594409,0.257142,0.240475,0.00718014,0.258594,8.528
23,"n23g0021.hpc.itc.rwth-aachen.de",23,"23",1,3,0000:ad:00.0,6,"OK",4096,"latency","D2H",50,1,14.831,15.285,15.6535,15.825,0.54,24.77,15.7829,1.34288,0.154005,0.241055,0.243696,0.249572,0.00851679,0.257211,0.242885,0.0141052,0.261667,8.112
23,"n23g0021.hpc.itc.rwth-aachen.de",23,"23",1,3,0000:ad:00.0,6,"OK",16777216,"bandwidth","H2D",50,1,842.492,845.385,849.534,853.315,7.9305,863.226,849.764,4.99461,18.1007,18.3109,18.3924,18.4827,0.171774,18.5462,18.3881,0.10772,19.7487,841.584
23,"n23g0021.hpc.itc.rwth-aachen.de",23,"23",1,3,0000:ad:00.0,6,"OK",16777216,"bandwidth","D2H",50,1,1720,1728.86,1732.62,1740.19,11.3273,1759.23,1735.36,9.42283,8.8817,8.9789,9.01811,9.03773,0.0588284,9.08431,9.00418,0.0486907,9.68313,1724.72
23,"n23g0021.hpc.itc.rwth-aachen.de",23,"23",1,3,0000:ad:00.0,6,"OK",67108864,"bandwidth","H2D",50,1,3285.33,3312.99,3328.29,3345.97,32.986,3367.91,3328.33,21.0179,18.5575,18.6792,18.7784,18.8651,0.18598,19.0239,18.7789,0.118623,20.1632,3320.54
23,"n23g0021.hpc.itc.rwth-aachen.de",23,"23",1,3,0000:ad:00.0,6,"OK",67108864,"bandwidth","D2H",50,1,6161.55,6185.09,6512.85,6951.91,766.827,6968.02,6564.62,379.901,8.96955,8.99033,9.61672,10.105,1.11462,10.1436,9.55272,0.552661,10.3259,6505.01
23,"n23g0021.hpc.itc.rwth-aachen.de",23,"23",1,3,0000:ad:00.0,6,"OK",268435456,"bandwidth","H2D",50,1,12230.4,12538.9,13441.9,13477.2,938.355,13521.2,13019.8,478.814,18.4895,18.5498,18.5986,19.938,1.38819,20.4409,19.2277,0.710593,19.9701,13434.2
23,"n23g0021.hpc.itc.rwth-aachen.de",23,"23",1,3,0000:ad:00.0,6,"OK",268435456,"bandwidth","D2H",50,1,24839.2,25498.2,25985.1,27748.2,2249.98,27852.1,26444.8,1156.21,8.976,9.00961,9.62118,9.80463,0.795021,10.0647,9.47171,0.413114,10.3307,25977.4
24,"n23g0021.hpc.itc.rwth-aachen.de",24,"24",2,0,0000:1b:00.0,0,"OK",4096,"latency","H2D",50,2,12.646,13.2045,13.697,13.9945,0.79,15.365,13.6728,0.559051,0.248272,0.272585,0.278508,0.288896,0.0163101,0.301652,0.279461,0.0113281,0.299046,7.44
24,"n23g0021.hpc.itc.rwth-aachen.de",24,"24",2,0,0000:1b:00.0,0,"OK",4096,"latency","D2H",50,2,12.62,12.9027,13.187,13.583,0.68025,19.393,13.3765,0.970139,0.196705,0.280844,0.289278,0.29565,0.0148065,0.302274,0.286316,0.0158473,0.310609,7.008
24,"n23g0021.hpc.itc.rwth-aachen.de",24,"24",2,0,0000:1b:00.0,0,"OK",16777216,"bandwidth","H2D",50,2,631.735,718.554,804.63,911.728,193.174,1101.6,828.925,142.284,14.184,17.1378,19.4451,21.7451,4.6073,24.7335,19.3907,3.18785,20.879,797.776
24,"n23g0021.hpc.itc.rwth-aachen.de",24,"24",2,0,0000:1b:00.0,0,"OK",16777216,"bandwidth","D2H",50,2,912.361,1046.52,1147.99,1331.11,284.584,1635.07,1209.26,206.546,9.55615,11.7384,13.6127,14.9304,3.19206,17.1259,13.2855,2.15932,14.6165,1141.63
24,"n23g0021.hpc.itc.rwth-aachen.de",24,"24",2,0,0000:1b:00.0,0,"OK",67108864,"bandwidth","H2D",50,2,2109.83,2223.5,2225.33,2227.21,3.7055,2426.94,2216.38,47.5037,25.7526,28.062,28.0858,28.1088,0.0467658,29.6232,28.212,0.601835,30.1569,2219.25
24,"n23g0021.hpc.itc.rwth-aachen.de",24,"24",2,0,0000:1b:00.0,0,"OK",67108864,"bandwidth","D2H",50,2,3058.82,3229.47,3233.27,3238.18,8.7085,3244.95,3211.91,57.4464,19.2607,19.301,19.3303,19.353,0.0520459,20.4327,19.4653,0.36161,20.7558,3227.17
24,"n23g0021.hpc.itc.rwth-aachen.de",24,"24",2,0,0000:1b:00.0,0,"OK",268435456,"bandwidth","H2D",50,2,8619.99,8682.84,8719.71,8787.95,105.105,8856.78,8737.29,66.5336,28.227,28.448,28.6707,28.7924,0.344361,29.0024,28.6146,0.217212,30.7849,8713.63
24,"n23g0021.hpc.itc.rwth-aachen.de",24,"24",2,0,0000:1b:00.0,0,"OK",268435456,"bandwidth","D2H",50,2,12581.6,12651,12685.9,12733.4,82.425,12907,12702.6,73.3832,19.3694,19.6334,19.7069,19.7613,0.127917,19.8703,19.6816,0.112941,21.1601,12680
24,"n23g0021.hpc.itc.rwth-aachen.de",24,"24",2,1,0000:2c:00.0,2,"OK",4096,"latency","H2D",50,2,12.571,13.066,13.509,13.823,0.757,17.01,13.5312,0.637607,0.224262,0.275967,0.282385,0.291956,0.0159886,0.303452,0.282475,0.0118945,0.303208,7.296
24,"n23g0021.hpc.itc.rwth-aachen.de",24,"24",2,1,0000:2c:00.0,2,"OK",4096,"latency","D2H",50,2,12.49,13.1952,13.384,13.7327,0.5375,22.522,13.5833,1.331,0.169376,0.277781,0.285019,0.289096,0.0113149,0.30542,0.282578,0.0180377,0.306037,7.04
24,"n23g0021.hpc.itc.rwth-aachen.de",24,"24",2,1,0000:2c:00.0,2,"OK",16777216,"bandwidth","H2D",50,2,328.165,387.561,602.283,663.067,275.506,823.786,558.624,148.492,18.9673,23.5647,25.943,42.3269,18.7622,47.6132,30.6125,10.1449,27.8561,595.808
24,"n23g0021.hpc.itc.rwth-aachen.de",24,"24",2,1,0000:2c:00.0,2,"OK",16777216,"bandwidth","D2H",50,2,420.8,565.215,769.448,863.972,298.757,1077.34,725.402,195.245,14.5034,18.0851,20.3068,28.0504,9.96526,37.1317,23.6051,7.86358,21.8042,762.896
24,"n23g0021.hpc.itc.rwth-aachen.de",24,"24",2,1,0000:2c:00.0,2,"OK",67108864,"bandwidth","H2D",50,2,1386.29,1469.66,1471.27,1473.04,3.37625,1476.78,1466.52,20.0384,42.3219,42.4294,42.4805,42.5269,0.097473,45.0843,42.6264,0.61291,45.613,1465.02
24,"n23g0021.hpc.itc.rwth-aachen.de",24,"24",2,1,0000:2c:00.0,2,"OK",67108864,"bandwidth","D2H",50,2,1740.68,1834.15,1841.08,1842.89,8.73725,1848.03,1832,26.2036,33.8198,33.9142,33.9475,34.0758,0.161556,35.9055,34.1231,0.509513,36.4509,1834.38
24,"n23g0021.hpc.itc.rwth-aachen.de",24,"24",2,1,0000:2c:00.0,2,"OK",268435456,"bandwidth","H2D",50,2,5599.18,5690.71,5793.11,5823.73,133.019,5833.91,5751.41,81.281,42.8529,42.9278,43.1548,43.9312,1.00343,44.6494,43.4764,0.619815,46.3371,5786.69
24,"n23g0021.hpc.itc.rwth-aachen.de",24,"24",2,1,0000:2c:00.0,2,"OK",268435456,"bandwidth","D2H",50,2,7147.27,7174.16,7324.69,7334.74,160.586,7343.11,7269.18,79.1639,34.0455,34.0844,34.1311,34.8473,0.762944,34.9784,34.3959,0.37689,36.648,7318.05
24,"n23g0021.hpc.itc.rwth-aachen.de",24,"24",2,2,0000:9d:00.0,4,"OK",4096,"latency","H2D",50,2,14.755,15.637,15.81,16.1555,0.5185,25.299,16.1955,1.77151,0.150785,0.236124,0.241284,0.243953,0.00782951,0.258536,0.237495,0.0180122,0.259077,8.544
24,"n23g0021.hpc.itc.rwth-aachen.de",24,"24",2,2,0000:9d:00.0,4,"OK",4096,"latency","D2H",50,2,14.887,15.5587,15.966,16.2742,0.7155,32.339,16.2287,2.35173,0.11796,0.234401,0.238927,0.24518,0.0107795,0.256244,0.237703,0.0186232,0.256545,8.624
24,"n23g0021.hpc.itc.rwth-aachen.de",24,"24",2,2,0000:9d:00.0,4,"OK",16777216,"bandwidth","H2D",50,2,827.735,835.558,838.059,840.756,5.19725,848.638,837.917,4.08579,18.4119,18.5845,18.6443,18.7001,0.115599,18.8768,18.6479,0.0910241,20.0191,830.096
24,"n23g0021.hpc.itc.rwth-aachen.de",24,"24",2,2,0000:9d:00.0,4,"OK",16777216,"bandwidth","D2H",50,2,1791.34,1795.76,1800.68,1811.21,15.458,1823.85,1803.27,9.53558,8.56704,8.62682,8.67725,8.70107,0.0742585,8.72251,8.66507,0.0456194,9.31713,1792.7
24,"n23g0021.hpc.itc.rwth-aachen.de",24,"24",2,2,0000:9d:00.0,4,"OK",67108864,"bandwidth","H2D",50,2,3294.6,3301.67,3308.29,3318.28,16.6083,3335.44,3309.89,10.6178,18.7381,18.8351,18.8919,18.9298,0.0947454,18.9705,18.883,0.0604783,20.285,3300.14
24,"n23g0021.hpc.itc.rwth-aachen.de",24,"24",2,2,0000:9d:00.0,4,"OK",67108864,"bandwidth","D2H",50,2,7161.1,7176.91,7182.73,7188.31,11.3918,7213.39,7182.98,10.3083,8.66444,8.69468,8.70143,8.70848,0.0138009,8.72771,8.70114,0.01248,9.34309,7174.7
24,"n23g0021.hpc.itc.rwth-aachen.de",24,"24",2,2,0000:9d:00.0,4,"OK",268435456,"bandwidth","H2D",50,2,12287.3,12479.5,13327.2,13355.1,875.573,13404,12927.1,455.041,18.6512,18.7194,18.7587,20.0328,1.31337,20.3462,19.3633,0.685465,20.142,13319.3
24,"n23g0021.hpc.itc.rwth-aachen.de",24,"24",2,2,0000:9d:00.0,4,"OK",268435456,"bandwidth","D2H",50,2,25821.7,26597.4,28133.7,28700.9,2103.43,28752.4,27606.7,1108.16,8.69492,8.71054,8.88615,9.39941,0.688865,9.68179,9.07048,0.366601,9.54144,28125.8
24,"n23g0021.hpc.itc.rwth-aachen.de",24,"24",2,3,0000:ad:00.0,6,"OK",4096,"latency","H2D",50,2,15.118,15.806,15.9785,16.1837,0.37775,18.846,16.0452,0.516411,0.202414,0.235712,0.238739,0.241345,0.00563253,0.252328,0.237972,0.00704702,0.256344,8.576
24,"n23g0021.hpc.itc.rwth-aachen.de",24,"24",2,3,0000:ad:00.0,6,"OK",4096,"latency","D2H",50,2,15.204,15.6408,15.8675,16.0242,0.3835,23.571,16.0035,1.14036,0.161839,0.238058,0.240409,0.243895,0.0058371,0.250901,0.239238,0.0123327,0.258138,8.688
24,"n23g0021.hpc.itc.rwth-aachen.de",24,"24",2,3,0000:ad:00.0,6,"OK",16777216,"bandwidth","H2D",50,2,847.937,852.001,856.319,858.387,6.38625,873.834,856.186,5.15894,17.881,18.2027,18.2467,18.3392,0.136439,18.4271,18.2502,0.109486,19.5923,848.608
24,"n23g0021.hpc.itc.rwth-aachen.de",24,"24",2,3,0000:ad:00.0,6,"OK",16777216,"bandwidth","D2H",50,2,1783.54,1789.11,1793.15,1800.14,11.0345,1816.84,1796.24,9.21745,8.6001,8.67988,8.71372,8.73341,0.0535343,8.76067,8.69898,0.0444778,9.35629,1785.36
24,"n23g0021.hpc.itc.rwth-aachen.de",24,"24",2,3,0000:ad:00.0,6,"OK",67108864,"bandwidth","H2D",50,2,3335.94,3364.74,3374.92,3382.55,17.8073,3392.05,3372.52,12.4546,18.4254,18.4772,18.519,18.575,0.0977868,18.7353,18.5324,0.0685609,19.8846,3366.59
24,"n23g0021.hpc.itc.rwth-aachen.de",24,"24",2,3,0000:ad:00.0,6,"OK",67108864,"bandwidth","D2H",50,2,6386.92,7157.09,7166.76,7171.33,14.2405,7186.69,7143.29,117.709,8.69663,8.71526,8.72081,8.7326,0.0173408,9.78562,8.75209,0.159152,9.3639,7158.88
24,"n23g0021.hpc.itc.rwth-aachen.de",24,"24",2,3,0000:ad:00.0,6,"OK",268435456,"bandwidth","H2D",50,2,12390.9,12633.2,13562.6,13620.6,987.448,13680.5,13143.7,500.712,18.2741,18.3545,18.4331,19.7892,1.43467,20.1761,19.0483,0.729899,19.7924,13554.7
24,"n23g0021.hpc.itc.rwth-aachen.de",24,"24",2,3,0000:ad:00.0,6,"OK",268435456,"bandwidth","D2H",50,2,25755.3,26437.1,27382.1,28628.3,2191.19,28685.2,27478.9,1123.56,8.7153,8.73262,9.13229,9.4564,0.723786,9.70675,9.11319,0.37427,9.80573,27374
25,"n23g0021.hpc.itc.rwth-aachen.de",25,"25",2,0,0000:1b:00.0,0,"OK",4096,"latency","H2D",50,2,12.982,13.5332,13.819,14.0352,0.502,26.307,14.287,2.38088,0.145007,0.271794,0.276047,0.281876,0.0100819,0.293845,0.27146,0.0270449,0.296404,7.472
25,"n23g0021.hpc.itc.rwth-aachen.de",25,"25",2,0,0000:1b:00.0,0,"OK",4096,"latency","D2H",50,2,12.232,13.0365,13.476,13.818,0.7815,14.824,13.4509,0.525985,0.257333,0.276067,0.283074,0.292617,0.0165495,0.311862,0.284034,0.0110674,0.303948,7.12
25,"n23g0021.hpc.itc.rwth-aachen.de",25,"25",2,0,0000:1b:00.0,0,"OK",16777216,"bandwidth","H2D",50,2,654.455,717.072,775.084,911.709,194.637,1158.44,827.145,142.067,13.4879,17.1382,20.1591,21.79,4.65184,23.8748,19.4146,3.08527,21.6457,768.512
25,"n23g0021.hpc.itc.rwth-aachen.de",25,"25",2,0,0000:1b:00.0,0,"OK",16777216,"bandwidth","D2H",50,2,975.938,1048.84,1139.92,1337.73,288.887,1621.09,1209.86,206.986,9.63856,11.6803,13.7071,14.8974,3.21711,16.0102,13.2712,2.10438,14.7178,1133.98
25,"n23g0021.hpc.itc.rwth-aachen.de",25,"25",2,0,0000:1b:00.0,0,"OK",67108864,"bandwidth","H2D",50,2,2110.49,2222.37,2224.64,2226.99,4.617,2355.59,2216.91,42.9659,26.5326,28.0648,28.0944,28.1231,0.0583049,29.614,28.2031,0.553165,30.1661,2218.62
25,"n23g0021.hpc.itc.rwth-aachen.de",25,"25",2,0,0000:1b:00.0,0,"OK",67108864,"bandwidth","D2H",50,2,3061.11,3228.64,3235.27,3240.67,12.0345,3432.29,3214.46,73.2472,18.2094,19.2861,19.3183,19.358,0.0718888,20.4174,19.4535,0.445111,20.7429,3229.14
25,"n23g0021.hpc.itc.rwth-aachen.de",25,"25",2,0,0000:1b:00.0,0,"OK",268435456,"bandwidth","H2D",50,2,8638.81,8677.7,8693.42,8771.57,93.8637,8853.31,8724.01,64.558,28.238,28.5012,28.7574,28.8095,0.308287,28.9392,28.6581,0.210817,30.878,8687.14
25,"n23g0021.hpc.itc.rwth-aachen.de",25,"25",2,0,0000:1b:00.0,0,"OK",268435456,"bandwidth","D2H",50,2,12594.5,12652.3,12692.2,12730.5,78.243,12913.5,12700.5,70.7212,19.3596,19.6379,19.6971,19.7593,0.121445,19.8499,19.6849,0.108825,21.1496,12686.3
25,"n23g0021.hpc.itc.rwth-aachen.de",25,"25",2,1,0000:2c:00.0,2,"OK",4096,"latency","H2D",50,2,12.473,13.1335,13.4305,13.6555,0.522,21.697,13.6021,1.28509,0.175817,0.279352,0.284032,0.290456,0.0111032,0.305836,0.282177,0.018543,0.304978,7.104
25,"n23g0021.hpc.itc.rwth-aachen.de",25,"25",2,1,0000:2c:00.0,2,"OK",4096,"latency","D2H",50,2,12.566,13.0777,13.348,13.65,0.57225,14.742,13.3806,0.462657,0.258764,0.279465,0.285788,0.291694,0.0122282,0.303573,0.285427,0.00971374,0.306863,7.184
25,"n23g0021.hpc.itc.rwth-aachen.de",25,"25",2,1,0000:2c:00.0,2,"OK",16777216,"bandwidth","H2D",50,2,328.55,331.401,605.462,664.454,333.052,826.452,532.488,166.285,18.9061,23.5156,25.8068,47.1483,23.6327,47.5574,32.8485,11.3703,27.7098,598.784
25,"n23g0021.hpc.itc.rwth-aachen.de",25,"25",2,1,0000:2c:00.0,2,"OK",16777216,"bandwidth","D2H",50,2,419.758,423.983,771.875,880.991,457.009,1075.7,692.702,228.01,14.5254,17.7364,20.2431,36.853,19.1165,37.2238,25.4982,9.10403,21.7359,765.184
25,"n23g0021.hpc.itc.rwth-aachen.de",25,"25",2,1,0000:2c:00.0,2,"OK",67108864,"bandwidth","H2D",50,2,1283.49,1379.11,1461.35,1465,85.893,2611.13,1462.21,214.077,23.936,42.662,42.7687,45.3191,2.65705,48.6954,43.3334,4.12112,45.9225,1454.99
25,"n23g0021.hpc.itc.rwth-aachen.de",25,"25",2,1,0000:2c:00.0,2,"OK",67108864,"bandwidth","D2H",50,2,1661.77,1746.42,1832.62,1841.81,95.388,3488.78,1862.7,333.706,17.9145,33.934,34.1042,35.7875,1.85345,37.6104,34.1703,3.48722,36.6191,1826.29
25,"n23g0021.hpc.itc.rwth-aachen.de",25,"25",2,1,0000:2c:00.0,2,"OK",268435456,"bandwidth","H2D",50,2,5601.58,5753.79,5828.81,5833.36,79.5673,5843.03,5782.22,78.13,42.786,42.857,42.8904,43.4497,0.592734,44.6303,43.244,0.594754,46.0532,5822.5
25,"n23g0021.hpc.itc.rwth-aachen.de",25,"25",2,1,0000:2c:00.0,2,"OK",268435456,"bandwidth","D2H",50,2,7059.11,7206.24,7324.11,7332.13,125.89,7340.68,7272.18,76.7861,34.0568,34.0965,34.1338,34.6922,0.595653,35.4152,34.3814,0.366398,36.6509,7317.86
25,"n23g0021.hpc.itc.rwth-aachen.de",25,"25",2,2,0000:9d:00.0,4,"OK",4096,"latency","H2D",50,2,14.984,15.8865,16.043,16.2475,0.361,22.872,16.2436,1.07758,0.166785,0.234787,0.23778,0.240122,0.00533449,0.254585,0.23564,0.0121282,0.255314,8.736
25,"n23g0021.hpc.itc.rwth-aachen.de",25,"25",2,2,0000:9d:00.0,4,"OK",4096,"latency","D2H",50,2,15.115,15.591,15.933,16.3312,0.74025,17.145,15.9775,0.490257,0.222496,0.233583,0.239421,0.244673,0.01109,0.252378,0.238977,0.00726363,0.257077,8.528
25,"n23g0021.hpc.itc.rwth-aachen.de",25,"25",2,2,0000:9d:00.0,4,"OK",16777216,"bandwidth","H2D",50,2,827.091,833.157,836.259,838.861,5.70375,849.551,836.588,4.9888,18.3921,18.6265,18.6844,18.754,0.127516,18.8915,18.6777,0.111018,20.0622,828.72
25,"n23g0021.hpc.itc.rwth-aachen.de",25,"25",2,2,0000:9d:00.0,4,"OK",16777216,"bandwidth","D2H",50,2,1778.01,1789.74,1793.27,1801.14,11.3987,1813.4,1796.1,8.48898,8.61643,8.67507,8.71315,8.73032,0.0552505,8.7879,8.69958,0.0410254,9.35568,1785.39
25,"n23g0021.hpc.itc.rwth-aachen.de",25,"25",2,2,0000:9d:00.0,4,"OK",67108864,"bandwidth","H2D",50,2,3265.21,3277.8,3284.94,3292.61,14.807,3304.12,3284.92,9.65067,18.9158,18.9819,19.0262,19.0677,0.0857481,19.1412,19.0265,0.0559046,20.4292,3277.33
25,"n23g0021.hpc.itc.rwth-aachen.de",25,"25",2,2,0000:9d:00.0,4,"OK",67108864,"bandwidth","D2H",50,2,6396.44,6411.35,6416.45,6424.68,13.3325,6441.82,6417.38,9.46401,9.70223,9.72811,9.74059,9.74834,0.0202297,9.77106,9.7392,0.0143556,10.4589,6408.62
25,"n23g0021.hpc.itc.rwth-aachen.de",25,"25",2,2,0000:9d:00.0,4,"OK",268435456,"bandwidth","H2D",50,2,12168.3,12420.1,13343.8,13378.7,958.595,13424.4,12911.3,491.146,18.6228,18.6864,18.7354,20.1287,1.44224,20.5452,19.3911,0.74211,20.1169,13336
25,"n23g0021.hpc.itc.rwth-aachen.de",25,"25",2,2,0000:9d:00.0,4,"OK",268435456,"bandwidth","D2H",50,2,25765.9,26584.8,27310.9,28709.3,2124.52,28744.9,27595.7,1095.95,8.69719,8.70797,9.15674,9.40387,0.695897,9.70273,9.07374,0.361237,9.83197,27302.8
25,"n23g0021.hpc.itc.rwth-aachen.de",25,"25",2,3,0000:ad:00.0,6,"OK",4096,"latency","H2D",50,2,14.907,15.4803,15.702,15.9385,0.45825,18.682,15.786,0.577978,0.204191,0.239339,0.242943,0.246424,0.00708512,0.2559,0.241949,0.00815685,0.260859,8.336
25,"n23g0021.hpc.itc.rwth-aachen.de",25,"25",2,3,0000:ad:00.0,6,"OK",4096,"latency","D2H",50,2,15.133,15.436,15.7275,16.0505,0.6145,29.537,16.2254,2.34447,0.12915,0.237668,0.24255,0.24713,0.00946166,0.252078,0.238109,0.0210075,0.260436,8.608
25,"n23g0021.hpc.itc.rwth-aachen.de",25,"25",2,3,0000:ad:00.0,6,"OK",16777216,"bandwidth","H2D",50,2,843.676,849.644,852.521,855.877,6.2325,861.102,852.835,4.75311,18.1454,18.2561,18.328,18.3901,0.133916,18.5201,18.3218,0.102107,19.6795,845.056
25,"n23g0021.hpc.itc.rwth-aachen.de",25,"25",2,3,0000:ad:00.0,6,"OK",16777216,"bandwidth","D2H",50,2,1779.89,1785.19,1788.21,1796.99,11.7993,1815.55,1791.82,9.11369,8.60619,8.69508,8.73777,8.75255,0.0574702,8.77864,8.72042,0.0441547,9.38211,1780.82
25,"n23g0021.hpc.itc.rwth-aachen.de",25,"25",2,3,0000:ad:00.0,6,"OK",67108864,"bandwidth","H2D",50,2,3332.06,3370,3380.58,3387.52,17.5158,3403.02,3377.68,15.9528,18.3661,18.4501,18.4879,18.546,0.0958991,18.7572,18.5042,0.0878525,19.8513,3373.25
25,"n23g0021.hpc.itc.rwth-aachen.de",25,"25",2,3,0000:ad:00.0,6,"OK",67108864,"bandwidth","D2H",50,2,6391.7,7157.99,7165.5,7173.16,15.1688,7195.8,7073.27,248.28,8.68562,8.71304,8.72236,8.73151,0.0184641,9.77831,8.84793,0.337638,9.36556,7157.71
25,"n23g0021.hpc.itc.rwth-aachen.de",25,"25",2,3,0000:ad:00.0,6,"OK",268435456,"bandwidth","H2D",50,2,12302.4,12609.6,13575.7,13625.7,1016.06,13698,13136.1,517.08,18.2509,18.3477,18.4152,19.8262,1.47848,20.3212,19.0612,0.75497,19.7732,13568.8
25,"n23g0021.hpc.itc.rwth-aachen.de",25,"25",2,3,0000:ad:00.0,6,"OK",268435456,"bandwidth","D2H",50,2,25740.5,26418.9,27691.6,28652.7,2233.74,28683.7,27514.1,1141.2,8.71574,8.72519,9.02876,9.46291,0.737722,9.71233,9.10199,0.379473,9.69456,27683.8
26,"n23g0021.hpc.itc.rwth-aachen.de",26,"26",2,0,0000:1b:00.0,0,"OK",4096,"latency","H2D",50,2,12.864,13.2655,13.594,13.967,0.7015,22.871,13.9434,1.50881,0.166792,0.273122,0.280616,0.287566,0.0144439,0.296541,0.275835,0.0211885,0.301309,7.2
26,"n23g0021.hpc.itc.rwth-aachen.de",26,"26",2,0,0000:1b:00.0,0,"OK",4096,"latency","D2H",50,2,12.741,13.16,13.4705,13.667,0.507,14.343,13.4375,0.348968,0.265962,0.279118,0.283189,0.289871,0.0107531,0.299403,0.284075,0.00734359,0.304072,6.976
26,"n23g0021.hpc.itc.rwth-aachen.de",26,"26",2,0,0000:1b:00.0,0,"OK",16777216,"bandwidth","H2D",50,2,669.252,719.542,804.909,913.07,193.528,1101.05,831.071,129.339,14.191,17.1126,19.4369,21.7152,4.60261,23.347,19.2437,2.87039,20.8702,798.544
26,"n23g0021.hpc.itc.rwth-aachen.de",26,"26",2,0,0000:1b:00.0,0,"OK",16777216,"bandwidth","D2H",50,2,976.572,1047.86,1181.96,1338.15,290.285,1636.74,1215.09,196.797,9.54641,11.6766,13.2297,14.9113,3.23471,15.9998,13.1804,2.00514,14.2053,1175.3
26,"n23g0021.hpc.itc.rwth-aachen.de",26,"26",2,0,0000:1b:00.0,0,"OK",67108864,"bandwidth","H2D",50,2,2108.59,2219.98,2225.15,2227.25,7.2725,2498.24,2224.12,86.3417,25.0176,28.0615,28.088,28.1535,0.0919276,29.6406,28.1411,1.03443,30.1593,2219.1
26,"n23g0021.hpc.itc.rwth-aachen.de",26,"26",2,0,0000:1b:00.0,0,"OK",67108864,"bandwidth","D2H",50,2,3060.57,3195.47,3236.97,3242.12,46.6517,3644.08,3230.8,120.084,17.1511,19.2775,19.3082,19.5596,0.282097,20.421,19.3703,0.680489,20.732,3230.72
26,"n23g0021.hpc.itc.rwth-aachen.de",26,"26",2,0,0000:1b:00.0,0,"OK",268435456,"bandwidth","H2D",50,2,8582.98,8672.91,8735.66,8775.33,102.416,8859.92,8727.71,73.7323,28.217,28.489,28.6183,28.8254,0.336415,29.1274,28.6464,0.241703,30.7287,8729.68
26,"n23g0021.hpc.itc.rwth-aachen.de",26,"26",2,0,0000:1b:00.0,0,"OK",268435456,"bandwidth","D2H",50,2,12555.4,12647.5,12671.1,12716.2,68.6608,12785.2,12679.5,47.3618,19.5538,19.66,19.73,19.7667,0.10673,19.9117,19.7172,0.0736008,21.1849,12664.9
26,"n23g0021.hpc.itc.rwth-aachen.de",26,"26",2,1,0000:2c:00.0,2,"OK",4096,"latency","H2D",50,2,12.73,13.2945,13.587,13.9318,0.63725,17.39,13.6964,0.82035,0.219362,0.273814,0.280762,0.286938,0.0131243,0.299662,0.279375,0.0144021,0.301466,7.216
26,"n23g0021.hpc.itc.rwth-aachen.de",26,"26",2,1,0000:2c:00.0,2,"OK",4096,"latency","D2H",50,2,12.797,13.4395,13.8025,14.2235,0.784,31.569,14.3146,2.72387,0.120837,0.268197,0.276377,0.283843,0.0156461,0.298093,0.271537,0.0273312,0.296758,7.456
26,"n23g0021.hpc.itc.rwth-aachen.de",26,"26",2,1,0000:2c:00.0,2,"OK",16777216,"bandwidth","H2D",50,2,329.32,525.782,604.668,663.241,137.46,826.344,566,141.176,18.9086,23.5585,25.8406,29.747,6.1885,47.4463,29.9203,9.5132,27.7462,598.096
26,"n23g0021.hpc.itc.rwth-aachen.de",26,"26",2,1,0000:2c:00.0,2,"OK",16777216,"bandwidth","D2H",50,2,421.066,668.804,760.458,859.19,190.385,1092.22,731.321,190.706,14.3057,18.1858,20.5474,23.3673,5.18145,37.1082,23.27,7.53231,22.0626,753.888
26,"n23g0021.hpc.itc.rwth-aachen.de",26,"26",2,1,0000:2c:00.0,2,"OK",67108864,"bandwidth","H2D",50,2,1382.29,1462.32,1464.24,1466.16,3.8465,1546.16,1461.26,23.0026,40.4228,42.6282,42.6843,42.7404,0.11213,45.215,42.7822,0.690434,45.8319,1458.03
26,"n23g0021.hpc.itc.rwth-aachen.de",26,"26",2,1,0000:2c:00.0,2,"OK",67108864,"bandwidth","D2H",50,2,1736.72,1834.33,1839.32,1842.54,8.21475,1847.9,1831.26,26.8639,33.8221,33.9205,33.9799,34.0725,0.151908,35.9873,34.1372,0.523639,36.4856,1833.04
26,"n23g0021.hpc.itc.rwth-aachen.de",26,"26",2,1,0000:2c:00.0,2,"OK",268435456,"bandwidth","H2D",50,2,5485.39,5675.44,5807.85,5826.97,151.531,5838.26,5759.45,88.772,42.821,42.9039,43.0452,44.0495,1.14553,45.5756,43.4175,0.680916,46.2194,5801.47
26,"n23g0021.hpc.itc.rwth-aachen.de",26,"26",2,1,0000:2c:00.0,2,"OK",268435456,"bandwidth","D2H",50,2,7112.8,7156.94,7238.14,7330.11,173.166,7342.34,7241.55,81.401,34.0491,34.1059,34.5393,34.9311,0.82521,35.1479,34.5273,0.388241,37.0863,7231.98
26,"n23g0021.hpc.itc.rwth-aachen.de",26,"26",2,2,0000:9d:00.0,4,"OK",4096,"latency","H2D",50,2,14.668,15.5177,15.777,16.066,0.54825,18.88,15.8257,0.58074,0.20205,0.23744,0.241789,0.245828,0.00838848,0.260069,0.241343,0.00818879,0.259618,8.576
26,"n23g0021.hpc.itc.rwth-aachen.de",26,"26",2,2,0000:9d:00.0,4,"OK",4096,"latency","D2H",50,2,14.883,15.5823,15.7675,16.222,0.63975,20.439,15.9964,0.908406,0.186638,0.235156,0.241934,0.24481,0.00965443,0.256312,0.239139,0.0118252,0.259775,8.544
26,"n23g0021.hpc.itc.rwth-aachen.de",26,"26",2,2,0000:9d:00.0,4,"OK",16777216,"bandwidth","H2D",50,2,833.516,837.298,839.903,842.358,5.06075,847.549,839.999,3.35872,18.4355,18.5491,18.6034,18.6612,0.112114,18.7459,18.6015,0.0743334,19.9752,832.08
26,"n23g0021.hpc.itc.rwth-aachen.de",26,"26",2,2,0000:9d:00.0,4,"OK",16777216,"bandwidth","D2H",50,2,1784.25,1788.78,1793.6,1804.69,15.9098,1821.74,1797.21,10.2389,8.57697,8.65801,8.71154,8.73501,0.0770032,8.75718,8.69433,0.0493246,9.35395,1786.18
26,"n23g0021.hpc.itc.rwth-aachen.de",26,"26",2,2,0000:9d:00.0,4,"OK",67108864,"bandwidth","H2D",50,2,3253.67,3265.23,3271.33,3278.01,12.7782,3299.02,3272.34,10.0541,18.945,19.0665,19.1054,19.1411,0.0746136,19.2091,19.0997,0.0585682,20.5142,3263.63
26,"n23g0021.hpc.itc.rwth-aachen.de",26,"26",2,2,0000:9d:00.0,4,"OK",67108864,"bandwidth","D2H",50,2,6403.4,6415.76,6419.7,6430.68,14.9153,6446.8,6421.84,10.2527,9.69474,9.71904,9.73565,9.74163,0.0225942,9.76044,9.73243,0.0155286,10.4536,6411.47
26,"n23g0021.hpc.itc.rwth-aachen.de",26,"26",2,2,0000:9d:00.0,4,"OK",268435456,"bandwidth","H2D",50,2,12192.4,12448.1,13355.2,13372.3,924.197,13408.5,12944.7,459.44,18.6448,18.6954,18.7193,20.0835,1.38809,20.5046,19.3374,0.691348,20.0997,13347.5
26,"n23g0021.hpc.itc.rwth-aachen.de",26,"26",2,2,0000:9d:00.0,4,"OK",268435456,"bandwidth","D2H",50,2,24381.5,26519.9,27461.8,28720.1,2200.22,28763.6,27523,1181.15,8.69155,8.70469,9.10363,9.42688,0.722185,10.2537,9.10032,0.396721,9.77495,27454
26,"n23g0021.hpc.itc.rwth-aachen.de",26,"26",2,3,0000:ad:00.0,6,"OK",4096,"latency","H2D",50,2,14.515,15.9432,16.097,16.3317,0.3885,23.687,16.2986,1.20171,0.161046,0.233576,0.236982,0.239267,0.00569156,0.262811,0.235018,0.0133047,0.254457,8.656
26,"n23g0021.hpc.itc.rwth-aachen.de",26,"26",2,3,0000:ad:00.0,6,"OK",4096,"latency","D2H",50,2,15.369,15.8892,16.1755,16.4355,0.54625,26.274,16.3644,1.47074,0.145189,0.232101,0.235832,0.24008,0.00797932,0.248207,0.234353,0.0139977,0.253223,8.688
26,"n23g0021.hpc.itc.rwth-aachen.de",26,"26",2,3,0000:ad:00.0,6,"OK",16777216,"bandwidth","H2D",50,2,838.266,848.332,851.997,855.004,6.6715,860.439,851.232,4.81087,18.1593,18.2748,18.3393,18.4185,0.143715,18.6397,18.3563,0.103989,19.6916,844.096
26,"n23g0021.hpc.itc.rwth-aachen.de",26,"26",2,3,0000:ad:00.0,6,"OK",16777216,"bandwidth","D2H",50,2,1778.49,1786.43,1790.81,1799.65,13.228,1812.65,1792.91,9.11323,8.61999,8.68222,8.72509,8.74651,0.0642887,8.78555,8.71512,0.0441692,9.36849,1782.37
26,"n23g0021.hpc.itc.rwth-aachen.de",26,"26",2,3,0000:ad:00.0,6,"OK",67108864,"bandwidth","H2D",50,2,3325.4,3358.94,3366.98,3377.57,18.6365,3403.3,3367.34,14.2001,18.3646,18.5044,18.5626,18.6071,0.102669,18.7947,18.561,0.0783325,19.9315,3358.83
26,"n23g0021.hpc.itc.rwth-aachen.de",26,"26",2,3,0000:ad:00.0,6,"OK",67108864,"bandwidth","D2H",50,2,6420.58,7164.17,7171.43,7177.66,13.4862,7199.7,7145.62,130.757,8.68092,8.70758,8.71514,8.72397,0.0163917,9.73432,8.74983,0.175595,9.35781,7162.93
26,"n23g0021.hpc.itc.rwth-aachen.de",26,"26",2,3,0000:ad:00.0,6,"OK",268435456,"bandwidth","H2D",50,2,12325.8,12681.3,13570.3,13604.3,923.015,13704.6,13140.2,499.155,18.242,18.3765,18.4226,19.714,1.33754,20.2826,19.0532,0.728554,19.7811,13562.3
26,"n23g0021.hpc.itc.rwth-aachen.de",26,"26",2,3,0000:ad:00.0,6,"OK",268435456,"bandwidth","D2H",50,2,25763.9,26408.3,27839.6,28644,2235.72,28735.3,27511.9,1140.11,8.70009,8.72782,8.98075,9.46671,0.738895,9.70352,9.1027,0.37929,9.64301,27831.5
27,"n23g0021.hpc.itc.rwth-aachen.de",27,"27",2,0,0000:1b:00.0,0,"OK",4096,"latency","H2D",50,2,12.572,13.1817,13.642,13.8905,0.70875,15.169,13.6119,0.552647,0.25148,0.274626,0.279629,0.289392,0.014766,0.303428,0.280703,0.0112446,0.300249,7.456
27,"n23g0021.hpc.itc.rwth-aachen.de",27,"27",2,0,0000:1b:00.0,0,"OK",4096,"latency","D2H",50,2,12.403,12.9795,13.294,13.618,0.6385,21.249,13.4859,1.2637,0.179524,0.280123,0.286949,0.293902,0.0137784,0.307562,0.284627,0.0191006,0.308109,7.104
27,"n23g0021.hpc.itc.rwth-aachen.de",27,"27",2,0,0000:1b:00.0,0,"OK",16777216,"bandwidth","H2D",50,2,631.175,685.615,775.408,910.926,225.311,1097.29,814.918,135.915,14.2397,17.1529,20.1507,22.8061,5.65324,24.7554,19.6891,3.12291,21.6366,768.96
27,"n23g0021.hpc.itc.rwth-aachen.de",27,"27",2,0,0000:1b:00.0,0,"OK",16777216,"bandwidth","D2H",50,2,919.877,1031.07,1133.32,1330.97,299.903,1622.52,1191.9,207.617,9.63009,11.7395,13.787,15.1551,3.41559,16.986,13.4883,2.20249,14.8036,1127.1
27,"n23g0021.hpc.itc.rwth-aachen.de",27,"27",2,0,0000:1b:00.0,0,"OK",67108864,"bandwidth","H2D",50,2,2105.06,2222.19,2224.23,2226.3,4.1125,2355.07,2215.39,38.3883,26.5384,28.0735,28.0996,28.1254,0.0519547,29.6904,28.2204,0.497582,30.1717,2218.19
27,"n23g0021.hpc.itc.rwth-aachen.de",27,"27",2,0,0000:1b:00.0,0,"OK",67108864,"bandwidth","D2H",50,2,3063.38,3163.06,3232.65,3236.67,73.6107,3244.53,3198.46,60.6943,19.2632,19.31,19.334,19.7594,0.449423,20.4023,19.5479,0.379691,20.7597,3226.59
27,"n23g0021.hpc.itc.rwth-aachen.de",27,"27",2,0,0000:1b:00.0,0,"OK",268435456,"bandwidth","H2D",50,2,8587.83,8665.64,8693.62,8757.08,91.4385,8858.22,8709.29,76.005,28.2224,28.5483,28.7567,28.8496,0.301236,29.111,28.7072,0.249883,30.8773,8687.42
27,"n23g0021.hpc.itc.rwth-aachen.de",27,"27",2,0,0000:1b:00.0,0,"OK",268435456,"bandwidth","D2H",50,2,12581.4,12646.5,12677.8,12724.2,77.7293,12934.6,12685.9,63.1201,19.328,19.6475,19.7196,19.7683,0.12076,19.8706,19.7073,0.0975013,21.1737,12671.8
27,"n23g0021.hpc.itc.rwth-aachen.de",27,"27",2,1,0000:2c:00.0,2,"OK",4096,"latency","H2D",50,2,12.366,13.1245,13.404,13.5975,0.473,26.638,13.8158,2.31732,0.143205,0.280544,0.284594,0.290655,0.0101107,0.308483,0.280701,0.027781,0.305581,7.04
27,"n23g0021.hpc.itc.rwth-aachen.de",27,"27",2,1,0000:2c:00.0,2,"OK",4096,"latency","D2H",50,2,12.435,13.172,13.43,13.7852,0.61325,14.725,13.4608,0.446427,0.259063,0.276724,0.284043,0.289607,0.0128829,0.306771,0.283704,0.0093664,0.304989,7.152
27,"n23g0021.hpc.itc.rwth-aachen.de",27,"27",2,1,0000:2c:00.0,2,"OK",16777216,"bandwidth","H2D",50,2,329.135,331.918,602.378,661.309,329.391,827.169,533.506,162.29,18.8897,23.6274,25.9389,47.0748,23.4474,47.4729,32.6085,11.0803,27.8517,595.872
27,"n23g0021.hpc.itc.rwth-aachen.de",27,"27",2,1,0000:2c:00.0,2,"OK",16777216,"bandwidth","D2H",50,2,419.727,426.666,770.163,859.115,432.448,1093.19,696.674,219.436,14.293,18.1874,20.288,36.6211,18.4338,37.2266,25.1731,8.87179,21.7841,763.888
27,"n23g0021.hpc.itc.rwth-aachen.de",27,"27",2,1,0000:2c:00.0,2,"OK",67108864,"bandwidth","H2D",50,2,1383.2,1467.98,1469.4,1471.46,3.4765,1474.45,1464.71,19.7742,42.3886,42.4749,42.5343,42.5755,0.10059,45.1851,42.6787,0.605935,45.6709,1463.25
27,"n23g0021.hpc.itc.rwth-aachen.de",27,"27",2,1,0000:2c:00.0,2,"OK",67108864,"bandwidth","D2H",50,2,1738.87,1834.97,1839.87,1842.38,7.41275,1847.1,1833.97,20.3551,33.8368,33.9235,33.9698,34.0606,0.137042,35.9429,34.0834,0.395148,36.4748,1832.85
27,"n23g0021.hpc.itc.rwth-aachen.de",27,"27",2,1,0000:2c:00.0,2,"OK",268435456,"bandwidth","H2D",50,2,5478.13,5664.86,5815.87,5821.88,157.024,5827.62,5749.71,93.6583,42.8991,42.9415,42.9858,44.1318,1.19032,45.636,43.4922,0.719676,46.1557,5809.54
27,"n23g0021.hpc.itc.rwth-aachen.de",27,"27",2,1,0000:2c:00.0,2,"OK",268435456,"bandwidth","D2H",50,2,7073.65,7162.69,7253.19,7327.32,164.622,7341.98,7241.62,80.0622,34.0508,34.1189,34.4676,34.9031,0.784167,35.3424,34.5269,0.382669,37.0093,7246.85
27,"n23g0021.hpc.itc.rwth-aachen.de",27,"27",2,2,0000:9d:00.0,4,"OK",4096,"latency","H2D",50,2,15.55,16.191,16.382,16.659,0.468,19.69,16.5169,0.682037,0.193738,0.228988,0.232859,0.235606,0.00661794,0.245318,0.23131,0.00856209,0.250031,8.752
27,"n23g0021.hpc.itc.rwth-aachen.de",27,"27",2,2,0000:9d:00.0,4,"OK",4096,"latency","D2H",50,2,14.811,15.9525,16.105,16.4512,0.49875,26.704,16.3801,1.53908,0.142851,0.231879,0.236864,0.239129,0.00724941,0.257558,0.234235,0.0145604,0.254331,8.832
27,"n23g0021.hpc.itc.rwth-aachen.de",27,"27",2,2,0000:9d:00.0,4,"OK",16777216,"bandwidth","H2D",50,2,826.971,834.683,836.974,840.387,5.704,844.29,837.147,4.26675,18.5067,18.5926,18.6684,18.7197,0.127057,18.8943,18.6651,0.0953017,20.0451,828.816
27,"n23g0021.hpc.itc.rwth-aachen.de",27,"27",2,2,0000:9d:00.0,4,"OK",16777216,"bandwidth","D2H",50,2,1781.81,1792.14,1796.17,1803.34,11.2033,1820.91,1799.02,9.21305,8.58089,8.66448,8.69906,8.71865,0.0541645,8.76918,8.68553,0.0443029,9.34054,1788.59
27,"n23g0021.hpc.itc.rwth-aachen.de",27,"27",2,2,0000:9d:00.0,4,"OK",67108864,"bandwidth","H2D",50,2,3282.84,3310.36,3318.01,3326.22,15.8573,3338.87,3317.8,11.2634,18.7189,18.7901,18.8366,18.8801,0.0900083,19.0384,18.838,0.0640486,20.2256,3309.87
27,"n23g0021.hpc.itc.rwth-aachen.de",27,"27",2,2,0000:9d:00.0,4,"OK",67108864,"bandwidth","D2H",50,2,6417.5,7175.01,7182.46,7192.25,17.2425,7210.7,7156.12,136.908,8.66767,8.68991,8.70176,8.71079,0.0208831,9.73899,8.7373,0.183876,9.34344,7174.22
27,"n23g0021.hpc.itc.rwth-aachen.de",27,"27",2,2,0000:9d:00.0,4,"OK",268435456,"bandwidth","H2D",50,2,12249.7,12549,13323.4,13354.4,805.388,13403.8,12952.2,426.617,18.6515,18.7205,18.764,19.9219,1.20147,20.4087,19.3228,0.640202,20.1477,13315.1
27,"n23g0021.hpc.itc.rwth-aachen.de",27,"27",2,2,0000:9d:00.0,4,"OK",268435456,"bandwidth","D2H",50,2,25830.5,26386,27181.8,28710.6,2324.59,28746.7,27519.6,1141.67,8.69665,8.70758,9.19795,9.47471,0.767132,9.6785,9.1001,0.378002,9.87623,27173.5
27,"n23g0021.hpc.itc.rwth-aachen.de",27,"27",2,3,0000:ad:00.0,6,"OK",4096,"latency","H2D",50,2,15.139,15.9512,16.1015,16.2743,0.323,19.274,16.1177,0.550246,0.197919,0.234401,0.236916,0.239147,0.00474585,0.251978,0.236927,0.00732943,0.254386,8.672
27,"n23g0021.hpc.itc.rwth-aachen.de",27,"27",2,3,0000:ad:00.0,6,"OK",4096,"latency","D2H",50,2,15.268,15.682,15.9665,16.1695,0.4875,25.601,16.2611,1.75281,0.149006,0.235919,0.238919,0.243253,0.00733412,0.249849,0.236465,0.017503,0.256537,8.768
27,"n23g0021.hpc.itc.rwth-aachen.de",27,"27",2,3,0000:ad:00.0,6,"OK",16777216,"bandwidth","H2D",50,2,842.4,848.366,852.177,854.958,6.592,863.878,852.311,5.13876,18.087,18.2758,18.3354,18.4178,0.142007,18.5482,18.3332,0.110398,19.6875,843.744
27,"n23g0021.hpc.itc.rwth-aachen.de",27,"27",2,3,0000:ad:00.0,6,"OK",16777216,"bandwidth","D2H",50,2,1781.38,1786.31,1790.52,1801.67,15.361,1814.97,1793.11,9.20986,8.60894,8.67253,8.72652,8.7471,0.0745749,8.77129,8.71412,0.0445802,9.37002,1782.37
27,"n23g0021.hpc.itc.rwth-aachen.de",27,"27",2,3,0000:ad:00.0,6,"OK",67108864,"bandwidth","H2D",50,2,3325.45,3366.54,3373.13,3380.51,13.9727,3400.54,3371.09,16.5003,18.3794,18.4883,18.5288,18.5651,0.0767355,18.7944,18.5404,0.0910991,19.8951,3365.07
27,"n23g0021.hpc.itc.rwth-aachen.de",27,"27",2,3,0000:ad:00.0,6,"OK",67108864,"bandwidth","D2H",50,2,6405.32,7154.31,7165.7,7172.31,18.001,7183.08,7032.65,289.995,8.70101,8.71407,8.7221,8.73599,0.0219257,9.75751,8.90338,0.394187,9.36529,7157.86
27,"n23g0021.hpc.itc.rwth-aachen.de",27,"27",2,3,0000:ad:00.0,6,"OK",268435456,"bandwidth","H2D",50,2,12369.3,12627.9,13582,13618.3,990.405,13683.9,13123,523.208,18.2696,18.3576,18.4068,19.7974,1.43979,20.2113,19.0811,0.765632,19.7641,13573.9
27,"n23g0021.hpc.itc.rwth-aachen.de",27,"27",2,3,0000:ad:00.0,6,"OK",268435456,"bandwidth","D2H",50,2,25811.4,26411.3,27530.9,28651.3,2239.98,29142.2,27526.4,1143.22,8.57862,8.72561,9.08832,9.46565,0.740041,9.68563,9.09789,0.378492,9.75851,27522.9
28,"n23g0021.hpc.itc.rwth-aachen.de",28,"28",2,0,0000:1b:00.0,0,"OK",4096,"latency","H2D",50,2,12.772,13.3005,13.756,14.0173,0.71675,15.358,13.743,0.541024,0.248385,0.272143,0.277312,0.286809,0.0146654,0.298677,0.277998,0.010812,0.297762,7.328
28,"n23g0021.hpc.itc.rwth-aachen.de",28,"28",2,0,0000:1b:00.0,0,"OK",4096,"latency","D2H",50,2,12.543,13.232,13.508,13.677,0.445,16.12,13.4833,0.541939,0.236644,0.278913,0.282403,0.288293,0.00937997,0.30413,0.283347,0.0106808,0.303228,7.12
28,"n23g0021.hpc.itc.rwth-aachen.de",28,"28",2,0,0000:1b:00.0,0,"OK",16777216,"bandwidth","H2D",50,2,629.946,717.798,772.422,910.163,192.364,1098.87,808.184,132.978,14.2192,17.1673,20.2286,21.768,4.6007,24.8037,19.8284,3.04192,21.7203,766.032
28,"n23g0021.hpc.itc.rwth-aachen.de",28,"28",2,0,0000:1b:00.0,0,"OK",16777216,"bandwidth","D2H",50,2,915.476,1044.74,1130.02,1330.24,285.505,1626.7,1185.16,204.448,9.60535,11.746,13.8272,14.9559,3.20994,17.0676,13.5544,2.17649,14.8468,1123.6
28,"n23g0021.hpc.itc.rwth-aachen.de",28,"28",2,0,0000:1b:00.0,0,"OK",67108864,"bandwidth","H2D",50,2,2106.07,2184.58,2221.3,2223.41,38.8243,2349.19,2202.36,54.5237,26.6049,28.11,28.1367,28.6102,0.500193,29.6761,28.3962,0.7056,30.2116,2215.22
28,"n23g0021.hpc.itc.rwth-aachen.de",28,"28",2,0,0000:1b:00.0,0,"OK",67108864,"bandwidth","D2H",50,2,3067.49,3200.37,3234.95,3238.97,38.5997,3431.69,3211.08,75.0522,18.2126,19.2962,19.3202,19.529,0.232749,20.3749,19.4745,0.45679,20.7449,3228.83
28,"n23g0021.hpc.itc.rwth-aachen.de",28,"28",2,0,0000:1b:00.0,0,"OK",268435456,"bandwidth","H2D",50,2,8585.3,8661.71,8684.78,8727.62,65.912,8853.47,8698.13,65.5664,28.2375,28.6447,28.786,28.8627,0.217975,29.1195,28.7434,0.215479,30.9087,8678.43
28,"n23g0021.hpc.itc.rwth-aachen.de",28,"28",2,0,0000:1b:00.0,0,"OK",268435456,"bandwidth","D2H",50,2,12568.8,12633.8,12668.7,12721.4,87.5633,12750.6,12671.1,48.0436,19.6069,19.652,19.7337,19.7882,0.136205,19.8905,19.7303,0.0748504,21.1889,12662.7
28,"n23g0021.hpc.itc.rwth-aachen.de",28,"28",2,1,0000:2c:00.0,2,"OK",4096,"latency","H2D",50,2,11.953,12.3555,12.6375,12.807,0.4515,15.3,12.6647,0.511465,0.249327,0.297861,0.301856,0.308746,0.0108855,0.319141,0.301657,0.0111586,0.324116,6.544
28,"n23g0021.hpc.itc.rwth-aachen.de",28,"28",2,1,0000:2c:00.0,2,"OK",4096,"latency","D2H",50,2,11.602,12.177,12.4195,12.6665,0.4895,19.609,12.5888,1.06895,0.194538,0.301164,0.307154,0.313271,0.0121068,0.328797,0.30454,0.0181366,0.329804,6.384
28,"n23g0021.hpc.itc.rwth-aachen.de",28,"28",2,1,0000:2c:00.0,2,"OK",16777216,"bandwidth","H2D",50,2,329.391,331.762,353.847,590.735,258.972,663.736,437.663,127.677,23.541,26.4777,44.1575,47.097,20.6193,47.436,38.536,9.75826,47.4138,347.968
28,"n23g0021.hpc.itc.rwth-aachen.de",28,"28",2,1,0000:2c:00.0,2,"OK",16777216,"bandwidth","D2H",50,2,419.576,421.044,441.929,746.399,325.355,883.485,559.805,170.206,17.6856,20.9501,35.3564,37.1102,16.1601,37.24,30.2907,7.86615,37.9636,435.888
28,"n23g0021.hpc.itc.rwth-aachen.de",28,"28",2,1,0000:2c:00.0,2,"OK",67108864,"bandwidth","H2D",50,2,1388.42,1467.11,1468.75,1469.98,2.87275,1472.73,1466.82,11.5946,42.4381,42.5175,42.5531,42.6008,0.0832537,45.0152,42.6119,0.354259,45.6911,1462.61
28,"n23g0021.hpc.itc.rwth-aachen.de",28,"28",2,1,0000:2c:00.0,2,"OK",67108864,"bandwidth","D2H",50,2,1746.12,1833.74,1838.7,1841.38,7.63775,1846.16,1834.38,18.418,33.854,33.9419,33.9913,34.0833,0.141372,35.7936,34.0751,0.357516,36.4979,1832.67
28,"n23g0021.hpc.itc.rwth-aachen.de",28,"28",2,1,0000:2c:00.0,2,"OK",268435456,"bandwidth","H2D",50,2,5468.94,5689.76,5808.41,5821.03,131.264,5833.66,5753.54,87.6531,42.8547,42.9478,43.0411,43.9386,0.990813,45.7127,43.4618,0.673324,46.215,5802.13
28,"n23g0021.hpc.itc.rwth-aachen.de",28,"28",2,1,0000:2c:00.0,2,"OK",268435456,"bandwidth","D2H",50,2,7119.73,7161.9,7233.8,7302.56,140.661,7339.11,7231.41,69.511,34.0641,34.2346,34.56,34.9069,0.672349,35.1137,34.5746,0.331981,37.1085,7227.17
28,"n23g0021.hpc.itc.rwth-aachen.de",28,"28",2,2,0000:9d:00.0,4,"OK",4096,"latency","H2D",50,2,15.225,15.934,16.2025,16.381,0.447,25.616,16.5125,1.6095,0.148919,0.232873,0.235439,0.239408,0.00653451,0.250555,0.232602,0.0164121,0.252801,8.608
28,"n23g0021.hpc.itc.rwth-aachen.de",28,"28",2,2,0000:9d:00.0,4,"OK",4096,"latency","D2H",50,2,14.593,15.469,16.013,16.3515,0.8825,17.234,15.9669,0.580704,0.221347,0.233293,0.238225,0.246603,0.0133097,0.261406,0.239229,0.00872838,0.255792,8.784
28,"n23g0021.hpc.itc.rwth-aachen.de",28,"28",2,2,0000:9d:00.0,4,"OK",16777216,"bandwidth","H2D",50,2,834.001,841.744,844.454,848.264,6.51975,856.864,844.825,4.67782,18.2351,18.42,18.5031,18.5627,0.142672,18.735,18.4955,0.10232,19.8675,836.464
28,"n23g0021.hpc.itc.rwth-aachen.de",28,"28",2,2,0000:9d:00.0,4,"OK",16777216,"bandwidth","D2H",50,2,1780.89,1789.72,1793.2,1802.78,13.0655,1818.14,1796.77,9.78931,8.59394,8.66716,8.7135,8.73043,0.063273,8.77372,8.69642,0.0471863,9.35605,1785.49
28,"n23g0021.hpc.itc.rwth-aachen.de",28,"28",2,2,0000:9d:00.0,4,"OK",67108864,"bandwidth","H2D",50,2,3256.53,3271.11,3276.27,3280.97,9.852,3298.38,3275.86,9.52346,18.9487,19.0493,19.0766,19.1066,0.057373,19.1922,19.0791,0.0554512,20.4833,3268.5
28,"n23g0021.hpc.itc.rwth-aachen.de",28,"28",2,2,0000:9d:00.0,4,"OK",67108864,"bandwidth","D2H",50,2,6394.49,6410.48,6419.63,6426.9,16.4213,6451.85,6418.76,11.8812,9.68715,9.72475,9.73577,9.74966,0.0249115,9.77404,9.73711,0.0180211,10.4537,6411.81
28,"n23g0021.hpc.itc.rwth-aachen.de",28,"28",2,2,0000:9d:00.0,4,"OK",268435456,"bandwidth","H2D",50,2,12114.1,12485.6,13326.5,13364.1,878.526,13400.1,12934,458.118,18.6566,18.7068,18.7595,20.0231,1.31628,20.6371,19.3534,0.691,20.1429,13318.6
28,"n23g0021.hpc.itc.rwth-aachen.de",28,"28",2,2,0000:9d:00.0,4,"OK",268435456,"bandwidth","D2H",50,2,25818.5,26450.1,28238.3,28703.8,2253.62,28758.8,27610.2,1123.77,8.693,8.70966,8.85534,9.45175,0.742091,9.68299,9.0697,0.370679,9.50835,28230.4
28,"n23g0021.hpc.itc.rwth-aachen.de",28,"28",2,3,0000:ad:00.0,6,"OK",4096,"latency","H2D",50,2,14.561,15.5003,15.768,16.0855,0.58525,29.053,16.2292,2.16353,0.131301,0.237152,0.241927,0.246108,0.00895598,0.26198,0.23772,0.0204108,0.259767,8.256
28,"n23g0021.hpc.itc.rwth-aachen.de",28,"28",2,3,0000:ad:00.0,6,"OK",4096,"latency","D2H",50,2,14.896,15.487,15.823,16.2538,0.76675,17.106,15.8507,0.500908,0.223003,0.234696,0.241086,0.246316,0.0116198,0.256089,0.240904,0.00757805,0.258864,8.576
28,"n23g0021.hpc.itc.rwth-aachen.de",28,"28",2,3,0000:ad:00.0,6,"OK",16777216,"bandwidth","H2D",50,2,849.15,856.613,860.593,863.562,6.949,874.146,860.449,5.5938,17.8746,18.0937,18.1561,18.2404,0.146778,18.4008,18.1599,0.117875,19.4949,852.656
28,"n23g0021.hpc.itc.rwth-aachen.de",28,"28",2,3,0000:ad:00.0,6,"OK",16777216,"bandwidth","D2H",50,2,1779.47,1787.55,1791.52,1801.65,14.1,1814.96,1794.51,9.89629,8.60898,8.67263,8.72165,8.74103,0.0684041,8.7807,8.70738,0.0478405,9.3648,1783.57
28,"n23g0021.hpc.itc.rwth-aachen.de",28,"28",2,3,0000:ad:00.0,6,"OK",67108864,"bandwidth","H2D",50,2,3327.05,3367.86,3377.9,3388.57,20.7117,3400.8,3374.22,18.7734,18.3781,18.4444,18.5026,18.5578,0.11343,18.7854,18.5234,0.103589,19.867,3369.9
28,"n23g0021.hpc.itc.rwth-aachen.de",28,"28",2,3,0000:ad:00.0,6,"OK",67108864,"bandwidth","D2H",50,2,6383.1,7154.93,7162.17,7170.82,15.8922,7193.48,7044.48,278.543,8.68843,8.71588,8.72641,8.73524,0.0193594,9.79148,8.88718,0.379191,9.36991,7154.29
28,"n23g0021.hpc.itc.rwth-aachen.de",28,"28",2,3,0000:ad:00.0,6,"OK",268435456,"bandwidth","H2D",50,2,12421,12674,13571.7,13608.8,934.718,13685,13142,495.763,18.2681,18.3705,18.4207,19.7254,1.35484,20.1272,19.0503,0.7239,19.779,13563.7
28,"n23g0021.hpc.itc.rwth-aachen.de",28,"28",2,3,0000:ad:00.0,6,"OK",268435456,"bandwidth","D2H",50,2,25784.2,26341.4,28567.7,28649.6,2308.22,28678.8,27509.6,1186.78,8.71726,8.72613,8.75114,9.49077,0.764645,9.69587,9.10476,0.395026,9.39646,28559.8
29,"n23g0021.hpc.itc.rwth-aachen.de",29,"29",2,0,0000:1b:00.0,0,"OK",4096,"latency","H2D",50,2,12.694,13.186,13.552,13.949,0.763,15.7,13.641,0.56849,0.242974,0.273475,0.281486,0.289299,0.0158238,0.300512,0.280116,0.0112359,0.302243,7.296
29,"n23g0021.hpc.itc.rwth-aachen.de",29,"29",2,0,0000:1b:00.0,0,"OK",4096,"latency","D2H",50,2,12.538,13.104,13.437,13.6985,0.5945,20.045,13.6205,1.15933,0.190307,0.278476,0.283895,0.29111,0.0126339,0.304251,0.281606,0.0182414,0.30483,7.136
29,"n23g0021.hpc.itc.rwth-aachen.de",29,"29",2,0,0000:1b:00.0,0,"OK",16777216,"bandwidth","H2D",50,2,632.282,718.506,775.083,911.419,192.913,1098.78,825.107,141.076,14.2203,17.1436,20.1591,21.7465,4.6029,24.7121,19.4692,3.14817,21.6457,768.848
29,"n23g0021.hpc.itc.rwth-aachen.de",29,"29",2,0,0000:1b:00.0,0,"OK",16777216,"bandwidth","D2H",50,2,916.886,1044.3,1130.55,1340.09,295.787,1630.41,1207.31,207.094,9.58345,11.6597,13.8206,14.9622,3.30249,17.0414,13.3087,2.16264,14.8398,1124.38
29,"n23g0021.hpc.itc.rwth-aachen.de",29,"29",2,0,0000:1b:00.0,0,"OK",67108864,"bandwidth","H2D",50,2,2105.82,2219.95,2222.35,2224.42,4.476,2351.5,2212.03,43.738,26.5788,28.0972,28.1233,28.1538,0.056651,29.6797,28.2658,0.566979,30.1972,2216.43
29,"n23g0021.hpc.itc.rwth-aachen.de",29,"29",2,0,0000:1b:00.0,0,"OK",67108864,"bandwidth","D2H",50,2,3061.63,3140.53,3232.56,3236.53,95.9975,3424.36,3200.17,79.846,18.2516,19.3108,19.3346,19.9011,0.59028,20.4139,19.5424,0.487949,20.7603,3226.5
29,"n23g0021.hpc.itc.rwth-aachen.de",29,"29",2,0,0000:1b:00.0,0,"OK",268435456,"bandwidth","H2D",50,2,8481.55,8615.95,8659.91,8742.39,126.44,8855.21,8678.21,84.7872,28.232,28.5963,28.8686,29.0159,0.419654,29.4758,28.8105,0.280723,30.9975,8653.74
29,"n23g0021.hpc.itc.rwth-aachen.de",29,"29",2,0,0000:1b:00.0,0,"OK",268435456,"bandwidth","D2H",50,2,12464.3,12550.1,12594,12651.7,101.586,12748.3,12595.4,68.9055,19.6104,19.7602,19.8507,19.9201,0.159949,20.0574,19.8491,0.108607,21.3145,12587.9
29,"n23g0021.hpc.itc.rwth-aachen.de",29,"29",2,1,0000:2c:00.0,2,"OK",4096,"latency","H2D",50,2,11.869,12.282,12.634,12.9112,0.62925,16.146,12.6449,0.625381,0.236263,0.295456,0.301939,0.310593,0.0151368,0.3214,0.302324,0.0131588,0.324205,6.496
29,"n23g0021.hpc.itc.rwth-aachen.de",29,"29",2,1,0000:2c:00.0,2,"OK",4096,"latency","D2H",50,2,11.769,12.3573,12.6475,12.8788,0.5215,27.623,13.075,2.33892,0.138099,0.296202,0.301617,0.308701,0.0124997,0.324131,0.296784,0.0287137,0.323859,6.512
29,"n23g0021.hpc.itc.rwth-aachen.de",29,"29",2,1,0000:2c:00.0,2,"OK",16777216,"bandwidth","H2D",50,2,328.674,331.66,534.47,601.456,269.795,664.719,472.414,129.831,23.5062,25.9788,29.2729,47.1114,21.1326,47.5395,35.8082,10.0101,31.4316,528.112
29,"n23g0021.hpc.itc.rwth-aachen.de",29,"29",2,1,0000:2c:00.0,2,"OK",16777216,"bandwidth","D2H",50,2,419.39,422.116,651.669,759.531,337.414,881.785,601.5,167.688,17.7197,20.572,23.9787,37.0158,16.4439,37.2565,28.1546,7.87616,25.7469,645.136
29,"n23g0021.hpc.itc.rwth-aachen.de",29,"29",2,1,0000:2c:00.0,2,"OK",67108864,"bandwidth","H2D",50,2,1380.65,1463.83,1465.92,1467.56,3.72525,1473.76,1461.2,19.8775,42.4086,42.5878,42.6355,42.6962,0.10838,45.2684,42.7814,0.612167,45.7795,1459.65
29,"n23g0021.hpc.itc.rwth-aachen.de",29,"29",2,1,0000:2c:00.0,2,"OK",67108864,"bandwidth","D2H",50,2,1748.07,1833.45,1839.24,1841.5,8.05475,1845.31,1833.04,21.7134,33.8696,33.9397,33.9814,34.0888,0.149105,35.7538,34.1014,0.421332,36.4873,1833.06
29,"n23g0021.hpc.itc.rwth-aachen.de",29,"29",2,1,0000:2c:00.0,2,"OK",268435456,"bandwidth","H2D",50,2,5478.3,5625.54,5799.53,5825.43,199.886,5834.97,5732.93,102.379,42.8451,42.9153,43.107,44.4402,1.52486,45.6346,43.6217,0.786616,46.2858,5793.26
29,"n23g0021.hpc.itc.rwth-aachen.de",29,"29",2,1,0000:2c:00.0,2,"OK",268435456,"bandwidth","D2H",50,2,7096.44,7163.89,7257.33,7326.6,162.707,7346.32,7242.94,79.0833,34.0306,34.1222,34.448,34.8972,0.774988,35.2289,34.5205,0.377465,36.9882,7251.04
29,"n23g0021.hpc.itc.rwth-aachen.de",29,"29",2,2,0000:9d:00.0,4,"OK",4096,"latency","H2D",50,2,15.522,16.0378,16.2575,16.4842,0.4465,24.765,16.4936,1.31602,0.154036,0.231415,0.234642,0.237857,0.00644272,0.245761,0.23235,0.0135167,0.251945,8.736
29,"n23g0021.hpc.itc.rwth-aachen.de",29,"29",2,2,0000:9d:00.0,4,"OK",4096,"latency","D2H",50,2,14.89,15.7492,16.075,16.317,0.56775,17.297,16.0302,0.482649,0.220541,0.233788,0.237306,0.242216,0.00842797,0.256192,0.238185,0.00719507,0.254806,8.784
29,"n23g0021.hpc.itc.rwth-aachen.de",29,"29",2,2,0000:9d:00.0,4,"OK",16777216,"bandwidth","H2D",50,2,829.518,837.353,840.04,845.197,7.8435,853.264,840.768,4.86651,18.312,18.4868,18.6003,18.66,0.173166,18.8362,18.5848,0.107312,19.9719,832.016
29,"n23g0021.hpc.itc.rwth-aachen.de",29,"29",2,2,0000:9d:00.0,4,"OK",16777216,"bandwidth","D2H",50,2,1782.58,1790.35,1793.57,1803.58,13.2238,1818.67,1797.3,9.4011,8.59145,8.66335,8.71165,8.72734,0.0639886,8.76539,8.69384,0.0452993,9.35407,1786.13
29,"n23g0021.hpc.itc.rwth-aachen.de",29,"29",2,2,0000:9d:00.0,4,"OK",67108864,"bandwidth","H2D",50,2,3270.78,3305.06,3314.89,3320.21,15.1497,3342.36,3312.43,14.0896,18.6994,18.8241,18.8543,18.9104,0.0862856,19.1086,18.8687,0.0805873,20.2446,3307.04
29,"n23g0021.hpc.itc.rwth-aachen.de",29,"29",2,2,0000:9d:00.0,4,"OK",67108864,"bandwidth","D2H",50,2,6404.48,7173.94,7183.72,7189.91,15.9628,7203.3,7092.68,248.109,8.67658,8.69274,8.70022,8.71208,0.0193422,9.7588,8.82366,0.33612,9.34179,7176.94
29,"n23g0021.hpc.itc.rwth-aachen.de",29,"29",2,2,0000:9d:00.0,4,"OK",268435456,"bandwidth","H2D",50,2,12284.8,12463.6,13320.8,13363.4,899.758,13414.9,12921.8,463.178,18.636,18.7078,18.7676,20.0584,1.35053,20.3503,19.3722,0.698437,20.1516,13313.5
29,"n23g0021.hpc.itc.rwth-aachen.de",29,"29",2,2,0000:9d:00.0,4,"OK",268435456,"bandwidth","D2H",50,2,25826.7,26441.9,27973.6,28711.8,2269.89,28779.8,27565.2,1166,8.68664,8.70723,8.94143,9.4547,0.747468,9.6799,9.08573,0.385797,9.60079,27965.8
29,"n23g0021.hpc.itc.rwth-aachen.de",29,"29",2,3,0000:ad:00.0,6,"OK",4096,"latency","H2D",50,2,14.759,15.5295,15.747,15.9157,0.38625,25.01,15.924,1.38537,0.152527,0.239681,0.242249,0.245642,0.0059613,0.258466,0.2408,0.0144681,0.260113,8.464
29,"n23g0021.hpc.itc.rwth-aachen.de",29,"29",2,3,0000:ad:00.0,6,"OK",4096,"latency","D2H",50,2,15.092,15.9213,16.1345,16.259,0.33775,54.426,16.8802,5.3791,0.0700896,0.234621,0.236431,0.239598,0.00497725,0.252763,0.233548,0.024086,0.253866,8.768
29,"n23g0021.hpc.itc.rwth-aachen.de",29,"29",2,3,0000:ad:00.0,6,"OK",16777216,"bandwidth","H2D",50,2,841.28,846.203,849.662,853.983,7.77975,865.59,850.188,5.7231,18.0513,18.2966,18.3897,18.4648,0.168214,18.5729,18.3791,0.123333,19.7458,842.384
29,"n23g0021.hpc.itc.rwth-aachen.de",29,"29",2,3,0000:ad:00.0,6,"OK",16777216,"bandwidth","D2H",50,2,1778.06,1787.41,1791.35,1800.62,13.2135,1814.63,1793.88,8.79226,8.61058,8.67757,8.72247,8.74171,0.0641429,8.78769,8.71039,0.042556,9.36568,1783.39
29,"n23g0021.hpc.itc.rwth-aachen.de",29,"29",2,3,0000:ad:00.0,6,"OK",67108864,"bandwidth","H2D",50,2,3320.31,3333.08,3340.95,3346.52,13.4462,3367.96,3340.5,10.0835,18.5572,18.6761,18.7073,18.7514,0.0753438,18.8235,18.71,0.0564317,20.0868,3333.17
29,"n23g0021.hpc.itc.rwth-aachen.de",29,"29",2,3,0000:ad:00.0,6,"OK",67108864,"bandwidth","D2H",50,2,6385.75,6404.03,6410.58,6416.74,12.703,6435.4,6410.06,10.9905,9.71191,9.74015,9.74951,9.75948,0.0193206,9.78741,9.75032,0.0167212,10.4685,6402.61
29,"n23g0021.hpc.itc.rwth-aachen.de",29,"29",2,3,0000:ad:00.0,6,"OK",268435456,"bandwidth","H2D",50,2,12403.2,12665.2,13575.6,13626.8,961.594,13672.7,13159,492.175,18.2846,18.3462,18.4154,19.7391,1.39291,20.1561,19.0252,0.716283,19.7734,13567.6
29,"n23g0021.hpc.itc.rwth-aachen.de",29,"29",2,3,0000:ad:00.0,6,"OK",268435456,"bandwidth","D2H",50,2,25728.3,26402.7,28364.8,28625.6,2222.93,28741.2,27502.2,1165.03,8.69831,8.73344,8.8138,9.46873,0.735298,9.71692,9.10661,0.388269,9.46375,28356.7
30,"n23g0021.hpc.itc.rwth-aachen.de",30,"30",2,0,0000:1b:00.0,0,"OK",4096,"latency","H2D",50,2,12.805,13.537,14.086,14.3442,0.80725,15.731,14.0087,0.607878,0.242496,0.265939,0.270815,0.281798,0.0158587,0.297907,0.272811,0.0115967,0.290785,7.664
30,"n23g0021.hpc.itc.rwth-aachen.de",30,"30",2,0,0000:1b:00.0,0,"OK",4096,"latency","D2H",50,2,12.961,13.3422,13.7105,14.0093,0.667,14.858,13.7026,0.462208,0.256744,0.272299,0.278232,0.285911,0.0136125,0.294321,0.278706,0.00932009,0.298749,7.376
30,"n23g0021.hpc.itc.rwth-aachen.de",30,"30",2,0,0000:1b:00.0,0,"OK",16777216,"bandwidth","H2D",50,2,634.329,719.554,803.645,944.491,224.937,1204.67,839.369,149.88,12.9704,16.5505,19.4693,21.7149,5.16433,24.6323,19.1772,3.18522,20.905,797.248
30,"n23g0021.hpc.itc.rwth-aachen.de",30,"30",2,0,0000:1b:00.0,0,"OK",16777216,"bandwidth","D2H",50,2,924.526,1046.82,1132.94,1341.5,294.685,1636.34,1220.72,214.928,9.54878,11.6474,13.7916,14.9262,3.27876,16.9006,13.178,2.17121,14.8086,1126.61
30,"n23g0021.hpc.itc.rwth-aachen.de",30,"30",2,0,0000:1b:00.0,0,"OK",67108864,"bandwidth","H2D",50,2,2104.44,2154.54,2217.63,2220.26,65.7155,2425.77,2199.63,62.1682,25.765,28.1499,28.1833,29.0094,0.859497,29.6991,28.4361,0.787918,30.2616,2211.55
30,"n23g0021.hpc.itc.rwth-aachen.de",30,"30",2,0,0000:1b:00.0,0,"OK",67108864,"bandwidth","D2H",50,2,3059.86,3124.79,3233.54,3239.18,114.393,3432.62,3200.66,88.317,18.2077,19.295,19.3287,20.0014,0.706368,20.4257,19.542,0.535323,20.754,3227.06
30,"n23g0021.hpc.itc.rwth-aachen.de",30,"30",2,0,0000:1b:00.0,0,"OK",268435456,"bandwidth","H2D",50,2,8575.42,8621.49,8681.08,8753.18,131.688,8865.27,8694.16,80.2735,28.1999,28.5611,28.7983,28.9973,0.436255,29.1531,28.7574,0.264354,30.9219,8674.94
30,"n23g0021.hpc.itc.rwth-aachen.de",30,"30",2,0,0000:1b:00.0,0,"OK",268435456,"bandwidth","D2H",50,2,12530.4,12626.3,12662.4,12724.9,98.6165,12915.2,12670,74.2553,19.357,19.6465,19.7434,19.8,0.153452,19.9515,19.7323,0.115228,21.1994,12656.4
30,"n23g0021.hpc.itc.rwth-aachen.de",30,"30",2,1,0000:2c:00.0,2,"OK",4096,"latency","H2D",50,2,11.796,12.4138,12.7855,13.0365,0.62275,15.884,12.7659,0.605439,0.24016,0.292617,0.298361,0.307296,0.0146796,0.323389,0.29943,0.0129593,0.320363,6.576
30,"n23g0021.hpc.itc.rwth-aachen.de",30,"30",2,1,0000:2c:00.0,2,"OK",4096,"latency","D2H",50,2,11.46,11.9035,12.3345,12.5335,0.63,13.571,12.2527,0.433921,0.281092,0.30436,0.309271,0.320469,0.0161084,0.332871,0.311722,0.0109055,0.332077,6.224
30,"n23g0021.hpc.itc.rwth-aachen.de",30,"30",2,1,0000:2c:00.0,2,"OK",16777216,"bandwidth","H2D",50,2,328.193,330.595,353.148,590.473,259.879,663.7,438.38,128.913,23.5423,26.4917,44.2449,47.2633,20.7716,47.6092,38.5171,9.81664,47.5076,346.912
30,"n23g0021.hpc.itc.rwth-aachen.de",30,"30",2,1,0000:2c:00.0,2,"OK",16777216,"bandwidth","D2H",50,2,418.517,421.672,441.983,761.87,340.198,880.095,558.853,170.496,17.7538,20.5185,35.352,37.0548,16.5364,37.3342,30.332,7.82022,37.9589,435.824
30,"n23g0021.hpc.itc.rwth-aachen.de",30,"30",2,1,0000:2c:00.0,2,"OK",67108864,"bandwidth","H2D",50,2,1382.6,1467.33,1468.54,1469.81,2.48425,1474.64,1467.31,12.3305,42.3833,42.5225,42.5592,42.5945,0.0719921,45.2046,42.5982,0.3786,45.6976,1462.26
30,"n23g0021.hpc.itc.rwth-aachen.de",30,"30",2,1,0000:2c:00.0,2,"OK",67108864,"bandwidth","D2H",50,2,1737.85,1833.06,1836.91,1841.5,8.4365,1845.8,1835.02,15.0611,33.8606,33.9397,34.0245,34.0959,0.156204,35.9639,34.0619,0.292693,36.5336,1830.74
30,"n23g0021.hpc.itc.rwth-aachen.de",30,"30",2,1,0000:2c:00.0,2,"OK",268435456,"bandwidth","H2D",50,2,5471.04,5645.6,5768.51,5821.31,175.704,5837.69,5734.94,95.0474,42.8252,42.9457,43.3387,44.2823,1.33658,45.6951,43.6046,0.732275,46.5346,5762.1
30,"n23g0021.hpc.itc.rwth-aachen.de",30,"30",2,1,0000:2c:00.0,2,"OK",268435456,"bandwidth","D2H",50,2,7077.83,7173.83,7236.07,7326.75,152.922,7341.69,7242.1,72.8387,34.0521,34.1215,34.5492,34.8489,0.727358,35.3215,34.5239,0.347219,37.0969,7229.73
30,"n23g0021.hpc.itc.rwth-aachen.de",30,"30",2,2,0000:9d:00.0,4,"OK",4096,"latency","H2D",50,2,14.946,15.516,15.752,15.9993,0.48325,18.685,15.7756,0.5484,0.204158,0.23843,0.242172,0.245856,0.00742582,0.255232,0.242077,0.00774424,0.26003,8.416
30,"n23g0021.hpc.itc.rwth-aachen.de",30,"30",2,2,0000:9d:00.0,4,"OK",4096,"latency","D2H",50,2,14.817,15.4952,15.754,16.1848,0.6895,29.305,16.2295,2.31022,0.130172,0.235697,0.242142,0.246185,0.010488,0.257454,0.237994,0.0209632,0.259998,8.544
30,"n23g0021.hpc.itc.rwth-aachen.de",30,"30",2,2,0000:9d:00.0,4,"OK",16777216,"bandwidth","H2D",50,2,832.908,837.973,841.795,844.36,6.38775,851.432,841.478,4.54404,18.3514,18.5051,18.5615,18.6462,0.141063,18.7596,18.5691,0.100279,19.9303,833.584
30,"n23g0021.hpc.itc.rwth-aachen.de",30,"30",2,2,0000:9d:00.0,4,"OK",16777216,"bandwidth","D2H",50,2,1780.75,1793.44,1796.72,1802.83,9.39075,1817.98,1798.64,8.3907,8.59468,8.66695,8.69641,8.71233,0.0453765,8.77439,8.68732,0.0404075,9.3377,1788.85
30,"n23g0021.hpc.itc.rwth-aachen.de",30,"30",2,2,0000:9d:00.0,4,"OK",67108864,"bandwidth","H2D",50,2,3247.51,3266.27,3279.36,3303.55,37.2727,3330.14,3284.53,23.7356,18.768,18.9191,19.0586,19.135,0.215892,19.2455,19.0296,0.137177,20.464,3271.55
30,"n23g0021.hpc.itc.rwth-aachen.de",30,"30",2,2,0000:9d:00.0,4,"OK",67108864,"bandwidth","D2H",50,2,6391.01,6416.61,6432.03,7175.77,759.155,7199.42,6711.86,368.327,8.68125,8.70987,9.71699,9.74034,1.03047,9.77936,9.33926,0.499131,10.4335,6424.03
30,"n23g0021.hpc.itc.rwth-aachen.de",30,"30",2,2,0000:9d:00.0,4,"OK",268435456,"bandwidth","H2D",50,2,12262,12457.1,13323.4,13380.2,923.177,13432.3,12923.4,476.684,18.6118,18.6843,18.764,20.0689,1.38467,20.3882,19.3712,0.717817,20.1477,13316.3
30,"n23g0021.hpc.itc.rwth-aachen.de",30,"30",2,2,0000:9d:00.0,4,"OK",268435456,"bandwidth","D2H",50,2,25799.5,26511.3,27728.4,28717.7,2206.39,28780.1,27596.1,1133.51,8.68656,8.70544,9.02642,9.42995,0.724506,9.6901,9.07461,0.373905,9.69204,27720.4
30,"n23g0021.hpc.itc.rwth-aachen.de",30,"30",2,3,0000:ad:00.0,6,"OK",4096,"latency","H2D",50,2,14.97,15.6095,15.7395,15.9335,0.324,27.729,16.0441,1.75029,0.137571,0.239414,0.242365,0.244383,0.00496941,0.254823,0.239524,0.016372,0.260237,8.432
30,"n23g0021.hpc.itc.rwth-aachen.de",30,"30",2,3,0000:ad:00.0,6,"OK",4096,"latency","D2H",50,2,14.965,15.573,15.8205,16.044,0.471,17.057,15.8222,0.454532,0.223644,0.237765,0.241124,0.244956,0.0071904,0.254908,0.241295,0.00686223,0.258905,8.512
30,"n23g0021.hpc.itc.rwth-aachen.de",30,"30",2,3,0000:ad:00.0,6,"OK",16777216,"bandwidth","H2D",50,2,846.084,851.624,856.426,859.196,7.572,867.625,855.843,4.86876,18.0089,18.1856,18.2444,18.3473,0.161693,18.4674,18.2574,0.103857,19.5898,849.024
30,"n23g0021.hpc.itc.rwth-aachen.de",30,"30",2,3,0000:ad:00.0,6,"OK",16777216,"bandwidth","D2H",50,2,1777.83,1786.64,1792.15,1799.67,13.029,1818.62,1793.57,9.68091,8.59169,8.68213,8.71856,8.74544,0.063314,8.78883,8.71191,0.0468869,9.36148,1784
30,"n23g0021.hpc.itc.rwth-aachen.de",30,"30",2,3,0000:ad:00.0,6,"OK",67108864,"bandwidth","H2D",50,2,3301.87,3314.6,3328.47,3345.13,30.5245,3362.41,3330.69,17.9809,18.5878,18.6839,18.7774,18.8559,0.172064,18.9287,18.7654,0.101275,20.1621,3320.45
30,"n23g0021.hpc.itc.rwth-aachen.de",30,"30",2,3,0000:ad:00.0,6,"OK",67108864,"bandwidth","D2H",50,2,6386.11,6399.24,6404.95,6410.41,11.1677,6433.94,6404.7,8.84073,9.71411,9.74976,9.75807,9.76678,0.017015,9.78686,9.75848,0.0134616,10.4777,6397.22
30,"n23g0021.hpc.itc.rwth-aachen.de",30,"30",2,3,0000:ad:00.0,6,"OK",268435456,"bandwidth","H2D",50,2,12396.2,12638,13574.8,13616.3,978.309,13671.1,13143.7,501.137,18.2867,18.3604,18.4165,19.7817,1.42128,20.1674,19.0484,0.731092,19.7746,13567.1
30,"n23g0021.hpc.itc.rwth-aachen.de",30,"30",2,3,0000:ad:00.0,6,"OK",268435456,"bandwidth","D2H",50,2,25755.5,26371.6,27851.8,28638.8,2267.24,28718.8,27488.3,1157.68,8.70511,8.72941,8.97622,9.4799,0.750493,9.70666,9.111,0.385185,9.63814,27843.7
31,"n23g0021.hpc.itc.rwth-aachen.de",31,"31",2,0,0000:1b:00.0,0,"OK",4096,"latency","H2D",50,2,12.455,13.317,13.8815,14.0442,0.72725,15.415,13.7724,0.583087,0.247467,0.27162,0.274805,0.286453,0.0148333,0.306278,0.277472,0.0116285,0.295069,7.504
31,"n23g0021.hpc.itc.rwth-aachen.de",31,"31",2,0,0000:1b:00.0,0,"OK",4096,"latency","D2H",50,2,12.735,13.245,13.4805,13.867,0.622,18.88,13.6782,1.01805,0.20205,0.275092,0.282979,0.28801,0.0129181,0.299544,0.28012,0.0166747,0.303847,7.184
31,"n23g0021.hpc.itc.rwth-aachen.de",31,"31",2,0,0000:1b:00.0,0,"OK",16777216,"bandwidth","H2D",50,2,631.473,685.88,774.26,911.228,225.348,1098.35,807.646,133.32,14.2259,17.1472,20.1806,22.7973,5.65013,24.7437,19.844,3.04753,21.6687,767.664
31,"n23g0021.hpc.itc.rwth-aachen.de",31,"31",2,0,0000:1b:00.0,0,"OK",16777216,"bandwidth","D2H",50,2,916.415,1004.17,1131.35,1326.85,322.674,1637.55,1182.87,203.273,9.54168,11.7761,13.811,15.5685,3.79249,17.0501,13.5716,2.13372,14.8294,1124.88
31,"n23g0021.hpc.itc.rwth-aachen.de",31,"31",2,0,0000:1b:00.0,0,"OK",67108864,"bandwidth","H2D",50,2,2106.13,2120.4,2219.95,2222.66,102.258,2397.03,2189.78,62.5902,26.074,28.1194,28.1538,29.4755,1.3561,29.6753,28.5647,0.806481,30.2299,2213.87
31,"n23g0021.hpc.itc.rwth-aachen.de",31,"31",2,0,0000:1b:00.0,0,"OK",67108864,"bandwidth","D2H",50,2,3057.71,3147.21,3233.96,3238.49,91.2808,3426.64,3203.25,76.9647,18.2394,19.2991,19.3262,19.8589,0.559748,20.4402,19.5227,0.469635,20.7513,3227.82
31,"n23g0021.hpc.itc.rwth-aachen.de",31,"31",2,0,0000:1b:00.0,0,"OK",268435456,"bandwidth","H2D",50,2,8567.74,8644.64,8679.14,8733.43,88.7955,8853.66,8693.13,73.8922,28.2369,28.6256,28.8047,28.9197,0.294036,29.1792,28.7604,0.24349,30.9288,8673.1
31,"n23g0021.hpc.itc.rwth-aachen.de",31,"31",2,0,0000:1b:00.0,0,"OK",268435456,"bandwidth","D2H",50,2,12530.9,12624.8,12657.8,12697,72.2542,12887.4,12660.6,62.1559,19.3988,19.6896,19.7507,19.8023,0.112684,19.9507,19.7468,0.0965752,21.2071,12651.6
31,"n23g0021.hpc.itc.rwth-aachen.de",31,"31",2,1,0000:2c:00.0,2,"OK",4096,"latency","H2D",50,2,12.404,12.7662,13.269,13.5717,0.8055,22.705,13.4515,1.49268,0.168011,0.281076,0.28749,0.298812,0.0177361,0.307538,0.285955,0.0218188,0.30869,7.072
31,"n23g0021.hpc.itc.rwth-aachen.de",31,"31",2,1,0000:2c:00.0,2,"OK",4096,"latency","D2H",50,2,12.758,13.032,13.3655,13.5802,0.54825,14.069,13.343,0.335294,0.271142,0.2809,0.285414,0.292719,0.0118182,0.299004,0.286076,0.00719038,0.306461,7.184
31,"n23g0021.hpc.itc.rwth-aachen.de",31,"31",2,1,0000:2c:00.0,2,"OK",16777216,"bandwidth","H2D",50,2,329.174,331.027,602.671,661.909,330.881,822.968,523.796,167.419,18.9862,23.606,25.9263,47.2016,23.5956,47.4673,33.4134,11.3398,27.8381,596.192
31,"n23g0021.hpc.itc.rwth-aachen.de",31,"31",2,1,0000:2c:00.0,2,"OK",16777216,"bandwidth","D2H",50,2,419.212,424.414,767.393,864.537,440.123,1100.48,677.714,226.081,14.1983,18.0733,20.3613,36.8158,18.7425,37.2723,26.0496,9.10632,21.8628,761.12
31,"n23g0021.hpc.itc.rwth-aachen.de",31,"31",2,1,0000:2c:00.0,2,"OK",67108864,"bandwidth","H2D",50,2,1381.6,1465.55,1467.53,1469.08,3.5345,1473.9,1462.54,20.2424,42.4045,42.5436,42.5885,42.6462,0.102603,45.2373,42.7426,0.622795,45.729,1461.44
31,"n23g0021.hpc.itc.rwth-aachen.de",31,"31",2,1,0000:2c:00.0,2,"OK",67108864,"bandwidth","D2H",50,2,1740.72,1832.13,1837.05,1840.25,8.11825,1845.36,1831.51,21.5492,33.8688,33.9628,34.022,34.1132,0.150491,35.9046,34.1297,0.418852,36.5308,1830.61
31,"n23g0021.hpc.itc.rwth-aachen.de",31,"31",2,1,0000:2c:00.0,2,"OK",268435456,"bandwidth","H2D",50,2,5474.11,5636.06,5723.2,5819.67,183.604,5830.72,5728.39,95.1983,42.8763,42.9578,43.6819,44.3572,1.39942,45.6695,43.6544,0.732424,46.9031,5716.93
31,"n23g0021.hpc.itc.rwth-aachen.de",31,"31",2,1,0000:2c:00.0,2,"OK",268435456,"bandwidth","D2H",50,2,7051.37,7159.79,7247.58,7301.43,141.636,7339.78,7230.08,78.034,34.061,34.2399,34.4943,34.9172,0.677339,35.4541,34.5818,0.374274,37.0379,7241.15
31,"n23g0021.hpc.itc.rwth-aachen.de",31,"31",2,2,0000:9d:00.0,4,"OK",4096,"latency","H2D",50,2,14.893,15.983,16.256,16.4588,0.47575,28.096,16.521,1.74257,0.135774,0.231773,0.234664,0.238672,0.00689905,0.25614,0.232532,0.0157236,0.251969,8.704
31,"n23g0021.hpc.itc.rwth-aachen.de",31,"31",2,2,0000:9d:00.0,4,"OK",4096,"latency","D2H",50,2,15.212,15.8878,16.057,16.3208,0.433,33.984,16.4663,2.58156,0.11225,0.233733,0.237572,0.240103,0.00637014,0.250769,0.234649,0.0194395,0.255091,8.784
31,"n23g0021.hpc.itc.rwth-aachen.de",31,"31",2,2,0000:9d:00.0,4,"OK",16777216,"bandwidth","H2D",50,2,833.997,840.14,842.74,845.46,5.3195,852.614,842.915,4.62737,18.326,18.4811,18.5407,18.5981,0.117015,18.7351,18.5374,0.101672,19.9079,834.336
31,"n23g0021.hpc.itc.rwth-aachen.de",31,"31",2,2,0000:9d:00.0,4,"OK",16777216,"bandwidth","D2H",50,2,1779.4,1789.74,1794.05,1800.91,11.173,1813.15,1795.82,8.40568,8.61759,8.67617,8.70936,8.73033,0.0541633,8.78105,8.70097,0.0406398,9.3516,1786.16
31,"n23g0021.hpc.itc.rwth-aachen.de",31,"31",2,2,0000:9d:00.0,4,"OK",67108864,"bandwidth","H2D",50,2,3277.2,3303.73,3311.13,3317.48,13.752,3340.44,3310.77,10.8269,18.7101,18.8396,18.8757,18.918,0.078421,19.0711,18.878,0.0618183,20.2677,3302.56
31,"n23g0021.hpc.itc.rwth-aachen.de",31,"31",2,2,0000:9d:00.0,4,"OK",67108864,"bandwidth","D2H",50,2,6430.16,7181.08,7186.4,7194.22,13.1365,7246.12,7160.32,140.983,8.62531,8.68753,8.69698,8.70342,0.0158923,9.71982,8.73239,0.189325,9.33832,7178.46
31,"n23g0021.hpc.itc.rwth-aachen.de",31,"31",2,2,0000:9d:00.0,4,"OK",268435456,"bandwidth","H2D",50,2,12120.1,12461.7,13314.9,13361.6,899.863,13385.6,12917.7,464.33,18.6768,18.7103,18.7759,20.0614,1.35108,20.6269,19.3785,0.700963,20.1605,13306.9
31,"n23g0021.hpc.itc.rwth-aachen.de",31,"31",2,2,0000:9d:00.0,4,"OK",268435456,"bandwidth","D2H",50,2,25805.6,26453,28290.5,28713.8,2260.73,28755.9,27591.2,1159.35,8.69387,8.70663,8.83872,9.45071,0.744086,9.68782,9.07697,0.383538,9.4905,28282.5
31,"n23g0021.hpc.itc.rwth-aachen.de",31,"31",2,3,0000:ad:00.0,6,"OK",4096,"latency","H2D",50,2,14.828,15.5548,15.821,16.0182,0.4635,18.748,15.8664,0.581156,0.203472,0.238147,0.241116,0.245243,0.00709618,0.257263,0.240727,0.00821531,0.258896,8.496
31,"n23g0021.hpc.itc.rwth-aachen.de",31,"31",2,3,0000:ad:00.0,6,"OK",4096,"latency","D2H",50,2,15.189,15.7683,15.969,16.2455,0.47725,26.842,16.2012,1.57096,0.142117,0.234816,0.238881,0.241923,0.00710699,0.251149,0.236871,0.0147455,0.256497,8.688
31,"n23g0021.hpc.itc.rwth-aachen.de",31,"31",2,3,0000:ad:00.0,6,"OK",16777216,"bandwidth","H2D",50,2,844.659,852.415,854.998,860.242,7.8275,872.161,856.495,6.02878,17.9153,18.1635,18.2749,18.3303,0.16679,18.4986,18.2438,0.128025,19.6225,847.296
31,"n23g0021.hpc.itc.rwth-aachen.de",31,"31",2,3,0000:ad:00.0,6,"OK",16777216,"bandwidth","D2H",50,2,1778.61,1786.74,1790.8,1799.37,12.6245,1814.87,1793.44,9.7026,8.60943,8.68362,8.72517,8.74497,0.0613547,8.78495,8.71256,0.0469609,9.36858,1782.77
31,"n23g0021.hpc.itc.rwth-aachen.de",31,"31",2,3,0000:ad:00.0,6,"OK",67108864,"bandwidth","H2D",50,2,3306.89,3353.33,3369.17,3376.33,22.996,3401.27,3362.39,22.9289,18.3755,18.5112,18.5505,18.6382,0.126944,18.9,18.5888,0.127572,19.9185,3360.19
31,"n23g0021.hpc.itc.rwth-aachen.de",31,"31",2,3,0000:ad:00.0,6,"OK",67108864,"bandwidth","D2H",50,2,6402.16,7150.55,7164.31,7170.43,19.8752,7185.41,6991.08,316.316,8.69818,8.71636,8.72379,8.74059,0.0242286,9.76233,8.95942,0.429979,9.3671,7156.32
31,"n23g0021.hpc.itc.rwth-aachen.de",31,"31",2,3,0000:ad:00.0,6,"OK",268435456,"bandwidth","H2D",50,2,12366.9,12615.7,13477.5,13605.1,989.409,13649.7,13123.3,501.749,18.3154,18.3755,18.5503,19.8167,1.44116,20.2152,19.0782,0.73334,19.9183,13469.8
31,"n23g0021.hpc.itc.rwth-aachen.de",31,"31",2,3,0000:ad:00.0,6,"OK",268435456,"bandwidth","D2H",50,2,23879.3,26326.1,26577,28638.3,2312.25,28741.8,27296.7,1277.43,8.69814,8.72956,9.40665,9.49629,0.766731,10.4693,9.17894,0.435144,10.1003,26569.4
32,"n23g0021.hpc.itc.rwth-aachen.de",32,"32",2,0,0000:1b:00.0,0,"OK",4096,"latency","H2D",50,2,12.672,13.21,13.6445,13.9703,0.76025,15.716,13.6673,0.589327,0.242727,0.273059,0.279579,0.288774,0.0157147,0.301034,0.279615,0.0116971,0.300196,7.392
32,"n23g0021.hpc.itc.rwth-aachen.de",32,"32",2,0,0000:1b:00.0,0,"OK",4096,"latency","D2H",50,2,12.578,13.1263,13.3755,13.7542,0.628,21.003,13.603,1.18182,0.181626,0.277347,0.285201,0.290617,0.0132697,0.303283,0.281948,0.0177249,0.306232,7.136
32,"n23g0021.hpc.itc.rwth-aachen.de",32,"32",2,0,0000:1b:00.0,0,"OK",16777216,"bandwidth","H2D",50,2,631,684.873,773.032,909.765,224.892,1101.69,809.722,138.324,14.1827,17.1748,20.2126,22.8296,5.65481,24.7623,19.8267,3.13932,21.7031,766.576
32,"n23g0021.hpc.itc.rwth-aachen.de",32,"32",2,0,0000:1b:00.0,0,"OK",16777216,"bandwidth","D2H",50,2,915.631,1045.29,1127.74,1327.7,282.411,1635.2,1191.01,208.596,9.5554,11.7685,13.8551,14.948,3.17954,17.0647,13.4997,2.20127,14.8768,1121.54
32,"n23g0021.hpc.itc.rwth-aachen.de",32,"32",2,0,0000:1b:00.0,0,"OK",67108864,"bandwidth","H2D",50,2,2108,2149.8,2224.54,2226.79,76.9935,2355.74,2196.16,52.617,26.531,28.0673,28.0957,29.0726,1.00524,29.649,28.4753,0.687239,30.1676,2218.3
32,"n23g0021.hpc.itc.rwth-aachen.de",32,"32",2,0,0000:1b:00.0,0,"OK",67108864,"bandwidth","D2H",50,2,3064.22,3155.93,3236.37,3238.2,82.2718,3428.93,3204.67,79.7207,18.2272,19.3009,19.3117,19.8052,0.504363,20.3967,19.5149,0.487322,20.7358,3230.29
32,"n23g0021.hpc.itc.rwth-aachen.de",32,"32",2,0,0000:1b:00.0,0,"OK",268435456,"bandwidth","H2D",50,2,8470.83,8607.99,8645.59,8713.54,105.551,8849.61,8661.4,82.4443,28.2498,28.691,28.9165,29.0428,0.351785,29.5131,28.8663,0.273894,31.0488,8639.5
32,"n23g0021.hpc.itc.rwth-aachen.de",32,"32",2,0,0000:1b:00.0,0,"OK",268435456,"bandwidth","D2H",50,2,12497.6,12584.2,12621.6,12659.2,74.956,12904.8,12629.6,73.0095,19.3727,19.7485,19.8074,19.8662,0.117629,20.0038,19.7955,0.113822,21.268,12615.6
32,"n23g0021.hpc.itc.rwth-aachen.de",32,"32",2,1,0000:2c:00.0,2,"OK",4096,"latency","H2D",50,2,12.292,13.1107,13.3395,13.584,0.47325,15.901,13.3635,0.517823,0.239903,0.280823,0.28597,0.29096,0.0101375,0.31034,0.285857,0.0103907,0.307058,7.12
32,"n23g0021.hpc.itc.rwth-aachen.de",32,"32",2,1,0000:2c:00.0,2,"OK",4096,"latency","D2H",50,2,12.676,13.0985,13.463,13.869,0.7705,17.419,13.5867,0.771926,0.218996,0.275052,0.283347,0.291232,0.0161795,0.300939,0.281557,0.0139991,0.304241,7.296
32,"n23g0021.hpc.itc.rwth-aachen.de",32,"32",2,1,0000:2c:00.0,2,"OK",16777216,"bandwidth","H2D",50,2,329.312,555.096,603.883,662.526,107.43,823.424,579.038,134.992,18.9756,23.584,25.8742,28.1483,4.56432,47.4474,29.0034,8.91872,27.7822,597.36
32,"n23g0021.hpc.itc.rwth-aachen.de",32,"32",2,1,0000:2c:00.0,2,"OK",16777216,"bandwidth","D2H",50,2,420.519,695.264,766.755,864.49,169.227,1093.86,750.333,181.562,14.2843,18.0742,20.3784,22.4735,4.39926,37.1565,22.4224,6.87811,21.8811,760.336
32,"n23g0021.hpc.itc.rwth-aachen.de",32,"32",2,1,0000:2c:00.0,2,"OK",67108864,"bandwidth","H2D",50,2,1381.91,1465.16,1467.14,1468.25,3.09375,1471.39,1458.83,24.8029,42.4768,42.5677,42.5998,42.6576,0.0898839,45.2272,42.8554,0.762802,45.7412,1460.83
32,"n23g0021.hpc.itc.rwth-aachen.de",32,"32",2,1,0000:2c:00.0,2,"OK",67108864,"bandwidth","D2H",50,2,1739.48,1833.41,1838.96,1841.38,7.965,1846.43,1828.59,28.6655,33.849,33.9419,33.9866,34.0894,0.147456,35.9302,34.188,0.558115,36.4928,1832.85
32,"n23g0021.hpc.itc.rwth-aachen.de",32,"32",2,1,0000:2c:00.0,2,"OK",268435456,"bandwidth","H2D",50,2,5475.97,5646.59,5761.76,5821.03,174.442,5840.79,5731.97,98.2995,42.8024,42.9477,43.3896,44.2746,1.32689,45.654,43.628,0.757708,46.5892,5755.47
32,"n23g0021.hpc.itc.rwth-aachen.de",32,"32",2,1,0000:2c:00.0,2,"OK",268435456,"bandwidth","D2H",50,2,7028.73,7166.7,7216.38,7326.08,159.383,7349.19,7235.81,81.0759,34.0173,34.1247,34.6435,34.8836,0.758909,35.5683,34.5547,0.38777,37.1981,7209.98
32,"n23g0021.hpc.itc.rwth-aachen.de",32,"32",2,2,0000:9d:00.0,4,"OK",4096,"latency","H2D",50,2,15.071,15.693,15.8615,15.9995,0.3065,18.739,15.8956,0.522973,0.20357,0.238426,0.2405,0.243083,0.00465657,0.253115,0.240221,0.00722736,0.258235,8.496
32,"n23g0021.hpc.itc.rwth-aachen.de",32,"32",2,2,0000:9d:00.0,4,"OK",4096,"latency","D2H",50,2,14.715,15.5252,15.8235,16.339,0.81375,29.184,16.3646,2.44597,0.130712,0.233472,0.241078,0.245709,0.0122374,0.259239,0.236336,0.0218808,0.258856,8.688
32,"n23g0021.hpc.itc.rwth-aachen.de",32,"32",2,2,0000:9d:00.0,4,"OK",16777216,"bandwidth","H2D",50,2,829.478,835.127,837.517,840.802,5.675,850.466,838.255,4.84883,18.3723,18.5835,18.6563,18.7097,0.126282,18.8371,18.6405,0.107571,20.0321,829.696
32,"n23g0021.hpc.itc.rwth-aachen.de",32,"32",2,2,0000:9d:00.0,4,"OK",16777216,"bandwidth","D2H",50,2,1776.41,1789.14,1792.38,1800.32,11.1782,1815.41,1794.71,9.49995,8.60686,8.67903,8.71745,8.73325,0.0542248,8.79583,8.70637,0.0459786,9.36029,1784.26
32,"n23g0021.hpc.itc.rwth-aachen.de",32,"32",2,2,0000:9d:00.0,4,"OK",67108864,"bandwidth","H2D",50,2,3247.09,3263.02,3276.23,3300.53,37.5148,3321.89,3281.93,21.9603,18.8146,18.9363,19.0768,19.1541,0.21771,19.248,19.0445,0.127226,20.4835,3268.3
32,"n23g0021.hpc.itc.rwth-aachen.de",32,"32",2,2,0000:9d:00.0,4,"OK",67108864,"bandwidth","D2H",50,2,6392.17,6419.07,6434.81,7180.4,761.323,7204.61,6737.34,372.965,8.675,8.70425,9.7128,9.73661,1.03235,9.77759,9.30465,0.505695,10.429,6426.85
32,"n23g0021.hpc.itc.rwth-aachen.de",32,"32",2,2,0000:9d:00.0,4,"OK",268435456,"bandwidth","H2D",50,2,12197.7,12423.1,13230,13354.5,931.393,13392.4,12904.5,468.748,18.6674,18.7203,18.8973,20.1238,1.40352,20.4957,19.3989,0.708166,20.2909,13222.2
32,"n23g0021.hpc.itc.rwth-aachen.de",32,"32",2,2,0000:9d:00.0,4,"OK",268435456,"bandwidth","D2H",50,2,23953.7,26369.7,27086.4,28708,2338.32,28749.6,27387.8,1270.36,8.69578,8.70837,9.23194,9.48058,0.772211,10.4368,9.14811,0.431001,9.91272,27078.1
32,"n23g0021.hpc.itc.rwth-aachen.de",32,"32",2,3,0000:ad:00.0,6,"OK",4096,"latency","H2D",50,2,15.236,15.7982,16.0455,16.3053,0.507,23.859,16.2168,1.21803,0.159885,0.233957,0.237742,0.241463,0.00750628,0.250374,0.236215,0.0132324,0.255274,8.544
32,"n23g0021.hpc.itc.rwth-aachen.de",32,"32",2,3,0000:ad:00.0,6,"OK",4096,"latency","D2H",50,2,15.226,15.775,16.054,16.473,0.698,29.983,16.3626,1.9892,0.127229,0.231573,0.237617,0.241819,0.0102465,0.250538,0.235122,0.0165713,0.255139,8.816
32,"n23g0021.hpc.itc.rwth-aachen.de",32,"32",2,3,0000:ad:00.0,6,"OK",16777216,"bandwidth","H2D",50,2,846.797,851.251,854.409,858.605,7.354,870.728,855.343,5.06022,17.9448,18.1981,18.2875,18.3553,0.157215,18.4519,18.2682,0.107671,19.636,846.72
32,"n23g0021.hpc.itc.rwth-aachen.de",32,"32",2,3,0000:ad:00.0,6,"OK",16777216,"bandwidth","D2H",50,2,1771.35,1784.66,1787.46,1796.11,11.4537,1811.21,1790.47,9.28365,8.62683,8.69935,8.74147,8.75517,0.0558275,8.82098,8.72701,0.045087,9.38609,1779.79
32,"n23g0021.hpc.itc.rwth-aachen.de",32,"32",2,3,0000:ad:00.0,6,"OK",67108864,"bandwidth","H2D",50,2,3312.35,3348.15,3362.96,3371.54,23.387,3401.12,3360.19,21.0003,18.3763,18.5375,18.5848,18.667,0.129492,18.8688,18.6009,0.116638,19.9553,3355.04
32,"n23g0021.hpc.itc.rwth-aachen.de",32,"32",2,3,0000:ad:00.0,6,"OK",67108864,"bandwidth","D2H",50,2,6389.34,6792.26,7161.62,7173.11,380.85,7184.32,6974.65,326.028,8.6995,8.71309,8.72708,9.20962,0.496524,9.78191,8.98174,0.443235,9.37063,7153.78
32,"n23g0021.hpc.itc.rwth-aachen.de",32,"32",2,3,0000:ad:00.0,6,"OK",268435456,"bandwidth","H2D",50,2,12255.2,12650.7,13584.6,13609.7,958.909,13649.5,13126.4,514.422,18.3157,18.3693,18.4032,19.7617,1.39237,20.3995,19.0751,0.753126,19.7603,13576.6
32,"n23g0021.hpc.itc.rwth-aachen.de",32,"32",2,3,0000:ad:00.0,6,"OK",268435456,"bandwidth","D2H",50,2,25785.6,26466.9,28557.3,28630.4,2163.47,28691.1,27562.7,1117.57,8.71351,8.73198,8.75433,9.44576,0.713775,9.69533,9.08523,0.370364,9.39989,28549.1
33,"n23g0021.hpc.itc.rwth-aachen.de",33,"33",2,0,0000:1b:00.0,0,"OK",4096,"latency","H2D",50,2,12.849,13.2717,13.665,14.005,0.73325,39.985,14.3757,3.81477,0.0954032,0.272381,0.279159,0.28743,0.0150493,0.296887,0.273142,0.0310087,0.299744,7.44
33,"n23g0021.hpc.itc.rwth-aachen.de",33,"33",2,0,0000:1b:00.0,0,"OK",4096,"latency","D2H",50,2,12.278,12.9055,13.19,13.5055,0.6,14.307,13.2348,0.432657,0.266632,0.282455,0.289212,0.295587,0.0131322,0.310694,0.288539,0.00936824,0.310539,7.024
33,"n23g0021.hpc.itc.rwth-aachen.de",33,"33",2,0,0000:1b:00.0,0,"OK",16777216,"bandwidth","H2D",50,2,631.869,718.171,778.23,912.44,194.269,1101.53,825.696,141.283,14.1848,17.1244,20.0776,21.7566,4.63224,24.7282,19.4554,3.14553,21.5582,768.736
33,"n23g0021.hpc.itc.rwth-aachen.de",33,"33",2,0,0000:1b:00.0,0,"OK",16777216,"bandwidth","D2H",50,2,915.364,1043.08,1131.25,1332.35,289.263,1639.72,1200.28,211.423,9.52907,11.7275,13.8121,14.9797,3.25221,17.0697,13.4042,2.22363,14.8307,1124.85
33,"n23g0021.hpc.itc.rwth-aachen.de",33,"33",2,0,0000:1b:00.0,0,"OK",67108864,"bandwidth","H2D",50,2,2105.82,2203.31,2220.85,2222.79,19.485,2352.36,2206.21,53.9802,26.569,28.1178,28.1423,28.3668,0.248996,29.6796,28.3461,0.693973,30.2176,2214.75
33,"n23g0021.hpc.itc.rwth-aachen.de",33,"33",2,0,0000:1b:00.0,0,"OK",67108864,"bandwidth","D2H",50,2,3064.18,3115.82,3228.51,3238.47,122.643,3431.58,3191.13,80.4493,18.2132,19.2993,19.3588,20.0589,0.759647,20.397,19.5978,0.488766,20.7863,3222.46
33,"n23g0021.hpc.itc.rwth-aachen.de",33,"33",2,0,0000:1b:00.0,0,"OK",268435456,"bandwidth","H2D",50,2,8527.58,8629.03,8658.73,8718.99,89.956,8801.05,8666.33,56.9447,28.4057,28.6731,28.8726,28.972,0.298911,29.3166,28.8485,0.189407,31.0017,8652.61
33,"n23g0021.hpc.itc.rwth-aachen.de",33,"33",2,0,0000:1b:00.0,0,"OK",268435456,"bandwidth","D2H",50,2,12453.7,12560,12595,12632.6,72.5588,12739,12594.4,59.3268,19.6247,19.7901,19.8492,19.9045,0.114327,20.0743,19.8505,0.0935313,21.3129,12589
33,"n23g0021.hpc.itc.rwth-aachen.de",33,"33",2,1,0000:2c:00.0,2,"OK",4096,"latency","H2D",50,2,12.331,13.1585,13.495,13.6922,0.53375,23.171,13.735,1.54036,0.164632,0.278603,0.282675,0.289904,0.0113011,0.309358,0.280095,0.0214629,0.30352,7.088
33,"n23g0021.hpc.itc.rwth-aachen.de",33,"33",2,1,0000:2c:00.0,2,"OK",4096,"latency","D2H",50,2,12.712,13.0587,13.3955,13.7048,0.646,14.201,13.408,0.406092,0.268622,0.278349,0.284775,0.292118,0.0137695,0.300086,0.284769,0.00858312,0.305774,7.104
33,"n23g0021.hpc.itc.rwth-aachen.de",33,"33",2,1,0000:2c:00.0,2,"OK",16777216,"bandwidth","H2D",50,2,328.423,530.878,603.428,663.611,132.733,823.116,577.989,137.423,18.9827,23.5454,25.8937,29.4515,5.90608,47.5758,29.1001,8.97288,27.8032,597.04
33,"n23g0021.hpc.itc.rwth-aachen.de",33,"33",2,1,0000:2c:00.0,2,"OK",16777216,"bandwidth","D2H",50,2,419.907,699.501,779.024,867.97,168.469,1107.54,752.088,188.554,14.1078,18.0018,20.0572,22.3374,4.33558,37.2106,22.5152,7.20876,21.5362,772.368
33,"n23g0021.hpc.itc.rwth-aachen.de",33,"33",2,1,0000:2c:00.0,2,"OK",67108864,"bandwidth","H2D",50,2,1383.53,1465.83,1467.92,1469.2,3.3715,1472.86,1462.14,20.4074,42.4344,42.5402,42.5772,42.638,0.0978456,45.1742,42.7544,0.625712,45.7169,1461.66
33,"n23g0021.hpc.itc.rwth-aachen.de",33,"33",2,1,0000:2c:00.0,2,"OK",67108864,"bandwidth","D2H",50,2,1740.33,1833.17,1839.92,1842.44,9.27025,1844.94,1831.1,26.2227,33.8764,33.9225,33.9689,34.094,0.171546,35.9126,34.1399,0.510577,36.4739,1833.52
33,"n23g0021.hpc.itc.rwth-aachen.de",33,"33",2,1,0000:2c:00.0,2,"OK",268435456,"bandwidth","H2D",50,2,5480.15,5631.57,5723.69,5814.64,183.067,5832.13,5716.12,95.5942,42.866,42.9949,43.6782,44.3926,1.39766,45.6192,43.7483,0.735676,46.8991,5717.02
33,"n23g0021.hpc.itc.rwth-aachen.de",33,"33",2,1,0000:2c:00.0,2,"OK",268435456,"bandwidth","D2H",50,2,6980.05,7167.33,7226.42,7323.2,155.869,7344.06,7232.45,84.0077,34.0411,34.1381,34.5953,34.8805,0.742403,35.8164,34.5711,0.403953,37.1464,7220.05
33,"n23g0021.hpc.itc.rwth-aachen.de",33,"33",2,2,0000:9d:00.0,4,"OK",4096,"latency","H2D",50,2,14.957,15.6408,15.8475,16.0423,0.4015,18.523,15.893,0.540437,0.205944,0.237791,0.240713,0.243895,0.00610414,0.255044,0.240285,0.00770936,0.258463,8.576
33,"n23g0021.hpc.itc.rwth-aachen.de",33,"33",2,2,0000:9d:00.0,4,"OK",4096,"latency","D2H",50,2,15.051,15.5337,15.8725,16.1295,0.59575,30.619,16.3621,2.65403,0.124586,0.236505,0.240334,0.245575,0.00906961,0.253451,0.236772,0.0226202,0.258057,8.576
33,"n23g0021.hpc.itc.rwth-aachen.de",33,"33",2,2,0000:9d:00.0,4,"OK",16777216,"bandwidth","H2D",50,2,826.865,833.273,837.587,840.864,7.5915,846.721,837.243,5.16816,18.4535,18.5821,18.6548,18.7514,0.169291,18.8967,18.6632,0.115218,20.0304,829.776
33,"n23g0021.hpc.itc.rwth-aachen.de",33,"33",2,2,0000:9d:00.0,4,"OK",16777216,"bandwidth","D2H",50,2,1784.32,1789.53,1794.04,1802.37,12.8372,1820.64,1796.95,9.69533,8.58214,8.66916,8.7094,8.73134,0.0621881,8.75686,8.69554,0.0466932,9.35165,1786.3
33,"n23g0021.hpc.itc.rwth-aachen.de",33,"33",2,2,0000:9d:00.0,4,"OK",67108864,"bandwidth","H2D",50,2,3267.69,3300.39,3308.36,3318.16,17.7745,3332.2,3308.74,12.5628,18.7564,18.8357,18.8915,18.9372,0.101441,19.1267,18.8896,0.0718555,20.2846,3300.35
33,"n23g0021.hpc.itc.rwth-aachen.de",33,"33",2,2,0000:9d:00.0,4,"OK",67108864,"bandwidth","D2H",50,2,6409.3,7181.86,7187.26,7193.25,11.3965,7203.03,7157.18,150.887,8.6769,8.6887,8.69594,8.70249,0.0137876,9.75145,8.7368,0.204334,9.33719,7179.17
33,"n23g0021.hpc.itc.rwth-aachen.de",33,"33",2,2,0000:9d:00.0,4,"OK",268435456,"bandwidth","H2D",50,2,12162.2,12466.3,13322,13371.1,904.831,13433.4,12926.4,478.588,18.6104,18.6971,18.766,20.0541,1.35708,20.5554,19.367,0.721891,20.1498,13314.1
33,"n23g0021.hpc.itc.rwth-aachen.de",33,"33",2,2,0000:9d:00.0,4,"OK",268435456,"bandwidth","D2H",50,2,25808,26253.4,27100.4,28707.1,2453.72,28775,27431.9,1213.51,8.68809,8.70865,9.22668,9.52259,0.813939,9.68691,9.13134,0.404116,9.90708,27092.3
33,"n23g0021.hpc.itc.rwth-aachen.de",33,"33",2,3,0000:ad:00.0,6,"OK",4096,"latency","H2D",50,2,14.297,15.3163,15.5655,15.833,0.51675,18.304,15.6137,0.572655,0.208408,0.240933,0.245074,0.249062,0.00812915,0.266818,0.244628,0.00850148,0.263146,8.288
33,"n23g0021.hpc.itc.rwth-aachen.de",33,"33",2,3,0000:ad:00.0,6,"OK",4096,"latency","D2H",50,2,14.902,15.4795,15.7285,16.0595,0.58,17.276,15.8218,0.484853,0.220809,0.237535,0.242534,0.246438,0.00890303,0.255986,0.241325,0.00724321,0.260419,8.416
33,"n23g0021.hpc.itc.rwth-aachen.de",33,"33",2,3,0000:ad:00.0,6,"OK",16777216,"bandwidth","H2D",50,2,842.467,848.72,851.821,853.615,4.89575,862.08,851.763,4.43264,18.1248,18.3045,18.3431,18.4101,0.105588,18.5467,18.3448,0.0954465,19.6957,844.432
33,"n23g0021.hpc.itc.rwth-aachen.de",33,"33",2,3,0000:ad:00.0,6,"OK",16777216,"bandwidth","D2H",50,2,1778.33,1785.55,1790.45,1797.41,11.8542,1811.11,1791.79,8.22305,8.62731,8.69307,8.72686,8.75079,0.057713,8.78633,8.72054,0.0399118,9.3704,1782.53
33,"n23g0021.hpc.itc.rwth-aachen.de",33,"33",2,3,0000:ad:00.0,6,"OK",67108864,"bandwidth","H2D",50,2,3325.49,3361.83,3368.19,3376.2,14.3697,3391.75,3368.05,12.0865,18.4271,18.5119,18.556,18.5911,0.0791268,18.7942,18.557,0.0667739,19.9243,3360.62
33,"n23g0021.hpc.itc.rwth-aachen.de",33,"33",2,3,0000:ad:00.0,6,"OK",67108864,"bandwidth","D2H",50,2,6398.84,7157.44,7164.72,7172.43,14.9892,7194.52,7138.51,134.849,8.68717,8.71392,8.7233,8.73217,0.0182488,9.7674,8.75876,0.18192,9.36657,7157.06
33,"n23g0021.hpc.itc.rwth-aachen.de",33,"33",2,3,0000:ad:00.0,6,"OK",268435456,"bandwidth","H2D",50,2,12434.9,12674.5,13578.8,13641.5,966.991,13712.6,13165,501.959,18.2314,18.3264,18.4111,19.7246,1.3982,20.1047,19.0175,0.728866,19.7687,13571.9
33,"n23g0021.hpc.itc.rwth-aachen.de",33,"33",2,3,0000:ad:00.0,6,"OK",268435456,"bandwidth","D2H",50,2,25723,26226.6,27587.2,28640.8,2414.22,28687.1,27401.6,1228.9,8.7147,8.7288,9.06841,9.53231,0.803514,9.71894,9.14199,0.411395,9.73713,27578.8
34,"n23g0021.hpc.itc.rwth-aachen.de",34,"34",2,0,0000:1b:00.0,0,"OK",4096,"latency","H2D",50,2,12.726,13.2133,13.625,13.9125,0.69925,16.574,13.6163,0.609204,0.230162,0.274192,0.279978,0.288704,0.0145116,0.299756,0.280675,0.0116669,0.300624,7.392
34,"n23g0021.hpc.itc.rwth-aachen.de",34,"34",2,0,0000:1b:00.0,0,"OK",4096,"latency","D2H",50,2,12.601,12.963,13.318,13.617,0.654,14.181,13.308,0.403372,0.269001,0.280142,0.286432,0.294277,0.0141345,0.30273,0.286909,0.00865662,0.307554,7.104
34,"n23g0021.hpc.itc.rwth-aachen.de",34,"34",2,0,0000:1b:00.0,0,"OK",16777216,"bandwidth","H2D",50,2,671.109,719.281,775.669,909.883,190.602,1099.88,824.779,133.154,14.2061,17.1725,20.1439,21.7231,4.55055,23.2824,19.4051,2.88204,21.6293,769.408
34,"n23g0021.hpc.itc.rwth-aachen.de",34,"34",2,0,0000:1b:00.0,0,"OK",16777216,"bandwidth","D2H",50,2,971.964,1047.73,1130.28,1332.84,285.107,1635.96,1206.47,197.745,9.55099,11.7231,13.8241,14.9132,3.19007,16.0757,13.2763,2.0065,14.8435,1123.95
34,"n23g0021.hpc.itc.rwth-aachen.de",34,"34",2,0,0000:1b:00.0,0,"OK",67108864,"bandwidth","H2D",50,2,2103.5,2116.85,2221.57,2223.47,106.622,2495.72,2191.19,70.9031,25.0429,28.1092,28.1333,29.5251,1.41587,29.7124,28.552,0.889531,30.2079,2215.49
34,"n23g0021.hpc.itc.rwth-aachen.de",34,"34",2,0,0000:1b:00.0,0,"OK",67108864,"bandwidth","D2H",50,2,3064.15,3108.09,3226.89,3235.76,127.672,3466.13,3188.3,85.4981,18.0316,19.3154,19.3685,20.1093,0.793958,20.3972,19.6169,0.520129,20.7967,3220.82
34,"n23g0021.hpc.itc.rwth-aachen.de",34,"34",2,0,0000:1b:00.0,0,"OK",268435456,"bandwidth","H2D",50,2,8463.29,8601.97,8651.13,8702.92,100.941,8813.51,8649.22,70.3103,28.3655,28.7261,28.898,29.0631,0.337016,29.5393,28.9062,0.235046,31.0289,8645.09
34,"n23g0021.hpc.itc.rwth-aachen.de",34,"34",2,0,0000:1b:00.0,0,"OK",268435456,"bandwidth","D2H",50,2,12485.6,12577.2,12625.8,12660.6,83.3595,12801.5,12626.5,61.865,19.5289,19.7463,19.8008,19.8772,0.130875,20.0231,19.8,0.0968599,21.2609,12619.6
34,"n23g0021.hpc.itc.rwth-aachen.de",34,"34",2,1,0000:2c:00.0,2,"OK",4096,"latency","H2D",50,2,12.47,12.8492,13.3335,13.5348,0.6855,16.804,13.3225,0.644886,0.227011,0.281845,0.286099,0.296881,0.0150364,0.30591,0.286929,0.0123397,0.307196,7.136
34,"n23g0021.hpc.itc.rwth-aachen.de",34,"34",2,1,0000:2c:00.0,2,"OK",4096,"latency","D2H",50,2,12.395,12.98,13.28,13.541,0.561,14.445,13.2785,0.432078,0.264084,0.281715,0.287252,0.29389,0.0121749,0.307761,0.287587,0.00929177,0.308435,7.072
34,"n23g0021.hpc.itc.rwth-aachen.de",34,"34",2,1,0000:2c:00.0,2,"OK",16777216,"bandwidth","H2D",50,2,330.006,555.724,604.981,662.914,107.19,823.697,611.32,109.5,18.9694,23.5702,25.8273,28.1165,4.5463,47.3476,26.5961,6.11612,27.7318,598.464
34,"n23g0021.hpc.itc.rwth-aachen.de",34,"34",2,1,0000:2c:00.0,2,"OK",16777216,"bandwidth","D2H",50,2,420.582,706.441,777.211,880.799,174.358,1106.32,797.019,151.153,14.1234,17.7396,20.1053,22.1181,4.37848,37.1509,20.4096,4.49803,21.5879,770.736
34,"n23g0021.hpc.itc.rwth-aachen.de",34,"34",2,1,0000:2c:00.0,2,"OK",67108864,"bandwidth","H2D",50,2,1380.81,1464.14,1465.91,1467.94,3.7915,1470.5,1458.06,25.015,42.5026,42.5768,42.6356,42.6871,0.110254,45.2634,42.8784,0.770432,45.7796,1459.74
34,"n23g0021.hpc.itc.rwth-aachen.de",34,"34",2,1,0000:2c:00.0,2,"OK",67108864,"bandwidth","D2H",50,2,1736.63,1832.83,1836.95,1840.81,7.98975,1847.48,1828.12,28.4917,33.8298,33.9524,34.0237,34.1004,0.148007,35.9892,34.1967,0.555261,36.5327,1830.77
34,"n23g0021.hpc.itc.rwth-aachen.de",34,"34",2,1,0000:2c:00.0,2,"OK",268435456,"bandwidth","H2D",50,2,5482.42,5628.44,5720.1,5821.2,192.765,5835.18,5714.37,98.9477,42.8436,42.9464,43.7057,44.4173,1.47085,45.6003,43.7626,0.762464,46.9286,5713.68
34,"n23g0021.hpc.itc.rwth-aachen.de",34,"34",2,1,0000:2c:00.0,2,"OK",268435456,"bandwidth","D2H",50,2,6944.62,7157.98,7218.27,7310.44,152.456,7341.59,7222.4,89.3441,34.0526,34.1977,34.6343,34.926,0.728319,35.9991,34.6199,0.431378,37.1883,7211.02
34,"n23g0021.hpc.itc.rwth-aachen.de",34,"34",2,2,0000:9d:00.0,4,"OK",4096,"latency","H2D",50,2,14.906,15.4953,15.692,15.9015,0.40625,25.451,15.91,1.43527,0.149884,0.239895,0.243098,0.246185,0.00628951,0.255917,0.24107,0.0146035,0.261025,8.4
34,"n23g0021.hpc.itc.rwth-aachen.de",34,"34",2,2,0000:9d:00.0,4,"OK",4096,"latency","D2H",50,2,14.862,15.376,15.7885,16.1335,0.7575,26.036,16.0325,1.54274,0.146516,0.236446,0.241612,0.248094,0.0116487,0.256675,0.239433,0.0158581,0.259429,8.256
34,"n23g0021.hpc.itc.rwth-aachen.de",34,"34",2,2,0000:9d:00.0,4,"OK",16777216,"bandwidth","H2D",50,2,827.996,838.521,841.945,845.217,6.6965,851.642,841.848,5.30416,18.3469,18.4864,18.5582,18.634,0.147635,18.8709,18.5611,0.117297,19.9267,834.256
34,"n23g0021.hpc.itc.rwth-aachen.de",34,"34",2,2,0000:9d:00.0,4,"OK",16777216,"bandwidth","D2H",50,2,1774.17,1786.11,1791.89,1806.89,20.779,14488,2780.16,2602.76,1.07848,8.64747,8.71986,8.74807,0.100601,8.80692,7.75492,2.38322,9.36288,1783.14
34,"n23g0021.hpc.itc.rwth-aachen.de",34,"34",2,2,0000:9d:00.0,4,"OK",67108864,"bandwidth","H2D",50,2,3252.23,3263,3272.34,3280.56,17.5562,3293.79,3271.5,11.2098,18.9751,19.0516,19.0995,19.1541,0.102505,19.2176,19.1046,0.0654494,20.5079,3264.42
34,"n23g0021.hpc.itc.rwth-aachen.de",34,"34",2,2,0000:9d:00.0,4,"OK",67108864,"bandwidth","D2H",50,2,6401.89,6419.84,6431.57,6435.5,15.6615,6451.42,6428.78,11.7952,9.68779,9.71176,9.71769,9.73545,0.023693,9.76274,9.72194,0.0178482,10.4343,6423.68
34,"n23g0021.hpc.itc.rwth-aachen.de",34,"34",2,2,0000:9d:00.0,4,"OK",268435456,"bandwidth","H2D",50,2,12191.5,12514.6,13405.5,13439,924.373,55955.4,15344.8,7887.07,4.46784,18.6025,18.6491,19.9766,1.37405,20.5061,18.0271,3.60631,20.0243,13387.6
34,"n23g0021.hpc.itc.rwth-aachen.de",34,"34",2,2,0000:9d:00.0,4,"OK",268435456,"bandwidth","D2H",50,2,25595.4,26394.2,28646.4,28735.2,2341.02,85180.5,30779.9,10775.3,2.93494,8.70013,8.72711,9.47178,0.771652,9.76738,8.62252,1.48844,9.37066,28072.7
34,"n23g0021.hpc.itc.rwth-aachen.de",34,"34",2,3,0000:ad:00.0,6,"OK",4096,"latency","H2D",50,2,14.479,15.5542,15.879,16.1915,0.63725,18.71,15.973,0.751928,0.203885,0.235599,0.240235,0.245251,0.00965254,0.263464,0.239316,0.0105446,0.257951,8.464
34,"n23g0021.hpc.itc.rwth-aachen.de",34,"34",2,3,0000:ad:00.0,6,"OK",4096,"latency","D2H",50,2,15.162,15.618,15.94,16.3605,0.7425,9036.68,196.486,1262.89,0.000422135,0.233165,0.239317,0.24425,0.0110849,0.251596,0.233111,0.0347626,0.256965,8.704
34,"n23g0021.hpc.itc.rwth-aachen.de",34,"34",2,3,0000:ad:00.0,6,"OK",16777216,"bandwidth","H2D",50,2,839.041,853.724,859.015,861.576,7.8525,9044.4,1114.32,1307.16,1.72759,18.1354,18.1894,18.3022,0.166813,18.6225,17.5867,3.12876,19.5307,850.192
34,"n23g0021.hpc.itc.rwth-aachen.de",34,"34",2,3,0000:ad:00.0,6,"OK",16777216,"bandwidth","D2H",50,2,1773.88,1779.9,1789.55,1804.57,24.6713,8046.35,2346.37,1556.72,1.94187,8.65857,8.73123,8.77859,0.120017,8.80835,7.9677,2.0175,9.37509,1778.82
34,"n23g0021.hpc.itc.rwth-aachen.de",34,"34",2,3,0000:ad:00.0,6,"OK",67108864,"bandwidth","H2D",50,2,3309.18,3328.44,3333.8,3339.66,11.2248,3359.11,3333.99,8.97073,18.6061,18.7145,18.7474,18.7776,0.0631123,18.8868,18.7464,0.0504224,20.1298,3326.02
34,"n23g0021.hpc.itc.rwth-aachen.de",34,"34",2,3,0000:ad:00.0,6,"OK",67108864,"bandwidth","D2H",50,2,6399.55,6413.32,6419.58,6423.15,9.83175,6437.48,6418.64,8.36689,9.70877,9.73043,9.73584,9.74535,0.014917,9.76632,9.73728,0.0126936,10.4538,6411.46
34,"n23g0021.hpc.itc.rwth-aachen.de",34,"34",2,3,0000:ad:00.0,6,"OK",268435456,"bandwidth","H2D",50,2,12504.7,12680.4,13572.4,13615.4,935.007,13676.1,13162.5,469.388,18.2801,18.3616,18.4197,19.7155,1.35392,19.9925,19.0176,0.680961,19.778,13564.5
34,"n23g0021.hpc.itc.rwth-aachen.de",34,"34",2,3,0000:ad:00.0,6,"OK",268435456,"bandwidth","D2H",50,2,24239.4,26203.6,26787.9,28631.4,2427.76,28706.1,27312.3,1265.33,8.70895,8.73168,9.33314,9.54067,0.808988,10.3138,9.17324,0.428784,10.0214,26780.1
35,"n23g0021.hpc.itc.rwth-aachen.de",35,"35",2,0,0000:1b:00.0,0,"OK",4096,"latency","H2D",50,2,12.749,13.311,13.808,14.2205,0.9095,25.111,14.0244,1.68636,0.151913,0.268253,0.276268,0.286589,0.0183359,0.299215,0.274455,0.02093,0.29664,7.52
35,"n23g0021.hpc.itc.rwth-aachen.de",35,"35",2,0,0000:1b:00.0,0,"OK",4096,"latency","D2H",50,2,12.612,13.045,13.3905,13.6837,0.63875,15.576,13.4443,0.510007,0.244909,0.278776,0.284881,0.292426,0.0136503,0.302466,0.28413,0.010307,0.305889,7.056
35,"n23g0021.hpc.itc.rwth-aachen.de",35,"35",2,0,0000:1b:00.0,0,"OK",16777216,"bandwidth","H2D",50,2,630.556,717.52,774.681,909.892,192.373,1102.2,812.663,136.559,14.1761,17.1724,20.1696,21.7764,4.60405,24.7797,19.7366,3.07009,21.6569,768.192
35,"n23g0021.hpc.itc.rwth-aachen.de",35,"35",2,0,0000:1b:00.0,0,"OK",16777216,"bandwidth","D2H",50,2,915.187,1045.3,1128.93,1334.22,288.911,1633.89,1190.44,204.519,9.56304,11.711,13.8405,14.9478,3.23679,17.073,13.4912,2.15641,14.8612,1122.46
35,"n23g0021.hpc.itc.rwth-aachen.de",35,"35",2,0,0000:1b:00.0,0,"OK",67108864,"bandwidth","H2D",50,2,2106.09,2147.92,2220.55,2223.8,75.874,2464.88,2196.09,68.2088,25.3562,28.1051,28.1461,29.0979,0.992846,29.6759,28.4863,0.856941,30.2217,2214.5
35,"n23g0021.hpc.itc.rwth-aachen.de",35,"35",2,0,0000:1b:00.0,0,"OK",67108864,"bandwidth","D2H",50,2,3064.75,3102.75,3227.51,3238.5,135.747,3433.82,3187.38,86.209,18.2013,19.2991,19.3648,20.1435,0.844402,20.3932,19.6228,0.526447,20.7928,3221.34
35,"n23g0021.hpc.itc.rwth-aachen.de",35,"35",2,0,0000:1b:00.0,0,"OK",268435456,"bandwidth","H2D",50,2,8514.57,8592.84,8615.38,8666.52,73.6845,8743,8625.36,57.8002,28.5943,28.8466,29.0179,29.094,0.247363,29.3614,28.9856,0.194119,31.1577,8609.15
35,"n23g0021.hpc.itc.rwth-aachen.de",35,"35",2,0,0000:1b:00.0,0,"OK",268435456,"bandwidth","D2H",50,2,12473,12546.4,12589,12648.9,102.45,12801.8,12598.4,72.7556,19.5285,19.7646,19.8587,19.926,0.16139,20.0433,19.8445,0.114405,21.3231,12582.9
35,"n23g0021.hpc.itc.rwth-aachen.de",35,"35",2,1,0000:2c:00.0,2,"OK",4096,"latency","H2D",50,2,12.463,13.0102,13.388,13.5412,0.531,21.884,13.6717,1.76414,0.174314,0.28171,0.284934,0.293207,0.0114975,0.306082,0.282192,0.0248339,0.305946,7.168
35,"n23g0021.hpc.itc.rwth-aachen.de",35,"35",2,1,0000:2c:00.0,2,"OK",4096,"latency","D2H",50,2,12.335,13.0385,13.376,13.7145,0.676,14.871,13.4104,0.492305,0.256519,0.278151,0.28519,0.292572,0.0144211,0.309258,0.284836,0.0102874,0.30622,7.184
35,"n23g0021.hpc.itc.rwth-aachen.de",35,"35",2,1,0000:2c:00.0,2,"OK",16777216,"bandwidth","H2D",50,2,328.369,330.606,602.25,662.957,332.351,819.132,535.093,168.094,19.0751,23.5687,25.9444,47.2617,23.693,47.5837,32.779,11.5215,27.8576,595.328
35,"n23g0021.hpc.itc.rwth-aachen.de",35,"35",2,1,0000:2c:00.0,2,"OK",16777216,"bandwidth","D2H",50,2,418.68,421.674,763.976,873.823,452.149,1098.65,694.625,227.93,14.2219,17.8812,20.4522,37.0547,19.1734,37.3197,25.4639,9.20055,21.9604,757.648
35,"n23g0021.hpc.itc.rwth-aachen.de",35,"35",2,1,0000:2c:00.0,2,"OK",67108864,"bandwidth","H2D",50,2,1383.66,1468.42,1470.17,1471.38,2.95975,1473.91,1464.76,19.9971,42.4042,42.477,42.5121,42.5627,0.0856167,45.17,42.6774,0.613096,45.647,1463.66
35,"n23g0021.hpc.itc.rwth-aachen.de",35,"35",2,1,0000:2c:00.0,2,"OK",67108864,"bandwidth","D2H",50,2,1738.91,1833.55,1839.08,1841.24,7.6915,1846.95,1832.51,21.7326,33.8395,33.9445,33.9843,34.0868,0.142392,35.9421,34.1112,0.422262,36.4904,1832.03
35,"n23g0021.hpc.itc.rwth-aachen.de",35,"35",2,1,0000:2c:00.0,2,"OK",268435456,"bandwidth","H2D",50,2,5478.81,5635.23,5702.99,5778.64,143.407,5826.67,5701.12,90.4274,42.9062,43.2628,43.8367,44.3637,1.10097,45.6304,43.8622,0.700284,47.0693,5696.86
35,"n23g0021.hpc.itc.rwth-aachen.de",35,"35",2,1,0000:2c:00.0,2,"OK",268435456,"bandwidth","D2H",50,2,6957.69,7160.99,7200.02,7250.63,89.6355,7342.57,7202.24,80.1753,34.048,34.4798,34.7222,34.9114,0.431589,35.9314,34.7158,0.388409,37.2826,7193.44
35,"n23g0021.hpc.itc.rwth-aachen.de",35,"35",2,2,0000:9d:00.0,4,"OK",4096,"latency","H2D",50,2,14.816,15.3837,15.7315,15.9348,0.551,18.471,15.6866,0.543762,0.206524,0.239395,0.242489,0.247969,0.00857427,0.257471,0.243455,0.00789717,0.260371,8.32
35,"n23g0021.hpc.itc.rwth-aachen.de",35,"35",2,2,0000:9d:00.0,4,"OK",4096,"latency","D2H",50,2,14.852,15.6105,15.7895,16.0075,0.397,32.235,16.4143,2.78802,0.11834,0.238307,0.241597,0.244368,0.00606062,0.256847,0.236422,0.024102,0.259413,8.56
35,"n23g0021.hpc.itc.rwth-aachen.de",35,"35",2,2,0000:9d:00.0,4,"OK",16777216,"bandwidth","H2D",50,2,833.443,838.706,842.029,844.656,5.95025,849.101,841.828,4.0158,18.4018,18.4986,18.5564,18.6299,0.131239,18.7475,18.5612,0.0886044,19.9247,834.192
35,"n23g0021.hpc.itc.rwth-aachen.de",35,"35",2,2,0000:9d:00.0,4,"OK",16777216,"bandwidth","D2H",50,2,1778.34,1790.48,1793.59,1804.91,14.433,1818.14,1796.74,9.55946,8.59396,8.65692,8.71159,8.7267,0.0697828,8.78631,8.69653,0.0461435,9.354,1786.02
35,"n23g0021.hpc.itc.rwth-aachen.de",35,"35",2,2,0000:9d:00.0,4,"OK",67108864,"bandwidth","H2D",50,2,3269.21,3311.84,3318.17,3323.16,11.3237,3339.48,3314.84,14.4446,18.7155,18.8074,18.8357,18.8717,0.0643057,19.1178,18.855,0.0827852,20.2247,3308.98
35,"n23g0021.hpc.itc.rwth-aachen.de",35,"35",2,2,0000:9d:00.0,4,"OK",67108864,"bandwidth","D2H",50,2,6414.82,7177.91,7187.15,7199.94,22.032,7220.99,7114.2,230.367,8.65533,8.68063,8.69607,8.70727,0.0266445,9.74307,8.79533,0.311607,9.33734,7179.07
35,"n23g0021.hpc.itc.rwth-aachen.de",35,"35",2,2,0000:9d:00.0,4,"OK",268435456,"bandwidth","H2D",50,2,12269.9,12444.5,13333.1,13370,925.498,13404.2,12922.6,467.858,18.6509,18.6986,18.7504,20.0892,1.39063,20.375,19.3714,0.704646,20.133,13325.4
35,"n23g0021.hpc.itc.rwth-aachen.de",35,"35",2,2,0000:9d:00.0,4,"OK",268435456,"bandwidth","D2H",50,2,25824.7,26234.2,28409.6,28730.3,2496.08,28790.2,27506.2,1253.13,8.68352,8.70161,8.79988,9.52954,0.827924,9.68065,9.10787,0.417524,9.4488,28401.6
35,"n23g0021.hpc.itc.rwth-aachen.de",35,"35",2,3,0000:ad:00.0,6,"OK",4096,"latency","H2D",50,2,15.12,15.5703,15.755,16.0723,0.502,28.507,16.2171,1.9543,0.133816,0.237347,0.242127,0.244999,0.00765161,0.252295,0.237414,0.0184921,0.259982,8.432
35,"n23g0021.hpc.itc.rwth-aachen.de",35,"35",2,3,0000:ad:00.0,6,"OK",4096,"latency","D2H",50,2,15.229,15.737,15.995,16.353,0.616,23.79,16.1993,1.17314,0.160349,0.233272,0.238493,0.242403,0.00913108,0.250489,0.236394,0.0126934,0.25608,8.656
35,"n23g0021.hpc.itc.rwth-aachen.de",35,"35",2,3,0000:ad:00.0,6,"OK",16777216,"bandwidth","H2D",50,2,844.542,850.954,854.631,857.831,6.87625,863.164,854.198,4.5281,18.102,18.2146,18.2827,18.3617,0.147181,18.5012,18.2925,0.0969935,19.6309,846.992
35,"n23g0021.hpc.itc.rwth-aachen.de",35,"35",2,3,0000:ad:00.0,6,"OK",16777216,"bandwidth","D2H",50,2,1777.84,1785.46,1790.47,1797.33,11.8755,1812.58,1791.7,8.60272,8.62031,8.69344,8.72677,8.75126,0.05782,8.78874,8.72096,0.0417366,9.3703,1782.22
35,"n23g0021.hpc.itc.rwth-aachen.de",35,"35",2,3,0000:ad:00.0,6,"OK",67108864,"bandwidth","H2D",50,2,3307.08,3324.69,3331.06,3340.54,15.85,3354.88,3331.88,10.5434,18.6296,18.7096,18.7628,18.7988,0.0891949,18.8989,18.7584,0.0593658,20.1464,3323.55
35,"n23g0021.hpc.itc.rwth-aachen.de",35,"35",2,3,0000:ad:00.0,6,"OK",67108864,"bandwidth","D2H",50,2,6380.22,6398.29,6406.01,6411.69,13.4047,6426,6405.33,10.0592,9.72611,9.74781,9.75646,9.76824,0.0204222,9.79591,9.75752,0.0153299,10.4759,6398.22
35,"n23g0021.hpc.itc.rwth-aachen.de",35,"35",2,3,0000:ad:00.0,6,"OK",268435456,"bandwidth","H2D",50,2,12405.5,12607.2,13570.4,13634.5,1027.3,13694.4,13136.4,515.62,18.2557,18.3359,18.4225,19.83,1.49413,20.1524,19.0606,0.751452,19.781,13562.7
35,"n23g0021.hpc.itc.rwth-aachen.de",35,"35",2,3,0000:ad:00.0,6,"OK",268435456,"bandwidth","D2H",50,2,25601.9,26151.8,26463.3,28639.9,2488.05,28701.2,27242.6,1265.14,8.71044,8.72908,9.4471,9.55956,0.830482,9.76492,9.19655,0.425457,10.1437,26455.6
36,"n23g0021.hpc.itc.rwth-aachen.de",36,"36",3,0,0000:1b:00.0,0,"OK",4096,"latency","H2D",50,3,12.834,13.292,13.8795,14.126,0.834,15.355,13.7782,0.541499,0.248434,0.270048,0.274844,0.286992,0.016944,0.297234,0.277286,0.0107286,0.295112,7.472
36,"n23g0021.hpc.itc.rwth-aachen.de",36,"36",3,0,0000:1b:00.0,0,"OK",4096,"latency","D2H",50,3,12.484,13.0155,13.4395,13.6255,0.61,21.864,13.5065,1.26581,0.174474,0.279968,0.283843,0.293089,0.0131213,0.305567,0.284101,0.0181089,0.304775,7.056
36,"n23g0021.hpc.itc.rwth-aachen.de",36,"36",3,0,0000:1b:00.0,0,"OK",16777216,"bandwidth","H2D",50,3,765.433,836.758,940.169,1095.68,258.919,1309.61,976.228,154.104,11.931,14.2606,16.6194,18.6843,4.42368,20.4133,16.3888,2.45452,17.8449,933.584
36,"n23g0021.hpc.itc.rwth-aachen.de",36,"36",3,0,0000:1b:00.0,0,"OK",16777216,"bandwidth","D2H",50,3,712.672,835.519,894.973,1028.67,193.154,1249.47,930.982,152.15,12.5053,15.1895,17.4586,18.701,3.51149,21.9245,17.218,2.69562,18.7461,888.48
36,"n23g0021.hpc.itc.rwth-aachen.de",36,"36",3,0,0000:1b:00.0,0,"OK",67108864,"bandwidth","H2D",50,3,2555.78,2644.13,2696.11,2699.38,55.247,2857.36,2674.67,62.252,21.8734,23.1535,23.1816,23.6373,0.483786,24.4543,23.38,0.54396,24.891,2690
36,"n23g0021.hpc.itc.rwth-aachen.de",36,"36",3,0,0000:1b:00.0,0,"OK",67108864,"bandwidth","D2H",50,3,2375.76,2445.93,2511.02,2515.92,69.984,2673.89,2487.75,63.5424,23.3742,24.8419,24.8902,25.5527,0.710814,26.3074,25.1395,0.642386,26.7257,2504.75
36,"n23g0021.hpc.itc.rwth-aachen.de",36,"36",3,0,0000:1b:00.0,0,"OK",268435456,"bandwidth","H2D",50,3,10440.2,10518.6,10548.4,10579.2,60.627,10732.4,10553.2,54.1317,23.2939,23.6312,23.7004,23.7674,0.136204,23.9458,23.6901,0.121137,25.4481,10542.3
36,"n23g0021.hpc.itc.rwth-aachen.de",36,"36",3,0,0000:1b:00.0,0,"OK",268435456,"bandwidth","D2H",50,3,9704.4,9792.21,9838.82,9866.58,74.3758,10054.9,9840.68,68.5182,24.8635,25.3381,25.4095,25.5305,0.192453,25.7615,25.406,0.175744,27.2833,9832.74
36,"n23g0021.hpc.itc.rwth-aachen.de",36,"36",3,1,0000:2c:00.0,2,"OK",4096,"latency","H2D",50,3,12.335,12.91,13.155,13.493,0.583,18.955,13.4405,1.23006,0.20125,0.282717,0.289981,0.295484,0.0127671,0.309258,0.285655,0.0202049,0.311365,6.88
36,"n23g0021.hpc.itc.rwth-aachen.de",36,"36",3,1,0000:2c:00.0,2,"OK",4096,"latency","D2H",50,3,12.084,12.5095,12.7805,13.0682,0.55875,27.36,13.0914,2.07069,0.139426,0.291906,0.298478,0.304944,0.0130378,0.315682,0.295088,0.0237844,0.320488,6.448
36,"n23g0021.hpc.itc.rwth-aachen.de",36,"36",3,1,0000:2c:00.0,2,"OK",16777216,"bandwidth","H2D",50,3,587.493,642.683,729.758,792.919,150.237,946.28,733.413,93.9187,16.512,19.7057,21.4112,24.3309,4.62526,26.5961,21.6426,2.65899,22.9901,722.864
36,"n23g0021.hpc.itc.rwth-aachen.de",36,"36",3,1,0000:2c:00.0,2,"OK",16777216,"bandwidth","D2H",50,3,640.038,703.981,799.216,863.255,159.274,1051.53,802.419,104.353,14.8593,18.1001,19.5504,22.1954,4.09524,24.4126,19.7882,2.44736,20.9921,792.992
36,"n23g0021.hpc.itc.rwth-aachen.de",36,"36",3,1,0000:2c:00.0,2,"OK",67108864,"bandwidth","H2D",50,3,1827.03,1926.9,1929.64,1931.61,4.70525,1934.47,1912.95,37.1886,32.3085,32.3564,32.3894,32.4355,0.0790118,34.2085,32.6848,0.656761,34.7779,1923.44
36,"n23g0021.hpc.itc.rwth-aachen.de",36,"36",3,1,0000:2c:00.0,2,"OK",67108864,"bandwidth","D2H",50,3,1914.66,2035.76,2041.23,2044.16,8.39975,2050.13,2022.43,44.0321,30.4859,30.5749,30.6188,30.7011,0.126156,32.6428,30.9187,0.701022,32.8767,2034.91
36,"n23g0021.hpc.itc.rwth-aachen.de",36,"36",3,1,0000:2c:00.0,2,"OK",268435456,"bandwidth","H2D",50,3,7430.84,7467.05,7547.86,7655.31,188.253,7711.74,7560.07,92.5391,32.4181,32.6571,33.122,33.4804,0.823323,33.6436,33.0734,0.40388,35.5645,7541.54
36,"n23g0021.hpc.itc.rwth-aachen.de",36,"36",3,1,0000:2c:00.0,2,"OK",268435456,"bandwidth","D2H",50,3,7840.12,7938.5,7990.71,8078.57,140.074,8156.96,8004.44,94.2111,30.6487,30.9461,31.2863,31.4921,0.546044,31.8872,31.237,0.367117,33.5935,7984.4
36,"n23g0021.hpc.itc.rwth-aachen.de",36,"36",3,2,0000:9d:00.0,4,"OK",4096,"latency","H2D",50,3,15.538,16.062,16.319,16.5318,0.46975,25.922,16.6183,1.59372,0.147161,0.23075,0.233758,0.237498,0.00674848,0.245508,0.231051,0.015835,0.250996,8.768
36,"n23g0021.hpc.itc.rwth-aachen.de",36,"36",3,2,0000:9d:00.0,4,"OK",4096,"latency","D2H",50,3,14.697,15.3735,15.769,16.1262,0.75275,16.887,15.755,0.537624,0.225895,0.236553,0.241911,0.248135,0.0115818,0.259556,0.242407,0.0082422,0.25975,8.384
36,"n23g0021.hpc.itc.rwth-aachen.de",36,"36",3,2,0000:9d:00.0,4,"OK",16777216,"bandwidth","H2D",50,3,829.965,837.404,840.142,842.516,5.113,853.344,840.252,4.63525,18.3103,18.5456,18.598,18.6589,0.113236,18.8261,18.5962,0.102324,19.9695,832.32
36,"n23g0021.hpc.itc.rwth-aachen.de",36,"36",3,2,0000:9d:00.0,4,"OK",16777216,"bandwidth","D2H",50,3,1811.32,1819.14,1823.98,1835.07,15.9342,1852.04,1826.3,10.0966,8.43665,8.51466,8.56645,8.58924,0.0745797,8.62631,8.55581,0.0471251,9.19815,1815.89
36,"n23g0021.hpc.itc.rwth-aachen.de",36,"36",3,2,0000:9d:00.0,4,"OK",67108864,"bandwidth","H2D",50,3,3245.33,3263.32,3268.61,3274.72,11.3998,3284.83,3268.01,9.15594,19.0269,19.0856,19.1213,19.1523,0.0666718,19.2585,19.1249,0.0536708,20.5313,3260.59
36,"n23g0021.hpc.itc.rwth-aachen.de",36,"36",3,2,0000:9d:00.0,4,"OK",67108864,"bandwidth","D2H",50,3,6503.54,6516.96,6526.17,6529.46,12.4982,6552.69,6524.35,10.4368,9.53806,9.57201,9.57683,9.59037,0.0183572,9.61015,9.57952,0.0153199,10.283,6518.13
36,"n23g0021.hpc.itc.rwth-aachen.de",36,"36",3,2,0000:9d:00.0,4,"OK",268435456,"bandwidth","H2D",50,3,12059.5,12394.1,13221.6,13267.1,872.943,13304.6,12844.3,444.514,18.7906,18.8436,18.9085,20.1708,1.3272,20.7305,19.4874,0.678916,20.3028,13213.5
36,"n23g0021.hpc.itc.rwth-aachen.de",36,"36",3,2,0000:9d:00.0,4,"OK",268435456,"bandwidth","D2H",50,3,26200.8,26626.2,27208.2,29188.2,2561.97,29272.1,27805.5,1284.85,8.54054,8.5651,9.18851,9.38924,0.824134,9.54169,9.01022,0.415587,9.86609,27199.7
36,"n23g0021.hpc.itc.rwth-aachen.de",36,"36",3,3,0000:ad:00.0,6,"OK",4096,"latency","H2D",50,3,14.653,15.3987,15.739,15.948,0.54925,23.157,15.8913,1.17698,0.164732,0.239197,0.242372,0.247728,0.00853162,0.260336,0.241043,0.0135675,0.260245,8.352
36,"n23g0021.hpc.itc.rwth-aachen.de",36,"36",3,3,0000:ad:00.0,6,"OK",4096,"latency","D2H",50,3,14.754,15.3165,15.631,15.8242,0.50775,16.8,15.6452,0.444018,0.227065,0.241067,0.244047,0.249059,0.00799206,0.258553,0.24402,0.00685255,0.262043,8.352
36,"n23g0021.hpc.itc.rwth-aachen.de",36,"36",3,3,0000:ad:00.0,6,"OK",16777216,"bandwidth","H2D",50,3,829.771,838.163,840.834,843.563,5.39975,855.044,840.912,5.2531,18.2739,18.5226,18.5827,18.642,0.119329,18.8305,18.5817,0.116011,19.9531,832.928
36,"n23g0021.hpc.itc.rwth-aachen.de",36,"36",3,3,0000:ad:00.0,6,"OK",16777216,"bandwidth","D2H",50,3,1809.76,1817.18,1821.11,1825.23,8.0495,1847.53,1823.11,9.41885,8.45724,8.56056,8.57995,8.59848,0.0379204,8.63376,8.57074,0.0440527,9.21265,1813.31
36,"n23g0021.hpc.itc.rwth-aachen.de",36,"36",3,3,0000:ad:00.0,6,"OK",67108864,"bandwidth","H2D",50,3,3293.57,3305.68,3313.94,3317.78,12.1005,3330.19,3312.38,9.31939,18.7677,18.8379,18.8597,18.9069,0.0689569,18.9763,18.8687,0.053126,20.2505,3306
36,"n23g0021.hpc.itc.rwth-aachen.de",36,"36",3,3,0000:ad:00.0,6,"OK",67108864,"bandwidth","D2H",50,3,6473.75,6490.97,6499.78,6507.99,17.022,6527.38,6499.43,12.3999,9.57505,9.60357,9.61571,9.62876,0.0251847,9.65437,9.61627,0.0183478,10.3248,6492.02
36,"n23g0021.hpc.itc.rwth-aachen.de",36,"36",3,3,0000:ad:00.0,6,"OK",268435456,"bandwidth","H2D",50,3,12050.3,12409.5,13264,13326.7,917.212,13391.5,12867.1,487.055,18.6686,18.7593,18.8481,20.1459,1.38657,20.7464,19.4575,0.743041,20.2379,13256.9
36,"n23g0021.hpc.itc.rwth-aachen.de",36,"36",3,3,0000:ad:00.0,6,"OK",268435456,"bandwidth","D2H",50,3,23585.8,26204.1,26704.8,29016,2811.88,29185.3,27233.2,1533.83,8.56596,8.61603,9.36166,9.54049,0.924465,10.5996,9.20979,0.530473,10.052,26697
37,"n23g0021.hpc.itc.rwth-aachen.de",37,"37",3,0,0000:1b:00.0,0,"OK",4096,"latency","H2D",50,3,12.884,13.2948,13.8525,14.1013,0.8065,22.599,13.9259,1.35346,0.168799,0.270523,0.27538,0.286933,0.01641,0.29608,0.275712,0.0187522,0.295687,7.584
37,"n23g0021.hpc.itc.rwth-aachen.de",37,"37",3,0,0000:1b:00.0,0,"OK",4096,"latency","D2H",50,3,12.46,12.9773,13.314,13.491,0.51375,14.215,13.2758,0.363927,0.268357,0.282759,0.286518,0.293953,0.0111939,0.306155,0.287558,0.00786098,0.307646,6.944
37,"n23g0021.hpc.itc.rwth-aachen.de",37,"37",3,0,0000:1b:00.0,0,"OK",16777216,"bandwidth","H2D",50,3,766.006,873.205,942.701,1098.99,225.79,1403.95,999.505,166.756,11.1293,14.2175,16.5747,17.8939,3.67631,20.398,16.0488,2.52422,17.797,936.192
37,"n23g0021.hpc.itc.rwth-aachen.de",37,"37",3,0,0000:1b:00.0,0,"OK",16777216,"bandwidth","D2H",50,3,713.194,837.098,904.615,1033.36,196.265,1254.85,952.919,158.201,12.4517,15.1205,17.2729,18.6657,3.54515,21.9085,16.8367,2.68313,18.5467,897.872
37,"n23g0021.hpc.itc.rwth-aachen.de",37,"37",3,0,0000:1b:00.0,0,"OK",67108864,"bandwidth","H2D",50,3,2554.32,2616.68,2696.27,2699.61,82.938,2852.59,2665.57,67.9247,21.9099,23.1515,23.1802,23.8853,0.733819,24.4684,23.4623,0.59565,24.8895,2690.19
37,"n23g0021.hpc.itc.rwth-aachen.de",37,"37",3,0,0000:1b:00.0,0,"OK",67108864,"bandwidth","D2H",50,3,2376.11,2448.54,2507.74,2512.81,64.2682,2671.9,2482.63,64.7484,23.3916,24.8726,24.9228,25.5254,0.652866,26.3035,25.192,0.656186,26.7607,2501.7
37,"n23g0021.hpc.itc.rwth-aachen.de",37,"37",3,0,0000:1b:00.0,0,"OK",268435456,"bandwidth","H2D",50,3,10443.4,10505.6,10534.1,10563.3,57.788,10666,10537.2,45.2484,23.4389,23.6667,23.7324,23.7969,0.130182,23.9386,23.7259,0.101683,25.4825,10528
37,"n23g0021.hpc.itc.rwth-aachen.de",37,"37",3,0,0000:1b:00.0,0,"OK",268435456,"bandwidth","D2H",50,3,9662.36,9773.34,9789.28,9845.72,72.3805,10049.7,9810.23,82.7913,24.8764,25.3917,25.5381,25.5798,0.188043,25.8736,25.4854,0.213109,27.4214,9783.28
37,"n23g0021.hpc.itc.rwth-aachen.de",37,"37",3,1,0000:2c:00.0,2,"OK",4096,"latency","H2D",50,3,12.616,13.2548,13.595,13.8287,0.574,26.995,13.8545,1.96193,0.141311,0.275853,0.280596,0.287804,0.0119517,0.30237,0.278438,0.0223826,0.301287,7.264
37,"n23g0021.hpc.itc.rwth-aachen.de",37,"37",3,1,0000:2c:00.0,2,"OK",4096,"latency","D2H",50,3,12.377,12.981,13.364,13.634,0.653,14.481,13.3282,0.442089,0.263428,0.279793,0.285446,0.293868,0.0140743,0.308209,0.286527,0.00948971,0.306495,7.072
37,"n23g0021.hpc.itc.rwth-aachen.de",37,"37",3,1,0000:2c:00.0,2,"OK",16777216,"bandwidth","H2D",50,3,625.105,674.693,731.187,848.42,173.727,1043.11,759.422,107.836,14.9793,18.4166,21.3694,23.1587,4.74209,24.9958,20.9716,2.82084,22.9452,724.928
37,"n23g0021.hpc.itc.rwth-aachen.de",37,"37",3,1,0000:2c:00.0,2,"OK",16777216,"bandwidth","D2H",50,3,680.258,736.257,794.995,932.544,196.287,1050.77,827.58,118.394,14.87,16.7552,19.6542,21.2222,4.46697,22.9692,19.2526,2.6227,21.1035,788.608
37,"n23g0021.hpc.itc.rwth-aachen.de",37,"37",3,1,0000:2c:00.0,2,"OK",67108864,"bandwidth","H2D",50,3,1824.2,1922.08,1925.75,1927.52,5.441,1931.56,1904.38,41.4528,32.3573,32.4251,32.4549,32.5169,0.0917894,34.2616,32.8351,0.736297,34.8482,1919.31
37,"n23g0021.hpc.itc.rwth-aachen.de",37,"37",3,1,0000:2c:00.0,2,"OK",67108864,"bandwidth","D2H",50,3,1914.68,2032.97,2038.05,2043.29,10.3198,2204.59,2017.64,56.3234,28.35,30.588,30.6665,30.7433,0.155271,32.6425,31.0013,0.876409,32.9279,2031.65
37,"n23g0021.hpc.itc.rwth-aachen.de",37,"37",3,1,0000:2c:00.0,2,"OK",268435456,"bandwidth","H2D",50,3,7347.52,7463.29,7557.95,7632.78,169.493,7714.06,7556.91,96.1475,32.4083,32.7535,33.0778,33.4973,0.743813,34.0251,33.0876,0.420565,35.517,7551.5
37,"n23g0021.hpc.itc.rwth-aachen.de",37,"37",3,1,0000:2c:00.0,2,"OK",268435456,"bandwidth","D2H",50,3,7855.66,7940.25,7993.31,8059.08,118.834,8164.61,7993.05,85.8037,30.6199,31.0209,31.2761,31.4852,0.464265,31.8242,31.2808,0.335689,33.5825,7986.94
37,"n23g0021.hpc.itc.rwth-aachen.de",37,"37",3,2,0000:9d:00.0,4,"OK",4096,"latency","H2D",50,3,14.554,15.6205,15.7665,16.038,0.4175,33.899,16.5635,3.16357,0.112531,0.237855,0.24195,0.244211,0.00635657,0.262106,0.235243,0.026322,0.259791,8.56
37,"n23g0021.hpc.itc.rwth-aachen.de",37,"37",3,2,0000:9d:00.0,4,"OK",4096,"latency","D2H",50,3,14.827,15.7285,15.8975,16.143,0.4145,17.648,15.9404,0.510469,0.216155,0.236307,0.239957,0.242534,0.00622745,0.25728,0.239549,0.00748303,0.257652,8.624
37,"n23g0021.hpc.itc.rwth-aachen.de",37,"37",3,2,0000:9d:00.0,4,"OK",16777216,"bandwidth","H2D",50,3,823.568,832.192,834.462,837.182,4.98975,850.466,835.215,5.06067,18.3723,18.6638,18.7246,18.7757,0.111908,18.9723,18.7084,0.112793,20.1054,826.848
37,"n23g0021.hpc.itc.rwth-aachen.de",37,"37",3,2,0000:9d:00.0,4,"OK",16777216,"bandwidth","D2H",50,3,1803.12,1813.01,1817.53,1825.73,12.719,1840.27,1819.95,9.19931,8.49061,8.55824,8.59685,8.61828,0.0600391,8.66555,8.5856,0.0432644,9.2308,1809.6
37,"n23g0021.hpc.itc.rwth-aachen.de",37,"37",3,2,0000:9d:00.0,4,"OK",67108864,"bandwidth","H2D",50,3,3247.4,3256.02,3259.72,3266.23,10.2115,3281.2,3261.82,7.51571,19.0479,19.1352,19.1734,19.1952,0.0600118,19.2462,19.1612,0.0440894,20.5873,3251.82
37,"n23g0021.hpc.itc.rwth-aachen.de",37,"37",3,2,0000:9d:00.0,4,"OK",67108864,"bandwidth","D2H",50,3,6492.52,6515.81,6521.82,6528.7,12.886,6546.13,6521.81,10.1674,9.54762,9.57312,9.58322,9.59205,0.0189322,9.62646,9.58325,0.0149459,10.2899,6513.87
37,"n23g0021.hpc.itc.rwth-aachen.de",37,"37",3,2,0000:9d:00.0,4,"OK",268435456,"bandwidth","H2D",50,3,12176.7,12364.8,13239.1,13273.4,908.664,13318.6,12828.3,467.015,18.7707,18.8346,18.8834,20.2187,1.38412,20.531,19.5142,0.714125,20.2759,13231.3
37,"n23g0021.hpc.itc.rwth-aachen.de",37,"37",3,2,0000:9d:00.0,4,"OK",268435456,"bandwidth","D2H",50,3,26227.3,26665.1,27165.7,29203.8,2538.69,29292.5,27845.5,1295.74,8.5346,8.56052,9.20326,9.37555,0.815025,9.53204,8.99755,0.418009,9.88192,27157.8
37,"n23g0021.hpc.itc.rwth-aachen.de",37,"37",3,3,0000:ad:00.0,6,"OK",4096,"latency","H2D",50,3,15.126,15.6628,15.8755,16.1188,0.456,31.461,16.8144,3.28084,0.121252,0.236662,0.240289,0.243552,0.00689005,0.252195,0.232276,0.0279891,0.258008,8.512
37,"n23g0021.hpc.itc.rwth-aachen.de",37,"37",3,3,0000:ad:00.0,6,"OK",4096,"latency","D2H",50,3,14.973,15.7353,15.8805,16.0423,0.307,16.752,15.9016,0.357238,0.227716,0.237791,0.240213,0.24243,0.00463944,0.254772,0.240015,0.00540027,0.257926,8.496
37,"n23g0021.hpc.itc.rwth-aachen.de",37,"37",3,3,0000:ad:00.0,6,"OK",16777216,"bandwidth","H2D",50,3,829.723,837.646,841.478,843.455,5.8095,849.17,840.6,3.91938,18.4003,18.525,18.5685,18.6535,0.128479,18.8316,18.5883,0.0867973,19.9378,833.248
37,"n23g0021.hpc.itc.rwth-aachen.de",37,"37",3,3,0000:ad:00.0,6,"OK",16777216,"bandwidth","D2H",50,3,1791.87,1805.75,1809.62,1817.1,11.3412,1838.64,1812.18,10.7182,8.49811,8.59889,8.63442,8.65289,0.0540049,8.71996,8.62252,0.0507783,9.27114,1801.23
37,"n23g0021.hpc.itc.rwth-aachen.de",37,"37",3,3,0000:ad:00.0,6,"OK",67108864,"bandwidth","H2D",50,3,3288.84,3300.21,3303.67,3310.95,10.732,3320.87,3305.25,8.41089,18.8204,18.8768,18.9184,18.9382,0.0613855,19.0037,18.9095,0.0480943,20.3134,3295.79
37,"n23g0021.hpc.itc.rwth-aachen.de",37,"37",3,3,0000:ad:00.0,6,"OK",67108864,"bandwidth","D2H",50,3,6475.81,6488.35,6497.67,6502.76,14.414,6517.45,6495.44,9.82542,9.58963,9.6113,9.61883,9.63265,0.0213517,9.6513,9.62216,0.0145605,10.3281,6487.89
37,"n23g0021.hpc.itc.rwth-aachen.de",37,"37",3,3,0000:ad:00.0,6,"OK",268435456,"bandwidth","H2D",50,3,12031.7,12364.1,13252.2,13329.6,965.54,13423,12862,489.112,18.6247,18.7552,18.8648,20.2198,1.46465,20.7785,19.4654,0.744602,20.2559,13244.4
37,"n23g0021.hpc.itc.rwth-aachen.de",37,"37",3,3,0000:ad:00.0,6,"OK",268435456,"bandwidth","D2H",50,3,23895.7,26589.8,26934.9,29104,2514.28,29164.9,27650.6,1373.27,8.57196,8.58987,9.28164,9.40211,0.812242,10.4621,9.0641,0.457833,9.96608,26927.1
38,"n23g0021.hpc.itc.rwth-aachen.de",38,"38",3,0,0000:1b:00.0,0,"OK",4096,"latency","H2D",50,3,12.656,13.138,13.6055,14.0285,0.8905,17.053,13.7056,0.751709,0.223697,0.271925,0.28038,0.290356,0.0184315,0.301414,0.279099,0.0140855,0.301056,7.28
38,"n23g0021.hpc.itc.rwth-aachen.de",38,"38",3,0,0000:1b:00.0,0,"OK",4096,"latency","D2H",50,3,12.449,12.8257,13.3345,13.5162,0.6905,14.047,13.2464,0.415254,0.271567,0.282231,0.286077,0.297428,0.0151977,0.306426,0.288265,0.00908588,0.307173,7.024
38,"n23g0021.hpc.itc.rwth-aachen.de",38,"38",3,0,0000:1b:00.0,0,"OK",16777216,"bandwidth","H2D",50,3,769.368,872.94,943.689,1099.5,226.564,1358.66,999.298,162.938,11.5003,14.211,16.5575,17.8993,3.68833,20.3089,16.0338,2.46558,17.7784,937.296
38,"n23g0021.hpc.itc.rwth-aachen.de",38,"38",3,0,0000:1b:00.0,0,"OK",16777216,"bandwidth","D2H",50,3,731.642,834.99,905.589,1048.04,213.048,1272.26,954.1,158.498,12.2813,14.9091,17.2546,18.7128,3.80371,21.3561,16.8122,2.65231,18.527,898.928
38,"n23g0021.hpc.itc.rwth-aachen.de",38,"38",3,0,0000:1b:00.0,0,"OK",67108864,"bandwidth","H2D",50,3,2554.34,2590.7,2690.14,2698.67,107.968,2853.66,2654.81,67.5997,21.9017,23.1595,23.233,24.1247,0.965196,24.4682,23.5574,0.597502,24.9463,2683.95
38,"n23g0021.hpc.itc.rwth-aachen.de",38,"38",3,0,0000:1b:00.0,0,"OK",67108864,"bandwidth","D2H",50,3,2368.99,2437.34,2506.91,2513.02,75.6785,2673.1,2479.92,65.8074,23.3811,24.8705,24.9311,25.6428,0.77223,26.3826,25.2201,0.666603,26.7696,2500.77
38,"n23g0021.hpc.itc.rwth-aachen.de",38,"38",3,0,0000:1b:00.0,0,"OK",268435456,"bandwidth","H2D",50,3,10221.8,10482.1,10530.4,10552.3,70.1903,10796.2,10522.7,73.8584,23.1564,23.6915,23.7408,23.8502,0.158643,24.4576,23.7594,0.167216,25.4915,10524.4
38,"n23g0021.hpc.itc.rwth-aachen.de",38,"38",3,0,0000:1b:00.0,0,"OK",268435456,"bandwidth","D2H",50,3,9516.14,9730.73,9773.87,9804.58,73.8587,10010.5,9773.89,75.2363,24.9737,25.4983,25.5784,25.6918,0.193537,26.2712,25.5799,0.196764,27.4646,9767.87
38,"n23g0021.hpc.itc.rwth-aachen.de",38,"38",3,1,0000:2c:00.0,2,"OK",4096,"latency","H2D",50,3,12.345,12.999,13.2705,13.577,0.578,18.513,13.4268,0.956628,0.206055,0.280968,0.287457,0.293461,0.0124928,0.309007,0.28529,0.0167167,0.308655,6.88
38,"n23g0021.hpc.itc.rwth-aachen.de",38,"38",3,1,0000:2c:00.0,2,"OK",4096,"latency","D2H",50,3,12.298,12.8165,13.222,13.539,0.7225,14.105,13.1679,0.451666,0.27045,0.281756,0.288511,0.29764,0.0158834,0.310188,0.29004,0.0100028,0.309787,6.88
38,"n23g0021.hpc.itc.rwth-aachen.de",38,"38",3,1,0000:2c:00.0,2,"OK",16777216,"bandwidth","H2D",50,3,627.296,675.707,760.462,852.726,177.019,1077.27,780.372,118.705,14.5042,18.3236,20.5704,23.1239,4.80036,24.9085,20.4644,2.94031,22.0873,753.648
38,"n23g0021.hpc.itc.rwth-aachen.de",38,"38",3,1,0000:2c:00.0,2,"OK",16777216,"bandwidth","D2H",50,3,679.343,738.054,828.69,933.256,195.202,1168.47,851.767,129.385,13.3722,16.7425,18.8711,21.1705,4.4281,23.0002,18.7482,2.68971,20.2627,821.888
38,"n23g0021.hpc.itc.rwth-aachen.de",38,"38",3,1,0000:2c:00.0,2,"OK",67108864,"bandwidth","H2D",50,3,1826.38,1923.9,1926.81,1928.41,4.50375,1935.4,1905.24,41.0896,32.293,32.4101,32.4371,32.486,0.0758724,34.2207,32.82,0.727947,34.829,1920.56
38,"n23g0021.hpc.itc.rwth-aachen.de",38,"38",3,1,0000:2c:00.0,2,"OK",67108864,"bandwidth","D2H",50,3,1914.02,2028.58,2039.95,2042.89,14.3133,2046.55,2012.14,50.676,30.5392,30.5939,30.638,30.8098,0.215914,32.6539,31.0818,0.807353,32.8973,2033.62
38,"n23g0021.hpc.itc.rwth-aachen.de",38,"38",3,1,0000:2c:00.0,2,"OK",268435456,"bandwidth","H2D",50,3,7364.98,7457.73,7520.4,7608.18,150.456,7717.68,7534.05,94.9021,32.3932,32.8594,33.2429,33.5223,0.662923,33.9444,33.1879,0.417067,35.6943,7514.18
38,"n23g0021.hpc.itc.rwth-aachen.de",38,"38",3,1,0000:2c:00.0,2,"OK",268435456,"bandwidth","D2H",50,3,7801.59,7901.16,7967.49,8040.78,139.616,8151.12,7971.77,80.9558,30.6706,31.0915,31.3775,31.641,0.549404,32.0447,31.3639,0.317816,33.6913,7960.99
38,"n23g0021.hpc.itc.rwth-aachen.de",38,"38",3,2,0000:9d:00.0,4,"OK",4096,"latency","H2D",50,3,15.227,15.8148,16.048,16.32,0.50525,34.716,16.727,2.9313,0.109883,0.233744,0.237706,0.241211,0.00746776,0.250522,0.232021,0.023223,0.255235,8.656
38,"n23g0021.hpc.itc.rwth-aachen.de",38,"38",3,2,0000:9d:00.0,4,"OK",4096,"latency","D2H",50,3,14.242,15.4087,15.811,16.0963,0.6875,16.982,15.7155,0.535323,0.224632,0.236993,0.241269,0.247567,0.0105743,0.267848,0.243023,0.00848686,0.25906,8.272
38,"n23g0021.hpc.itc.rwth-aachen.de",38,"38",3,2,0000:9d:00.0,4,"OK",16777216,"bandwidth","H2D",50,3,822.186,832.76,835.648,839.883,7.12375,848.591,836.004,5.26794,18.4129,18.6038,18.6981,18.7629,0.159144,19.0042,18.6908,0.117758,20.0769,827.632
38,"n23g0021.hpc.itc.rwth-aachen.de",38,"38",3,2,0000:9d:00.0,4,"OK",16777216,"bandwidth","D2H",50,3,1805.18,1810.44,1815.07,1824.7,14.262,1840.56,1818.24,10.0379,8.48927,8.56303,8.60847,8.63049,0.0674565,8.65565,8.59373,0.0472413,9.24327,1807.2
38,"n23g0021.hpc.itc.rwth-aachen.de",38,"38",3,2,0000:9d:00.0,4,"OK",67108864,"bandwidth","H2D",50,3,3243.4,3258.7,3264.41,3271.14,12.446,3285.07,3265.01,9.04348,19.0255,19.1065,19.1459,19.1795,0.0729738,19.2699,19.1425,0.0530411,20.5577,3256.51
38,"n23g0021.hpc.itc.rwth-aachen.de",38,"38",3,2,0000:9d:00.0,4,"OK",67108864,"bandwidth","D2H",50,3,6500.77,6512.93,6523.64,6531.63,18.7005,6558.71,6523.3,11.8317,9.52931,9.56882,9.58055,9.5963,0.0274748,9.61424,9.58107,0.0173687,10.287,6515.79
38,"n23g0021.hpc.itc.rwth-aachen.de",38,"38",3,2,0000:9d:00.0,4,"OK",268435456,"bandwidth","H2D",50,3,12240.1,12388.4,13250.9,13278.3,889.857,13339.7,12863.9,442.414,18.7411,18.8277,18.8667,20.1801,1.3524,20.4247,19.4573,0.672755,20.258,13242.8
38,"n23g0021.hpc.itc.rwth-aachen.de",38,"38",3,2,0000:9d:00.0,4,"OK",268435456,"bandwidth","D2H",50,3,24457.1,26634.6,26871.7,29183.5,2548.94,29294.2,27667.7,1336.04,8.53411,8.56648,9.30348,9.38629,0.819817,10.222,9.05695,0.438248,9.98954,26863.8
38,"n23g0021.hpc.itc.rwth-aachen.de",38,"38",3,3,0000:ad:00.0,6,"OK",4096,"latency","H2D",50,3,15.097,15.901,16.038,16.1953,0.29425,24.562,16.3832,1.53987,0.155309,0.235544,0.237854,0.239903,0.00435878,0.252679,0.234347,0.016128,0.255394,8.64
38,"n23g0021.hpc.itc.rwth-aachen.de",38,"38",3,3,0000:ad:00.0,6,"OK",4096,"latency","D2H",50,3,14.845,15.2308,15.669,15.9905,0.75975,17.731,15.6882,0.554652,0.215143,0.238561,0.243456,0.25046,0.0118997,0.256968,0.243452,0.00835323,0.261409,8.416
38,"n23g0021.hpc.itc.rwth-aachen.de",38,"38",3,3,0000:ad:00.0,6,"OK",16777216,"bandwidth","H2D",50,3,823.747,829.97,832.347,836.614,6.6445,847.312,833.03,5.07033,18.4407,18.6765,18.7722,18.826,0.149518,18.9682,18.7575,0.113684,20.1565,824.48
38,"n23g0021.hpc.itc.rwth-aachen.de",38,"38",3,3,0000:ad:00.0,6,"OK",16777216,"bandwidth","D2H",50,3,1794.81,1806.42,1810.64,1821.58,15.161,1836.69,1814.1,10.8954,8.50717,8.57772,8.62956,8.64971,0.0719901,8.70565,8.61338,0.0515252,9.26592,1802.58
38,"n23g0021.hpc.itc.rwth-aachen.de",38,"38",3,3,0000:ad:00.0,6,"OK",67108864,"bandwidth","H2D",50,3,3287.58,3307.33,3313.95,3319.58,12.2483,3336.34,3313.22,9.87535,18.7331,18.8277,18.8597,18.8974,0.0697259,19.0109,18.864,0.0562668,20.2504,3305.92
38,"n23g0021.hpc.itc.rwth-aachen.de",38,"38",3,3,0000:ad:00.0,6,"OK",67108864,"bandwidth","D2H",50,3,6474.03,6493.3,6499.41,6507.29,13.993,6524.06,6500.49,10.7456,9.57993,9.60461,9.61626,9.62531,0.0206979,9.65395,9.61469,0.0158899,10.3254,6491.74
38,"n23g0021.hpc.itc.rwth-aachen.de",38,"38",3,3,0000:ad:00.0,6,"OK",268435456,"bandwidth","H2D",50,3,12045.3,12459.1,13284.7,13321.4,862.301,13379.3,12878.3,475.282,18.6856,18.7668,18.8187,20.0657,1.29886,20.755,19.4392,0.723909,20.2064,13276.8
38,"n23g0021.hpc.itc.rwth-aachen.de",38,"38",3,3,0000:ad:00.0,6,"OK",268435456,"bandwidth","D2H",50,3,24012.2,26412,26745,29068.4,2656.37,29180.6,27471.6,1428.2,8.56732,8.60042,9.34754,9.46541,0.864991,10.4114,9.12534,0.48259,10.0368,26737.3
39,"n23g0021.hpc.itc.rwth-aachen.de",39,"39",3,0,0000:1b:00.0,0,"OK",4096,"latency","H2D",50,3,12.752,13.282,13.7705,14.091,0.809,15.902,13.747,0.629937,0.239888,0.270719,0.27702,0.287209,0.0164898,0.299145,0.278061,0.0124234,0.297448,7.36
39,"n23g0021.hpc.itc.rwth-aachen.de",39,"39",3,0,0000:1b:00.0,0,"OK",4096,"latency","D2H",50,3,12.405,12.9945,13.4235,13.6647,0.67025,22.108,13.5044,1.30078,0.172548,0.279163,0.284181,0.293563,0.0143999,0.307513,0.284223,0.0184535,0.305138,6.944
39,"n23g0021.hpc.itc.rwth-aachen.de",39,"39",3,0,0000:1b:00.0,0,"OK",16777216,"bandwidth","H2D",50,3,772.807,874.634,941.06,1096.12,221.491,1312.31,997.803,158.61,11.9065,14.2548,16.6036,17.8646,3.60986,20.2185,16.038,2.40549,17.828,934.192
39,"n23g0021.hpc.itc.rwth-aachen.de",39,"39",3,0,0000:1b:00.0,0,"OK",16777216,"bandwidth","D2H",50,3,714.834,835.688,906.181,1025.5,189.812,1249.55,942.068,146.263,12.5045,15.2365,17.2427,18.6972,3.46071,21.8582,16.9736,2.52924,18.5142,899.84
39,"n23g0021.hpc.itc.rwth-aachen.de",39,"39",3,0,0000:1b:00.0,0,"OK",67108864,"bandwidth","H2D",50,3,2552.78,2636.23,2693.53,2697.42,61.1845,2855.28,2665.42,66.4656,21.8892,23.1703,23.2038,23.7081,0.537786,24.4831,23.463,0.58358,24.9149,2687.39
39,"n23g0021.hpc.itc.rwth-aachen.de",39,"39",3,0,0000:1b:00.0,0,"OK",67108864,"bandwidth","D2H",50,3,2368.34,2420,2509.16,2514,94.0037,2667.46,2477.46,68.008,23.4305,24.8608,24.9088,25.8265,0.965715,26.3897,25.2464,0.690541,26.7456,2502.94
39,"n23g0021.hpc.itc.rwth-aachen.de",39,"39",3,0,0000:1b:00.0,0,"OK",268435456,"bandwidth","H2D",50,3,10232.3,10478.5,10490.6,10533,54.494,10611.5,10500.6,54.8099,23.5593,23.735,23.8308,23.8584,0.123435,24.4325,23.8087,0.125644,25.5882,10484.5
39,"n23g0021.hpc.itc.rwth-aachen.de",39,"39",3,0,0000:1b:00.0,0,"OK",268435456,"bandwidth","D2H",50,3,9692.06,9739.65,9772.95,9788.82,49.164,9968.11,9771.31,54.1754,25.08,25.5393,25.5808,25.6683,0.128919,25.7943,25.5859,0.140767,27.4672,9766.8
39,"n23g0021.hpc.itc.rwth-aachen.de",39,"39",3,1,0000:2c:00.0,2,"OK",4096,"latency","H2D",50,3,12.76,13.129,13.4775,13.7048,0.57575,29.518,13.9197,2.49937,0.129233,0.278349,0.283042,0.290555,0.0122066,0.298957,0.278847,0.0273563,0.303914,7.088
39,"n23g0021.hpc.itc.rwth-aachen.de",39,"39",3,1,0000:2c:00.0,2,"OK",4096,"latency","D2H",50,3,12.825,13.033,13.3315,13.547,0.514,14.238,13.3542,0.367799,0.267924,0.28159,0.286142,0.292696,0.0111066,0.297442,0.285868,0.0077427,0.307242,6.96
39,"n23g0021.hpc.itc.rwth-aachen.de",39,"39",3,1,0000:2c:00.0,2,"OK",16777216,"bandwidth","H2D",50,3,624.341,675.149,759.887,852.271,177.122,1062.66,777.906,118.602,14.7036,18.3334,20.588,23.143,4.80968,25.0264,20.5316,2.95631,22.1062,753.424
39,"n23g0021.hpc.itc.rwth-aachen.de",39,"39",3,1,0000:2c:00.0,2,"OK",16777216,"bandwidth","D2H",50,3,680.449,740.655,805.73,937.438,196.783,1184.67,849.775,132.725,13.1893,16.6678,19.3929,21.0962,4.42842,22.9628,18.8139,2.76509,20.823,799.12
39,"n23g0021.hpc.itc.rwth-aachen.de",39,"39",3,1,0000:2c:00.0,2,"OK",67108864,"bandwidth","H2D",50,3,1823.86,1925.09,1926.65,1928.48,3.38975,1931.83,1920.96,23.7433,32.3528,32.4089,32.4398,32.466,0.0570665,34.2681,32.541,0.421239,34.8319,1920.32
39,"n23g0021.hpc.itc.rwth-aachen.de",39,"39",3,1,0000:2c:00.0,2,"OK",67108864,"bandwidth","D2H",50,3,1917.16,2032.93,2039.91,2041.92,8.99,2046.69,2030.87,28.7902,30.5371,30.6085,30.6386,30.7439,0.135357,32.6004,30.7814,0.458637,32.898,2033.52
39,"n23g0021.hpc.itc.rwth-aachen.de",39,"39",3,1,0000:2c:00.0,2,"OK",268435456,"bandwidth","H2D",50,3,7301.45,7468.84,7532.27,7602.37,133.532,7684.78,7541.01,83.4657,32.5318,32.8845,33.1905,33.4724,0.587929,34.2398,33.1562,0.368372,35.6381,7525.84
39,"n23g0021.hpc.itc.rwth-aachen.de",39,"39",3,1,0000:2c:00.0,2,"OK",268435456,"bandwidth","D2H",50,3,7658.66,7923.24,7956.37,7991.63,68.393,8151.3,7960.98,87.0327,30.67,31.2827,31.4214,31.5528,0.270032,32.6428,31.4069,0.344569,33.7385,7949.97
39,"n23g0021.hpc.itc.rwth-aachen.de",39,"39",3,2,0000:9d:00.0,4,"OK",4096,"latency","H2D",50,3,14.428,15.7743,15.9015,16.0892,0.315,18.395,15.9451,0.513863,0.207377,0.237096,0.239895,0.241831,0.00473464,0.264395,0.239478,0.00741426,0.257586,8.608
39,"n23g0021.hpc.itc.rwth-aachen.de",39,"39",3,2,0000:9d:00.0,4,"OK",4096,"latency","D2H",50,3,15.042,15.7088,16.084,16.3257,0.617,26.639,16.2364,1.55603,0.1432,0.233662,0.237174,0.242839,0.00917717,0.253603,0.23636,0.0149787,0.254663,8.448
39,"n23g0021.hpc.itc.rwth-aachen.de",39,"39",3,2,0000:9d:00.0,4,"OK",16777216,"bandwidth","H2D",50,3,816.432,824.564,828.398,831.667,7.10275,838.91,828.139,4.8637,18.6254,18.7876,18.8617,18.9494,0.161835,19.1382,18.8683,0.111005,20.2526,820.544
39,"n23g0021.hpc.itc.rwth-aachen.de",39,"39",3,2,0000:9d:00.0,4,"OK",16777216,"bandwidth","D2H",50,3,1802.97,1812.89,1816.48,1827.37,14.4833,1857.56,1820.82,11.7297,8.41157,8.55053,8.60182,8.61883,0.0683086,8.66623,8.58165,0.0549105,9.23613,1808.69
39,"n23g0021.hpc.itc.rwth-aachen.de",39,"39",3,2,0000:9d:00.0,4,"OK",67108864,"bandwidth","H2D",50,3,3248.09,3259.11,3265.04,3270.65,11.5355,3286.54,3265.49,8.64239,19.0169,19.1094,19.1422,19.177,0.0676368,19.2421,19.1397,0.0506059,20.5538,3257.07
39,"n23g0021.hpc.itc.rwth-aachen.de",39,"39",3,2,0000:9d:00.0,4,"OK",67108864,"bandwidth","D2H",50,3,6500.18,6514.75,6519.78,6531.6,16.8495,6548.96,6522.85,11.3958,9.5435,9.56886,9.58621,9.59361,0.0247485,9.61512,9.58173,0.016731,10.2931,6511.26
39,"n23g0021.hpc.itc.rwth-aachen.de",39,"39",3,2,0000:9d:00.0,4,"OK",268435456,"bandwidth","H2D",50,3,12153.5,12390,13167.9,13268.3,878.303,13306.4,12835.1,448.001,18.788,18.8419,18.9859,20.1776,1.33568,20.5703,19.5017,0.684433,20.3859,13160
39,"n23g0021.hpc.itc.rwth-aachen.de",39,"39",3,2,0000:9d:00.0,4,"OK",268435456,"bandwidth","D2H",50,3,26056.7,26588.9,26986.5,29203.5,2614.6,29301,27767.8,1293.83,8.53215,8.56061,9.2639,9.40242,0.84181,9.59447,9.02276,0.418809,9.94704,26978.4
39,"n23g0021.hpc.itc.rwth-aachen.de",39,"39",3,3,0000:ad:00.0,6,"OK",4096,"latency","H2D",50,3,15.234,15.694,16.0045,16.2803,0.58625,23.795,16.2504,1.29618,0.160315,0.234315,0.238352,0.243068,0.00875347,0.250407,0.23588,0.0143799,0.255928,8.368
39,"n23g0021.hpc.itc.rwth-aachen.de",39,"39",3,3,0000:ad:00.0,6,"OK",4096,"latency","D2H",50,3,15.548,15.8392,15.9815,16.2263,0.387,33.029,16.3979,2.40031,0.115495,0.235095,0.238695,0.240838,0.00574375,0.24535,0.235214,0.0178,0.256296,8.464
39,"n23g0021.hpc.itc.rwth-aachen.de",39,"39",3,3,0000:ad:00.0,6,"OK",16777216,"bandwidth","H2D",50,3,826.604,837.896,840.224,843.607,5.71075,849.791,840.541,5.05344,18.3869,18.5217,18.5962,18.6479,0.126236,18.9026,18.5899,0.112131,19.9676,832.848
39,"n23g0021.hpc.itc.rwth-aachen.de",39,"39",3,3,0000:ad:00.0,6,"OK",16777216,"bandwidth","D2H",50,3,1800.06,1807.23,1811.28,1821.87,14.6385,1836.37,1814.43,9.36309,8.50862,8.57636,8.62651,8.64582,0.0694682,8.68026,8.61176,0.0442708,9.26265,1803.44
39,"n23g0021.hpc.itc.rwth-aachen.de",39,"39",3,3,0000:ad:00.0,6,"OK",67108864,"bandwidth","H2D",50,3,3295.65,3308.34,3313.96,3320.33,11.994,3338.74,3315.07,8.96154,18.7196,18.8234,18.8596,18.8917,0.0682425,18.9644,18.8535,0.0509181,20.2504,3306.03
39,"n23g0021.hpc.itc.rwth-aachen.de",39,"39",3,3,0000:ad:00.0,6,"OK",67108864,"bandwidth","D2H",50,3,6471.66,6482.61,6492.04,6498.5,15.8903,6523.23,6492.39,11.9814,9.58115,9.61761,9.62717,9.64118,0.0235748,9.65749,9.62669,0.0177448,10.3371,6483.36
39,"n23g0021.hpc.itc.rwth-aachen.de",39,"39",3,3,0000:ad:00.0,6,"OK",268435456,"bandwidth","H2D",50,3,12144,12369.5,13226.1,13297.3,927.772,13355.8,12851,469.317,18.7184,18.8008,18.9022,20.211,1.41015,20.5862,19.4798,0.714646,20.296,13218.3
39,"n23g0021.hpc.itc.rwth-aachen.de",39,"39",3,3,0000:ad:00.0,6,"OK",268435456,"bandwidth","D2H",50,3,24088.7,26477.4,26745.9,29087.4,2610.01,29165,27539.6,1420.61,8.57191,8.59479,9.34724,9.44202,0.847234,10.3783,9.1023,0.474683,10.0365,26738
40,"n23g0021.hpc.itc.rwth-aachen.de",40,"40",3,0,0000:1b:00.0,0,"OK",4096,"latency","H2D",50,3,12.722,13.2592,13.945,14.2387,0.9795,27.118,14.094,1.96065,0.14067,0.267911,0.27356,0.287702,0.0197912,0.29985,0.273705,0.0225865,0.293733,7.552
40,"n23g0021.hpc.itc.rwth-aachen.de",40,"40",3,0,0000:1b:00.0,0,"OK",4096,"latency","D2H",50,3,12.323,12.9497,13.225,13.6055,0.65575,14.096,13.2804,0.414318,0.270623,0.280379,0.288446,0.294577,0.0141981,0.309559,0.287523,0.00896693,0.309717,6.8
40,"n23g0021.hpc.itc.rwth-aachen.de",40,"40",3,0,0000:1b:00.0,0,"OK",16777216,"bandwidth","H2D",50,3,765.587,872.216,939.835,1098.44,226.226,1311.56,993.093,161.339,11.9133,14.2247,16.6253,17.9142,3.68946,20.4092,16.137,2.50995,17.8512,933.152
40,"n23g0021.hpc.itc.rwth-aachen.de",40,"40",3,0,0000:1b:00.0,0,"OK",16777216,"bandwidth","D2H",50,3,711.991,833.763,903.325,1028.8,195.035,1261.39,939.071,153.415,12.3871,15.1876,17.2972,18.7403,3.55271,21.9455,17.0761,2.71254,18.5727,896.768
40,"n23g0021.hpc.itc.rwth-aachen.de",40,"40",3,0,0000:1b:00.0,0,"OK",67108864,"bandwidth","H2D",50,3,2554.65,2562.97,2655.84,2698.45,135.489,2856.25,2644.62,69.4852,21.8818,23.1614,23.5332,24.3858,1.22441,24.4652,23.6491,0.616902,25.2686,2649.74
40,"n23g0021.hpc.itc.rwth-aachen.de",40,"40",3,0,0000:1b:00.0,0,"OK",67108864,"bandwidth","D2H",50,3,2366.74,2437.12,2507.4,2511.94,74.8233,2667.7,2480.5,66.1238,23.4284,24.8811,24.9262,25.6457,0.76456,26.4076,25.2144,0.672372,26.7643,2501.38
40,"n23g0021.hpc.itc.rwth-aachen.de",40,"40",3,0,0000:1b:00.0,0,"OK",268435456,"bandwidth","H2D",50,3,10236.4,10479.4,10493.4,10544,64.5667,10650.4,10505.9,61.1289,23.4733,23.7101,23.8245,23.8562,0.146085,24.4227,23.797,0.139359,25.5814,10487.2
40,"n23g0021.hpc.itc.rwth-aachen.de",40,"40",3,0,0000:1b:00.0,0,"OK",268435456,"bandwidth","D2H",50,3,9630.54,9746.54,9773.16,9788.08,41.5453,9969.62,9770.55,51.6615,25.0762,25.5413,25.5803,25.6501,0.108875,25.9591,25.5878,0.134804,27.4666,9767.07
40,"n23g0021.hpc.itc.rwth-aachen.de",40,"40",3,1,0000:2c:00.0,2,"OK",4096,"latency","H2D",50,3,12.709,13.1612,13.4565,13.595,0.43375,21.76,13.6258,1.30809,0.175308,0.280596,0.283484,0.289843,0.00924753,0.300157,0.281753,0.0189387,0.304388,7.168
40,"n23g0021.hpc.itc.rwth-aachen.de",40,"40",3,1,0000:2c:00.0,2,"OK",4096,"latency","D2H",50,3,12.538,13.0335,13.2715,13.4535,0.42,13.999,13.269,0.321732,0.272498,0.283547,0.287435,0.292684,0.00913717,0.304251,0.287659,0.00696241,0.308631,7.024
40,"n23g0021.hpc.itc.rwth-aachen.de",40,"40",3,1,0000:2c:00.0,2,"OK",16777216,"bandwidth","H2D",50,3,625.444,674.778,742.966,850.704,175.926,1061.81,768.424,109.9,14.7154,18.3671,21.0351,23.1558,4.78863,24.9823,20.7369,2.84713,22.5863,736.752
40,"n23g0021.hpc.itc.rwth-aachen.de",40,"40",3,1,0000:2c:00.0,2,"OK",16777216,"bandwidth","D2H",50,3,682.229,741.346,808.005,940.072,198.726,1175.86,845.677,127.621,13.2881,16.6211,19.3383,21.0765,4.45547,22.9029,18.8798,2.70282,20.7644,801.616
40,"n23g0021.hpc.itc.rwth-aachen.de",40,"40",3,1,0000:2c:00.0,2,"OK",67108864,"bandwidth","H2D",50,3,1824.61,1924.26,1927.98,1929.49,5.22325,1935.76,1905.02,42.5255,32.287,32.392,32.4173,32.48,0.0879257,34.2538,32.8249,0.753218,34.8078,1921.6
40,"n23g0021.hpc.itc.rwth-aachen.de",40,"40",3,1,0000:2c:00.0,2,"OK",67108864,"bandwidth","D2H",50,3,1913.46,2031.37,2038.74,2042.09,10.727,2045.68,2011.18,51.121,30.5522,30.6058,30.6562,30.7675,0.161621,32.6634,31.097,0.81541,32.9168,2032.5
40,"n23g0021.hpc.itc.rwth-aachen.de",40,"40",3,1,0000:2c:00.0,2,"OK",268435456,"bandwidth","H2D",50,3,7374.77,7470.65,7529.77,7559.89,89.2407,7648.13,7517.84,63.4075,32.6877,33.0693,33.2016,33.4643,0.395029,33.8994,33.2566,0.280964,35.6499,7523.41
40,"n23g0021.hpc.itc.rwth-aachen.de",40,"40",3,1,0000:2c:00.0,2,"OK",268435456,"bandwidth","D2H",50,3,7787.86,7863.38,7954.7,8057.67,194.289,8154.42,7959.02,109.679,30.6582,31.0264,31.4279,31.7929,0.766574,32.1013,31.4168,0.431657,33.7455,7948.4
40,"n23g0021.hpc.itc.rwth-aachen.de",40,"40",3,2,0000:9d:00.0,4,"OK",4096,"latency","H2D",50,3,14.81,15.9912,16.318,16.571,0.57975,20.465,16.4163,0.821121,0.186401,0.230203,0.233772,0.238551,0.00834749,0.257576,0.232892,0.0104305,0.251011,8.8
40,"n23g0021.hpc.itc.rwth-aachen.de",40,"40",3,2,0000:9d:00.0,4,"OK",4096,"latency","D2H",50,3,15.227,15.6245,15.8435,16.1447,0.52025,17.636,15.9494,0.515784,0.216302,0.236281,0.240774,0.244148,0.00786741,0.250522,0.239415,0.00742829,0.258529,8.448
40,"n23g0021.hpc.itc.rwth-aachen.de",40,"40",3,2,0000:9d:00.0,4,"OK",16777216,"bandwidth","H2D",50,3,825.073,831.825,835.897,838.317,6.4925,843.843,835.209,4.42475,18.5165,18.6385,18.6925,18.784,0.145476,18.9377,18.7084,0.0992311,20.0709,827.936
40,"n23g0021.hpc.itc.rwth-aachen.de",40,"40",3,2,0000:9d:00.0,4,"OK",16777216,"bandwidth","D2H",50,3,1802.84,1812.22,1817.24,1822.23,10.0087,1837.93,1818.8,9.12289,8.50143,8.57466,8.5982,8.62202,0.0473572,8.66688,8.59106,0.0429982,9.23225,1809.36
40,"n23g0021.hpc.itc.rwth-aachen.de",40,"40",3,2,0000:9d:00.0,4,"OK",67108864,"bandwidth","H2D",50,3,3238.71,3252.21,3258.32,3266.51,14.294,3286.95,3258.6,10.5795,19.0146,19.1336,19.1817,19.2177,0.0840941,19.2978,19.1802,0.0622312,20.5961,3249.71
40,"n23g0021.hpc.itc.rwth-aachen.de",40,"40",3,2,0000:9d:00.0,4,"OK",67108864,"bandwidth","D2H",50,3,6497.11,6516.98,6522.34,6530.8,13.8113,6541.41,6523.23,9.64512,9.55452,9.57004,9.58246,9.59033,0.0202815,9.61966,9.58116,0.0141716,10.2891,6513.65
40,"n23g0021.hpc.itc.rwth-aachen.de",40,"40",3,2,0000:9d:00.0,4,"OK",268435456,"bandwidth","H2D",50,3,12106.6,12396.2,13096.9,13278.6,882.384,13313,12831.7,450.833,18.7787,18.8273,19.0885,20.1674,1.34015,20.6498,19.5072,0.689266,20.4961,13089
40,"n23g0021.hpc.itc.rwth-aachen.de",40,"40",3,2,0000:9d:00.0,4,"OK",268435456,"bandwidth","D2H",50,3,23698.4,26274.5,26798.2,29168.1,2893.59,29322.4,27294.1,1557.77,8.52591,8.57102,9.32898,9.51494,0.943922,10.5492,9.18997,0.535467,10.0169,26790.2
40,"n23g0021.hpc.itc.rwth-aachen.de",40,"40",3,3,0000:ad:00.0,6,"OK",4096,"latency","H2D",50,3,14.458,15.554,15.725,15.93,0.376,18.355,15.7582,0.528845,0.207829,0.239466,0.242588,0.245255,0.00578882,0.263847,0.242335,0.00774559,0.260477,8.4
40,"n23g0021.hpc.itc.rwth-aachen.de",40,"40",3,3,0000:ad:00.0,6,"OK",4096,"latency","D2H",50,3,14.619,15.357,15.5635,16.0108,0.65375,18.815,15.7078,0.612361,0.202748,0.238259,0.245106,0.248402,0.0101429,0.260941,0.243192,0.00874204,0.26318,8.512
40,"n23g0021.hpc.itc.rwth-aachen.de",40,"40",3,3,0000:ad:00.0,6,"OK",16777216,"bandwidth","H2D",50,3,833.257,838.661,840.39,843.52,4.85875,854.422,841.234,3.99162,18.2872,18.5236,18.5926,18.6309,0.107315,18.7517,18.5743,0.0878278,19.9636,833.104
40,"n23g0021.hpc.itc.rwth-aachen.de",40,"40",3,3,0000:ad:00.0,6,"OK",16777216,"bandwidth","D2H",50,3,1795.93,1802.36,1806.74,1817.47,15.1108,1825.88,1809.29,9.08824,8.55751,8.59711,8.64815,8.66919,0.072077,8.70025,8.63618,0.0432653,9.28588,1798.9
40,"n23g0021.hpc.itc.rwth-aachen.de",40,"40",3,3,0000:ad:00.0,6,"OK",67108864,"bandwidth","H2D",50,3,3273.09,3287.28,3303.27,3316,28.7125,3339.95,3302.39,16.7606,18.7128,18.848,18.9207,19.0127,0.164626,19.0951,18.9262,0.0960129,20.3159,3295.73
40,"n23g0021.hpc.itc.rwth-aachen.de",40,"40",3,3,0000:ad:00.0,6,"OK",67108864,"bandwidth","D2H",50,3,6465.22,6491.22,6498.67,6769.69,278.47,7283.3,6686.67,330.599,8.58128,9.23693,9.61735,9.62839,0.391466,9.66712,9.36862,0.438189,10.3266,6491.12
40,"n23g0021.hpc.itc.rwth-aachen.de",40,"40",3,3,0000:ad:00.0,6,"OK",268435456,"bandwidth","H2D",50,3,11985.3,12365.6,13244.8,13284.7,919.092,13336.3,12843,470.846,18.7459,18.8187,18.8754,20.2174,1.39873,20.8588,19.4922,0.720025,20.2673,13237.1
40,"n23g0021.hpc.itc.rwth-aachen.de",40,"40",3,3,0000:ad:00.0,6,"OK",268435456,"bandwidth","D2H",50,3,23685.4,26388.2,26764.6,29073.9,2685.68,29165.9,27345.1,1420.73,8.57165,8.59878,9.34071,9.47401,0.875225,10.555,9.16746,0.483445,10.0295,26757.1
41,"n23g0021.hpc.itc.rwth-aachen.de",41,"41",3,0,0000:1b:00.0,0,"OK",4096,"latency","H2D",50,3,12.638,13.227,13.863,14.154,0.927,15.483,13.7485,0.604233,0.24638,0.269515,0.275172,0.288403,0.0188882,0.301843,0.277988,0.0119781,0.295463,7.584
41,"n23g0021.hpc.itc.rwth-aachen.de",41,"41",3,0,0000:1b:00.0,0,"OK",4096,"latency","D2H",50,3,12.307,12.8788,13.233,13.6315,0.75275,28.077,13.5366,2.12132,0.135866,0.279851,0.288272,0.296203,0.0163516,0.309962,0.285382,0.0233419,0.309529,6.848
41,"n23g0021.hpc.itc.rwth-aachen.de",41,"41",3,0,0000:1b:00.0,0,"OK",16777216,"bandwidth","H2D",50,3,764.327,872.646,973.226,1098.8,226.156,1378.88,999.751,165.243,11.3316,14.22,16.072,17.9053,3.68528,20.4428,16.0406,2.52024,17.2571,966.688
41,"n23g0021.hpc.itc.rwth-aachen.de",41,"41",3,0,0000:1b:00.0,0,"OK",16777216,"bandwidth","D2H",50,3,715.193,835.71,907.503,1040.57,204.858,1264.85,949.172,155.819,12.3533,15.0158,17.2176,18.6967,3.68084,21.8472,16.8921,2.65607,18.4873,900.96
41,"n23g0021.hpc.itc.rwth-aachen.de",41,"41",3,0,0000:1b:00.0,0,"OK",67108864,"bandwidth","H2D",50,3,2555.84,2612.86,2694.87,2698.79,85.9303,2853.32,2664.35,62.4235,21.9043,23.1586,23.1922,23.9203,0.761783,24.4538,23.4709,0.553608,24.9024,2688.59
41,"n23g0021.hpc.itc.rwth-aachen.de",41,"41",3,0,0000:1b:00.0,0,"OK",67108864,"bandwidth","D2H",50,3,2370.82,2386.09,2449.26,2510.97,124.873,2667.9,2457.4,71.6849,23.4266,24.8908,25.5181,26.1935,1.30268,26.3622,25.4546,0.729333,27.3999,2443.12
41,"n23g0021.hpc.itc.rwth-aachen.de",41,"41",3,0,0000:1b:00.0,0,"OK",268435456,"bandwidth","H2D",50,3,10236.8,10479.1,10494.1,10541.7,62.6285,10722.9,10505.9,62.2581,23.3146,23.7153,23.823,23.857,0.141735,24.4216,23.7971,0.141556,25.5797,10488
41,"n23g0021.hpc.itc.rwth-aachen.de",41,"41",3,0,0000:1b:00.0,0,"OK",268435456,"bandwidth","D2H",50,3,9685.31,9723.56,9766.08,9784.4,60.835,9869.64,9758.07,42.9218,25.3302,25.5509,25.5988,25.7107,0.159858,25.8123,25.6203,0.11254,27.4865,9759.97
41,"n23g0021.hpc.itc.rwth-aachen.de",41,"41",3,1,0000:2c:00.0,2,"OK",4096,"latency","H2D",50,3,12.414,13.1958,13.5825,13.8748,0.679,16.888,13.5596,0.646491,0.225882,0.274938,0.280855,0.289087,0.0141486,0.30729,0.281911,0.0123085,0.301565,7.264
41,"n23g0021.hpc.itc.rwth-aachen.de",41,"41",3,1,0000:2c:00.0,2,"OK",4096,"latency","D2H",50,3,12.093,12.8223,13.0975,13.467,0.64475,20.941,13.2952,1.18601,0.182164,0.283263,0.291255,0.297506,0.0142432,0.315447,0.288521,0.0182433,0.312732,6.656
41,"n23g0021.hpc.itc.rwth-aachen.de",41,"41",3,1,0000:2c:00.0,2,"OK",16777216,"bandwidth","H2D",50,3,626.855,676.944,745.099,850.453,173.509,1063.54,768.622,105.643,14.6916,18.3726,20.9754,23.0817,4.70909,24.926,20.698,2.71711,22.5222,738.56
41,"n23g0021.hpc.itc.rwth-aachen.de",41,"41",3,1,0000:2c:00.0,2,"OK",16777216,"bandwidth","D2H",50,3,679.793,738.284,806.656,932.12,193.837,1052.06,839.259,111.796,14.8518,16.7629,19.3703,21.164,4.4011,22.9849,18.9408,2.44503,20.7987,799.92
41,"n23g0021.hpc.itc.rwth-aachen.de",41,"41",3,1,0000:2c:00.0,2,"OK",67108864,"bandwidth","H2D",50,3,1825.41,1829.74,1924.99,1928.37,98.6347,1932.63,1895.18,45.4709,32.3394,32.4107,32.4676,34.1579,1.74715,34.2388,32.9977,0.805963,34.8618,1918.58
41,"n23g0021.hpc.itc.rwth-aachen.de",41,"41",3,1,0000:2c:00.0,2,"OK",67108864,"bandwidth","D2H",50,3,1913.01,1928.54,2038.32,2042.35,113.803,2046.6,2005.21,53.387,30.5385,30.6021,30.6625,32.4084,1.80633,32.6711,31.1915,0.85152,32.9236,2031.84
41,"n23g0021.hpc.itc.rwth-aachen.de",41,"41",3,1,0000:2c:00.0,2,"OK",268435456,"bandwidth","H2D",50,3,7378.54,7452.58,7526.35,7563.91,111.323,7712.26,7510.49,76.2521,32.4159,33.0517,33.2166,33.5454,0.493709,33.8821,33.2902,0.337111,35.6661,7520.02
41,"n23g0021.hpc.itc.rwth-aachen.de",41,"41",3,1,0000:2c:00.0,2,"OK",268435456,"bandwidth","D2H",50,3,7773.49,7886.93,7936.49,7980.85,93.921,8137.36,7940.96,77.9159,30.7225,31.325,31.5001,31.698,0.373033,32.1606,31.4854,0.308104,33.823,7930.19
41,"n23g0021.hpc.itc.rwth-aachen.de",41,"41",3,2,0000:9d:00.0,4,"OK",4096,"latency","H2D",50,3,15.292,15.8195,16.0675,16.3218,0.50225,25.445,16.2913,1.42258,0.149919,0.23372,0.237417,0.241139,0.00741963,0.249457,0.235397,0.0143933,0.254925,8.64
41,"n23g0021.hpc.itc.rwth-aachen.de",41,"41",3,2,0000:9d:00.0,4,"OK",4096,"latency","D2H",50,3,14.185,15.3492,15.7325,15.9428,0.5935,16.774,15.6358,0.52023,0.227417,0.239275,0.242473,0.248527,0.00925207,0.268925,0.244246,0.0082307,0.260353,8.24
41,"n23g0021.hpc.itc.rwth-aachen.de",41,"41",3,2,0000:9d:00.0,4,"OK",16777216,"bandwidth","H2D",50,3,825.3,831.635,833.163,835.53,3.89475,840.151,833.343,3.56475,18.5978,18.7007,18.7538,18.7883,0.08758,18.9325,18.7501,0.0802318,20.1368,825.168
41,"n23g0021.hpc.itc.rwth-aachen.de",41,"41",3,2,0000:9d:00.0,4,"OK",16777216,"bandwidth","D2H",50,3,1804.84,1812.52,1817.16,1826.05,13.528,1844.58,1819.63,9.41787,8.47074,8.55672,8.59858,8.62059,0.0638638,8.65729,8.58714,0.04429,9.23265,1808.99
41,"n23g0021.hpc.itc.rwth-aachen.de",41,"41",3,2,0000:9d:00.0,4,"OK",67108864,"bandwidth","H2D",50,3,3238.42,3252.7,3262.22,3266.96,14.2545,3282.3,3260.66,9.14529,19.0415,19.131,19.1587,19.2148,0.0838387,19.2995,19.168,0.0537621,20.5715,3254.32
41,"n23g0021.hpc.itc.rwth-aachen.de",41,"41",3,2,0000:9d:00.0,4,"OK",67108864,"bandwidth","D2H",50,3,6500.45,6516.09,6521.87,6531.83,15.745,6544.83,6522.67,10.6444,9.54953,9.56852,9.58314,9.59164,0.0231206,9.61471,9.582,0.0156392,10.2898,6514
41,"n23g0021.hpc.itc.rwth-aachen.de",41,"41",3,2,0000:9d:00.0,4,"OK",268435456,"bandwidth","H2D",50,3,12216.7,12412.1,13142.3,13260.8,848.71,13285.6,12844.8,430.758,18.8174,18.8526,19.0232,20.1417,1.2891,20.4638,19.4851,0.656924,20.426,13134.3
41,"n23g0021.hpc.itc.rwth-aachen.de",41,"41",3,2,0000:9d:00.0,4,"OK",268435456,"bandwidth","D2H",50,3,23963.8,26276.4,26900,29181.3,2904.93,29286.1,27528.2,1404.64,8.53647,8.56712,9.29384,9.51424,0.947121,10.4324,9.10535,0.466173,9.97918,26892.1
41,"n23g0021.hpc.itc.rwth-aachen.de",41,"41",3,3,0000:ad:00.0,6,"OK",4096,"latency","H2D",50,3,15.19,15.6103,15.867,16.1217,0.5115,18.495,15.9173,0.504893,0.206256,0.236618,0.240417,0.244371,0.00775325,0.251132,0.239881,0.00709399,0.258146,8.512
41,"n23g0021.hpc.itc.rwth-aachen.de",41,"41",3,3,0000:ad:00.0,6,"OK",4096,"latency","D2H",50,3,14.406,15.3068,15.663,15.9857,0.679,23.492,15.8798,1.37635,0.162383,0.238631,0.243548,0.249217,0.010586,0.264799,0.241579,0.0158006,0.261508,8.432
41,"n23g0021.hpc.itc.rwth-aachen.de",41,"41",3,3,0000:ad:00.0,6,"OK",16777216,"bandwidth","H2D",50,3,827.333,833.962,836.588,839.998,6.03575,844.197,837.042,4.12518,18.5087,18.6012,18.6771,18.7359,0.134618,18.886,18.6674,0.09198,20.0543,828.448
41,"n23g0021.hpc.itc.rwth-aachen.de",41,"41",3,3,0000:ad:00.0,6,"OK",16777216,"bandwidth","D2H",50,3,1793.67,1802.28,1807.93,1820.32,18.044,1836.89,1811.03,10.827,8.50621,8.58365,8.64249,8.66957,0.0859204,8.71118,8.628,0.0513677,9.27981,1800.27
41,"n23g0021.hpc.itc.rwth-aachen.de",41,"41",3,3,0000:ad:00.0,6,"OK",67108864,"bandwidth","H2D",50,3,3283.98,3297.46,3303.71,3311.64,14.182,3323.84,3304.14,9.65499,18.8035,18.8728,18.9181,18.954,0.0811697,19.0318,18.9158,0.0552702,20.3132,3295.87
41,"n23g0021.hpc.itc.rwth-aachen.de",41,"41",3,3,0000:ad:00.0,6,"OK",67108864,"bandwidth","D2H",50,3,6474.47,6492.47,6498.58,6502.69,10.2188,6521.23,6498.24,9.11081,9.58407,9.61141,9.61749,9.62654,0.0151278,9.6533,9.61801,0.0134827,10.3267,6490.86
41,"n23g0021.hpc.itc.rwth-aachen.de",41,"41",3,3,0000:ad:00.0,6,"OK",268435456,"bandwidth","H2D",50,3,11923,12420,13230.7,13298.7,878.71,13360.6,12866.4,457.429,18.7117,18.7989,18.8954,20.129,1.33007,20.9679,19.4553,0.697421,20.2888,13222.9
41,"n23g0021.hpc.itc.rwth-aachen.de",41,"41",3,3,0000:ad:00.0,6,"OK",268435456,"bandwidth","D2H",50,3,23855.6,26213.2,26705.1,29060.5,2847.37,29194.8,27241.4,1453.64,8.56316,8.60273,9.3615,9.53719,0.934463,10.4797,9.20363,0.495969,10.0518,26697.4
42,"n23g0021.hpc.itc.rwth-aachen.de",42,"42",3,0,0000:1b:00.0,0,"OK",4096,"latency","H2D",50,3,12.891,13.285,13.8735,14.16,0.875,15.489,13.8168,0.578932,0.246284,0.2694,0.274963,0.287143,0.0177437,0.295919,0.276568,0.0114005,0.29524,7.552
42,"n23g0021.hpc.itc.rwth-aachen.de",42,"42",3,0,0000:1b:00.0,0,"OK",4096,"latency","D2H",50,3,12.414,12.9788,13.465,13.648,0.66925,32.017,14.1102,3.34801,0.119146,0.279506,0.283305,0.293921,0.0144145,0.30729,0.278468,0.0348708,0.304196,6.896
42,"n23g0021.hpc.itc.rwth-aachen.de",42,"42",3,0,0000:1b:00.0,0,"OK",16777216,"bandwidth","H2D",50,3,767.743,872.756,951.132,1098.82,226.063,1312.24,997.894,161.957,11.9071,14.2198,16.4291,17.9031,3.68325,20.3519,16.0567,2.48257,17.6406,944.192
42,"n23g0021.hpc.itc.rwth-aachen.de",42,"42",3,0,0000:1b:00.0,0,"OK",16777216,"bandwidth","D2H",50,3,709.265,830.483,901.565,1031.21,200.731,2307.05,968.486,243.317,6.77272,15.152,17.331,18.8144,3.66235,22.0298,16.8146,2.96601,18.609,895.04
42,"n23g0021.hpc.itc.rwth-aachen.de",42,"42",3,0,0000:1b:00.0,0,"OK",67108864,"bandwidth","H2D",50,3,2557.73,2586.17,2696.93,2700.51,114.347,2853.26,2659.67,67.2555,21.9048,23.1437,23.1745,24.1671,1.02332,24.4357,23.5142,0.594818,24.8834,2690.8
42,"n23g0021.hpc.itc.rwth-aachen.de",42,"42",3,0,0000:1b:00.0,0,"OK",67108864,"bandwidth","D2H",50,3,2369.12,2392.44,2504.78,2511.62,119.18,2672.77,2472.48,69.6637,23.384,24.8843,24.9523,26.124,1.23969,26.3811,25.2982,0.708159,26.7924,2498.61
42,"n23g0021.hpc.itc.rwth-aachen.de",42,"42",3,0,0000:1b:00.0,0,"OK",268435456,"bandwidth","H2D",50,3,10231.1,10474.3,10488.6,10514,39.6467,10635.9,10491.1,55.1136,23.5054,23.7778,23.8355,23.8678,0.0900009,24.4352,23.8304,0.126335,25.5931,10482.1
42,"n23g0021.hpc.itc.rwth-aachen.de",42,"42",3,0,0000:1b:00.0,0,"OK",268435456,"bandwidth","D2H",50,3,9572.65,9712.94,9762.32,9789.94,77.0063,9970.14,9757,69.865,25.0749,25.5364,25.6087,25.7389,0.20246,26.1161,25.624,0.183066,27.4971,9756.11
42,"n23g0021.hpc.itc.rwth-aachen.de",42,"42",3,1,0000:2c:00.0,2,"OK",4096,"latency","H2D",50,3,12.582,13.2077,13.538,13.7832,0.5755,16.155,13.5539,0.660658,0.236131,0.276764,0.281778,0.288823,0.0120596,0.303187,0.282064,0.0127399,0.302557,7.296
42,"n23g0021.hpc.itc.rwth-aachen.de",42,"42",3,1,0000:2c:00.0,2,"OK",4096,"latency","D2H",50,3,12.422,12.8095,13.147,13.4245,0.615,14.312,13.1292,0.402424,0.266538,0.284159,0.290157,0.297802,0.0136428,0.307092,0.29082,0.00879759,0.311554,6.848
42,"n23g0021.hpc.itc.rwth-aachen.de",42,"42",3,1,0000:2c:00.0,2,"OK",16777216,"bandwidth","H2D",50,3,625.836,676.404,732.783,851.333,174.929,1008.44,760.58,106.56,15.4942,18.3536,21.3228,23.1001,4.74653,24.9666,20.9324,2.7997,22.8952,726.56
42,"n23g0021.hpc.itc.rwth-aachen.de",42,"42",3,1,0000:2c:00.0,2,"OK",16777216,"bandwidth","D2H",50,3,676.458,733.398,793.823,931.266,197.868,1052.1,825.395,116.536,14.8512,16.7782,19.6833,21.3049,4.52671,23.0983,19.2934,2.5926,21.1347,787.472
42,"n23g0021.hpc.itc.rwth-aachen.de",42,"42",3,1,0000:2c:00.0,2,"OK",67108864,"bandwidth","H2D",50,3,1823.88,1833.36,1925.01,1927.76,94.4097,1935.36,1898.02,44.3656,32.2937,32.421,32.4674,34.0905,1.66954,34.2677,32.9474,0.786185,34.8616,1918.53
42,"n23g0021.hpc.itc.rwth-aachen.de",42,"42",3,1,0000:2c:00.0,2,"OK",67108864,"bandwidth","D2H",50,3,1912.62,1943.77,2037.54,2042.04,98.264,2049.17,2006.3,52.8241,30.5002,30.6067,30.6742,32.1575,1.55085,32.6777,31.174,0.842776,32.9362,2031.12
42,"n23g0021.hpc.itc.rwth-aachen.de",42,"42",3,1,0000:2c:00.0,2,"OK",268435456,"bandwidth","H2D",50,3,7309.45,7454.67,7495.37,7565.42,110.754,7698.24,7506.02,84.8226,32.4749,33.0451,33.3539,33.536,0.490951,34.2023,33.3108,0.376027,35.8135,7488.98
42,"n23g0021.hpc.itc.rwth-aachen.de",42,"42",3,1,0000:2c:00.0,2,"OK",268435456,"bandwidth","D2H",50,3,7767.76,7878.2,7931.33,7973.34,95.1367,8073.56,7929.76,70.9572,30.9653,31.3545,31.5205,31.7331,0.378641,32.1843,31.5293,0.282152,33.8449,7924.26
42,"n23g0021.hpc.itc.rwth-aachen.de",42,"42",3,2,0000:9d:00.0,4,"OK",4096,"latency","H2D",50,3,15.139,15.7317,15.9935,16.203,0.47125,24.019,16.1573,1.22184,0.15882,0.235432,0.238515,0.242484,0.00705235,0.251978,0.237074,0.0130547,0.256104,8.512
42,"n23g0021.hpc.itc.rwth-aachen.de",42,"42",3,2,0000:9d:00.0,4,"OK",4096,"latency","D2H",50,3,14.633,15.4223,15.751,15.9797,0.5575,24.063,15.993,1.41034,0.15853,0.238721,0.242188,0.24735,0.00862967,0.260691,0.239921,0.0160741,0.260047,8.48
42,"n23g0021.hpc.itc.rwth-aachen.de",42,"42",3,2,0000:9d:00.0,4,"OK",16777216,"bandwidth","H2D",50,3,822.725,829.447,831.67,835.323,5.877,862.309,833.275,6.86671,18.12,18.7053,18.7875,18.8379,0.132536,18.9918,18.7526,0.152179,20.1729,824.192
42,"n23g0021.hpc.itc.rwth-aachen.de",42,"42",3,2,0000:9d:00.0,4,"OK",16777216,"bandwidth","D2H",50,3,1801.3,1809.36,1815.05,1826.53,17.1755,1844.05,1817.62,10.5483,8.47319,8.55446,8.60857,8.63567,0.0812041,8.67431,8.59667,0.0496824,9.24339,1805.95
42,"n23g0021.hpc.itc.rwth-aachen.de",42,"42",3,2,0000:9d:00.0,4,"OK",67108864,"bandwidth","H2D",50,3,3241.61,3257.65,3263.24,3270.22,12.5715,3283.68,3263.05,10.6435,19.0336,19.1119,19.1527,19.1856,0.0737541,19.2806,19.1541,0.0624799,20.5651,3255.02
42,"n23g0021.hpc.itc.rwth-aachen.de",42,"42",3,2,0000:9d:00.0,4,"OK",67108864,"bandwidth","D2H",50,3,6501.53,6520.27,6523.9,6531.92,11.6435,6544.88,6524.66,9.5728,9.54944,9.5684,9.58016,9.58549,0.0170867,9.61313,9.57906,0.0140555,10.2866,6515.98
42,"n23g0021.hpc.itc.rwth-aachen.de",42,"42",3,2,0000:9d:00.0,4,"OK",268435456,"bandwidth","H2D",50,3,12160.7,12364.8,13144.3,13279,914.241,13326.6,12834.8,462.178,18.7595,18.8267,19.0206,20.2187,1.39205,20.558,19.5037,0.706348,20.4232,13136.4
42,"n23g0021.hpc.itc.rwth-aachen.de",42,"42",3,2,0000:9d:00.0,4,"OK",268435456,"bandwidth","D2H",50,3,23905.7,26696.8,26904.4,29206.5,2509.66,29255.8,27662,1362.6,8.54533,8.55974,9.29215,9.36441,0.804669,10.4578,9.05987,0.451397,9.97737,26896.5
42,"n23g0021.hpc.itc.rwth-aachen.de",42,"42",3,3,0000:ad:00.0,6,"OK",4096,"latency","H2D",50,3,14.565,15.3312,15.551,15.7635,0.43225,21.274,15.6672,0.957831,0.179313,0.241996,0.245302,0.248818,0.00682255,0.261908,0.244219,0.0121467,0.263391,8.272
42,"n23g0021.hpc.itc.rwth-aachen.de",42,"42",3,3,0000:ad:00.0,6,"OK",4096,"latency","D2H",50,3,14.758,15.3758,15.6395,15.9355,0.55975,16.965,15.6621,0.43841,0.224857,0.239384,0.243914,0.248099,0.00871507,0.258483,0.243752,0.00677066,0.261901,8.256
42,"n23g0021.hpc.itc.rwth-aachen.de",42,"42",3,3,0000:ad:00.0,6,"OK",16777216,"bandwidth","H2D",50,3,825.226,834.143,836.971,840.508,6.36525,847.886,836.945,5.29749,18.4282,18.5899,18.6685,18.7318,0.141858,18.9342,18.6698,0.11833,20.0452,828.8
42,"n23g0021.hpc.itc.rwth-aachen.de",42,"42",3,3,0000:ad:00.0,6,"OK",16777216,"bandwidth","D2H",50,3,1793.54,1802.24,1806.1,1813.44,11.2025,1833.45,1808.67,9.09985,8.52218,8.61622,8.65123,8.66978,0.0535574,8.71184,8.63917,0.0432568,9.28919,1798.03
42,"n23g0021.hpc.itc.rwth-aachen.de",42,"42",3,3,0000:ad:00.0,6,"OK",67108864,"bandwidth","H2D",50,3,3285.71,3294.2,3303.54,3308.81,14.6097,3324.47,3302.47,9.73237,18.8,18.889,18.9191,18.9727,0.0837723,19.0218,18.9254,0.0557554,20.3142,3295.89
42,"n23g0021.hpc.itc.rwth-aachen.de",42,"42",3,3,0000:ad:00.0,6,"OK",67108864,"bandwidth","D2H",50,3,6478.91,6488.13,6494.81,6503.18,15.045,6521.4,6496.3,10.3476,9.58382,9.61069,9.62306,9.63297,0.0222857,9.64668,9.62088,0.0153133,10.3327,6487.86
42,"n23g0021.hpc.itc.rwth-aachen.de",42,"42",3,3,0000:ad:00.0,6,"OK",268435456,"bandwidth","H2D",50,3,12105.6,12369.7,13211.1,13293,923.316,13358.9,12849.2,465.939,18.7141,18.8068,18.9235,20.2106,1.40381,20.6516,19.4823,0.71087,20.3189,13203.6
42,"n23g0021.hpc.itc.rwth-aachen.de",42,"42",3,3,0000:ad:00.0,6,"OK",268435456,"bandwidth","D2H",50,3,23592.2,25998.4,26413.7,28256,2257.6,29187.8,26603.1,1765.84,8.56522,8.8522,9.46479,9.61596,0.76376,10.5967,9.43914,0.63055,10.1627,26405.8
43,"n23g0021.hpc.itc.rwth-aachen.de",43,"43",3,0,0000:1b:00.0,0,"OK",4096,"latency","H2D",50,3,12.598,13.3332,13.717,14.0525,0.71925,15.86,13.7089,0.599887,0.240523,0.27146,0.2781,0.286104,0.0146436,0.302802,0.278781,0.0118498,0.298608,7.376
43,"n23g0021.hpc.itc.rwth-aachen.de",43,"43",3,0,0000:1b:00.0,0,"OK",4096,"latency","D2H",50,3,12.256,12.9597,13.2825,13.651,0.69125,21.145,13.5636,1.61052,0.180407,0.279445,0.287197,0.29435,0.0149056,0.311251,0.28399,0.0234035,0.308376,6.896
43,"n23g0021.hpc.itc.rwth-aachen.de",43,"43",3,0,0000:1b:00.0,0,"OK",16777216,"bandwidth","H2D",50,3,764.867,873.489,941.361,1096.87,223.384,1309.62,986.591,155.602,11.931,14.245,16.5983,17.888,3.64299,20.4284,16.2185,2.44398,17.8223,934.976
43,"n23g0021.hpc.itc.rwth-aachen.de",43,"43",3,0,0000:1b:00.0,0,"OK",16777216,"bandwidth","D2H",50,3,713.24,835.217,907.582,1029.78,194.568,1265.02,933.54,153.094,12.3516,15.1731,17.2164,18.7077,3.53463,21.9071,17.1745,2.70323,18.4859,901.12
43,"n23g0021.hpc.itc.rwth-aachen.de",43,"43",3,0,0000:1b:00.0,0,"OK",67108864,"bandwidth","H2D",50,3,2555.44,2564.53,2676.52,2698.12,133.585,2853.56,2650.73,69.2556,21.9025,23.1643,23.3512,24.3709,1.20662,24.4576,23.5945,0.614041,25.0732,2670.27
43,"n23g0021.hpc.itc.rwth-aachen.de",43,"43",3,0,0000:1b:00.0,0,"OK",67108864,"bandwidth","D2H",50,3,2367.49,2416.62,2506.97,2512.92,96.303,2671.45,2474.57,68.6009,23.3955,24.8714,24.9305,25.8633,0.991878,26.3993,25.2762,0.69646,26.7689,2500.88
43,"n23g0021.hpc.itc.rwth-aachen.de",43,"43",3,0,0000:1b:00.0,0,"OK",268435456,"bandwidth","H2D",50,3,10231.2,10471.4,10491.6,10510.2,38.817,10612.6,10488.5,60.547,23.5569,23.7864,23.8286,23.8745,0.0881751,24.4351,23.8364,0.138801,25.5858,10484.9
43,"n23g0021.hpc.itc.rwth-aachen.de",43,"43",3,0,0000:1b:00.0,0,"OK",268435456,"bandwidth","D2H",50,3,9544.18,9736.43,9761.19,9784.68,48.2425,10060.2,9757.94,72.561,24.8504,25.5502,25.6116,25.6768,0.126604,26.194,25.6216,0.189567,27.5003,9755.17
43,"n23g0021.hpc.itc.rwth-aachen.de",43,"43",3,1,0000:2c:00.0,2,"OK",4096,"latency","H2D",50,3,12.661,13.2465,13.5645,13.7845,0.538,16.367,13.5394,0.5355,0.233072,0.276738,0.281227,0.287979,0.0112411,0.301295,0.282151,0.0102643,0.301965,7.248
43,"n23g0021.hpc.itc.rwth-aachen.de",43,"43",3,1,0000:2c:00.0,2,"OK",4096,"latency","D2H",50,3,12.529,12.9753,13.4695,13.675,0.69975,20.063,13.5644,1.06907,0.190136,0.278954,0.28321,0.293998,0.0150439,0.304469,0.282556,0.0171036,0.304094,7.168
43,"n23g0021.hpc.itc.rwth-aachen.de",43,"43",3,1,0000:2c:00.0,2,"OK",16777216,"bandwidth","H2D",50,3,626.561,675.002,731.993,852.252,177.251,1016.93,759.726,107.569,15.3648,18.3338,21.3458,23.1481,4.81428,24.9377,20.9629,2.82337,22.9199,725.52
43,"n23g0021.hpc.itc.rwth-aachen.de",43,"43",3,1,0000:2c:00.0,2,"OK",16777216,"bandwidth","D2H",50,3,681.693,737.527,801.226,939.907,202.38,1054.91,830.664,118.15,14.8117,16.624,19.5014,21.1857,4.56167,22.9209,19.178,2.60611,20.9394,794.816
43,"n23g0021.hpc.itc.rwth-aachen.de",43,"43",3,1,0000:2c:00.0,2,"OK",67108864,"bandwidth","H2D",50,3,1823.28,1829.57,1923.8,1926.99,97.42,1931.78,1891.24,45.6562,32.3536,32.4341,32.4878,34.1611,1.72704,34.2788,33.0667,0.810524,34.8835,1917.44
43,"n23g0021.hpc.itc.rwth-aachen.de",43,"43",3,1,0000:2c:00.0,2,"OK",67108864,"bandwidth","D2H",50,3,1911.52,1925.16,2035.86,2041.51,116.355,2044.87,1997,56.0447,30.5643,30.6145,30.6996,32.4649,1.85032,32.6965,31.322,0.893766,32.9634,2029.49
43,"n23g0021.hpc.itc.rwth-aachen.de",43,"43",3,1,0000:2c:00.0,2,"OK",268435456,"bandwidth","H2D",50,3,7288.78,7462.17,7521.46,7566.45,104.278,7697.18,7513.73,84.8035,32.4794,33.0406,33.2382,33.5023,0.461716,34.2993,33.2767,0.377153,35.6893,7515.17
43,"n23g0021.hpc.itc.rwth-aachen.de",43,"43",3,1,0000:2c:00.0,2,"OK",268435456,"bandwidth","D2H",50,3,7738.45,7862.09,7906.61,7971.36,109.273,8154.52,7916.06,82.9777,30.6579,31.3623,31.6191,31.7982,0.435897,32.3062,31.5848,0.330137,33.9508,7900.32
43,"n23g0021.hpc.itc.rwth-aachen.de",43,"43",3,2,0000:9d:00.0,4,"OK",4096,"latency","H2D",50,3,14.949,15.6862,15.937,16.176,0.48975,19.602,16.0571,0.751302,0.194608,0.235825,0.239361,0.243187,0.00736275,0.255181,0.238032,0.00990822,0.257012,8.496
43,"n23g0021.hpc.itc.rwth-aachen.de",43,"43",3,2,0000:9d:00.0,4,"OK",4096,"latency","D2H",50,3,14.598,15.237,15.5805,15.9275,0.6905,19.824,15.6642,0.75634,0.192428,0.239504,0.244838,0.250358,0.0108536,0.261316,0.244028,0.010383,0.262893,8.32
43,"n23g0021.hpc.itc.rwth-aachen.de",43,"43",3,2,0000:9d:00.0,4,"OK",16777216,"bandwidth","H2D",50,3,820.3,825.274,827.868,831.4,6.1265,842.173,828.281,4.67244,18.5532,18.7936,18.8738,18.9331,0.139515,19.0479,18.865,0.106235,20.2656,819.984
43,"n23g0021.hpc.itc.rwth-aachen.de",43,"43",3,2,0000:9d:00.0,4,"OK",16777216,"bandwidth","D2H",50,3,1807.23,1814.6,1818.77,1827.13,12.5362,1837.43,1820.99,8.49089,8.50373,8.55165,8.59095,8.61073,0.0590782,8.6458,8.58067,0.0399383,9.22447,1810.99
43,"n23g0021.hpc.itc.rwth-aachen.de",43,"43",3,2,0000:9d:00.0,4,"OK",67108864,"bandwidth","H2D",50,3,3250.74,3260.81,3268.32,3276.92,16.1045,3292.05,3269.81,10.2359,18.9852,19.0728,19.123,19.167,0.0941969,19.2264,19.1144,0.0597754,20.5332,3260.46
43,"n23g0021.hpc.itc.rwth-aachen.de",43,"43",3,2,0000:9d:00.0,4,"OK",67108864,"bandwidth","D2H",50,3,6494.26,6515.68,6524.27,6531.94,16.2567,6557.47,6524.03,12.5788,9.53111,9.56837,9.57962,9.59224,0.0238733,9.62388,9.58,0.0184635,10.286,6516.42
43,"n23g0021.hpc.itc.rwth-aachen.de",43,"43",3,2,0000:9d:00.0,4,"OK",268435456,"bandwidth","H2D",50,3,12221.7,12374.8,13243.3,13277.8,902.947,13309.8,12853.7,446.677,18.7831,18.8285,18.8775,20.2023,1.37386,20.4555,19.4733,0.68062,20.2695,13235.3
43,"n23g0021.hpc.itc.rwth-aachen.de",43,"43",3,2,0000:9d:00.0,4,"OK",268435456,"bandwidth","D2H",50,3,26111.9,26297.8,26916.7,29163,2865.2,29308.9,27613.6,1308.65,8.52983,8.57252,9.28792,9.50651,0.933996,9.57416,9.07367,0.425784,9.97283,26908.8
43,"n23g0021.hpc.itc.rwth-aachen.de",43,"43",3,3,0000:ad:00.0,6,"OK",4096,"latency","H2D",50,3,14.811,15.5538,15.7475,16.0855,0.53175,23.199,15.9942,1.13795,0.164434,0.237151,0.242242,0.245259,0.00810773,0.257558,0.239409,0.0128443,0.260105,8.416
43,"n23g0021.hpc.itc.rwth-aachen.de",43,"43",3,3,0000:ad:00.0,6,"OK",4096,"latency","D2H",50,3,14.285,15.4443,15.56,15.7297,0.2855,16.542,15.5429,0.415182,0.230607,0.242515,0.245161,0.246998,0.00448309,0.267042,0.245609,0.00666042,0.263239,8.448
43,"n23g0021.hpc.itc.rwth-aachen.de",43,"43",3,3,0000:ad:00.0,6,"OK",16777216,"bandwidth","H2D",50,3,831.619,840.471,842.683,845.004,4.53225,850.799,842.537,3.80071,18.3651,18.491,18.542,18.5908,0.0997131,18.7887,18.5456,0.0837865,19.9093,834.512
43,"n23g0021.hpc.itc.rwth-aachen.de",43,"43",3,3,0000:ad:00.0,6,"OK",16777216,"bandwidth","D2H",50,3,1798.07,1806.36,1809.93,1821.1,14.7412,1833.15,1813.14,9.47521,8.5236,8.57996,8.63294,8.64998,0.0700187,8.68988,8.61787,0.0449148,9.26954,1802.06
43,"n23g0021.hpc.itc.rwth-aachen.de",43,"43",3,3,0000:ad:00.0,6,"OK",67108864,"bandwidth","H2D",50,3,3297.78,3309.06,3313.93,3319.97,10.9163,3340.21,3314.85,8.66477,18.7114,18.8254,18.8598,18.8875,0.0621032,18.9521,18.8547,0.0492204,20.2505,3306.05
43,"n23g0021.hpc.itc.rwth-aachen.de",43,"43",3,3,0000:ad:00.0,6,"OK",67108864,"bandwidth","D2H",50,3,6483.86,6495.44,6501.85,6508.61,13.1743,6528.4,6503.09,10.3463,9.57356,9.60266,9.61265,9.62214,0.0194764,9.63932,9.61084,0.0152789,10.3215,6494.27
43,"n23g0021.hpc.itc.rwth-aachen.de",43,"43",3,3,0000:ad:00.0,6,"OK",268435456,"bandwidth","H2D",50,3,12216.2,12451.7,13259.5,13314.5,862.822,13379,12889.8,453.193,18.6861,18.7765,18.8544,20.0776,1.30109,20.4647,19.4194,0.686748,20.2448,13251.7
43,"n23g0021.hpc.itc.rwth-aachen.de",43,"43",3,3,0000:ad:00.0,6,"OK",268435456,"bandwidth","D2H",50,3,23850.3,26373.7,26853,29080,2706.28,29159.6,27413.2,1396.9,8.57349,8.59697,9.30995,9.47913,0.882158,10.482,9.14371,0.472472,9.99648,26845.3
44,"n23g0021.hpc.itc.rwth-aachen.de",44,"44",3,0,0000:1b:00.0,0,"OK",4096,"latency","H2D",50,3,12.942,13.373,13.789,14.1583,0.78525,27.26,14.053,1.95581,0.139938,0.269434,0.276649,0.285254,0.0158197,0.294753,0.2744,0.0217038,0.29705,7.456
44,"n23g0021.hpc.itc.rwth-aachen.de",44,"44",3,0,0000:1b:00.0,0,"OK",4096,"latency","D2H",50,3,12.157,12.9177,13.2165,13.4592,0.5415,13.965,13.1683,0.385242,0.273161,0.283426,0.288631,0.295308,0.0118822,0.313786,0.289939,0.00858165,0.309916,6.88
44,"n23g0021.hpc.itc.rwth-aachen.de",44,"44",3,0,0000:1b:00.0,0,"OK",16777216,"bandwidth","H2D",50,3,766.054,861.205,939.481,1096.65,235.449,1310.01,987.15,162.12,11.9274,14.2479,16.6315,18.1441,3.89621,20.3967,16.2411,2.54147,17.858,932.944
44,"n23g0021.hpc.itc.rwth-aachen.de",44,"44",3,0,0000:1b:00.0,0,"OK",16777216,"bandwidth","D2H",50,3,712.828,831.464,896.953,1025.31,193.848,1247.6,931.502,151.705,12.524,15.2393,17.4203,18.7923,3.55302,21.9197,17.2073,2.69661,18.7049,890.56
44,"n23g0021.hpc.itc.rwth-aachen.de",44,"44",3,0,0000:1b:00.0,0,"OK",67108864,"bandwidth","H2D",50,3,2554.41,2627.73,2695.36,2700.39,72.6587,2852.86,2668.31,61.6067,21.9079,23.1448,23.188,23.7848,0.640009,24.4675,23.4356,0.542425,24.8979,2689.2
44,"n23g0021.hpc.itc.rwth-aachen.de",44,"44",3,0,0000:1b:00.0,0,"OK",67108864,"bandwidth","D2H",50,3,2370.37,2382.26,2457.6,2512.74,130.477,2669.28,2456.97,71.9736,23.4146,24.8733,25.4315,26.2356,1.36231,26.3672,25.4593,0.732764,27.3069,2451.41
44,"n23g0021.hpc.itc.rwth-aachen.de",44,"44",3,0,0000:1b:00.0,0,"OK",268435456,"bandwidth","H2D",50,3,10234.1,10466.6,10487,10514,47.424,10637.9,10492.3,60.1996,23.5009,23.7778,23.839,23.8855,0.107738,24.4281,23.8277,0.137527,25.5969,10480.9
44,"n23g0021.hpc.itc.rwth-aachen.de",44,"44",3,0,0000:1b:00.0,0,"OK",268435456,"bandwidth","D2H",50,3,9502.26,9702.55,9742.2,9777.33,74.7852,9909.84,9734.09,67.2208,25.2275,25.5693,25.6616,25.7664,0.197083,26.3095,25.6842,0.178557,27.5539,9736.05
44,"n23g0021.hpc.itc.rwth-aachen.de",44,"44",3,1,0000:2c:00.0,2,"OK",4096,"latency","H2D",50,3,11.825,12.463,12.719,13.0087,0.54575,25.107,13.0077,1.83811,0.151938,0.293241,0.299922,0.306082,0.0128411,0.322596,0.29665,0.0246295,0.322039,6.512
44,"n23g0021.hpc.itc.rwth-aachen.de",44,"44",3,1,0000:2c:00.0,2,"OK",4096,"latency","D2H",50,3,11.546,12.0023,12.3175,12.5785,0.57625,13.235,12.3385,0.404116,0.288228,0.303272,0.309697,0.317832,0.0145602,0.330391,0.3095,0.0100673,0.332535,6.224
44,"n23g0021.hpc.itc.rwth-aachen.de",44,"44",3,1,0000:2c:00.0,2,"OK",16777216,"bandwidth","H2D",50,3,596.639,673.852,729.788,788.74,114.888,951.341,733.658,90.3498,16.4242,19.8101,21.4103,23.1876,3.37751,26.1884,21.6103,2.55819,22.9892,723.392
44,"n23g0021.hpc.itc.rwth-aachen.de",44,"44",3,1,0000:2c:00.0,2,"OK",16777216,"bandwidth","D2H",50,3,678.583,731.956,792.055,854.023,122.067,1055.19,800.973,98.2522,14.8078,18.2958,19.7272,21.347,3.05119,23.0259,19.7868,2.29474,21.1819,785.664
44,"n23g0021.hpc.itc.rwth-aachen.de",44,"44",3,1,0000:2c:00.0,2,"OK",67108864,"bandwidth","H2D",50,3,1823.47,1829.65,1925.5,1928.19,98.536,1933.5,1889.2,47.3915,32.3247,32.4138,32.4592,34.1595,1.74565,34.2752,33.1038,0.83963,34.8528,1919.04
44,"n23g0021.hpc.itc.rwth-aachen.de",44,"44",3,1,0000:2c:00.0,2,"OK",67108864,"bandwidth","D2H",50,3,1912.09,1926.78,2033.26,2042.69,115.909,2048.24,1996.25,54.9521,30.5139,30.597,30.7389,32.4376,1.84063,32.6867,31.3329,0.875614,33.0056,2026.88
44,"n23g0021.hpc.itc.rwth-aachen.de",44,"44",3,1,0000:2c:00.0,2,"OK",268435456,"bandwidth","H2D",50,3,7362.84,7450.57,7483.71,7557.31,106.738,7642.47,7497.14,72.5267,32.7119,33.0806,33.4059,33.5545,0.473915,33.9543,33.3492,0.322222,35.8693,7477.36
44,"n23g0021.hpc.itc.rwth-aachen.de",44,"44",3,1,0000:2c:00.0,2,"OK",268435456,"bandwidth","D2H",50,3,7780.45,7863.41,7912.86,7971.67,108.258,8153.82,7916.03,80.663,30.6605,31.361,31.5941,31.7928,0.431758,32.1318,31.5847,0.320347,33.924,7906.53
44,"n23g0021.hpc.itc.rwth-aachen.de",44,"44",3,2,0000:9d:00.0,4,"OK",4096,"latency","H2D",50,3,14.946,15.4565,15.754,15.9465,0.49,32.133,16.1377,2.35464,0.118716,0.239218,0.242142,0.246802,0.00758395,0.255232,0.239104,0.0190026,0.259998,8.416
44,"n23g0021.hpc.itc.rwth-aachen.de",44,"44",3,2,0000:9d:00.0,4,"OK",4096,"latency","D2H",50,3,14.807,15.2787,15.68,15.9435,0.66475,16.775,15.6701,0.445757,0.227404,0.239264,0.243285,0.249674,0.0104101,0.257628,0.243636,0.00692988,0.261225,8.416
44,"n23g0021.hpc.itc.rwth-aachen.de",44,"44",3,2,0000:9d:00.0,4,"OK",16777216,"bandwidth","H2D",50,3,827.109,833.903,836.083,838.915,5.01275,845.147,836.633,4.28406,18.4879,18.6252,18.6883,18.7372,0.111955,18.8911,18.6765,0.0955774,20.0664,828.192
44,"n23g0021.hpc.itc.rwth-aachen.de",44,"44",3,2,0000:9d:00.0,4,"OK",16777216,"bandwidth","D2H",50,3,1802.11,1811.57,1816.62,1823.26,11.6945,1843.5,1817.79,9.11247,8.47574,8.56981,8.60116,8.62514,0.0553221,8.67038,8.59581,0.0429476,9.23542,1808.94
44,"n23g0021.hpc.itc.rwth-aachen.de",44,"44",3,2,0000:9d:00.0,4,"OK",67108864,"bandwidth","H2D",50,3,3242.67,3251.48,3258.35,3268.61,17.1247,3285.24,3260.5,10.2407,19.0245,19.1213,19.1815,19.222,0.100707,19.2743,19.169,0.0601256,20.596,3250.4
44,"n23g0021.hpc.itc.rwth-aachen.de",44,"44",3,2,0000:9d:00.0,4,"OK",67108864,"bandwidth","D2H",50,3,6497.08,6512.82,6520.44,6526.51,13.6875,6551.88,6520.22,11.0507,9.53925,9.57633,9.58524,9.59646,0.0201258,9.6197,9.58559,0.016234,10.2921,6512.51
44,"n23g0021.hpc.itc.rwth-aachen.de",44,"44",3,2,0000:9d:00.0,4,"OK",268435456,"bandwidth","H2D",50,3,12110.4,12372.6,13100.5,13268.1,895.561,13302.6,12825.9,459.745,18.7934,18.8422,19.0833,20.206,1.36386,20.6434,19.5171,0.703504,20.4905,13092.6
44,"n23g0021.hpc.itc.rwth-aachen.de",44,"44",3,2,0000:9d:00.0,4,"OK",268435456,"bandwidth","D2H",50,3,23916.9,26397.2,27038,29188.6,2791.39,29253.9,27521.3,1416.08,8.54586,8.56499,9.24624,9.47074,0.905744,10.4529,9.10836,0.476623,9.92807,27030.1
44,"n23g0021.hpc.itc.rwth-aachen.de",44,"44",3,3,0000:ad:00.0,6,"OK",4096,"latency","H2D",50,3,15.097,15.7285,15.889,16.1627,0.43425,18.987,15.9756,0.55971,0.200911,0.236018,0.240084,0.242534,0.0065161,0.252679,0.239049,0.00764129,0.257788,8.496
44,"n23g0021.hpc.itc.rwth-aachen.de",44,"44",3,3,0000:ad:00.0,6,"OK",4096,"latency","D2H",50,3,14.445,15.1863,15.5745,15.8562,0.67,32.336,16.0395,2.63401,0.117971,0.24058,0.244932,0.251194,0.0106141,0.264084,0.241449,0.0224926,0.262994,8.384
44,"n23g0021.hpc.itc.rwth-aachen.de",44,"44",3,3,0000:ad:00.0,6,"OK",16777216,"bandwidth","H2D",50,3,828.688,836.832,839.745,843.264,6.433,864.782,840.208,5.52417,18.0681,18.5292,18.6069,18.6716,0.14244,18.8551,18.5974,0.121056,19.979,831.648
44,"n23g0021.hpc.itc.rwth-aachen.de",44,"44",3,3,0000:ad:00.0,6,"OK",16777216,"bandwidth","D2H",50,3,1799.82,1804.11,1809.37,1816.64,12.5285,1836.65,1812.25,10.0786,8.50735,8.60106,8.63562,8.66079,0.0597295,8.68142,8.62213,0.047713,9.27243,1801.57
44,"n23g0021.hpc.itc.rwth-aachen.de",44,"44",3,3,0000:ad:00.0,6,"OK",67108864,"bandwidth","H2D",50,3,3298.62,3312.33,3317.11,3323.76,11.4285,3342.44,3318.85,10.8382,18.6989,18.804,18.8417,18.8689,0.0648798,18.9473,18.832,0.0614041,20.2311,3309.02
44,"n23g0021.hpc.itc.rwth-aachen.de",44,"44",3,3,0000:ad:00.0,6,"OK",67108864,"bandwidth","D2H",50,3,6499.83,7265.23,7274.05,7280.77,15.5365,7302.31,7242.38,151.838,8.55893,8.58426,8.59219,8.60262,0.0183572,9.61563,8.63397,0.200637,9.2258,7266.18
44,"n23g0021.hpc.itc.rwth-aachen.de",44,"44",3,3,0000:ad:00.0,6,"OK",268435456,"bandwidth","H2D",50,3,12174.7,12395.8,13262.6,13306.5,910.623,13361.4,12866.8,466.007,18.7106,18.7879,18.85,20.1681,1.3802,20.5344,19.4556,0.708788,20.24,13255.6
44,"n23g0021.hpc.itc.rwth-aachen.de",44,"44",3,3,0000:ad:00.0,6,"OK",268435456,"bandwidth","D2H",50,3,26156.6,26641.4,26886.5,29109.9,2468.45,29206.2,27694.4,1276.76,8.55982,8.58815,9.29836,9.38388,0.79573,9.5578,9.04624,0.41517,9.98404,26875.7
45,"n23g0021.hpc.itc.rwth-aachen.de",45,"45",3,0,0000:1b:00.0,0,"OK",4096,"latency","H2D",50,3,12.957,13.2973,13.851,14.1387,0.8415,15.152,13.7981,0.532749,0.251762,0.269805,0.275411,0.286879,0.0170742,0.294412,0.276874,0.0106016,0.295721,7.616
45,"n23g0021.hpc.itc.rwth-aachen.de",45,"45",3,0,0000:1b:00.0,0,"OK",4096,"latency","D2H",50,3,12.247,12.9827,13.272,13.5455,0.56275,18.236,13.3461,0.79052,0.209185,0.281621,0.287425,0.293828,0.0122072,0.31148,0.286632,0.0137164,0.30862,6.912
45,"n23g0021.hpc.itc.rwth-aachen.de",45,"45",3,0,0000:1b:00.0,0,"OK",16777216,"bandwidth","H2D",50,3,764.866,861.659,940.858,1098.43,236.768,1310.93,986.5,160.557,11.919,14.2249,16.6072,18.1346,3.90975,20.4284,16.2428,2.50884,17.8318,934.384
45,"n23g0021.hpc.itc.rwth-aachen.de",45,"45",3,0,0000:1b:00.0,0,"OK",16777216,"bandwidth","D2H",50,3,711.592,835.873,899.841,1027.77,191.902,1261.79,931.054,153.001,12.3832,15.2028,17.3642,18.693,3.49027,21.9578,17.2211,2.70885,18.6446,893.504
45,"n23g0021.hpc.itc.rwth-aachen.de",45,"45",3,0,0000:1b:00.0,0,"OK",67108864,"bandwidth","H2D",50,3,2554.93,2561.86,2690.69,2697.78,135.914,2852.27,2649.74,73.205,21.9124,23.1672,23.2282,24.3963,1.22909,24.4625,23.6051,0.648183,24.9411,2684.54
45,"n23g0021.hpc.itc.rwth-aachen.de",45,"45",3,0,0000:1b:00.0,0,"OK",67108864,"bandwidth","D2H",50,3,2369.73,2411.62,2500.93,2510.49,98.8693,2665.13,2471.71,66.6556,23.451,24.8955,24.9907,25.9161,1.02064,26.3743,25.3044,0.676687,26.8335,2494.82
45,"n23g0021.hpc.itc.rwth-aachen.de",45,"45",3,0,0000:1b:00.0,0,"OK",268435456,"bandwidth","H2D",50,3,10238,10420.5,10480.5,10496,75.4958,10791.4,10471.1,85.3568,23.1665,23.8186,23.8539,23.9911,0.172588,24.4187,23.8768,0.193695,25.6129,10473.2
45,"n23g0021.hpc.itc.rwth-aachen.de",45,"45",3,0,0000:1b:00.0,0,"OK",268435456,"bandwidth","D2H",50,3,9504.4,9701.59,9726.58,9774.57,72.9812,10017.7,9726.97,80.3671,24.9557,25.5766,25.7028,25.769,0.192402,26.3036,25.7035,0.212494,27.5981,9720.45
45,"n23g0021.hpc.itc.rwth-aachen.de",45,"45",3,1,0000:2c:00.0,2,"OK",4096,"latency","H2D",50,3,12.601,13.135,13.503,13.7265,0.5915,21.256,13.7576,1.45694,0.179464,0.277908,0.282508,0.290424,0.0125165,0.30273,0.27953,0.0214618,0.303341,7.184
45,"n23g0021.hpc.itc.rwth-aachen.de",45,"45",3,1,0000:2c:00.0,2,"OK",4096,"latency","D2H",50,3,12.469,12.9225,13.27,13.575,0.6525,15.528,13.3186,0.526918,0.245666,0.281009,0.287476,0.295199,0.0141897,0.305934,0.286845,0.0107955,0.308675,7.008
45,"n23g0021.hpc.itc.rwth-aachen.de",45,"45",3,1,0000:2c:00.0,2,"OK",16777216,"bandwidth","H2D",50,3,624.007,674.639,730.321,844.788,170.149,986.002,755.985,105.874,15.8468,18.4965,21.3947,23.1605,4.66403,25.0398,21.0572,2.79909,22.9724,723.888
45,"n23g0021.hpc.itc.rwth-aachen.de",45,"45",3,1,0000:2c:00.0,2,"OK",16777216,"bandwidth","D2H",50,3,679.088,735.051,796.422,932.896,197.844,1054.01,824.96,117.713,14.8244,16.7489,19.619,21.257,4.50809,23.0088,19.312,2.62497,21.0657,789.84
45,"n23g0021.hpc.itc.rwth-aachen.de",45,"45",3,1,0000:2c:00.0,2,"OK",67108864,"bandwidth","H2D",50,3,1823.72,1830.74,1926.22,1929.03,98.288,1933.15,1896.91,44.9784,32.3306,32.3997,32.4471,34.1392,1.73947,34.2706,32.9672,0.797084,34.8398,1919.81
45,"n23g0021.hpc.itc.rwth-aachen.de",45,"45",3,1,0000:2c:00.0,2,"OK",67108864,"bandwidth","D2H",50,3,1914.34,1926.57,2036.16,2041.43,114.86,2049.93,2001.87,54.1223,30.4888,30.6158,30.695,32.4411,1.82529,32.6483,31.2441,0.86173,32.9585,2029.71
45,"n23g0021.hpc.itc.rwth-aachen.de",45,"45",3,1,0000:2c:00.0,2,"OK",268435456,"bandwidth","H2D",50,3,7293.8,7440.82,7475.7,7538.19,97.3642,7672.53,7487.24,76.9654,32.5838,33.1645,33.4417,33.5984,0.433954,34.2757,33.3937,0.342644,35.9078,7469.28
45,"n23g0021.hpc.itc.rwth-aachen.de",45,"45",3,1,0000:2c:00.0,2,"OK",268435456,"bandwidth","D2H",50,3,7661.16,7869.17,7947.36,7971.15,101.977,8060.61,7913.92,96.9691,31.015,31.3631,31.457,31.7695,0.406438,32.6321,31.5947,0.391057,33.7767,7940.85
45,"n23g0021.hpc.itc.rwth-aachen.de",45,"45",3,2,0000:9d:00.0,4,"OK",4096,"latency","H2D",50,3,14.718,15.478,15.85,16.1097,0.63175,33.067,16.4069,2.93961,0.115363,0.236795,0.240675,0.24646,0.00966496,0.259186,0.236719,0.0238906,0.258423,8.544
45,"n23g0021.hpc.itc.rwth-aachen.de",45,"45",3,2,0000:9d:00.0,4,"OK",4096,"latency","D2H",50,3,14.033,15.3025,15.655,15.8923,0.58975,17.972,15.6584,0.606504,0.212258,0.240035,0.243673,0.249286,0.00925117,0.271838,0.243974,0.00918773,0.261642,8.32
45,"n23g0021.hpc.itc.rwth-aachen.de",45,"45",3,2,0000:9d:00.0,4,"OK",16777216,"bandwidth","H2D",50,3,821.143,830.051,832.717,836.922,6.871,850.742,833.303,5.19798,18.3663,18.6696,18.7639,18.8241,0.154538,19.0284,18.7514,0.116464,20.1475,824.928
45,"n23g0021.hpc.itc.rwth-aachen.de",45,"45",3,2,0000:9d:00.0,4,"OK",16777216,"bandwidth","D2H",50,3,1802.22,1813.26,1817.32,1822.77,9.50725,1842.02,1818.49,8.6334,8.48253,8.57213,8.5978,8.61708,0.0449452,8.66984,8.59249,0.0406837,9.23182,1809.33
45,"n23g0021.hpc.itc.rwth-aachen.de",45,"45",3,2,0000:9d:00.0,4,"OK",67108864,"bandwidth","H2D",50,3,3263.81,3285.65,3292.41,3296.85,11.204,3312.87,3290.84,10.4591,18.8658,18.9575,18.983,19.0221,0.0646445,19.1494,18.9923,0.0604478,20.3829,3284.58
45,"n23g0021.hpc.itc.rwth-aachen.de",45,"45",3,2,0000:9d:00.0,4,"OK",67108864,"bandwidth","D2H",50,3,6511.44,7286.47,7292.95,7302.18,15.7087,7325.52,7264.23,152.751,8.53182,8.55909,8.56992,8.57754,0.0184524,9.59849,8.60802,0.200673,9.20188,7284.9
45,"n23g0021.hpc.itc.rwth-aachen.de",45,"45",3,2,0000:9d:00.0,4,"OK",268435456,"bandwidth","H2D",50,3,12078.8,12389.9,13061.4,13251.6,861.634,13315.5,12828.1,434.083,18.7751,18.8657,19.1403,20.1777,1.31198,20.6974,19.5109,0.663732,20.5518,13053.6
45,"n23g0021.hpc.itc.rwth-aachen.de",45,"45",3,2,0000:9d:00.0,4,"OK",268435456,"bandwidth","D2H",50,3,23696.5,26257.5,26906.4,29172.6,2915.04,29276.4,27321.3,1598.63,8.5393,8.5697,9.29149,9.52108,0.951388,10.5501,9.18256,0.551542,9.97666,26898.5
45,"n23g0021.hpc.itc.rwth-aachen.de",45,"45",3,3,0000:ad:00.0,6,"OK",4096,"latency","H2D",50,3,15.125,15.8622,15.9965,16.3455,0.48325,34.716,16.5832,2.81956,0.109883,0.233379,0.238471,0.240489,0.00710996,0.252211,0.233631,0.0216883,0.256056,8.608
45,"n23g0021.hpc.itc.rwth-aachen.de",45,"45",3,3,0000:ad:00.0,6,"OK",4096,"latency","D2H",50,3,14.828,15.5835,15.9725,16.3878,0.80425,29.225,16.2075,1.91162,0.130529,0.232777,0.238829,0.244795,0.0120176,0.257263,0.2373,0.0166597,0.256441,8.544
45,"n23g0021.hpc.itc.rwth-aachen.de",45,"45",3,3,0000:ad:00.0,6,"OK",16777216,"bandwidth","H2D",50,3,827.244,836.544,839.824,842.016,5.47175,849.646,839.463,4.628,18.39,18.5567,18.6051,18.678,0.121378,18.888,18.6137,0.102745,19.9771,831.824
45,"n23g0021.hpc.itc.rwth-aachen.de",45,"45",3,3,0000:ad:00.0,6,"OK",16777216,"bandwidth","D2H",50,3,1799.13,1807.12,1810.39,1820.52,13.4027,1834.34,1813.6,9.81703,8.51806,8.58273,8.63073,8.64638,0.0636529,8.68477,8.61571,0.0464734,9.26718,1802.43
45,"n23g0021.hpc.itc.rwth-aachen.de",45,"45",3,3,0000:ad:00.0,6,"OK",67108864,"bandwidth","H2D",50,3,3277.21,3295.5,3300.58,3308.48,12.9758,3331.41,3301.54,9.60962,18.7608,18.8909,18.9361,18.9653,0.0743808,19.0711,18.9307,0.0550557,20.3325,3292.64
45,"n23g0021.hpc.itc.rwth-aachen.de",45,"45",3,3,0000:ad:00.0,6,"OK",67108864,"bandwidth","D2H",50,3,6476,6491.08,6497.32,6506.42,15.3445,6526.79,6498.97,11.2292,9.57592,9.6059,9.61935,9.6286,0.0227078,9.65102,9.61693,0.0166048,10.3287,6489.17
45,"n23g0021.hpc.itc.rwth-aachen.de",45,"45",3,3,0000:ad:00.0,6,"OK",268435456,"bandwidth","H2D",50,3,11878.1,12408.3,13220.9,13305.9,897.69,13387.9,12863.5,466.342,18.6735,18.7886,18.9095,20.1479,1.35928,21.0472,19.4606,0.71158,20.304,13213.1
45,"n23g0021.hpc.itc.rwth-aachen.de",45,"45",3,3,0000:ad:00.0,6,"OK",268435456,"bandwidth","D2H",50,3,23601.1,26026.5,26653,29076.9,3050.41,29180.9,26846.1,1819.36,8.56726,8.59788,9.37981,9.60562,1.00774,10.5927,9.35608,0.647313,10.0715,26645.1
46,"n23g0021.hpc.itc.rwth-aachen.de",46,"46",3,0,0000:1b:00.0,0,"OK",4096,"latency","H2D",50,3,12.635,13.328,13.787,14.161,0.833,19.72,13.8643,1.02088,0.193443,0.269381,0.276689,0.286217,0.0168362,0.301915,0.27635,0.0166107,0.297092,7.296
46,"n23g0021.hpc.itc.rwth-aachen.de",46,"46",3,0,0000:1b:00.0,0,"OK",4096,"latency","D2H",50,3,12.395,12.9318,13.2175,13.539,0.60725,14.413,13.2822,0.450863,0.264671,0.281757,0.28861,0.294987,0.0132301,0.307761,0.287528,0.00958226,0.309892,6.816
46,"n23g0021.hpc.itc.rwth-aachen.de",46,"46",3,0,0000:1b:00.0,0,"OK",16777216,"bandwidth","H2D",50,3,769.045,873.883,979.267,1099.54,225.654,1455.05,1013.18,169.314,10.7385,14.2105,15.9783,17.88,3.66944,20.3174,15.8322,2.48817,17.1566,972.752
46,"n23g0021.hpc.itc.rwth-aachen.de",46,"46",3,0,0000:1b:00.0,0,"OK",16777216,"bandwidth","D2H",50,3,715.756,836.095,932.386,1038.94,202.846,1264.14,956.067,157.013,12.3602,15.0396,16.7673,18.6881,3.6485,21.8301,16.7707,2.63548,18.0037,925.872
46,"n23g0021.hpc.itc.rwth-aachen.de",46,"46",3,0,0000:1b:00.0,0,"OK",67108864,"bandwidth","H2D",50,3,2553.2,2561.32,2681.37,2696.4,135.082,2854.58,2648.15,76.9066,21.8946,23.1791,23.3092,24.4015,1.22244,24.4791,23.621,0.677519,25.0281,2675.12
46,"n23g0021.hpc.itc.rwth-aachen.de",46,"46",3,0,0000:1b:00.0,0,"OK",67108864,"bandwidth","D2H",50,3,2368.3,2392.76,2504.91,2512.88,120.124,2671.08,2470.52,71.3052,23.3988,24.8719,24.951,26.1205,1.24867,26.3902,25.3192,0.72539,26.791,2498.48
46,"n23g0021.hpc.itc.rwth-aachen.de",46,"46",3,0,0000:1b:00.0,0,"OK",268435456,"bandwidth","H2D",50,3,10231.2,10418.2,10486.1,10498.3,80.0245,10626.8,10466.8,70.685,23.5253,23.8135,23.841,23.9964,0.182917,24.435,23.8861,0.162227,25.5991,10480
46,"n23g0021.hpc.itc.rwth-aachen.de",46,"46",3,0,0000:1b:00.0,0,"OK",268435456,"bandwidth","D2H",50,3,9501.11,9697.67,9743.07,9775.12,77.4478,9914.82,9734.15,72.8692,25.2148,25.5751,25.6593,25.7794,0.204252,26.3127,25.6842,0.193343,27.5515,9736.8
46,"n23g0021.hpc.itc.rwth-aachen.de",46,"46",3,1,0000:2c:00.0,2,"OK",4096,"latency","H2D",50,3,12.595,13.3405,13.5195,13.887,0.5465,19.836,13.7183,1.05568,0.192312,0.274696,0.282163,0.285949,0.011253,0.302874,0.279337,0.0166046,0.30297,7.056
46,"n23g0021.hpc.itc.rwth-aachen.de",46,"46",3,1,0000:2c:00.0,2,"OK",4096,"latency","D2H",50,3,12.602,13.0228,13.4315,13.8067,0.784,14.463,13.4238,0.460127,0.263756,0.276294,0.284011,0.292926,0.0166315,0.302706,0.284505,0.00964066,0.304955,7.088
46,"n23g0021.hpc.itc.rwth-aachen.de",46,"46",3,1,0000:2c:00.0,2,"OK",16777216,"bandwidth","H2D",50,3,626.655,675.531,732.468,849.023,173.492,948.811,755.867,103.531,16.468,18.4036,21.332,23.13,4.72636,24.934,21.0476,2.76579,22.9051,725.904
46,"n23g0021.hpc.itc.rwth-aachen.de",46,"46",3,1,0000:2c:00.0,2,"OK",16777216,"bandwidth","D2H",50,3,680.37,738.749,803.033,940.458,201.709,1059.07,828.964,118.113,14.7535,16.6143,19.4575,21.1506,4.53637,22.9654,19.2211,2.63347,20.8923,796.304
46,"n23g0021.hpc.itc.rwth-aachen.de",46,"46",3,1,0000:2c:00.0,2,"OK",67108864,"bandwidth","H2D",50,3,1823.74,1887.28,1926.8,1929.6,42.3185,1933.13,1903.1,41.967,32.331,32.3902,32.4373,33.1177,0.727483,34.2703,32.8576,0.743477,34.8293,1920.59
46,"n23g0021.hpc.itc.rwth-aachen.de",46,"46",3,1,0000:2c:00.0,2,"OK",67108864,"bandwidth","D2H",50,3,1913.82,1935.86,2037.79,2042.43,106.571,2047.79,2007,52.3462,30.5207,30.6008,30.6705,32.2876,1.68677,32.6572,31.1628,0.834184,32.9322,2031.42
46,"n23g0021.hpc.itc.rwth-aachen.de",46,"46",3,1,0000:2c:00.0,2,"OK",268435456,"bandwidth","H2D",50,3,7301.84,7443.96,7495.16,7563.48,119.523,7679.54,7495.39,82.9646,32.554,33.0536,33.3548,33.5843,0.530725,34.2379,33.3579,0.369975,35.8145,7488.82
46,"n23g0021.hpc.itc.rwth-aachen.de",46,"46",3,1,0000:2c:00.0,2,"OK",268435456,"bandwidth","D2H",50,3,7664.96,7864.31,7892.8,7965.56,101.256,8067.81,7900.62,80.9782,30.9874,31.3851,31.6744,31.7892,0.404088,32.616,31.6464,0.32591,34.0102,7886.24
46,"n23g0021.hpc.itc.rwth-aachen.de",46,"46",3,2,0000:9d:00.0,4,"OK",4096,"latency","H2D",50,3,15.218,15.7035,15.9215,16.1507,0.44725,18.154,15.9803,0.439706,0.21013,0.236193,0.239594,0.24292,0.00672708,0.25067,0.238882,0.00619301,0.257262,8.512
46,"n23g0021.hpc.itc.rwth-aachen.de",46,"46",3,2,0000:9d:00.0,4,"OK",4096,"latency","D2H",50,3,14.871,15.5723,15.893,16.199,0.62675,26.131,16.1807,1.62668,0.145984,0.23549,0.240024,0.244968,0.00947799,0.256519,0.237427,0.0169245,0.257724,8.448
46,"n23g0021.hpc.itc.rwth-aachen.de",46,"46",3,2,0000:9d:00.0,4,"OK",16777216,"bandwidth","H2D",50,3,821.508,831.292,834.653,837.101,5.8095,844.941,834.228,4.70875,18.4924,18.6656,18.7204,18.7961,0.130447,19.0199,18.7305,0.105975,20.1008,826.88
46,"n23g0021.hpc.itc.rwth-aachen.de",46,"46",3,2,0000:9d:00.0,4,"OK",16777216,"bandwidth","D2H",50,3,1803.52,1810.88,1815.35,1823.44,12.5652,1841.82,1817.59,9.71413,8.48346,8.56895,8.60713,8.62841,0.0594576,8.66363,8.59678,0.0457666,9.24184,1807.39
46,"n23g0021.hpc.itc.rwth-aachen.de",46,"46",3,2,0000:9d:00.0,4,"OK",67108864,"bandwidth","H2D",50,3,3244.83,3261.04,3267.05,3271.67,10.6298,3290.59,3266.21,9.19827,18.9935,19.1034,19.1304,19.1657,0.0622698,19.2614,19.1355,0.0539128,20.5411,3259.15
46,"n23g0021.hpc.itc.rwth-aachen.de",46,"46",3,2,0000:9d:00.0,4,"OK",67108864,"bandwidth","D2H",50,3,6483.99,6515.74,6522.19,6528.39,12.6475,6550.19,6521.55,10.9139,9.54171,9.57358,9.58267,9.59216,0.0185829,9.63913,9.58364,0.0160454,10.2893,6514.13
46,"n23g0021.hpc.itc.rwth-aachen.de",46,"46",3,2,0000:9d:00.0,4,"OK",268435456,"bandwidth","H2D",50,3,11959.1,12409,13226.7,13258.4,849.468,13301,12828.5,456.278,18.7955,18.8559,18.9011,20.1467,1.29081,20.9045,19.5127,0.699716,20.2949,13218.5
46,"n23g0021.hpc.itc.rwth-aachen.de",46,"46",3,2,0000:9d:00.0,4,"OK",268435456,"bandwidth","D2H",50,3,26198.4,26687.1,27332.5,29202.3,2515.17,29283.1,27765.2,1233.12,8.53734,8.56097,9.14833,9.36781,0.806843,9.54258,9.02176,0.39834,9.82294,27324.4
46,"n23g0021.hpc.itc.rwth-aachen.de",46,"46",3,3,0000:ad:00.0,6,"OK",4096,"latency","H2D",50,3,14.743,15.473,15.6815,15.815,0.342,18.708,15.6939,0.519573,0.203907,0.241208,0.243261,0.246539,0.00533142,0.258746,0.243308,0.00726186,0.2612,8.352
46,"n23g0021.hpc.itc.rwth-aachen.de",46,"46",3,3,0000:ad:00.0,6,"OK",4096,"latency","D2H",50,3,14.659,15.4465,15.6075,16.0265,0.58,43.863,16.4004,4.10731,0.0869685,0.238024,0.244415,0.246962,0.00893762,0.260229,0.23876,0.0254406,0.262438,8.384
46,"n23g0021.hpc.itc.rwth-aachen.de",46,"46",3,3,0000:ad:00.0,6,"OK",16777216,"bandwidth","H2D",50,3,824.491,835.36,839.805,843.829,8.46975,849.756,839.473,5.63392,18.3876,18.5168,18.6055,18.7045,0.187744,18.9511,18.6137,0.125378,19.9775,832.208
46,"n23g0021.hpc.itc.rwth-aachen.de",46,"46",3,3,0000:ad:00.0,6,"OK",16777216,"bandwidth","D2H",50,3,1795.11,1803.35,1807.56,1816.47,13.123,1833.21,1810.68,10.0579,8.52328,8.60186,8.64426,8.66445,0.0625954,8.70422,8.62961,0.0477581,9.2817,1799.55
46,"n23g0021.hpc.itc.rwth-aachen.de",46,"46",3,3,0000:ad:00.0,6,"OK",67108864,"bandwidth","H2D",50,3,3303.77,3319.04,3325.29,3333.12,14.074,3349.59,3325.86,10.3761,18.659,18.7512,18.7954,18.8307,0.0795119,18.9178,18.7923,0.0586572,20.1814,3317.49
46,"n23g0021.hpc.itc.rwth-aachen.de",46,"46",3,3,0000:ad:00.0,6,"OK",67108864,"bandwidth","D2H",50,3,6491.76,7262.18,7277.09,7284.39,22.2115,7307.91,7246.72,137.359,8.55238,8.57999,8.58859,8.60623,0.026242,9.62759,8.628,0.179772,9.22193,7269.38
46,"n23g0021.hpc.itc.rwth-aachen.de",46,"46",3,3,0000:ad:00.0,6,"OK",268435456,"bandwidth","H2D",50,3,12082.1,12415.3,13279.6,13336.5,921.173,13396.7,12882.8,479.16,18.6613,18.7456,18.8259,20.1364,1.39086,20.6917,19.4328,0.727786,20.2141,13272.8
46,"n23g0021.hpc.itc.rwth-aachen.de",46,"46",3,3,0000:ad:00.0,6,"OK",268435456,"bandwidth","D2H",50,3,26130,26611.8,26889.7,29097.3,2485.51,29172,27696.6,1239.34,8.56986,8.59185,9.29724,9.39432,0.802469,9.56755,9.0444,0.402974,9.98283,26882
47,"n23g0021.hpc.itc.rwth-aachen.de",47,"47",3,0,0000:1b:00.0,0,"OK",4096,"latency","H2D",50,3,12.985,13.4215,13.851,14.1258,0.70425,21.903,14.0191,1.29389,0.174163,0.270053,0.275414,0.284223,0.01417,0.293777,0.27378,0.0184247,0.295724,7.456
47,"n23g0021.hpc.itc.rwth-aachen.de",47,"47",3,0,0000:1b:00.0,0,"OK",4096,"latency","D2H",50,3,12.282,12.9622,13.3295,13.6315,0.66925,14.283,13.2905,0.413598,0.26708,0.279844,0.286185,0.294293,0.0144484,0.310593,0.287303,0.00898055,0.307288,6.864
47,"n23g0021.hpc.itc.rwth-aachen.de",47,"47",3,0,0000:1b:00.0,0,"OK",16777216,"bandwidth","H2D",50,3,767.114,871.731,940.644,1097.56,225.828,1310,990.962,164.626,11.9274,14.2361,16.611,17.9241,3.68798,20.3686,16.1867,2.55036,17.8359,934.224
47,"n23g0021.hpc.itc.rwth-aachen.de",47,"47",3,0,0000:1b:00.0,0,"OK",16777216,"bandwidth","D2H",50,3,713.55,829.047,896.399,1026.3,197.256,1262.22,931.816,154.336,12.379,15.2246,17.4309,18.847,3.62243,21.8976,17.2121,2.71578,18.7162,890.112
47,"n23g0021.hpc.itc.rwth-aachen.de",47,"47",3,0,0000:1b:00.0,0,"OK",67108864,"bandwidth","H2D",50,3,2557.98,2566.54,2681.71,2697.24,130.694,2854.03,2650.24,69.5337,21.8989,23.1719,23.306,24.3518,1.17997,24.4333,23.5989,0.615943,25.0246,2675.44
47,"n23g0021.hpc.itc.rwth-aachen.de",47,"47",3,0,0000:1b:00.0,0,"OK",67108864,"bandwidth","D2H",50,3,2363.15,2385.28,2492.26,2513.23,127.952,2669.17,2464.1,72.5328,23.4155,24.8684,25.0777,26.2024,1.334,26.4478,25.386,0.738547,26.927,2486.22
47,"n23g0021.hpc.itc.rwth-aachen.de",47,"47",3,0,0000:1b:00.0,0,"OK",268435456,"bandwidth","H2D",50,3,10236.9,10415.5,10460.6,10495.4,79.8972,10727,10457.4,76.169,23.3056,23.8199,23.8992,24.0027,0.182722,24.4214,23.9079,0.173777,25.6615,10454.5
47,"n23g0021.hpc.itc.rwth-aachen.de",47,"47",3,0,0000:1b:00.0,0,"OK",268435456,"bandwidth","D2H",50,3,9502.68,9674.97,9723.72,9767.53,92.5608,9889.02,9715.93,73.7872,25.2806,25.595,25.7103,25.8399,0.244868,26.3084,25.7324,0.196304,27.6063,9717.57
47,"n23g0021.hpc.itc.rwth-aachen.de",47,"47",3,1,0000:2c:00.0,2,"OK",4096,"latency","H2D",50,3,12.697,13.3165,13.758,14.0047,0.68825,16.98,13.7004,0.656003,0.224658,0.272386,0.277271,0.286466,0.01408,0.300441,0.279022,0.0123124,0.297718,7.28
47,"n23g0021.hpc.itc.rwth-aachen.de",47,"47",3,1,0000:2c:00.0,2,"OK",4096,"latency","D2H",50,3,12.52,13.246,13.4165,13.82,0.574,21.4,13.7487,1.37876,0.178257,0.276027,0.284332,0.287989,0.0119612,0.304688,0.279458,0.0201586,0.305299,7.072
47,"n23g0021.hpc.itc.rwth-aachen.de",47,"47",3,1,0000:2c:00.0,2,"OK",16777216,"bandwidth","H2D",50,3,626.636,676.134,732.485,851.743,175.609,1061.08,765.095,111.683,14.7256,18.3448,21.3315,23.1093,4.76459,24.9347,20.8391,2.88408,22.9045,726
47,"n23g0021.hpc.itc.rwth-aachen.de",47,"47",3,1,0000:2c:00.0,2,"OK",16777216,"bandwidth","D2H",50,3,682.114,741.183,812.257,950.106,208.922,1100.77,848.466,127.242,14.1946,16.4455,19.2374,21.0812,4.63561,22.9067,18.8197,2.71836,20.656,805.744
47,"n23g0021.hpc.itc.rwth-aachen.de",47,"47",3,1,0000:2c:00.0,2,"OK",67108864,"bandwidth","H2D",50,3,1826.38,1833.56,1927.8,1931.39,97.8277,2296.14,1902.13,73.0567,27.2196,32.3601,32.4204,34.0866,1.72654,34.2206,32.9021,1.15608,34.8111,1921.42
47,"n23g0021.hpc.itc.rwth-aachen.de",47,"47",3,1,0000:2c:00.0,2,"OK",67108864,"bandwidth","D2H",50,3,1912.93,1926.24,2035.08,2041.82,115.58,2050.22,1998.44,54.6562,30.4845,30.61,30.7113,32.4466,1.83669,32.6723,31.2982,0.87029,32.976,2028.74
47,"n23g0021.hpc.itc.rwth-aachen.de",47,"47",3,1,0000:2c:00.0,2,"OK",268435456,"bandwidth","H2D",50,3,7317.96,7410.09,7472.01,7566.72,156.629,7687.54,7485.9,87.2782,32.5201,33.0394,33.4582,33.7378,0.698361,34.1625,33.4007,0.389111,35.9255,7465.47
47,"n23g0021.hpc.itc.rwth-aachen.de",47,"47",3,1,0000:2c:00.0,2,"OK",268435456,"bandwidth","D2H",50,3,7724.04,7851.29,7926.87,7966.42,115.133,8153.64,7909.4,83.1611,30.6612,31.3817,31.5383,31.8419,0.460217,32.3665,31.6114,0.332629,33.864,7919.79
47,"n23g0021.hpc.itc.rwth-aachen.de",47,"47",3,2,0000:9d:00.0,4,"OK",4096,"latency","H2D",50,3,14.583,15.5935,15.7055,15.9715,0.378,18.633,15.845,0.566414,0.204728,0.238844,0.242889,0.244634,0.00578978,0.261585,0.241037,0.00802908,0.2608,8.464
47,"n23g0021.hpc.itc.rwth-aachen.de",47,"47",3,2,0000:9d:00.0,4,"OK",4096,"latency","D2H",50,3,14.335,15.5028,15.802,16.003,0.50025,22.292,15.9981,1.3375,0.171124,0.238374,0.241406,0.246066,0.00769198,0.266111,0.239759,0.0158314,0.259208,8.544
47,"n23g0021.hpc.itc.rwth-aachen.de",47,"47",3,2,0000:9d:00.0,4,"OK",16777216,"bandwidth","H2D",50,3,822.392,827.182,829.442,832.164,4.98225,839.27,829.681,3.74439,18.6174,18.7764,18.838,18.8894,0.113092,18.9995,18.8329,0.0849047,20.2271,821.744
47,"n23g0021.hpc.itc.rwth-aachen.de",47,"47",3,2,0000:9d:00.0,4,"OK",16777216,"bandwidth","D2H",50,3,1806.98,1812.66,1816.88,1830.22,17.5655,1846.07,1820.21,10.4965,8.46391,8.53722,8.59993,8.61995,0.082729,8.647,8.58447,0.0492781,9.2341,1808.85
47,"n23g0021.hpc.itc.rwth-aachen.de",47,"47",3,2,0000:9d:00.0,4,"OK",67108864,"bandwidth","H2D",50,3,3245.28,3259.64,3263.29,3268,8.35725,3279.07,3263.68,7.12266,19.0603,19.1248,19.1524,19.1739,0.0490333,19.2587,19.1502,0.0418063,20.5648,3255.57
47,"n23g0021.hpc.itc.rwth-aachen.de",47,"47",3,2,0000:9d:00.0,4,"OK",67108864,"bandwidth","D2H",50,3,6489.61,6519.54,6524.43,6535.36,15.824,6560.7,6525.94,12.4617,9.52642,9.56336,9.57938,9.58657,0.0232116,9.63078,9.5772,0.0182879,10.2858,6516.64
47,"n23g0021.hpc.itc.rwth-aachen.de",47,"47",3,2,0000:9d:00.0,4,"OK",268435456,"bandwidth","H2D",50,3,12105.3,12408.9,13135.4,13260.2,851.342,13318.8,12840.3,443.531,18.7705,18.8534,19.0336,20.1469,1.29349,20.6521,19.4934,0.677458,20.4372,13128.4
47,"n23g0021.hpc.itc.rwth-aachen.de",47,"47",3,2,0000:9d:00.0,4,"OK",268435456,"bandwidth","D2H",50,3,26244.7,26692.7,27310.3,29195.9,2503.17,29261.7,27861.2,1267.17,8.54358,8.56284,9.15566,9.36584,0.803002,9.52573,8.99164,0.408774,9.83082,27301.8
47,"n23g0021.hpc.itc.rwth-aachen.de",47,"47",3,3,0000:ad:00.0,6,"OK",4096,"latency","H2D",50,3,14.696,15.371,15.5795,15.8398,0.46875,18.283,15.6351,0.522395,0.208647,0.240831,0.244854,0.248175,0.00734403,0.259574,0.244237,0.00761178,0.26291,8.384
47,"n23g0021.hpc.itc.rwth-aachen.de",47,"47",3,3,0000:ad:00.0,6,"OK",4096,"latency","D2H",50,3,15.014,15.541,15.751,16.122,0.581,32.753,16.2869,2.70927,0.116469,0.236615,0.242188,0.24546,0.00884511,0.254076,0.237851,0.0221716,0.260047,8.464
47,"n23g0021.hpc.itc.rwth-aachen.de",47,"47",3,3,0000:ad:00.0,6,"OK",16777216,"bandwidth","H2D",50,3,829.319,837.583,839.784,844.869,7.28575,855.009,840.355,5.06142,18.2747,18.494,18.606,18.6549,0.160872,18.8408,18.594,0.111801,19.978,832.24
47,"n23g0021.hpc.itc.rwth-aachen.de",47,"47",3,3,0000:ad:00.0,6,"OK",16777216,"bandwidth","D2H",50,3,1797.01,1805.45,1810.27,1817.17,11.7212,1832.43,1812.29,8.82335,8.52694,8.59855,8.63131,8.65437,0.0558231,8.69499,8.62189,0.0418588,9.2678,1801.98
47,"n23g0021.hpc.itc.rwth-aachen.de",47,"47",3,3,0000:ad:00.0,6,"OK",67108864,"bandwidth","H2D",50,3,3304.09,3317.63,3322.45,3327.8,10.1685,3341.62,3322.51,7.91894,18.7035,18.7812,18.8114,18.8387,0.0575642,18.9159,18.8112,0.0448431,20.1986,3314.91
47,"n23g0021.hpc.itc.rwth-aachen.de",47,"47",3,3,0000:ad:00.0,6,"OK",67108864,"bandwidth","D2H",50,3,6500.49,7267.42,7277.3,7283.95,16.5347,7331.5,7250.18,134.416,8.52485,8.58051,8.58835,8.60003,0.0195226,9.61466,8.62372,0.17552,9.22167,7269.39
47,"n23g0021.hpc.itc.rwth-aachen.de",47,"47",3,3,0000:ad:00.0,6,"OK",268435456,"bandwidth","H2D",50,3,12172.9,12414.4,13212.3,13335.3,920.986,13425.2,12882.4,472.169,18.6217,18.7472,18.922,20.138,1.3908,20.5374,19.4325,0.71624,20.3174,13205.5
47,"n23g0021.hpc.itc.rwth-aachen.de",47,"47",3,3,0000:ad:00.0,6,"OK",268435456,"bandwidth","D2H",50,3,23347.8,26353.6,26905.7,29064.8,2711.27,29181.6,27516.7,1383.65,8.56704,8.60146,9.29173,9.48649,0.885027,10.7076,9.10888,0.46819,9.97692,26898
48,"n23g0021.hpc.itc.rwth-aachen.de",48,"48",4,0,0000:1b:00.0,0,"OK",4096,"latency","H2D",50,4,13.08,13.837,14.0965,14.4198,0.58275,17.089,14.2035,0.63554,0.223225,0.264548,0.270613,0.275689,0.0111407,0.291644,0.269074,0.0111958,0.290569,7.472
48,"n23g0021.hpc.itc.rwth-aachen.de",48,"48",4,0,0000:1b:00.0,0,"OK",4096,"latency","D2H",50,4,12.806,13.5305,13.7535,13.96,0.4295,15.196,13.7679,0.424215,0.251033,0.273259,0.277362,0.281933,0.008674,0.297884,0.277331,0.00841131,0.297815,7.232
48,"n23g0021.hpc.itc.rwth-aachen.de",48,"48",4,0,0000:1b:00.0,0,"OK",16777216,"bandwidth","H2D",50,4,626.007,652.906,750.757,828.094,175.188,841.888,734.401,77.3536,18.5595,18.8686,20.8123,23.9531,5.08448,24.9598,21.5147,2.27505,22.3471,743.728
48,"n23g0021.hpc.itc.rwth-aachen.de",48,"48",4,0,0000:1b:00.0,0,"OK",16777216,"bandwidth","D2H",50,4,1537.93,1554.01,1562.82,1569.15,15.1357,1585.84,1561.21,11.5213,9.85282,9.95763,9.99796,10.0546,0.0969841,10.1597,10.0088,0.0739742,10.7352,1555.18
48,"n23g0021.hpc.itc.rwth-aachen.de",48,"48",4,0,0000:1b:00.0,0,"OK",67108864,"bandwidth","H2D",50,4,3281.47,3286.44,3290.71,3296.3,9.86175,3312.74,3292.46,7.59455,18.8666,18.9606,18.9929,19.0175,0.0568955,19.0463,18.9829,0.0437024,20.3935,3282.72
48,"n23g0021.hpc.itc.rwth-aachen.de",48,"48",4,0,0000:1b:00.0,0,"OK",67108864,"bandwidth","D2H",50,4,6164.1,6177.52,6183.54,6193.91,16.3898,6210.78,6184.99,12.217,10.0631,10.0905,10.1075,10.1173,0.0267715,10.1394,10.1051,0.019954,10.8528,6175.78
48,"n23g0021.hpc.itc.rwth-aachen.de",48,"48",4,0,0000:1b:00.0,0,"OK",268435456,"bandwidth","H2D",50,4,11988,12360.3,13154,13387.1,1026.79,13500.3,12859.4,516.721,18.5181,18.6751,19.0057,20.226,1.55086,20.8542,19.4727,0.786825,20.4072,13146.5
48,"n23g0021.hpc.itc.rwth-aachen.de",48,"48",4,0,0000:1b:00.0,0,"OK",268435456,"bandwidth","D2H",50,4,20729.8,22687.4,24713.9,25258.2,2570.76,27834,24527,1726.65,8.98181,9.89779,10.1158,11.0193,1.12155,12.0599,10.2433,0.718669,10.8617,24705.9
48,"n23g0021.hpc.itc.rwth-aachen.de",48,"48",4,1,0000:2c:00.0,2,"OK",4096,"latency","H2D",50,4,13.536,14.2907,14.4755,14.696,0.40525,25.561,14.7466,1.64514,0.149239,0.259574,0.263529,0.266936,0.00736175,0.281819,0.260703,0.018386,0.282962,7.696
48,"n23g0021.hpc.itc.rwth-aachen.de",48,"48",4,1,0000:2c:00.0,2,"OK",4096,"latency","D2H",50,4,13.131,13.964,14.1655,14.5057,0.54175,18.947,14.3905,0.965814,0.201335,0.262978,0.269295,0.273181,0.0102026,0.290511,0.266071,0.0148097,0.289153,7.6
48,"n23g0021.hpc.itc.rwth-aachen.de",48,"48",4,1,0000:2c:00.0,2,"OK",16777216,"bandwidth","H2D",50,4,641.786,650.667,697.793,769.876,119.209,776.754,715.1,53.2605,20.1158,20.2955,22.3921,24.0138,3.71836,24.3461,21.9732,1.65376,24.0433,689.856
48,"n23g0021.hpc.itc.rwth-aachen.de",48,"48",4,1,0000:2c:00.0,2,"OK",16777216,"bandwidth","D2H",50,4,1728,1735.71,1738.91,1746.64,10.9268,1765.71,1741.95,9.55403,8.84915,8.94576,8.98549,9.00207,0.0563158,9.04227,8.97009,0.0489393,9.64809,1731.34
48,"n23g0021.hpc.itc.rwth-aachen.de",48,"48",4,1,0000:2c:00.0,2,"OK",67108864,"bandwidth","H2D",50,4,3354.99,3371.35,3379.72,3388.58,17.227,3411.94,3380.65,13.2941,18.318,18.4443,18.4927,18.5386,0.0942473,18.629,18.4878,0.0726594,19.8563,3371.42
48,"n23g0021.hpc.itc.rwth-aachen.de",48,"48",4,1,0000:2c:00.0,2,"OK",67108864,"bandwidth","D2H",50,4,6930.17,6942.88,6950.48,6957.47,14.5945,6969.56,6950.49,10.0737,8.96756,8.98315,8.99218,9.00203,0.0188833,9.01854,8.99219,0.0130324,9.65528,6942.34
48,"n23g0021.hpc.itc.rwth-aachen.de",48,"48",4,1,0000:2c:00.0,2,"OK",268435456,"bandwidth","H2D",50,4,11813.9,12566.6,13119.9,13457.9,891.351,13759.4,13027.3,548.714,18.1693,18.5764,19.0553,19.894,1.31765,21.1615,19.225,0.818124,20.4605,13112.1
48,"n23g0021.hpc.itc.rwth-aachen.de",48,"48",4,1,0000:2c:00.0,2,"OK",268435456,"bandwidth","D2H",50,4,18375.6,22444.7,24655.4,24992.8,2548.04,27840.7,23896.3,2346.89,8.97965,10.0029,10.1399,11.1385,1.13558,13.605,10.5675,1.08391,10.8876,24647.4
48,"n23g0021.hpc.itc.rwth-aachen.de",48,"48",4,2,0000:9d:00.0,4,"OK",4096,"latency","H2D",50,4,13.394,13.969,14.233,14.3585,0.3895,17.34,14.2711,0.603807,0.219994,0.265675,0.268018,0.273083,0.00740813,0.284806,0.267734,0.0102773,0.287782,7.696
48,"n23g0021.hpc.itc.rwth-aachen.de",48,"48",4,2,0000:9d:00.0,4,"OK",4096,"latency","D2H",50,4,13.084,13.5555,13.7215,14.273,0.7175,15.19,13.9295,0.473259,0.251132,0.267267,0.278009,0.281413,0.0141465,0.291554,0.274167,0.00910491,0.29851,7.328
48,"n23g0021.hpc.itc.rwth-aachen.de",48,"48",4,2,0000:9d:00.0,4,"OK",16777216,"bandwidth","H2D",50,4,361.224,403.992,614.259,676.081,272.089,841.5,572.471,139.995,18.568,23.1111,25.4372,39.6415,16.5304,43.2557,29.326,8.48429,27.3129,607.2
48,"n23g0021.hpc.itc.rwth-aachen.de",48,"48",4,2,0000:9d:00.0,4,"OK",16777216,"bandwidth","D2H",50,4,449.508,549.529,776.655,900.929,351.4,1077.26,748.676,197.786,14.5044,17.3434,20.119,29.0125,11.6691,34.7602,22.708,7.13706,21.6026,769.68
48,"n23g0021.hpc.itc.rwth-aachen.de",48,"48",4,2,0000:9d:00.0,4,"OK",67108864,"bandwidth","H2D",50,4,1500.68,1506.4,1507.63,1509.79,3.388,1596.61,1513.5,20.1885,39.1455,41.3965,41.4557,41.4896,0.0931034,41.6479,41.302,0.528683,44.5127,1501.41
48,"n23g0021.hpc.itc.rwth-aachen.de",48,"48",4,2,0000:9d:00.0,4,"OK",67108864,"bandwidth","D2H",50,4,1878.09,1882.75,1888.91,1891.03,8.285,2000.25,1892.39,21.8234,31.246,33.0508,33.0878,33.1962,0.145439,33.2785,33.0313,0.365203,35.5278,1882.35
48,"n23g0021.hpc.itc.rwth-aachen.de",48,"48",4,2,0000:9d:00.0,4,"OK",268435456,"bandwidth","H2D",50,4,5953.27,5962,5965.05,5967.61,5.6075,5977.55,5965.46,4.96357,41.8232,41.8928,41.9108,41.9322,0.0394019,41.9937,41.908,0.0348596,45.0014,5958.53
48,"n23g0021.hpc.itc.rwth-aachen.de",48,"48",4,2,0000:9d:00.0,4,"OK",268435456,"bandwidth","D2H",50,4,7527.72,7532.76,7537.66,7543.61,10.8548,7552.1,7538.52,6.7289,33.1034,33.1406,33.1668,33.1884,0.0477558,33.2106,33.163,0.0295958,35.6126,7531.12
48,"n23g0021.hpc.itc.rwth-aachen.de",48,"48",4,3,0000:ad:00.0,6,"OK",4096,"latency","H2D",50,4,13.23,13.9915,14.309,14.6203,0.62875,20.354,14.4328,1.05014,0.187418,0.260919,0.266595,0.272644,0.011725,0.288337,0.265415,0.015373,0.286254,7.744
48,"n23g0021.hpc.itc.rwth-aachen.de",48,"48",4,3,0000:ad:00.0,6,"OK",4096,"latency","D2H",50,4,13.098,13.6075,14.1665,14.4398,0.83225,28.416,14.3743,2.06628,0.134245,0.26418,0.269276,0.280338,0.0161581,0.291243,0.268386,0.0214104,0.289133,7.616
48,"n23g0021.hpc.itc.rwth-aachen.de",48,"48",4,3,0000:ad:00.0,6,"OK",16777216,"bandwidth","H2D",50,4,679.561,727.698,782.456,911.647,183.949,1109.37,835.725,129.293,14.0846,17.1393,19.9692,21.4718,4.33249,22.9928,19.1145,2.72936,21.4418,775.68
48,"n23g0021.hpc.itc.rwth-aachen.de",48,"48",4,3,0000:ad:00.0,6,"OK",16777216,"bandwidth","D2H",50,4,914.946,985.539,1063.93,1249.02,263.479,1531.99,1141.71,179.046,10.1992,12.5098,14.6861,15.8543,3.34444,17.0775,14.0001,2.027,15.7691,1057.22
48,"n23g0021.hpc.itc.rwth-aachen.de",48,"48",4,3,0000:ad:00.0,6,"OK",67108864,"bandwidth","H2D",50,4,2132.81,2248.11,2250.46,2253.86,5.7485,2527.5,2255.69,60.9023,24.728,27.7302,27.7721,27.8011,0.070907,29.304,27.7264,0.693986,29.8201,2243.82
48,"n23g0021.hpc.itc.rwth-aachen.de",48,"48",4,3,0000:ad:00.0,6,"OK",67108864,"bandwidth","D2H",50,4,2878.8,3035.29,3039.87,3042.59,7.30075,3423.36,3046.47,83.5979,18.2569,20.5417,20.5601,20.5911,0.0494089,21.7105,20.5298,0.519794,22.0763,3032.38
48,"n23g0021.hpc.itc.rwth-aachen.de",48,"48",4,3,0000:ad:00.0,6,"OK",268435456,"bandwidth","H2D",50,4,8940.19,8950.12,8954.5,8961.08,10.9653,8969.59,8954.54,7.26583,27.872,27.8984,27.9189,27.9326,0.0341798,27.9636,27.9188,0.0226551,29.9777,8947.84
48,"n23g0021.hpc.itc.rwth-aachen.de",48,"48",4,3,0000:ad:00.0,6,"OK",268435456,"bandwidth","D2H",50,4,12085.6,12111.4,12118.3,12124.6,13.2675,12144.8,12117.7,10.2129,20.5849,20.6192,20.63,20.6418,0.0225874,20.6857,20.631,0.0173917,22.1513,12111.8
49,"n23g0021.hpc.itc.rwth-aachen.de",49,"49",4,0,0000:1b:00.0,0,"OK",4096,"latency","H2D",50,4,14.599,15.067,15.2685,15.5935,0.5265,24.277,15.5332,1.34217,0.157132,0.244634,0.249841,0.253183,0.00854911,0.261299,0.246844,0.0147599,0.268265,8.192
49,"n23g0021.hpc.itc.rwth-aachen.de",49,"49",4,0,0000:1b:00.0,0,"OK",4096,"latency","D2H",50,4,14.274,14.818,15.082,15.3172,0.49925,19.206,15.1823,0.729969,0.19862,0.249046,0.25293,0.257437,0.00839091,0.267248,0.251766,0.0105746,0.271582,8
49,"n23g0021.hpc.itc.rwth-aachen.de",49,"49",4,0,0000:1b:00.0,0,"OK",16777216,"bandwidth","H2D",50,4,836.311,842.133,845.133,848.528,6.395,870.407,845.728,6.0842,17.9514,18.4142,18.4882,18.5541,0.139835,18.6832,18.4762,0.13143,19.8516,836.72
49,"n23g0021.hpc.itc.rwth-aachen.de",49,"49",4,0,0000:1b:00.0,0,"OK",16777216,"bandwidth","D2H",50,4,1723.18,1730.98,1733.92,1743.15,12.1645,1760.55,1737.08,8.8311,8.87505,8.96369,9.01137,9.02667,0.0629844,9.06755,8.99519,0.0455724,9.67589,1726.29
49,"n23g0021.hpc.itc.rwth-aachen.de",49,"49",4,0,0000:1b:00.0,0,"OK",67108864,"bandwidth","H2D",50,4,3270.3,3282.44,3286.84,3295.39,12.949,3309.74,3288.38,9.8286,18.8837,18.9659,19.0152,19.0407,0.0748188,19.1114,19.0065,0.056761,20.4174,3278.94
49,"n23g0021.hpc.itc.rwth-aachen.de",49,"49",4,0,0000:1b:00.0,0,"OK",67108864,"bandwidth","D2H",50,4,6159.52,6173.93,6180.15,6186.86,12.9312,6199.68,6180.61,9.93322,10.0812,10.1021,10.113,10.1232,0.0211585,10.1469,10.1123,0.0162512,10.8588,6172.02
49,"n23g0021.hpc.itc.rwth-aachen.de",49,"49",4,0,0000:1b:00.0,0,"OK",268435456,"bandwidth","H2D",50,4,12049.8,12336.5,13090,13221.8,885.345,13436.2,12831,481.032,18.6064,18.9081,19.0991,20.2651,1.35698,20.7472,19.5116,0.735658,20.5075,13083.6
49,"n23g0021.hpc.itc.rwth-aachen.de",49,"49",4,0,0000:1b:00.0,0,"OK",268435456,"bandwidth","D2H",50,4,21977.2,22532,24451,24898,2366.02,27796.7,24109.7,1552.16,8.99386,10.041,10.2248,11.0953,1.05437,11.3754,10.4109,0.648049,10.9788,24442
49,"n23g0021.hpc.itc.rwth-aachen.de",49,"49",4,1,0000:2c:00.0,2,"OK",4096,"latency","H2D",50,4,14.324,15.0378,15.231,15.4037,0.366,20.981,15.3955,0.986873,0.181817,0.247647,0.250457,0.253675,0.00602757,0.266315,0.248597,0.0128429,0.268926,8.128
49,"n23g0021.hpc.itc.rwth-aachen.de",49,"49",4,1,0000:2c:00.0,2,"OK",4096,"latency","D2H",50,4,14.367,14.8872,15.1225,15.5633,0.676,17.034,15.2259,0.496887,0.223946,0.245109,0.252253,0.256239,0.0111299,0.265518,0.250799,0.0079553,0.270855,8.096
49,"n23g0021.hpc.itc.rwth-aachen.de",49,"49",4,1,0000:2c:00.0,2,"OK",16777216,"bandwidth","H2D",50,4,851.726,857.661,860.271,863.307,5.64625,869.182,860.819,4.3724,17.9767,18.099,18.1629,18.2181,0.11915,18.3451,18.1518,0.0921077,19.5022,852.64
49,"n23g0021.hpc.itc.rwth-aachen.de",49,"49",4,1,0000:2c:00.0,2,"OK",16777216,"bandwidth","D2H",50,4,1719.8,1728.32,1731.96,1742.39,14.071,1760.27,1735.66,10.2026,8.87647,8.96755,9.02158,9.04055,0.0730065,9.08534,9.00263,0.0527355,9.68685,1724.06
49,"n23g0021.hpc.itc.rwth-aachen.de",49,"49",4,1,0000:2c:00.0,2,"OK",67108864,"bandwidth","H2D",50,4,3307.79,3325.51,3332.62,3342.11,16.6013,3355.77,3333.7,10.1285,18.6246,18.7007,18.754,18.7941,0.0933564,18.8948,18.7481,0.0569543,20.1369,3324.67
49,"n23g0021.hpc.itc.rwth-aachen.de",49,"49",4,1,0000:2c:00.0,2,"OK",67108864,"bandwidth","D2H",50,4,6166.08,6177.83,6187.54,6192.5,14.6637,6206.48,6185.86,10.7839,10.0701,10.0929,10.1009,10.1168,0.0239564,10.1361,10.1037,0.0176168,10.8458,6179.62
49,"n23g0021.hpc.itc.rwth-aachen.de",49,"49",4,1,0000:2c:00.0,2,"OK",268435456,"bandwidth","H2D",50,4,12073,12404.3,13159.4,13435.9,1031.58,13733.2,12939.4,557.376,18.204,18.6068,18.9978,20.1542,1.5474,20.7073,19.3568,0.836356,20.3988,13151.5
49,"n23g0021.hpc.itc.rwth-aachen.de",49,"49",4,1,0000:2c:00.0,2,"OK",268435456,"bandwidth","D2H",50,4,18730.4,21673.2,22451.7,24767.4,3094.17,27812.5,22946.1,2203.56,8.98878,10.0939,11.135,11.535,1.44106,13.3473,10.9928,1.02339,11.9561,22444
49,"n23g0021.hpc.itc.rwth-aachen.de",49,"49",4,2,0000:9d:00.0,4,"OK",4096,"latency","H2D",50,4,12.706,13.4623,13.9245,14.1155,0.65325,17.488,13.8627,0.696564,0.218132,0.270249,0.273956,0.283371,0.0131217,0.300228,0.275806,0.0126131,0.294158,7.44
49,"n23g0021.hpc.itc.rwth-aachen.de",49,"49",4,2,0000:9d:00.0,4,"OK",4096,"latency","D2H",50,4,12.528,13.2027,13.5465,13.841,0.63825,14.89,13.5466,0.485708,0.256192,0.27561,0.2816,0.288932,0.0133223,0.304494,0.281957,0.0100086,0.302366,6.96
49,"n23g0021.hpc.itc.rwth-aachen.de",49,"49",4,2,0000:9d:00.0,4,"OK",16777216,"bandwidth","H2D",50,4,360.158,536.438,615.345,677.372,140.934,840.741,582.42,135.26,18.5848,23.0671,25.3923,29.1534,6.08631,43.3837,28.662,8.08849,27.2647,608.752
49,"n23g0021.hpc.itc.rwth-aachen.de",49,"49",4,2,0000:9d:00.0,4,"OK",16777216,"bandwidth","D2H",50,4,451.504,677.313,800.016,903.031,225.718,1106.87,762.654,194.989,14.1164,17.3032,19.5309,23.0844,5.78114,34.6066,22.2007,6.89995,20.9712,793.168
49,"n23g0021.hpc.itc.rwth-aachen.de",49,"49",4,2,0000:9d:00.0,4,"OK",67108864,"bandwidth","H2D",50,4,1500.18,1503.67,1505.21,1508.38,4.71175,1595.69,1513.73,23.1173,39.168,41.4351,41.5225,41.565,0.129837,41.6617,41.298,0.606803,44.5844,1498.78
49,"n23g0021.hpc.itc.rwth-aachen.de",49,"49",4,2,0000:9d:00.0,4,"OK",67108864,"bandwidth","D2H",50,4,1877.05,1883.93,1889.32,1892.32,8.39125,2008.39,1901.48,34.1065,31.1194,33.0283,33.0808,33.1754,0.147111,33.297,32.8793,0.568657,35.5202,1882.67
49,"n23g0021.hpc.itc.rwth-aachen.de",49,"49",4,2,0000:9d:00.0,4,"OK",268435456,"bandwidth","H2D",50,4,5947.92,5961.07,5963.82,5967.08,6.01025,5973.66,5963.64,5.39,41.8504,41.8966,41.9195,41.9388,0.0422423,42.0315,41.9208,0.0379068,45.0107,5957.04
49,"n23g0021.hpc.itc.rwth-aachen.de",49,"49",4,2,0000:9d:00.0,4,"OK",268435456,"bandwidth","D2H",50,4,7526.8,7535.36,7538.95,7541.92,6.55925,7556.94,7539.05,5.63082,33.0822,33.1481,33.1611,33.1769,0.0288541,33.2147,33.1607,0.024761,35.6065,7531.97
49,"n23g0021.hpc.itc.rwth-aachen.de",49,"49",4,3,0000:ad:00.0,6,"OK",4096,"latency","H2D",50,4,12.802,13.434,13.7955,14.12,0.686,17.761,13.8834,0.794763,0.214779,0.270163,0.276519,0.283959,0.013796,0.297977,0.275563,0.0140099,0.29691,7.28
49,"n23g0021.hpc.itc.rwth-aachen.de",49,"49",4,3,0000:ad:00.0,6,"OK",4096,"latency","D2H",50,4,12.741,13.3625,13.7395,14.024,0.6615,14.811,13.7246,0.462343,0.257558,0.272014,0.277655,0.285479,0.0134649,0.299403,0.278263,0.0094075,0.29813,7.216
49,"n23g0021.hpc.itc.rwth-aachen.de",49,"49",4,3,0000:ad:00.0,6,"OK",16777216,"bandwidth","H2D",50,4,678.229,742.708,834.772,909.253,166.545,1111.23,849.932,124.561,14.0609,17.1844,18.7177,21.0531,3.8687,23.0379,18.7541,2.55173,20.098,827.792
49,"n23g0021.hpc.itc.rwth-aachen.de",49,"49",4,3,0000:ad:00.0,6,"OK",16777216,"bandwidth","D2H",50,4,916.486,1001.4,1143.5,1258.03,256.639,1532.03,1162.99,176.491,10.1989,12.4202,13.6642,15.6044,3.18421,17.0488,13.7297,1.95874,14.6719,1136.74
49,"n23g0021.hpc.itc.rwth-aachen.de",49,"49",4,3,0000:ad:00.0,6,"OK",67108864,"bandwidth","H2D",50,4,2134.79,2248,2249.47,2251.07,3.07125,2522.32,2256.64,49.67,24.7788,27.7645,27.7844,27.8025,0.0379322,29.2769,27.7086,0.57103,29.8332,2242.82
49,"n23g0021.hpc.itc.rwth-aachen.de",49,"49",4,3,0000:ad:00.0,6,"OK",67108864,"bandwidth","D2H",50,4,2879.72,3036.18,3040.15,3043.06,6.88075,3428.64,3049.87,80.8373,18.2288,20.5386,20.5582,20.5851,0.0465457,21.7035,20.5058,0.497124,22.0742,3033.46
49,"n23g0021.hpc.itc.rwth-aachen.de",49,"49",4,3,0000:ad:00.0,6,"OK",268435456,"bandwidth","H2D",50,4,8944.58,8954.86,8957.48,8962.25,7.394,8971.46,8957.78,5.7475,27.8662,27.8948,27.9096,27.9178,0.0230326,27.9499,27.9087,0.0179088,29.9678,8950.64
49,"n23g0021.hpc.itc.rwth-aachen.de",49,"49",4,3,0000:ad:00.0,6,"OK",268435456,"bandwidth","D2H",50,4,12099.9,12108.9,12116,12122.7,13.786,12147.9,12115.6,9.57045,20.5797,20.6224,20.6339,20.6459,0.0234786,20.6613,20.6345,0.0162933,22.1555,12109.3
50,"n23g0021.hpc.itc.rwth-aachen.de",50,"50",4,0,0000:1b:00.0,0,"OK",4096,"latency","H2D",50,4,14.167,14.723,14.974,15.3238,0.60075,16.891,15.0327,0.494651,0.225842,0.24894,0.254755,0.259098,0.0101576,0.269266,0.254027,0.00814351,0.273541,8.272
50,"n23g0021.hpc.itc.rwth-aachen.de",50,"50",4,0,0000:1b:00.0,0,"OK",4096,"latency","D2H",50,4,13.635,14.7045,14.9415,15.1555,0.451,20.752,15.047,0.931348,0.183823,0.251704,0.255309,0.259424,0.00771984,0.279772,0.254295,0.0127027,0.274136,7.984
50,"n23g0021.hpc.itc.rwth-aachen.de",50,"50",4,0,0000:1b:00.0,0,"OK",16777216,"bandwidth","H2D",50,4,836.23,843.365,847.418,849.953,6.5875,856.451,846.907,4.4281,18.2439,18.3834,18.4384,18.527,0.143592,18.6851,18.45,0.0966568,19.798,839.872
50,"n23g0021.hpc.itc.rwth-aachen.de",50,"50",4,0,0000:1b:00.0,0,"OK",16777216,"bandwidth","D2H",50,4,1715.79,1728.75,1733,1741.31,12.5562,1756.95,1735.24,9.6549,8.89324,8.97314,9.01615,9.03831,0.0651735,9.10659,9.0048,0.0499842,9.68101,1725.42
50,"n23g0021.hpc.itc.rwth-aachen.de",50,"50",4,0,0000:1b:00.0,0,"OK",67108864,"bandwidth","H2D",50,4,3270.81,3282.35,3288.67,3296.39,14.0422,3315.4,3289.45,10.5451,18.8514,18.9601,19.0046,19.0413,0.0811133,19.1084,19.0003,0.0608447,20.4061,3281.17
50,"n23g0021.hpc.itc.rwth-aachen.de",50,"50",4,0,0000:1b:00.0,0,"OK",67108864,"bandwidth","D2H",50,4,6137.7,6179.44,6187.53,6197.3,17.858,6210.32,6187.1,12.3432,10.0639,10.085,10.101,10.1142,0.0291449,10.183,10.1017,0.0202018,10.8458,6180.02
50,"n23g0021.hpc.itc.rwth-aachen.de",50,"50",4,0,0000:1b:00.0,0,"OK",268435456,"bandwidth","H2D",50,4,12031.4,12366,13032,13239.8,873.719,13493.2,12833.4,494.112,18.5279,18.8825,19.1835,20.2167,1.33414,20.7789,19.5095,0.755386,20.5981,13023.1
50,"n23g0021.hpc.itc.rwth-aachen.de",50,"50",4,0,0000:1b:00.0,0,"OK",268435456,"bandwidth","D2H",50,4,20168.9,22384.2,24078.4,24922.1,2537.91,27764.1,23551.4,1998.16,9.00444,10.0313,10.3828,11.1686,1.13734,12.3953,10.6934,0.927001,11.1484,24070.4
50,"n23g0021.hpc.itc.rwth-aachen.de",50,"50",4,1,0000:2c:00.0,2,"OK",4096,"latency","H2D",50,4,13.67,14.9363,15.1935,15.626,0.68975,19.575,15.3845,0.937205,0.194876,0.244125,0.251074,0.255399,0.0112735,0.279056,0.248765,0.0133296,0.269589,8.176
50,"n23g0021.hpc.itc.rwth-aachen.de",50,"50",4,1,0000:2c:00.0,2,"OK",4096,"latency","D2H",50,4,14.439,15.007,15.2695,15.6975,0.6905,28.336,15.5773,1.8804,0.134624,0.243013,0.249825,0.254195,0.0111815,0.264194,0.246988,0.0177083,0.268247,8.176
50,"n23g0021.hpc.itc.rwth-aachen.de",50,"50",4,1,0000:2c:00.0,2,"OK",16777216,"bandwidth","H2D",50,4,847.471,853.279,855.779,857.933,4.654,865.69,855.737,3.97283,18.0492,18.2124,18.2582,18.3117,0.099335,18.4372,18.2595,0.0846701,19.6046,848.048
50,"n23g0021.hpc.itc.rwth-aachen.de",50,"50",4,1,0000:2c:00.0,2,"OK",16777216,"bandwidth","D2H",50,4,1722.2,1730.99,1735.36,1741.49,10.501,1759.1,1737.39,9.16258,8.88237,8.97219,9.0039,9.02662,0.0544297,9.07268,8.99362,0.0472404,9.66786,1727.23
50,"n23g0021.hpc.itc.rwth-aachen.de",50,"50",4,1,0000:2c:00.0,2,"OK",67108864,"bandwidth","H2D",50,4,3302.58,3322.67,3330.15,3335.53,12.8535,3352.84,3328.88,11.4296,18.6409,18.7377,18.7679,18.8101,0.0724837,18.9246,18.7753,0.0645146,20.1519,3322.34
50,"n23g0021.hpc.itc.rwth-aachen.de",50,"50",4,1,0000:2c:00.0,2,"OK",67108864,"bandwidth","D2H",50,4,6161.71,6173.35,6182.88,6191.81,18.4592,6211.37,6183.59,12.3238,10.0622,10.094,10.1086,10.1242,0.0301821,10.1433,10.1074,0.0201264,10.854,6173.22
50,"n23g0021.hpc.itc.rwth-aachen.de",50,"50",4,1,0000:2c:00.0,2,"OK",268435456,"bandwidth","H2D",50,4,11967.7,12470.6,13192.8,13460.5,989.911,13693.5,12941.3,522.44,18.2568,18.5729,18.9498,20.0472,1.47434,20.8895,19.3497,0.786906,20.3472,13185.1
50,"n23g0021.hpc.itc.rwth-aachen.de",50,"50",4,1,0000:2c:00.0,2,"OK",268435456,"bandwidth","D2H",50,4,19623,22087.5,22431.4,24388.1,2300.63,27812.9,22914.8,2037.19,8.98864,10.2515,11.1451,11.3186,1.0671,12.7402,10.9925,0.934128,11.967,22423.1
50,"n23g0021.hpc.itc.rwth-aachen.de",50,"50",4,2,0000:9d:00.0,4,"OK",4096,"latency","H2D",50,4,12.917,13.5617,13.845,14.0553,0.4935,31.7,14.1943,2.55652,0.120337,0.271408,0.275529,0.281284,0.00987549,0.295324,0.272947,0.0238241,0.295847,7.328
50,"n23g0021.hpc.itc.rwth-aachen.de",50,"50",4,2,0000:9d:00.0,4,"OK",4096,"latency","D2H",50,4,12.507,13.151,13.497,13.8097,0.65875,14.885,13.5262,0.550605,0.256278,0.276233,0.282633,0.29007,0.0138368,0.305005,0.282483,0.0112985,0.303475,6.976
50,"n23g0021.hpc.itc.rwth-aachen.de",50,"50",4,2,0000:9d:00.0,4,"OK",16777216,"bandwidth","H2D",50,4,362.016,526.614,603.248,676.548,149.934,842.199,592.745,120.821,18.5526,23.0952,25.9123,29.6708,6.5756,43.1611,27.7099,6.84434,27.8232,596.544
50,"n23g0021.hpc.itc.rwth-aachen.de",50,"50",4,2,0000:9d:00.0,4,"OK",16777216,"bandwidth","D2H",50,4,450.966,666.747,799.117,893.873,227.126,1127.17,767.447,170.661,13.8622,17.4801,19.553,23.4347,5.95456,34.6478,21.6101,5.83564,20.9949,792.336
50,"n23g0021.hpc.itc.rwth-aachen.de",50,"50",4,2,0000:9d:00.0,4,"OK",67108864,"bandwidth","H2D",50,4,1497.62,1501.61,1503.61,1505.51,3.8975,1593.21,1510.39,22.9026,39.2289,41.5141,41.5667,41.6219,0.107752,41.733,41.3893,0.601013,44.6319,1497.33
50,"n23g0021.hpc.itc.rwth-aachen.de",50,"50",4,2,0000:9d:00.0,4,"OK",67108864,"bandwidth","D2H",50,4,1877.72,1883.82,1888.61,1891.15,7.33,2012.05,1897.87,31.0555,31.0628,33.0486,33.0931,33.1772,0.128593,33.2851,32.9401,0.516809,35.5335,1882.22
50,"n23g0021.hpc.itc.rwth-aachen.de",50,"50",4,2,0000:9d:00.0,4,"OK",268435456,"bandwidth","H2D",50,4,5944.8,5959.14,5963.21,5968.41,9.26275,5974.27,5963.29,5.99296,41.8461,41.8872,41.9237,41.9523,0.0651085,42.0536,41.9232,0.0421484,45.0152,5956.64
50,"n23g0021.hpc.itc.rwth-aachen.de",50,"50",4,2,0000:9d:00.0,4,"OK",268435456,"bandwidth","D2H",50,4,7518.76,7530.08,7535.42,7541.17,11.0925,7552.4,7535.61,6.79179,33.102,33.1514,33.1767,33.2002,0.048835,33.2502,33.1759,0.0299006,35.6232,7528.98
50,"n23g0021.hpc.itc.rwth-aachen.de",50,"50",4,3,0000:ad:00.0,6,"OK",4096,"latency","H2D",50,4,12.976,13.6173,14.0025,14.2425,0.62525,26.712,14.2357,1.89997,0.142808,0.267839,0.272432,0.280137,0.012298,0.293981,0.270775,0.0214924,0.292522,7.312
50,"n23g0021.hpc.itc.rwth-aachen.de",50,"50",4,3,0000:ad:00.0,6,"OK",4096,"latency","D2H",50,4,12.649,13.4125,13.6955,14.132,0.7195,15.271,13.7789,0.525637,0.2498,0.269933,0.27854,0.284414,0.0144802,0.301581,0.277249,0.0104741,0.29908,7.12
50,"n23g0021.hpc.itc.rwth-aachen.de",50,"50",4,3,0000:ad:00.0,6,"OK",16777216,"bandwidth","H2D",50,4,680.715,742.274,833.845,910.557,168.283,1110.61,850.889,116.828,14.0689,17.1598,18.7385,21.0668,3.907,22.9538,18.6909,2.40605,20.1203,826.976
50,"n23g0021.hpc.itc.rwth-aachen.de",50,"50",4,3,0000:ad:00.0,6,"OK",16777216,"bandwidth","D2H",50,4,956.545,1010.57,1142.94,1257.86,247.294,1539.59,1163.46,167.952,10.1488,12.4219,13.6709,15.4718,3.04993,16.3348,13.6925,1.83584,14.679,1136.11
50,"n23g0021.hpc.itc.rwth-aachen.de",50,"50",4,3,0000:ad:00.0,6,"OK",67108864,"bandwidth","H2D",50,4,2246.34,2247.75,2249.78,2251.86,4.10975,2524.94,2265.46,52.451,24.7531,27.7549,27.7805,27.8056,0.0507466,27.823,27.6019,0.591675,29.8291,2243.49
50,"n23g0021.hpc.itc.rwth-aachen.de",50,"50",4,3,0000:ad:00.0,6,"OK",67108864,"bandwidth","D2H",50,4,3028.92,3036.38,3040.36,3043.45,7.0685,3428.09,3062.05,81.162,18.2318,20.5359,20.5568,20.5837,0.0478062,20.6344,20.4242,0.492989,22.0727,3033.79
50,"n23g0021.hpc.itc.rwth-aachen.de",50,"50",4,3,0000:ad:00.0,6,"OK",268435456,"bandwidth","H2D",50,4,8945.55,8955.95,8960.25,8963.57,7.61875,8976.58,8959.74,6.85501,27.8502,27.8907,27.901,27.9144,0.0237263,27.9469,27.9026,0.0213478,29.9585,8953.71
50,"n23g0021.hpc.itc.rwth-aachen.de",50,"50",4,3,0000:ad:00.0,6,"OK",268435456,"bandwidth","D2H",50,4,12090.1,12110.2,12115.6,12121.5,11.3517,12139,12115.1,9.94374,20.5947,20.6245,20.6346,20.6438,0.0193329,20.6781,20.6354,0.0169408,22.1562,12109.1
51,"n23g0021.hpc.itc.rwth-aachen.de",51,"51",4,0,0000:1b:00.0,0,"OK",4096,"latency","H2D",50,4,15.137,15.2897,15.652,15.9418,0.652,17.153,15.7132,0.451144,0.222392,0.23929,0.243719,0.249494,0.0102046,0.252011,0.242966,0.00680486,0.261692,8.528
51,"n23g0021.hpc.itc.rwth-aachen.de",51,"51",4,0,0000:1b:00.0,0,"OK",4096,"latency","D2H",50,4,13.538,15.0565,15.3595,15.5727,0.51625,32.13,15.579,2.42359,0.118727,0.24496,0.248361,0.253359,0.00839878,0.281777,0.247978,0.0206365,0.266675,8.128
51,"n23g0021.hpc.itc.rwth-aachen.de",51,"51",4,0,0000:1b:00.0,0,"OK",16777216,"bandwidth","H2D",50,4,836.816,841.803,845.728,847.964,6.161,853.495,845.281,4.17119,18.3071,18.4265,18.4752,18.5614,0.134861,18.672,18.4854,0.0912813,19.8376,837.904
51,"n23g0021.hpc.itc.rwth-aachen.de",51,"51",4,0,0000:1b:00.0,0,"OK",16777216,"bandwidth","D2H",50,4,1720.2,1733.22,1737.08,1745.75,12.5215,1762.18,1739.26,9.75578,8.86686,8.95033,8.99497,9.01499,0.0646566,9.08323,8.98401,0.0502485,9.65828,1729.07
51,"n23g0021.hpc.itc.rwth-aachen.de",51,"51",4,0,0000:1b:00.0,0,"OK",67108864,"bandwidth","H2D",50,4,3260.12,3278.17,3288.76,3295.58,17.407,3304.93,3286.43,11.4883,18.9111,18.9648,19.0041,19.0655,0.100703,19.1711,19.0178,0.0665966,20.4055,3280.35
51,"n23g0021.hpc.itc.rwth-aachen.de",51,"51",4,0,0000:1b:00.0,0,"OK",67108864,"bandwidth","D2H",50,4,6160.12,6179.82,6187.9,6196.69,16.877,6209.36,6187.88,11.8198,10.0654,10.086,10.1004,10.1136,0.027545,10.1459,10.1004,0.0193069,10.8452,6180.26
51,"n23g0021.hpc.itc.rwth-aachen.de",51,"51",4,0,0000:1b:00.0,0,"OK",268435456,"bandwidth","H2D",50,4,11673.3,12254.8,12968.9,13182.9,928.128,13408.3,12704.8,486.244,18.6451,18.9639,19.2769,20.4002,1.43627,21.4164,19.7067,0.761044,20.6984,12961.4
51,"n23g0021.hpc.itc.rwth-aachen.de",51,"51",4,0,0000:1b:00.0,0,"OK",268435456,"bandwidth","D2H",50,4,18234.2,21808.4,22362.3,22454.6,646.224,25254.6,22187.2,1569.94,9.89917,11.1336,11.1795,11.4635,0.329908,13.7105,11.3252,0.816088,12.0039,22354.9
51,"n23g0021.hpc.itc.rwth-aachen.de",51,"51",4,1,0000:2c:00.0,2,"OK",4096,"latency","H2D",50,4,14.671,15.1865,15.356,15.663,0.4765,30.045,15.7454,2.12539,0.126966,0.243548,0.248418,0.25119,0.00764156,0.260016,0.244766,0.0187677,0.266737,8.176
51,"n23g0021.hpc.itc.rwth-aachen.de",51,"51",4,1,0000:2c:00.0,2,"OK",4096,"latency","D2H",50,4,14.534,14.868,15.323,15.582,0.714,29.779,15.575,2.08039,0.1281,0.244814,0.248953,0.256571,0.0117566,0.262467,0.247362,0.0185756,0.267311,8.08
51,"n23g0021.hpc.itc.rwth-aachen.de",51,"51",4,1,0000:2c:00.0,2,"OK",16777216,"bandwidth","H2D",50,4,840.986,852.245,856.843,859.583,7.33875,865.789,855.763,5.37993,18.0471,18.1774,18.2355,18.3339,0.156528,18.5794,18.2593,0.115406,19.5803,848.704
51,"n23g0021.hpc.itc.rwth-aachen.de",51,"51",4,1,0000:2c:00.0,2,"OK",16777216,"bandwidth","D2H",50,4,1716.66,1732.89,1736.47,1740.22,7.329,1757.58,1737.82,8.96911,8.89004,8.97874,8.99812,9.01671,0.0379741,9.10199,8.99138,0.0462736,9.66166,1727.39
51,"n23g0021.hpc.itc.rwth-aachen.de",51,"51",4,1,0000:2c:00.0,2,"OK",67108864,"bandwidth","H2D",50,4,3313.99,3331.61,3338.98,3342.33,10.7138,3364.67,3338.1,10.5592,18.5754,18.6995,18.7183,18.7597,0.0601331,18.8595,18.7234,0.0592126,20.0986,3331.22
51,"n23g0021.hpc.itc.rwth-aachen.de",51,"51",4,1,0000:2c:00.0,2,"OK",67108864,"bandwidth","D2H",50,4,6171.76,6180.42,6187.06,6195.39,14.967,6210.81,6188.46,10.5209,10.0631,10.0882,10.1017,10.1126,0.0244303,10.1268,10.0995,0.0171588,10.8467,6178.96
51,"n23g0021.hpc.itc.rwth-aachen.de",51,"51",4,1,0000:2c:00.0,2,"OK",268435456,"bandwidth","H2D",50,4,12119.6,12561.6,13171.6,13677.6,1115.93,13753.5,13053.1,538.378,18.1772,18.2781,18.9802,19.9019,1.62377,20.6277,19.1852,0.79289,20.3799,13164.3
51,"n23g0021.hpc.itc.rwth-aachen.de",51,"51",4,1,0000:2c:00.0,2,"OK",268435456,"bandwidth","D2H",50,4,20235.8,22489.6,24766,25478.7,2989.07,27808,24363.9,2251.01,8.9902,9.81213,10.0945,11.1162,1.30411,12.3543,10.3504,0.971129,10.8389,24758
51,"n23g0021.hpc.itc.rwth-aachen.de",51,"51",4,2,0000:9d:00.0,4,"OK",4096,"latency","H2D",50,4,12.56,13.2605,13.647,13.9865,0.726,22.049,13.812,1.29285,0.17301,0.272743,0.279527,0.287674,0.0149312,0.303718,0.277865,0.0182467,0.300139,7.216
51,"n23g0021.hpc.itc.rwth-aachen.de",51,"51",4,2,0000:9d:00.0,4,"OK",4096,"latency","D2H",50,4,12.593,13.1,13.353,13.782,0.682,29.618,13.8263,2.3685,0.128797,0.276789,0.285681,0.291199,0.01441,0.302922,0.280118,0.0253907,0.306748,6.944
51,"n23g0021.hpc.itc.rwth-aachen.de",51,"51",4,2,0000:9d:00.0,4,"OK",16777216,"bandwidth","H2D",50,4,364.227,537.647,618.095,678.482,140.836,841.16,622.258,98.0895,18.5755,23.0293,25.2793,29.0881,6.05873,42.8991,25.7525,4.21975,27.1434,611.456
51,"n23g0021.hpc.itc.rwth-aachen.de",51,"51",4,2,0000:9d:00.0,4,"OK",16777216,"bandwidth","D2H",50,4,454.221,705.705,783.749,903.837,198.132,1129.81,807.288,144.562,13.8297,17.2874,19.9363,22.1414,4.854,34.3996,20.0096,3.79121,21.4064,777.008
51,"n23g0021.hpc.itc.rwth-aachen.de",51,"51",4,2,0000:9d:00.0,4,"OK",67108864,"bandwidth","H2D",50,4,1500.56,1502.32,1504.84,1506.78,4.4565,1597.71,1510.75,21.4804,39.1185,41.4792,41.5326,41.6023,0.123044,41.6512,41.3782,0.562974,44.5953,1498.4
51,"n23g0021.hpc.itc.rwth-aachen.de",51,"51",4,2,0000:9d:00.0,4,"OK",67108864,"bandwidth","D2H",50,4,1877.09,1883.61,1888.01,1891.46,7.84825,2003.35,1897.75,30.7697,31.1977,33.0432,33.1037,33.1809,0.137677,33.2962,32.9421,0.514016,35.5448,1881.65
51,"n23g0021.hpc.itc.rwth-aachen.de",51,"51",4,2,0000:9d:00.0,4,"OK",268435456,"bandwidth","H2D",50,4,5952.1,5958.51,5963.24,5968.03,9.521,5977.52,5963.47,5.87684,41.8234,41.8899,41.9235,41.9568,0.0669351,42.002,41.9219,0.0413028,45.015,5957.04
51,"n23g0021.hpc.itc.rwth-aachen.de",51,"51",4,2,0000:9d:00.0,4,"OK",268435456,"bandwidth","D2H",50,4,7519.49,7531.72,7536.23,7539.35,7.631,7551.84,7535.83,6.36612,33.1045,33.1593,33.1731,33.1929,0.0335964,33.2469,33.1749,0.0280239,35.6194,7529.82
51,"n23g0021.hpc.itc.rwth-aachen.de",51,"51",4,3,0000:ad:00.0,6,"OK",4096,"latency","H2D",50,4,13.267,13.5358,13.9995,14.3332,0.7975,34.75,14.4308,2.9665,0.109775,0.266143,0.272489,0.281824,0.0156806,0.287533,0.269382,0.0251885,0.292582,7.472
51,"n23g0021.hpc.itc.rwth-aachen.de",51,"51",4,3,0000:ad:00.0,6,"OK",4096,"latency","D2H",50,4,12.636,13.2787,13.7985,14.2027,0.924,17.587,13.7833,0.76952,0.216904,0.268589,0.27646,0.287279,0.0186904,0.301891,0.277546,0.0141564,0.296847,7.2
51,"n23g0021.hpc.itc.rwth-aachen.de",51,"51",4,3,0000:ad:00.0,6,"OK",16777216,"bandwidth","H2D",50,4,726.547,780.205,858.402,997.455,217.25,1109.13,883.962,126.216,14.0877,15.6649,18.2103,20.0268,4.36192,21.5058,18.0268,2.47486,19.5532,851.392
51,"n23g0021.hpc.itc.rwth-aachen.de",51,"51",4,3,0000:ad:00.0,6,"OK",16777216,"bandwidth","D2H",50,4,982.006,1059.39,1153.23,1366,306.608,1544.12,1216.86,186.721,10.119,11.4385,13.5489,14.749,3.31051,15.9113,13.1352,1.93538,14.548,1146.35
51,"n23g0021.hpc.itc.rwth-aachen.de",51,"51",4,3,0000:ad:00.0,6,"OK",67108864,"bandwidth","H2D",50,4,2129.11,2246.67,2249.06,2252.85,6.17875,2686.83,2265.68,89.6773,23.2616,27.7427,27.7893,27.819,0.0762968,29.3549,27.6245,0.987016,29.8386,2242.4
51,"n23g0021.hpc.itc.rwth-aachen.de",51,"51",4,3,0000:ad:00.0,6,"OK",67108864,"bandwidth","D2H",50,4,2878.76,3036.82,3040.28,3043.17,6.351,3645.99,3066.53,138.838,17.1421,20.5378,20.5573,20.5807,0.0429514,21.7108,20.4186,0.825251,22.0733,3033.49
51,"n23g0021.hpc.itc.rwth-aachen.de",51,"51",4,3,0000:ad:00.0,6,"OK",268435456,"bandwidth","H2D",50,4,8938.75,8951.39,8955.65,8959.81,8.41825,8965.14,8954.81,6.52458,27.8858,27.9024,27.9153,27.9286,0.0262405,27.9681,27.918,0.0203499,29.9739,8949.06
51,"n23g0021.hpc.itc.rwth-aachen.de",51,"51",4,3,0000:ad:00.0,6,"OK",268435456,"bandwidth","D2H",50,4,12081.5,12110.2,12116.6,12124.2,13.962,12144.8,12117,11.1375,20.585,20.6199,20.6328,20.6437,0.0237729,20.6928,20.6322,0.0189713,22.1543,12110
52,"n23g0021.hpc.itc.rwth-aachen.de",52,"52",4,0,0000:1b:00.0,0,"OK",4096,"latency","H2D",50,4,14.448,15.0352,15.368,15.5347,0.4995,19.168,15.4353,0.784539,0.199014,0.245559,0.248226,0.253717,0.00815789,0.264029,0.247697,0.0109789,0.26653,8.144
52,"n23g0021.hpc.itc.rwth-aachen.de",52,"52",4,0,0000:1b:00.0,0,"OK",4096,"latency","D2H",50,4,14.318,14.945,15.118,15.3345,0.3895,28.242,15.4117,1.90347,0.135072,0.248766,0.252328,0.255249,0.00648304,0.266427,0.249725,0.0181153,0.270935,7.968
52,"n23g0021.hpc.itc.rwth-aachen.de",52,"52",4,0,0000:1b:00.0,0,"OK",16777216,"bandwidth","H2D",50,4,836.972,842.518,847.37,850.505,7.987,856.747,846.808,5.1854,18.2376,18.3715,18.4394,18.5456,0.174155,18.6685,18.4523,0.11291,19.7992,839.072
52,"n23g0021.hpc.itc.rwth-aachen.de",52,"52",4,0,0000:1b:00.0,0,"OK",16777216,"bandwidth","D2H",50,4,1719.92,1734.65,1737.39,1745.15,10.506,1762.91,1739.87,8.77934,8.86318,8.95338,8.99337,9.0076,0.0542251,9.08473,8.98076,0.045161,9.65656,1729.58
52,"n23g0021.hpc.itc.rwth-aachen.de",52,"52",4,0,0000:1b:00.0,0,"OK",67108864,"bandwidth","H2D",50,4,3274.66,3293.23,3297.43,3302.48,9.24625,3317.1,3297.43,8.63987,18.8417,18.9252,18.9541,18.9783,0.0531353,19.086,18.9543,0.0496853,20.3519,3289.68
52,"n23g0021.hpc.itc.rwth-aachen.de",52,"52",4,0,0000:1b:00.0,0,"OK",67108864,"bandwidth","D2H",50,4,6154.68,6179.54,6185.97,6193.06,13.517,6229.06,6186.55,13.3108,10.0336,10.0919,10.1035,10.114,0.022075,10.1549,10.1026,0.0217207,10.8486,6177.71
52,"n23g0021.hpc.itc.rwth-aachen.de",52,"52",4,0,0000:1b:00.0,0,"OK",268435456,"bandwidth","H2D",50,4,11993.9,12425.8,13039.2,13414.6,988.778,13488,12884.8,488.372,18.535,18.6364,19.173,20.1194,1.48299,20.8438,19.4308,0.741919,20.5868,13032.6
52,"n23g0021.hpc.itc.rwth-aachen.de",52,"52",4,0,0000:1b:00.0,0,"OK",268435456,"bandwidth","D2H",50,4,20257,22485.3,24690.2,25334.1,2848.81,27806.6,24460,1971.19,8.99068,9.86813,10.1255,11.1184,1.25028,12.3414,10.2875,0.831337,10.8721,24675
52,"n23g0021.hpc.itc.rwth-aachen.de",52,"52",4,1,0000:2c:00.0,2,"OK",4096,"latency","H2D",50,4,14.567,15.2797,15.513,15.8445,0.56475,23.436,15.7677,1.24455,0.162771,0.240758,0.245904,0.249658,0.00889908,0.261873,0.243039,0.0141789,0.264037,8.416
52,"n23g0021.hpc.itc.rwth-aachen.de",52,"52",4,1,0000:2c:00.0,2,"OK",4096,"latency","D2H",50,4,13.77,15.0567,15.254,15.617,0.56025,22.711,15.415,1.17096,0.167967,0.244266,0.250079,0.253355,0.00908857,0.27703,0.248554,0.0145928,0.26852,8.08
52,"n23g0021.hpc.itc.rwth-aachen.de",52,"52",4,1,0000:2c:00.0,2,"OK",16777216,"bandwidth","H2D",50,4,847.789,857.638,861.225,863.874,6.23625,870.117,861.012,4.60839,17.9574,18.0871,18.1428,18.2187,0.13152,18.4303,18.1478,0.0972983,19.4806,853.056
52,"n23g0021.hpc.itc.rwth-aachen.de",52,"52",4,1,0000:2c:00.0,2,"OK",16777216,"bandwidth","D2H",50,4,1721.77,1733.35,1735.66,1740.98,7.63125,1756.89,1738.57,8.60105,8.89356,8.97485,9.00232,9.01436,0.039512,9.07495,8.98749,0.0443073,9.66617,1727.94
52,"n23g0021.hpc.itc.rwth-aachen.de",52,"52",4,1,0000:2c:00.0,2,"OK",67108864,"bandwidth","H2D",50,4,3323.87,3335.04,3340.59,3348.85,13.8072,4031.9,3355.71,97.0232,15.5014,18.6631,18.7093,18.7404,0.0772664,18.8034,18.638,0.450942,20.089,3332.46
52,"n23g0021.hpc.itc.rwth-aachen.de",52,"52",4,1,0000:2c:00.0,2,"OK",67108864,"bandwidth","D2H",50,4,6166.95,6185.26,6192.69,6200.71,15.4547,6221.95,6192.43,11.4235,10.0451,10.0795,10.0925,10.1047,0.0251851,10.1347,10.093,0.0186184,10.8368,6184.46
52,"n23g0021.hpc.itc.rwth-aachen.de",52,"52",4,1,0000:2c:00.0,2,"OK",268435456,"bandwidth","H2D",50,4,11318.9,12210.1,12742.8,13214.8,1004.64,13729.3,12722.2,696.038,18.2092,18.9182,19.619,20.4748,1.55658,22.087,19.7106,1.09721,21.0657,12734.8
52,"n23g0021.hpc.itc.rwth-aachen.de",52,"52",4,1,0000:2c:00.0,2,"OK",268435456,"bandwidth","D2H",50,4,18756.9,20494.1,22171,24904.7,4410.65,27788.8,22826.3,2546.68,8.99643,10.0383,11.2761,12.1986,2.16039,13.3284,11.0822,1.17031,12.1076,22163.1
52,"n23g0021.hpc.itc.rwth-aachen.de",52,"52",4,2,0000:9d:00.0,4,"OK",4096,"latency","H2D",50,4,13.08,13.481,13.8515,14.0828,0.60175,16.53,13.8757,0.619387,0.230774,0.270877,0.2754,0.282968,0.0120911,0.291644,0.275414,0.0111413,0.295708,7.328
52,"n23g0021.hpc.itc.rwth-aachen.de",52,"52",4,2,0000:9d:00.0,4,"OK",4096,"latency","D2H",50,4,12.495,13.0457,13.3005,13.7237,0.678,14.797,13.4493,0.511999,0.257802,0.277963,0.286809,0.292409,0.0144459,0.305298,0.28404,0.0106508,0.307959,7.056
52,"n23g0021.hpc.itc.rwth-aachen.de",52,"52",4,2,0000:9d:00.0,4,"OK",16777216,"bandwidth","H2D",50,4,341.636,525.886,603.202,677.564,151.678,841.08,585.399,130.323,18.5773,23.0606,25.9105,29.7118,6.6512,45.7358,28.3581,7.71547,27.8212,596.736
52,"n23g0021.hpc.itc.rwth-aachen.de",52,"52",4,2,0000:9d:00.0,4,"OK",16777216,"bandwidth","D2H",50,4,430.763,672.385,816.81,898.492,226.108,1135.92,771,188.641,13.7554,17.3906,19.1297,23.2382,5.84762,36.2728,21.8213,6.59151,20.5403,810.144
52,"n23g0021.hpc.itc.rwth-aachen.de",52,"52",4,2,0000:9d:00.0,4,"OK",67108864,"bandwidth","H2D",50,4,1500.64,1504.46,1506.46,1508.67,4.2065,1594.6,1512.59,20.1725,39.1948,41.4273,41.488,41.5432,0.115832,41.6488,41.3268,0.529524,44.5474,1500.13
52,"n23g0021.hpc.itc.rwth-aachen.de",52,"52",4,2,0000:9d:00.0,4,"OK",67108864,"bandwidth","D2H",50,4,1876.15,1882.01,1888.38,1891.34,9.33175,2004.32,1894.43,25.2725,31.1826,33.0453,33.0971,33.2092,0.163854,33.3128,32.9971,0.423123,35.5377,1881.92
52,"n23g0021.hpc.itc.rwth-aachen.de",52,"52",4,2,0000:9d:00.0,4,"OK",268435456,"bandwidth","H2D",50,4,5952.41,5958.81,5963.66,5966.52,7.71125,5976.2,5963.05,5.25229,41.8326,41.9005,41.9205,41.9547,0.0542231,41.9998,41.9249,0.0369304,45.0118,5957.15
52,"n23g0021.hpc.itc.rwth-aachen.de",52,"52",4,2,0000:9d:00.0,4,"OK",268435456,"bandwidth","D2H",50,4,7524.63,7530.9,7535.8,7539.15,8.24825,7546.32,7535.29,5.87864,33.1287,33.1602,33.175,33.1965,0.0363189,33.2242,33.1772,0.0258852,35.6214,7529.5
52,"n23g0021.hpc.itc.rwth-aachen.de",52,"52",4,3,0000:ad:00.0,6,"OK",4096,"latency","H2D",50,4,13.262,13.6088,13.9735,14.2505,0.64175,16.779,14.0699,0.6442,0.22735,0.267689,0.272995,0.280313,0.0126238,0.287641,0.271633,0.0111564,0.293126,7.36
52,"n23g0021.hpc.itc.rwth-aachen.de",52,"52",4,3,0000:ad:00.0,6,"OK",4096,"latency","D2H",50,4,12.736,13.4097,13.773,13.9295,0.51975,22.099,13.8664,1.24005,0.172619,0.273857,0.276969,0.284472,0.0106146,0.299521,0.276592,0.0168816,0.297393,7.152
52,"n23g0021.hpc.itc.rwth-aachen.de",52,"52",4,3,0000:ad:00.0,6,"OK",16777216,"bandwidth","H2D",50,4,726.293,781.041,837.56,974.795,193.755,1110.94,875.042,115,14.0647,16.0527,18.6554,20.0054,3.95267,21.5134,18.15,2.25288,20.0311,830.704
52,"n23g0021.hpc.itc.rwth-aachen.de",52,"52",4,3,0000:ad:00.0,6,"OK",16777216,"bandwidth","D2H",50,4,987.028,1063.51,1151.43,1348.49,284.983,1548.98,1203.37,160.481,10.0873,11.5926,13.5701,14.692,3.0994,15.8304,13.2065,1.6793,14.5708,1144.62
52,"n23g0021.hpc.itc.rwth-aachen.de",52,"52",4,3,0000:ad:00.0,6,"OK",67108864,"bandwidth","H2D",50,4,2135.28,2246.58,2248.87,2252.25,5.669,2524.49,2260.75,71.7511,24.7574,27.7501,27.7918,27.8201,0.0700236,29.2702,27.6717,0.82033,29.8412,2242.27
52,"n23g0021.hpc.itc.rwth-aachen.de",52,"52",4,3,0000:ad:00.0,6,"OK",67108864,"bandwidth","D2H",50,4,2882.64,3037.65,3042.27,3046.44,8.78825,3419.91,3056.91,88.2618,18.2753,20.5158,20.5439,20.5751,0.0593544,21.6815,20.4614,0.550711,22.0588,3035.55
52,"n23g0021.hpc.itc.rwth-aachen.de",52,"52",4,3,0000:ad:00.0,6,"OK",268435456,"bandwidth","H2D",50,4,8941.49,8952.98,8956.27,8961.54,8.55725,8975.67,8956.78,7.52463,27.8531,27.897,27.9134,27.9236,0.0266639,27.9595,27.9118,0.023447,29.9718,8949.5
52,"n23g0021.hpc.itc.rwth-aachen.de",52,"52",4,3,0000:ad:00.0,6,"OK",268435456,"bandwidth","D2H",50,4,12096.2,12109.6,12115.2,12123.5,13.919,12132.9,12115.7,9.68691,20.6051,20.6211,20.6353,20.6448,0.0237024,20.6677,20.6345,0.0165002,22.157,12108.7
53,"n23g0021.hpc.itc.rwth-aachen.de",53,"53",4,0,0000:1b:00.0,0,"OK",4096,"latency","H2D",50,4,15.107,15.3967,15.607,15.8725,0.47575,22.177,15.8002,1.06094,0.172011,0.240334,0.244422,0.24776,0.00742605,0.252512,0.242269,0.012514,0.262447,8.336
53,"n23g0021.hpc.itc.rwth-aachen.de",53,"53",4,0,0000:1b:00.0,0,"OK",4096,"latency","D2H",50,4,14.135,14.9015,15.2175,15.4395,0.538,20.261,15.2881,0.905645,0.188278,0.247074,0.250678,0.255994,0.00892036,0.269876,0.250257,0.0125384,0.269164,8.112
53,"n23g0021.hpc.itc.rwth-aachen.de",53,"53",4,0,0000:1b:00.0,0,"OK",16777216,"bandwidth","H2D",50,4,835.724,844.839,849.471,852.494,7.65525,856.531,848.132,5.08078,18.2422,18.3286,18.3938,18.4947,0.166079,18.6964,18.4235,0.110752,19.7502,841.36
53,"n23g0021.hpc.itc.rwth-aachen.de",53,"53",4,0,0000:1b:00.0,0,"OK",16777216,"bandwidth","D2H",50,4,1722.75,1733.82,1737.82,1745.86,12.038,1762.64,1739.78,10.0679,8.86453,8.94974,8.99113,9.01187,0.0621382,9.06981,8.98133,0.0518217,9.65415,1729.71
53,"n23g0021.hpc.itc.rwth-aachen.de",53,"53",4,0,0000:1b:00.0,0,"OK",67108864,"bandwidth","H2D",50,4,3272.99,3285.38,3291.62,3295.21,9.837,3308.6,3290.43,8.98924,18.8902,18.9669,18.9876,19.0237,0.0567904,19.0957,18.9946,0.0519231,20.3878,3283.49
53,"n23g0021.hpc.itc.rwth-aachen.de",53,"53",4,0,0000:1b:00.0,0,"OK",67108864,"bandwidth","D2H",50,4,6115.13,6140.48,6146.53,6155.45,14.9622,6178.95,6147.63,11.121,10.115,10.1536,10.1683,10.1784,0.0247406,10.2205,10.1666,0.0183897,10.9182,6138.93
53,"n23g0021.hpc.itc.rwth-aachen.de",53,"53",4,0,0000:1b:00.0,0,"OK",268435456,"bandwidth","H2D",50,4,11679.3,12350.1,12929,13236.6,886.434,13467.5,12812.8,510.716,18.5632,18.8871,19.3368,20.2427,1.35564,21.4054,19.543,0.785293,20.7628,12924.6
53,"n23g0021.hpc.itc.rwth-aachen.de",53,"53",4,0,0000:1b:00.0,0,"OK",268435456,"bandwidth","D2H",50,4,18136.9,22376,23436.7,24857.9,2481.91,27761.3,23491.4,2103.58,9.00535,10.0571,10.6673,11.1727,1.11552,13.784,10.7301,0.990048,11.4539,23428.7
53,"n23g0021.hpc.itc.rwth-aachen.de",53,"53",4,1,0000:2c:00.0,2,"OK",4096,"latency","H2D",50,4,14.899,15.349,15.6325,15.8092,0.46025,18.934,15.6753,0.601546,0.201473,0.241298,0.244023,0.248531,0.00723301,0.256037,0.243679,0.00842735,0.262018,8.4
53,"n23g0021.hpc.itc.rwth-aachen.de",53,"53",4,1,0000:2c:00.0,2,"OK",4096,"latency","D2H",50,4,14.217,15.199,15.5265,15.7918,0.59275,25.439,15.7114,1.49787,0.149955,0.241563,0.24569,0.250983,0.0094204,0.268319,0.244301,0.0160678,0.263808,8.176
53,"n23g0021.hpc.itc.rwth-aachen.de",53,"53",4,1,0000:2c:00.0,2,"OK",16777216,"bandwidth","H2D",50,4,852.117,857.689,860.101,864.32,6.6305,870.926,860.747,4.41093,17.9407,18.0778,18.1665,18.2176,0.139752,18.3367,18.1533,0.0929581,19.5061,852.064
53,"n23g0021.hpc.itc.rwth-aachen.de",53,"53",4,1,0000:2c:00.0,2,"OK",16777216,"bandwidth","D2H",50,4,1722.1,1728.25,1733.02,1739.64,11.3902,1756.06,1735.53,8.83083,8.89777,8.98177,9.01606,9.04096,0.0591956,9.07322,9.00327,0.0456335,9.68092,1724.78
53,"n23g0021.hpc.itc.rwth-aachen.de",53,"53",4,1,0000:2c:00.0,2,"OK",67108864,"bandwidth","H2D",50,4,3314.82,3333.07,3337.83,3344.94,11.8695,3357.95,3338.25,8.89923,18.6125,18.685,18.7247,18.7515,0.0665398,18.8547,18.7225,0.0499445,20.1055,3329.9
53,"n23g0021.hpc.itc.rwth-aachen.de",53,"53",4,1,0000:2c:00.0,2,"OK",67108864,"bandwidth","D2H",50,4,6165.56,6183.42,6191.57,6200.33,16.904,6220.9,6192,12.9135,10.0468,10.0801,10.0944,10.1077,0.0275568,10.137,10.0937,0.0210517,10.8388,6183.58
53,"n23g0021.hpc.itc.rwth-aachen.de",53,"53",4,1,0000:2c:00.0,2,"OK",268435456,"bandwidth","H2D",50,4,12341.8,12701.8,13303.4,13684.7,982.928,13735.5,13170.3,500.392,18.201,18.2686,18.7933,19.6823,1.41374,20.2564,19.0096,0.72509,20.1791,13295.6
53,"n23g0021.hpc.itc.rwth-aachen.de",53,"53",4,1,0000:2c:00.0,2,"OK",268435456,"bandwidth","D2H",50,4,20275.8,24901.9,25353.3,27745.9,2844.04,27806.9,25646,1809.73,8.99056,9.01033,9.86066,10.0394,1.02907,12.33,9.7999,0.737844,10.5878,25345.3
53,"n23g0021.hpc.itc.rwth-aachen.de",53,"53",4,2,0000:9d:00.0,4,"OK",4096,"latency","H2D",50,4,12.789,13.341,13.845,14.094,0.753,16.607,13.8159,0.575447,0.229704,0.270661,0.275531,0.285938,0.0152772,0.29828,0.276555,0.0107787,0.295849,7.408
53,"n23g0021.hpc.itc.rwth-aachen.de",53,"53",4,2,0000:9d:00.0,4,"OK",4096,"latency","D2H",50,4,12.519,12.964,13.416,13.8122,0.84825,19.449,13.5314,0.996329,0.196138,0.276185,0.28434,0.294253,0.0180681,0.304713,0.283122,0.0166621,0.305307,6.944
53,"n23g0021.hpc.itc.rwth-aachen.de",53,"53",4,2,0000:9d:00.0,4,"OK",16777216,"bandwidth","H2D",50,4,341.48,362.552,591.836,676.97,314.417,841.057,555.448,156.347,18.5778,23.0808,26.4404,43.0972,20.0164,45.7567,30.8353,9.77034,28.3901,585.264
53,"n23g0021.hpc.itc.rwth-aachen.de",53,"53",4,2,0000:9d:00.0,4,"OK",16777216,"bandwidth","D2H",50,4,429.083,453.753,783.397,904.755,451.002,1152.34,726.84,216.287,13.5594,17.2699,19.9485,34.435,17.1651,36.4149,23.843,8.05345,21.4196,776.608
53,"n23g0021.hpc.itc.rwth-aachen.de",53,"53",4,2,0000:9d:00.0,4,"OK",67108864,"bandwidth","H2D",50,4,1500.44,1503.36,1506.14,1508.68,5.3215,1594.44,1511.09,19.0985,39.1986,41.4269,41.4969,41.5736,0.146644,41.6543,41.3673,0.502367,44.557,1499.81
53,"n23g0021.hpc.itc.rwth-aachen.de",53,"53",4,2,0000:9d:00.0,4,"OK",67108864,"bandwidth","D2H",50,4,1877.92,1883.29,1888.2,1891.41,8.1135,1999.66,1894.53,26.6233,31.2553,33.0442,33.1002,33.1866,0.142359,33.2814,32.9959,0.444269,35.5411,1881.74
53,"n23g0021.hpc.itc.rwth-aachen.de",53,"53",4,2,0000:9d:00.0,4,"OK",268435456,"bandwidth","H2D",50,4,5955.6,5962.62,5966.14,5970.04,7.4225,5979.51,5966.3,5.51112,41.8095,41.8757,41.9032,41.9279,0.0521286,41.9773,41.9021,0.0386957,44.9932,5959.5
53,"n23g0021.hpc.itc.rwth-aachen.de",53,"53",4,2,0000:9d:00.0,4,"OK",268435456,"bandwidth","D2H",50,4,7523.79,7532.97,7536.85,7539.58,6.6175,7548.99,7536.63,5.47886,33.117,33.1583,33.1704,33.1875,0.0291287,33.2279,33.1713,0.024117,35.6164,7529.97
53,"n23g0021.hpc.itc.rwth-aachen.de",53,"53",4,3,0000:ad:00.0,6,"OK",4096,"latency","H2D",50,4,12.933,13.6925,13.9525,14.231,0.5385,31.262,14.4235,2.69346,0.122023,0.268055,0.273406,0.278598,0.0105421,0.294958,0.269332,0.026592,0.293567,7.536
53,"n23g0021.hpc.itc.rwth-aachen.de",53,"53",4,3,0000:ad:00.0,6,"OK",4096,"latency","D2H",50,4,12.639,13.365,13.6835,13.9617,0.59675,15.119,13.6765,0.507985,0.252311,0.273225,0.278782,0.285424,0.0121993,0.30182,0.279304,0.0102833,0.29934,7.152
53,"n23g0021.hpc.itc.rwth-aachen.de",53,"53",4,3,0000:ad:00.0,6,"OK",16777216,"bandwidth","H2D",50,4,679.055,728.083,807.476,907.761,179.679,1106.96,840.707,127.789,14.1152,17.2127,19.3674,21.4605,4.2478,23.0099,18.9886,2.67709,20.7956,800.496
53,"n23g0021.hpc.itc.rwth-aachen.de",53,"53",4,3,0000:ad:00.0,6,"OK",16777216,"bandwidth","D2H",50,4,915.3,989.955,1121.69,1261.22,271.264,1539.1,1146.8,178.501,10.1521,12.3889,13.935,15.7835,3.39465,17.0709,13.9358,2.01952,14.9626,1114.83
53,"n23g0021.hpc.itc.rwth-aachen.de",53,"53",4,3,0000:ad:00.0,6,"OK",67108864,"bandwidth","H2D",50,4,2136.78,2248.1,2249.62,2251.46,3.35925,2589.48,2268.76,76.6706,24.1361,27.7597,27.7825,27.8012,0.0414799,29.2497,27.5768,0.851436,29.8312,2243.17
53,"n23g0021.hpc.itc.rwth-aachen.de",53,"53",4,3,0000:ad:00.0,6,"OK",67108864,"bandwidth","D2H",50,4,2877.64,3033.67,3038.2,3043.57,9.90025,3418.12,3058.47,99.0154,18.2849,20.5351,20.5714,20.6021,0.0670155,21.7192,20.4549,0.612148,22.0884,3031.65
53,"n23g0021.hpc.itc.rwth-aachen.de",53,"53",4,3,0000:ad:00.0,6,"OK",268435456,"bandwidth","H2D",50,4,8942.81,8952.57,8956.24,8962.21,9.635,8970.17,8957.02,6.48685,27.8701,27.8949,27.9135,27.9249,0.0300214,27.9554,27.9111,0.0202146,29.9719,8949.74
53,"n23g0021.hpc.itc.rwth-aachen.de",53,"53",4,3,0000:ad:00.0,6,"OK",268435456,"bandwidth","D2H",50,4,12091.2,12110.7,12115.8,12123.6,12.9572,12144.5,12116.4,10.3823,20.5854,20.6209,20.6342,20.6429,0.0220623,20.6763,20.6333,0.0176809,22.1558,12109.4
54,"n23g0021.hpc.itc.rwth-aachen.de",54,"54",4,0,0000:1b:00.0,0,"OK",4096,"latency","H2D",50,4,14.467,14.8965,15.22,15.4798,0.58325,16.738,15.2455,0.498566,0.227906,0.246432,0.250637,0.256083,0.00965119,0.263683,0.250478,0.00799432,0.26912,8.352
54,"n23g0021.hpc.itc.rwth-aachen.de",54,"54",4,0,0000:1b:00.0,0,"OK",4096,"latency","D2H",50,4,14.069,14.9325,15.108,15.3313,0.39875,22.585,15.2499,1.10144,0.168904,0.248818,0.252495,0.255463,0.00664432,0.271142,0.251079,0.0130553,0.271115,8.064
54,"n23g0021.hpc.itc.rwth-aachen.de",54,"54",4,0,0000:1b:00.0,0,"OK",16777216,"bandwidth","H2D",50,4,833.146,840.212,842.536,845.873,5.6605,853.632,842.747,4.78307,18.3041,18.472,18.5452,18.5965,0.124446,18.7542,18.5412,0.105292,19.9128,834.816
54,"n23g0021.hpc.itc.rwth-aachen.de",54,"54",4,0,0000:1b:00.0,0,"OK",16777216,"bandwidth","D2H",50,4,1719.27,1729.08,1732.73,1744.48,15.4045,1757.25,1735.97,9.85818,8.89172,8.95682,9.01755,9.03662,0.079797,9.08817,9.00102,0.0509761,9.68252,1724.75
54,"n23g0021.hpc.itc.rwth-aachen.de",54,"54",4,0,0000:1b:00.0,0,"OK",67108864,"bandwidth","H2D",50,4,3274.72,3284.81,3293.13,3297.51,12.6995,3315.23,3291.79,8.3038,18.8524,18.9537,18.9789,19.027,0.0732775,19.0856,18.9867,0.0478799,20.3784,3285.42
54,"n23g0021.hpc.itc.rwth-aachen.de",54,"54",4,0,0000:1b:00.0,0,"OK",67108864,"bandwidth","D2H",50,4,6159.57,6177.71,6181.24,6187.96,10.2468,6202.54,6182.46,9.86368,10.0765,10.1003,10.1112,10.117,0.0167529,10.1468,10.1093,0.016127,10.8569,6173.7
54,"n23g0021.hpc.itc.rwth-aachen.de",54,"54",4,0,0000:1b:00.0,0,"OK",268435456,"bandwidth","H2D",50,4,11520.4,12209.5,12927.1,13093.1,883.561,13470,12618.8,589.61,18.5597,19.0941,19.3394,20.4759,1.38184,21.7006,19.856,0.948023,20.7655,12919.8
54,"n23g0021.hpc.itc.rwth-aachen.de",54,"54",4,0,0000:1b:00.0,0,"OK",268435456,"bandwidth","D2H",50,4,18136.1,20186.7,21759.8,22434.1,2247.4,26690.5,21581.6,2005.01,9.36664,11.1438,11.4892,12.3844,1.24064,13.7847,11.682,1.06223,12.3365,21752
54,"n23g0021.hpc.itc.rwth-aachen.de",54,"54",4,1,0000:2c:00.0,2,"OK",4096,"latency","H2D",50,4,14.581,15.144,15.2875,15.4885,0.3445,22.152,15.4885,1.08413,0.172206,0.246292,0.249531,0.251895,0.00560282,0.261621,0.247201,0.0130876,0.267931,8.24
54,"n23g0021.hpc.itc.rwth-aachen.de",54,"54",4,1,0000:2c:00.0,2,"OK",4096,"latency","D2H",50,4,14.28,15.13,15.275,15.5,0.37,16.382,15.3364,0.400837,0.232859,0.24611,0.249735,0.252128,0.00601829,0.267136,0.248904,0.00645374,0.268151,8.16
54,"n23g0021.hpc.itc.rwth-aachen.de",54,"54",4,1,0000:2c:00.0,2,"OK",16777216,"bandwidth","H2D",50,4,847.16,853.913,856.738,860.206,6.29225,868.009,857.254,4.72388,18.001,18.1643,18.2378,18.2981,0.133848,18.444,18.2273,0.100379,19.5827,849.184
54,"n23g0021.hpc.itc.rwth-aachen.de",54,"54",4,1,0000:2c:00.0,2,"OK",16777216,"bandwidth","D2H",50,4,1727.67,1733.3,1736.22,1747.82,14.5133,1760.62,1739.67,9.27504,8.87471,8.93975,8.99946,9.01458,0.074834,9.04395,8.98183,0.0476624,9.6631,1728.43
54,"n23g0021.hpc.itc.rwth-aachen.de",54,"54",4,1,0000:2c:00.0,2,"OK",67108864,"bandwidth","H2D",50,4,3347,3368.64,3378.42,3387.17,18.533,3397.95,3377.83,11.7294,18.3934,18.452,18.4998,18.5535,0.101516,18.6735,18.5032,0.064305,19.864,3370.3
54,"n23g0021.hpc.itc.rwth-aachen.de",54,"54",4,1,0000:2c:00.0,2,"OK",67108864,"bandwidth","D2H",50,4,6182.84,6937.9,6945.01,6953.34,15.4368,6973.72,6916.41,144.559,8.96222,8.98848,8.99927,9.00848,0.0199994,10.1086,9.04085,0.209376,9.66289,6937.09
54,"n23g0021.hpc.itc.rwth-aachen.de",54,"54",4,1,0000:2c:00.0,2,"OK",268435456,"bandwidth","H2D",50,4,12300.6,12549.1,13205.7,13473,923.899,13749.1,13065.4,517.835,18.183,18.5557,18.9313,19.9218,1.36612,20.3243,19.1647,0.762636,20.3273,13198.7
54,"n23g0021.hpc.itc.rwth-aachen.de",54,"54",4,1,0000:2c:00.0,2,"OK",268435456,"bandwidth","D2H",50,4,20314.6,22464.4,24226.2,24990.1,2525.69,27790.3,24020,1688.69,8.99596,10.004,10.3194,11.1287,1.12475,12.3064,10.4584,0.72056,11.0804,24218.2
54,"n23g0021.hpc.itc.rwth-aachen.de",54,"54",4,2,0000:9d:00.0,4,"OK",4096,"latency","H2D",50,4,12.78,13.53,13.898,14.1765,0.6465,16.827,13.8758,0.567944,0.226701,0.269086,0.274479,0.281944,0.0128577,0.29849,0.275341,0.0103945,0.294719,7.408
54,"n23g0021.hpc.itc.rwth-aachen.de",54,"54",4,2,0000:9d:00.0,4,"OK",4096,"latency","D2H",50,4,12.539,13.2205,13.5655,13.9318,0.71125,27.447,14.0024,2.1963,0.138984,0.273813,0.281206,0.288544,0.0147307,0.304227,0.276362,0.0256743,0.301943,7.104
54,"n23g0021.hpc.itc.rwth-aachen.de",54,"54",4,2,0000:9d:00.0,4,"OK",16777216,"bandwidth","H2D",50,4,341.085,407.112,592.167,677.414,270.302,841.964,567.804,142.422,18.5578,23.0657,26.4243,39.3158,16.2501,45.8097,29.695,8.8746,28.3728,585.728
54,"n23g0021.hpc.itc.rwth-aachen.de",54,"54",4,2,0000:9d:00.0,4,"OK",16777216,"bandwidth","D2H",50,4,429.233,519.072,763.63,899.921,380.85,1062.43,739.534,198.662,14.7068,17.3629,20.4643,30.7652,13.4023,36.4021,23.0553,7.36092,21.9734,756.928
54,"n23g0021.hpc.itc.rwth-aachen.de",54,"54",4,2,0000:9d:00.0,4,"OK",67108864,"bandwidth","H2D",50,4,1499.04,1502.08,1503.8,1508.14,6.06325,1594.19,1515.11,29.1123,39.2049,41.4417,41.5614,41.609,0.167279,41.6935,41.2657,0.760915,44.6262,1497.5
54,"n23g0021.hpc.itc.rwth-aachen.de",54,"54",4,2,0000:9d:00.0,4,"OK",67108864,"bandwidth","D2H",50,4,1877.61,1882.1,1888.96,1891.89,9.79625,2005.3,1892.75,21.6059,31.1675,33.0357,33.0869,33.2077,0.171952,33.2869,33.0248,0.36197,35.5268,1882.74
54,"n23g0021.hpc.itc.rwth-aachen.de",54,"54",4,2,0000:9d:00.0,4,"OK",268435456,"bandwidth","H2D",50,4,5955.12,5962.83,5966.3,5970.61,7.779,5985.72,5967.36,6.05848,41.7661,41.8718,41.902,41.9264,0.0546254,41.9807,41.8946,0.0425139,44.9919,5959.79
54,"n23g0021.hpc.itc.rwth-aachen.de",54,"54",4,2,0000:9d:00.0,4,"OK",268435456,"bandwidth","D2H",50,4,7519.33,7530.33,7534.62,7537.79,7.46075,7550.1,7534.5,6.15129,33.1121,33.1662,33.1802,33.1991,0.0328598,33.2476,33.1807,0.0270859,35.6269,7528.08
54,"n23g0021.hpc.itc.rwth-aachen.de",54,"54",4,3,0000:ad:00.0,6,"OK",4096,"latency","H2D",50,4,13.177,13.8367,14.223,14.4812,0.6445,16.944,14.1843,0.57599,0.225136,0.263423,0.268206,0.275694,0.0122704,0.289497,0.269354,0.0102913,0.287984,7.552
54,"n23g0021.hpc.itc.rwth-aachen.de",54,"54",4,3,0000:ad:00.0,6,"OK",4096,"latency","D2H",50,4,12.929,13.4713,13.883,14.194,0.72275,21.462,13.9737,1.16008,0.177742,0.268755,0.274775,0.283174,0.0144191,0.29505,0.274338,0.016496,0.295037,7.344
54,"n23g0021.hpc.itc.rwth-aachen.de",54,"54",4,3,0000:ad:00.0,6,"OK",16777216,"bandwidth","H2D",50,4,997.837,1002.21,1109.16,1243.53,241.313,20311.3,2040.11,3753.83,0.769277,12.5651,14.0872,15.5905,3.02544,15.6589,13.3648,3.3294,15.126,1101.12
54,"n23g0021.hpc.itc.rwth-aachen.de",54,"54",4,3,0000:ad:00.0,6,"OK",16777216,"bandwidth","D2H",50,4,1367.49,1384.13,1528.77,1697.8,313.666,16072.6,2476.02,3346.03,0.972152,9.2049,10.2206,11.2887,2.08377,11.426,9.61177,2.59549,10.9743,1518.62
54,"n23g0021.hpc.itc.rwth-aachen.de",54,"54",4,3,0000:ad:00.0,6,"OK",67108864,"bandwidth","H2D",50,4,2130.07,2244.36,2246.68,2249.07,4.71075,2874.09,2306.54,164.83,21.746,27.7893,27.8189,27.8476,0.0583279,29.3418,27.2174,1.691,29.8703,2240.13
54,"n23g0021.hpc.itc.rwth-aachen.de",54,"54",4,3,0000:ad:00.0,6,"OK",67108864,"bandwidth","D2H",50,4,2875.05,3037.96,3040.92,3046.16,8.20375,3914.85,3122.03,236.945,15.9648,20.5176,20.553,20.573,0.0554034,21.7388,20.1194,1.32612,22.0686,3034.53
54,"n23g0021.hpc.itc.rwth-aachen.de",54,"54",4,3,0000:ad:00.0,6,"OK",268435456,"bandwidth","H2D",50,4,8944.13,8956.77,8960.79,8968.79,12.0242,8980.01,8962.29,8.20142,27.8396,27.8744,27.8993,27.9119,0.0374208,27.9513,27.8947,0.0255229,29.9567,8953.95
54,"n23g0021.hpc.itc.rwth-aachen.de",54,"54",4,3,0000:ad:00.0,6,"OK",268435456,"bandwidth","D2H",50,4,12100.3,12111,12116.1,12123.9,12.8767,12139.8,12117,9.27381,20.5935,20.6205,20.6338,20.6424,0.0219243,20.6606,20.6322,0.0157866,22.1553,12109.4
55,"n23g0021.hpc.itc.rwth-aachen.de",55,"55",4,0,0000:1b:00.0,0,"OK",4096,"latency","H2D",50,4,14.766,15.2975,15.5275,15.7675,0.47,18.268,15.5959,0.568544,0.208819,0.241936,0.245674,0.249367,0.00743098,0.258343,0.244898,0.00829005,0.26379,8.352
55,"n23g0021.hpc.itc.rwth-aachen.de",55,"55",4,0,0000:1b:00.0,0,"OK",4096,"latency","D2H",50,4,14.019,14.8245,14.999,15.214,0.3895,22.024,15.1829,1.04832,0.173206,0.250736,0.25433,0.257324,0.00658814,0.272109,0.252132,0.0129233,0.273085,7.888
55,"n23g0021.hpc.itc.rwth-aachen.de",55,"55",4,0,0000:1b:00.0,0,"OK",16777216,"bandwidth","H2D",50,4,834.204,842.187,844.303,847.823,5.63625,854.17,844.608,4.08658,18.2926,18.4295,18.5064,18.5529,0.123338,18.7304,18.5001,0.0895974,19.8711,836.544
55,"n23g0021.hpc.itc.rwth-aachen.de",55,"55",4,0,0000:1b:00.0,0,"OK",16777216,"bandwidth","D2H",50,4,1722.31,1730.71,1735.82,1743.37,12.6665,1756.04,1737.13,8.65619,8.89786,8.96251,9.00151,9.02811,0.0655936,9.0721,8.99497,0.0447552,9.66529,1727.65
55,"n23g0021.hpc.itc.rwth-aachen.de",55,"55",4,0,0000:1b:00.0,0,"OK",67108864,"bandwidth","H2D",50,4,3305.68,3335.42,3343.09,3349.6,14.1795,3367.21,3342.02,11.8438,18.5613,18.659,18.6953,18.7383,0.0793228,18.9069,18.7015,0.0664367,20.0739,3334.88
55,"n23g0021.hpc.itc.rwth-aachen.de",55,"55",4,0,0000:1b:00.0,0,"OK",67108864,"bandwidth","D2H",50,4,6185.19,6945.1,6949.8,6955.85,10.748,6982.47,6920.39,148.229,8.95099,8.98524,8.99306,8.99914,0.0139052,10.1048,9.03589,0.215033,9.65623,6942.1
55,"n23g0021.hpc.itc.rwth-aachen.de",55,"55",4,0,0000:1b:00.0,0,"OK",268435456,"bandwidth","H2D",50,4,10549,12340,12596.5,13376.2,1036.24,13511.3,12675.4,731.863,18.5031,18.6904,19.8468,20.2594,1.56904,23.6988,19.7931,1.21407,21.3103,12588.4
55,"n23g0021.hpc.itc.rwth-aachen.de",55,"55",4,0,0000:1b:00.0,0,"OK",268435456,"bandwidth","D2H",50,4,16970.3,22078.1,23511.5,25348.6,3270.52,27754.9,23514.6,2859.3,9.00743,9.86247,10.6371,11.3238,1.46128,14.7316,10.802,1.41588,11.4215,23503.9
55,"n23g0021.hpc.itc.rwth-aachen.de",55,"55",4,1,0000:2c:00.0,2,"OK",4096,"latency","H2D",50,4,13.686,15.2093,15.3985,15.6585,0.44925,24.279,15.708,1.70732,0.157119,0.243619,0.247732,0.250814,0.00719518,0.27873,0.244905,0.0191102,0.266,8.288
55,"n23g0021.hpc.itc.rwth-aachen.de",55,"55",4,1,0000:2c:00.0,2,"OK",4096,"latency","D2H",50,4,14.466,15.0325,15.371,15.6487,0.61625,16.333,15.3791,0.427766,0.233558,0.24377,0.248175,0.253764,0.00999358,0.263701,0.248236,0.00689116,0.266476,8.08
55,"n23g0021.hpc.itc.rwth-aachen.de",55,"55",4,1,0000:2c:00.0,2,"OK",16777216,"bandwidth","H2D",50,4,839.141,845.139,847.524,850.287,5.148,857.706,847.789,4.45426,18.2172,18.3761,18.436,18.4881,0.111935,18.6202,18.4308,0.0966666,19.7956,839.856
55,"n23g0021.hpc.itc.rwth-aachen.de",55,"55",4,1,0000:2c:00.0,2,"OK",16777216,"bandwidth","D2H",50,4,1720.15,1728.52,1732.3,1741.32,12.802,1760.35,1735.39,9.96972,8.87608,8.9731,9.01978,9.03955,0.0664552,9.0835,9.00404,0.0514716,9.68491,1724.56
55,"n23g0021.hpc.itc.rwth-aachen.de",55,"55",4,1,0000:2c:00.0,2,"OK",67108864,"bandwidth","H2D",50,4,3322.74,3383.13,3390.71,3396.57,13.439,3418.42,3389.84,13.6343,18.2833,18.4009,18.4327,18.474,0.0730961,18.8098,18.4378,0.0748017,19.792,3382.69
55,"n23g0021.hpc.itc.rwth-aachen.de",55,"55",4,1,0000:2c:00.0,2,"OK",67108864,"bandwidth","D2H",50,4,6186.08,6940.3,6946.05,6952.63,12.328,6972.77,6918.69,142.439,8.96344,8.98941,8.99793,9.00538,0.0159678,10.1033,9.03774,0.205925,9.66145,6938.14
55,"n23g0021.hpc.itc.rwth-aachen.de",55,"55",4,1,0000:2c:00.0,2,"OK",268435456,"bandwidth","H2D",50,4,12360.9,12597.7,13307.3,13664.3,1066.59,13716.8,13112.7,523.747,18.2258,18.2959,18.7881,19.8449,1.54903,20.2251,19.096,0.765063,20.1735,13300.3
55,"n23g0021.hpc.itc.rwth-aachen.de",55,"55",4,1,0000:2c:00.0,2,"OK",268435456,"bandwidth","D2H",50,4,22049,24661.8,24941.8,26538.9,1877.14,27785.6,25195.3,1695.66,8.99746,9.42013,10.0233,10.1371,0.717001,11.3384,9.96814,0.68045,10.7625,24934.1
55,"n23g0021.hpc.itc.rwth-aachen.de",55,"55",4,2,0000:9d:00.0,4,"OK",4096,"latency","H2D",50,4,13.02,13.6372,13.932,14.2122,0.575,23.498,14.2981,1.9329,0.162341,0.268409,0.273808,0.279726,0.0113172,0.292988,0.269994,0.023902,0.293999,7.344
55,"n23g0021.hpc.itc.rwth-aachen.de",55,"55",4,2,0000:9d:00.0,4,"OK",4096,"latency","D2H",50,4,12.28,13.1502,13.3925,13.713,0.56275,14.671,13.4668,0.52913,0.260016,0.278183,0.284838,0.290086,0.0119021,0.310643,0.283701,0.0110675,0.305843,6.96
55,"n23g0021.hpc.itc.rwth-aachen.de",55,"55",4,2,0000:9d:00.0,4,"OK",16777216,"bandwidth","H2D",50,4,362.23,526.945,592.458,678.413,151.468,840.076,599.191,112.328,18.5995,23.0317,26.4128,29.6521,6.62035,43.1356,27.1791,6.10457,28.3605,585.904
55,"n23g0021.hpc.itc.rwth-aachen.de",55,"55",4,2,0000:9d:00.0,4,"OK",16777216,"bandwidth","D2H",50,4,451.561,675.35,780.186,896.61,221.26,1121.4,779.476,162.644,13.9335,17.4269,20.0278,23.1362,5.70924,34.6022,21.0951,5.26111,21.5047,773.616
55,"n23g0021.hpc.itc.rwth-aachen.de",55,"55",4,2,0000:9d:00.0,4,"OK",67108864,"bandwidth","H2D",50,4,1497.95,1502.31,1504.05,1505.64,3.326,1596.67,1508.97,20.0222,39.144,41.5107,41.5545,41.6026,0.0919019,41.7237,41.4259,0.524192,44.6188,1497.73
55,"n23g0021.hpc.itc.rwth-aachen.de",55,"55",4,2,0000:9d:00.0,4,"OK",67108864,"bandwidth","D2H",50,4,1877.79,1882.74,1887.56,1889.61,6.87725,1969.53,1888.76,12.7491,31.7334,33.0755,33.1116,33.1963,0.120818,33.2838,33.092,0.215987,35.5533,1881.01
55,"n23g0021.hpc.itc.rwth-aachen.de",55,"55",4,2,0000:9d:00.0,4,"OK",268435456,"bandwidth","H2D",50,4,5952.2,5958.95,5961.88,5966.08,7.13375,5973.75,5962.38,5.24538,41.8498,41.9036,41.9331,41.9537,0.0501649,42.0013,41.9296,0.036879,45.0253,5955.23
55,"n23g0021.hpc.itc.rwth-aachen.de",55,"55",4,2,0000:9d:00.0,4,"OK",268435456,"bandwidth","D2H",50,4,7524.34,7530.74,7535.35,7542.13,11.3917,7550.07,7536.28,6.99788,33.1123,33.1471,33.177,33.1973,0.0501416,33.2255,33.1729,0.0307945,35.6235,7528.61
55,"n23g0021.hpc.itc.rwth-aachen.de",55,"55",4,3,0000:ad:00.0,6,"OK",4096,"latency","H2D",50,4,12.925,13.6932,14.1465,14.3283,0.635,28.495,14.3309,2.11308,0.133873,0.266236,0.269657,0.278583,0.0123464,0.295141,0.269382,0.0222229,0.289542,7.36
55,"n23g0021.hpc.itc.rwth-aachen.de",55,"55",4,3,0000:ad:00.0,6,"OK",4096,"latency","D2H",50,4,13.102,13.4097,13.6775,14.1175,0.70775,21.255,13.9088,1.13961,0.179473,0.270211,0.278903,0.284472,0.0142617,0.291154,0.275582,0.0163165,0.29947,7.12
55,"n23g0021.hpc.itc.rwth-aachen.de",55,"55",4,3,0000:ad:00.0,6,"OK",16777216,"bandwidth","H2D",50,4,726.437,834.149,838.789,995.942,161.794,1245.64,893.339,120.033,12.5438,15.6887,18.628,18.7317,3.04301,21.5091,17.7871,2.2321,20.0017,832
55,"n23g0021.hpc.itc.rwth-aachen.de",55,"55",4,3,0000:ad:00.0,6,"OK",16777216,"bandwidth","D2H",50,4,981.803,1142.07,1156.03,1372.68,230.614,1684.12,1223.84,167.299,9.27786,11.3828,13.516,13.6813,2.29846,15.9146,12.9936,1.67484,14.5127,1149.15
55,"n23g0021.hpc.itc.rwth-aachen.de",55,"55",4,3,0000:ad:00.0,6,"OK",67108864,"bandwidth","H2D",50,4,2135.89,2247.47,2249.33,2251.64,4.168,2527.23,2268.55,71.8484,24.7306,27.7575,27.7861,27.809,0.0514769,29.2618,27.5761,0.805188,29.835,2242.8
55,"n23g0021.hpc.itc.rwth-aachen.de",55,"55",4,3,0000:ad:00.0,6,"OK",67108864,"bandwidth","D2H",50,4,2961.6,3037.78,3040.42,3045.16,7.375,3425.91,3067.77,88.0777,18.2433,20.5244,20.5563,20.5742,0.0498283,21.1035,20.3886,0.539636,22.0722,3033.84
55,"n23g0021.hpc.itc.rwth-aachen.de",55,"55",4,3,0000:ad:00.0,6,"OK",268435456,"bandwidth","H2D",50,4,8945.29,8953.25,8956.79,8961.45,8.19975,8973.08,8957.28,5.85762,27.8611,27.8973,27.9118,27.9228,0.0255494,27.9477,27.9103,0.0182489,29.9701,8950.11
55,"n23g0021.hpc.itc.rwth-aachen.de",55,"55",4,3,0000:ad:00.0,6,"OK",268435456,"bandwidth","D2H",50,4,12096.8,12110,12117.4,12124.4,14.3265,12134.1,12116.8,8.65888,20.6031,20.6196,20.6316,20.644,0.0243936,20.6666,20.6326,0.0147467,22.153,12110.8
56,"n23g0021.hpc.itc.rwth-aachen.de",56,"56",4,0,0000:1b:00.0,0,"OK",4096,"latency","H2D",50,4,14.839,15.417,15.6045,15.979,0.562,17.951,15.7521,0.560573,0.212506,0.238732,0.244461,0.247435,0.00870252,0.257072,0.242458,0.00809543,0.262488,8.352
56,"n23g0021.hpc.itc.rwth-aachen.de",56,"56",4,0,0000:1b:00.0,0,"OK",4096,"latency","D2H",50,4,13.875,14.8513,15.0795,15.301,0.44975,9116.74,197.165,1274.22,0.000418428,0.249311,0.252972,0.25686,0.00754964,0.274933,0.247517,0.0367797,0.271627,8.096
56,"n23g0021.hpc.itc.rwth-aachen.de",56,"56",4,0,0000:1b:00.0,0,"OK",16777216,"bandwidth","H2D",50,4,831.95,841.543,844.059,849.395,7.85275,859.731,845.453,5.80799,18.1743,18.3954,18.5117,18.5671,0.171651,18.7812,18.4821,0.126629,19.8768,836.384
56,"n23g0021.hpc.itc.rwth-aachen.de",56,"56",4,0,0000:1b:00.0,0,"OK",16777216,"bandwidth","D2H",50,4,1720.77,1728.41,1734.78,1740,11.5822,1754.92,1735.08,8.80538,8.90355,8.97991,9.00691,9.04008,0.0601752,9.08026,9.00559,0.0456109,9.67109,1726.78
56,"n23g0021.hpc.itc.rwth-aachen.de",56,"56",4,0,0000:1b:00.0,0,"OK",67108864,"bandwidth","H2D",50,4,3273.61,3291.16,3298.36,3305.24,14.0765,3314.84,3297.81,10.0668,18.8546,18.9094,18.9488,18.9903,0.0808772,19.0921,18.9521,0.0579156,20.3461,3290.3
56,"n23g0021.hpc.itc.rwth-aachen.de",56,"56",4,0,0000:1b:00.0,0,"OK",67108864,"bandwidth","D2H",50,4,6163.64,6178.5,6182.84,6193.37,14.8697,6209.32,6184.84,10.9992,10.0655,10.0914,10.1086,10.1157,0.024287,10.1401,10.1054,0.0179621,10.8541,6174.99
56,"n23g0021.hpc.itc.rwth-aachen.de",56,"56",4,0,0000:1b:00.0,0,"OK",268435456,"bandwidth","H2D",50,4,10385.6,12209.9,12679.7,13190.6,980.744,13508.2,12627.3,713.87,18.5073,18.9529,19.7165,20.4753,1.52247,24.0719,19.8662,1.20266,21.1705,12672.1
56,"n23g0021.hpc.itc.rwth-aachen.de",56,"56",4,0,0000:1b:00.0,0,"OK",268435456,"bandwidth","D2H",50,4,16968.7,20516.8,22258.9,25147,4630.29,27778.5,22867.6,2929.33,8.99978,9.94168,11.2315,12.1871,2.2454,14.733,11.1193,1.47505,12.0597,22251
56,"n23g0021.hpc.itc.rwth-aachen.de",56,"56",4,1,0000:2c:00.0,2,"OK",4096,"latency","H2D",50,4,14.752,15.3257,15.5395,15.7402,0.4145,20.278,15.6545,0.851801,0.18812,0.242354,0.245484,0.248908,0.00655428,0.258588,0.244279,0.0110636,0.263587,8.384
56,"n23g0021.hpc.itc.rwth-aachen.de",56,"56",4,1,0000:2c:00.0,2,"OK",4096,"latency","D2H",50,4,13.874,14.9108,15.172,15.4305,0.51975,16.373,15.1743,0.486236,0.232987,0.247218,0.25143,0.255835,0.00861725,0.274953,0.251653,0.00815757,0.269971,8.08
56,"n23g0021.hpc.itc.rwth-aachen.de",56,"56",4,1,0000:2c:00.0,2,"OK",16777216,"bandwidth","H2D",50,4,848.643,854.783,858.226,860.93,6.1465,874.7,858.263,4.95539,17.8633,18.149,18.2062,18.2795,0.130506,18.4117,18.206,0.104784,19.5487,849.936
56,"n23g0021.hpc.itc.rwth-aachen.de",56,"56",4,1,0000:2c:00.0,2,"OK",16777216,"bandwidth","D2H",50,4,1725.28,1730.31,1733.99,1742.52,12.2088,1765.34,1736.81,9.00357,8.85097,8.96689,9.01103,9.03016,0.0632686,9.0565,8.99663,0.046394,9.67552,1726.03
56,"n23g0021.hpc.itc.rwth-aachen.de",56,"56",4,1,0000:2c:00.0,2,"OK",67108864,"bandwidth","H2D",50,4,3325.77,3379.98,3388.03,3400,20.014,4062.84,3411.74,115.286,15.3833,18.3824,18.4473,18.4912,0.108848,18.7926,18.3371,0.534493,19.8076,3380.03
56,"n23g0021.hpc.itc.rwth-aachen.de",56,"56",4,1,0000:2c:00.0,2,"OK",67108864,"bandwidth","D2H",50,4,6179.98,6945.85,6951.07,6960.13,14.2812,7367.3,6932.29,161.787,8.48344,8.97972,8.99142,8.99818,0.0184631,10.1133,9.02113,0.229798,9.65446,6943.39
56,"n23g0021.hpc.itc.rwth-aachen.de",56,"56",4,1,0000:2c:00.0,2,"OK",268435456,"bandwidth","H2D",50,4,12185,12626.9,13217.3,13741.2,1114.27,13796.1,13149,558.907,18.121,18.1935,18.9147,19.799,1.6055,20.517,19.0473,0.81298,20.3095,13209.4
56,"n23g0021.hpc.itc.rwth-aachen.de",56,"56",4,1,0000:2c:00.0,2,"OK",268435456,"bandwidth","D2H",50,4,20205.5,24726.3,25261,27665.4,2939.11,27846.5,25342,2100.97,8.9778,9.03659,9.8969,10.1107,1.07413,12.3729,9.93755,0.878911,10.6267,25253.2
56,"n23g0021.hpc.itc.rwth-aachen.de",56,"56",4,2,0000:9d:00.0,4,"OK",4096,"latency","H2D",50,4,13.018,13.3478,13.7285,13.9627,0.615,20.187,13.811,1.02177,0.188968,0.273205,0.277867,0.285793,0.012588,0.293033,0.27734,0.015501,0.298358,7.28
56,"n23g0021.hpc.itc.rwth-aachen.de",56,"56",4,2,0000:9d:00.0,4,"OK",4096,"latency","D2H",50,4,12.506,13.0267,13.2915,13.6067,0.58,20.367,13.6146,1.34594,0.187298,0.280353,0.287003,0.292836,0.0124827,0.305029,0.282254,0.0210733,0.308167,6.976
56,"n23g0021.hpc.itc.rwth-aachen.de",56,"56",4,2,0000:9d:00.0,4,"OK",16777216,"bandwidth","H2D",50,4,340.51,361.111,600.533,677.131,316.02,842.137,537.042,167.25,18.554,23.0753,26.0347,43.2693,20.194,45.8871,32.3515,10.5877,27.9546,593.264
56,"n23g0021.hpc.itc.rwth-aachen.de",56,"56",4,2,0000:9d:00.0,4,"OK",16777216,"bandwidth","D2H",50,4,429.955,451.027,788.73,902.514,451.487,1165.36,695.752,233.326,13.4079,17.3136,19.8106,34.6432,17.3296,36.341,25.3388,8.73833,21.2715,782.016
56,"n23g0021.hpc.itc.rwth-aachen.de",56,"56",4,2,0000:9d:00.0,4,"OK",67108864,"bandwidth","H2D",50,4,1337.66,1495.89,1499.3,1501.72,5.83025,5269.81,1640.42,583.216,11.86,41.6189,41.6862,41.7811,0.16221,46.7234,40.1375,6.21135,44.7603,1492.85
56,"n23g0021.hpc.itc.rwth-aachen.de",56,"56",4,2,0000:9d:00.0,4,"OK",67108864,"bandwidth","D2H",50,4,1705.97,1878.79,1885,1888.95,10.1535,3374.02,2011.7,423.09,18.5239,33.0872,33.1564,33.266,0.178812,36.636,31.9909,4.40837,35.6015,1877.62
56,"n23g0021.hpc.itc.rwth-aachen.de",56,"56",4,2,0000:9d:00.0,4,"OK",268435456,"bandwidth","H2D",50,4,5963.19,5969.15,5971.79,5977.62,8.46175,11003.2,6182.68,883.253,22.7206,41.8227,41.8635,41.882,0.0592869,41.9238,40.9557,3.66471,44.9506,5964.94
56,"n23g0021.hpc.itc.rwth-aachen.de",56,"56",4,2,0000:9d:00.0,4,"OK",268435456,"bandwidth","D2H",50,4,7521.55,7534.42,7539.63,7544.77,10.3483,13336,7788.28,1012.91,18.7462,33.1356,33.1581,33.1811,0.0455105,33.2378,32.4502,2.71516,35.6033,7532.05
56,"n23g0021.hpc.itc.rwth-aachen.de",56,"56",4,3,0000:ad:00.0,6,"OK",4096,"latency","H2D",50,4,13.012,13.5398,13.8465,14.1877,0.648,17.278,13.9199,0.623703,0.220783,0.268873,0.275499,0.281741,0.012868,0.293168,0.274539,0.0110393,0.295815,7.344
56,"n23g0021.hpc.itc.rwth-aachen.de",56,"56",4,3,0000:ad:00.0,6,"OK",4096,"latency","D2H",50,4,12.956,13.3217,13.695,13.9205,0.59875,18.951,13.7767,0.841665,0.201293,0.274035,0.278548,0.286351,0.0123165,0.294435,0.277718,0.0136209,0.299089,7.088
56,"n23g0021.hpc.itc.rwth-aachen.de",56,"56",4,3,0000:ad:00.0,6,"OK",16777216,"bandwidth","H2D",50,4,727.987,836.173,909.93,998.316,162.143,1108.9,921.689,110.821,14.0905,15.6514,17.1716,18.6863,3.03498,21.4633,17.2069,2.12989,18.4379,903.168
56,"n23g0021.hpc.itc.rwth-aachen.de",56,"56",4,3,0000:ad:00.0,6,"OK",16777216,"bandwidth","D2H",50,4,983.699,1146.96,1266.82,1379.97,233.009,1552.24,1269.77,161.163,10.0661,11.3227,12.334,13.623,2.30023,15.8839,12.5135,1.6529,13.2435,1260
56,"n23g0021.hpc.itc.rwth-aachen.de",56,"56",4,3,0000:ad:00.0,6,"OK",67108864,"bandwidth","H2D",50,4,2225.61,2246.61,2248.55,2250.85,4.23925,2522.43,2261.51,48.6946,24.7777,27.7673,27.7956,27.8197,0.0523958,28.0822,27.6482,0.550473,29.8453,2241.95
56,"n23g0021.hpc.itc.rwth-aachen.de",56,"56",4,3,0000:ad:00.0,6,"OK",67108864,"bandwidth","D2H",50,4,2998.18,3036.49,3041.47,3045,8.51625,3424.43,3062.23,82.5293,18.2512,20.5254,20.5493,20.583,0.0575665,20.846,20.4235,0.50181,22.0646,3035.02
56,"n23g0021.hpc.itc.rwth-aachen.de",56,"56",4,3,0000:ad:00.0,6,"OK",268435456,"bandwidth","H2D",50,4,8942.25,8955.83,8959.48,8964.41,8.58925,8978.6,8959.99,7.01156,27.844,27.888,27.9034,27.9148,0.0267465,27.9572,27.9018,0.0218322,29.961,8953.3
56,"n23g0021.hpc.itc.rwth-aachen.de",56,"56",4,3,0000:ad:00.0,6,"OK",268435456,"bandwidth","D2H",50,4,12093.7,12109.8,12116.2,12123,13.1988,12139.3,12117.1,8.60544,20.5943,20.622,20.6336,20.6445,0.0224764,20.6719,20.632,0.0146529,22.1551,12109.6
57,"n23g0021.hpc.itc.rwth-aachen.de",57,"57",4,0,0000:1b:00.0,0,"OK",4096,"latency","H2D",50,4,14.686,15.2677,15.428,15.7893,0.5215,25.28,15.72,1.43854,0.150898,0.241601,0.247258,0.249853,0.00825243,0.259751,0.244022,0.0150338,0.265492,8.4
57,"n23g0021.hpc.itc.rwth-aachen.de",57,"57",4,0,0000:1b:00.0,0,"OK",4096,"latency","D2H",50,4,14.335,15.0213,15.297,15.4812,0.46,16.273,15.2849,0.411768,0.234419,0.246408,0.249376,0.253953,0.0075458,0.266111,0.249753,0.00668514,0.267765,8.064
57,"n23g0021.hpc.itc.rwth-aachen.de",57,"57",4,0,0000:1b:00.0,0,"OK",16777216,"bandwidth","H2D",50,4,834.221,840.204,842.282,847.314,7.11075,860.125,843.882,5.44026,18.166,18.4406,18.5508,18.5967,0.156064,18.73,18.5164,0.118956,19.9188,834.848
57,"n23g0021.hpc.itc.rwth-aachen.de",57,"57",4,0,0000:1b:00.0,0,"OK",16777216,"bandwidth","D2H",50,4,1720.47,1732.14,1735.19,1740.06,7.919,1762.71,1737.3,9.52873,8.86418,8.9796,9.00477,9.02065,0.0410529,9.0818,8.99408,0.0490749,9.6688,1727.14
57,"n23g0021.hpc.itc.rwth-aachen.de",57,"57",4,0,0000:1b:00.0,0,"OK",67108864,"bandwidth","H2D",50,4,3282.53,3327.2,3334.81,3339.7,12.4975,3352.91,3333.19,12.1555,18.6405,18.7142,18.7417,18.7845,0.0702936,19.0402,18.7511,0.0687542,20.1238,3326.96
57,"n23g0021.hpc.itc.rwth-aachen.de",57,"57",4,0,0000:1b:00.0,0,"OK",67108864,"bandwidth","D2H",50,4,6176.37,6932.07,6941.99,6950.72,18.6435,6975.09,6916.1,134.945,8.96045,8.99188,9.00318,9.01606,0.0241832,10.1192,9.04068,0.194563,9.66709,6933.58
57,"n23g0021.hpc.itc.rwth-aachen.de",57,"57",4,0,0000:1b:00.0,0,"OK",268435456,"bandwidth","H2D",50,4,10989.7,11612.9,12031.6,13013.5,1400.61,13207,12220.7,720.522,18.9294,19.2108,20.7786,21.5278,2.31699,22.7486,20.5285,1.21351,22.3109,12023.8
57,"n23g0021.hpc.itc.rwth-aachen.de",57,"57",4,0,0000:1b:00.0,0,"OK",268435456,"bandwidth","D2H",50,4,18119.4,18815.6,20070.9,20212.4,1396.83,22613.5,19814.6,1113.83,11.0553,12.3686,12.4558,13.2869,0.918261,13.7974,12.6566,0.706146,13.3743,20063.3
57,"n23g0021.hpc.itc.rwth-aachen.de",57,"57",4,1,0000:2c:00.0,2,"OK",4096,"latency","H2D",50,4,14.628,15.5315,15.9295,16.312,0.7805,18.789,15.996,0.616396,0.203028,0.233858,0.239475,0.245611,0.0117522,0.260781,0.238812,0.00870425,0.257134,8.48
57,"n23g0021.hpc.itc.rwth-aachen.de",57,"57",4,1,0000:2c:00.0,2,"OK",4096,"latency","D2H",50,4,14.527,15.205,15.406,15.611,0.406,20.644,15.5174,0.839196,0.184785,0.24436,0.247611,0.250885,0.0065244,0.262594,0.246419,0.0109272,0.26587,8.208
57,"n23g0021.hpc.itc.rwth-aachen.de",57,"57",4,1,0000:2c:00.0,2,"OK",16777216,"bandwidth","H2D",50,4,849.389,861.357,863.657,868.799,7.442,873.918,864.195,5.30452,17.8793,17.9846,18.0917,18.14,0.155384,18.3956,18.0811,0.111318,19.4258,855.776
57,"n23g0021.hpc.itc.rwth-aachen.de",57,"57",4,1,0000:2c:00.0,2,"OK",16777216,"bandwidth","D2H",50,4,1723.07,1731.04,1733.82,1741.48,10.4455,1758.16,1737.19,9.0922,8.88712,8.97225,9.01191,9.02639,0.0541403,9.06814,8.99467,0.0468689,9.67647,1725.66
57,"n23g0021.hpc.itc.rwth-aachen.de",57,"57",4,1,0000:2c:00.0,2,"OK",67108864,"bandwidth","H2D",50,4,3342.93,3385.76,3391.2,3395,9.24525,3419.58,3389.69,11.3388,18.2771,18.4094,18.43,18.4597,0.0502693,18.6962,18.4385,0.0618912,19.7891,3382.78
57,"n23g0021.hpc.itc.rwth-aachen.de",57,"57",4,1,0000:2c:00.0,2,"OK",67108864,"bandwidth","D2H",50,4,6188.72,6939.03,6946.81,6954.82,15.7802,6977.73,6918.92,141.868,8.95707,8.98658,8.99694,9.00702,0.0204366,10.099,9.0374,0.204987,9.66039,6938.7
57,"n23g0021.hpc.itc.rwth-aachen.de",57,"57",4,1,0000:2c:00.0,2,"OK",268435456,"bandwidth","H2D",50,4,10745.5,12122.1,12592.1,13208.1,1085.91,13716.9,12633.6,698.627,18.2257,18.9279,19.8537,20.6234,1.69559,23.2656,19.8506,1.12604,21.3177,12584.3
57,"n23g0021.hpc.itc.rwth-aachen.de",57,"57",4,1,0000:2c:00.0,2,"OK",268435456,"bandwidth","D2H",50,4,18194.9,19892.6,20783.9,22452.1,2559.57,27798.7,21552.5,2571.85,8.99324,11.1348,12.0306,12.5675,1.43271,13.7401,11.7548,1.31239,12.9178,20776.3
57,"n23g0021.hpc.itc.rwth-aachen.de",57,"57",4,2,0000:9d:00.0,4,"OK",4096,"latency","H2D",50,4,12.919,13.4247,13.797,14.0418,0.617,41.847,14.3398,3.97173,0.0911582,0.271668,0.276488,0.284156,0.0124872,0.295278,0.273593,0.0281761,0.296876,7.44
57,"n23g0021.hpc.itc.rwth-aachen.de",57,"57",4,2,0000:9d:00.0,4,"OK",4096,"latency","D2H",50,4,12.11,12.9805,13.3515,13.5013,0.52075,14.454,13.2831,0.462526,0.26392,0.282544,0.285713,0.29388,0.0113361,0.315004,0.287532,0.0100216,0.306782,7.04
57,"n23g0021.hpc.itc.rwth-aachen.de",57,"57",4,2,0000:9d:00.0,4,"OK",16777216,"bandwidth","H2D",50,4,340.461,363.265,615.341,676.563,313.298,842.506,566.019,154.356,18.5459,23.0947,25.3924,43.0128,19.9181,45.8937,30.1853,9.65307,27.2649,608.848
57,"n23g0021.hpc.itc.rwth-aachen.de",57,"57",4,2,0000:9d:00.0,4,"OK",16777216,"bandwidth","D2H",50,4,429.152,453.303,790.33,912.672,459.369,1135.06,745.309,222.491,13.7658,17.1201,19.7704,34.4693,17.3492,36.409,23.3301,8.12723,21.2283,784.144
57,"n23g0021.hpc.itc.rwth-aachen.de",57,"57",4,2,0000:9d:00.0,4,"OK",67108864,"bandwidth","H2D",50,4,1494.12,1498.05,1500.48,1502.45,4.39525,1509,1500.41,3.19747,41.4182,41.5988,41.6534,41.7209,0.12205,41.8308,41.6553,0.0887501,44.725,1494.21
57,"n23g0021.hpc.itc.rwth-aachen.de",57,"57",4,2,0000:9d:00.0,4,"OK",67108864,"bandwidth","D2H",50,4,1878.33,1882.99,1886.88,1889.85,6.86425,1894.22,1886.45,4.45848,32.9951,33.0713,33.1234,33.1919,0.120558,33.2742,33.1312,0.0783205,35.566,1880.03
57,"n23g0021.hpc.itc.rwth-aachen.de",57,"57",4,2,0000:9d:00.0,4,"OK",268435456,"bandwidth","H2D",50,4,5952.71,5960.73,5964.9,5970.46,9.72375,6078.05,5967.51,17.0137,41.1316,41.8728,41.9119,41.9411,0.0683069,41.9977,41.8939,0.117626,45.0025,5958.29
57,"n23g0021.hpc.itc.rwth-aachen.de",57,"57",4,2,0000:9d:00.0,4,"OK",268435456,"bandwidth","D2H",50,4,7520.11,7528.75,7532.56,7536.04,7.2875,7546.65,7532.56,5.65675,33.1273,33.1739,33.1892,33.206,0.0321109,33.2442,33.1893,0.0249241,35.6367,7526.05
57,"n23g0021.hpc.itc.rwth-aachen.de",57,"57",4,3,0000:ad:00.0,6,"OK",4096,"latency","H2D",50,4,13.108,13.6645,14.0215,14.2652,0.60075,17.437,14.0639,0.737053,0.21877,0.267412,0.272062,0.279169,0.0117567,0.291021,0.271896,0.0125858,0.292124,7.552
57,"n23g0021.hpc.itc.rwth-aachen.de",57,"57",4,3,0000:ad:00.0,6,"OK",4096,"latency","D2H",50,4,12.497,13.3453,13.667,13.886,0.54075,18.167,13.731,0.759364,0.209979,0.274715,0.279117,0.285847,0.0111315,0.305249,0.27853,0.013048,0.2997,7.152
57,"n23g0021.hpc.itc.rwth-aachen.de",57,"57",4,3,0000:ad:00.0,6,"OK",16777216,"bandwidth","H2D",50,4,723.577,779.024,878.27,997.664,218.641,1207.66,896.552,135.804,12.9382,15.6616,17.8104,20.0572,4.39558,21.5941,17.8169,2.59053,19.1237,871.088
57,"n23g0021.hpc.itc.rwth-aachen.de",57,"57",4,3,0000:ad:00.0,6,"OK",16777216,"bandwidth","D2H",50,4,981.02,1062.9,1174.56,1379.84,316.938,1544.8,1224.86,187.466,10.1146,11.3238,13.306,14.7003,3.37654,15.9273,13.0493,1.92786,14.2872,1167.92
57,"n23g0021.hpc.itc.rwth-aachen.de",57,"57",4,3,0000:ad:00.0,6,"OK",67108864,"bandwidth","H2D",50,4,2136.72,2249.04,2251,2252.46,3.42375,2528.07,2258.46,55.8872,24.7224,27.7474,27.7654,27.7896,0.0422409,29.2505,27.6896,0.643279,29.8129,2244.59
57,"n23g0021.hpc.itc.rwth-aachen.de",57,"57",4,3,0000:ad:00.0,6,"OK",67108864,"bandwidth","D2H",50,4,2875.45,3037.55,3040.11,3042.02,4.468,3415.36,3044.85,83.5501,18.2997,20.5456,20.5585,20.5758,0.0302207,21.7357,20.5408,0.523885,22.0745,3033.39
57,"n23g0021.hpc.itc.rwth-aachen.de",57,"57",4,3,0000:ad:00.0,6,"OK",268435456,"bandwidth","H2D",50,4,8937.18,8948,8955.67,8961.46,13.4627,8973.09,8954.93,9.07026,27.8611,27.8972,27.9153,27.9392,0.0419729,27.973,27.9176,0.0282769,29.9738,8948.8
57,"n23g0021.hpc.itc.rwth-aachen.de",57,"57",4,3,0000:ad:00.0,6,"OK",268435456,"bandwidth","D2H",50,4,12097.5,12109.7,12117.5,12123.6,13.8735,12132.2,12117,8.74372,20.6063,20.621,20.6313,20.6446,0.0236244,20.6654,20.6322,0.0148914,22.1527,12111.2
58,"n23g0021.hpc.itc.rwth-aachen.de",58,"58",4,0,0000:1b:00.0,0,"OK",4096,"latency","H2D",50,4,14.497,15.01,15.1725,15.4245,0.4145,21.793,15.3612,1.03589,0.175042,0.247315,0.251422,0.254144,0.00682825,0.263137,0.249195,0.0128939,0.269962,8.368
58,"n23g0021.hpc.itc.rwth-aachen.de",58,"58",4,0,0000:1b:00.0,0,"OK",4096,"latency","D2H",50,4,13.883,14.5418,14.899,15.151,0.60925,16.726,14.9162,0.545837,0.22807,0.251779,0.256037,0.262327,0.0105487,0.274775,0.256078,0.00918546,0.274918,7.872
58,"n23g0021.hpc.itc.rwth-aachen.de",58,"58",4,0,0000:1b:00.0,0,"OK",16777216,"bandwidth","H2D",50,4,838.984,843.369,848.361,851.168,7.7995,858.345,847.656,5.04782,18.2036,18.3571,18.4179,18.5269,0.169767,18.6237,18.4338,0.109783,19.776,840.896
58,"n23g0021.hpc.itc.rwth-aachen.de",58,"58",4,0,0000:1b:00.0,0,"OK",16777216,"bandwidth","D2H",50,4,1725.37,1731.2,1735.6,1741.88,10.6848,1764.58,1738.65,9.84995,8.8548,8.97018,9.00263,9.02555,0.0553625,9.05602,8.98716,0.0506241,9.6665,1727.39
58,"n23g0021.hpc.itc.rwth-aachen.de",58,"58",4,0,0000:1b:00.0,0,"OK",67108864,"bandwidth","H2D",50,4,3266.56,3284.58,3290.4,3294.76,10.1833,3308.68,3289.89,7.92532,18.8897,18.9695,18.9946,19.0283,0.0588121,19.1333,18.9977,0.0457831,20.3953,3282.83
58,"n23g0021.hpc.itc.rwth-aachen.de",58,"58",4,0,0000:1b:00.0,0,"OK",67108864,"bandwidth","D2H",50,4,6156.09,6175.3,6182.86,6191.58,16.2828,6205.06,6183.11,10.856,10.0724,10.0944,10.1086,10.121,0.0266164,10.1525,10.1082,0.0177538,10.854,6175.18
58,"n23g0021.hpc.itc.rwth-aachen.de",58,"58",4,0,0000:1b:00.0,0,"OK",268435456,"bandwidth","H2D",50,4,10859.6,11811,12140.1,13009.6,1198.6,13082.9,12297.4,659.639,19.1089,19.2166,20.593,21.1668,1.95014,23.021,20.3889,1.10852,22.1115,12133.6
58,"n23g0021.hpc.itc.rwth-aachen.de",58,"58",4,0,0000:1b:00.0,0,"OK",268435456,"bandwidth","D2H",50,4,17008.6,19661.5,20198.9,21546.8,1885.33,22676.5,20335.6,1296.22,11.0246,11.6038,12.3769,12.7154,1.11158,14.6984,12.345,0.80675,13.2896,20191.7
58,"n23g0021.hpc.itc.rwth-aachen.de",58,"58",4,1,0000:2c:00.0,2,"OK",4096,"latency","H2D",50,4,13.353,14.0793,14.254,14.4772,0.398,19.44,14.4168,0.917339,0.196229,0.263496,0.267623,0.270945,0.00744863,0.285681,0.26547,0.0137463,0.287358,7.616
58,"n23g0021.hpc.itc.rwth-aachen.de",58,"58",4,1,0000:2c:00.0,2,"OK",4096,"latency","D2H",50,4,12.991,13.9135,14.176,14.407,0.4935,27.895,14.4268,1.98408,0.136752,0.264783,0.269097,0.274172,0.00938937,0.293642,0.267205,0.020703,0.28894,7.488
58,"n23g0021.hpc.itc.rwth-aachen.de",58,"58",4,1,0000:2c:00.0,2,"OK",16777216,"bandwidth","H2D",50,4,649.349,767.231,851.555,858.461,91.2295,863.232,805.356,71.2654,18.1006,18.2012,18.3488,20.3654,2.16426,24.0626,19.569,1.89894,19.7018,843.984
58,"n23g0021.hpc.itc.rwth-aachen.de",58,"58",4,1,0000:2c:00.0,2,"OK",16777216,"bandwidth","D2H",50,4,1723.45,1732.15,1737.4,1745.34,13.1898,1767.67,1739.31,9.82806,8.83931,8.95243,8.99334,9.0206,0.0681701,9.0661,8.98372,0.0505591,9.65653,1730.08
58,"n23g0021.hpc.itc.rwth-aachen.de",58,"58",4,1,0000:2c:00.0,2,"OK",67108864,"bandwidth","H2D",50,4,3324.96,3333.97,3342.01,3347.57,13.5965,3358.29,3340.71,8.58242,18.6106,18.6703,18.7013,18.7464,0.0761386,18.7972,18.7087,0.0480809,20.0804,3334.22
58,"n23g0021.hpc.itc.rwth-aachen.de",58,"58",4,1,0000:2c:00.0,2,"OK",67108864,"bandwidth","D2H",50,4,6160.56,6179.47,6188.01,6195.67,16.1975,6229.28,6188.89,13.5757,10.0333,10.0877,10.1002,10.1141,0.0264416,10.1452,10.0988,0.0221266,10.845,6180.13
58,"n23g0021.hpc.itc.rwth-aachen.de",58,"58",4,1,0000:2c:00.0,2,"OK",268435456,"bandwidth","H2D",50,4,10928,11615.4,11831.8,12809.3,1193.95,13462.5,12091.3,777.559,18.5702,19.5218,21.1296,21.5232,2.00137,22.8771,20.7602,1.31072,22.6878,11824.1
58,"n23g0021.hpc.itc.rwth-aachen.de",58,"58",4,1,0000:2c:00.0,2,"OK",268435456,"bandwidth","D2H",50,4,17013.3,18699.3,20123,20665.3,1965.99,23694.3,20073,1625.23,10.5511,12.0976,12.4237,13.3695,1.27188,14.6943,12.5344,0.990146,13.3398,20115.2
58,"n23g0021.hpc.itc.rwth-aachen.de",58,"58",4,2,0000:9d:00.0,4,"OK",4096,"latency","H2D",50,4,12.758,13.565,13.882,14.236,0.671,31.477,14.2778,2.53264,0.12119,0.267961,0.274795,0.281216,0.0132548,0.299004,0.271341,0.0241398,0.295058,7.456
58,"n23g0021.hpc.itc.rwth-aachen.de",58,"58",4,2,0000:9d:00.0,4,"OK",4096,"latency","D2H",50,4,12.661,13.0425,13.4935,13.9377,0.89525,17.791,13.6497,1.00378,0.214417,0.273695,0.282706,0.292482,0.0187869,0.301295,0.280756,0.0176243,0.303554,7.008
58,"n23g0021.hpc.itc.rwth-aachen.de",58,"58",4,2,0000:9d:00.0,4,"OK",16777216,"bandwidth","H2D",50,4,340.48,403.957,591.966,677.796,273.839,842.045,570.223,145.382,18.556,23.0527,26.4336,39.6678,16.6151,45.8911,29.6567,9.04803,28.3828,585.104
58,"n23g0021.hpc.itc.rwth-aachen.de",58,"58",4,2,0000:9d:00.0,4,"OK",16777216,"bandwidth","D2H",50,4,427.287,494.988,794.36,901.386,406.398,1101.73,742.894,203.48,14.1823,17.3346,19.6702,31.983,14.6484,36.5679,23.0558,7.57707,21.1207,787.696
58,"n23g0021.hpc.itc.rwth-aachen.de",58,"58",4,2,0000:9d:00.0,4,"OK",67108864,"bandwidth","H2D",50,4,1500.44,1502.38,1504.03,1505.38,2.99475,1512.91,1504.14,2.34513,41.3111,41.5179,41.5551,41.6006,0.082759,41.6545,41.5522,0.0646851,44.6195,1497.62
58,"n23g0021.hpc.itc.rwth-aachen.de",58,"58",4,2,0000:9d:00.0,4,"OK",67108864,"bandwidth","D2H",50,4,1878.13,1883.72,1887.45,1890.76,7.04625,1894.85,1887.14,4.196,32.9842,33.0554,33.1135,33.1791,0.123647,33.2778,33.119,0.0736659,35.5554,1880.85
58,"n23g0021.hpc.itc.rwth-aachen.de",58,"58",4,2,0000:9d:00.0,4,"OK",268435456,"bandwidth","H2D",50,4,5949.94,5960.58,5964.52,5968.26,7.68775,5980.58,5964.7,6.09831,41.802,41.8882,41.9145,41.9422,0.0540261,42.0172,41.9133,0.0428507,45.0054,5957.9
58,"n23g0021.hpc.itc.rwth-aachen.de",58,"58",4,2,0000:9d:00.0,4,"OK",268435456,"bandwidth","D2H",50,4,7518.93,7530.3,7535.03,7539.48,9.18125,7549.31,7535.05,6.86779,33.1156,33.1588,33.1784,33.1992,0.0404285,33.2494,33.1783,0.030241,35.625,7528.43
58,"n23g0021.hpc.itc.rwth-aachen.de",58,"58",4,3,0000:ad:00.0,6,"OK",4096,"latency","H2D",50,4,13.115,13.901,14.2575,14.4262,0.52525,22.045,14.3469,1.23768,0.173041,0.264429,0.267557,0.274419,0.00999033,0.290865,0.267315,0.0167663,0.287288,7.536
58,"n23g0021.hpc.itc.rwth-aachen.de",58,"58",4,3,0000:ad:00.0,6,"OK",4096,"latency","D2H",50,4,12.654,13.3295,13.65,14.008,0.6785,14.951,13.6803,0.466089,0.255147,0.272324,0.279465,0.286185,0.013861,0.301462,0.279167,0.00941978,0.300073,6.992
58,"n23g0021.hpc.itc.rwth-aachen.de",58,"58",4,3,0000:ad:00.0,6,"OK",16777216,"bandwidth","H2D",50,4,679.346,742.105,836.047,975.178,233.072,1194.41,863.772,137.487,13.0818,16.0467,18.6892,21.0711,5.02432,23.0001,18.5298,2.80003,20.0673,829.232
58,"n23g0021.hpc.itc.rwth-aachen.de",58,"58",4,3,0000:ad:00.0,6,"OK",16777216,"bandwidth","D2H",50,4,913.846,1027.77,1147.5,1276.07,248.303,1535.88,1177.78,188.563,10.1733,12.2452,13.6166,15.2064,2.96115,17.0981,13.5984,2.09682,14.6207,1140.77
58,"n23g0021.hpc.itc.rwth-aachen.de",58,"58",4,3,0000:ad:00.0,6,"OK",67108864,"bandwidth","H2D",50,4,2243.75,2247.48,2248.69,2250.34,2.85925,2523.26,2265.6,59.9705,24.7695,27.7736,27.7939,27.8089,0.0353334,27.8551,27.6042,0.668128,29.8435,2242.14
58,"n23g0021.hpc.itc.rwth-aachen.de",58,"58",4,3,0000:ad:00.0,6,"OK",67108864,"bandwidth","D2H",50,4,2890.18,3036.3,3040.86,3045.06,8.75225,3424.11,3056.96,87.6295,18.2529,20.5251,20.5534,20.5842,0.0591645,21.6249,20.4608,0.544858,22.0691,3034.16
58,"n23g0021.hpc.itc.rwth-aachen.de",58,"58",4,3,0000:ad:00.0,6,"OK",268435456,"bandwidth","H2D",50,4,8947.51,8956.52,8959.99,8963.66,7.14825,8972.35,8960.39,5.89542,27.8634,27.8904,27.9018,27.9126,0.0222595,27.9407,27.9006,0.0183566,29.9594,8953.42
58,"n23g0021.hpc.itc.rwth-aachen.de",58,"58",4,3,0000:ad:00.0,6,"OK",268435456,"bandwidth","D2H",50,4,12084,12109.2,12115.4,12120.7,11.534,12136.3,12114.3,10.5117,20.5994,20.6259,20.635,20.6455,0.0196462,20.6884,20.6368,0.017915,22.1566,12108.8
59,"n23g0021.hpc.itc.rwth-aachen.de",59,"59",4,0,0000:1b:00.0,0,"OK",4096,"latency","H2D",50,4,14.436,15.1363,15.3085,15.5787,0.4425,25.978,15.5945,1.59539,0.146843,0.244866,0.249188,0.252024,0.00715847,0.264249,0.24629,0.0165794,0.267564,8.224
59,"n23g0021.hpc.itc.rwth-aachen.de",59,"59",4,0,0000:1b:00.0,0,"OK",4096,"latency","D2H",50,4,13.375,14.65,14.9965,15.1263,0.47625,23.403,15.0293,1.27679,0.163,0.252191,0.254373,0.260389,0.00819836,0.285211,0.255098,0.0153412,0.27313,7.872
59,"n23g0021.hpc.itc.rwth-aachen.de",59,"59",4,0,0000:1b:00.0,0,"OK",16777216,"bandwidth","H2D",50,4,839.766,846.822,848.037,850.745,3.92325,857.442,848.289,3.99178,18.2228,18.3663,18.4249,18.4513,0.0850891,18.6064,18.4198,0.0867678,19.7836,840.128
59,"n23g0021.hpc.itc.rwth-aachen.de",59,"59",4,0,0000:1b:00.0,0,"OK",16777216,"bandwidth","D2H",50,4,1717.06,1731.45,1736.34,1741.39,9.94225,1757.11,1737.34,8.86688,8.89246,8.97273,8.99883,9.02425,0.0515236,9.09987,8.99389,0.0458064,9.66242,1728.37
59,"n23g0021.hpc.itc.rwth-aachen.de",59,"59",4,0,0000:1b:00.0,0,"OK",67108864,"bandwidth","H2D",50,4,3293.18,3341.53,3349.04,3354.71,13.178,3366.12,3347.22,12.6057,18.5674,18.6305,18.662,18.704,0.0734731,18.9786,18.6725,0.0707576,20.0382,3341.34
59,"n23g0021.hpc.itc.rwth-aachen.de",59,"59",4,0,0000:1b:00.0,0,"OK",67108864,"bandwidth","D2H",50,4,6164.6,6908.86,6917.53,6922.36,13.4978,6941.1,6890.93,124.981,9.00434,9.02872,9.03502,9.04635,0.0176393,10.1385,9.07318,0.180931,9.70128,6909.54
59,"n23g0021.hpc.itc.rwth-aachen.de",59,"59",4,0,0000:1b:00.0,0,"OK",268435456,"bandwidth","H2D",50,4,11014,11554.8,11759,12922.4,1367.54,13070.7,12074.5,695.19,19.1268,19.3463,21.2605,21.6359,2.28966,22.6983,20.7726,1.17858,22.8283,11751.5
59,"n23g0021.hpc.itc.rwth-aachen.de",59,"59",4,0,0000:1b:00.0,0,"OK",268435456,"bandwidth","D2H",50,4,18111.2,18495.2,19633.5,20156,1660.73,22101.4,19489.3,1123.28,11.3115,12.4033,12.7334,13.5173,1.11396,13.8036,12.8691,0.722062,13.6723,19625.9
59,"n23g0021.hpc.itc.rwth-aachen.de",59,"59",4,1,0000:2c:00.0,2,"OK",4096,"latency","H2D",50,4,13.22,13.8665,14.028,14.2955,0.429,21.816,14.2882,1.21442,0.174858,0.266846,0.271935,0.275102,0.00825548,0.288555,0.26836,0.0163675,0.291987,7.52
59,"n23g0021.hpc.itc.rwth-aachen.de",59,"59",4,1,0000:2c:00.0,2,"OK",4096,"latency","D2H",50,4,13.049,13.8243,14.048,14.276,0.45175,20.022,14.1255,0.938914,0.190525,0.267211,0.271547,0.275943,0.00873201,0.292336,0.270979,0.0140442,0.291572,7.552
59,"n23g0021.hpc.itc.rwth-aachen.de",59,"59",4,1,0000:2c:00.0,2,"OK",16777216,"bandwidth","H2D",50,4,607.074,626.07,698.925,775.871,149.801,864.541,707.46,85.1631,18.0732,20.1387,22.3558,24.9573,4.81863,25.7382,22.3952,2.57816,24.0044,691.552
59,"n23g0021.hpc.itc.rwth-aachen.de",59,"59",4,1,0000:2c:00.0,2,"OK",16777216,"bandwidth","D2H",50,4,1724.87,1731.95,1736.09,1742.44,10.4983,1764.95,1738.66,9.84072,8.85295,8.96729,9.00012,9.02164,0.0543519,9.05868,8.98712,0.0505947,9.66381,1728.66
59,"n23g0021.hpc.itc.rwth-aachen.de",59,"59",4,1,0000:2c:00.0,2,"OK",67108864,"bandwidth","H2D",50,4,3311.91,3327.42,3336.95,3344.19,16.7637,3356.79,3335.28,11.0322,18.619,18.6892,18.7297,18.7833,0.0941568,18.8713,18.7393,0.0620296,20.1108,3329.2
59,"n23g0021.hpc.itc.rwth-aachen.de",59,"59",4,1,0000:2c:00.0,2,"OK",67108864,"bandwidth","D2H",50,4,6165.92,6182.2,6186.36,6191.31,9.1075,6215.37,6187.04,9.4397,10.0557,10.0948,10.1029,10.1097,0.0148715,10.1364,10.1018,0.0154035,10.8479,6178.62
59,"n23g0021.hpc.itc.rwth-aachen.de",59,"59",4,1,0000:2c:00.0,2,"OK",268435456,"bandwidth","H2D",50,4,11147.7,12022.1,12461.2,13188.7,1166.57,13639.5,12542.7,688.445,18.3291,18.9556,20.0627,20.7955,1.8399,22.4262,19.993,1.1136,21.5421,12453.6
59,"n23g0021.hpc.itc.rwth-aachen.de",59,"59",4,1,0000:2c:00.0,2,"OK",268435456,"bandwidth","D2H",50,4,18186.3,20196.3,20892.3,22463,2266.67,25350.1,21273.2,1806.97,9.8619,11.1294,11.9678,12.3785,1.24908,13.7466,11.8355,0.989277,12.8503,20884.9
59,"n23g0021.hpc.itc.rwth-aachen.de",59,"59",4,2,0000:9d:00.0,4,"OK",4096,"latency","H2D",50,4,12.824,13.5203,13.7725,14.019,0.49875,16.591,13.7734,0.543793,0.229926,0.272109,0.27698,0.282147,0.0100377,0.297465,0.277359,0.0101349,0.297405,7.424
59,"n23g0021.hpc.itc.rwth-aachen.de",59,"59",4,2,0000:9d:00.0,4,"OK",4096,"latency","D2H",50,4,12.471,12.998,13.3785,13.817,0.819,23.304,13.5824,1.47277,0.163693,0.276091,0.285137,0.293483,0.017392,0.305885,0.282974,0.0199592,0.306163,7.168
59,"n23g0021.hpc.itc.rwth-aachen.de",59,"59",4,2,0000:9d:00.0,4,"OK",16777216,"bandwidth","H2D",50,4,341.092,524.682,592.075,676.812,152.13,837.807,575.619,138.862,18.6499,23.0862,26.427,29.7801,6.69395,45.8088,29.1738,8.63196,28.3758,585.296
59,"n23g0021.hpc.itc.rwth-aachen.de",59,"59",4,2,0000:9d:00.0,4,"OK",16777216,"bandwidth","D2H",50,4,430.093,663.527,785.032,881.166,217.639,1154.02,747.89,194.007,13.5397,17.7322,19.9039,23.5484,5.8162,36.3294,22.6999,7.19962,21.3717,778.56
59,"n23g0021.hpc.itc.rwth-aachen.de",59,"59",4,2,0000:9d:00.0,4,"OK",67108864,"bandwidth","H2D",50,4,1500.68,1503.7,1505.95,1507.68,3.97575,1512.09,1505.89,2.70137,41.3334,41.4545,41.502,41.5641,0.109605,41.6477,41.5038,0.0744482,44.5625,1499.58
59,"n23g0021.hpc.itc.rwth-aachen.de",59,"59",4,2,0000:9d:00.0,4,"OK",67108864,"bandwidth","D2H",50,4,1876.69,1881.67,1885.95,1889.83,8.152,1894.93,1885.94,4.6965,32.9827,33.0718,33.1398,33.2151,0.143278,33.3034,33.1402,0.0825242,35.5836,1879.6
59,"n23g0021.hpc.itc.rwth-aachen.de",59,"59",4,2,0000:9d:00.0,4,"OK",268435456,"bandwidth","H2D",50,4,5948.26,5960.4,5964.33,5967.06,6.65525,5974.88,5963.74,4.86821,41.8418,41.8967,41.9159,41.9435,0.0467809,42.0291,41.9201,0.034231,45.0068,5957.52
59,"n23g0021.hpc.itc.rwth-aachen.de",59,"59",4,2,0000:9d:00.0,4,"OK",268435456,"bandwidth","D2H",50,4,7521.46,7527.73,7534.99,7539.42,11.6892,7550.56,7534.4,7.25005,33.1101,33.1591,33.1785,33.2105,0.0514905,33.2382,33.1812,0.0319241,35.6252,7528.26
59,"n23g0021.hpc.itc.rwth-aachen.de",59,"59",4,3,0000:ad:00.0,6,"OK",4096,"latency","H2D",50,4,13.028,13.503,13.834,14.2647,0.76175,31.309,14.4957,2.98374,0.12184,0.267423,0.275748,0.282508,0.0150848,0.292808,0.269153,0.0297105,0.296083,7.344
59,"n23g0021.hpc.itc.rwth-aachen.de",59,"59",4,3,0000:ad:00.0,6,"OK",4096,"latency","D2H",50,4,12.775,13.2495,13.6245,13.9075,0.658,14.634,13.6276,0.471997,0.260674,0.274291,0.279988,0.287913,0.013622,0.298606,0.280259,0.00965708,0.300635,7.04
59,"n23g0021.hpc.itc.rwth-aachen.de",59,"59",4,3,0000:ad:00.0,6,"OK",16777216,"bandwidth","H2D",50,4,676.656,729.64,834.745,957.999,228.359,1109.29,853.991,139.25,14.0855,16.3218,18.7183,21.4147,5.0929,23.0915,18.7626,2.88871,20.0987,827.008
59,"n23g0021.hpc.itc.rwth-aachen.de",59,"59",4,3,0000:ad:00.0,6,"OK",16777216,"bandwidth","D2H",50,4,914.688,988.577,1145.91,1263.9,275.328,1537,1161.99,195.32,10.1659,12.3626,13.6355,15.8056,3.44293,17.0823,13.8108,2.18996,14.6411,1139.09
59,"n23g0021.hpc.itc.rwth-aachen.de",59,"59",4,3,0000:ad:00.0,6,"OK",67108864,"bandwidth","H2D",50,4,2133.54,2246.76,2248.59,2251.05,4.28625,2527.11,2264.31,69.9548,24.7318,27.7648,27.7952,27.8178,0.0529682,29.2941,27.6269,0.7968,29.8449,2242.18
59,"n23g0021.hpc.itc.rwth-aachen.de",59,"59",4,3,0000:ad:00.0,6,"OK",67108864,"bandwidth","D2H",50,4,2871.22,3038.13,3040.16,3043.9,5.76725,3430.27,3056.56,89.2788,18.2202,20.5329,20.5581,20.5719,0.038977,21.7678,20.4641,0.557043,22.0741,3033.6
59,"n23g0021.hpc.itc.rwth-aachen.de",59,"59",4,3,0000:ad:00.0,6,"OK",268435456,"bandwidth","H2D",50,4,8942.17,8952.11,8957.22,8961.4,9.2835,8972.01,8957.11,6.31508,27.8644,27.8974,27.9104,27.9264,0.0289301,27.9574,27.9108,0.0196763,29.9686,8950.46
59,"n23g0021.hpc.itc.rwth-aachen.de",59,"59",4,3,0000:ad:00.0,6,"OK",268435456,"bandwidth","D2H",50,4,12094.7,12111.2,12116.5,12123.9,12.6305,12138.9,12117.3,10.5255,20.595,20.6205,20.633,20.642,0.0215046,20.6703,20.6317,0.0179199,22.1545,12110
60,"n23g0021.hpc.itc.rwth-aachen.de",60,"60",5,0,0000:1b:00.0,0,"OK",4096,"latency","H2D",50,5,14.33,15.2423,15.4955,15.8138,0.5715,26.336,15.787,1.63165,0.144847,0.241228,0.246181,0.250271,0.00904339,0.266204,0.243351,0.0169397,0.264335,8.192
60,"n23g0021.hpc.itc.rwth-aachen.de",60,"60",5,0,0000:1b:00.0,0,"OK",4096,"latency","D2H",50,5,13.618,14.3723,14.669,14.954,0.58175,16.363,14.6859,0.514873,0.233129,0.255095,0.260053,0.265424,0.0103282,0.280122,0.260066,0.00896733,0.279229,7.744
60,"n23g0021.hpc.itc.rwth-aachen.de",60,"60",5,0,0000:1b:00.0,0,"OK",16777216,"bandwidth","H2D",50,5,825.236,830.289,833.983,838.462,8.1725,844.52,834.28,5.09909,18.5016,18.6353,18.7354,18.8188,0.183428,18.934,18.7294,0.114347,20.117,826.336
60,"n23g0021.hpc.itc.rwth-aachen.de",60,"60",5,0,0000:1b:00.0,0,"OK",16777216,"bandwidth","D2H",50,5,1721.53,1734.86,1739.97,1749.45,14.596,1762.01,1741.81,10.0012,8.8677,8.93137,8.98002,9.00652,0.0751421,9.07623,8.97083,0.0513901,9.64223,1732.45
60,"n23g0021.hpc.itc.rwth-aachen.de",60,"60",5,0,0000:1b:00.0,0,"OK",67108864,"bandwidth","H2D",50,5,3261.39,3273.55,3280.77,3288.48,14.927,3318.85,3282.32,12.3495,18.8318,19.0057,19.0504,19.0924,0.0866636,19.1636,19.0417,0.0714558,20.4552,3272.69
60,"n23g0021.hpc.itc.rwth-aachen.de",60,"60",5,0,0000:1b:00.0,0,"OK",67108864,"bandwidth","D2H",50,5,6164.88,6179.29,6186.79,6192.2,12.9073,6208.74,6185.84,9.84457,10.0664,10.0933,10.1022,10.1144,0.021083,10.1381,10.1038,0.01609,10.8471,6179.79
60,"n23g0021.hpc.itc.rwth-aachen.de",60,"60",5,0,0000:1b:00.0,0,"OK",268435456,"bandwidth","H2D",50,5,11927.5,12349.4,13125.4,13276.6,927.222,13319.2,12818.2,470.942,18.7699,18.8301,19.0471,20.2439,1.41381,20.9599,19.53,0.722376,20.4516,13117.9
60,"n23g0021.hpc.itc.rwth-aachen.de",60,"60",5,0,0000:1b:00.0,0,"OK",268435456,"bandwidth","D2H",50,5,22356.8,25208.5,25630.5,27786.1,2577.54,27845.4,26151.4,1520.87,8.97814,8.99732,9.75402,9.91728,0.919968,11.1823,9.59341,0.581032,10.4733,25623.2
60,"n23g0021.hpc.itc.rwth-aachen.de",60,"60",5,1,0000:2c:00.0,2,"OK",4096,"latency","H2D",50,5,14.529,15.4335,15.643,15.85,0.4165,22.342,15.7822,1.09233,0.170741,0.240675,0.24386,0.24717,0.0064949,0.262557,0.242608,0.0131227,0.261843,8.432
60,"n23g0021.hpc.itc.rwth-aachen.de",60,"60",5,1,0000:2c:00.0,2,"OK",4096,"latency","D2H",50,5,14.379,15.1043,15.3665,15.595,0.49075,25.005,15.5807,1.42043,0.152557,0.244611,0.248248,0.252558,0.00794732,0.265296,0.246201,0.0152094,0.266554,8
60,"n23g0021.hpc.itc.rwth-aachen.de",60,"60",5,1,0000:2c:00.0,2,"OK",16777216,"bandwidth","H2D",50,5,832.764,839.416,842.657,845.301,5.88575,850.563,842.114,4.19857,18.3702,18.4845,18.5425,18.6141,0.129608,18.7628,18.555,0.0926479,19.9099,834.24
60,"n23g0021.hpc.itc.rwth-aachen.de",60,"60",5,1,0000:2c:00.0,2,"OK",16777216,"bandwidth","D2H",50,5,1723.43,1732.99,1735.62,1746.6,13.6125,1762.02,1739.13,9.29515,8.86769,8.94595,9.00257,9.01622,0.0702696,9.06622,8.98464,0.0478634,9.66644,1726.96
60,"n23g0021.hpc.itc.rwth-aachen.de",60,"60",5,1,0000:2c:00.0,2,"OK",67108864,"bandwidth","H2D",50,5,3318.51,3331.4,3335.58,3344.67,13.2693,3361.57,3337.38,9.0824,18.5925,18.6865,18.7374,18.7609,0.0744299,18.8338,18.7274,0.0509027,20.1191,3327.42
60,"n23g0021.hpc.itc.rwth-aachen.de",60,"60",5,1,0000:2c:00.0,2,"OK",67108864,"bandwidth","D2H",50,5,6924.97,6945.08,6950.29,6957.98,12.8993,6980.73,6952.06,11.0317,8.95322,8.98249,8.99243,8.99917,0.0166834,9.02531,8.99017,0.0142535,9.65555,6942.02
60,"n23g0021.hpc.itc.rwth-aachen.de",60,"60",5,1,0000:2c:00.0,2,"OK",268435456,"bandwidth","H2D",50,5,11923.1,12453.4,13149.8,13427.2,973.838,13502.7,12909.7,506.072,18.5148,18.6189,19.0119,20.0749,1.45598,20.9677,19.3953,0.766183,20.4139,13141.9
60,"n23g0021.hpc.itc.rwth-aachen.de",60,"60",5,1,0000:2c:00.0,2,"OK",268435456,"bandwidth","D2H",50,5,21997,24442.9,25185.1,26334.2,1891.36,27855,25237.5,1806.21,8.97503,9.49345,9.92653,10.2284,0.734932,11.3652,9.95756,0.723891,10.6585,25177.1
60,"n23g0021.hpc.itc.rwth-aachen.de",60,"60",5,2,0000:9d:00.0,4,"OK",4096,"latency","H2D",50,5,13.323,14.1245,14.421,14.6075,0.483,27.008,14.6416,1.85096,0.141243,0.261147,0.264524,0.270077,0.00893036,0.286324,0.262986,0.0197196,0.28403,7.68
60,"n23g0021.hpc.itc.rwth-aachen.de",60,"60",5,2,0000:9d:00.0,4,"OK",4096,"latency","D2H",50,5,13.128,13.558,13.962,14.1743,0.61625,20.717,14.062,1.05328,0.184134,0.269129,0.273221,0.281361,0.0122327,0.290577,0.272412,0.0153763,0.293369,7.264
60,"n23g0021.hpc.itc.rwth-aachen.de",60,"60",5,2,0000:9d:00.0,4,"OK",16777216,"bandwidth","H2D",50,5,619.063,665.237,721.401,856.931,191.693,1071.77,758.013,117.228,14.5787,18.2337,21.6592,23.4879,5.25417,25.2398,21.0807,3.05489,23.2564,714.752
60,"n23g0021.hpc.itc.rwth-aachen.de",60,"60",5,2,0000:9d:00.0,4,"OK",16777216,"bandwidth","D2H",50,5,681.987,745.223,813.404,981.426,236.202,1227.27,860.464,151.131,12.7315,15.9207,19.2094,20.9669,5.04613,22.911,18.685,3.03585,20.6259,806.656
60,"n23g0021.hpc.itc.rwth-aachen.de",60,"60",5,2,0000:9d:00.0,4,"OK",67108864,"bandwidth","H2D",50,5,1858.53,1941.68,1944.83,1947.37,5.69525,1952.88,1938.38,22.6003,32.0041,32.0945,32.1365,32.1887,0.0941385,33.6288,32.248,0.389111,34.5063,1938.24
60,"n23g0021.hpc.itc.rwth-aachen.de",60,"60",5,2,0000:9d:00.0,4,"OK",67108864,"bandwidth","D2H",50,5,1911.5,2017.76,2024.68,2026.93,9.16725,2032.16,2014.81,29.1514,30.7554,30.8348,30.8691,30.9749,0.140092,32.6968,31.0271,0.468908,33.1454,2018.1
60,"n23g0021.hpc.itc.rwth-aachen.de",60,"60",5,2,0000:9d:00.0,4,"OK",268435456,"bandwidth","H2D",50,5,7762.29,7769.96,7774.12,7782.17,12.2135,7792.52,7775.56,7.47253,32.0821,32.1247,32.158,32.1752,0.0504964,32.207,32.1521,0.0308888,34.5294,7767.47
60,"n23g0021.hpc.itc.rwth-aachen.de",60,"60",5,2,0000:9d:00.0,4,"OK",268435456,"bandwidth","D2H",50,5,8078.58,8091.4,8096.32,8101.28,9.87375,8110.39,8095.9,6.87495,30.8247,30.8593,30.8782,30.897,0.0376569,30.946,30.8799,0.0262303,33.1553,8089.76
60,"n23g0021.hpc.itc.rwth-aachen.de",60,"60",5,3,0000:ad:00.0,6,"OK",4096,"latency","H2D",50,5,13.247,13.5992,14.036,14.2445,0.64525,21.685,14.2676,1.56006,0.175914,0.267801,0.27178,0.280508,0.0127068,0.287967,0.269661,0.0211675,0.291821,7.376
60,"n23g0021.hpc.itc.rwth-aachen.de",60,"60",5,3,0000:ad:00.0,6,"OK",4096,"latency","D2H",50,5,12.744,13.2007,13.4505,13.7967,0.596,14.469,13.4902,0.414654,0.263646,0.276492,0.283612,0.288976,0.0124834,0.299333,0.283041,0.00865844,0.304526,6.928
60,"n23g0021.hpc.itc.rwth-aachen.de",60,"60",5,3,0000:ad:00.0,6,"OK",16777216,"bandwidth","H2D",50,5,770.944,879.216,957.78,1109.32,230.108,1353.72,1011.07,176.26,11.5423,14.0852,16.315,17.7715,3.68636,20.2674,15.9018,2.60135,17.5181,949.728
60,"n23g0021.hpc.itc.rwth-aachen.de",60,"60",5,3,0000:ad:00.0,6,"OK",16777216,"bandwidth","D2H",50,5,697.024,818.162,883.645,1030.36,212.197,1256.75,940.696,170.007,12.4329,15.1646,17.6828,19.0977,3.93307,22.4167,17.137,2.95576,18.9868,876.88
60,"n23g0021.hpc.itc.rwth-aachen.de",60,"60",5,3,0000:ad:00.0,6,"OK",67108864,"bandwidth","H2D",50,5,2720.27,2745.31,2746.66,2748.5,3.185,2893.72,2753.51,30.9446,21.5985,22.7397,22.7549,22.7661,0.0263817,22.9757,22.701,0.244465,24.4329,2740.1
60,"n23g0021.hpc.itc.rwth-aachen.de",60,"60",5,3,0000:ad:00.0,6,"OK",67108864,"bandwidth","D2H",50,5,2406.11,2490.61,2494.16,2497.3,6.693,2624.48,2497.1,28.7641,23.8142,25.027,25.0585,25.0943,0.067255,25.9755,25.0322,0.280141,26.9063,2487.44
60,"n23g0021.hpc.itc.rwth-aachen.de",60,"60",5,3,0000:ad:00.0,6,"OK",268435456,"bandwidth","H2D",50,5,10959.2,10970.9,10976.2,10979.6,8.77375,10986.3,10975.9,5.85477,22.7557,22.7694,22.7765,22.7876,0.0182094,22.812,22.7772,0.0121514,24.4561,10969.5
60,"n23g0021.hpc.itc.rwth-aachen.de",60,"60",5,3,0000:ad:00.0,6,"OK",268435456,"bandwidth","D2H",50,5,9964.2,9974.46,9976.52,9980.42,5.966,9996.23,9977.83,6.59538,25.0094,25.049,25.0588,25.064,0.0149825,25.0898,25.0556,0.0165555,26.9067,9969.86
61,"n23g0021.hpc.itc.rwth-aachen.de",61,"61",5,0,0000:1b:00.0,0,"OK",4096,"latency","H2D",50,5,14.346,15.0192,15.343,15.8845,0.86525,18.397,15.4899,0.686692,0.207354,0.240152,0.248628,0.253987,0.0138353,0.265907,0.246726,0.0102993,0.266962,8.384
61,"n23g0021.hpc.itc.rwth-aachen.de",61,"61",5,0,0000:1b:00.0,0,"OK",4096,"latency","D2H",50,5,14.055,14.7935,15.0575,15.2918,0.49825,28.321,15.293,1.90748,0.134695,0.249461,0.253342,0.257863,0.00840166,0.271412,0.251667,0.01815,0.272024,7.904
61,"n23g0021.hpc.itc.rwth-aachen.de",61,"61",5,0,0000:1b:00.0,0,"OK",16777216,"bandwidth","H2D",50,5,828.056,831.608,835.431,838.262,6.654,847.148,835.85,4.52274,18.4442,18.6398,18.7029,18.7889,0.149143,18.8695,18.6941,0.100896,20.0821,827.92
61,"n23g0021.hpc.itc.rwth-aachen.de",61,"61",5,0,0000:1b:00.0,0,"OK",16777216,"bandwidth","D2H",50,5,1726.87,1732.71,1736.98,1744.16,11.456,1769.11,1739.4,9.5667,8.83211,8.95845,8.99551,9.01768,0.0592298,9.04819,8.98324,0.0491514,9.65885,1728.48
61,"n23g0021.hpc.itc.rwth-aachen.de",61,"61",5,0,0000:1b:00.0,0,"OK",67108864,"bandwidth","H2D",50,5,3285.6,3298.73,3305.41,3309.35,10.6193,3329.03,3305.13,8.41552,18.7743,18.8859,18.9084,18.9467,0.0607972,19.0224,18.9101,0.0481152,20.3027,3297.36
61,"n23g0021.hpc.itc.rwth-aachen.de",61,"61",5,0,0000:1b:00.0,0,"OK",67108864,"bandwidth","D2H",50,5,6183.26,6934.23,6944.48,6949.46,15.2275,6963.4,6913.11,148.532,8.9755,8.9935,8.99995,9.01325,0.0197496,10.1079,9.04543,0.215952,9.66362,6936.24
61,"n23g0021.hpc.itc.rwth-aachen.de",61,"61",5,0,0000:1b:00.0,0,"OK",268435456,"bandwidth","H2D",50,5,11939.4,12385.4,13139.5,13251.5,866.136,13318.6,12806.8,461.921,18.7708,18.8658,19.0266,20.1851,1.31934,20.939,19.5465,0.710906,20.4297,13132.1
61,"n23g0021.hpc.itc.rwth-aachen.de",61,"61",5,0,0000:1b:00.0,0,"OK",268435456,"bandwidth","D2H",50,5,22345.1,24905.3,25481.1,27640.8,2735.45,27833.2,25866.7,1602.67,8.98206,9.04464,9.81123,10.038,0.993368,11.1881,9.7033,0.620704,10.5347,25473.4
61,"n23g0021.hpc.itc.rwth-aachen.de",61,"61",5,1,0000:2c:00.0,2,"OK",4096,"latency","H2D",50,5,14.583,15.2153,15.425,15.7007,0.4855,18.385,15.5304,0.660876,0.20749,0.242964,0.247306,0.250716,0.00775203,0.261585,0.246031,0.00951725,0.265543,8.224
61,"n23g0021.hpc.itc.rwth-aachen.de",61,"61",5,1,0000:2c:00.0,2,"OK",4096,"latency","D2H",50,5,13.901,14.8128,15.0495,15.2903,0.4775,18.326,15.0686,0.646051,0.208158,0.249486,0.253477,0.257528,0.00804208,0.274419,0.253584,0.0100689,0.272169,8.048
61,"n23g0021.hpc.itc.rwth-aachen.de",61,"61",5,1,0000:2c:00.0,2,"OK",16777216,"bandwidth","H2D",50,5,836.904,846.047,848.513,850.622,4.5745,860.799,848.656,4.87123,18.1517,18.3689,18.4146,18.4682,0.099319,18.67,18.4121,0.105437,19.7725,840.816
61,"n23g0021.hpc.itc.rwth-aachen.de",61,"61",5,1,0000:2c:00.0,2,"OK",16777216,"bandwidth","D2H",50,5,1712.76,1729.13,1733.5,1744.12,14.989,1757.62,1736.37,10.2307,8.88986,8.9587,9.01355,9.03634,0.077645,9.1227,8.99896,0.0529267,9.67822,1725.57
61,"n23g0021.hpc.itc.rwth-aachen.de",61,"61",5,1,0000:2c:00.0,2,"OK",67108864,"bandwidth","H2D",50,5,3313.99,3338.72,3346.38,3351.18,12.457,3368.94,3343.62,12.0851,18.5518,18.6502,18.6769,18.7198,0.0695851,18.8594,18.6926,0.0677038,20.0541,3338.32
61,"n23g0021.hpc.itc.rwth-aachen.de",61,"61",5,1,0000:2c:00.0,2,"OK",67108864,"bandwidth","D2H",50,5,6178.84,6936.26,6945.2,6954.67,18.4115,6971.86,6922.67,123.699,8.96461,8.98676,8.99902,9.01062,0.0238543,10.1152,9.03149,0.17782,9.66263,6936.98
61,"n23g0021.hpc.itc.rwth-aachen.de",61,"61",5,1,0000:2c:00.0,2,"OK",268435456,"bandwidth","H2D",50,5,12224.9,12440.7,13222.1,13449.6,1008.9,13505.2,12945.5,510.462,18.5114,18.5879,18.9078,20.0953,1.50743,20.4501,19.342,0.765675,20.3021,13214.2
61,"n23g0021.hpc.itc.rwth-aachen.de",61,"61",5,1,0000:2c:00.0,2,"OK",268435456,"bandwidth","D2H",50,5,22385.4,25383.7,25539.6,27804.6,2420.95,27849.9,26186.4,1459.9,8.97668,8.99131,9.78874,9.84885,0.857539,11.168,9.57749,0.549149,10.5106,25531.8
61,"n23g0021.hpc.itc.rwth-aachen.de",61,"61",5,2,0000:9d:00.0,4,"OK",4096,"latency","H2D",50,5,13.256,13.6158,13.8295,14.1165,0.50075,16.965,13.9607,0.683529,0.224857,0.270231,0.275838,0.280168,0.00993698,0.287771,0.273817,0.0117347,0.296179,7.36
61,"n23g0021.hpc.itc.rwth-aachen.de",61,"61",5,2,0000:9d:00.0,4,"OK",4096,"latency","D2H",50,5,12.679,12.9555,13.5255,13.8595,0.904,14.628,13.482,0.510487,0.260781,0.275241,0.282037,0.294447,0.0192063,0.300867,0.283353,0.0106913,0.302835,7.024
61,"n23g0021.hpc.itc.rwth-aachen.de",61,"61",5,2,0000:9d:00.0,4,"OK",16777216,"bandwidth","H2D",50,5,578.777,662.62,719.346,838.396,175.776,978.085,744.943,114.069,15.9751,18.6654,21.7211,23.5807,4.91527,26.9966,21.444,3.09208,23.3229,712.752
61,"n23g0021.hpc.itc.rwth-aachen.de",61,"61",5,2,0000:9d:00.0,4,"OK",16777216,"bandwidth","D2H",50,5,652.136,732.963,804.713,957.153,224.19,1087.01,832.84,132.092,14.3742,16.3274,19.4169,21.3176,4.99018,23.9597,19.2191,2.91462,20.8487,798.352
61,"n23g0021.hpc.itc.rwth-aachen.de",61,"61",5,2,0000:9d:00.0,4,"OK",67108864,"bandwidth","H2D",50,5,1862.35,1945.92,1947.69,1950.29,4.371,1955.23,1943.35,20.0087,31.9655,32.0465,32.0892,32.1185,0.0719839,33.5598,32.1645,0.343822,34.4555,1940.82
61,"n23g0021.hpc.itc.rwth-aachen.de",61,"61",5,2,0000:9d:00.0,4,"OK",67108864,"bandwidth","D2H",50,5,1911.05,2015.81,2021.2,2023.79,7.9795,2026.14,2012.51,26.9842,30.8468,30.8827,30.9223,31.0049,0.122248,32.7045,31.0615,0.434081,33.2026,2014.53
61,"n23g0021.hpc.itc.rwth-aachen.de",61,"61",5,2,0000:9d:00.0,4,"OK",268435456,"bandwidth","H2D",50,5,7760.04,7769.2,7775.45,7780.53,11.3265,7789.36,7775,6.82745,32.095,32.1315,32.1525,32.1783,0.0468436,32.2163,32.1544,0.0282378,34.5235,7768.9
61,"n23g0021.hpc.itc.rwth-aachen.de",61,"61",5,2,0000:9d:00.0,4,"OK",268435456,"bandwidth","D2H",50,5,8076.86,8093.65,8097.14,8105.27,11.6218,8115.75,8098.51,9.25553,30.8043,30.8441,30.8751,30.8884,0.0442895,30.9526,30.8699,0.0352872,33.1519,8090.66
61,"n23g0021.hpc.itc.rwth-aachen.de",61,"61",5,3,0000:ad:00.0,6,"OK",4096,"latency","H2D",50,5,12.761,13.645,13.945,14.2677,0.62275,17.249,13.9939,0.599026,0.221155,0.267365,0.273553,0.279568,0.0122025,0.298934,0.273047,0.0105684,0.293725,7.232
61,"n23g0021.hpc.itc.rwth-aachen.de",61,"61",5,3,0000:ad:00.0,6,"OK",4096,"latency","D2H",50,5,12.816,13.242,13.677,14.002,0.76,19.183,13.7655,0.90432,0.198858,0.272444,0.278913,0.288077,0.0156328,0.297651,0.27808,0.0147793,0.299481,7.12
61,"n23g0021.hpc.itc.rwth-aachen.de",61,"61",5,3,0000:ad:00.0,6,"OK",16777216,"bandwidth","H2D",50,5,770.811,880.266,946.93,1107.79,227.52,1353.43,1001.47,170.62,11.5448,14.1047,16.5007,17.7503,3.64561,20.2709,16.03,2.54368,17.7175,940.016
61,"n23g0021.hpc.itc.rwth-aachen.de",61,"61",5,3,0000:ad:00.0,6,"OK",16777216,"bandwidth","D2H",50,5,694.141,816.145,888.94,1030.19,214.048,1272.69,924.627,162.198,12.2772,15.1671,17.5777,19.1449,3.97782,22.5098,17.4042,2.92319,18.874,882.16
61,"n23g0021.hpc.itc.rwth-aachen.de",61,"61",5,3,0000:ad:00.0,6,"OK",67108864,"bandwidth","H2D",50,5,2736.85,2742.25,2743.72,2745.76,3.50475,2891.98,2752.49,34.5484,21.6115,22.7624,22.7793,22.7915,0.0290916,22.8365,22.7101,0.272535,24.4591,2736.8
61,"n23g0021.hpc.itc.rwth-aachen.de",61,"61",5,3,0000:ad:00.0,6,"OK",67108864,"bandwidth","D2H",50,5,2478.74,2488.82,2491.98,2494.87,6.0525,2618.03,2496.35,24.8418,23.8729,25.0514,25.0805,25.1123,0.0609221,25.2144,25.0389,0.238604,26.93,2485.2
61,"n23g0021.hpc.itc.rwth-aachen.de",61,"61",5,3,0000:ad:00.0,6,"OK",268435456,"bandwidth","H2D",50,5,10959,10974.9,10978.4,10984.2,9.25525,10991.6,10978.8,7.11356,22.7445,22.76,22.7721,22.7792,0.0191938,22.8122,22.7711,0.0147595,24.4513,10971.4
61,"n23g0021.hpc.itc.rwth-aachen.de",61,"61",5,3,0000:ad:00.0,6,"OK",268435456,"bandwidth","D2H",50,5,9966.11,9974.5,9979.01,9982.01,7.505,9996.17,9978.79,6.43503,25.0096,25.0451,25.0526,25.0639,0.0188444,25.085,25.0532,0.0161535,26.9,9972.34
62,"n23g0021.hpc.itc.rwth-aachen.de",62,"62",5,0,0000:1b:00.0,0,"OK",4096,"latency","H2D",50,5,14.491,15.614,15.774,16.022,0.408,18.397,15.8899,0.631346,0.207354,0.238091,0.241834,0.244313,0.00622138,0.263246,0.240427,0.00898785,0.259668,8.576
62,"n23g0021.hpc.itc.rwth-aachen.de",62,"62",5,0,0000:1b:00.0,0,"OK",4096,"latency","D2H",50,5,14.169,14.675,15.1255,15.6098,0.93475,26.743,15.5049,2.08498,0.142643,0.244379,0.252203,0.259945,0.0155662,0.269228,0.248903,0.0216254,0.270801,7.68
62,"n23g0021.hpc.itc.rwth-aachen.de",62,"62",5,0,0000:1b:00.0,0,"OK",16777216,"bandwidth","H2D",50,5,824.041,832.059,835.259,838.488,6.429,845.766,834.996,4.64073,18.4744,18.6347,18.7068,18.7787,0.143983,18.9614,18.7132,0.104155,20.0862,827.456
62,"n23g0021.hpc.itc.rwth-aachen.de",62,"62",5,0,0000:1b:00.0,0,"OK",16777216,"bandwidth","D2H",50,5,1723.38,1730.73,1734.3,1741.9,11.1762,1762.11,1737.46,9.28008,8.86721,8.97007,9.00939,9.028,0.0579245,9.06648,8.99328,0.0478356,9.67376,1725.98
62,"n23g0021.hpc.itc.rwth-aachen.de",62,"62",5,0,0000:1b:00.0,0,"OK",67108864,"bandwidth","H2D",50,5,3284.3,3302.07,3307.27,3311.97,9.9025,3325.66,3306.91,8.9337,18.7932,18.8709,18.8977,18.9275,0.0565917,19.0299,18.9,0.0510946,20.2913,3299.46
62,"n23g0021.hpc.itc.rwth-aachen.de",62,"62",5,0,0000:1b:00.0,0,"OK",67108864,"bandwidth","D2H",50,5,6159.6,6941.95,6949.45,6958.95,16.9995,6973.33,6929.27,118.168,8.96272,8.98124,8.99352,9.00323,0.0219934,10.1468,9.02262,0.170877,9.65672,6941.1
62,"n23g0021.hpc.itc.rwth-aachen.de",62,"62",5,0,0000:1b:00.0,0,"OK",268435456,"bandwidth","H2D",50,5,11819.1,12319.7,13053.4,13256.3,936.56,13294.3,12781.7,469.65,18.805,18.859,19.1521,20.2926,1.43368,21.1523,19.5858,0.725386,20.5644,13046.9
62,"n23g0021.hpc.itc.rwth-aachen.de",62,"62",5,0,0000:1b:00.0,0,"OK",268435456,"bandwidth","D2H",50,5,19538.3,23294.1,25423.8,27754.7,4460.58,27832.2,25100.2,2392.8,8.98239,9.00748,9.83333,10.7389,1.73137,12.7954,10.0585,1.03844,10.5585,25416.1
62,"n23g0021.hpc.itc.rwth-aachen.de",62,"62",5,1,0000:2c:00.0,2,"OK",4096,"latency","H2D",50,5,14.018,15.2492,15.488,15.721,0.47175,18.731,15.5035,0.678034,0.203657,0.24265,0.246301,0.250156,0.00750656,0.272128,0.246497,0.0101947,0.264463,8.272
62,"n23g0021.hpc.itc.rwth-aachen.de",62,"62",5,1,0000:2c:00.0,2,"OK",4096,"latency","D2H",50,5,14.134,15.0622,15.2585,15.5035,0.44125,36.767,15.6715,3.04573,0.103753,0.246054,0.250005,0.253262,0.00720852,0.269895,0.247572,0.0217946,0.268441,8.096
62,"n23g0021.hpc.itc.rwth-aachen.de",62,"62",5,1,0000:2c:00.0,2,"OK",16777216,"bandwidth","H2D",50,5,828.552,839.125,841.598,846.381,7.25675,850.489,842.154,5.13324,18.3718,18.4609,18.5659,18.6206,0.15965,18.8582,18.5543,0.113298,19.935,834.448
62,"n23g0021.hpc.itc.rwth-aachen.de",62,"62",5,1,0000:2c:00.0,2,"OK",16777216,"bandwidth","D2H",50,5,1725.2,1731.96,1736.08,1744.08,12.1227,1765.5,1739.02,10.3499,8.85018,8.95886,9.00017,9.02157,0.0627009,9.05694,8.98526,0.053182,9.66386,1728.05
62,"n23g0021.hpc.itc.rwth-aachen.de",62,"62",5,1,0000:2c:00.0,2,"OK",67108864,"bandwidth","H2D",50,5,3286.18,3300.3,3304.95,3312.33,12.0287,3321.51,3305.56,9.0337,18.8168,18.8689,18.911,18.9376,0.0687719,19.0191,18.9077,0.0517179,20.3055,3297.15
62,"n23g0021.hpc.itc.rwth-aachen.de",62,"62",5,1,0000:2c:00.0,2,"OK",67108864,"bandwidth","D2H",50,5,6164.02,6179.54,6187.47,6194.71,15.1635,6212.43,6187.26,10.9065,10.0605,10.0893,10.1011,10.114,0.0247573,10.1395,10.1014,0.0178085,10.8459,6178.9
62,"n23g0021.hpc.itc.rwth-aachen.de",62,"62",5,1,0000:2c:00.0,2,"OK",268435456,"bandwidth","H2D",50,5,11674.6,12353.3,13047.9,13369.7,1016.46,13469.7,12813.1,526.064,18.5601,18.6992,19.1602,20.2376,1.53831,21.4139,19.5445,0.809824,20.5731,13040.4
62,"n23g0021.hpc.itc.rwth-aachen.de",62,"62",5,1,0000:2c:00.0,2,"OK",268435456,"bandwidth","D2H",50,5,19659.2,22028.1,23257,25469,3440.87,27813,23703.3,2397.67,8.98861,9.81585,10.7502,11.3493,1.53347,12.7167,10.6562,1.08448,11.5429,23249.2
62,"n23g0021.hpc.itc.rwth-aachen.de",62,"62",5,2,0000:9d:00.0,4,"OK",4096,"latency","H2D",50,5,13.048,13.6463,14.1185,14.3127,0.6665,23.377,14.2162,1.43777,0.163182,0.266525,0.270192,0.279542,0.0130173,0.292359,0.270188,0.0186599,0.290116,7.488
62,"n23g0021.hpc.itc.rwth-aachen.de",62,"62",5,2,0000:9d:00.0,4,"OK",4096,"latency","D2H",50,5,12.147,13.0725,13.4015,13.7212,0.64875,20.619,13.5267,1.12478,0.185009,0.278014,0.284647,0.291811,0.0137973,0.314044,0.283443,0.0175405,0.305638,6.928
62,"n23g0021.hpc.itc.rwth-aachen.de",62,"62",5,2,0000:9d:00.0,4,"OK",16777216,"bandwidth","H2D",50,5,617.852,665.5,721.764,857.963,192.463,1063.98,767.597,122.507,14.6855,18.2118,21.6484,23.4786,5.26685,25.2892,20.8509,3.13535,23.2448,715.104
62,"n23g0021.hpc.itc.rwth-aachen.de",62,"62",5,2,0000:9d:00.0,4,"OK",16777216,"bandwidth","D2H",50,5,680.959,742.494,817.219,970.964,228.47,1211.7,864.989,145.854,12.8951,16.0923,19.1201,21.044,4.9517,22.9456,18.5568,2.9611,20.53,810.4
62,"n23g0021.hpc.itc.rwth-aachen.de",62,"62",5,2,0000:9d:00.0,4,"OK",67108864,"bandwidth","H2D",50,5,1860,1946.63,1948.76,1951.52,4.88875,1955.43,1941.07,25.6218,31.9622,32.0263,32.0717,32.1067,0.0804304,33.6022,32.2045,0.440314,34.4368,1942.21
62,"n23g0021.hpc.itc.rwth-aachen.de",62,"62",5,2,0000:9d:00.0,4,"OK",67108864,"bandwidth","D2H",50,5,1915.48,2015.23,2021,2023.38,8.1525,2028.17,2008.63,32.9353,30.816,30.8888,30.9253,31.0138,0.124959,32.6289,31.1244,0.530136,33.2057,2014.43
62,"n23g0021.hpc.itc.rwth-aachen.de",62,"62",5,2,0000:9d:00.0,4,"OK",268435456,"bandwidth","H2D",50,5,7756.75,7770.97,7775.51,7781.66,10.6885,7792.17,7775.86,7.88639,32.0835,32.1268,32.1522,32.171,0.0441886,32.23,32.1508,0.0326116,34.5232,7768.7
62,"n23g0021.hpc.itc.rwth-aachen.de",62,"62",5,2,0000:9d:00.0,4,"OK",268435456,"bandwidth","D2H",50,5,8084.4,8093.29,8098.05,8101.13,7.8435,8111.97,8097.71,6.74206,30.8186,30.8599,30.8716,30.8898,0.0299074,30.9238,30.873,0.0257,33.1482,8091.14
62,"n23g0021.hpc.itc.rwth-aachen.de",62,"62",5,3,0000:ad:00.0,6,"OK",4096,"latency","H2D",50,5,12.998,13.677,14.1445,14.381,0.704,19.418,14.1713,1.00097,0.196452,0.265261,0.269695,0.278914,0.013653,0.293483,0.270305,0.0160467,0.289583,7.504
62,"n23g0021.hpc.itc.rwth-aachen.de",62,"62",5,3,0000:ad:00.0,6,"OK",4096,"latency","D2H",50,5,12.58,13.103,13.484,13.7945,0.6915,14.656,13.4691,0.466006,0.260282,0.276538,0.282908,0.291132,0.014594,0.303235,0.283556,0.00978449,0.30377,6.976
62,"n23g0021.hpc.itc.rwth-aachen.de",62,"62",5,3,0000:ad:00.0,6,"OK",16777216,"bandwidth","H2D",50,5,774.002,839.256,947.498,1109,269.746,1353.2,994.695,171.997,11.5467,14.0892,16.4908,18.6312,4.54198,20.1873,16.1539,2.60883,17.7069,940.752
62,"n23g0021.hpc.itc.rwth-aachen.de",62,"62",5,3,0000:ad:00.0,6,"OK",16777216,"bandwidth","D2H",50,5,693.369,808.541,880.618,1037,228.459,1262.52,920.381,163.059,12.376,15.0677,17.7434,19.325,4.25731,22.5349,17.4929,2.95558,19.0518,873.968
62,"n23g0021.hpc.itc.rwth-aachen.de",62,"62",5,3,0000:ad:00.0,6,"OK",67108864,"bandwidth","H2D",50,5,2594.54,2739.48,2742.34,2743.84,4.357,2893.34,2742.18,41.7333,21.6013,22.7783,22.7907,22.8145,0.0362277,24.089,22.7973,0.347373,24.4714,2735.58
62,"n23g0021.hpc.itc.rwth-aachen.de",62,"62",5,3,0000:ad:00.0,6,"OK",67108864,"bandwidth","D2H",50,5,2382.97,2488.19,2492.04,2494.33,6.13775,2619.93,2491.45,24.2246,23.8556,25.0568,25.0798,25.1186,0.061809,26.2278,25.0882,0.24189,26.9293,2485.38
62,"n23g0021.hpc.itc.rwth-aachen.de",62,"62",5,3,0000:ad:00.0,6,"OK",268435456,"bandwidth","H2D",50,5,10863.1,10967.6,10971.8,10978.8,11.196,10998.5,10971.2,17.4618,22.7303,22.7712,22.7858,22.7944,0.0232454,23.0137,22.7869,0.0365365,24.466,10965.2
62,"n23g0021.hpc.itc.rwth-aachen.de",62,"62",5,3,0000:ad:00.0,6,"OK",268435456,"bandwidth","D2H",50,5,9915.55,9975.33,9980.55,9985.58,10.259,9997.77,9979.45,11.5123,25.0056,25.0361,25.0487,25.0618,0.0257481,25.2129,25.0515,0.0290087,26.8959,9974.14
63,"n23g0021.hpc.itc.rwth-aachen.de",63,"63",5,0,0000:1b:00.0,0,"OK",4096,"latency","H2D",50,5,14.697,15.36,15.5935,15.8158,0.45575,18.27,15.6718,0.541513,0.208796,0.241196,0.244634,0.248353,0.00715646,0.259556,0.243682,0.00784823,0.262674,8.368
63,"n23g0021.hpc.itc.rwth-aachen.de",63,"63",5,0,0000:1b:00.0,0,"OK",4096,"latency","D2H",50,5,13.775,14.6672,15.049,15.4352,0.768,32.164,15.42,2.51595,0.118601,0.247142,0.253485,0.260083,0.0129406,0.276929,0.250937,0.022545,0.272178,7.904
63,"n23g0021.hpc.itc.rwth-aachen.de",63,"63",5,0,0000:1b:00.0,0,"OK",16777216,"bandwidth","H2D",50,5,825.215,830.403,832.566,836.484,6.08075,844.667,833.471,4.41451,18.4984,18.6794,18.7673,18.8162,0.136782,18.9345,18.7474,0.0990216,20.1512,824.752
63,"n23g0021.hpc.itc.rwth-aachen.de",63,"63",5,0,0000:1b:00.0,0,"OK",16777216,"bandwidth","D2H",50,5,1724.75,1732.56,1736.63,1744.93,12.3718,1766,1739.35,10.1,8.84767,8.9545,8.99732,9.01844,0.0639413,9.05928,8.98356,0.0518808,9.6608,1728.16
63,"n23g0021.hpc.itc.rwth-aachen.de",63,"63",5,0,0000:1b:00.0,0,"OK",67108864,"bandwidth","H2D",50,5,3265.14,3282.35,3288.25,3296.06,13.703,3305.2,3288.7,9.12599,18.9096,18.9621,19.0071,19.0412,0.0791624,19.1416,19.0046,0.0527942,20.4087,3279.97
63,"n23g0021.hpc.itc.rwth-aachen.de",63,"63",5,0,0000:1b:00.0,0,"OK",67108864,"bandwidth","D2H",50,5,6163.56,6179.64,6187.55,6191.89,12.2552,6203.15,6185.67,8.99426,10.0755,10.0938,10.1009,10.1139,0.0200178,10.1402,10.104,0.0146993,10.8458,6179.34
63,"n23g0021.hpc.itc.rwth-aachen.de",63,"63",5,0,0000:1b:00.0,0,"OK",268435456,"bandwidth","H2D",50,5,12027.5,12339,13134.3,13266.7,927.707,13314.4,12807.3,475.004,18.7766,18.8441,19.0347,20.2609,1.41681,20.7857,19.5471,0.729105,20.4384,13127.6
63,"n23g0021.hpc.itc.rwth-aachen.de",63,"63",5,0,0000:1b:00.0,0,"OK",268435456,"bandwidth","D2H",50,5,21918,24964.4,25537.2,27755,2790.66,27809.2,25949.2,1484.12,8.98984,9.00737,9.78963,10.0143,1.00689,11.4061,9.66662,0.56843,10.5115,25529.4
63,"n23g0021.hpc.itc.rwth-aachen.de",63,"63",5,1,0000:2c:00.0,2,"OK",4096,"latency","H2D",50,5,14.403,14.9283,15.1655,15.4763,0.548,23.548,15.406,1.29559,0.161997,0.246487,0.251538,0.255539,0.00905131,0.264854,0.248861,0.0150182,0.270087,8.176
63,"n23g0021.hpc.itc.rwth-aachen.de",63,"63",5,1,0000:2c:00.0,2,"OK",4096,"latency","D2H",50,5,14.237,15.0235,15.1575,15.3622,0.33875,16.135,15.1557,0.367498,0.236424,0.248316,0.251671,0.253916,0.00559924,0.267942,0.251849,0.00614641,0.270229,8
63,"n23g0021.hpc.itc.rwth-aachen.de",63,"63",5,1,0000:2c:00.0,2,"OK",16777216,"bandwidth","H2D",50,5,838.941,846.431,848.54,851.964,5.534,867.849,849.5,5.26399,18.0043,18.34,18.414,18.4599,0.119906,18.6247,18.3939,0.113385,19.7719,840.992
63,"n23g0021.hpc.itc.rwth-aachen.de",63,"63",5,1,0000:2c:00.0,2,"OK",16777216,"bandwidth","D2H",50,5,1718.04,1731.01,1735.18,1741.24,10.2272,1760.25,1737.29,9.32497,8.8766,8.97349,9.00482,9.02651,0.053017,9.09466,8.99414,0.0481104,9.66885,1727.38
63,"n23g0021.hpc.itc.rwth-aachen.de",63,"63",5,1,0000:2c:00.0,2,"OK",67108864,"bandwidth","H2D",50,5,3322.06,3334.97,3341.09,3350.53,15.5605,3367.75,3342.53,10.4286,18.5584,18.6538,18.7065,18.7408,0.0870359,18.8136,18.6986,0.0582674,20.0859,3332.66
63,"n23g0021.hpc.itc.rwth-aachen.de",63,"63",5,1,0000:2c:00.0,2,"OK",67108864,"bandwidth","D2H",50,5,6920.53,6937.96,6946.18,6954.46,16.4935,6970.14,6946.07,11.5953,8.96682,8.98704,8.99775,9.00841,0.0213647,9.0311,8.99792,0.0150204,9.66126,6937.84
63,"n23g0021.hpc.itc.rwth-aachen.de",63,"63",5,1,0000:2c:00.0,2,"OK",268435456,"bandwidth","H2D",50,5,12314.2,12478.3,13407.3,13442.3,964.069,13486.3,12976,486.702,18.5373,18.598,18.6466,20.0348,1.43687,20.3017,19.2936,0.726725,20.0216,13399.5
63,"n23g0021.hpc.itc.rwth-aachen.de",63,"63",5,1,0000:2c:00.0,2,"OK",268435456,"bandwidth","D2H",50,5,24905.6,25448.3,27003.8,27801.9,2353.54,27860.4,26614.7,1195.1,8.97331,8.9922,9.25823,9.82382,0.831627,10.0379,9.41237,0.424813,9.94094,26995.6
63,"n23g0021.hpc.itc.rwth-aachen.de",63,"63",5,2,0000:9d:00.0,4,"OK",4096,"latency","H2D",50,5,13.098,13.6707,13.985,14.3405,0.66975,20.624,14.25,1.31991,0.184964,0.26601,0.272771,0.279041,0.0130313,0.291243,0.269452,0.0191015,0.292885,7.392
63,"n23g0021.hpc.itc.rwth-aachen.de",63,"63",5,2,0000:9d:00.0,4,"OK",4096,"latency","D2H",50,5,12.3,13.1103,13.517,13.8002,0.69,14.792,13.4821,0.56195,0.257889,0.276422,0.282215,0.290972,0.0145492,0.310138,0.283439,0.0118894,0.303026,6.928
63,"n23g0021.hpc.itc.rwth-aachen.de",63,"63",5,2,0000:9d:00.0,4,"OK",16777216,"bandwidth","H2D",50,5,589.383,664.248,719.041,837.741,173.494,955.616,746.386,111.86,16.3507,18.678,21.7303,23.5229,4.84483,26.5108,21.3848,3.03333,23.3328,712.4
63,"n23g0021.hpc.itc.rwth-aachen.de",63,"63",5,2,0000:9d:00.0,4,"OK",16777216,"bandwidth","D2H",50,5,681.38,737.43,806.875,964.829,227.399,1091.12,838.757,128.918,14.3201,16.1946,19.3648,21.1885,4.99387,22.9314,19.0545,2.79448,20.7928,800.176
63,"n23g0021.hpc.itc.rwth-aachen.de",63,"63",5,2,0000:9d:00.0,4,"OK",67108864,"bandwidth","H2D",50,5,1859.86,1945.96,1947.88,1950.58,4.62575,1954.93,1940.44,25.367,31.9704,32.0417,32.0862,32.1179,0.0761661,33.6048,32.2149,0.436079,34.4523,1941.2
63,"n23g0021.hpc.itc.rwth-aachen.de",63,"63",5,2,0000:9d:00.0,4,"OK",67108864,"bandwidth","D2H",50,5,1915.3,2015.99,2020.85,2024.07,8.077,2028.17,2010.84,30.8264,30.816,30.8784,30.9275,31.0021,0.123714,32.632,31.0891,0.496263,33.2082,2013.73
63,"n23g0021.hpc.itc.rwth-aachen.de",63,"63",5,2,0000:9d:00.0,4,"OK",268435456,"bandwidth","H2D",50,5,7759.43,7769.23,7772.68,7776.39,7.16025,7785.82,7772.59,6.15768,32.1096,32.1486,32.1639,32.1782,0.0296286,32.2189,32.1643,0.0254783,34.5357,7766.03
63,"n23g0021.hpc.itc.rwth-aachen.de",63,"63",5,2,0000:9d:00.0,4,"OK",268435456,"bandwidth","D2H",50,5,8079.01,8090.62,8095.03,8100.6,9.98825,8113,8095.14,7.45391,30.8147,30.8619,30.8832,30.9,0.0381004,30.9444,30.8828,0.0284373,33.1605,8088.48
63,"n23g0021.hpc.itc.rwth-aachen.de",63,"63",5,3,0000:ad:00.0,6,"OK",4096,"latency","H2D",50,5,13.153,13.6392,14.0755,14.4017,0.7625,17.138,14.0577,0.61399,0.222587,0.264877,0.271017,0.279685,0.0148081,0.290025,0.271835,0.0109491,0.291003,7.456
63,"n23g0021.hpc.itc.rwth-aachen.de",63,"63",5,3,0000:ad:00.0,6,"OK",4096,"latency","D2H",50,5,12.689,13.2263,13.5635,13.802,0.57575,14.692,13.5904,0.449508,0.259645,0.276388,0.281247,0.288419,0.0120303,0.30063,0.280993,0.00916744,0.301987,6.96
63,"n23g0021.hpc.itc.rwth-aachen.de",63,"63",5,3,0000:ad:00.0,6,"OK",16777216,"bandwidth","H2D",50,5,775.091,880.048,981.534,1107.35,227.305,1352.33,1010.75,167.49,11.5541,14.1102,15.9375,17.7547,3.64448,20.1589,15.8629,2.46978,17.1128,974.768
63,"n23g0021.hpc.itc.rwth-aachen.de",63,"63",5,3,0000:ad:00.0,6,"OK",16777216,"bandwidth","D2H",50,5,696.809,814.875,917.002,1029.58,214.7,1269.45,934.299,158.788,12.3084,15.1762,17.0537,19.1747,3.99857,22.4236,17.1908,2.7879,18.3112,910.32
63,"n23g0021.hpc.itc.rwth-aachen.de",63,"63",5,3,0000:ad:00.0,6,"OK",67108864,"bandwidth","H2D",50,5,2601.28,2742.21,2744.6,2746.67,4.45575,2890.3,2741.85,35.2517,21.624,22.7548,22.772,22.7918,0.0369738,24.0266,22.7987,0.298047,24.4513,2738.11
63,"n23g0021.hpc.itc.rwth-aachen.de",63,"63",5,3,0000:ad:00.0,6,"OK",67108864,"bandwidth","D2H",50,5,2377,2488.59,2491.89,2494.6,6.0115,2593.97,2487.91,27.7685,24.0944,25.0541,25.0814,25.1146,0.0605198,26.2936,25.1247,0.285028,26.9309,2485.12
63,"n23g0021.hpc.itc.rwth-aachen.de",63,"63",5,3,0000:ad:00.0,6,"OK",268435456,"bandwidth","H2D",50,5,10790,10968.2,10972.8,10978.5,10.3972,10987.9,10959.3,44.9436,22.7524,22.7717,22.7836,22.7933,0.0215864,23.1696,22.812,0.0946774,24.4637,10966
63,"n23g0021.hpc.itc.rwth-aachen.de",63,"63",5,3,0000:ad:00.0,6,"OK",268435456,"bandwidth","D2H",50,5,9830.94,9975.47,9980.21,9985.09,9.6265,9996.83,9972.96,31.6728,25.0079,25.0373,25.0496,25.0615,0.0241615,25.4299,25.068,0.0805273,26.8968,9973.76
64,"n23g0021.hpc.itc.rwth-aachen.de",64,"64",5,0,0000:1b:00.0,0,"OK",4096,"latency","H2D",50,5,14.752,15.2893,15.53,15.8095,0.52025,17.115,15.6086,0.458742,0.222886,0.241291,0.245634,0.249503,0.00821111,0.258588,0.244601,0.00696322,0.263748,8.304
64,"n23g0021.hpc.itc.rwth-aachen.de",64,"64",5,0,0000:1b:00.0,0,"OK",4096,"latency","D2H",50,5,13.444,14.7933,15.1525,15.4105,0.61725,21.347,15.2138,1.05937,0.178699,0.247539,0.251754,0.257868,0.010329,0.283747,0.251738,0.0145776,0.270318,8.032
64,"n23g0021.hpc.itc.rwth-aachen.de",64,"64",5,0,0000:1b:00.0,0,"OK",16777216,"bandwidth","H2D",50,5,829.689,834.628,836.399,838.408,3.77975,844.567,836.686,3.62076,18.5006,18.6365,18.6813,18.7209,0.0843985,18.8324,18.6752,0.0807392,20.0589,828.736
64,"n23g0021.hpc.itc.rwth-aachen.de",64,"64",5,0,0000:1b:00.0,0,"OK",16777216,"bandwidth","D2H",50,5,1722.8,1731.07,1736.05,1741.87,10.7973,1766.56,1738.31,10.5336,8.84486,8.97025,9.00031,9.0262,0.0559491,9.06953,8.98893,0.0541788,9.66401,1727.84
64,"n23g0021.hpc.itc.rwth-aachen.de",64,"64",5,0,0000:1b:00.0,0,"OK",67108864,"bandwidth","H2D",50,5,3277.68,3292.55,3299.09,3305.99,13.4395,3317.1,3299.62,9.29975,18.8418,18.9051,18.9446,18.9822,0.0771664,19.0684,18.9417,0.0534081,20.3416,3291.31
64,"n23g0021.hpc.itc.rwth-aachen.de",64,"64",5,0,0000:1b:00.0,0,"OK",67108864,"bandwidth","D2H",50,5,6927,6948.89,6957.36,6964.32,15.4288,6979.06,6955.91,11.1971,8.95537,8.97431,8.9833,8.99424,0.0199258,9.02266,8.98519,0.014474,9.64574,6949.41
64,"n23g0021.hpc.itc.rwth-aachen.de",64,"64",5,0,0000:1b:00.0,0,"OK",268435456,"bandwidth","H2D",50,5,11911,12376.8,13105.2,13236.4,859.584,13279.7,12794.8,461.062,18.8257,18.8874,19.0764,20.1991,1.31176,20.989,19.5648,0.710417,20.4832,13097.5
64,"n23g0021.hpc.itc.rwth-aachen.de",64,"64",5,0,0000:1b:00.0,0,"OK",268435456,"bandwidth","D2H",50,5,22424,25459.6,25813,27779.6,2320.05,27849.7,26222.4,1490.23,8.97674,8.99941,9.68507,9.81949,0.820087,11.1488,9.56596,0.566577,10.3993,25805.3
64,"n23g0021.hpc.itc.rwth-aachen.de",64,"64",5,1,0000:2c:00.0,2,"OK",4096,"latency","H2D",50,5,14.486,15.157,15.357,15.8238,0.66675,22.141,15.6084,1.14098,0.172291,0.241074,0.248401,0.251679,0.0106047,0.263337,0.245426,0.0141859,0.266719,8.192
64,"n23g0021.hpc.itc.rwth-aachen.de",64,"64",5,1,0000:2c:00.0,2,"OK",4096,"latency","D2H",50,5,13.97,14.983,15.1455,15.5045,0.5215,19.118,15.2562,0.695336,0.199534,0.246038,0.25187,0.254602,0.00856361,0.273064,0.250504,0.010191,0.270444,7.904
64,"n23g0021.hpc.itc.rwth-aachen.de",64,"64",5,1,0000:2c:00.0,2,"OK",16777216,"bandwidth","H2D",50,5,830.479,837.442,840.947,845.784,8.34125,855.538,841.709,5.41598,18.2634,18.474,18.5803,18.658,0.184007,18.8144,18.5642,0.119236,19.9504,832.928
64,"n23g0021.hpc.itc.rwth-aachen.de",64,"64",5,1,0000:2c:00.0,2,"OK",16777216,"bandwidth","D2H",50,5,1723.57,1729.69,1733.69,1740.9,11.2038,1754.52,1736.06,8.10516,8.90557,8.97525,9.01256,9.03339,0.0581355,9.06551,9.00045,0.041879,9.67717,1725.1
64,"n23g0021.hpc.itc.rwth-aachen.de",64,"64",5,1,0000:2c:00.0,2,"OK",67108864,"bandwidth","H2D",50,5,3317.06,3335,3342.62,3348.72,13.7163,3363.16,3341.9,10.7046,18.5837,18.6639,18.6979,18.7406,0.0767614,18.842,18.7021,0.0599178,20.0767,3334.53
64,"n23g0021.hpc.itc.rwth-aachen.de",64,"64",5,1,0000:2c:00.0,2,"OK",67108864,"bandwidth","D2H",50,5,6922.82,6937.49,6947.59,6954.41,16.9237,6973.01,6946.94,12.241,8.96313,8.9871,8.99592,9.00902,0.0219237,9.02811,8.9968,0.015848,9.6593,6939.28
64,"n23g0021.hpc.itc.rwth-aachen.de",64,"64",5,1,0000:2c:00.0,2,"OK",268435456,"bandwidth","H2D",50,5,12243.2,12460.3,13431.1,13455.6,995.248,13498.8,12978.9,496.898,18.5202,18.5797,18.6135,20.0637,1.48402,20.4196,19.2904,0.742004,19.9861,13423.1
64,"n23g0021.hpc.itc.rwth-aachen.de",64,"64",5,1,0000:2c:00.0,2,"OK",268435456,"bandwidth","D2H",50,5,24848.3,25653.3,25911.6,27791.5,2138.15,27844,26545.5,1128.44,8.97859,8.99557,9.6482,9.74533,0.749762,10.0611,9.4348,0.40054,10.3597,25903.6
64,"n23g0021.hpc.itc.rwth-aachen.de",64,"64",5,2,0000:9d:00.0,4,"OK",4096,"latency","H2D",50,5,12.984,13.509,13.8605,14.1067,0.59775,20.901,14.1225,1.47023,0.182513,0.270416,0.275221,0.282382,0.011966,0.2938,0.27226,0.0207705,0.295516,7.264
64,"n23g0021.hpc.itc.rwth-aachen.de",64,"64",5,2,0000:9d:00.0,4,"OK",4096,"latency","D2H",50,5,12.568,12.9595,13.28,13.868,0.9085,31.328,13.8308,2.63662,0.121766,0.275073,0.287251,0.294357,0.0192839,0.303525,0.28082,0.0272349,0.308434,6.832
64,"n23g0021.hpc.itc.rwth-aachen.de",64,"64",5,2,0000:9d:00.0,4,"OK",16777216,"bandwidth","H2D",50,5,615.91,666.147,720.101,858.887,192.74,1070.95,767.085,123.653,14.5899,18.1922,21.6983,23.4558,5.26363,25.369,20.8705,3.14408,23.2984,713.456
64,"n23g0021.hpc.itc.rwth-aachen.de",64,"64",5,2,0000:9d:00.0,4,"OK",16777216,"bandwidth","D2H",50,5,678.023,738.342,808.556,968.344,230.002,1211.76,859.847,145.743,12.8945,16.1358,19.325,21.1623,5.02647,23.0449,18.6697,2.97579,20.7501,801.952
64,"n23g0021.hpc.itc.rwth-aachen.de",64,"64",5,2,0000:9d:00.0,4,"OK",67108864,"bandwidth","H2D",50,5,1862.85,1944.54,1947.33,1948.51,3.9705,1953.28,1938.18,25.2291,31.9975,32.0759,32.0953,32.1414,0.0654949,33.5508,32.2523,0.433273,34.462,1940.88
64,"n23g0021.hpc.itc.rwth-aachen.de",64,"64",5,2,0000:9d:00.0,4,"OK",67108864,"bandwidth","D2H",50,5,1909.36,2015.57,2019.87,2022.39,6.8125,2026.93,2007.41,34.0709,30.8348,30.9041,30.9425,31.0085,0.104454,32.7335,31.144,0.549981,33.2243,2013.3
64,"n23g0021.hpc.itc.rwth-aachen.de",64,"64",5,2,0000:9d:00.0,4,"OK",268435456,"bandwidth","H2D",50,5,7756.45,7766.73,7770.32,7775.52,8.795,7788.68,7770.87,7.18998,32.0979,32.1522,32.1737,32.1886,0.0364089,32.2312,32.1714,0.0297609,34.5463,7763.98
64,"n23g0021.hpc.itc.rwth-aachen.de",64,"64",5,2,0000:9d:00.0,4,"OK",268435456,"bandwidth","D2H",50,5,8083.75,8090.99,8096.63,8101.35,10.3578,8113.56,8096.56,7.06089,30.8126,30.8591,30.877,30.8986,0.0395045,30.9262,30.8773,0.0269248,33.154,8090.16
64,"n23g0021.hpc.itc.rwth-aachen.de",64,"64",5,3,0000:ad:00.0,6,"OK",4096,"latency","H2D",50,5,11.108,11.603,11.8445,12.0425,0.4395,16.445,11.9828,0.839313,0.231967,0.31677,0.322066,0.328768,0.0119986,0.343419,0.319612,0.0181692,0.345815,5.84
64,"n23g0021.hpc.itc.rwth-aachen.de",64,"64",5,3,0000:ad:00.0,6,"OK",4096,"latency","D2H",50,5,11.234,11.474,11.75,11.859,0.385,12.154,11.7059,0.262492,0.313864,0.321671,0.324655,0.332464,0.0107934,0.339567,0.326043,0.00731801,0.348596,5.824
64,"n23g0021.hpc.itc.rwth-aachen.de",64,"64",5,3,0000:ad:00.0,6,"OK",16777216,"bandwidth","H2D",50,5,695.606,696.977,697.841,699.529,2.552,701.538,698.196,1.52314,22.2725,22.3365,22.3905,22.4182,0.0817853,22.4624,22.3792,0.0487923,24.0416,691.552
64,"n23g0021.hpc.itc.rwth-aachen.de",64,"64",5,3,0000:ad:00.0,6,"OK",16777216,"bandwidth","D2H",50,5,621.737,624.076,625.316,626.328,2.2515,634.271,626.294,3.35173,24.6346,24.947,24.9874,25.037,0.0900023,25.1312,24.9491,0.1328,26.83,619.04
64,"n23g0021.hpc.itc.rwth-aachen.de",64,"64",5,3,0000:ad:00.0,6,"OK",67108864,"bandwidth","H2D",50,5,2602.31,2740.72,2743.38,2746.52,5.79975,2749.94,2732.85,32.7803,22.7277,22.7561,22.7821,22.8042,0.048155,24.0171,22.8733,0.284668,24.4621,2736.78
64,"n23g0021.hpc.itc.rwth-aachen.de",64,"64",5,3,0000:ad:00.0,6,"OK",67108864,"bandwidth","D2H",50,5,2391.44,2485.97,2489.65,2491.85,5.87425,2495.47,2484.31,19.7692,25.0454,25.0818,25.1039,25.1411,0.0592673,26.1348,25.1596,0.206333,26.9551,2483.07
64,"n23g0021.hpc.itc.rwth-aachen.de",64,"64",5,3,0000:ad:00.0,6,"OK",268435456,"bandwidth","H2D",50,5,10790.6,10962.7,10973.3,10980.1,17.4505,10997.9,10949.4,60.594,22.7315,22.7685,22.7825,22.8047,0.0362431,23.1684,22.833,0.127703,24.4626,10966.5
64,"n23g0021.hpc.itc.rwth-aachen.de",64,"64",5,3,0000:ad:00.0,6,"OK",268435456,"bandwidth","D2H",50,5,9818.21,9971.82,9977.75,9981.83,10.0112,10002.3,9963.62,43.1216,24.9943,25.0455,25.0557,25.0706,0.0251445,25.4629,25.0918,0.109708,26.9034,9971.22
65,"n23g0021.hpc.itc.rwth-aachen.de",65,"65",5,0,0000:1b:00.0,0,"OK",4096,"latency","H2D",50,5,14.202,15.263,15.5115,15.8105,0.5475,24.664,15.7228,1.38208,0.154667,0.241276,0.245927,0.249931,0.00865481,0.268603,0.243936,0.0152092,0.264062,8.4
65,"n23g0021.hpc.itc.rwth-aachen.de",65,"65",5,0,0000:1b:00.0,0,"OK",4096,"latency","D2H",50,5,13.611,14.4258,14.7985,15.2572,0.8315,22.258,14.9874,1.20408,0.171385,0.250025,0.257776,0.264438,0.0144128,0.280266,0.255789,0.0159837,0.276785,7.728
65,"n23g0021.hpc.itc.rwth-aachen.de",65,"65",5,0,0000:1b:00.0,0,"OK",16777216,"bandwidth","H2D",50,5,824.332,831.259,833.889,835.823,4.564,842.691,833.396,3.95127,18.5418,18.6942,18.7375,18.7968,0.10264,18.9547,18.749,0.0889826,20.1192,826.224
65,"n23g0021.hpc.itc.rwth-aachen.de",65,"65",5,0,0000:1b:00.0,0,"OK",16777216,"bandwidth","D2H",50,5,1725.58,1731.8,1735.54,1744.51,12.7068,1756.8,1737.88,8.35016,8.89403,8.95667,9.00297,9.02239,0.0657177,9.05494,8.99105,0.0430962,9.66687,1727.65
65,"n23g0021.hpc.itc.rwth-aachen.de",65,"65",5,0,0000:1b:00.0,0,"OK",67108864,"bandwidth","H2D",50,5,3263.48,3280.17,3290.72,3297.1,16.9318,3305.59,3288.17,11.3834,18.9074,18.9561,18.9928,19.0539,0.0978485,19.1513,19.0078,0.0659048,20.3933,3283.23
65,"n23g0021.hpc.itc.rwth-aachen.de",65,"65",5,0,0000:1b:00.0,0,"OK",67108864,"bandwidth","D2H",50,5,6169.11,6186.29,6191.81,6199.56,13.2775,6222.11,6192.34,10.3484,10.0448,10.0814,10.094,10.103,0.0216374,10.1311,10.0931,0.0168587,10.8383,6183.76
65,"n23g0021.hpc.itc.rwth-aachen.de",65,"65",5,0,0000:1b:00.0,0,"OK",268435456,"bandwidth","H2D",50,5,12153.3,12302,13179.7,13262.5,960.481,13317.8,12803.9,477.5,18.7718,18.8501,18.9686,20.3219,1.47173,20.5706,19.5526,0.73226,20.3674,13172.1
65,"n23g0021.hpc.itc.rwth-aachen.de",65,"65",5,0,0000:1b:00.0,0,"OK",268435456,"bandwidth","D2H",50,5,22591.8,25443.7,25816.2,27781.8,2338.1,27883.6,26304.8,1399.98,8.96586,8.99871,9.68385,9.82563,0.826925,11.0659,9.53172,0.522345,10.398,25808.7
65,"n23g0021.hpc.itc.rwth-aachen.de",65,"65",5,1,0000:2c:00.0,2,"OK",4096,"latency","H2D",50,5,14.376,15.11,15.3565,15.6955,0.5855,33.044,16.0995,3.42029,0.115443,0.243044,0.248409,0.252462,0.00941746,0.265352,0.242633,0.0271148,0.266727,8.24
65,"n23g0021.hpc.itc.rwth-aachen.de",65,"65",5,1,0000:2c:00.0,2,"OK",4096,"latency","D2H",50,5,13.987,14.927,15.1945,15.5348,0.60775,16.557,15.2178,0.541061,0.230398,0.24556,0.251058,0.255557,0.00999681,0.272732,0.25099,0.00893068,0.269571,8.048
65,"n23g0021.hpc.itc.rwth-aachen.de",65,"65",5,1,0000:2c:00.0,2,"OK",16777216,"bandwidth","H2D",50,5,836.034,843.352,847.054,848.99,5.638,857.467,846.67,4.58651,18.2223,18.4042,18.4463,18.5272,0.123036,18.6894,18.4552,0.0999748,19.8065,839.328
65,"n23g0021.hpc.itc.rwth-aachen.de",65,"65",5,1,0000:2c:00.0,2,"OK",16777216,"bandwidth","D2H",50,5,1723.62,1732.84,1736.9,1743.69,10.8475,1761.78,1739.36,8.68772,8.86889,8.96088,8.99591,9.01698,0.0560946,9.06522,8.9834,0.0447074,9.65929,1728.98
65,"n23g0021.hpc.itc.rwth-aachen.de",65,"65",5,1,0000:2c:00.0,2,"OK",67108864,"bandwidth","H2D",50,5,3324.91,3340.37,3344.95,3348.4,8.02875,3360.44,3344.25,7.87809,18.5988,18.6656,18.6849,18.7105,0.0448637,18.7975,18.6889,0.0440629,20.0628,3336.96
65,"n23g0021.hpc.itc.rwth-aachen.de",65,"65",5,1,0000:2c:00.0,2,"OK",67108864,"bandwidth","D2H",50,5,6921.49,6935.72,6942.73,6948.64,12.918,6968.26,6942.69,9.99623,8.96925,8.99457,9.00223,9.01132,0.0167527,9.02985,9.0023,0.0129557,9.66607,6934.9
65,"n23g0021.hpc.itc.rwth-aachen.de",65,"65",5,1,0000:2c:00.0,2,"OK",268435456,"bandwidth","H2D",50,5,12177.3,12505.6,13407.6,13445.1,939.53,13487,12980.1,487.741,18.5364,18.5941,18.6461,19.9911,1.39696,20.5299,19.2876,0.728709,20.0211,13399.8
65,"n23g0021.hpc.itc.rwth-aachen.de",65,"65",5,1,0000:2c:00.0,2,"OK",268435456,"bandwidth","D2H",50,5,24973.4,25774,27770.9,27804.4,2030.4,27875.6,26792.5,1066.03,8.9684,8.99138,9.00223,9.69969,0.708315,10.0106,9.34587,0.374348,9.66607,27762.8
65,"n23g0021.hpc.itc.rwth-aachen.de",65,"65",5,2,0000:9d:00.0,4,"OK",4096,"latency","H2D",50,5,13.009,13.6625,13.9205,14.1825,0.52,18.076,14.0245,0.828337,0.211037,0.268972,0.274035,0.27921,0.0102375,0.293235,0.272805,0.0136528,0.294243,7.36
65,"n23g0021.hpc.itc.rwth-aachen.de",65,"65",5,2,0000:9d:00.0,4,"OK",4096,"latency","D2H",50,5,12.389,13.055,13.3095,13.6522,0.59725,22.02,13.5418,1.3188,0.173238,0.279421,0.286615,0.292202,0.0127817,0.30791,0.283528,0.0191766,0.307751,6.88
65,"n23g0021.hpc.itc.rwth-aachen.de",65,"65",5,2,0000:9d:00.0,4,"OK",16777216,"bandwidth","H2D",50,5,616.12,664.108,720.248,856.768,192.66,1071.94,755.543,117.811,14.5764,18.2371,21.6939,23.5278,5.29065,25.3603,21.1579,3.09474,23.2937,713.632
65,"n23g0021.hpc.itc.rwth-aachen.de",65,"65",5,2,0000:9d:00.0,4,"OK",16777216,"bandwidth","D2H",50,5,681.35,739.198,808.76,969.915,230.717,1098.18,845.036,133.786,14.2281,16.1097,19.3197,21.1378,5.02812,22.9324,18.9385,2.8562,20.7444,802.112
65,"n23g0021.hpc.itc.rwth-aachen.de",65,"65",5,2,0000:9d:00.0,4,"OK",67108864,"bandwidth","H2D",50,5,1866.35,1945.11,1947.52,1949.89,4.7825,1956.15,1943.54,17.738,31.9505,32.0531,32.0921,32.1319,0.0788102,33.4879,32.1605,0.303732,34.4586,1941.07
65,"n23g0021.hpc.itc.rwth-aachen.de",65,"65",5,2,0000:9d:00.0,4,"OK",67108864,"bandwidth","D2H",50,5,1922.32,2014.14,2020.12,2023,8.8665,2028.18,2015.07,19.4336,30.8158,30.8947,30.9387,31.0307,0.136003,32.5128,31.0194,0.31197,33.2202,2013.62
65,"n23g0021.hpc.itc.rwth-aachen.de",65,"65",5,2,0000:9d:00.0,4,"OK",268435456,"bandwidth","H2D",50,5,7766.32,7774.57,7777.83,7780.87,6.298,7789.19,7777.84,4.93289,32.0958,32.1301,32.1426,32.1561,0.0260278,32.1903,32.1426,0.0203863,34.5129,7771.31
65,"n23g0021.hpc.itc.rwth-aachen.de",65,"65",5,2,0000:9d:00.0,4,"OK",268435456,"bandwidth","D2H",50,5,8085.78,8094.23,8099.86,8105.43,11.201,8115.17,8099.42,7.35135,30.8065,30.8435,30.8647,30.8862,0.042682,30.9185,30.8664,0.0280161,33.1408,8093.2
65,"n23g0021.hpc.itc.rwth-aachen.de",65,"65",5,3,0000:ad:00.0,6,"OK",4096,"latency","H2D",50,5,11.133,11.3345,11.5525,11.7415,0.407,14.613,11.6086,0.495634,0.261048,0.324891,0.330206,0.336556,0.0116659,0.342648,0.329121,0.0120218,0.354555,5.648
65,"n23g0021.hpc.itc.rwth-aachen.de",65,"65",5,3,0000:ad:00.0,6,"OK",4096,"latency","D2H",50,5,10.908,11.2767,11.52,11.6348,0.358,14.145,11.5423,0.463264,0.269685,0.327871,0.331138,0.33828,0.0104088,0.349716,0.330966,0.0117251,0.355556,5.68
65,"n23g0021.hpc.itc.rwth-aachen.de",65,"65",5,3,0000:ad:00.0,6,"OK",16777216,"bandwidth","H2D",50,5,659.683,695.673,696.371,697.389,1.71525,703.946,694.373,8.67142,22.1963,22.405,22.4377,22.4603,0.0552417,23.6856,22.506,0.293552,24.0923,690.176
65,"n23g0021.hpc.itc.rwth-aachen.de",65,"65",5,3,0000:ad:00.0,6,"OK",16777216,"bandwidth","D2H",50,5,597.478,623.232,624.641,626.358,3.12575,633.641,623.36,8.54094,24.6591,24.9458,25.0143,25.0709,0.125113,26.1516,25.0706,0.353346,26.859,618.32
65,"n23g0021.hpc.itc.rwth-aachen.de",65,"65",5,3,0000:ad:00.0,6,"OK",67108864,"bandwidth","H2D",50,5,2623.35,2742.25,2744.95,2747.39,5.144,2752,2736.95,28.9106,22.7107,22.7488,22.7691,22.7915,0.042673,23.8245,22.8383,0.249586,24.4481,2737.79
65,"n23g0021.hpc.itc.rwth-aachen.de",65,"65",5,3,0000:ad:00.0,6,"OK",67108864,"bandwidth","D2H",50,5,2391.67,2485.58,2489.67,2492.57,6.98525,2499.55,2484.59,18.4685,25.0045,25.0746,25.1037,25.145,0.0704673,26.1323,25.1565,0.191651,26.9549,2483.26
65,"n23g0021.hpc.itc.rwth-aachen.de",65,"65",5,3,0000:ad:00.0,6,"OK",268435456,"bandwidth","H2D",50,5,10802.6,10968.3,10974.2,10981.4,13.083,10993.9,10947.6,61.506,22.7399,22.7658,22.7807,22.793,0.027155,23.1426,22.8368,0.129496,24.4605,10967.6
65,"n23g0021.hpc.itc.rwth-aachen.de",65,"65",5,3,0000:ad:00.0,6,"OK",268435456,"bandwidth","D2H",50,5,9831.35,9967.31,9977.58,9982.03,14.7265,9999.05,9958.92,47.991,25.0024,25.045,25.0562,25.082,0.0370035,25.4289,25.1037,0.122151,26.9039,9970.98
66,"n23g0021.hpc.itc.rwth-aachen.de",66,"66",5,0,0000:1b:00.0,0,"OK",4096,"latency","H2D",50,5,14.251,15.2142,15.412,15.6352,0.421,24.303,15.6318,1.37063,0.156964,0.243981,0.247515,0.250732,0.00675125,0.267679,0.245347,0.0151334,0.265767,8.336
66,"n23g0021.hpc.itc.rwth-aachen.de",66,"66",5,0,0000:1b:00.0,0,"OK",4096,"latency","D2H",50,5,13.512,14.4663,14.752,14.988,0.52175,15.885,14.7497,0.495361,0.240145,0.254517,0.258588,0.263697,0.00917987,0.282319,0.258922,0.00871973,0.277657,7.776
66,"n23g0021.hpc.itc.rwth-aachen.de",66,"66",5,0,0000:1b:00.0,0,"OK",16777216,"bandwidth","H2D",50,5,829.747,833.438,835.397,838.625,5.18675,846.911,836.496,4.19411,18.4494,18.6317,18.7037,18.7476,0.115951,18.831,18.6796,0.0933743,20.0829,827.504
66,"n23g0021.hpc.itc.rwth-aachen.de",66,"66",5,0,0000:1b:00.0,0,"OK",16777216,"bandwidth","D2H",50,5,1724.49,1730.95,1736.32,1741.81,10.865,1763.49,1738.69,10.5311,8.86029,8.97055,8.99891,9.02686,0.0563074,9.06063,8.98696,0.0541543,9.66251,1728.58
66,"n23g0021.hpc.itc.rwth-aachen.de",66,"66",5,0,0000:1b:00.0,0,"OK",67108864,"bandwidth","H2D",50,5,3261.83,3274.4,3280.94,3287.7,13.302,3304.36,3281.28,8.88099,18.9144,19.0102,19.0494,19.0874,0.0772269,19.161,19.0476,0.0515201,20.4542,3273.09
66,"n23g0021.hpc.itc.rwth-aachen.de",66,"66",5,0,0000:1b:00.0,0,"OK",67108864,"bandwidth","D2H",50,5,6158.93,6177.29,6184.18,6193.74,16.4523,6215.58,6185.73,12.0534,10.0554,10.0908,10.1064,10.1177,0.0268752,10.1479,10.1039,0.0196773,10.8517,6176.45
66,"n23g0021.hpc.itc.rwth-aachen.de",66,"66",5,0,0000:1b:00.0,0,"OK",268435456,"bandwidth","H2D",50,5,12080.6,12326.2,13233.7,13273.5,947.338,13314.5,12810.5,487.85,18.7765,18.8345,18.8912,20.2821,1.44755,20.6943,19.5438,0.748766,20.2843,13225.8
66,"n23g0021.hpc.itc.rwth-aachen.de",66,"66",5,0,0000:1b:00.0,0,"OK",268435456,"bandwidth","D2H",50,5,25273.3,25695,27722.5,27796.2,2101.17,27842,26779.1,1056.28,8.97926,8.99404,9.01795,9.72952,0.735477,9.89187,9.35024,0.370456,9.68295,27714.3
66,"n23g0021.hpc.itc.rwth-aachen.de",66,"66",5,1,0000:2c:00.0,2,"OK",4096,"latency","H2D",50,5,14.702,15.1935,15.395,15.611,0.4175,19.056,15.5475,0.757417,0.200184,0.24436,0.247788,0.251074,0.00671454,0.259468,0.245867,0.0104912,0.26606,8.16
66,"n23g0021.hpc.itc.rwth-aachen.de",66,"66",5,1,0000:2c:00.0,2,"OK",4096,"latency","D2H",50,5,14.325,14.9467,15.135,15.5278,0.581,28.683,15.4808,1.94173,0.132995,0.245673,0.252045,0.255219,0.0095459,0.266296,0.248652,0.0181494,0.270631,8
66,"n23g0021.hpc.itc.rwth-aachen.de",66,"66",5,1,0000:2c:00.0,2,"OK",16777216,"bandwidth","H2D",50,5,827.29,838.226,840.787,843.602,5.376,850.666,840.924,4.70635,18.368,18.5218,18.5838,18.6406,0.11879,18.887,18.5813,0.104124,19.9542,832.928
66,"n23g0021.hpc.itc.rwth-aachen.de",66,"66",5,1,0000:2c:00.0,2,"OK",16777216,"bandwidth","D2H",50,5,1721.58,1728.91,1731.92,1739.92,11.006,1758.43,1734.85,8.45361,8.88575,8.9803,9.02177,9.03746,0.0571647,9.07598,9.00676,0.0437325,9.68706,1724.3
66,"n23g0021.hpc.itc.rwth-aachen.de",66,"66",5,1,0000:2c:00.0,2,"OK",67108864,"bandwidth","H2D",50,5,3315.06,3328.2,3334.44,3343.86,15.6637,3353.87,3335.57,9.91185,18.6352,18.6909,18.7438,18.7789,0.0879665,18.8534,18.7376,0.055687,20.126,3326.45
66,"n23g0021.hpc.itc.rwth-aachen.de",66,"66",5,1,0000:2c:00.0,2,"OK",67108864,"bandwidth","D2H",50,5,6925.06,6939.47,6947.68,6953.8,14.3283,6974.73,6947.38,10.7991,8.96092,8.98789,8.99581,9.00645,0.0185577,9.0252,8.99621,0.013974,9.65917,6939.57
66,"n23g0021.hpc.itc.rwth-aachen.de",66,"66",5,1,0000:2c:00.0,2,"OK",268435456,"bandwidth","H2D",50,5,12198.7,12451,13426.4,13458.1,1007.08,13503.8,12968.7,513.993,18.5133,18.5762,18.62,20.0787,1.50251,20.4941,19.3077,0.769647,19.9931,13418.5
66,"n23g0021.hpc.itc.rwth-aachen.de",66,"66",5,1,0000:2c:00.0,2,"OK",268435456,"bandwidth","D2H",50,5,23504.7,25711.4,26571.8,27792.6,2081.21,27855.5,26668.6,1161.13,8.97489,8.99521,9.41387,9.72332,0.728119,10.6362,9.39245,0.416595,10.1081,26563.8
66,"n23g0021.hpc.itc.rwth-aachen.de",66,"66",5,2,0000:9d:00.0,4,"OK",4096,"latency","H2D",50,5,13.062,13.766,13.951,14.2617,0.49575,17.188,14.0297,0.623861,0.22194,0.267478,0.273435,0.277112,0.00963388,0.292045,0.27239,0.0110621,0.293599,7.392
66,"n23g0021.hpc.itc.rwth-aachen.de",66,"66",5,2,0000:9d:00.0,4,"OK",4096,"latency","D2H",50,5,12.347,12.9008,13.329,13.7658,0.865,14.775,13.3937,0.591195,0.258186,0.277115,0.286197,0.295696,0.0185805,0.308957,0.28536,0.0124016,0.307301,6.88
66,"n23g0021.hpc.itc.rwth-aachen.de",66,"66",5,2,0000:9d:00.0,4,"OK",16777216,"bandwidth","H2D",50,5,589.251,664.089,719.063,854.872,190.783,1066.63,750.33,117.827,14.649,18.2777,21.7297,23.5285,5.25077,26.5167,21.3083,3.11701,23.3321,712.608
66,"n23g0021.hpc.itc.rwth-aachen.de",66,"66",5,2,0000:9d:00.0,4,"OK",16777216,"bandwidth","D2H",50,5,676.99,736.14,803.393,962.989,226.849,1092.92,839.032,133.108,14.2965,16.2255,19.4488,21.2256,5.00004,23.0801,19.076,2.88459,20.8829,796.64
66,"n23g0021.hpc.itc.rwth-aachen.de",66,"66",5,2,0000:9d:00.0,4,"OK",67108864,"bandwidth","H2D",50,5,1859.82,1945.77,1948.71,1950.18,4.409,1964.4,1938.77,28.489,31.8163,32.0483,32.0724,32.1209,0.0726195,33.6053,32.2441,0.490277,34.4375,1942.02
66,"n23g0021.hpc.itc.rwth-aachen.de",66,"66",5,2,0000:9d:00.0,4,"OK",67108864,"bandwidth","D2H",50,5,1909.32,2014.11,2019.94,2023.01,8.899,2029.02,2007.28,33.8065,30.8031,30.8945,30.9415,31.031,0.136502,32.7342,31.1458,0.545492,33.2232,2013.33
66,"n23g0021.hpc.itc.rwth-aachen.de",66,"66",5,2,0000:9d:00.0,4,"OK",268435456,"bandwidth","H2D",50,5,7757.67,7765.62,7770.27,7775.97,10.3477,7784.43,7770.76,6.57865,32.1154,32.1503,32.1739,32.1932,0.0428406,32.2262,32.1719,0.0272351,34.5465,7763.49
66,"n23g0021.hpc.itc.rwth-aachen.de",66,"66",5,2,0000:9d:00.0,4,"OK",268435456,"bandwidth","D2H",50,5,8083.36,8091.91,8097,8101.82,9.9105,8111.63,8097,6.52335,30.8199,30.8573,30.8756,30.895,0.0377921,30.9277,30.8757,0.0248731,33.1525,8090.53
66,"n23g0021.hpc.itc.rwth-aachen.de",66,"66",5,3,0000:ad:00.0,6,"OK",4096,"latency","H2D",50,5,11.134,11.4093,11.5995,11.7048,0.2955,14.475,11.6328,0.469327,0.263537,0.32591,0.328867,0.334351,0.00844109,0.342617,0.328385,0.0114069,0.353119,5.68
66,"n23g0021.hpc.itc.rwth-aachen.de",66,"66",5,3,0000:ad:00.0,6,"OK",4096,"latency","D2H",50,5,11.086,11.3012,11.5575,11.6493,0.348,18,11.6195,0.935546,0.211928,0.327463,0.330062,0.337546,0.0100833,0.3441,0.329733,0.0178976,0.354402,5.696
66,"n23g0021.hpc.itc.rwth-aachen.de",66,"66",5,3,0000:ad:00.0,6,"OK",16777216,"bandwidth","H2D",50,5,659.378,694.65,695.643,696.165,1.51525,699.453,694.215,7.11853,22.3389,22.4444,22.4612,22.4934,0.0489584,23.6966,22.5099,0.241732,24.1176,689.424
66,"n23g0021.hpc.itc.rwth-aachen.de",66,"66",5,3,0000:ad:00.0,6,"OK",16777216,"bandwidth","D2H",50,5,598.119,623.229,624.341,626.133,2.9035,634.388,624.083,6.89761,24.63,24.9548,25.0264,25.071,0.116259,26.1236,25.0399,0.283569,26.8719,618.064
66,"n23g0021.hpc.itc.rwth-aachen.de",66,"66",5,3,0000:ad:00.0,6,"OK",67108864,"bandwidth","H2D",50,5,2620.41,2742.03,2744.6,2748.56,6.52875,2753.53,2739.01,23.3189,22.6981,22.7392,22.772,22.7933,0.0541419,23.8512,22.8202,0.200805,24.4512,2738.16
66,"n23g0021.hpc.itc.rwth-aachen.de",66,"66",5,3,0000:ad:00.0,6,"OK",67108864,"bandwidth","D2H",50,5,2380.1,2486.51,2490.67,2493.75,7.2415,2498.27,2482.67,25.2274,25.0173,25.0626,25.0936,25.1356,0.0729908,26.2594,25.1772,0.263643,26.9441,2484.22
66,"n23g0021.hpc.itc.rwth-aachen.de",66,"66",5,3,0000:ad:00.0,6,"OK",268435456,"bandwidth","H2D",50,5,10792.1,10965.7,10975.9,10983,17.2995,10999,10941.3,70.8792,22.7293,22.7624,22.7773,22.7983,0.0359103,23.165,22.8502,0.149318,24.4569,10969.3
66,"n23g0021.hpc.itc.rwth-aachen.de",66,"66",5,3,0000:ad:00.0,6,"OK",268435456,"bandwidth","D2H",50,5,9840.29,9969.8,9980.45,9984.26,14.4565,9997.17,9961.93,45.2295,25.0071,25.0394,25.049,25.0757,0.0363079,25.4058,25.0961,0.114914,26.8961,9973.81
67,"n23g0021.hpc.itc.rwth-aachen.de",67,"67",5,0,0000:1b:00.0,0,"OK",4096,"latency","H2D",50,5,14.368,15.4805,15.788,16.0177,0.53725,16.982,15.7642,0.46395,0.224632,0.238154,0.241621,0.24642,0.00826531,0.2655,0.242196,0.00714949,0.259438,8.512
67,"n23g0021.hpc.itc.rwth-aachen.de",67,"67",5,0,0000:1b:00.0,0,"OK",4096,"latency","D2H",50,5,13.766,14.7287,15.172,15.6755,0.94675,16.658,15.1616,0.612698,0.229001,0.243354,0.25143,0.258999,0.0156446,0.27711,0.252015,0.0102108,0.269971,7.904
67,"n23g0021.hpc.itc.rwth-aachen.de",67,"67",5,0,0000:1b:00.0,0,"OK",16777216,"bandwidth","H2D",50,5,819.591,830.391,833.821,836.613,6.22175,843.035,833.727,4.67098,18.5342,18.6765,18.739,18.8164,0.139934,19.0644,18.7417,0.105158,20.1209,825.68
67,"n23g0021.hpc.itc.rwth-aachen.de",67,"67",5,0,0000:1b:00.0,0,"OK",16777216,"bandwidth","D2H",50,5,1725.82,1733.67,1738.03,1749.21,15.544,1763.17,1741.06,9.97535,8.8619,8.93261,8.99007,9.01268,0.080075,9.05369,8.9747,0.0512689,9.65301,1730.24
67,"n23g0021.hpc.itc.rwth-aachen.de",67,"67",5,0,0000:1b:00.0,0,"OK",67108864,"bandwidth","H2D",50,5,3265.81,3276.61,3280.67,3287.45,10.8483,3307.34,3281.83,9.35302,18.8973,19.0117,19.051,19.0746,0.0629443,19.1376,19.0444,0.0541795,20.4559,3272.43
67,"n23g0021.hpc.itc.rwth-aachen.de",67,"67",5,0,0000:1b:00.0,0,"OK",67108864,"bandwidth","D2H",50,5,6159.12,6175.39,6184.3,6188.73,13.3365,6203.59,6182.75,10.0997,10.0748,10.099,10.1062,10.1208,0.02181,10.1476,10.1088,0.0165186,10.8515,6175.94
67,"n23g0021.hpc.itc.rwth-aachen.de",67,"67",5,0,0000:1b:00.0,0,"OK",268435456,"bandwidth","H2D",50,5,12170,12380.1,13140.5,13241.5,861.397,13276.8,12817,439.439,18.8298,18.8801,19.0253,20.1938,1.31367,20.5423,19.5284,0.672639,20.4283,13133.7
67,"n23g0021.hpc.itc.rwth-aachen.de",67,"67",5,0,0000:1b:00.0,0,"OK",268435456,"bandwidth","D2H",50,5,22276.2,25579.3,25860.3,27769.7,2190.4,27836.4,26343.5,1422.02,8.98105,9.00263,9.66733,9.77354,0.770911,11.2228,9.51908,0.540035,10.3802,25852.7
67,"n23g0021.hpc.itc.rwth-aachen.de",67,"67",5,1,0000:2c:00.0,2,"OK",4096,"latency","H2D",50,5,14.451,15.2775,15.499,15.7822,0.50475,18.245,15.616,0.624712,0.209082,0.241708,0.246126,0.249694,0.0079855,0.263975,0.24465,0.00923695,0.264275,8.336
67,"n23g0021.hpc.itc.rwth-aachen.de",67,"67",5,1,0000:2c:00.0,2,"OK",4096,"latency","D2H",50,5,14.249,14.912,15.195,15.467,0.555,26.137,15.6466,2.17483,0.14595,0.246635,0.25105,0.255814,0.00917936,0.267717,0.246823,0.0219483,0.269562,7.984
67,"n23g0021.hpc.itc.rwth-aachen.de",67,"67",5,1,0000:2c:00.0,2,"OK",16777216,"bandwidth","H2D",50,5,834.1,839.677,842.248,845.686,6.009,866.408,842.857,5.44826,18.0342,18.4761,18.5515,18.6083,0.132221,18.7328,18.5389,0.118749,19.9196,834.192
67,"n23g0021.hpc.itc.rwth-aachen.de",67,"67",5,1,0000:2c:00.0,2,"OK",16777216,"bandwidth","D2H",50,5,1718.57,1727.64,1732.42,1739.74,12.0987,1751.53,1734.03,8.60473,8.92075,8.98124,9.01919,9.04413,0.0628919,9.09185,9.01103,0.0446365,9.68428,1724.43
67,"n23g0021.hpc.itc.rwth-aachen.de",67,"67",5,1,0000:2c:00.0,2,"OK",67108864,"bandwidth","H2D",50,5,3312.35,3335.59,3344.02,3351.95,16.361,3372.78,3343.65,13.2015,18.5307,18.6459,18.6901,18.7373,0.091458,18.8688,18.6924,0.0737939,20.0683,3335.9
67,"n23g0021.hpc.itc.rwth-aachen.de",67,"67",5,1,0000:2c:00.0,2,"OK",67108864,"bandwidth","D2H",50,5,6189.53,6936.79,6943.66,6957.77,20.9767,6974.62,6922.97,121.832,8.96107,8.98277,9.00102,9.00993,0.0271634,10.0977,9.03099,0.174804,9.66477,6935.46
67,"n23g0021.hpc.itc.rwth-aachen.de",67,"67",5,1,0000:2c:00.0,2,"OK",268435456,"bandwidth","H2D",50,5,12338.9,12439.1,13426.6,13454.3,1015.13,13502,12980.6,501.722,18.5158,18.5815,18.6197,20.0979,1.5164,20.2611,19.2885,0.748737,19.9928,13418.7
67,"n23g0021.hpc.itc.rwth-aachen.de",67,"67",5,1,0000:2c:00.0,2,"OK",268435456,"bandwidth","D2H",50,5,24883.7,25719.4,25972.9,27787.4,2067.99,27893.3,26614.1,1107.09,8.96273,8.99688,9.62547,9.72028,0.7234,10.0467,9.40981,0.391786,10.3353,25964.8
67,"n23g0021.hpc.itc.rwth-aachen.de",67,"67",5,2,0000:9d:00.0,4,"OK",4096,"latency","H2D",50,5,12.784,13.5708,13.8935,14.223,0.65225,29.193,14.4119,2.44841,0.130672,0.268207,0.274567,0.281097,0.0128904,0.298396,0.269211,0.0274437,0.294814,7.2
67,"n23g0021.hpc.itc.rwth-aachen.de",67,"67",5,2,0000:9d:00.0,4,"OK",4096,"latency","D2H",50,5,12.289,12.5457,13.101,13.439,0.89325,14.64,13.1178,0.584674,0.260567,0.283853,0.291176,0.304063,0.0202098,0.310416,0.291369,0.0126968,0.312648,6.512
67,"n23g0021.hpc.itc.rwth-aachen.de",67,"67",5,2,0000:9d:00.0,4,"OK",16777216,"bandwidth","H2D",50,5,579.575,659.433,718.442,837.151,177.717,951.885,740.005,110.351,16.4148,18.6896,21.7485,23.6947,5.00507,26.9594,21.5683,3.0677,23.3522,711.504
67,"n23g0021.hpc.itc.rwth-aachen.de",67,"67",5,2,0000:9d:00.0,4,"OK",16777216,"bandwidth","D2H",50,5,622.597,738.442,805.833,930.687,192.244,1091.48,829.581,133.751,14.3154,16.7988,19.3899,21.1594,4.36063,25.0965,19.3087,2.97238,20.8197,798.704
67,"n23g0021.hpc.itc.rwth-aachen.de",67,"67",5,2,0000:9d:00.0,4,"OK",67108864,"bandwidth","H2D",50,5,1857.2,1943.6,1945.82,1947.12,3.52125,1950.38,1937.35,25.3798,32.0451,32.0987,32.1202,32.1569,0.0581537,33.6528,32.2663,0.437844,34.4888,1939.09
67,"n23g0021.hpc.itc.rwth-aachen.de",67,"67",5,2,0000:9d:00.0,4,"OK",67108864,"bandwidth","D2H",50,5,1910.03,2012.67,2017.78,2021.24,8.57125,2027.48,2006.86,31.9637,30.8264,30.9215,30.9747,31.0532,0.131684,32.7221,31.1514,0.515396,33.2588,2011.25
67,"n23g0021.hpc.itc.rwth-aachen.de",67,"67",5,2,0000:9d:00.0,4,"OK",268435456,"bandwidth","H2D",50,5,7675.65,7769.91,7775.33,7780.45,10.5453,7790.7,7773.28,15.6147,32.0896,32.1318,32.153,32.1754,0.043609,32.5705,32.1616,0.0652386,34.524,7768.78
67,"n23g0021.hpc.itc.rwth-aachen.de",67,"67",5,2,0000:9d:00.0,4,"OK",268435456,"bandwidth","D2H",50,5,8071.47,8087.35,8092.35,8096.66,9.308,8102.8,8091.35,7.00158,30.8535,30.8769,30.8934,30.9125,0.0355372,30.9733,30.8972,0.0267517,33.1715,8085.62
67,"n23g0021.hpc.itc.rwth-aachen.de",67,"67",5,3,0000:ad:00.0,6,"OK",4096,"latency","H2D",50,5,11.075,11.2542,11.5735,11.7127,0.4585,14.484,11.5987,0.541125,0.263373,0.325689,0.329608,0.338956,0.0132676,0.344442,0.329518,0.0134907,0.353914,5.648
67,"n23g0021.hpc.itc.rwth-aachen.de",67,"67",5,3,0000:ad:00.0,6,"OK",4096,"latency","D2H",50,5,10.807,11.2517,11.491,11.604,0.35225,12.818,11.4562,0.309048,0.297605,0.32874,0.331974,0.339031,0.0102916,0.352984,0.333215,0.00870318,0.356454,5.664
67,"n23g0021.hpc.itc.rwth-aachen.de",67,"67",5,3,0000:ad:00.0,6,"OK",16777216,"bandwidth","H2D",50,5,693.51,695.602,696.377,697.15,1.54875,699.728,696.519,1.33536,22.3301,22.4127,22.4376,22.4626,0.0499015,22.5303,22.4331,0.0429895,24.0922,690.224
67,"n23g0021.hpc.itc.rwth-aachen.de",67,"67",5,3,0000:ad:00.0,6,"OK",16777216,"bandwidth","D2H",50,5,621.879,624.058,625.158,626.23,2.171,634.521,626.186,3.43704,24.6249,24.9509,24.9937,25.0377,0.0867998,25.1255,24.9534,0.136085,26.8368,619.008
67,"n23g0021.hpc.itc.rwth-aachen.de",67,"67",5,3,0000:ad:00.0,6,"OK",67108864,"bandwidth","H2D",50,5,2599.34,2741.07,2742.77,2744.98,3.90675,2750.02,2732.75,34.5054,22.7271,22.7688,22.7872,22.8013,0.0324515,24.0446,22.8745,0.301523,24.4676,2736.13
67,"n23g0021.hpc.itc.rwth-aachen.de",67,"67",5,3,0000:ad:00.0,6,"OK",67108864,"bandwidth","D2H",50,5,2397.25,2486.03,2489.21,2491.59,5.5635,2500.47,2486.79,13.7852,24.9953,25.0844,25.1084,25.1405,0.0561367,26.0715,25.1336,0.143692,26.9599,2482.35
67,"n23g0021.hpc.itc.rwth-aachen.de",67,"67",5,3,0000:ad:00.0,6,"OK",268435456,"bandwidth","H2D",50,5,10793.5,10974.7,10979.6,10984.2,9.534,10995.1,10963.5,49.7333,22.7375,22.7599,22.7695,22.7797,0.0197721,23.1621,22.8034,0.104664,24.4485,10973.6
67,"n23g0021.hpc.itc.rwth-aachen.de",67,"67",5,3,0000:ad:00.0,6,"OK",268435456,"bandwidth","D2H",50,5,9829.46,9864.32,9964.86,9974.19,109.867,9994.99,9932.47,57.4065,25.0125,25.0647,25.0882,25.3439,0.279179,25.4337,25.1708,0.146134,26.9382,9958.48
68,"n23g0021.hpc.itc.rwth-aachen.de",68,"68",5,0,0000:1b:00.0,0,"OK",4096,"latency","H2D",50,5,14.503,15.1965,15.379,15.7197,0.52325,24.645,15.6511,1.38767,0.154786,0.242669,0.248047,0.251025,0.0083557,0.263028,0.245064,0.015244,0.266339,8.352
68,"n23g0021.hpc.itc.rwth-aachen.de",68,"68",5,0,0000:1b:00.0,0,"OK",4096,"latency","D2H",50,5,14.079,14.7713,15.097,15.3172,0.546,16.23,15.0636,0.473077,0.23504,0.249046,0.252679,0.258252,0.00920635,0.270949,0.253491,0.00798168,0.271312,8
68,"n23g0021.hpc.itc.rwth-aachen.de",68,"68",5,0,0000:1b:00.0,0,"OK",16777216,"bandwidth","H2D",50,5,821.548,832.022,835.907,841.176,9.1535,848.524,836.666,5.92708,18.4143,18.5752,18.6923,18.7795,0.204355,19.019,18.6762,0.132311,20.0707,827.536
68,"n23g0021.hpc.itc.rwth-aachen.de",68,"68",5,0,0000:1b:00.0,0,"OK",16777216,"bandwidth","D2H",50,5,1724.87,1730.75,1736.07,1744.95,14.1988,1759.59,1738.34,9.86917,8.87991,8.95444,9.0002,9.02789,0.0734447,9.05866,8.98877,0.0508345,9.66389,1728.08
68,"n23g0021.hpc.itc.rwth-aachen.de",68,"68",5,0,0000:1b:00.0,0,"OK",67108864,"bandwidth","H2D",50,5,3285.52,3301.47,3306.69,3312.84,11.376,3329.1,3307.65,8.55307,18.7738,18.866,18.9011,18.931,0.0650071,19.0229,18.8957,0.0488246,20.2949,3298.67
68,"n23g0021.hpc.itc.rwth-aachen.de",68,"68",5,0,0000:1b:00.0,0,"OK",67108864,"bandwidth","D2H",50,5,6196.32,6942.19,6950.74,6962.16,19.9737,6972.27,6929.11,119.61,8.96408,8.97709,8.99185,9.00292,0.0258285,10.0866,9.02287,0.171416,9.65493,6942.66
68,"n23g0021.hpc.itc.rwth-aachen.de",68,"68",5,0,0000:1b:00.0,0,"OK",268435456,"bandwidth","H2D",50,5,12243.3,12387.7,13223.7,13257.4,869.716,13311.1,12834.2,440.783,18.7813,18.8573,18.9055,20.1813,1.32393,20.4193,19.5023,0.672381,20.2996,13216.1
68,"n23g0021.hpc.itc.rwth-aachen.de",68,"68",5,0,0000:1b:00.0,0,"OK",268435456,"bandwidth","D2H",50,5,23174.8,25715.6,26434.2,27762.7,2047.15,27828,26524.3,1245.15,8.98376,9.00489,9.45747,9.72175,0.716856,10.7876,9.4468,0.458506,10.1549,26426.2
68,"n23g0021.hpc.itc.rwth-aachen.de",68,"68",5,1,0000:2c:00.0,2,"OK",4096,"latency","H2D",50,5,14.733,15.143,15.325,15.5585,0.4155,18.803,15.4036,0.571201,0.202877,0.245184,0.24892,0.251912,0.00672755,0.258922,0.247948,0.00807062,0.267276,8.32
68,"n23g0021.hpc.itc.rwth-aachen.de",68,"68",5,1,0000:2c:00.0,2,"OK",4096,"latency","D2H",50,5,14.208,14.8102,15.028,15.2602,0.45,30.845,15.3952,2.24883,0.123673,0.249976,0.253839,0.257571,0.00759536,0.268489,0.250584,0.0194974,0.272558,8.016
68,"n23g0021.hpc.itc.rwth-aachen.de",68,"68",5,1,0000:2c:00.0,2,"OK",16777216,"bandwidth","H2D",50,5,837.176,842.266,845.649,848.238,5.97175,862.961,845.951,5.2457,18.1063,18.4205,18.4769,18.5511,0.130605,18.6639,18.471,0.113873,19.8395,837.872
68,"n23g0021.hpc.itc.rwth-aachen.de",68,"68",5,1,0000:2c:00.0,2,"OK",16777216,"bandwidth","D2H",50,5,1721.59,1731.83,1734.12,1747.69,15.8528,1756.55,1738.32,9.60123,8.8953,8.9404,9.01033,9.02223,0.0818361,9.07591,8.98883,0.0494936,9.67477,1726.14
68,"n23g0021.hpc.itc.rwth-aachen.de",68,"68",5,1,0000:2c:00.0,2,"OK",67108864,"bandwidth","H2D",50,5,3284.48,3293,3299.22,3303.32,10.3187,3314.07,3298.18,7.23538,18.859,18.9204,18.9439,18.9796,0.0592876,19.0289,18.9499,0.0415825,20.3409,3291.82
68,"n23g0021.hpc.itc.rwth-aachen.de",68,"68",5,1,0000:2c:00.0,2,"OK",67108864,"bandwidth","D2H",50,5,6168.44,6184.87,6190.52,6195.41,10.5437,6207.2,6189.17,9.275,10.069,10.0881,10.0961,10.1053,0.0171979,10.1322,10.0983,0.0151425,10.8406,6182.69
68,"n23g0021.hpc.itc.rwth-aachen.de",68,"68",5,1,0000:2c:00.0,2,"OK",268435456,"bandwidth","H2D",50,5,12293.3,12494.1,13393.4,13430.3,936.141,13489.4,12966.4,485.883,18.533,18.6146,18.666,20.0094,1.39473,20.3362,19.3078,0.726984,20.0424,13385.5
68,"n23g0021.hpc.itc.rwth-aachen.de",68,"68",5,1,0000:2c:00.0,2,"OK",268435456,"bandwidth","D2H",50,5,22741.2,25684.7,26518.3,27789,2104.32,27837.4,26632.5,1210.86,8.98073,8.99636,9.43296,9.73342,0.737062,10.9933,9.40706,0.441699,10.1286,26510.4
68,"n23g0021.hpc.itc.rwth-aachen.de",68,"68",5,2,0000:9d:00.0,4,"OK",4096,"latency","H2D",50,5,11.048,11.2512,11.556,11.6785,0.42725,14.301,11.5566,0.498618,0.266743,0.326643,0.330106,0.339047,0.0124042,0.345284,0.330625,0.0124794,0.354449,5.616
68,"n23g0021.hpc.itc.rwth-aachen.de",68,"68",5,2,0000:9d:00.0,4,"OK",4096,"latency","D2H",50,5,11.042,11.3003,11.5055,11.6638,0.3635,15.676,11.5683,0.63989,0.243346,0.327056,0.331555,0.337576,0.0105205,0.345472,0.330548,0.0144522,0.356005,5.648
68,"n23g0021.hpc.itc.rwth-aachen.de",68,"68",5,2,0000:9d:00.0,4,"OK",16777216,"bandwidth","H2D",50,5,492.43,495.285,495.842,496.792,1.50675,500.005,496.078,1.36641,31.2497,31.4518,31.512,31.5475,0.0956833,31.7304,31.4973,0.0866711,33.8358,489.632
68,"n23g0021.hpc.itc.rwth-aachen.de",68,"68",5,2,0000:9d:00.0,4,"OK",16777216,"bandwidth","D2H",50,5,504.31,507.15,508.215,508.913,1.7625,520.594,509.284,3.66638,30.0138,30.7027,30.7449,30.8094,0.1067,30.9829,30.6819,0.218397,33.012,502.08
68,"n23g0021.hpc.itc.rwth-aachen.de",68,"68",5,2,0000:9d:00.0,4,"OK",67108864,"bandwidth","H2D",50,5,1885.12,1947.75,1949.64,1951.46,3.70325,1954.28,1948.37,9.41797,31.9811,32.0273,32.0572,32.0882,0.060894,33.1544,32.0789,0.159739,34.4212,1943.39
68,"n23g0021.hpc.itc.rwth-aachen.de",68,"68",5,2,0000:9d:00.0,4,"OK",67108864,"bandwidth","D2H",50,5,1937.32,2014.77,2020.87,2023.42,8.6535,2030.29,2017.96,12.5703,30.7837,30.8882,30.9272,31.0209,0.132666,32.261,30.973,0.199508,33.2079,2014.43
68,"n23g0021.hpc.itc.rwth-aachen.de",68,"68",5,2,0000:9d:00.0,4,"OK",268435456,"bandwidth","H2D",50,5,7626.6,7764.95,7769.09,7774.59,9.6385,7783.62,7766.86,21.3473,32.1187,32.156,32.1788,32.1959,0.0399147,32.78,32.1883,0.0898688,34.5517,7762.48
68,"n23g0021.hpc.itc.rwth-aachen.de",68,"68",5,2,0000:9d:00.0,4,"OK",268435456,"bandwidth","D2H",50,5,7911.16,8087.26,8093.24,8099.47,12.2073,8110.84,8085.49,36.6988,30.8229,30.8662,30.89,30.9128,0.0465907,31.6009,30.9202,0.142737,33.1679,8086.67
68,"n23g0021.hpc.itc.rwth-aachen.de",68,"68",5,3,0000:ad:00.0,6,"OK",4096,"latency","H2D",50,5,11.213,11.4543,11.7315,11.923,0.46875,16.844,11.8589,0.892467,0.226472,0.319944,0.325167,0.333038,0.0130933,0.340203,0.323075,0.0187734,0.349145,5.792
68,"n23g0021.hpc.itc.rwth-aachen.de",68,"68",5,3,0000:ad:00.0,6,"OK",4096,"latency","D2H",50,5,10.989,11.3885,11.631,11.7468,0.35825,17.931,11.7008,0.932283,0.212743,0.324745,0.327977,0.334962,0.0102167,0.347138,0.327453,0.0181594,0.352162,5.664
68,"n23g0021.hpc.itc.rwth-aachen.de",68,"68",5,3,0000:ad:00.0,6,"OK",16777216,"bandwidth","H2D",50,5,660.051,694.89,696.109,697.115,2.22475,700.6,694.614,7.26584,22.3023,22.4138,22.4462,22.4856,0.0717598,23.6724,22.4971,0.246313,24.1014,689.968
68,"n23g0021.hpc.itc.rwth-aachen.de",68,"68",5,3,0000:ad:00.0,6,"OK",16777216,"bandwidth","D2H",50,5,604.24,623.874,624.603,626.627,2.753,634.981,624.97,6.07664,24.607,24.9351,25.0159,25.0451,0.110032,25.8589,25.0036,0.247551,26.8606,618.256
68,"n23g0021.hpc.itc.rwth-aachen.de",68,"68",5,3,0000:ad:00.0,6,"OK",67108864,"bandwidth","H2D",50,5,2598.96,2739.62,2743.38,2745.99,6.3675,2751.19,2725.56,40.4529,22.7174,22.7605,22.7821,22.8134,0.0529006,24.0481,22.9363,0.350592,24.4621,2736.85
68,"n23g0021.hpc.itc.rwth-aachen.de",68,"68",5,3,0000:ad:00.0,6,"OK",67108864,"bandwidth","D2H",50,5,2417.26,2487.71,2491.08,2494.44,6.73125,2497.56,2489.27,11.2854,25.0244,25.0558,25.0895,25.1236,0.067796,25.8558,25.1082,0.116591,26.9396,2484.34
68,"n23g0021.hpc.itc.rwth-aachen.de",68,"68",5,3,0000:ad:00.0,6,"OK",268435456,"bandwidth","H2D",50,5,10788,10838.3,10970.2,10978.5,140.174,10994,10924.4,74.5126,22.7396,22.7719,22.789,23.0664,0.294521,23.1739,22.8856,0.156949,24.4695,10963.5
68,"n23g0021.hpc.itc.rwth-aachen.de",68,"68",5,3,0000:ad:00.0,6,"OK",268435456,"bandwidth","D2H",50,5,9816.6,9968.99,9979.02,9983.95,14.9565,9995.56,9958.91,49.3217,25.0111,25.0402,25.0526,25.0778,0.0375683,25.4671,25.1038,0.125552,26.9,9972.35
69,"n23g0021.hpc.itc.rwth-aachen.de",69,"69",5,0,0000:1b:00.0,0,"OK",4096,"latency","H2D",50,5,14.934,15.4327,15.6115,15.975,0.54225,26.543,15.9123,1.57954,0.143718,0.238792,0.244353,0.247182,0.00839027,0.255437,0.241242,0.0154139,0.262372,8.4
69,"n23g0021.hpc.itc.rwth-aachen.de",69,"69",5,0,0000:1b:00.0,0,"OK",4096,"latency","D2H",50,5,14.119,14.945,15.182,15.3818,0.43675,27.215,15.3746,1.7535,0.140169,0.248002,0.251264,0.255249,0.0072473,0.270182,0.250076,0.017493,0.269793,8.032
69,"n23g0021.hpc.itc.rwth-aachen.de",69,"69",5,0,0000:1b:00.0,0,"OK",16777216,"bandwidth","H2D",50,5,826.874,834.452,836.359,839.74,5.288,846.185,836.818,4.16294,18.4652,18.607,18.6822,18.7249,0.117913,18.8965,18.6724,0.0929167,20.0598,829.024
69,"n23g0021.hpc.itc.rwth-aachen.de",69,"69",5,0,0000:1b:00.0,0,"OK",16777216,"bandwidth","D2H",50,5,1732.34,1738.85,1742.08,1751.59,12.7345,1769.28,1745.61,9.7601,8.83129,8.92049,8.96919,8.98582,0.0653272,9.01958,8.95129,0.0498222,9.63059,1734.06
69,"n23g0021.hpc.itc.rwth-aachen.de",69,"69",5,0,0000:1b:00.0,0,"OK",67108864,"bandwidth","H2D",50,5,3264.39,3275.83,3281.62,3290.03,14.2015,3301.27,3282.79,9.20219,18.9321,18.9968,19.0455,19.0791,0.0823543,19.146,19.0388,0.0533426,20.4499,3273.82
69,"n23g0021.hpc.itc.rwth-aachen.de",69,"69",5,0,0000:1b:00.0,0,"OK",67108864,"bandwidth","D2H",50,5,6156.25,6169.69,6178.12,6186.37,16.6795,6205.15,6177.99,11.0321,10.0723,10.1029,10.1164,10.1302,0.0273127,10.1523,10.1166,0.0180613,10.8624,6170.27
69,"n23g0021.hpc.itc.rwth-aachen.de",69,"69",5,0,0000:1b:00.0,0,"OK",268435456,"bandwidth","H2D",50,5,12137.9,12378.9,13149.7,13246.7,867.83,13309.2,12812.2,452.542,18.784,18.8726,19.012,20.1957,1.32308,20.5967,19.5372,0.693644,20.414,13143.1
69,"n23g0021.hpc.itc.rwth-aachen.de",69,"69",5,0,0000:1b:00.0,0,"OK",268435456,"bandwidth","D2H",50,5,21923.1,25647.8,25926.9,27774.5,2126.77,27859.2,26555.2,1291.95,8.97369,9.00105,9.64251,9.74744,0.746387,11.4035,9.43782,0.484058,10.3536,25919.3
69,"n23g0021.hpc.itc.rwth-aachen.de",69,"69",5,1,0000:2c:00.0,2,"OK",4096,"latency","H2D",50,5,14.641,15.375,15.591,15.8042,0.42925,18.336,15.6476,0.570199,0.208044,0.241372,0.244673,0.24811,0.00673806,0.260549,0.244089,0.00829974,0.262716,8.368
69,"n23g0021.hpc.itc.rwth-aachen.de",69,"69",5,1,0000:2c:00.0,2,"OK",4096,"latency","D2H",50,5,14.021,14.615,14.936,15.264,0.649,31.592,15.4183,2.48998,0.120749,0.249918,0.255403,0.261013,0.0110947,0.27207,0.250962,0.0225692,0.274237,7.936
69,"n23g0021.hpc.itc.rwth-aachen.de",69,"69",5,1,0000:2c:00.0,2,"OK",16777216,"bandwidth","H2D",50,5,839.961,845.795,849.017,851.897,6.102,865.701,849.352,5.36525,18.049,18.3414,18.4036,18.4737,0.132318,18.6021,18.3971,0.115689,19.7608,841.472
69,"n23g0021.hpc.itc.rwth-aachen.de",69,"69",5,1,0000:2c:00.0,2,"OK",16777216,"bandwidth","D2H",50,5,1719.79,1730.6,1736.15,1739.67,9.0685,1756.68,1736.86,8.36876,8.89461,8.98159,8.99978,9.02865,0.0470642,9.08542,8.99634,0.043227,9.66343,1728.02
69,"n23g0021.hpc.itc.rwth-aachen.de",69,"69",5,1,0000:2c:00.0,2,"OK",67108864,"bandwidth","H2D",50,5,3319.38,3329.38,3339.91,3346.15,16.7627,3364.39,3338.45,9.38598,18.5769,18.6782,18.7131,18.7722,0.0940396,18.8288,18.7214,0.0526146,20.093,3331.36
69,"n23g0021.hpc.itc.rwth-aachen.de",69,"69",5,1,0000:2c:00.0,2,"OK",67108864,"bandwidth","D2H",50,5,6920.74,6936.38,6944.71,6953.03,16.6503,6962.64,6944.97,9.89485,8.97648,8.98889,8.99966,9.01047,0.0215773,9.03083,8.99934,0.0128283,9.66331,6936.75
69,"n23g0021.hpc.itc.rwth-aachen.de",69,"69",5,1,0000:2c:00.0,2,"OK",268435456,"bandwidth","H2D",50,5,12219.5,12420.3,13313.6,13441.8,1021.49,13506.7,12946.4,516.953,18.5093,18.5987,18.7784,20.1284,1.52963,20.459,19.3414,0.775984,20.1632,13305.5
69,"n23g0021.hpc.itc.rwth-aachen.de",69,"69",5,1,0000:2c:00.0,2,"OK",268435456,"bandwidth","D2H",50,5,22941.3,25740.8,26041.7,27789.2,2048.4,27860,26601.4,1201.49,8.97344,8.99629,9.60017,9.7122,0.715907,10.8974,9.41768,0.436694,10.3081,26033.7
69,"n23g0021.hpc.itc.rwth-aachen.de",69,"69",5,2,0000:9d:00.0,4,"OK",4096,"latency","H2D",50,5,11.206,11.3725,11.6145,11.754,0.3815,14.385,11.643,0.452127,0.265186,0.324545,0.328444,0.335435,0.0108904,0.340416,0.328066,0.0110345,0.352664,5.68
69,"n23g0021.hpc.itc.rwth-aachen.de",69,"69",5,2,0000:9d:00.0,4,"OK",4096,"latency","D2H",50,5,11.001,11.3555,11.4975,11.6698,0.31425,18.098,11.6258,0.949085,0.21078,0.326888,0.331785,0.335934,0.00904628,0.346759,0.329587,0.0180771,0.356251,5.712
69,"n23g0021.hpc.itc.rwth-aachen.de",69,"69",5,2,0000:9d:00.0,4,"OK",16777216,"bandwidth","H2D",50,5,475.246,495.452,496.461,497.156,1.70375,499.094,495.666,3.87211,31.3067,31.4288,31.4728,31.5369,0.108077,32.8777,31.5252,0.254354,33.7936,490.272
69,"n23g0021.hpc.itc.rwth-aachen.de",69,"69",5,2,0000:9d:00.0,4,"OK",16777216,"bandwidth","D2H",50,5,484.59,507.68,508.548,509.675,1.9945,517.54,508.211,6.59009,30.1909,30.6568,30.7248,30.7772,0.12044,32.2438,30.7504,0.409973,32.9905,502.464
69,"n23g0021.hpc.itc.rwth-aachen.de",69,"69",5,2,0000:9d:00.0,4,"OK",67108864,"bandwidth","H2D",50,5,1865.23,1947.65,1949.91,1952.06,4.4055,1955.15,1946.52,14.6909,31.9668,32.0175,32.0528,32.0899,0.0724224,33.508,32.1105,0.250289,34.4164,1943.36
69,"n23g0021.hpc.itc.rwth-aachen.de",69,"69",5,2,0000:9d:00.0,4,"OK",67108864,"bandwidth","D2H",50,5,1909.66,2013.99,2020.8,2024.24,10.2515,2030,2012.2,25.813,30.7882,30.8758,30.9284,31.0329,0.157163,32.7283,31.0658,0.414288,33.2091,2014.19
69,"n23g0021.hpc.itc.rwth-aachen.de",69,"69",5,2,0000:9d:00.0,4,"OK",268435456,"bandwidth","H2D",50,5,7632.3,7764.23,7770.95,7776.39,12.1643,7789.53,7764.55,28.6024,32.0944,32.1486,32.1711,32.1989,0.0503673,32.7555,32.1981,0.120172,34.5435,7764.29
69,"n23g0021.hpc.itc.rwth-aachen.de",69,"69",5,2,0000:9d:00.0,4,"OK",268435456,"bandwidth","D2H",50,5,7936.78,8088.61,8099.46,8105.34,16.724,8117.88,8084.61,46.1387,30.7962,30.8439,30.8663,30.9077,0.0637724,31.4989,30.924,0.17902,33.1424,8092.82
69,"n23g0021.hpc.itc.rwth-aachen.de",69,"69",5,3,0000:ad:00.0,6,"OK",4096,"latency","H2D",50,5,11.185,11.3955,11.7115,11.8925,0.497,16.996,11.8199,0.891367,0.224447,0.320766,0.325724,0.334755,0.0139887,0.341055,0.324128,0.0186077,0.349743,5.712
69,"n23g0021.hpc.itc.rwth-aachen.de",69,"69",5,3,0000:ad:00.0,6,"OK",4096,"latency","D2H",50,5,10.847,11.3613,11.562,11.6992,0.338,22.371,11.7346,1.53876,0.17052,0.326064,0.329934,0.335764,0.00970023,0.351682,0.328142,0.0235864,0.354264,5.696
69,"n23g0021.hpc.itc.rwth-aachen.de",69,"69",5,3,0000:ad:00.0,6,"OK",16777216,"bandwidth","H2D",50,5,658.431,695.171,695.74,697.353,2.182,699.775,693.105,10.4064,22.3286,22.4061,22.4581,22.4765,0.0703283,23.7307,22.5488,0.35331,24.1142,689.632
69,"n23g0021.hpc.itc.rwth-aachen.de",69,"69",5,3,0000:ad:00.0,6,"OK",16777216,"bandwidth","D2H",50,5,596.704,623.192,624.778,627.046,3.85375,635.909,623.632,8.90683,24.5711,24.9184,25.0089,25.0725,0.154093,26.1855,25.0601,0.367802,26.8531,618.416
69,"n23g0021.hpc.itc.rwth-aachen.de",69,"69",5,3,0000:ad:00.0,6,"OK",67108864,"bandwidth","H2D",50,5,2600.62,2741.54,2744.72,2747.17,5.6335,2754.2,2731.65,36.9731,22.6927,22.7507,22.771,22.7974,0.0467507,24.0327,22.8843,0.32124,24.4501,2738.19
69,"n23g0021.hpc.itc.rwth-aachen.de",69,"69",5,3,0000:ad:00.0,6,"OK",67108864,"bandwidth","D2H",50,5,2407.3,2486.97,2491.74,2493.96,6.9845,2502.93,2481.87,24.841,24.9707,25.0606,25.0829,25.131,0.0703809,25.9627,25.1852,0.2576,26.9326,2485.23
69,"n23g0021.hpc.itc.rwth-aachen.de",69,"69",5,3,0000:ad:00.0,6,"OK",268435456,"bandwidth","H2D",50,5,10796,10972.6,10979.8,10983.7,11.13,10995.4,10964.7,46.3909,22.7368,22.761,22.7691,22.7841,0.0230876,23.1567,22.8008,0.0976442,24.4482,10973.2
69,"n23g0021.hpc.itc.rwth-aachen.de",69,"69",5,3,0000:ad:00.0,6,"OK",268435456,"bandwidth","D2H",50,5,9830.66,9870.11,9972.28,9979.99,109.881,9989.03,9932.91,58.4638,25.0275,25.0501,25.0695,25.329,0.278877,25.4306,25.1697,0.148702,26.9182,9964.59
70,"n23g0021.hpc.itc.rwth-aachen.de",70,"70",5,0,0000:1b:00.0,0,"OK",4096,"latency","H2D",50,5,14.833,15.2673,15.5235,15.9378,0.6705,22.468,15.7738,1.10129,0.169784,0.239351,0.245737,0.249862,0.0105106,0.257176,0.242742,0.0130829,0.263858,8.24
70,"n23g0021.hpc.itc.rwth-aachen.de",70,"70",5,0,0000:1b:00.0,0,"OK",4096,"latency","D2H",50,5,13.951,14.6158,15.0635,15.4375,0.82175,24.985,15.1782,1.49648,0.152679,0.247106,0.253241,0.260999,0.0138932,0.273435,0.252965,0.0169556,0.271916,7.872
70,"n23g0021.hpc.itc.rwth-aachen.de",70,"70",5,0,0000:1b:00.0,0,"OK",16777216,"bandwidth","H2D",50,5,821.904,833.823,836.535,840.473,6.6505,845.767,836.863,4.85237,18.4744,18.5907,18.6782,18.739,0.148275,19.0107,18.6716,0.108416,20.0556,828.336
70,"n23g0021.hpc.itc.rwth-aachen.de",70,"70",5,0,0000:1b:00.0,0,"OK",16777216,"bandwidth","D2H",50,5,1724.23,1733.2,1738.49,1748.23,15.03,1801.45,1741.75,12.8183,8.67357,8.93762,8.98769,9.01513,0.0775059,9.06203,8.97136,0.0650554,9.65046,1729.94
70,"n23g0021.hpc.itc.rwth-aachen.de",70,"70",5,0,0000:1b:00.0,0,"OK",67108864,"bandwidth","H2D",50,5,3263.75,3282.31,3287.4,3294.55,12.2328,3310.08,3288.25,10.4292,18.8817,18.9708,19.012,19.0415,0.0707015,19.1497,19.0073,0.0602661,20.4139,3279.42
70,"n23g0021.hpc.itc.rwth-aachen.de",70,"70",5,0,0000:1b:00.0,0,"OK",67108864,"bandwidth","D2H",50,5,6158.65,6179.44,6189.36,6196.18,16.7355,6242.22,6189.36,13.456,10.0125,10.0869,10.098,10.1142,0.0273179,10.1483,10.098,0.02191,10.8426,6179.66
70,"n23g0021.hpc.itc.rwth-aachen.de",70,"70",5,0,0000:1b:00.0,0,"OK",268435456,"bandwidth","H2D",50,5,11959.6,12361.1,13067.6,13261.3,900.171,13326,12798.4,480.769,18.7603,18.8518,19.1338,20.2247,1.37284,20.9038,19.5614,0.740145,20.5447,13060.8
70,"n23g0021.hpc.itc.rwth-aachen.de",70,"70",5,0,0000:1b:00.0,0,"OK",268435456,"bandwidth","D2H",50,5,21945.2,25707.3,25906.2,27797.2,2089.86,27852.1,26393.4,1480.65,8.97599,8.99372,9.65021,9.72486,0.731139,11.392,9.50386,0.56851,10.3618,25898.5
70,"n23g0021.hpc.itc.rwth-aachen.de",70,"70",5,1,0000:2c:00.0,2,"OK",4096,"latency","H2D",50,5,13.613,15.0435,15.2775,15.531,0.4875,22.537,15.4697,1.17139,0.169264,0.24562,0.249694,0.253578,0.00795762,0.280225,0.247672,0.0144631,0.268107,8.144
70,"n23g0021.hpc.itc.rwth-aachen.de",70,"70",5,1,0000:2c:00.0,2,"OK",4096,"latency","D2H",50,5,13.807,14.6568,14.831,15.0465,0.38975,26.23,15.141,1.73089,0.145433,0.253527,0.257211,0.260269,0.00674169,0.276287,0.254034,0.0185498,0.276178,7.936
70,"n23g0021.hpc.itc.rwth-aachen.de",70,"70",5,1,0000:2c:00.0,2,"OK",16777216,"bandwidth","H2D",50,5,829.236,834.766,837.207,840.925,6.1585,848.908,838.037,4.84556,18.406,18.5807,18.6633,18.7178,0.137082,18.8426,18.6454,0.107581,20.0395,829.6
70,"n23g0021.hpc.itc.rwth-aachen.de",70,"70",5,1,0000:2c:00.0,2,"OK",16777216,"bandwidth","D2H",50,5,1725.64,1732.04,1734.23,1741.18,9.145,1759.27,1738.05,9.31483,8.88153,8.97379,9.00974,9.02117,0.0473808,9.05459,8.99019,0.0479586,9.67414,1726.62
70,"n23g0021.hpc.itc.rwth-aachen.de",70,"70",5,1,0000:2c:00.0,2,"OK",67108864,"bandwidth","H2D",50,5,3300.59,3337.88,3343.69,3349,11.122,3363.86,3342.42,10.2671,18.5798,18.6623,18.6919,18.7245,0.0621834,18.936,18.6992,0.0576426,20.0703,3335.46
70,"n23g0021.hpc.itc.rwth-aachen.de",70,"70",5,1,0000:2c:00.0,2,"OK",67108864,"bandwidth","D2H",50,5,6184.91,6938.08,6950.51,6959.01,20.9305,6979.67,6928.04,116.153,8.95458,8.98116,8.99214,9.00826,0.0270944,10.1052,9.02411,0.167098,9.65524,6942.45
70,"n23g0021.hpc.itc.rwth-aachen.de",70,"70",5,1,0000:2c:00.0,2,"OK",268435456,"bandwidth","H2D",50,5,12228.9,12483.8,13406.8,13450.6,966.855,13489.9,12972.7,498.628,18.5323,18.5865,18.6473,20.026,1.43951,20.4434,19.2999,0.745869,20.0224,13398.7
70,"n23g0021.hpc.itc.rwth-aachen.de",70,"70",5,1,0000:2c:00.0,2,"OK",268435456,"bandwidth","D2H",50,5,23139.7,25739.8,26987.8,27807,2067.25,27870.5,26656.4,1195.09,8.97007,8.99053,9.26454,9.71259,0.722062,10.8039,9.39799,0.43265,9.94772,26979.9
70,"n23g0021.hpc.itc.rwth-aachen.de",70,"70",5,2,0000:9d:00.0,4,"OK",4096,"latency","H2D",50,5,11.021,11.3438,11.6095,11.8,0.45625,19.377,11.7706,1.19422,0.196867,0.32328,0.328584,0.336282,0.0130022,0.34613,0.326299,0.0220875,0.352815,5.76
70,"n23g0021.hpc.itc.rwth-aachen.de",70,"70",5,2,0000:9d:00.0,4,"OK",4096,"latency","D2H",50,5,10.66,11.267,11.5215,11.688,0.421,13.052,11.503,0.334272,0.292269,0.326377,0.331094,0.338573,0.0121955,0.357852,0.331896,0.00931055,0.355509,5.744
70,"n23g0021.hpc.itc.rwth-aachen.de",70,"70",5,2,0000:9d:00.0,4,"OK",16777216,"bandwidth","H2D",50,5,475.25,496.065,497.351,498.473,2.40825,499.381,495.637,5.9504,31.2887,31.3457,31.4164,31.4979,0.152175,32.8774,31.5298,0.391755,33.7332,491.248
70,"n23g0021.hpc.itc.rwth-aachen.de",70,"70",5,2,0000:9d:00.0,4,"OK",16777216,"bandwidth","D2H",50,5,485.606,507.385,507.887,509.318,1.933,517.328,508.3,5.03634,30.2033,30.6783,30.7647,30.7952,0.116876,32.1763,30.7428,0.310659,33.0333,501.856
70,"n23g0021.hpc.itc.rwth-aachen.de",70,"70",5,2,0000:9d:00.0,4,"OK",67108864,"bandwidth","H2D",50,5,1864.04,1946.68,1948.82,1950.68,4.00425,1954.05,1942.79,19.7903,31.9848,32.04,32.0708,32.1059,0.0659053,33.5294,32.1737,0.338339,34.4357,1942.4
70,"n23g0021.hpc.itc.rwth-aachen.de",70,"70",5,2,0000:9d:00.0,4,"OK",67108864,"bandwidth","D2H",50,5,1918.58,2013,2018.35,2021.54,8.538,2026.15,2014.46,16.0921,30.8466,30.917,30.9659,31.0481,0.131132,32.5762,31.0278,0.257379,33.2494,2011.84
70,"n23g0021.hpc.itc.rwth-aachen.de",70,"70",5,2,0000:9d:00.0,4,"OK",268435456,"bandwidth","H2D",50,5,7628.01,7761.04,7772.02,7779.66,18.6255,7785.65,7756.1,41.3249,32.1104,32.1351,32.1667,32.2122,0.0771198,32.7739,32.2336,0.173595,34.5387,7765.46
70,"n23g0021.hpc.itc.rwth-aachen.de",70,"70",5,2,0000:9d:00.0,4,"OK",268435456,"bandwidth","D2H",50,5,7922,8090.2,8095.68,8098.65,8.4455,8118.35,8085.85,37.8848,30.7944,30.8694,30.8807,30.9016,0.0322253,31.5577,30.9189,0.147188,33.1579,8089.22
70,"n23g0021.hpc.itc.rwth-aachen.de",70,"70",5,3,0000:ad:00.0,6,"OK",4096,"latency","H2D",50,5,11.351,11.5665,11.9725,12.1368,0.57025,17.176,12.0727,0.973476,0.222095,0.31431,0.318622,0.329806,0.015496,0.336067,0.31759,0.0201596,0.342117,5.92
70,"n23g0021.hpc.itc.rwth-aachen.de",70,"70",5,3,0000:ad:00.0,6,"OK",4096,"latency","D2H",50,5,11.127,11.5087,11.829,11.9407,0.432,20.487,11.9494,1.26208,0.186201,0.319469,0.322487,0.331461,0.0119918,0.342833,0.32145,0.0212544,0.346268,5.792
70,"n23g0021.hpc.itc.rwth-aachen.de",70,"70",5,3,0000:ad:00.0,6,"OK",16777216,"bandwidth","H2D",50,5,659.934,696.79,698.38,699.727,2.93625,701.914,694.448,10.9805,22.2606,22.3301,22.3732,22.4242,0.0941013,23.6766,22.5057,0.369037,24.023,692.128
70,"n23g0021.hpc.itc.rwth-aachen.de",70,"70",5,3,0000:ad:00.0,6,"OK",16777216,"bandwidth","D2H",50,5,596.867,623.432,624.309,625.766,2.33375,635.303,623.833,7.36512,24.5946,24.9694,25.0277,25.0629,0.0934699,26.1784,25.0503,0.301509,26.8733,618.064
70,"n23g0021.hpc.itc.rwth-aachen.de",70,"70",5,3,0000:ad:00.0,6,"OK",67108864,"bandwidth","H2D",50,5,2615.53,2740.6,2742.73,2745.1,4.503,2748.04,2735.43,25.7302,22.7435,22.7678,22.7875,22.8052,0.0374093,23.8957,22.8504,0.221953,24.4679,2736.13
70,"n23g0021.hpc.itc.rwth-aachen.de",70,"70",5,3,0000:ad:00.0,6,"OK",67108864,"bandwidth","D2H",50,5,2387.04,2486.43,2490.71,2493.46,7.02725,2503.48,2486.31,18.4462,24.9653,25.0656,25.0932,25.1364,0.0708414,26.1831,25.1391,0.192209,26.9436,2484.05
70,"n23g0021.hpc.itc.rwth-aachen.de",70,"70",5,3,0000:ad:00.0,6,"OK",268435456,"bandwidth","H2D",50,5,10791.7,10935.9,10970.6,10980.4,44.527,10998,10940.6,63.2228,22.7315,22.7679,22.7882,22.8606,0.0927032,23.166,22.8515,0.133107,24.4687,10963.8
70,"n23g0021.hpc.itc.rwth-aachen.de",70,"70",5,3,0000:ad:00.0,6,"OK",268435456,"bandwidth","D2H",50,5,9832.86,9860.29,9973.81,9981.66,121.369,9991.98,9938.57,59.4491,25.0201,25.0459,25.0656,25.3542,0.308287,25.425,25.1554,0.151175,26.914,9967.12
71,"n23g0021.hpc.itc.rwth-aachen.de",71,"71",5,0,0000:1b:00.0,0,"OK",4096,"latency","H2D",50,5,14.652,15.1753,15.4905,15.8343,0.659,23.479,15.718,1.25902,0.162473,0.240915,0.246261,0.251378,0.0104634,0.260353,0.243849,0.0145875,0.26442,8.4
71,"n23g0021.hpc.itc.rwth-aachen.de",71,"71",5,0,0000:1b:00.0,0,"OK",4096,"latency","D2H",50,5,14.006,14.7293,15.107,15.2767,0.5475,16.283,15.0441,0.426948,0.234275,0.249706,0.252512,0.258988,0.00928233,0.272362,0.253773,0.00722604,0.271133,7.84
71,"n23g0021.hpc.itc.rwth-aachen.de",71,"71",5,0,0000:1b:00.0,0,"OK",16777216,"bandwidth","H2D",50,5,825.67,833.37,836.777,839.648,6.278,844.851,836.405,4.60755,18.4944,18.609,18.6728,18.7492,0.140187,18.924,18.6817,0.103055,20.0498,828.976
71,"n23g0021.hpc.itc.rwth-aachen.de",71,"71",5,0,0000:1b:00.0,0,"OK",16777216,"bandwidth","D2H",50,5,1720.86,1733.87,1736.98,1746.96,13.0915,1762.87,1740,10.1472,8.86338,8.9441,8.99549,9.01163,0.067531,9.07974,8.98018,0.0521943,9.65883,1728.86
71,"n23g0021.hpc.itc.rwth-aachen.de",71,"71",5,0,0000:1b:00.0,0,"OK",67108864,"bandwidth","H2D",50,5,3266.48,3280.02,3285.91,3293.27,13.2512,3305.77,3286.76,9.75411,18.9063,18.9781,19.0206,19.0548,0.0766712,19.1337,19.0159,0.0564082,20.4232,3277.81
71,"n23g0021.hpc.itc.rwth-aachen.de",71,"71",5,0,0000:1b:00.0,0,"OK",67108864,"bandwidth","D2H",50,5,6164.51,6177.43,6185.56,6191.52,14.0825,6208.3,6185.08,10.671,10.0672,10.0945,10.1042,10.1175,0.0230121,10.1387,10.105,0.0174287,10.8493,6177.44
71,"n23g0021.hpc.itc.rwth-aachen.de",71,"71",5,0,0000:1b:00.0,0,"OK",268435456,"bandwidth","H2D",50,5,12189,12394.3,13190.1,13240.9,846.572,13268.5,12818,438.757,18.8416,18.8809,18.9536,20.1705,1.28963,20.5102,19.5268,0.671086,20.3513,13182.5
71,"n23g0021.hpc.itc.rwth-aachen.de",71,"71",5,0,0000:1b:00.0,0,"OK",268435456,"bandwidth","D2H",50,5,24885.1,25761,26647.2,27791.3,2030.24,27837.9,26709.5,1071.95,8.98056,8.99563,9.38369,9.70458,0.708951,10.0462,9.37515,0.378155,10.0757,26636.7
71,"n23g0021.hpc.itc.rwth-aachen.de",71,"71",5,1,0000:2c:00.0,2,"OK",4096,"latency","H2D",50,5,14.484,15.5935,15.8735,16.0748,0.48125,18.753,15.8759,0.570145,0.203418,0.23731,0.240319,0.244634,0.00732377,0.263373,0.240572,0.0081048,0.25804,8.544
71,"n23g0021.hpc.itc.rwth-aachen.de",71,"71",5,1,0000:2c:00.0,2,"OK",4096,"latency","D2H",50,5,14.14,14.8685,15.092,15.3867,0.51825,27.607,15.5343,2.12353,0.138179,0.247921,0.252763,0.256562,0.00864136,0.269781,0.248457,0.0214308,0.271402,8.096
71,"n23g0021.hpc.itc.rwth-aachen.de",71,"71",5,1,0000:2c:00.0,2,"OK",16777216,"bandwidth","H2D",50,5,824.791,834.649,837.389,839.431,4.7825,849.822,837.344,4.4408,18.3862,18.6138,18.6592,18.7205,0.106656,18.9442,18.6607,0.0990055,20.0351,829.632
71,"n23g0021.hpc.itc.rwth-aachen.de",71,"71",5,1,0000:2c:00.0,2,"OK",16777216,"bandwidth","D2H",50,5,1720.8,1729.42,1734.45,1739.69,10.271,1755.26,1736.31,9.16236,8.90181,8.98148,9.00863,9.03482,0.0533428,9.0801,8.99921,0.0473351,9.67295,1726.38
71,"n23g0021.hpc.itc.rwth-aachen.de",71,"71",5,1,0000:2c:00.0,2,"OK",67108864,"bandwidth","H2D",50,5,3308,3335.53,3342.41,3349.31,13.785,3360.55,3342.04,10.4473,18.5982,18.6606,18.6991,18.7377,0.0771204,18.8936,18.7014,0.0585741,20.078,3334.16
71,"n23g0021.hpc.itc.rwth-aachen.de",71,"71",5,1,0000:2c:00.0,2,"OK",67108864,"bandwidth","D2H",50,5,6185.35,6940.36,6948.18,6957.61,17.2542,6966.04,6919.56,142.834,8.9721,8.98297,8.99516,9.0053,0.0223323,10.1045,9.03663,0.20647,9.65848,6940.11
71,"n23g0021.hpc.itc.rwth-aachen.de",71,"71",5,1,0000:2c:00.0,2,"OK",268435456,"bandwidth","H2D",50,5,12310.3,12466.1,13403.3,13446.1,979.937,13480.4,12972.5,491.988,18.5455,18.5928,18.6522,20.0544,1.46158,20.3083,19.2994,0.735127,20.0276,13396.4
71,"n23g0021.hpc.itc.rwth-aachen.de",71,"71",5,1,0000:2c:00.0,2,"OK",268435456,"bandwidth","D2H",50,5,24958.8,25755.5,26835.3,27789.8,2034.36,27840.9,26747.9,1048.44,8.9796,8.99609,9.32182,9.70667,0.710577,10.0165,9.36097,0.368148,10.0092,26827.1
71,"n23g0021.hpc.itc.rwth-aachen.de",71,"71",5,2,0000:9d:00.0,4,"OK",4096,"latency","H2D",50,5,11.006,11.43,11.654,11.8235,0.3935,16.352,11.8184,0.907401,0.233286,0.322637,0.327329,0.333744,0.0111073,0.346602,0.324286,0.0197563,0.351467,5.776
71,"n23g0021.hpc.itc.rwth-aachen.de",71,"71",5,2,0000:9d:00.0,4,"OK",4096,"latency","D2H",50,5,11.178,11.4135,11.6615,11.8347,0.42125,14.522,11.6854,0.472846,0.262684,0.32233,0.327121,0.334227,0.0118967,0.341268,0.326911,0.0114859,0.351243,5.792
71,"n23g0021.hpc.itc.rwth-aachen.de",71,"71",5,2,0000:9d:00.0,4,"OK",16777216,"bandwidth","H2D",50,5,475.308,496.125,497.069,497.699,1.574,501.727,496.145,4.74009,31.1424,31.3945,31.4343,31.4941,0.0996017,32.8734,31.4958,0.31126,33.7523,491.12
71,"n23g0021.hpc.itc.rwth-aachen.de",71,"71",5,2,0000:9d:00.0,4,"OK",16777216,"bandwidth","D2H",50,5,483.579,507.747,508.798,510.176,2.429,521.455,508.432,7.60145,29.9642,30.6267,30.7097,30.7732,0.146515,32.3112,30.7388,0.473241,32.9743,502.512
71,"n23g0021.hpc.itc.rwth-aachen.de",71,"71",5,2,0000:9d:00.0,4,"OK",67108864,"bandwidth","H2D",50,5,1863.55,1945.51,1947.1,1949,3.4895,1952.44,1945.31,12.3232,32.0112,32.0677,32.099,32.1252,0.0575171,33.5382,32.1299,0.211486,34.4661,1940.8
71,"n23g0021.hpc.itc.rwth-aachen.de",71,"71",5,2,0000:9d:00.0,4,"OK",67108864,"bandwidth","D2H",50,5,1925.44,2013.39,2018.62,2022.64,9.25575,2030.79,2012.56,22.396,30.7762,30.9002,30.9618,31.0422,0.142052,32.4601,31.0589,0.356954,33.245,2012.19
71,"n23g0021.hpc.itc.rwth-aachen.de",71,"71",5,2,0000:9d:00.0,4,"OK",268435456,"bandwidth","H2D",50,5,7639.65,7765.09,7772.13,7777.53,12.4323,7789.4,7764.37,32.5856,32.0949,32.1439,32.1662,32.1954,0.0514638,32.724,32.1989,0.136986,34.5382,7765.38
71,"n23g0021.hpc.itc.rwth-aachen.de",71,"71",5,2,0000:9d:00.0,4,"OK",268435456,"bandwidth","D2H",50,5,7906.21,8054.63,8093.97,8101.38,46.7565,8114.53,8061.47,65.3286,30.8089,30.8589,30.8872,31.0382,0.179219,31.6207,31.0138,0.254129,33.1649,8087.54
71,"n23g0021.hpc.itc.rwth-aachen.de",71,"71",5,3,0000:ad:00.0,6,"OK",4096,"latency","H2D",50,5,11.114,11.2948,11.6405,11.8048,0.51,14.655,11.678,0.603548,0.2603,0.323149,0.32771,0.337741,0.0145916,0.343234,0.327406,0.0145882,0.351876,5.68
71,"n23g0021.hpc.itc.rwth-aachen.de",71,"71",5,3,0000:ad:00.0,6,"OK",4096,"latency","D2H",50,5,11.011,11.337,11.62,11.8517,0.51475,20.049,11.8143,1.31329,0.190269,0.321869,0.328288,0.336482,0.0146136,0.346444,0.325496,0.0238278,0.352497,5.712
71,"n23g0021.hpc.itc.rwth-aachen.de",71,"71",5,3,0000:ad:00.0,6,"OK",16777216,"bandwidth","H2D",50,5,658.189,695.58,696.713,697.691,2.11125,699.659,693.913,9.96635,22.3323,22.3953,22.4267,22.4633,0.067975,23.7394,22.5221,0.338124,24.0805,690.384
71,"n23g0021.hpc.itc.rwth-aachen.de",71,"71",5,3,0000:ad:00.0,6,"OK",16777216,"bandwidth","D2H",50,5,597.391,622.885,624.732,627.407,4.522,634.248,623.587,8.07722,24.6355,24.9041,25.0107,25.0849,0.180794,26.1554,25.0609,0.331495,26.8551,618.352
71,"n23g0021.hpc.itc.rwth-aachen.de",71,"71",5,3,0000:ad:00.0,6,"OK",67108864,"bandwidth","H2D",50,5,2595.39,2739.22,2742.03,2745.18,5.96625,2748.11,2726.88,39.1663,22.7429,22.7672,22.7933,22.8167,0.0495888,24.0812,22.9249,0.340509,24.4741,2735.6
71,"n23g0021.hpc.itc.rwth-aachen.de",71,"71",5,3,0000:ad:00.0,6,"OK",67108864,"bandwidth","D2H",50,5,2384.82,2485.8,2490.46,2493.69,7.88475,2502.86,2482.55,23.9394,24.9714,25.0633,25.0958,25.1428,0.0794986,26.2074,25.1781,0.249136,26.9464,2483.87
71,"n23g0021.hpc.itc.rwth-aachen.de",71,"71",5,3,0000:ad:00.0,6,"OK",268435456,"bandwidth","H2D",50,5,10792.6,10847.4,10964.7,10980.4,132.941,10997.4,10920.7,71.946,22.7326,22.7679,22.8005,23.0469,0.279034,23.1641,22.8933,0.151426,24.4819,10958
71,"n23g0021.hpc.itc.rwth-aachen.de",71,"71",5,3,0000:ad:00.0,6,"OK",268435456,"bandwidth","D2H",50,5,9783.87,9943.74,9976.93,9984.5,40.7652,9999.81,9947.5,57.5891,25.0005,25.0388,25.0578,25.1414,0.102649,25.5523,25.1328,0.146574,26.9056,9970.38
72,"n23g0021.hpc.itc.rwth-aachen.de",72,"72",6,0,0000:1b:00.0,0,"OK",4096,"latency","H2D",50,6,14.381,15.2345,15.512,15.6363,0.40175,25.26,15.6789,1.43078,0.151017,0.243965,0.245919,0.250399,0.00643361,0.26526,0.244644,0.0148946,0.264054,8.352
72,"n23g0021.hpc.itc.rwth-aachen.de",72,"72",6,0,0000:1b:00.0,0,"OK",4096,"latency","D2H",50,6,13.824,15.1137,15.4475,15.695,0.58125,25.844,15.5799,1.55412,0.147605,0.243052,0.246946,0.252399,0.00934712,0.275947,0.246457,0.0164913,0.265156,8.336
72,"n23g0021.hpc.itc.rwth-aachen.de",72,"72",6,0,0000:1b:00.0,0,"OK",16777216,"bandwidth","H2D",50,6,828.576,835.135,837.746,840.375,5.24025,871.412,838.324,6.16333,17.9307,18.5929,18.6512,18.7096,0.116666,18.8577,18.6394,0.134183,20.0266,829.92
72,"n23g0021.hpc.itc.rwth-aachen.de",72,"72",6,0,0000:1b:00.0,0,"OK",16777216,"bandwidth","D2H",50,6,1782.06,1791.08,1795.34,1800.28,9.19675,1821.32,1798.46,9.82215,8.57897,8.67921,8.70308,8.72377,0.0445656,8.76793,8.68823,0.0472269,9.34486,1787.18
72,"n23g0021.hpc.itc.rwth-aachen.de",72,"72",6,0,0000:1b:00.0,0,"OK",67108864,"bandwidth","H2D",50,6,3295.21,3303.15,3312.68,3321,17.8437,3336.43,3312.86,11.3121,18.7326,18.8197,18.8669,18.9213,0.101663,18.9669,18.8661,0.064335,20.2582,3304.54
72,"n23g0021.hpc.itc.rwth-aachen.de",72,"72",6,0,0000:1b:00.0,0,"OK",67108864,"bandwidth","D2H",50,6,7166.37,7178.14,7186.8,7193.58,15.4355,7212.54,7186.89,10.2335,8.66547,8.6883,8.69651,8.70699,0.0186829,8.7213,8.6964,0.0123765,9.3378,7178.83
72,"n23g0021.hpc.itc.rwth-aachen.de",72,"72",6,0,0000:1b:00.0,0,"OK",268435456,"bandwidth","H2D",50,6,12259.2,12436.6,13316.1,13334,897.388,13378,12905.7,456.862,18.6874,18.7491,18.7743,20.102,1.35288,20.3929,19.3958,0.689655,20.1588,13308.6
72,"n23g0021.hpc.itc.rwth-aachen.de",72,"72",6,0,0000:1b:00.0,0,"OK",268435456,"bandwidth","D2H",50,6,25920,26818.5,28027.8,28737,1918.55,28776.5,27743.3,1014.39,8.68765,8.69958,8.9249,9.32194,0.622356,9.64505,9.02329,0.331529,9.58304,28020
72,"n23g0021.hpc.itc.rwth-aachen.de",72,"72",6,1,0000:2c:00.0,2,"OK",4096,"latency","H2D",50,6,14.331,14.9467,15.3445,15.6928,0.746,18.315,15.4144,0.662718,0.208283,0.243087,0.248604,0.25522,0.012133,0.266185,0.247904,0.00999296,0.266936,8.208
72,"n23g0021.hpc.itc.rwth-aachen.de",72,"72",6,1,0000:2c:00.0,2,"OK",4096,"latency","D2H",50,6,14.865,15.4097,15.618,15.9518,0.542,29.372,16.1535,2.42641,0.129875,0.23914,0.24425,0.247551,0.00841083,0.256623,0.239377,0.0216531,0.262262,8.416
72,"n23g0021.hpc.itc.rwth-aachen.de",72,"72",6,1,0000:2c:00.0,2,"OK",16777216,"bandwidth","H2D",50,6,835.009,846.868,849.224,853.142,6.27375,858.691,849.572,4.83081,18.1963,18.3147,18.3992,18.4503,0.135676,18.7124,18.3922,0.104775,19.7559,841.328
72,"n23g0021.hpc.itc.rwth-aachen.de",72,"72",6,1,0000:2c:00.0,2,"OK",16777216,"bandwidth","D2H",50,6,1782.6,1793.41,1795.08,1801.63,8.2185,1817.09,1798.27,8.49311,8.59892,8.6727,8.70433,8.71245,0.0397437,8.76531,8.68909,0.0409241,9.3462,1787.15
72,"n23g0021.hpc.itc.rwth-aachen.de",72,"72",6,1,0000:2c:00.0,2,"OK",67108864,"bandwidth","H2D",50,6,3341.95,3360.34,3372.44,3379.53,19.187,3396.18,3370.81,13.3313,18.403,18.4937,18.5326,18.5993,0.105596,18.7017,18.5418,0.0733693,19.8992,3364.51
72,"n23g0021.hpc.itc.rwth-aachen.de",72,"72",6,1,0000:2c:00.0,2,"OK",67108864,"bandwidth","D2H",50,6,7148.09,7161.91,7170.2,7175.79,13.8762,7196.17,7169.5,10.0505,8.68518,8.70985,8.71663,8.72672,0.0168753,8.74359,8.7175,0.0122182,9.35941,7162.08
72,"n23g0021.hpc.itc.rwth-aachen.de",72,"72",6,1,0000:2c:00.0,2,"OK",268435456,"bandwidth","H2D",50,6,12359.9,12580.5,13546.1,13587.2,1006.69,13648,13105.6,510.299,18.3177,18.3996,18.4555,19.872,1.47233,20.2267,19.1049,0.747662,19.8164,13538.3
72,"n23g0021.hpc.itc.rwth-aachen.de",72,"72",6,1,0000:2c:00.0,2,"OK",268435456,"bandwidth","D2H",50,6,25839.8,26791.5,28616,28667.9,1876.37,28741.7,27728.5,996.368,8.69817,8.72055,8.73639,9.3313,0.610751,9.67501,9.02772,0.326658,9.38063,28607.3
72,"n23g0021.hpc.itc.rwth-aachen.de",72,"72",6,2,0000:9d:00.0,4,"OK",4096,"latency","H2D",50,6,11.35,11.535,11.839,11.9815,0.4465,14.92,11.8739,0.540673,0.255677,0.318382,0.322215,0.330707,0.0123243,0.336097,0.321846,0.0127741,0.345976,5.84
72,"n23g0021.hpc.itc.rwth-aachen.de",72,"72",6,2,0000:9d:00.0,4,"OK",4096,"latency","D2H",50,6,11.496,11.7293,11.938,12.1025,0.37325,12.412,11.9289,0.251357,0.307339,0.315199,0.319542,0.32523,0.0100305,0.331828,0.319929,0.00674554,0.343106,6
72,"n23g0021.hpc.itc.rwth-aachen.de",72,"72",6,2,0000:9d:00.0,4,"OK",16777216,"bandwidth","H2D",50,6,520.089,547.287,548.855,549.877,2.59025,554.266,545.563,8.93166,28.1904,28.4154,28.4684,28.5499,0.134489,30.0429,28.6481,0.485863,30.5677,542.768
72,"n23g0021.hpc.itc.rwth-aachen.de",72,"72",6,2,0000:9d:00.0,4,"OK",16777216,"bandwidth","D2H",50,6,774.978,815.403,817.09,820.676,5.273,836.98,813.113,14.1109,18.6683,19.0392,19.1228,19.1623,0.123107,20.1619,19.2222,0.343475,20.5329,810.864
72,"n23g0021.hpc.itc.rwth-aachen.de",72,"72",6,2,0000:9d:00.0,4,"OK",67108864,"bandwidth","H2D",50,6,2044.99,2156.51,2158.85,2161.08,4.572,2165.6,2141.74,36.2231,28.8603,28.9207,28.9506,28.982,0.0613151,30.5625,29.1904,0.508416,31.0855,2152.43
72,"n23g0021.hpc.itc.rwth-aachen.de",72,"72",6,2,0000:9d:00.0,4,"OK",67108864,"bandwidth","D2H",50,6,3089.82,3233,3236.58,3239.72,6.7145,3248.4,3220.9,38.9305,19.2402,19.2918,19.3105,19.3319,0.0400669,20.2277,19.4074,0.240847,20.7345,3230.11
72,"n23g0021.hpc.itc.rwth-aachen.de",72,"72",6,2,0000:9d:00.0,4,"OK",268435456,"bandwidth","H2D",50,6,8422.73,8495.88,8583.56,8589.85,93.9705,8603.56,8543.06,65.8785,29.0577,29.1041,29.1254,29.426,0.321912,29.6816,29.2653,0.227302,31.2732,8576.88
72,"n23g0021.hpc.itc.rwth-aachen.de",72,"72",6,2,0000:9d:00.0,4,"OK",268435456,"bandwidth","D2H",50,6,12720.1,12741.9,12833.7,12906.4,164.465,12929.8,12825.5,79.654,19.3352,19.3702,19.48,19.6203,0.250019,19.6539,19.4932,0.121091,20.9164,12827.2
72,"n23g0021.hpc.itc.rwth-aachen.de",72,"72",6,3,0000:ad:00.0,6,"OK",4096,"latency","H2D",50,6,10.996,11.27,11.5085,11.7035,0.4335,21.162,11.7345,1.44034,0.180262,0.325945,0.331468,0.338482,0.0125375,0.346917,0.328043,0.0244754,0.355911,5.696
72,"n23g0021.hpc.itc.rwth-aachen.de",72,"72",6,3,0000:ad:00.0,6,"OK",4096,"latency","D2H",50,6,10.789,11.2843,11.4575,11.6638,0.3795,12.047,11.4617,0.249854,0.316651,0.327056,0.332943,0.338055,0.0109991,0.353573,0.332979,0.00728945,0.357495,5.68
72,"n23g0021.hpc.itc.rwth-aachen.de",72,"72",6,3,0000:ad:00.0,6,"OK",16777216,"bandwidth","H2D",50,6,352.734,374.871,376.108,376.863,1.9925,382.05,374.33,6.29069,40.8978,41.4606,41.5439,41.681,0.220371,44.2968,41.7536,0.736601,44.6074,370.048
72,"n23g0021.hpc.itc.rwth-aachen.de",72,"72",6,3,0000:ad:00.0,6,"OK",16777216,"bandwidth","D2H",50,6,440.289,464.757,465.819,466.555,1.79825,474.449,465.288,6.338,32.9329,33.4901,33.543,33.6197,0.129581,35.4881,33.5878,0.472361,36.0166,459.68
72,"n23g0021.hpc.itc.rwth-aachen.de",72,"72",6,3,0000:ad:00.0,6,"OK",67108864,"bandwidth","H2D",50,6,1376.67,1459.94,1461.49,1463.28,3.33525,1466.74,1452.7,24.2977,42.6115,42.7124,42.7646,42.81,0.097577,45.3995,43.0359,0.748,45.9182,1455.2
72,"n23g0021.hpc.itc.rwth-aachen.de",72,"72",6,3,0000:ad:00.0,6,"OK",67108864,"bandwidth","D2H",50,6,1737.6,1834.12,1839.56,1842.83,8.7105,1849.25,1833.62,19.6296,33.7975,33.9152,33.9755,34.0763,0.16107,35.9692,34.0896,0.379385,36.4809,1833.3
72,"n23g0021.hpc.itc.rwth-aachen.de",72,"72",6,3,0000:ad:00.0,6,"OK",268435456,"bandwidth","H2D",50,6,5616.35,5787.32,5817.75,5823.07,35.7475,5832.41,5784.35,69.4936,42.8639,42.9327,42.972,43.1979,0.265276,44.5129,43.2264,0.529231,46.1408,5811.22
72,"n23g0021.hpc.itc.rwth-aachen.de",72,"72",6,3,0000:ad:00.0,6,"OK",268435456,"bandwidth","D2H",50,6,7172.12,7313.93,7330.28,7335.97,22.0365,7349.07,7306.42,53.1478,34.0179,34.0787,34.1051,34.1814,0.102697,34.8572,34.2183,0.251877,36.6201,7323.65
73,"n23g0021.hpc.itc.rwth-aachen.de",73,"73",6,0,0000:1b:00.0,0,"OK",4096,"latency","H2D",50,6,15.003,15.4655,15.6425,15.951,0.4855,31.682,16.1918,2.40627,0.120406,0.239151,0.243868,0.246659,0.00750781,0.254262,0.238585,0.0205875,0.261851,8.384
73,"n23g0021.hpc.itc.rwth-aachen.de",73,"73",6,0,0000:1b:00.0,0,"OK",4096,"latency","D2H",50,6,14.51,14.9805,15.3535,15.764,0.7835,25.041,15.582,1.43821,0.152338,0.241988,0.248458,0.254644,0.0126562,0.262901,0.246227,0.0155687,0.26678,8.336
73,"n23g0021.hpc.itc.rwth-aachen.de",73,"73",6,0,0000:1b:00.0,0,"OK",16777216,"bandwidth","H2D",50,6,826.394,835.473,838.057,841.102,5.629,845.23,837.762,3.88047,18.4861,18.5768,18.6443,18.702,0.125161,18.9074,18.6513,0.0866254,20.0192,829.904
73,"n23g0021.hpc.itc.rwth-aachen.de",73,"73",6,0,0000:1b:00.0,0,"OK",16777216,"bandwidth","D2H",50,6,1780.29,1787.94,1792.56,1802.45,14.516,1815.62,1794.89,9.05663,8.60587,8.66873,8.7166,8.73911,0.0703778,8.77668,8.7055,0.0437903,9.35938,1784.9
73,"n23g0021.hpc.itc.rwth-aachen.de",73,"73",6,0,0000:1b:00.0,0,"OK",67108864,"bandwidth","H2D",50,6,3252.44,3266.66,3272.88,3278.91,12.2475,3295.48,3272.95,8.41598,18.9654,19.0612,19.0963,19.1327,0.0714652,19.2163,19.096,0.0490876,20.5045,3263.57
73,"n23g0021.hpc.itc.rwth-aachen.de",73,"73",6,0,0000:1b:00.0,0,"OK",67108864,"bandwidth","D2H",50,6,6405.02,6421.81,6429.09,6436.07,14.2527,6454.6,6428.92,10.1817,9.68301,9.7109,9.72144,9.73245,0.0215528,9.75797,9.72172,0.0153982,10.4383,6421.25
73,"n23g0021.hpc.itc.rwth-aachen.de",73,"73",6,0,0000:1b:00.0,0,"OK",268435456,"bandwidth","H2D",50,6,12149.6,12434.2,13290.5,13324.8,890.581,13378,12894.4,452.501,18.6874,18.762,18.8104,20.1059,1.34383,20.5768,19.4124,0.684951,20.1976,13282.6
73,"n23g0021.hpc.itc.rwth-aachen.de",73,"73",6,0,0000:1b:00.0,0,"OK",268435456,"bandwidth","D2H",50,6,26545.3,26865.4,28722.2,28761.8,1896.4,28823.1,27818.6,984.629,8.67361,8.69209,8.70408,9.30566,0.613567,9.41787,8.99809,0.319653,9.34594,28714.2
73,"n23g0021.hpc.itc.rwth-aachen.de",73,"73",6,1,0000:2c:00.0,2,"OK",4096,"latency","H2D",50,6,14.266,14.963,15.152,15.3383,0.37525,17.828,15.171,0.542216,0.213972,0.248705,0.251762,0.254942,0.00623717,0.267398,0.251746,0.00840724,0.270327,8.16
73,"n23g0021.hpc.itc.rwth-aachen.de",73,"73",6,1,0000:2c:00.0,2,"OK",4096,"latency","D2H",50,6,14.59,15.2773,15.4255,15.7348,0.4575,33.09,15.8216,2.50219,0.115282,0.242438,0.247298,0.249698,0.00725991,0.26146,0.244153,0.0195643,0.265535,8.336
73,"n23g0021.hpc.itc.rwth-aachen.de",73,"73",6,1,0000:2c:00.0,2,"OK",16777216,"bandwidth","H2D",50,6,846.072,855.046,857.428,860.749,5.703,869.187,857.599,4.50736,17.9766,18.1528,18.2231,18.2739,0.121076,18.4677,18.22,0.0958351,19.5669,849.904
73,"n23g0021.hpc.itc.rwth-aachen.de",73,"73",6,1,0000:2c:00.0,2,"OK",16777216,"bandwidth","D2H",50,6,1781.52,1786.96,1790.2,1796.31,9.3505,1816.61,1793.69,9.77117,8.60119,8.69841,8.72809,8.74392,0.0455152,8.77063,8.71136,0.0472301,9.37171,1782.38
73,"n23g0021.hpc.itc.rwth-aachen.de",73,"73",6,1,0000:2c:00.0,2,"OK",67108864,"bandwidth","H2D",50,6,3358.39,3371.36,3376.63,3381.41,10.0475,3399.09,3376.73,8.97473,18.3873,18.4834,18.5096,18.5385,0.0550851,18.6101,18.5092,0.0491803,19.8745,3368.46
73,"n23g0021.hpc.itc.rwth-aachen.de",73,"73",6,1,0000:2c:00.0,2,"OK",67108864,"bandwidth","D2H",50,6,7138.23,7161.3,7167.03,7172.9,11.5972,7191.28,7168.19,9.67775,8.69108,8.71335,8.72049,8.72746,0.0141108,8.75568,8.71909,0.011771,9.36355,7158.94
73,"n23g0021.hpc.itc.rwth-aachen.de",73,"73",6,1,0000:2c:00.0,2,"OK",268435456,"bandwidth","H2D",50,6,12233.2,12558.5,13543.1,13584.3,1025.83,13646.4,13091.4,519.999,18.3199,18.4036,18.4596,19.9069,1.50331,20.4362,19.1269,0.764754,19.8208,13535.2
73,"n23g0021.hpc.itc.rwth-aachen.de",73,"73",6,1,0000:2c:00.0,2,"OK",268435456,"bandwidth","D2H",50,6,26381.6,26785.6,28654.4,28693,1907.36,28723.9,27733.3,1000.82,8.70354,8.71293,8.72468,9.33337,0.620433,9.4763,9.02624,0.327304,9.36805,28646.2
73,"n23g0021.hpc.itc.rwth-aachen.de",73,"73",6,2,0000:9d:00.0,4,"OK",4096,"latency","H2D",50,6,11.08,11.4168,11.57,11.773,0.35625,16.278,11.7139,0.803793,0.234347,0.324021,0.329706,0.334132,0.0101105,0.344287,0.326847,0.0174911,0.354019,5.696
73,"n23g0021.hpc.itc.rwth-aachen.de",73,"73",6,2,0000:9d:00.0,4,"OK",4096,"latency","D2H",50,6,10.793,11.3293,11.6145,11.7705,0.44125,17.299,11.67,0.847447,0.220515,0.32409,0.328443,0.336713,0.0126234,0.353442,0.328116,0.0172018,0.352663,5.856
73,"n23g0021.hpc.itc.rwth-aachen.de",73,"73",6,2,0000:9d:00.0,4,"OK",16777216,"bandwidth","H2D",50,6,519.492,539.136,547.221,548.723,9.58775,551.692,542.224,10.608,28.322,28.4752,28.5534,28.9831,0.507915,30.0775,28.8278,0.578936,30.6589,541.136
73,"n23g0021.hpc.itc.rwth-aachen.de",73,"73",6,2,0000:9d:00.0,4,"OK",16777216,"bandwidth","D2H",50,6,772.788,814.012,816.596,818.497,4.48475,828.581,810.747,16.2648,18.8575,19.0899,19.1343,19.195,0.105175,20.219,19.2804,0.399028,20.5453,810.368
73,"n23g0021.hpc.itc.rwth-aachen.de",73,"73",6,2,0000:9d:00.0,4,"OK",67108864,"bandwidth","H2D",50,6,2051.1,2157.44,2160.41,2161.68,4.2425,2167.42,2153.89,22.4323,28.8362,28.9127,28.9297,28.9695,0.0568554,30.4715,29.0205,0.315009,31.063,2153.97
73,"n23g0021.hpc.itc.rwth-aachen.de",73,"73",6,2,0000:9d:00.0,4,"OK",67108864,"bandwidth","D2H",50,6,3079.38,3232.33,3237.04,3238.84,6.5075,3252.75,3218.39,49.1336,19.2145,19.297,19.3078,19.3359,0.03885,20.2963,19.4243,0.307206,20.7315,3230.53
73,"n23g0021.hpc.itc.rwth-aachen.de",73,"73",6,2,0000:9d:00.0,4,"OK",268435456,"bandwidth","H2D",50,6,8405.86,8495.9,8586.26,8593.49,97.588,8601.85,8544.84,63.6277,29.0635,29.0918,29.1163,29.426,0.334178,29.7412,29.259,0.219411,31.2634,8579.66
73,"n23g0021.hpc.itc.rwth-aachen.de",73,"73",6,2,0000:9d:00.0,4,"OK",268435456,"bandwidth","D2H",50,6,12698.5,12737.2,12758.2,12893.3,156.124,12937.6,12800.2,77.1857,19.3235,19.3899,19.5952,19.6275,0.237662,19.6873,19.5317,0.117416,21.0402,12751.7
73,"n23g0021.hpc.itc.rwth-aachen.de",73,"73",6,3,0000:ad:00.0,6,"OK",4096,"latency","H2D",50,6,11.383,11.923,12.123,12.3425,0.4195,18.196,12.2808,0.973553,0.209645,0.30907,0.314667,0.319944,0.0108744,0.335122,0.312066,0.0183797,0.337871,6.144
73,"n23g0021.hpc.itc.rwth-aachen.de",73,"73",6,3,0000:ad:00.0,6,"OK",4096,"latency","D2H",50,6,11.067,11.7692,12.003,12.2425,0.47325,28.097,12.3073,2.2833,0.135769,0.311595,0.317814,0.324125,0.0125301,0.344691,0.31492,0.0273128,0.341251,6.064
73,"n23g0021.hpc.itc.rwth-aachen.de",73,"73",6,3,0000:ad:00.0,6,"OK",16777216,"bandwidth","H2D",50,6,351.391,352.75,353.831,354.473,1.722,356.636,353.697,1.16786,43.8122,44.0796,44.1595,44.2948,0.21518,44.4661,44.1767,0.145798,47.4159,347.696
73,"n23g0021.hpc.itc.rwth-aachen.de",73,"73",6,3,0000:ad:00.0,6,"OK",16777216,"bandwidth","D2H",50,6,440.102,441.558,442.221,443.26,1.70175,451.103,443.087,2.68243,34.6373,35.2502,35.333,35.3861,0.135854,35.5031,35.2653,0.211049,37.9385,436.208
73,"n23g0021.hpc.itc.rwth-aachen.de",73,"73",6,3,0000:ad:00.0,6,"OK",67108864,"bandwidth","H2D",50,6,1462.95,1465.75,1467.49,1469.13,3.374,1474.78,1467.62,2.32325,42.3791,42.5423,42.5899,42.6402,0.0979283,42.722,42.5861,0.0673726,45.7305,1461.09
73,"n23g0021.hpc.itc.rwth-aachen.de",73,"73",6,3,0000:ad:00.0,6,"OK",67108864,"bandwidth","D2H",50,6,1830.4,1834.13,1839.85,1841.97,7.8335,1847.09,1838.2,4.58794,33.837,33.9311,33.9702,34.0761,0.144919,34.1455,34.0008,0.0848978,36.4753,1833.42
73,"n23g0021.hpc.itc.rwth-aachen.de",73,"73",6,3,0000:ad:00.0,6,"OK",268435456,"bandwidth","H2D",50,6,5637.9,5812.52,5817.89,5822.28,9.75775,5831.32,5808.03,37.2003,42.8719,42.9385,42.9709,43.0106,0.0720829,44.3427,43.0457,0.282254,46.1397,5811.39
73,"n23g0021.hpc.itc.rwth-aachen.de",73,"73",6,3,0000:ad:00.0,6,"OK",268435456,"bandwidth","D2H",50,6,7155.93,7323.68,7331.37,7336.32,12.6343,7344.82,7304.09,58.2633,34.0376,34.077,34.1001,34.1358,0.0587876,34.936,34.2296,0.276615,36.6147,7324.77
74,"n23g0021.hpc.itc.rwth-aachen.de",74,"74",6,0,0000:1b:00.0,0,"OK",4096,"latency","H2D",50,6,14.421,14.9638,15.293,15.5702,0.6065,18.013,15.3494,0.587076,0.211775,0.244999,0.249441,0.254929,0.00993015,0.264524,0.248868,0.00899396,0.267835,8.272
74,"n23g0021.hpc.itc.rwth-aachen.de",74,"74",6,0,0000:1b:00.0,0,"OK",4096,"latency","D2H",50,6,14.172,14.7287,15.1345,15.5213,0.7925,26.333,15.3583,1.63361,0.144864,0.245773,0.252053,0.258998,0.0132253,0.269171,0.250143,0.0168705,0.27064,7.856
74,"n23g0021.hpc.itc.rwth-aachen.de",74,"74",6,0,0000:1b:00.0,0,"OK",16777216,"bandwidth","H2D",50,6,827.32,833.681,836.112,839.221,5.5405,848.602,836.587,4.78798,18.4126,18.6184,18.6877,18.7422,0.123739,18.8863,18.6777,0.106733,20.0658,828.384
74,"n23g0021.hpc.itc.rwth-aachen.de",74,"74",6,0,0000:1b:00.0,0,"OK",16777216,"bandwidth","D2H",50,6,1782.68,1791.39,1796.27,1802.61,11.2217,1825.3,1798.84,10.6477,8.56022,8.66798,8.69859,8.72227,0.0542985,8.76488,8.68645,0.0511601,9.34004,1788.26
74,"n23g0021.hpc.itc.rwth-aachen.de",74,"74",6,0,0000:1b:00.0,0,"OK",67108864,"bandwidth","H2D",50,6,3272.06,3301.98,3307.39,3313.22,11.2395,3328.06,3307.29,9.2718,18.7797,18.8638,18.8971,18.928,0.0642098,19.1011,18.8978,0.0530967,20.2906,3299.2
74,"n23g0021.hpc.itc.rwth-aachen.de",74,"74",6,0,0000:1b:00.0,0,"OK",67108864,"bandwidth","D2H",50,6,6422.76,7181.86,7187.98,7194.73,12.8715,7212.7,7162.7,132.05,8.66526,8.68691,8.69508,8.70248,0.0155689,9.73102,8.72902,0.176725,9.33627,7179.86
74,"n23g0021.hpc.itc.rwth-aachen.de",74,"74",6,0,0000:1b:00.0,0,"OK",268435456,"bandwidth","H2D",50,6,12254.8,12349.8,13299,13359,1009.13,13392.7,12875.7,501.21,18.6668,18.714,18.7984,20.2432,1.52916,20.4002,19.446,0.760142,20.1846,13291.4
74,"n23g0021.hpc.itc.rwth-aachen.de",74,"74",6,0,0000:1b:00.0,0,"OK",268435456,"bandwidth","D2H",50,6,24428.8,26587.2,28526.8,28773.1,2185.84,29470.6,27703.1,1190.49,8.48302,8.68868,8.7638,9.40302,0.714331,10.2338,9.04131,0.396966,9.41006,28519.1
74,"n23g0021.hpc.itc.rwth-aachen.de",74,"74",6,1,0000:2c:00.0,2,"OK",4096,"latency","H2D",50,6,14.71,15.4045,15.503,15.7245,0.32,20.981,15.7318,0.958595,0.181817,0.242596,0.246062,0.247635,0.00503948,0.259327,0.243216,0.0120989,0.264207,8.448
74,"n23g0021.hpc.itc.rwth-aachen.de",74,"74",6,1,0000:2c:00.0,2,"OK",4096,"latency","D2H",50,6,14.827,15.4552,15.6835,16.035,0.57975,17.068,15.761,0.450805,0.2235,0.237899,0.24323,0.246822,0.00892331,0.25728,0.242228,0.00682266,0.261166,8.64
74,"n23g0021.hpc.itc.rwth-aachen.de",74,"74",6,1,0000:2c:00.0,2,"OK",16777216,"bandwidth","H2D",50,6,840.164,848.011,852.173,855.5,7.4885,864.459,851.93,5.11011,18.0749,18.2642,18.3355,18.4255,0.161285,18.5976,18.3414,0.109969,19.6876,843.968
74,"n23g0021.hpc.itc.rwth-aachen.de",74,"74",6,1,0000:2c:00.0,2,"OK",16777216,"bandwidth","D2H",50,6,1780.55,1786.67,1789.64,1795.46,8.78325,1810.77,1791.88,7.35278,8.62891,8.70252,8.73081,8.7453,0.0427812,8.77539,8.72004,0.0356747,9.37464,1782.02
74,"n23g0021.hpc.itc.rwth-aachen.de",74,"74",6,1,0000:2c:00.0,2,"OK",67108864,"bandwidth","H2D",50,6,3334.83,3368.87,3377.74,3385.1,16.2298,3403.49,3376.69,12.389,18.3635,18.4633,18.5035,18.5522,0.0889479,18.7416,18.5095,0.0680934,19.868,3369.62
74,"n23g0021.hpc.itc.rwth-aachen.de",74,"74",6,1,0000:2c:00.0,2,"OK",67108864,"bandwidth","D2H",50,6,6404.66,7160.77,7167.72,7175,14.2362,7204.26,7142.27,135.974,8.67542,8.7108,8.71965,8.72812,0.0173179,9.75852,8.75421,0.183272,9.36265,7159.49
74,"n23g0021.hpc.itc.rwth-aachen.de",74,"74",6,1,0000:2c:00.0,2,"OK",268435456,"bandwidth","H2D",50,6,12370,12534.3,13580.1,13625.1,1090.8,13704.2,13099.6,554.174,18.2426,18.3485,18.4093,19.9453,1.59678,20.2102,19.1188,0.812211,19.7668,13572
74,"n23g0021.hpc.itc.rwth-aachen.de",74,"74",6,1,0000:2c:00.0,2,"OK",268435456,"bandwidth","D2H",50,6,25802.9,26549,28512.6,28679.5,2130.48,28876.2,27635.3,1100.67,8.65765,8.71704,8.76823,9.41656,0.69952,9.68884,9.06087,0.363603,9.41481,28504.1
74,"n23g0021.hpc.itc.rwth-aachen.de",74,"74",6,2,0000:9d:00.0,4,"OK",4096,"latency","H2D",50,6,11.262,11.524,11.852,12.032,0.508,14.772,11.8727,0.509264,0.258238,0.317046,0.321861,0.331023,0.013977,0.338723,0.321818,0.0121672,0.345596,5.888
74,"n23g0021.hpc.itc.rwth-aachen.de",74,"74",6,2,0000:9d:00.0,4,"OK",4096,"latency","D2H",50,6,11.206,11.6565,11.8655,12.106,0.4495,12.359,11.8667,0.271403,0.308657,0.315108,0.321498,0.32726,0.012152,0.340416,0.32163,0.00736959,0.345206,5.92
74,"n23g0021.hpc.itc.rwth-aachen.de",74,"74",6,2,0000:9d:00.0,4,"OK",16777216,"bandwidth","H2D",50,6,518.725,548.067,548.781,549.639,1.5725,551.947,543.752,11.0846,28.3089,28.4277,28.4722,28.5093,0.081564,30.1219,28.7479,0.605026,30.5718,542.72
74,"n23g0021.hpc.itc.rwth-aachen.de",74,"74",6,2,0000:9d:00.0,4,"OK",16777216,"bandwidth","D2H",50,6,771.693,796.985,815.49,819.312,22.3275,827.966,807.51,17.732,18.8715,19.0709,19.1603,19.6056,0.534682,20.2477,19.3592,0.435125,20.5732,809.2
74,"n23g0021.hpc.itc.rwth-aachen.de",74,"74",6,2,0000:9d:00.0,4,"OK",67108864,"bandwidth","H2D",50,6,2048.8,2140.2,2158.52,2160.9,20.697,2165.35,2141.07,35.4832,28.8636,28.9231,28.955,29.2032,0.280124,30.5057,29.1993,0.498268,31.0902,2151.94
74,"n23g0021.hpc.itc.rwth-aachen.de",74,"74",6,2,0000:9d:00.0,4,"OK",67108864,"bandwidth","D2H",50,6,3079.78,3170.41,3236.17,3239.78,69.3633,3247.91,3206.2,48.7265,19.2432,19.2914,19.313,19.7135,0.422081,20.2936,19.4981,0.301495,20.7371,3229.71
74,"n23g0021.hpc.itc.rwth-aachen.de",74,"74",6,2,0000:9d:00.0,4,"OK",268435456,"bandwidth","H2D",50,6,8406.73,8427.31,8524.9,8586.34,159.03,8593.86,8511.99,74.5081,29.0905,29.116,29.3259,29.6654,0.549443,29.7381,29.3726,0.257581,31.4884,8518.18
74,"n23g0021.hpc.itc.rwth-aachen.de",74,"74",6,2,0000:9d:00.0,4,"OK",268435456,"bandwidth","D2H",50,6,12716.7,12741.4,12759.1,12853.9,112.452,12922,12795.1,67.6555,19.3469,19.4494,19.5938,19.621,0.171652,19.6592,19.5393,0.102939,21.0387,12752.7
74,"n23g0021.hpc.itc.rwth-aachen.de",74,"74",6,3,0000:ad:00.0,6,"OK",4096,"latency","H2D",50,6,11.49,11.8385,12.008,12.2718,0.43325,15.15,12.0914,0.514426,0.251795,0.310853,0.31768,0.322229,0.0113757,0.332002,0.31598,0.0116267,0.341106,6.096
74,"n23g0021.hpc.itc.rwth-aachen.de",74,"74",6,3,0000:ad:00.0,6,"OK",4096,"latency","D2H",50,6,11.215,11.756,11.934,12.295,0.539,12.832,11.9474,0.369419,0.29728,0.310264,0.31965,0.324489,0.0142252,0.340142,0.319595,0.0098363,0.343221,5.968
74,"n23g0021.hpc.itc.rwth-aachen.de",74,"74",6,3,0000:ad:00.0,6,"OK",16777216,"bandwidth","H2D",50,6,351.543,353.102,353.786,354.504,1.4015,356.4,353.841,1.07152,43.8412,44.0757,44.1651,44.2506,0.17494,44.4469,44.1587,0.133648,47.4219,347.744
74,"n23g0021.hpc.itc.rwth-aachen.de",74,"74",6,3,0000:ad:00.0,6,"OK",16777216,"bandwidth","D2H",50,6,440.412,441.488,441.981,442.686,1.19775,451.306,442.861,2.74067,34.6217,35.2959,35.3522,35.3917,0.0957571,35.4781,35.2833,0.215567,37.9592,435.792
74,"n23g0021.hpc.itc.rwth-aachen.de",74,"74",6,3,0000:ad:00.0,6,"OK",67108864,"bandwidth","H2D",50,6,1382.24,1465.2,1466.81,1468.36,3.15775,1471.16,1464.97,12.0421,42.4835,42.5646,42.6096,42.6563,0.091734,45.2163,42.666,0.370487,45.7517,1460.62
74,"n23g0021.hpc.itc.rwth-aachen.de",74,"74",6,3,0000:ad:00.0,6,"OK",67108864,"bandwidth","D2H",50,6,1771.64,1833.99,1840.27,1843.1,9.113,1846.88,1837.64,10.5265,33.8408,33.9102,33.9624,34.0787,0.168498,35.278,34.0121,0.200485,36.4669,1834
74,"n23g0021.hpc.itc.rwth-aachen.de",74,"74",6,3,0000:ad:00.0,6,"OK",268435456,"bandwidth","H2D",50,6,5605.69,5707.58,5817.93,5822.11,114.532,5831.64,5772.55,76.7834,42.8696,42.9397,42.9706,43.8014,0.861659,44.5976,43.3162,0.584877,46.1393,5811.39
74,"n23g0021.hpc.itc.rwth-aachen.de",74,"74",6,3,0000:ad:00.0,6,"OK",268435456,"bandwidth","D2H",50,6,7172.67,7303.38,7331.64,7338.2,34.822,7348.95,7304.69,56.6053,34.0185,34.0683,34.0988,34.2307,0.162435,34.8545,34.2267,0.268384,36.6133,7325.17
75,"n23g0021.hpc.itc.rwth-aachen.de",75,"75",6,0,0000:1b:00.0,0,"OK",4096,"latency","H2D",50,6,14.819,15.3887,15.6875,16.0827,0.694,25.915,15.9916,1.54148,0.1472,0.237192,0.243169,0.247889,0.0106968,0.257419,0.240055,0.015963,0.261101,8.448
75,"n23g0021.hpc.itc.rwth-aachen.de",75,"75",6,0,0000:1b:00.0,0,"OK",4096,"latency","D2H",50,6,14.34,15.1073,15.2805,15.5608,0.4535,16.494,15.3378,0.4413,0.231278,0.245149,0.249645,0.252508,0.00735927,0.266018,0.248917,0.00710173,0.268054,8.304
75,"n23g0021.hpc.itc.rwth-aachen.de",75,"75",6,0,0000:1b:00.0,0,"OK",16777216,"bandwidth","H2D",50,6,825.218,835.18,838.241,840.91,5.7305,848.059,837.79,4.56507,18.4244,18.5811,18.6402,18.7085,0.127492,18.9344,18.6508,0.10191,20.0148,830.272
75,"n23g0021.hpc.itc.rwth-aachen.de",75,"75",6,0,0000:1b:00.0,0,"OK",16777216,"bandwidth","D2H",50,6,1775.85,1790.53,1794.4,1805.97,15.4448,1822.26,1797.19,10.734,8.57454,8.65185,8.70765,8.72648,0.0746283,8.79861,8.69445,0.0517585,9.34977,1787.09
75,"n23g0021.hpc.itc.rwth-aachen.de",75,"75",6,0,0000:1b:00.0,0,"OK",67108864,"bandwidth","H2D",50,6,3254.4,3272.61,3277.01,3283.3,10.6895,3293.23,3277.53,7.46441,18.9783,19.0357,19.0723,19.0979,0.0621773,19.2048,19.0694,0.0434792,20.4787,3269.26
75,"n23g0021.hpc.itc.rwth-aachen.de",75,"75",6,0,0000:1b:00.0,0,"OK",67108864,"bandwidth","D2H",50,6,6394.72,6414.19,6422.55,6428.33,14.1417,6439.01,6421.02,10.2636,9.70646,9.72259,9.73133,9.74403,0.0214361,9.7737,9.73368,0.015565,10.4489,6414.7
75,"n23g0021.hpc.itc.rwth-aachen.de",75,"75",6,0,0000:1b:00.0,0,"OK",268435456,"bandwidth","H2D",50,6,12347.1,12474,13201.1,13333.5,859.479,13371,12914.5,429.444,18.6972,18.7498,18.9387,20.0417,1.29189,20.2477,19.3796,0.646772,20.3353,13194.3
75,"n23g0021.hpc.itc.rwth-aachen.de",75,"75",6,0,0000:1b:00.0,0,"OK",268435456,"bandwidth","D2H",50,6,25944.3,26559.3,27806.9,28757.9,2198.63,28830.1,27622.7,1143.14,8.6715,8.69325,9.00003,9.4129,0.71965,9.63602,9.06608,0.376075,9.66371,27799.2
75,"n23g0021.hpc.itc.rwth-aachen.de",75,"75",6,1,0000:2c:00.0,2,"OK",4096,"latency","H2D",50,6,14.167,15.5533,15.818,16.1965,0.64325,30.76,16.3538,2.55971,0.124015,0.235527,0.241162,0.245267,0.00973963,0.269266,0.236755,0.022752,0.258946,8.56
75,"n23g0021.hpc.itc.rwth-aachen.de",75,"75",6,1,0000:2c:00.0,2,"OK",4096,"latency","D2H",50,6,14.741,15.7018,16.077,16.2095,0.50775,33.803,16.3214,2.54348,0.112851,0.235337,0.237277,0.242949,0.00761152,0.258781,0.236644,0.019122,0.254774,8.752
75,"n23g0021.hpc.itc.rwth-aachen.de",75,"75",6,1,0000:2c:00.0,2,"OK",16777216,"bandwidth","H2D",50,6,832.205,847.071,851.273,856.105,9.0335,1225.41,865.595,63.8395,12.7509,18.2513,18.3549,18.4459,0.194642,18.7754,18.1258,1.01533,19.7084,842.832
75,"n23g0021.hpc.itc.rwth-aachen.de",75,"75",6,1,0000:2c:00.0,2,"OK",16777216,"bandwidth","D2H",50,6,1772.87,1782.18,1788.3,1795.74,13.5575,1813.91,1790.14,9.90402,8.61401,8.70115,8.73733,8.76734,0.0661921,8.81338,8.72866,0.0481735,9.38163,1780.38
75,"n23g0021.hpc.itc.rwth-aachen.de",75,"75",6,1,0000:2c:00.0,2,"OK",67108864,"bandwidth","H2D",50,6,3356.79,3369.62,3373.86,3383.02,13.4032,3408.34,3376.75,10.8696,18.3373,18.4746,18.5248,18.5481,0.0734859,18.619,18.5091,0.0594541,19.8908,3365.63
75,"n23g0021.hpc.itc.rwth-aachen.de",75,"75",6,1,0000:2c:00.0,2,"OK",67108864,"bandwidth","D2H",50,6,7136.38,7162.92,7169.69,7179.36,16.4468,7195.23,7170.5,10.7641,8.68631,8.70551,8.71725,8.7255,0.0199887,8.75795,8.71628,0.0130913,9.36007,7161.5
75,"n23g0021.hpc.itc.rwth-aachen.de",75,"75",6,1,0000:2c:00.0,2,"OK",268435456,"bandwidth","H2D",50,6,12457.7,12601.5,13558.8,13592.8,991.337,13641.1,13119.8,493.612,18.327,18.392,18.4382,19.8389,1.44687,20.0679,19.0823,0.721065,19.7978,13550.8
75,"n23g0021.hpc.itc.rwth-aachen.de",75,"75",6,1,0000:2c:00.0,2,"OK",268435456,"bandwidth","D2H",50,6,25869.2,26570.1,28106.7,28683,2112.83,28731.5,27643.5,1058.82,8.70126,8.71597,8.89806,9.40906,0.693085,9.66399,9.05704,0.348176,9.55422,28098.2
75,"n23g0021.hpc.itc.rwth-aachen.de",75,"75",6,2,0000:9d:00.0,4,"OK",4096,"latency","H2D",50,6,11.328,11.5595,11.8555,12.0775,0.518,16.686,11.9643,0.853355,0.228617,0.315852,0.321766,0.330005,0.0141536,0.336749,0.320099,0.0177611,0.345494,5.888
75,"n23g0021.hpc.itc.rwth-aachen.de",75,"75",6,2,0000:9d:00.0,4,"OK",4096,"latency","D2H",50,6,11.4,11.6267,11.866,12.0827,0.456,13.438,11.8639,0.337881,0.283874,0.315716,0.321482,0.328097,0.0123818,0.334623,0.321787,0.00875782,0.345188,6
75,"n23g0021.hpc.itc.rwth-aachen.de",75,"75",6,2,0000:9d:00.0,4,"OK",16777216,"bandwidth","H2D",50,6,520.083,546.232,548.62,549.856,3.62425,555.173,544.175,10.2487,28.1444,28.4165,28.4805,28.605,0.188545,30.0433,28.7237,0.558254,30.5807,542.368
75,"n23g0021.hpc.itc.rwth-aachen.de",75,"75",6,2,0000:9d:00.0,4,"OK",16777216,"bandwidth","D2H",50,6,773.275,814,816.528,818.281,4.281,824.406,810.131,15.4595,18.953,19.0949,19.1359,19.1953,0.100425,20.2063,19.2942,0.37939,20.547,810.24
75,"n23g0021.hpc.itc.rwth-aachen.de",75,"75",6,2,0000:9d:00.0,4,"OK",67108864,"bandwidth","H2D",50,6,2046.43,2097.67,2157.99,2160.58,62.9045,2166.27,2133.2,40.8164,28.8514,28.9274,28.9621,29.7956,0.868194,30.5409,29.3097,0.57271,31.0978,2151.36
75,"n23g0021.hpc.itc.rwth-aachen.de",75,"75",6,2,0000:9d:00.0,4,"OK",67108864,"bandwidth","D2H",50,6,3083.06,3178.31,3233.75,3238.45,60.1367,3245.57,3203.95,48.5028,19.257,19.2994,19.3274,19.6646,0.365221,20.272,19.5117,0.300592,20.7526,3227.22
75,"n23g0021.hpc.itc.rwth-aachen.de",75,"75",6,2,0000:9d:00.0,4,"OK",268435456,"bandwidth","H2D",50,6,8407.77,8422.24,8534.76,8588.09,165.848,8601.96,8510.6,75.1124,29.0631,29.1101,29.292,29.6833,0.573226,29.7344,29.3774,0.259698,31.452,8528.16
75,"n23g0021.hpc.itc.rwth-aachen.de",75,"75",6,2,0000:9d:00.0,4,"OK",268435456,"bandwidth","D2H",50,6,12713.1,12741.5,12750,12825.8,84.3098,12929.9,12785.2,64.6887,19.335,19.4919,19.6079,19.6209,0.128976,19.6648,19.5544,0.0984206,21.0538,12743.4
75,"n23g0021.hpc.itc.rwth-aachen.de",75,"75",6,3,0000:ad:00.0,6,"OK",4096,"latency","H2D",50,6,11.004,11.1768,11.5065,11.6575,0.48075,14.386,11.4996,0.489392,0.265167,0.327231,0.331525,0.341307,0.0140755,0.346665,0.332244,0.0122672,0.355973,5.712
75,"n23g0021.hpc.itc.rwth-aachen.de",75,"75",6,3,0000:ad:00.0,6,"OK",4096,"latency","D2H",50,6,11.115,11.4132,11.578,11.6973,0.284,12.581,11.566,0.254172,0.303211,0.326119,0.329478,0.334234,0.00811478,0.343203,0.329975,0.00710796,0.353774,5.84
75,"n23g0021.hpc.itc.rwth-aachen.de",75,"75",6,3,0000:ad:00.0,6,"OK",16777216,"bandwidth","H2D",50,6,352.576,374.13,375.584,376.518,2.388,378.533,372.277,8.16411,41.2778,41.4987,41.6019,41.7636,0.264882,44.3167,41.9924,0.95726,44.6697,369.712
75,"n23g0021.hpc.itc.rwth-aachen.de",75,"75",6,3,0000:ad:00.0,6,"OK",16777216,"bandwidth","D2H",50,6,442.048,465.132,466.099,467.218,2.08625,475.834,463.891,8.63036,32.8371,33.4426,33.5229,33.5926,0.15,35.3468,33.6945,0.645402,35.9949,460.128
75,"n23g0021.hpc.itc.rwth-aachen.de",75,"75",6,3,0000:ad:00.0,6,"OK",67108864,"bandwidth","H2D",50,6,1380.88,1461.4,1464.65,1467.13,5.7315,1470.69,1456.37,23.6065,42.4969,42.6001,42.6723,42.7672,0.167076,45.261,42.9265,0.72378,45.819,1458.37
75,"n23g0021.hpc.itc.rwth-aachen.de",75,"75",6,3,0000:ad:00.0,6,"OK",67108864,"bandwidth","D2H",50,6,1744.02,1829.75,1836.53,1842.51,12.7585,1846.29,1821.76,32.6254,33.8517,33.9211,34.0316,34.1577,0.236537,35.8368,34.3188,0.631182,36.5412,1830.08
75,"n23g0021.hpc.itc.rwth-aachen.de",75,"75",6,3,0000:ad:00.0,6,"OK",268435456,"bandwidth","H2D",50,6,5601.7,5662.39,5815.9,5822.47,160.072,5830.9,5761.25,82.5752,42.875,42.9371,42.9856,44.1523,1.21519,44.6293,43.4024,0.629767,46.1554,5809.28
75,"n23g0021.hpc.itc.rwth-aachen.de",75,"75",6,3,0000:ad:00.0,6,"OK",268435456,"bandwidth","D2H",50,6,7162.7,7316.99,7333.53,7338.24,21.2515,7349.02,7307.05,55.0785,34.0181,34.0681,34.09,34.1671,0.0989476,34.903,34.2155,0.261103,36.6038,7326.85
76,"n23g0021.hpc.itc.rwth-aachen.de",76,"76",6,0,0000:1b:00.0,0,"OK",4096,"latency","H2D",50,6,14.594,15.1572,15.4015,15.6907,0.5335,18.392,15.4693,0.584407,0.207411,0.243118,0.247683,0.251675,0.0085572,0.261388,0.24692,0.00856978,0.265948,8.224
76,"n23g0021.hpc.itc.rwth-aachen.de",76,"76",6,0,0000:1b:00.0,0,"OK",4096,"latency","D2H",50,6,14.799,15.1505,15.432,15.762,0.6115,17.23,15.5312,0.545955,0.221399,0.242019,0.247194,0.251787,0.00976823,0.257767,0.245908,0.00833278,0.265423,8.208
76,"n23g0021.hpc.itc.rwth-aachen.de",76,"76",6,0,0000:1b:00.0,0,"OK",16777216,"bandwidth","H2D",50,6,833.049,835.331,839.832,842.569,7.238,854.253,839.48,4.32118,18.2908,18.5445,18.6049,18.7052,0.160685,18.7564,18.6132,0.0955144,19.9769,831.808
76,"n23g0021.hpc.itc.rwth-aachen.de",76,"76",6,0,0000:1b:00.0,0,"OK",16777216,"bandwidth","D2H",50,6,1780.17,1789.13,1794.94,1801.03,11.9012,1818.72,1797.17,10.032,8.59122,8.67559,8.70502,8.7333,0.0577098,8.77726,8.6945,0.0483491,9.34694,1786.69
76,"n23g0021.hpc.itc.rwth-aachen.de",76,"76",6,0,0000:1b:00.0,0,"OK",67108864,"bandwidth","H2D",50,6,3257.64,3274.97,3279.59,3285.75,10.7748,3296.28,3279.51,9.28086,18.9608,19.0216,19.0573,19.0841,0.0625814,19.1857,19.0579,0.0539954,20.4626,3271.95
76,"n23g0021.hpc.itc.rwth-aachen.de",76,"76",6,0,0000:1b:00.0,0,"OK",67108864,"bandwidth","D2H",50,6,6402.95,6427.94,6435,6440.54,12.6038,6508.58,6434.53,15.7537,9.60271,9.70415,9.71252,9.72318,0.0190276,9.76112,9.71328,0.0236849,10.4287,6427.15
76,"n23g0021.hpc.itc.rwth-aachen.de",76,"76",6,0,0000:1b:00.0,0,"OK",268435456,"bandwidth","H2D",50,6,12016.9,12419.6,13255.8,13313.8,894.146,13339.3,12871.7,463.151,18.7416,18.7776,18.8597,20.1294,1.35188,20.8041,19.4478,0.704439,20.2505,13248.2
76,"n23g0021.hpc.itc.rwth-aachen.de",76,"76",6,0,0000:1b:00.0,0,"OK",268435456,"bandwidth","D2H",50,6,26354.9,26574.9,28712.8,28760.5,2185.66,28811.2,27722.1,1087.14,8.67719,8.69247,8.70692,9.40739,0.714915,9.48589,9.03203,0.355772,9.34898,28704.8
76,"n23g0021.hpc.itc.rwth-aachen.de",76,"76",6,1,0000:2c:00.0,2,"OK",4096,"latency","H2D",50,6,14.71,15.0572,15.327,15.507,0.44975,19.674,15.4899,0.809595,0.193895,0.245998,0.248887,0.253346,0.0073478,0.259327,0.246842,0.0109899,0.267241,8.144
76,"n23g0021.hpc.itc.rwth-aachen.de",76,"76",6,1,0000:2c:00.0,2,"OK",4096,"latency","D2H",50,6,14.537,15.1995,15.494,15.685,0.4855,16.214,15.4595,0.35133,0.235272,0.243207,0.246205,0.250975,0.00776847,0.262413,0.246883,0.00564507,0.264361,8.416
76,"n23g0021.hpc.itc.rwth-aachen.de",76,"76",6,1,0000:2c:00.0,2,"OK",16777216,"bandwidth","H2D",50,6,839.913,846.4,849.468,852.726,6.326,860.539,849.072,4.47221,18.1572,18.3236,18.3939,18.4605,0.136951,18.6031,18.403,0.0969452,19.7503,840.96
76,"n23g0021.hpc.itc.rwth-aachen.de",76,"76",6,1,0000:2c:00.0,2,"OK",16777216,"bandwidth","D2H",50,6,1780.56,1789.97,1793.94,1800.76,10.7923,1814.54,1795.88,8.6089,8.611,8.67688,8.70986,8.7292,0.0523154,8.77531,8.70066,0.0416171,9.35215,1785.71
76,"n23g0021.hpc.itc.rwth-aachen.de",76,"76",6,1,0000:2c:00.0,2,"OK",67108864,"bandwidth","H2D",50,6,3328.35,3367.15,3377,3385.75,18.5968,3396.57,3375,13.2933,18.4009,18.4597,18.5076,18.5617,0.101953,18.7781,18.5188,0.073207,19.8724,3369.06
76,"n23g0021.hpc.itc.rwth-aachen.de",76,"76",6,1,0000:2c:00.0,2,"OK",67108864,"bandwidth","D2H",50,6,6408.31,7159.88,7170.11,7179.43,19.5503,7192.69,7144.27,131.7,8.68938,8.70543,8.71674,8.7292,0.0237704,9.75296,8.75154,0.17708,9.35953,7162.02
76,"n23g0021.hpc.itc.rwth-aachen.de",76,"76",6,1,0000:2c:00.0,2,"OK",268435456,"bandwidth","H2D",50,6,12316.2,12624.1,13571.7,13600.3,976.16,13669.6,13122.9,506.1,18.2887,18.382,18.4207,19.8034,1.42139,20.2984,19.0792,0.739888,19.7791,13563.6
76,"n23g0021.hpc.itc.rwth-aachen.de",76,"76",6,1,0000:2c:00.0,2,"OK",268435456,"bandwidth","D2H",50,6,24118.2,26567.5,27413.8,28683.7,2116.2,28740.4,27535.8,1182.27,8.69857,8.71575,9.12325,9.40999,0.694243,10.3656,9.0962,0.398647,9.79601,27405.8
76,"n23g0021.hpc.itc.rwth-aachen.de",76,"76",6,2,0000:9d:00.0,4,"OK",4096,"latency","H2D",50,6,11.246,11.5442,11.817,12.031,0.48675,16.977,11.9699,0.895402,0.224698,0.317072,0.322815,0.330441,0.013369,0.339205,0.320081,0.018741,0.34662,5.84
76,"n23g0021.hpc.itc.rwth-aachen.de",76,"76",6,2,0000:9d:00.0,4,"OK",4096,"latency","D2H",50,6,11.346,11.6062,11.809,12.0118,0.4055,12.272,11.8116,0.243277,0.310846,0.317581,0.323041,0.328676,0.0110956,0.336215,0.3231,0.00666185,0.346862,5.856
76,"n23g0021.hpc.itc.rwth-aachen.de",76,"76",6,2,0000:9d:00.0,4,"OK",16777216,"bandwidth","H2D",50,6,519.849,530.996,548.446,549.367,18.3703,552.531,541.738,12.2319,28.279,28.4418,28.4896,29.4268,0.985,30.0568,28.8574,0.667273,30.5905,542.352
76,"n23g0021.hpc.itc.rwth-aachen.de",76,"76",6,2,0000:9d:00.0,4,"OK",16777216,"bandwidth","D2H",50,6,773.525,788.887,816.29,819.097,30.21,828.701,807.057,18.1338,18.8548,19.0759,19.1415,19.8064,0.730501,20.1997,19.3704,0.443373,20.553,810.032
76,"n23g0021.hpc.itc.rwth-aachen.de",76,"76",6,2,0000:9d:00.0,4,"OK",67108864,"bandwidth","H2D",50,6,2042,2099.71,2152.35,2157.34,57.629,2162.97,2128.55,42.4292,28.8955,28.9709,29.038,29.7679,0.796959,30.6072,29.3747,0.599109,31.1793,2145.71
76,"n23g0021.hpc.itc.rwth-aachen.de",76,"76",6,2,0000:9d:00.0,4,"OK",67108864,"bandwidth","D2H",50,6,3079.1,3165.47,3234.01,3239.75,74.2748,3249.37,3204.84,48.2737,19.2345,19.2916,19.3259,19.7443,0.452681,20.2982,19.5063,0.299177,20.751,3227.54
76,"n23g0021.hpc.itc.rwth-aachen.de",76,"76",6,2,0000:9d:00.0,4,"OK",268435456,"bandwidth","H2D",50,6,8403.65,8428.57,8492.35,8553.18,124.613,8595.15,8497.16,67.6363,29.0862,29.2289,29.4383,29.661,0.432129,29.749,29.4235,0.233955,31.6092,8485.73
76,"n23g0021.hpc.itc.rwth-aachen.de",76,"76",6,2,0000:9d:00.0,4,"OK",268435456,"bandwidth","D2H",50,6,12629.7,12731.1,12743.9,12752.4,21.2587,12924.1,12754.3,52.5306,19.3437,19.6042,19.6172,19.6369,0.0327356,19.7947,19.6016,0.0801805,21.0639,12737.3
76,"n23g0021.hpc.itc.rwth-aachen.de",76,"76",6,3,0000:ad:00.0,6,"OK",4096,"latency","H2D",50,6,12.748,13.232,13.6145,13.9093,0.67725,21.968,13.7836,1.31646,0.173648,0.274256,0.280194,0.288294,0.0140376,0.299239,0.278525,0.0188298,0.300856,7.264
76,"n23g0021.hpc.itc.rwth-aachen.de",76,"76",6,3,0000:ad:00.0,6,"OK",4096,"latency","D2H",50,6,13.049,13.3592,13.662,13.9452,0.586,14.62,13.6569,0.380653,0.260923,0.273548,0.279221,0.285547,0.0119991,0.292336,0.279539,0.00772573,0.299811,7.36
76,"n23g0021.hpc.itc.rwth-aachen.de",76,"76",6,3,0000:ad:00.0,6,"OK",16777216,"bandwidth","H2D",50,6,329.126,555.824,604.827,666.718,110.894,824.126,585.439,141.315,18.9595,23.4357,25.8338,28.1114,4.67572,47.4742,28.8097,9.08659,27.7389,598.448
76,"n23g0021.hpc.itc.rwth-aachen.de",76,"76",6,3,0000:ad:00.0,6,"OK",16777216,"bandwidth","D2H",50,6,420.164,698.471,772.531,876.467,177.996,1101.91,757.837,182.31,14.1799,17.8273,20.2258,22.371,4.54375,37.1879,22.2069,6.87002,21.7172,766.144
76,"n23g0021.hpc.itc.rwth-aachen.de",76,"76",6,3,0000:ad:00.0,6,"OK",67108864,"bandwidth","H2D",50,6,1378.18,1463.18,1465.23,1466.7,3.51175,1469.3,1460.32,19.6974,42.5373,42.6128,42.6554,42.7151,0.102274,45.3498,42.8071,0.607194,45.8009,1458.98
76,"n23g0021.hpc.itc.rwth-aachen.de",76,"76",6,3,0000:ad:00.0,6,"OK",67108864,"bandwidth","D2H",50,6,1743.99,1833.5,1839.4,1842.38,8.88025,1848.26,1833.87,20.3781,33.8156,33.9235,33.9785,34.0878,0.164303,35.8374,34.0853,0.394413,36.4841,1832.94
76,"n23g0021.hpc.itc.rwth-aachen.de",76,"76",6,3,0000:ad:00.0,6,"OK",268435456,"bandwidth","H2D",50,6,5615.18,5698.16,5817.36,5822.39,124.228,5832.37,5764.6,79.9608,42.8642,42.9377,42.9748,43.8741,0.936322,44.5222,43.3766,0.609635,46.1438,5810.82
76,"n23g0021.hpc.itc.rwth-aachen.de",76,"76",6,3,0000:ad:00.0,6,"OK",268435456,"bandwidth","D2H",50,6,7153.12,7242.03,7327.89,7333.66,91.6275,7344.9,7292.13,58.7708,34.0372,34.0894,34.1163,34.5208,0.431356,34.9498,34.2858,0.278679,36.632,7321.5
77,"n23g0021.hpc.itc.rwth-aachen.de",77,"77",6,0,0000:1b:00.0,0,"OK",4096,"latency","H2D",50,6,13.941,15.3503,15.562,15.7888,0.4385,23.315,15.8255,1.63775,0.163616,0.241609,0.245129,0.248511,0.00690223,0.273632,0.242999,0.0191152,0.263205,8.432
77,"n23g0021.hpc.itc.rwth-aachen.de",77,"77",6,0,0000:1b:00.0,0,"OK",4096,"latency","D2H",50,6,14.372,15.1105,15.3075,15.7095,0.599,24.282,15.558,1.31158,0.1571,0.242828,0.249205,0.252454,0.00962677,0.265426,0.246386,0.0143491,0.267582,8.16
77,"n23g0021.hpc.itc.rwth-aachen.de",77,"77",6,0,0000:1b:00.0,0,"OK",16777216,"bandwidth","H2D",50,6,830.737,836.792,840.022,842.503,5.71175,854.191,839.836,4.77212,18.2922,18.5459,18.6007,18.6725,0.12659,18.8086,18.6054,0.105507,19.9724,831.728
77,"n23g0021.hpc.itc.rwth-aachen.de",77,"77",6,0,0000:1b:00.0,0,"OK",16777216,"bandwidth","D2H",50,6,1787.43,1792.06,1797.13,1805.64,13.58,1819.49,1799.58,8.79226,8.58757,8.65344,8.69443,8.71901,0.0655713,8.7416,8.68278,0.0422784,9.33558,1788.75
77,"n23g0021.hpc.itc.rwth-aachen.de",77,"77",6,0,0000:1b:00.0,0,"OK",67108864,"bandwidth","H2D",50,6,3246.71,3259.59,3272.29,3278.58,18.9882,3296.75,3269.8,11.7834,18.9581,19.0631,19.0998,19.1742,0.111053,19.2503,19.1146,0.0689292,20.5082,3264.59
77,"n23g0021.hpc.itc.rwth-aachen.de",77,"77",6,0,0000:1b:00.0,0,"OK",67108864,"bandwidth","D2H",50,6,6406.08,6420.01,6428.35,6434.98,14.9748,6451.78,6428.54,11.0669,9.68724,9.71253,9.72255,9.73519,0.0226547,9.75636,9.72229,0.0167322,10.4395,6420.34
77,"n23g0021.hpc.itc.rwth-aachen.de",77,"77",6,0,0000:1b:00.0,0,"OK",268435456,"bandwidth","H2D",50,6,12185.7,12393.8,13298.2,13325.2,931.356,13360.1,12868.7,476.749,18.7124,18.7615,18.7995,20.1713,1.40986,20.5158,19.4538,0.724199,20.1859,13290.6
77,"n23g0021.hpc.itc.rwth-aachen.de",77,"77",6,0,0000:1b:00.0,0,"OK",268435456,"bandwidth","D2H",50,6,25825.8,26599.2,27776.2,28750.4,2151.2,28810.5,27638.9,1129.62,8.67739,8.69553,9.00876,9.39878,0.703249,9.68024,9.06043,0.371866,9.67308,27768.3
77,"n23g0021.hpc.itc.rwth-aachen.de",77,"77",6,1,0000:2c:00.0,2,"OK",4096,"latency","H2D",50,6,13.885,15.057,15.3015,15.5448,0.48775,32.546,15.9104,2.73689,0.117209,0.245401,0.249302,0.253351,0.00794927,0.274735,0.24388,0.0246399,0.267686,8.176
77,"n23g0021.hpc.itc.rwth-aachen.de",77,"77",6,1,0000:2c:00.0,2,"OK",4096,"latency","D2H",50,6,14.646,15.234,15.4605,15.7005,0.4665,16.659,15.4709,0.424734,0.228987,0.242967,0.246739,0.250407,0.00744027,0.26046,0.246757,0.00673409,0.264934,8.368
77,"n23g0021.hpc.itc.rwth-aachen.de",77,"77",6,1,0000:2c:00.0,2,"OK",16777216,"bandwidth","H2D",50,6,840.417,848.265,850.779,853.582,5.317,862.193,851.091,4.59102,18.1224,18.3052,18.3655,18.4199,0.114738,18.592,18.3593,0.0989377,19.7198,843.312
77,"n23g0021.hpc.itc.rwth-aachen.de",77,"77",6,1,0000:2c:00.0,2,"OK",16777216,"bandwidth","D2H",50,6,1779.14,1787.93,1791.76,1796.95,9.024,1818.05,1793.42,9.23828,8.59439,8.69529,8.72046,8.73918,0.0438864,8.78235,8.71264,0.0447119,9.36352,1783.92
77,"n23g0021.hpc.itc.rwth-aachen.de",77,"77",6,1,0000:2c:00.0,2,"OK",67108864,"bandwidth","H2D",50,6,3320.09,3367.38,3373.68,3379.25,11.869,3392.81,3371.66,12.0213,18.4213,18.4953,18.5258,18.5604,0.0651905,18.8248,18.5371,0.0664952,19.8919,3365.34
77,"n23g0021.hpc.itc.rwth-aachen.de",77,"77",6,1,0000:2c:00.0,2,"OK",67108864,"bandwidth","D2H",50,6,6753.81,7159.76,7167.92,7172.12,12.3598,7193.37,7159.21,58.7762,8.68856,8.7143,8.7194,8.72935,0.0150433,9.25403,8.73064,0.0757601,9.36239,7159.92
77,"n23g0021.hpc.itc.rwth-aachen.de",77,"77",6,1,0000:2c:00.0,2,"OK",268435456,"bandwidth","H2D",50,6,12308.3,12674.3,13555.1,13583.7,909.388,13624,13117.8,493.654,18.3499,18.4044,18.4433,19.7249,1.32052,20.3114,19.0853,0.723386,19.8033,13547
77,"n23g0021.hpc.itc.rwth-aachen.de",77,"77",6,1,0000:2c:00.0,2,"OK",268435456,"bandwidth","D2H",50,6,25838,26523.4,28429.1,28680.7,2157.33,28745.7,27603.8,1114.69,8.69694,8.71666,8.79426,9.42565,0.708988,9.67566,9.0716,0.368342,9.44276,28421.1
77,"n23g0021.hpc.itc.rwth-aachen.de",77,"77",6,2,0000:9d:00.0,4,"OK",4096,"latency","H2D",50,6,13.064,13.501,13.9265,14.1945,0.6935,35.458,14.3804,3.08441,0.107584,0.268745,0.273917,0.282551,0.0138053,0.292001,0.270688,0.0260552,0.294116,7.36
77,"n23g0021.hpc.itc.rwth-aachen.de",77,"77",6,2,0000:9d:00.0,4,"OK",4096,"latency","D2H",50,6,12.902,13.654,14.0115,14.3725,0.7185,18.14,14.1016,0.880508,0.210292,0.265416,0.272255,0.279383,0.0139667,0.295667,0.271456,0.0151655,0.292332,7.504
77,"n23g0021.hpc.itc.rwth-aachen.de",77,"77",6,2,0000:9d:00.0,4,"OK",16777216,"bandwidth","H2D",50,6,613.235,699.629,793.472,901.156,201.527,1100.69,814.155,147.19,14.1956,17.3388,19.7223,22.3333,4.99443,25.4796,19.7985,3.40076,21.1767,786.512
77,"n23g0021.hpc.itc.rwth-aachen.de",77,"77",6,2,0000:9d:00.0,4,"OK",16777216,"bandwidth","D2H",50,6,919.282,1045.97,1141.27,1333.9,287.93,1634.64,1204.54,206.228,9.5587,11.7138,13.6908,14.9383,3.2245,16.997,13.3381,2.16521,14.7004,1134.62
77,"n23g0021.hpc.itc.rwth-aachen.de",77,"77",6,2,0000:9d:00.0,4,"OK",67108864,"bandwidth","H2D",50,6,2061.86,2160.91,2162.65,2163.66,2.75375,2288.68,2166.61,32.7852,27.3083,28.8862,28.8998,28.923,0.0368111,30.3124,28.8534,0.425081,31.0309,2156.08
77,"n23g0021.hpc.itc.rwth-aachen.de",77,"77",6,2,0000:9d:00.0,4,"OK",67108864,"bandwidth","D2H",50,6,3070.13,3236.71,3238.4,3241.21,4.5025,3435.16,3240.11,51.1577,18.1942,19.2829,19.2996,19.3097,0.0268239,20.3575,19.2942,0.302964,20.7228,3231.86
77,"n23g0021.hpc.itc.rwth-aachen.de",77,"77",6,2,0000:9d:00.0,4,"OK",268435456,"bandwidth","H2D",50,6,8411.85,8427.86,8469.06,8533.72,105.855,8593.61,8486.06,62.9148,29.0914,29.2956,29.5192,29.6635,0.367952,29.72,29.4617,0.217698,31.696,8462.58
77,"n23g0021.hpc.itc.rwth-aachen.de",77,"77",6,2,0000:9d:00.0,4,"OK",268435456,"bandwidth","D2H",50,6,12656.4,12716.4,12739.7,12748.9,32.543,12920,12740.4,53.8731,19.3499,19.6095,19.6237,19.6597,0.0501858,19.7529,19.623,0.0825111,21.0708,12733.2
77,"n23g0021.hpc.itc.rwth-aachen.de",77,"77",6,3,0000:ad:00.0,6,"OK",4096,"latency","H2D",50,6,12.969,13.4428,13.7,14.0895,0.64675,27.737,14.0769,2.04008,0.137531,0.270748,0.278445,0.283774,0.0130267,0.29414,0.274158,0.0223994,0.298979,7.184
77,"n23g0021.hpc.itc.rwth-aachen.de",77,"77",6,3,0000:ad:00.0,6,"OK",4096,"latency","D2H",50,6,12.873,13.4983,13.741,14.0648,0.5665,24.807,13.9596,1.5925,0.153775,0.271224,0.277615,0.282607,0.0113829,0.296333,0.27539,0.0189003,0.298087,7.248
77,"n23g0021.hpc.itc.rwth-aachen.de",77,"77",6,3,0000:ad:00.0,6,"OK",16777216,"bandwidth","H2D",50,6,329.618,525.981,603.233,664.484,138.503,824.528,575.155,136.574,18.9502,23.5145,25.9021,29.7325,6.21802,47.4034,29.2148,8.92067,27.8122,596.992
77,"n23g0021.hpc.itc.rwth-aachen.de",77,"77",6,3,0000:ad:00.0,6,"OK",16777216,"bandwidth","D2H",50,6,419.174,665.587,761.702,879.27,213.683,1104.18,747.907,186.999,14.1508,17.7705,20.5133,23.4946,5.72412,37.2757,22.5791,7.02392,22.026,754.976
77,"n23g0021.hpc.itc.rwth-aachen.de",77,"77",6,3,0000:ad:00.0,6,"OK",67108864,"bandwidth","H2D",50,6,1382.54,1464.46,1466.26,1468.3,3.83975,1472.16,1462.02,18.9684,42.4546,42.5661,42.6255,42.6777,0.111606,45.2067,42.7567,0.582335,45.7688,1459.79
77,"n23g0021.hpc.itc.rwth-aachen.de",77,"77",6,3,0000:ad:00.0,6,"OK",67108864,"bandwidth","D2H",50,6,1740.36,1835.37,1841.02,1843.4,8.03675,1847.68,1836.12,19.3207,33.8262,33.9047,33.9485,34.0531,0.148463,35.9121,34.0431,0.375298,36.4519,1834.46
77,"n23g0021.hpc.itc.rwth-aachen.de",77,"77",6,3,0000:ad:00.0,6,"OK",268435456,"bandwidth","H2D",50,6,5604.86,5652.09,5785.37,5819.16,167.074,5826.53,5744.72,86.055,42.9072,42.9615,43.2126,44.2314,1.26993,44.6042,43.528,0.657341,46.3992,5778.74
77,"n23g0021.hpc.itc.rwth-aachen.de",77,"77",6,3,0000:ad:00.0,6,"OK",268435456,"bandwidth","D2H",50,6,7169.31,7223.14,7309.28,7331.54,108.398,7350.03,7282.58,60.3021,34.0135,34.0992,34.2031,34.611,0.511737,34.8709,34.3309,0.285864,36.7253,7302.83
78,"n23g0021.hpc.itc.rwth-aachen.de",78,"78",6,0,0000:1b:00.0,0,"OK",4096,"latency","H2D",50,6,14.167,14.926,15.276,15.556,0.63,18.266,15.2703,0.637344,0.208841,0.245224,0.249718,0.255574,0.0103502,0.269266,0.250218,0.00979122,0.268133,8.336
78,"n23g0021.hpc.itc.rwth-aachen.de",78,"78",6,0,0000:1b:00.0,0,"OK",4096,"latency","D2H",50,6,14.117,15.1222,15.3425,15.6312,0.509,24.218,15.7089,1.64733,0.157515,0.244043,0.248636,0.252258,0.00821501,0.27022,0.244761,0.0185556,0.266971,8.224
78,"n23g0021.hpc.itc.rwth-aachen.de",78,"78",6,0,0000:1b:00.0,0,"OK",16777216,"bandwidth","H2D",50,6,830.91,836.793,840.059,842.875,6.082,850.821,839.88,4.17942,18.3646,18.5377,18.5999,18.6725,0.134736,18.8047,18.6043,0.0925208,19.9715,832.352
78,"n23g0021.hpc.itc.rwth-aachen.de",78,"78",6,0,0000:1b:00.0,0,"OK",16777216,"bandwidth","D2H",50,6,1780.53,1791.51,1795.04,1803.51,11.9938,1820.29,1797.74,9.19848,8.58379,8.66369,8.70456,8.72169,0.0580003,8.77548,8.69168,0.044313,9.34645,1787.22
78,"n23g0021.hpc.itc.rwth-aachen.de",78,"78",6,0,0000:1b:00.0,0,"OK",67108864,"bandwidth","H2D",50,6,3282.33,3305.76,3314.29,3319.53,13.775,3332.06,3313.06,10.2677,18.7572,18.8279,18.8577,18.9064,0.0784555,19.0413,18.8649,0.0585521,20.2483,3305.66
78,"n23g0021.hpc.itc.rwth-aachen.de",78,"78",6,0,0000:1b:00.0,0,"OK",67108864,"bandwidth","D2H",50,6,6439.49,7180.38,7190.37,7197.7,17.3198,7220.36,7161.71,146.011,8.65607,8.68333,8.69218,8.70428,0.0209451,9.70574,8.73097,0.196668,9.33316,7182
78,"n23g0021.hpc.itc.rwth-aachen.de",78,"78",6,0,0000:1b:00.0,0,"OK",268435456,"bandwidth","H2D",50,6,12272.2,12471.9,13286.1,13334.8,862.873,13365.5,12919.1,431.85,18.7048,18.7479,18.8166,20.045,1.29708,20.3712,19.3729,0.650602,20.2042,13278.6
78,"n23g0021.hpc.itc.rwth-aachen.de",78,"78",6,0,0000:1b:00.0,0,"OK",268435456,"bandwidth","D2H",50,6,24378.1,26497,27229,28758.1,2261.08,28802.6,27499.4,1212.14,8.67978,8.69321,9.18181,9.43504,0.741823,10.2551,9.10901,0.406952,9.8589,27220.8
78,"n23g0021.hpc.itc.rwth-aachen.de",78,"78",6,1,0000:2c:00.0,2,"OK",4096,"latency","H2D",50,6,14.695,15.0932,15.3405,15.6775,0.58425,30.489,15.6998,2.18015,0.125117,0.243323,0.248668,0.252742,0.00941875,0.259592,0.24557,0.0190346,0.267006,8.128
78,"n23g0021.hpc.itc.rwth-aachen.de",78,"78",6,1,0000:2c:00.0,2,"OK",4096,"latency","D2H",50,6,14.217,15.0198,15.361,15.613,0.59325,16.718,15.3336,0.483711,0.228179,0.244328,0.248337,0.253979,0.00965052,0.268319,0.249025,0.00778237,0.26665,8.304
78,"n23g0021.hpc.itc.rwth-aachen.de",78,"78",6,1,0000:2c:00.0,2,"OK",16777216,"bandwidth","H2D",50,6,840.1,845.567,848.551,853.976,8.40875,860.375,849.464,5.17352,18.1607,18.2968,18.4138,18.4787,0.181952,18.599,18.3946,0.111828,19.7716,840.72
78,"n23g0021.hpc.itc.rwth-aachen.de",78,"78",6,1,0000:2c:00.0,2,"OK",16777216,"bandwidth","D2H",50,6,1778.99,1785.18,1788.66,1798.45,13.2747,1822.29,1792.1,10.1827,8.57439,8.68803,8.73559,8.75263,0.0646004,8.78305,8.71911,0.0492371,9.37977,1781.1
78,"n23g0021.hpc.itc.rwth-aachen.de",78,"78",6,1,0000:2c:00.0,2,"OK",67108864,"bandwidth","H2D",50,6,3346.34,3377.11,3382.31,3385.96,8.84475,3403.49,3381.19,9.38004,18.3635,18.4586,18.4785,18.5069,0.0483437,18.6771,18.4848,0.0514113,19.8411,3374.02
78,"n23g0021.hpc.itc.rwth-aachen.de",78,"78",6,1,0000:2c:00.0,2,"OK",67108864,"bandwidth","D2H",50,6,6419.84,7163.28,7170.05,7176.58,13.2987,7193.69,7145.27,128.219,8.68817,8.70889,8.71681,8.72506,0.0161682,9.73545,8.75013,0.172094,9.35961,7162
78,"n23g0021.hpc.itc.rwth-aachen.de",78,"78",6,1,0000:2c:00.0,2,"OK",268435456,"bandwidth","H2D",50,6,12408.1,12655.6,13551.1,13599.4,943.815,13642.8,13130.9,488.343,18.3247,18.3832,18.4487,19.7541,1.37097,20.1481,19.0655,0.712443,19.8092,13543.2
78,"n23g0021.hpc.itc.rwth-aachen.de",78,"78",6,1,0000:2c:00.0,2,"OK",268435456,"bandwidth","D2H",50,6,25848.6,26471.3,28401.4,28665,2193.73,28715.7,27587.5,1121.47,8.70605,8.72142,8.80292,9.44419,0.722761,9.67171,9.07718,0.371362,9.45206,28393.5
78,"n23g0021.hpc.itc.rwth-aachen.de",78,"78",6,2,0000:9d:00.0,4,"OK",4096,"latency","H2D",50,6,13.069,13.6527,14.1225,14.3115,0.65875,29.443,14.4522,2.35628,0.129562,0.266548,0.270115,0.279409,0.012861,0.291889,0.2679,0.0248987,0.290034,7.472
78,"n23g0021.hpc.itc.rwth-aachen.de",78,"78",6,2,0000:9d:00.0,4,"OK",4096,"latency","D2H",50,6,12.918,13.5173,13.7365,14.0828,0.5655,14.768,13.7879,0.411555,0.258308,0.270877,0.277706,0.28221,0.0113322,0.295301,0.276916,0.00827154,0.298184,7.168
78,"n23g0021.hpc.itc.rwth-aachen.de",78,"78",6,2,0000:9d:00.0,4,"OK",16777216,"bandwidth","H2D",50,6,613.685,667.117,762.032,901.191,234.074,1101.33,794.319,141.908,14.1874,17.3382,20.5044,23.4392,6.10103,25.4609,20.2677,3.38397,22.0164,755.408
78,"n23g0021.hpc.itc.rwth-aachen.de",78,"78",6,2,0000:9d:00.0,4,"OK",16777216,"bandwidth","D2H",50,6,917.514,1000.05,1126.73,1329.8,329.744,1631.1,1183.06,207.919,9.57945,11.7499,13.8676,15.6299,3.87997,17.0297,13.5929,2.22259,14.8902,1119.95
78,"n23g0021.hpc.itc.rwth-aachen.de",78,"78",6,2,0000:9d:00.0,4,"OK",67108864,"bandwidth","H2D",50,6,2044.31,2154.51,2158.62,2160.05,5.536,2426.09,2143.82,62.9386,25.7616,28.9345,28.9537,29.0089,0.0743487,30.5726,29.1779,0.830276,31.0888,2152.03
78,"n23g0021.hpc.itc.rwth-aachen.de",78,"78",6,2,0000:9d:00.0,4,"OK",67108864,"bandwidth","D2H",50,6,3062.51,3231,3237,3241.04,10.0365,3636.11,3222.47,91.0134,17.1887,19.2839,19.308,19.3439,0.0599029,20.4081,19.4099,0.528468,20.7318,3230.51
78,"n23g0021.hpc.itc.rwth-aachen.de",78,"78",6,2,0000:9d:00.0,4,"OK",268435456,"bandwidth","H2D",50,6,8352.19,8429.3,8467.14,8558.3,128.997,8599.26,8486.97,65.9172,29.0723,29.2114,29.5259,29.6585,0.447036,29.9323,29.4587,0.228365,31.7032,8460.46
78,"n23g0021.hpc.itc.rwth-aachen.de",78,"78",6,2,0000:9d:00.0,4,"OK",268435456,"bandwidth","D2H",50,6,12591.1,12704.2,12732.5,12746.6,42.391,12840.8,12722.5,42.0326,19.4693,19.6131,19.6347,19.6786,0.0654447,19.8553,19.6505,0.0650706,21.0826,12726.1
78,"n23g0021.hpc.itc.rwth-aachen.de",78,"78",6,3,0000:ad:00.0,6,"OK",4096,"latency","H2D",50,6,12.554,13.0935,13.5075,13.6758,0.58225,20.407,13.6479,1.16736,0.186931,0.278939,0.282413,0.291344,0.0124055,0.303863,0.281066,0.0184617,0.303239,7.008
78,"n23g0021.hpc.itc.rwth-aachen.de",78,"78",6,3,0000:ad:00.0,6,"OK",4096,"latency","D2H",50,6,12.28,12.8585,13.209,13.538,0.6795,14.351,13.233,0.506316,0.265814,0.281777,0.288795,0.296667,0.0148903,0.310643,0.288689,0.010925,0.310092,6.736
78,"n23g0021.hpc.itc.rwth-aachen.de",78,"78",6,3,0000:ad:00.0,6,"OK",16777216,"bandwidth","H2D",50,6,329.24,331.183,354.499,606.246,275.063,736.023,438.986,150.237,21.229,25.7734,44.0764,47.1793,21.406,47.4578,39.0925,10.2737,47.3266,348.544
78,"n23g0021.hpc.itc.rwth-aachen.de",78,"78",6,3,0000:ad:00.0,6,"OK",16777216,"bandwidth","D2H",50,6,418.854,421.739,441.874,792.632,370.893,968.449,561.962,202.677,16.134,19.713,35.3608,37.049,17.336,37.3042,30.7919,8.32417,37.9684,435.888
78,"n23g0021.hpc.itc.rwth-aachen.de",78,"78",6,3,0000:ad:00.0,6,"OK",67108864,"bandwidth","H2D",50,6,1462.73,1465.96,1467.45,1468.9,2.941,1473,1467.33,2.10006,42.4305,42.5489,42.591,42.6343,0.0853617,42.7284,42.5944,0.0609688,45.7318,1461.12
78,"n23g0021.hpc.itc.rwth-aachen.de",78,"78",6,3,0000:ad:00.0,6,"OK",67108864,"bandwidth","D2H",50,6,1831.76,1835.88,1840.38,1842.5,6.61975,1847.66,1839.54,4.00268,33.8266,33.9214,33.9604,34.0437,0.122313,34.1202,33.9761,0.0739468,36.4647,1834.06
78,"n23g0021.hpc.itc.rwth-aachen.de",78,"78",6,3,0000:ad:00.0,6,"OK",268435456,"bandwidth","H2D",50,6,5603.3,5644.61,5791.38,5821.43,176.826,5834.82,5744.52,85.7122,42.8462,42.9448,43.1679,44.2902,1.34545,44.6166,43.5295,0.653915,46.3512,5785.28
78,"n23g0021.hpc.itc.rwth-aachen.de",78,"78",6,3,0000:ad:00.0,6,"OK",268435456,"bandwidth","D2H",50,6,7152.47,7186.67,7284.44,7328.58,141.913,7344.21,7262,68.7882,34.0404,34.113,34.3197,34.7867,0.673628,34.9529,34.4289,0.327044,36.8506,7278.14
79,"n23g0021.hpc.itc.rwth-aachen.de",79,"79",6,0,0000:1b:00.0,0,"OK",4096,"latency","H2D",50,6,15.092,15.4763,15.7255,16.0635,0.58725,23.842,16.0207,1.26658,0.159999,0.237476,0.24258,0.246488,0.00901186,0.252763,0.239213,0.0141103,0.260469,8.432
79,"n23g0021.hpc.itc.rwth-aachen.de",79,"79",6,0,0000:1b:00.0,0,"OK",4096,"latency","D2H",50,6,14.443,14.9772,15.3415,15.6375,0.66025,16.46,15.3579,0.43195,0.231756,0.243946,0.248652,0.2547,0.0107548,0.264121,0.248583,0.00695294,0.266988,8.256
79,"n23g0021.hpc.itc.rwth-aachen.de",79,"79",6,0,0000:1b:00.0,0,"OK",16777216,"bandwidth","H2D",50,6,830.856,834.885,837.933,840.601,5.7165,846.228,838.007,3.9588,18.4643,18.5879,18.6471,18.7152,0.127276,18.8059,18.6459,0.0881196,20.0222,830.288
79,"n23g0021.hpc.itc.rwth-aachen.de",79,"79",6,0,0000:1b:00.0,0,"OK",16777216,"bandwidth","D2H",50,6,1783.86,1788.96,1792.06,1801.24,12.275,1818.88,1795.67,9.29319,8.59043,8.6746,8.719,8.73412,0.059521,8.75909,8.7017,0.0448123,9.36196,1784.21
79,"n23g0021.hpc.itc.rwth-aachen.de",79,"79",6,0,0000:1b:00.0,0,"OK",67108864,"bandwidth","H2D",50,6,3248.62,3264.67,3271.04,3277.38,12.713,3290.2,3270.72,9.50204,18.9958,19.0701,19.1071,19.1444,0.0742612,19.2389,19.1091,0.0555664,20.5161,3263.26
79,"n23g0021.hpc.itc.rwth-aachen.de",79,"79",6,0,0000:1b:00.0,0,"OK",67108864,"bandwidth","D2H",50,6,6405.19,6418.69,6425.61,6432.53,13.834,6456.24,6426.8,11.2568,9.68056,9.71624,9.7267,9.73718,0.0209412,9.75771,9.72493,0.0170179,10.444,6417.95
79,"n23g0021.hpc.itc.rwth-aachen.de",79,"79",6,0,0000:1b:00.0,0,"OK",268435456,"bandwidth","H2D",50,6,11976.9,12485,13290.3,13319.7,834.699,13373.4,12904.9,441.712,18.6938,18.7691,18.8108,20.024,1.25483,20.8735,19.3954,0.669707,20.1979,13282.7
79,"n23g0021.hpc.itc.rwth-aachen.de",79,"79",6,0,0000:1b:00.0,0,"OK",268435456,"bandwidth","D2H",50,6,25821.8,26565,27799.2,28745.9,2180.91,28860.3,27606.7,1155.01,8.66243,8.69688,9.00069,9.41087,0.713988,9.68174,9.07173,0.381031,9.66442,27791.6
79,"n23g0021.hpc.itc.rwth-aachen.de",79,"79",6,1,0000:2c:00.0,2,"OK",4096,"latency","H2D",50,6,14.702,15.243,15.4955,15.767,0.524,24.661,15.7114,1.38091,0.154685,0.241942,0.246181,0.250259,0.0083171,0.259468,0.244091,0.0148948,0.264335,8.336
79,"n23g0021.hpc.itc.rwth-aachen.de",79,"79",6,1,0000:2c:00.0,2,"OK",4096,"latency","D2H",50,6,14.792,15.461,15.6095,16.019,0.558,16.977,15.7255,0.459174,0.224698,0.238136,0.244383,0.246731,0.00859488,0.257889,0.242784,0.00701418,0.262404,8.512
79,"n23g0021.hpc.itc.rwth-aachen.de",79,"79",6,1,0000:2c:00.0,2,"OK",16777216,"bandwidth","H2D",50,6,840.861,848.383,851.607,856.524,8.141,866.009,852.332,5.51281,18.0425,18.2423,18.3477,18.4174,0.175052,18.5821,18.3328,0.118245,19.7007,843.408
79,"n23g0021.hpc.itc.rwth-aachen.de",79,"79",6,1,0000:2c:00.0,2,"OK",16777216,"bandwidth","D2H",50,6,1778.69,1787.32,1791.44,1798.19,10.8658,1813.4,1793.6,8.70279,8.61639,8.6893,8.72204,8.74213,0.0528254,8.78454,8.71174,0.0421422,9.36522,1783.54
79,"n23g0021.hpc.itc.rwth-aachen.de",79,"79",6,1,0000:2c:00.0,2,"OK",67108864,"bandwidth","H2D",50,6,3305.41,3318.23,3326.71,3336.24,18.0113,3360.43,3327.65,12.1724,18.5988,18.7337,18.7873,18.8354,0.101686,18.9084,18.7823,0.0685692,20.1727,3319.58
79,"n23g0021.hpc.itc.rwth-aachen.de",79,"79",6,1,0000:2c:00.0,2,"OK",67108864,"bandwidth","D2H",50,6,6386.97,6403.27,6408.8,6413.25,9.97725,6438.25,6408.88,9.33587,9.7076,9.74545,9.75222,9.76064,0.0151849,9.78554,9.75212,0.0141886,10.4714,6400.83
79,"n23g0021.hpc.itc.rwth-aachen.de",79,"79",6,1,0000:2c:00.0,2,"OK",268435456,"bandwidth","H2D",50,6,12283.3,12614.2,13547.7,13607.9,993.645,13672.1,13111.7,518.664,18.2854,18.3717,18.4533,19.8189,1.44717,20.3528,19.097,0.760719,19.814,13539.7
79,"n23g0021.hpc.itc.rwth-aachen.de",79,"79",6,1,0000:2c:00.0,2,"OK",268435456,"bandwidth","D2H",50,6,24043.5,26498.8,27667.9,28676.2,2177.36,28751.4,27513.7,1206.98,8.69523,8.71804,9.03577,9.43439,0.716348,10.3978,9.1043,0.408578,9.70208,27659.7
79,"n23g0021.hpc.itc.rwth-aachen.de",79,"79",6,2,0000:9d:00.0,4,"OK",4096,"latency","H2D",50,6,13.058,13.5602,13.961,14.3368,0.7765,22.915,14.164,1.38604,0.166472,0.266078,0.27324,0.281315,0.0152364,0.292135,0.271095,0.0184111,0.293389,7.344
79,"n23g0021.hpc.itc.rwth-aachen.de",79,"79",6,2,0000:9d:00.0,4,"OK",4096,"latency","D2H",50,6,12.905,13.4973,13.832,14.11,0.61275,22.181,13.9899,1.24049,0.17198,0.270355,0.275789,0.282628,0.0122735,0.295598,0.274138,0.0167422,0.296126,7.344
79,"n23g0021.hpc.itc.rwth-aachen.de",79,"79",6,2,0000:9d:00.0,4,"OK",16777216,"bandwidth","H2D",50,6,616.491,701.103,794.154,964.875,263.772,1150.98,826.691,151.949,13.5754,16.2176,19.7056,22.2863,6.06871,25.3451,19.5202,3.41123,21.1587,787.44
79,"n23g0021.hpc.itc.rwth-aachen.de",79,"79",6,2,0000:9d:00.0,4,"OK",16777216,"bandwidth","D2H",50,6,916.978,1045.74,1186.63,1433.58,387.832,1624.44,1226.3,218.731,9.61872,10.911,13.1762,14.9415,4.03055,17.0397,13.136,2.23688,14.1478,1179.66
79,"n23g0021.hpc.itc.rwth-aachen.de",79,"79",6,2,0000:9d:00.0,4,"OK",67108864,"bandwidth","H2D",50,6,2048.96,2158.16,2159.57,2162.18,4.02125,2284.29,2156.8,34.3864,27.3608,28.906,28.941,28.9598,0.0538598,30.5033,28.9855,0.46595,31.0751,2153.09
79,"n23g0021.hpc.itc.rwth-aachen.de",79,"79",6,2,0000:9d:00.0,4,"OK",67108864,"bandwidth","D2H",50,6,3058.99,3235.09,3238.12,3241.4,6.31325,3429.24,3232.43,61.4975,18.2256,19.2818,19.3013,19.3194,0.0376284,20.4316,19.3423,0.371269,20.7246,3231.55
79,"n23g0021.hpc.itc.rwth-aachen.de",79,"79",6,2,0000:9d:00.0,4,"OK",268435456,"bandwidth","H2D",50,6,8353.4,8424.29,8475.41,8543.96,119.665,8602.03,8485.57,68.8931,29.0629,29.2605,29.4971,29.6761,0.415616,29.9279,29.4637,0.238528,31.6723,8468.82
79,"n23g0021.hpc.itc.rwth-aachen.de",79,"79",6,2,0000:9d:00.0,4,"OK",268435456,"bandwidth","D2H",50,6,12615,12682.4,12734.6,12747.2,64.821,12902.1,12723.1,59.3578,19.3767,19.6121,19.6315,19.7124,0.100239,19.8177,19.6498,0.091382,21.0791,12727.8
79,"n23g0021.hpc.itc.rwth-aachen.de",79,"79",6,3,0000:ad:00.0,6,"OK",4096,"latency","H2D",50,6,12.624,13.2417,13.7145,13.9512,0.7095,25.437,14.0466,1.97935,0.149966,0.273431,0.278152,0.288083,0.0146521,0.302178,0.275014,0.0248555,0.298664,7.168
79,"n23g0021.hpc.itc.rwth-aachen.de",79,"79",6,3,0000:ad:00.0,6,"OK",4096,"latency","D2H",50,6,13.28,13.533,13.8355,14.1107,0.57775,14.828,13.8487,0.388851,0.257263,0.27034,0.275718,0.281881,0.0115414,0.287251,0.27567,0.00761312,0.29605,7.408
79,"n23g0021.hpc.itc.rwth-aachen.de",79,"79",6,3,0000:ad:00.0,6,"OK",16777216,"bandwidth","H2D",50,6,328.546,526.642,603.093,663.974,137.332,824.221,584.619,129.588,18.9573,23.5325,25.9081,29.6964,6.16384,47.558,28.4601,8.1516,27.8186,596.384
79,"n23g0021.hpc.itc.rwth-aachen.de",79,"79",6,3,0000:ad:00.0,6,"OK",16777216,"bandwidth","D2H",50,6,420.233,681.257,762.045,863.654,182.397,1119.64,755.339,178.523,13.9554,18.0918,20.5045,22.9375,4.84569,37.1818,22.1517,6.50037,22.0166,755.36
79,"n23g0021.hpc.itc.rwth-aachen.de",79,"79",6,3,0000:ad:00.0,6,"OK",67108864,"bandwidth","H2D",50,6,1380.19,1465.26,1466.47,1467.85,2.58425,1471.89,1462.06,18.9809,42.4624,42.5794,42.6194,42.6545,0.0750969,45.2836,42.7554,0.582981,45.7623,1459.87
79,"n23g0021.hpc.itc.rwth-aachen.de",79,"79",6,3,0000:ad:00.0,6,"OK",67108864,"bandwidth","D2H",50,6,1742.62,1835.01,1839.78,1842.15,7.1425,1845.94,1835.2,18.7651,33.858,33.9277,33.9715,34.0598,0.132059,35.8655,34.06,0.364682,36.4766,1833.23
79,"n23g0021.hpc.itc.rwth-aachen.de",79,"79",6,3,0000:ad:00.0,6,"OK",268435456,"bandwidth","H2D",50,6,5611.15,5695.39,5801.55,5820.81,125.42,5830.93,5757.5,74.6377,42.8748,42.9493,43.092,43.8952,0.945869,44.5541,43.429,0.568429,46.2696,5795.02
79,"n23g0021.hpc.itc.rwth-aachen.de",79,"79",6,3,0000:ad:00.0,6,"OK",268435456,"bandwidth","D2H",50,6,7152.57,7170.62,7271.09,7333.5,162.887,7349.13,7259.31,74.3794,34.0176,34.0901,34.3827,34.8645,0.77439,34.9525,34.4422,0.353702,36.9182,7264.59
80,"n23g0021.hpc.itc.rwth-aachen.de",80,"80",6,0,0000:1b:00.0,0,"OK",4096,"latency","H2D",50,6,14.589,15.138,15.4245,15.8945,0.7565,18.359,15.5323,0.592859,0.207783,0.240001,0.247315,0.251995,0.0119937,0.261478,0.245932,0.00878926,0.265552,8.48
80,"n23g0021.hpc.itc.rwth-aachen.de",80,"80",6,0,0000:1b:00.0,0,"OK",4096,"latency","D2H",50,6,14.816,15.1977,15.4745,15.824,0.62625,21.84,15.7391,1.26445,0.174666,0.241073,0.246515,0.251004,0.00993112,0.257471,0.243583,0.0151868,0.264694,8.176
80,"n23g0021.hpc.itc.rwth-aachen.de",80,"80",6,0,0000:1b:00.0,0,"OK",16777216,"bandwidth","H2D",50,6,826.825,837.059,841.44,844.308,7.2495,856.509,841.481,6.01627,18.2427,18.5063,18.5694,18.6665,0.160277,18.8976,18.5694,0.132726,19.9387,833.824
80,"n23g0021.hpc.itc.rwth-aachen.de",80,"80",6,0,0000:1b:00.0,0,"OK",16777216,"bandwidth","D2H",50,6,1783.07,1790.93,1794.86,1804.19,13.2625,1818.14,1797.41,8.83473,8.59393,8.66038,8.7054,8.72451,0.0641289,8.76298,8.69327,0.042595,9.34735,1786.77
80,"n23g0021.hpc.itc.rwth-aachen.de",80,"80",6,0,0000:1b:00.0,0,"OK",67108864,"bandwidth","H2D",50,6,3293.08,3307.41,3313.77,3318.33,10.9187,3335.41,3313.27,8.72753,18.7383,18.8348,18.8607,18.897,0.0621792,18.9792,18.8637,0.0496742,20.2515,3306.06
80,"n23g0021.hpc.itc.rwth-aachen.de",80,"80",6,0,0000:1b:00.0,0,"OK",67108864,"bandwidth","D2H",50,6,7175.84,7188.32,7192.52,7197.77,9.45725,7214.5,7192.89,8.70775,8.66311,8.68324,8.68958,8.69467,0.0114241,8.70979,8.68915,0.010516,9.33037,7184.32
80,"n23g0021.hpc.itc.rwth-aachen.de",80,"80",6,0,0000:1b:00.0,0,"OK",268435456,"bandwidth","H2D",50,6,12232.7,12430.4,13217.7,13330.2,899.81,13405.2,12895.1,457.052,18.6495,18.7543,18.9145,20.1119,1.35758,20.4371,19.4117,0.691224,20.3092,13210.1
80,"n23g0021.hpc.itc.rwth-aachen.de",80,"80",6,0,0000:1b:00.0,0,"OK",268435456,"bandwidth","D2H",50,6,23631.4,26576.7,26790,28735,2158.29,28806.9,27434,1274.98,8.67846,8.70019,9.33185,9.40672,0.706539,10.5792,9.13294,0.434529,10.02,26782.2
80,"n23g0021.hpc.itc.rwth-aachen.de",80,"80",6,1,0000:2c:00.0,2,"OK",4096,"latency","H2D",50,6,14.707,15.2338,15.5355,15.726,0.49225,17.745,15.5557,0.482221,0.214973,0.242573,0.245547,0.250411,0.00783831,0.25938,0.245453,0.00724918,0.263654,8.288
80,"n23g0021.hpc.itc.rwth-aachen.de",80,"80",6,1,0000:2c:00.0,2,"OK",4096,"latency","D2H",50,6,14.83,15.2993,15.5585,15.951,0.65175,28.253,15.9295,1.93726,0.135019,0.239151,0.245184,0.249339,0.0101878,0.257228,0.241686,0.0184951,0.263264,8.48
80,"n23g0021.hpc.itc.rwth-aachen.de",80,"80",6,1,0000:2c:00.0,2,"OK",16777216,"bandwidth","H2D",50,6,838,849.927,852.755,858.401,8.4745,867.444,853.163,6.09363,18.0127,18.2024,18.323,18.3839,0.181494,18.6456,18.3151,0.131168,19.6741,844.688
80,"n23g0021.hpc.itc.rwth-aachen.de",80,"80",6,1,0000:2c:00.0,2,"OK",16777216,"bandwidth","D2H",50,6,1778.75,1788.15,1793.01,1801.05,12.8955,1813.68,1794.98,8.32013,8.61508,8.67551,8.71438,8.73808,0.0625646,8.78424,8.705,0.0402576,9.35699,1784.88
80,"n23g0021.hpc.itc.rwth-aachen.de",80,"80",6,1,0000:2c:00.0,2,"OK",67108864,"bandwidth","H2D",50,6,3314.9,3330.79,3357.1,3370.94,40.154,3385.27,3351.45,21.8697,18.4623,18.5408,18.6172,18.7643,0.223514,18.8543,18.6494,0.121816,19.9901,3349.17
80,"n23g0021.hpc.itc.rwth-aachen.de",80,"80",6,1,0000:2c:00.0,2,"OK",67108864,"bandwidth","D2H",50,6,6394.52,6418.81,7159.93,7169.04,750.229,7192.93,6856.27,369.123,8.68908,8.71804,8.72913,9.737,1.01896,9.774,9.14274,0.501582,9.37283,7151.78
80,"n23g0021.hpc.itc.rwth-aachen.de",80,"80",6,1,0000:2c:00.0,2,"OK",268435456,"bandwidth","H2D",50,6,12434.7,12636.4,13537.9,13584.8,948.425,13631.2,13124,482.375,18.3402,18.4029,18.4666,19.7842,1.38124,20.105,19.075,0.70459,19.8284,13529.9
80,"n23g0021.hpc.itc.rwth-aachen.de",80,"80",6,1,0000:2c:00.0,2,"OK",268435456,"bandwidth","D2H",50,6,25827.7,26511.3,28076.2,28680.8,2169.51,28794.5,27596.7,1107.58,8.68222,8.71663,8.90793,9.42994,0.71331,9.67955,9.07371,0.365661,9.56482,28068
80,"n23g0021.hpc.itc.rwth-aachen.de",80,"80",6,2,0000:9d:00.0,4,"OK",4096,"latency","H2D",50,6,13.009,13.6758,14.026,14.21,0.53425,17.083,13.9726,0.588487,0.223304,0.268452,0.271973,0.278939,0.0104872,0.293235,0.273455,0.0105751,0.292029,7.424
80,"n23g0021.hpc.itc.rwth-aachen.de",80,"80",6,2,0000:9d:00.0,4,"OK",4096,"latency","D2H",50,6,12.807,13.5392,13.9575,14.2745,0.73525,15.206,13.9241,0.506919,0.250868,0.267239,0.273308,0.281751,0.0145123,0.29786,0.274326,0.00998203,0.293462,7.488
80,"n23g0021.hpc.itc.rwth-aachen.de",80,"80",6,2,0000:9d:00.0,4,"OK",16777216,"bandwidth","H2D",50,6,613.617,700.532,816.497,899.967,199.435,1097.24,816.861,136.492,14.2402,17.3618,19.1384,22.3045,4.94273,25.4638,19.6432,3.12176,20.5497,809.712
80,"n23g0021.hpc.itc.rwth-aachen.de",80,"80",6,2,0000:9d:00.0,4,"OK",16777216,"bandwidth","D2H",50,6,974.879,1047.39,1217.07,1327.52,280.132,1630.52,1211.73,195.714,9.58284,11.7701,12.8383,14.9181,3.148,16.0276,13.2143,2.00143,13.785,1210.22
80,"n23g0021.hpc.itc.rwth-aachen.de",80,"80",6,2,0000:9d:00.0,4,"OK",67108864,"bandwidth","H2D",50,6,2046.05,2159.02,2160.86,2163.09,4.06125,2169.01,2150.5,32.8119,28.815,28.8939,28.9237,28.9483,0.0543511,30.5467,29.0701,0.462257,31.0566,2154.19
80,"n23g0021.hpc.itc.rwth-aachen.de",80,"80",6,2,0000:9d:00.0,4,"OK",67108864,"bandwidth","D2H",50,6,3057.75,3234.58,3238.15,3240.94,6.36075,3248.46,3224.58,46.98,19.2399,19.2845,19.3011,19.3224,0.0379227,20.4399,19.3867,0.295672,20.7244,3231.5
80,"n23g0021.hpc.itc.rwth-aachen.de",80,"80",6,2,0000:9d:00.0,4,"OK",268435456,"bandwidth","H2D",50,6,8357.1,8419.14,8438.85,8565.37,146.233,8603.91,8479.38,76.1609,29.0566,29.1873,29.6249,29.6943,0.506944,29.9147,29.4857,0.263706,31.8095,8432.16
80,"n23g0021.hpc.itc.rwth-aachen.de",80,"80",6,2,0000:9d:00.0,4,"OK",268435456,"bandwidth","D2H",50,6,12595.9,12658.1,12691.8,12741.1,82.9855,12914.8,12704.4,66.5504,19.3577,19.6216,19.6978,19.7502,0.128638,19.8477,19.6787,0.10239,21.1503,12685.2
80,"n23g0021.hpc.itc.rwth-aachen.de",80,"80",6,3,0000:ad:00.0,6,"OK",4096,"latency","H2D",50,6,12.787,13.502,13.8825,14.166,0.664,19.15,13.9676,0.969528,0.199201,0.269285,0.274786,0.282528,0.0132429,0.298326,0.274178,0.0155169,0.295049,7.52
80,"n23g0021.hpc.itc.rwth-aachen.de",80,"80",6,3,0000:ad:00.0,6,"OK",4096,"latency","D2H",50,6,12.917,13.4725,13.734,14.079,0.6065,42.715,14.3281,4.07323,0.0893058,0.270949,0.277756,0.283147,0.0121976,0.295324,0.273909,0.0274795,0.298238,7.376
80,"n23g0021.hpc.itc.rwth-aachen.de",80,"80",6,3,0000:ad:00.0,6,"OK",16777216,"bandwidth","H2D",50,6,327.737,331.37,603.219,662.146,330.776,822.584,540.221,159.881,18.995,23.5975,25.9027,47.1528,23.5553,47.6754,32.1161,10.9545,27.8128,596.432
80,"n23g0021.hpc.itc.rwth-aachen.de",80,"80",6,3,0000:ad:00.0,6,"OK",16777216,"bandwidth","D2H",50,6,418.902,423.079,756.49,864.798,441.718,1086.96,693.699,215.082,14.3749,18.0681,20.6548,36.9317,18.8636,37.2999,25.1813,8.73095,22.1779,749.584
80,"n23g0021.hpc.itc.rwth-aachen.de",80,"80",6,3,0000:ad:00.0,6,"OK",67108864,"bandwidth","H2D",50,6,1384.26,1467.34,1468.96,1470.95,3.6155,1475.4,1467.06,12.4365,42.3613,42.4895,42.547,42.5942,0.104694,45.1503,42.6055,0.380433,45.6845,1462.58
80,"n23g0021.hpc.itc.rwth-aachen.de",80,"80",6,3,0000:ad:00.0,6,"OK",67108864,"bandwidth","D2H",50,6,1747.08,1836.62,1841.26,1842.92,6.296,1847.84,1836.73,18.6015,33.8233,33.9136,33.9441,34.0299,0.116257,35.774,34.0315,0.360616,36.4472,1834.62
80,"n23g0021.hpc.itc.rwth-aachen.de",80,"80",6,3,0000:ad:00.0,6,"OK",268435456,"bandwidth","H2D",50,6,5483.26,5686.35,5777.34,5821.54,135.181,5832.13,5751.01,84.975,42.866,42.944,43.2725,43.965,1.02098,45.5933,43.4803,0.652626,46.4635,5770.77
80,"n23g0021.hpc.itc.rwth-aachen.de",80,"80",6,3,0000:ad:00.0,6,"OK",268435456,"bandwidth","D2H",50,6,7100.39,7178.91,7230.99,7331.69,152.778,7345.93,7249.62,70.869,34.0325,34.0986,34.5734,34.8242,0.725664,35.2094,34.4878,0.336983,37.1229,7224.32
81,"n23g0021.hpc.itc.rwth-aachen.de",81,"81",6,0,0000:1b:00.0,0,"OK",4096,"latency","H2D",50,6,14.537,15.0478,15.386,15.6497,0.602,19.476,15.5078,0.787414,0.195867,0.243755,0.247933,0.253507,0.00975226,0.262413,0.246537,0.0109054,0.266216,8.352
81,"n23g0021.hpc.itc.rwth-aachen.de",81,"81",6,0,0000:1b:00.0,0,"OK",4096,"latency","D2H",50,6,13.866,14.7398,15.175,15.3902,0.6505,25.838,15.4837,1.99147,0.147639,0.247865,0.25138,0.258803,0.0109388,0.275112,0.249062,0.0211906,0.269918,8.064
81,"n23g0021.hpc.itc.rwth-aachen.de",81,"81",6,0,0000:1b:00.0,0,"OK",16777216,"bandwidth","H2D",50,6,828.093,832.363,835.037,838.167,5.80325,848.146,835.547,4.35267,18.4225,18.6419,18.7117,18.7718,0.129971,18.8687,18.7008,0.097133,20.0916,827.312
81,"n23g0021.hpc.itc.rwth-aachen.de",81,"81",6,0,0000:1b:00.0,0,"OK",16777216,"bandwidth","D2H",50,6,1786.61,1791.36,1796.5,1806.59,15.2307,1825.76,1799.22,10.1878,8.55808,8.64889,8.69748,8.72241,0.0735234,8.74564,8.68458,0.0489332,9.33885,1788.43
81,"n23g0021.hpc.itc.rwth-aachen.de",81,"81",6,0,0000:1b:00.0,0,"OK",67108864,"bandwidth","H2D",50,6,3281.06,3301.81,3305.11,3312.5,10.69,3334.35,3306.68,9.90563,18.7443,18.8679,18.9101,18.929,0.0610867,19.0487,18.9013,0.0565949,20.3046,3297.2
81,"n23g0021.hpc.itc.rwth-aachen.de",81,"81",6,0,0000:1b:00.0,0,"OK",67108864,"bandwidth","D2H",50,6,6432.11,7183.62,7191.25,7198.11,14.4888,7216.02,7164.49,130.917,8.66128,8.68284,8.69111,8.70035,0.0175125,9.71687,8.72677,0.174953,9.33201,7183.39
81,"n23g0021.hpc.itc.rwth-aachen.de",81,"81",6,0,0000:1b:00.0,0,"OK",268435456,"bandwidth","H2D",50,6,12316.6,12473.3,13294.8,13327.9,854.692,13413.3,12917.5,431.611,18.6382,18.7576,18.8043,20.0429,1.28531,20.2979,19.3753,0.650378,20.1909,13287.5
81,"n23g0021.hpc.itc.rwth-aachen.de",81,"81",6,0,0000:1b:00.0,0,"OK",268435456,"bandwidth","D2H",50,6,26055.8,26505.7,28699.7,28755.7,2249.97,28787.8,27668.4,1130.64,8.68423,8.69393,8.71089,9.43193,0.737999,9.5948,9.05075,0.371538,9.35325,28691.5
81,"n23g0021.hpc.itc.rwth-aachen.de",81,"81",6,1,0000:2c:00.0,2,"OK",4096,"latency","H2D",50,6,14.553,15.3155,15.5505,15.8727,0.55725,22.755,15.7931,1.17471,0.167642,0.24033,0.24531,0.249075,0.00874469,0.262124,0.242566,0.0139197,0.2634,8.256
81,"n23g0021.hpc.itc.rwth-aachen.de",81,"81",6,1,0000:2c:00.0,2,"OK",4096,"latency","D2H",50,6,14.271,15.3248,15.566,15.9225,0.59775,17.004,15.6103,0.539566,0.224341,0.23958,0.245066,0.248924,0.00934404,0.267304,0.244661,0.0084143,0.263138,8.368
81,"n23g0021.hpc.itc.rwth-aachen.de",81,"81",6,1,0000:2c:00.0,2,"OK",16777216,"bandwidth","H2D",50,6,836.44,846.361,849.587,853.568,7.20675,860.159,849.937,5.26092,18.1652,18.3055,18.3913,18.4614,0.155867,18.6804,18.3844,0.113821,19.7475,841.52
81,"n23g0021.hpc.itc.rwth-aachen.de",81,"81",6,1,0000:2c:00.0,2,"OK",16777216,"bandwidth","D2H",50,6,1779.56,1785.67,1789.98,1801.95,16.2817,1811.21,1792.82,9.40293,8.62682,8.6712,8.72917,8.75024,0.0790427,8.78028,8.71558,0.0455497,9.37287,1781.74
81,"n23g0021.hpc.itc.rwth-aachen.de",81,"81",6,1,0000:2c:00.0,2,"OK",67108864,"bandwidth","H2D",50,6,3338.54,3366.15,3374.7,3381.59,15.4467,3402.93,3374,12.8943,18.3665,18.4824,18.5202,18.5672,0.0848149,18.7208,18.5243,0.070854,19.8859,3366.38
81,"n23g0021.hpc.itc.rwth-aachen.de",81,"81",6,1,0000:2c:00.0,2,"OK",67108864,"bandwidth","D2H",50,6,6415.17,7162.62,7172.45,7178.36,15.7337,7203.27,7147.73,125.597,8.67661,8.70673,8.7139,8.72585,0.0191256,9.74254,8.74699,0.168501,9.35647,7164.27
81,"n23g0021.hpc.itc.rwth-aachen.de",81,"81",6,1,0000:2c:00.0,2,"OK",268435456,"bandwidth","H2D",50,6,12373,12603.8,13537.9,13598.7,994.9,13646.3,13111.7,506.618,18.32,18.3841,18.4667,19.8353,1.45118,20.2054,19.0956,0.741626,19.8285,13529.8
81,"n23g0021.hpc.itc.rwth-aachen.de",81,"81",6,1,0000:2c:00.0,2,"OK",268435456,"bandwidth","D2H",50,6,25810.5,26484.2,27669.3,28668.4,2184.23,28961.8,27519.2,1145.65,8.63206,8.72039,9.03587,9.43958,0.719197,9.68599,9.10043,0.380838,9.70219,27661.1
81,"n23g0021.hpc.itc.rwth-aachen.de",81,"81",6,2,0000:9d:00.0,4,"OK",4096,"latency","H2D",50,6,12.979,13.5525,13.9145,14.1792,0.62675,24.297,14.1155,1.55207,0.157003,0.269034,0.274154,0.281476,0.0124417,0.293913,0.272329,0.0192709,0.29437,7.424
81,"n23g0021.hpc.itc.rwth-aachen.de",81,"81",6,2,0000:9d:00.0,4,"OK",4096,"latency","D2H",50,6,12.72,13.285,13.7225,13.986,0.701,14.965,13.6971,0.491101,0.254908,0.272753,0.277989,0.287143,0.0143904,0.299898,0.27886,0.00990496,0.298488,7.184
81,"n23g0021.hpc.itc.rwth-aachen.de",81,"81",6,2,0000:9d:00.0,4,"OK",16777216,"bandwidth","H2D",50,6,611.028,666.57,760.589,900.161,233.592,1097.24,795.248,143.558,14.2403,17.358,20.5433,23.4573,6.09928,25.5717,20.2549,3.40817,22.0582,753.856
81,"n23g0021.hpc.itc.rwth-aachen.de",81,"81",6,2,0000:9d:00.0,4,"OK",16777216,"bandwidth","D2H",50,6,916.841,1006.68,1127.92,1330.1,323.413,1640.66,1190.6,209.24,9.52361,11.7473,13.8529,15.5292,3.78194,17.0422,13.5068,2.20856,14.8745,1121.26
81,"n23g0021.hpc.itc.rwth-aachen.de",81,"81",6,2,0000:9d:00.0,4,"OK",67108864,"bandwidth","H2D",50,6,2047.85,2156.22,2158.92,2161.5,5.27775,2313.27,2152.71,43.8316,27.018,28.9151,28.9497,28.9859,0.0707752,30.5198,29.0451,0.589687,31.0845,2152.27
81,"n23g0021.hpc.itc.rwth-aachen.de",81,"81",6,2,0000:9d:00.0,4,"OK",67108864,"bandwidth","D2H",50,6,3054.06,3232.12,3236.68,3240,7.88175,3430.88,3219.21,73.2234,18.2169,19.2901,19.3099,19.3371,0.0470406,20.4645,19.4248,0.446111,20.7338,3230.14
81,"n23g0021.hpc.itc.rwth-aachen.de",81,"81",6,2,0000:9d:00.0,4,"OK",268435456,"bandwidth","H2D",50,6,8350.16,8422.51,8455.64,8522.44,99.9318,8598.87,8470.55,64.1775,29.0736,29.3343,29.5661,29.6824,0.348047,29.9395,29.5157,0.223207,31.7463,8449.06
81,"n23g0021.hpc.itc.rwth-aachen.de",81,"81",6,2,0000:9d:00.0,4,"OK",268435456,"bandwidth","D2H",50,6,12605.1,12660.5,12704.6,12739.5,79.034,12882.8,12701.7,50.042,19.4058,19.624,19.6779,19.7465,0.122503,19.8332,19.6827,0.0773658,21.1289,12697.5
81,"n23g0021.hpc.itc.rwth-aachen.de",81,"81",6,3,0000:ad:00.0,6,"OK",4096,"latency","H2D",50,6,12.74,13.212,13.452,13.6745,0.4625,19.614,13.6837,1.28642,0.194488,0.278964,0.28358,0.28873,0.00976543,0.299427,0.280618,0.0197139,0.304492,6.992
81,"n23g0021.hpc.itc.rwth-aachen.de",81,"81",6,3,0000:ad:00.0,6,"OK",4096,"latency","D2H",50,6,12.478,12.9288,13.159,13.4567,0.528,14.342,13.2236,0.426836,0.265981,0.28348,0.289893,0.295055,0.0115753,0.305714,0.288772,0.0091852,0.31127,6.832
81,"n23g0021.hpc.itc.rwth-aachen.de",81,"81",6,3,0000:ad:00.0,6,"OK",16777216,"bandwidth","H2D",50,6,328.415,330.977,557.203,605.212,274.235,728.572,512.311,137.29,21.4461,25.8174,28.0418,47.2088,21.3913,47.577,33.2239,10.2657,30.1097,550.64
81,"n23g0021.hpc.itc.rwth-aachen.de",81,"81",6,3,0000:ad:00.0,6,"OK",16777216,"bandwidth","D2H",50,6,418.919,423.906,707.687,784.314,360.408,978.557,660.333,182.571,15.9674,19.9219,22.079,36.8608,16.939,37.2984,25.8629,8.07841,23.7072,701.2
81,"n23g0021.hpc.itc.rwth-aachen.de",81,"81",6,3,0000:ad:00.0,6,"OK",67108864,"bandwidth","H2D",50,6,1381.67,1464.02,1465.97,1467.41,3.38675,1471.56,1461.13,19.8472,42.4719,42.592,42.6339,42.6905,0.0985294,45.2351,42.7833,0.611354,45.7778,1459.41
81,"n23g0021.hpc.itc.rwth-aachen.de",81,"81",6,3,0000:ad:00.0,6,"OK",67108864,"bandwidth","D2H",50,6,1739.86,1832.96,1838.6,1842.44,9.483,1848.08,1831.34,25.998,33.819,33.9224,33.9933,34.0979,0.175501,35.9224,34.1352,0.505597,36.5,1832.08
81,"n23g0021.hpc.itc.rwth-aachen.de",81,"81",6,3,0000:ad:00.0,6,"OK",268435456,"bandwidth","H2D",50,6,5477.16,5696.55,5782.87,5820.88,124.325,5831.8,5751.5,83.1888,42.8684,42.9488,43.2311,43.8862,0.93734,45.6441,43.4761,0.638951,46.4191,5776.48
81,"n23g0021.hpc.itc.rwth-aachen.de",81,"81",6,3,0000:ad:00.0,6,"OK",268435456,"bandwidth","D2H",50,6,7150.88,7169.84,7210.93,7277.44,107.597,7341.48,7235.12,67.1328,34.0531,34.3527,34.6696,34.8683,0.515527,34.9607,34.5567,0.319598,37.2262,7204.58
82,"n23g0021.hpc.itc.rwth-aachen.de",82,"82",6,0,0000:1b:00.0,0,"OK",4096,"latency","H2D",50,6,14.869,15.1803,15.3845,15.736,0.55575,18.472,15.5476,0.66407,0.206512,0.242419,0.247958,0.251293,0.00887402,0.256554,0.245763,0.0095438,0.266242,8.352
82,"n23g0021.hpc.itc.rwth-aachen.de",82,"82",6,0,0000:1b:00.0,0,"OK",4096,"latency","D2H",50,6,14.294,15.093,15.399,15.7302,0.63725,22.484,15.5647,1.11234,0.169663,0.242507,0.247724,0.252747,0.0102398,0.266874,0.246047,0.0136202,0.265992,8.24
82,"n23g0021.hpc.itc.rwth-aachen.de",82,"82",6,0,0000:1b:00.0,0,"OK",16777216,"bandwidth","H2D",50,6,832.187,837.1,839.404,842.437,5.33725,847.177,839.581,3.87743,18.4436,18.5474,18.6144,18.6656,0.118256,18.7758,18.6109,0.085995,19.987,831.216
82,"n23g0021.hpc.itc.rwth-aachen.de",82,"82",6,0,0000:1b:00.0,0,"OK",16777216,"bandwidth","D2H",50,6,1782.15,1792.79,1797.56,1805.17,12.387,1820.61,1799.2,9.37056,8.58231,8.65568,8.69232,8.71548,0.0598041,8.7675,8.68466,0.0450961,9.33331,1789.42
82,"n23g0021.hpc.itc.rwth-aachen.de",82,"82",6,0,0000:1b:00.0,0,"OK",67108864,"bandwidth","H2D",50,6,3280,3292.82,3302.69,3310.94,18.114,3334.15,3302.53,12.5804,18.7454,18.8768,18.9239,18.9807,0.103842,19.0549,18.9252,0.0720536,20.3194,3295.01
82,"n23g0021.hpc.itc.rwth-aachen.de",82,"82",6,0,0000:1b:00.0,0,"OK",67108864,"bandwidth","D2H",50,6,6422.64,7179.42,7189.42,7198.12,18.6968,7212.15,7163.8,129.506,8.66593,8.68283,8.69334,8.70544,0.0226119,9.7312,8.72755,0.173211,9.3344,7181.18
82,"n23g0021.hpc.itc.rwth-aachen.de",82,"82",6,0,0000:1b:00.0,0,"OK",268435456,"bandwidth","H2D",50,6,12240.3,12457.5,13297.2,13331.8,874.339,13368.8,12906.2,449.441,18.7002,18.7521,18.8009,20.0683,1.31616,20.4244,19.3942,0.679252,20.1874,13289.7
82,"n23g0021.hpc.itc.rwth-aachen.de",82,"82",6,0,0000:1b:00.0,0,"OK",268435456,"bandwidth","D2H",50,6,25864.4,26451.1,27381.8,28746.4,2295.31,28780.9,27535.7,1181.37,8.68633,8.69674,9.13547,9.4514,0.754665,9.6658,9.09591,0.391199,9.80914,27372.1
82,"n23g0021.hpc.itc.rwth-aachen.de",82,"82",6,1,0000:2c:00.0,2,"OK",4096,"latency","H2D",50,6,14.607,15.2323,15.481,15.7763,0.544,26.385,15.7776,1.66221,0.144578,0.2418,0.246412,0.250436,0.00863564,0.261155,0.243557,0.0171823,0.264582,8.24
82,"n23g0021.hpc.itc.rwth-aachen.de",82,"82",6,1,0000:2c:00.0,2,"OK",4096,"latency","D2H",50,6,14.443,15.1182,15.312,15.4962,0.378,16.744,15.3327,0.397,0.227825,0.246169,0.249131,0.252324,0.00615507,0.264121,0.248959,0.00632877,0.267503,8.288
82,"n23g0021.hpc.itc.rwth-aachen.de",82,"82",6,1,0000:2c:00.0,2,"OK",16777216,"bandwidth","H2D",50,6,839.204,843.408,845.599,848.432,5.0245,854.219,846.253,3.64851,18.2916,18.4163,18.478,18.526,0.109713,18.6188,18.4641,0.0794714,19.8406,837.632
82,"n23g0021.hpc.itc.rwth-aachen.de",82,"82",6,1,0000:2c:00.0,2,"OK",16777216,"bandwidth","D2H",50,6,1778.04,1785.5,1789.41,1795.22,9.7215,1811.24,1792.37,8.72131,8.62668,8.70365,8.73195,8.75104,0.0473884,8.78778,8.7177,0.0422476,9.37586,1781.9
82,"n23g0021.hpc.itc.rwth-aachen.de",82,"82",6,1,0000:2c:00.0,2,"OK",67108864,"bandwidth","H2D",50,6,3296.67,3317.58,3327.62,3339.65,22.073,3383.54,3332.81,20.5731,18.4718,18.7145,18.7822,18.839,0.124514,18.9585,18.7537,0.115226,20.1672,3319.33
82,"n23g0021.hpc.itc.rwth-aachen.de",82,"82",6,1,0000:2c:00.0,2,"OK",67108864,"bandwidth","D2H",50,6,6386.8,6406.55,6415.77,6670.55,263.995,7190.85,6600.54,325.605,8.6916,9.37355,9.74162,9.75563,0.382089,9.7858,9.49077,0.442854,10.46,6407.9
82,"n23g0021.hpc.itc.rwth-aachen.de",82,"82",6,1,0000:2c:00.0,2,"OK",268435456,"bandwidth","H2D",50,6,12431.5,12603.3,13535.6,13593,989.725,13657.2,13122.9,496.519,18.3054,18.3918,18.4698,19.8361,1.44429,20.1102,19.0781,0.725057,19.8318,13527.5
82,"n23g0021.hpc.itc.rwth-aachen.de",82,"82",6,1,0000:2c:00.0,2,"OK",268435456,"bandwidth","D2H",50,6,25767.9,26446.4,27192.2,28664.8,2218.38,28736.4,27464.1,1155.25,8.69976,8.72151,9.19739,9.45309,0.731582,9.702,9.11895,0.384452,9.87562,27184.2
82,"n23g0021.hpc.itc.rwth-aachen.de",82,"82",6,2,0000:9d:00.0,4,"OK",4096,"latency","H2D",50,6,12.244,13.0295,13.389,13.5203,0.49075,19.057,13.4022,0.961415,0.200173,0.282147,0.284913,0.292774,0.0106268,0.311556,0.285778,0.0161664,0.305923,6.864
82,"n23g0021.hpc.itc.rwth-aachen.de",82,"82",6,2,0000:9d:00.0,4,"OK",4096,"latency","D2H",50,6,12.473,12.8968,13.1155,13.5925,0.69575,22.751,13.5857,1.83403,0.167672,0.280647,0.290854,0.295788,0.0151402,0.305836,0.284127,0.0250226,0.312302,6.8
82,"n23g0021.hpc.itc.rwth-aachen.de",82,"82",6,2,0000:9d:00.0,4,"OK",16777216,"bandwidth","H2D",50,6,611.721,655.628,758.551,828.635,173.007,990.828,764.688,116.697,15.7696,18.8563,20.5985,23.8321,4.9758,25.5427,20.8971,3.07002,22.1175,751.904
82,"n23g0021.hpc.itc.rwth-aachen.de",82,"82",6,2,0000:9d:00.0,4,"OK",16777216,"bandwidth","D2H",50,6,917.076,981.468,1125.1,1233.82,252.348,1471.8,1141.12,171.297,10.6162,12.664,13.8877,15.9202,3.25616,17.0378,13.9899,1.99849,14.9118,1118.32
82,"n23g0021.hpc.itc.rwth-aachen.de",82,"82",6,2,0000:9d:00.0,4,"OK",67108864,"bandwidth","H2D",50,6,2049.16,2156.29,2159.67,2161.56,5.26725,2286.71,2147.67,41.952,27.3319,28.9143,28.9396,28.985,0.0706305,30.5003,29.1126,0.577657,31.0737,2153.17
82,"n23g0021.hpc.itc.rwth-aachen.de",82,"82",6,2,0000:9d:00.0,4,"OK",67108864,"bandwidth","D2H",50,6,3062.19,3221.73,3236.4,3241.02,19.2877,3431.39,3210.2,79.8295,18.2142,19.284,19.3116,19.3995,0.1155,20.4103,19.4813,0.488326,20.7357,3229.89
82,"n23g0021.hpc.itc.rwth-aachen.de",82,"82",6,2,0000:9d:00.0,4,"OK",268435456,"bandwidth","H2D",50,6,8342.77,8416.36,8444.14,8495.68,79.3215,8591.12,8460.88,59.6568,29.0998,29.4267,29.6063,29.7041,0.277337,29.9661,29.5492,0.207599,31.7896,8437.49
82,"n23g0021.hpc.itc.rwth-aachen.de",82,"82",6,2,0000:9d:00.0,4,"OK",268435456,"bandwidth","D2H",50,6,12583.2,12664.1,12686.6,12730.2,66.1062,12764.6,12693.1,44.0016,19.5854,19.6384,19.7059,19.7409,0.102512,19.8677,19.6959,0.0683846,21.159,12682.5
82,"n23g0021.hpc.itc.rwth-aachen.de",82,"82",6,3,0000:ad:00.0,6,"OK",4096,"latency","H2D",50,6,12.889,13.4492,13.6995,13.9725,0.52325,20.391,13.881,1.13064,0.187077,0.273015,0.278455,0.283637,0.0106225,0.295965,0.276185,0.0170043,0.298989,7.296
82,"n23g0021.hpc.itc.rwth-aachen.de",82,"82",6,3,0000:ad:00.0,6,"OK",4096,"latency","D2H",50,6,12.895,13.4015,13.6695,13.984,0.5825,14.468,13.6628,0.413248,0.263664,0.27279,0.279067,0.284647,0.0118569,0.295828,0.27946,0.00850399,0.299645,7.184
82,"n23g0021.hpc.itc.rwth-aachen.de",82,"82",6,3,0000:ad:00.0,6,"OK",16777216,"bandwidth","H2D",50,6,328.047,390.796,606.099,714.069,323.273,823.266,576.142,160.136,18.9793,21.9162,25.7797,41.9046,19.9884,47.6304,29.972,10.4891,27.6807,599.648
82,"n23g0021.hpc.itc.rwth-aachen.de",82,"82",6,3,0000:ad:00.0,6,"OK",16777216,"bandwidth","D2H",50,6,419.499,492.684,784.63,882.274,389.59,1096.35,748.233,218.144,14.2519,17.71,19.9139,33.238,15.528,37.2468,23.2801,8.45178,21.3823,777.952
82,"n23g0021.hpc.itc.rwth-aachen.de",82,"82",6,3,0000:ad:00.0,6,"OK",67108864,"bandwidth","H2D",50,6,1377.54,1463.39,1465.01,1466.83,3.44725,1471.27,1457.16,25.5262,42.4803,42.6088,42.6618,42.7092,0.100373,45.3709,42.9055,0.788007,45.8078,1458.85
82,"n23g0021.hpc.itc.rwth-aachen.de",82,"82",6,3,0000:ad:00.0,6,"OK",67108864,"bandwidth","D2H",50,6,1740.55,1833.23,1838.96,1843.28,10.047,1845.95,1830.95,26.2734,33.8579,33.907,33.9867,34.0928,0.185827,35.9081,34.1426,0.511063,36.4929,1832.37
82,"n23g0021.hpc.itc.rwth-aachen.de",82,"82",6,3,0000:ad:00.0,6,"OK",268435456,"bandwidth","H2D",50,6,5553.5,5654.9,5776.43,5820.96,166.057,5826.6,5744.13,83.5601,42.9067,42.9482,43.2793,44.2101,1.26186,45.0166,43.532,0.638981,46.4708,5769.82
82,"n23g0021.hpc.itc.rwth-aachen.de",82,"82",6,3,0000:ad:00.0,6,"OK",268435456,"bandwidth","D2H",50,6,7148.26,7164.6,7208.67,7285.92,121.314,7347.15,7229.16,65.8538,34.0268,34.3128,34.6805,34.8938,0.580987,34.9735,34.585,0.31366,37.2378,7202.19
83,"n23g0021.hpc.itc.rwth-aachen.de",83,"83",6,0,0000:1b:00.0,0,"OK",4096,"latency","H2D",50,6,14.465,15.4588,15.6395,15.8797,0.421,26.785,15.942,1.64721,0.142419,0.240224,0.243914,0.246767,0.00654248,0.263719,0.240935,0.0162061,0.261901,8.416
83,"n23g0021.hpc.itc.rwth-aachen.de",83,"83",6,0,0000:1b:00.0,0,"OK",4096,"latency","D2H",50,6,14.429,15.0527,15.2955,15.6813,0.6285,31.984,16.0232,3.12723,0.119269,0.243265,0.2494,0.253424,0.0101587,0.264377,0.243212,0.0267252,0.267791,8.288
83,"n23g0021.hpc.itc.rwth-aachen.de",83,"83",6,0,0000:1b:00.0,0,"OK",16777216,"bandwidth","H2D",50,6,827.3,831.583,834.806,838.068,6.485,847.695,835.088,4.63583,18.4323,18.6441,18.7169,18.7895,0.145393,18.8867,18.7112,0.103606,20.0972,827.408
83,"n23g0021.hpc.itc.rwth-aachen.de",83,"83",6,0,0000:1b:00.0,0,"OK",16777216,"bandwidth","D2H",50,6,1786.84,1793.35,1797.55,1803.67,10.323,1822.2,1799.75,9.42392,8.57478,8.6629,8.6924,8.71277,0.0498656,8.7445,8.68201,0.0452619,9.33339,1789.5
83,"n23g0021.hpc.itc.rwth-aachen.de",83,"83",6,0,0000:1b:00.0,0,"OK",67108864,"bandwidth","H2D",50,6,3254.44,3269.15,3289.18,3308.34,39.1908,3327.15,3288.87,21.0414,18.7849,18.8916,19.0017,19.1181,0.226474,19.2045,19.0042,0.121545,20.4029,3281.31
83,"n23g0021.hpc.itc.rwth-aachen.de",83,"83",6,0,0000:1b:00.0,0,"OK",67108864,"bandwidth","D2H",50,6,6386.81,6403.59,6419.46,7161.75,758.158,7194.64,6741.99,380.848,8.68702,8.72692,9.73602,9.76014,1.03323,9.78579,9.29954,0.518229,10.454,6411.97
83,"n23g0021.hpc.itc.rwth-aachen.de",83,"83",6,0,0000:1b:00.0,0,"OK",268435456,"bandwidth","H2D",50,6,12323.7,12448.6,13281.8,13336.2,887.557,13389.2,12905.6,446.848,18.6718,18.746,18.8228,20.0825,1.33655,20.2862,19.3947,0.67409,20.2108,13274.3
83,"n23g0021.hpc.itc.rwth-aachen.de",83,"83",6,0,0000:1b:00.0,0,"OK",268435456,"bandwidth","D2H",50,6,25854.1,26426.9,28468.4,28728.6,2301.7,28775.4,27604.1,1167.08,8.68797,8.70212,8.78224,9.46005,0.757929,9.66965,9.07293,0.385744,9.42986,28460.3
83,"n23g0021.hpc.itc.rwth-aachen.de",83,"83",6,1,0000:2c:00.0,2,"OK",4096,"latency","H2D",50,6,14.435,15.0983,15.3185,15.681,0.58275,18.356,15.4235,0.548485,0.207817,0.243269,0.249026,0.252658,0.00938955,0.264267,0.247616,0.00807521,0.26739,8.256
83,"n23g0021.hpc.itc.rwth-aachen.de",83,"83",6,1,0000:2c:00.0,2,"OK",4096,"latency","D2H",50,6,14.694,15.3718,15.636,16.0705,0.69875,17.992,15.7366,0.567882,0.212022,0.237378,0.243969,0.248163,0.0107847,0.259609,0.242711,0.00839061,0.26196,8.496
83,"n23g0021.hpc.itc.rwth-aachen.de",83,"83",6,1,0000:2c:00.0,2,"OK",16777216,"bandwidth","H2D",50,6,842.625,852.159,855.266,859.296,7.138,868.026,855.82,5.42018,18.0006,18.1835,18.2692,18.3358,0.152311,18.5432,18.2581,0.115597,19.6164,847.264
83,"n23g0021.hpc.itc.rwth-aachen.de",83,"83",6,1,0000:2c:00.0,2,"OK",16777216,"bandwidth","D2H",50,6,1776.05,1786.28,1789.43,1801.47,15.19,1811.1,1792.81,9.63805,8.62736,8.67348,8.73185,8.74722,0.0737455,8.79763,8.71563,0.0467061,9.37575,1781.7
83,"n23g0021.hpc.itc.rwth-aachen.de",83,"83",6,1,0000:2c:00.0,2,"OK",67108864,"bandwidth","H2D",50,6,3331.77,3357.58,3366.22,3373.77,16.1905,3382.79,3365.19,10.7742,18.4759,18.5253,18.5668,18.6146,0.0893313,18.7588,18.5727,0.0596044,19.936,3358.27
83,"n23g0021.hpc.itc.rwth-aachen.de",83,"83",6,1,0000:2c:00.0,2,"OK",67108864,"bandwidth","D2H",50,6,6415.88,7164.77,7172.48,7179.5,14.7295,7198.72,7142.62,148.206,8.6821,8.70535,8.71386,8.72324,0.0178966,9.74145,8.75446,0.201093,9.35644,7164.38
83,"n23g0021.hpc.itc.rwth-aachen.de",83,"83",6,1,0000:2c:00.0,2,"OK",268435456,"bandwidth","H2D",50,6,12212.4,12631.4,13565.4,13593.5,962.137,13637.6,13117.3,502.943,18.3316,18.3912,18.4292,19.792,1.40086,20.471,19.087,0.736465,19.7882,13557.5
83,"n23g0021.hpc.itc.rwth-aachen.de",83,"83",6,1,0000:2c:00.0,2,"OK",268435456,"bandwidth","D2H",50,6,25800.2,26429.4,26899.2,28683.5,2254.15,28765.9,27482.7,1172.58,8.69084,8.7158,9.29409,9.45917,0.743369,9.68986,9.11324,0.389653,9.97945,26891.2
83,"n23g0021.hpc.itc.rwth-aachen.de",83,"83",6,2,0000:9d:00.0,4,"OK",4096,"latency","H2D",50,6,13.238,13.6562,14.042,14.4492,0.793,31.264,14.737,3.34946,0.122016,0.264007,0.271663,0.279337,0.0153306,0.288163,0.265794,0.031044,0.291696,7.408
83,"n23g0021.hpc.itc.rwth-aachen.de",83,"83",6,2,0000:9d:00.0,4,"OK",4096,"latency","D2H",50,6,12.975,13.436,13.802,14.1597,0.72375,26.797,14.0603,1.87778,0.142355,0.269407,0.276388,0.283917,0.0145098,0.294004,0.274048,0.0209578,0.296769,7.312
83,"n23g0021.hpc.itc.rwth-aachen.de",83,"83",6,2,0000:9d:00.0,4,"OK",16777216,"bandwidth","H2D",50,6,611.502,666.364,762.163,899.192,232.828,1097.3,794.835,138.809,14.2395,17.3767,20.5009,23.4663,6.08962,25.5518,20.2351,3.3483,22.0127,755.408
83,"n23g0021.hpc.itc.rwth-aachen.de",83,"83",6,2,0000:9d:00.0,4,"OK",16777216,"bandwidth","D2H",50,6,915.168,1037.98,1129.62,1329.37,291.383,1643.32,1187.38,204.918,9.50821,11.7537,13.8321,15.0536,3.29981,17.0734,13.5297,2.175,14.8521,1122.82
83,"n23g0021.hpc.itc.rwth-aachen.de",83,"83",6,2,0000:9d:00.0,4,"OK",67108864,"bandwidth","H2D",50,6,2045.94,2158.14,2161.49,2163.32,5.17375,2284.4,2152.8,45.7001,27.3595,28.8908,28.9152,28.9601,0.0692607,30.5483,29.0451,0.623299,31.0475,2154.66
83,"n23g0021.hpc.itc.rwth-aachen.de",83,"83",6,2,0000:9d:00.0,4,"OK",67108864,"bandwidth","D2H",50,6,3067.14,3233.21,3237.84,3241.17,7.95475,3428.41,3221.42,68.9597,18.23,19.2832,19.303,19.3306,0.0474428,20.3773,19.4104,0.418262,20.7264,3231.33
83,"n23g0021.hpc.itc.rwth-aachen.de",83,"83",6,2,0000:9d:00.0,4,"OK",268435456,"bandwidth","H2D",50,6,8348.98,8424.04,8457.87,8514.49,90.4508,8588.46,8467.52,62.1595,29.1088,29.3617,29.5583,29.677,0.315262,29.9438,29.5262,0.216432,31.738,8451.46
83,"n23g0021.hpc.itc.rwth-aachen.de",83,"83",6,2,0000:9d:00.0,4,"OK",268435456,"bandwidth","D2H",50,6,12572.4,12640.5,12669.2,12705.2,64.7795,12764.2,12674.1,51.2459,19.586,19.6769,19.7328,19.7778,0.10084,19.8848,19.7256,0.0797859,21.188,12662.5
83,"n23g0021.hpc.itc.rwth-aachen.de",83,"83",6,3,0000:ad:00.0,6,"OK",4096,"latency","H2D",50,6,12.562,13.2138,13.4705,13.8037,0.59,16.657,13.5643,0.58914,0.229015,0.276352,0.283189,0.288692,0.0123395,0.30367,0.28171,0.0110749,0.304072,7.04
83,"n23g0021.hpc.itc.rwth-aachen.de",83,"83",6,3,0000:ad:00.0,6,"OK",4096,"latency","D2H",50,6,12.957,13.5045,13.86,14.1505,0.646,17.665,13.9628,0.757349,0.215947,0.26958,0.275231,0.282476,0.0128957,0.294412,0.273916,0.0131767,0.295527,7.424
83,"n23g0021.hpc.itc.rwth-aachen.de",83,"83",6,3,0000:ad:00.0,6,"OK",16777216,"bandwidth","H2D",50,6,328.131,331.021,581.684,662.369,331.348,821.154,535.742,157.925,19.0281,23.5896,26.8912,47.2025,23.6129,47.6182,32.3354,10.9254,28.8742,573.344
83,"n23g0021.hpc.itc.rwth-aachen.de",83,"83",6,3,0000:ad:00.0,6,"OK",16777216,"bandwidth","D2H",50,6,418.994,422.349,753.164,854.002,431.653,1012.78,689.401,207.129,15.4278,18.2962,20.7477,36.9955,18.6993,37.2917,25.2199,8.64785,22.2776,746.64
83,"n23g0021.hpc.itc.rwth-aachen.de",83,"83",6,3,0000:ad:00.0,6,"OK",67108864,"bandwidth","H2D",50,6,1382.73,1465.43,1467.95,1469.44,4.01675,1474.43,1464.87,14.4985,42.3892,42.5331,42.5764,42.6497,0.116583,45.2003,42.6703,0.443054,45.7161,1461.54
83,"n23g0021.hpc.itc.rwth-aachen.de",83,"83",6,3,0000:ad:00.0,6,"OK",67108864,"bandwidth","D2H",50,6,1738.09,1835.08,1840.51,1843.21,8.1315,1848.28,1835.97,19.273,33.8153,33.9082,33.9581,34.0585,0.150251,35.9591,34.0459,0.37458,36.4622,1833.89
83,"n23g0021.hpc.itc.rwth-aachen.de",83,"83",6,3,0000:ad:00.0,6,"OK",268435456,"bandwidth","H2D",50,6,5480.14,5652,5772.84,5822.2,170.195,5833.59,5736.37,89.8038,42.8553,42.9391,43.3063,44.2322,1.29305,45.6192,43.5924,0.688953,46.4998,5766.29
83,"n23g0021.hpc.itc.rwth-aachen.de",83,"83",6,3,0000:ad:00.0,6,"OK",268435456,"bandwidth","D2H",50,6,7087.57,7170.87,7205.63,7299.43,128.557,7342.4,7230.74,73.0547,34.0488,34.2493,34.6951,34.8633,0.613991,35.273,34.5781,0.349178,37.2536,7199.3
84,"n23g0021.hpc.itc.rwth-aachen.de",84,"84",7,0,0000:1b:00.0,0,"OK",4096,"latency","H2D",50,7,14.759,15.1747,15.4485,15.7535,0.57875,17.175,15.5057,0.493879,0.222108,0.242149,0.24693,0.251385,0.00923621,0.258466,0.246262,0.00763458,0.265139,8.32
84,"n23g0021.hpc.itc.rwth-aachen.de",84,"84",7,0,0000:1b:00.0,0,"OK",4096,"latency","D2H",50,7,13.731,14.8885,15.2435,15.512,0.6235,26.695,15.4799,1.68874,0.142899,0.245919,0.250254,0.256219,0.0102996,0.277816,0.248289,0.0174129,0.268709,8.208
84,"n23g0021.hpc.itc.rwth-aachen.de",84,"84",7,0,0000:1b:00.0,0,"OK",16777216,"bandwidth","H2D",50,7,824.793,830.558,833.294,837.776,7.218,846.8,833.904,4.62098,18.4518,18.6506,18.7509,18.8127,0.162084,18.9441,18.7378,0.10364,20.1336,825.584
84,"n23g0021.hpc.itc.rwth-aachen.de",84,"84",7,0,0000:1b:00.0,0,"OK",16777216,"bandwidth","D2H",50,7,1810.01,1821.07,1824.33,1829.43,8.36,1844.96,1826.47,8.23281,8.46901,8.54089,8.56478,8.5801,0.0392088,8.63257,8.55491,0.0384627,9.19636,1816.61
84,"n23g0021.hpc.itc.rwth-aachen.de",84,"84",7,0,0000:1b:00.0,0,"OK",67108864,"bandwidth","H2D",50,7,3259.98,3271.39,3274.68,3278.3,6.9055,3290.15,3274.98,5.80587,18.9961,19.0648,19.0858,19.105,0.0402434,19.1719,19.0842,0.0338234,20.4932,3267.55
84,"n23g0021.hpc.itc.rwth-aachen.de",84,"84",7,0,0000:1b:00.0,0,"OK",67108864,"bandwidth","D2H",50,7,6446.01,6465.53,6473.7,6478.15,12.6253,6498.98,6473.12,11.2189,9.61689,9.64781,9.65444,9.66665,0.0188394,9.69592,9.65534,0.0167324,10.3664,6466.03
84,"n23g0021.hpc.itc.rwth-aachen.de",84,"84",7,0,0000:1b:00.0,0,"OK",268435456,"bandwidth","H2D",50,7,12105.5,12378.2,13226.6,13263.4,885.278,13310.1,12829.8,458.828,18.7828,18.8488,18.9013,20.1969,1.34806,20.6518,19.511,0.702483,20.2952,13219.8
84,"n23g0021.hpc.itc.rwth-aachen.de",84,"84",7,0,0000:1b:00.0,0,"OK",268435456,"bandwidth","D2H",50,7,26221.7,26887.8,27826.7,29194.8,2306.94,29242.4,27999.3,1181.39,8.54924,8.56317,8.98519,9.29788,0.73471,9.5341,8.94476,0.378479,9.64777,27818.6
84,"n23g0021.hpc.itc.rwth-aachen.de",84,"84",7,1,0000:2c:00.0,2,"OK",4096,"latency","H2D",50,7,14.864,15.1878,15.377,15.5895,0.40175,17.698,15.4808,0.484163,0.215544,0.244697,0.248078,0.25117,0.00647308,0.25664,0.246642,0.00726209,0.266372,8.224
84,"n23g0021.hpc.itc.rwth-aachen.de",84,"84",7,1,0000:2c:00.0,2,"OK",4096,"latency","D2H",50,7,14.864,15.3338,15.5725,15.7045,0.37075,21.885,15.7023,0.953742,0.174306,0.242905,0.244964,0.248779,0.00587395,0.25664,0.243623,0.0113739,0.263028,8.288
84,"n23g0021.hpc.itc.rwth-aachen.de",84,"84",7,1,0000:2c:00.0,2,"OK",16777216,"bandwidth","H2D",50,7,832.997,841.415,844.87,847.114,5.69925,851.794,844.251,4.53358,18.3436,18.445,18.494,18.5699,0.124935,18.7576,18.5081,0.0996098,19.8578,836.912
84,"n23g0021.hpc.itc.rwth-aachen.de",84,"84",7,1,0000:2c:00.0,2,"OK",16777216,"bandwidth","D2H",50,7,1802.17,1813.82,1818.83,1826.04,12.2205,1842.17,1819.99,9.80931,8.48182,8.55678,8.59069,8.61443,0.0576524,8.6701,8.58548,0.046209,9.22418,1810.45
84,"n23g0021.hpc.itc.rwth-aachen.de",84,"84",7,1,0000:2c:00.0,2,"OK",67108864,"bandwidth","H2D",50,7,3287.22,3304.01,3314.14,3324.29,20.281,3341.82,3314.22,14.2897,18.7024,18.801,18.8586,18.9164,0.115406,19.013,18.8585,0.0812996,20.2493,3305.94
84,"n23g0021.hpc.itc.rwth-aachen.de",84,"84",7,1,0000:2c:00.0,2,"OK",67108864,"bandwidth","D2H",50,7,6467.39,6482.9,6489.13,6495.91,13.0058,6515.52,6489.76,10.096,9.59248,9.62144,9.6315,9.64074,0.0193022,9.66386,9.63059,0.0149791,10.3417,6480.98
84,"n23g0021.hpc.itc.rwth-aachen.de",84,"84",7,1,0000:2c:00.0,2,"OK",268435456,"bandwidth","H2D",50,7,12164.3,12438.6,13315.2,13376.6,937.977,13415.4,12914.5,480.912,18.6352,18.6893,18.7756,20.0987,1.40933,20.552,19.3851,0.726012,20.1601,13307.2
84,"n23g0021.hpc.itc.rwth-aachen.de",84,"84",7,1,0000:2c:00.0,2,"OK",268435456,"bandwidth","D2H",50,7,26116.7,26704.2,27833.4,29101.5,2397.39,29158.4,27886.7,1217.63,8.57387,8.59061,8.98957,9.36184,0.771229,9.57242,8.98202,0.393546,9.65247,27825.2
84,"n23g0021.hpc.itc.rwth-aachen.de",84,"84",7,2,0000:9d:00.0,4,"OK",4096,"latency","H2D",50,7,13.319,13.843,14.1655,14.46,0.617,19.259,14.213,0.836191,0.198073,0.26381,0.269295,0.275569,0.0117584,0.28641,0.269155,0.0130614,0.289154,7.568
84,"n23g0021.hpc.itc.rwth-aachen.de",84,"84",7,2,0000:9d:00.0,4,"OK",4096,"latency","D2H",50,7,12.995,13.2685,13.6605,13.9232,0.65475,14.793,13.6737,0.44567,0.257872,0.273981,0.27925,0.2875,0.0135193,0.293551,0.279271,0.0089356,0.299843,7.072
84,"n23g0021.hpc.itc.rwth-aachen.de",84,"84",7,2,0000:9d:00.0,4,"OK",16777216,"bandwidth","H2D",50,7,756.741,822.274,929.459,1071.32,249.047,1308.9,965.364,157.261,11.9375,14.5848,16.8109,19.0156,4.43078,20.6478,16.5974,2.55889,18.0505,922.656
84,"n23g0021.hpc.itc.rwth-aachen.de",84,"84",7,2,0000:9d:00.0,4,"OK",16777216,"bandwidth","D2H",50,7,717.945,800.094,899.56,1036.88,236.787,1266.41,932.765,155.398,12.338,15.0693,17.3697,19.5437,4.47441,21.7635,17.1975,2.71476,18.6506,892.8
84,"n23g0021.hpc.itc.rwth-aachen.de",84,"84",7,2,0000:9d:00.0,4,"OK",67108864,"bandwidth","H2D",50,7,2511.86,2657.85,2659.09,2661.4,3.55325,2816.04,2652.9,43.3209,22.1943,23.4838,23.5043,23.5152,0.0313953,24.882,23.5656,0.392867,25.2375,2652.56
84,"n23g0021.hpc.itc.rwth-aachen.de",84,"84",7,2,0000:9d:00.0,4,"OK",67108864,"bandwidth","D2H",50,7,2413,2541.22,2543.94,2546.35,5.1315,2693.24,2541.92,42.3143,23.2062,24.5449,24.5682,24.5945,0.0495637,25.9014,24.5945,0.40806,26.3799,2537.33
84,"n23g0021.hpc.itc.rwth-aachen.de",84,"84",7,2,0000:9d:00.0,4,"OK",268435456,"bandwidth","H2D",50,7,10345.7,10443.7,10454.5,10481,37.2232,10634.2,10470.5,56.7165,23.509,23.8528,23.9131,23.9378,0.0850149,24.1646,23.8773,0.128488,25.6764,10448
84,"n23g0021.hpc.itc.rwth-aachen.de",84,"84",7,2,0000:9d:00.0,4,"OK",268435456,"bandwidth","D2H",50,7,9925.2,9997.16,10010.3,10025.5,28.3758,10174.7,10018.5,52.0516,24.5707,24.9363,24.9743,25.0071,0.0707788,25.1884,24.9545,0.128791,26.816,10003.7
84,"n23g0021.hpc.itc.rwth-aachen.de",84,"84",7,3,0000:ad:00.0,6,"OK",4096,"latency","H2D",50,7,12.825,13.5585,13.896,14.1657,0.60725,17.194,13.8796,0.634913,0.221862,0.26929,0.274518,0.281351,0.0120608,0.297442,0.275365,0.0115132,0.294762,7.216
84,"n23g0021.hpc.itc.rwth-aachen.de",84,"84",7,3,0000:ad:00.0,6,"OK",4096,"latency","D2H",50,7,13.101,13.5145,13.7565,14.2233,0.70875,31.727,14.2282,2.54625,0.120235,0.268205,0.277302,0.282267,0.0140617,0.291176,0.272244,0.0236667,0.29775,7.392
84,"n23g0021.hpc.itc.rwth-aachen.de",84,"84",7,3,0000:ad:00.0,6,"OK",16777216,"bandwidth","H2D",50,7,608.863,700.798,758.669,877.61,176.812,999.249,781.164,116.316,15.6367,17.832,20.5953,22.296,4.46403,25.6626,20.4285,2.8894,22.114,751.568
84,"n23g0021.hpc.itc.rwth-aachen.de",84,"84",7,3,0000:ad:00.0,6,"OK",16777216,"bandwidth","D2H",50,7,636.512,733.838,794.43,921.554,187.716,1073.51,821.724,125.25,14.555,16.9689,19.6682,21.2922,4.32326,24.5478,19.4396,2.81365,21.1186,787.616
84,"n23g0021.hpc.itc.rwth-aachen.de",84,"84",7,3,0000:ad:00.0,6,"OK",67108864,"bandwidth","H2D",50,7,1850.49,1959.36,1961.39,1964.45,5.08325,1969.02,1948.51,35.6398,31.7416,31.8156,31.8651,31.8981,0.0825404,33.7749,32.087,0.611773,34.2149,1954.66
84,"n23g0021.hpc.itc.rwth-aachen.de",84,"84",7,3,0000:ad:00.0,6,"OK",67108864,"bandwidth","D2H",50,7,1912.09,2027.89,2032.81,2035.69,7.8055,2038.3,2018.72,37.9615,30.6627,30.7021,30.7456,30.8202,0.118175,32.6867,30.9716,0.608765,33.0129,2026.4
84,"n23g0021.hpc.itc.rwth-aachen.de",84,"84",7,3,0000:ad:00.0,6,"OK",268435456,"bandwidth","H2D",50,7,7650.21,7702.87,7770.75,7853.52,150.645,7902.18,7777.35,76.4408,31.6369,31.8329,32.172,32.4554,0.622556,32.6788,32.1477,0.315222,34.5444,7764.16
84,"n23g0021.hpc.itc.rwth-aachen.de",84,"84",7,3,0000:ad:00.0,6,"OK",268435456,"bandwidth","D2H",50,7,7843.44,7926.19,7980.33,8055.36,129.172,8122.95,7987.18,81.7816,30.777,31.0352,31.3271,31.541,0.50577,31.8738,31.3034,0.320184,33.6372,7973.74
85,"n23g0021.hpc.itc.rwth-aachen.de",85,"85",7,0,0000:1b:00.0,0,"OK",4096,"latency","H2D",50,7,14.439,15.055,15.334,15.6873,0.63225,28.499,15.6133,1.89376,0.133854,0.243173,0.248774,0.253385,0.0102124,0.264194,0.246425,0.0176148,0.267119,8.256
85,"n23g0021.hpc.itc.rwth-aachen.de",85,"85",7,0,0000:1b:00.0,0,"OK",4096,"latency","D2H",50,7,14.633,15.0243,15.36,15.7342,0.71,16.874,15.411,0.496226,0.22607,0.242445,0.248353,0.253903,0.0114575,0.260691,0.247783,0.00784606,0.266667,8.24
85,"n23g0021.hpc.itc.rwth-aachen.de",85,"85",7,0,0000:1b:00.0,0,"OK",16777216,"bandwidth","H2D",50,7,826.294,833.399,836.578,839.777,6.37775,844.992,836.597,4.43676,18.4913,18.6061,18.6773,18.7485,0.142384,18.9097,18.6774,0.0991344,20.0546,828.288
85,"n23g0021.hpc.itc.rwth-aachen.de",85,"85",7,0,0000:1b:00.0,0,"OK",16777216,"bandwidth","D2H",50,7,1809.61,1815.3,1819.31,1829.33,14.0348,1840.81,1821.31,8.67937,8.48813,8.54136,8.58843,8.6074,0.0660351,8.63447,8.5792,0.0407706,9.22175,1811.46
85,"n23g0021.hpc.itc.rwth-aachen.de",85,"85",7,0,0000:1b:00.0,0,"OK",67108864,"bandwidth","H2D",50,7,3245.92,3256.14,3262.55,3268.07,11.9312,3290.16,3262.95,9.46457,18.996,19.1245,19.1568,19.1945,0.0700765,19.2549,19.1546,0.0554891,20.5694,3254.62
85,"n23g0021.hpc.itc.rwth-aachen.de",85,"85",7,0,0000:1b:00.0,0,"OK",67108864,"bandwidth","D2H",50,7,6490.02,6507.58,6514.54,6522.95,15.3732,6541.74,6515.02,10.555,9.55403,9.58156,9.59393,9.60419,0.0226351,9.63017,9.59324,0.0155345,10.3014,6506.66
85,"n23g0021.hpc.itc.rwth-aachen.de",85,"85",7,0,0000:1b:00.0,0,"OK",268435456,"bandwidth","H2D",50,7,12202.2,12406.3,13192.7,13241.3,834.979,13266.8,12836.3,421.885,18.8441,18.8804,18.9499,20.1511,1.27071,20.4882,19.4972,0.643686,20.3473,13186
85,"n23g0021.hpc.itc.rwth-aachen.de",85,"85",7,0,0000:1b:00.0,0,"OK",268435456,"bandwidth","D2H",50,7,26193.2,26804.4,28187.6,29216,2411.59,29302.2,27982.7,1246.35,8.53179,8.55697,8.87945,9.32684,0.769872,9.54446,8.95192,0.400229,9.53424,28179.7
85,"n23g0021.hpc.itc.rwth-aachen.de",85,"85",7,1,0000:2c:00.0,2,"OK",4096,"latency","H2D",50,7,14.257,15.077,15.2625,15.5403,0.46325,24.845,15.5593,1.45401,0.15354,0.245472,0.249939,0.253015,0.00754226,0.267567,0.24664,0.0159346,0.26837,8.16
85,"n23g0021.hpc.itc.rwth-aachen.de",85,"85",7,1,0000:2c:00.0,2,"OK",4096,"latency","D2H",50,7,14.413,15.1375,15.4015,15.5633,0.42575,16.212,15.3458,0.416222,0.235301,0.245109,0.247684,0.252003,0.00689396,0.264671,0.248767,0.0067834,0.265948,8.256
85,"n23g0021.hpc.itc.rwth-aachen.de",85,"85",7,1,0000:2c:00.0,2,"OK",16777216,"bandwidth","H2D",50,7,831.232,838.696,840.575,843.561,4.86525,855.082,840.892,4.45992,18.2731,18.5227,18.5885,18.6301,0.107457,18.7974,18.582,0.0985139,19.9592,832.544
85,"n23g0021.hpc.itc.rwth-aachen.de",85,"85",7,1,0000:2c:00.0,2,"OK",16777216,"bandwidth","D2H",50,7,1799.75,1805.31,1809.73,1820.6,15.2968,1834.69,1813.1,9.88391,8.51642,8.58233,8.6339,8.65505,0.0727201,8.68177,8.61807,0.0468289,9.27058,1801.34
85,"n23g0021.hpc.itc.rwth-aachen.de",85,"85",7,1,0000:2c:00.0,2,"OK",67108864,"bandwidth","H2D",50,7,3292.3,3309.66,3318.37,3325.99,16.3275,3342.91,3318.31,12.1845,18.6963,18.7914,18.8345,18.8841,0.092704,18.9837,18.8351,0.0691658,20.2234,3310.94
85,"n23g0021.hpc.itc.rwth-aachen.de",85,"85",7,1,0000:2c:00.0,2,"OK",67108864,"bandwidth","D2H",50,7,6476.25,6485.92,6494.66,6499.42,13.5082,6515.12,6493.7,10.2297,9.59307,9.61624,9.62329,9.63627,0.0200278,9.65064,9.62474,0.0151541,10.3329,6486.7
85,"n23g0021.hpc.itc.rwth-aachen.de",85,"85",7,1,0000:2c:00.0,2,"OK",268435456,"bandwidth","H2D",50,7,12178.3,12427.6,13328.6,13366.6,938.999,13424.1,12911.7,482.407,18.6232,18.7034,18.7566,20.1165,1.41318,20.5284,19.3895,0.728179,20.1398,13320.7
85,"n23g0021.hpc.itc.rwth-aachen.de",85,"85",7,1,0000:2c:00.0,2,"OK",268435456,"bandwidth","D2H",50,7,26075,26663.7,27140.7,29090.2,2426.45,29184.4,27677.3,1232.34,8.56621,8.59397,9.21133,9.37604,0.782068,9.58774,9.0505,0.400747,9.89059,27132
85,"n23g0021.hpc.itc.rwth-aachen.de",85,"85",7,2,0000:9d:00.0,4,"OK",4096,"latency","H2D",50,7,13.306,13.6472,14.018,14.5177,0.8705,17.255,14.1315,0.647452,0.221078,0.262761,0.272128,0.279521,0.0167604,0.28669,0.270465,0.0114629,0.292196,7.424
85,"n23g0021.hpc.itc.rwth-aachen.de",85,"85",7,2,0000:9d:00.0,4,"OK",4096,"latency","D2H",50,7,12.947,13.4395,13.797,13.9817,0.54225,14.782,13.7388,0.405816,0.258064,0.272834,0.276487,0.283842,0.0110082,0.294639,0.277899,0.00816774,0.296876,7.296
85,"n23g0021.hpc.itc.rwth-aachen.de",85,"85",7,2,0000:9d:00.0,4,"OK",16777216,"bandwidth","H2D",50,7,757.198,847.084,928.893,1071.13,224.049,1306.03,969.171,156.614,11.9638,14.5874,16.8211,18.4476,3.86022,20.6353,16.5228,2.51089,18.0615,922.096
85,"n23g0021.hpc.itc.rwth-aachen.de",85,"85",7,2,0000:9d:00.0,4,"OK",16777216,"bandwidth","D2H",50,7,715.106,833.488,892.048,1032.97,199.479,1259.63,929.14,152.497,12.4044,15.1266,17.5159,18.7465,3.61987,21.8499,17.2514,2.68513,18.8075,885.328
85,"n23g0021.hpc.itc.rwth-aachen.de",85,"85",7,2,0000:9d:00.0,4,"OK",67108864,"bandwidth","H2D",50,7,2506.74,2657.86,2660,2661.59,3.727,2818.08,2657.15,45.0291,22.1783,23.4822,23.4963,23.5151,0.0329281,24.9328,23.5282,0.399306,25.2289,2653.42
85,"n23g0021.hpc.itc.rwth-aachen.de",85,"85",7,2,0000:9d:00.0,4,"OK",67108864,"bandwidth","D2H",50,7,2416.47,2539.91,2542.73,2545.74,5.8335,2689.94,2533.86,49.1911,23.2347,24.5508,24.5799,24.6072,0.0563867,25.8642,24.6752,0.480688,26.3925,2536.38
85,"n23g0021.hpc.itc.rwth-aachen.de",85,"85",7,2,0000:9d:00.0,4,"OK",268435456,"bandwidth","H2D",50,7,10363.8,10442.1,10453.7,10482.7,40.6298,10634.1,10469.5,58.6034,23.5093,23.8488,23.9149,23.9415,0.0927759,24.1225,23.8797,0.132881,25.6785,10447
85,"n23g0021.hpc.itc.rwth-aachen.de",85,"85",7,2,0000:9d:00.0,4,"OK",268435456,"bandwidth","D2H",50,7,9920.1,9981.06,10001.1,10022.8,41.7565,10166.2,10008.3,51.4748,24.5912,24.9431,24.9973,25.0474,0.10435,25.2013,24.9798,0.12768,26.8406,9994.4
85,"n23g0021.hpc.itc.rwth-aachen.de",85,"85",7,3,0000:ad:00.0,6,"OK",4096,"latency","H2D",50,7,12.911,13.4232,13.8955,14.167,0.74375,16.76,13.8841,0.622536,0.227607,0.269266,0.274528,0.284188,0.0149213,0.295461,0.275271,0.0115918,0.294772,7.408
85,"n23g0021.hpc.itc.rwth-aachen.de",85,"85",7,3,0000:ad:00.0,6,"OK",4096,"latency","D2H",50,7,12.867,13.339,13.856,14.0408,0.70175,17.045,13.8595,0.773409,0.223802,0.271688,0.27531,0.285981,0.0142931,0.296471,0.275999,0.0136345,0.295612,7.264
85,"n23g0021.hpc.itc.rwth-aachen.de",85,"85",7,3,0000:ad:00.0,6,"OK",16777216,"bandwidth","H2D",50,7,606.315,700.965,755.263,896.802,195.837,1119.6,788.279,123.046,13.9559,17.423,20.6882,22.2907,4.86767,25.7704,20.2789,2.96328,22.2138,748.624
85,"n23g0021.hpc.itc.rwth-aachen.de",85,"85",7,3,0000:ad:00.0,6,"OK",16777216,"bandwidth","D2H",50,7,630.141,725.279,781.51,934.898,209.62,1099.85,820.647,126.163,14.2065,16.7131,19.9933,21.5435,4.8304,24.796,19.4714,2.83331,21.4677,775.184
85,"n23g0021.hpc.itc.rwth-aachen.de",85,"85",7,3,0000:ad:00.0,6,"OK",67108864,"bandwidth","H2D",50,7,1846.09,1953.48,1957.9,1961.73,8.2525,2378.5,1947.94,74.166,26.2771,31.8596,31.922,31.9942,0.134591,33.8554,32.1268,1.0991,34.276,1951.25
85,"n23g0021.hpc.itc.rwth-aachen.de",85,"85",7,3,0000:ad:00.0,6,"OK",67108864,"bandwidth","D2H",50,7,1908.36,2024.35,2031.15,2035.37,11.021,2361.27,2020.37,64.776,26.4688,30.707,30.7708,30.8741,0.167176,32.7506,30.9648,0.938676,33.0399,2024.48
85,"n23g0021.hpc.itc.rwth-aachen.de",85,"85",7,3,0000:ad:00.0,6,"OK",268435456,"bandwidth","H2D",50,7,7617.1,7704.2,7743.2,7810.83,106.621,7885.05,7758.45,65.672,31.7056,32.0069,32.2864,32.4498,0.442953,32.8209,32.2252,0.272246,34.6673,7736.42
85,"n23g0021.hpc.itc.rwth-aachen.de",85,"85",7,3,0000:ad:00.0,6,"OK",268435456,"bandwidth","D2H",50,7,7866.11,7936,7977.3,8065.49,129.495,8127.37,7999.53,73.9882,30.7603,30.9962,31.3389,31.502,0.505779,31.7819,31.2545,0.288157,33.6499,7970.51
86,"n23g0021.hpc.itc.rwth-aachen.de",86,"86",7,0,0000:1b:00.0,0,"OK",4096,"latency","H2D",50,7,14.334,15.1595,15.413,15.6975,0.538,31.194,15.7677,2.26864,0.122289,0.243013,0.247499,0.251637,0.00862436,0.266129,0.244661,0.0193963,0.26575,8.4
86,"n23g0021.hpc.itc.rwth-aachen.de",86,"86",7,0,0000:1b:00.0,0,"OK",4096,"latency","D2H",50,7,14.145,14.9387,15.212,15.4972,0.5585,16.171,15.1811,0.451548,0.235897,0.246153,0.250769,0.255356,0.0092027,0.269685,0.251503,0.00754059,0.269261,8.016
86,"n23g0021.hpc.itc.rwth-aachen.de",86,"86",7,0,0000:1b:00.0,0,"OK",16777216,"bandwidth","H2D",50,7,825.421,834.158,837.131,841.727,7.569,846.017,837.635,4.7813,18.4689,18.563,18.6649,18.7315,0.168436,18.9297,18.6543,0.106619,20.0413,829.904
86,"n23g0021.hpc.itc.rwth-aachen.de",86,"86",7,0,0000:1b:00.0,0,"OK",16777216,"bandwidth","D2H",50,7,1812.29,1816.43,1821.1,1829.47,13.04,1843.27,1824.03,9.40433,8.47677,8.54074,8.57999,8.60205,0.0613098,8.62171,8.56641,0.0439972,9.21269,1812.61
86,"n23g0021.hpc.itc.rwth-aachen.de",86,"86",7,0,0000:1b:00.0,0,"OK",67108864,"bandwidth","H2D",50,7,3245.69,3260,3265.22,3271.78,11.7778,3290.82,3265.48,8.57693,18.9922,19.1028,19.1411,19.1718,0.0690147,19.2563,19.1397,0.0502356,20.5526,3257.28
86,"n23g0021.hpc.itc.rwth-aachen.de",86,"86",7,0,0000:1b:00.0,0,"OK",67108864,"bandwidth","D2H",50,7,6486.74,6507.24,6516.65,6523.12,15.8813,6537.07,6514.83,11.8062,9.56086,9.58131,9.59082,9.60469,0.0233837,9.63505,9.59353,0.0173942,10.2981,6508.61
86,"n23g0021.hpc.itc.rwth-aachen.de",86,"86",7,0,0000:1b:00.0,0,"OK",268435456,"bandwidth","H2D",50,7,12195.1,12348.4,13216.2,13255.2,906.779,13292.9,12820.7,455.91,18.8071,18.8606,18.9162,20.2456,1.385,20.5,19.5246,0.697588,20.3111,13209.5
86,"n23g0021.hpc.itc.rwth-aachen.de",86,"86",7,0,0000:1b:00.0,0,"OK",268435456,"bandwidth","D2H",50,7,26195.1,26793.3,27436.1,29185,2391.73,29262.5,27849.7,1232.08,8.54334,8.56605,9.11332,9.3307,0.764657,9.54375,8.99435,0.397674,9.78535,27428.6
86,"n23g0021.hpc.itc.rwth-aachen.de",86,"86",7,1,0000:2c:00.0,2,"OK",4096,"latency","H2D",50,7,13.937,15.2615,15.471,15.7345,0.473,33.47,16.0198,2.68293,0.113974,0.242442,0.246571,0.249956,0.00751487,0.27371,0.241785,0.0226169,0.264753,8.192
86,"n23g0021.hpc.itc.rwth-aachen.de",86,"86",7,1,0000:2c:00.0,2,"OK",4096,"latency","D2H",50,7,14.439,15.1318,15.4225,15.7308,0.599,18.556,15.475,0.617626,0.205578,0.2425,0.247346,0.252099,0.00959945,0.264194,0.24687,0.00915988,0.265586,8.288
86,"n23g0021.hpc.itc.rwth-aachen.de",86,"86",7,1,0000:2c:00.0,2,"OK",16777216,"bandwidth","H2D",50,7,830.948,839.743,843.057,847.093,7.3505,856.961,843.153,5.23928,18.233,18.4454,18.5338,18.6069,0.161458,18.8038,18.5323,0.114991,19.9005,835.088
86,"n23g0021.hpc.itc.rwth-aachen.de",86,"86",7,1,0000:2c:00.0,2,"OK",16777216,"bandwidth","D2H",50,7,1797.96,1805.75,1811.04,1822.68,16.9248,1838.04,1814.02,10.7401,8.50091,8.57255,8.62766,8.6529,0.0803426,8.69038,8.61377,0.0508126,9.26388,1802.7
86,"n23g0021.hpc.itc.rwth-aachen.de",86,"86",7,1,0000:2c:00.0,2,"OK",67108864,"bandwidth","H2D",50,7,3295.03,3310.33,3316.99,3323.12,12.7927,3334.99,3316.77,8.99893,18.7407,18.8076,18.8424,18.8803,0.0726826,18.968,18.8438,0.0511281,20.2318,3308.75
86,"n23g0021.hpc.itc.rwth-aachen.de",86,"86",7,1,0000:2c:00.0,2,"OK",67108864,"bandwidth","D2H",50,7,6467.18,6484.76,6493.8,6500.32,15.5593,6521.77,6492.8,11.2778,9.58328,9.61491,9.62457,9.63798,0.0230696,9.66418,9.62608,0.0167168,10.3343,6485.44
86,"n23g0021.hpc.itc.rwth-aachen.de",86,"86",7,1,0000:2c:00.0,2,"OK",268435456,"bandwidth","H2D",50,7,12311.3,12443.6,13317.9,13362.9,919.294,13430.8,12926.5,461.449,18.6139,18.7085,18.7717,20.0907,1.38216,20.3066,19.3649,0.694332,20.156,13309.8
86,"n23g0021.hpc.itc.rwth-aachen.de",86,"86",7,1,0000:2c:00.0,2,"OK",268435456,"bandwidth","D2H",50,7,26118.3,26602.6,26958.5,29096.5,2493.85,29159.7,27688.3,1245.56,8.57349,8.5921,9.27359,9.39756,0.805464,9.57183,9.04728,0.4044,9.95744,26949.7
86,"n23g0021.hpc.itc.rwth-aachen.de",86,"86",7,2,0000:9d:00.0,4,"OK",4096,"latency","H2D",50,7,13.111,13.8435,14.1655,14.4143,0.57075,21.962,14.3916,1.35873,0.173695,0.264648,0.269295,0.275559,0.0109111,0.290954,0.266821,0.0188301,0.289154,7.456
86,"n23g0021.hpc.itc.rwth-aachen.de",86,"86",7,2,0000:9d:00.0,4,"OK",4096,"latency","D2H",50,7,12.726,13.3455,13.6975,13.9973,0.65175,14.791,13.6632,0.457828,0.257907,0.272532,0.278496,0.285841,0.0133094,0.299756,0.279507,0.00934004,0.299033,7.024
86,"n23g0021.hpc.itc.rwth-aachen.de",86,"86",7,2,0000:9d:00.0,4,"OK",16777216,"bandwidth","H2D",50,7,754.804,821.938,926.838,1071.68,249.743,1311.3,967.793,160.903,11.9156,14.5799,16.8584,19.0236,4.44369,20.7007,16.5725,2.60449,18.1016,919.984
86,"n23g0021.hpc.itc.rwth-aachen.de",86,"86",7,2,0000:9d:00.0,4,"OK",16777216,"bandwidth","D2H",50,7,714.123,809.305,897.041,1029.34,220.033,1263.94,930.748,153.534,12.3621,15.1797,17.4184,19.3146,4.13493,21.88,17.2272,2.70072,18.7029,890.272
86,"n23g0021.hpc.itc.rwth-aachen.de",86,"86",7,2,0000:9d:00.0,4,"OK",67108864,"bandwidth","H2D",50,7,2511.81,2657.31,2660.13,2662.6,5.29025,2817.84,2657.65,46.4133,22.1801,23.4733,23.4951,23.52,0.0467319,24.8824,23.5242,0.412179,25.2277,2653.49
86,"n23g0021.hpc.itc.rwth-aachen.de",86,"86",7,2,0000:9d:00.0,4,"OK",67108864,"bandwidth","D2H",50,7,2409.39,2538.1,2542.13,2543.72,5.6215,2690.7,2538.62,43.1946,23.2281,24.5703,24.5857,24.6247,0.0544193,25.9402,24.6268,0.418112,26.3987,2535.3
86,"n23g0021.hpc.itc.rwth-aachen.de",86,"86",7,2,0000:9d:00.0,4,"OK",268435456,"bandwidth","H2D",50,7,10371.5,10438.6,10454.1,10497.4,58.798,10639.7,10468.1,56.3977,23.4969,23.8155,23.914,23.9496,0.134145,24.1046,23.8828,0.128065,25.6774,10447.5
86,"n23g0021.hpc.itc.rwth-aachen.de",86,"86",7,2,0000:9d:00.0,4,"OK",268435456,"bandwidth","D2H",50,7,9922.8,9958.12,9999.45,10016.9,58.7503,10153.3,10000.1,51.9063,24.6226,24.9579,25.0014,25.1051,0.147245,25.1945,25.0005,0.129148,26.845,9992.56
86,"n23g0021.hpc.itc.rwth-aachen.de",86,"86",7,3,0000:ad:00.0,6,"OK",4096,"latency","H2D",50,7,12.862,13.4117,13.838,14.0915,0.67975,22.394,13.9629,1.33257,0.170345,0.270709,0.27567,0.28443,0.0137205,0.296587,0.274922,0.0183244,0.295999,7.328
86,"n23g0021.hpc.itc.rwth-aachen.de",86,"86",7,3,0000:ad:00.0,6,"OK",4096,"latency","D2H",50,7,12.85,13.3202,13.587,13.9898,0.6695,21.282,13.8152,1.15329,0.179245,0.272678,0.280761,0.286383,0.0137053,0.296864,0.277485,0.0165713,0.301465,7.168
86,"n23g0021.hpc.itc.rwth-aachen.de",86,"86",7,3,0000:ad:00.0,6,"OK",16777216,"bandwidth","H2D",50,7,605.667,697.673,753.492,872.536,174.863,995.611,776.345,116.272,15.6939,17.9354,20.7368,22.3959,4.4605,25.798,20.5611,2.93064,22.2659,746.976
86,"n23g0021.hpc.itc.rwth-aachen.de",86,"86",7,3,0000:ad:00.0,6,"OK",16777216,"bandwidth","D2H",50,7,622.151,723.104,777.519,925.051,201.947,1050.39,809.763,122.591,14.8755,16.8917,20.096,21.6082,4.71656,25.1145,19.7226,2.84595,21.5779,771.024
86,"n23g0021.hpc.itc.rwth-aachen.de",86,"86",7,3,0000:ad:00.0,6,"OK",67108864,"bandwidth","H2D",50,7,1848.57,1955.06,1957.53,1959.29,4.22375,1963.09,1938.91,40.9346,31.8375,31.8994,31.928,31.9683,0.068917,33.8099,32.2495,0.705547,34.2824,1951.2
86,"n23g0021.hpc.itc.rwth-aachen.de",86,"86",7,3,0000:ad:00.0,6,"OK",67108864,"bandwidth","D2H",50,7,1910.59,2025.47,2031.71,2034.64,9.17425,2036.18,2010.4,44.2973,30.6948,30.7179,30.7622,30.8571,0.139136,32.7124,31.104,0.710964,33.0307,2025.3
86,"n23g0021.hpc.itc.rwth-aachen.de",86,"86",7,3,0000:ad:00.0,6,"OK",268435456,"bandwidth","H2D",50,7,7441.29,7697.13,7724.24,7840.57,143.442,7896.42,7749.39,91.8606,31.6599,31.8854,32.3657,32.4796,0.594211,33.5963,32.2652,0.384284,34.7524,7717.76
86,"n23g0021.hpc.itc.rwth-aachen.de",86,"86",7,3,0000:ad:00.0,6,"OK",268435456,"bandwidth","D2H",50,7,7642.69,7924.6,7972.16,8054.7,130.099,8126.11,7983.17,96.9101,30.765,31.0378,31.3591,31.5473,0.509548,32.711,31.3205,0.3834,33.6716,7965.79
87,"n23g0021.hpc.itc.rwth-aachen.de",87,"87",7,0,0000:1b:00.0,0,"OK",4096,"latency","H2D",50,7,14.109,15.1205,15.422,15.865,0.7445,24.236,15.7441,1.55042,0.157398,0.240447,0.247356,0.252287,0.0118397,0.270373,0.244042,0.0180134,0.265596,8.368
87,"n23g0021.hpc.itc.rwth-aachen.de",87,"87",7,0,0000:1b:00.0,0,"OK",4096,"latency","D2H",50,7,14.405,15.1575,15.3805,15.5875,0.43,16.594,15.4067,0.434727,0.229884,0.244728,0.248022,0.251671,0.0069429,0.264818,0.247795,0.00694457,0.266311,8.128
87,"n23g0021.hpc.itc.rwth-aachen.de",87,"87",7,0,0000:1b:00.0,0,"OK",16777216,"bandwidth","H2D",50,7,826.816,832.938,835.827,837.104,4.166,847.418,835.832,4.11745,18.4384,18.6655,18.6941,18.7589,0.093357,18.8978,18.6944,0.0919335,20.0726,828.016
87,"n23g0021.hpc.itc.rwth-aachen.de",87,"87",7,0,0000:1b:00.0,0,"OK",16777216,"bandwidth","D2H",50,7,1807.02,1818.6,1822.39,1830.03,11.4332,1843.58,1824.79,8.46083,8.47534,8.53811,8.57391,8.59178,0.0536749,8.64682,8.56282,0.0395953,9.20616,1814.29
87,"n23g0021.hpc.itc.rwth-aachen.de",87,"87",7,0,0000:1b:00.0,0,"OK",67108864,"bandwidth","H2D",50,7,3244.82,3265.58,3272.3,3278.37,12.789,3286.87,3270.72,9.32482,19.0151,19.0644,19.0997,19.139,0.0746621,19.2614,19.1091,0.0545692,20.5082,3264.24
87,"n23g0021.hpc.itc.rwth-aachen.de",87,"87",7,0,0000:1b:00.0,0,"OK",67108864,"bandwidth","D2H",50,7,6494.7,6505.69,6512.88,6522.83,17.1415,6537.46,6514.67,11.2005,9.56029,9.58172,9.59637,9.60697,0.0252464,9.62323,9.59377,0.0164869,10.304,6504.93
87,"n23g0021.hpc.itc.rwth-aachen.de",87,"87",7,0,0000:1b:00.0,0,"OK",268435456,"bandwidth","H2D",50,7,12197,12405.1,13116.8,13236.6,831.458,13284.4,12821.5,430.133,18.8191,18.8871,19.0601,20.153,1.26591,20.4969,19.5206,0.657654,20.4656,13109.2
87,"n23g0021.hpc.itc.rwth-aachen.de",87,"87",7,0,0000:1b:00.0,0,"OK",268435456,"bandwidth","D2H",50,7,23975.7,26678.5,27097.5,29207.2,2528.71,29285,27711.2,1358.06,8.53678,8.55953,9.22621,9.37085,0.811315,10.4272,9.04362,0.44943,9.90656,27089.9
87,"n23g0021.hpc.itc.rwth-aachen.de",87,"87",7,1,0000:2c:00.0,2,"OK",4096,"latency","H2D",50,7,14.63,15.318,15.5425,15.8477,0.52975,28.395,15.8367,1.84658,0.134344,0.240709,0.245437,0.249035,0.00832639,0.260745,0.242819,0.0169018,0.263536,8.272
87,"n23g0021.hpc.itc.rwth-aachen.de",87,"87",7,1,0000:2c:00.0,2,"OK",4096,"latency","D2H",50,7,14.862,15.1338,15.455,15.8107,0.677,20.218,15.5835,0.784344,0.188678,0.241272,0.246826,0.252066,0.0107935,0.256675,0.245313,0.0104549,0.265028,8.304
87,"n23g0021.hpc.itc.rwth-aachen.de",87,"87",7,1,0000:2c:00.0,2,"OK",16777216,"bandwidth","H2D",50,7,833.928,838.091,841.038,843.842,5.7515,852.93,841.472,4.33267,18.3192,18.5165,18.5782,18.6436,0.127076,18.7366,18.5691,0.0953649,19.9482,833.184
87,"n23g0021.hpc.itc.rwth-aachen.de",87,"87",7,1,0000:2c:00.0,2,"OK",16777216,"bandwidth","D2H",50,7,1795.18,1806.17,1809.39,1818.5,12.3302,1831,1811.95,9.14596,8.53357,8.59226,8.63551,8.65092,0.0586564,8.70387,8.62351,0.0434349,9.27231,1801.65
87,"n23g0021.hpc.itc.rwth-aachen.de",87,"87",7,1,0000:2c:00.0,2,"OK",67108864,"bandwidth","H2D",50,7,3300.07,3312.03,3320.18,3328.2,16.174,3335.16,3319.41,10.0047,18.7397,18.7789,18.8243,18.8706,0.0917051,18.939,18.8288,0.0567808,20.2124,3312.05
87,"n23g0021.hpc.itc.rwth-aachen.de",87,"87",7,1,0000:2c:00.0,2,"OK",67108864,"bandwidth","D2H",50,7,6458.07,6487.55,6495.77,6500.52,12.97,6513.36,6493.55,10.8561,9.59566,9.61462,9.62164,9.63384,0.0192217,9.67781,9.62497,0.0161131,10.3312,6487.79
87,"n23g0021.hpc.itc.rwth-aachen.de",87,"87",7,1,0000:2c:00.0,2,"OK",268435456,"bandwidth","H2D",50,7,12178.7,12481.5,13335.7,13382.4,900.925,13451.2,12935.6,468.522,18.5857,18.6813,18.7467,20.0297,1.34844,20.5276,19.352,0.705049,20.1291,13327.6
87,"n23g0021.hpc.itc.rwth-aachen.de",87,"87",7,1,0000:2c:00.0,2,"OK",268435456,"bandwidth","D2H",50,7,24685.3,26611,27255.3,29101.8,2490.83,29146.7,27736.6,1318.06,8.57732,8.59054,9.17317,9.39462,0.804087,10.1275,9.03391,0.432512,9.84962,27247.1
87,"n23g0021.hpc.itc.rwth-aachen.de",87,"87",7,2,0000:9d:00.0,4,"OK",4096,"latency","H2D",50,7,12.807,13.2278,13.6175,13.849,0.62125,17.036,13.6088,0.617423,0.22392,0.275449,0.280132,0.288387,0.0129376,0.29786,0.280822,0.0113361,0.300789,7.168
87,"n23g0021.hpc.itc.rwth-aachen.de",87,"87",7,2,0000:9d:00.0,4,"OK",4096,"latency","D2H",50,7,12.127,12.866,13.181,13.4492,0.58325,18.778,13.2888,0.893148,0.203147,0.283637,0.289409,0.296495,0.0128579,0.314562,0.288078,0.0153147,0.310751,6.784
87,"n23g0021.hpc.itc.rwth-aachen.de",87,"87",7,2,0000:9d:00.0,4,"OK",16777216,"bandwidth","H2D",50,7,755.833,807.217,894.922,994.147,186.93,1179.42,919.472,132.386,13.2481,15.717,17.4797,19.3566,3.63963,20.6726,17.334,2.38555,18.7686,888.288
87,"n23g0021.hpc.itc.rwth-aachen.de",87,"87",7,2,0000:9d:00.0,4,"OK",16777216,"bandwidth","D2H",50,7,714.941,765.827,870.444,951.194,185.367,1136.08,880.96,130.243,13.7535,16.427,17.9535,20.4028,3.97576,21.855,18.1122,2.56571,19.2774,864.064
87,"n23g0021.hpc.itc.rwth-aachen.de",87,"87",7,2,0000:9d:00.0,4,"OK",67108864,"bandwidth","H2D",50,7,2505.13,2656.83,2659.14,2659.94,3.10625,2687.62,2645.38,41.2438,23.2548,23.4968,23.5039,23.5242,0.0274715,24.9488,23.6321,0.38499,25.2371,2652.42
87,"n23g0021.hpc.itc.rwth-aachen.de",87,"87",7,2,0000:9d:00.0,4,"OK",67108864,"bandwidth","D2H",50,7,2412.98,2537.21,2542.07,2544.71,7.5,2549.83,2531.96,32.6662,24.5115,24.5607,24.5863,24.6333,0.0726082,25.9016,24.6887,0.331138,26.3993,2535.5
87,"n23g0021.hpc.itc.rwth-aachen.de",87,"87",7,2,0000:9d:00.0,4,"OK",268435456,"bandwidth","H2D",50,7,10367.3,10436.9,10447.8,10487.8,50.9533,10640.4,10467,67.495,23.4953,23.8371,23.9285,23.9535,0.116373,24.1143,23.8855,0.152952,25.693,10441.3
87,"n23g0021.hpc.itc.rwth-aachen.de",87,"87",7,2,0000:9d:00.0,4,"OK",268435456,"bandwidth","D2H",50,7,9916.24,9958.97,10001.5,10010.7,51.7298,10173.6,9999.78,53.609,24.5734,24.9733,24.9962,25.103,0.129719,25.2112,25.0013,0.133218,26.8394,9995.07
87,"n23g0021.hpc.itc.rwth-aachen.de",87,"87",7,3,0000:ad:00.0,6,"OK",4096,"latency","H2D",50,7,12.881,13.5525,13.804,14.1173,0.56475,16.711,13.8579,0.549194,0.228275,0.270216,0.276349,0.281476,0.0112601,0.296149,0.275669,0.0100576,0.296727,7.44
87,"n23g0021.hpc.itc.rwth-aachen.de",87,"87",7,3,0000:ad:00.0,6,"OK",4096,"latency","D2H",50,7,12.726,13.282,13.711,13.9768,0.69475,14.578,13.6679,0.424805,0.261675,0.272932,0.278222,0.28721,0.0142784,0.299756,0.27937,0.00875254,0.298739,7.248
87,"n23g0021.hpc.itc.rwth-aachen.de",87,"87",7,3,0000:ad:00.0,6,"OK",16777216,"bandwidth","H2D",50,7,606.994,700.095,754.882,875.461,175.366,996.802,780.035,114.916,15.6751,17.8763,20.6986,22.3184,4.44212,25.7416,20.4484,2.85771,22.2249,748.768
87,"n23g0021.hpc.itc.rwth-aachen.de",87,"87",7,3,0000:ad:00.0,6,"OK",16777216,"bandwidth","D2H",50,7,631.858,722.247,776.996,917.706,195.459,1044.73,812.005,118.156,14.956,17.0307,20.1095,21.6339,4.6032,24.7287,19.6338,2.71225,21.5924,770.368
87,"n23g0021.hpc.itc.rwth-aachen.de",87,"87",7,3,0000:ad:00.0,6,"OK",67108864,"bandwidth","H2D",50,7,1842.68,1949.84,1951.92,1954.3,4.46675,1958.39,1937.65,37.3706,31.914,31.9807,32.0198,32.054,0.0732621,33.918,32.268,0.648134,34.381,1945.39
87,"n23g0021.hpc.itc.rwth-aachen.de",87,"87",7,3,0000:ad:00.0,6,"OK",67108864,"bandwidth","D2H",50,7,1909.18,2025.51,2031.29,2035.14,9.631,2037.58,2013.53,42.0788,30.6737,30.7104,30.7686,30.8564,0.146023,32.7365,31.0541,0.674884,33.0375,2024.69
87,"n23g0021.hpc.itc.rwth-aachen.de",87,"87",7,3,0000:ad:00.0,6,"OK",268435456,"bandwidth","H2D",50,7,7444.4,7706.82,7740.72,7810.37,103.548,7888.71,7756.49,81.7908,31.6909,32.0087,32.2967,32.4388,0.430045,33.5823,32.2347,0.342532,34.6784,7734.29
87,"n23g0021.hpc.itc.rwth-aachen.de",87,"87",7,3,0000:ad:00.0,6,"OK",268435456,"bandwidth","D2H",50,7,7644.95,7916.37,7949.31,8037.58,121.21,8132.31,7970.81,95.4964,30.7416,31.1039,31.4493,31.5801,0.476225,32.7013,31.369,0.377891,33.7684,7942.62
88,"n23g0021.hpc.itc.rwth-aachen.de",88,"88",7,0,0000:1b:00.0,0,"OK",4096,"latency","H2D",50,7,14.201,15.1247,15.3275,15.5408,0.416,26.68,15.5784,1.66271,0.14298,0.245465,0.248879,0.252216,0.00675101,0.268622,0.246632,0.0167937,0.267232,8.304
88,"n23g0021.hpc.itc.rwth-aachen.de",88,"88",7,0,0000:1b:00.0,0,"OK",4096,"latency","D2H",50,7,13.738,14.7817,15.087,15.3122,0.5305,27.679,15.2946,1.83865,0.137819,0.249127,0.252847,0.258068,0.00894066,0.277675,0.251574,0.0183602,0.271492,7.984
88,"n23g0021.hpc.itc.rwth-aachen.de",88,"88",7,0,0000:1b:00.0,0,"OK",16777216,"bandwidth","H2D",50,7,826.749,833.877,836.404,840.303,6.42525,855.745,837.036,5.22324,18.2589,18.5945,18.6812,18.7378,0.143275,18.8993,18.6678,0.115982,20.0587,828.768
88,"n23g0021.hpc.itc.rwth-aachen.de",88,"88",7,0,0000:1b:00.0,0,"OK",16777216,"bandwidth","D2H",50,7,1804.53,1812.26,1817.65,1828.13,15.8672,1843.97,1820.24,10.4603,8.47355,8.54698,8.59625,8.62181,0.0748302,8.65879,8.58432,0.0491652,9.23016,1809.9
88,"n23g0021.hpc.itc.rwth-aachen.de",88,"88",7,0,0000:1b:00.0,0,"OK",67108864,"bandwidth","H2D",50,7,3233.95,3248.82,3257.47,3266.43,17.6173,3282.17,3256.76,11.1701,19.0423,19.134,19.1867,19.2378,0.103757,19.3262,19.1911,0.0658642,20.6016,3249.82
88,"n23g0021.hpc.itc.rwth-aachen.de",88,"88",7,0,0000:1b:00.0,0,"OK",67108864,"bandwidth","D2H",50,7,6449.35,6465.85,6475.34,6483.12,17.2717,6508.12,6474.88,12.5048,9.60339,9.64042,9.65201,9.66617,0.0257519,9.6909,9.65273,0.0186398,10.3638,6467.87
88,"n23g0021.hpc.itc.rwth-aachen.de",88,"88",7,0,0000:1b:00.0,0,"OK",268435456,"bandwidth","H2D",50,7,12044.9,12348.5,13067.3,13240.9,892.395,13275.3,12796.1,455.449,18.8319,18.8809,19.1318,20.2454,1.36448,20.7556,19.5621,0.700353,20.5426,13059.7
88,"n23g0021.hpc.itc.rwth-aachen.de",88,"88",7,0,0000:1b:00.0,0,"OK",268435456,"bandwidth","D2H",50,7,23956.7,26681.2,26953.2,29174.8,2493.56,29245.5,27581.2,1429.4,8.54834,8.56905,9.27535,9.3699,0.800844,10.4355,9.08895,0.479785,9.95933,26945.4
88,"n23g0021.hpc.itc.rwth-aachen.de",88,"88",7,1,0000:2c:00.0,2,"OK",4096,"latency","H2D",50,7,14.634,15.27,15.453,15.6665,0.3965,18.94,15.5344,0.615206,0.20141,0.243494,0.246858,0.249817,0.00632287,0.260674,0.245907,0.0086688,0.265062,8.144
88,"n23g0021.hpc.itc.rwth-aachen.de",88,"88",7,1,0000:2c:00.0,2,"OK",4096,"latency","D2H",50,7,14.43,14.967,15.2155,15.5412,0.57425,23.387,15.5653,1.51981,0.163112,0.245456,0.250712,0.254875,0.00941849,0.264359,0.246777,0.0175562,0.2692,8.08
88,"n23g0021.hpc.itc.rwth-aachen.de",88,"88",7,1,0000:2c:00.0,2,"OK",16777216,"bandwidth","H2D",50,7,832.275,842.792,847.213,851.636,8.8445,858.372,846.98,5.48318,18.2031,18.347,18.4428,18.5396,0.192533,18.7738,18.4487,0.119669,19.8028,838.88
88,"n23g0021.hpc.itc.rwth-aachen.de",88,"88",7,1,0000:2c:00.0,2,"OK",16777216,"bandwidth","D2H",50,7,1796.33,1805.1,1808.31,1815.09,9.9885,1835.57,1810.67,8.49361,8.51234,8.60841,8.64068,8.65605,0.0476333,8.6983,8.62961,0.0403105,9.27786,1799.33
88,"n23g0021.hpc.itc.rwth-aachen.de",88,"88",7,1,0000:2c:00.0,2,"OK",67108864,"bandwidth","H2D",50,7,3300.02,3311.8,3316.92,3322.92,11.121,3337.88,3317.05,8.5219,18.7245,18.8088,18.8428,18.8719,0.0631588,18.9393,18.8422,0.0483751,20.2323,3308.86
88,"n23g0021.hpc.itc.rwth-aachen.de",88,"88",7,1,0000:2c:00.0,2,"OK",67108864,"bandwidth","D2H",50,7,6468.68,6479.49,6486.1,6494.88,15.3957,6527.35,6487.85,12.7957,9.57509,9.62296,9.63599,9.64583,0.0228648,9.66195,9.63343,0.018964,10.3466,6478.14
88,"n23g0021.hpc.itc.rwth-aachen.de",88,"88",7,1,0000:2c:00.0,2,"OK",268435456,"bandwidth","H2D",50,7,12183.4,12441.7,13325.2,13365.9,924.187,13444.9,12925.6,472.607,18.5944,18.7043,18.7615,20.0937,1.38938,20.5197,19.3675,0.711751,20.145,13317.2
88,"n23g0021.hpc.itc.rwth-aachen.de",88,"88",7,1,0000:2c:00.0,2,"OK",268435456,"bandwidth","D2H",50,7,23970.8,26370.8,26869.9,29112.9,2742.01,29174.3,27455.4,1426.19,8.56918,8.58727,9.3041,9.48024,0.89297,10.4294,9.13045,0.477891,9.99021,26862.1
88,"n23g0021.hpc.itc.rwth-aachen.de",88,"88",7,2,0000:9d:00.0,4,"OK",4096,"latency","H2D",50,7,13.122,13.701,14.1255,14.4715,0.7705,17.338,14.1629,0.620429,0.220019,0.263602,0.270058,0.278431,0.0148291,0.29071,0.269817,0.0108285,0.289972,7.488
88,"n23g0021.hpc.itc.rwth-aachen.de",88,"88",7,2,0000:9d:00.0,4,"OK",4096,"latency","D2H",50,7,13.053,13.4363,13.714,14.054,0.61775,20.767,13.8809,1.07001,0.18369,0.271432,0.278161,0.283911,0.0124791,0.292247,0.276006,0.0156365,0.298673,7.024
88,"n23g0021.hpc.itc.rwth-aachen.de",88,"88",7,2,0000:9d:00.0,4,"OK",16777216,"bandwidth","H2D",50,7,755.481,860.267,930.087,1072.2,211.929,1308.21,980.684,163.649,11.9438,14.5729,16.7995,18.163,3.5901,20.6822,16.3569,2.5725,18.0383,923.248
88,"n23g0021.hpc.itc.rwth-aachen.de",88,"88",7,2,0000:9d:00.0,4,"OK",16777216,"bandwidth","D2H",50,7,715.786,837.894,891.818,1030.92,193.021,1250.3,937.402,155.114,12.497,15.1566,17.5204,18.6479,3.49139,21.8292,17.1112,2.71037,18.8124,884.992
88,"n23g0021.hpc.itc.rwth-aachen.de",88,"88",7,2,0000:9d:00.0,4,"OK",67108864,"bandwidth","H2D",50,7,2509.92,2658.48,2659.79,2661.65,3.1685,2819.76,2644.9,63.0873,22.165,23.4817,23.4981,23.5097,0.0279866,24.9012,23.644,0.572115,25.2308,2653.2
88,"n23g0021.hpc.itc.rwth-aachen.de",88,"88",7,2,0000:9d:00.0,4,"OK",67108864,"bandwidth","D2H",50,7,2415.29,2536.64,2542.18,2545.59,8.948,2688.23,2534.37,47.9025,23.2495,24.5523,24.5852,24.6389,0.0866079,25.8768,24.6698,0.467376,26.3981,2535.57
88,"n23g0021.hpc.itc.rwth-aachen.de",88,"88",7,2,0000:9d:00.0,4,"OK",268435456,"bandwidth","H2D",50,7,10228.7,10429.2,10446.6,10458.9,29.6362,10637,10450.1,75.3205,23.5029,23.9032,23.9312,23.9711,0.0679254,24.441,23.9244,0.172221,25.6959,10440
88,"n23g0021.hpc.itc.rwth-aachen.de",88,"88",7,2,0000:9d:00.0,4,"OK",268435456,"bandwidth","D2H",50,7,9925.36,9947.06,9997.89,10033.5,86.4083,10164.4,9999.32,57.5716,24.5956,24.9166,25.0053,25.1331,0.216443,25.188,25.0025,0.14347,26.8492,9991.34
88,"n23g0021.hpc.itc.rwth-aachen.de",88,"88",7,3,0000:ad:00.0,6,"OK",4096,"latency","H2D",50,7,12.908,13.4047,13.7505,13.9575,0.55275,16.865,13.7718,0.585139,0.22619,0.273308,0.277422,0.284578,0.01127,0.29553,0.277447,0.0107293,0.29788,7.184
88,"n23g0021.hpc.itc.rwth-aachen.de",88,"88",7,3,0000:ad:00.0,6,"OK",4096,"latency","D2H",50,7,12.856,13.3135,13.5965,13.9925,0.679,25.002,14.0783,2.16818,0.152576,0.272626,0.280565,0.286529,0.013903,0.296725,0.274866,0.0255775,0.301254,7.104
88,"n23g0021.hpc.itc.rwth-aachen.de",88,"88",7,3,0000:ad:00.0,6,"OK",16777216,"bandwidth","H2D",50,7,647.477,699.616,756.677,890.985,191.369,1115.89,787.981,119.594,14.0023,17.5372,20.6495,22.3337,4.79645,24.1321,20.2578,2.855,22.1722,750.064
88,"n23g0021.hpc.itc.rwth-aachen.de",88,"88",7,3,0000:ad:00.0,6,"OK",16777216,"bandwidth","D2H",50,7,677.588,723.686,779.073,932.501,208.815,1067.16,818.897,120.466,14.6417,16.756,20.0559,21.5909,4.83484,23.0597,19.4734,2.69051,21.5348,772.496
88,"n23g0021.hpc.itc.rwth-aachen.de",88,"88",7,3,0000:ad:00.0,6,"OK",67108864,"bandwidth","H2D",50,7,1847.35,1955.34,1957.54,1959.08,3.7355,1962.14,1937.23,42.3532,31.8529,31.9028,31.9278,31.9637,0.0609473,33.8322,32.2785,0.729661,34.2822,1951.15
88,"n23g0021.hpc.itc.rwth-aachen.de",88,"88",7,3,0000:ad:00.0,6,"OK",67108864,"bandwidth","D2H",50,7,1911.83,2025.32,2030.29,2032.87,7.54575,2037.17,2008.22,45.3955,30.6799,30.7448,30.7838,30.8593,0.114547,32.6911,31.1385,0.728352,33.0538,2023.87
88,"n23g0021.hpc.itc.rwth-aachen.de",88,"88",7,3,0000:ad:00.0,6,"OK",268435456,"bandwidth","H2D",50,7,7589.93,7704.35,7724.69,7786.8,82.4523,7900.14,7745.26,76.212,31.645,32.1056,32.3637,32.4492,0.343589,32.9384,32.2809,0.316656,34.7503,7718.11
88,"n23g0021.hpc.itc.rwth-aachen.de",88,"88",7,3,0000:ad:00.0,6,"OK",268435456,"bandwidth","D2H",50,7,7846.84,7915.47,7934.6,8058.98,143.508,8126.35,7972.24,88.5706,30.7641,31.0213,31.5076,31.5837,0.562396,31.86,31.3627,0.34698,33.831,7927.98
89,"n23g0021.hpc.itc.rwth-aachen.de",89,"89",7,0,0000:1b:00.0,0,"OK",4096,"latency","H2D",50,7,14.287,15.2088,15.4835,15.7985,0.58975,24.049,15.7123,1.35765,0.158622,0.241459,0.246372,0.250823,0.00936315,0.267005,0.244096,0.0154034,0.26454,8.32
89,"n23g0021.hpc.itc.rwth-aachen.de",89,"89",7,0,0000:1b:00.0,0,"OK",4096,"latency","D2H",50,7,13.898,14.9555,15.255,15.5858,0.63025,31.987,15.7175,2.81422,0.119258,0.244756,0.250062,0.25507,0.0103141,0.274478,0.247083,0.0249506,0.268502,8
89,"n23g0021.hpc.itc.rwth-aachen.de",89,"89",7,0,0000:1b:00.0,0,"OK",16777216,"bandwidth","H2D",50,7,825.694,831.016,835.222,838.384,7.36775,854.093,834.8,5.03878,18.2943,18.637,18.7076,18.8023,0.165236,18.9235,18.7177,0.112412,20.0871,826.864
89,"n23g0021.hpc.itc.rwth-aachen.de",89,"89",7,0,0000:1b:00.0,0,"OK",16777216,"bandwidth","D2H",50,7,1804.41,1814.78,1820.87,1831.54,16.7555,1844.61,1822.73,9.8955,8.47062,8.53109,8.58108,8.60986,0.0787635,8.65934,8.57256,0.0464071,9.21387,1812.8
89,"n23g0021.hpc.itc.rwth-aachen.de",89,"89",7,0,0000:1b:00.0,0,"OK",67108864,"bandwidth","H2D",50,7,3245.04,3262.84,3268.66,3273.77,10.9277,3286.64,3268.16,9.53062,19.0164,19.0911,19.121,19.1551,0.0639394,19.2601,19.1241,0.0557982,20.531,3260.72
89,"n23g0021.hpc.itc.rwth-aachen.de",89,"89",7,0,0000:1b:00.0,0,"OK",67108864,"bandwidth","D2H",50,7,6471.96,6502.45,6508.8,6517.31,14.8585,6532.21,6509.77,11.6815,9.56797,9.58985,9.60238,9.61176,0.0219133,9.65704,9.60099,0.0172425,10.3105,6500.93
89,"n23g0021.hpc.itc.rwth-aachen.de",89,"89",7,0,0000:1b:00.0,0,"OK",268435456,"bandwidth","H2D",50,7,12026.9,12397.5,13069.1,13251.7,854.22,13291.2,12803.2,451.038,18.8095,18.8655,19.1291,20.1653,1.29988,20.7867,19.5509,0.693567,20.5397,13061.6
89,"n23g0021.hpc.itc.rwth-aachen.de",89,"89",7,0,0000:1b:00.0,0,"OK",268435456,"bandwidth","D2H",50,7,23597.9,26216.4,26813.6,29155.3,2938.91,29237.4,27183.3,1792.09,8.55069,8.57476,9.32363,9.53601,0.961247,10.5942,9.23815,0.628262,10.0112,26806.1
89,"n23g0021.hpc.itc.rwth-aachen.de",89,"89",7,1,0000:2c:00.0,2,"OK",4096,"latency","H2D",50,7,14.856,15.3157,15.59,15.839,0.52325,18.406,15.6379,0.52717,0.207253,0.240842,0.244689,0.249071,0.00822833,0.256778,0.244194,0.00760371,0.262733,8.32
89,"n23g0021.hpc.itc.rwth-aachen.de",89,"89",7,1,0000:2c:00.0,2,"OK",4096,"latency","D2H",50,7,14.294,15.2355,15.56,15.9187,0.68325,16.447,15.5398,0.455351,0.231939,0.239635,0.245161,0.250382,0.0107467,0.266874,0.245692,0.00725622,0.263239,8.24
89,"n23g0021.hpc.itc.rwth-aachen.de",89,"89",7,1,0000:2c:00.0,2,"OK",16777216,"bandwidth","H2D",50,7,824.221,837.579,841.076,844.373,6.794,848.495,840.389,4.79015,18.415,18.5049,18.5774,18.655,0.150101,18.9573,18.5932,0.106491,19.9473,832.848
89,"n23g0021.hpc.itc.rwth-aachen.de",89,"89",7,1,0000:2c:00.0,2,"OK",16777216,"bandwidth","D2H",50,7,1795.04,1806.93,1810.59,1816.07,9.14075,1838.73,1813.18,9.91647,8.49772,8.60376,8.6298,8.64729,0.0435233,8.70454,8.61772,0.0469166,9.26618,1802.4
89,"n23g0021.hpc.itc.rwth-aachen.de",89,"89",7,1,0000:2c:00.0,2,"OK",67108864,"bandwidth","H2D",50,7,3287.26,3308.08,3314.86,3320.26,12.1872,3344.26,3314.76,11.2057,18.6888,18.8238,18.8545,18.8932,0.0693479,19.0128,18.8553,0.0636952,20.2449,3306.86
89,"n23g0021.hpc.itc.rwth-aachen.de",89,"89",7,1,0000:2c:00.0,2,"OK",67108864,"bandwidth","D2H",50,7,6471.06,6488.35,6495.72,6504.78,16.4292,6521.06,6495.7,12.0006,9.58434,9.60832,9.62172,9.63265,0.0243291,9.65839,9.62179,0.0177745,10.3312,6487.55
89,"n23g0021.hpc.itc.rwth-aachen.de",89,"89",7,1,0000:2c:00.0,2,"OK",268435456,"bandwidth","H2D",50,7,12140.3,12421.2,13316.1,13364.3,943.102,13467.4,12908.9,488.624,18.5633,18.7065,18.7743,20.1269,1.42034,20.5925,19.3945,0.738672,20.1587,13309.1
89,"n23g0021.hpc.itc.rwth-aachen.de",89,"89",7,1,0000:2c:00.0,2,"OK",268435456,"bandwidth","D2H",50,7,25928,26469.5,26842.7,29129,2659.5,29207.1,27555.3,1270.65,8.55957,8.5825,9.3135,9.44482,0.862318,9.64209,9.09179,0.414992,10.0003,26834.9
89,"n23g0021.hpc.itc.rwth-aachen.de",89,"89",7,2,0000:9d:00.0,4,"OK",4096,"latency","H2D",50,7,13.027,13.7435,14.1765,14.4373,0.69375,17.237,14.1404,0.615855,0.221309,0.264226,0.269086,0.277566,0.0133401,0.29283,0.270246,0.0109125,0.288929,7.536
89,"n23g0021.hpc.itc.rwth-aachen.de",89,"89",7,2,0000:9d:00.0,4,"OK",4096,"latency","D2H",50,7,12.981,13.4128,13.6815,14.057,0.64425,15.09,13.807,0.497244,0.252796,0.271374,0.278822,0.284409,0.0130346,0.293868,0.276638,0.00975458,0.299382,7.232
89,"n23g0021.hpc.itc.rwth-aachen.de",89,"89",7,2,0000:9d:00.0,4,"OK",16777216,"bandwidth","H2D",50,7,755.535,862.829,928.89,1072.1,209.276,1306.85,979.913,162.136,11.9562,14.5741,16.8212,18.109,3.53489,20.6807,16.3615,2.54625,18.0616,922.128
89,"n23g0021.hpc.itc.rwth-aachen.de",89,"89",7,2,0000:9d:00.0,4,"OK",16777216,"bandwidth","D2H",50,7,715.762,831.864,896.937,1026.51,194.642,1256.12,935.971,149.764,12.4391,15.2215,17.4205,18.7832,3.56162,21.8299,17.1031,2.58897,18.7051,890.304
89,"n23g0021.hpc.itc.rwth-aachen.de",89,"89",7,2,0000:9d:00.0,4,"OK",67108864,"bandwidth","H2D",50,7,2510,2657.84,2660.28,2661.83,3.9895,2816.97,2647.74,57.3018,22.1869,23.4801,23.4937,23.5153,0.0352445,24.9004,23.6162,0.51581,25.2262,2653.65
89,"n23g0021.hpc.itc.rwth-aachen.de",89,"89",7,2,0000:9d:00.0,4,"OK",67108864,"bandwidth","D2H",50,7,2419.01,2537.96,2541.11,2545.12,7.15925,2689.88,2537.55,43.4069,23.2352,24.5568,24.5955,24.6261,0.0692713,25.837,24.6372,0.420031,26.4093,2534.46
89,"n23g0021.hpc.itc.rwth-aachen.de",89,"89",7,2,0000:9d:00.0,4,"OK",268435456,"bandwidth","H2D",50,7,10355.4,10386.3,10446.5,10494.2,107.814,10642.6,10452.4,71.8168,23.4906,23.8228,23.9315,24.0701,0.247287,24.142,23.9191,0.163475,25.6962,10439.9
89,"n23g0021.hpc.itc.rwth-aachen.de",89,"89",7,2,0000:9d:00.0,4,"OK",268435456,"bandwidth","D2H",50,7,9906.11,9949.18,9992.22,10011.5,62.3415,10162.7,9985.24,45.238,24.5997,24.9712,25.0195,25.1277,0.15647,25.2369,25.0375,0.11294,26.8644,9985.68
89,"n23g0021.hpc.itc.rwth-aachen.de",89,"89",7,3,0000:ad:00.0,6,"OK",4096,"latency","H2D",50,7,13.316,13.739,14.115,14.4245,0.6855,473.663,23.4451,64.331,0.00805361,0.26446,0.270259,0.277655,0.0131952,0.286475,0.263932,0.0401496,0.290188,7.488
89,"n23g0021.hpc.itc.rwth-aachen.de",89,"89",7,3,0000:ad:00.0,6,"OK",4096,"latency","D2H",50,7,13.289,13.7372,14.062,14.4343,0.697,21.699,14.2422,1.16601,0.175801,0.264281,0.271277,0.27769,0.0134093,0.287057,0.269141,0.0160855,0.291281,7.312
89,"n23g0021.hpc.itc.rwth-aachen.de",89,"89",7,3,0000:ad:00.0,6,"OK",16777216,"bandwidth","H2D",50,7,651.756,735.818,822.408,1005.1,269.285,10103.6,1049.34,1302.46,1.54648,15.5457,18.9991,21.2407,5.69502,23.9737,18.2847,3.91691,20.4001,815.6
89,"n23g0021.hpc.itc.rwth-aachen.de",89,"89",7,3,0000:ad:00.0,6,"OK",16777216,"bandwidth","D2H",50,7,683.248,789.955,867.863,1061.62,271.667,1216.95,918.632,173.054,12.8394,14.7181,18.004,19.7796,5.06157,22.8687,17.6003,3.17655,19.3316,860.96
89,"n23g0021.hpc.itc.rwth-aachen.de",89,"89",7,3,0000:ad:00.0,6,"OK",67108864,"bandwidth","H2D",50,7,1853.79,1963.82,1967.67,1969.36,5.548,2275.96,1954.23,62.525,27.4609,31.7361,31.7635,31.8258,0.0896609,33.7147,32.013,0.97361,34.1058,1961.33
89,"n23g0021.hpc.itc.rwth-aachen.de",89,"89",7,3,0000:ad:00.0,6,"OK",67108864,"bandwidth","D2H",50,7,1910.13,2026.6,2031.95,2035.9,9.3025,2040.74,2010.31,46.149,30.6261,30.6989,30.7586,30.8398,0.140914,32.7203,31.1066,0.739284,33.0268,2025.46
89,"n23g0021.hpc.itc.rwth-aachen.de",89,"89",7,3,0000:ad:00.0,6,"OK",268435456,"bandwidth","H2D",50,7,7461.32,7652.55,7713.19,7799.08,146.527,7907.38,7728.06,87.8522,31.616,32.0551,32.412,32.6689,0.61377,33.5062,32.3538,0.368716,34.8021,7706.58
89,"n23g0021.hpc.itc.rwth-aachen.de",89,"89",7,3,0000:ad:00.0,6,"OK",268435456,"bandwidth","D2H",50,7,7830.05,7873.26,7942.69,8004.36,131.1,8120.86,7943.47,77.7762,30.7849,31.233,31.4755,31.753,0.520043,31.9283,31.4754,0.30706,33.7966,7936.24
90,"n23g0021.hpc.itc.rwth-aachen.de",90,"90",7,0,0000:1b:00.0,0,"OK",4096,"latency","H2D",50,7,14.006,15.2817,15.5385,15.821,0.53925,17.534,15.6082,0.658016,0.21756,0.241116,0.2455,0.249625,0.00850924,0.272362,0.244832,0.0101895,0.263603,8.352
90,"n23g0021.hpc.itc.rwth-aachen.de",90,"90",7,0,0000:1b:00.0,0,"OK",4096,"latency","D2H",50,7,13.978,15.265,15.482,15.709,0.444,20.284,15.58,0.861944,0.188064,0.242837,0.246396,0.249898,0.00706134,0.272907,0.2455,0.0119429,0.264566,8.096
90,"n23g0021.hpc.itc.rwth-aachen.de",90,"90",7,0,0000:1b:00.0,0,"OK",16777216,"bandwidth","H2D",50,7,825.62,833.17,836.591,839.481,6.311,847.838,836.41,4.74801,18.4292,18.6127,18.677,18.7537,0.140985,18.9252,18.6816,0.106228,20.0543,828.912
90,"n23g0021.hpc.itc.rwth-aachen.de",90,"90",7,0,0000:1b:00.0,0,"OK",16777216,"bandwidth","D2H",50,7,1807.12,1818.68,1823.93,1831.04,12.3602,1849.89,1825.23,9.30441,8.44643,8.5334,8.56665,8.5914,0.0579952,8.64636,8.5608,0.043506,9.19837,1815.76
90,"n23g0021.hpc.itc.rwth-aachen.de",90,"90",7,0,0000:1b:00.0,0,"OK",67108864,"bandwidth","H2D",50,7,3239.8,3252.26,3261.8,3270.55,18.2928,3284.01,3261.62,11.3262,19.0316,19.1099,19.1612,19.2174,0.107486,19.2913,19.1625,0.0665711,20.5742,3254.02
90,"n23g0021.hpc.itc.rwth-aachen.de",90,"90",7,0,0000:1b:00.0,0,"OK",67108864,"bandwidth","D2H",50,7,6491.73,6505.15,6514.84,6521.87,16.7113,6531.49,6514.06,10.2012,9.56902,9.58315,9.59349,9.60777,0.0246183,9.62764,9.59466,0.0150287,10.3009,6506.94
90,"n23g0021.hpc.itc.rwth-aachen.de",90,"90",7,0,0000:1b:00.0,0,"OK",268435456,"bandwidth","H2D",50,7,12112.8,12373.5,13214.9,13254.6,881.074,13307.8,12831.5,447.188,18.786,18.8614,18.9181,20.2045,1.34307,20.6394,19.5071,0.683074,20.3131,13208.1
90,"n23g0021.hpc.itc.rwth-aachen.de",90,"90",7,0,0000:1b:00.0,0,"OK",268435456,"bandwidth","D2H",50,7,26186,26592.7,27899.7,29166.2,2573.44,29232,27803.5,1265.15,8.55226,8.57157,8.96139,9.40106,0.829492,9.5471,9.01034,0.410311,9.62222,27891.5
90,"n23g0021.hpc.itc.rwth-aachen.de",90,"90",7,1,0000:2c:00.0,2,"OK",4096,"latency","H2D",50,7,14.746,15.4423,15.681,15.9333,0.491,27.103,15.9727,1.70586,0.140748,0.239418,0.243269,0.24703,0.0076121,0.258694,0.24058,0.0166848,0.261208,8.336
90,"n23g0021.hpc.itc.rwth-aachen.de",90,"90",7,1,0000:2c:00.0,2,"OK",4096,"latency","D2H",50,7,14.754,15.2195,15.602,15.9712,0.75175,25.482,15.9671,1.93639,0.149702,0.238848,0.244502,0.250645,0.0117976,0.258553,0.241289,0.0198143,0.262532,8.288
90,"n23g0021.hpc.itc.rwth-aachen.de",90,"90",7,1,0000:2c:00.0,2,"OK",16777216,"bandwidth","H2D",50,7,835.483,844.47,847.527,850.543,6.0735,858.34,847.272,5.08999,18.2037,18.3706,18.436,18.5027,0.132123,18.7018,18.4422,0.110798,19.7955,839.216
90,"n23g0021.hpc.itc.rwth-aachen.de",90,"90",7,1,0000:2c:00.0,2,"OK",16777216,"bandwidth","D2H",50,7,1794.68,1807.31,1812.68,1821.6,14.289,1836.95,1814.66,9.89282,8.50595,8.57763,8.61983,8.64544,0.0678166,8.70627,8.6107,0.0468418,9.25547,1804.7
90,"n23g0021.hpc.itc.rwth-aachen.de",90,"90",7,1,0000:2c:00.0,2,"OK",67108864,"bandwidth","H2D",50,7,3287.47,3306.27,3317.57,3330.25,23.979,3345.25,3318.08,13.7894,18.6832,18.7674,18.8391,18.9035,0.136113,19.0116,18.8365,0.0782919,20.2283,3309.26
90,"n23g0021.hpc.itc.rwth-aachen.de",90,"90",7,1,0000:2c:00.0,2,"OK",67108864,"bandwidth","D2H",50,7,6468.14,6480.87,6486.53,6495.38,14.5085,6515.16,6487.99,9.65942,9.59301,9.62222,9.63535,9.64376,0.0215409,9.66275,9.63321,0.0143368,10.3459,6478.66
90,"n23g0021.hpc.itc.rwth-aachen.de",90,"90",7,1,0000:2c:00.0,2,"OK",268435456,"bandwidth","H2D",50,7,12154.6,12465.4,13307.9,13369.2,903.85,13424.9,12922.3,469.223,18.6221,18.6996,18.7859,20.0555,1.35589,20.5684,19.3722,0.707752,20.1712,13299.9
90,"n23g0021.hpc.itc.rwth-aachen.de",90,"90",7,1,0000:2c:00.0,2,"OK",268435456,"bandwidth","D2H",50,7,23957.5,26558.7,26766,29099.5,2540.77,29193.2,27645.8,1386.02,8.56364,8.59121,9.34022,9.4131,0.821888,10.4351,9.06601,0.460408,10.029,26757.9
90,"n23g0021.hpc.itc.rwth-aachen.de",90,"90",7,2,0000:9d:00.0,4,"OK",4096,"latency","H2D",50,7,13.274,14.0195,14.4705,14.7123,0.69275,17.723,14.4558,0.630614,0.21524,0.259287,0.263619,0.2721,0.0128129,0.287381,0.264346,0.0105794,0.283059,7.856
90,"n23g0021.hpc.itc.rwth-aachen.de",90,"90",7,2,0000:9d:00.0,4,"OK",4096,"latency","D2H",50,7,13.236,13.7525,14.1045,14.39,0.6375,25.16,14.3252,1.61498,0.151618,0.265094,0.270461,0.277383,0.012289,0.288206,0.268378,0.0188537,0.290405,7.472
90,"n23g0021.hpc.itc.rwth-aachen.de",90,"90",7,2,0000:9d:00.0,4,"OK",16777216,"bandwidth","H2D",50,7,994.588,1099.51,1263.7,1310.66,211.155,20263.7,2322.12,3989.08,0.771084,11.9214,12.3762,14.2331,2.31171,15.71,11.8968,3.63528,13.2889,1175.5
90,"n23g0021.hpc.itc.rwth-aachen.de",90,"90",7,2,0000:9d:00.0,4,"OK",16777216,"bandwidth","D2H",50,7,956.5,1132.52,1157.99,1264.92,132.398,5584.43,1279.38,630.645,2.79796,12.3526,13.4932,13.7968,1.44417,16.3356,13.0912,2.1611,14.4882,1151.09
90,"n23g0021.hpc.itc.rwth-aachen.de",90,"90",7,2,0000:9d:00.0,4,"OK",67108864,"bandwidth","H2D",50,7,2509.92,2643.69,2662.18,2665.37,21.679,2994.47,2658.11,101.561,20.8718,23.4489,23.477,23.6412,0.192289,24.9012,23.5457,0.860293,25.2082,2655.62
90,"n23g0021.hpc.itc.rwth-aachen.de",90,"90",7,2,0000:9d:00.0,4,"OK",67108864,"bandwidth","D2H",50,7,2415.49,2533.43,2541.76,2544.9,11.4673,2864.04,2538.19,85.6928,21.8223,24.5589,24.5892,24.6701,0.111165,25.8747,24.6503,0.786729,26.4025,2535.17
90,"n23g0021.hpc.itc.rwth-aachen.de",90,"90",7,2,0000:9d:00.0,4,"OK",268435456,"bandwidth","H2D",50,7,10369.6,10385.1,10404.2,10453.5,68.4582,10936,10428.5,86.3632,22.8602,23.9154,24.0288,24.073,0.157649,24.1089,23.9743,0.191735,25.8007,10397.5
90,"n23g0021.hpc.itc.rwth-aachen.de",90,"90",7,2,0000:9d:00.0,4,"OK",268435456,"bandwidth","D2H",50,7,9877.67,9938.72,9952.32,10005.8,67.0945,10349.6,9981.33,77.7089,24.1556,24.9855,25.1198,25.1541,0.168671,25.3096,25.0483,0.191345,26.9721,9945.79
90,"n23g0021.hpc.itc.rwth-aachen.de",90,"90",7,3,0000:ad:00.0,6,"OK",4096,"latency","H2D",50,7,13.018,13.5042,13.6935,13.981,0.47675,16.593,13.7714,0.512278,0.229898,0.272849,0.278579,0.282481,0.00963175,0.293033,0.277346,0.00932931,0.299121,7.232
90,"n23g0021.hpc.itc.rwth-aachen.de",90,"90",7,3,0000:ad:00.0,6,"OK",4096,"latency","D2H",50,7,12.543,13.122,13.4545,13.7637,0.64175,15.451,13.5151,0.482359,0.24689,0.277155,0.283526,0.29071,0.0135551,0.30413,0.282601,0.00972833,0.304433,7.104
90,"n23g0021.hpc.itc.rwth-aachen.de",90,"90",7,3,0000:ad:00.0,6,"OK",16777216,"bandwidth","H2D",50,7,606.391,701.08,756.311,894.886,193.806,1062.97,785.082,119.935,14.6994,17.4607,20.6595,22.2871,4.82643,25.7672,20.3452,2.92751,22.183,749.808
90,"n23g0021.hpc.itc.rwth-aachen.de",90,"90",7,3,0000:ad:00.0,6,"OK",16777216,"bandwidth","D2H",50,7,633.483,724.922,782.373,935.904,210.981,1054.2,817.103,123.751,14.8216,16.6951,19.9713,21.554,4.85895,24.6652,19.5451,2.81507,21.444,775.872
90,"n23g0021.hpc.itc.rwth-aachen.de",90,"90",7,3,0000:ad:00.0,6,"OK",67108864,"bandwidth","H2D",50,7,1842.9,1948.93,1951.32,1953.22,4.2965,1957.62,1935.83,37.3254,31.9266,31.9984,32.0296,32.069,0.0705419,33.9139,32.2984,0.646357,34.3915,1944.9
90,"n23g0021.hpc.itc.rwth-aachen.de",90,"90",7,3,0000:ad:00.0,6,"OK",67108864,"bandwidth","D2H",50,7,1910.77,2025.27,2031.63,2034.03,8.75575,2039.04,2013,42.3752,30.6517,30.7272,30.7634,30.8601,0.132841,32.7093,31.0624,0.680091,33.032,2025.25
90,"n23g0021.hpc.itc.rwth-aachen.de",90,"90",7,3,0000:ad:00.0,6,"OK",268435456,"bandwidth","H2D",50,7,7603.11,7638.94,7709.07,7780.93,141.989,7891.15,7725.12,89.3588,31.681,32.1298,32.4293,32.727,0.5972,32.8813,32.3663,0.372649,34.8207,7702.59
90,"n23g0021.hpc.itc.rwth-aachen.de",90,"90",7,3,0000:ad:00.0,6,"OK",268435456,"bandwidth","D2H",50,7,7820.61,7899.82,7950.65,8017.23,117.41,8128.41,7956.84,84.8299,30.7563,31.1829,31.444,31.6463,0.463454,31.9668,31.4231,0.333969,33.7627,7944.3
91,"n23g0021.hpc.itc.rwth-aachen.de",91,"91",7,0,0000:1b:00.0,0,"OK",4096,"latency","H2D",50,7,14.788,15.3505,15.5875,15.9072,0.55675,21.236,15.7668,0.949184,0.179634,0.239809,0.244728,0.248507,0.00869816,0.257959,0.242662,0.0120177,0.262775,8.224
91,"n23g0021.hpc.itc.rwth-aachen.de",91,"91",7,0,0000:1b:00.0,0,"OK",4096,"latency","D2H",50,7,14.56,15.0895,15.412,15.8072,0.71775,16.815,15.4858,0.502435,0.226863,0.241326,0.247515,0.252805,0.0114787,0.261998,0.246589,0.00784182,0.265767,8.096
91,"n23g0021.hpc.itc.rwth-aachen.de",91,"91",7,0,0000:1b:00.0,0,"OK",16777216,"bandwidth","H2D",50,7,828.771,835.374,838.234,842.112,6.7385,850.667,838.636,4.42896,18.3679,18.5545,18.6404,18.7042,0.149667,18.8532,18.632,0.0982705,20.015,830.288
91,"n23g0021.hpc.itc.rwth-aachen.de",91,"91",7,0,0000:1b:00.0,0,"OK",16777216,"bandwidth","D2H",50,7,1810.35,1817.63,1821.69,1825.96,8.32975,1845.63,1823.32,8.7008,8.46595,8.55714,8.5772,8.59635,0.0392147,8.63091,8.5697,0.0407088,9.2097,1813.36
91,"n23g0021.hpc.itc.rwth-aachen.de",91,"91",7,0,0000:1b:00.0,0,"OK",67108864,"bandwidth","H2D",50,7,3254.32,3268.06,3273.5,3277.25,9.19075,3292.68,3273.32,7.2533,18.9815,19.0709,19.0927,19.1245,0.0536335,19.2052,19.0939,0.0423127,20.5006,3265.76
91,"n23g0021.hpc.itc.rwth-aachen.de",91,"91",7,0,0000:1b:00.0,0,"OK",67108864,"bandwidth","D2H",50,7,6490.85,6506.88,6515.23,6520.98,14.092,6564.49,6515.44,12.0386,9.52092,9.58445,9.59291,9.60521,0.0207571,9.62895,9.59263,0.0176889,10.3003,6507.5
91,"n23g0021.hpc.itc.rwth-aachen.de",91,"91",7,0,0000:1b:00.0,0,"OK",268435456,"bandwidth","H2D",50,7,12135.8,12333.6,13198,13231.7,898.091,13269.8,12810.2,443.037,18.8397,18.894,18.9423,20.2698,1.3758,20.6002,19.5393,0.679455,20.3391,13190.4
91,"n23g0021.hpc.itc.rwth-aachen.de",91,"91",7,0,0000:1b:00.0,0,"OK",268435456,"bandwidth","D2H",50,7,26035.7,26355.1,26983.2,29170,2814.83,29247.8,27673.9,1298.73,8.54765,8.57046,9.26505,9.48622,0.915763,9.60221,9.05359,0.42216,9.94828,26975.6
91,"n23g0021.hpc.itc.rwth-aachen.de",91,"91",7,1,0000:2c:00.0,2,"OK",4096,"latency","H2D",50,7,14.633,15.1995,15.4595,15.7147,0.51525,18.103,15.5244,0.524751,0.210722,0.242747,0.246754,0.250976,0.0082286,0.260691,0.245983,0.00774496,0.26495,8.24
91,"n23g0021.hpc.itc.rwth-aachen.de",91,"91",7,1,0000:2c:00.0,2,"OK",4096,"latency","D2H",50,7,14.583,15.178,15.435,15.7375,0.5595,16.54,15.4481,0.435108,0.230635,0.242395,0.247146,0.251331,0.00893573,0.261585,0.247131,0.00693974,0.265371,8.208
91,"n23g0021.hpc.itc.rwth-aachen.de",91,"91",7,1,0000:2c:00.0,2,"OK",16777216,"bandwidth","H2D",50,7,825.883,838.475,841.492,845.394,6.91825,868.012,842.153,6.7333,18.0009,18.4825,18.5682,18.635,0.152496,18.9191,18.5548,0.147338,19.9375,833.696
91,"n23g0021.hpc.itc.rwth-aachen.de",91,"91",7,1,0000:2c:00.0,2,"OK",16777216,"bandwidth","D2H",50,7,1804.06,1811.75,1816.17,1823.79,12.0437,1839.23,1817.96,9.20577,8.49541,8.56735,8.60325,8.62427,0.0569237,8.66101,8.59501,0.0433532,9.23767,1807.78
91,"n23g0021.hpc.itc.rwth-aachen.de",91,"91",7,1,0000:2c:00.0,2,"OK",67108864,"bandwidth","H2D",50,7,3303.01,3317.95,3323.58,3329.44,11.4952,3355.91,3323.86,9.78284,18.6238,18.7719,18.805,18.837,0.0650362,18.9221,18.8036,0.0552282,20.1918,3315.71
91,"n23g0021.hpc.itc.rwth-aachen.de",91,"91",7,1,0000:2c:00.0,2,"OK",67108864,"bandwidth","D2H",50,7,6467.33,6488.92,6496.71,6501.65,12.7272,6519.67,6495.58,10.4604,9.58638,9.61295,9.62026,9.63181,0.0188546,9.66395,9.62195,0.0154968,10.3297,6488.66
91,"n23g0021.hpc.itc.rwth-aachen.de",91,"91",7,1,0000:2c:00.0,2,"OK",268435456,"bandwidth","H2D",50,7,12211.6,12434.4,13320.8,13365.2,930.767,13453.8,12906.6,483.049,18.5822,18.7053,18.7676,20.1055,1.40017,20.4724,19.3972,0.729288,20.1516,13312.8
91,"n23g0021.hpc.itc.rwth-aachen.de",91,"91",7,1,0000:2c:00.0,2,"OK",268435456,"bandwidth","D2H",50,7,24517,26483.9,26850.8,29060,2576.12,29154.4,27444.8,1358.7,8.57502,8.60289,9.31071,9.4397,0.836814,10.197,9.13158,0.452925,9.9973,26842.8
91,"n23g0021.hpc.itc.rwth-aachen.de",91,"91",7,2,0000:9d:00.0,4,"OK",4096,"latency","H2D",50,7,13.018,13.7045,14.204,14.397,0.6925,17.543,14.1994,0.793627,0.217448,0.264966,0.268565,0.278354,0.0133879,0.293033,0.269396,0.0133999,0.28837,7.504
91,"n23g0021.hpc.itc.rwth-aachen.de",91,"91",7,2,0000:9d:00.0,4,"OK",4096,"latency","D2H",50,7,12.742,13.5855,13.87,14.1482,0.56275,22.462,14.0403,1.30366,0.169829,0.269624,0.275032,0.280792,0.0111684,0.29938,0.273316,0.0177835,0.295314,7.232
91,"n23g0021.hpc.itc.rwth-aachen.de",91,"91",7,2,0000:9d:00.0,4,"OK",16777216,"bandwidth","H2D",50,7,756.809,822.117,930.153,1073.5,251.379,1309.83,966.114,160.128,11.9291,14.5553,16.7983,19.0203,4.46499,20.6459,16.5966,2.58782,18.0371,923.392
91,"n23g0021.hpc.itc.rwth-aachen.de",91,"91",7,2,0000:9d:00.0,4,"OK",16777216,"bandwidth","D2H",50,7,718.048,781.372,885.953,1026.6,245.226,1246.87,926.629,155.069,12.5313,15.2202,17.6364,19.9978,4.7776,21.7604,17.315,2.7396,18.9369,879.232
91,"n23g0021.hpc.itc.rwth-aachen.de",91,"91",7,2,0000:9d:00.0,4,"OK",67108864,"bandwidth","H2D",50,7,2511.23,2657.95,2660.43,2662.71,4.762,2820.99,2656.97,49.1215,22.1553,23.4723,23.4925,23.5144,0.0420533,24.8882,23.5311,0.437419,25.2248,2653.71
91,"n23g0021.hpc.itc.rwth-aachen.de",91,"91",7,2,0000:9d:00.0,4,"OK",67108864,"bandwidth","D2H",50,7,2416.39,2444.56,2534.11,2543.19,98.6287,2694.45,2502.62,64.1082,23.1959,24.5754,24.6635,25.567,0.991546,25.865,24.99,0.631489,26.4822,2527.38
91,"n23g0021.hpc.itc.rwth-aachen.de",91,"91",7,2,0000:9d:00.0,4,"OK",268435456,"bandwidth","H2D",50,7,10343.6,10377.3,10439.2,10456.9,79.577,10637.3,10428.3,61.3502,23.5022,23.9077,23.9482,24.091,0.183332,24.1695,23.9739,0.140139,25.7142,10432.6
91,"n23g0021.hpc.itc.rwth-aachen.de",91,"91",7,2,0000:9d:00.0,4,"OK",268435456,"bandwidth","D2H",50,7,9874.07,9937.66,9982.72,10011.8,74.0987,10178,9982.49,54.8531,24.5628,24.9706,25.0433,25.1568,0.18619,25.3188,25.0446,0.136858,26.89,9971.14
91,"n23g0021.hpc.itc.rwth-aachen.de",91,"91",7,3,0000:ad:00.0,6,"OK",4096,"latency","H2D",50,7,13.087,13.5128,13.911,14.1222,0.6095,20.468,14.1067,1.31943,0.186374,0.27012,0.274222,0.282304,0.0121839,0.291488,0.272186,0.0190458,0.294443,7.376
91,"n23g0021.hpc.itc.rwth-aachen.de",91,"91",7,3,0000:ad:00.0,6,"OK",4096,"latency","D2H",50,7,12.949,13.3805,13.6065,14.0437,0.66325,20.715,13.8505,1.06421,0.184151,0.27163,0.280359,0.285094,0.0134644,0.294594,0.2766,0.0155735,0.301033,7.088
91,"n23g0021.hpc.itc.rwth-aachen.de",91,"91",7,3,0000:ad:00.0,6,"OK",16777216,"bandwidth","H2D",50,7,607.958,700.962,755.76,886.179,185.217,1081.43,784.489,120.658,14.4485,17.6381,20.6745,22.2908,4.65272,25.7008,20.3633,2.92835,22.1991,749.072
91,"n23g0021.hpc.itc.rwth-aachen.de",91,"91",7,3,0000:ad:00.0,6,"OK",16777216,"bandwidth","D2H",50,7,630.124,721.355,776.581,928.265,206.91,1060.18,812.875,122.522,14.738,16.8325,20.1203,21.6606,4.82816,24.7967,19.6419,2.81113,21.604,770.16
91,"n23g0021.hpc.itc.rwth-aachen.de",91,"91",7,3,0000:ad:00.0,6,"OK",67108864,"bandwidth","H2D",50,7,1853.01,1959.65,1961.47,1962.82,3.17125,1969.33,1946.82,37.3223,31.7366,31.842,31.8638,31.8935,0.0515292,33.729,32.1159,0.641022,34.2135,1954.86
91,"n23g0021.hpc.itc.rwth-aachen.de",91,"91",7,3,0000:ad:00.0,6,"OK",67108864,"bandwidth","D2H",50,7,1910.27,2027.32,2033.2,2035.62,8.307,2039.19,2018.08,38.2557,30.6495,30.7031,30.7397,30.829,0.125807,32.7179,30.9816,0.61338,33.0065,2026.62
91,"n23g0021.hpc.itc.rwth-aachen.de",91,"91",7,3,0000:ad:00.0,6,"OK",268435456,"bandwidth","H2D",50,7,7446.46,7627.92,7714.78,7797.11,169.188,7888.97,7714.61,101.065,31.6898,32.0632,32.4053,32.7743,0.711163,33.573,32.4116,0.425119,34.795,7708.19
91,"n23g0021.hpc.itc.rwth-aachen.de",91,"91",7,3,0000:ad:00.0,6,"OK",268435456,"bandwidth","D2H",50,7,7834.03,7896.81,7921.1,8003.8,106.995,8129.31,7948.09,78.8232,30.7529,31.2352,31.5613,31.6584,0.42321,31.912,31.4572,0.310202,33.8887,7914.46
92,"n23g0021.hpc.itc.rwth-aachen.de",92,"92",7,0,0000:1b:00.0,0,"OK",4096,"latency","H2D",50,7,14.088,14.9923,15.216,15.6405,0.64825,24.627,15.5526,1.59207,0.154899,0.243899,0.250703,0.254445,0.0105455,0.270776,0.247112,0.0181879,0.26919,8.32
92,"n23g0021.hpc.itc.rwth-aachen.de",92,"92",7,0,0000:1b:00.0,0,"OK",4096,"latency","D2H",50,7,13.993,14.628,14.9165,15.144,0.516,27.733,15.1637,1.83907,0.137551,0.251896,0.255737,0.260781,0.00888563,0.272615,0.253712,0.0179428,0.274595,8
92,"n23g0021.hpc.itc.rwth-aachen.de",92,"92",7,0,0000:1b:00.0,0,"OK",16777216,"bandwidth","H2D",50,7,824.267,833.369,836.289,840.272,6.903,846.111,836.671,4.33787,18.4668,18.5952,18.6837,18.7492,0.154037,18.9562,18.6757,0.0969541,20.0615,828.672
92,"n23g0021.hpc.itc.rwth-aachen.de",92,"92",7,0,0000:1b:00.0,0,"OK",16777216,"bandwidth","D2H",50,7,1799.53,1813.86,1819.25,1829.56,15.7005,1849.73,1821.43,10.8067,8.44716,8.54029,8.58872,8.61421,0.0739231,8.6828,8.57874,0.0507156,9.22206,1811.41
92,"n23g0021.hpc.itc.rwth-aachen.de",92,"92",7,0,0000:1b:00.0,0,"OK",67108864,"bandwidth","H2D",50,7,3274.61,3297.05,3300.24,3308.61,11.5577,3323.45,3301.77,10.3215,18.8058,18.8901,18.938,18.9563,0.0662188,19.0863,18.9294,0.0592341,20.3345,3292.46
92,"n23g0021.hpc.itc.rwth-aachen.de",92,"92",7,0,0000:1b:00.0,0,"OK",67108864,"bandwidth","D2H",50,7,6502.35,7290.88,7298.74,7307.07,16.1888,7323.74,7270.1,146.637,8.53389,8.55336,8.56312,8.57235,0.018992,9.61192,8.60072,0.191638,9.19458,7291.02
92,"n23g0021.hpc.itc.rwth-aachen.de",92,"92",7,0,0000:1b:00.0,0,"OK",268435456,"bandwidth","H2D",50,7,12220.1,12373,13238.3,13278.8,905.788,13320.9,12835.6,465.263,18.7675,18.8271,18.8847,20.2053,1.37827,20.4581,19.5028,0.709878,20.2773,13230.9
92,"n23g0021.hpc.itc.rwth-aachen.de",92,"92",7,0,0000:1b:00.0,0,"OK",268435456,"bandwidth","D2H",50,7,26121,26585.6,26933.7,29175.2,2589.6,29280.6,27633.3,1268.52,8.53808,8.56894,9.28205,9.40362,0.834684,9.57086,9.0659,0.410513,9.96653,26926.4
92,"n23g0021.hpc.itc.rwth-aachen.de",92,"92",7,1,0000:2c:00.0,2,"OK",4096,"latency","H2D",50,7,14.337,15.4632,15.79,15.9727,0.5095,27.777,16.0035,1.78034,0.137333,0.238825,0.241589,0.246694,0.00786907,0.266074,0.240215,0.0169215,0.259405,8.448
92,"n23g0021.hpc.itc.rwth-aachen.de",92,"92",7,1,0000:2c:00.0,2,"OK",4096,"latency","D2H",50,7,14.509,14.9555,15.341,15.5787,0.62325,24.233,15.5368,1.4035,0.157417,0.244865,0.24866,0.25507,0.0102044,0.262919,0.246939,0.0158373,0.266997,8.128
92,"n23g0021.hpc.itc.rwth-aachen.de",92,"92",7,1,0000:2c:00.0,2,"OK",16777216,"bandwidth","H2D",50,7,835.441,843.191,848.254,852.108,8.91675,860.498,847.506,5.94571,18.1581,18.3369,18.4202,18.5308,0.193913,18.7027,18.4373,0.129459,19.7785,840.368
92,"n23g0021.hpc.itc.rwth-aachen.de",92,"92",7,1,0000:2c:00.0,2,"OK",16777216,"bandwidth","D2H",50,7,1797.35,1805,1808.93,1820.23,15.2327,1835.44,1812.13,10.068,8.51294,8.58409,8.63772,8.65653,0.0724426,8.69334,8.62271,0.0476836,9.27469,1800.9
92,"n23g0021.hpc.itc.rwth-aachen.de",92,"92",7,1,0000:2c:00.0,2,"OK",67108864,"bandwidth","H2D",50,7,3303.45,3320.83,3325.61,3331.16,10.331,3348.19,3324.52,9.9486,18.6668,18.7622,18.7935,18.8206,0.0583688,18.9196,18.7998,0.0563073,20.1794,3317.58
92,"n23g0021.hpc.itc.rwth-aachen.de",92,"92",7,1,0000:2c:00.0,2,"OK",67108864,"bandwidth","D2H",50,7,6465.96,6482.48,6491.24,6500.24,17.7607,6617.88,6495.37,22.811,9.44411,9.61503,9.62836,9.64138,0.0263433,9.666,9.62236,0.0334109,10.3384,6483.33
92,"n23g0021.hpc.itc.rwth-aachen.de",92,"92",7,1,0000:2c:00.0,2,"OK",268435456,"bandwidth","H2D",50,7,12040,12399.2,13273.3,13386.9,987.708,13476.1,12888.9,516.92,18.5513,18.675,18.8349,20.1627,1.48764,20.7642,19.428,0.783997,20.2238,13265.3
92,"n23g0021.hpc.itc.rwth-aachen.de",92,"92",7,1,0000:2c:00.0,2,"OK",268435456,"bandwidth","D2H",50,7,23582.2,26040.5,26581.1,28932.7,2892.15,29180.5,26828.7,1771.85,8.56736,8.64129,9.40518,9.60043,0.959141,10.6012,9.36005,0.632594,10.0987,26573.1
92,"n23g0021.hpc.itc.rwth-aachen.de",92,"92",7,2,0000:9d:00.0,4,"OK",4096,"latency","H2D",50,7,13.202,13.8332,14.3465,14.6572,0.824,31.883,14.6682,2.55974,0.119647,0.26026,0.265898,0.275763,0.0155028,0.288948,0.264128,0.0241173,0.285506,7.552
92,"n23g0021.hpc.itc.rwth-aachen.de",92,"92",7,2,0000:9d:00.0,4,"OK",4096,"latency","D2H",50,7,13.068,13.391,13.648,14.1427,0.75175,23.632,13.9811,1.47855,0.161421,0.26973,0.279506,0.28487,0.0151398,0.291911,0.27484,0.0192425,0.300118,7.024
92,"n23g0021.hpc.itc.rwth-aachen.de",92,"92",7,2,0000:9d:00.0,4,"OK",16777216,"bandwidth","H2D",50,7,756.739,840.349,927.484,1071.07,230.719,1306.75,970.586,162.001,11.9572,14.5882,16.8467,18.5969,4.00862,20.6478,16.5255,2.58967,18.089,920.8
92,"n23g0021.hpc.itc.rwth-aachen.de",92,"92",7,2,0000:9d:00.0,4,"OK",16777216,"bandwidth","D2H",50,7,717.504,832.646,891.358,1026.36,193.717,1256.61,929.475,152.308,12.4343,15.2237,17.5295,18.7655,3.5418,21.7769,17.2426,2.67129,18.8221,884.56
92,"n23g0021.hpc.itc.rwth-aachen.de",92,"92",7,2,0000:9d:00.0,4,"OK",67108864,"bandwidth","H2D",50,7,2510.36,2654.2,2658.38,2662.3,8.10775,2818.73,2648.19,51.4597,22.1731,23.4759,23.5105,23.5476,0.0717116,24.8968,23.61,0.461959,25.2442,2651.74
92,"n23g0021.hpc.itc.rwth-aachen.de",92,"92",7,2,0000:9d:00.0,4,"OK",67108864,"bandwidth","D2H",50,7,2410.59,2445.16,2541.13,2544.4,99.2385,2684.09,2513.48,61.7957,23.2854,24.5638,24.5953,25.5608,0.997027,25.9273,24.8809,0.61132,26.409,2534.48
92,"n23g0021.hpc.itc.rwth-aachen.de",92,"92",7,2,0000:9d:00.0,4,"OK",268435456,"bandwidth","H2D",50,7,10321.1,10366.2,10374.5,10385.6,19.389,10462.8,10382.9,30.5483,23.8941,24.0717,24.0976,24.1167,0.0450236,24.2221,24.0782,0.070624,25.8746,10368.5
92,"n23g0021.hpc.itc.rwth-aachen.de",92,"92",7,2,0000:9d:00.0,4,"OK",268435456,"bandwidth","D2H",50,7,9880.17,9939.02,9954.57,9975.69,36.678,10093,9958.6,39.73,24.7698,25.0609,25.1141,25.1534,0.0924804,25.3032,25.1043,0.0998517,26.9661,9947.94
92,"n23g0021.hpc.itc.rwth-aachen.de",92,"92",7,3,0000:ad:00.0,6,"OK",4096,"latency","H2D",50,7,13.207,13.936,14.3395,14.4408,0.50475,17.439,14.2775,0.576109,0.218745,0.264162,0.266027,0.27373,0.00956823,0.288839,0.267574,0.009769,0.285645,7.488
92,"n23g0021.hpc.itc.rwth-aachen.de",92,"92",7,3,0000:ad:00.0,6,"OK",4096,"latency","D2H",50,7,13.211,13.723,14.136,14.5207,0.79775,23.307,14.3238,1.38197,0.163672,0.262707,0.269857,0.27798,0.0152735,0.288752,0.268004,0.0178124,0.289757,7.568
92,"n23g0021.hpc.itc.rwth-aachen.de",92,"92",7,3,0000:ad:00.0,6,"OK",16777216,"bandwidth","H2D",50,7,624.446,702.322,756.344,878.667,176.345,1035.74,784.637,116.268,15.0859,17.8123,20.6586,22.2476,4.43538,25.0222,20.3284,2.82383,22.182,749.728
92,"n23g0021.hpc.itc.rwth-aachen.de",92,"92",7,3,0000:ad:00.0,6,"OK",16777216,"bandwidth","D2H",50,7,678.931,731.418,789.544,946.626,215.207,1070.15,826.208,122.846,14.6007,16.5065,19.7899,21.3626,4.85611,23.0141,19.3109,2.7066,21.2492,782.896
92,"n23g0021.hpc.itc.rwth-aachen.de",92,"92",7,3,0000:ad:00.0,6,"OK",67108864,"bandwidth","H2D",50,7,1852.91,1959.94,1963.25,1964.65,4.70575,1967.79,1941.7,42.8009,31.7616,31.8123,31.8349,31.8887,0.0763824,33.7307,32.2044,0.733754,34.1825,1956.51
92,"n23g0021.hpc.itc.rwth-aachen.de",92,"92",7,3,0000:ad:00.0,6,"OK",67108864,"bandwidth","D2H",50,7,1907.61,2026.4,2030.69,2034.94,8.54225,2040.46,2009,46.6179,30.6304,30.7134,30.7777,30.8429,0.129472,32.7636,31.1274,0.748092,33.0473,2024.29
92,"n23g0021.hpc.itc.rwth-aachen.de",92,"92",7,3,0000:ad:00.0,6,"OK",268435456,"bandwidth","H2D",50,7,7602.77,7682.36,7726.1,7766.72,84.3632,7877.74,7721.97,68.8135,31.735,32.1886,32.3579,32.5421,0.353476,32.8828,32.3777,0.288184,34.744,7719.58
92,"n23g0021.hpc.itc.rwth-aachen.de",92,"92",7,3,0000:ad:00.0,6,"OK",268435456,"bandwidth","D2H",50,7,7830.18,7865.31,7923.88,8015.85,150.548,8137.24,7944.53,86.7008,30.7229,31.1882,31.5502,31.7852,0.596956,31.9278,31.4719,0.341799,33.8768,7917.23
93,"n23g0021.hpc.itc.rwth-aachen.de",93,"93",7,0,0000:1b:00.0,0,"OK",4096,"latency","H2D",50,7,13.872,15.2222,15.516,15.7795,0.55725,25.011,15.7351,1.45904,0.152521,0.241752,0.245856,0.2506,0.00884833,0.274993,0.243894,0.0160639,0.263986,8.384
93,"n23g0021.hpc.itc.rwth-aachen.de",93,"93",7,0,0000:1b:00.0,0,"OK",4096,"latency","D2H",50,7,14.551,15.117,15.3695,15.5815,0.4645,16.639,15.3953,0.444029,0.229262,0.244822,0.248199,0.252345,0.00752266,0.26216,0.247986,0.0070192,0.266502,8.112
93,"n23g0021.hpc.itc.rwth-aachen.de",93,"93",7,0,0000:1b:00.0,0,"OK",16777216,"bandwidth","H2D",50,7,828.595,836.935,838.955,842.334,5.39925,1369.51,850.065,74.411,11.4092,18.5497,18.6244,18.6693,0.119666,18.8572,18.4698,1.0159,19.9978,831.088
93,"n23g0021.hpc.itc.rwth-aachen.de",93,"93",7,0,0000:1b:00.0,0,"OK",16777216,"bandwidth","D2H",50,7,1798.47,1816.19,1819.35,1826.95,10.7552,1843.49,1821.92,9.99755,8.47575,8.55253,8.58824,8.60317,0.0506468,8.68793,8.57636,0.0469792,9.22155,1810.67
93,"n23g0021.hpc.itc.rwth-aachen.de",93,"93",7,0,0000:1b:00.0,0,"OK",67108864,"bandwidth","H2D",50,7,3241.65,3261.85,3266.25,3274.1,12.2492,3292.26,3267.69,9.97953,18.9839,19.0892,19.1351,19.1609,0.0716857,19.2803,19.1268,0.0583669,20.5462,3258.53
93,"n23g0021.hpc.itc.rwth-aachen.de",93,"93",7,0,0000:1b:00.0,0,"OK",67108864,"bandwidth","D2H",50,7,6488.38,6504.68,6512.57,6520.39,15.7058,6532.53,6512.01,11.097,9.56751,9.58532,9.59683,9.60846,0.0231443,9.6326,9.59768,0.0163607,10.3045,6504.48
93,"n23g0021.hpc.itc.rwth-aachen.de",93,"93",7,0,0000:1b:00.0,0,"OK",268435456,"bandwidth","H2D",50,7,12056.9,12351.5,13177.3,13252.8,901.356,13299.7,12820.1,452.662,18.7974,18.8639,18.9722,20.2405,1.3766,20.735,19.5252,0.693667,20.3712,13169.7
93,"n23g0021.hpc.itc.rwth-aachen.de",93,"93",7,0,0000:1b:00.0,0,"OK",268435456,"bandwidth","D2H",50,7,23988.8,26530.2,26859.8,29189.3,2659.16,29257,27582.2,1395.73,8.54496,8.56477,9.3076,9.42324,0.858472,10.4215,9.08712,0.461413,9.99396,26851.9
93,"n23g0021.hpc.itc.rwth-aachen.de",93,"93",7,1,0000:2c:00.0,2,"OK",4096,"latency","H2D",50,7,14.669,15.2752,15.482,15.683,0.40775,21.58,15.6904,1.03335,0.17677,0.243238,0.246396,0.249731,0.0064929,0.260052,0.243958,0.0127603,0.264565,8.272
93,"n23g0021.hpc.itc.rwth-aachen.de",93,"93",7,1,0000:2c:00.0,2,"OK",4096,"latency","D2H",50,7,13.877,15.0433,15.3175,15.6575,0.61425,20.295,15.4147,0.910593,0.187962,0.243634,0.249042,0.253582,0.0099482,0.274894,0.248213,0.0126678,0.267407,8.16
93,"n23g0021.hpc.itc.rwth-aachen.de",93,"93",7,1,0000:2c:00.0,2,"OK",16777216,"bandwidth","H2D",50,7,832.424,840.557,843.273,844.977,4.4205,852.302,843.098,4.12194,18.3327,18.4916,18.529,18.5889,0.0972476,18.7705,18.5333,0.0907074,19.8954,835.152
93,"n23g0021.hpc.itc.rwth-aachen.de",93,"93",7,1,0000:2c:00.0,2,"OK",16777216,"bandwidth","D2H",50,7,1801.93,1811.46,1814.5,1825.24,13.7815,1838.15,1817.59,9.03819,8.50039,8.56051,8.61119,8.62564,0.065128,8.67124,8.59675,0.0426534,9.24619,1806.75
93,"n23g0021.hpc.itc.rwth-aachen.de",93,"93",7,1,0000:2c:00.0,2,"OK",67108864,"bandwidth","H2D",50,7,3289.07,3310.28,3316.47,3326.76,16.4775,3342.28,3317.77,11.5597,18.6998,18.7871,18.8453,18.8806,0.0935154,19.0024,18.8382,0.065617,20.235,3308.4
93,"n23g0021.hpc.itc.rwth-aachen.de",93,"93",7,1,0000:2c:00.0,2,"OK",67108864,"bandwidth","D2H",50,7,6468.61,6484.2,6489.55,6498.26,14.0692,6515.31,6491.14,11.4322,9.59279,9.61795,9.63087,9.63882,0.0208688,9.66205,9.62854,0.0169493,10.3411,6481.17
93,"n23g0021.hpc.itc.rwth-aachen.de",93,"93",7,1,0000:2c:00.0,2,"OK",268435456,"bandwidth","H2D",50,7,12288.9,12416.1,13331.4,13382.8,966.758,13437.9,12917.9,488.652,18.604,18.6807,18.7527,20.1352,1.45454,20.3436,19.3808,0.736398,20.1356,13323.2
93,"n23g0021.hpc.itc.rwth-aachen.de",93,"93",7,1,0000:2c:00.0,2,"OK",268435456,"bandwidth","D2H",50,7,24122,26518.1,26823.9,29104.9,2586.8,29158.5,27631,1383.36,8.57382,8.58961,9.32009,9.42752,0.837906,10.364,9.07075,0.458864,10.0074,26816
93,"n23g0021.hpc.itc.rwth-aachen.de",93,"93",7,2,0000:9d:00.0,4,"OK",4096,"latency","H2D",50,7,13.239,13.8145,14.12,14.4215,0.607,23.901,14.3333,1.48513,0.159604,0.264515,0.270163,0.276137,0.0116227,0.288141,0.268029,0.0185217,0.290085,7.504
93,"n23g0021.hpc.itc.rwth-aachen.de",93,"93",7,2,0000:9d:00.0,4,"OK",4096,"latency","D2H",50,7,12.607,13.2907,13.554,13.8663,0.5755,28.92,14.0595,2.51745,0.131905,0.275107,0.281445,0.287019,0.0119123,0.302586,0.276148,0.0274101,0.302199,7.072
93,"n23g0021.hpc.itc.rwth-aachen.de",93,"93",7,2,0000:9d:00.0,4,"OK",16777216,"bandwidth","H2D",50,7,753.868,819.049,928.447,1071.33,252.276,1306.46,961.223,158.444,11.9598,14.5847,16.8292,19.0837,4.49897,20.7264,16.6729,2.56519,18.0702,921.744
93,"n23g0021.hpc.itc.rwth-aachen.de",93,"93",7,2,0000:9d:00.0,4,"OK",16777216,"bandwidth","D2H",50,7,716.275,779.377,881.464,1023.65,244.274,1259.32,918.503,154.977,12.4075,15.264,17.7262,20.049,4.78505,21.8142,17.4725,2.76982,19.0334,874.832
93,"n23g0021.hpc.itc.rwth-aachen.de",93,"93",7,2,0000:9d:00.0,4,"OK",67108864,"bandwidth","H2D",50,7,2509.95,2622.82,2659.05,2661.34,38.5175,2816.63,2638.93,54.4973,22.1896,23.4844,23.5046,23.8305,0.346124,24.9009,23.694,0.493762,25.2379,2652.69
93,"n23g0021.hpc.itc.rwth-aachen.de",93,"93",7,2,0000:9d:00.0,4,"OK",67108864,"bandwidth","D2H",50,7,2412.47,2436.09,2537.09,2542.79,106.694,2686.56,2509.37,62.7103,23.264,24.5793,24.6346,25.6565,1.07714,25.907,24.9222,0.621252,26.4512,2529.47
93,"n23g0021.hpc.itc.rwth-aachen.de",93,"93",7,2,0000:9d:00.0,4,"OK",268435456,"bandwidth","H2D",50,7,10342.5,10368.9,10377.1,10398.2,29.2615,10565.7,10391.3,40.1257,23.6615,24.0426,24.0916,24.1105,0.0678426,24.172,24.0589,0.0921661,25.8681,10370.4
93,"n23g0021.hpc.itc.rwth-aachen.de",93,"93",7,2,0000:9d:00.0,4,"OK",268435456,"bandwidth","D2H",50,7,9856.18,9924.99,9943.08,9995.49,70.497,10073.3,9958.38,45.3222,24.818,25.0113,25.1431,25.1889,0.177654,25.3648,25.105,0.11391,26.9972,9936.54
93,"n23g0021.hpc.itc.rwth-aachen.de",93,"93",7,3,0000:ad:00.0,6,"OK",4096,"latency","H2D",50,7,12.877,13.7278,14.1275,14.3875,0.65975,25.884,14.2545,1.73036,0.147377,0.26514,0.270019,0.277883,0.0127431,0.296241,0.269979,0.0199466,0.289931,7.52
93,"n23g0021.hpc.itc.rwth-aachen.de",93,"93",7,3,0000:ad:00.0,6,"OK",4096,"latency","D2H",50,7,12.758,13.429,13.7825,14.0235,0.5945,14.746,13.7821,0.440738,0.258694,0.272022,0.276778,0.284064,0.0120425,0.299004,0.277069,0.00882109,0.297189,7.264
93,"n23g0021.hpc.itc.rwth-aachen.de",93,"93",7,3,0000:ad:00.0,6,"OK",16777216,"bandwidth","H2D",50,7,607.474,701.456,757.399,894.854,193.398,1014.78,786.91,117.253,15.3975,17.4609,20.6298,22.2751,4.81415,25.7213,20.282,2.88487,22.1511,750.816
93,"n23g0021.hpc.itc.rwth-aachen.de",93,"93",7,3,0000:ad:00.0,6,"OK",16777216,"bandwidth","D2H",50,7,671.878,720.202,775.952,928.481,208.279,1047.38,814.192,120.704,14.9182,16.8286,20.1366,21.6953,4.86675,23.2557,19.5935,2.73694,21.6215,769.024
93,"n23g0021.hpc.itc.rwth-aachen.de",93,"93",7,3,0000:ad:00.0,6,"OK",67108864,"bandwidth","H2D",50,7,1849.16,1955.09,1957.38,1959.32,4.228,1963.23,1940.68,39.5539,31.8352,31.8988,31.9305,31.9678,0.0689838,33.7991,32.2191,0.682201,34.2851,1950.7
93,"n23g0021.hpc.itc.rwth-aachen.de",93,"93",7,3,0000:ad:00.0,6,"OK",67108864,"bandwidth","D2H",50,7,1909.57,2026.53,2032.03,2035.46,8.92625,2039.02,2013.76,42.6181,30.652,30.7056,30.7575,30.8409,0.135249,32.7298,31.051,0.683624,33.0256,2025.38
93,"n23g0021.hpc.itc.rwth-aachen.de",93,"93",7,3,0000:ad:00.0,6,"OK",268435456,"bandwidth","H2D",50,7,7568.32,7660.9,7739.96,7785.69,124.793,7897.94,7731.55,81.8365,31.6538,32.1102,32.2999,32.6333,0.523091,33.0324,32.3386,0.342049,34.6818,7733.33
93,"n23g0021.hpc.itc.rwth-aachen.de",93,"93",7,3,0000:ad:00.0,6,"OK",268435456,"bandwidth","D2H",50,7,7819.27,7851.41,7921.7,7957.48,106.076,8119.22,7918.6,67.6922,30.7912,31.417,31.5589,31.8414,0.42446,31.9723,31.5735,0.268119,33.8861,7914.99
94,"n23g0021.hpc.itc.rwth-aachen.de",94,"94",7,0,0000:1b:00.0,0,"OK",4096,"latency","H2D",50,7,14.202,15.0137,15.3545,15.494,0.48025,17.06,15.3219,0.467058,0.223605,0.246205,0.248442,0.25408,0.00787541,0.268603,0.249195,0.00739639,0.266762,8.208
94,"n23g0021.hpc.itc.rwth-aachen.de",94,"94",7,0,0000:1b:00.0,0,"OK",4096,"latency","D2H",50,7,13.969,14.9138,15.0645,15.3148,0.401,22.095,15.2558,1.06156,0.17265,0.249087,0.253224,0.255784,0.0066974,0.273083,0.250952,0.0131126,0.271898,8.064
94,"n23g0021.hpc.itc.rwth-aachen.de",94,"94",7,0,0000:1b:00.0,0,"OK",16777216,"bandwidth","H2D",50,7,829.005,836.424,839.32,842.957,6.53375,847.928,839.521,4.5299,18.4273,18.5359,18.6163,18.6807,0.144794,18.8479,18.6124,0.100551,19.9891,831.6
94,"n23g0021.hpc.itc.rwth-aachen.de",94,"94",7,0,0000:1b:00.0,0,"OK",16777216,"bandwidth","D2H",50,7,1806.08,1818.36,1821.6,1829.31,10.9562,1840.84,1823.47,8.9745,8.488,8.54147,8.57761,8.59293,0.0514589,8.65133,8.56904,0.0421039,9.21014,1813.66
94,"n23g0021.hpc.itc.rwth-aachen.de",94,"94",7,0,0000:1b:00.0,0,"OK",67108864,"bandwidth","H2D",50,7,3264.76,3297.79,3303.59,3309.91,12.1205,3318.61,3303.11,9.48986,18.8332,18.8827,18.9188,18.9521,0.0694033,19.1439,18.9217,0.0545599,20.314,3295.47
94,"n23g0021.hpc.itc.rwth-aachen.de",94,"94",7,0,0000:1b:00.0,0,"OK",67108864,"bandwidth","D2H",50,7,6517.33,7288.09,7293.99,7299.63,11.534,7328.48,7267.66,134.985,8.52837,8.56208,8.5687,8.57563,0.0135502,9.58981,8.603,0.175519,9.20058,7286.03
94,"n23g0021.hpc.itc.rwth-aachen.de",94,"94",7,0,0000:1b:00.0,0,"OK",268435456,"bandwidth","H2D",50,7,12132.4,12399,13148.4,13244.1,845.091,13300.8,12830.3,437.79,18.7958,18.8764,19.0141,20.163,1.28658,20.6059,19.508,0.669771,20.4162,13141.8
94,"n23g0021.hpc.itc.rwth-aachen.de",94,"94",7,0,0000:1b:00.0,0,"OK",268435456,"bandwidth","D2H",50,7,26030.3,26662.5,26921,29186.3,2523.78,29268,27704.1,1272.01,8.54175,8.56567,9.28651,9.37646,0.810796,9.6042,9.04288,0.412449,9.97132,26913.4
94,"n23g0021.hpc.itc.rwth-aachen.de",94,"94",7,1,0000:2c:00.0,2,"OK",4096,"latency","H2D",50,7,13.555,15.126,15.357,15.691,0.565,20.851,15.5706,0.95113,0.18295,0.243114,0.248401,0.252195,0.00908121,0.281424,0.245761,0.0126955,0.266719,8.208
94,"n23g0021.hpc.itc.rwth-aachen.de",94,"94",7,1,0000:2c:00.0,2,"OK",4096,"latency","D2H",50,7,14.345,14.981,15.2325,15.6578,0.67675,25.793,15.641,1.72256,0.147897,0.24363,0.250431,0.254636,0.0110063,0.265925,0.245899,0.018484,0.268899,8.016
94,"n23g0021.hpc.itc.rwth-aachen.de",94,"94",7,1,0000:2c:00.0,2,"OK",16777216,"bandwidth","H2D",50,7,838.639,846.516,849.246,853.501,6.985,861.28,849.856,5.09218,18.1416,18.307,18.3987,18.458,0.151061,18.6314,18.3861,0.110097,19.7554,841.504
94,"n23g0021.hpc.itc.rwth-aachen.de",94,"94",7,1,0000:2c:00.0,2,"OK",16777216,"bandwidth","D2H",50,7,1799.02,1808.82,1814.24,1823.25,14.4298,1838.41,1816.54,10.1234,8.4992,8.56986,8.61242,8.63823,0.0683694,8.68528,8.60178,0.0477897,9.24751,1805.62
94,"n23g0021.hpc.itc.rwth-aachen.de",94,"94",7,1,0000:2c:00.0,2,"OK",67108864,"bandwidth","H2D",50,7,3296.27,3312.57,3317.11,3324.5,11.9322,3347.32,3318.9,10.4625,18.6717,18.7998,18.8417,18.8675,0.0677179,18.9608,18.8317,0.0592845,20.2311,3309.33
94,"n23g0021.hpc.itc.rwth-aachen.de",94,"94",7,1,0000:2c:00.0,2,"OK",67108864,"bandwidth","D2H",50,7,6476.54,6485.01,6491.69,6503.05,18.0355,6518.26,6493.55,10.5011,9.58844,9.61088,9.6277,9.63761,0.0267288,9.65022,9.62495,0.0155569,10.3377,6483.57
94,"n23g0021.hpc.itc.rwth-aachen.de",94,"94",7,1,0000:2c:00.0,2,"OK",268435456,"bandwidth","H2D",50,7,12266.9,12391.4,13277,13369.3,977.852,13422.1,12891.2,492.669,18.626,18.6996,18.8296,20.1753,1.47566,20.3801,19.4215,0.745481,20.2181,13269.2
94,"n23g0021.hpc.itc.rwth-aachen.de",94,"94",7,1,0000:2c:00.0,2,"OK",268435456,"bandwidth","D2H",50,7,23594.2,26153,26694.9,29099,2945.93,29191.5,27010.2,1706.92,8.56413,8.59137,9.36509,9.55911,0.967749,10.5958,9.29363,0.600878,10.0557,26686.8
94,"n23g0021.hpc.itc.rwth-aachen.de",94,"94",7,2,0000:9d:00.0,4,"OK",4096,"latency","H2D",50,7,12.945,13.785,14.171,14.4495,0.6645,21.902,14.3168,1.23107,0.174171,0.264003,0.26919,0.276728,0.012725,0.294685,0.267887,0.0169945,0.289041,7.536
94,"n23g0021.hpc.itc.rwth-aachen.de",94,"94",7,2,0000:9d:00.0,4,"OK",4096,"latency","D2H",50,7,12.757,13.6258,13.8885,14.215,0.58925,19.529,14.0456,0.90624,0.195335,0.268357,0.274666,0.279962,0.0116052,0.299028,0.272497,0.0141813,0.29492,7.232
94,"n23g0021.hpc.itc.rwth-aachen.de",94,"94",7,2,0000:9d:00.0,4,"OK",16777216,"bandwidth","H2D",50,7,754.969,821.839,928.7,1071.8,249.957,1322.13,966.855,161.618,11.8181,14.5783,16.8246,19.0266,4.44828,20.6962,16.5913,2.60982,18.0653,921.584
94,"n23g0021.hpc.itc.rwth-aachen.de",94,"94",7,2,0000:9d:00.0,4,"OK",16777216,"bandwidth","D2H",50,7,716.138,808.92,892.657,1025.91,216.987,1246.73,928.76,152.45,12.5328,15.2304,17.5039,19.3229,4.09248,21.8184,17.2595,2.69087,18.7947,885.968
94,"n23g0021.hpc.itc.rwth-aachen.de",94,"94",7,2,0000:9d:00.0,4,"OK",67108864,"bandwidth","H2D",50,7,2508.43,2587.77,2656.16,2661.05,73.276,2820,2620.68,70.2187,22.1632,23.487,23.5302,24.1521,0.665076,24.916,23.8658,0.63813,25.2653,2649.49
94,"n23g0021.hpc.itc.rwth-aachen.de",94,"94",7,2,0000:9d:00.0,4,"OK",67108864,"bandwidth","D2H",50,7,2410.73,2500.13,2539.91,2545.24,45.1107,2691.39,2519.53,57.6247,23.2222,24.5557,24.6072,24.9987,0.443072,25.9257,24.8191,0.566864,26.4217,2533.34
94,"n23g0021.hpc.itc.rwth-aachen.de",94,"94",7,2,0000:9d:00.0,4,"OK",268435456,"bandwidth","H2D",50,7,10296.6,10364.2,10374.4,10383.8,19.5405,10639,10385.4,59.7419,23.4985,24.076,24.0978,24.1214,0.0453923,24.2798,24.0731,0.136622,25.8748,10367.5
94,"n23g0021.hpc.itc.rwth-aachen.de",94,"94",7,2,0000:9d:00.0,4,"OK",268435456,"bandwidth","D2H",50,7,9894.2,9929.09,9937.27,9952.59,23.503,10068,9949.23,34.6745,24.8312,25.1191,25.1578,25.1785,0.059459,25.2673,25.1279,0.0870818,27.013,9930.61
94,"n23g0021.hpc.itc.rwth-aachen.de",94,"94",7,3,0000:ad:00.0,6,"OK",4096,"latency","H2D",50,7,12.811,13.5373,13.9015,14.0762,0.539,26.811,14.0901,1.89613,0.142281,0.271002,0.274409,0.281793,0.0107906,0.297767,0.273537,0.0212662,0.294644,7.36
94,"n23g0021.hpc.itc.rwth-aachen.de",94,"94",7,3,0000:ad:00.0,6,"OK",4096,"latency","D2H",50,7,12.669,13.4268,13.7125,13.9998,0.573,14.541,13.7208,0.431661,0.262341,0.272483,0.278191,0.284112,0.0116285,0.301105,0.278301,0.00882083,0.298706,7.36
94,"n23g0021.hpc.itc.rwth-aachen.de",94,"94",7,3,0000:ad:00.0,6,"OK",16777216,"bandwidth","H2D",50,7,605.682,699.677,755.731,872.702,173.025,998.624,776.619,111.59,15.6465,17.9301,20.6753,22.3317,4.40165,25.7974,20.5188,2.8055,22.2,749.104
94,"n23g0021.hpc.itc.rwth-aachen.de",94,"94",7,3,0000:ad:00.0,6,"OK",16777216,"bandwidth","D2H",50,7,630.718,722.454,780.023,881.23,158.776,1055.76,809.999,119.833,14.7998,17.7333,20.0315,21.6277,3.89441,24.7734,19.6918,2.74095,21.5086,773.328
94,"n23g0021.hpc.itc.rwth-aachen.de",94,"94",7,3,0000:ad:00.0,6,"OK",67108864,"bandwidth","H2D",50,7,1849.13,1955.83,1959.6,1961.37,5.545,1963.68,1936.51,44.2813,31.828,31.8654,31.8942,31.9558,0.0903423,33.7997,32.2919,0.761849,34.2462,1953.02
94,"n23g0021.hpc.itc.rwth-aachen.de",94,"94",7,3,0000:ad:00.0,6,"OK",67108864,"bandwidth","D2H",50,7,1908.6,2025.55,2031.74,2034.95,9.4,2039.42,2008.53,46.3653,30.646,30.7133,30.7618,30.8558,0.142533,32.7464,31.1345,0.743453,33.0303,2025.14
94,"n23g0021.hpc.itc.rwth-aachen.de",94,"94",7,3,0000:ad:00.0,6,"OK",268435456,"bandwidth","H2D",50,7,7606.4,7667.32,7716.13,7767.39,100.069,7836.57,7715.44,62.6414,31.9017,32.1859,32.3997,32.6059,0.420069,32.867,32.4047,0.26326,34.7889,7709.54
94,"n23g0021.hpc.itc.rwth-aachen.de",94,"94",7,3,0000:ad:00.0,6,"OK",268435456,"bandwidth","D2H",50,7,7783.66,7842.5,7869.51,7940.13,97.6355,8064.65,7893.77,65.4947,30.9995,31.4856,31.7682,31.8776,0.391976,32.1186,31.6727,0.261216,34.1108,7863.1
95,"n23g0021.hpc.itc.rwth-aachen.de",95,"95",7,0,0000:1b:00.0,0,"OK",4096,"latency","H2D",50,7,15.05,15.4062,15.7205,16.1058,0.6995,32.966,16.2486,2.54605,0.115716,0.236853,0.242658,0.247607,0.010754,0.253468,0.237954,0.0208657,0.260552,8.448
95,"n23g0021.hpc.itc.rwth-aachen.de",95,"95",7,0,0000:1b:00.0,0,"OK",4096,"latency","D2H",50,7,14.305,14.8475,15.178,15.3995,0.552,17.94,15.1872,0.551552,0.212636,0.247716,0.251331,0.256925,0.0092098,0.266669,0.251486,0.00850821,0.269864,8.112
95,"n23g0021.hpc.itc.rwth-aachen.de",95,"95",7,0,0000:1b:00.0,0,"OK",16777216,"bandwidth","H2D",50,7,829.787,834.262,837.042,841.186,6.924,846.29,837.596,4.41225,18.4629,18.575,18.6669,18.7291,0.154165,18.8301,18.6551,0.0981941,20.0435,829.76
95,"n23g0021.hpc.itc.rwth-aachen.de",95,"95",7,0,0000:1b:00.0,0,"OK",16777216,"bandwidth","D2H",50,7,1806.61,1812.77,1817.69,1827.05,14.2787,1843.43,1820.54,10.163,8.47603,8.55204,8.59606,8.61941,0.067361,8.6488,8.5829,0.0476919,9.22995,1809.87
95,"n23g0021.hpc.itc.rwth-aachen.de",95,"95",7,0,0000:1b:00.0,0,"OK",67108864,"bandwidth","H2D",50,7,3257.3,3268.36,3274.35,3280.77,12.413,3300.71,3274.89,9.53695,18.9353,19.0504,19.0878,19.1227,0.0723518,19.1877,19.0848,0.055499,20.4953,3266.45
95,"n23g0021.hpc.itc.rwth-aachen.de",95,"95",7,0,0000:1b:00.0,0,"OK",67108864,"bandwidth","D2H",50,7,6490.44,6503.42,6510.44,6518.73,15.3128,6543.09,6511.43,11.129,9.55206,9.58776,9.59997,9.61033,0.022575,9.62955,9.59853,0.0163907,10.3079,6502.61
95,"n23g0021.hpc.itc.rwth-aachen.de",95,"95",7,0,0000:1b:00.0,0,"OK",268435456,"bandwidth","H2D",50,7,12023.2,12379.1,13127.6,13248.1,868.94,13282.8,12817.9,449.582,18.8213,18.8706,19.0443,20.1952,1.3246,20.7931,19.5281,0.689257,20.4487,13119.9
95,"n23g0021.hpc.itc.rwth-aachen.de",95,"95",7,0,0000:1b:00.0,0,"OK",268435456,"bandwidth","D2H",50,7,24094.7,26251,26829,29140.5,2889.47,29259.2,27514.5,1365.69,8.54433,8.57912,9.31833,9.52343,0.944311,10.3757,9.10858,0.453205,10.0055,26821.2
95,"n23g0021.hpc.itc.rwth-aachen.de",95,"95",7,1,0000:2c:00.0,2,"OK",4096,"latency","H2D",50,7,15.302,15.5962,15.8045,16.0315,0.43525,22.349,16.0101,1.02753,0.170688,0.237951,0.241368,0.244591,0.00664017,0.249294,0.239025,0.0118705,0.259167,8.432
95,"n23g0021.hpc.itc.rwth-aachen.de",95,"95",7,1,0000:2c:00.0,2,"OK",4096,"latency","D2H",50,7,14.911,15.2948,15.503,15.7592,0.4645,16.326,15.5311,0.352296,0.233658,0.242061,0.246062,0.249412,0.00735135,0.255831,0.245743,0.00554826,0.264207,8.304
95,"n23g0021.hpc.itc.rwth-aachen.de",95,"95",7,1,0000:2c:00.0,2,"OK",16777216,"bandwidth","H2D",50,7,836.402,840.757,844.783,848.381,7.6245,856.935,844.918,5.00194,18.2336,18.4174,18.4959,18.5844,0.167022,18.6812,18.4936,0.109327,19.8598,836.272
95,"n23g0021.hpc.itc.rwth-aachen.de",95,"95",7,1,0000:2c:00.0,2,"OK",16777216,"bandwidth","D2H",50,7,1796.79,1804.53,1810.45,1818.65,14.115,1835.3,1812.24,9.65577,8.51362,8.59155,8.63046,8.65875,0.0672025,8.69606,8.62216,0.0458012,9.26689,1802.22
95,"n23g0021.hpc.itc.rwth-aachen.de",95,"95",7,1,0000:2c:00.0,2,"OK",67108864,"bandwidth","H2D",50,7,3295.01,3311.46,3318.2,3325.3,13.8408,3342.7,3318.97,10.7579,18.6974,18.7953,18.8355,18.8739,0.0785559,18.9681,18.8313,0.0609845,20.2245,3309.42
95,"n23g0021.hpc.itc.rwth-aachen.de",95,"95",7,1,0000:2c:00.0,2,"OK",67108864,"bandwidth","D2H",50,7,6469.8,6486.28,6492.21,6500.12,13.8485,6525.75,6494,11.4166,9.57745,9.6152,9.62692,9.63573,0.020529,9.66026,9.6243,0.0169067,10.3368,6484.21
95,"n23g0021.hpc.itc.rwth-aachen.de",95,"95",7,1,0000:2c:00.0,2,"OK",268435456,"bandwidth","H2D",50,7,11997.1,12394.5,13249.9,13353.4,958.883,13446.4,12896.9,483.357,18.5923,18.7219,18.8682,20.1703,1.44843,20.8384,19.412,0.732978,20.2596,13241.7
95,"n23g0021.hpc.itc.rwth-aachen.de",95,"95",7,1,0000:2c:00.0,2,"OK",268435456,"bandwidth","D2H",50,7,23779.6,26234.1,26746.7,29053.2,2819.15,29155.4,27308.5,1550.65,8.57475,8.60489,9.34695,9.52959,0.924694,10.5132,9.18493,0.534512,10.0362,26738.7
95,"n23g0021.hpc.itc.rwth-aachen.de",95,"95",7,2,0000:9d:00.0,4,"OK",4096,"latency","H2D",50,7,13.31,13.8317,14.171,14.5343,0.7025,17.17,14.211,0.571977,0.222172,0.262463,0.26919,0.275793,0.0133302,0.286604,0.268831,0.00994941,0.289041,7.568
95,"n23g0021.hpc.itc.rwth-aachen.de",95,"95",7,2,0000:9d:00.0,4,"OK",4096,"latency","D2H",50,7,13.029,13.494,13.736,14.0883,0.59425,14.878,13.8062,0.421153,0.256399,0.270772,0.277716,0.282696,0.0119239,0.292785,0.276556,0.00832134,0.298196,7.232
95,"n23g0021.hpc.itc.rwth-aachen.de",95,"95",7,2,0000:9d:00.0,4,"OK",16777216,"bandwidth","H2D",50,7,755.103,820.418,927.17,1070.8,250.379,1307.61,962.149,158.863,11.9493,14.5919,16.8524,19.0599,4.468,20.6925,16.6607,2.58234,18.0951,920.448
95,"n23g0021.hpc.itc.rwth-aachen.de",95,"95",7,2,0000:9d:00.0,4,"OK",16777216,"bandwidth","D2H",50,7,717.119,778.219,883.326,1024.27,246.048,1242.43,921.956,155.021,12.5762,15.2548,17.6888,20.0786,4.82376,21.7886,17.4081,2.77315,18.9932,876.608
95,"n23g0021.hpc.itc.rwth-aachen.de",95,"95",7,2,0000:9d:00.0,4,"OK",67108864,"bandwidth","H2D",50,7,2506.32,2609.58,2658.54,2660.81,51.2305,2819.42,2634.73,59.2029,22.1677,23.4891,23.5091,23.9506,0.46148,24.937,23.7337,0.538988,25.2427,2651.89
95,"n23g0021.hpc.itc.rwth-aachen.de",95,"95",7,2,0000:9d:00.0,4,"OK",67108864,"bandwidth","D2H",50,7,2410.83,2439.3,2531.89,2540.41,101.11,2687.35,2500.89,63.8116,23.2571,24.6024,24.6851,25.6221,1.01978,25.9246,25.0073,0.6319,26.5054,2525.3
95,"n23g0021.hpc.itc.rwth-aachen.de",95,"95",7,2,0000:9d:00.0,4,"OK",268435456,"bandwidth","H2D",50,7,10293.4,10360.1,10369.9,10382.8,22.6375,10431.8,10367.3,25.5445,23.9653,24.0784,24.1082,24.131,0.0526126,24.2875,24.1144,0.0595695,25.886,10363.2
95,"n23g0021.hpc.itc.rwth-aachen.de",95,"95",7,2,0000:9d:00.0,4,"OK",268435456,"bandwidth","D2H",50,7,9858.38,9912.9,9931.15,9941.11,28.2058,10046.4,9928.15,34.1592,24.8845,25.1481,25.1733,25.2197,0.0715553,25.3591,25.1812,0.0863526,27.0296,9924.62
95,"n23g0021.hpc.itc.rwth-aachen.de",95,"95",7,3,0000:ad:00.0,6,"OK",4096,"latency","H2D",50,7,12.907,13.5545,14.0565,14.252,0.6975,18.354,14.0735,0.868347,0.20784,0.26766,0.271384,0.281434,0.0137736,0.295553,0.271943,0.0145036,0.291396,7.472
95,"n23g0021.hpc.itc.rwth-aachen.de",95,"95",7,3,0000:ad:00.0,6,"OK",4096,"latency","D2H",50,7,12.859,13.4337,13.812,14.1572,0.7235,20.342,13.913,1.05051,0.187528,0.269452,0.276187,0.283964,0.0145118,0.296656,0.275383,0.0161565,0.296554,7.216
95,"n23g0021.hpc.itc.rwth-aachen.de",95,"95",7,3,0000:ad:00.0,6,"OK",16777216,"bandwidth","H2D",50,7,607.523,699.714,755.08,874.77,175.056,1041.32,781.084,118.445,15.005,17.8871,20.6932,22.3306,4.44343,25.7192,20.4415,2.91071,22.2191,748.08
95,"n23g0021.hpc.itc.rwth-aachen.de",95,"95",7,3,0000:ad:00.0,6,"OK",16777216,"bandwidth","D2H",50,7,634.678,724.383,785.079,938.018,213.635,1058.28,814.319,124.17,14.7645,16.6575,19.9025,21.5701,4.91257,24.6188,19.6189,2.85246,21.3701,778.272
95,"n23g0021.hpc.itc.rwth-aachen.de",95,"95",7,3,0000:ad:00.0,6,"OK",67108864,"bandwidth","H2D",50,7,1847.58,1920.22,1958.21,1960.74,40.5187,2199.47,1937.71,58.4424,28.4159,31.8757,31.9169,32.5502,0.674487,33.8281,32.2832,0.95016,34.2705,1951.65
95,"n23g0021.hpc.itc.rwth-aachen.de",95,"95",7,3,0000:ad:00.0,6,"OK",67108864,"bandwidth","D2H",50,7,1910.82,1947.09,2029.82,2034.69,87.5935,2038.71,2001.93,50.0041,30.6567,30.7172,30.791,32.1142,1.39693,32.7084,31.24,0.801933,33.0616,2023.22
95,"n23g0021.hpc.itc.rwth-aachen.de",95,"95",7,3,0000:ad:00.0,6,"OK",268435456,"bandwidth","H2D",50,7,7546.5,7648.19,7705.58,7767.33,119.142,7893.38,7705.07,75.2707,31.6721,32.1861,32.444,32.6875,0.501388,33.1279,32.4493,0.316742,34.8365,7698.88
95,"n23g0021.hpc.itc.rwth-aachen.de",95,"95",7,3,0000:ad:00.0,6,"OK",268435456,"bandwidth","D2H",50,7,7793.81,7846.14,7907.44,7940.4,94.2585,8110.17,7907.71,72.6539,30.8255,31.4846,31.6158,31.8628,0.378234,32.0767,31.6174,0.288146,33.9472,7900.85
