scheme_name,target_rank,target_host,target_cpu,worker_rank,worker_host,worker_cpu,worker_affinity,ip,iface,locality_tier,payload_bytes,iters,worker_lat_min_ms,worker_lat_p25_ms,worker_lat_median_ms,worker_lat_mean_ms,worker_lat_p75_ms,worker_lat_p95_ms,worker_lat_max_ms
1_incast_191to1,0,"n23m0164.hpc.itc.rwth-aachen.de",0,1,"n23m0164.hpc.itc.rwth-aachen.de",1,"1","uds",unix,same_numa,4194304,20,79.6617,80.0702,80.2063,80.2858,80.4825,80.8487,81.0317
1_incast_191to1,0,"n23m0164.hpc.itc.rwth-aachen.de",0,2,"n23m0164.hpc.itc.rwth-aachen.de",2,"2","uds",unix,same_numa,4194304,20,78.9846,79.3717,79.4926,79.5643,79.775,80.1326,80.3302
1_incast_191to1,0,"n23m0164.hpc.itc.rwth-aachen.de",0,3,"n23m0164.hpc.itc.rwth-aachen.de",3,"3","uds",unix,same_numa,4194304,20,78.2907,78.7054,78.7893,78.8829,79.1002,79.4217,79.6573
1_incast_191to1,0,"n23m0164.hpc.itc.rwth-aachen.de",0,4,"n23m0164.hpc.itc.rwth-aachen.de",4,"4","uds",unix,same_numa,4194304,20,77.5905,78.0171,78.1021,78.1985,78.4111,78.7441,78.9989
1_incast_191to1,0,"n23m0164.hpc.itc.rwth-aachen.de",0,5,"n23m0164.hpc.itc.rwth-aachen.de",5,"5","uds",unix,same_numa,4194304,20,76.9266,77.2466,77.502,77.5047,77.7418,78.1231,78.2596
1_incast_191to1,0,"n23m0164.hpc.itc.rwth-aachen.de",0,6,"n23m0164.hpc.itc.rwth-aachen.de",6,"6","uds",unix,same_numa,4194304,20,4.19439,4.25475,4.29648,18.7865,4.32701,77.0935,77.755
1_incast_191to1,0,"n23m0164.hpc.itc.rwth-aachen.de",0,7,"n23m0164.hpc.itc.rwth-aachen.de",7,"7","uds",unix,same_numa,4194304,20,3.45674,4.89533,4.93544,12.1182,4.96889,77.5321,77.6242
1_incast_191to1,0,"n23m0164.hpc.itc.rwth-aachen.de",0,8,"n23m0164.hpc.itc.rwth-aachen.de",8,"8","uds",unix,same_numa,4194304,20,5.4138,5.54607,5.58412,9.13007,5.61947,9.24979,76.697
1_incast_191to1,0,"n23m0164.hpc.itc.rwth-aachen.de",0,9,"n23m0164.hpc.itc.rwth-aachen.de",9,"9","uds",unix,same_numa,4194304,20,6.08068,6.20225,6.25094,20.3968,6.33024,77.2965,77.7881
1_incast_191to1,0,"n23m0164.hpc.itc.rwth-aachen.de",0,10,"n23m0164.hpc.itc.rwth-aachen.de",10,"10","uds",unix,same_numa,4194304,20,6.65779,6.84939,6.8843,6.88171,6.92331,7.01235,7.04641
1_incast_191to1,0,"n23m0164.hpc.itc.rwth-aachen.de",0,11,"n23m0164.hpc.itc.rwth-aachen.de",11,"11","uds",unix,same_numa,4194304,20,7.38481,7.50589,7.54884,14.51,7.61558,77.1155,77.3
1_incast_191to1,0,"n23m0164.hpc.itc.rwth-aachen.de",0,12,"n23m0164.hpc.itc.rwth-aachen.de",12,"12","uds",unix,same_socket_diff_numa,4194304,20,8.03967,8.17344,8.20046,11.6693,8.23608,11.8397,77.5549
1_incast_191to1,0,"n23m0164.hpc.itc.rwth-aachen.de",0,13,"n23m0164.hpc.itc.rwth-aachen.de",13,"13","uds",unix,same_socket_diff_numa,4194304,20,8.69909,8.80237,8.83055,8.8413,8.87925,8.95841,9.04995
1_incast_191to1,0,"n23m0164.hpc.itc.rwth-aachen.de",0,14,"n23m0164.hpc.itc.rwth-aachen.de",14,"14","uds",unix,same_socket_diff_numa,4194304,20,9.31876,9.42525,9.47648,12.8728,9.53401,13.0926,77.3954
1_incast_191to1,0,"n23m0164.hpc.itc.rwth-aachen.de",0,15,"n23m0164.hpc.itc.rwth-aachen.de",15,"15","uds",unix,same_socket_diff_numa,4194304,20,9.92168,10.0652,10.1198,13.4767,10.1724,13.7011,77.3671
1_incast_191to1,0,"n23m0164.hpc.itc.rwth-aachen.de",0,16,"n23m0164.hpc.itc.rwth-aachen.de",16,"16","uds",unix,same_socket_diff_numa,4194304,20,10.6143,10.6979,10.7565,17.4546,10.8422,77.436,77.953
1_incast_191to1,0,"n23m0164.hpc.itc.rwth-aachen.de",0,17,"n23m0164.hpc.itc.rwth-aachen.de",17,"17","uds",unix,same_socket_diff_numa,4194304,20,11.1951,11.3322,11.4182,17.994,11.481,77.3659,77.4245
1_incast_191to1,0,"n23m0164.hpc.itc.rwth-aachen.de",0,18,"n23m0164.hpc.itc.rwth-aachen.de",18,"18","uds",unix,same_socket_diff_numa,4194304,20,11.8315,12.0336,12.0773,25.0314,12.2479,77.0158,77.0676
1_incast_191to1,0,"n23m0164.hpc.itc.rwth-aachen.de",0,19,"n23m0164.hpc.itc.rwth-aachen.de",19,"19","uds",unix,same_socket_diff_numa,4194304,20,12.4274,12.6603,12.723,22.424,12.7974,77.7083,77.8602
1_incast_191to1,0,"n23m0164.hpc.itc.rwth-aachen.de",0,20,"n23m0164.hpc.itc.rwth-aachen.de",20,"20","uds",unix,same_socket_diff_numa,4194304,20,13.0822,13.3172,13.3941,26.0718,13.5784,77.0842,77.3733
1_incast_191to1,0,"n23m0164.hpc.itc.rwth-aachen.de",0,21,"n23m0164.hpc.itc.rwth-aachen.de",21,"21","uds",unix,same_socket_diff_numa,4194304,20,13.744,13.954,14.0438,17.239,14.1479,17.6258,78.0007
1_incast_191to1,0,"n23m0164.hpc.itc.rwth-aachen.de",0,22,"n23m0164.hpc.itc.rwth-aachen.de",22,"22","uds",unix,same_socket_diff_numa,4194304,20,14.3906,14.62,14.7409,24.0597,14.8901,77.042,77.2789
1_incast_191to1,0,"n23m0164.hpc.itc.rwth-aachen.de",0,23,"n23m0164.hpc.itc.rwth-aachen.de",23,"23","uds",unix,same_socket_diff_numa,4194304,20,15.0499,15.2976,15.3975,15.3847,15.4388,15.6348,15.8203
1_incast_191to1,0,"n23m0164.hpc.itc.rwth-aachen.de",0,24,"n23m0164.hpc.itc.rwth-aachen.de",24,"24","uds",unix,same_socket_diff_numa,4194304,20,14.1591,15.9267,16.0423,18.9941,16.0815,19.5342,77.3358
1_incast_191to1,0,"n23m0164.hpc.itc.rwth-aachen.de",0,25,"n23m0164.hpc.itc.rwth-aachen.de",25,"25","uds",unix,same_socket_diff_numa,4194304,20,16.3444,16.663,16.7247,19.692,16.789,20.1157,76.2294
1_incast_191to1,0,"n23m0164.hpc.itc.rwth-aachen.de",0,26,"n23m0164.hpc.itc.rwth-aachen.de",26,"26","uds",unix,same_socket_diff_numa,4194304,20,16.9964,17.3003,17.3969,23.3059,17.4676,76.6178,76.7633
1_incast_191to1,0,"n23m0164.hpc.itc.rwth-aachen.de",0,27,"n23m0164.hpc.itc.rwth-aachen.de",27,"27","uds",unix,same_socket_diff_numa,4194304,20,17.8074,18.0706,18.1319,29.9154,18.3552,77.3375,77.6547
1_incast_191to1,0,"n23m0164.hpc.itc.rwth-aachen.de",0,28,"n23m0164.hpc.itc.rwth-aachen.de",28,"28","uds",unix,same_socket_diff_numa,4194304,20,18.4482,18.6913,18.7567,21.7087,18.8259,22.162,77.9337
1_incast_191to1,0,"n23m0164.hpc.itc.rwth-aachen.de",0,29,"n23m0164.hpc.itc.rwth-aachen.de",29,"29","uds",unix,same_socket_diff_numa,4194304,20,19.0897,19.389,19.4309,25.2654,19.5078,77.81,78.393
1_incast_191to1,0,"n23m0164.hpc.itc.rwth-aachen.de",0,30,"n23m0164.hpc.itc.rwth-aachen.de",30,"30","uds",unix,same_socket_diff_numa,4194304,20,19.741,20.0396,20.1248,22.9658,20.1821,23.4401,77.3171
1_incast_191to1,0,"n23m0164.hpc.itc.rwth-aachen.de",0,31,"n23m0164.hpc.itc.rwth-aachen.de",31,"31","uds",unix,same_socket_diff_numa,4194304,20,20.3836,20.682,20.7844,23.5862,20.8594,24.0689,77.2701
1_incast_191to1,0,"n23m0164.hpc.itc.rwth-aachen.de",0,32,"n23m0164.hpc.itc.rwth-aachen.de",32,"32","uds",unix,same_socket_diff_numa,4194304,20,21.0634,21.4038,21.4768,32.489,21.7532,76.8071,77.0153
1_incast_191to1,0,"n23m0164.hpc.itc.rwth-aachen.de",0,33,"n23m0164.hpc.itc.rwth-aachen.de",33,"33","uds",unix,same_socket_diff_numa,4194304,20,21.3571,22.0135,22.112,27.6063,22.2178,77.1769,77.8385
1_incast_191to1,0,"n23m0164.hpc.itc.rwth-aachen.de",0,34,"n23m0164.hpc.itc.rwth-aachen.de",34,"34","uds",unix,same_socket_diff_numa,4194304,20,22.0273,22.7505,22.8073,28.1339,22.9495,76.3617,76.444
1_incast_191to1,0,"n23m0164.hpc.itc.rwth-aachen.de",0,35,"n23m0164.hpc.itc.rwth-aachen.de",35,"35","uds",unix,same_socket_diff_numa,4194304,20,22.7004,23.3873,23.4974,34.1893,23.8172,77.3873,78.1249
1_incast_191to1,0,"n23m0164.hpc.itc.rwth-aachen.de",0,36,"n23m0164.hpc.itc.rwth-aachen.de",36,"36","uds",unix,same_socket_diff_numa,4194304,20,23.3947,24.0759,24.1617,29.4209,24.3202,76.8782,77.2661
1_incast_191to1,0,"n23m0164.hpc.itc.rwth-aachen.de",0,37,"n23m0164.hpc.itc.rwth-aachen.de",37,"37","uds",unix,same_socket_diff_numa,4194304,20,24.0807,24.7657,24.8503,24.8376,24.9646,25.1773,25.4509
1_incast_191to1,0,"n23m0164.hpc.itc.rwth-aachen.de",0,38,"n23m0164.hpc.itc.rwth-aachen.de",38,"38","uds",unix,same_socket_diff_numa,4194304,20,24.7706,25.4676,25.5559,25.5387,25.6466,25.8848,26.1759
1_incast_191to1,0,"n23m0164.hpc.itc.rwth-aachen.de",0,39,"n23m0164.hpc.itc.rwth-aachen.de",39,"39","uds",unix,same_socket_diff_numa,4194304,20,25.0971,26.2032,26.2772,36.3918,26.4468,77.6671,77.6944
1_incast_191to1,0,"n23m0164.hpc.itc.rwth-aachen.de",0,40,"n23m0164.hpc.itc.rwth-aachen.de",40,"40","uds",unix,same_socket_diff_numa,4194304,20,26.182,26.8798,26.9827,29.4791,27.0877,30.1627,77.4225
1_incast_191to1,0,"n23m0164.hpc.itc.rwth-aachen.de",0,41,"n23m0164.hpc.itc.rwth-aachen.de",41,"41","uds",unix,same_socket_diff_numa,4194304,20,26.8796,27.6079,27.6952,30.1416,27.805,30.8293,77.0693
1_incast_191to1,0,"n23m0164.hpc.itc.rwth-aachen.de",0,42,"n23m0164.hpc.itc.rwth-aachen.de",42,"42","uds",unix,same_socket_diff_numa,4194304,20,27.592,28.3037,28.4337,38.1156,28.8022,77.5049,77.7657
1_incast_191to1,0,"n23m0164.hpc.itc.rwth-aachen.de",0,43,"n23m0164.hpc.itc.rwth-aachen.de",43,"43","uds",unix,same_socket_diff_numa,4194304,20,28.3055,29.0426,29.1317,31.5224,29.2614,32.2613,77.2361
1_incast_191to1,0,"n23m0164.hpc.itc.rwth-aachen.de",0,44,"n23m0164.hpc.itc.rwth-aachen.de",44,"44","uds",unix,same_socket_diff_numa,4194304,20,29.0266,29.7346,29.8507,36.8987,30.0288,76.728,77.9493
1_incast_191to1,0,"n23m0164.hpc.itc.rwth-aachen.de",0,45,"n23m0164.hpc.itc.rwth-aachen.de",45,"45","uds",unix,same_socket_diff_numa,4194304,20,30.1906,30.5133,30.5971,37.5894,30.9086,77.3117,77.3475
1_incast_191to1,0,"n23m0164.hpc.itc.rwth-aachen.de",0,46,"n23m0164.hpc.itc.rwth-aachen.de",46,"46","uds",unix,same_socket_diff_numa,4194304,20,30.4861,31.1748,31.2801,33.6131,31.4381,34.4375,77.9157
1_incast_191to1,0,"n23m0164.hpc.itc.rwth-aachen.de",0,47,"n23m0164.hpc.itc.rwth-aachen.de",47,"47","uds",unix,same_socket_diff_numa,4194304,20,31.1995,31.9025,32.0008,36.5315,32.1301,77.603,77.9805
1_incast_191to1,0,"n23m0164.hpc.itc.rwth-aachen.de",0,48,"n23m0164.hpc.itc.rwth-aachen.de",48,"48","uds",unix,cross_socket,4194304,20,32.1256,32.8534,32.9736,39.6171,33.2089,77.857,78.0398
1_incast_191to1,0,"n23m0164.hpc.itc.rwth-aachen.de",0,49,"n23m0164.hpc.itc.rwth-aachen.de",49,"49","uds",unix,cross_socket,4194304,20,33.0367,33.7312,33.899,40.4054,34.3036,77.5194,77.8384
1_incast_191to1,0,"n23m0164.hpc.itc.rwth-aachen.de",0,50,"n23m0164.hpc.itc.rwth-aachen.de",50,"50","uds",unix,cross_socket,4194304,20,33.9654,34.7381,34.8204,41.1836,35.2386,77.0694,77.4466
1_incast_191to1,0,"n23m0164.hpc.itc.rwth-aachen.de",0,51,"n23m0164.hpc.itc.rwth-aachen.de",51,"51","uds",unix,cross_socket,4194304,20,34.8731,35.619,35.7569,41.9606,36.1827,77.3013,77.4046
1_incast_191to1,0,"n23m0164.hpc.itc.rwth-aachen.de",0,52,"n23m0164.hpc.itc.rwth-aachen.de",52,"52","uds",unix,cross_socket,4194304,20,36.3246,36.5307,36.6433,40.7518,37.0081,76.9408,77.3691
1_incast_191to1,0,"n23m0164.hpc.itc.rwth-aachen.de",0,53,"n23m0164.hpc.itc.rwth-aachen.de",53,"53","uds",unix,cross_socket,4194304,20,36.7182,37.452,37.5871,41.5943,37.9303,77.3617,77.5316
1_incast_191to1,0,"n23m0164.hpc.itc.rwth-aachen.de",0,54,"n23m0164.hpc.itc.rwth-aachen.de",54,"54","uds",unix,cross_socket,4194304,20,37.6471,38.3696,38.5924,48.2834,48.9087,77.7968,77.9682
1_incast_191to1,0,"n23m0164.hpc.itc.rwth-aachen.de",0,55,"n23m0164.hpc.itc.rwth-aachen.de",55,"55","uds",unix,cross_socket,4194304,20,38.5669,39.3763,39.553,48.8852,49.0716,77.5261,78.3546
1_incast_191to1,0,"n23m0164.hpc.itc.rwth-aachen.de",0,56,"n23m0164.hpc.itc.rwth-aachen.de",56,"56","uds",unix,cross_socket,4194304,20,39.4907,40.2017,40.3876,47.6722,41.0202,77.7184,77.8644
1_incast_191to1,0,"n23m0164.hpc.itc.rwth-aachen.de",0,57,"n23m0164.hpc.itc.rwth-aachen.de",57,"57","uds",unix,cross_socket,4194304,20,40.4139,41.1315,41.3153,43.1184,41.5134,44.079,77.3136
1_incast_191to1,0,"n23m0164.hpc.itc.rwth-aachen.de",0,58,"n23m0164.hpc.itc.rwth-aachen.de",58,"58","uds",unix,cross_socket,4194304,20,41.3364,42.0785,42.2483,47.5347,42.6134,77.6235,77.7471
1_incast_191to1,0,"n23m0164.hpc.itc.rwth-aachen.de",0,59,"n23m0164.hpc.itc.rwth-aachen.de",59,"59","uds",unix,cross_socket,4194304,20,42.2805,43.0096,43.2081,50.0026,43.739,77.5491,78.1762
1_incast_191to1,0,"n23m0164.hpc.itc.rwth-aachen.de",0,60,"n23m0164.hpc.itc.rwth-aachen.de",60,"60","uds",unix,cross_socket,4194304,20,43.7369,43.9841,44.1408,47.4309,44.4253,76.5784,77.1718
1_incast_191to1,0,"n23m0164.hpc.itc.rwth-aachen.de",0,61,"n23m0164.hpc.itc.rwth-aachen.de",61,"61","uds",unix,cross_socket,4194304,20,44.162,44.8502,45.0401,49.8374,45.4566,77.2204,77.3787
1_incast_191to1,0,"n23m0164.hpc.itc.rwth-aachen.de",0,62,"n23m0164.hpc.itc.rwth-aachen.de",62,"62","uds",unix,cross_socket,4194304,20,45.0707,45.7847,45.9506,50.6911,46.3001,77.9021,77.9913
1_incast_191to1,0,"n23m0164.hpc.itc.rwth-aachen.de",0,63,"n23m0164.hpc.itc.rwth-aachen.de",63,"63","uds",unix,cross_socket,4194304,20,45.9766,46.7259,46.9196,51.4806,47.3028,77.484,77.6821
1_incast_191to1,0,"n23m0164.hpc.itc.rwth-aachen.de",0,64,"n23m0164.hpc.itc.rwth-aachen.de",64,"64","uds",unix,cross_socket,4194304,20,46.8987,47.6523,47.8404,53.6627,48.243,77.5064,78.313
1_incast_191to1,0,"n23m0164.hpc.itc.rwth-aachen.de",0,65,"n23m0164.hpc.itc.rwth-aachen.de",65,"65","uds",unix,cross_socket,4194304,20,48.3159,48.5832,48.7534,51.6399,49.0582,77.3578,77.3594
1_incast_191to1,0,"n23m0164.hpc.itc.rwth-aachen.de",0,66,"n23m0164.hpc.itc.rwth-aachen.de",66,"66","uds",unix,cross_socket,4194304,20,49.2287,49.487,49.6646,53.8234,50.0945,77.5418,77.7742
1_incast_191to1,0,"n23m0164.hpc.itc.rwth-aachen.de",0,67,"n23m0164.hpc.itc.rwth-aachen.de",67,"67","uds",unix,cross_socket,4194304,20,50.1506,50.422,50.6775,57.2905,57.8875,77.4675,77.5969
1_incast_191to1,0,"n23m0164.hpc.itc.rwth-aachen.de",0,68,"n23m0164.hpc.itc.rwth-aachen.de",68,"68","uds",unix,cross_socket,4194304,20,50.9398,51.315,51.5418,54.0577,51.8521,76.2998,77.3952
1_incast_191to1,0,"n23m0164.hpc.itc.rwth-aachen.de",0,69,"n23m0164.hpc.itc.rwth-aachen.de",69,"69","uds",unix,cross_socket,4194304,20,51.8533,52.2587,52.4335,56.1915,52.7838,77.8482,78.3263
1_incast_191to1,0,"n23m0164.hpc.itc.rwth-aachen.de",0,70,"n23m0164.hpc.itc.rwth-aachen.de",70,"70","uds",unix,cross_socket,4194304,20,52.7668,53.1955,53.3927,56.9596,53.699,77.2479,78.0567
1_incast_191to1,0,"n23m0164.hpc.itc.rwth-aachen.de",0,71,"n23m0164.hpc.itc.rwth-aachen.de",71,"71","uds",unix,cross_socket,4194304,20,53.2094,54.0826,54.2899,56.5092,54.5127,76.7495,77.1253
1_incast_191to1,0,"n23m0164.hpc.itc.rwth-aachen.de",0,72,"n23m0164.hpc.itc.rwth-aachen.de",72,"72","uds",unix,cross_socket,4194304,20,54.1045,54.9972,55.2061,57.4071,55.5214,77.3711,77.7283
1_incast_191to1,0,"n23m0164.hpc.itc.rwth-aachen.de",0,73,"n23m0164.hpc.itc.rwth-aachen.de",73,"73","uds",unix,cross_socket,4194304,20,55.0245,56.0094,56.1926,59.3015,56.5507,77.1844,77.6967
1_incast_191to1,0,"n23m0164.hpc.itc.rwth-aachen.de",0,74,"n23m0164.hpc.itc.rwth-aachen.de",74,"74","uds",unix,cross_socket,4194304,20,55.9695,56.8713,57.1236,61.0497,57.6806,77.3322,77.441
1_incast_191to1,0,"n23m0164.hpc.itc.rwth-aachen.de",0,75,"n23m0164.hpc.itc.rwth-aachen.de",75,"75","uds",unix,cross_socket,4194304,20,56.8795,57.8848,58.0691,61.7921,58.4039,77.4679,77.5682
1_incast_191to1,0,"n23m0164.hpc.itc.rwth-aachen.de",0,76,"n23m0164.hpc.itc.rwth-aachen.de",76,"76","uds",unix,cross_socket,4194304,20,57.8088,58.6913,58.9206,60.7309,59.2188,77.3507,77.6073
1_incast_191to1,0,"n23m0164.hpc.itc.rwth-aachen.de",0,77,"n23m0164.hpc.itc.rwth-aachen.de",77,"77","uds",unix,cross_socket,4194304,20,58.7563,59.6108,59.8434,62.4244,60.1597,77.4481,78.0105
1_incast_191to1,0,"n23m0164.hpc.itc.rwth-aachen.de",0,78,"n23m0164.hpc.itc.rwth-aachen.de",78,"78","uds",unix,cross_socket,4194304,20,59.6771,60.5169,60.7692,62.4154,61.0762,77.2614,77.9564
1_incast_191to1,0,"n23m0164.hpc.itc.rwth-aachen.de",0,79,"n23m0164.hpc.itc.rwth-aachen.de",79,"79","uds",unix,cross_socket,4194304,20,61.0742,61.6777,61.8651,66.3948,76.6174,77.4194,77.9379
1_incast_191to1,0,"n23m0164.hpc.itc.rwth-aachen.de",0,80,"n23m0164.hpc.itc.rwth-aachen.de",80,"80","uds",unix,cross_socket,4194304,20,61.5673,62.4019,62.6243,63.3488,62.8859,64.3202,77.5865
1_incast_191to1,0,"n23m0164.hpc.itc.rwth-aachen.de",0,81,"n23m0164.hpc.itc.rwth-aachen.de",81,"81","uds",unix,cross_socket,4194304,20,62.4906,63.4599,63.7093,66.2978,64.2004,77.3396,77.5844
1_incast_191to1,0,"n23m0164.hpc.itc.rwth-aachen.de",0,82,"n23m0164.hpc.itc.rwth-aachen.de",82,"82","uds",unix,cross_socket,4194304,20,63.4158,64.2638,64.4827,67.0652,64.9655,77.7512,78.3386
1_incast_191to1,0,"n23m0164.hpc.itc.rwth-aachen.de",0,83,"n23m0164.hpc.itc.rwth-aachen.de",83,"83","uds",unix,cross_socket,4194304,20,64.3384,65.2039,65.4372,67.2082,65.7654,77.8588,77.9977
1_incast_191to1,0,"n23m0164.hpc.itc.rwth-aachen.de",0,84,"n23m0164.hpc.itc.rwth-aachen.de",84,"84","uds",unix,cross_socket,4194304,20,65.2401,66.2522,66.4055,67.3908,66.6986,76.4426,77.033
1_incast_191to1,0,"n23m0164.hpc.itc.rwth-aachen.de",0,85,"n23m0164.hpc.itc.rwth-aachen.de",85,"85","uds",unix,cross_socket,4194304,20,66.1522,67.0581,67.2527,68.2697,67.564,77.4956,77.9113
1_incast_191to1,0,"n23m0164.hpc.itc.rwth-aachen.de",0,86,"n23m0164.hpc.itc.rwth-aachen.de",86,"86","uds",unix,cross_socket,4194304,20,67.4896,68.1096,68.3328,69.568,68.7013,77.0087,77.3964
1_incast_191to1,0,"n23m0164.hpc.itc.rwth-aachen.de",0,87,"n23m0164.hpc.itc.rwth-aachen.de",87,"87","uds",unix,cross_socket,4194304,20,68.0358,69.0418,69.2625,70.2994,69.6421,76.5859,77.2647
1_incast_191to1,0,"n23m0164.hpc.itc.rwth-aachen.de",0,88,"n23m0164.hpc.itc.rwth-aachen.de",88,"88","uds",unix,cross_socket,4194304,20,68.9608,69.833,70.0241,70.0273,70.2977,70.6231,71.0093
1_incast_191to1,0,"n23m0164.hpc.itc.rwth-aachen.de",0,89,"n23m0164.hpc.itc.rwth-aachen.de",89,"89","uds",unix,cross_socket,4194304,20,69.8967,70.7697,70.959,71.9249,71.4847,77.7688,77.8822
1_incast_191to1,0,"n23m0164.hpc.itc.rwth-aachen.de",0,90,"n23m0164.hpc.itc.rwth-aachen.de",90,"90","uds",unix,cross_socket,4194304,20,70.8308,71.8135,72.0908,73.4876,76.8139,77.7249,78.0448
1_incast_191to1,0,"n23m0164.hpc.itc.rwth-aachen.de",0,91,"n23m0164.hpc.itc.rwth-aachen.de",91,"91","uds",unix,cross_socket,4194304,20,72.0915,72.7393,72.9096,73.7522,73.3457,77.6748,78.2975
1_incast_191to1,0,"n23m0164.hpc.itc.rwth-aachen.de",0,92,"n23m0164.hpc.itc.rwth-aachen.de",92,"92","uds",unix,cross_socket,4194304,20,72.7317,73.6401,73.8576,74.1125,74.1839,76.614,77.2692
1_incast_191to1,0,"n23m0164.hpc.itc.rwth-aachen.de",0,93,"n23m0164.hpc.itc.rwth-aachen.de",93,"93","uds",unix,cross_socket,4194304,20,73.666,74.5712,74.9125,75.2075,75.4052,77.5363,77.9262
1_incast_191to1,0,"n23m0164.hpc.itc.rwth-aachen.de",0,94,"n23m0164.hpc.itc.rwth-aachen.de",94,"94","uds",unix,cross_socket,4194304,20,74.6033,75.4111,75.6141,75.6375,75.9223,76.283,76.5842
1_incast_191to1,0,"n23m0164.hpc.itc.rwth-aachen.de",0,95,"n23m0164.hpc.itc.rwth-aachen.de",95,"95","uds",unix,cross_socket,4194304,20,75.5518,76.3243,76.5985,76.6165,76.9273,77.3,77.5069
2_fanout_1to191,0,"n23m0164.hpc.itc.rwth-aachen.de",0,1,"n23m0164.hpc.itc.rwth-aachen.de",1,"1","uds",unix,same_numa,4194304,20,82.761,83.3662,83.6856,84.1102,84.635,85.9639,87.4429
2_fanout_1to191,0,"n23m0164.hpc.itc.rwth-aachen.de",0,2,"n23m0164.hpc.itc.rwth-aachen.de",2,"2","uds",unix,same_numa,4194304,20,82.1674,82.6567,83.0341,83.4476,83.9982,85.2742,86.858
2_fanout_1to191,0,"n23m0164.hpc.itc.rwth-aachen.de",0,3,"n23m0164.hpc.itc.rwth-aachen.de",3,"3","uds",unix,same_numa,4194304,20,81.5172,82.1009,82.3988,82.8315,83.378,84.6488,86.2201
2_fanout_1to191,0,"n23m0164.hpc.itc.rwth-aachen.de",0,4,"n23m0164.hpc.itc.rwth-aachen.de",4,"4","uds",unix,same_numa,4194304,20,80.1436,80.7252,81.1097,81.5104,82.0409,83.3926,84.9264
2_fanout_1to191,0,"n23m0164.hpc.itc.rwth-aachen.de",0,5,"n23m0164.hpc.itc.rwth-aachen.de",5,"5","uds",unix,same_numa,4194304,20,78.2149,79.4259,79.8819,80.1608,80.5588,82.2193,83.8159
2_fanout_1to191,0,"n23m0164.hpc.itc.rwth-aachen.de",0,6,"n23m0164.hpc.itc.rwth-aachen.de",6,"6","uds",unix,same_numa,4194304,20,1.79193,1.81503,1.86977,21.2671,21.4835,79.7572,79.9732
2_fanout_1to191,0,"n23m0164.hpc.itc.rwth-aachen.de",0,7,"n23m0164.hpc.itc.rwth-aachen.de",7,"7","uds",unix,same_numa,4194304,20,1.8563,2.41675,2.45186,10.0983,2.54742,78.6063,79.4262
2_fanout_1to191,0,"n23m0164.hpc.itc.rwth-aachen.de",0,8,"n23m0164.hpc.itc.rwth-aachen.de",8,"8","uds",unix,same_numa,4194304,20,2.44693,3.01821,3.06356,6.90953,3.15777,7.38812,80.5573
2_fanout_1to191,0,"n23m0164.hpc.itc.rwth-aachen.de",0,9,"n23m0164.hpc.itc.rwth-aachen.de",9,"9","uds",unix,same_numa,4194304,20,3.06566,3.60545,3.67327,3.66327,3.76668,3.89167,4.57021
2_fanout_1to191,0,"n23m0164.hpc.itc.rwth-aachen.de",0,10,"n23m0164.hpc.itc.rwth-aachen.de",10,"10","uds",unix,same_numa,4194304,20,3.69072,4.20952,4.27149,15.4701,4.431,78.9343,81.0335
2_fanout_1to191,0,"n23m0164.hpc.itc.rwth-aachen.de",0,11,"n23m0164.hpc.itc.rwth-aachen.de",11,"11","uds",unix,same_numa,4194304,20,4.32143,4.80947,4.89488,16.2931,4.96603,81.2525,82.8683
2_fanout_1to191,0,"n23m0164.hpc.itc.rwth-aachen.de",0,12,"n23m0164.hpc.itc.rwth-aachen.de",12,"12","uds",unix,same_socket_diff_numa,4194304,20,4.91153,5.3581,5.45474,9.13535,5.53146,9.77298,79.2294
2_fanout_1to191,0,"n23m0164.hpc.itc.rwth-aachen.de",0,13,"n23m0164.hpc.itc.rwth-aachen.de",13,"13","uds",unix,same_socket_diff_numa,4194304,20,5.5273,5.93822,6.04066,9.70508,6.18354,10.316,79.5359
2_fanout_1to191,0,"n23m0164.hpc.itc.rwth-aachen.de",0,14,"n23m0164.hpc.itc.rwth-aachen.de",14,"14","uds",unix,same_socket_diff_numa,4194304,20,6.14897,6.49507,6.64245,10.2996,6.76534,10.9186,80.2097
2_fanout_1to191,0,"n23m0164.hpc.itc.rwth-aachen.de",0,15,"n23m0164.hpc.itc.rwth-aachen.de",15,"15","uds",unix,same_socket_diff_numa,4194304,20,6.82587,7.15433,7.28802,17.9388,7.48696,78.523,79.5942
2_fanout_1to191,0,"n23m0164.hpc.itc.rwth-aachen.de",0,16,"n23m0164.hpc.itc.rwth-aachen.de",16,"16","uds",unix,same_socket_diff_numa,4194304,20,6.8994,7.58136,7.83567,14.828,7.97198,78.1935,79.9485
2_fanout_1to191,0,"n23m0164.hpc.itc.rwth-aachen.de",0,17,"n23m0164.hpc.itc.rwth-aachen.de",17,"17","uds",unix,same_socket_diff_numa,4194304,20,7.49192,8.14038,8.44829,15.4523,8.61472,79.3829,80.0611
2_fanout_1to191,0,"n23m0164.hpc.itc.rwth-aachen.de",0,18,"n23m0164.hpc.itc.rwth-aachen.de",18,"18","uds",unix,same_socket_diff_numa,4194304,20,8.07791,8.73249,8.98048,15.9376,9.14323,78.3306,80.6937
2_fanout_1to191,0,"n23m0164.hpc.itc.rwth-aachen.de",0,19,"n23m0164.hpc.itc.rwth-aachen.de",19,"19","uds",unix,same_socket_diff_numa,4194304,20,8.69135,9.33128,9.56862,12.8679,9.73309,13.4169,77.0994
2_fanout_1to191,0,"n23m0164.hpc.itc.rwth-aachen.de",0,20,"n23m0164.hpc.itc.rwth-aachen.de",20,"20","uds",unix,same_socket_diff_numa,4194304,20,9.29122,9.86088,10.0731,20.3777,10.4963,79.1699,79.6267
2_fanout_1to191,0,"n23m0164.hpc.itc.rwth-aachen.de",0,21,"n23m0164.hpc.itc.rwth-aachen.de",21,"21","uds",unix,same_socket_diff_numa,4194304,20,9.89668,10.4359,10.5707,24.4947,10.958,81.0998,83.1373
2_fanout_1to191,0,"n23m0164.hpc.itc.rwth-aachen.de",0,22,"n23m0164.hpc.itc.rwth-aachen.de",22,"22","uds",unix,same_socket_diff_numa,4194304,20,10.5177,11.0277,11.1661,17.9842,11.5657,79.0255,79.0978
2_fanout_1to191,0,"n23m0164.hpc.itc.rwth-aachen.de",0,23,"n23m0164.hpc.itc.rwth-aachen.de",23,"23","uds",unix,same_socket_diff_numa,4194304,20,11.1291,11.6277,11.7879,15.2481,12.0806,15.8823,80.7283
2_fanout_1to191,0,"n23m0164.hpc.itc.rwth-aachen.de",0,24,"n23m0164.hpc.itc.rwth-aachen.de",24,"24","uds",unix,same_socket_diff_numa,4194304,20,11.764,12.1806,12.3795,15.6839,12.6792,16.5478,78.0156
2_fanout_1to191,0,"n23m0164.hpc.itc.rwth-aachen.de",0,25,"n23m0164.hpc.itc.rwth-aachen.de",25,"25","uds",unix,same_socket_diff_numa,4194304,20,12.3679,12.7511,13.1216,19.5446,13.3657,77.8308,79.1938
2_fanout_1to191,0,"n23m0164.hpc.itc.rwth-aachen.de",0,26,"n23m0164.hpc.itc.rwth-aachen.de",26,"26","uds",unix,same_socket_diff_numa,4194304,20,12.9836,13.2223,13.5385,16.9178,13.8727,17.5358,80.5951
2_fanout_1to191,0,"n23m0164.hpc.itc.rwth-aachen.de",0,27,"n23m0164.hpc.itc.rwth-aachen.de",27,"27","uds",unix,same_socket_diff_numa,4194304,20,13.5707,13.9578,14.1568,20.7977,14.6119,79.2516,81.2017
2_fanout_1to191,0,"n23m0164.hpc.itc.rwth-aachen.de",0,28,"n23m0164.hpc.itc.rwth-aachen.de",28,"28","uds",unix,same_socket_diff_numa,4194304,20,14.1713,14.5206,14.8691,18.0569,15.112,18.7158,79.6527
2_fanout_1to191,0,"n23m0164.hpc.itc.rwth-aachen.de",0,29,"n23m0164.hpc.itc.rwth-aachen.de",29,"29","uds",unix,same_socket_diff_numa,4194304,20,14.7549,15.0639,15.3258,18.5842,15.8171,19.2581,78.6132
2_fanout_1to191,0,"n23m0164.hpc.itc.rwth-aachen.de",0,30,"n23m0164.hpc.itc.rwth-aachen.de",30,"30","uds",unix,same_socket_diff_numa,4194304,20,15.478,15.6844,16.0914,25.5961,16.6225,79.8289,80.4831
2_fanout_1to191,0,"n23m0164.hpc.itc.rwth-aachen.de",0,31,"n23m0164.hpc.itc.rwth-aachen.de",31,"31","uds",unix,same_socket_diff_numa,4194304,20,15.9359,16.2282,16.5273,22.9608,17.2125,79.2237,81.4404
2_fanout_1to191,0,"n23m0164.hpc.itc.rwth-aachen.de",0,32,"n23m0164.hpc.itc.rwth-aachen.de",32,"32","uds",unix,same_socket_diff_numa,4194304,20,16.5296,16.7825,17.1312,20.2282,17.5351,21.0705,78.3702
2_fanout_1to191,0,"n23m0164.hpc.itc.rwth-aachen.de",0,33,"n23m0164.hpc.itc.rwth-aachen.de",33,"33","uds",unix,same_socket_diff_numa,4194304,20,17.1482,17.4804,17.7754,21.003,18.2416,21.8042,81.472
2_fanout_1to191,0,"n23m0164.hpc.itc.rwth-aachen.de",0,34,"n23m0164.hpc.itc.rwth-aachen.de",34,"34","uds",unix,same_socket_diff_numa,4194304,20,17.7317,18.0776,18.3794,27.5759,18.8562,78.8459,82.4299
2_fanout_1to191,0,"n23m0164.hpc.itc.rwth-aachen.de",0,35,"n23m0164.hpc.itc.rwth-aachen.de",35,"35","uds",unix,same_socket_diff_numa,4194304,20,18.335,18.5961,18.8625,30.9127,19.5645,78.8216,80.7494
2_fanout_1to191,0,"n23m0164.hpc.itc.rwth-aachen.de",0,36,"n23m0164.hpc.itc.rwth-aachen.de",36,"36","uds",unix,same_socket_diff_numa,4194304,20,18.9697,19.184,19.4508,19.5629,19.9061,20.5705,20.6738
2_fanout_1to191,0,"n23m0164.hpc.itc.rwth-aachen.de",0,37,"n23m0164.hpc.itc.rwth-aachen.de",37,"37","uds",unix,same_socket_diff_numa,4194304,20,19.6155,19.8138,20.093,20.2176,20.5812,20.9992,21.3437
2_fanout_1to191,0,"n23m0164.hpc.itc.rwth-aachen.de",0,38,"n23m0164.hpc.itc.rwth-aachen.de",38,"38","uds",unix,same_socket_diff_numa,4194304,20,20.2848,20.5211,20.7536,23.7505,21.3032,24.8468,78.5462
2_fanout_1to191,0,"n23m0164.hpc.itc.rwth-aachen.de",0,39,"n23m0164.hpc.itc.rwth-aachen.de",39,"39","uds",unix,same_socket_diff_numa,4194304,20,20.924,21.0213,21.3195,21.4567,21.7967,22.2594,22.6651
2_fanout_1to191,0,"n23m0164.hpc.itc.rwth-aachen.de",0,40,"n23m0164.hpc.itc.rwth-aachen.de",40,"40","uds",unix,same_socket_diff_numa,4194304,20,21.5178,21.6459,21.9343,24.9857,22.5516,26.1562,80.0627
2_fanout_1to191,0,"n23m0164.hpc.itc.rwth-aachen.de",0,41,"n23m0164.hpc.itc.rwth-aachen.de",41,"41","uds",unix,same_socket_diff_numa,4194304,20,22.1703,22.3159,22.5575,22.7323,23.086,23.5387,24.0051
2_fanout_1to191,0,"n23m0164.hpc.itc.rwth-aachen.de",0,42,"n23m0164.hpc.itc.rwth-aachen.de",42,"42","uds",unix,same_socket_diff_numa,4194304,20,22.754,22.9418,23.2634,23.3709,23.6943,24.1861,24.6365
2_fanout_1to191,0,"n23m0164.hpc.itc.rwth-aachen.de",0,43,"n23m0164.hpc.itc.rwth-aachen.de",43,"43","uds",unix,same_socket_diff_numa,4194304,20,23.3919,23.5776,23.7801,23.9998,24.3305,24.8432,25.3063
2_fanout_1to191,0,"n23m0164.hpc.itc.rwth-aachen.de",0,44,"n23m0164.hpc.itc.rwth-aachen.de",44,"44","uds",unix,same_socket_diff_numa,4194304,20,24.0401,24.2702,24.4286,24.6458,24.9131,25.5408,25.9708
2_fanout_1to191,0,"n23m0164.hpc.itc.rwth-aachen.de",0,45,"n23m0164.hpc.itc.rwth-aachen.de",45,"45","uds",unix,same_socket_diff_numa,4194304,20,24.6543,24.9018,25.122,25.3098,25.554,26.1741,26.6489
2_fanout_1to191,0,"n23m0164.hpc.itc.rwth-aachen.de",0,46,"n23m0164.hpc.itc.rwth-aachen.de",46,"46","uds",unix,same_socket_diff_numa,4194304,20,25.2721,25.5187,25.7345,25.9317,26.1915,26.8364,27.2975
2_fanout_1to191,0,"n23m0164.hpc.itc.rwth-aachen.de",0,47,"n23m0164.hpc.itc.rwth-aachen.de",47,"47","uds",unix,same_socket_diff_numa,4194304,20,25.8931,26.1664,26.3878,26.5919,26.8844,27.5095,27.9704
2_fanout_1to191,0,"n23m0164.hpc.itc.rwth-aachen.de",0,48,"n23m0164.hpc.itc.rwth-aachen.de",48,"48","uds",unix,cross_socket,4194304,20,27.0057,27.1709,27.3861,27.6272,27.9155,28.5721,29.0196
2_fanout_1to191,0,"n23m0164.hpc.itc.rwth-aachen.de",0,49,"n23m0164.hpc.itc.rwth-aachen.de",49,"49","uds",unix,cross_socket,4194304,20,28.0818,28.2665,28.5136,28.6821,28.9709,29.6491,30.0953
2_fanout_1to191,0,"n23m0164.hpc.itc.rwth-aachen.de",0,50,"n23m0164.hpc.itc.rwth-aachen.de",50,"50","uds",unix,cross_socket,4194304,20,29.1531,29.3919,29.6132,29.7964,30.1053,30.8202,31.2419
2_fanout_1to191,0,"n23m0164.hpc.itc.rwth-aachen.de",0,51,"n23m0164.hpc.itc.rwth-aachen.de",51,"51","uds",unix,cross_socket,4194304,20,30.2222,30.4768,30.7704,30.9377,31.2465,32.1103,32.3461
2_fanout_1to191,0,"n23m0164.hpc.itc.rwth-aachen.de",0,52,"n23m0164.hpc.itc.rwth-aachen.de",52,"52","uds",unix,cross_socket,4194304,20,31.2819,31.647,31.8855,32.0769,32.417,33.3204,33.5559
2_fanout_1to191,0,"n23m0164.hpc.itc.rwth-aachen.de",0,53,"n23m0164.hpc.itc.rwth-aachen.de",53,"53","uds",unix,cross_socket,4194304,20,32.3425,32.7208,32.9462,33.1574,33.4896,34.5508,35.0202
2_fanout_1to191,0,"n23m0164.hpc.itc.rwth-aachen.de",0,54,"n23m0164.hpc.itc.rwth-aachen.de",54,"54","uds",unix,cross_socket,4194304,20,33.4399,33.8107,34.1476,34.2678,34.6061,35.7474,35.75
2_fanout_1to191,0,"n23m0164.hpc.itc.rwth-aachen.de",0,55,"n23m0164.hpc.itc.rwth-aachen.de",55,"55","uds",unix,cross_socket,4194304,20,34.5289,34.8824,35.1753,35.3733,35.73,36.8592,37.2593
2_fanout_1to191,0,"n23m0164.hpc.itc.rwth-aachen.de",0,56,"n23m0164.hpc.itc.rwth-aachen.de",56,"56","uds",unix,cross_socket,4194304,20,35.6096,35.9521,36.3583,36.459,36.8181,37.9507,38.1554
2_fanout_1to191,0,"n23m0164.hpc.itc.rwth-aachen.de",0,57,"n23m0164.hpc.itc.rwth-aachen.de",57,"57","uds",unix,cross_socket,4194304,20,36.68,37.0194,37.4695,37.5478,37.895,39.0522,39.3667
2_fanout_1to191,0,"n23m0164.hpc.itc.rwth-aachen.de",0,58,"n23m0164.hpc.itc.rwth-aachen.de",58,"58","uds",unix,cross_socket,4194304,20,37.7608,38.0831,38.5643,40.8179,39.0159,42.6635,82.0103
2_fanout_1to191,0,"n23m0164.hpc.itc.rwth-aachen.de",0,59,"n23m0164.hpc.itc.rwth-aachen.de",59,"59","uds",unix,cross_socket,4194304,20,38.8972,39.1916,39.6314,41.828,40.1482,43.7771,80.846
2_fanout_1to191,0,"n23m0164.hpc.itc.rwth-aachen.de",0,60,"n23m0164.hpc.itc.rwth-aachen.de",60,"60","uds",unix,cross_socket,4194304,20,39.9669,40.2483,40.6864,40.8437,41.1943,42.4072,43.0014
2_fanout_1to191,0,"n23m0164.hpc.itc.rwth-aachen.de",0,61,"n23m0164.hpc.itc.rwth-aachen.de",61,"61","uds",unix,cross_socket,4194304,20,41.015,41.305,41.6174,41.9076,42.2512,43.4862,44.1675
2_fanout_1to191,0,"n23m0164.hpc.itc.rwth-aachen.de",0,62,"n23m0164.hpc.itc.rwth-aachen.de",62,"62","uds",unix,cross_socket,4194304,20,42.0727,42.4022,42.6706,42.9797,43.2969,44.5612,45.3267
2_fanout_1to191,0,"n23m0164.hpc.itc.rwth-aachen.de",0,63,"n23m0164.hpc.itc.rwth-aachen.de",63,"63","uds",unix,cross_socket,4194304,20,43.1339,43.4546,43.7911,44.0522,44.3667,45.6227,46.4718
2_fanout_1to191,0,"n23m0164.hpc.itc.rwth-aachen.de",0,64,"n23m0164.hpc.itc.rwth-aachen.de",64,"64","uds",unix,cross_socket,4194304,20,44.17,44.5644,44.8583,45.1326,45.411,46.6805,47.5946
2_fanout_1to191,0,"n23m0164.hpc.itc.rwth-aachen.de",0,65,"n23m0164.hpc.itc.rwth-aachen.de",65,"65","uds",unix,cross_socket,4194304,20,45.1733,45.5549,45.899,46.1695,46.4664,47.7149,48.6882
2_fanout_1to191,0,"n23m0164.hpc.itc.rwth-aachen.de",0,66,"n23m0164.hpc.itc.rwth-aachen.de",66,"66","uds",unix,cross_socket,4194304,20,46.2188,46.5985,46.9023,47.1972,47.5623,48.7927,49.8501
2_fanout_1to191,0,"n23m0164.hpc.itc.rwth-aachen.de",0,67,"n23m0164.hpc.itc.rwth-aachen.de",67,"67","uds",unix,cross_socket,4194304,20,47.2574,47.6884,47.9746,48.33,48.7282,49.8663,50.9894
2_fanout_1to191,0,"n23m0164.hpc.itc.rwth-aachen.de",0,68,"n23m0164.hpc.itc.rwth-aachen.de",68,"68","uds",unix,cross_socket,4194304,20,48.3033,48.74,49.0336,49.3954,49.8058,50.9363,52.1443
2_fanout_1to191,0,"n23m0164.hpc.itc.rwth-aachen.de",0,69,"n23m0164.hpc.itc.rwth-aachen.de",69,"69","uds",unix,cross_socket,4194304,20,49.3378,49.7828,50.0916,50.4623,50.8867,51.9989,53.2674
2_fanout_1to191,0,"n23m0164.hpc.itc.rwth-aachen.de",0,70,"n23m0164.hpc.itc.rwth-aachen.de",70,"70","uds",unix,cross_socket,4194304,20,50.374,50.8183,51.1473,51.5278,52.002,53.3824,54.4278
2_fanout_1to191,0,"n23m0164.hpc.itc.rwth-aachen.de",0,71,"n23m0164.hpc.itc.rwth-aachen.de",71,"71","uds",unix,cross_socket,4194304,20,50.8624,51.8315,52.2481,52.5669,53.1523,54.2754,55.623
2_fanout_1to191,0,"n23m0164.hpc.itc.rwth-aachen.de",0,72,"n23m0164.hpc.itc.rwth-aachen.de",72,"72","uds",unix,cross_socket,4194304,20,52.5206,53.0091,53.3061,53.7031,54.2043,55.3405,56.762
2_fanout_1to191,0,"n23m0164.hpc.itc.rwth-aachen.de",0,73,"n23m0164.hpc.itc.rwth-aachen.de",73,"73","uds",unix,cross_socket,4194304,20,52.5282,53.9734,54.3695,54.6914,55.3131,56.3764,57.855
2_fanout_1to191,0,"n23m0164.hpc.itc.rwth-aachen.de",0,74,"n23m0164.hpc.itc.rwth-aachen.de",74,"74","uds",unix,cross_socket,4194304,20,54.5862,55.0196,55.4271,55.8156,56.3615,57.5296,59.3168
2_fanout_1to191,0,"n23m0164.hpc.itc.rwth-aachen.de",0,75,"n23m0164.hpc.itc.rwth-aachen.de",75,"75","uds",unix,cross_socket,4194304,20,55.64,56.0793,56.4904,56.8756,57.4379,58.6266,60.0694
2_fanout_1to191,0,"n23m0164.hpc.itc.rwth-aachen.de",0,76,"n23m0164.hpc.itc.rwth-aachen.de",76,"76","uds",unix,cross_socket,4194304,20,56.7135,57.1116,57.5426,57.9368,58.4982,59.7499,61.1783
2_fanout_1to191,0,"n23m0164.hpc.itc.rwth-aachen.de",0,77,"n23m0164.hpc.itc.rwth-aachen.de",77,"77","uds",unix,cross_socket,4194304,20,57.7305,58.1686,58.5788,58.9933,59.5773,60.837,62.2735
2_fanout_1to191,0,"n23m0164.hpc.itc.rwth-aachen.de",0,78,"n23m0164.hpc.itc.rwth-aachen.de",78,"78","uds",unix,cross_socket,4194304,20,58.7813,59.2523,59.6426,60.062,60.6392,61.958,63.3404
2_fanout_1to191,0,"n23m0164.hpc.itc.rwth-aachen.de",0,79,"n23m0164.hpc.itc.rwth-aachen.de",79,"79","uds",unix,cross_socket,4194304,20,59.815,60.3137,60.7176,61.1298,61.6917,63.0694,64.4319
2_fanout_1to191,0,"n23m0164.hpc.itc.rwth-aachen.de",0,80,"n23m0164.hpc.itc.rwth-aachen.de",80,"80","uds",unix,cross_socket,4194304,20,60.8388,61.3564,61.7656,62.1958,62.7492,64.1663,65.531
2_fanout_1to191,0,"n23m0164.hpc.itc.rwth-aachen.de",0,81,"n23m0164.hpc.itc.rwth-aachen.de",81,"81","uds",unix,cross_socket,4194304,20,61.8864,62.3926,62.8254,63.2461,63.8123,65.2537,66.6018
2_fanout_1to191,0,"n23m0164.hpc.itc.rwth-aachen.de",0,82,"n23m0164.hpc.itc.rwth-aachen.de",82,"82","uds",unix,cross_socket,4194304,20,62.9473,63.4581,64.0666,64.3778,64.9196,66.3785,67.6956
2_fanout_1to191,0,"n23m0164.hpc.itc.rwth-aachen.de",0,83,"n23m0164.hpc.itc.rwth-aachen.de",83,"83","uds",unix,cross_socket,4194304,20,64.0302,64.5489,65.0159,65.4255,66.021,67.4495,68.8517
2_fanout_1to191,0,"n23m0164.hpc.itc.rwth-aachen.de",0,84,"n23m0164.hpc.itc.rwth-aachen.de",84,"84","uds",unix,cross_socket,4194304,20,65.0507,65.7723,66.2562,66.5769,67.135,68.5172,69.9355
2_fanout_1to191,0,"n23m0164.hpc.itc.rwth-aachen.de",0,85,"n23m0164.hpc.itc.rwth-aachen.de",85,"85","uds",unix,cross_socket,4194304,20,66.0931,66.6577,67.1395,67.5664,68.2441,69.5924,71.0348
2_fanout_1to191,0,"n23m0164.hpc.itc.rwth-aachen.de",0,86,"n23m0164.hpc.itc.rwth-aachen.de",86,"86","uds",unix,cross_socket,4194304,20,67.1248,67.7397,68.1782,68.6266,69.3529,70.6329,72.1235
2_fanout_1to191,0,"n23m0164.hpc.itc.rwth-aachen.de",0,87,"n23m0164.hpc.itc.rwth-aachen.de",87,"87","uds",unix,cross_socket,4194304,20,68.4627,69.0357,69.3752,70.3452,71.0531,73.5085,79.1612
2_fanout_1to191,0,"n23m0164.hpc.itc.rwth-aachen.de",0,88,"n23m0164.hpc.itc.rwth-aachen.de",88,"88","uds",unix,cross_socket,4194304,20,69.5089,70.0654,70.481,71.7548,71.8237,79.4307,80.6217
2_fanout_1to191,0,"n23m0164.hpc.itc.rwth-aachen.de",0,89,"n23m0164.hpc.itc.rwth-aachen.de",89,"89","uds",unix,cross_socket,4194304,20,70.0419,70.9098,71.3114,71.7645,72.6593,73.7713,75.3906
2_fanout_1to191,0,"n23m0164.hpc.itc.rwth-aachen.de",0,90,"n23m0164.hpc.itc.rwth-aachen.de",90,"90","uds",unix,cross_socket,4194304,20,71.105,72.0538,72.3754,72.8479,73.7595,74.8327,76.4719
2_fanout_1to191,0,"n23m0164.hpc.itc.rwth-aachen.de",0,91,"n23m0164.hpc.itc.rwth-aachen.de",91,"91","uds",unix,cross_socket,4194304,20,72.1917,73.1108,73.4633,73.947,74.8662,75.9242,77.5484
2_fanout_1to191,0,"n23m0164.hpc.itc.rwth-aachen.de",0,92,"n23m0164.hpc.itc.rwth-aachen.de",92,"92","uds",unix,cross_socket,4194304,20,73.2595,74.1793,74.5526,75.029,75.9632,76.9913,78.6211
2_fanout_1to191,0,"n23m0164.hpc.itc.rwth-aachen.de",0,93,"n23m0164.hpc.itc.rwth-aachen.de",93,"93","uds",unix,cross_socket,4194304,20,74.2928,75.2098,75.6542,76.1121,77.0884,78.0412,79.6636
2_fanout_1to191,0,"n23m0164.hpc.itc.rwth-aachen.de",0,94,"n23m0164.hpc.itc.rwth-aachen.de",94,"94","uds",unix,cross_socket,4194304,20,75.3651,76.3663,76.769,77.2334,78.2136,79.1313,80.8273
2_fanout_1to191,0,"n23m0164.hpc.itc.rwth-aachen.de",0,95,"n23m0164.hpc.itc.rwth-aachen.de",95,"95","uds",unix,cross_socket,4194304,20,76.5175,77.6835,78.0856,78.489,79.3674,80.2609,82.042
3_full_duplex,0,"n23m0164.hpc.itc.rwth-aachen.de",0,1,"n23m0164.hpc.itc.rwth-aachen.de",1,"1","uds",unix,same_numa,4194304,20,162.266,162.948,163.113,163.268,163.603,164.205,164.394
3_full_duplex,0,"n23m0164.hpc.itc.rwth-aachen.de",0,2,"n23m0164.hpc.itc.rwth-aachen.de",2,"2","uds",unix,same_numa,4194304,20,161.591,162.293,162.484,162.586,162.927,163.469,163.672
3_full_duplex,0,"n23m0164.hpc.itc.rwth-aachen.de",0,3,"n23m0164.hpc.itc.rwth-aachen.de",3,"3","uds",unix,same_numa,4194304,20,160.178,161.016,161.599,161.469,161.79,162.221,163.035
3_full_duplex,0,"n23m0164.hpc.itc.rwth-aachen.de",0,4,"n23m0164.hpc.itc.rwth-aachen.de",4,"4","uds",unix,same_numa,4194304,20,157.985,159.399,160.242,160.121,161.026,161.346,161.438
3_full_duplex,0,"n23m0164.hpc.itc.rwth-aachen.de",0,5,"n23m0164.hpc.itc.rwth-aachen.de",5,"5","uds",unix,same_numa,4194304,20,82.1851,82.6065,156.42,123.831,157.244,158.359,160.617
3_full_duplex,0,"n23m0164.hpc.itc.rwth-aachen.de",0,6,"n23m0164.hpc.itc.rwth-aachen.de",6,"6","uds",unix,same_numa,4194304,20,81.3579,81.9121,82.6315,82.6006,83.0854,83.8448,83.8839
3_full_duplex,0,"n23m0164.hpc.itc.rwth-aachen.de",0,7,"n23m0164.hpc.itc.rwth-aachen.de",7,"7","uds",unix,same_numa,4194304,20,81.9763,82.5447,83.3058,83.2108,83.6895,84.4277,84.4663
3_full_duplex,0,"n23m0164.hpc.itc.rwth-aachen.de",0,8,"n23m0164.hpc.itc.rwth-aachen.de",8,"8","uds",unix,same_numa,4194304,20,82.5701,83.1111,83.7327,83.8016,84.2944,85.0494,85.5044
3_full_duplex,0,"n23m0164.hpc.itc.rwth-aachen.de",0,9,"n23m0164.hpc.itc.rwth-aachen.de",9,"9","uds",unix,same_numa,4194304,20,83.1596,83.7466,84.3269,84.413,84.9932,85.6301,85.698
3_full_duplex,0,"n23m0164.hpc.itc.rwth-aachen.de",0,10,"n23m0164.hpc.itc.rwth-aachen.de",10,"10","uds",unix,same_numa,4194304,20,83.7629,84.3557,85.2804,88.5593,85.5942,89.7929,156.026
3_full_duplex,0,"n23m0164.hpc.itc.rwth-aachen.de",0,11,"n23m0164.hpc.itc.rwth-aachen.de",11,"11","uds",unix,same_numa,4194304,20,84.3673,85.0384,85.5448,85.6282,86.1747,86.8693,86.927
3_full_duplex,0,"n23m0164.hpc.itc.rwth-aachen.de",0,12,"n23m0164.hpc.itc.rwth-aachen.de",12,"12","uds",unix,same_socket_diff_numa,4194304,20,84.967,85.5669,86.4592,89.7137,86.7907,90.918,155.595
3_full_duplex,0,"n23m0164.hpc.itc.rwth-aachen.de",0,13,"n23m0164.hpc.itc.rwth-aachen.de",13,"13","uds",unix,same_socket_diff_numa,4194304,20,85.5715,86.1989,86.9559,86.8237,87.3366,88.0583,88.09
3_full_duplex,0,"n23m0164.hpc.itc.rwth-aachen.de",0,14,"n23m0164.hpc.itc.rwth-aachen.de",14,"14","uds",unix,same_socket_diff_numa,4194304,20,86.1704,86.7722,87.3748,87.4253,88.0456,88.6468,88.6971
3_full_duplex,0,"n23m0164.hpc.itc.rwth-aachen.de",0,15,"n23m0164.hpc.itc.rwth-aachen.de",15,"15","uds",unix,same_socket_diff_numa,4194304,20,86.7586,87.3699,87.9534,88.0006,88.5306,89.2237,89.2607
3_full_duplex,0,"n23m0164.hpc.itc.rwth-aachen.de",0,16,"n23m0164.hpc.itc.rwth-aachen.de",16,"16","uds",unix,same_socket_diff_numa,4194304,20,87.3463,87.9282,88.5404,88.5742,89.0763,89.8029,89.858
3_full_duplex,0,"n23m0164.hpc.itc.rwth-aachen.de",0,17,"n23m0164.hpc.itc.rwth-aachen.de",17,"17","uds",unix,same_socket_diff_numa,4194304,20,87.9259,88.5417,89.1377,89.1757,89.6914,90.4269,90.4548
3_full_duplex,0,"n23m0164.hpc.itc.rwth-aachen.de",0,18,"n23m0164.hpc.itc.rwth-aachen.de",18,"18","uds",unix,same_socket_diff_numa,4194304,20,88.5196,89.1349,89.7109,89.7687,90.2956,90.9865,91.0185
3_full_duplex,0,"n23m0164.hpc.itc.rwth-aachen.de",0,19,"n23m0164.hpc.itc.rwth-aachen.de",19,"19","uds",unix,same_socket_diff_numa,4194304,20,89.0928,89.6805,90.3078,90.3594,90.8807,91.5669,91.6323
3_full_duplex,0,"n23m0164.hpc.itc.rwth-aachen.de",0,20,"n23m0164.hpc.itc.rwth-aachen.de",20,"20","uds",unix,same_socket_diff_numa,4194304,20,89.6811,90.2294,90.8816,90.9436,91.5106,92.1861,92.2595
3_full_duplex,0,"n23m0164.hpc.itc.rwth-aachen.de",0,21,"n23m0164.hpc.itc.rwth-aachen.de",21,"21","uds",unix,same_socket_diff_numa,4194304,20,90.2618,90.8784,91.5088,91.5326,92.0811,92.7306,92.7888
3_full_duplex,0,"n23m0164.hpc.itc.rwth-aachen.de",0,22,"n23m0164.hpc.itc.rwth-aachen.de",22,"22","uds",unix,same_socket_diff_numa,4194304,20,90.864,91.4802,92.0687,92.141,92.6689,93.3742,93.4701
3_full_duplex,0,"n23m0164.hpc.itc.rwth-aachen.de",0,23,"n23m0164.hpc.itc.rwth-aachen.de",23,"23","uds",unix,same_socket_diff_numa,4194304,20,91.3696,91.9953,92.635,95.9375,93.3455,97.1183,158.851
3_full_duplex,0,"n23m0164.hpc.itc.rwth-aachen.de",0,24,"n23m0164.hpc.itc.rwth-aachen.de",24,"24","uds",unix,same_socket_diff_numa,4194304,20,92.0409,92.6697,93.2822,93.3426,93.8604,94.4864,94.5478
3_full_duplex,0,"n23m0164.hpc.itc.rwth-aachen.de",0,25,"n23m0164.hpc.itc.rwth-aachen.de",25,"25","uds",unix,same_socket_diff_numa,4194304,20,92.6997,93.3677,94.2089,97.0437,94.5846,98.149,155.252
3_full_duplex,0,"n23m0164.hpc.itc.rwth-aachen.de",0,26,"n23m0164.hpc.itc.rwth-aachen.de",26,"26","uds",unix,same_socket_diff_numa,4194304,20,93.3109,93.8974,94.6098,94.5558,95.1231,95.7276,95.7847
3_full_duplex,0,"n23m0164.hpc.itc.rwth-aachen.de",0,27,"n23m0164.hpc.itc.rwth-aachen.de",27,"27","uds",unix,same_socket_diff_numa,4194304,20,93.8826,94.5075,95.2978,98.1098,95.7971,99.2834,154.864
3_full_duplex,0,"n23m0164.hpc.itc.rwth-aachen.de",0,28,"n23m0164.hpc.itc.rwth-aachen.de",28,"28","uds",unix,same_socket_diff_numa,4194304,20,94.5164,95.2139,95.6967,95.7346,96.3559,96.9355,96.9579
3_full_duplex,0,"n23m0164.hpc.itc.rwth-aachen.de",0,29,"n23m0164.hpc.itc.rwth-aachen.de",29,"29","uds",unix,same_socket_diff_numa,4194304,20,95.0972,95.7376,96.4604,102.6,97.1161,159.033,159.356
3_full_duplex,0,"n23m0164.hpc.itc.rwth-aachen.de",0,30,"n23m0164.hpc.itc.rwth-aachen.de",30,"30","uds",unix,same_socket_diff_numa,4194304,20,95.7475,96.417,96.9722,99.865,97.6104,101.027,155.374
3_full_duplex,0,"n23m0164.hpc.itc.rwth-aachen.de",0,31,"n23m0164.hpc.itc.rwth-aachen.de",31,"31","uds",unix,same_socket_diff_numa,4194304,20,96.2313,96.926,97.5956,103.551,98.3086,157.162,158.927
3_full_duplex,0,"n23m0164.hpc.itc.rwth-aachen.de",0,32,"n23m0164.hpc.itc.rwth-aachen.de",32,"32","uds",unix,same_socket_diff_numa,4194304,20,96.9354,97.6455,98.1531,101.07,98.823,102.281,156.822
3_full_duplex,0,"n23m0164.hpc.itc.rwth-aachen.de",0,33,"n23m0164.hpc.itc.rwth-aachen.de",33,"33","uds",unix,same_socket_diff_numa,4194304,20,97.6656,98.2618,98.8313,104.399,99.5972,153.644,155.031
3_full_duplex,0,"n23m0164.hpc.itc.rwth-aachen.de",0,34,"n23m0164.hpc.itc.rwth-aachen.de",34,"34","uds",unix,same_socket_diff_numa,4194304,20,97.8958,98.681,99.3484,102.278,99.986,103.665,160.363
3_full_duplex,0,"n23m0164.hpc.itc.rwth-aachen.de",0,35,"n23m0164.hpc.itc.rwth-aachen.de",35,"35","uds",unix,same_socket_diff_numa,4194304,20,98.6217,99.3489,100.018,102.671,100.792,103.873,153.851
3_full_duplex,0,"n23m0164.hpc.itc.rwth-aachen.de",0,36,"n23m0164.hpc.itc.rwth-aachen.de",36,"36","uds",unix,same_socket_diff_numa,4194304,20,99.2373,99.9823,100.676,103.32,101.36,104.622,155.585
3_full_duplex,0,"n23m0164.hpc.itc.rwth-aachen.de",0,37,"n23m0164.hpc.itc.rwth-aachen.de",37,"37","uds",unix,same_socket_diff_numa,4194304,20,99.8651,100.504,101.298,104.023,102.007,105.732,157.477
3_full_duplex,0,"n23m0164.hpc.itc.rwth-aachen.de",0,38,"n23m0164.hpc.itc.rwth-aachen.de",38,"38","uds",unix,same_socket_diff_numa,4194304,20,100.594,101.267,102.03,110.174,102.863,157.905,157.919
3_full_duplex,0,"n23m0164.hpc.itc.rwth-aachen.de",0,39,"n23m0164.hpc.itc.rwth-aachen.de",39,"39","uds",unix,same_socket_diff_numa,4194304,20,101.081,101.843,102.597,110.521,103.408,156.905,158.829
3_full_duplex,0,"n23m0164.hpc.itc.rwth-aachen.de",0,40,"n23m0164.hpc.itc.rwth-aachen.de",40,"40","uds",unix,same_socket_diff_numa,4194304,20,101.778,102.398,102.996,105.631,103.697,107.109,156.228
3_full_duplex,0,"n23m0164.hpc.itc.rwth-aachen.de",0,41,"n23m0164.hpc.itc.rwth-aachen.de",41,"41","uds",unix,same_socket_diff_numa,4194304,20,102.5,103.105,103.875,108.904,104.419,155.889,156.275
3_full_duplex,0,"n23m0164.hpc.itc.rwth-aachen.de",0,42,"n23m0164.hpc.itc.rwth-aachen.de",42,"42","uds",unix,same_socket_diff_numa,4194304,20,103.107,103.505,104.291,114.838,105.322,158.606,159.714
3_full_duplex,0,"n23m0164.hpc.itc.rwth-aachen.de",0,43,"n23m0164.hpc.itc.rwth-aachen.de",43,"43","uds",unix,same_socket_diff_numa,4194304,20,103.736,104.051,104.939,109.859,105.61,154.711,156.821
3_full_duplex,0,"n23m0164.hpc.itc.rwth-aachen.de",0,44,"n23m0164.hpc.itc.rwth-aachen.de",44,"44","uds",unix,same_socket_diff_numa,4194304,20,104.396,104.684,105.427,105.471,106.193,106.647,106.902
3_full_duplex,0,"n23m0164.hpc.itc.rwth-aachen.de",0,45,"n23m0164.hpc.itc.rwth-aachen.de",45,"45","uds",unix,same_socket_diff_numa,4194304,20,105.019,105.381,106.581,113.62,107.167,155.132,158.146
3_full_duplex,0,"n23m0164.hpc.itc.rwth-aachen.de",0,46,"n23m0164.hpc.itc.rwth-aachen.de",46,"46","uds",unix,same_socket_diff_numa,4194304,20,105.463,106.016,106.967,111.676,107.814,154.832,156.929
3_full_duplex,0,"n23m0164.hpc.itc.rwth-aachen.de",0,47,"n23m0164.hpc.itc.rwth-aachen.de",47,"47","uds",unix,same_socket_diff_numa,4194304,20,106.088,106.665,107.472,112.279,108.316,156.724,157.277
3_full_duplex,0,"n23m0164.hpc.itc.rwth-aachen.de",0,48,"n23m0164.hpc.itc.rwth-aachen.de",48,"48","uds",unix,cross_socket,4194304,20,106.941,107.588,108.57,115.432,109.482,155.649,156.626
3_full_duplex,0,"n23m0164.hpc.itc.rwth-aachen.de",0,49,"n23m0164.hpc.itc.rwth-aachen.de",49,"49","uds",unix,cross_socket,4194304,20,107.797,108.269,108.806,116.37,110.217,158.2,161.316
3_full_duplex,0,"n23m0164.hpc.itc.rwth-aachen.de",0,50,"n23m0164.hpc.itc.rwth-aachen.de",50,"50","uds",unix,cross_socket,4194304,20,108.782,109.281,110.02,117.424,111.036,160.214,160.793
3_full_duplex,0,"n23m0164.hpc.itc.rwth-aachen.de",0,51,"n23m0164.hpc.itc.rwth-aachen.de",51,"51","uds",unix,cross_socket,4194304,20,109.817,110.373,110.687,113.442,111.795,114.917,159.92
3_full_duplex,0,"n23m0164.hpc.itc.rwth-aachen.de",0,52,"n23m0164.hpc.itc.rwth-aachen.de",52,"52","uds",unix,cross_socket,4194304,20,110.915,111.357,112.272,121.233,113.19,159.535,160.428
3_full_duplex,0,"n23m0164.hpc.itc.rwth-aachen.de",0,53,"n23m0164.hpc.itc.rwth-aachen.de",53,"53","uds",unix,cross_socket,4194304,20,111.97,112.331,113.157,120.088,114.145,160.22,160.919
3_full_duplex,0,"n23m0164.hpc.itc.rwth-aachen.de",0,54,"n23m0164.hpc.itc.rwth-aachen.de",54,"54","uds",unix,cross_socket,4194304,20,112.985,113.301,113.868,116.026,114.868,117.536,154.058
3_full_duplex,0,"n23m0164.hpc.itc.rwth-aachen.de",0,55,"n23m0164.hpc.itc.rwth-aachen.de",55,"55","uds",unix,cross_socket,4194304,20,113.516,114.774,115.909,132.658,158.492,161.05,161.283
3_full_duplex,0,"n23m0164.hpc.itc.rwth-aachen.de",0,56,"n23m0164.hpc.itc.rwth-aachen.de",56,"56","uds",unix,cross_socket,4194304,20,114.337,115.131,116.297,122.399,117.424,159.679,160.992
3_full_duplex,0,"n23m0164.hpc.itc.rwth-aachen.de",0,57,"n23m0164.hpc.itc.rwth-aachen.de",57,"57","uds",unix,cross_socket,4194304,20,115.367,116.172,117.339,121.224,118.036,159.045,159.506
3_full_duplex,0,"n23m0164.hpc.itc.rwth-aachen.de",0,58,"n23m0164.hpc.itc.rwth-aachen.de",58,"58","uds",unix,cross_socket,4194304,20,116.445,117.161,117.63,121.988,118.783,159.774,160.148
3_full_duplex,0,"n23m0164.hpc.itc.rwth-aachen.de",0,59,"n23m0164.hpc.itc.rwth-aachen.de",59,"59","uds",unix,cross_socket,4194304,20,117.487,118.175,118.708,121.023,119.848,122.671,160.672
3_full_duplex,0,"n23m0164.hpc.itc.rwth-aachen.de",0,60,"n23m0164.hpc.itc.rwth-aachen.de",60,"60","uds",unix,cross_socket,4194304,20,118.556,119.433,121.066,137.908,160.192,161.366,162.201
3_full_duplex,0,"n23m0164.hpc.itc.rwth-aachen.de",0,61,"n23m0164.hpc.itc.rwth-aachen.de",61,"61","uds",unix,cross_socket,4194304,20,119.573,120.242,120.876,122.826,121.892,124.352,158.375
3_full_duplex,0,"n23m0164.hpc.itc.rwth-aachen.de",0,62,"n23m0164.hpc.itc.rwth-aachen.de",62,"62","uds",unix,cross_socket,4194304,20,120.61,121.276,122.25,125.661,123.004,156.494,160.201
3_full_duplex,0,"n23m0164.hpc.itc.rwth-aachen.de",0,63,"n23m0164.hpc.itc.rwth-aachen.de",63,"63","uds",unix,cross_socket,4194304,20,121.415,122.332,123.293,128.346,124.192,158.835,160.397
3_full_duplex,0,"n23m0164.hpc.itc.rwth-aachen.de",0,64,"n23m0164.hpc.itc.rwth-aachen.de",64,"64","uds",unix,cross_socket,4194304,20,122.448,123.386,124.649,131.128,125.545,160.311,160.584
3_full_duplex,0,"n23m0164.hpc.itc.rwth-aachen.de",0,65,"n23m0164.hpc.itc.rwth-aachen.de",65,"65","uds",unix,cross_socket,4194304,20,123.459,124.131,125.401,135.113,156.557,160.806,162.275
3_full_duplex,0,"n23m0164.hpc.itc.rwth-aachen.de",0,66,"n23m0164.hpc.itc.rwth-aachen.de",66,"66","uds",unix,cross_socket,4194304,20,124.522,125.134,126.096,129.329,127.069,159.66,159.969
3_full_duplex,0,"n23m0164.hpc.itc.rwth-aachen.de",0,67,"n23m0164.hpc.itc.rwth-aachen.de",67,"67","uds",unix,cross_socket,4194304,20,125.639,126.194,126.563,128.546,127.813,130.459,160.161
3_full_duplex,0,"n23m0164.hpc.itc.rwth-aachen.de",0,68,"n23m0164.hpc.itc.rwth-aachen.de",68,"68","uds",unix,cross_socket,4194304,20,126.687,127.387,128.242,134.045,129.538,159.468,160.226
3_full_duplex,0,"n23m0164.hpc.itc.rwth-aachen.de",0,69,"n23m0164.hpc.itc.rwth-aachen.de",69,"69","uds",unix,cross_socket,4194304,20,127.034,128.249,128.913,131.962,129.898,159.283,160.264
3_full_duplex,0,"n23m0164.hpc.itc.rwth-aachen.de",0,70,"n23m0164.hpc.itc.rwth-aachen.de",70,"70","uds",unix,cross_socket,4194304,20,128.141,129.442,130.49,135.841,131.513,159.496,160.556
3_full_duplex,0,"n23m0164.hpc.itc.rwth-aachen.de",0,71,"n23m0164.hpc.itc.rwth-aachen.de",71,"71","uds",unix,cross_socket,4194304,20,129.238,130.214,131.101,133.863,132.267,159.351,160.549
3_full_duplex,0,"n23m0164.hpc.itc.rwth-aachen.de",0,72,"n23m0164.hpc.itc.rwth-aachen.de",72,"72","uds",unix,cross_socket,4194304,20,130.291,131.385,132.3,136.063,133.631,159.786,160.677
3_full_duplex,0,"n23m0164.hpc.itc.rwth-aachen.de",0,73,"n23m0164.hpc.itc.rwth-aachen.de",73,"73","uds",unix,cross_socket,4194304,20,131.408,132.286,133.098,138.27,134.468,160.275,160.332
3_full_duplex,0,"n23m0164.hpc.itc.rwth-aachen.de",0,74,"n23m0164.hpc.itc.rwth-aachen.de",74,"74","uds",unix,cross_socket,4194304,20,132.354,133.216,133.847,136.528,134.985,159.524,161.428
3_full_duplex,0,"n23m0164.hpc.itc.rwth-aachen.de",0,75,"n23m0164.hpc.itc.rwth-aachen.de",75,"75","uds",unix,cross_socket,4194304,20,133.107,134.275,135.231,138.384,136.153,158.406,158.525
3_full_duplex,0,"n23m0164.hpc.itc.rwth-aachen.de",0,76,"n23m0164.hpc.itc.rwth-aachen.de",76,"76","uds",unix,cross_socket,4194304,20,134.148,135.424,136.291,140.535,137.478,158.676,159.548
3_full_duplex,0,"n23m0164.hpc.itc.rwth-aachen.de",0,77,"n23m0164.hpc.itc.rwth-aachen.de",77,"77","uds",unix,cross_socket,4194304,20,135.297,136.414,137.09,140.217,138.317,158.591,159.589
3_full_duplex,0,"n23m0164.hpc.itc.rwth-aachen.de",0,78,"n23m0164.hpc.itc.rwth-aachen.de",78,"78","uds",unix,cross_socket,4194304,20,136.395,137.225,138.43,143.324,144.33,160.403,161.617
3_full_duplex,0,"n23m0164.hpc.itc.rwth-aachen.de",0,79,"n23m0164.hpc.itc.rwth-aachen.de",79,"79","uds",unix,cross_socket,4194304,20,137.468,138.335,139.443,141.027,140.058,158.417,158.938
3_full_duplex,0,"n23m0164.hpc.itc.rwth-aachen.de",0,80,"n23m0164.hpc.itc.rwth-aachen.de",80,"80","uds",unix,cross_socket,4194304,20,138.007,139.387,140.624,144.02,141.538,159.986,160.685
3_full_duplex,0,"n23m0164.hpc.itc.rwth-aachen.de",0,81,"n23m0164.hpc.itc.rwth-aachen.de",81,"81","uds",unix,cross_socket,4194304,20,139.101,140.077,141.098,143.555,142.204,158.21,160.054
3_full_duplex,0,"n23m0164.hpc.itc.rwth-aachen.de",0,82,"n23m0164.hpc.itc.rwth-aachen.de",82,"82","uds",unix,cross_socket,4194304,20,140.169,141.148,141.982,144.41,143.186,158.859,160.028
3_full_duplex,0,"n23m0164.hpc.itc.rwth-aachen.de",0,83,"n23m0164.hpc.itc.rwth-aachen.de",83,"83","uds",unix,cross_socket,4194304,20,141.224,142.234,142.825,143.046,143.877,144.583,144.616
3_full_duplex,0,"n23m0164.hpc.itc.rwth-aachen.de",0,84,"n23m0164.hpc.itc.rwth-aachen.de",84,"84","uds",unix,cross_socket,4194304,20,142.706,143.581,144.94,147.105,145.693,157.904,159.721
3_full_duplex,0,"n23m0164.hpc.itc.rwth-aachen.de",0,85,"n23m0164.hpc.itc.rwth-aachen.de",85,"85","uds",unix,cross_socket,4194304,20,143.386,144.552,145.969,148.4,149.187,158.793,159.994
3_full_duplex,0,"n23m0164.hpc.itc.rwth-aachen.de",0,86,"n23m0164.hpc.itc.rwth-aachen.de",86,"86","uds",unix,cross_socket,4194304,20,143.991,145.198,145.97,147.716,147.278,158.556,158.616
3_full_duplex,0,"n23m0164.hpc.itc.rwth-aachen.de",0,87,"n23m0164.hpc.itc.rwth-aachen.de",87,"87","uds",unix,cross_socket,4194304,20,145.077,146.188,147.502,149.762,151.011,159.078,160.276
3_full_duplex,0,"n23m0164.hpc.itc.rwth-aachen.de",0,88,"n23m0164.hpc.itc.rwth-aachen.de",88,"88","uds",unix,cross_socket,4194304,20,146.092,147.379,148.215,149.456,149.211,157.766,158.811
3_full_duplex,0,"n23m0164.hpc.itc.rwth-aachen.de",0,89,"n23m0164.hpc.itc.rwth-aachen.de",89,"89","uds",unix,cross_socket,4194304,20,147.247,148.189,148.887,149.513,149.953,151.626,159.044
3_full_duplex,0,"n23m0164.hpc.itc.rwth-aachen.de",0,90,"n23m0164.hpc.itc.rwth-aachen.de",90,"90","uds",unix,cross_socket,4194304,20,148.299,149.43,149.985,150.63,151.072,152.705,159.935
3_full_duplex,0,"n23m0164.hpc.itc.rwth-aachen.de",0,91,"n23m0164.hpc.itc.rwth-aachen.de",91,"91","uds",unix,cross_socket,4194304,20,149.419,150.522,151.495,152.489,152.54,158.148,161.044
3_full_duplex,0,"n23m0164.hpc.itc.rwth-aachen.de",0,92,"n23m0164.hpc.itc.rwth-aachen.de",92,"92","uds",unix,cross_socket,4194304,20,150.487,151.395,152.66,153.378,153.642,159.268,160.917
3_full_duplex,0,"n23m0164.hpc.itc.rwth-aachen.de",0,93,"n23m0164.hpc.itc.rwth-aachen.de",93,"93","uds",unix,cross_socket,4194304,20,151.754,152.483,153.262,154.176,155.201,157.808,159.639
3_full_duplex,0,"n23m0164.hpc.itc.rwth-aachen.de",0,94,"n23m0164.hpc.itc.rwth-aachen.de",94,"94","uds",unix,cross_socket,4194304,20,152.031,153.32,154.116,154.498,155.143,157.317,158.442
3_full_duplex,0,"n23m0164.hpc.itc.rwth-aachen.de",0,95,"n23m0164.hpc.itc.rwth-aachen.de",95,"95","uds",unix,cross_socket,4194304,20,153.187,154.442,155.14,155.191,156.103,156.563,156.983
4_gather_scatter_bulk_sync,0,"n23m0164.hpc.itc.rwth-aachen.de",0,1,"n23m0164.hpc.itc.rwth-aachen.de",1,"1","uds",unix,same_numa,4194304,20,156.853,157.396,157.678,157.738,157.795,158.357,160.465
4_gather_scatter_bulk_sync,0,"n23m0164.hpc.itc.rwth-aachen.de",0,2,"n23m0164.hpc.itc.rwth-aachen.de",2,"2","uds",unix,same_numa,4194304,20,156.275,156.786,157.056,157.112,157.225,157.725,159.817
4_gather_scatter_bulk_sync,0,"n23m0164.hpc.itc.rwth-aachen.de",0,3,"n23m0164.hpc.itc.rwth-aachen.de",3,"3","uds",unix,same_numa,4194304,20,155.638,156.086,156.388,156.469,156.538,157.167,159.205
4_gather_scatter_bulk_sync,0,"n23m0164.hpc.itc.rwth-aachen.de",0,4,"n23m0164.hpc.itc.rwth-aachen.de",4,"4","uds",unix,same_numa,4194304,20,154.892,155.455,155.744,155.812,155.879,156.444,158.489
4_gather_scatter_bulk_sync,0,"n23m0164.hpc.itc.rwth-aachen.de",0,5,"n23m0164.hpc.itc.rwth-aachen.de",5,"5","uds",unix,same_numa,4194304,20,152.158,152.83,153.079,153.259,153.318,154.961,155.881
4_gather_scatter_bulk_sync,0,"n23m0164.hpc.itc.rwth-aachen.de",0,6,"n23m0164.hpc.itc.rwth-aachen.de",6,"6","uds",unix,same_numa,4194304,20,79.3071,79.4785,79.5757,90.4866,79.9184,151.576,154.137
4_gather_scatter_bulk_sync,0,"n23m0164.hpc.itc.rwth-aachen.de",0,7,"n23m0164.hpc.itc.rwth-aachen.de",7,"7","uds",unix,same_numa,4194304,20,79.6156,80.0798,80.2317,87.4722,80.5277,152.158,153.29
4_gather_scatter_bulk_sync,0,"n23m0164.hpc.itc.rwth-aachen.de",0,8,"n23m0164.hpc.itc.rwth-aachen.de",8,"8","uds",unix,same_numa,4194304,20,80.2261,80.6319,80.687,84.3049,80.9773,84.8676,151.307
4_gather_scatter_bulk_sync,0,"n23m0164.hpc.itc.rwth-aachen.de",0,9,"n23m0164.hpc.itc.rwth-aachen.de",9,"9","uds",unix,same_numa,4194304,20,80.8005,81.2068,81.3551,84.9463,81.5569,85.52,153.178
4_gather_scatter_bulk_sync,0,"n23m0164.hpc.itc.rwth-aachen.de",0,10,"n23m0164.hpc.itc.rwth-aachen.de",10,"10","uds",unix,same_numa,4194304,20,81.3943,81.677,81.8873,92.5264,82.2753,152.832,153.058
4_gather_scatter_bulk_sync,0,"n23m0164.hpc.itc.rwth-aachen.de",0,11,"n23m0164.hpc.itc.rwth-aachen.de",11,"11","uds",unix,same_numa,4194304,20,81.9825,82.286,82.4289,89.4702,82.7323,151.75,152.565
4_gather_scatter_bulk_sync,0,"n23m0164.hpc.itc.rwth-aachen.de",0,12,"n23m0164.hpc.itc.rwth-aachen.de",12,"12","uds",unix,same_socket_diff_numa,4194304,20,82.4501,82.8906,82.9999,86.4638,83.2452,87.1686,151.802
4_gather_scatter_bulk_sync,0,"n23m0164.hpc.itc.rwth-aachen.de",0,13,"n23m0164.hpc.itc.rwth-aachen.de",13,"13","uds",unix,same_socket_diff_numa,4194304,20,83.0284,83.4565,83.601,87.1038,83.8318,87.7814,153.279
4_gather_scatter_bulk_sync,0,"n23m0164.hpc.itc.rwth-aachen.de",0,14,"n23m0164.hpc.itc.rwth-aachen.de",14,"14","uds",unix,same_socket_diff_numa,4194304,20,83.6202,84.045,84.1783,87.5948,84.3456,88.2953,152.595
4_gather_scatter_bulk_sync,0,"n23m0164.hpc.itc.rwth-aachen.de",0,15,"n23m0164.hpc.itc.rwth-aachen.de",15,"15","uds",unix,same_socket_diff_numa,4194304,20,84.2106,84.5839,84.707,91.4189,84.9039,151.359,152.678
4_gather_scatter_bulk_sync,0,"n23m0164.hpc.itc.rwth-aachen.de",0,16,"n23m0164.hpc.itc.rwth-aachen.de",16,"16","uds",unix,same_socket_diff_numa,4194304,20,84.6894,85.1386,85.3524,95.3632,85.5253,152.488,153.133
4_gather_scatter_bulk_sync,0,"n23m0164.hpc.itc.rwth-aachen.de",0,17,"n23m0164.hpc.itc.rwth-aachen.de",17,"17","uds",unix,same_socket_diff_numa,4194304,20,85.3334,85.6876,85.7361,92.438,86.0289,151.888,152.234
4_gather_scatter_bulk_sync,0,"n23m0164.hpc.itc.rwth-aachen.de",0,18,"n23m0164.hpc.itc.rwth-aachen.de",18,"18","uds",unix,same_socket_diff_numa,4194304,20,85.8309,86.2729,86.387,92.9266,86.5971,151.829,152.22
4_gather_scatter_bulk_sync,0,"n23m0164.hpc.itc.rwth-aachen.de",0,19,"n23m0164.hpc.itc.rwth-aachen.de",19,"19","uds",unix,same_socket_diff_numa,4194304,20,86.4773,86.7747,86.8696,93.3724,87.0869,151.386,152.155
4_gather_scatter_bulk_sync,0,"n23m0164.hpc.itc.rwth-aachen.de",0,20,"n23m0164.hpc.itc.rwth-aachen.de",20,"20","uds",unix,same_socket_diff_numa,4194304,20,86.9876,87.3718,87.4403,97.3441,87.6345,153.054,155.106
4_gather_scatter_bulk_sync,0,"n23m0164.hpc.itc.rwth-aachen.de",0,21,"n23m0164.hpc.itc.rwth-aachen.de",21,"21","uds",unix,same_socket_diff_numa,4194304,20,87.4489,87.8892,88.0099,94.4331,88.2201,151.925,152.893
4_gather_scatter_bulk_sync,0,"n23m0164.hpc.itc.rwth-aachen.de",0,22,"n23m0164.hpc.itc.rwth-aachen.de",22,"22","uds",unix,same_socket_diff_numa,4194304,20,88.0442,88.3831,88.5697,88.5468,88.6915,88.9146,89.2433
4_gather_scatter_bulk_sync,0,"n23m0164.hpc.itc.rwth-aachen.de",0,23,"n23m0164.hpc.itc.rwth-aachen.de",23,"23","uds",unix,same_socket_diff_numa,4194304,20,88.6174,88.9659,89.1423,89.1532,89.3499,89.4935,89.8103
4_gather_scatter_bulk_sync,0,"n23m0164.hpc.itc.rwth-aachen.de",0,24,"n23m0164.hpc.itc.rwth-aachen.de",24,"24","uds",unix,same_socket_diff_numa,4194304,20,89.2062,89.5288,89.7136,99.1264,89.9822,153.476,153.703
4_gather_scatter_bulk_sync,0,"n23m0164.hpc.itc.rwth-aachen.de",0,25,"n23m0164.hpc.itc.rwth-aachen.de",25,"25","uds",unix,same_socket_diff_numa,4194304,20,89.7862,90.0526,90.3021,90.2835,90.4947,90.6545,90.959
4_gather_scatter_bulk_sync,0,"n23m0164.hpc.itc.rwth-aachen.de",0,26,"n23m0164.hpc.itc.rwth-aachen.de",26,"26","uds",unix,same_socket_diff_numa,4194304,20,90.4258,90.647,90.922,97.0295,91.145,151.816,153.074
4_gather_scatter_bulk_sync,0,"n23m0164.hpc.itc.rwth-aachen.de",0,27,"n23m0164.hpc.itc.rwth-aachen.de",27,"27","uds",unix,same_socket_diff_numa,4194304,20,90.8897,91.1836,91.4952,97.4239,91.701,150.705,152.185
4_gather_scatter_bulk_sync,0,"n23m0164.hpc.itc.rwth-aachen.de",0,28,"n23m0164.hpc.itc.rwth-aachen.de",28,"28","uds",unix,same_socket_diff_numa,4194304,20,91.5488,91.732,91.8705,97.9976,92.2479,151.69,153.414
4_gather_scatter_bulk_sync,0,"n23m0164.hpc.itc.rwth-aachen.de",0,29,"n23m0164.hpc.itc.rwth-aachen.de",29,"29","uds",unix,same_socket_diff_numa,4194304,20,92.1393,92.3633,92.6331,104.449,92.9977,152.079,153.563
4_gather_scatter_bulk_sync,0,"n23m0164.hpc.itc.rwth-aachen.de",0,30,"n23m0164.hpc.itc.rwth-aachen.de",30,"30","uds",unix,same_socket_diff_numa,4194304,20,92.7213,92.85,93.0215,96.0806,93.3689,96.8291,152.808
4_gather_scatter_bulk_sync,0,"n23m0164.hpc.itc.rwth-aachen.de",0,31,"n23m0164.hpc.itc.rwth-aachen.de",31,"31","uds",unix,same_socket_diff_numa,4194304,20,93.3582,93.4758,93.7277,99.7422,93.9378,153.244,154.903
4_gather_scatter_bulk_sync,0,"n23m0164.hpc.itc.rwth-aachen.de",0,32,"n23m0164.hpc.itc.rwth-aachen.de",32,"32","uds",unix,same_socket_diff_numa,4194304,20,93.5883,94.0686,94.1747,97.0986,94.5596,97.8477,151.037
4_gather_scatter_bulk_sync,0,"n23m0164.hpc.itc.rwth-aachen.de",0,33,"n23m0164.hpc.itc.rwth-aachen.de",33,"33","uds",unix,same_socket_diff_numa,4194304,20,94.1654,94.6278,94.7548,100.568,95.089,152.432,152.485
4_gather_scatter_bulk_sync,0,"n23m0164.hpc.itc.rwth-aachen.de",0,34,"n23m0164.hpc.itc.rwth-aachen.de",34,"34","uds",unix,same_socket_diff_numa,4194304,20,94.7525,95.1849,95.3459,95.4041,95.6035,95.9051,95.9284
4_gather_scatter_bulk_sync,0,"n23m0164.hpc.itc.rwth-aachen.de",0,35,"n23m0164.hpc.itc.rwth-aachen.de",35,"35","uds",unix,same_socket_diff_numa,4194304,20,95.6338,95.8461,96.0416,104.414,96.3694,152.047,152.339
4_gather_scatter_bulk_sync,0,"n23m0164.hpc.itc.rwth-aachen.de",0,36,"n23m0164.hpc.itc.rwth-aachen.de",36,"36","uds",unix,same_socket_diff_numa,4194304,20,95.9773,96.3724,96.6309,102.075,96.9518,151.17,151.781
4_gather_scatter_bulk_sync,0,"n23m0164.hpc.itc.rwth-aachen.de",0,37,"n23m0164.hpc.itc.rwth-aachen.de",37,"37","uds",unix,same_socket_diff_numa,4194304,20,96.5967,96.8895,97.1544,105.311,97.4298,152.232,152.345
4_gather_scatter_bulk_sync,0,"n23m0164.hpc.itc.rwth-aachen.de",0,38,"n23m0164.hpc.itc.rwth-aachen.de",38,"38","uds",unix,same_socket_diff_numa,4194304,20,97.2514,97.4911,97.6883,100.48,98.0249,101.062,152.964
4_gather_scatter_bulk_sync,0,"n23m0164.hpc.itc.rwth-aachen.de",0,39,"n23m0164.hpc.itc.rwth-aachen.de",39,"39","uds",unix,same_socket_diff_numa,4194304,20,97.9467,98.1329,98.3693,103.813,98.6231,153.013,153.206
4_gather_scatter_bulk_sync,0,"n23m0164.hpc.itc.rwth-aachen.de",0,40,"n23m0164.hpc.itc.rwth-aachen.de",40,"40","uds",unix,same_socket_diff_numa,4194304,20,98.4622,98.7324,98.9207,98.9694,99.1767,99.5192,99.5706
4_gather_scatter_bulk_sync,0,"n23m0164.hpc.itc.rwth-aachen.de",0,41,"n23m0164.hpc.itc.rwth-aachen.de",41,"41","uds",unix,same_socket_diff_numa,4194304,20,99.0885,99.2922,99.6256,104.728,99.9712,150.617,151.459
4_gather_scatter_bulk_sync,0,"n23m0164.hpc.itc.rwth-aachen.de",0,42,"n23m0164.hpc.itc.rwth-aachen.de",42,"42","uds",unix,same_socket_diff_numa,4194304,20,99.543,99.9539,100,102.752,100.492,103.347,151.972
4_gather_scatter_bulk_sync,0,"n23m0164.hpc.itc.rwth-aachen.de",0,43,"n23m0164.hpc.itc.rwth-aachen.de",43,"43","uds",unix,same_socket_diff_numa,4194304,20,100.153,100.541,100.72,105.967,101.17,151.968,153.397
4_gather_scatter_bulk_sync,0,"n23m0164.hpc.itc.rwth-aachen.de",0,44,"n23m0164.hpc.itc.rwth-aachen.de",44,"44","uds",unix,same_socket_diff_numa,4194304,20,100.798,101.165,101.411,106.451,101.719,151.042,153.162
4_gather_scatter_bulk_sync,0,"n23m0164.hpc.itc.rwth-aachen.de",0,45,"n23m0164.hpc.itc.rwth-aachen.de",45,"45","uds",unix,same_socket_diff_numa,4194304,20,101.396,101.706,101.891,101.987,102.275,102.599,102.615
4_gather_scatter_bulk_sync,0,"n23m0164.hpc.itc.rwth-aachen.de",0,46,"n23m0164.hpc.itc.rwth-aachen.de",46,"46","uds",unix,same_socket_diff_numa,4194304,20,101.937,102.395,102.519,110.152,103.174,153.821,154.138
4_gather_scatter_bulk_sync,0,"n23m0164.hpc.itc.rwth-aachen.de",0,47,"n23m0164.hpc.itc.rwth-aachen.de",47,"47","uds",unix,same_socket_diff_numa,4194304,20,102.687,102.97,103.112,105.699,103.493,106.498,152.954
4_gather_scatter_bulk_sync,0,"n23m0164.hpc.itc.rwth-aachen.de",0,48,"n23m0164.hpc.itc.rwth-aachen.de",48,"48","uds",unix,cross_socket,4194304,20,103.52,103.955,104.383,118.818,151.796,153.847,154.74
4_gather_scatter_bulk_sync,0,"n23m0164.hpc.itc.rwth-aachen.de",0,49,"n23m0164.hpc.itc.rwth-aachen.de",49,"49","uds",unix,cross_socket,4194304,20,103.843,104.766,104.993,114.694,105.523,154.724,154.946
4_gather_scatter_bulk_sync,0,"n23m0164.hpc.itc.rwth-aachen.de",0,50,"n23m0164.hpc.itc.rwth-aachen.de",50,"50","uds",unix,cross_socket,4194304,20,104.786,105.71,105.964,110.588,106.326,152.566,154.216
4_gather_scatter_bulk_sync,0,"n23m0164.hpc.itc.rwth-aachen.de",0,51,"n23m0164.hpc.itc.rwth-aachen.de",51,"51","uds",unix,cross_socket,4194304,20,105.783,106.319,106.986,113.653,107.486,151.958,154.152
4_gather_scatter_bulk_sync,0,"n23m0164.hpc.itc.rwth-aachen.de",0,52,"n23m0164.hpc.itc.rwth-aachen.de",52,"52","uds",unix,cross_socket,4194304,20,106.791,107.276,107.726,110.052,108.13,111.016,155.072
4_gather_scatter_bulk_sync,0,"n23m0164.hpc.itc.rwth-aachen.de",0,53,"n23m0164.hpc.itc.rwth-aachen.de",53,"53","uds",unix,cross_socket,4194304,20,107.762,108.247,108.799,110.901,109.194,111.845,152.648
4_gather_scatter_bulk_sync,0,"n23m0164.hpc.itc.rwth-aachen.de",0,54,"n23m0164.hpc.itc.rwth-aachen.de",54,"54","uds",unix,cross_socket,4194304,20,108.754,109.197,109.78,116.147,110.31,153.324,154.709
4_gather_scatter_bulk_sync,0,"n23m0164.hpc.itc.rwth-aachen.de",0,55,"n23m0164.hpc.itc.rwth-aachen.de",55,"55","uds",unix,cross_socket,4194304,20,109.769,110.226,110.545,117.101,111.198,154.758,155.107
4_gather_scatter_bulk_sync,0,"n23m0164.hpc.itc.rwth-aachen.de",0,56,"n23m0164.hpc.itc.rwth-aachen.de",56,"56","uds",unix,cross_socket,4194304,20,110.879,111.277,111.689,117.661,112.2,151.946,152.159
4_gather_scatter_bulk_sync,0,"n23m0164.hpc.itc.rwth-aachen.de",0,57,"n23m0164.hpc.itc.rwth-aachen.de",57,"57","uds",unix,cross_socket,4194304,20,110.81,112.304,112.616,122.821,122.489,155.053,155.343
4_gather_scatter_bulk_sync,0,"n23m0164.hpc.itc.rwth-aachen.de",0,58,"n23m0164.hpc.itc.rwth-aachen.de",58,"58","uds",unix,cross_socket,4194304,20,111.872,113.228,113.712,119.697,114.205,155.118,155.636
4_gather_scatter_bulk_sync,0,"n23m0164.hpc.itc.rwth-aachen.de",0,59,"n23m0164.hpc.itc.rwth-aachen.de",59,"59","uds",unix,cross_socket,4194304,20,112.886,114.275,114.581,120.491,115.256,154.688,154.745
4_gather_scatter_bulk_sync,0,"n23m0164.hpc.itc.rwth-aachen.de",0,60,"n23m0164.hpc.itc.rwth-aachen.de",60,"60","uds",unix,cross_socket,4194304,20,113.924,115.176,115.419,117.434,115.937,118.656,155.183
4_gather_scatter_bulk_sync,0,"n23m0164.hpc.itc.rwth-aachen.de",0,61,"n23m0164.hpc.itc.rwth-aachen.de",61,"61","uds",unix,cross_socket,4194304,20,114.929,116.151,116.541,122.179,117.265,154.888,154.973
4_gather_scatter_bulk_sync,0,"n23m0164.hpc.itc.rwth-aachen.de",0,62,"n23m0164.hpc.itc.rwth-aachen.de",62,"62","uds",unix,cross_socket,4194304,20,116.116,117.327,117.653,126.993,127.77,155.258,157.78
4_gather_scatter_bulk_sync,0,"n23m0164.hpc.itc.rwth-aachen.de",0,63,"n23m0164.hpc.itc.rwth-aachen.de",63,"63","uds",unix,cross_socket,4194304,20,116.895,118.273,118.522,120.104,119.025,121.391,150.833
4_gather_scatter_bulk_sync,0,"n23m0164.hpc.itc.rwth-aachen.de",0,64,"n23m0164.hpc.itc.rwth-aachen.de",64,"64","uds",unix,cross_socket,4194304,20,117.966,119.325,119.57,126.498,120.425,154.697,155.231
4_gather_scatter_bulk_sync,0,"n23m0164.hpc.itc.rwth-aachen.de",0,65,"n23m0164.hpc.itc.rwth-aachen.de",65,"65","uds",unix,cross_socket,4194304,20,118.968,120.083,120.624,125.481,121.154,154.051,154.992
4_gather_scatter_bulk_sync,0,"n23m0164.hpc.itc.rwth-aachen.de",0,66,"n23m0164.hpc.itc.rwth-aachen.de",66,"66","uds",unix,cross_socket,4194304,20,120.044,121.139,121.58,126.58,122.296,155.477,155.526
4_gather_scatter_bulk_sync,0,"n23m0164.hpc.itc.rwth-aachen.de",0,67,"n23m0164.hpc.itc.rwth-aachen.de",67,"67","uds",unix,cross_socket,4194304,20,121.055,122.14,122.485,125.709,123.195,155.016,155.15
4_gather_scatter_bulk_sync,0,"n23m0164.hpc.itc.rwth-aachen.de",0,68,"n23m0164.hpc.itc.rwth-aachen.de",68,"68","uds",unix,cross_socket,4194304,20,122.092,123.174,123.494,126.512,124.21,153.348,154.596
4_gather_scatter_bulk_sync,0,"n23m0164.hpc.itc.rwth-aachen.de",0,69,"n23m0164.hpc.itc.rwth-aachen.de",69,"69","uds",unix,cross_socket,4194304,20,123.103,124.246,124.654,132.174,132.879,154.947,157.225
4_gather_scatter_bulk_sync,0,"n23m0164.hpc.itc.rwth-aachen.de",0,70,"n23m0164.hpc.itc.rwth-aachen.de",70,"70","uds",unix,cross_socket,4194304,20,124.164,125.53,126.081,134.274,153.813,154.559,154.696
4_gather_scatter_bulk_sync,0,"n23m0164.hpc.itc.rwth-aachen.de",0,71,"n23m0164.hpc.itc.rwth-aachen.de",71,"71","uds",unix,cross_socket,4194304,20,125.186,126.17,126.702,128.012,127.162,129.189,154.404
4_gather_scatter_bulk_sync,0,"n23m0164.hpc.itc.rwth-aachen.de",0,72,"n23m0164.hpc.itc.rwth-aachen.de",72,"72","uds",unix,cross_socket,4194304,20,126.201,127.112,127.728,130.295,128.189,154.426,154.851
4_gather_scatter_bulk_sync,0,"n23m0164.hpc.itc.rwth-aachen.de",0,73,"n23m0164.hpc.itc.rwth-aachen.de",73,"73","uds",unix,cross_socket,4194304,20,127.208,128.137,128.663,129.798,129.031,130.608,154.312
4_gather_scatter_bulk_sync,0,"n23m0164.hpc.itc.rwth-aachen.de",0,74,"n23m0164.hpc.itc.rwth-aachen.de",74,"74","uds",unix,cross_socket,4194304,20,128.725,129.157,129.973,135.851,136.568,154.726,155.146
4_gather_scatter_bulk_sync,0,"n23m0164.hpc.itc.rwth-aachen.de",0,75,"n23m0164.hpc.itc.rwth-aachen.de",75,"75","uds",unix,cross_socket,4194304,20,129.049,130.333,130.84,135.388,131.582,154.786,154.833
4_gather_scatter_bulk_sync,0,"n23m0164.hpc.itc.rwth-aachen.de",0,76,"n23m0164.hpc.itc.rwth-aachen.de",76,"76","uds",unix,cross_socket,4194304,20,130.094,131.399,131.88,135.11,132.341,154.877,155.048
4_gather_scatter_bulk_sync,0,"n23m0164.hpc.itc.rwth-aachen.de",0,77,"n23m0164.hpc.itc.rwth-aachen.de",77,"77","uds",unix,cross_socket,4194304,20,131.115,132.252,132.539,134.985,133.412,155.126,157.348
4_gather_scatter_bulk_sync,0,"n23m0164.hpc.itc.rwth-aachen.de",0,78,"n23m0164.hpc.itc.rwth-aachen.de",78,"78","uds",unix,cross_socket,4194304,20,132.165,133.179,133.727,136.587,134.492,153.573,153.973
4_gather_scatter_bulk_sync,0,"n23m0164.hpc.itc.rwth-aachen.de",0,79,"n23m0164.hpc.itc.rwth-aachen.de",79,"79","uds",unix,cross_socket,4194304,20,133.737,134.34,134.655,137.628,135.231,154.854,155.047
4_gather_scatter_bulk_sync,0,"n23m0164.hpc.itc.rwth-aachen.de",0,80,"n23m0164.hpc.itc.rwth-aachen.de",80,"80","uds",unix,cross_socket,4194304,20,134.049,135.282,135.816,138.435,136.481,154.036,154.307
4_gather_scatter_bulk_sync,0,"n23m0164.hpc.itc.rwth-aachen.de",0,81,"n23m0164.hpc.itc.rwth-aachen.de",81,"81","uds",unix,cross_socket,4194304,20,135.095,136.304,136.765,138.37,137.091,153.739,154.609
4_gather_scatter_bulk_sync,0,"n23m0164.hpc.itc.rwth-aachen.de",0,82,"n23m0164.hpc.itc.rwth-aachen.de",82,"82","uds",unix,cross_socket,4194304,20,136.18,137.371,137.911,141.262,138.684,155.362,157.663
4_gather_scatter_bulk_sync,0,"n23m0164.hpc.itc.rwth-aachen.de",0,83,"n23m0164.hpc.itc.rwth-aachen.de",83,"83","uds",unix,cross_socket,4194304,20,137.212,138.377,138.77,140.872,139.361,153.651,153.992
4_gather_scatter_bulk_sync,0,"n23m0164.hpc.itc.rwth-aachen.de",0,84,"n23m0164.hpc.itc.rwth-aachen.de",84,"84","uds",unix,cross_socket,4194304,20,138.29,139.354,139.667,142.531,140.524,154.622,154.909
4_gather_scatter_bulk_sync,0,"n23m0164.hpc.itc.rwth-aachen.de",0,85,"n23m0164.hpc.itc.rwth-aachen.de",85,"85","uds",unix,cross_socket,4194304,20,139.324,140.37,140.714,142.604,141.249,153.777,154.482
4_gather_scatter_bulk_sync,0,"n23m0164.hpc.itc.rwth-aachen.de",0,86,"n23m0164.hpc.itc.rwth-aachen.de",86,"86","uds",unix,cross_socket,4194304,20,140.408,141.245,141.77,142.901,142.164,153.944,154.193
4_gather_scatter_bulk_sync,0,"n23m0164.hpc.itc.rwth-aachen.de",0,87,"n23m0164.hpc.itc.rwth-aachen.de",87,"87","uds",unix,cross_socket,4194304,20,141.867,142.341,142.75,143.301,143.203,144.595,153.531
4_gather_scatter_bulk_sync,0,"n23m0164.hpc.itc.rwth-aachen.de",0,88,"n23m0164.hpc.itc.rwth-aachen.de",88,"88","uds",unix,cross_socket,4194304,20,142.079,143.421,144.041,146.908,153.812,154.682,156.244
4_gather_scatter_bulk_sync,0,"n23m0164.hpc.itc.rwth-aachen.de",0,89,"n23m0164.hpc.itc.rwth-aachen.de",89,"89","uds",unix,cross_socket,4194304,20,143.125,144.458,144.729,146.075,145.246,154.543,154.839
4_gather_scatter_bulk_sync,0,"n23m0164.hpc.itc.rwth-aachen.de",0,90,"n23m0164.hpc.itc.rwth-aachen.de",90,"90","uds",unix,cross_socket,4194304,20,144.206,145.316,146.036,147.741,148.301,154.351,154.633
4_gather_scatter_bulk_sync,0,"n23m0164.hpc.itc.rwth-aachen.de",0,91,"n23m0164.hpc.itc.rwth-aachen.de",91,"91","uds",unix,cross_socket,4194304,20,145.268,146.221,146.651,147.802,147.389,154.362,155.151
4_gather_scatter_bulk_sync,0,"n23m0164.hpc.itc.rwth-aachen.de",0,92,"n23m0164.hpc.itc.rwth-aachen.de",92,"92","uds",unix,cross_socket,4194304,20,146.88,147.3,147.518,148.316,148.269,153.948,154.061
4_gather_scatter_bulk_sync,0,"n23m0164.hpc.itc.rwth-aachen.de",0,93,"n23m0164.hpc.itc.rwth-aachen.de",93,"93","uds",unix,cross_socket,4194304,20,147.046,148.337,148.763,149.446,149.337,153.82,154.756
4_gather_scatter_bulk_sync,0,"n23m0164.hpc.itc.rwth-aachen.de",0,94,"n23m0164.hpc.itc.rwth-aachen.de",94,"94","uds",unix,cross_socket,4194304,20,148.102,149.408,149.851,150.332,150.405,153.471,154.5
4_gather_scatter_bulk_sync,0,"n23m0164.hpc.itc.rwth-aachen.de",0,95,"n23m0164.hpc.itc.rwth-aachen.de",95,"95","uds",unix,cross_socket,4194304,20,149.176,150.342,150.694,150.982,151.193,152.365,156.792
5_immediate_response,0,"n23m0164.hpc.itc.rwth-aachen.de",0,1,"n23m0164.hpc.itc.rwth-aachen.de",1,"1","uds",unix,same_numa,4194304,20,159.248,159.436,159.823,161.14,159.967,161.949,187.114
5_immediate_response,0,"n23m0164.hpc.itc.rwth-aachen.de",0,2,"n23m0164.hpc.itc.rwth-aachen.de",2,"2","uds",unix,same_numa,4194304,20,157.867,158.052,158.435,159.701,158.596,160.552,184.657
5_immediate_response,0,"n23m0164.hpc.itc.rwth-aachen.de",0,3,"n23m0164.hpc.itc.rwth-aachen.de",3,"3","uds",unix,same_numa,4194304,20,156.418,156.568,156.996,158.433,157.453,159.554,185.263
5_immediate_response,0,"n23m0164.hpc.itc.rwth-aachen.de",0,4,"n23m0164.hpc.itc.rwth-aachen.de",4,"4","uds",unix,same_numa,4194304,20,143.132,149.629,151.243,151.824,152.277,156.27,172.877
5_immediate_response,0,"n23m0164.hpc.itc.rwth-aachen.de",0,5,"n23m0164.hpc.itc.rwth-aachen.de",5,"5","uds",unix,same_numa,4194304,20,137.799,142.99,143.956,145.012,145.444,152.965,164.89
5_immediate_response,0,"n23m0164.hpc.itc.rwth-aachen.de",0,6,"n23m0164.hpc.itc.rwth-aachen.de",6,"6","uds",unix,same_numa,4194304,20,5.02175,5.07644,5.14472,34.6436,5.44625,155.965,167.512
5_immediate_response,0,"n23m0164.hpc.itc.rwth-aachen.de",0,7,"n23m0164.hpc.itc.rwth-aachen.de",7,"7","uds",unix,same_numa,4194304,20,5.69327,6.29881,6.42051,48.527,139.403,155.109,155.392
5_immediate_response,0,"n23m0164.hpc.itc.rwth-aachen.de",0,8,"n23m0164.hpc.itc.rwth-aachen.de",8,"8","uds",unix,same_numa,4194304,20,6.96049,7.12935,7.54309,14.1286,7.6825,15.0978,140.35
5_immediate_response,0,"n23m0164.hpc.itc.rwth-aachen.de",0,9,"n23m0164.hpc.itc.rwth-aachen.de",9,"9","uds",unix,same_numa,4194304,20,8.20305,8.34747,8.7956,37.6297,9.0607,147.008,179.796
5_immediate_response,0,"n23m0164.hpc.itc.rwth-aachen.de",0,10,"n23m0164.hpc.itc.rwth-aachen.de",10,"10","uds",unix,same_numa,4194304,20,9.44187,9.54777,9.68393,16.609,10.1384,18.1693,144.369
5_immediate_response,0,"n23m0164.hpc.itc.rwth-aachen.de",0,11,"n23m0164.hpc.itc.rwth-aachen.de",11,"11","uds",unix,same_numa,4194304,20,10.6677,10.7543,11.0858,24.4098,11.4837,137.771,150.482
5_immediate_response,0,"n23m0164.hpc.itc.rwth-aachen.de",0,12,"n23m0164.hpc.itc.rwth-aachen.de",12,"12","uds",unix,same_socket_diff_numa,4194304,20,11.6651,11.9132,12.0597,31.6495,12.7183,142.056,146.445
5_immediate_response,0,"n23m0164.hpc.itc.rwth-aachen.de",0,13,"n23m0164.hpc.itc.rwth-aachen.de",13,"13","uds",unix,same_socket_diff_numa,4194304,20,12.886,13.1543,13.4612,53.103,140.591,148.441,152.217
5_immediate_response,0,"n23m0164.hpc.itc.rwth-aachen.de",0,14,"n23m0164.hpc.itc.rwth-aachen.de",14,"14","uds",unix,same_socket_diff_numa,4194304,20,13.693,14.2966,14.5403,49.03,47.007,152.458,180.539
5_immediate_response,0,"n23m0164.hpc.itc.rwth-aachen.de",0,15,"n23m0164.hpc.itc.rwth-aachen.de",15,"15","uds",unix,same_socket_diff_numa,4194304,20,14.8692,15.2757,15.5542,15.7431,15.74,16.6019,19.4546
5_immediate_response,0,"n23m0164.hpc.itc.rwth-aachen.de",0,16,"n23m0164.hpc.itc.rwth-aachen.de",16,"16","uds",unix,same_socket_diff_numa,4194304,20,16.2145,16.4755,16.855,42.0157,18.2774,143.004,145.851
5_immediate_response,0,"n23m0164.hpc.itc.rwth-aachen.de",0,17,"n23m0164.hpc.itc.rwth-aachen.de",17,"17","uds",unix,same_socket_diff_numa,4194304,20,17.4142,17.6849,18.0721,37.7893,18.5082,147.835,152.682
5_immediate_response,0,"n23m0164.hpc.itc.rwth-aachen.de",0,18,"n23m0164.hpc.itc.rwth-aachen.de",18,"18","uds",unix,same_socket_diff_numa,4194304,20,18.3241,18.8761,19.2516,57.6552,137.892,154.292,163.082
5_immediate_response,0,"n23m0164.hpc.itc.rwth-aachen.de",0,19,"n23m0164.hpc.itc.rwth-aachen.de",19,"19","uds",unix,same_socket_diff_numa,4194304,20,19.5425,19.8921,20.1076,45.5876,21.7629,145.834,153.305
5_immediate_response,0,"n23m0164.hpc.itc.rwth-aachen.de",0,20,"n23m0164.hpc.itc.rwth-aachen.de",20,"20","uds",unix,same_socket_diff_numa,4194304,20,20.5303,21.0901,21.3103,33.99,21.7094,144.34,147.729
5_immediate_response,0,"n23m0164.hpc.itc.rwth-aachen.de",0,21,"n23m0164.hpc.itc.rwth-aachen.de",21,"21","uds",unix,same_socket_diff_numa,4194304,20,22.0268,22.3414,22.6536,59.373,140.819,146.026,154.165
5_immediate_response,0,"n23m0164.hpc.itc.rwth-aachen.de",0,22,"n23m0164.hpc.itc.rwth-aachen.de",22,"22","uds",unix,same_socket_diff_numa,4194304,20,22.6508,23.2941,23.66,43.4753,24.0154,153.559,171.094
5_immediate_response,0,"n23m0164.hpc.itc.rwth-aachen.de",0,23,"n23m0164.hpc.itc.rwth-aachen.de",23,"23","uds",unix,same_socket_diff_numa,4194304,20,23.8616,24.4675,24.9497,48.5307,26.6252,142.71,144.198
5_immediate_response,0,"n23m0164.hpc.itc.rwth-aachen.de",0,24,"n23m0164.hpc.itc.rwth-aachen.de",24,"24","uds",unix,same_socket_diff_numa,4194304,20,25.1065,25.5848,26.0909,44.4635,26.3369,150.655,152.255
5_immediate_response,0,"n23m0164.hpc.itc.rwth-aachen.de",0,25,"n23m0164.hpc.itc.rwth-aachen.de",25,"25","uds",unix,same_socket_diff_numa,4194304,20,26.1508,26.8826,27.4607,57.1971,59.3831,148.781,151.727
5_immediate_response,0,"n23m0164.hpc.itc.rwth-aachen.de",0,26,"n23m0164.hpc.itc.rwth-aachen.de",26,"26","uds",unix,same_socket_diff_numa,4194304,20,27.2727,27.8226,28.1866,52.4656,28.7599,147.747,162.028
5_immediate_response,0,"n23m0164.hpc.itc.rwth-aachen.de",0,27,"n23m0164.hpc.itc.rwth-aachen.de",27,"27","uds",unix,same_socket_diff_numa,4194304,20,28.508,29.0441,29.5625,47.386,30.0072,146.413,151.558
5_immediate_response,0,"n23m0164.hpc.itc.rwth-aachen.de",0,28,"n23m0164.hpc.itc.rwth-aachen.de",28,"28","uds",unix,same_socket_diff_numa,4194304,20,29.7428,30.1528,30.47,36.4196,30.9116,42.8428,142.376
5_immediate_response,0,"n23m0164.hpc.itc.rwth-aachen.de",0,29,"n23m0164.hpc.itc.rwth-aachen.de",29,"29","uds",unix,same_socket_diff_numa,4194304,20,31.0289,31.5529,31.8183,62.424,60.0087,155.234,178.67
5_immediate_response,0,"n23m0164.hpc.itc.rwth-aachen.de",0,30,"n23m0164.hpc.itc.rwth-aachen.de",30,"30","uds",unix,same_socket_diff_numa,4194304,20,31.7732,32.9525,37.0811,82.9006,140.349,149.634,154.452
5_immediate_response,0,"n23m0164.hpc.itc.rwth-aachen.de",0,31,"n23m0164.hpc.itc.rwth-aachen.de",31,"31","uds",unix,same_socket_diff_numa,4194304,20,33.248,33.6323,34.0837,50.9389,34.712,144.766,145.805
5_immediate_response,0,"n23m0164.hpc.itc.rwth-aachen.de",0,32,"n23m0164.hpc.itc.rwth-aachen.de",32,"32","uds",unix,same_socket_diff_numa,4194304,20,34.48,34.7693,34.9925,46.3585,35.4987,141.233,147.213
5_immediate_response,0,"n23m0164.hpc.itc.rwth-aachen.de",0,33,"n23m0164.hpc.itc.rwth-aachen.de",33,"33","uds",unix,same_socket_diff_numa,4194304,20,35.7193,36.102,36.3666,53.3744,36.8141,150.25,157.186
5_immediate_response,0,"n23m0164.hpc.itc.rwth-aachen.de",0,34,"n23m0164.hpc.itc.rwth-aachen.de",34,"34","uds",unix,same_socket_diff_numa,4194304,20,36.4895,37.2686,37.6491,54.2636,38.0684,145.875,154.637
5_immediate_response,0,"n23m0164.hpc.itc.rwth-aachen.de",0,35,"n23m0164.hpc.itc.rwth-aachen.de",35,"35","uds",unix,same_socket_diff_numa,4194304,20,37.753,38.4346,38.9438,54.7675,39.359,144.49,149.942
5_immediate_response,0,"n23m0164.hpc.itc.rwth-aachen.de",0,36,"n23m0164.hpc.itc.rwth-aachen.de",36,"36","uds",unix,same_socket_diff_numa,4194304,20,38.897,39.5189,39.9536,67.4797,66.142,153.891,156.096
5_immediate_response,0,"n23m0164.hpc.itc.rwth-aachen.de",0,37,"n23m0164.hpc.itc.rwth-aachen.de",37,"37","uds",unix,same_socket_diff_numa,4194304,20,40.2129,40.8308,41.2738,61.8149,43.9919,143.953,145.429
5_immediate_response,0,"n23m0164.hpc.itc.rwth-aachen.de",0,38,"n23m0164.hpc.itc.rwth-aachen.de",38,"38","uds",unix,same_socket_diff_numa,4194304,20,41.6553,42.1395,42.5661,69.6665,74.5724,153.705,154.338
5_immediate_response,0,"n23m0164.hpc.itc.rwth-aachen.de",0,39,"n23m0164.hpc.itc.rwth-aachen.de",39,"39","uds",unix,same_socket_diff_numa,4194304,20,42.6048,43.3263,43.7608,65.7793,44.3321,154.111,170.332
5_immediate_response,0,"n23m0164.hpc.itc.rwth-aachen.de",0,40,"n23m0164.hpc.itc.rwth-aachen.de",40,"40","uds",unix,same_socket_diff_numa,4194304,20,43.8976,44.5982,44.9972,65.4783,47.8259,147.457,151.558
5_immediate_response,0,"n23m0164.hpc.itc.rwth-aachen.de",0,41,"n23m0164.hpc.itc.rwth-aachen.de",41,"41","uds",unix,same_socket_diff_numa,4194304,20,45.0023,45.9361,46.2951,60.7627,46.6307,139.372,146.711
5_immediate_response,0,"n23m0164.hpc.itc.rwth-aachen.de",0,42,"n23m0164.hpc.itc.rwth-aachen.de",42,"42","uds",unix,same_socket_diff_numa,4194304,20,45.957,47.1253,47.5623,78.3231,137.896,156.182,180.709
5_immediate_response,0,"n23m0164.hpc.itc.rwth-aachen.de",0,43,"n23m0164.hpc.itc.rwth-aachen.de",43,"43","uds",unix,same_socket_diff_numa,4194304,20,47.2773,47.9667,48.7313,59.5578,49.1436,153.683,154.4
5_immediate_response,0,"n23m0164.hpc.itc.rwth-aachen.de",0,44,"n23m0164.hpc.itc.rwth-aachen.de",44,"44","uds",unix,same_socket_diff_numa,4194304,20,48.5708,49.2879,50.1303,64.8597,50.8019,145.81,153.196
5_immediate_response,0,"n23m0164.hpc.itc.rwth-aachen.de",0,45,"n23m0164.hpc.itc.rwth-aachen.de",45,"45","uds",unix,same_socket_diff_numa,4194304,20,49.906,50.6034,51.2789,70.7245,54.9209,145.803,155.257
5_immediate_response,0,"n23m0164.hpc.itc.rwth-aachen.de",0,46,"n23m0164.hpc.itc.rwth-aachen.de",46,"46","uds",unix,same_socket_diff_numa,4194304,20,51.2416,51.9828,52.5429,70.9146,56.0568,145.17,149.466
5_immediate_response,0,"n23m0164.hpc.itc.rwth-aachen.de",0,47,"n23m0164.hpc.itc.rwth-aachen.de",47,"47","uds",unix,same_socket_diff_numa,4194304,20,51.6745,53.0935,53.738,59.2302,54.1689,71.1443,155.377
5_immediate_response,0,"n23m0164.hpc.itc.rwth-aachen.de",0,48,"n23m0164.hpc.itc.rwth-aachen.de",48,"48","uds",unix,cross_socket,4194304,20,53.6098,55.3999,55.8407,90.2688,146.725,156.916,177.382
5_immediate_response,0,"n23m0164.hpc.itc.rwth-aachen.de",0,49,"n23m0164.hpc.itc.rwth-aachen.de",49,"49","uds",unix,cross_socket,4194304,20,55.4579,56.753,57.6279,94.3866,146.069,155.187,157.077
5_immediate_response,0,"n23m0164.hpc.itc.rwth-aachen.de",0,50,"n23m0164.hpc.itc.rwth-aachen.de",50,"50","uds",unix,cross_socket,4194304,20,57.5436,58.6327,59.1563,83.9051,81.5902,158.67,181.558
5_immediate_response,0,"n23m0164.hpc.itc.rwth-aachen.de",0,51,"n23m0164.hpc.itc.rwth-aachen.de",51,"51","uds",unix,cross_socket,4194304,20,59.0215,60.5429,61.549,88.6006,147.491,153.69,155.085
5_immediate_response,0,"n23m0164.hpc.itc.rwth-aachen.de",0,52,"n23m0164.hpc.itc.rwth-aachen.de",52,"52","uds",unix,cross_socket,4194304,20,60.4722,61.6272,62.5093,77.0762,63.4541,157.076,157.112
5_immediate_response,0,"n23m0164.hpc.itc.rwth-aachen.de",0,53,"n23m0164.hpc.itc.rwth-aachen.de",53,"53","uds",unix,cross_socket,4194304,20,62.4514,63.6178,64.5023,82.4335,69.2405,155.94,156.525
5_immediate_response,0,"n23m0164.hpc.itc.rwth-aachen.de",0,54,"n23m0164.hpc.itc.rwth-aachen.de",54,"54","uds",unix,cross_socket,4194304,20,64.4319,66.1899,67.701,104.32,148.405,155.98,166.406
5_immediate_response,0,"n23m0164.hpc.itc.rwth-aachen.de",0,55,"n23m0164.hpc.itc.rwth-aachen.de",55,"55","uds",unix,cross_socket,4194304,20,66.0226,67.3461,68.3647,84.7073,73.0094,151.005,156.634
5_immediate_response,0,"n23m0164.hpc.itc.rwth-aachen.de",0,56,"n23m0164.hpc.itc.rwth-aachen.de",56,"56","uds",unix,cross_socket,4194304,20,67.4183,68.5571,69.5117,86.6089,75.0595,153.394,155.87
5_immediate_response,0,"n23m0164.hpc.itc.rwth-aachen.de",0,57,"n23m0164.hpc.itc.rwth-aachen.de",57,"57","uds",unix,cross_socket,4194304,20,69.4366,71.3327,80.6886,106.906,148.163,152.237,155.798
5_immediate_response,0,"n23m0164.hpc.itc.rwth-aachen.de",0,58,"n23m0164.hpc.itc.rwth-aachen.de",58,"58","uds",unix,cross_socket,4194304,20,71.0296,72.0712,72.6972,83.8133,74.2429,142.457,158.733
5_immediate_response,0,"n23m0164.hpc.itc.rwth-aachen.de",0,59,"n23m0164.hpc.itc.rwth-aachen.de",59,"59","uds",unix,cross_socket,4194304,20,73.0321,74.2583,75.0649,90.8934,81.0023,151.786,156.776
5_immediate_response,0,"n23m0164.hpc.itc.rwth-aachen.de",0,60,"n23m0164.hpc.itc.rwth-aachen.de",60,"60","uds",unix,cross_socket,4194304,20,74.4522,77.0152,79.1993,110.425,147.921,157.311,169.403
5_immediate_response,0,"n23m0164.hpc.itc.rwth-aachen.de",0,61,"n23m0164.hpc.itc.rwth-aachen.de",61,"61","uds",unix,cross_socket,4194304,20,76.0291,77.2306,78.0555,89.3958,79.8048,148.283,153.735
5_immediate_response,0,"n23m0164.hpc.itc.rwth-aachen.de",0,62,"n23m0164.hpc.itc.rwth-aachen.de",62,"62","uds",unix,cross_socket,4194304,20,78.0371,79.1823,79.8579,97.5636,107.822,151.781,156.053
5_immediate_response,0,"n23m0164.hpc.itc.rwth-aachen.de",0,63,"n23m0164.hpc.itc.rwth-aachen.de",63,"63","uds",unix,cross_socket,4194304,20,80.0431,81.5302,115.238,117.122,149.181,157.914,176.476
5_immediate_response,0,"n23m0164.hpc.itc.rwth-aachen.de",0,64,"n23m0164.hpc.itc.rwth-aachen.de",64,"64","uds",unix,cross_socket,4194304,20,81.4089,82.3205,83.5068,95.8359,89.4282,141.935,148.96
5_immediate_response,0,"n23m0164.hpc.itc.rwth-aachen.de",0,65,"n23m0164.hpc.itc.rwth-aachen.de",65,"65","uds",unix,cross_socket,4194304,20,83.3248,84.2894,85.4765,94.7862,87.7807,143.501,147.979
5_immediate_response,0,"n23m0164.hpc.itc.rwth-aachen.de",0,66,"n23m0164.hpc.itc.rwth-aachen.de",66,"66","uds",unix,cross_socket,4194304,20,84.54,86.151,87.4355,107.532,151.242,154.907,157.108
5_immediate_response,0,"n23m0164.hpc.itc.rwth-aachen.de",0,67,"n23m0164.hpc.itc.rwth-aachen.de",67,"67","uds",unix,cross_socket,4194304,20,86.4156,88.2411,89.4101,107.392,138.911,157.158,175.516
5_immediate_response,0,"n23m0164.hpc.itc.rwth-aachen.de",0,68,"n23m0164.hpc.itc.rwth-aachen.de",68,"68","uds",unix,cross_socket,4194304,20,88.0477,89.3173,90.3776,99.1012,92.0806,144.87,149.48
5_immediate_response,0,"n23m0164.hpc.itc.rwth-aachen.de",0,69,"n23m0164.hpc.itc.rwth-aachen.de",69,"69","uds",unix,cross_socket,4194304,20,90.0062,92.0483,93.6774,115.927,147.415,156.579,157.046
5_immediate_response,0,"n23m0164.hpc.itc.rwth-aachen.de",0,70,"n23m0164.hpc.itc.rwth-aachen.de",70,"70","uds",unix,cross_socket,4194304,20,91.4844,93.6373,96.1399,117.644,151.336,154.619,157.026
5_immediate_response,0,"n23m0164.hpc.itc.rwth-aachen.de",0,71,"n23m0164.hpc.itc.rwth-aachen.de",71,"71","uds",unix,cross_socket,4194304,20,93.0335,95.1056,95.7656,107.969,102.996,153.781,156.697
5_immediate_response,0,"n23m0164.hpc.itc.rwth-aachen.de",0,72,"n23m0164.hpc.itc.rwth-aachen.de",72,"72","uds",unix,cross_socket,4194304,20,94.9969,97.1172,98.3102,114.191,142.408,157.607,160.88
5_immediate_response,0,"n23m0164.hpc.itc.rwth-aachen.de",0,73,"n23m0164.hpc.itc.rwth-aachen.de",73,"73","uds",unix,cross_socket,4194304,20,96.4107,99.0167,99.9504,112.075,121.721,149.931,155.564
5_immediate_response,0,"n23m0164.hpc.itc.rwth-aachen.de",0,74,"n23m0164.hpc.itc.rwth-aachen.de",74,"74","uds",unix,cross_socket,4194304,20,98.0362,100.471,101.288,110.856,107.076,153.437,156.577
5_immediate_response,0,"n23m0164.hpc.itc.rwth-aachen.de",0,75,"n23m0164.hpc.itc.rwth-aachen.de",75,"75","uds",unix,cross_socket,4194304,20,100.056,102.456,103.653,119.317,141.293,155.253,157.236
5_immediate_response,0,"n23m0164.hpc.itc.rwth-aachen.de",0,76,"n23m0164.hpc.itc.rwth-aachen.de",76,"76","uds",unix,cross_socket,4194304,20,101.411,103.025,104.562,119.564,144.735,156.912,179.351
5_immediate_response,0,"n23m0164.hpc.itc.rwth-aachen.de",0,77,"n23m0164.hpc.itc.rwth-aachen.de",77,"77","uds",unix,cross_socket,4194304,20,103.391,104.978,106.304,114.693,112.992,151.975,153.462
5_immediate_response,0,"n23m0164.hpc.itc.rwth-aachen.de",0,78,"n23m0164.hpc.itc.rwth-aachen.de",78,"78","uds",unix,cross_socket,4194304,20,106.228,107.978,108.316,119.149,127.532,153.968,155.655
5_immediate_response,0,"n23m0164.hpc.itc.rwth-aachen.de",0,79,"n23m0164.hpc.itc.rwth-aachen.de",79,"79","uds",unix,cross_socket,4194304,20,106.437,109.157,110.274,122.648,139.963,157.771,174.622
5_immediate_response,0,"n23m0164.hpc.itc.rwth-aachen.de",0,80,"n23m0164.hpc.itc.rwth-aachen.de",80,"80","uds",unix,cross_socket,4194304,20,108.41,110.986,111.818,122.48,135.994,154.907,155.256
5_immediate_response,0,"n23m0164.hpc.itc.rwth-aachen.de",0,81,"n23m0164.hpc.itc.rwth-aachen.de",81,"81","uds",unix,cross_socket,4194304,20,110.364,112.807,114.359,124.961,141.265,154.467,154.741
5_immediate_response,0,"n23m0164.hpc.itc.rwth-aachen.de",0,82,"n23m0164.hpc.itc.rwth-aachen.de",82,"82","uds",unix,cross_socket,4194304,20,112.033,114.429,115.466,124.337,134.22,154.287,157.175
5_immediate_response,0,"n23m0164.hpc.itc.rwth-aachen.de",0,83,"n23m0164.hpc.itc.rwth-aachen.de",83,"83","uds",unix,cross_socket,4194304,20,114.032,116.62,126.234,131.763,150.231,155.156,155.656
5_immediate_response,0,"n23m0164.hpc.itc.rwth-aachen.de",0,84,"n23m0164.hpc.itc.rwth-aachen.de",84,"84","uds",unix,cross_socket,4194304,20,115.261,117.501,118.851,126.88,126.431,153.897,173.787
5_immediate_response,0,"n23m0164.hpc.itc.rwth-aachen.de",0,85,"n23m0164.hpc.itc.rwth-aachen.de",85,"85","uds",unix,cross_socket,4194304,20,117.243,119.08,120.342,128.051,139.67,150.669,155.55
5_immediate_response,0,"n23m0164.hpc.itc.rwth-aachen.de",0,86,"n23m0164.hpc.itc.rwth-aachen.de",86,"86","uds",unix,cross_socket,4194304,20,119.038,121.343,123.621,134.639,152.633,155.608,156.724
5_immediate_response,0,"n23m0164.hpc.itc.rwth-aachen.de",0,87,"n23m0164.hpc.itc.rwth-aachen.de",87,"87","uds",unix,cross_socket,4194304,20,120.408,122.902,123.861,131.905,130.785,157.974,180.359
5_immediate_response,0,"n23m0164.hpc.itc.rwth-aachen.de",0,88,"n23m0164.hpc.itc.rwth-aachen.de",88,"88","uds",unix,cross_socket,4194304,20,122.297,124.23,125.554,129.916,130.268,148.728,155.558
5_immediate_response,0,"n23m0164.hpc.itc.rwth-aachen.de",0,89,"n23m0164.hpc.itc.rwth-aachen.de",89,"89","uds",unix,cross_socket,4194304,20,124.287,127.022,128.57,132.831,137.638,151.533,152.799
5_immediate_response,0,"n23m0164.hpc.itc.rwth-aachen.de",0,90,"n23m0164.hpc.itc.rwth-aachen.de",90,"90","uds",unix,cross_socket,4194304,20,125.434,127.14,129.96,134.689,142.476,154.03,157.042
5_immediate_response,0,"n23m0164.hpc.itc.rwth-aachen.de",0,91,"n23m0164.hpc.itc.rwth-aachen.de",91,"91","uds",unix,cross_socket,4194304,20,127.413,129.329,131.029,136.703,142.831,155.028,156.589
5_immediate_response,0,"n23m0164.hpc.itc.rwth-aachen.de",0,92,"n23m0164.hpc.itc.rwth-aachen.de",92,"92","uds",unix,cross_socket,4194304,20,131.175,132.666,133.899,138.871,145.903,154.223,154.91
5_immediate_response,0,"n23m0164.hpc.itc.rwth-aachen.de",0,93,"n23m0164.hpc.itc.rwth-aachen.de",93,"93","uds",unix,cross_socket,4194304,20,130.403,132.942,134.575,137.502,138.288,151.577,151.713
5_immediate_response,0,"n23m0164.hpc.itc.rwth-aachen.de",0,94,"n23m0164.hpc.itc.rwth-aachen.de",94,"94","uds",unix,cross_socket,4194304,20,132.386,134.39,136.314,139.197,137.525,156.001,178.186
5_immediate_response,0,"n23m0164.hpc.itc.rwth-aachen.de",0,95,"n23m0164.hpc.itc.rwth-aachen.de",95,"95","uds",unix,cross_socket,4194304,20,134.787,137.07,138.752,143.485,151.907,154.727,156.713
6_serialized_reference,0,"n23m0164.hpc.itc.rwth-aachen.de",0,1,"n23m0164.hpc.itc.rwth-aachen.de",1,"1","uds",unix,same_numa,4194304,20,3.94307,4.0186,4.08466,4.19711,4.4402,4.57315,4.62104
6_serialized_reference,0,"n23m0164.hpc.itc.rwth-aachen.de",0,2,"n23m0164.hpc.itc.rwth-aachen.de",2,"2","uds",unix,same_numa,4194304,20,5.29568,5.41315,5.50305,5.69328,5.68096,6.60643,6.86034
6_serialized_reference,0,"n23m0164.hpc.itc.rwth-aachen.de",0,3,"n23m0164.hpc.itc.rwth-aachen.de",3,"3","uds",unix,same_numa,4194304,20,6.686,6.82092,6.91827,7.19682,7.28745,8.32267,8.72783
6_serialized_reference,0,"n23m0164.hpc.itc.rwth-aachen.de",0,4,"n23m0164.hpc.itc.rwth-aachen.de",4,"4","uds",unix,same_numa,4194304,20,8.01825,8.14415,8.26626,8.75721,9.06262,10.5215,10.5697
6_serialized_reference,0,"n23m0164.hpc.itc.rwth-aachen.de",0,5,"n23m0164.hpc.itc.rwth-aachen.de",5,"5","uds",unix,same_numa,4194304,20,9.34592,9.48967,9.5815,10.1839,10.3289,12.3886,12.5009
6_serialized_reference,0,"n23m0164.hpc.itc.rwth-aachen.de",0,6,"n23m0164.hpc.itc.rwth-aachen.de",6,"6","uds",unix,same_numa,4194304,20,10.6438,10.793,10.918,11.5981,11.6782,14.2135,14.4067
6_serialized_reference,0,"n23m0164.hpc.itc.rwth-aachen.de",0,7,"n23m0164.hpc.itc.rwth-aachen.de",7,"7","uds",unix,same_numa,4194304,20,11.9473,12.1088,12.2639,13.0212,13.2161,16.0168,16.2262
6_serialized_reference,0,"n23m0164.hpc.itc.rwth-aachen.de",0,8,"n23m0164.hpc.itc.rwth-aachen.de",8,"8","uds",unix,same_numa,4194304,20,13.2346,13.4133,13.5966,14.4313,14.2188,17.9888,18.0829
6_serialized_reference,0,"n23m0164.hpc.itc.rwth-aachen.de",0,9,"n23m0164.hpc.itc.rwth-aachen.de",9,"9","uds",unix,same_numa,4194304,20,14.5267,14.7743,14.9815,15.8791,15.5704,19.6822,19.949
6_serialized_reference,0,"n23m0164.hpc.itc.rwth-aachen.de",0,10,"n23m0164.hpc.itc.rwth-aachen.de",10,"10","uds",unix,same_numa,4194304,20,15.817,16.0355,16.3228,17.2995,16.9646,21.4249,21.783
6_serialized_reference,0,"n23m0164.hpc.itc.rwth-aachen.de",0,11,"n23m0164.hpc.itc.rwth-aachen.de",11,"11","uds",unix,same_numa,4194304,20,17.1015,17.3788,17.68,18.7332,18.3021,23.2408,23.598
6_serialized_reference,0,"n23m0164.hpc.itc.rwth-aachen.de",0,12,"n23m0164.hpc.itc.rwth-aachen.de",12,"12","uds",unix,same_socket_diff_numa,4194304,20,18.3323,18.6507,18.9496,20.0888,19.6031,24.8951,25.3395
6_serialized_reference,0,"n23m0164.hpc.itc.rwth-aachen.de",0,13,"n23m0164.hpc.itc.rwth-aachen.de",13,"13","uds",unix,same_socket_diff_numa,4194304,20,19.541,19.9072,20.2111,21.4496,20.8893,26.634,27.4717
6_serialized_reference,0,"n23m0164.hpc.itc.rwth-aachen.de",0,14,"n23m0164.hpc.itc.rwth-aachen.de",14,"14","uds",unix,same_socket_diff_numa,4194304,20,20.7501,21.2012,21.4972,22.8,22.1922,28.2715,28.8724
6_serialized_reference,0,"n23m0164.hpc.itc.rwth-aachen.de",0,15,"n23m0164.hpc.itc.rwth-aachen.de",15,"15","uds",unix,same_socket_diff_numa,4194304,20,21.9455,22.45,23.1339,24.2551,23.9692,29.9695,30.5884
6_serialized_reference,0,"n23m0164.hpc.itc.rwth-aachen.de",0,16,"n23m0164.hpc.itc.rwth-aachen.de",16,"16","uds",unix,same_socket_diff_numa,4194304,20,23.1393,23.7009,24.2613,25.622,25.703,31.6205,32.3021
6_serialized_reference,0,"n23m0164.hpc.itc.rwth-aachen.de",0,17,"n23m0164.hpc.itc.rwth-aachen.de",17,"17","uds",unix,same_socket_diff_numa,4194304,20,24.3667,24.9539,25.7626,27.0042,27.4477,33.2899,34.0543
6_serialized_reference,0,"n23m0164.hpc.itc.rwth-aachen.de",0,18,"n23m0164.hpc.itc.rwth-aachen.de",18,"18","uds",unix,same_socket_diff_numa,4194304,20,25.5628,26.2335,26.8331,28.3605,29.2483,34.9572,35.766
6_serialized_reference,0,"n23m0164.hpc.itc.rwth-aachen.de",0,19,"n23m0164.hpc.itc.rwth-aachen.de",19,"19","uds",unix,same_socket_diff_numa,4194304,20,26.7785,27.3833,28.0987,29.6976,30.9263,36.6063,37.4536
6_serialized_reference,0,"n23m0164.hpc.itc.rwth-aachen.de",0,20,"n23m0164.hpc.itc.rwth-aachen.de",20,"20","uds",unix,same_socket_diff_numa,4194304,20,28.3834,28.6395,29.3807,31.0826,32.6538,38.2384,39.146
6_serialized_reference,0,"n23m0164.hpc.itc.rwth-aachen.de",0,21,"n23m0164.hpc.itc.rwth-aachen.de",21,"21","uds",unix,same_socket_diff_numa,4194304,20,29.2454,29.9082,30.6679,32.4435,34.3873,39.9256,40.8291
6_serialized_reference,0,"n23m0164.hpc.itc.rwth-aachen.de",0,22,"n23m0164.hpc.itc.rwth-aachen.de",22,"22","uds",unix,same_socket_diff_numa,4194304,20,30.4936,31.3077,32.1554,33.8646,36.1405,41.5728,42.526
6_serialized_reference,0,"n23m0164.hpc.itc.rwth-aachen.de",0,23,"n23m0164.hpc.itc.rwth-aachen.de",23,"23","uds",unix,same_socket_diff_numa,4194304,20,31.7615,32.6056,33.4284,35.273,37.8895,43.2568,44.2372
6_serialized_reference,0,"n23m0164.hpc.itc.rwth-aachen.de",0,24,"n23m0164.hpc.itc.rwth-aachen.de",24,"24","uds",unix,same_socket_diff_numa,4194304,20,33.0036,33.8846,34.696,36.6838,39.6062,44.4959,45.929
6_serialized_reference,0,"n23m0164.hpc.itc.rwth-aachen.de",0,25,"n23m0164.hpc.itc.rwth-aachen.de",25,"25","uds",unix,same_socket_diff_numa,4194304,20,34.3065,35.1833,35.9501,38.0834,41.3454,45.8157,47.6256
6_serialized_reference,0,"n23m0164.hpc.itc.rwth-aachen.de",0,26,"n23m0164.hpc.itc.rwth-aachen.de",26,"26","uds",unix,same_socket_diff_numa,4194304,20,35.5698,36.4618,37.1948,39.4603,42.8613,47.1416,49.325
6_serialized_reference,0,"n23m0164.hpc.itc.rwth-aachen.de",0,27,"n23m0164.hpc.itc.rwth-aachen.de",27,"27","uds",unix,same_socket_diff_numa,4194304,20,37.1593,37.7506,38.427,40.8579,44.2089,48.8118,51.0176
6_serialized_reference,0,"n23m0164.hpc.itc.rwth-aachen.de",0,28,"n23m0164.hpc.itc.rwth-aachen.de",28,"28","uds",unix,same_socket_diff_numa,4194304,20,38.0901,39.0055,39.6755,42.2156,45.602,50.455,52.7706
6_serialized_reference,0,"n23m0164.hpc.itc.rwth-aachen.de",0,29,"n23m0164.hpc.itc.rwth-aachen.de",29,"29","uds",unix,same_socket_diff_numa,4194304,20,39.3323,40.3119,40.931,43.6129,46.9972,52.1429,54.5346
6_serialized_reference,0,"n23m0164.hpc.itc.rwth-aachen.de",0,30,"n23m0164.hpc.itc.rwth-aachen.de",30,"30","uds",unix,same_socket_diff_numa,4194304,20,40.5704,41.641,42.1931,45.0041,48.3447,53.8088,56.2689
6_serialized_reference,0,"n23m0164.hpc.itc.rwth-aachen.de",0,31,"n23m0164.hpc.itc.rwth-aachen.de",31,"31","uds",unix,same_socket_diff_numa,4194304,20,41.8449,42.8829,43.4835,46.3878,49.7325,55.5321,58.0068
6_serialized_reference,0,"n23m0164.hpc.itc.rwth-aachen.de",0,32,"n23m0164.hpc.itc.rwth-aachen.de",32,"32","uds",unix,same_socket_diff_numa,4194304,20,43.1166,44.2253,44.7464,47.7956,51.1363,57.2411,59.7503
6_serialized_reference,0,"n23m0164.hpc.itc.rwth-aachen.de",0,33,"n23m0164.hpc.itc.rwth-aachen.de",33,"33","uds",unix,same_socket_diff_numa,4194304,20,44.3986,45.5288,46.0156,49.2056,52.6538,58.9412,61.5333
6_serialized_reference,0,"n23m0164.hpc.itc.rwth-aachen.de",0,34,"n23m0164.hpc.itc.rwth-aachen.de",34,"34","uds",unix,same_socket_diff_numa,4194304,20,45.6739,46.8165,47.2998,50.6268,54.4512,60.6162,63.3133
6_serialized_reference,0,"n23m0164.hpc.itc.rwth-aachen.de",0,35,"n23m0164.hpc.itc.rwth-aachen.de",35,"35","uds",unix,same_socket_diff_numa,4194304,20,46.9762,48.1521,48.6048,52.0575,56.1146,62.3789,65.1078
6_serialized_reference,0,"n23m0164.hpc.itc.rwth-aachen.de",0,36,"n23m0164.hpc.itc.rwth-aachen.de",36,"36","uds",unix,same_socket_diff_numa,4194304,20,48.3252,49.4448,49.9176,53.501,57.7842,64.1641,66.9151
6_serialized_reference,0,"n23m0164.hpc.itc.rwth-aachen.de",0,37,"n23m0164.hpc.itc.rwth-aachen.de",37,"37","uds",unix,same_socket_diff_numa,4194304,20,49.6657,50.786,51.2913,54.9734,59.4719,65.9771,68.7659
6_serialized_reference,0,"n23m0164.hpc.itc.rwth-aachen.de",0,38,"n23m0164.hpc.itc.rwth-aachen.de",38,"38","uds",unix,same_socket_diff_numa,4194304,20,50.9893,52.3172,52.6685,56.4482,61.1416,67.7839,70.6167
6_serialized_reference,0,"n23m0164.hpc.itc.rwth-aachen.de",0,39,"n23m0164.hpc.itc.rwth-aachen.de",39,"39","uds",unix,same_socket_diff_numa,4194304,20,52.3286,53.6732,54.0457,57.9129,62.8052,69.592,72.4381
6_serialized_reference,0,"n23m0164.hpc.itc.rwth-aachen.de",0,40,"n23m0164.hpc.itc.rwth-aachen.de",40,"40","uds",unix,same_socket_diff_numa,4194304,20,53.6684,54.8967,55.4101,59.4034,64.476,71.401,74.2614
6_serialized_reference,0,"n23m0164.hpc.itc.rwth-aachen.de",0,41,"n23m0164.hpc.itc.rwth-aachen.de",41,"41","uds",unix,same_socket_diff_numa,4194304,20,55.0085,56.2773,56.8081,60.8935,66.1892,73.2009,76.1011
6_serialized_reference,0,"n23m0164.hpc.itc.rwth-aachen.de",0,42,"n23m0164.hpc.itc.rwth-aachen.de",42,"42","uds",unix,same_socket_diff_numa,4194304,20,56.3509,57.6271,58.1922,62.3725,67.8204,74.9524,77.9419
6_serialized_reference,0,"n23m0164.hpc.itc.rwth-aachen.de",0,43,"n23m0164.hpc.itc.rwth-aachen.de",43,"43","uds",unix,same_socket_diff_numa,4194304,20,57.6901,59.0015,59.604,63.851,69.3769,76.7843,79.8096
6_serialized_reference,0,"n23m0164.hpc.itc.rwth-aachen.de",0,44,"n23m0164.hpc.itc.rwth-aachen.de",44,"44","uds",unix,same_socket_diff_numa,4194304,20,59.0395,60.3538,60.9998,65.351,70.8919,78.6368,81.665
6_serialized_reference,0,"n23m0164.hpc.itc.rwth-aachen.de",0,45,"n23m0164.hpc.itc.rwth-aachen.de",45,"45","uds",unix,same_socket_diff_numa,4194304,20,60.3853,61.6846,62.4243,66.8655,72.3694,80.477,83.5004
6_serialized_reference,0,"n23m0164.hpc.itc.rwth-aachen.de",0,46,"n23m0164.hpc.itc.rwth-aachen.de",46,"46","uds",unix,same_socket_diff_numa,4194304,20,61.7412,63.0325,63.7943,68.3736,73.8482,82.3065,85.3451
6_serialized_reference,0,"n23m0164.hpc.itc.rwth-aachen.de",0,47,"n23m0164.hpc.itc.rwth-aachen.de",47,"47","uds",unix,same_socket_diff_numa,4194304,20,63.1361,64.4052,65.2068,69.8711,75.3313,84.1815,87.2339
6_serialized_reference,0,"n23m0164.hpc.itc.rwth-aachen.de",0,48,"n23m0164.hpc.itc.rwth-aachen.de",48,"48","uds",unix,cross_socket,4194304,20,65.144,66.3558,67.2052,72.0236,77.471,86.7712,89.8027
6_serialized_reference,0,"n23m0164.hpc.itc.rwth-aachen.de",0,49,"n23m0164.hpc.itc.rwth-aachen.de",49,"49","uds",unix,cross_socket,4194304,20,67.1386,68.3607,69.6129,74.2345,79.6321,89.3096,92.3567
6_serialized_reference,0,"n23m0164.hpc.itc.rwth-aachen.de",0,50,"n23m0164.hpc.itc.rwth-aachen.de",50,"50","uds",unix,cross_socket,4194304,20,69.1824,70.4248,71.6478,76.4203,81.7897,91.8704,94.9406
6_serialized_reference,0,"n23m0164.hpc.itc.rwth-aachen.de",0,51,"n23m0164.hpc.itc.rwth-aachen.de",51,"51","uds",unix,cross_socket,4194304,20,71.2244,72.4464,73.6807,78.6183,84.0019,94.5058,97.5675
6_serialized_reference,0,"n23m0164.hpc.itc.rwth-aachen.de",0,52,"n23m0164.hpc.itc.rwth-aachen.de",52,"52","uds",unix,cross_socket,4194304,20,73.2982,74.5024,75.7289,80.8362,86.1989,97.168,100.241
6_serialized_reference,0,"n23m0164.hpc.itc.rwth-aachen.de",0,53,"n23m0164.hpc.itc.rwth-aachen.de",53,"53","uds",unix,cross_socket,4194304,20,75.6822,76.5067,77.7399,83.028,88.4189,99.8227,102.875
6_serialized_reference,0,"n23m0164.hpc.itc.rwth-aachen.de",0,54,"n23m0164.hpc.itc.rwth-aachen.de",54,"54","uds",unix,cross_socket,4194304,20,77.4021,78.5881,79.8069,85.248,90.6943,102.505,105.556
6_serialized_reference,0,"n23m0164.hpc.itc.rwth-aachen.de",0,55,"n23m0164.hpc.itc.rwth-aachen.de",55,"55","uds",unix,cross_socket,4194304,20,79.5026,80.7414,81.8583,87.515,92.952,105.192,108.209
6_serialized_reference,0,"n23m0164.hpc.itc.rwth-aachen.de",0,56,"n23m0164.hpc.itc.rwth-aachen.de",56,"56","uds",unix,cross_socket,4194304,20,81.6401,82.8498,83.9652,89.7661,95.2029,107.856,110.895
6_serialized_reference,0,"n23m0164.hpc.itc.rwth-aachen.de",0,57,"n23m0164.hpc.itc.rwth-aachen.de",57,"57","uds",unix,cross_socket,4194304,20,83.719,84.9469,86.0496,92.0184,97.4737,110.536,113.567
6_serialized_reference,0,"n23m0164.hpc.itc.rwth-aachen.de",0,58,"n23m0164.hpc.itc.rwth-aachen.de",58,"58","uds",unix,cross_socket,4194304,20,85.8655,87.0483,88.1614,94.278,99.7534,113.182,116.262
6_serialized_reference,0,"n23m0164.hpc.itc.rwth-aachen.de",0,59,"n23m0164.hpc.itc.rwth-aachen.de",59,"59","uds",unix,cross_socket,4194304,20,88.0188,89.1541,90.2729,96.5313,102.088,115.876,118.861
6_serialized_reference,0,"n23m0164.hpc.itc.rwth-aachen.de",0,60,"n23m0164.hpc.itc.rwth-aachen.de",60,"60","uds",unix,cross_socket,4194304,20,90.1487,91.3114,92.4254,98.8135,104.351,118.601,121.501
6_serialized_reference,0,"n23m0164.hpc.itc.rwth-aachen.de",0,61,"n23m0164.hpc.itc.rwth-aachen.de",61,"61","uds",unix,cross_socket,4194304,20,92.2753,93.4044,94.5624,101.041,106.601,121.258,124.115
6_serialized_reference,0,"n23m0164.hpc.itc.rwth-aachen.de",0,62,"n23m0164.hpc.itc.rwth-aachen.de",62,"62","uds",unix,cross_socket,4194304,20,94.3844,95.5425,96.8526,104.496,109.621,127.428,140.582
6_serialized_reference,0,"n23m0164.hpc.itc.rwth-aachen.de",0,63,"n23m0164.hpc.itc.rwth-aachen.de",63,"63","uds",unix,cross_socket,4194304,20,96.5226,97.6587,99.0879,105.565,110.838,125.983,129.377
6_serialized_reference,0,"n23m0164.hpc.itc.rwth-aachen.de",0,64,"n23m0164.hpc.itc.rwth-aachen.de",64,"64","uds",unix,cross_socket,4194304,20,98.6391,99.7865,101.53,107.817,112.956,127.824,131.919
6_serialized_reference,0,"n23m0164.hpc.itc.rwth-aachen.de",0,65,"n23m0164.hpc.itc.rwth-aachen.de",65,"65","uds",unix,cross_socket,4194304,20,100.739,101.871,104.164,110.045,115.058,129.94,134.052
6_serialized_reference,0,"n23m0164.hpc.itc.rwth-aachen.de",0,66,"n23m0164.hpc.itc.rwth-aachen.de",66,"66","uds",unix,cross_socket,4194304,20,102.883,103.973,106.857,112.294,117.199,132.103,136.214
6_serialized_reference,0,"n23m0164.hpc.itc.rwth-aachen.de",0,67,"n23m0164.hpc.itc.rwth-aachen.de",67,"67","uds",unix,cross_socket,4194304,20,105.013,106.092,109.473,114.573,119.354,134.277,138.363
6_serialized_reference,0,"n23m0164.hpc.itc.rwth-aachen.de",0,68,"n23m0164.hpc.itc.rwth-aachen.de",68,"68","uds",unix,cross_socket,4194304,20,107.148,108.21,111.44,116.831,121.479,136.915,140.537
6_serialized_reference,0,"n23m0164.hpc.itc.rwth-aachen.de",0,69,"n23m0164.hpc.itc.rwth-aachen.de",69,"69","uds",unix,cross_socket,4194304,20,109.262,110.341,113.557,119.087,123.617,139.505,142.686
6_serialized_reference,0,"n23m0164.hpc.itc.rwth-aachen.de",0,70,"n23m0164.hpc.itc.rwth-aachen.de",70,"70","uds",unix,cross_socket,4194304,20,111.395,112.515,115.754,121.349,125.738,142.169,144.84
6_serialized_reference,0,"n23m0164.hpc.itc.rwth-aachen.de",0,71,"n23m0164.hpc.itc.rwth-aachen.de",71,"71","uds",unix,cross_socket,4194304,20,113.514,114.563,117.954,123.598,128.043,144.776,146.968
6_serialized_reference,0,"n23m0164.hpc.itc.rwth-aachen.de",0,72,"n23m0164.hpc.itc.rwth-aachen.de",72,"72","uds",unix,cross_socket,4194304,20,115.836,116.66,120.108,125.922,130.974,147.374,149.074
6_serialized_reference,0,"n23m0164.hpc.itc.rwth-aachen.de",0,73,"n23m0164.hpc.itc.rwth-aachen.de",73,"73","uds",unix,cross_socket,4194304,20,117.712,118.95,122.201,128.087,133.875,149.956,151.201
6_serialized_reference,0,"n23m0164.hpc.itc.rwth-aachen.de",0,74,"n23m0164.hpc.itc.rwth-aachen.de",74,"74","uds",unix,cross_socket,4194304,20,113.512,120.799,122.211,130.631,137.989,153.982,165.945
6_serialized_reference,0,"n23m0164.hpc.itc.rwth-aachen.de",0,75,"n23m0164.hpc.itc.rwth-aachen.de",75,"75","uds",unix,cross_socket,4194304,20,122.024,123,126.633,132.6,139.684,155.192,155.477
6_serialized_reference,0,"n23m0164.hpc.itc.rwth-aachen.de",0,76,"n23m0164.hpc.itc.rwth-aachen.de",76,"76","uds",unix,cross_socket,4194304,20,124.152,125.13,128.595,134.829,142.558,157.612,157.836
6_serialized_reference,0,"n23m0164.hpc.itc.rwth-aachen.de",0,77,"n23m0164.hpc.itc.rwth-aachen.de",77,"77","uds",unix,cross_socket,4194304,20,126.278,127.448,130.697,137.086,145.494,159.747,160.364
6_serialized_reference,0,"n23m0164.hpc.itc.rwth-aachen.de",0,78,"n23m0164.hpc.itc.rwth-aachen.de",78,"78","uds",unix,cross_socket,4194304,20,128.41,129.392,132.825,139.304,148.423,161.902,162.528
6_serialized_reference,0,"n23m0164.hpc.itc.rwth-aachen.de",0,79,"n23m0164.hpc.itc.rwth-aachen.de",79,"79","uds",unix,cross_socket,4194304,20,130.513,131.542,134.951,141.535,151.296,164.072,164.656
6_serialized_reference,0,"n23m0164.hpc.itc.rwth-aachen.de",0,80,"n23m0164.hpc.itc.rwth-aachen.de",80,"80","uds",unix,cross_socket,4194304,20,132.65,133.67,137.12,143.774,154.193,166.219,166.809
6_serialized_reference,0,"n23m0164.hpc.itc.rwth-aachen.de",0,81,"n23m0164.hpc.itc.rwth-aachen.de",81,"81","uds",unix,cross_socket,4194304,20,134.75,135.769,139.248,146.048,157.038,168.332,168.896
6_serialized_reference,0,"n23m0164.hpc.itc.rwth-aachen.de",0,82,"n23m0164.hpc.itc.rwth-aachen.de",82,"82","uds",unix,cross_socket,4194304,20,136.882,137.949,141.412,148.291,159.439,170.45,171.002
6_serialized_reference,0,"n23m0164.hpc.itc.rwth-aachen.de",0,83,"n23m0164.hpc.itc.rwth-aachen.de",83,"83","uds",unix,cross_socket,4194304,20,139.016,140.094,143.594,150.554,162.388,172.62,173.368
6_serialized_reference,0,"n23m0164.hpc.itc.rwth-aachen.de",0,84,"n23m0164.hpc.itc.rwth-aachen.de",84,"84","uds",unix,cross_socket,4194304,20,141.168,142.236,145.695,152.797,165.666,174.759,175.429
6_serialized_reference,0,"n23m0164.hpc.itc.rwth-aachen.de",0,85,"n23m0164.hpc.itc.rwth-aachen.de",85,"85","uds",unix,cross_socket,4194304,20,143.32,144.365,147.813,155.058,168.915,176.861,177.312
6_serialized_reference,0,"n23m0164.hpc.itc.rwth-aachen.de",0,86,"n23m0164.hpc.itc.rwth-aachen.de",86,"86","uds",unix,cross_socket,4194304,20,145.419,146.59,149.979,157.305,171.893,179.015,179.477
6_serialized_reference,0,"n23m0164.hpc.itc.rwth-aachen.de",0,87,"n23m0164.hpc.itc.rwth-aachen.de",87,"87","uds",unix,cross_socket,4194304,20,147.519,148.631,152.276,159.564,174.71,181.13,181.624
6_serialized_reference,0,"n23m0164.hpc.itc.rwth-aachen.de",0,88,"n23m0164.hpc.itc.rwth-aachen.de",88,"88","uds",unix,cross_socket,4194304,20,149.678,150.787,154.248,161.826,177.191,183.291,183.778
6_serialized_reference,0,"n23m0164.hpc.itc.rwth-aachen.de",0,89,"n23m0164.hpc.itc.rwth-aachen.de",89,"89","uds",unix,cross_socket,4194304,20,151.812,152.924,156.32,164.085,179.495,185.404,185.945
6_serialized_reference,0,"n23m0164.hpc.itc.rwth-aachen.de",0,90,"n23m0164.hpc.itc.rwth-aachen.de",90,"90","uds",unix,cross_socket,4194304,20,153.968,155.081,158.515,166.385,181.741,187.56,188.149
6_serialized_reference,0,"n23m0164.hpc.itc.rwth-aachen.de",0,91,"n23m0164.hpc.itc.rwth-aachen.de",91,"91","uds",unix,cross_socket,4194304,20,156.14,157.25,160.735,168.716,183.992,190.357,190.464
6_serialized_reference,0,"n23m0164.hpc.itc.rwth-aachen.de",0,92,"n23m0164.hpc.itc.rwth-aachen.de",92,"92","uds",unix,cross_socket,4194304,20,158.318,159.451,163.006,171.051,186.233,192.649,193.84
6_serialized_reference,0,"n23m0164.hpc.itc.rwth-aachen.de",0,93,"n23m0164.hpc.itc.rwth-aachen.de",93,"93","uds",unix,cross_socket,4194304,20,160.468,161.605,165.371,173.382,188.447,195.222,197.159
6_serialized_reference,0,"n23m0164.hpc.itc.rwth-aachen.de",0,94,"n23m0164.hpc.itc.rwth-aachen.de",94,"94","uds",unix,cross_socket,4194304,20,162.681,163.833,169.224,176.312,190.719,199.257,200.589
6_serialized_reference,0,"n23m0164.hpc.itc.rwth-aachen.de",0,95,"n23m0164.hpc.itc.rwth-aachen.de",95,"95","uds",unix,cross_socket,4194304,20,164.953,166.022,170.954,178.777,193.048,204.464,213.147
