rank_i,host_i,cpu_i,affinity_i,ip_i,rank_j,host_j,cpu_j,affinity_j,ip_j,iface,small_bytes,large_bytes,warmup,iters,connect_us,latency_min_us,latency_mean_us,latency_median_us,latency_max_us,bandwidth_median_gibs,bandwidth_mean_gibs
0,"n23m0164.hpc.itc.rwth-aachen.de",0,"0","uds",1,"n23m0164.hpc.itc.rwth-aachen.de",1,"1","uds",unix,64,4194304,10,50,119.229,20.07,23.3451,22.6665,40.967,5.69098,5.72169
0,"n23m0164.hpc.itc.rwth-aachen.de",0,"0","uds",2,"n23m0164.hpc.itc.rwth-aachen.de",2,"2","uds",unix,64,4194304,10,50,64.452,22.321,25.9108,24.9095,43.732,5.42959,5.43771
0,"n23m0164.hpc.itc.rwth-aachen.de",0,"0","uds",3,"n23m0164.hpc.itc.rwth-aachen.de",3,"3","uds",unix,64,4194304,10,50,56.539,20.253,24.778,24.2015,34.675,6.18013,6.10739
0,"n23m0164.hpc.itc.rwth-aachen.de",0,"0","uds",4,"n23m0164.hpc.itc.rwth-aachen.de",4,"4","uds",unix,64,4194304,10,50,50.284,19.735,24.4918,23.534,42.86,6.08742,6.03299
0,"n23m0164.hpc.itc.rwth-aachen.de",0,"0","uds",5,"n23m0164.hpc.itc.rwth-aachen.de",5,"5","uds",unix,64,4194304,10,50,54.204,19.727,24.5853,24.2915,31.722,5.56982,5.57243
0,"n23m0164.hpc.itc.rwth-aachen.de",0,"0","uds",6,"n23m0164.hpc.itc.rwth-aachen.de",6,"6","uds",unix,64,4194304,10,50,52.325,19.553,24.7151,24.479,35.448,5.62226,5.59477
0,"n23m0164.hpc.itc.rwth-aachen.de",0,"0","uds",7,"n23m0164.hpc.itc.rwth-aachen.de",7,"7","uds",unix,64,4194304,10,50,52.541,21.798,25.0523,24.5405,32.674,6.01378,5.96973
0,"n23m0164.hpc.itc.rwth-aachen.de",0,"0","uds",8,"n23m0164.hpc.itc.rwth-aachen.de",8,"8","uds",unix,64,4194304,10,50,52.127,18.592,24.8093,24.1805,38.45,5.58665,5.60876
0,"n23m0164.hpc.itc.rwth-aachen.de",0,"0","uds",9,"n23m0164.hpc.itc.rwth-aachen.de",9,"9","uds",unix,64,4194304,10,50,50.991,20.883,25.7174,25.39,35.222,5.4534,5.45775
0,"n23m0164.hpc.itc.rwth-aachen.de",0,"0","uds",10,"n23m0164.hpc.itc.rwth-aachen.de",10,"10","uds",unix,64,4194304,10,50,52.361,20.318,24.0953,23.683,35.147,6.02179,5.98499
0,"n23m0164.hpc.itc.rwth-aachen.de",0,"0","uds",11,"n23m0164.hpc.itc.rwth-aachen.de",11,"11","uds",unix,64,4194304,10,50,51.465,16.874,24.6304,24.401,34.955,5.33306,5.37755
0,"n23m0164.hpc.itc.rwth-aachen.de",0,"0","uds",12,"n23m0164.hpc.itc.rwth-aachen.de",12,"12","uds",unix,64,4194304,10,50,73.172,19.296,22.8383,22.5055,32.661,5.25013,5.26019
0,"n23m0164.hpc.itc.rwth-aachen.de",0,"0","uds",13,"n23m0164.hpc.itc.rwth-aachen.de",13,"13","uds",unix,64,4194304,10,50,107.84,18.224,22.2333,21.7805,30.58,5.78393,5.76085
0,"n23m0164.hpc.itc.rwth-aachen.de",0,"0","uds",14,"n23m0164.hpc.itc.rwth-aachen.de",14,"14","uds",unix,64,4194304,10,50,48.404,18.46,21.3824,20.963,30.748,5.66759,5.65063
0,"n23m0164.hpc.itc.rwth-aachen.de",0,"0","uds",15,"n23m0164.hpc.itc.rwth-aachen.de",15,"15","uds",unix,64,4194304,10,50,63.23,19.631,23.2648,22.553,38.41,5.71293,5.70584
0,"n23m0164.hpc.itc.rwth-aachen.de",0,"0","uds",16,"n23m0164.hpc.itc.rwth-aachen.de",16,"16","uds",unix,64,4194304,10,50,47.573,14.975,22.3594,21.654,49.147,5.41273,5.35727
0,"n23m0164.hpc.itc.rwth-aachen.de",0,"0","uds",17,"n23m0164.hpc.itc.rwth-aachen.de",17,"17","uds",unix,64,4194304,10,50,58.379,18.249,22.3552,21.768,32.719,5.65409,5.64923
0,"n23m0164.hpc.itc.rwth-aachen.de",0,"0","uds",18,"n23m0164.hpc.itc.rwth-aachen.de",18,"18","uds",unix,64,4194304,10,50,45.951,17.726,21.302,20.7195,30.928,5.77286,5.75339
0,"n23m0164.hpc.itc.rwth-aachen.de",0,"0","uds",19,"n23m0164.hpc.itc.rwth-aachen.de",19,"19","uds",unix,64,4194304,10,50,65.914,18.369,22.4596,21.6085,36.336,5.4083,5.41336
0,"n23m0164.hpc.itc.rwth-aachen.de",0,"0","uds",20,"n23m0164.hpc.itc.rwth-aachen.de",20,"20","uds",unix,64,4194304,10,50,52.276,20.918,24.6511,23.924,33.82,5.00784,5.00898
0,"n23m0164.hpc.itc.rwth-aachen.de",0,"0","uds",21,"n23m0164.hpc.itc.rwth-aachen.de",21,"21","uds",unix,64,4194304,10,50,70.956,20.683,24.5436,24.1905,42.529,5.38593,5.39704
0,"n23m0164.hpc.itc.rwth-aachen.de",0,"0","uds",22,"n23m0164.hpc.itc.rwth-aachen.de",22,"22","uds",unix,64,4194304,10,50,48.015,18.33,23.9125,23.523,35.981,5.56284,5.55792
0,"n23m0164.hpc.itc.rwth-aachen.de",0,"0","uds",23,"n23m0164.hpc.itc.rwth-aachen.de",23,"23","uds",unix,64,4194304,10,50,69.941,19.28,23.0371,22.6665,30.199,5.21702,5.21505
0,"n23m0164.hpc.itc.rwth-aachen.de",0,"0","uds",24,"n23m0164.hpc.itc.rwth-aachen.de",24,"24","uds",unix,64,4194304,10,50,55.926,18.23,23.3606,23.139,34.097,5.1858,5.16848
0,"n23m0164.hpc.itc.rwth-aachen.de",0,"0","uds",25,"n23m0164.hpc.itc.rwth-aachen.de",25,"25","uds",unix,64,4194304,10,50,64.463,16.958,23.1907,22.5015,41.008,5.22229,5.22011
0,"n23m0164.hpc.itc.rwth-aachen.de",0,"0","uds",26,"n23m0164.hpc.itc.rwth-aachen.de",26,"26","uds",unix,64,4194304,10,50,49.743,18.995,23.8855,23.301,34.605,5.13718,5.12785
0,"n23m0164.hpc.itc.rwth-aachen.de",0,"0","uds",27,"n23m0164.hpc.itc.rwth-aachen.de",27,"27","uds",unix,64,4194304,10,50,67.165,20.104,23.7836,23.018,40.344,5.4831,5.48375
0,"n23m0164.hpc.itc.rwth-aachen.de",0,"0","uds",28,"n23m0164.hpc.itc.rwth-aachen.de",28,"28","uds",unix,64,4194304,10,50,46.75,18.938,22.8812,22.583,34.695,5.5692,5.55613
0,"n23m0164.hpc.itc.rwth-aachen.de",0,"0","uds",29,"n23m0164.hpc.itc.rwth-aachen.de",29,"29","uds",unix,64,4194304,10,50,146.119,19.244,23.0214,22.435,36.125,5.51813,5.516
0,"n23m0164.hpc.itc.rwth-aachen.de",0,"0","uds",30,"n23m0164.hpc.itc.rwth-aachen.de",30,"30","uds",unix,64,4194304,10,50,47.876,17.066,23.3055,22.7775,47.763,5.5023,5.49661
0,"n23m0164.hpc.itc.rwth-aachen.de",0,"0","uds",31,"n23m0164.hpc.itc.rwth-aachen.de",31,"31","uds",unix,64,4194304,10,50,69.446,19.675,23.6575,23.2745,39.224,5.5109,5.49259
0,"n23m0164.hpc.itc.rwth-aachen.de",0,"0","uds",32,"n23m0164.hpc.itc.rwth-aachen.de",32,"32","uds",unix,64,4194304,10,50,58.35,20.62,23.5989,23.2435,33.023,5.50577,5.49963
0,"n23m0164.hpc.itc.rwth-aachen.de",0,"0","uds",33,"n23m0164.hpc.itc.rwth-aachen.de",33,"33","uds",unix,64,4194304,10,50,67.926,18.548,22.7763,22.532,34.449,5.56901,5.56027
0,"n23m0164.hpc.itc.rwth-aachen.de",0,"0","uds",34,"n23m0164.hpc.itc.rwth-aachen.de",34,"34","uds",unix,64,4194304,10,50,52.977,16.607,23.4811,22.968,40.902,5.45244,5.40592
0,"n23m0164.hpc.itc.rwth-aachen.de",0,"0","uds",35,"n23m0164.hpc.itc.rwth-aachen.de",35,"35","uds",unix,64,4194304,10,50,93.314,19.681,23.3132,22.982,32.649,5.4874,5.46749
0,"n23m0164.hpc.itc.rwth-aachen.de",0,"0","uds",36,"n23m0164.hpc.itc.rwth-aachen.de",36,"36","uds",unix,64,4194304,10,50,53.053,19.798,23.5951,23.6285,30.733,5.187,5.19208
0,"n23m0164.hpc.itc.rwth-aachen.de",0,"0","uds",37,"n23m0164.hpc.itc.rwth-aachen.de",37,"37","uds",unix,64,4194304,10,50,63.073,19.549,23.1881,22.978,29.49,5.18992,5.18478
0,"n23m0164.hpc.itc.rwth-aachen.de",0,"0","uds",38,"n23m0164.hpc.itc.rwth-aachen.de",38,"38","uds",unix,64,4194304,10,50,51.169,17.737,23.0218,22.9965,29.72,5.10556,5.10828
0,"n23m0164.hpc.itc.rwth-aachen.de",0,"0","uds",39,"n23m0164.hpc.itc.rwth-aachen.de",39,"39","uds",unix,64,4194304,10,50,71.837,19.845,23.6466,23.32,39.119,5.17868,5.17646
0,"n23m0164.hpc.itc.rwth-aachen.de",0,"0","uds",40,"n23m0164.hpc.itc.rwth-aachen.de",40,"40","uds",unix,64,4194304,10,50,51.177,20.081,23.9862,23.2,41.558,5.12701,5.12839
0,"n23m0164.hpc.itc.rwth-aachen.de",0,"0","uds",41,"n23m0164.hpc.itc.rwth-aachen.de",41,"41","uds",unix,64,4194304,10,50,68.121,19.111,23.3931,22.7485,37.897,5.08883,5.09597
0,"n23m0164.hpc.itc.rwth-aachen.de",0,"0","uds",42,"n23m0164.hpc.itc.rwth-aachen.de",42,"42","uds",unix,64,4194304,10,50,58.57,18.273,23.3905,23.1375,36.195,5.15453,5.15197
0,"n23m0164.hpc.itc.rwth-aachen.de",0,"0","uds",43,"n23m0164.hpc.itc.rwth-aachen.de",43,"43","uds",unix,64,4194304,10,50,70.274,19.475,23.8477,23.4175,38.929,5.14403,5.14288
0,"n23m0164.hpc.itc.rwth-aachen.de",0,"0","uds",44,"n23m0164.hpc.itc.rwth-aachen.de",44,"44","uds",unix,64,4194304,10,50,47.76,20.294,23.8919,23.2765,41.961,4.95004,4.95006
0,"n23m0164.hpc.itc.rwth-aachen.de",0,"0","uds",45,"n23m0164.hpc.itc.rwth-aachen.de",45,"45","uds",unix,64,4194304,10,50,68.943,20.077,23.9134,23.4475,34.203,4.9811,4.97878
0,"n23m0164.hpc.itc.rwth-aachen.de",0,"0","uds",46,"n23m0164.hpc.itc.rwth-aachen.de",46,"46","uds",unix,64,4194304,10,50,49.852,19.598,23.4465,23.49,29.248,5.01048,4.99145
0,"n23m0164.hpc.itc.rwth-aachen.de",0,"0","uds",47,"n23m0164.hpc.itc.rwth-aachen.de",47,"47","uds",unix,64,4194304,10,50,76.449,19.423,23.7914,23.496,31.062,4.72542,4.71691
0,"n23m0164.hpc.itc.rwth-aachen.de",0,"0","uds",48,"n23m0164.hpc.itc.rwth-aachen.de",48,"48","uds",unix,64,4194304,10,50,69.147,27.499,37.7263,37.5675,50.903,1.47757,1.7263
0,"n23m0164.hpc.itc.rwth-aachen.de",0,"0","uds",49,"n23m0164.hpc.itc.rwth-aachen.de",49,"49","uds",unix,64,4194304,10,50,120.909,30.165,56.1646,54.3965,141.684,1.60641,1.7778
0,"n23m0164.hpc.itc.rwth-aachen.de",0,"0","uds",50,"n23m0164.hpc.itc.rwth-aachen.de",50,"50","uds",unix,64,4194304,10,50,61.34,22.005,35.8589,35.7355,45.147,1.47329,1.69485
0,"n23m0164.hpc.itc.rwth-aachen.de",0,"0","uds",51,"n23m0164.hpc.itc.rwth-aachen.de",51,"51","uds",unix,64,4194304,10,50,131.934,29.203,52.5988,53.6885,73.517,1.48414,1.48383
0,"n23m0164.hpc.itc.rwth-aachen.de",0,"0","uds",52,"n23m0164.hpc.itc.rwth-aachen.de",52,"52","uds",unix,64,4194304,10,50,94.394,27.234,52.1581,51.95,87.185,1.46306,1.46784
0,"n23m0164.hpc.itc.rwth-aachen.de",0,"0","uds",53,"n23m0164.hpc.itc.rwth-aachen.de",53,"53","uds",unix,64,4194304,10,50,139.463,25.388,49.2359,47.9435,77.254,2.14013,2.09347
0,"n23m0164.hpc.itc.rwth-aachen.de",0,"0","uds",54,"n23m0164.hpc.itc.rwth-aachen.de",54,"54","uds",unix,64,4194304,10,50,104.029,37.468,55.6847,55.761,87.594,1.48058,1.47867
0,"n23m0164.hpc.itc.rwth-aachen.de",0,"0","uds",55,"n23m0164.hpc.itc.rwth-aachen.de",55,"55","uds",unix,64,4194304,10,50,119.625,28.762,53.6625,52.401,84.667,1.49014,1.4912
0,"n23m0164.hpc.itc.rwth-aachen.de",0,"0","uds",56,"n23m0164.hpc.itc.rwth-aachen.de",56,"56","uds",unix,64,4194304,10,50,92.173,29.704,54.3737,53.222,92.188,1.76304,1.90729
0,"n23m0164.hpc.itc.rwth-aachen.de",0,"0","uds",57,"n23m0164.hpc.itc.rwth-aachen.de",57,"57","uds",unix,64,4194304,10,50,83.54,20.593,40.3099,38.6825,80.069,1.46698,1.49554
0,"n23m0164.hpc.itc.rwth-aachen.de",0,"0","uds",58,"n23m0164.hpc.itc.rwth-aachen.de",58,"58","uds",unix,64,4194304,10,50,100.34,35.267,53.4216,51.77,96.725,1.4789,1.47758
0,"n23m0164.hpc.itc.rwth-aachen.de",0,"0","uds",59,"n23m0164.hpc.itc.rwth-aachen.de",59,"59","uds",unix,64,4194304,10,50,106.216,30.489,53.661,54.0245,85.55,1.49814,1.51205
0,"n23m0164.hpc.itc.rwth-aachen.de",0,"0","uds",60,"n23m0164.hpc.itc.rwth-aachen.de",60,"60","uds",unix,64,4194304,10,50,89.808,26.628,47.6272,46.929,66.905,2.014,1.98675
0,"n23m0164.hpc.itc.rwth-aachen.de",0,"0","uds",61,"n23m0164.hpc.itc.rwth-aachen.de",61,"61","uds",unix,64,4194304,10,50,113.461,27.232,54.4328,52.2735,84.47,1.49368,1.48966
0,"n23m0164.hpc.itc.rwth-aachen.de",0,"0","uds",62,"n23m0164.hpc.itc.rwth-aachen.de",62,"62","uds",unix,64,4194304,10,50,93.558,32.213,52.933,51.9245,78.217,1.48893,1.48849
0,"n23m0164.hpc.itc.rwth-aachen.de",0,"0","uds",63,"n23m0164.hpc.itc.rwth-aachen.de",63,"63","uds",unix,64,4194304,10,50,138.901,30.846,53.5339,52.138,112.761,1.57239,1.74566
0,"n23m0164.hpc.itc.rwth-aachen.de",0,"0","uds",64,"n23m0164.hpc.itc.rwth-aachen.de",64,"64","uds",unix,64,4194304,10,50,59.656,22.196,37.0872,35.6095,58.063,1.51738,1.64606
0,"n23m0164.hpc.itc.rwth-aachen.de",0,"0","uds",65,"n23m0164.hpc.itc.rwth-aachen.de",65,"65","uds",unix,64,4194304,10,50,113.827,28.318,52.6404,54.179,88.351,1.50112,1.49887
0,"n23m0164.hpc.itc.rwth-aachen.de",0,"0","uds",66,"n23m0164.hpc.itc.rwth-aachen.de",66,"66","uds",unix,64,4194304,10,50,107.331,33.001,55.6799,53.702,76.097,1.47901,1.4753
0,"n23m0164.hpc.itc.rwth-aachen.de",0,"0","uds",67,"n23m0164.hpc.itc.rwth-aachen.de",67,"67","uds",unix,64,4194304,10,50,121.047,32.688,52.0249,50.854,74.134,1.6324,1.80855
0,"n23m0164.hpc.itc.rwth-aachen.de",0,"0","uds",68,"n23m0164.hpc.itc.rwth-aachen.de",68,"68","uds",unix,64,4194304,10,50,64.805,26.583,37.2677,37.458,53.561,1.49809,1.61227
0,"n23m0164.hpc.itc.rwth-aachen.de",0,"0","uds",69,"n23m0164.hpc.itc.rwth-aachen.de",69,"69","uds",unix,64,4194304,10,50,142.666,29.487,53.4318,51.32,84.957,1.47663,1.47282
0,"n23m0164.hpc.itc.rwth-aachen.de",0,"0","uds",70,"n23m0164.hpc.itc.rwth-aachen.de",70,"70","uds",unix,64,4194304,10,50,115.127,28.204,53.8091,54.3495,93.539,1.46987,1.46888
0,"n23m0164.hpc.itc.rwth-aachen.de",0,"0","uds",71,"n23m0164.hpc.itc.rwth-aachen.de",71,"71","uds",unix,64,4194304,10,50,135.275,31.791,54.729,55.175,86.675,2.11806,2.08335
0,"n23m0164.hpc.itc.rwth-aachen.de",0,"0","uds",72,"n23m0164.hpc.itc.rwth-aachen.de",72,"72","uds",unix,64,4194304,10,50,69.751,30.411,43.0802,43.445,66.42,1.48077,1.47552
0,"n23m0164.hpc.itc.rwth-aachen.de",0,"0","uds",73,"n23m0164.hpc.itc.rwth-aachen.de",73,"73","uds",unix,64,4194304,10,50,107.708,29.015,50.7714,50.0965,81.718,1.49915,1.49674
0,"n23m0164.hpc.itc.rwth-aachen.de",0,"0","uds",74,"n23m0164.hpc.itc.rwth-aachen.de",74,"74","uds",unix,64,4194304,10,50,93.818,27.907,53.1552,51.4905,86.11,1.48418,1.48601
0,"n23m0164.hpc.itc.rwth-aachen.de",0,"0","uds",75,"n23m0164.hpc.itc.rwth-aachen.de",75,"75","uds",unix,64,4194304,10,50,120.976,29.333,54.2941,53.4195,114.805,1.99265,2.05987
0,"n23m0164.hpc.itc.rwth-aachen.de",0,"0","uds",76,"n23m0164.hpc.itc.rwth-aachen.de",76,"76","uds",unix,64,4194304,10,50,86.941,35.594,53.0361,51.563,79.014,1.48998,1.48944
0,"n23m0164.hpc.itc.rwth-aachen.de",0,"0","uds",77,"n23m0164.hpc.itc.rwth-aachen.de",77,"77","uds",unix,64,4194304,10,50,107.478,29.799,52.0784,51.0145,71.372,1.50265,1.50121
0,"n23m0164.hpc.itc.rwth-aachen.de",0,"0","uds",78,"n23m0164.hpc.itc.rwth-aachen.de",78,"78","uds",unix,64,4194304,10,50,115.031,29.92,52.0572,52.2865,78.925,1.50483,1.50712
0,"n23m0164.hpc.itc.rwth-aachen.de",0,"0","uds",79,"n23m0164.hpc.itc.rwth-aachen.de",79,"79","uds",unix,64,4194304,10,50,120.712,26.881,51.026,51.286,86.981,2.03067,2.04857
0,"n23m0164.hpc.itc.rwth-aachen.de",0,"0","uds",80,"n23m0164.hpc.itc.rwth-aachen.de",80,"80","uds",unix,64,4194304,10,50,91.253,27.292,53.6057,54.1725,74.564,1.48706,1.48054
0,"n23m0164.hpc.itc.rwth-aachen.de",0,"0","uds",81,"n23m0164.hpc.itc.rwth-aachen.de",81,"81","uds",unix,64,4194304,10,50,119.252,28.52,51.4723,50.8125,76.066,1.51061,1.50998
0,"n23m0164.hpc.itc.rwth-aachen.de",0,"0","uds",82,"n23m0164.hpc.itc.rwth-aachen.de",82,"82","uds",unix,64,4194304,10,50,121.259,33.399,53.6327,53.356,85.314,1.51866,1.57418
0,"n23m0164.hpc.itc.rwth-aachen.de",0,"0","uds",83,"n23m0164.hpc.itc.rwth-aachen.de",83,"83","uds",unix,64,4194304,10,50,116.616,29.38,46.7597,46.032,68.482,1.75052,1.8663
0,"n23m0164.hpc.itc.rwth-aachen.de",0,"0","uds",84,"n23m0164.hpc.itc.rwth-aachen.de",84,"84","uds",unix,64,4194304,10,50,88.291,35.1,53.865,54.2775,110.258,1.48973,1.48531
0,"n23m0164.hpc.itc.rwth-aachen.de",0,"0","uds",85,"n23m0164.hpc.itc.rwth-aachen.de",85,"85","uds",unix,64,4194304,10,50,133.01,30.363,55.5772,53.179,130.247,1.50103,1.49979
0,"n23m0164.hpc.itc.rwth-aachen.de",0,"0","uds",86,"n23m0164.hpc.itc.rwth-aachen.de",86,"86","uds",unix,64,4194304,10,50,91.884,29.209,52.7261,53.7135,75.158,1.52972,1.70853
0,"n23m0164.hpc.itc.rwth-aachen.de",0,"0","uds",87,"n23m0164.hpc.itc.rwth-aachen.de",87,"87","uds",unix,64,4194304,10,50,98.972,19.8,37.4668,36.4445,65.994,1.5144,1.70417
0,"n23m0164.hpc.itc.rwth-aachen.de",0,"0","uds",88,"n23m0164.hpc.itc.rwth-aachen.de",88,"88","uds",unix,64,4194304,10,50,89.326,28.247,52.7072,52.6445,82.191,1.50036,1.49719
0,"n23m0164.hpc.itc.rwth-aachen.de",0,"0","uds",89,"n23m0164.hpc.itc.rwth-aachen.de",89,"89","uds",unix,64,4194304,10,50,110.759,27.455,53.0937,54.261,78.688,1.49609,1.49666
0,"n23m0164.hpc.itc.rwth-aachen.de",0,"0","uds",90,"n23m0164.hpc.itc.rwth-aachen.de",90,"90","uds",unix,64,4194304,10,50,92.868,34.219,53.0096,53.1675,72.083,1.79657,1.93472
0,"n23m0164.hpc.itc.rwth-aachen.de",0,"0","uds",91,"n23m0164.hpc.itc.rwth-aachen.de",91,"91","uds",unix,64,4194304,10,50,81.449,24.153,37.3211,37.2185,61.138,1.51073,1.56789
0,"n23m0164.hpc.itc.rwth-aachen.de",0,"0","uds",92,"n23m0164.hpc.itc.rwth-aachen.de",92,"92","uds",unix,64,4194304,10,50,91.328,27.548,53.8487,53.1635,102.853,1.4981,1.49744
0,"n23m0164.hpc.itc.rwth-aachen.de",0,"0","uds",93,"n23m0164.hpc.itc.rwth-aachen.de",93,"93","uds",unix,64,4194304,10,50,124.877,27.958,52.9638,52.9805,77.898,1.51425,1.51269
0,"n23m0164.hpc.itc.rwth-aachen.de",0,"0","uds",94,"n23m0164.hpc.itc.rwth-aachen.de",94,"94","uds",unix,64,4194304,10,50,97.835,31.741,54.0793,53.235,79.041,2.02405,2.05171
0,"n23m0164.hpc.itc.rwth-aachen.de",0,"0","uds",95,"n23m0164.hpc.itc.rwth-aachen.de",95,"95","uds",unix,64,4194304,10,50,110.001,24.127,45.6185,44.508,94.935,1.50423,1.50414
1,"n23m0164.hpc.itc.rwth-aachen.de",1,"1","uds",2,"n23m0164.hpc.itc.rwth-aachen.de",2,"2","uds",unix,64,4194304,10,50,171.678,25.622,38.5468,38.687,73.006,3.25879,3.19426
1,"n23m0164.hpc.itc.rwth-aachen.de",1,"1","uds",3,"n23m0164.hpc.itc.rwth-aachen.de",3,"3","uds",unix,64,4194304,10,50,82.535,23.003,31.8453,31.382,44.758,4.05431,3.99043
1,"n23m0164.hpc.itc.rwth-aachen.de",1,"1","uds",4,"n23m0164.hpc.itc.rwth-aachen.de",4,"4","uds",unix,64,4194304,10,50,73.781,25.072,33.8882,34.1615,51.717,3.34457,3.33774
1,"n23m0164.hpc.itc.rwth-aachen.de",1,"1","uds",5,"n23m0164.hpc.itc.rwth-aachen.de",5,"5","uds",unix,64,4194304,10,50,82.233,28.753,36.3192,36.0015,45.66,4.30282,4.24474
1,"n23m0164.hpc.itc.rwth-aachen.de",1,"1","uds",6,"n23m0164.hpc.itc.rwth-aachen.de",6,"6","uds",unix,64,4194304,10,50,64.926,22.852,28.7486,27.6955,42.592,5.10127,5.03506
1,"n23m0164.hpc.itc.rwth-aachen.de",1,"1","uds",7,"n23m0164.hpc.itc.rwth-aachen.de",7,"7","uds",unix,64,4194304,10,50,55.747,21.54,26.7546,27.028,36.36,4.79405,4.80648
1,"n23m0164.hpc.itc.rwth-aachen.de",1,"1","uds",8,"n23m0164.hpc.itc.rwth-aachen.de",8,"8","uds",unix,64,4194304,10,50,58.333,20.949,27.3962,27.366,38.728,4.79542,4.73416
1,"n23m0164.hpc.itc.rwth-aachen.de",1,"1","uds",9,"n23m0164.hpc.itc.rwth-aachen.de",9,"9","uds",unix,64,4194304,10,50,59.318,21.961,27.5403,27.2565,40.127,5.31736,5.2678
1,"n23m0164.hpc.itc.rwth-aachen.de",1,"1","uds",10,"n23m0164.hpc.itc.rwth-aachen.de",10,"10","uds",unix,64,4194304,10,50,49.404,19.614,25.8438,25.524,32.773,4.99113,4.9511
1,"n23m0164.hpc.itc.rwth-aachen.de",1,"1","uds",11,"n23m0164.hpc.itc.rwth-aachen.de",11,"11","uds",unix,64,4194304,10,50,63.205,24.131,32.0404,31.7855,43.868,4.21494,4.20901
1,"n23m0164.hpc.itc.rwth-aachen.de",1,"1","uds",12,"n23m0164.hpc.itc.rwth-aachen.de",12,"12","uds",unix,64,4194304,10,50,60.032,18.203,26.2699,25.9845,37.388,5.01459,5.0055
1,"n23m0164.hpc.itc.rwth-aachen.de",1,"1","uds",13,"n23m0164.hpc.itc.rwth-aachen.de",13,"13","uds",unix,64,4194304,10,50,41.319,17.92,21.711,21.2535,36.526,5.07816,5.072
1,"n23m0164.hpc.itc.rwth-aachen.de",1,"1","uds",14,"n23m0164.hpc.itc.rwth-aachen.de",14,"14","uds",unix,64,4194304,10,50,64.696,19.815,25.5766,25.146,38.143,4.59329,4.65349
1,"n23m0164.hpc.itc.rwth-aachen.de",1,"1","uds",15,"n23m0164.hpc.itc.rwth-aachen.de",15,"15","uds",unix,64,4194304,10,50,59.076,18.565,23.6724,23.1935,38.72,4.53763,4.56926
1,"n23m0164.hpc.itc.rwth-aachen.de",1,"1","uds",16,"n23m0164.hpc.itc.rwth-aachen.de",16,"16","uds",unix,64,4194304,10,50,50.858,19.753,24.568,24.113,29.376,4.52801,4.47216
1,"n23m0164.hpc.itc.rwth-aachen.de",1,"1","uds",17,"n23m0164.hpc.itc.rwth-aachen.de",17,"17","uds",unix,64,4194304,10,50,53.55,19.866,24.4695,24.3665,35.381,4.47007,4.48152
1,"n23m0164.hpc.itc.rwth-aachen.de",1,"1","uds",18,"n23m0164.hpc.itc.rwth-aachen.de",18,"18","uds",unix,64,4194304,10,50,48.534,18.805,24.3946,24.468,35.145,3.34687,3.59853
1,"n23m0164.hpc.itc.rwth-aachen.de",1,"1","uds",19,"n23m0164.hpc.itc.rwth-aachen.de",19,"19","uds",unix,64,4194304,10,50,61.356,23.176,30.4425,29.874,38.339,4.25793,4.16648
1,"n23m0164.hpc.itc.rwth-aachen.de",1,"1","uds",20,"n23m0164.hpc.itc.rwth-aachen.de",20,"20","uds",unix,64,4194304,10,50,60.723,21.254,24.9454,24.2985,39.399,5.20196,5.14984
1,"n23m0164.hpc.itc.rwth-aachen.de",1,"1","uds",21,"n23m0164.hpc.itc.rwth-aachen.de",21,"21","uds",unix,64,4194304,10,50,42.563,17.87,22.6569,22.2415,40.458,5.16023,5.10882
1,"n23m0164.hpc.itc.rwth-aachen.de",1,"1","uds",22,"n23m0164.hpc.itc.rwth-aachen.de",22,"22","uds",unix,64,4194304,10,50,52.115,20.368,26.1447,25.993,32.786,3.33002,3.54673
1,"n23m0164.hpc.itc.rwth-aachen.de",1,"1","uds",23,"n23m0164.hpc.itc.rwth-aachen.de",23,"23","uds",unix,64,4194304,10,50,67.769,24.199,32.1829,31.628,42.876,4.23767,4.07671
1,"n23m0164.hpc.itc.rwth-aachen.de",1,"1","uds",24,"n23m0164.hpc.itc.rwth-aachen.de",24,"24","uds",unix,64,4194304,10,50,53.972,20.154,25.8781,25.505,45.335,4.37984,4.35101
1,"n23m0164.hpc.itc.rwth-aachen.de",1,"1","uds",25,"n23m0164.hpc.itc.rwth-aachen.de",25,"25","uds",unix,64,4194304,10,50,61.103,20.823,24.8213,24.2635,33.608,3.04002,3.33211
1,"n23m0164.hpc.itc.rwth-aachen.de",1,"1","uds",26,"n23m0164.hpc.itc.rwth-aachen.de",26,"26","uds",unix,64,4194304,10,50,71.8,21.093,31.8872,31.029,44.066,4.28911,4.2039
1,"n23m0164.hpc.itc.rwth-aachen.de",1,"1","uds",27,"n23m0164.hpc.itc.rwth-aachen.de",27,"27","uds",unix,64,4194304,10,50,49.33,18.53,23.1111,22.483,31.311,4.4135,4.30663
1,"n23m0164.hpc.itc.rwth-aachen.de",1,"1","uds",28,"n23m0164.hpc.itc.rwth-aachen.de",28,"28","uds",unix,64,4194304,10,50,79.275,20.448,30.4869,30.2705,47.088,3.10232,3.10291
1,"n23m0164.hpc.itc.rwth-aachen.de",1,"1","uds",29,"n23m0164.hpc.itc.rwth-aachen.de",29,"29","uds",unix,64,4194304,10,50,71.115,18.78,32.9643,32.1275,54.355,4.17954,4.06951
1,"n23m0164.hpc.itc.rwth-aachen.de",1,"1","uds",30,"n23m0164.hpc.itc.rwth-aachen.de",30,"30","uds",unix,64,4194304,10,50,48.167,19.292,24.375,23.882,31.94,3.16401,3.47056
1,"n23m0164.hpc.itc.rwth-aachen.de",1,"1","uds",31,"n23m0164.hpc.itc.rwth-aachen.de",31,"31","uds",unix,64,4194304,10,50,77.695,18.366,31.4185,31.662,43.119,4.26684,4.19082
1,"n23m0164.hpc.itc.rwth-aachen.de",1,"1","uds",32,"n23m0164.hpc.itc.rwth-aachen.de",32,"32","uds",unix,64,4194304,10,50,60.202,19.983,24.3616,23.8155,32.145,5.33876,5.24764
1,"n23m0164.hpc.itc.rwth-aachen.de",1,"1","uds",33,"n23m0164.hpc.itc.rwth-aachen.de",33,"33","uds",unix,64,4194304,10,50,40.373,18.605,21.7566,21.676,25.197,4.92616,4.90511
1,"n23m0164.hpc.itc.rwth-aachen.de",1,"1","uds",34,"n23m0164.hpc.itc.rwth-aachen.de",34,"34","uds",unix,64,4194304,10,50,54.426,21.054,26.2578,26.2825,32.339,3.11415,3.2263
1,"n23m0164.hpc.itc.rwth-aachen.de",1,"1","uds",35,"n23m0164.hpc.itc.rwth-aachen.de",35,"35","uds",unix,64,4194304,10,50,68.391,24.331,31.8172,31.6625,43.535,4.4545,4.33327
1,"n23m0164.hpc.itc.rwth-aachen.de",1,"1","uds",36,"n23m0164.hpc.itc.rwth-aachen.de",36,"36","uds",unix,64,4194304,10,50,41.144,17.992,22.4382,22.569,27.069,4.04974,4.02886
1,"n23m0164.hpc.itc.rwth-aachen.de",1,"1","uds",37,"n23m0164.hpc.itc.rwth-aachen.de",37,"37","uds",unix,64,4194304,10,50,70.284,20.112,31.9191,30.7295,52.671,2.89483,2.89552
1,"n23m0164.hpc.itc.rwth-aachen.de",1,"1","uds",38,"n23m0164.hpc.itc.rwth-aachen.de",38,"38","uds",unix,64,4194304,10,50,71.567,24.427,33.114,33.2545,42.159,4.17272,4.10606
1,"n23m0164.hpc.itc.rwth-aachen.de",1,"1","uds",39,"n23m0164.hpc.itc.rwth-aachen.de",39,"39","uds",unix,64,4194304,10,50,48.754,18.587,22.8438,22.368,36.529,4.04314,3.95123
1,"n23m0164.hpc.itc.rwth-aachen.de",1,"1","uds",40,"n23m0164.hpc.itc.rwth-aachen.de",40,"40","uds",unix,64,4194304,10,50,70.325,20.125,32.5763,32.7955,49.418,3.1024,3.06845
1,"n23m0164.hpc.itc.rwth-aachen.de",1,"1","uds",41,"n23m0164.hpc.itc.rwth-aachen.de",41,"41","uds",unix,64,4194304,10,50,58.852,22.946,30.7045,30.5465,46.431,4.35213,4.28369
1,"n23m0164.hpc.itc.rwth-aachen.de",1,"1","uds",42,"n23m0164.hpc.itc.rwth-aachen.de",42,"42","uds",unix,64,4194304,10,50,44.282,17.78,22.4705,22.301,32.939,4.17876,4.16872
1,"n23m0164.hpc.itc.rwth-aachen.de",1,"1","uds",43,"n23m0164.hpc.itc.rwth-aachen.de",43,"43","uds",unix,64,4194304,10,50,62.884,24.36,29.9678,28.827,49.927,2.88489,2.88496
1,"n23m0164.hpc.itc.rwth-aachen.de",1,"1","uds",44,"n23m0164.hpc.itc.rwth-aachen.de",44,"44","uds",unix,64,4194304,10,50,67.023,26.72,33.8672,33.041,47.436,3.06122,2.9707
1,"n23m0164.hpc.itc.rwth-aachen.de",1,"1","uds",45,"n23m0164.hpc.itc.rwth-aachen.de",45,"45","uds",unix,64,4194304,10,50,62.232,22.718,29.3856,28.8085,40.697,2.90627,3.09119
1,"n23m0164.hpc.itc.rwth-aachen.de",1,"1","uds",46,"n23m0164.hpc.itc.rwth-aachen.de",46,"46","uds",unix,64,4194304,10,50,51.832,20.355,25.5829,25.4795,33.786,4.88871,4.81771
1,"n23m0164.hpc.itc.rwth-aachen.de",1,"1","uds",47,"n23m0164.hpc.itc.rwth-aachen.de",47,"47","uds",unix,64,4194304,10,50,51.09,20.886,23.9444,23.395,33.711,5.03137,4.96947
1,"n23m0164.hpc.itc.rwth-aachen.de",1,"1","uds",48,"n23m0164.hpc.itc.rwth-aachen.de",48,"48","uds",unix,64,4194304,10,50,55.144,24.234,36.6072,37.347,46.563,1.62328,1.80234
1,"n23m0164.hpc.itc.rwth-aachen.de",1,"1","uds",49,"n23m0164.hpc.itc.rwth-aachen.de",49,"49","uds",unix,64,4194304,10,50,81.799,29.336,53.3527,52.5135,73.827,1.50398,1.54195
1,"n23m0164.hpc.itc.rwth-aachen.de",1,"1","uds",50,"n23m0164.hpc.itc.rwth-aachen.de",50,"50","uds",unix,64,4194304,10,50,81.033,31.702,46.996,45.0105,69.326,1.86048,1.91565
1,"n23m0164.hpc.itc.rwth-aachen.de",1,"1","uds",51,"n23m0164.hpc.itc.rwth-aachen.de",51,"51","uds",unix,64,4194304,10,50,80.366,27.201,52.3462,53.0075,77.612,1.50159,1.5028
1,"n23m0164.hpc.itc.rwth-aachen.de",1,"1","uds",52,"n23m0164.hpc.itc.rwth-aachen.de",52,"52","uds",unix,64,4194304,10,50,93.253,35.859,53.1782,54.21,78.628,1.48913,1.48944
1,"n23m0164.hpc.itc.rwth-aachen.de",1,"1","uds",53,"n23m0164.hpc.itc.rwth-aachen.de",53,"53","uds",unix,64,4194304,10,50,96.752,28.914,50.3545,49.2195,81.57,1.56933,1.75667
1,"n23m0164.hpc.itc.rwth-aachen.de",1,"1","uds",54,"n23m0164.hpc.itc.rwth-aachen.de",54,"54","uds",unix,64,4194304,10,50,54.651,26.165,35.8341,36.5965,46.827,1.48559,1.60488
1,"n23m0164.hpc.itc.rwth-aachen.de",1,"1","uds",55,"n23m0164.hpc.itc.rwth-aachen.de",55,"55","uds",unix,64,4194304,10,50,83.385,32.749,52.0239,50.8075,79.821,1.50253,1.49925
1,"n23m0164.hpc.itc.rwth-aachen.de",1,"1","uds",56,"n23m0164.hpc.itc.rwth-aachen.de",56,"56","uds",unix,64,4194304,10,50,77.237,28.522,50.8597,52.0135,77.167,1.50502,1.50426
1,"n23m0164.hpc.itc.rwth-aachen.de",1,"1","uds",57,"n23m0164.hpc.itc.rwth-aachen.de",57,"57","uds",unix,64,4194304,10,50,77.023,27.183,51.7665,52.4305,81.75,1.99236,2.04227
1,"n23m0164.hpc.itc.rwth-aachen.de",1,"1","uds",58,"n23m0164.hpc.itc.rwth-aachen.de",58,"58","uds",unix,64,4194304,10,50,65.629,26.508,44.9557,44.6595,63.881,1.48729,1.486
1,"n23m0164.hpc.itc.rwth-aachen.de",1,"1","uds",59,"n23m0164.hpc.itc.rwth-aachen.de",59,"59","uds",unix,64,4194304,10,50,74.419,27.211,50.583,50.755,76.936,1.49605,1.48552
1,"n23m0164.hpc.itc.rwth-aachen.de",1,"1","uds",60,"n23m0164.hpc.itc.rwth-aachen.de",60,"60","uds",unix,64,4194304,10,50,88.139,30.179,54.6721,53.9545,106.851,1.47489,1.4769
1,"n23m0164.hpc.itc.rwth-aachen.de",1,"1","uds",61,"n23m0164.hpc.itc.rwth-aachen.de",61,"61","uds",unix,64,4194304,10,50,92.475,24.896,50.4119,49.686,84.748,1.81838,1.91234
1,"n23m0164.hpc.itc.rwth-aachen.de",1,"1","uds",62,"n23m0164.hpc.itc.rwth-aachen.de",62,"62","uds",unix,64,4194304,10,50,82.854,27.291,52.9502,53.3155,97.229,1.4937,1.4938
1,"n23m0164.hpc.itc.rwth-aachen.de",1,"1","uds",63,"n23m0164.hpc.itc.rwth-aachen.de",63,"63","uds",unix,64,4194304,10,50,98.011,27.818,53.1341,52.525,102.78,1.49442,1.50354
1,"n23m0164.hpc.itc.rwth-aachen.de",1,"1","uds",64,"n23m0164.hpc.itc.rwth-aachen.de",64,"64","uds",unix,64,4194304,10,50,80.684,28.799,46.1013,46.8125,66.793,2.07746,2.03435
1,"n23m0164.hpc.itc.rwth-aachen.de",1,"1","uds",65,"n23m0164.hpc.itc.rwth-aachen.de",65,"65","uds",unix,64,4194304,10,50,92.296,34.024,53.5292,54.2535,80.354,1.52113,1.52059
1,"n23m0164.hpc.itc.rwth-aachen.de",1,"1","uds",66,"n23m0164.hpc.itc.rwth-aachen.de",66,"66","uds",unix,64,4194304,10,50,87.975,28.365,52.51,51.2365,80.216,1.50823,1.50424
1,"n23m0164.hpc.itc.rwth-aachen.de",1,"1","uds",67,"n23m0164.hpc.itc.rwth-aachen.de",67,"67","uds",unix,64,4194304,10,50,85.678,31.239,59.5463,52.4145,376.333,1.52324,1.68309
1,"n23m0164.hpc.itc.rwth-aachen.de",1,"1","uds",68,"n23m0164.hpc.itc.rwth-aachen.de",68,"68","uds",unix,64,4194304,10,50,61.01,26.106,35.2917,34.0565,59.417,1.51872,1.695
1,"n23m0164.hpc.itc.rwth-aachen.de",1,"1","uds",69,"n23m0164.hpc.itc.rwth-aachen.de",69,"69","uds",unix,64,4194304,10,50,80.838,32.363,52.5587,52.825,88.43,1.48729,1.48732
1,"n23m0164.hpc.itc.rwth-aachen.de",1,"1","uds",70,"n23m0164.hpc.itc.rwth-aachen.de",70,"70","uds",unix,64,4194304,10,50,81.076,26.831,53.9118,52.866,84.164,1.49228,1.49112
1,"n23m0164.hpc.itc.rwth-aachen.de",1,"1","uds",71,"n23m0164.hpc.itc.rwth-aachen.de",71,"71","uds",unix,64,4194304,10,50,82.097,25.347,51.1395,51.8365,85.255,1.79307,1.96085
1,"n23m0164.hpc.itc.rwth-aachen.de",1,"1","uds",72,"n23m0164.hpc.itc.rwth-aachen.de",72,"72","uds",unix,64,4194304,10,50,63.248,20.91,38.471,37.4825,65.401,1.50769,1.51868
1,"n23m0164.hpc.itc.rwth-aachen.de",1,"1","uds",73,"n23m0164.hpc.itc.rwth-aachen.de",73,"73","uds",unix,64,4194304,10,50,80.487,29.03,50.1751,50.406,68.428,1.51724,1.51471
1,"n23m0164.hpc.itc.rwth-aachen.de",1,"1","uds",74,"n23m0164.hpc.itc.rwth-aachen.de",74,"74","uds",unix,64,4194304,10,50,78.096,29.528,50.5305,51.7965,87.993,1.50232,1.51777
1,"n23m0164.hpc.itc.rwth-aachen.de",1,"1","uds",75,"n23m0164.hpc.itc.rwth-aachen.de",75,"75","uds",unix,64,4194304,10,50,74.803,25.81,44.8988,45.048,81.867,2.17048,2.0742
1,"n23m0164.hpc.itc.rwth-aachen.de",1,"1","uds",76,"n23m0164.hpc.itc.rwth-aachen.de",76,"76","uds",unix,64,4194304,10,50,80.264,28.112,52.8219,52.588,92.897,1.52186,1.52233
1,"n23m0164.hpc.itc.rwth-aachen.de",1,"1","uds",77,"n23m0164.hpc.itc.rwth-aachen.de",77,"77","uds",unix,64,4194304,10,50,86.495,28.491,52.3774,51.9545,94.948,1.52057,1.5203
1,"n23m0164.hpc.itc.rwth-aachen.de",1,"1","uds",78,"n23m0164.hpc.itc.rwth-aachen.de",78,"78","uds",unix,64,4194304,10,50,85.428,32.446,51.8115,52.527,73.42,1.58752,1.77025
1,"n23m0164.hpc.itc.rwth-aachen.de",1,"1","uds",79,"n23m0164.hpc.itc.rwth-aachen.de",79,"79","uds",unix,64,4194304,10,50,63.556,25.587,36.0731,35.3955,46.832,1.52747,1.67274
1,"n23m0164.hpc.itc.rwth-aachen.de",1,"1","uds",80,"n23m0164.hpc.itc.rwth-aachen.de",80,"80","uds",unix,64,4194304,10,50,79.818,31.02,51.5507,50.451,78.497,1.51467,1.51536
1,"n23m0164.hpc.itc.rwth-aachen.de",1,"1","uds",81,"n23m0164.hpc.itc.rwth-aachen.de",81,"81","uds",unix,64,4194304,10,50,94.654,28.742,52.1036,51.3445,79.646,1.5311,1.5318
1,"n23m0164.hpc.itc.rwth-aachen.de",1,"1","uds",82,"n23m0164.hpc.itc.rwth-aachen.de",82,"82","uds",unix,64,4194304,10,50,82.567,27.616,50.7828,49.478,71.429,1.81142,1.97801
1,"n23m0164.hpc.itc.rwth-aachen.de",1,"1","uds",83,"n23m0164.hpc.itc.rwth-aachen.de",83,"83","uds",unix,64,4194304,10,50,57.821,27.314,39.7181,39.7185,60.202,1.51447,1.53698
1,"n23m0164.hpc.itc.rwth-aachen.de",1,"1","uds",84,"n23m0164.hpc.itc.rwth-aachen.de",84,"84","uds",unix,64,4194304,10,50,90.383,27.433,49.8363,49.2625,72.541,1.5217,1.51944
1,"n23m0164.hpc.itc.rwth-aachen.de",1,"1","uds",85,"n23m0164.hpc.itc.rwth-aachen.de",85,"85","uds",unix,64,4194304,10,50,77.397,27.788,51.723,49.302,86.209,1.51906,1.52081
1,"n23m0164.hpc.itc.rwth-aachen.de",1,"1","uds",86,"n23m0164.hpc.itc.rwth-aachen.de",86,"86","uds",unix,64,4194304,10,50,84.709,34.291,53.5422,55.868,71.687,2.05604,2.05343
1,"n23m0164.hpc.itc.rwth-aachen.de",1,"1","uds",87,"n23m0164.hpc.itc.rwth-aachen.de",87,"87","uds",unix,64,4194304,10,50,65.004,23.375,43.4883,43.7775,57.694,1.5156,1.51311
1,"n23m0164.hpc.itc.rwth-aachen.de",1,"1","uds",88,"n23m0164.hpc.itc.rwth-aachen.de",88,"88","uds",unix,64,4194304,10,50,79.545,28.092,52.7816,52.804,82.57,1.50651,1.5061
1,"n23m0164.hpc.itc.rwth-aachen.de",1,"1","uds",89,"n23m0164.hpc.itc.rwth-aachen.de",89,"89","uds",unix,64,4194304,10,50,78.138,28.277,51.757,51.806,89.535,1.5172,1.51953
1,"n23m0164.hpc.itc.rwth-aachen.de",1,"1","uds",90,"n23m0164.hpc.itc.rwth-aachen.de",90,"90","uds",unix,64,4194304,10,50,84.656,33.555,49.0664,49.2765,82.294,2.08607,2.07823
1,"n23m0164.hpc.itc.rwth-aachen.de",1,"1","uds",91,"n23m0164.hpc.itc.rwth-aachen.de",91,"91","uds",unix,64,4194304,10,50,116.787,28.129,50.4848,52.0005,82.423,1.52146,1.52126
1,"n23m0164.hpc.itc.rwth-aachen.de",1,"1","uds",92,"n23m0164.hpc.itc.rwth-aachen.de",92,"92","uds",unix,64,4194304,10,50,83.567,28.3,52.7696,52.8135,97.449,1.51972,1.51888
1,"n23m0164.hpc.itc.rwth-aachen.de",1,"1","uds",93,"n23m0164.hpc.itc.rwth-aachen.de",93,"93","uds",unix,64,4194304,10,50,79.026,28.624,51.5298,52.558,94.01,1.53713,1.56327
1,"n23m0164.hpc.itc.rwth-aachen.de",1,"1","uds",94,"n23m0164.hpc.itc.rwth-aachen.de",94,"94","uds",unix,64,4194304,10,50,74.095,22.709,45.5399,46.476,83.03,1.92362,1.95552
1,"n23m0164.hpc.itc.rwth-aachen.de",1,"1","uds",95,"n23m0164.hpc.itc.rwth-aachen.de",95,"95","uds",unix,64,4194304,10,50,79.556,26.671,51.5629,53.179,74.486,1.52002,1.51848
2,"n23m0164.hpc.itc.rwth-aachen.de",2,"2","uds",3,"n23m0164.hpc.itc.rwth-aachen.de",3,"3","uds",unix,64,4194304,10,50,145.044,21.755,37.1036,36.034,69.796,4.35564,4.24822
2,"n23m0164.hpc.itc.rwth-aachen.de",2,"2","uds",4,"n23m0164.hpc.itc.rwth-aachen.de",4,"4","uds",unix,64,4194304,10,50,71.556,23.657,29.7181,28.772,42.362,4.93301,4.89383
2,"n23m0164.hpc.itc.rwth-aachen.de",2,"2","uds",5,"n23m0164.hpc.itc.rwth-aachen.de",5,"5","uds",unix,64,4194304,10,50,68.245,19.073,28.4659,27.3915,50.772,4.29705,4.30597
2,"n23m0164.hpc.itc.rwth-aachen.de",2,"2","uds",6,"n23m0164.hpc.itc.rwth-aachen.de",6,"6","uds",unix,64,4194304,10,50,62.575,23.141,28.7395,27.956,39.945,4.37067,4.36002
2,"n23m0164.hpc.itc.rwth-aachen.de",2,"2","uds",7,"n23m0164.hpc.itc.rwth-aachen.de",7,"7","uds",unix,64,4194304,10,50,62.45,21.663,27.6786,27.3665,38.425,4.89019,4.8475
2,"n23m0164.hpc.itc.rwth-aachen.de",2,"2","uds",8,"n23m0164.hpc.itc.rwth-aachen.de",8,"8","uds",unix,64,4194304,10,50,59.276,22.471,27.5619,27.853,34.62,4.11159,4.13775
2,"n23m0164.hpc.itc.rwth-aachen.de",2,"2","uds",9,"n23m0164.hpc.itc.rwth-aachen.de",9,"9","uds",unix,64,4194304,10,50,67.337,22.012,29.3082,28.8165,41.561,3.79909,3.7986
2,"n23m0164.hpc.itc.rwth-aachen.de",2,"2","uds",10,"n23m0164.hpc.itc.rwth-aachen.de",10,"10","uds",unix,64,4194304,10,50,62.291,22.541,29.6009,29.322,45.766,4.91895,4.83608
2,"n23m0164.hpc.itc.rwth-aachen.de",2,"2","uds",11,"n23m0164.hpc.itc.rwth-aachen.de",11,"11","uds",unix,64,4194304,10,50,60.242,23.213,27.3823,26.87,36.508,4.14557,4.14557
2,"n23m0164.hpc.itc.rwth-aachen.de",2,"2","uds",12,"n23m0164.hpc.itc.rwth-aachen.de",12,"12","uds",unix,64,4194304,10,50,57.816,22.258,26.5349,25.93,49.551,4.85796,4.86568
2,"n23m0164.hpc.itc.rwth-aachen.de",2,"2","uds",13,"n23m0164.hpc.itc.rwth-aachen.de",13,"13","uds",unix,64,4194304,10,50,48.475,18.384,22.716,22.0805,30.181,4.98915,5.0485
2,"n23m0164.hpc.itc.rwth-aachen.de",2,"2","uds",14,"n23m0164.hpc.itc.rwth-aachen.de",14,"14","uds",unix,64,4194304,10,50,48.361,19.266,24.3359,23.4745,39.186,4.25663,4.29175
2,"n23m0164.hpc.itc.rwth-aachen.de",2,"2","uds",15,"n23m0164.hpc.itc.rwth-aachen.de",15,"15","uds",unix,64,4194304,10,50,52.052,19.316,26.0526,25.798,36.438,4.53597,4.53744
2,"n23m0164.hpc.itc.rwth-aachen.de",2,"2","uds",16,"n23m0164.hpc.itc.rwth-aachen.de",16,"16","uds",unix,64,4194304,10,50,51.905,20.22,25.5804,24.7495,35.678,4.21509,4.21232
2,"n23m0164.hpc.itc.rwth-aachen.de",2,"2","uds",17,"n23m0164.hpc.itc.rwth-aachen.de",17,"17","uds",unix,64,4194304,10,50,48.423,20.818,25.3939,25.155,32.403,4.5158,4.50983
2,"n23m0164.hpc.itc.rwth-aachen.de",2,"2","uds",18,"n23m0164.hpc.itc.rwth-aachen.de",18,"18","uds",unix,64,4194304,10,50,45.51,15.486,24.5237,23.5775,51.363,4.56565,4.56453
2,"n23m0164.hpc.itc.rwth-aachen.de",2,"2","uds",19,"n23m0164.hpc.itc.rwth-aachen.de",19,"19","uds",unix,64,4194304,10,50,50.064,20.283,25.0226,25.0385,32.719,4.17919,4.18811
2,"n23m0164.hpc.itc.rwth-aachen.de",2,"2","uds",20,"n23m0164.hpc.itc.rwth-aachen.de",20,"20","uds",unix,64,4194304,10,50,56.755,19.199,24.9959,24.7735,33.338,4.79306,4.75339
2,"n23m0164.hpc.itc.rwth-aachen.de",2,"2","uds",21,"n23m0164.hpc.itc.rwth-aachen.de",21,"21","uds",unix,64,4194304,10,50,43.531,20.408,23.76,23.4615,39.736,4.94918,4.95476
2,"n23m0164.hpc.itc.rwth-aachen.de",2,"2","uds",22,"n23m0164.hpc.itc.rwth-aachen.de",22,"22","uds",unix,64,4194304,10,50,46.223,20.186,23.8066,23.1385,33.508,4.75462,4.7575
2,"n23m0164.hpc.itc.rwth-aachen.de",2,"2","uds",23,"n23m0164.hpc.itc.rwth-aachen.de",23,"23","uds",unix,64,4194304,10,50,48.336,21.57,25.3046,24.714,34.756,3.6528,3.74805
2,"n23m0164.hpc.itc.rwth-aachen.de",2,"2","uds",24,"n23m0164.hpc.itc.rwth-aachen.de",24,"24","uds",unix,64,4194304,10,50,55.563,23.286,26.8123,26.0505,36.186,2.96422,2.98149
2,"n23m0164.hpc.itc.rwth-aachen.de",2,"2","uds",25,"n23m0164.hpc.itc.rwth-aachen.de",25,"25","uds",unix,64,4194304,10,50,71.414,24.985,31.0487,30.258,46.349,4.07547,3.96671
2,"n23m0164.hpc.itc.rwth-aachen.de",2,"2","uds",26,"n23m0164.hpc.itc.rwth-aachen.de",26,"26","uds",unix,64,4194304,10,50,50.167,15.502,24.0846,23.8555,33.093,5.18461,5.12185
2,"n23m0164.hpc.itc.rwth-aachen.de",2,"2","uds",27,"n23m0164.hpc.itc.rwth-aachen.de",27,"27","uds",unix,64,4194304,10,50,45.62,17.84,22.0941,21.711,36.549,4.9593,4.94636
2,"n23m0164.hpc.itc.rwth-aachen.de",2,"2","uds",28,"n23m0164.hpc.itc.rwth-aachen.de",28,"28","uds",unix,64,4194304,10,50,56.37,20.645,26.4351,25.704,48.465,3.06799,3.21668
2,"n23m0164.hpc.itc.rwth-aachen.de",2,"2","uds",29,"n23m0164.hpc.itc.rwth-aachen.de",29,"29","uds",unix,64,4194304,10,50,68.695,22.498,31.9019,32.0175,44.827,3.83354,3.68033
2,"n23m0164.hpc.itc.rwth-aachen.de",2,"2","uds",30,"n23m0164.hpc.itc.rwth-aachen.de",30,"30","uds",unix,64,4194304,10,50,55.216,20.395,25.6547,24.931,38.773,3.05844,3.23474
2,"n23m0164.hpc.itc.rwth-aachen.de",2,"2","uds",31,"n23m0164.hpc.itc.rwth-aachen.de",31,"31","uds",unix,64,4194304,10,50,67.779,24.751,30.9265,31.1045,38.376,4.13559,3.9812
2,"n23m0164.hpc.itc.rwth-aachen.de",2,"2","uds",32,"n23m0164.hpc.itc.rwth-aachen.de",32,"32","uds",unix,64,4194304,10,50,49.468,15.399,25.5471,25.41,36.613,5.21803,5.18615
2,"n23m0164.hpc.itc.rwth-aachen.de",2,"2","uds",33,"n23m0164.hpc.itc.rwth-aachen.de",33,"33","uds",unix,64,4194304,10,50,41.136,17.231,21.1475,20.7485,26.8,5.06392,5.04696
2,"n23m0164.hpc.itc.rwth-aachen.de",2,"2","uds",34,"n23m0164.hpc.itc.rwth-aachen.de",34,"34","uds",unix,64,4194304,10,50,49.859,22.331,25.8249,25.23,41.036,3.04558,3.23238
2,"n23m0164.hpc.itc.rwth-aachen.de",2,"2","uds",35,"n23m0164.hpc.itc.rwth-aachen.de",35,"35","uds",unix,64,4194304,10,50,65.662,22.869,30.9019,29.758,53.149,4.39424,4.27744
2,"n23m0164.hpc.itc.rwth-aachen.de",2,"2","uds",36,"n23m0164.hpc.itc.rwth-aachen.de",36,"36","uds",unix,64,4194304,10,50,47.703,16.945,22.785,22.777,30.396,3.97064,3.90525
2,"n23m0164.hpc.itc.rwth-aachen.de",2,"2","uds",37,"n23m0164.hpc.itc.rwth-aachen.de",37,"37","uds",unix,64,4194304,10,50,67.873,22.243,32.2434,32.089,44.624,2.83866,2.83507
2,"n23m0164.hpc.itc.rwth-aachen.de",2,"2","uds",38,"n23m0164.hpc.itc.rwth-aachen.de",38,"38","uds",unix,64,4194304,10,50,81.948,20.799,32.3362,32.4105,49.82,4.17345,4.10344
2,"n23m0164.hpc.itc.rwth-aachen.de",2,"2","uds",39,"n23m0164.hpc.itc.rwth-aachen.de",39,"39","uds",unix,64,4194304,10,50,55.795,19.715,22.8575,22.683,35.575,4.00786,3.94425
2,"n23m0164.hpc.itc.rwth-aachen.de",2,"2","uds",40,"n23m0164.hpc.itc.rwth-aachen.de",40,"40","uds",unix,64,4194304,10,50,84.799,26.26,33.6798,32.9465,48.695,2.7644,2.76474
2,"n23m0164.hpc.itc.rwth-aachen.de",2,"2","uds",41,"n23m0164.hpc.itc.rwth-aachen.de",41,"41","uds",unix,64,4194304,10,50,66.388,23.08,31.8462,31.4205,42.687,4.09307,4.05633
2,"n23m0164.hpc.itc.rwth-aachen.de",2,"2","uds",42,"n23m0164.hpc.itc.rwth-aachen.de",42,"42","uds",unix,64,4194304,10,50,44.677,17.335,23.5695,22.9875,34.226,3.92965,3.86203
2,"n23m0164.hpc.itc.rwth-aachen.de",2,"2","uds",43,"n23m0164.hpc.itc.rwth-aachen.de",43,"43","uds",unix,64,4194304,10,50,65.057,26.215,33.5171,33.032,41.058,2.81597,2.81483
2,"n23m0164.hpc.itc.rwth-aachen.de",2,"2","uds",44,"n23m0164.hpc.itc.rwth-aachen.de",44,"44","uds",unix,64,4194304,10,50,72.402,22.447,32.6149,32.704,43.892,2.73592,2.73483
2,"n23m0164.hpc.itc.rwth-aachen.de",2,"2","uds",45,"n23m0164.hpc.itc.rwth-aachen.de",45,"45","uds",unix,64,4194304,10,50,72.051,20.118,32.2202,31.858,45.073,3.88763,3.78112
2,"n23m0164.hpc.itc.rwth-aachen.de",2,"2","uds",46,"n23m0164.hpc.itc.rwth-aachen.de",46,"46","uds",unix,64,4194304,10,50,47.179,19.392,23.7067,23.163,34.252,4.81596,4.64527
2,"n23m0164.hpc.itc.rwth-aachen.de",2,"2","uds",47,"n23m0164.hpc.itc.rwth-aachen.de",47,"47","uds",unix,64,4194304,10,50,53.309,22.202,27.0151,26.292,38.322,4.55947,4.48466
2,"n23m0164.hpc.itc.rwth-aachen.de",2,"2","uds",48,"n23m0164.hpc.itc.rwth-aachen.de",48,"48","uds",unix,64,4194304,10,50,51.708,24.466,38.0446,37.609,48.997,1.50208,1.7114
2,"n23m0164.hpc.itc.rwth-aachen.de",2,"2","uds",49,"n23m0164.hpc.itc.rwth-aachen.de",49,"49","uds",unix,64,4194304,10,50,77.838,38.818,53.7564,53.538,72.394,1.51489,1.54513
2,"n23m0164.hpc.itc.rwth-aachen.de",2,"2","uds",50,"n23m0164.hpc.itc.rwth-aachen.de",50,"50","uds",unix,64,4194304,10,50,73.694,30.429,46.8569,46.7325,62.623,1.95993,1.96195
2,"n23m0164.hpc.itc.rwth-aachen.de",2,"2","uds",51,"n23m0164.hpc.itc.rwth-aachen.de",51,"51","uds",unix,64,4194304,10,50,88.269,28.318,53.1349,55.032,74.713,1.48588,1.48232
2,"n23m0164.hpc.itc.rwth-aachen.de",2,"2","uds",52,"n23m0164.hpc.itc.rwth-aachen.de",52,"52","uds",unix,64,4194304,10,50,93.469,29.107,53.8655,53.6175,73.861,1.49948,1.49921
2,"n23m0164.hpc.itc.rwth-aachen.de",2,"2","uds",53,"n23m0164.hpc.itc.rwth-aachen.de",53,"53","uds",unix,64,4194304,10,50,84.77,32.57,53.1103,53.2725,81.178,1.59243,1.75401
2,"n23m0164.hpc.itc.rwth-aachen.de",2,"2","uds",54,"n23m0164.hpc.itc.rwth-aachen.de",54,"54","uds",unix,64,4194304,10,50,55.446,29.716,36.7548,36.6665,54.447,1.49735,1.6252
2,"n23m0164.hpc.itc.rwth-aachen.de",2,"2","uds",55,"n23m0164.hpc.itc.rwth-aachen.de",55,"55","uds",unix,64,4194304,10,50,79.15,31.119,53.5494,53.662,89.321,1.51115,1.50913
2,"n23m0164.hpc.itc.rwth-aachen.de",2,"2","uds",56,"n23m0164.hpc.itc.rwth-aachen.de",56,"56","uds",unix,64,4194304,10,50,81.091,27.714,52.6367,52.583,79.949,1.51312,1.51307
2,"n23m0164.hpc.itc.rwth-aachen.de",2,"2","uds",57,"n23m0164.hpc.itc.rwth-aachen.de",57,"57","uds",unix,64,4194304,10,50,81.373,30.352,53.3737,53.7865,79.819,1.81697,1.99157
2,"n23m0164.hpc.itc.rwth-aachen.de",2,"2","uds",58,"n23m0164.hpc.itc.rwth-aachen.de",58,"58","uds",unix,64,4194304,10,50,62.459,22.711,41.824,41.1775,53.959,1.47884,1.48176
2,"n23m0164.hpc.itc.rwth-aachen.de",2,"2","uds",59,"n23m0164.hpc.itc.rwth-aachen.de",59,"59","uds",unix,64,4194304,10,50,78.284,28.854,51.3333,51.33,77.785,1.50446,1.5027
2,"n23m0164.hpc.itc.rwth-aachen.de",2,"2","uds",60,"n23m0164.hpc.itc.rwth-aachen.de",60,"60","uds",unix,64,4194304,10,50,84.602,31.84,53.4444,51.639,78.999,1.49309,1.49468
2,"n23m0164.hpc.itc.rwth-aachen.de",2,"2","uds",61,"n23m0164.hpc.itc.rwth-aachen.de",61,"61","uds",unix,64,4194304,10,50,82.719,30.736,49.5895,50.2015,72.152,2.07133,2.06739
2,"n23m0164.hpc.itc.rwth-aachen.de",2,"2","uds",62,"n23m0164.hpc.itc.rwth-aachen.de",62,"62","uds",unix,64,4194304,10,50,79.836,27.666,50.4831,50.5825,83.201,1.52437,1.52179
2,"n23m0164.hpc.itc.rwth-aachen.de",2,"2","uds",63,"n23m0164.hpc.itc.rwth-aachen.de",63,"63","uds",unix,64,4194304,10,50,84.171,29.741,51.9898,51.081,77.264,1.49982,1.50181
2,"n23m0164.hpc.itc.rwth-aachen.de",2,"2","uds",64,"n23m0164.hpc.itc.rwth-aachen.de",64,"64","uds",unix,64,4194304,10,50,81.46,29.024,50.731,51.2325,72.035,1.54088,1.65147
2,"n23m0164.hpc.itc.rwth-aachen.de",2,"2","uds",65,"n23m0164.hpc.itc.rwth-aachen.de",65,"65","uds",unix,64,4194304,10,50,53.389,26.622,38.1028,37.474,51.038,1.53262,1.75651
2,"n23m0164.hpc.itc.rwth-aachen.de",2,"2","uds",66,"n23m0164.hpc.itc.rwth-aachen.de",66,"66","uds",unix,64,4194304,10,50,84.739,29.911,53.3365,53.502,76.669,1.5039,1.50428
2,"n23m0164.hpc.itc.rwth-aachen.de",2,"2","uds",67,"n23m0164.hpc.itc.rwth-aachen.de",67,"67","uds",unix,64,4194304,10,50,107.855,28.593,52.4989,53.1895,84.161,1.532,1.53337
2,"n23m0164.hpc.itc.rwth-aachen.de",2,"2","uds",68,"n23m0164.hpc.itc.rwth-aachen.de",68,"68","uds",unix,64,4194304,10,50,79.06,28.212,51.5571,51.495,80.555,1.76901,1.93788
2,"n23m0164.hpc.itc.rwth-aachen.de",2,"2","uds",69,"n23m0164.hpc.itc.rwth-aachen.de",69,"69","uds",unix,64,4194304,10,50,62.713,22.781,39.5919,38.928,56.835,1.50113,1.52722
2,"n23m0164.hpc.itc.rwth-aachen.de",2,"2","uds",70,"n23m0164.hpc.itc.rwth-aachen.de",70,"70","uds",unix,64,4194304,10,50,90.627,30.32,52.9993,52.342,92.005,1.5001,1.49883
2,"n23m0164.hpc.itc.rwth-aachen.de",2,"2","uds",71,"n23m0164.hpc.itc.rwth-aachen.de",71,"71","uds",unix,64,4194304,10,50,84.717,27.927,52.9725,50.4375,83.974,1.51116,1.51062
2,"n23m0164.hpc.itc.rwth-aachen.de",2,"2","uds",72,"n23m0164.hpc.itc.rwth-aachen.de",72,"72","uds",unix,64,4194304,10,50,78.05,27.063,51.2337,51.4085,71.22,2.04072,2.07352
2,"n23m0164.hpc.itc.rwth-aachen.de",2,"2","uds",73,"n23m0164.hpc.itc.rwth-aachen.de",73,"73","uds",unix,64,4194304,10,50,74.163,27.785,50.5373,51.409,71.51,1.51027,1.51163
2,"n23m0164.hpc.itc.rwth-aachen.de",2,"2","uds",74,"n23m0164.hpc.itc.rwth-aachen.de",74,"74","uds",unix,64,4194304,10,50,80.683,27.176,52.8725,53.2525,86.948,1.50227,1.50245
2,"n23m0164.hpc.itc.rwth-aachen.de",2,"2","uds",75,"n23m0164.hpc.itc.rwth-aachen.de",75,"75","uds",unix,64,4194304,10,50,81.361,29.731,50.5527,50.937,82.265,1.53604,1.69991
2,"n23m0164.hpc.itc.rwth-aachen.de",2,"2","uds",76,"n23m0164.hpc.itc.rwth-aachen.de",76,"76","uds",unix,64,4194304,10,50,66.09,20.53,36.2434,36.064,66.394,1.52245,1.70208
2,"n23m0164.hpc.itc.rwth-aachen.de",2,"2","uds",77,"n23m0164.hpc.itc.rwth-aachen.de",77,"77","uds",unix,64,4194304,10,50,78.149,31.883,50.9335,50.5095,82.992,1.52458,1.52342
2,"n23m0164.hpc.itc.rwth-aachen.de",2,"2","uds",78,"n23m0164.hpc.itc.rwth-aachen.de",78,"78","uds",unix,64,4194304,10,50,71.481,33.49,51.3261,49.7475,90.974,1.53497,1.53345
2,"n23m0164.hpc.itc.rwth-aachen.de",2,"2","uds",79,"n23m0164.hpc.itc.rwth-aachen.de",79,"79","uds",unix,64,4194304,10,50,77.247,28.993,52.1956,49.767,86.75,2.06961,2.11217
2,"n23m0164.hpc.itc.rwth-aachen.de",2,"2","uds",80,"n23m0164.hpc.itc.rwth-aachen.de",80,"80","uds",unix,64,4194304,10,50,58.472,23.619,43.9802,44.247,70.455,1.51234,1.51223
2,"n23m0164.hpc.itc.rwth-aachen.de",2,"2","uds",81,"n23m0164.hpc.itc.rwth-aachen.de",81,"81","uds",unix,64,4194304,10,50,71.819,25.897,52.0961,50.659,82.699,1.53336,1.53423
2,"n23m0164.hpc.itc.rwth-aachen.de",2,"2","uds",82,"n23m0164.hpc.itc.rwth-aachen.de",82,"82","uds",unix,64,4194304,10,50,73.837,29.12,51.4513,50.684,89.612,1.53528,1.54066
2,"n23m0164.hpc.itc.rwth-aachen.de",2,"2","uds",83,"n23m0164.hpc.itc.rwth-aachen.de",83,"83","uds",unix,64,4194304,10,50,71.033,27.041,49.9019,48.2565,89.533,1.9359,1.96555
2,"n23m0164.hpc.itc.rwth-aachen.de",2,"2","uds",84,"n23m0164.hpc.itc.rwth-aachen.de",84,"84","uds",unix,64,4194304,10,50,85.257,30.077,51.281,51.1735,67.945,1.52671,1.52625
2,"n23m0164.hpc.itc.rwth-aachen.de",2,"2","uds",85,"n23m0164.hpc.itc.rwth-aachen.de",85,"85","uds",unix,64,4194304,10,50,77.776,28.232,49.3389,51.318,68.029,1.52571,1.52713
2,"n23m0164.hpc.itc.rwth-aachen.de",2,"2","uds",86,"n23m0164.hpc.itc.rwth-aachen.de",86,"86","uds",unix,64,4194304,10,50,78.954,26.517,50.9764,49.717,85.301,1.52062,1.53123
2,"n23m0164.hpc.itc.rwth-aachen.de",2,"2","uds",87,"n23m0164.hpc.itc.rwth-aachen.de",87,"87","uds",unix,64,4194304,10,50,71.569,25.846,46.5474,45.04,76.121,2.12814,2.07362
2,"n23m0164.hpc.itc.rwth-aachen.de",2,"2","uds",88,"n23m0164.hpc.itc.rwth-aachen.de",88,"88","uds",unix,64,4194304,10,50,80.032,27.37,52.4568,53.139,80.551,1.50615,1.50337
2,"n23m0164.hpc.itc.rwth-aachen.de",2,"2","uds",89,"n23m0164.hpc.itc.rwth-aachen.de",89,"89","uds",unix,64,4194304,10,50,74.349,26.918,52.0308,51.746,89.175,1.53055,1.53149
2,"n23m0164.hpc.itc.rwth-aachen.de",2,"2","uds",90,"n23m0164.hpc.itc.rwth-aachen.de",90,"90","uds",unix,64,4194304,10,50,80.093,26.783,51.5732,51.46,82.521,1.53933,1.57712
2,"n23m0164.hpc.itc.rwth-aachen.de",2,"2","uds",91,"n23m0164.hpc.itc.rwth-aachen.de",91,"91","uds",unix,64,4194304,10,50,60.263,25.533,45.6418,45.66,69.479,1.92589,1.96473
2,"n23m0164.hpc.itc.rwth-aachen.de",2,"2","uds",92,"n23m0164.hpc.itc.rwth-aachen.de",92,"92","uds",unix,64,4194304,10,50,82.729,27.975,52.1356,52.0135,76.37,1.51706,1.5166
2,"n23m0164.hpc.itc.rwth-aachen.de",2,"2","uds",93,"n23m0164.hpc.itc.rwth-aachen.de",93,"93","uds",unix,64,4194304,10,50,77.371,30.602,50.7091,50.1215,76.588,1.54006,1.5397
2,"n23m0164.hpc.itc.rwth-aachen.de",2,"2","uds",94,"n23m0164.hpc.itc.rwth-aachen.de",94,"94","uds",unix,64,4194304,10,50,95.774,28.636,52.0201,52.763,78.342,2.05688,2.05975
2,"n23m0164.hpc.itc.rwth-aachen.de",2,"2","uds",95,"n23m0164.hpc.itc.rwth-aachen.de",95,"95","uds",unix,64,4194304,10,50,57.123,31.979,42.1209,40.983,59.558,1.51579,1.50044
3,"n23m0164.hpc.itc.rwth-aachen.de",3,"3","uds",4,"n23m0164.hpc.itc.rwth-aachen.de",4,"4","uds",unix,64,4194304,10,50,150.038,26.441,38.752,39.2015,73.914,3.24726,3.25422
3,"n23m0164.hpc.itc.rwth-aachen.de",3,"3","uds",5,"n23m0164.hpc.itc.rwth-aachen.de",5,"5","uds",unix,64,4194304,10,50,79.875,23.468,36.8011,36.7455,49.788,2.92751,2.94442
3,"n23m0164.hpc.itc.rwth-aachen.de",3,"3","uds",6,"n23m0164.hpc.itc.rwth-aachen.de",6,"6","uds",unix,64,4194304,10,50,87.46,25.795,35.6152,34.905,57.442,4.9411,4.91431
3,"n23m0164.hpc.itc.rwth-aachen.de",3,"3","uds",7,"n23m0164.hpc.itc.rwth-aachen.de",7,"7","uds",unix,64,4194304,10,50,47.869,21.134,25.7516,25.356,34.715,5.31685,5.3098
3,"n23m0164.hpc.itc.rwth-aachen.de",3,"3","uds",8,"n23m0164.hpc.itc.rwth-aachen.de",8,"8","uds",unix,64,4194304,10,50,63.432,22.342,28.9214,28.549,38.181,4.8725,4.83861
3,"n23m0164.hpc.itc.rwth-aachen.de",3,"3","uds",9,"n23m0164.hpc.itc.rwth-aachen.de",9,"9","uds",unix,64,4194304,10,50,59.015,21.353,27.4173,27.452,41.864,5.27512,5.21765
3,"n23m0164.hpc.itc.rwth-aachen.de",3,"3","uds",10,"n23m0164.hpc.itc.rwth-aachen.de",10,"10","uds",unix,64,4194304,10,50,52.04,19.769,25.392,24.619,49.494,5.00745,4.9537
3,"n23m0164.hpc.itc.rwth-aachen.de",3,"3","uds",11,"n23m0164.hpc.itc.rwth-aachen.de",11,"11","uds",unix,64,4194304,10,50,59.276,23.624,30.8112,30.382,40.616,4.24519,4.2247
3,"n23m0164.hpc.itc.rwth-aachen.de",3,"3","uds",12,"n23m0164.hpc.itc.rwth-aachen.de",12,"12","uds",unix,64,4194304,10,50,58.431,15.925,26.133,25.6165,50.835,5.01098,5.01933
3,"n23m0164.hpc.itc.rwth-aachen.de",3,"3","uds",13,"n23m0164.hpc.itc.rwth-aachen.de",13,"13","uds",unix,64,4194304,10,50,44.322,14.506,22.2184,21.5015,41.959,5.09065,5.06222
3,"n23m0164.hpc.itc.rwth-aachen.de",3,"3","uds",14,"n23m0164.hpc.itc.rwth-aachen.de",14,"14","uds",unix,64,4194304,10,50,47.813,21.576,25.776,25.6665,34.065,4.8525,4.80702
3,"n23m0164.hpc.itc.rwth-aachen.de",3,"3","uds",15,"n23m0164.hpc.itc.rwth-aachen.de",15,"15","uds",unix,64,4194304,10,50,43.916,21.377,25.3204,25.1605,37.411,4.26458,4.33162
3,"n23m0164.hpc.itc.rwth-aachen.de",3,"3","uds",16,"n23m0164.hpc.itc.rwth-aachen.de",16,"16","uds",unix,64,4194304,10,50,54.163,22.225,26.8251,26.287,37.106,4.53659,4.4689
3,"n23m0164.hpc.itc.rwth-aachen.de",3,"3","uds",17,"n23m0164.hpc.itc.rwth-aachen.de",17,"17","uds",unix,64,4194304,10,50,44.314,21.235,24.4424,23.735,32.615,4.26437,4.34636
3,"n23m0164.hpc.itc.rwth-aachen.de",3,"3","uds",18,"n23m0164.hpc.itc.rwth-aachen.de",18,"18","uds",unix,64,4194304,10,50,54.972,18.674,26.266,25.89,32.584,4.24411,4.23999
3,"n23m0164.hpc.itc.rwth-aachen.de",3,"3","uds",19,"n23m0164.hpc.itc.rwth-aachen.de",19,"19","uds",unix,64,4194304,10,50,46.68,21.717,26.132,25.717,34.815,4.62043,4.61199
3,"n23m0164.hpc.itc.rwth-aachen.de",3,"3","uds",20,"n23m0164.hpc.itc.rwth-aachen.de",20,"20","uds",unix,64,4194304,10,50,43.662,20.872,24.6359,24.4395,35.703,5.24185,5.17663
3,"n23m0164.hpc.itc.rwth-aachen.de",3,"3","uds",21,"n23m0164.hpc.itc.rwth-aachen.de",21,"21","uds",unix,64,4194304,10,50,48.09,20.247,23.2254,22.792,44.214,5.18719,5.1828
3,"n23m0164.hpc.itc.rwth-aachen.de",3,"3","uds",22,"n23m0164.hpc.itc.rwth-aachen.de",22,"22","uds",unix,64,4194304,10,50,50.034,22.314,25.3448,25.232,32.899,4.24615,4.28104
3,"n23m0164.hpc.itc.rwth-aachen.de",3,"3","uds",23,"n23m0164.hpc.itc.rwth-aachen.de",23,"23","uds",unix,64,4194304,10,50,52.69,21.171,27.2458,26.976,37.722,4.19205,4.1842
3,"n23m0164.hpc.itc.rwth-aachen.de",3,"3","uds",24,"n23m0164.hpc.itc.rwth-aachen.de",24,"24","uds",unix,64,4194304,10,50,59.709,19.951,27.6873,27.1935,39.365,4.47917,4.471
3,"n23m0164.hpc.itc.rwth-aachen.de",3,"3","uds",25,"n23m0164.hpc.itc.rwth-aachen.de",25,"25","uds",unix,64,4194304,10,50,50.597,22.83,25.5477,25.02,33.836,4.45663,4.44936
3,"n23m0164.hpc.itc.rwth-aachen.de",3,"3","uds",26,"n23m0164.hpc.itc.rwth-aachen.de",26,"26","uds",unix,64,4194304,10,50,49.109,20.672,26.6836,26.1965,45.709,5.08863,5.03553
3,"n23m0164.hpc.itc.rwth-aachen.de",3,"3","uds",27,"n23m0164.hpc.itc.rwth-aachen.de",27,"27","uds",unix,64,4194304,10,50,43.793,17.613,22.2633,21.9335,31.145,5.03734,5.07389
3,"n23m0164.hpc.itc.rwth-aachen.de",3,"3","uds",28,"n23m0164.hpc.itc.rwth-aachen.de",28,"28","uds",unix,64,4194304,10,50,42.865,21.686,24.9767,24.4975,34.166,4.72209,4.71463
3,"n23m0164.hpc.itc.rwth-aachen.de",3,"3","uds",29,"n23m0164.hpc.itc.rwth-aachen.de",29,"29","uds",unix,64,4194304,10,50,45.899,16.69,24.4273,23.809,34.689,4.58642,4.57796
3,"n23m0164.hpc.itc.rwth-aachen.de",3,"3","uds",30,"n23m0164.hpc.itc.rwth-aachen.de",30,"30","uds",unix,64,4194304,10,50,44.634,19.824,24.7379,24.689,33.431,4.80626,4.80817
3,"n23m0164.hpc.itc.rwth-aachen.de",3,"3","uds",31,"n23m0164.hpc.itc.rwth-aachen.de",31,"31","uds",unix,64,4194304,10,50,42.406,19.883,23.7968,23.5775,30.189,4.69785,4.69287
3,"n23m0164.hpc.itc.rwth-aachen.de",3,"3","uds",32,"n23m0164.hpc.itc.rwth-aachen.de",32,"32","uds",unix,64,4194304,10,50,44.394,20.916,23.6756,23.2295,31.597,5.30613,5.2345
3,"n23m0164.hpc.itc.rwth-aachen.de",3,"3","uds",33,"n23m0164.hpc.itc.rwth-aachen.de",33,"33","uds",unix,64,4194304,10,50,37.746,13.748,22.7054,22.558,39.977,4.96567,5.00712
3,"n23m0164.hpc.itc.rwth-aachen.de",3,"3","uds",34,"n23m0164.hpc.itc.rwth-aachen.de",34,"34","uds",unix,64,4194304,10,50,44.482,19.86,24.4383,23.837,36.54,4.69994,4.70032
3,"n23m0164.hpc.itc.rwth-aachen.de",3,"3","uds",35,"n23m0164.hpc.itc.rwth-aachen.de",35,"35","uds",unix,64,4194304,10,50,43.45,20.174,24.2097,23.861,31.288,5.21512,5.15214
3,"n23m0164.hpc.itc.rwth-aachen.de",3,"3","uds",36,"n23m0164.hpc.itc.rwth-aachen.de",36,"36","uds",unix,64,4194304,10,50,42.931,18.023,22.1621,21.9125,37.313,4.70147,4.70793
3,"n23m0164.hpc.itc.rwth-aachen.de",3,"3","uds",37,"n23m0164.hpc.itc.rwth-aachen.de",37,"37","uds",unix,64,4194304,10,50,51.664,20.983,25.5739,25.084,39.146,4.01097,4.02681
3,"n23m0164.hpc.itc.rwth-aachen.de",3,"3","uds",38,"n23m0164.hpc.itc.rwth-aachen.de",38,"38","uds",unix,64,4194304,10,50,54.068,20.278,26.7682,26.2835,41.144,4.68928,4.65781
3,"n23m0164.hpc.itc.rwth-aachen.de",3,"3","uds",39,"n23m0164.hpc.itc.rwth-aachen.de",39,"39","uds",unix,64,4194304,10,50,43.97,18.089,22.2293,21.864,29.504,4.45482,4.54423
3,"n23m0164.hpc.itc.rwth-aachen.de",3,"3","uds",40,"n23m0164.hpc.itc.rwth-aachen.de",40,"40","uds",unix,64,4194304,10,50,53.774,22.84,26.4529,25.7195,37.977,3.92811,3.92648
3,"n23m0164.hpc.itc.rwth-aachen.de",3,"3","uds",41,"n23m0164.hpc.itc.rwth-aachen.de",41,"41","uds",unix,64,4194304,10,50,55.785,21.536,26.9449,26.468,37.492,4.64168,4.59818
3,"n23m0164.hpc.itc.rwth-aachen.de",3,"3","uds",42,"n23m0164.hpc.itc.rwth-aachen.de",42,"42","uds",unix,64,4194304,10,50,40.637,18.708,22.8156,22.8575,31.321,4.42828,4.48703
3,"n23m0164.hpc.itc.rwth-aachen.de",3,"3","uds",43,"n23m0164.hpc.itc.rwth-aachen.de",43,"43","uds",unix,64,4194304,10,50,47.31,15.725,26.7961,25.569,50.117,3.7561,3.75659
3,"n23m0164.hpc.itc.rwth-aachen.de",3,"3","uds",44,"n23m0164.hpc.itc.rwth-aachen.de",44,"44","uds",unix,64,4194304,10,50,49.139,22.657,28.6027,28.026,39.568,3.65136,3.64976
3,"n23m0164.hpc.itc.rwth-aachen.de",3,"3","uds",45,"n23m0164.hpc.itc.rwth-aachen.de",45,"45","uds",unix,64,4194304,10,50,50.907,20.016,26.8999,26.4565,38.236,3.74698,3.75419
3,"n23m0164.hpc.itc.rwth-aachen.de",3,"3","uds",46,"n23m0164.hpc.itc.rwth-aachen.de",46,"46","uds",unix,64,4194304,10,50,58.472,20.608,27.5915,27.6705,38.859,3.73837,3.73401
3,"n23m0164.hpc.itc.rwth-aachen.de",3,"3","uds",47,"n23m0164.hpc.itc.rwth-aachen.de",47,"47","uds",unix,64,4194304,10,50,55.912,22.957,28.4256,28.22,36.085,4.51952,4.45591
3,"n23m0164.hpc.itc.rwth-aachen.de",3,"3","uds",48,"n23m0164.hpc.itc.rwth-aachen.de",48,"48","uds",unix,64,4194304,10,50,54.781,21.128,36.9221,36.8525,51.771,1.50924,1.74395
3,"n23m0164.hpc.itc.rwth-aachen.de",3,"3","uds",49,"n23m0164.hpc.itc.rwth-aachen.de",49,"49","uds",unix,64,4194304,10,50,84.017,27.443,51.5568,51.764,74.245,1.5281,1.55685
3,"n23m0164.hpc.itc.rwth-aachen.de",3,"3","uds",50,"n23m0164.hpc.itc.rwth-aachen.de",50,"50","uds",unix,64,4194304,10,50,72.194,27.32,47.4895,48.2315,64.672,1.96738,1.97786
3,"n23m0164.hpc.itc.rwth-aachen.de",3,"3","uds",51,"n23m0164.hpc.itc.rwth-aachen.de",51,"51","uds",unix,64,4194304,10,50,80.361,28.395,53.515,53.572,80.897,1.50385,1.50506
3,"n23m0164.hpc.itc.rwth-aachen.de",3,"3","uds",52,"n23m0164.hpc.itc.rwth-aachen.de",52,"52","uds",unix,64,4194304,10,50,79.685,34.953,54.772,55.1305,84.843,1.51187,1.51262
3,"n23m0164.hpc.itc.rwth-aachen.de",3,"3","uds",53,"n23m0164.hpc.itc.rwth-aachen.de",53,"53","uds",unix,64,4194304,10,50,82.067,31.377,53.0576,52.9595,73.98,1.53994,1.71271
3,"n23m0164.hpc.itc.rwth-aachen.de",3,"3","uds",54,"n23m0164.hpc.itc.rwth-aachen.de",54,"54","uds",unix,64,4194304,10,50,53.826,20.995,35.811,35.445,55.339,1.51204,1.66842
3,"n23m0164.hpc.itc.rwth-aachen.de",3,"3","uds",55,"n23m0164.hpc.itc.rwth-aachen.de",55,"55","uds",unix,64,4194304,10,50,83.356,27.984,53.3554,53.5785,77.295,1.51354,1.51551
3,"n23m0164.hpc.itc.rwth-aachen.de",3,"3","uds",56,"n23m0164.hpc.itc.rwth-aachen.de",56,"56","uds",unix,64,4194304,10,50,84.835,28.013,52.1664,52.308,74.325,1.52721,1.52749
3,"n23m0164.hpc.itc.rwth-aachen.de",3,"3","uds",57,"n23m0164.hpc.itc.rwth-aachen.de",57,"57","uds",unix,64,4194304,10,50,75.801,32.255,52.7909,53.2055,77.421,1.7482,1.92251
3,"n23m0164.hpc.itc.rwth-aachen.de",3,"3","uds",58,"n23m0164.hpc.itc.rwth-aachen.de",58,"58","uds",unix,64,4194304,10,50,48.781,25.088,38.628,38.214,49.783,1.49812,1.53499
3,"n23m0164.hpc.itc.rwth-aachen.de",3,"3","uds",59,"n23m0164.hpc.itc.rwth-aachen.de",59,"59","uds",unix,64,4194304,10,50,90.643,27.116,50.7801,50.732,82.38,1.51722,1.51587
3,"n23m0164.hpc.itc.rwth-aachen.de",3,"3","uds",60,"n23m0164.hpc.itc.rwth-aachen.de",60,"60","uds",unix,64,4194304,10,50,86.551,28.621,53.1128,50.1875,84.94,1.50544,1.51472
3,"n23m0164.hpc.itc.rwth-aachen.de",3,"3","uds",61,"n23m0164.hpc.itc.rwth-aachen.de",61,"61","uds",unix,64,4194304,10,50,76.864,28.366,49.4477,49.8875,76.681,2.08075,2.03592
3,"n23m0164.hpc.itc.rwth-aachen.de",3,"3","uds",62,"n23m0164.hpc.itc.rwth-aachen.de",62,"62","uds",unix,64,4194304,10,50,92.607,28.441,51.1679,52.962,76.576,1.51199,1.51124
3,"n23m0164.hpc.itc.rwth-aachen.de",3,"3","uds",63,"n23m0164.hpc.itc.rwth-aachen.de",63,"63","uds",unix,64,4194304,10,50,85.048,28.108,51.6383,52.5505,74.273,1.50181,1.50282
3,"n23m0164.hpc.itc.rwth-aachen.de",3,"3","uds",64,"n23m0164.hpc.itc.rwth-aachen.de",64,"64","uds",unix,64,4194304,10,50,81.769,27.109,51.3033,52.364,73.548,1.54857,1.57558
3,"n23m0164.hpc.itc.rwth-aachen.de",3,"3","uds",65,"n23m0164.hpc.itc.rwth-aachen.de",65,"65","uds",unix,64,4194304,10,50,73.858,27.363,46.4696,45.7865,66.279,2.00661,2.00863
3,"n23m0164.hpc.itc.rwth-aachen.de",3,"3","uds",66,"n23m0164.hpc.itc.rwth-aachen.de",66,"66","uds",unix,64,4194304,10,50,80.977,29.867,51.651,52.0975,89.292,1.51123,1.5112
3,"n23m0164.hpc.itc.rwth-aachen.de",3,"3","uds",67,"n23m0164.hpc.itc.rwth-aachen.de",67,"67","uds",unix,64,4194304,10,50,87.906,28.571,51.6925,50.5405,80.403,1.52789,1.52748
3,"n23m0164.hpc.itc.rwth-aachen.de",3,"3","uds",68,"n23m0164.hpc.itc.rwth-aachen.de",68,"68","uds",unix,64,4194304,10,50,81.585,30.87,52.0741,52.0095,78.448,1.52918,1.55922
3,"n23m0164.hpc.itc.rwth-aachen.de",3,"3","uds",69,"n23m0164.hpc.itc.rwth-aachen.de",69,"69","uds",unix,64,4194304,10,50,66.928,31.034,46.5707,46.314,80.439,2.0052,1.99405
3,"n23m0164.hpc.itc.rwth-aachen.de",3,"3","uds",70,"n23m0164.hpc.itc.rwth-aachen.de",70,"70","uds",unix,64,4194304,10,50,78.873,27.616,53.5999,54.0535,73.375,1.51321,1.51292
3,"n23m0164.hpc.itc.rwth-aachen.de",3,"3","uds",71,"n23m0164.hpc.itc.rwth-aachen.de",71,"71","uds",unix,64,4194304,10,50,72.464,29.148,49.5945,49.279,77.862,1.52473,1.52523
3,"n23m0164.hpc.itc.rwth-aachen.de",3,"3","uds",72,"n23m0164.hpc.itc.rwth-aachen.de",72,"72","uds",unix,64,4194304,10,50,77.414,28.794,51.9512,49.405,78.428,1.53039,1.66765
3,"n23m0164.hpc.itc.rwth-aachen.de",3,"3","uds",73,"n23m0164.hpc.itc.rwth-aachen.de",73,"73","uds",unix,64,4194304,10,50,48.247,19.992,35.8029,35.4865,49.733,1.53857,1.74059
3,"n23m0164.hpc.itc.rwth-aachen.de",3,"3","uds",74,"n23m0164.hpc.itc.rwth-aachen.de",74,"74","uds",unix,64,4194304,10,50,84.825,28.061,51.6267,53.4955,77.636,1.49865,1.4985
3,"n23m0164.hpc.itc.rwth-aachen.de",3,"3","uds",75,"n23m0164.hpc.itc.rwth-aachen.de",75,"75","uds",unix,64,4194304,10,50,83.79,27.007,50.5201,50.558,76.175,1.52849,1.52831
3,"n23m0164.hpc.itc.rwth-aachen.de",3,"3","uds",76,"n23m0164.hpc.itc.rwth-aachen.de",76,"76","uds",unix,64,4194304,10,50,75.481,28.384,51.7538,49.8925,88.286,1.68143,1.83237
3,"n23m0164.hpc.itc.rwth-aachen.de",3,"3","uds",77,"n23m0164.hpc.itc.rwth-aachen.de",77,"77","uds",unix,64,4194304,10,50,57.971,21.912,35.4852,34.3985,54.58,1.54329,1.68828
3,"n23m0164.hpc.itc.rwth-aachen.de",3,"3","uds",78,"n23m0164.hpc.itc.rwth-aachen.de",78,"78","uds",unix,64,4194304,10,50,70.232,27.46,50.4857,51.81,71.877,1.54516,1.54469
3,"n23m0164.hpc.itc.rwth-aachen.de",3,"3","uds",79,"n23m0164.hpc.itc.rwth-aachen.de",79,"79","uds",unix,64,4194304,10,50,76.274,27.613,52.3486,52.48,89.246,1.54884,1.54996
3,"n23m0164.hpc.itc.rwth-aachen.de",3,"3","uds",80,"n23m0164.hpc.itc.rwth-aachen.de",80,"80","uds",unix,64,4194304,10,50,75.972,27.662,49.6407,50.7495,72.94,1.75217,1.90055
3,"n23m0164.hpc.itc.rwth-aachen.de",3,"3","uds",81,"n23m0164.hpc.itc.rwth-aachen.de",81,"81","uds",unix,64,4194304,10,50,50.855,20.475,37.6162,38.1655,48.549,1.54839,1.60383
3,"n23m0164.hpc.itc.rwth-aachen.de",3,"3","uds",82,"n23m0164.hpc.itc.rwth-aachen.de",82,"82","uds",unix,64,4194304,10,50,71.378,29.249,50.4303,51.3925,73.261,1.53309,1.53176
3,"n23m0164.hpc.itc.rwth-aachen.de",3,"3","uds",83,"n23m0164.hpc.itc.rwth-aachen.de",83,"83","uds",unix,64,4194304,10,50,81.752,28.57,50.4734,51.001,72.79,1.51504,1.51659
3,"n23m0164.hpc.itc.rwth-aachen.de",3,"3","uds",84,"n23m0164.hpc.itc.rwth-aachen.de",84,"84","uds",unix,64,4194304,10,50,76.701,26.532,50.7771,52.3515,73.539,1.96494,2.03542
3,"n23m0164.hpc.itc.rwth-aachen.de",3,"3","uds",85,"n23m0164.hpc.itc.rwth-aachen.de",85,"85","uds",unix,64,4194304,10,50,55.417,25.139,43.1432,42.602,63.091,1.50268,1.50461
3,"n23m0164.hpc.itc.rwth-aachen.de",3,"3","uds",86,"n23m0164.hpc.itc.rwth-aachen.de",86,"86","uds",unix,64,4194304,10,50,97.699,29.052,51.5152,53.5365,80.453,1.51818,1.51786
3,"n23m0164.hpc.itc.rwth-aachen.de",3,"3","uds",87,"n23m0164.hpc.itc.rwth-aachen.de",87,"87","uds",unix,64,4194304,10,50,84.587,27.347,52.3259,51.297,80.935,1.54041,1.54119
3,"n23m0164.hpc.itc.rwth-aachen.de",3,"3","uds",88,"n23m0164.hpc.itc.rwth-aachen.de",88,"88","uds",unix,64,4194304,10,50,89.677,31.422,51.7179,51.5675,71.355,2.07242,2.09282
3,"n23m0164.hpc.itc.rwth-aachen.de",3,"3","uds",89,"n23m0164.hpc.itc.rwth-aachen.de",89,"89","uds",unix,64,4194304,10,50,65.167,23.205,43.3617,43.0435,63.007,1.52129,1.51406
3,"n23m0164.hpc.itc.rwth-aachen.de",3,"3","uds",90,"n23m0164.hpc.itc.rwth-aachen.de",90,"90","uds",unix,64,4194304,10,50,98.844,26.167,49.6656,49.932,85.059,1.52233,1.52135
3,"n23m0164.hpc.itc.rwth-aachen.de",3,"3","uds",91,"n23m0164.hpc.itc.rwth-aachen.de",91,"91","uds",unix,64,4194304,10,50,71.423,26.582,51.9546,51.528,81.338,1.52391,1.52871
3,"n23m0164.hpc.itc.rwth-aachen.de",3,"3","uds",92,"n23m0164.hpc.itc.rwth-aachen.de",92,"92","uds",unix,64,4194304,10,50,68.642,29.455,49.1467,48.9085,71.443,2.06508,2.05502
3,"n23m0164.hpc.itc.rwth-aachen.de",3,"3","uds",93,"n23m0164.hpc.itc.rwth-aachen.de",93,"93","uds",unix,64,4194304,10,50,75.375,26.952,51.7378,51.3815,73.796,1.53479,1.53404
3,"n23m0164.hpc.itc.rwth-aachen.de",3,"3","uds",94,"n23m0164.hpc.itc.rwth-aachen.de",94,"94","uds",unix,64,4194304,10,50,78.913,28.622,52.1109,52.314,76.64,1.51405,1.51249
3,"n23m0164.hpc.itc.rwth-aachen.de",3,"3","uds",95,"n23m0164.hpc.itc.rwth-aachen.de",95,"95","uds",unix,64,4194304,10,50,88.277,28.178,50.7133,52.024,79.504,1.51721,1.52237
4,"n23m0164.hpc.itc.rwth-aachen.de",4,"4","uds",5,"n23m0164.hpc.itc.rwth-aachen.de",5,"5","uds",unix,64,4194304,10,50,123.48,22.603,30.8663,30.203,46.37,5.01656,5.02019
4,"n23m0164.hpc.itc.rwth-aachen.de",4,"4","uds",6,"n23m0164.hpc.itc.rwth-aachen.de",6,"6","uds",unix,64,4194304,10,50,52.522,22.454,27.0109,27.1675,36.001,5.36331,5.38905
4,"n23m0164.hpc.itc.rwth-aachen.de",4,"4","uds",7,"n23m0164.hpc.itc.rwth-aachen.de",7,"7","uds",unix,64,4194304,10,50,50.263,19.901,24.7514,23.967,36.246,5.01434,4.98131
4,"n23m0164.hpc.itc.rwth-aachen.de",4,"4","uds",8,"n23m0164.hpc.itc.rwth-aachen.de",8,"8","uds",unix,64,4194304,10,50,58.962,22.691,30.059,30.066,42.257,4.58857,4.55672
4,"n23m0164.hpc.itc.rwth-aachen.de",4,"4","uds",9,"n23m0164.hpc.itc.rwth-aachen.de",9,"9","uds",unix,64,4194304,10,50,65.638,21.132,28.2648,28.2345,39.176,5.06669,5.03943
4,"n23m0164.hpc.itc.rwth-aachen.de",4,"4","uds",10,"n23m0164.hpc.itc.rwth-aachen.de",10,"10","uds",unix,64,4194304,10,50,58.347,20.656,26.8928,26.777,35.689,4.70303,4.65467
4,"n23m0164.hpc.itc.rwth-aachen.de",4,"4","uds",11,"n23m0164.hpc.itc.rwth-aachen.de",11,"11","uds",unix,64,4194304,10,50,72.06,27.225,34.4488,34.108,56.489,4.03623,3.95469
4,"n23m0164.hpc.itc.rwth-aachen.de",4,"4","uds",12,"n23m0164.hpc.itc.rwth-aachen.de",12,"12","uds",unix,64,4194304,10,50,69.093,19.416,25.2923,24.8905,39.504,5.04991,5.03189
4,"n23m0164.hpc.itc.rwth-aachen.de",4,"4","uds",13,"n23m0164.hpc.itc.rwth-aachen.de",13,"13","uds",unix,64,4194304,10,50,48.411,18.763,22.5232,22.5575,32.95,5.1331,5.0419
4,"n23m0164.hpc.itc.rwth-aachen.de",4,"4","uds",14,"n23m0164.hpc.itc.rwth-aachen.de",14,"14","uds",unix,64,4194304,10,50,55.819,21.349,25.4954,24.6475,41.603,4.73648,4.6568
4,"n23m0164.hpc.itc.rwth-aachen.de",4,"4","uds",15,"n23m0164.hpc.itc.rwth-aachen.de",15,"15","uds",unix,64,4194304,10,50,47.667,21.868,25.0931,24.424,33.624,4.45385,4.42765
4,"n23m0164.hpc.itc.rwth-aachen.de",4,"4","uds",16,"n23m0164.hpc.itc.rwth-aachen.de",16,"16","uds",unix,64,4194304,10,50,62.085,20.197,26.6654,25.99,40.466,4.50749,4.42969
4,"n23m0164.hpc.itc.rwth-aachen.de",4,"4","uds",17,"n23m0164.hpc.itc.rwth-aachen.de",17,"17","uds",unix,64,4194304,10,50,61.688,19.497,25.9578,24.178,80.747,4.19634,4.23674
4,"n23m0164.hpc.itc.rwth-aachen.de",4,"4","uds",18,"n23m0164.hpc.itc.rwth-aachen.de",18,"18","uds",unix,64,4194304,10,50,58.335,20.823,26.2433,26.235,36.201,3.27015,3.36949
4,"n23m0164.hpc.itc.rwth-aachen.de",4,"4","uds",19,"n23m0164.hpc.itc.rwth-aachen.de",19,"19","uds",unix,64,4194304,10,50,70.255,23.328,30.7999,30.8115,39.557,4.31397,4.22022
4,"n23m0164.hpc.itc.rwth-aachen.de",4,"4","uds",20,"n23m0164.hpc.itc.rwth-aachen.de",20,"20","uds",unix,64,4194304,10,50,46.045,19.888,24.5579,24.3665,38.141,5.20185,5.17773
4,"n23m0164.hpc.itc.rwth-aachen.de",4,"4","uds",21,"n23m0164.hpc.itc.rwth-aachen.de",21,"21","uds",unix,64,4194304,10,50,54.38,18.565,22.6249,22.161,34.858,5.14161,5.0583
4,"n23m0164.hpc.itc.rwth-aachen.de",4,"4","uds",22,"n23m0164.hpc.itc.rwth-aachen.de",22,"22","uds",unix,64,4194304,10,50,49.442,22.376,26.4527,26.467,37.363,3.27436,3.45529
4,"n23m0164.hpc.itc.rwth-aachen.de",4,"4","uds",23,"n23m0164.hpc.itc.rwth-aachen.de",23,"23","uds",unix,64,4194304,10,50,66.107,23.071,32.1526,31.7305,43.806,3.91121,3.80642
4,"n23m0164.hpc.itc.rwth-aachen.de",4,"4","uds",24,"n23m0164.hpc.itc.rwth-aachen.de",24,"24","uds",unix,64,4194304,10,50,58.082,20.617,26.7816,25.855,42.682,3.10895,3.18544
4,"n23m0164.hpc.itc.rwth-aachen.de",4,"4","uds",25,"n23m0164.hpc.itc.rwth-aachen.de",25,"25","uds",unix,64,4194304,10,50,71.018,19.867,31.0958,30.314,54.151,3.07496,3.157
4,"n23m0164.hpc.itc.rwth-aachen.de",4,"4","uds",26,"n23m0164.hpc.itc.rwth-aachen.de",26,"26","uds",unix,64,4194304,10,50,59.45,23.331,28.731,27.9225,39.976,4.97304,4.94382
4,"n23m0164.hpc.itc.rwth-aachen.de",4,"4","uds",27,"n23m0164.hpc.itc.rwth-aachen.de",27,"27","uds",unix,64,4194304,10,50,48.476,17.841,21.6069,21.4475,30.018,5.08036,5.16986
4,"n23m0164.hpc.itc.rwth-aachen.de",4,"4","uds",28,"n23m0164.hpc.itc.rwth-aachen.de",28,"28","uds",unix,64,4194304,10,50,50.933,19.946,22.844,22.4,33.941,3.88661,3.78266
4,"n23m0164.hpc.itc.rwth-aachen.de",4,"4","uds",29,"n23m0164.hpc.itc.rwth-aachen.de",29,"29","uds",unix,64,4194304,10,50,67.931,22.757,32.646,32.1325,43.652,3.81613,3.70639
4,"n23m0164.hpc.itc.rwth-aachen.de",4,"4","uds",30,"n23m0164.hpc.itc.rwth-aachen.de",30,"30","uds",unix,64,4194304,10,50,50.106,21.397,25.5675,25.3155,35.045,3.21631,3.48323
4,"n23m0164.hpc.itc.rwth-aachen.de",4,"4","uds",31,"n23m0164.hpc.itc.rwth-aachen.de",31,"31","uds",unix,64,4194304,10,50,68.868,21.004,30.8817,30.358,46.727,4.33707,4.2392
4,"n23m0164.hpc.itc.rwth-aachen.de",4,"4","uds",32,"n23m0164.hpc.itc.rwth-aachen.de",32,"32","uds",unix,64,4194304,10,50,45.176,19.001,23.7448,23.254,32.329,5.29793,5.26987
4,"n23m0164.hpc.itc.rwth-aachen.de",4,"4","uds",33,"n23m0164.hpc.itc.rwth-aachen.de",33,"33","uds",unix,64,4194304,10,50,38.435,16.091,21.4082,21.052,27.435,5.17983,5.17413
4,"n23m0164.hpc.itc.rwth-aachen.de",4,"4","uds",34,"n23m0164.hpc.itc.rwth-aachen.de",34,"34","uds",unix,64,4194304,10,50,45.732,16.407,24.8331,24.194,39.697,3.36041,3.46628
4,"n23m0164.hpc.itc.rwth-aachen.de",4,"4","uds",35,"n23m0164.hpc.itc.rwth-aachen.de",35,"35","uds",unix,64,4194304,10,50,63.652,26.499,31.3255,30.8585,39.852,4.55589,4.41046
4,"n23m0164.hpc.itc.rwth-aachen.de",4,"4","uds",36,"n23m0164.hpc.itc.rwth-aachen.de",36,"36","uds",unix,64,4194304,10,50,50.732,16.344,22.7268,22.3945,33.328,4.12495,4.08044
4,"n23m0164.hpc.itc.rwth-aachen.de",4,"4","uds",37,"n23m0164.hpc.itc.rwth-aachen.de",37,"37","uds",unix,64,4194304,10,50,87.911,23.409,32.4995,31.5085,77.94,2.90668,2.90408
4,"n23m0164.hpc.itc.rwth-aachen.de",4,"4","uds",38,"n23m0164.hpc.itc.rwth-aachen.de",38,"38","uds",unix,64,4194304,10,50,69.581,23.369,31.9823,31.6765,41.646,4.20517,4.18438
4,"n23m0164.hpc.itc.rwth-aachen.de",4,"4","uds",39,"n23m0164.hpc.itc.rwth-aachen.de",39,"39","uds",unix,64,4194304,10,50,49.658,18.59,22.563,22.3955,35.33,4.20937,4.11209
4,"n23m0164.hpc.itc.rwth-aachen.de",4,"4","uds",40,"n23m0164.hpc.itc.rwth-aachen.de",40,"40","uds",unix,64,4194304,10,50,68.608,21.901,31.0275,30.1155,49.495,3.13485,3.12922
4,"n23m0164.hpc.itc.rwth-aachen.de",4,"4","uds",41,"n23m0164.hpc.itc.rwth-aachen.de",41,"41","uds",unix,64,4194304,10,50,85.716,20.927,30.3731,30.2745,48.058,4.3911,4.30116
4,"n23m0164.hpc.itc.rwth-aachen.de",4,"4","uds",42,"n23m0164.hpc.itc.rwth-aachen.de",42,"42","uds",unix,64,4194304,10,50,46.709,18.212,22.133,22.0875,27.961,4.27258,4.23446
4,"n23m0164.hpc.itc.rwth-aachen.de",4,"4","uds",43,"n23m0164.hpc.itc.rwth-aachen.de",43,"43","uds",unix,64,4194304,10,50,64.698,23.15,30.8356,30.767,38.961,2.89243,2.88979
4,"n23m0164.hpc.itc.rwth-aachen.de",4,"4","uds",44,"n23m0164.hpc.itc.rwth-aachen.de",44,"44","uds",unix,64,4194304,10,50,61.186,23.035,31.4597,31.1655,42.779,3.10645,3.04426
4,"n23m0164.hpc.itc.rwth-aachen.de",4,"4","uds",45,"n23m0164.hpc.itc.rwth-aachen.de",45,"45","uds",unix,64,4194304,10,50,63.689,17.523,30.3338,29.6445,48.955,3.99705,3.88613
4,"n23m0164.hpc.itc.rwth-aachen.de",4,"4","uds",46,"n23m0164.hpc.itc.rwth-aachen.de",46,"46","uds",unix,64,4194304,10,50,44.798,19.743,23.8496,23.838,29.947,4.74985,4.70176
4,"n23m0164.hpc.itc.rwth-aachen.de",4,"4","uds",47,"n23m0164.hpc.itc.rwth-aachen.de",47,"47","uds",unix,64,4194304,10,50,53.701,20.678,26.2593,25.5925,40.762,4.64542,4.53485
4,"n23m0164.hpc.itc.rwth-aachen.de",4,"4","uds",48,"n23m0164.hpc.itc.rwth-aachen.de",48,"48","uds",unix,64,4194304,10,50,56.021,28.65,37.3995,37.6115,45.931,1.51092,1.73442
4,"n23m0164.hpc.itc.rwth-aachen.de",4,"4","uds",49,"n23m0164.hpc.itc.rwth-aachen.de",49,"49","uds",unix,64,4194304,10,50,88.748,34.96,55.1211,54.386,80.925,1.51501,1.54938
4,"n23m0164.hpc.itc.rwth-aachen.de",4,"4","uds",50,"n23m0164.hpc.itc.rwth-aachen.de",50,"50","uds",unix,64,4194304,10,50,78.329,26.795,46.3236,47.778,66.606,2.01241,2.0389
4,"n23m0164.hpc.itc.rwth-aachen.de",4,"4","uds",51,"n23m0164.hpc.itc.rwth-aachen.de",51,"51","uds",unix,64,4194304,10,50,107.03,29.704,51.8769,51.682,72.772,1.51068,1.51005
4,"n23m0164.hpc.itc.rwth-aachen.de",4,"4","uds",52,"n23m0164.hpc.itc.rwth-aachen.de",52,"52","uds",unix,64,4194304,10,50,80.108,30.421,53.26,54.77,70.709,1.50721,1.50556
4,"n23m0164.hpc.itc.rwth-aachen.de",4,"4","uds",53,"n23m0164.hpc.itc.rwth-aachen.de",53,"53","uds",unix,64,4194304,10,50,89.188,30.605,51.2599,52.0415,71.651,1.75159,1.91662
4,"n23m0164.hpc.itc.rwth-aachen.de",4,"4","uds",54,"n23m0164.hpc.itc.rwth-aachen.de",54,"54","uds",unix,64,4194304,10,50,56.477,23.51,38.2829,37.9795,53.546,1.50286,1.53811
4,"n23m0164.hpc.itc.rwth-aachen.de",4,"4","uds",55,"n23m0164.hpc.itc.rwth-aachen.de",55,"55","uds",unix,64,4194304,10,50,81.389,29.993,52.0681,52.173,78.361,1.51195,1.51177
4,"n23m0164.hpc.itc.rwth-aachen.de",4,"4","uds",56,"n23m0164.hpc.itc.rwth-aachen.de",56,"56","uds",unix,64,4194304,10,50,83.783,27.923,52.9272,52.632,80.202,1.51823,1.5174
4,"n23m0164.hpc.itc.rwth-aachen.de",4,"4","uds",57,"n23m0164.hpc.itc.rwth-aachen.de",57,"57","uds",unix,64,4194304,10,50,85.298,36.333,52.9818,52.5115,76.55,2.02596,2.05123
4,"n23m0164.hpc.itc.rwth-aachen.de",4,"4","uds",58,"n23m0164.hpc.itc.rwth-aachen.de",58,"58","uds",unix,64,4194304,10,50,71.651,29.807,45.3373,44.905,93.496,1.51593,1.51601
4,"n23m0164.hpc.itc.rwth-aachen.de",4,"4","uds",59,"n23m0164.hpc.itc.rwth-aachen.de",59,"59","uds",unix,64,4194304,10,50,80.23,29.71,53.5817,55.254,83.65,1.52374,1.52492
4,"n23m0164.hpc.itc.rwth-aachen.de",4,"4","uds",60,"n23m0164.hpc.itc.rwth-aachen.de",60,"60","uds",unix,64,4194304,10,50,90.893,30.076,54.0509,52.0455,83.701,1.50147,1.49856
4,"n23m0164.hpc.itc.rwth-aachen.de",4,"4","uds",61,"n23m0164.hpc.itc.rwth-aachen.de",61,"61","uds",unix,64,4194304,10,50,90.883,27.155,51.4131,51.2285,77.717,2.05714,2.07251
4,"n23m0164.hpc.itc.rwth-aachen.de",4,"4","uds",62,"n23m0164.hpc.itc.rwth-aachen.de",62,"62","uds",unix,64,4194304,10,50,87.239,26.94,50.3523,50.7505,71.28,1.52754,1.52819
4,"n23m0164.hpc.itc.rwth-aachen.de",4,"4","uds",63,"n23m0164.hpc.itc.rwth-aachen.de",63,"63","uds",unix,64,4194304,10,50,118.045,27.35,51.8086,53.4815,83.352,1.50562,1.50487
4,"n23m0164.hpc.itc.rwth-aachen.de",4,"4","uds",64,"n23m0164.hpc.itc.rwth-aachen.de",64,"64","uds",unix,64,4194304,10,50,81.559,29.986,52.5029,51.867,91.131,1.54887,1.67487
4,"n23m0164.hpc.itc.rwth-aachen.de",4,"4","uds",65,"n23m0164.hpc.itc.rwth-aachen.de",65,"65","uds",unix,64,4194304,10,50,56.494,25.045,36.3766,36.3415,46.802,1.53253,1.75206
4,"n23m0164.hpc.itc.rwth-aachen.de",4,"4","uds",66,"n23m0164.hpc.itc.rwth-aachen.de",66,"66","uds",unix,64,4194304,10,50,83.279,29.569,52.2199,53.6535,69.781,1.47647,1.46805
4,"n23m0164.hpc.itc.rwth-aachen.de",4,"4","uds",67,"n23m0164.hpc.itc.rwth-aachen.de",67,"67","uds",unix,64,4194304,10,50,101.09,29.28,54.9747,52.6495,107.497,1.51401,1.47135
4,"n23m0164.hpc.itc.rwth-aachen.de",4,"4","uds",68,"n23m0164.hpc.itc.rwth-aachen.de",68,"68","uds",unix,64,4194304,10,50,100.798,28.082,54.0328,53.5705,101.254,1.99932,2.04952
4,"n23m0164.hpc.itc.rwth-aachen.de",4,"4","uds",69,"n23m0164.hpc.itc.rwth-aachen.de",69,"69","uds",unix,64,4194304,10,50,98.915,29.023,53.5943,52.6275,87.193,1.47801,1.47904
4,"n23m0164.hpc.itc.rwth-aachen.de",4,"4","uds",70,"n23m0164.hpc.itc.rwth-aachen.de",70,"70","uds",unix,64,4194304,10,50,93.601,29.575,53.3791,53.747,73.402,1.49768,1.49834
4,"n23m0164.hpc.itc.rwth-aachen.de",4,"4","uds",71,"n23m0164.hpc.itc.rwth-aachen.de",71,"71","uds",unix,64,4194304,10,50,80.488,29.777,51.5022,53.59,72.672,1.51223,1.66301
4,"n23m0164.hpc.itc.rwth-aachen.de",4,"4","uds",72,"n23m0164.hpc.itc.rwth-aachen.de",72,"72","uds",unix,64,4194304,10,50,61.842,26.399,36.0904,35.2955,51.245,1.52774,1.68958
4,"n23m0164.hpc.itc.rwth-aachen.de",4,"4","uds",73,"n23m0164.hpc.itc.rwth-aachen.de",73,"73","uds",unix,64,4194304,10,50,85.917,26.378,52.4046,49.5545,120.074,1.51536,1.51604
4,"n23m0164.hpc.itc.rwth-aachen.de",4,"4","uds",74,"n23m0164.hpc.itc.rwth-aachen.de",74,"74","uds",unix,64,4194304,10,50,85.431,28.161,50.3513,50.1675,76.897,1.50779,1.50699
4,"n23m0164.hpc.itc.rwth-aachen.de",4,"4","uds",75,"n23m0164.hpc.itc.rwth-aachen.de",75,"75","uds",unix,64,4194304,10,50,84.908,34.314,50.9573,50.2165,82.396,2.09672,2.1044
4,"n23m0164.hpc.itc.rwth-aachen.de",4,"4","uds",76,"n23m0164.hpc.itc.rwth-aachen.de",76,"76","uds",unix,64,4194304,10,50,63.157,32.724,44.6624,43.9835,63,1.5212,1.51718
4,"n23m0164.hpc.itc.rwth-aachen.de",4,"4","uds",77,"n23m0164.hpc.itc.rwth-aachen.de",77,"77","uds",unix,64,4194304,10,50,83.775,27.29,50.6257,51.823,82.341,1.52879,1.52907
4,"n23m0164.hpc.itc.rwth-aachen.de",4,"4","uds",78,"n23m0164.hpc.itc.rwth-aachen.de",78,"78","uds",unix,64,4194304,10,50,101.445,28.51,51.0938,51.2665,93.332,1.55071,1.58574
4,"n23m0164.hpc.itc.rwth-aachen.de",4,"4","uds",79,"n23m0164.hpc.itc.rwth-aachen.de",79,"79","uds",unix,64,4194304,10,50,71.723,24.119,45.4492,46.3735,72.179,1.91323,1.96548
4,"n23m0164.hpc.itc.rwth-aachen.de",4,"4","uds",80,"n23m0164.hpc.itc.rwth-aachen.de",80,"80","uds",unix,64,4194304,10,50,84.139,28.383,51.2377,51.617,93.022,1.52142,1.5222
4,"n23m0164.hpc.itc.rwth-aachen.de",4,"4","uds",81,"n23m0164.hpc.itc.rwth-aachen.de",81,"81","uds",unix,64,4194304,10,50,76.719,28.913,51.8725,53.2345,77.803,1.53131,1.52897
4,"n23m0164.hpc.itc.rwth-aachen.de",4,"4","uds",82,"n23m0164.hpc.itc.rwth-aachen.de",82,"82","uds",unix,64,4194304,10,50,74.474,26.73,51.3656,49.972,84.052,1.57792,1.75789
4,"n23m0164.hpc.itc.rwth-aachen.de",4,"4","uds",83,"n23m0164.hpc.itc.rwth-aachen.de",83,"83","uds",unix,64,4194304,10,50,53.441,27.768,36.1181,35.79,49.933,1.52657,1.68363
4,"n23m0164.hpc.itc.rwth-aachen.de",4,"4","uds",84,"n23m0164.hpc.itc.rwth-aachen.de",84,"84","uds",unix,64,4194304,10,50,79.585,27.255,50.7286,50.5575,92.448,1.5372,1.53698
4,"n23m0164.hpc.itc.rwth-aachen.de",4,"4","uds",85,"n23m0164.hpc.itc.rwth-aachen.de",85,"85","uds",unix,64,4194304,10,50,74.134,26.935,51.5481,52.2125,87.175,1.5351,1.53636
4,"n23m0164.hpc.itc.rwth-aachen.de",4,"4","uds",86,"n23m0164.hpc.itc.rwth-aachen.de",86,"86","uds",unix,64,4194304,10,50,90.59,27.171,52.38,54.464,90.153,1.80548,1.97193
4,"n23m0164.hpc.itc.rwth-aachen.de",4,"4","uds",87,"n23m0164.hpc.itc.rwth-aachen.de",87,"87","uds",unix,64,4194304,10,50,62.412,28.696,41.1693,40.3675,61.403,1.55302,1.56469
4,"n23m0164.hpc.itc.rwth-aachen.de",4,"4","uds",88,"n23m0164.hpc.itc.rwth-aachen.de",88,"88","uds",unix,64,4194304,10,50,85.615,26.545,52.0813,51.8585,83.676,1.53451,1.53309
4,"n23m0164.hpc.itc.rwth-aachen.de",4,"4","uds",89,"n23m0164.hpc.itc.rwth-aachen.de",89,"89","uds",unix,64,4194304,10,50,81.387,25.962,51.0803,50.71,69.348,1.53744,1.53629
4,"n23m0164.hpc.itc.rwth-aachen.de",4,"4","uds",90,"n23m0164.hpc.itc.rwth-aachen.de",90,"90","uds",unix,64,4194304,10,50,88.557,27.005,50.97,51.0935,80.994,2.12458,2.14609
4,"n23m0164.hpc.itc.rwth-aachen.de",4,"4","uds",91,"n23m0164.hpc.itc.rwth-aachen.de",91,"91","uds",unix,64,4194304,10,50,69.815,25.685,46.2483,45.9625,62.354,1.52039,1.519
4,"n23m0164.hpc.itc.rwth-aachen.de",4,"4","uds",92,"n23m0164.hpc.itc.rwth-aachen.de",92,"92","uds",unix,64,4194304,10,50,85.321,31.169,51.5956,52.409,85.789,1.5256,1.52551
4,"n23m0164.hpc.itc.rwth-aachen.de",4,"4","uds",93,"n23m0164.hpc.itc.rwth-aachen.de",93,"93","uds",unix,64,4194304,10,50,78.114,26.766,49.5726,50.714,72.989,1.53603,1.53613
4,"n23m0164.hpc.itc.rwth-aachen.de",4,"4","uds",94,"n23m0164.hpc.itc.rwth-aachen.de",94,"94","uds",unix,64,4194304,10,50,104.045,28.29,52.1788,52.164,80.864,2.0885,2.10936
4,"n23m0164.hpc.itc.rwth-aachen.de",4,"4","uds",95,"n23m0164.hpc.itc.rwth-aachen.de",95,"95","uds",unix,64,4194304,10,50,86.524,25.514,50.5638,49.8285,75.418,1.5273,1.5284
5,"n23m0164.hpc.itc.rwth-aachen.de",5,"5","uds",6,"n23m0164.hpc.itc.rwth-aachen.de",6,"6","uds",unix,64,4194304,10,50,138.203,28.073,38.1443,37.489,67.757,3.2664,3.2639
5,"n23m0164.hpc.itc.rwth-aachen.de",5,"5","uds",7,"n23m0164.hpc.itc.rwth-aachen.de",7,"7","uds",unix,64,4194304,10,50,69.185,24.23,30.4798,30.3245,44.729,4.59438,4.55555
5,"n23m0164.hpc.itc.rwth-aachen.de",5,"5","uds",8,"n23m0164.hpc.itc.rwth-aachen.de",8,"8","uds",unix,64,4194304,10,50,59.341,22.066,28.6717,27.8065,45.211,3.80628,3.77537
5,"n23m0164.hpc.itc.rwth-aachen.de",5,"5","uds",9,"n23m0164.hpc.itc.rwth-aachen.de",9,"9","uds",unix,64,4194304,10,50,66.251,21.762,30.6136,30.046,49.946,3.52069,3.51905
5,"n23m0164.hpc.itc.rwth-aachen.de",5,"5","uds",10,"n23m0164.hpc.itc.rwth-aachen.de",10,"10","uds",unix,64,4194304,10,50,63.109,22.777,29.4235,28.999,37.569,4.6497,4.60162
5,"n23m0164.hpc.itc.rwth-aachen.de",5,"5","uds",11,"n23m0164.hpc.itc.rwth-aachen.de",11,"11","uds",unix,64,4194304,10,50,63.354,23.045,27.6908,27.1925,41.599,4.11595,4.10031
5,"n23m0164.hpc.itc.rwth-aachen.de",5,"5","uds",12,"n23m0164.hpc.itc.rwth-aachen.de",12,"12","uds",unix,64,4194304,10,50,58.462,22.068,26.1495,25.866,35.69,4.8948,4.84752
5,"n23m0164.hpc.itc.rwth-aachen.de",5,"5","uds",13,"n23m0164.hpc.itc.rwth-aachen.de",13,"13","uds",unix,64,4194304,10,50,42.724,13.781,22.5936,22.171,41.276,5.14964,5.14888
5,"n23m0164.hpc.itc.rwth-aachen.de",5,"5","uds",14,"n23m0164.hpc.itc.rwth-aachen.de",14,"14","uds",unix,64,4194304,10,50,48.178,18.793,23.7814,23.1145,37.358,4.26428,4.28004
5,"n23m0164.hpc.itc.rwth-aachen.de",5,"5","uds",15,"n23m0164.hpc.itc.rwth-aachen.de",15,"15","uds",unix,64,4194304,10,50,47.753,20.296,25.6985,25.2325,34.376,4.79169,4.75267
5,"n23m0164.hpc.itc.rwth-aachen.de",5,"5","uds",16,"n23m0164.hpc.itc.rwth-aachen.de",16,"16","uds",unix,64,4194304,10,50,49.304,19.691,23.9878,24.459,28.185,4.2052,4.21295
5,"n23m0164.hpc.itc.rwth-aachen.de",5,"5","uds",17,"n23m0164.hpc.itc.rwth-aachen.de",17,"17","uds",unix,64,4194304,10,50,49.441,21.638,25.4663,25.262,32.95,4.51364,4.51349
5,"n23m0164.hpc.itc.rwth-aachen.de",5,"5","uds",18,"n23m0164.hpc.itc.rwth-aachen.de",18,"18","uds",unix,64,4194304,10,50,48.368,16.572,25.4025,25.112,41.448,4.56065,4.54948
5,"n23m0164.hpc.itc.rwth-aachen.de",5,"5","uds",19,"n23m0164.hpc.itc.rwth-aachen.de",19,"19","uds",unix,64,4194304,10,50,46.907,19.683,24.5317,23.8005,45.616,4.19039,4.19271
5,"n23m0164.hpc.itc.rwth-aachen.de",5,"5","uds",20,"n23m0164.hpc.itc.rwth-aachen.de",20,"20","uds",unix,64,4194304,10,50,50.37,19.716,24.2828,24.036,39.866,4.84446,4.8315
5,"n23m0164.hpc.itc.rwth-aachen.de",5,"5","uds",21,"n23m0164.hpc.itc.rwth-aachen.de",21,"21","uds",unix,64,4194304,10,50,39.334,19.351,22.8564,22.4485,43.092,5.01816,5.11374
5,"n23m0164.hpc.itc.rwth-aachen.de",5,"5","uds",22,"n23m0164.hpc.itc.rwth-aachen.de",22,"22","uds",unix,64,4194304,10,50,42.672,18.948,23.0408,22.572,31.028,5.01322,5.00539
5,"n23m0164.hpc.itc.rwth-aachen.de",5,"5","uds",23,"n23m0164.hpc.itc.rwth-aachen.de",23,"23","uds",unix,64,4194304,10,50,50.372,18.059,23.755,22.958,35.017,3.94852,4.03269
5,"n23m0164.hpc.itc.rwth-aachen.de",5,"5","uds",24,"n23m0164.hpc.itc.rwth-aachen.de",24,"24","uds",unix,64,4194304,10,50,53.63,19.887,27.3244,26.4875,42.638,3.0144,3.10695
5,"n23m0164.hpc.itc.rwth-aachen.de",5,"5","uds",25,"n23m0164.hpc.itc.rwth-aachen.de",25,"25","uds",unix,64,4194304,10,50,68.724,24.5,31.2231,30.875,44.86,2.97692,2.97808
5,"n23m0164.hpc.itc.rwth-aachen.de",5,"5","uds",26,"n23m0164.hpc.itc.rwth-aachen.de",26,"26","uds",unix,64,4194304,10,50,68.713,21.6,32.0117,31.59,55.082,4.27762,4.20979
5,"n23m0164.hpc.itc.rwth-aachen.de",5,"5","uds",27,"n23m0164.hpc.itc.rwth-aachen.de",27,"27","uds",unix,64,4194304,10,50,46.091,16.98,22.6159,22.044,33.412,4.2052,4.20176
5,"n23m0164.hpc.itc.rwth-aachen.de",5,"5","uds",28,"n23m0164.hpc.itc.rwth-aachen.de",28,"28","uds",unix,64,4194304,10,50,60.582,22.078,30.1144,30.2795,42.88,4.05318,3.87762
5,"n23m0164.hpc.itc.rwth-aachen.de",5,"5","uds",29,"n23m0164.hpc.itc.rwth-aachen.de",29,"29","uds",unix,64,4194304,10,50,53.24,21.612,25.2802,24.5545,39.348,4.25421,4.25677
5,"n23m0164.hpc.itc.rwth-aachen.de",5,"5","uds",30,"n23m0164.hpc.itc.rwth-aachen.de",30,"30","uds",unix,64,4194304,10,50,48.805,21.997,25.1534,24.571,33.394,3.05181,3.27609
5,"n23m0164.hpc.itc.rwth-aachen.de",5,"5","uds",31,"n23m0164.hpc.itc.rwth-aachen.de",31,"31","uds",unix,64,4194304,10,50,76.032,22.663,31.4189,30.4815,51.921,3.83679,3.80073
5,"n23m0164.hpc.itc.rwth-aachen.de",5,"5","uds",32,"n23m0164.hpc.itc.rwth-aachen.de",32,"32","uds",unix,64,4194304,10,50,53.336,19.822,26.211,26.049,37.547,5.02624,4.9354
5,"n23m0164.hpc.itc.rwth-aachen.de",5,"5","uds",33,"n23m0164.hpc.itc.rwth-aachen.de",33,"33","uds",unix,64,4194304,10,50,39.28,20.057,22.4918,22.2345,30.618,4.79675,4.73779
5,"n23m0164.hpc.itc.rwth-aachen.de",5,"5","uds",34,"n23m0164.hpc.itc.rwth-aachen.de",34,"34","uds",unix,64,4194304,10,50,49.603,25.071,28.1398,27.9885,35.049,3.03259,3.11352
5,"n23m0164.hpc.itc.rwth-aachen.de",5,"5","uds",35,"n23m0164.hpc.itc.rwth-aachen.de",35,"35","uds",unix,64,4194304,10,50,63.537,25.918,32.6999,31.6195,58.787,4.44103,4.37775
5,"n23m0164.hpc.itc.rwth-aachen.de",5,"5","uds",36,"n23m0164.hpc.itc.rwth-aachen.de",36,"36","uds",unix,64,4194304,10,50,39.885,18.636,22.7543,21.9055,38.455,3.9427,3.89932
5,"n23m0164.hpc.itc.rwth-aachen.de",5,"5","uds",37,"n23m0164.hpc.itc.rwth-aachen.de",37,"37","uds",unix,64,4194304,10,50,65.838,25.142,32.1477,31.397,46.503,2.84982,2.84999
5,"n23m0164.hpc.itc.rwth-aachen.de",5,"5","uds",38,"n23m0164.hpc.itc.rwth-aachen.de",38,"38","uds",unix,64,4194304,10,50,66.211,18.437,32.0541,31.555,64.885,4.14698,4.10175
5,"n23m0164.hpc.itc.rwth-aachen.de",5,"5","uds",39,"n23m0164.hpc.itc.rwth-aachen.de",39,"39","uds",unix,64,4194304,10,50,47.973,19.255,22.5809,22.4765,28.468,3.99488,3.91258
5,"n23m0164.hpc.itc.rwth-aachen.de",5,"5","uds",40,"n23m0164.hpc.itc.rwth-aachen.de",40,"40","uds",unix,64,4194304,10,50,67.398,22.743,33.2392,32.434,47.034,2.76538,2.76697
5,"n23m0164.hpc.itc.rwth-aachen.de",5,"5","uds",41,"n23m0164.hpc.itc.rwth-aachen.de",41,"41","uds",unix,64,4194304,10,50,69.621,24.832,32.271,31.784,44.229,4.14082,4.10469
5,"n23m0164.hpc.itc.rwth-aachen.de",5,"5","uds",42,"n23m0164.hpc.itc.rwth-aachen.de",42,"42","uds",unix,64,4194304,10,50,46.946,19.114,22.9073,22.75,31.945,4.0093,3.89937
5,"n23m0164.hpc.itc.rwth-aachen.de",5,"5","uds",43,"n23m0164.hpc.itc.rwth-aachen.de",43,"43","uds",unix,64,4194304,10,50,68.46,24.623,32.3375,32.153,44.765,2.81498,2.81514
5,"n23m0164.hpc.itc.rwth-aachen.de",5,"5","uds",44,"n23m0164.hpc.itc.rwth-aachen.de",44,"44","uds",unix,64,4194304,10,50,65.342,20.054,32.4026,32.255,44.928,2.75266,2.74966
5,"n23m0164.hpc.itc.rwth-aachen.de",5,"5","uds",45,"n23m0164.hpc.itc.rwth-aachen.de",45,"45","uds",unix,64,4194304,10,50,65.149,23.165,32.145,32.3795,47.166,2.82702,2.82525
5,"n23m0164.hpc.itc.rwth-aachen.de",5,"5","uds",46,"n23m0164.hpc.itc.rwth-aachen.de",46,"46","uds",unix,64,4194304,10,50,61.53,18.624,32.5747,32.569,43.264,2.83685,3.12
5,"n23m0164.hpc.itc.rwth-aachen.de",5,"5","uds",47,"n23m0164.hpc.itc.rwth-aachen.de",47,"47","uds",unix,64,4194304,10,50,49.096,19.251,26.865,26.3075,40.237,4.96429,4.87851
5,"n23m0164.hpc.itc.rwth-aachen.de",5,"5","uds",48,"n23m0164.hpc.itc.rwth-aachen.de",48,"48","uds",unix,64,4194304,10,50,50.585,27.393,35.7161,35.12,46.347,1.89366,1.94457
5,"n23m0164.hpc.itc.rwth-aachen.de",5,"5","uds",49,"n23m0164.hpc.itc.rwth-aachen.de",49,"49","uds",unix,64,4194304,10,50,82.488,27.744,52.0431,53.977,71.683,1.51411,1.51366
5,"n23m0164.hpc.itc.rwth-aachen.de",5,"5","uds",50,"n23m0164.hpc.itc.rwth-aachen.de",50,"50","uds",unix,64,4194304,10,50,81.946,35.724,54.1095,54.307,76.417,2.00386,2.01117
5,"n23m0164.hpc.itc.rwth-aachen.de",5,"5","uds",51,"n23m0164.hpc.itc.rwth-aachen.de",51,"51","uds",unix,64,4194304,10,50,66.923,25.917,44.2236,44.1355,63.956,1.49872,1.49864
5,"n23m0164.hpc.itc.rwth-aachen.de",5,"5","uds",52,"n23m0164.hpc.itc.rwth-aachen.de",52,"52","uds",unix,64,4194304,10,50,76.092,25.341,50.0382,51.006,68.851,1.5003,1.49885
5,"n23m0164.hpc.itc.rwth-aachen.de",5,"5","uds",53,"n23m0164.hpc.itc.rwth-aachen.de",53,"53","uds",unix,64,4194304,10,50,75.023,30.014,52.2484,51.056,76.392,1.52694,1.52742
5,"n23m0164.hpc.itc.rwth-aachen.de",5,"5","uds",54,"n23m0164.hpc.itc.rwth-aachen.de",54,"54","uds",unix,64,4194304,10,50,86.969,30.95,52.1603,53.035,73.173,1.96285,2.05683
5,"n23m0164.hpc.itc.rwth-aachen.de",5,"5","uds",55,"n23m0164.hpc.itc.rwth-aachen.de",55,"55","uds",unix,64,4194304,10,50,106.631,32.059,51.9915,52.1705,74.837,1.51542,1.51375
5,"n23m0164.hpc.itc.rwth-aachen.de",5,"5","uds",56,"n23m0164.hpc.itc.rwth-aachen.de",56,"56","uds",unix,64,4194304,10,50,70.901,30.107,51.1918,51.363,75.125,1.51086,1.50206
5,"n23m0164.hpc.itc.rwth-aachen.de",5,"5","uds",57,"n23m0164.hpc.itc.rwth-aachen.de",57,"57","uds",unix,64,4194304,10,50,77.116,34.22,53.7826,54.0415,78.293,1.50185,1.50123
5,"n23m0164.hpc.itc.rwth-aachen.de",5,"5","uds",58,"n23m0164.hpc.itc.rwth-aachen.de",58,"58","uds",unix,64,4194304,10,50,79.649,34.398,49.4075,49.6595,67.185,2.06403,2.06707
5,"n23m0164.hpc.itc.rwth-aachen.de",5,"5","uds",59,"n23m0164.hpc.itc.rwth-aachen.de",59,"59","uds",unix,64,4194304,10,50,82.653,27.136,51.2128,51.152,79.271,1.53172,1.53192
5,"n23m0164.hpc.itc.rwth-aachen.de",5,"5","uds",60,"n23m0164.hpc.itc.rwth-aachen.de",60,"60","uds",unix,64,4194304,10,50,84.473,34.734,53.6072,52.0425,83.724,1.4974,1.49364
5,"n23m0164.hpc.itc.rwth-aachen.de",5,"5","uds",61,"n23m0164.hpc.itc.rwth-aachen.de",61,"61","uds",unix,64,4194304,10,50,92.906,34.223,53.2632,54.0555,78.869,1.55515,1.72327
5,"n23m0164.hpc.itc.rwth-aachen.de",5,"5","uds",62,"n23m0164.hpc.itc.rwth-aachen.de",62,"62","uds",unix,64,4194304,10,50,53.486,20.052,35.7068,35.3005,52.79,1.49529,1.61222
5,"n23m0164.hpc.itc.rwth-aachen.de",5,"5","uds",63,"n23m0164.hpc.itc.rwth-aachen.de",63,"63","uds",unix,64,4194304,10,50,85.906,36.828,53.8172,53.593,77.567,1.4808,1.48023
5,"n23m0164.hpc.itc.rwth-aachen.de",5,"5","uds",64,"n23m0164.hpc.itc.rwth-aachen.de",64,"64","uds",unix,64,4194304,10,50,88.672,28.342,50.9245,51.9335,78.603,1.5349,1.53444
5,"n23m0164.hpc.itc.rwth-aachen.de",5,"5","uds",65,"n23m0164.hpc.itc.rwth-aachen.de",65,"65","uds",unix,64,4194304,10,50,84.647,28.885,51.3487,51.834,74.97,1.71419,1.86991
5,"n23m0164.hpc.itc.rwth-aachen.de",5,"5","uds",66,"n23m0164.hpc.itc.rwth-aachen.de",66,"66","uds",unix,64,4194304,10,50,58.641,23.107,38.5874,38.177,51.87,1.50512,1.55239
5,"n23m0164.hpc.itc.rwth-aachen.de",5,"5","uds",67,"n23m0164.hpc.itc.rwth-aachen.de",67,"67","uds",unix,64,4194304,10,50,80.224,27.975,50.6696,49.8885,89.52,1.5132,1.51673
5,"n23m0164.hpc.itc.rwth-aachen.de",5,"5","uds",68,"n23m0164.hpc.itc.rwth-aachen.de",68,"68","uds",unix,64,4194304,10,50,78.184,28.156,50.4849,49.912,77.749,1.5047,1.505
5,"n23m0164.hpc.itc.rwth-aachen.de",5,"5","uds",69,"n23m0164.hpc.itc.rwth-aachen.de",69,"69","uds",unix,64,4194304,10,50,84.51,29.316,52.3542,53.344,74.589,1.81508,1.94428
5,"n23m0164.hpc.itc.rwth-aachen.de",5,"5","uds",70,"n23m0164.hpc.itc.rwth-aachen.de",70,"70","uds",unix,64,4194304,10,50,84.252,29.764,53.1361,53.8815,80.211,1.50659,1.50488
5,"n23m0164.hpc.itc.rwth-aachen.de",5,"5","uds",71,"n23m0164.hpc.itc.rwth-aachen.de",71,"71","uds",unix,64,4194304,10,50,86.806,26.652,52.3034,51.8135,78.947,1.52635,1.52546
5,"n23m0164.hpc.itc.rwth-aachen.de",5,"5","uds",72,"n23m0164.hpc.itc.rwth-aachen.de",72,"72","uds",unix,64,4194304,10,50,86.192,26.829,51.9865,53.6215,77.331,1.939,2.01595
5,"n23m0164.hpc.itc.rwth-aachen.de",5,"5","uds",73,"n23m0164.hpc.itc.rwth-aachen.de",73,"73","uds",unix,64,4194304,10,50,61.64,22.855,41.5806,42.103,58.738,1.51024,1.51053
5,"n23m0164.hpc.itc.rwth-aachen.de",5,"5","uds",74,"n23m0164.hpc.itc.rwth-aachen.de",74,"74","uds",unix,64,4194304,10,50,85.14,27.7,50.1547,52.301,73.872,1.49608,1.49644
5,"n23m0164.hpc.itc.rwth-aachen.de",5,"5","uds",75,"n23m0164.hpc.itc.rwth-aachen.de",75,"75","uds",unix,64,4194304,10,50,99.055,28.263,51.5142,51.9395,75.401,1.5143,1.51595
5,"n23m0164.hpc.itc.rwth-aachen.de",5,"5","uds",76,"n23m0164.hpc.itc.rwth-aachen.de",76,"76","uds",unix,64,4194304,10,50,77.247,32.682,49.972,49.77,74.56,2.05354,2.05298
5,"n23m0164.hpc.itc.rwth-aachen.de",5,"5","uds",77,"n23m0164.hpc.itc.rwth-aachen.de",77,"77","uds",unix,64,4194304,10,50,82.634,28.288,50.2366,50.3745,77.104,1.51623,1.51751
5,"n23m0164.hpc.itc.rwth-aachen.de",5,"5","uds",78,"n23m0164.hpc.itc.rwth-aachen.de",78,"78","uds",unix,64,4194304,10,50,79.925,32.732,50.6875,51.553,77.13,1.52971,1.52963
5,"n23m0164.hpc.itc.rwth-aachen.de",5,"5","uds",79,"n23m0164.hpc.itc.rwth-aachen.de",79,"79","uds",unix,64,4194304,10,50,80.359,29.807,53.0741,53.205,82.081,1.54095,1.60003
5,"n23m0164.hpc.itc.rwth-aachen.de",5,"5","uds",80,"n23m0164.hpc.itc.rwth-aachen.de",80,"80","uds",unix,64,4194304,10,50,80.289,24.029,44.8106,45.8745,60.581,1.61401,1.84687
5,"n23m0164.hpc.itc.rwth-aachen.de",5,"5","uds",81,"n23m0164.hpc.itc.rwth-aachen.de",81,"81","uds",unix,64,4194304,10,50,76.505,30.087,49.6865,49.162,77.392,1.52889,1.52638
5,"n23m0164.hpc.itc.rwth-aachen.de",5,"5","uds",82,"n23m0164.hpc.itc.rwth-aachen.de",82,"82","uds",unix,64,4194304,10,50,78.117,27.162,49.485,52.0665,69.084,1.53781,1.53781
5,"n23m0164.hpc.itc.rwth-aachen.de",5,"5","uds",83,"n23m0164.hpc.itc.rwth-aachen.de",83,"83","uds",unix,64,4194304,10,50,79.51,32.024,50.8111,51.081,73.037,1.77954,1.95307
5,"n23m0164.hpc.itc.rwth-aachen.de",5,"5","uds",84,"n23m0164.hpc.itc.rwth-aachen.de",84,"84","uds",unix,64,4194304,10,50,58.286,21.03,37.6275,37.1775,47.655,1.51542,1.53054
5,"n23m0164.hpc.itc.rwth-aachen.de",5,"5","uds",85,"n23m0164.hpc.itc.rwth-aachen.de",85,"85","uds",unix,64,4194304,10,50,84.519,27.765,49.5222,50.7225,74.041,1.52335,1.52294
5,"n23m0164.hpc.itc.rwth-aachen.de",5,"5","uds",86,"n23m0164.hpc.itc.rwth-aachen.de",86,"86","uds",unix,64,4194304,10,50,84.673,26.838,52.2929,52.595,72.703,1.5177,1.52002
5,"n23m0164.hpc.itc.rwth-aachen.de",5,"5","uds",87,"n23m0164.hpc.itc.rwth-aachen.de",87,"87","uds",unix,64,4194304,10,50,82.11,27.946,51.683,52.5155,69.749,2.0897,2.1307
5,"n23m0164.hpc.itc.rwth-aachen.de",5,"5","uds",88,"n23m0164.hpc.itc.rwth-aachen.de",88,"88","uds",unix,64,4194304,10,50,71.102,27.829,48.4328,47.458,86.051,1.52329,1.52085
5,"n23m0164.hpc.itc.rwth-aachen.de",5,"5","uds",89,"n23m0164.hpc.itc.rwth-aachen.de",89,"89","uds",unix,64,4194304,10,50,81.933,27.537,50.2182,51.2125,72.575,1.51765,1.51742
5,"n23m0164.hpc.itc.rwth-aachen.de",5,"5","uds",90,"n23m0164.hpc.itc.rwth-aachen.de",90,"90","uds",unix,64,4194304,10,50,91.577,27.838,61.1296,49.695,656.765,1.53574,1.56067
5,"n23m0164.hpc.itc.rwth-aachen.de",5,"5","uds",91,"n23m0164.hpc.itc.rwth-aachen.de",91,"91","uds",unix,64,4194304,10,50,62.146,28.856,45.3855,44.6965,70.838,2.02714,2.00352
5,"n23m0164.hpc.itc.rwth-aachen.de",5,"5","uds",92,"n23m0164.hpc.itc.rwth-aachen.de",92,"92","uds",unix,64,4194304,10,50,95.891,28.315,50.9043,51.0475,75.987,1.5157,1.51335
5,"n23m0164.hpc.itc.rwth-aachen.de",5,"5","uds",93,"n23m0164.hpc.itc.rwth-aachen.de",93,"93","uds",unix,64,4194304,10,50,78.174,27.573,51.9575,52.2755,78.802,1.52926,1.52883
5,"n23m0164.hpc.itc.rwth-aachen.de",5,"5","uds",94,"n23m0164.hpc.itc.rwth-aachen.de",94,"94","uds",unix,64,4194304,10,50,78.149,26.794,51.6951,51.6795,76.781,1.51626,1.55403
5,"n23m0164.hpc.itc.rwth-aachen.de",5,"5","uds",95,"n23m0164.hpc.itc.rwth-aachen.de",95,"95","uds",unix,64,4194304,10,50,67.617,24.556,44.1113,43.688,64.576,1.81197,1.91574
6,"n23m0164.hpc.itc.rwth-aachen.de",6,"6","uds",7,"n23m0164.hpc.itc.rwth-aachen.de",7,"7","uds",unix,64,4194304,10,50,141.741,26.801,39.2827,38.3075,55.037,4.21556,4.05982
6,"n23m0164.hpc.itc.rwth-aachen.de",6,"6","uds",8,"n23m0164.hpc.itc.rwth-aachen.de",8,"8","uds",unix,64,4194304,10,50,61.001,23.445,28.3987,28.0255,36.653,4.20456,4.2246
6,"n23m0164.hpc.itc.rwth-aachen.de",6,"6","uds",9,"n23m0164.hpc.itc.rwth-aachen.de",9,"9","uds",unix,64,4194304,10,50,72.477,20.81,29.6753,28.479,48.912,4.07781,4.06732
6,"n23m0164.hpc.itc.rwth-aachen.de",6,"6","uds",10,"n23m0164.hpc.itc.rwth-aachen.de",10,"10","uds",unix,64,4194304,10,50,56.473,23.031,30.2239,29.6455,39.911,5.39834,5.29566
6,"n23m0164.hpc.itc.rwth-aachen.de",6,"6","uds",11,"n23m0164.hpc.itc.rwth-aachen.de",11,"11","uds",unix,64,4194304,10,50,51.449,20.9,26.5808,26.7715,33.159,4.53461,4.57314
6,"n23m0164.hpc.itc.rwth-aachen.de",6,"6","uds",12,"n23m0164.hpc.itc.rwth-aachen.de",12,"12","uds",unix,64,4194304,10,50,61.345,21.271,24.8844,24.332,34.31,5.01641,5.01187
6,"n23m0164.hpc.itc.rwth-aachen.de",6,"6","uds",13,"n23m0164.hpc.itc.rwth-aachen.de",13,"13","uds",unix,64,4194304,10,50,48.115,20.463,22.9777,22.691,31.738,5.66119,5.65857
6,"n23m0164.hpc.itc.rwth-aachen.de",6,"6","uds",14,"n23m0164.hpc.itc.rwth-aachen.de",14,"14","uds",unix,64,4194304,10,50,45.445,18.244,22.7786,22.929,29.808,5.42236,5.43344
6,"n23m0164.hpc.itc.rwth-aachen.de",6,"6","uds",15,"n23m0164.hpc.itc.rwth-aachen.de",15,"15","uds",unix,64,4194304,10,50,46.195,19.364,23.141,22.8065,30.72,5.59132,5.59223
6,"n23m0164.hpc.itc.rwth-aachen.de",6,"6","uds",16,"n23m0164.hpc.itc.rwth-aachen.de",16,"16","uds",unix,64,4194304,10,50,44.383,16.205,23.028,22.728,30.337,5.37031,5.37398
6,"n23m0164.hpc.itc.rwth-aachen.de",6,"6","uds",17,"n23m0164.hpc.itc.rwth-aachen.de",17,"17","uds",unix,64,4194304,10,50,38.702,19.903,23.0849,23.1375,31.64,5.58847,5.58733
6,"n23m0164.hpc.itc.rwth-aachen.de",6,"6","uds",18,"n23m0164.hpc.itc.rwth-aachen.de",18,"18","uds",unix,64,4194304,10,50,40.792,19.026,22.1857,21.842,28.228,5.6378,5.63893
6,"n23m0164.hpc.itc.rwth-aachen.de",6,"6","uds",19,"n23m0164.hpc.itc.rwth-aachen.de",19,"19","uds",unix,64,4194304,10,50,40.892,20.585,22.9418,22.534,31.051,5.37213,5.38328
6,"n23m0164.hpc.itc.rwth-aachen.de",6,"6","uds",20,"n23m0164.hpc.itc.rwth-aachen.de",20,"20","uds",unix,64,4194304,10,50,45.053,20.003,23.7309,23.389,35.689,5.32033,5.32262
6,"n23m0164.hpc.itc.rwth-aachen.de",6,"6","uds",21,"n23m0164.hpc.itc.rwth-aachen.de",21,"21","uds",unix,64,4194304,10,50,36.818,19.462,22.3116,22.076,32.767,5.60622,5.59704
6,"n23m0164.hpc.itc.rwth-aachen.de",6,"6","uds",22,"n23m0164.hpc.itc.rwth-aachen.de",22,"22","uds",unix,64,4194304,10,50,36.638,18.98,22.7815,22.417,32.262,5.6325,5.62074
6,"n23m0164.hpc.itc.rwth-aachen.de",6,"6","uds",23,"n23m0164.hpc.itc.rwth-aachen.de",23,"23","uds",unix,64,4194304,10,50,44.393,18.875,22.7594,22.741,29.884,5.10802,5.11075
6,"n23m0164.hpc.itc.rwth-aachen.de",6,"6","uds",24,"n23m0164.hpc.itc.rwth-aachen.de",24,"24","uds",unix,64,4194304,10,50,45.813,20.127,23.2654,22.7285,32.484,5.39095,5.38956
6,"n23m0164.hpc.itc.rwth-aachen.de",6,"6","uds",25,"n23m0164.hpc.itc.rwth-aachen.de",25,"25","uds",unix,64,4194304,10,50,43.398,18.972,22.721,22.2205,32.826,5.3866,5.37689
6,"n23m0164.hpc.itc.rwth-aachen.de",6,"6","uds",26,"n23m0164.hpc.itc.rwth-aachen.de",26,"26","uds",unix,64,4194304,10,50,44.879,19.286,23.3095,22.9985,38.905,5.25466,5.26206
6,"n23m0164.hpc.itc.rwth-aachen.de",6,"6","uds",27,"n23m0164.hpc.itc.rwth-aachen.de",27,"27","uds",unix,64,4194304,10,50,43.468,19.371,22.2168,22.039,29.084,5.41641,5.41034
6,"n23m0164.hpc.itc.rwth-aachen.de",6,"6","uds",28,"n23m0164.hpc.itc.rwth-aachen.de",28,"28","uds",unix,64,4194304,10,50,42.448,14.988,23.3277,22.951,39.548,5.50087,5.48764
6,"n23m0164.hpc.itc.rwth-aachen.de",6,"6","uds",29,"n23m0164.hpc.itc.rwth-aachen.de",29,"29","uds",unix,64,4194304,10,50,39.826,19.592,22.0723,21.947,29.911,5.33544,5.32726
6,"n23m0164.hpc.itc.rwth-aachen.de",6,"6","uds",30,"n23m0164.hpc.itc.rwth-aachen.de",30,"30","uds",unix,64,4194304,10,50,51.967,18.483,23.3696,22.9555,31.485,5.32418,5.32586
6,"n23m0164.hpc.itc.rwth-aachen.de",6,"6","uds",31,"n23m0164.hpc.itc.rwth-aachen.de",31,"31","uds",unix,64,4194304,10,50,38.248,18.546,23.7793,23.6245,28.999,5.35407,5.34187
6,"n23m0164.hpc.itc.rwth-aachen.de",6,"6","uds",32,"n23m0164.hpc.itc.rwth-aachen.de",32,"32","uds",unix,64,4194304,10,50,48.84,21.455,24.8876,24.371,34.524,5.15237,5.10459
6,"n23m0164.hpc.itc.rwth-aachen.de",6,"6","uds",33,"n23m0164.hpc.itc.rwth-aachen.de",33,"33","uds",unix,64,4194304,10,50,38.128,19.358,22.0482,21.7065,26.642,5.44616,5.43597
6,"n23m0164.hpc.itc.rwth-aachen.de",6,"6","uds",34,"n23m0164.hpc.itc.rwth-aachen.de",34,"34","uds",unix,64,4194304,10,50,39.177,20.138,23.3252,23.17,29.581,5.44032,5.44554
6,"n23m0164.hpc.itc.rwth-aachen.de",6,"6","uds",35,"n23m0164.hpc.itc.rwth-aachen.de",35,"35","uds",unix,64,4194304,10,50,38.345,19.383,23.24,22.9345,30.802,5.50361,5.49634
6,"n23m0164.hpc.itc.rwth-aachen.de",6,"6","uds",36,"n23m0164.hpc.itc.rwth-aachen.de",36,"36","uds",unix,64,4194304,10,50,43.887,19.573,22.5999,22.1635,28.623,5.23211,5.22576
6,"n23m0164.hpc.itc.rwth-aachen.de",6,"6","uds",37,"n23m0164.hpc.itc.rwth-aachen.de",37,"37","uds",unix,64,4194304,10,50,39.796,18.686,23.0083,22.946,33.172,5.21605,5.2152
6,"n23m0164.hpc.itc.rwth-aachen.de",6,"6","uds",38,"n23m0164.hpc.itc.rwth-aachen.de",38,"38","uds",unix,64,4194304,10,50,41.364,18.436,22.7353,22.457,27.109,5.00153,5.00405
6,"n23m0164.hpc.itc.rwth-aachen.de",6,"6","uds",39,"n23m0164.hpc.itc.rwth-aachen.de",39,"39","uds",unix,64,4194304,10,50,50.251,19.145,23.0174,22.8755,36.44,5.10958,5.10617
6,"n23m0164.hpc.itc.rwth-aachen.de",6,"6","uds",40,"n23m0164.hpc.itc.rwth-aachen.de",40,"40","uds",unix,64,4194304,10,50,45.11,20.111,23.2703,22.9435,37.392,5.01961,5.00883
6,"n23m0164.hpc.itc.rwth-aachen.de",6,"6","uds",41,"n23m0164.hpc.itc.rwth-aachen.de",41,"41","uds",unix,64,4194304,10,50,40.532,19.735,23.189,23.208,29.4,4.97812,4.97403
6,"n23m0164.hpc.itc.rwth-aachen.de",6,"6","uds",42,"n23m0164.hpc.itc.rwth-aachen.de",42,"42","uds",unix,64,4194304,10,50,42.701,19.619,22.9518,22.761,28.522,5.07069,5.04482
6,"n23m0164.hpc.itc.rwth-aachen.de",6,"6","uds",43,"n23m0164.hpc.itc.rwth-aachen.de",43,"43","uds",unix,64,4194304,10,50,40.379,19.666,22.7431,22.493,29.221,5.07013,5.05827
6,"n23m0164.hpc.itc.rwth-aachen.de",6,"6","uds",44,"n23m0164.hpc.itc.rwth-aachen.de",44,"44","uds",unix,64,4194304,10,50,41.872,20.643,23.4251,23.299,29.202,4.98082,4.98437
6,"n23m0164.hpc.itc.rwth-aachen.de",6,"6","uds",45,"n23m0164.hpc.itc.rwth-aachen.de",45,"45","uds",unix,64,4194304,10,50,41.242,19.926,22.7587,22.386,29.939,5.0459,5.03747
6,"n23m0164.hpc.itc.rwth-aachen.de",6,"6","uds",46,"n23m0164.hpc.itc.rwth-aachen.de",46,"46","uds",unix,64,4194304,10,50,42.005,20.395,23.3184,23.2015,30.125,5.03974,5.0316
6,"n23m0164.hpc.itc.rwth-aachen.de",6,"6","uds",47,"n23m0164.hpc.itc.rwth-aachen.de",47,"47","uds",unix,64,4194304,10,50,46.067,19.504,23.7276,23.2805,36.333,4.91773,4.92164
6,"n23m0164.hpc.itc.rwth-aachen.de",6,"6","uds",48,"n23m0164.hpc.itc.rwth-aachen.de",48,"48","uds",unix,64,4194304,10,50,52.489,22.043,36.4419,36.181,47.227,1.81925,1.88783
6,"n23m0164.hpc.itc.rwth-aachen.de",6,"6","uds",49,"n23m0164.hpc.itc.rwth-aachen.de",49,"49","uds",unix,64,4194304,10,50,77.048,27.149,53.9156,54.9205,73.715,1.51238,1.65941
6,"n23m0164.hpc.itc.rwth-aachen.de",6,"6","uds",50,"n23m0164.hpc.itc.rwth-aachen.de",50,"50","uds",unix,64,4194304,10,50,54.701,19.136,36.0394,35.8665,63.871,1.61045,1.79518
6,"n23m0164.hpc.itc.rwth-aachen.de",6,"6","uds",51,"n23m0164.hpc.itc.rwth-aachen.de",51,"51","uds",unix,64,4194304,10,50,93.191,29.314,54.0307,53.7935,98.071,1.49496,1.49529
6,"n23m0164.hpc.itc.rwth-aachen.de",6,"6","uds",52,"n23m0164.hpc.itc.rwth-aachen.de",52,"52","uds",unix,64,4194304,10,50,79.682,30.183,53.5886,50.8255,82.72,1.48895,1.48944
6,"n23m0164.hpc.itc.rwth-aachen.de",6,"6","uds",53,"n23m0164.hpc.itc.rwth-aachen.de",53,"53","uds",unix,64,4194304,10,50,78.496,35.816,53.7091,53.133,76.478,1.98957,2.03746
6,"n23m0164.hpc.itc.rwth-aachen.de",6,"6","uds",54,"n23m0164.hpc.itc.rwth-aachen.de",54,"54","uds",unix,64,4194304,10,50,70.705,23.623,42.2079,41.882,71.723,1.48363,1.48329
6,"n23m0164.hpc.itc.rwth-aachen.de",6,"6","uds",55,"n23m0164.hpc.itc.rwth-aachen.de",55,"55","uds",unix,64,4194304,10,50,78.075,28.018,51.4099,52.8885,68.388,1.50557,1.50332
6,"n23m0164.hpc.itc.rwth-aachen.de",6,"6","uds",56,"n23m0164.hpc.itc.rwth-aachen.de",56,"56","uds",unix,64,4194304,10,50,86.321,35.129,53.1067,54.2985,77.639,1.5077,1.50802
6,"n23m0164.hpc.itc.rwth-aachen.de",6,"6","uds",57,"n23m0164.hpc.itc.rwth-aachen.de",57,"57","uds",unix,64,4194304,10,50,79.34,32.98,52.9634,54.4355,69.82,2.01014,2.06467
6,"n23m0164.hpc.itc.rwth-aachen.de",6,"6","uds",58,"n23m0164.hpc.itc.rwth-aachen.de",58,"58","uds",unix,64,4194304,10,50,77.282,28.165,50.8974,51.3165,69.204,1.49717,1.49778
6,"n23m0164.hpc.itc.rwth-aachen.de",6,"6","uds",59,"n23m0164.hpc.itc.rwth-aachen.de",59,"59","uds",unix,64,4194304,10,50,79.348,26.612,52.0816,50.505,103.51,1.51195,1.51351
6,"n23m0164.hpc.itc.rwth-aachen.de",6,"6","uds",60,"n23m0164.hpc.itc.rwth-aachen.de",60,"60","uds",unix,64,4194304,10,50,88.758,29.68,53.1512,51.9005,81.698,1.5056,1.50421
6,"n23m0164.hpc.itc.rwth-aachen.de",6,"6","uds",61,"n23m0164.hpc.itc.rwth-aachen.de",61,"61","uds",unix,64,4194304,10,50,84.116,27.883,48.6453,46.4735,89.109,2.12127,2.08168
6,"n23m0164.hpc.itc.rwth-aachen.de",6,"6","uds",62,"n23m0164.hpc.itc.rwth-aachen.de",62,"62","uds",unix,64,4194304,10,50,81.596,28.437,52.9629,53.772,77.137,1.513,1.51258
6,"n23m0164.hpc.itc.rwth-aachen.de",6,"6","uds",63,"n23m0164.hpc.itc.rwth-aachen.de",63,"63","uds",unix,64,4194304,10,50,82.538,35.234,53.2109,52.355,87.654,1.48666,1.4873
6,"n23m0164.hpc.itc.rwth-aachen.de",6,"6","uds",64,"n23m0164.hpc.itc.rwth-aachen.de",64,"64","uds",unix,64,4194304,10,50,74.751,27.672,52.0109,53.6075,73.368,1.54386,1.57999
6,"n23m0164.hpc.itc.rwth-aachen.de",6,"6","uds",65,"n23m0164.hpc.itc.rwth-aachen.de",65,"65","uds",unix,64,4194304,10,50,68.85,31.241,45.745,45.0325,62.271,1.92407,1.97254
6,"n23m0164.hpc.itc.rwth-aachen.de",6,"6","uds",66,"n23m0164.hpc.itc.rwth-aachen.de",66,"66","uds",unix,64,4194304,10,50,79.491,30.162,52.5635,51.7825,75.596,1.50202,1.50163
6,"n23m0164.hpc.itc.rwth-aachen.de",6,"6","uds",67,"n23m0164.hpc.itc.rwth-aachen.de",67,"67","uds",unix,64,4194304,10,50,84.374,29.759,50.7198,50.1225,76.801,1.51998,1.51975
6,"n23m0164.hpc.itc.rwth-aachen.de",6,"6","uds",68,"n23m0164.hpc.itc.rwth-aachen.de",68,"68","uds",unix,64,4194304,10,50,81.946,31.724,52.3016,51.893,71.66,1.50842,1.56468
6,"n23m0164.hpc.itc.rwth-aachen.de",6,"6","uds",69,"n23m0164.hpc.itc.rwth-aachen.de",69,"69","uds",unix,64,4194304,10,50,77.215,26.936,46.9586,46.449,69.385,1.64141,1.82584
6,"n23m0164.hpc.itc.rwth-aachen.de",6,"6","uds",70,"n23m0164.hpc.itc.rwth-aachen.de",70,"70","uds",unix,64,4194304,10,50,80.704,30.698,52.1689,49.47,87.092,1.49919,1.49852
6,"n23m0164.hpc.itc.rwth-aachen.de",6,"6","uds",71,"n23m0164.hpc.itc.rwth-aachen.de",71,"71","uds",unix,64,4194304,10,50,85.156,28.079,52.1085,53.4195,68.182,1.51717,1.51928
6,"n23m0164.hpc.itc.rwth-aachen.de",6,"6","uds",72,"n23m0164.hpc.itc.rwth-aachen.de",72,"72","uds",unix,64,4194304,10,50,83.75,27.429,50.7887,52.9745,79.364,1.58483,1.75309
6,"n23m0164.hpc.itc.rwth-aachen.de",6,"6","uds",73,"n23m0164.hpc.itc.rwth-aachen.de",73,"73","uds",unix,64,4194304,10,50,51.95,22.829,34.7364,34.2215,43.981,1.51038,1.69301
6,"n23m0164.hpc.itc.rwth-aachen.de",6,"6","uds",74,"n23m0164.hpc.itc.rwth-aachen.de",74,"74","uds",unix,64,4194304,10,50,81.537,27.694,50.7011,48.844,89.584,1.49371,1.49361
6,"n23m0164.hpc.itc.rwth-aachen.de",6,"6","uds",75,"n23m0164.hpc.itc.rwth-aachen.de",75,"75","uds",unix,64,4194304,10,50,86.153,28.076,49.8174,48.8425,73.259,1.51103,1.51058
6,"n23m0164.hpc.itc.rwth-aachen.de",6,"6","uds",76,"n23m0164.hpc.itc.rwth-aachen.de",76,"76","uds",unix,64,4194304,10,50,73.224,26.882,49.3643,50.7565,72.481,1.60408,1.77572
6,"n23m0164.hpc.itc.rwth-aachen.de",6,"6","uds",77,"n23m0164.hpc.itc.rwth-aachen.de",77,"77","uds",unix,64,4194304,10,50,50.15,20.097,35.2991,35.103,46.811,1.52924,1.6623
6,"n23m0164.hpc.itc.rwth-aachen.de",6,"6","uds",78,"n23m0164.hpc.itc.rwth-aachen.de",78,"78","uds",unix,64,4194304,10,50,73.686,30.852,50.7984,47.9585,80.799,1.52452,1.524
6,"n23m0164.hpc.itc.rwth-aachen.de",6,"6","uds",79,"n23m0164.hpc.itc.rwth-aachen.de",79,"79","uds",unix,64,4194304,10,50,73.573,28.581,50.3676,50.3105,70.892,1.52757,1.52562
6,"n23m0164.hpc.itc.rwth-aachen.de",6,"6","uds",80,"n23m0164.hpc.itc.rwth-aachen.de",80,"80","uds",unix,64,4194304,10,50,83.111,27.715,50.6562,51.979,75.798,1.83494,2.00222
6,"n23m0164.hpc.itc.rwth-aachen.de",6,"6","uds",81,"n23m0164.hpc.itc.rwth-aachen.de",81,"81","uds",unix,64,4194304,10,50,55.025,21.34,39.9726,38.9445,60.432,1.53044,1.5314
6,"n23m0164.hpc.itc.rwth-aachen.de",6,"6","uds",82,"n23m0164.hpc.itc.rwth-aachen.de",82,"82","uds",unix,64,4194304,10,50,72.5,27.124,49.7518,49.1905,87.117,1.52049,1.51812
6,"n23m0164.hpc.itc.rwth-aachen.de",6,"6","uds",83,"n23m0164.hpc.itc.rwth-aachen.de",83,"83","uds",unix,64,4194304,10,50,71.357,27.754,51.5143,51.012,79.607,1.49882,1.49899
6,"n23m0164.hpc.itc.rwth-aachen.de",6,"6","uds",84,"n23m0164.hpc.itc.rwth-aachen.de",84,"84","uds",unix,64,4194304,10,50,81.027,28.557,51.2406,50.975,85.113,1.85185,2.03148
6,"n23m0164.hpc.itc.rwth-aachen.de",6,"6","uds",85,"n23m0164.hpc.itc.rwth-aachen.de",85,"85","uds",unix,64,4194304,10,50,58.734,22.17,40.6316,41.7915,52.069,1.51644,1.51748
6,"n23m0164.hpc.itc.rwth-aachen.de",6,"6","uds",86,"n23m0164.hpc.itc.rwth-aachen.de",86,"86","uds",unix,64,4194304,10,50,88.79,27.248,51.0712,50.7615,85.048,1.49961,1.50024
6,"n23m0164.hpc.itc.rwth-aachen.de",6,"6","uds",87,"n23m0164.hpc.itc.rwth-aachen.de",87,"87","uds",unix,64,4194304,10,50,75.945,28.879,52.4195,51.881,83.043,1.52356,1.52376
6,"n23m0164.hpc.itc.rwth-aachen.de",6,"6","uds",88,"n23m0164.hpc.itc.rwth-aachen.de",88,"88","uds",unix,64,4194304,10,50,85.509,28.061,52.1084,53.9185,83.305,2.05355,2.10858
6,"n23m0164.hpc.itc.rwth-aachen.de",6,"6","uds",89,"n23m0164.hpc.itc.rwth-aachen.de",89,"89","uds",unix,64,4194304,10,50,70.213,33.741,50.2812,49.048,70.749,1.51023,1.50885
6,"n23m0164.hpc.itc.rwth-aachen.de",6,"6","uds",90,"n23m0164.hpc.itc.rwth-aachen.de",90,"90","uds",unix,64,4194304,10,50,91.54,32.174,52.8461,52.8985,80.142,1.5238,1.52406
6,"n23m0164.hpc.itc.rwth-aachen.de",6,"6","uds",91,"n23m0164.hpc.itc.rwth-aachen.de",91,"91","uds",unix,64,4194304,10,50,81.373,29.054,50.8907,50.484,74.717,1.50066,1.50147
6,"n23m0164.hpc.itc.rwth-aachen.de",6,"6","uds",92,"n23m0164.hpc.itc.rwth-aachen.de",92,"92","uds",unix,64,4194304,10,50,83.116,31.298,51.4179,50.3055,71.03,2.08009,2.08993
6,"n23m0164.hpc.itc.rwth-aachen.de",6,"6","uds",93,"n23m0164.hpc.itc.rwth-aachen.de",93,"93","uds",unix,64,4194304,10,50,75.946,28.122,51.2779,50.7585,79.327,1.52885,1.52775
6,"n23m0164.hpc.itc.rwth-aachen.de",6,"6","uds",94,"n23m0164.hpc.itc.rwth-aachen.de",94,"94","uds",unix,64,4194304,10,50,84.319,30.561,53.2602,52.7925,77.757,1.49903,1.49996
6,"n23m0164.hpc.itc.rwth-aachen.de",6,"6","uds",95,"n23m0164.hpc.itc.rwth-aachen.de",95,"95","uds",unix,64,4194304,10,50,78.555,27.683,51.6825,52.446,76.191,1.50923,1.50683
7,"n23m0164.hpc.itc.rwth-aachen.de",7,"7","uds",8,"n23m0164.hpc.itc.rwth-aachen.de",8,"8","uds",unix,64,4194304,10,50,121.612,26.3,32.3247,31.2215,44.912,4.79931,4.77659
7,"n23m0164.hpc.itc.rwth-aachen.de",7,"7","uds",9,"n23m0164.hpc.itc.rwth-aachen.de",9,"9","uds",unix,64,4194304,10,50,55.654,20.799,26.6309,26.236,37.498,5.44268,5.43696
7,"n23m0164.hpc.itc.rwth-aachen.de",7,"7","uds",10,"n23m0164.hpc.itc.rwth-aachen.de",10,"10","uds",unix,64,4194304,10,50,52.898,19.27,24.8694,24.452,35.751,5.05672,5.06256
7,"n23m0164.hpc.itc.rwth-aachen.de",7,"7","uds",11,"n23m0164.hpc.itc.rwth-aachen.de",11,"11","uds",unix,64,4194304,10,50,59.55,21.692,28.2184,27.909,37.09,4.54505,4.49338
7,"n23m0164.hpc.itc.rwth-aachen.de",7,"7","uds",12,"n23m0164.hpc.itc.rwth-aachen.de",12,"12","uds",unix,64,4194304,10,50,71.531,21.171,26.6071,25.5055,45.289,5.24533,5.19358
7,"n23m0164.hpc.itc.rwth-aachen.de",7,"7","uds",13,"n23m0164.hpc.itc.rwth-aachen.de",13,"13","uds",unix,64,4194304,10,50,52.879,13.616,22.0343,21.962,36.216,5.21872,5.24102
7,"n23m0164.hpc.itc.rwth-aachen.de",7,"7","uds",14,"n23m0164.hpc.itc.rwth-aachen.de",14,"14","uds",unix,64,4194304,10,50,53.553,19.099,25.5091,24.9795,40.013,4.84657,4.82982
7,"n23m0164.hpc.itc.rwth-aachen.de",7,"7","uds",15,"n23m0164.hpc.itc.rwth-aachen.de",15,"15","uds",unix,64,4194304,10,50,51.254,21.096,25.5092,25.552,33.834,4.19018,4.26757
7,"n23m0164.hpc.itc.rwth-aachen.de",7,"7","uds",16,"n23m0164.hpc.itc.rwth-aachen.de",16,"16","uds",unix,64,4194304,10,50,63.635,22.292,27.0791,26.843,36.37,4.48204,4.41199
7,"n23m0164.hpc.itc.rwth-aachen.de",7,"7","uds",17,"n23m0164.hpc.itc.rwth-aachen.de",17,"17","uds",unix,64,4194304,10,50,43.09,22.158,25.6328,25.1815,34.341,4.14888,4.20425
7,"n23m0164.hpc.itc.rwth-aachen.de",7,"7","uds",18,"n23m0164.hpc.itc.rwth-aachen.de",18,"18","uds",unix,64,4194304,10,50,50.516,21.58,26.2518,25.017,48.37,4.21019,4.21217
7,"n23m0164.hpc.itc.rwth-aachen.de",7,"7","uds",19,"n23m0164.hpc.itc.rwth-aachen.de",19,"19","uds",unix,64,4194304,10,50,47.962,22.12,26.9859,26.4545,36.632,4.55813,4.55198
7,"n23m0164.hpc.itc.rwth-aachen.de",7,"7","uds",20,"n23m0164.hpc.itc.rwth-aachen.de",20,"20","uds",unix,64,4194304,10,50,42.712,19.422,24.0626,23.7585,32.943,5.37158,5.3315
7,"n23m0164.hpc.itc.rwth-aachen.de",7,"7","uds",21,"n23m0164.hpc.itc.rwth-aachen.de",21,"21","uds",unix,64,4194304,10,50,46.129,18.399,21.5198,21.4345,25.048,5.31476,5.24596
7,"n23m0164.hpc.itc.rwth-aachen.de",7,"7","uds",22,"n23m0164.hpc.itc.rwth-aachen.de",22,"22","uds",unix,64,4194304,10,50,45.734,21.047,25.2926,24.7455,35.109,4.24662,4.26306
7,"n23m0164.hpc.itc.rwth-aachen.de",7,"7","uds",23,"n23m0164.hpc.itc.rwth-aachen.de",23,"23","uds",unix,64,4194304,10,50,69.392,19.334,26.251,25.5385,32.389,4.31235,4.33299
7,"n23m0164.hpc.itc.rwth-aachen.de",7,"7","uds",24,"n23m0164.hpc.itc.rwth-aachen.de",24,"24","uds",unix,64,4194304,10,50,58.011,20.846,24.3586,23.9875,35.259,4.52092,4.5339
7,"n23m0164.hpc.itc.rwth-aachen.de",7,"7","uds",25,"n23m0164.hpc.itc.rwth-aachen.de",25,"25","uds",unix,64,4194304,10,50,52.269,19.452,24.6233,24.3315,37.955,4.70709,4.71369
7,"n23m0164.hpc.itc.rwth-aachen.de",7,"7","uds",26,"n23m0164.hpc.itc.rwth-aachen.de",26,"26","uds",unix,64,4194304,10,50,50.904,20.639,25.0594,24.801,34.527,5.25161,5.20952
7,"n23m0164.hpc.itc.rwth-aachen.de",7,"7","uds",27,"n23m0164.hpc.itc.rwth-aachen.de",27,"27","uds",unix,64,4194304,10,50,42.762,19.752,22.4167,21.9625,32.465,5.19637,5.19242
7,"n23m0164.hpc.itc.rwth-aachen.de",7,"7","uds",28,"n23m0164.hpc.itc.rwth-aachen.de",28,"28","uds",unix,64,4194304,10,50,51.335,19.361,23.7091,23.219,40.329,5.02167,5.01737
7,"n23m0164.hpc.itc.rwth-aachen.de",7,"7","uds",29,"n23m0164.hpc.itc.rwth-aachen.de",29,"29","uds",unix,64,4194304,10,50,51.279,20.686,24.6344,24.276,30.623,4.68091,4.67915
7,"n23m0164.hpc.itc.rwth-aachen.de",7,"7","uds",30,"n23m0164.hpc.itc.rwth-aachen.de",30,"30","uds",unix,64,4194304,10,50,44.424,17.82,23.9227,23.931,28.907,4.73268,4.72997
7,"n23m0164.hpc.itc.rwth-aachen.de",7,"7","uds",31,"n23m0164.hpc.itc.rwth-aachen.de",31,"31","uds",unix,64,4194304,10,50,45.328,20.754,24.1687,23.723,30.259,4.58452,4.58741
7,"n23m0164.hpc.itc.rwth-aachen.de",7,"7","uds",32,"n23m0164.hpc.itc.rwth-aachen.de",32,"32","uds",unix,64,4194304,10,50,44.837,20.712,24.4023,24.0065,34.082,5.14326,5.12201
7,"n23m0164.hpc.itc.rwth-aachen.de",7,"7","uds",33,"n23m0164.hpc.itc.rwth-aachen.de",33,"33","uds",unix,64,4194304,10,50,44.189,19.218,22.2316,22.1315,26.779,5.07694,5.10404
7,"n23m0164.hpc.itc.rwth-aachen.de",7,"7","uds",34,"n23m0164.hpc.itc.rwth-aachen.de",34,"34","uds",unix,64,4194304,10,50,44.06,20.25,24.9804,24.239,39.239,4.76679,4.7669
7,"n23m0164.hpc.itc.rwth-aachen.de",7,"7","uds",35,"n23m0164.hpc.itc.rwth-aachen.de",35,"35","uds",unix,64,4194304,10,50,43.842,17.491,24.8754,24.4535,38.737,5.33996,5.25535
7,"n23m0164.hpc.itc.rwth-aachen.de",7,"7","uds",36,"n23m0164.hpc.itc.rwth-aachen.de",36,"36","uds",unix,64,4194304,10,50,50.786,19.8,21.9052,21.5965,27.407,4.83791,4.83403
7,"n23m0164.hpc.itc.rwth-aachen.de",7,"7","uds",37,"n23m0164.hpc.itc.rwth-aachen.de",37,"37","uds",unix,64,4194304,10,50,50.784,19.912,26.3915,25.9955,33.895,4.22349,4.16118
7,"n23m0164.hpc.itc.rwth-aachen.de",7,"7","uds",38,"n23m0164.hpc.itc.rwth-aachen.de",38,"38","uds",unix,64,4194304,10,50,52.891,21.687,25.8626,25.316,39.5,4.71565,4.66536
7,"n23m0164.hpc.itc.rwth-aachen.de",7,"7","uds",39,"n23m0164.hpc.itc.rwth-aachen.de",39,"39","uds",unix,64,4194304,10,50,42.888,18.093,22.3372,21.9675,34.162,4.54468,4.57341
7,"n23m0164.hpc.itc.rwth-aachen.de",7,"7","uds",40,"n23m0164.hpc.itc.rwth-aachen.de",40,"40","uds",unix,64,4194304,10,50,50.615,21.922,26.0539,25.392,35.927,3.90673,3.90598
7,"n23m0164.hpc.itc.rwth-aachen.de",7,"7","uds",41,"n23m0164.hpc.itc.rwth-aachen.de",41,"41","uds",unix,64,4194304,10,50,50.001,19.42,25.9747,25.354,42.257,4.68682,4.62463
7,"n23m0164.hpc.itc.rwth-aachen.de",7,"7","uds",42,"n23m0164.hpc.itc.rwth-aachen.de",42,"42","uds",unix,64,4194304,10,50,42.811,17.956,23.1232,22.8635,34.487,4.48068,4.5344
7,"n23m0164.hpc.itc.rwth-aachen.de",7,"7","uds",43,"n23m0164.hpc.itc.rwth-aachen.de",43,"43","uds",unix,64,4194304,10,50,51.654,22.113,25.7478,25.322,34.162,4.02278,4.01755
7,"n23m0164.hpc.itc.rwth-aachen.de",7,"7","uds",44,"n23m0164.hpc.itc.rwth-aachen.de",44,"44","uds",unix,64,4194304,10,50,51.591,19.14,26.5994,26.6485,36.347,3.89982,3.89696
7,"n23m0164.hpc.itc.rwth-aachen.de",7,"7","uds",45,"n23m0164.hpc.itc.rwth-aachen.de",45,"45","uds",unix,64,4194304,10,50,45.868,21.678,25.4515,25.3505,32.76,4.01365,4.01917
7,"n23m0164.hpc.itc.rwth-aachen.de",7,"7","uds",46,"n23m0164.hpc.itc.rwth-aachen.de",46,"46","uds",unix,64,4194304,10,50,49.141,18.279,25.842,25.2375,37.27,3.9866,3.98462
7,"n23m0164.hpc.itc.rwth-aachen.de",7,"7","uds",47,"n23m0164.hpc.itc.rwth-aachen.de",47,"47","uds",unix,64,4194304,10,50,51.674,21.017,26.1853,25.192,43.388,4.64899,4.5714
7,"n23m0164.hpc.itc.rwth-aachen.de",7,"7","uds",48,"n23m0164.hpc.itc.rwth-aachen.de",48,"48","uds",unix,64,4194304,10,50,53.45,26.097,37.1227,37.454,51.837,1.52219,1.75159
7,"n23m0164.hpc.itc.rwth-aachen.de",7,"7","uds",49,"n23m0164.hpc.itc.rwth-aachen.de",49,"49","uds",unix,64,4194304,10,50,72.046,29.368,53.9592,54.777,83.76,1.52833,1.54993
7,"n23m0164.hpc.itc.rwth-aachen.de",7,"7","uds",50,"n23m0164.hpc.itc.rwth-aachen.de",50,"50","uds",unix,64,4194304,10,50,74.898,26.324,46.0056,45.251,78.139,2.02105,2.00456
7,"n23m0164.hpc.itc.rwth-aachen.de",7,"7","uds",51,"n23m0164.hpc.itc.rwth-aachen.de",51,"51","uds",unix,64,4194304,10,50,101.439,27.365,52.4383,51.379,80.662,1.51612,1.51627
7,"n23m0164.hpc.itc.rwth-aachen.de",7,"7","uds",52,"n23m0164.hpc.itc.rwth-aachen.de",52,"52","uds",unix,64,4194304,10,50,82.141,28.676,53.4921,54.2395,74.026,1.51952,1.51841
7,"n23m0164.hpc.itc.rwth-aachen.de",7,"7","uds",53,"n23m0164.hpc.itc.rwth-aachen.de",53,"53","uds",unix,64,4194304,10,50,84.401,31.497,52.0098,52.49,75.587,1.54529,1.71783
7,"n23m0164.hpc.itc.rwth-aachen.de",7,"7","uds",54,"n23m0164.hpc.itc.rwth-aachen.de",54,"54","uds",unix,64,4194304,10,50,53.755,19.928,36.3623,36.72,45.82,1.51107,1.6864
7,"n23m0164.hpc.itc.rwth-aachen.de",7,"7","uds",55,"n23m0164.hpc.itc.rwth-aachen.de",55,"55","uds",unix,64,4194304,10,50,96.215,29.648,52.5885,51.8435,76.219,1.52576,1.52681
7,"n23m0164.hpc.itc.rwth-aachen.de",7,"7","uds",56,"n23m0164.hpc.itc.rwth-aachen.de",56,"56","uds",unix,64,4194304,10,50,84.579,28.635,51.9485,52.391,73.388,1.53027,1.53116
7,"n23m0164.hpc.itc.rwth-aachen.de",7,"7","uds",57,"n23m0164.hpc.itc.rwth-aachen.de",57,"57","uds",unix,64,4194304,10,50,84.221,28.95,51.958,54.8435,66.756,1.70466,1.88674
7,"n23m0164.hpc.itc.rwth-aachen.de",7,"7","uds",58,"n23m0164.hpc.itc.rwth-aachen.de",58,"58","uds",unix,64,4194304,10,50,55.045,21.527,37.5701,37.1535,51.195,1.51286,1.57173
7,"n23m0164.hpc.itc.rwth-aachen.de",7,"7","uds",59,"n23m0164.hpc.itc.rwth-aachen.de",59,"59","uds",unix,64,4194304,10,50,80.01,26.892,52.6195,53.4165,74.827,1.53041,1.52912
7,"n23m0164.hpc.itc.rwth-aachen.de",7,"7","uds",60,"n23m0164.hpc.itc.rwth-aachen.de",60,"60","uds",unix,64,4194304,10,50,87.675,28.29,53.0439,52.8015,92.419,1.50974,1.50872
7,"n23m0164.hpc.itc.rwth-aachen.de",7,"7","uds",61,"n23m0164.hpc.itc.rwth-aachen.de",61,"61","uds",unix,64,4194304,10,50,84.521,36.383,52.4231,51.859,75.043,1.80081,1.96039
7,"n23m0164.hpc.itc.rwth-aachen.de",7,"7","uds",62,"n23m0164.hpc.itc.rwth-aachen.de",62,"62","uds",unix,64,4194304,10,50,59.575,28.892,40.6781,39.6595,54.546,1.5169,1.53984
7,"n23m0164.hpc.itc.rwth-aachen.de",7,"7","uds",63,"n23m0164.hpc.itc.rwth-aachen.de",63,"63","uds",unix,64,4194304,10,50,97.865,35.023,54.0113,52.907,87.062,1.50505,1.50492
7,"n23m0164.hpc.itc.rwth-aachen.de",7,"7","uds",64,"n23m0164.hpc.itc.rwth-aachen.de",64,"64","uds",unix,64,4194304,10,50,81.498,27.063,51.5132,52.353,84.044,1.53916,1.53895
7,"n23m0164.hpc.itc.rwth-aachen.de",7,"7","uds",65,"n23m0164.hpc.itc.rwth-aachen.de",65,"65","uds",unix,64,4194304,10,50,81.58,27.388,51.4264,51.8115,74.1,2.05085,2.04138
7,"n23m0164.hpc.itc.rwth-aachen.de",7,"7","uds",66,"n23m0164.hpc.itc.rwth-aachen.de",66,"66","uds",unix,64,4194304,10,50,61.003,24.797,43.5837,44.1265,57.831,1.50937,1.51109
7,"n23m0164.hpc.itc.rwth-aachen.de",7,"7","uds",67,"n23m0164.hpc.itc.rwth-aachen.de",67,"67","uds",unix,64,4194304,10,50,79.015,32.531,54.0131,53.939,76.166,1.53153,1.53165
7,"n23m0164.hpc.itc.rwth-aachen.de",7,"7","uds",68,"n23m0164.hpc.itc.rwth-aachen.de",68,"68","uds",unix,64,4194304,10,50,76.554,36.179,53.1205,50.4625,85.547,1.51909,1.51766
7,"n23m0164.hpc.itc.rwth-aachen.de",7,"7","uds",69,"n23m0164.hpc.itc.rwth-aachen.de",69,"69","uds",unix,64,4194304,10,50,95.926,29.478,53.3925,52.9775,73.798,2.02866,2.05268
7,"n23m0164.hpc.itc.rwth-aachen.de",7,"7","uds",70,"n23m0164.hpc.itc.rwth-aachen.de",70,"70","uds",unix,64,4194304,10,50,76.657,29.223,53.5048,54.037,88.604,1.50046,1.50021
7,"n23m0164.hpc.itc.rwth-aachen.de",7,"7","uds",71,"n23m0164.hpc.itc.rwth-aachen.de",71,"71","uds",unix,64,4194304,10,50,77.331,29.341,51.6279,50.7325,87.687,1.52422,1.52375
7,"n23m0164.hpc.itc.rwth-aachen.de",7,"7","uds",72,"n23m0164.hpc.itc.rwth-aachen.de",72,"72","uds",unix,64,4194304,10,50,77.357,27.763,50.5244,49.383,88.43,1.52776,1.5281
7,"n23m0164.hpc.itc.rwth-aachen.de",7,"7","uds",73,"n23m0164.hpc.itc.rwth-aachen.de",73,"73","uds",unix,64,4194304,10,50,70.111,26.291,48.7969,48.5975,71.739,2.09697,2.08557
7,"n23m0164.hpc.itc.rwth-aachen.de",7,"7","uds",74,"n23m0164.hpc.itc.rwth-aachen.de",74,"74","uds",unix,64,4194304,10,50,84.386,28.836,52.3991,52.4665,83.749,1.50079,1.49995
7,"n23m0164.hpc.itc.rwth-aachen.de",7,"7","uds",75,"n23m0164.hpc.itc.rwth-aachen.de",75,"75","uds",unix,64,4194304,10,50,87.143,33.04,49.7037,50.2285,82.181,1.51478,1.51429
7,"n23m0164.hpc.itc.rwth-aachen.de",7,"7","uds",76,"n23m0164.hpc.itc.rwth-aachen.de",76,"76","uds",unix,64,4194304,10,50,86.627,27.935,51.7574,51.2925,75.238,1.51844,1.54728
7,"n23m0164.hpc.itc.rwth-aachen.de",7,"7","uds",77,"n23m0164.hpc.itc.rwth-aachen.de",77,"77","uds",unix,64,4194304,10,50,85.995,29.259,45.5253,46.5055,62.864,1.92758,1.97582
7,"n23m0164.hpc.itc.rwth-aachen.de",7,"7","uds",78,"n23m0164.hpc.itc.rwth-aachen.de",78,"78","uds",unix,64,4194304,10,50,74.333,25.865,50.5334,48.9355,82.761,1.53119,1.52922
7,"n23m0164.hpc.itc.rwth-aachen.de",7,"7","uds",79,"n23m0164.hpc.itc.rwth-aachen.de",79,"79","uds",unix,64,4194304,10,50,72.638,31.773,51.8839,52.216,75.493,1.5366,1.53842
7,"n23m0164.hpc.itc.rwth-aachen.de",7,"7","uds",80,"n23m0164.hpc.itc.rwth-aachen.de",80,"80","uds",unix,64,4194304,10,50,1206.99,26.953,53.7239,50.5785,126.894,1.50467,1.61076
7,"n23m0164.hpc.itc.rwth-aachen.de",7,"7","uds",81,"n23m0164.hpc.itc.rwth-aachen.de",81,"81","uds",unix,64,4194304,10,50,60.483,21.97,36.9636,36.356,59.799,1.55731,1.81447
7,"n23m0164.hpc.itc.rwth-aachen.de",7,"7","uds",82,"n23m0164.hpc.itc.rwth-aachen.de",82,"82","uds",unix,64,4194304,10,50,78.236,23.663,50.8759,51.706,82.444,1.5201,1.4774
7,"n23m0164.hpc.itc.rwth-aachen.de",7,"7","uds",83,"n23m0164.hpc.itc.rwth-aachen.de",83,"83","uds",unix,64,4194304,10,50,95.555,26.93,51.9966,52.3505,95.888,1.49847,1.49791
7,"n23m0164.hpc.itc.rwth-aachen.de",7,"7","uds",84,"n23m0164.hpc.itc.rwth-aachen.de",84,"84","uds",unix,64,4194304,10,50,1674.86,28.527,54.5034,53.5625,95.55,1.79655,1.98401
7,"n23m0164.hpc.itc.rwth-aachen.de",7,"7","uds",85,"n23m0164.hpc.itc.rwth-aachen.de",85,"85","uds",unix,64,4194304,10,50,66.733,27.796,37.6976,38.1555,52.973,1.52007,1.53709
7,"n23m0164.hpc.itc.rwth-aachen.de",7,"7","uds",86,"n23m0164.hpc.itc.rwth-aachen.de",86,"86","uds",unix,64,4194304,10,50,97.958,29.88,53.8696,53.5795,80.277,1.5063,1.5061
7,"n23m0164.hpc.itc.rwth-aachen.de",7,"7","uds",87,"n23m0164.hpc.itc.rwth-aachen.de",87,"87","uds",unix,64,4194304,10,50,86.548,28.076,52.638,54.5175,76.271,1.53573,1.53564
7,"n23m0164.hpc.itc.rwth-aachen.de",7,"7","uds",88,"n23m0164.hpc.itc.rwth-aachen.de",88,"88","uds",unix,64,4194304,10,50,89.221,28.863,51.8096,52.4055,89.74,2.01474,2.02804
7,"n23m0164.hpc.itc.rwth-aachen.de",7,"7","uds",89,"n23m0164.hpc.itc.rwth-aachen.de",89,"89","uds",unix,64,4194304,10,50,63.002,24.335,43.6245,43.6365,70.139,1.51145,1.51211
7,"n23m0164.hpc.itc.rwth-aachen.de",7,"7","uds",90,"n23m0164.hpc.itc.rwth-aachen.de",90,"90","uds",unix,64,4194304,10,50,85.828,26.337,50.7722,50.906,83.431,1.52446,1.52076
7,"n23m0164.hpc.itc.rwth-aachen.de",7,"7","uds",91,"n23m0164.hpc.itc.rwth-aachen.de",91,"91","uds",unix,64,4194304,10,50,81.798,29.465,50.0964,49.388,73.695,1.51799,1.51983
7,"n23m0164.hpc.itc.rwth-aachen.de",7,"7","uds",92,"n23m0164.hpc.itc.rwth-aachen.de",92,"92","uds",unix,64,4194304,10,50,79.641,30.024,51.7321,50.812,72.133,2.0445,2.0757
7,"n23m0164.hpc.itc.rwth-aachen.de",7,"7","uds",93,"n23m0164.hpc.itc.rwth-aachen.de",93,"93","uds",unix,64,4194304,10,50,76.771,28.257,50.5879,48.9755,83.919,1.53859,1.53639
7,"n23m0164.hpc.itc.rwth-aachen.de",7,"7","uds",94,"n23m0164.hpc.itc.rwth-aachen.de",94,"94","uds",unix,64,4194304,10,50,79.097,25.444,54.0544,53.3655,162.735,1.50809,1.50944
7,"n23m0164.hpc.itc.rwth-aachen.de",7,"7","uds",95,"n23m0164.hpc.itc.rwth-aachen.de",95,"95","uds",unix,64,4194304,10,50,81.686,28.785,51.5165,52.48,68.091,1.52649,1.57628
8,"n23m0164.hpc.itc.rwth-aachen.de",8,"8","uds",9,"n23m0164.hpc.itc.rwth-aachen.de",9,"9","uds",unix,64,4194304,10,50,96.809,22.622,27.4623,26.696,37.466,4.47416,4.47905
8,"n23m0164.hpc.itc.rwth-aachen.de",8,"8","uds",10,"n23m0164.hpc.itc.rwth-aachen.de",10,"10","uds",unix,64,4194304,10,50,58.198,20.619,28.2049,27.825,53.052,5.0178,5.01125
8,"n23m0164.hpc.itc.rwth-aachen.de",8,"8","uds",11,"n23m0164.hpc.itc.rwth-aachen.de",11,"11","uds",unix,64,4194304,10,50,90.411,23.845,27.4675,27.3745,35.578,3.66325,3.71038
8,"n23m0164.hpc.itc.rwth-aachen.de",8,"8","uds",12,"n23m0164.hpc.itc.rwth-aachen.de",12,"12","uds",unix,64,4194304,10,50,67.647,18.162,27.0676,26.9605,40.816,4.64874,4.59505
8,"n23m0164.hpc.itc.rwth-aachen.de",8,"8","uds",13,"n23m0164.hpc.itc.rwth-aachen.de",13,"13","uds",unix,64,4194304,10,50,49.349,18.679,22.4666,21.9775,37.292,5.09137,5.11729
8,"n23m0164.hpc.itc.rwth-aachen.de",8,"8","uds",14,"n23m0164.hpc.itc.rwth-aachen.de",14,"14","uds",unix,64,4194304,10,50,44.725,19.836,23.7874,23.1315,33.556,4.48099,4.44902
8,"n23m0164.hpc.itc.rwth-aachen.de",8,"8","uds",15,"n23m0164.hpc.itc.rwth-aachen.de",15,"15","uds",unix,64,4194304,10,50,54.255,21.951,25.9773,25.4795,47.329,4.55036,4.54822
8,"n23m0164.hpc.itc.rwth-aachen.de",8,"8","uds",16,"n23m0164.hpc.itc.rwth-aachen.de",16,"16","uds",unix,64,4194304,10,50,49.128,20.606,24.9864,24.4565,35.366,3.98582,3.99446
8,"n23m0164.hpc.itc.rwth-aachen.de",8,"8","uds",17,"n23m0164.hpc.itc.rwth-aachen.de",17,"17","uds",unix,64,4194304,10,50,47.992,20.353,25.8608,25.135,37.175,4.53775,4.56789
8,"n23m0164.hpc.itc.rwth-aachen.de",8,"8","uds",18,"n23m0164.hpc.itc.rwth-aachen.de",18,"18","uds",unix,64,4194304,10,50,53.311,20.037,23.5672,22.914,35.496,4.84336,4.84299
8,"n23m0164.hpc.itc.rwth-aachen.de",8,"8","uds",19,"n23m0164.hpc.itc.rwth-aachen.de",19,"19","uds",unix,64,4194304,10,50,46.283,20.339,23.6452,22.584,38.099,4.21605,4.23733
8,"n23m0164.hpc.itc.rwth-aachen.de",8,"8","uds",20,"n23m0164.hpc.itc.rwth-aachen.de",20,"20","uds",unix,64,4194304,10,50,47.791,20.756,24.8423,24.53,33.171,4.98003,4.93108
8,"n23m0164.hpc.itc.rwth-aachen.de",8,"8","uds",21,"n23m0164.hpc.itc.rwth-aachen.de",21,"21","uds",unix,64,4194304,10,50,39.008,20.013,22.569,22.089,33.637,5.13642,5.13447
8,"n23m0164.hpc.itc.rwth-aachen.de",8,"8","uds",22,"n23m0164.hpc.itc.rwth-aachen.de",22,"22","uds",unix,64,4194304,10,50,42.735,20.458,24.2168,23.638,30.512,5.05129,5.04326
8,"n23m0164.hpc.itc.rwth-aachen.de",8,"8","uds",23,"n23m0164.hpc.itc.rwth-aachen.de",23,"23","uds",unix,64,4194304,10,50,46.652,19.959,23.625,23.143,35.472,3.96356,4.10027
8,"n23m0164.hpc.itc.rwth-aachen.de",8,"8","uds",24,"n23m0164.hpc.itc.rwth-aachen.de",24,"24","uds",unix,64,4194304,10,50,52.613,20.57,25.7742,25.126,40.533,3.01932,3.13679
8,"n23m0164.hpc.itc.rwth-aachen.de",8,"8","uds",25,"n23m0164.hpc.itc.rwth-aachen.de",25,"25","uds",unix,64,4194304,10,50,66.329,23.939,31.52,30.9405,46.625,2.99837,2.99878
8,"n23m0164.hpc.itc.rwth-aachen.de",8,"8","uds",26,"n23m0164.hpc.itc.rwth-aachen.de",26,"26","uds",unix,64,4194304,10,50,68.915,21.687,31.6926,31.89,46.022,4.32257,4.26391
8,"n23m0164.hpc.itc.rwth-aachen.de",8,"8","uds",27,"n23m0164.hpc.itc.rwth-aachen.de",27,"27","uds",unix,64,4194304,10,50,42.181,16.603,22.6182,22.2325,32.179,4.35619,4.33387
8,"n23m0164.hpc.itc.rwth-aachen.de",8,"8","uds",28,"n23m0164.hpc.itc.rwth-aachen.de",28,"28","uds",unix,64,4194304,10,50,58.315,23.083,28.6123,28.224,43.034,3.03492,3.03263
8,"n23m0164.hpc.itc.rwth-aachen.de",8,"8","uds",29,"n23m0164.hpc.itc.rwth-aachen.de",29,"29","uds",unix,64,4194304,10,50,64.824,24.316,30.9936,30.8855,42.536,4.00429,3.85854
8,"n23m0164.hpc.itc.rwth-aachen.de",8,"8","uds",30,"n23m0164.hpc.itc.rwth-aachen.de",30,"30","uds",unix,64,4194304,10,50,48.775,18.827,24.4865,24.561,32.304,3.00868,3.19156
8,"n23m0164.hpc.itc.rwth-aachen.de",8,"8","uds",31,"n23m0164.hpc.itc.rwth-aachen.de",31,"31","uds",unix,64,4194304,10,50,60.76,25.301,30.9876,30.109,44.829,4.00836,3.82213
8,"n23m0164.hpc.itc.rwth-aachen.de",8,"8","uds",32,"n23m0164.hpc.itc.rwth-aachen.de",32,"32","uds",unix,64,4194304,10,50,48.7,19.763,25.0995,25.176,33.463,4.9729,4.91019
8,"n23m0164.hpc.itc.rwth-aachen.de",8,"8","uds",33,"n23m0164.hpc.itc.rwth-aachen.de",33,"33","uds",unix,64,4194304,10,50,40.404,18.906,22.1901,21.776,26.9,4.84498,4.7996
8,"n23m0164.hpc.itc.rwth-aachen.de",8,"8","uds",34,"n23m0164.hpc.itc.rwth-aachen.de",34,"34","uds",unix,64,4194304,10,50,50.324,22.235,26.8118,26.5685,35.441,3.05017,3.12491
8,"n23m0164.hpc.itc.rwth-aachen.de",8,"8","uds",35,"n23m0164.hpc.itc.rwth-aachen.de",35,"35","uds",unix,64,4194304,10,50,62.91,23.823,31.5348,30.5375,46.071,4.40875,4.3327
8,"n23m0164.hpc.itc.rwth-aachen.de",8,"8","uds",36,"n23m0164.hpc.itc.rwth-aachen.de",36,"36","uds",unix,64,4194304,10,50,41.986,18.731,22.4581,22.6415,26.093,4.02252,4.0311
8,"n23m0164.hpc.itc.rwth-aachen.de",8,"8","uds",37,"n23m0164.hpc.itc.rwth-aachen.de",37,"37","uds",unix,64,4194304,10,50,61.499,24.74,31.5366,31.4545,40.94,2.86006,2.85924
8,"n23m0164.hpc.itc.rwth-aachen.de",8,"8","uds",38,"n23m0164.hpc.itc.rwth-aachen.de",38,"38","uds",unix,64,4194304,10,50,69.614,25.196,31.763,30.9885,44.615,4.18341,4.15552
8,"n23m0164.hpc.itc.rwth-aachen.de",8,"8","uds",39,"n23m0164.hpc.itc.rwth-aachen.de",39,"39","uds",unix,64,4194304,10,50,47.009,17.919,23.4307,22.9575,34.78,4.01097,3.97899
8,"n23m0164.hpc.itc.rwth-aachen.de",8,"8","uds",40,"n23m0164.hpc.itc.rwth-aachen.de",40,"40","uds",unix,64,4194304,10,50,63.216,23.864,32.0497,31.642,43.448,3.03306,2.93179
8,"n23m0164.hpc.itc.rwth-aachen.de",8,"8","uds",41,"n23m0164.hpc.itc.rwth-aachen.de",41,"41","uds",unix,64,4194304,10,50,62.233,19.821,29.8596,29.4615,43.955,4.38009,4.27331
8,"n23m0164.hpc.itc.rwth-aachen.de",8,"8","uds",42,"n23m0164.hpc.itc.rwth-aachen.de",42,"42","uds",unix,64,4194304,10,50,41.75,18.522,21.7059,21.3345,29.622,4.19584,4.16
8,"n23m0164.hpc.itc.rwth-aachen.de",8,"8","uds",43,"n23m0164.hpc.itc.rwth-aachen.de",43,"43","uds",unix,64,4194304,10,50,54.599,26.685,31.1197,30.842,40.408,2.84072,2.84015
8,"n23m0164.hpc.itc.rwth-aachen.de",8,"8","uds",44,"n23m0164.hpc.itc.rwth-aachen.de",44,"44","uds",unix,64,4194304,10,50,67.097,25.072,32.451,32.235,40.919,2.75152,2.78381
8,"n23m0164.hpc.itc.rwth-aachen.de",8,"8","uds",45,"n23m0164.hpc.itc.rwth-aachen.de",45,"45","uds",unix,64,4194304,10,50,57.38,22.082,30.7337,29.9315,45.828,3.27778,3.38319
8,"n23m0164.hpc.itc.rwth-aachen.de",8,"8","uds",46,"n23m0164.hpc.itc.rwth-aachen.de",46,"46","uds",unix,64,4194304,10,50,48.8,19.092,24.4866,23.7165,42.945,4.84391,4.79594
8,"n23m0164.hpc.itc.rwth-aachen.de",8,"8","uds",47,"n23m0164.hpc.itc.rwth-aachen.de",47,"47","uds",unix,64,4194304,10,50,48.704,20.31,26.0007,25.6905,37.419,4.79253,4.74399
8,"n23m0164.hpc.itc.rwth-aachen.de",8,"8","uds",48,"n23m0164.hpc.itc.rwth-aachen.de",48,"48","uds",unix,64,4194304,10,50,50.621,20.173,35.6595,35.494,54.203,1.71348,1.83693
8,"n23m0164.hpc.itc.rwth-aachen.de",8,"8","uds",49,"n23m0164.hpc.itc.rwth-aachen.de",49,"49","uds",unix,64,4194304,10,50,74.739,26.946,52.7835,54.826,92.656,1.50862,1.56809
8,"n23m0164.hpc.itc.rwth-aachen.de",8,"8","uds",50,"n23m0164.hpc.itc.rwth-aachen.de",50,"50","uds",unix,64,4194304,10,50,66.549,29.022,45.8365,46.454,63.037,1.97731,1.99397
8,"n23m0164.hpc.itc.rwth-aachen.de",8,"8","uds",51,"n23m0164.hpc.itc.rwth-aachen.de",51,"51","uds",unix,64,4194304,10,50,78.888,34.388,51.7939,51.1015,71.488,1.49771,1.49582
8,"n23m0164.hpc.itc.rwth-aachen.de",8,"8","uds",52,"n23m0164.hpc.itc.rwth-aachen.de",52,"52","uds",unix,64,4194304,10,50,75.937,29.456,53.3625,52.796,78.767,1.50245,1.5012
8,"n23m0164.hpc.itc.rwth-aachen.de",8,"8","uds",53,"n23m0164.hpc.itc.rwth-aachen.de",53,"53","uds",unix,64,4194304,10,50,77.057,27.75,52.6514,53.046,75.812,2.17982,2.11779
8,"n23m0164.hpc.itc.rwth-aachen.de",8,"8","uds",54,"n23m0164.hpc.itc.rwth-aachen.de",54,"54","uds",unix,64,4194304,10,50,65.113,22.174,43.0029,42.567,57.161,1.48789,1.48882
8,"n23m0164.hpc.itc.rwth-aachen.de",8,"8","uds",55,"n23m0164.hpc.itc.rwth-aachen.de",55,"55","uds",unix,64,4194304,10,50,82.429,32.697,52.6862,51.3205,80.372,1.50457,1.50447
8,"n23m0164.hpc.itc.rwth-aachen.de",8,"8","uds",56,"n23m0164.hpc.itc.rwth-aachen.de",56,"56","uds",unix,64,4194304,10,50,79.913,29.138,51.5963,53.2985,75.135,1.53685,1.62381
8,"n23m0164.hpc.itc.rwth-aachen.de",8,"8","uds",57,"n23m0164.hpc.itc.rwth-aachen.de",57,"57","uds",unix,64,4194304,10,50,56.729,26.118,38.3351,38.097,52.201,1.81888,1.88088
8,"n23m0164.hpc.itc.rwth-aachen.de",8,"8","uds",58,"n23m0164.hpc.itc.rwth-aachen.de",58,"58","uds",unix,64,4194304,10,50,82.267,34.302,52.471,52.5685,80.348,1.51003,1.50808
8,"n23m0164.hpc.itc.rwth-aachen.de",8,"8","uds",59,"n23m0164.hpc.itc.rwth-aachen.de",59,"59","uds",unix,64,4194304,10,50,72.205,26.855,52.419,53.4725,73.689,1.51085,1.51126
8,"n23m0164.hpc.itc.rwth-aachen.de",8,"8","uds",60,"n23m0164.hpc.itc.rwth-aachen.de",60,"60","uds",unix,64,4194304,10,50,83.35,30.984,1199.24,52.4705,57030.9,2.52275,2.3997
8,"n23m0164.hpc.itc.rwth-aachen.de",8,"8","uds",61,"n23m0164.hpc.itc.rwth-aachen.de",61,"61","uds",unix,64,4194304,10,50,1557.59,24.807,42.5536,40.8625,83.837,1.51003,1.51599
8,"n23m0164.hpc.itc.rwth-aachen.de",8,"8","uds",62,"n23m0164.hpc.itc.rwth-aachen.de",62,"62","uds",unix,64,4194304,10,50,86.003,29.918,51.6942,51.0685,76.974,1.50693,1.50822
8,"n23m0164.hpc.itc.rwth-aachen.de",8,"8","uds",63,"n23m0164.hpc.itc.rwth-aachen.de",63,"63","uds",unix,64,4194304,10,50,82.944,29.385,53.6373,53.347,87.653,1.51944,1.68587
8,"n23m0164.hpc.itc.rwth-aachen.de",8,"8","uds",64,"n23m0164.hpc.itc.rwth-aachen.de",64,"64","uds",unix,64,4194304,10,50,64.395,20.586,36.6578,36.598,62.73,1.75109,1.89278
8,"n23m0164.hpc.itc.rwth-aachen.de",8,"8","uds",65,"n23m0164.hpc.itc.rwth-aachen.de",65,"65","uds",unix,64,4194304,10,50,80.894,33.982,54.9878,54.8885,73.355,1.51823,1.51807
8,"n23m0164.hpc.itc.rwth-aachen.de",8,"8","uds",66,"n23m0164.hpc.itc.rwth-aachen.de",66,"66","uds",unix,64,4194304,10,50,99.718,28.294,52.2118,51.827,73.416,1.50288,1.49999
8,"n23m0164.hpc.itc.rwth-aachen.de",8,"8","uds",67,"n23m0164.hpc.itc.rwth-aachen.de",67,"67","uds",unix,64,4194304,10,50,83.372,28.551,51.181,50.507,84.267,2.34067,2.15005
8,"n23m0164.hpc.itc.rwth-aachen.de",8,"8","uds",68,"n23m0164.hpc.itc.rwth-aachen.de",68,"68","uds",unix,64,4194304,10,50,75.984,31.002,40.378,40.067,56.758,1.49519,1.51708
8,"n23m0164.hpc.itc.rwth-aachen.de",8,"8","uds",69,"n23m0164.hpc.itc.rwth-aachen.de",69,"69","uds",unix,64,4194304,10,50,100.757,28.702,52.3998,52.2695,82.179,1.48017,1.47994
8,"n23m0164.hpc.itc.rwth-aachen.de",8,"8","uds",70,"n23m0164.hpc.itc.rwth-aachen.de",70,"70","uds",unix,64,4194304,10,50,99.199,28.013,53.1092,54.359,85.243,1.49729,1.51941
8,"n23m0164.hpc.itc.rwth-aachen.de",8,"8","uds",71,"n23m0164.hpc.itc.rwth-aachen.de",71,"71","uds",unix,64,4194304,10,50,80.231,26.251,47.6946,48.187,70.652,2.0871,2.02457
8,"n23m0164.hpc.itc.rwth-aachen.de",8,"8","uds",72,"n23m0164.hpc.itc.rwth-aachen.de",72,"72","uds",unix,64,4194304,10,50,75.855,25.013,51.0099,50.232,81.493,1.52755,1.52713
8,"n23m0164.hpc.itc.rwth-aachen.de",8,"8","uds",73,"n23m0164.hpc.itc.rwth-aachen.de",73,"73","uds",unix,64,4194304,10,50,82.336,33.725,52.0397,51.855,75.958,1.50913,1.50769
8,"n23m0164.hpc.itc.rwth-aachen.de",8,"8","uds",74,"n23m0164.hpc.itc.rwth-aachen.de",74,"74","uds",unix,64,4194304,10,50,101.221,28.317,51.8926,50.6655,77.371,1.69864,1.85441
8,"n23m0164.hpc.itc.rwth-aachen.de",8,"8","uds",75,"n23m0164.hpc.itc.rwth-aachen.de",75,"75","uds",unix,64,4194304,10,50,58.602,25.735,38.0997,37.4785,56.287,1.51896,1.58532
8,"n23m0164.hpc.itc.rwth-aachen.de",8,"8","uds",76,"n23m0164.hpc.itc.rwth-aachen.de",76,"76","uds",unix,64,4194304,10,50,76.54,22.796,51.5659,51.8995,81.211,1.50907,1.50236
8,"n23m0164.hpc.itc.rwth-aachen.de",8,"8","uds",77,"n23m0164.hpc.itc.rwth-aachen.de",77,"77","uds",unix,64,4194304,10,50,83.618,27.674,49.8213,48.48,72.224,1.52238,1.5225
8,"n23m0164.hpc.itc.rwth-aachen.de",8,"8","uds",78,"n23m0164.hpc.itc.rwth-aachen.de",78,"78","uds",unix,64,4194304,10,50,86.392,31.684,51.1758,50.9585,79.125,2.11147,2.12465
8,"n23m0164.hpc.itc.rwth-aachen.de",8,"8","uds",79,"n23m0164.hpc.itc.rwth-aachen.de",79,"79","uds",unix,64,4194304,10,50,80.973,26.972,49.8626,49.726,75.922,1.53509,1.5355
8,"n23m0164.hpc.itc.rwth-aachen.de",8,"8","uds",80,"n23m0164.hpc.itc.rwth-aachen.de",80,"80","uds",unix,64,4194304,10,50,76.361,31.694,52.5458,53.455,74.916,1.51472,1.51356
8,"n23m0164.hpc.itc.rwth-aachen.de",8,"8","uds",81,"n23m0164.hpc.itc.rwth-aachen.de",81,"81","uds",unix,64,4194304,10,50,80.237,28.877,52.3434,53.6445,81.561,1.53672,1.5367
8,"n23m0164.hpc.itc.rwth-aachen.de",8,"8","uds",82,"n23m0164.hpc.itc.rwth-aachen.de",82,"82","uds",unix,64,4194304,10,50,85.497,28.367,51.2073,50.1495,73.582,2.10258,2.08443
8,"n23m0164.hpc.itc.rwth-aachen.de",8,"8","uds",83,"n23m0164.hpc.itc.rwth-aachen.de",83,"83","uds",unix,64,4194304,10,50,80.593,27.957,52.3626,54.1715,83.964,1.51611,1.51491
8,"n23m0164.hpc.itc.rwth-aachen.de",8,"8","uds",84,"n23m0164.hpc.itc.rwth-aachen.de",84,"84","uds",unix,64,4194304,10,50,83.622,26.607,52.9009,51.732,105.756,1.52122,1.5213
8,"n23m0164.hpc.itc.rwth-aachen.de",8,"8","uds",85,"n23m0164.hpc.itc.rwth-aachen.de",85,"85","uds",unix,64,4194304,10,50,73.015,27.025,52.6965,52.2865,73.688,1.53296,1.64407
8,"n23m0164.hpc.itc.rwth-aachen.de",8,"8","uds",86,"n23m0164.hpc.itc.rwth-aachen.de",86,"86","uds",unix,64,4194304,10,50,55.374,21.845,37.144,37.695,53.719,1.5305,1.75276
8,"n23m0164.hpc.itc.rwth-aachen.de",8,"8","uds",87,"n23m0164.hpc.itc.rwth-aachen.de",87,"87","uds",unix,64,4194304,10,50,90.282,32.026,50.2954,49.365,73.625,1.54198,1.54032
8,"n23m0164.hpc.itc.rwth-aachen.de",8,"8","uds",88,"n23m0164.hpc.itc.rwth-aachen.de",88,"88","uds",unix,64,4194304,10,50,86.233,28.377,50.7872,50.281,76.217,1.53451,1.53461
8,"n23m0164.hpc.itc.rwth-aachen.de",8,"8","uds",89,"n23m0164.hpc.itc.rwth-aachen.de",89,"89","uds",unix,64,4194304,10,50,84.12,27.316,53.0562,53.143,81.817,1.79724,1.95402
8,"n23m0164.hpc.itc.rwth-aachen.de",8,"8","uds",90,"n23m0164.hpc.itc.rwth-aachen.de",90,"90","uds",unix,64,4194304,10,50,53.435,22.714,37.5899,38.0345,49.813,1.54703,1.58419
8,"n23m0164.hpc.itc.rwth-aachen.de",8,"8","uds",91,"n23m0164.hpc.itc.rwth-aachen.de",91,"91","uds",unix,64,4194304,10,50,71.791,27.711,51.7459,51.911,74.82,1.51946,1.51769
8,"n23m0164.hpc.itc.rwth-aachen.de",8,"8","uds",92,"n23m0164.hpc.itc.rwth-aachen.de",92,"92","uds",unix,64,4194304,10,50,80.638,33.763,51.3901,50.5095,79.147,1.51858,1.51818
8,"n23m0164.hpc.itc.rwth-aachen.de",8,"8","uds",93,"n23m0164.hpc.itc.rwth-aachen.de",93,"93","uds",unix,64,4194304,10,50,76.154,27.302,49.8231,48.925,77.902,2.07598,2.1268
8,"n23m0164.hpc.itc.rwth-aachen.de",8,"8","uds",94,"n23m0164.hpc.itc.rwth-aachen.de",94,"94","uds",unix,64,4194304,10,50,82.457,28.632,50.0297,48.894,72.603,1.51961,1.5188
8,"n23m0164.hpc.itc.rwth-aachen.de",8,"8","uds",95,"n23m0164.hpc.itc.rwth-aachen.de",95,"95","uds",unix,64,4194304,10,50,87.101,26.399,51.705,51.185,72.869,1.52219,1.52343
9,"n23m0164.hpc.itc.rwth-aachen.de",9,"9","uds",10,"n23m0164.hpc.itc.rwth-aachen.de",10,"10","uds",unix,64,4194304,10,50,172.672,25.929,37.8141,37.7955,59.307,4.43339,4.28378
9,"n23m0164.hpc.itc.rwth-aachen.de",9,"9","uds",11,"n23m0164.hpc.itc.rwth-aachen.de",11,"11","uds",unix,64,4194304,10,50,63.329,15.678,26.3515,25.8555,40.831,4.04537,4.0881
9,"n23m0164.hpc.itc.rwth-aachen.de",9,"9","uds",12,"n23m0164.hpc.itc.rwth-aachen.de",12,"12","uds",unix,64,4194304,10,50,70.135,22.363,26.3919,25.853,34.457,4.77264,4.74963
9,"n23m0164.hpc.itc.rwth-aachen.de",9,"9","uds",13,"n23m0164.hpc.itc.rwth-aachen.de",13,"13","uds",unix,64,4194304,10,50,46.712,19.551,22.155,21.976,27.014,5.54886,5.52455
9,"n23m0164.hpc.itc.rwth-aachen.de",9,"9","uds",14,"n23m0164.hpc.itc.rwth-aachen.de",14,"14","uds",unix,64,4194304,10,50,51.908,14.045,22.9914,22.334,43.465,5.23581,5.24396
9,"n23m0164.hpc.itc.rwth-aachen.de",9,"9","uds",15,"n23m0164.hpc.itc.rwth-aachen.de",15,"15","uds",unix,64,4194304,10,50,52.963,20.352,23.0403,22.7845,27.737,5.55308,5.53079
9,"n23m0164.hpc.itc.rwth-aachen.de",9,"9","uds",16,"n23m0164.hpc.itc.rwth-aachen.de",16,"16","uds",unix,64,4194304,10,50,51.394,19.823,22.908,22.4805,35.426,5.37402,5.38137
9,"n23m0164.hpc.itc.rwth-aachen.de",9,"9","uds",17,"n23m0164.hpc.itc.rwth-aachen.de",17,"17","uds",unix,64,4194304,10,50,47.968,18.02,22.0836,21.855,30.067,5.57107,5.56442
9,"n23m0164.hpc.itc.rwth-aachen.de",9,"9","uds",18,"n23m0164.hpc.itc.rwth-aachen.de",18,"18","uds",unix,64,4194304,10,50,48.392,18.653,22.5801,21.9265,36.93,5.70029,5.69593
9,"n23m0164.hpc.itc.rwth-aachen.de",9,"9","uds",19,"n23m0164.hpc.itc.rwth-aachen.de",19,"19","uds",unix,64,4194304,10,50,52.41,19.606,23.1743,22.9235,32.535,5.35985,5.36561
9,"n23m0164.hpc.itc.rwth-aachen.de",9,"9","uds",20,"n23m0164.hpc.itc.rwth-aachen.de",20,"20","uds",unix,64,4194304,10,50,43.88,19.551,22.8855,21.845,33.709,5.31583,5.31605
9,"n23m0164.hpc.itc.rwth-aachen.de",9,"9","uds",21,"n23m0164.hpc.itc.rwth-aachen.de",21,"21","uds",unix,64,4194304,10,50,40.907,19.796,22.0915,21.899,26.197,5.60223,5.608
9,"n23m0164.hpc.itc.rwth-aachen.de",9,"9","uds",22,"n23m0164.hpc.itc.rwth-aachen.de",22,"22","uds",unix,64,4194304,10,50,47.557,19.955,22.8701,22.5925,36.445,5.59417,5.60398
9,"n23m0164.hpc.itc.rwth-aachen.de",9,"9","uds",23,"n23m0164.hpc.itc.rwth-aachen.de",23,"23","uds",unix,64,4194304,10,50,45.989,16.072,23.9164,23.4,38.232,5.273,5.27879
9,"n23m0164.hpc.itc.rwth-aachen.de",9,"9","uds",24,"n23m0164.hpc.itc.rwth-aachen.de",24,"24","uds",unix,64,4194304,10,50,48.963,18.245,22.9974,22.798,33.814,5.36574,5.35179
9,"n23m0164.hpc.itc.rwth-aachen.de",9,"9","uds",25,"n23m0164.hpc.itc.rwth-aachen.de",25,"25","uds",unix,64,4194304,10,50,44.036,14.86,23.031,22.6535,34.208,5.3839,5.38272
9,"n23m0164.hpc.itc.rwth-aachen.de",9,"9","uds",26,"n23m0164.hpc.itc.rwth-aachen.de",26,"26","uds",unix,64,4194304,10,50,45.884,20.829,24.1397,24.317,30.629,5.24598,5.24446
9,"n23m0164.hpc.itc.rwth-aachen.de",9,"9","uds",27,"n23m0164.hpc.itc.rwth-aachen.de",27,"27","uds",unix,64,4194304,10,50,49.527,19.301,22.4377,22.027,29.612,5.40943,5.40919
9,"n23m0164.hpc.itc.rwth-aachen.de",9,"9","uds",28,"n23m0164.hpc.itc.rwth-aachen.de",28,"28","uds",unix,64,4194304,10,50,46.608,19.561,22.1319,22.064,33.707,5.43645,5.43976
9,"n23m0164.hpc.itc.rwth-aachen.de",9,"9","uds",29,"n23m0164.hpc.itc.rwth-aachen.de",29,"29","uds",unix,64,4194304,10,50,47.07,18.665,23.0248,22.675,36.779,5.36989,5.35945
9,"n23m0164.hpc.itc.rwth-aachen.de",9,"9","uds",30,"n23m0164.hpc.itc.rwth-aachen.de",30,"30","uds",unix,64,4194304,10,50,48.693,17.694,22.2397,22.385,31.378,5.43904,5.4467
9,"n23m0164.hpc.itc.rwth-aachen.de",9,"9","uds",31,"n23m0164.hpc.itc.rwth-aachen.de",31,"31","uds",unix,64,4194304,10,50,45.131,18.487,22.5922,22.2915,31.458,5.35084,5.35236
9,"n23m0164.hpc.itc.rwth-aachen.de",9,"9","uds",32,"n23m0164.hpc.itc.rwth-aachen.de",32,"32","uds",unix,64,4194304,10,50,48.589,18.947,22.789,22.305,31.248,5.36446,5.35993
9,"n23m0164.hpc.itc.rwth-aachen.de",9,"9","uds",33,"n23m0164.hpc.itc.rwth-aachen.de",33,"33","uds",unix,64,4194304,10,50,46.178,21.545,24.2304,23.472,40.003,5.34514,5.35012
9,"n23m0164.hpc.itc.rwth-aachen.de",9,"9","uds",34,"n23m0164.hpc.itc.rwth-aachen.de",34,"34","uds",unix,64,4194304,10,50,41.085,14.518,23.1697,22.9705,42.436,5.36162,5.36471
9,"n23m0164.hpc.itc.rwth-aachen.de",9,"9","uds",35,"n23m0164.hpc.itc.rwth-aachen.de",35,"35","uds",unix,64,4194304,10,50,51.188,20.058,23.3769,23.3465,30.932,5.26953,5.27036
9,"n23m0164.hpc.itc.rwth-aachen.de",9,"9","uds",36,"n23m0164.hpc.itc.rwth-aachen.de",36,"36","uds",unix,64,4194304,10,50,47.662,17.667,22.5273,22.2235,30.1,5.22331,5.21882
9,"n23m0164.hpc.itc.rwth-aachen.de",9,"9","uds",37,"n23m0164.hpc.itc.rwth-aachen.de",37,"37","uds",unix,64,4194304,10,50,47.261,20.222,23.3136,22.6725,45.717,5.24328,5.2364
9,"n23m0164.hpc.itc.rwth-aachen.de",9,"9","uds",38,"n23m0164.hpc.itc.rwth-aachen.de",38,"38","uds",unix,64,4194304,10,50,45.601,19.263,23.0636,22.946,28.949,5.12717,5.12845
9,"n23m0164.hpc.itc.rwth-aachen.de",9,"9","uds",39,"n23m0164.hpc.itc.rwth-aachen.de",39,"39","uds",unix,64,4194304,10,50,47.381,19.567,23.2979,23.1095,33.105,5.21412,5.20759
9,"n23m0164.hpc.itc.rwth-aachen.de",9,"9","uds",40,"n23m0164.hpc.itc.rwth-aachen.de",40,"40","uds",unix,64,4194304,10,50,46.701,20.098,23.1103,22.992,29.725,5.15401,5.14592
9,"n23m0164.hpc.itc.rwth-aachen.de",9,"9","uds",41,"n23m0164.hpc.itc.rwth-aachen.de",41,"41","uds",unix,64,4194304,10,50,45.607,19.465,23.3721,22.8745,30.776,5.12681,5.12477
9,"n23m0164.hpc.itc.rwth-aachen.de",9,"9","uds",42,"n23m0164.hpc.itc.rwth-aachen.de",42,"42","uds",unix,64,4194304,10,50,47.352,19.356,22.737,22.6135,28.874,5.18662,5.18822
9,"n23m0164.hpc.itc.rwth-aachen.de",9,"9","uds",43,"n23m0164.hpc.itc.rwth-aachen.de",43,"43","uds",unix,64,4194304,10,50,45.141,19.628,22.966,22.5555,31.519,5.17873,5.18666
9,"n23m0164.hpc.itc.rwth-aachen.de",9,"9","uds",44,"n23m0164.hpc.itc.rwth-aachen.de",44,"44","uds",unix,64,4194304,10,50,47.284,19.933,23.5608,23.1725,33.9,4.99554,5.01463
9,"n23m0164.hpc.itc.rwth-aachen.de",9,"9","uds",45,"n23m0164.hpc.itc.rwth-aachen.de",45,"45","uds",unix,64,4194304,10,50,48.86,19.485,23.2707,22.817,31.512,5.04154,5.03318
9,"n23m0164.hpc.itc.rwth-aachen.de",9,"9","uds",46,"n23m0164.hpc.itc.rwth-aachen.de",46,"46","uds",unix,64,4194304,10,50,45.237,19.251,23.3761,22.884,45.57,5.02662,5.02269
9,"n23m0164.hpc.itc.rwth-aachen.de",9,"9","uds",47,"n23m0164.hpc.itc.rwth-aachen.de",47,"47","uds",unix,64,4194304,10,50,53.507,18.864,23.992,23.765,33.983,4.92447,4.92404
9,"n23m0164.hpc.itc.rwth-aachen.de",9,"9","uds",48,"n23m0164.hpc.itc.rwth-aachen.de",48,"48","uds",unix,64,4194304,10,50,58.155,25.499,35.1579,34.882,60.252,1.71752,1.83441
9,"n23m0164.hpc.itc.rwth-aachen.de",9,"9","uds",49,"n23m0164.hpc.itc.rwth-aachen.de",49,"49","uds",unix,64,4194304,10,50,89.051,28.914,53.7012,54.3755,82.559,1.51405,1.62832
9,"n23m0164.hpc.itc.rwth-aachen.de",9,"9","uds",50,"n23m0164.hpc.itc.rwth-aachen.de",50,"50","uds",unix,64,4194304,10,50,59.751,21.944,37.1371,37.9,49.452,1.49876,1.72363
9,"n23m0164.hpc.itc.rwth-aachen.de",9,"9","uds",51,"n23m0164.hpc.itc.rwth-aachen.de",51,"51","uds",unix,64,4194304,10,50,87.425,27.788,52.4121,53.264,88.38,1.47912,1.47851
9,"n23m0164.hpc.itc.rwth-aachen.de",9,"9","uds",52,"n23m0164.hpc.itc.rwth-aachen.de",52,"52","uds",unix,64,4194304,10,50,91.35,28.893,52.493,52.9355,74.454,1.48873,1.48857
9,"n23m0164.hpc.itc.rwth-aachen.de",9,"9","uds",53,"n23m0164.hpc.itc.rwth-aachen.de",53,"53","uds",unix,64,4194304,10,50,82.702,27.951,52.528,51.854,74.437,1.85253,1.99855
9,"n23m0164.hpc.itc.rwth-aachen.de",9,"9","uds",54,"n23m0164.hpc.itc.rwth-aachen.de",54,"54","uds",unix,64,4194304,10,50,65.417,19.987,44.0282,42.564,70.383,1.47079,1.4706
9,"n23m0164.hpc.itc.rwth-aachen.de",9,"9","uds",55,"n23m0164.hpc.itc.rwth-aachen.de",55,"55","uds",unix,64,4194304,10,50,90.067,30.161,52.4523,54.392,78.339,1.4938,1.49331
9,"n23m0164.hpc.itc.rwth-aachen.de",9,"9","uds",56,"n23m0164.hpc.itc.rwth-aachen.de",56,"56","uds",unix,64,4194304,10,50,88.888,28.261,51.5762,50.546,72.993,1.50299,1.50291
9,"n23m0164.hpc.itc.rwth-aachen.de",9,"9","uds",57,"n23m0164.hpc.itc.rwth-aachen.de",57,"57","uds",unix,64,4194304,10,50,88.72,34.143,52.2281,53.008,79.547,1.81845,1.90434
9,"n23m0164.hpc.itc.rwth-aachen.de",9,"9","uds",58,"n23m0164.hpc.itc.rwth-aachen.de",58,"58","uds",unix,64,4194304,10,50,82.814,27.331,50.9674,48.9595,78.462,1.49864,1.49737
9,"n23m0164.hpc.itc.rwth-aachen.de",9,"9","uds",59,"n23m0164.hpc.itc.rwth-aachen.de",59,"59","uds",unix,64,4194304,10,50,90.374,27.591,52.8576,51.4145,91.488,1.48966,1.49255
9,"n23m0164.hpc.itc.rwth-aachen.de",9,"9","uds",60,"n23m0164.hpc.itc.rwth-aachen.de",60,"60","uds",unix,64,4194304,10,50,93.861,31.534,53.5119,53.398,84.707,2.27844,2.20498
9,"n23m0164.hpc.itc.rwth-aachen.de",9,"9","uds",61,"n23m0164.hpc.itc.rwth-aachen.de",61,"61","uds",unix,64,4194304,10,50,72.925,33.915,46.9535,44.554,92.009,1.47555,1.47552
9,"n23m0164.hpc.itc.rwth-aachen.de",9,"9","uds",62,"n23m0164.hpc.itc.rwth-aachen.de",62,"62","uds",unix,64,4194304,10,50,93.659,29.261,51.7568,50.9415,74.995,1.48841,1.48721
9,"n23m0164.hpc.itc.rwth-aachen.de",9,"9","uds",63,"n23m0164.hpc.itc.rwth-aachen.de",63,"63","uds",unix,64,4194304,10,50,91.942,31.904,53.6828,51.812,89.259,1.47465,1.56739
9,"n23m0164.hpc.itc.rwth-aachen.de",9,"9","uds",64,"n23m0164.hpc.itc.rwth-aachen.de",64,"64","uds",unix,64,4194304,10,50,75.311,20.506,37.6643,37.7905,57.133,1.3872,1.53777
9,"n23m0164.hpc.itc.rwth-aachen.de",9,"9","uds",65,"n23m0164.hpc.itc.rwth-aachen.de",65,"65","uds",unix,64,4194304,10,50,113.637,29.447,54.6549,55.4125,87.207,1.47727,1.45006
9,"n23m0164.hpc.itc.rwth-aachen.de",9,"9","uds",66,"n23m0164.hpc.itc.rwth-aachen.de",66,"66","uds",unix,64,4194304,10,50,110.686,35.756,52.089,52.888,73.18,1.48208,1.47804
9,"n23m0164.hpc.itc.rwth-aachen.de",9,"9","uds",67,"n23m0164.hpc.itc.rwth-aachen.de",67,"67","uds",unix,64,4194304,10,50,91.142,25.354,53.3498,51.5415,104.81,2.02952,2.05931
9,"n23m0164.hpc.itc.rwth-aachen.de",9,"9","uds",68,"n23m0164.hpc.itc.rwth-aachen.de",68,"68","uds",unix,64,4194304,10,50,94.336,26.174,51.7101,50.8945,80.052,1.48572,1.48363
9,"n23m0164.hpc.itc.rwth-aachen.de",9,"9","uds",69,"n23m0164.hpc.itc.rwth-aachen.de",69,"69","uds",unix,64,4194304,10,50,90.106,38.501,53.8839,54.3065,75.197,1.47266,1.47234
9,"n23m0164.hpc.itc.rwth-aachen.de",9,"9","uds",70,"n23m0164.hpc.itc.rwth-aachen.de",70,"70","uds",unix,64,4194304,10,50,90.216,29.798,52.9887,52.606,90.753,1.4838,1.49961
9,"n23m0164.hpc.itc.rwth-aachen.de",9,"9","uds",71,"n23m0164.hpc.itc.rwth-aachen.de",71,"71","uds",unix,64,4194304,10,50,71.713,26.051,48.2274,49.709,64.39,2.0712,2.01956
9,"n23m0164.hpc.itc.rwth-aachen.de",9,"9","uds",72,"n23m0164.hpc.itc.rwth-aachen.de",72,"72","uds",unix,64,4194304,10,50,80.658,28.172,52.2144,50.54,89.515,1.49866,1.49969
9,"n23m0164.hpc.itc.rwth-aachen.de",9,"9","uds",73,"n23m0164.hpc.itc.rwth-aachen.de",73,"73","uds",unix,64,4194304,10,50,83.262,30.464,50.2125,52.213,72.581,1.50323,1.50243
9,"n23m0164.hpc.itc.rwth-aachen.de",9,"9","uds",74,"n23m0164.hpc.itc.rwth-aachen.de",74,"74","uds",unix,64,4194304,10,50,82.238,27.089,51.4347,48.823,76.745,1.49893,1.60173
9,"n23m0164.hpc.itc.rwth-aachen.de",9,"9","uds",75,"n23m0164.hpc.itc.rwth-aachen.de",75,"75","uds",unix,64,4194304,10,50,58.892,27.326,36.9282,36.8185,51.112,1.49684,1.73205
9,"n23m0164.hpc.itc.rwth-aachen.de",9,"9","uds",76,"n23m0164.hpc.itc.rwth-aachen.de",76,"76","uds",unix,64,4194304,10,50,87.089,30.638,53.0077,54.138,73.542,1.48827,1.48974
9,"n23m0164.hpc.itc.rwth-aachen.de",9,"9","uds",77,"n23m0164.hpc.itc.rwth-aachen.de",77,"77","uds",unix,64,4194304,10,50,82.71,26.783,51.209,51.3555,76.531,1.48766,1.48944
9,"n23m0164.hpc.itc.rwth-aachen.de",9,"9","uds",78,"n23m0164.hpc.itc.rwth-aachen.de",78,"78","uds",unix,64,4194304,10,50,76.372,34.986,51.1617,50.753,75.076,1.56243,1.75194
9,"n23m0164.hpc.itc.rwth-aachen.de",9,"9","uds",79,"n23m0164.hpc.itc.rwth-aachen.de",79,"79","uds",unix,64,4194304,10,50,53.147,26.594,36.1019,36.3385,48.399,1.50156,1.62996
9,"n23m0164.hpc.itc.rwth-aachen.de",9,"9","uds",80,"n23m0164.hpc.itc.rwth-aachen.de",80,"80","uds",unix,64,4194304,10,50,77.171,27.387,50.2708,49.717,78.686,1.47743,1.47811
9,"n23m0164.hpc.itc.rwth-aachen.de",9,"9","uds",81,"n23m0164.hpc.itc.rwth-aachen.de",81,"81","uds",unix,64,4194304,10,50,83.324,30.837,53.0853,51.963,110.632,1.50087,1.50076
9,"n23m0164.hpc.itc.rwth-aachen.de",9,"9","uds",82,"n23m0164.hpc.itc.rwth-aachen.de",82,"82","uds",unix,64,4194304,10,50,84.378,27.421,49.7977,49.2375,82.47,1.72297,1.88656
9,"n23m0164.hpc.itc.rwth-aachen.de",9,"9","uds",83,"n23m0164.hpc.itc.rwth-aachen.de",83,"83","uds",unix,64,4194304,10,50,52.928,26.735,38.8414,37.85,56.684,1.48198,1.52039
9,"n23m0164.hpc.itc.rwth-aachen.de",9,"9","uds",84,"n23m0164.hpc.itc.rwth-aachen.de",84,"84","uds",unix,64,4194304,10,50,85.645,28.814,49.814,50.098,68.487,1.47424,1.47579
9,"n23m0164.hpc.itc.rwth-aachen.de",9,"9","uds",85,"n23m0164.hpc.itc.rwth-aachen.de",85,"85","uds",unix,64,4194304,10,50,79.658,28.895,52.9458,51.9805,92.586,1.47577,1.47802
9,"n23m0164.hpc.itc.rwth-aachen.de",9,"9","uds",86,"n23m0164.hpc.itc.rwth-aachen.de",86,"86","uds",unix,64,4194304,10,50,85.378,26.294,54.0648,53.3245,88.297,1.99188,2.02812
9,"n23m0164.hpc.itc.rwth-aachen.de",9,"9","uds",87,"n23m0164.hpc.itc.rwth-aachen.de",87,"87","uds",unix,64,4194304,10,50,90.617,27.629,51.3547,50.454,94.329,1.49248,1.49201
9,"n23m0164.hpc.itc.rwth-aachen.de",9,"9","uds",88,"n23m0164.hpc.itc.rwth-aachen.de",88,"88","uds",unix,64,4194304,10,50,90.082,28.518,52.3443,53.943,83.783,1.48049,1.48186
9,"n23m0164.hpc.itc.rwth-aachen.de",9,"9","uds",89,"n23m0164.hpc.itc.rwth-aachen.de",89,"89","uds",unix,64,4194304,10,50,90.161,28.042,51.4112,52.0975,75.369,1.48224,1.59667
9,"n23m0164.hpc.itc.rwth-aachen.de",9,"9","uds",90,"n23m0164.hpc.itc.rwth-aachen.de",90,"90","uds",unix,64,4194304,10,50,61.084,20.752,37.0815,37.172,57.581,1.50985,1.72625
9,"n23m0164.hpc.itc.rwth-aachen.de",9,"9","uds",91,"n23m0164.hpc.itc.rwth-aachen.de",91,"91","uds",unix,64,4194304,10,50,79.914,33.917,52.6981,53.373,76.209,1.48122,1.48203
9,"n23m0164.hpc.itc.rwth-aachen.de",9,"9","uds",92,"n23m0164.hpc.itc.rwth-aachen.de",92,"92","uds",unix,64,4194304,10,50,77.994,28.716,51.2799,50.685,71.352,1.4947,1.49321
9,"n23m0164.hpc.itc.rwth-aachen.de",9,"9","uds",93,"n23m0164.hpc.itc.rwth-aachen.de",93,"93","uds",unix,64,4194304,10,50,89.181,33.736,53.3875,54.2035,80.54,1.75974,1.91242
9,"n23m0164.hpc.itc.rwth-aachen.de",9,"9","uds",94,"n23m0164.hpc.itc.rwth-aachen.de",94,"94","uds",unix,64,4194304,10,50,56.863,24.041,38.8085,38.298,51.938,1.49209,1.52888
9,"n23m0164.hpc.itc.rwth-aachen.de",9,"9","uds",95,"n23m0164.hpc.itc.rwth-aachen.de",95,"95","uds",unix,64,4194304,10,50,95.42,29.52,51.7244,51.8235,75.1,1.4934,1.49357
10,"n23m0164.hpc.itc.rwth-aachen.de",10,"10","uds",11,"n23m0164.hpc.itc.rwth-aachen.de",11,"11","uds",unix,64,4194304,10,50,137.107,25.203,36.1927,35.816,58.9,3.31722,3.31723
10,"n23m0164.hpc.itc.rwth-aachen.de",10,"10","uds",12,"n23m0164.hpc.itc.rwth-aachen.de",12,"12","uds",unix,64,4194304,10,50,94.303,24.164,28.8133,28.5045,41.679,4.82966,4.78465
10,"n23m0164.hpc.itc.rwth-aachen.de",10,"10","uds",13,"n23m0164.hpc.itc.rwth-aachen.de",13,"13","uds",unix,64,4194304,10,50,45.703,18.092,21.8236,21.867,27.969,4.98905,4.96813
10,"n23m0164.hpc.itc.rwth-aachen.de",10,"10","uds",14,"n23m0164.hpc.itc.rwth-aachen.de",14,"14","uds",unix,64,4194304,10,50,52.827,22.421,26.1831,25.1925,41.785,4.76247,4.68453
10,"n23m0164.hpc.itc.rwth-aachen.de",10,"10","uds",15,"n23m0164.hpc.itc.rwth-aachen.de",15,"15","uds",unix,64,4194304,10,50,51.503,20.352,24.9077,24.9295,34.189,4.244,4.33194
10,"n23m0164.hpc.itc.rwth-aachen.de",10,"10","uds",16,"n23m0164.hpc.itc.rwth-aachen.de",16,"16","uds",unix,64,4194304,10,50,56.63,19.783,27.0247,26.282,38.461,4.59108,4.59602
10,"n23m0164.hpc.itc.rwth-aachen.de",10,"10","uds",17,"n23m0164.hpc.itc.rwth-aachen.de",17,"17","uds",unix,64,4194304,10,50,44.499,19.461,24.3834,23.765,32.769,4.28951,4.35656
10,"n23m0164.hpc.itc.rwth-aachen.de",10,"10","uds",18,"n23m0164.hpc.itc.rwth-aachen.de",18,"18","uds",unix,64,4194304,10,50,48.595,21.914,26.1577,26.0125,41.264,3.32997,3.4325
10,"n23m0164.hpc.itc.rwth-aachen.de",10,"10","uds",19,"n23m0164.hpc.itc.rwth-aachen.de",19,"19","uds",unix,64,4194304,10,50,62.155,18.817,30.6839,30.6265,44.886,4.34462,4.2547
10,"n23m0164.hpc.itc.rwth-aachen.de",10,"10","uds",20,"n23m0164.hpc.itc.rwth-aachen.de",20,"20","uds",unix,64,4194304,10,50,58.019,15.174,24.8386,24.5835,46.526,5.17269,5.12458
10,"n23m0164.hpc.itc.rwth-aachen.de",10,"10","uds",21,"n23m0164.hpc.itc.rwth-aachen.de",21,"21","uds",unix,64,4194304,10,50,39.569,19.393,22.5576,22.304,33.385,5.17773,5.15065
10,"n23m0164.hpc.itc.rwth-aachen.de",10,"10","uds",22,"n23m0164.hpc.itc.rwth-aachen.de",22,"22","uds",unix,64,4194304,10,50,47.126,21.294,25.0978,24.7465,36.194,3.34933,3.5953
10,"n23m0164.hpc.itc.rwth-aachen.de",10,"10","uds",23,"n23m0164.hpc.itc.rwth-aachen.de",23,"23","uds",unix,64,4194304,10,50,60.898,19.58,30.8894,30.6775,39.242,3.94511,3.86443
10,"n23m0164.hpc.itc.rwth-aachen.de",10,"10","uds",24,"n23m0164.hpc.itc.rwth-aachen.de",24,"24","uds",unix,64,4194304,10,50,55.875,22.282,26.7261,26.29,38.072,3.12478,3.19569
10,"n23m0164.hpc.itc.rwth-aachen.de",10,"10","uds",25,"n23m0164.hpc.itc.rwth-aachen.de",25,"25","uds",unix,64,4194304,10,50,71.98,23.501,31.5081,30.8885,48.648,3.08174,3.17685
10,"n23m0164.hpc.itc.rwth-aachen.de",10,"10","uds",26,"n23m0164.hpc.itc.rwth-aachen.de",26,"26","uds",unix,64,4194304,10,50,62.295,24.029,28.6417,28.1145,41.532,4.97571,4.95118
10,"n23m0164.hpc.itc.rwth-aachen.de",10,"10","uds",27,"n23m0164.hpc.itc.rwth-aachen.de",27,"27","uds",unix,64,4194304,10,50,37.438,17.987,21.3422,21.1325,26.438,5.16606,5.13703
10,"n23m0164.hpc.itc.rwth-aachen.de",10,"10","uds",28,"n23m0164.hpc.itc.rwth-aachen.de",28,"28","uds",unix,64,4194304,10,50,51.776,18.845,25.6962,25.4255,38.751,3.12967,3.22794
10,"n23m0164.hpc.itc.rwth-aachen.de",10,"10","uds",29,"n23m0164.hpc.itc.rwth-aachen.de",29,"29","uds",unix,64,4194304,10,50,64.243,22.757,31.6156,31.5575,44.7,4.11299,3.9916
10,"n23m0164.hpc.itc.rwth-aachen.de",10,"10","uds",30,"n23m0164.hpc.itc.rwth-aachen.de",30,"30","uds",unix,64,4194304,10,50,46.914,20.596,24.8042,24.4445,30.784,3.47177,3.53794
10,"n23m0164.hpc.itc.rwth-aachen.de",10,"10","uds",31,"n23m0164.hpc.itc.rwth-aachen.de",31,"31","uds",unix,64,4194304,10,50,65.12,22.793,31.1971,31.153,44.378,4.30841,4.20872
10,"n23m0164.hpc.itc.rwth-aachen.de",10,"10","uds",32,"n23m0164.hpc.itc.rwth-aachen.de",32,"32","uds",unix,64,4194304,10,50,44.123,20.307,24.0055,23.668,31.845,5.34508,5.27664
10,"n23m0164.hpc.itc.rwth-aachen.de",10,"10","uds",33,"n23m0164.hpc.itc.rwth-aachen.de",33,"33","uds",unix,64,4194304,10,50,42.731,19.017,22.0054,21.224,42.606,4.97849,4.96738
10,"n23m0164.hpc.itc.rwth-aachen.de",10,"10","uds",34,"n23m0164.hpc.itc.rwth-aachen.de",34,"34","uds",unix,64,4194304,10,50,42.445,18.902,24.4455,24.1805,32.096,3.35167,3.42187
10,"n23m0164.hpc.itc.rwth-aachen.de",10,"10","uds",35,"n23m0164.hpc.itc.rwth-aachen.de",35,"35","uds",unix,64,4194304,10,50,62.386,26.056,32.2953,31.946,42.998,4.44075,4.35451
10,"n23m0164.hpc.itc.rwth-aachen.de",10,"10","uds",36,"n23m0164.hpc.itc.rwth-aachen.de",36,"36","uds",unix,64,4194304,10,50,43.761,18.018,22.7531,22.643,30.924,4.13196,4.07691
10,"n23m0164.hpc.itc.rwth-aachen.de",10,"10","uds",37,"n23m0164.hpc.itc.rwth-aachen.de",37,"37","uds",unix,64,4194304,10,50,65.727,23.614,31.685,30.995,46.736,2.91775,2.91755
10,"n23m0164.hpc.itc.rwth-aachen.de",10,"10","uds",38,"n23m0164.hpc.itc.rwth-aachen.de",38,"38","uds",unix,64,4194304,10,50,74.521,20.023,31.8153,30.539,72.922,4.20718,4.17039
10,"n23m0164.hpc.itc.rwth-aachen.de",10,"10","uds",39,"n23m0164.hpc.itc.rwth-aachen.de",39,"39","uds",unix,64,4194304,10,50,40.009,18.667,23.2527,23.0395,33.738,4.11143,4.07081
10,"n23m0164.hpc.itc.rwth-aachen.de",10,"10","uds",40,"n23m0164.hpc.itc.rwth-aachen.de",40,"40","uds",unix,64,4194304,10,50,68.883,20.255,32.4802,32.271,45.969,3.14146,3.09209
10,"n23m0164.hpc.itc.rwth-aachen.de",10,"10","uds",41,"n23m0164.hpc.itc.rwth-aachen.de",41,"41","uds",unix,64,4194304,10,50,58.111,20.615,30.081,30.031,38.638,4.39464,4.33793
10,"n23m0164.hpc.itc.rwth-aachen.de",10,"10","uds",42,"n23m0164.hpc.itc.rwth-aachen.de",42,"42","uds",unix,64,4194304,10,50,44.364,18.182,22.819,22.494,34.393,4.34479,4.33688
10,"n23m0164.hpc.itc.rwth-aachen.de",10,"10","uds",43,"n23m0164.hpc.itc.rwth-aachen.de",43,"43","uds",unix,64,4194304,10,50,52.596,24.078,29.8143,29.466,42.469,2.92807,2.92565
10,"n23m0164.hpc.itc.rwth-aachen.de",10,"10","uds",44,"n23m0164.hpc.itc.rwth-aachen.de",44,"44","uds",unix,64,4194304,10,50,72.549,20.181,32.7095,32.639,47.726,3.18625,3.26362
10,"n23m0164.hpc.itc.rwth-aachen.de",10,"10","uds",45,"n23m0164.hpc.itc.rwth-aachen.de",45,"45","uds",unix,64,4194304,10,50,56.135,22.347,27.4661,27.475,37.31,2.90397,2.91743
10,"n23m0164.hpc.itc.rwth-aachen.de",10,"10","uds",46,"n23m0164.hpc.itc.rwth-aachen.de",46,"46","uds",unix,64,4194304,10,50,66.932,25.193,32.9886,32.1765,40.816,3.79854,3.75242
10,"n23m0164.hpc.itc.rwth-aachen.de",10,"10","uds",47,"n23m0164.hpc.itc.rwth-aachen.de",47,"47","uds",unix,64,4194304,10,50,44.188,20.458,23.7634,23.47,29.361,5.21802,5.18653
10,"n23m0164.hpc.itc.rwth-aachen.de",10,"10","uds",48,"n23m0164.hpc.itc.rwth-aachen.de",48,"48","uds",unix,64,4194304,10,50,53.326,24.072,35.5827,36.118,45.679,2.0054,2.00375
10,"n23m0164.hpc.itc.rwth-aachen.de",10,"10","uds",49,"n23m0164.hpc.itc.rwth-aachen.de",49,"49","uds",unix,64,4194304,10,50,90.358,35.068,54.7527,53.7655,75.038,1.51842,1.50436
10,"n23m0164.hpc.itc.rwth-aachen.de",10,"10","uds",50,"n23m0164.hpc.itc.rwth-aachen.de",50,"50","uds",unix,64,4194304,10,50,103.156,28.563,51.6022,55.0895,73.933,2.23493,2.20594
10,"n23m0164.hpc.itc.rwth-aachen.de",10,"10","uds",51,"n23m0164.hpc.itc.rwth-aachen.de",51,"51","uds",unix,64,4194304,10,50,87.862,26.651,52.4205,51.957,76.635,1.51327,1.51058
10,"n23m0164.hpc.itc.rwth-aachen.de",10,"10","uds",52,"n23m0164.hpc.itc.rwth-aachen.de",52,"52","uds",unix,64,4194304,10,50,84.027,30.392,54.1334,52.1865,82.09,1.50705,1.50658
10,"n23m0164.hpc.itc.rwth-aachen.de",10,"10","uds",53,"n23m0164.hpc.itc.rwth-aachen.de",53,"53","uds",unix,64,4194304,10,50,88.919,29.167,52.9386,54.03,78.332,1.53865,1.60093
10,"n23m0164.hpc.itc.rwth-aachen.de",10,"10","uds",54,"n23m0164.hpc.itc.rwth-aachen.de",54,"54","uds",unix,64,4194304,10,50,83.445,24.008,46.0734,45.4085,84.53,1.55134,1.82068
10,"n23m0164.hpc.itc.rwth-aachen.de",10,"10","uds",55,"n23m0164.hpc.itc.rwth-aachen.de",55,"55","uds",unix,64,4194304,10,50,102.079,27.27,50.5364,51.2895,77.223,1.51989,1.5182
10,"n23m0164.hpc.itc.rwth-aachen.de",10,"10","uds",56,"n23m0164.hpc.itc.rwth-aachen.de",56,"56","uds",unix,64,4194304,10,50,79.322,28.145,52.023,53.774,82.408,1.51599,1.50632
10,"n23m0164.hpc.itc.rwth-aachen.de",10,"10","uds",57,"n23m0164.hpc.itc.rwth-aachen.de",57,"57","uds",unix,64,4194304,10,50,92.007,26.936,52.7288,51.542,78.954,1.58878,1.76499
10,"n23m0164.hpc.itc.rwth-aachen.de",10,"10","uds",58,"n23m0164.hpc.itc.rwth-aachen.de",58,"58","uds",unix,64,4194304,10,50,51.424,24.732,36.11,35.9455,59.329,1.52111,1.64411
10,"n23m0164.hpc.itc.rwth-aachen.de",10,"10","uds",59,"n23m0164.hpc.itc.rwth-aachen.de",59,"59","uds",unix,64,4194304,10,50,77.799,27.177,51.4347,52.884,80.172,1.53433,1.5333
10,"n23m0164.hpc.itc.rwth-aachen.de",10,"10","uds",60,"n23m0164.hpc.itc.rwth-aachen.de",60,"60","uds",unix,64,4194304,10,50,90.876,27.304,51.9344,52.9775,76.756,1.50253,1.49901
10,"n23m0164.hpc.itc.rwth-aachen.de",10,"10","uds",61,"n23m0164.hpc.itc.rwth-aachen.de",61,"61","uds",unix,64,4194304,10,50,89.104,28.336,52.2376,51.6875,80.792,2.14901,2.11957
10,"n23m0164.hpc.itc.rwth-aachen.de",10,"10","uds",62,"n23m0164.hpc.itc.rwth-aachen.de",62,"62","uds",unix,64,4194304,10,50,76.913,24.439,42.4013,41.144,60.257,1.52367,1.52212
10,"n23m0164.hpc.itc.rwth-aachen.de",10,"10","uds",63,"n23m0164.hpc.itc.rwth-aachen.de",63,"63","uds",unix,64,4194304,10,50,86.868,29.207,50.8672,50.7705,74.887,1.50162,1.50257
10,"n23m0164.hpc.itc.rwth-aachen.de",10,"10","uds",64,"n23m0164.hpc.itc.rwth-aachen.de",64,"64","uds",unix,64,4194304,10,50,74.884,31.055,53.0504,52.633,74.885,1.53529,1.53516
10,"n23m0164.hpc.itc.rwth-aachen.de",10,"10","uds",65,"n23m0164.hpc.itc.rwth-aachen.de",65,"65","uds",unix,64,4194304,10,50,80.887,28.754,52.6093,53.175,74.136,2.10093,2.08592
10,"n23m0164.hpc.itc.rwth-aachen.de",10,"10","uds",66,"n23m0164.hpc.itc.rwth-aachen.de",66,"66","uds",unix,64,4194304,10,50,69.216,27.392,45.9415,46.4135,70.923,1.51216,1.51228
10,"n23m0164.hpc.itc.rwth-aachen.de",10,"10","uds",67,"n23m0164.hpc.itc.rwth-aachen.de",67,"67","uds",unix,64,4194304,10,50,86.288,26.827,50.02,50.2845,75.772,1.53107,1.52899
10,"n23m0164.hpc.itc.rwth-aachen.de",10,"10","uds",68,"n23m0164.hpc.itc.rwth-aachen.de",68,"68","uds",unix,64,4194304,10,50,75.593,29.519,51.8634,52.49,74.402,1.52583,1.52491
10,"n23m0164.hpc.itc.rwth-aachen.de",10,"10","uds",69,"n23m0164.hpc.itc.rwth-aachen.de",69,"69","uds",unix,64,4194304,10,50,83.307,30.406,49.4838,49.077,82.598,1.96514,2.01919
10,"n23m0164.hpc.itc.rwth-aachen.de",10,"10","uds",70,"n23m0164.hpc.itc.rwth-aachen.de",70,"70","uds",unix,64,4194304,10,50,77.943,26.495,50.9693,51.0555,85.883,1.51701,1.5152
10,"n23m0164.hpc.itc.rwth-aachen.de",10,"10","uds",71,"n23m0164.hpc.itc.rwth-aachen.de",71,"71","uds",unix,64,4194304,10,50,74.455,27.718,51.4518,49.5525,78.177,1.51918,1.51943
10,"n23m0164.hpc.itc.rwth-aachen.de",10,"10","uds",72,"n23m0164.hpc.itc.rwth-aachen.de",72,"72","uds",unix,64,4194304,10,50,73.808,28.163,50.653,51.526,82.477,1.5225,1.5313
10,"n23m0164.hpc.itc.rwth-aachen.de",10,"10","uds",73,"n23m0164.hpc.itc.rwth-aachen.de",73,"73","uds",unix,64,4194304,10,50,88.015,33.105,47.8457,47.934,75.745,2.02962,2.03175
10,"n23m0164.hpc.itc.rwth-aachen.de",10,"10","uds",74,"n23m0164.hpc.itc.rwth-aachen.de",74,"74","uds",unix,64,4194304,10,50,78.444,26.852,49.5742,50.1175,82.346,1.50325,1.50105
10,"n23m0164.hpc.itc.rwth-aachen.de",10,"10","uds",75,"n23m0164.hpc.itc.rwth-aachen.de",75,"75","uds",unix,64,4194304,10,50,79.136,32.324,50.8749,51.0895,68.396,1.5151,1.5156
10,"n23m0164.hpc.itc.rwth-aachen.de",10,"10","uds",76,"n23m0164.hpc.itc.rwth-aachen.de",76,"76","uds",unix,64,4194304,10,50,78.193,26.783,51.1929,52.301,92.405,1.53573,1.60536
10,"n23m0164.hpc.itc.rwth-aachen.de",10,"10","uds",77,"n23m0164.hpc.itc.rwth-aachen.de",77,"77","uds",unix,64,4194304,10,50,53.337,19.43,36.9401,36.456,76.864,1.6173,1.84267
10,"n23m0164.hpc.itc.rwth-aachen.de",10,"10","uds",78,"n23m0164.hpc.itc.rwth-aachen.de",78,"78","uds",unix,64,4194304,10,50,70.974,27.813,49.5023,48.765,95.187,1.54187,1.54179
10,"n23m0164.hpc.itc.rwth-aachen.de",10,"10","uds",79,"n23m0164.hpc.itc.rwth-aachen.de",79,"79","uds",unix,64,4194304,10,50,73.679,26.566,49.1822,50.8375,65.62,1.53778,1.53807
10,"n23m0164.hpc.itc.rwth-aachen.de",10,"10","uds",80,"n23m0164.hpc.itc.rwth-aachen.de",80,"80","uds",unix,64,4194304,10,50,73.92,27.058,50.7998,51.666,68.848,1.65918,1.82986
10,"n23m0164.hpc.itc.rwth-aachen.de",10,"10","uds",81,"n23m0164.hpc.itc.rwth-aachen.de",81,"81","uds",unix,64,4194304,10,50,49.457,25.986,36.6136,36.088,49.713,1.54357,1.63525
10,"n23m0164.hpc.itc.rwth-aachen.de",10,"10","uds",82,"n23m0164.hpc.itc.rwth-aachen.de",82,"82","uds",unix,64,4194304,10,50,75.081,30.055,50.8062,51.0705,72.316,1.53656,1.53735
10,"n23m0164.hpc.itc.rwth-aachen.de",10,"10","uds",83,"n23m0164.hpc.itc.rwth-aachen.de",83,"83","uds",unix,64,4194304,10,50,74.899,27.083,50.3557,52.8985,69.406,1.52352,1.52145
10,"n23m0164.hpc.itc.rwth-aachen.de",10,"10","uds",84,"n23m0164.hpc.itc.rwth-aachen.de",84,"84","uds",unix,64,4194304,10,50,89.992,26.859,50.4761,50.46,72.417,2.06244,2.06494
10,"n23m0164.hpc.itc.rwth-aachen.de",10,"10","uds",85,"n23m0164.hpc.itc.rwth-aachen.de",85,"85","uds",unix,64,4194304,10,50,67.904,29.801,44.6211,43.7555,60.969,1.5293,1.52983
10,"n23m0164.hpc.itc.rwth-aachen.de",10,"10","uds",86,"n23m0164.hpc.itc.rwth-aachen.de",86,"86","uds",unix,64,4194304,10,50,80.525,27.333,51.2563,53.7205,77.945,1.53639,1.53536
10,"n23m0164.hpc.itc.rwth-aachen.de",10,"10","uds",87,"n23m0164.hpc.itc.rwth-aachen.de",87,"87","uds",unix,64,4194304,10,50,75.077,27.452,49.7204,50.3135,86.036,1.54489,1.54518
10,"n23m0164.hpc.itc.rwth-aachen.de",10,"10","uds",88,"n23m0164.hpc.itc.rwth-aachen.de",88,"88","uds",unix,64,4194304,10,50,79.01,29.742,52.3052,50.7275,75.008,2.09716,2.11172
10,"n23m0164.hpc.itc.rwth-aachen.de",10,"10","uds",89,"n23m0164.hpc.itc.rwth-aachen.de",89,"89","uds",unix,64,4194304,10,50,69.942,25.783,50.0743,49.5495,70.202,1.54731,1.54745
10,"n23m0164.hpc.itc.rwth-aachen.de",10,"10","uds",90,"n23m0164.hpc.itc.rwth-aachen.de",90,"90","uds",unix,64,4194304,10,50,78.413,26.178,51.0853,50.729,79.716,1.54357,1.5362
10,"n23m0164.hpc.itc.rwth-aachen.de",10,"10","uds",91,"n23m0164.hpc.itc.rwth-aachen.de",91,"91","uds",unix,64,4194304,10,50,77.412,26.994,50.967,51.483,72.777,1.52781,1.52824
10,"n23m0164.hpc.itc.rwth-aachen.de",10,"10","uds",92,"n23m0164.hpc.itc.rwth-aachen.de",92,"92","uds",unix,64,4194304,10,50,72.744,26.384,51.2075,51.658,78.011,2.07448,2.08474
10,"n23m0164.hpc.itc.rwth-aachen.de",10,"10","uds",93,"n23m0164.hpc.itc.rwth-aachen.de",93,"93","uds",unix,64,4194304,10,50,75.396,27.093,51.8623,49.738,79.277,1.53838,1.53721
10,"n23m0164.hpc.itc.rwth-aachen.de",10,"10","uds",94,"n23m0164.hpc.itc.rwth-aachen.de",94,"94","uds",unix,64,4194304,10,50,105.396,26.519,50.754,51.3565,75.204,1.52232,1.52163
10,"n23m0164.hpc.itc.rwth-aachen.de",10,"10","uds",95,"n23m0164.hpc.itc.rwth-aachen.de",95,"95","uds",unix,64,4194304,10,50,83.236,26.653,52.1023,53.4845,79.112,1.52149,1.48909
11,"n23m0164.hpc.itc.rwth-aachen.de",11,"11","uds",12,"n23m0164.hpc.itc.rwth-aachen.de",12,"12","uds",unix,64,4194304,10,50,134.274,23.394,27.9529,27.42,41.744,4.89431,4.79029
11,"n23m0164.hpc.itc.rwth-aachen.de",11,"11","uds",13,"n23m0164.hpc.itc.rwth-aachen.de",13,"13","uds",unix,64,4194304,10,50,51,18.544,21.8397,21.5585,31.805,5.38286,5.40156
11,"n23m0164.hpc.itc.rwth-aachen.de",11,"11","uds",14,"n23m0164.hpc.itc.rwth-aachen.de",14,"14","uds",unix,64,4194304,10,50,54.731,19.431,23.3875,23.1575,31.706,4.25789,4.33144
11,"n23m0164.hpc.itc.rwth-aachen.de",11,"11","uds",15,"n23m0164.hpc.itc.rwth-aachen.de",15,"15","uds",unix,64,4194304,10,50,46.755,21.28,25.4584,25.3875,32.846,4.50977,4.50007
11,"n23m0164.hpc.itc.rwth-aachen.de",11,"11","uds",16,"n23m0164.hpc.itc.rwth-aachen.de",16,"16","uds",unix,64,4194304,10,50,48.721,15.404,25.9018,25.1645,43.696,3.96512,3.97123
11,"n23m0164.hpc.itc.rwth-aachen.de",11,"11","uds",17,"n23m0164.hpc.itc.rwth-aachen.de",17,"17","uds",unix,64,4194304,10,50,49.027,20.173,25.4568,25.016,44.38,4.55725,4.55837
11,"n23m0164.hpc.itc.rwth-aachen.de",11,"11","uds",18,"n23m0164.hpc.itc.rwth-aachen.de",18,"18","uds",unix,64,4194304,10,50,41.951,15.199,23.5228,22.8275,38.309,4.8455,4.84307
11,"n23m0164.hpc.itc.rwth-aachen.de",11,"11","uds",19,"n23m0164.hpc.itc.rwth-aachen.de",19,"19","uds",unix,64,4194304,10,50,50.378,19.689,24.236,23.507,38.601,4.22364,4.23424
11,"n23m0164.hpc.itc.rwth-aachen.de",11,"11","uds",20,"n23m0164.hpc.itc.rwth-aachen.de",20,"20","uds",unix,64,4194304,10,50,44.067,19.831,25.1629,25.152,41.475,4.95159,4.90076
11,"n23m0164.hpc.itc.rwth-aachen.de",11,"11","uds",21,"n23m0164.hpc.itc.rwth-aachen.de",21,"21","uds",unix,64,4194304,10,50,38.639,20.427,23.9077,23.572,40.43,5.03957,5.09964
11,"n23m0164.hpc.itc.rwth-aachen.de",11,"11","uds",22,"n23m0164.hpc.itc.rwth-aachen.de",22,"22","uds",unix,64,4194304,10,50,44.611,20.417,24.5544,24.3805,35.359,5.00941,4.95613
11,"n23m0164.hpc.itc.rwth-aachen.de",11,"11","uds",23,"n23m0164.hpc.itc.rwth-aachen.de",23,"23","uds",unix,64,4194304,10,50,44.203,19.83,24.6151,24.304,32.347,3.9543,4.06383
11,"n23m0164.hpc.itc.rwth-aachen.de",11,"11","uds",24,"n23m0164.hpc.itc.rwth-aachen.de",24,"24","uds",unix,64,4194304,10,50,48.616,20.877,26.8379,26.2705,37.106,3.02045,3.09988
11,"n23m0164.hpc.itc.rwth-aachen.de",11,"11","uds",25,"n23m0164.hpc.itc.rwth-aachen.de",25,"25","uds",unix,64,4194304,10,50,64.453,23.605,31.1968,31.0645,42.216,2.98866,2.97582
11,"n23m0164.hpc.itc.rwth-aachen.de",11,"11","uds",26,"n23m0164.hpc.itc.rwth-aachen.de",26,"26","uds",unix,64,4194304,10,50,71.753,23.086,33.0907,32.9445,44.077,4.28728,4.2258
11,"n23m0164.hpc.itc.rwth-aachen.de",11,"11","uds",27,"n23m0164.hpc.itc.rwth-aachen.de",27,"27","uds",unix,64,4194304,10,50,45.156,19.119,22.6433,22.248,32.536,4.26941,4.23382
11,"n23m0164.hpc.itc.rwth-aachen.de",11,"11","uds",28,"n23m0164.hpc.itc.rwth-aachen.de",28,"28","uds",unix,64,4194304,10,50,275.382,21.89,31.3578,31.2015,45.475,2.99257,2.93593
11,"n23m0164.hpc.itc.rwth-aachen.de",11,"11","uds",29,"n23m0164.hpc.itc.rwth-aachen.de",29,"29","uds",unix,64,4194304,10,50,78.795,18.321,31.6571,32.073,45.203,3.49354,3.44236
11,"n23m0164.hpc.itc.rwth-aachen.de",11,"11","uds",30,"n23m0164.hpc.itc.rwth-aachen.de",30,"30","uds",unix,64,4194304,10,50,69.549,23.418,27.4127,26.467,46.191,3.04768,3.05569
11,"n23m0164.hpc.itc.rwth-aachen.de",11,"11","uds",31,"n23m0164.hpc.itc.rwth-aachen.de",31,"31","uds",unix,64,4194304,10,50,66.981,24.855,31.6926,31.534,39.997,3.90491,3.96029
11,"n23m0164.hpc.itc.rwth-aachen.de",11,"11","uds",32,"n23m0164.hpc.itc.rwth-aachen.de",32,"32","uds",unix,64,4194304,10,50,47.872,21.137,24.8155,24.8515,35.019,5.14778,5.12643
11,"n23m0164.hpc.itc.rwth-aachen.de",11,"11","uds",33,"n23m0164.hpc.itc.rwth-aachen.de",33,"33","uds",unix,64,4194304,10,50,42.156,18.268,22.1954,21.91,30.046,4.91946,4.88571
11,"n23m0164.hpc.itc.rwth-aachen.de",11,"11","uds",34,"n23m0164.hpc.itc.rwth-aachen.de",34,"34","uds",unix,64,4194304,10,50,46.829,20.841,25.3514,24.75,33.321,4.3895,4.46038
11,"n23m0164.hpc.itc.rwth-aachen.de",11,"11","uds",35,"n23m0164.hpc.itc.rwth-aachen.de",35,"35","uds",unix,64,4194304,10,50,54.292,16.548,23.5617,23.764,31.714,5.33989,5.2356
11,"n23m0164.hpc.itc.rwth-aachen.de",11,"11","uds",36,"n23m0164.hpc.itc.rwth-aachen.de",36,"36","uds",unix,64,4194304,10,50,40.453,19.459,22.3147,22.219,28.002,4.70869,4.69255
11,"n23m0164.hpc.itc.rwth-aachen.de",11,"11","uds",37,"n23m0164.hpc.itc.rwth-aachen.de",37,"37","uds",unix,64,4194304,10,50,49.988,19.868,26.5452,26.6075,36.78,2.88517,2.97458
11,"n23m0164.hpc.itc.rwth-aachen.de",11,"11","uds",38,"n23m0164.hpc.itc.rwth-aachen.de",38,"38","uds",unix,64,4194304,10,50,80.844,19.757,31.939,31.6195,46.672,4.17078,4.14428
11,"n23m0164.hpc.itc.rwth-aachen.de",11,"11","uds",39,"n23m0164.hpc.itc.rwth-aachen.de",39,"39","uds",unix,64,4194304,10,50,51.864,18.144,22.4258,22.0375,35.651,4.02021,3.96268
11,"n23m0164.hpc.itc.rwth-aachen.de",11,"11","uds",40,"n23m0164.hpc.itc.rwth-aachen.de",40,"40","uds",unix,64,4194304,10,50,69.137,23.617,33.2684,33.1385,53.383,2.79811,2.89309
11,"n23m0164.hpc.itc.rwth-aachen.de",11,"11","uds",41,"n23m0164.hpc.itc.rwth-aachen.de",41,"41","uds",unix,64,4194304,10,50,61.763,23.959,30.7608,30.176,43.711,4.23389,4.18788
11,"n23m0164.hpc.itc.rwth-aachen.de",11,"11","uds",42,"n23m0164.hpc.itc.rwth-aachen.de",42,"42","uds",unix,64,4194304,10,50,42.515,19.831,22.8869,22.9645,28.116,4.25142,4.19356
11,"n23m0164.hpc.itc.rwth-aachen.de",11,"11","uds",43,"n23m0164.hpc.itc.rwth-aachen.de",43,"43","uds",unix,64,4194304,10,50,70.229,24.066,31.0499,30.672,38.675,2.84925,2.84763
11,"n23m0164.hpc.itc.rwth-aachen.de",11,"11","uds",44,"n23m0164.hpc.itc.rwth-aachen.de",44,"44","uds",unix,64,4194304,10,50,66.408,23.753,31.9229,31.3265,43.772,3.05475,3.05596
11,"n23m0164.hpc.itc.rwth-aachen.de",11,"11","uds",45,"n23m0164.hpc.itc.rwth-aachen.de",45,"45","uds",unix,64,4194304,10,50,56.26,27.01,30.5972,29.9765,36.66,3.85085,3.77596
11,"n23m0164.hpc.itc.rwth-aachen.de",11,"11","uds",46,"n23m0164.hpc.itc.rwth-aachen.de",46,"46","uds",unix,64,4194304,10,50,49.033,14.185,23.7227,23.289,39.363,4.69108,4.62746
11,"n23m0164.hpc.itc.rwth-aachen.de",11,"11","uds",47,"n23m0164.hpc.itc.rwth-aachen.de",47,"47","uds",unix,64,4194304,10,50,51.515,19.894,26.2081,25.2785,59.333,4.59246,4.49167
11,"n23m0164.hpc.itc.rwth-aachen.de",11,"11","uds",48,"n23m0164.hpc.itc.rwth-aachen.de",48,"48","uds",unix,64,4194304,10,50,49.689,26.32,37.132,37.1675,47.893,1.48628,1.70706
11,"n23m0164.hpc.itc.rwth-aachen.de",11,"11","uds",49,"n23m0164.hpc.itc.rwth-aachen.de",49,"49","uds",unix,64,4194304,10,50,76.612,28.003,52.8327,51.9895,79.313,1.50094,1.54008
11,"n23m0164.hpc.itc.rwth-aachen.de",11,"11","uds",50,"n23m0164.hpc.itc.rwth-aachen.de",50,"50","uds",unix,64,4194304,10,50,67.139,23.515,46.711,47.592,71.274,2.02285,2.02501
11,"n23m0164.hpc.itc.rwth-aachen.de",11,"11","uds",51,"n23m0164.hpc.itc.rwth-aachen.de",51,"51","uds",unix,64,4194304,10,50,77.316,29.04,51.2541,51.8345,82.168,1.50848,1.50894
11,"n23m0164.hpc.itc.rwth-aachen.de",11,"11","uds",52,"n23m0164.hpc.itc.rwth-aachen.de",52,"52","uds",unix,64,4194304,10,50,80.568,28.665,52.0315,50.3065,79.09,1.50507,1.5036
11,"n23m0164.hpc.itc.rwth-aachen.de",11,"11","uds",53,"n23m0164.hpc.itc.rwth-aachen.de",53,"53","uds",unix,64,4194304,10,50,78.056,27.931,52.0624,53.4675,71.435,1.54113,1.71851
11,"n23m0164.hpc.itc.rwth-aachen.de",11,"11","uds",54,"n23m0164.hpc.itc.rwth-aachen.de",54,"54","uds",unix,64,4194304,10,50,55.025,20.442,36.2919,36.061,55.759,1.51882,1.67845
11,"n23m0164.hpc.itc.rwth-aachen.de",11,"11","uds",55,"n23m0164.hpc.itc.rwth-aachen.de",55,"55","uds",unix,64,4194304,10,50,72.114,32.371,51.9759,49.4275,77.101,1.51093,1.51119
11,"n23m0164.hpc.itc.rwth-aachen.de",11,"11","uds",56,"n23m0164.hpc.itc.rwth-aachen.de",56,"56","uds",unix,64,4194304,10,50,85.105,27.231,51.9545,52.7715,82.064,1.51485,1.51519
11,"n23m0164.hpc.itc.rwth-aachen.de",11,"11","uds",57,"n23m0164.hpc.itc.rwth-aachen.de",57,"57","uds",unix,64,4194304,10,50,85.003,28.751,53.0088,53.311,82.959,1.56081,1.72792
11,"n23m0164.hpc.itc.rwth-aachen.de",11,"11","uds",58,"n23m0164.hpc.itc.rwth-aachen.de",58,"58","uds",unix,64,4194304,10,50,57.62,26.61,38.4283,38.731,65.086,1.51914,1.57235
11,"n23m0164.hpc.itc.rwth-aachen.de",11,"11","uds",59,"n23m0164.hpc.itc.rwth-aachen.de",59,"59","uds",unix,64,4194304,10,50,80.168,28.177,52.1383,52.1475,73.253,1.5237,1.52558
11,"n23m0164.hpc.itc.rwth-aachen.de",11,"11","uds",60,"n23m0164.hpc.itc.rwth-aachen.de",60,"60","uds",unix,64,4194304,10,50,80.8,31.312,53.7678,54.552,80.978,1.52261,1.52138
11,"n23m0164.hpc.itc.rwth-aachen.de",11,"11","uds",61,"n23m0164.hpc.itc.rwth-aachen.de",61,"61","uds",unix,64,4194304,10,50,76.071,28.53,52.4253,52.0995,78.983,1.88369,1.97168
11,"n23m0164.hpc.itc.rwth-aachen.de",11,"11","uds",62,"n23m0164.hpc.itc.rwth-aachen.de",62,"62","uds",unix,64,4194304,10,50,92.903,27.494,51.8705,52.327,72.369,1.52843,1.5288
11,"n23m0164.hpc.itc.rwth-aachen.de",11,"11","uds",63,"n23m0164.hpc.itc.rwth-aachen.de",63,"63","uds",unix,64,4194304,10,50,76.859,27.411,52.0494,51.619,92.165,1.50863,1.5071
11,"n23m0164.hpc.itc.rwth-aachen.de",11,"11","uds",64,"n23m0164.hpc.itc.rwth-aachen.de",64,"64","uds",unix,64,4194304,10,50,77.702,31.13,52.2974,50.943,85.295,1.53804,1.5469
11,"n23m0164.hpc.itc.rwth-aachen.de",11,"11","uds",65,"n23m0164.hpc.itc.rwth-aachen.de",65,"65","uds",unix,64,4194304,10,50,70.053,26.366,48.9845,47.988,75.939,1.98233,1.98545
11,"n23m0164.hpc.itc.rwth-aachen.de",11,"11","uds",66,"n23m0164.hpc.itc.rwth-aachen.de",66,"66","uds",unix,64,4194304,10,50,85.899,27.32,52.7384,53.817,73.788,1.5077,1.50868
11,"n23m0164.hpc.itc.rwth-aachen.de",11,"11","uds",67,"n23m0164.hpc.itc.rwth-aachen.de",67,"67","uds",unix,64,4194304,10,50,87.307,27.345,51.4776,50.8735,76.611,1.53363,1.53474
11,"n23m0164.hpc.itc.rwth-aachen.de",11,"11","uds",68,"n23m0164.hpc.itc.rwth-aachen.de",68,"68","uds",unix,64,4194304,10,50,80.54,29.58,53.7835,54.634,72.009,1.52758,1.53267
11,"n23m0164.hpc.itc.rwth-aachen.de",11,"11","uds",69,"n23m0164.hpc.itc.rwth-aachen.de",69,"69","uds",unix,64,4194304,10,50,73.476,27.599,49.2165,49.6635,68.034,1.95951,1.9637
11,"n23m0164.hpc.itc.rwth-aachen.de",11,"11","uds",70,"n23m0164.hpc.itc.rwth-aachen.de",70,"70","uds",unix,64,4194304,10,50,85.545,27.572,52.2288,53.757,79.709,1.51874,1.5193
11,"n23m0164.hpc.itc.rwth-aachen.de",11,"11","uds",71,"n23m0164.hpc.itc.rwth-aachen.de",71,"71","uds",unix,64,4194304,10,50,80.865,30.888,51.7356,50.8845,86.23,1.52917,1.52772
11,"n23m0164.hpc.itc.rwth-aachen.de",11,"11","uds",72,"n23m0164.hpc.itc.rwth-aachen.de",72,"72","uds",unix,64,4194304,10,50,72.565,26.031,50.9968,50.7995,72.539,1.63813,1.81579
11,"n23m0164.hpc.itc.rwth-aachen.de",11,"11","uds",73,"n23m0164.hpc.itc.rwth-aachen.de",73,"73","uds",unix,64,4194304,10,50,49.927,19.317,35.5053,33.4665,59.784,1.51009,1.62079
11,"n23m0164.hpc.itc.rwth-aachen.de",11,"11","uds",74,"n23m0164.hpc.itc.rwth-aachen.de",74,"74","uds",unix,64,4194304,10,50,81.335,27.858,50.0674,48.6285,79.297,1.49714,1.49885
11,"n23m0164.hpc.itc.rwth-aachen.de",11,"11","uds",75,"n23m0164.hpc.itc.rwth-aachen.de",75,"75","uds",unix,64,4194304,10,50,82.386,27.999,51.4243,51.0345,88.764,1.51971,1.51656
11,"n23m0164.hpc.itc.rwth-aachen.de",11,"11","uds",76,"n23m0164.hpc.itc.rwth-aachen.de",76,"76","uds",unix,64,4194304,10,50,74.555,26.962,49.1927,50.416,70.48,1.67669,1.82944
11,"n23m0164.hpc.itc.rwth-aachen.de",11,"11","uds",77,"n23m0164.hpc.itc.rwth-aachen.de",77,"77","uds",unix,64,4194304,10,50,53.314,23.619,35.615,35.7925,55.902,1.52896,1.62494
11,"n23m0164.hpc.itc.rwth-aachen.de",11,"11","uds",78,"n23m0164.hpc.itc.rwth-aachen.de",78,"78","uds",unix,64,4194304,10,50,81.085,27.799,51.5172,51.463,76.155,1.52903,1.5295
11,"n23m0164.hpc.itc.rwth-aachen.de",11,"11","uds",79,"n23m0164.hpc.itc.rwth-aachen.de",79,"79","uds",unix,64,4194304,10,50,81.195,29.63,51.9787,50.888,96.286,1.53537,1.53586
11,"n23m0164.hpc.itc.rwth-aachen.de",11,"11","uds",80,"n23m0164.hpc.itc.rwth-aachen.de",80,"80","uds",unix,64,4194304,10,50,89.618,27.609,51.0753,50.3305,76.346,1.68437,1.8549
11,"n23m0164.hpc.itc.rwth-aachen.de",11,"11","uds",81,"n23m0164.hpc.itc.rwth-aachen.de",81,"81","uds",unix,64,4194304,10,50,58.089,24.178,37.5461,36.8525,73.26,1.52954,1.59831
11,"n23m0164.hpc.itc.rwth-aachen.de",11,"11","uds",82,"n23m0164.hpc.itc.rwth-aachen.de",82,"82","uds",unix,64,4194304,10,50,77.207,26.644,52.7195,52.704,78.331,1.52554,1.52691
11,"n23m0164.hpc.itc.rwth-aachen.de",11,"11","uds",83,"n23m0164.hpc.itc.rwth-aachen.de",83,"83","uds",unix,64,4194304,10,50,79.018,27.968,50.9749,51.662,82.218,1.50388,1.50282
11,"n23m0164.hpc.itc.rwth-aachen.de",11,"11","uds",84,"n23m0164.hpc.itc.rwth-aachen.de",84,"84","uds",unix,64,4194304,10,50,81.211,32.251,51.6977,49.391,86.393,1.84665,2.00332
11,"n23m0164.hpc.itc.rwth-aachen.de",11,"11","uds",85,"n23m0164.hpc.itc.rwth-aachen.de",85,"85","uds",unix,64,4194304,10,50,54.684,26.107,40.9344,41.2055,54.013,1.5394,1.54814
11,"n23m0164.hpc.itc.rwth-aachen.de",11,"11","uds",86,"n23m0164.hpc.itc.rwth-aachen.de",86,"86","uds",unix,64,4194304,10,50,82.633,25.474,49.6982,49.6325,72.636,1.52327,1.52185
11,"n23m0164.hpc.itc.rwth-aachen.de",11,"11","uds",87,"n23m0164.hpc.itc.rwth-aachen.de",87,"87","uds",unix,64,4194304,10,50,84.79,29.059,50.1999,49.835,72.868,1.53299,1.53429
11,"n23m0164.hpc.itc.rwth-aachen.de",11,"11","uds",88,"n23m0164.hpc.itc.rwth-aachen.de",88,"88","uds",unix,64,4194304,10,50,80.441,25.125,50.8084,51.8375,84.714,1.84424,2.01965
11,"n23m0164.hpc.itc.rwth-aachen.de",11,"11","uds",89,"n23m0164.hpc.itc.rwth-aachen.de",89,"89","uds",unix,64,4194304,10,50,56.049,23.788,39.4911,40.9945,55.385,1.53922,1.55233
11,"n23m0164.hpc.itc.rwth-aachen.de",11,"11","uds",90,"n23m0164.hpc.itc.rwth-aachen.de",90,"90","uds",unix,64,4194304,10,50,104.717,27.86,50.8582,50.4155,85.925,1.53099,1.5247
11,"n23m0164.hpc.itc.rwth-aachen.de",11,"11","uds",91,"n23m0164.hpc.itc.rwth-aachen.de",91,"91","uds",unix,64,4194304,10,50,84.44,27.586,49.7924,49.2035,70.102,1.5206,1.5202
11,"n23m0164.hpc.itc.rwth-aachen.de",11,"11","uds",92,"n23m0164.hpc.itc.rwth-aachen.de",92,"92","uds",unix,64,4194304,10,50,87.469,26.777,50.577,49.9075,96.809,1.8725,1.96266
11,"n23m0164.hpc.itc.rwth-aachen.de",11,"11","uds",93,"n23m0164.hpc.itc.rwth-aachen.de",93,"93","uds",unix,64,4194304,10,50,71.243,27.968,45.1641,44.1905,78.423,1.53689,1.53602
11,"n23m0164.hpc.itc.rwth-aachen.de",11,"11","uds",94,"n23m0164.hpc.itc.rwth-aachen.de",94,"94","uds",unix,64,4194304,10,50,85.851,25.012,50.2053,49.04,85.188,1.49968,1.49935
11,"n23m0164.hpc.itc.rwth-aachen.de",11,"11","uds",95,"n23m0164.hpc.itc.rwth-aachen.de",95,"95","uds",unix,64,4194304,10,50,80.734,26.555,52.4879,51.3495,83.203,1.53642,1.60543
12,"n23m0164.hpc.itc.rwth-aachen.de",12,"12","uds",13,"n23m0164.hpc.itc.rwth-aachen.de",13,"13","uds",unix,64,4194304,10,50,119.966,21.904,26.6632,26.237,34.589,5.52677,5.52651
12,"n23m0164.hpc.itc.rwth-aachen.de",12,"12","uds",14,"n23m0164.hpc.itc.rwth-aachen.de",14,"14","uds",unix,64,4194304,10,50,49.98,18.086,24.1708,23.6085,40.756,5.38677,5.34107
12,"n23m0164.hpc.itc.rwth-aachen.de",12,"12","uds",15,"n23m0164.hpc.itc.rwth-aachen.de",15,"15","uds",unix,64,4194304,10,50,54.897,23.487,26.8943,26.0205,38.147,5.4288,5.3871
12,"n23m0164.hpc.itc.rwth-aachen.de",12,"12","uds",16,"n23m0164.hpc.itc.rwth-aachen.de",16,"16","uds",unix,64,4194304,10,50,50.282,20.053,26.8032,25.9775,39.65,5.27049,5.27906
12,"n23m0164.hpc.itc.rwth-aachen.de",12,"12","uds",17,"n23m0164.hpc.itc.rwth-aachen.de",17,"17","uds",unix,64,4194304,10,50,54.291,22.806,27.2614,26.397,37.454,5.63858,5.59997
12,"n23m0164.hpc.itc.rwth-aachen.de",12,"12","uds",18,"n23m0164.hpc.itc.rwth-aachen.de",18,"18","uds",unix,64,4194304,10,50,49.855,21.274,24.6167,23.908,37.559,5.85832,5.78114
12,"n23m0164.hpc.itc.rwth-aachen.de",12,"12","uds",19,"n23m0164.hpc.itc.rwth-aachen.de",19,"19","uds",unix,64,4194304,10,50,50.804,16.325,26.4452,25.459,47.087,5.30108,5.33125
12,"n23m0164.hpc.itc.rwth-aachen.de",12,"12","uds",20,"n23m0164.hpc.itc.rwth-aachen.de",20,"20","uds",unix,64,4194304,10,50,47.355,21.848,25.9609,26.1485,33.724,5.18992,5.2161
12,"n23m0164.hpc.itc.rwth-aachen.de",12,"12","uds",21,"n23m0164.hpc.itc.rwth-aachen.de",21,"21","uds",unix,64,4194304,10,50,51.724,20.548,24.8389,24.5945,35.073,5.73286,5.69227
12,"n23m0164.hpc.itc.rwth-aachen.de",12,"12","uds",22,"n23m0164.hpc.itc.rwth-aachen.de",22,"22","uds",unix,64,4194304,10,50,48.826,19.062,25.9397,25.137,43.25,5.723,5.66679
12,"n23m0164.hpc.itc.rwth-aachen.de",12,"12","uds",23,"n23m0164.hpc.itc.rwth-aachen.de",23,"23","uds",unix,64,4194304,10,50,48.621,20.817,25.398,25.522,30.961,4.99289,5.00377
12,"n23m0164.hpc.itc.rwth-aachen.de",12,"12","uds",24,"n23m0164.hpc.itc.rwth-aachen.de",24,"24","uds",unix,64,4194304,10,50,62.484,21.141,24.1296,23.462,33.443,5.15083,5.14644
12,"n23m0164.hpc.itc.rwth-aachen.de",12,"12","uds",25,"n23m0164.hpc.itc.rwth-aachen.de",25,"25","uds",unix,64,4194304,10,50,51.247,16.041,23.5507,23.0455,39.545,5.28155,5.28137
12,"n23m0164.hpc.itc.rwth-aachen.de",12,"12","uds",26,"n23m0164.hpc.itc.rwth-aachen.de",26,"26","uds",unix,64,4194304,10,50,42.603,20.803,23.3235,23.0235,30.877,5.16696,5.16867
12,"n23m0164.hpc.itc.rwth-aachen.de",12,"12","uds",27,"n23m0164.hpc.itc.rwth-aachen.de",27,"27","uds",unix,64,4194304,10,50,44.147,17.049,23.3212,23.2945,29.915,5.26739,5.26721
12,"n23m0164.hpc.itc.rwth-aachen.de",12,"12","uds",28,"n23m0164.hpc.itc.rwth-aachen.de",28,"28","uds",unix,64,4194304,10,50,42.75,19.868,22.8677,22.1795,38.6,5.32344,5.30874
12,"n23m0164.hpc.itc.rwth-aachen.de",12,"12","uds",29,"n23m0164.hpc.itc.rwth-aachen.de",29,"29","uds",unix,64,4194304,10,50,42.592,19.75,22.5018,22.1975,29.179,5.22386,5.22735
12,"n23m0164.hpc.itc.rwth-aachen.de",12,"12","uds",30,"n23m0164.hpc.itc.rwth-aachen.de",30,"30","uds",unix,64,4194304,10,50,45.768,16.371,23.4987,22.7855,63.725,5.30623,5.30055
12,"n23m0164.hpc.itc.rwth-aachen.de",12,"12","uds",31,"n23m0164.hpc.itc.rwth-aachen.de",31,"31","uds",unix,64,4194304,10,50,49.99,20.514,23.5797,23.4245,32.819,5.2363,5.22839
12,"n23m0164.hpc.itc.rwth-aachen.de",12,"12","uds",32,"n23m0164.hpc.itc.rwth-aachen.de",32,"32","uds",unix,64,4194304,10,50,41.131,15.428,23.8775,23.4275,56.398,5.19948,5.20825
12,"n23m0164.hpc.itc.rwth-aachen.de",12,"12","uds",33,"n23m0164.hpc.itc.rwth-aachen.de",33,"33","uds",unix,64,4194304,10,50,42.29,19.898,23.0874,22.677,30.947,5.26429,5.26774
12,"n23m0164.hpc.itc.rwth-aachen.de",12,"12","uds",34,"n23m0164.hpc.itc.rwth-aachen.de",34,"34","uds",unix,64,4194304,10,50,40.255,18.778,23.0002,22.424,36.661,5.29033,5.29317
12,"n23m0164.hpc.itc.rwth-aachen.de",12,"12","uds",35,"n23m0164.hpc.itc.rwth-aachen.de",35,"35","uds",unix,64,4194304,10,50,40.157,15.051,24.1353,23.3025,55.906,5.25832,5.25533
12,"n23m0164.hpc.itc.rwth-aachen.de",12,"12","uds",36,"n23m0164.hpc.itc.rwth-aachen.de",36,"36","uds",unix,64,4194304,10,50,43.931,19.939,22.8633,22.5325,30.855,5.45925,5.45065
12,"n23m0164.hpc.itc.rwth-aachen.de",12,"12","uds",37,"n23m0164.hpc.itc.rwth-aachen.de",37,"37","uds",unix,64,4194304,10,50,42.41,19.811,23.0978,22.3125,52.276,5.43947,5.41844
12,"n23m0164.hpc.itc.rwth-aachen.de",12,"12","uds",38,"n23m0164.hpc.itc.rwth-aachen.de",38,"38","uds",unix,64,4194304,10,50,45.22,15.641,23.0123,22.473,31.37,5.3775,5.35224
12,"n23m0164.hpc.itc.rwth-aachen.de",12,"12","uds",39,"n23m0164.hpc.itc.rwth-aachen.de",39,"39","uds",unix,64,4194304,10,50,44.114,18.088,23.2096,22.2445,57.739,5.5047,5.50315
12,"n23m0164.hpc.itc.rwth-aachen.de",12,"12","uds",40,"n23m0164.hpc.itc.rwth-aachen.de",40,"40","uds",unix,64,4194304,10,50,42.776,19.609,22.7122,22.569,32.084,5.47342,5.47317
12,"n23m0164.hpc.itc.rwth-aachen.de",12,"12","uds",41,"n23m0164.hpc.itc.rwth-aachen.de",41,"41","uds",unix,64,4194304,10,50,42.758,15.169,22.8345,21.9625,53.946,5.41435,5.41544
12,"n23m0164.hpc.itc.rwth-aachen.de",12,"12","uds",42,"n23m0164.hpc.itc.rwth-aachen.de",42,"42","uds",unix,64,4194304,10,50,45.418,18.931,22.348,22.441,26.882,5.47499,5.47164
12,"n23m0164.hpc.itc.rwth-aachen.de",12,"12","uds",43,"n23m0164.hpc.itc.rwth-aachen.de",43,"43","uds",unix,64,4194304,10,50,42.742,18.461,22.2017,21.9335,32.514,5.50126,5.50558
12,"n23m0164.hpc.itc.rwth-aachen.de",12,"12","uds",44,"n23m0164.hpc.itc.rwth-aachen.de",44,"44","uds",unix,64,4194304,10,50,44.952,17.239,22.8882,22.1375,33.244,5.38242,5.37892
12,"n23m0164.hpc.itc.rwth-aachen.de",12,"12","uds",45,"n23m0164.hpc.itc.rwth-aachen.de",45,"45","uds",unix,64,4194304,10,50,39.197,19.206,22.2986,22.025,29.893,5.4904,5.48122
12,"n23m0164.hpc.itc.rwth-aachen.de",12,"12","uds",46,"n23m0164.hpc.itc.rwth-aachen.de",46,"46","uds",unix,64,4194304,10,50,46.077,18.724,23.2999,22.3795,50.207,5.433,5.42419
12,"n23m0164.hpc.itc.rwth-aachen.de",12,"12","uds",47,"n23m0164.hpc.itc.rwth-aachen.de",47,"47","uds",unix,64,4194304,10,50,47.453,20.046,23.2147,23.033,29.26,5.32332,5.32328
12,"n23m0164.hpc.itc.rwth-aachen.de",12,"12","uds",48,"n23m0164.hpc.itc.rwth-aachen.de",48,"48","uds",unix,64,4194304,10,50,53.093,25.106,35.0614,34.586,57.879,2.06417,2.03336
12,"n23m0164.hpc.itc.rwth-aachen.de",12,"12","uds",49,"n23m0164.hpc.itc.rwth-aachen.de",49,"49","uds",unix,64,4194304,10,50,86.565,27.365,52.7724,52.0755,88.689,1.48246,1.51217
12,"n23m0164.hpc.itc.rwth-aachen.de",12,"12","uds",50,"n23m0164.hpc.itc.rwth-aachen.de",50,"50","uds",unix,64,4194304,10,50,82.154,27.517,46.9515,47.0715,81.071,2.04727,2.01845
12,"n23m0164.hpc.itc.rwth-aachen.de",12,"12","uds",51,"n23m0164.hpc.itc.rwth-aachen.de",51,"51","uds",unix,64,4194304,10,50,95.937,27.661,53.035,53.959,78.582,1.48015,1.48081
12,"n23m0164.hpc.itc.rwth-aachen.de",12,"12","uds",52,"n23m0164.hpc.itc.rwth-aachen.de",52,"52","uds",unix,64,4194304,10,50,82.763,32.343,54.036,56.0335,75.832,1.47081,1.47007
12,"n23m0164.hpc.itc.rwth-aachen.de",12,"12","uds",53,"n23m0164.hpc.itc.rwth-aachen.de",53,"53","uds",unix,64,4194304,10,50,88.179,29.235,53.4582,52.726,106.679,1.65068,1.80273
12,"n23m0164.hpc.itc.rwth-aachen.de",12,"12","uds",54,"n23m0164.hpc.itc.rwth-aachen.de",54,"54","uds",unix,64,4194304,10,50,53.896,24.418,38.0049,38.348,52.832,1.47485,1.55439
12,"n23m0164.hpc.itc.rwth-aachen.de",12,"12","uds",55,"n23m0164.hpc.itc.rwth-aachen.de",55,"55","uds",unix,64,4194304,10,50,81.762,31.258,54.5715,53.4455,86.922,1.48376,1.484
12,"n23m0164.hpc.itc.rwth-aachen.de",12,"12","uds",56,"n23m0164.hpc.itc.rwth-aachen.de",56,"56","uds",unix,64,4194304,10,50,82.031,27.539,54.9851,52.835,99.527,1.48449,1.48379
12,"n23m0164.hpc.itc.rwth-aachen.de",12,"12","uds",57,"n23m0164.hpc.itc.rwth-aachen.de",57,"57","uds",unix,64,4194304,10,50,79.444,39.271,54.3925,53.9305,75.05,1.77386,1.93602
12,"n23m0164.hpc.itc.rwth-aachen.de",12,"12","uds",58,"n23m0164.hpc.itc.rwth-aachen.de",58,"58","uds",unix,64,4194304,10,50,62.222,23.323,42.2594,42.4035,64.389,1.48569,1.48378
12,"n23m0164.hpc.itc.rwth-aachen.de",12,"12","uds",59,"n23m0164.hpc.itc.rwth-aachen.de",59,"59","uds",unix,64,4194304,10,50,78.119,26.765,52.0037,52.28,77.269,1.48865,1.48873
12,"n23m0164.hpc.itc.rwth-aachen.de",12,"12","uds",60,"n23m0164.hpc.itc.rwth-aachen.de",60,"60","uds",unix,64,4194304,10,50,93.27,27.7,54.8431,53.335,93.241,1.47386,1.47224
12,"n23m0164.hpc.itc.rwth-aachen.de",12,"12","uds",61,"n23m0164.hpc.itc.rwth-aachen.de",61,"61","uds",unix,64,4194304,10,50,82.986,27.081,52.103,53.128,76.67,2.00737,2.02668
12,"n23m0164.hpc.itc.rwth-aachen.de",12,"12","uds",62,"n23m0164.hpc.itc.rwth-aachen.de",62,"62","uds",unix,64,4194304,10,50,91.132,29.234,52.7331,52.0915,72.186,1.49783,1.49739
12,"n23m0164.hpc.itc.rwth-aachen.de",12,"12","uds",63,"n23m0164.hpc.itc.rwth-aachen.de",63,"63","uds",unix,64,4194304,10,50,83.812,28.852,51.029,50.6605,83.394,1.46826,1.4676
12,"n23m0164.hpc.itc.rwth-aachen.de",12,"12","uds",64,"n23m0164.hpc.itc.rwth-aachen.de",64,"64","uds",unix,64,4194304,10,50,81.015,26.97,51.9296,51.4895,77.347,1.50291,1.55759
12,"n23m0164.hpc.itc.rwth-aachen.de",12,"12","uds",65,"n23m0164.hpc.itc.rwth-aachen.de",65,"65","uds",unix,64,4194304,10,50,65.205,25.352,45.9103,46.0635,74.702,1.65391,1.82647
12,"n23m0164.hpc.itc.rwth-aachen.de",12,"12","uds",66,"n23m0164.hpc.itc.rwth-aachen.de",66,"66","uds",unix,64,4194304,10,50,84.967,29.845,53.2146,53.6975,82.088,1.47046,1.47028
12,"n23m0164.hpc.itc.rwth-aachen.de",12,"12","uds",67,"n23m0164.hpc.itc.rwth-aachen.de",67,"67","uds",unix,64,4194304,10,50,84.54,37.106,59.913,53.0685,380.905,1.50285,1.50264
12,"n23m0164.hpc.itc.rwth-aachen.de",12,"12","uds",68,"n23m0164.hpc.itc.rwth-aachen.de",68,"68","uds",unix,64,4194304,10,50,82.218,31.063,53.1282,52.295,87.564,1.49736,1.55865
12,"n23m0164.hpc.itc.rwth-aachen.de",12,"12","uds",69,"n23m0164.hpc.itc.rwth-aachen.de",69,"69","uds",unix,64,4194304,10,50,75.126,26.108,47.108,45.978,92.829,1.46274,1.59207
12,"n23m0164.hpc.itc.rwth-aachen.de",12,"12","uds",70,"n23m0164.hpc.itc.rwth-aachen.de",70,"70","uds",unix,64,4194304,10,50,81.739,27.382,51.1475,51.2645,77.935,1.47575,1.47515
12,"n23m0164.hpc.itc.rwth-aachen.de",12,"12","uds",71,"n23m0164.hpc.itc.rwth-aachen.de",71,"71","uds",unix,64,4194304,10,50,80.201,29.697,52.1159,52.6615,73.43,1.48487,1.50302
12,"n23m0164.hpc.itc.rwth-aachen.de",12,"12","uds",72,"n23m0164.hpc.itc.rwth-aachen.de",72,"72","uds",unix,64,4194304,10,50,69.648,27.775,46.9311,46.662,69.133,1.52736,1.7748
12,"n23m0164.hpc.itc.rwth-aachen.de",12,"12","uds",73,"n23m0164.hpc.itc.rwth-aachen.de",73,"73","uds",unix,64,4194304,10,50,78.459,28.579,51.6841,49.8815,81.256,1.49468,1.49469
12,"n23m0164.hpc.itc.rwth-aachen.de",12,"12","uds",74,"n23m0164.hpc.itc.rwth-aachen.de",74,"74","uds",unix,64,4194304,10,50,106.731,28.808,53.1002,52.08,90.008,1.46114,1.46162
12,"n23m0164.hpc.itc.rwth-aachen.de",12,"12","uds",75,"n23m0164.hpc.itc.rwth-aachen.de",75,"75","uds",unix,64,4194304,10,50,88.32,30.481,51.1845,48.9215,83.231,1.82248,1.90561
12,"n23m0164.hpc.itc.rwth-aachen.de",12,"12","uds",76,"n23m0164.hpc.itc.rwth-aachen.de",76,"76","uds",unix,64,4194304,10,50,81.184,29.52,52.6533,51.691,82.945,1.49713,1.49965
12,"n23m0164.hpc.itc.rwth-aachen.de",12,"12","uds",77,"n23m0164.hpc.itc.rwth-aachen.de",77,"77","uds",unix,64,4194304,10,50,80.432,28.13,51.7773,50.9905,82.775,1.48746,1.48647
12,"n23m0164.hpc.itc.rwth-aachen.de",12,"12","uds",78,"n23m0164.hpc.itc.rwth-aachen.de",78,"78","uds",unix,64,4194304,10,50,76.961,25.283,52.6136,53.473,91.643,1.8767,1.98853
12,"n23m0164.hpc.itc.rwth-aachen.de",12,"12","uds",79,"n23m0164.hpc.itc.rwth-aachen.de",79,"79","uds",unix,64,4194304,10,50,92.5,29.267,53.6615,54.0325,90.156,1.50767,1.50669
12,"n23m0164.hpc.itc.rwth-aachen.de",12,"12","uds",80,"n23m0164.hpc.itc.rwth-aachen.de",80,"80","uds",unix,64,4194304,10,50,78.141,34.729,53.6291,52.184,75.301,1.47076,1.47096
12,"n23m0164.hpc.itc.rwth-aachen.de",12,"12","uds",81,"n23m0164.hpc.itc.rwth-aachen.de",81,"81","uds",unix,64,4194304,10,50,79.349,26.098,52.1595,50.344,98.735,1.51122,1.53705
12,"n23m0164.hpc.itc.rwth-aachen.de",12,"12","uds",82,"n23m0164.hpc.itc.rwth-aachen.de",82,"82","uds",unix,64,4194304,10,50,64.413,26.528,46.3884,47.1475,59.699,1.92965,1.94645
12,"n23m0164.hpc.itc.rwth-aachen.de",12,"12","uds",83,"n23m0164.hpc.itc.rwth-aachen.de",83,"83","uds",unix,64,4194304,10,50,83.06,27.738,53.916,53.1895,97.09,1.4717,1.47241
12,"n23m0164.hpc.itc.rwth-aachen.de",12,"12","uds",84,"n23m0164.hpc.itc.rwth-aachen.de",84,"84","uds",unix,64,4194304,10,50,81.924,28.728,52.2523,51.2575,85.877,1.50971,1.50942
12,"n23m0164.hpc.itc.rwth-aachen.de",12,"12","uds",85,"n23m0164.hpc.itc.rwth-aachen.de",85,"85","uds",unix,64,4194304,10,50,79.59,27.864,52.8505,54.288,84.552,1.51723,1.67386
12,"n23m0164.hpc.itc.rwth-aachen.de",12,"12","uds",86,"n23m0164.hpc.itc.rwth-aachen.de",86,"86","uds",unix,64,4194304,10,50,58.34,19.93,35.8705,35.836,47.859,1.49833,1.67729
12,"n23m0164.hpc.itc.rwth-aachen.de",12,"12","uds",87,"n23m0164.hpc.itc.rwth-aachen.de",87,"87","uds",unix,64,4194304,10,50,83.31,26.435,51.6232,50.606,78.24,1.52203,1.52123
12,"n23m0164.hpc.itc.rwth-aachen.de",12,"12","uds",88,"n23m0164.hpc.itc.rwth-aachen.de",88,"88","uds",unix,64,4194304,10,50,82.675,30.499,53.8041,53.424,89.073,1.50741,1.49308
12,"n23m0164.hpc.itc.rwth-aachen.de",12,"12","uds",89,"n23m0164.hpc.itc.rwth-aachen.de",89,"89","uds",unix,64,4194304,10,50,92.6,29.152,53.3935,52.8455,95.527,1.84388,1.99367
12,"n23m0164.hpc.itc.rwth-aachen.de",12,"12","uds",90,"n23m0164.hpc.itc.rwth-aachen.de",90,"90","uds",unix,64,4194304,10,50,84.486,22.547,41.698,41.321,61.949,1.50484,1.50884
12,"n23m0164.hpc.itc.rwth-aachen.de",12,"12","uds",91,"n23m0164.hpc.itc.rwth-aachen.de",91,"91","uds",unix,64,4194304,10,50,74.653,31.05,52.7605,50.0405,82.255,1.48892,1.48712
12,"n23m0164.hpc.itc.rwth-aachen.de",12,"12","uds",92,"n23m0164.hpc.itc.rwth-aachen.de",92,"92","uds",unix,64,4194304,10,50,75.022,33.096,54.5341,52.278,88.498,1.49888,1.49762
12,"n23m0164.hpc.itc.rwth-aachen.de",12,"12","uds",93,"n23m0164.hpc.itc.rwth-aachen.de",93,"93","uds",unix,64,4194304,10,50,76.409,28.484,54.0679,53.141,75.393,2.05438,2.10414
12,"n23m0164.hpc.itc.rwth-aachen.de",12,"12","uds",94,"n23m0164.hpc.itc.rwth-aachen.de",94,"94","uds",unix,64,4194304,10,50,79.046,30.98,51.8545,51.962,77.591,1.49724,1.49646
12,"n23m0164.hpc.itc.rwth-aachen.de",12,"12","uds",95,"n23m0164.hpc.itc.rwth-aachen.de",95,"95","uds",unix,64,4194304,10,50,80.189,32.372,54.3736,52.2545,99.724,1.49556,1.49515
13,"n23m0164.hpc.itc.rwth-aachen.de",13,"13","uds",14,"n23m0164.hpc.itc.rwth-aachen.de",14,"14","uds",unix,64,4194304,10,50,154.941,25.681,37.2872,36.61,63.249,2.9458,2.9366
13,"n23m0164.hpc.itc.rwth-aachen.de",13,"13","uds",15,"n23m0164.hpc.itc.rwth-aachen.de",15,"15","uds",unix,64,4194304,10,50,83.354,26.128,37.9692,36.937,73.21,3.69502,3.79099
13,"n23m0164.hpc.itc.rwth-aachen.de",13,"13","uds",16,"n23m0164.hpc.itc.rwth-aachen.de",16,"16","uds",unix,64,4194304,10,50,65.458,22.253,29.708,29.0625,43.096,5.43178,5.38598
13,"n23m0164.hpc.itc.rwth-aachen.de",13,"13","uds",17,"n23m0164.hpc.itc.rwth-aachen.de",17,"17","uds",unix,64,4194304,10,50,50.056,19.091,26.0873,26.242,33.723,4.47001,4.45102
13,"n23m0164.hpc.itc.rwth-aachen.de",13,"13","uds",18,"n23m0164.hpc.itc.rwth-aachen.de",18,"18","uds",unix,64,4194304,10,50,74.641,23.457,33.131,33.582,43.376,3.97967,3.99969
13,"n23m0164.hpc.itc.rwth-aachen.de",13,"13","uds",19,"n23m0164.hpc.itc.rwth-aachen.de",19,"19","uds",unix,64,4194304,10,50,67.078,24.855,31.8847,32.168,40,4.53328,4.45789
13,"n23m0164.hpc.itc.rwth-aachen.de",13,"13","uds",20,"n23m0164.hpc.itc.rwth-aachen.de",20,"20","uds",unix,64,4194304,10,50,54.823,23.756,28.6462,28.27,38.749,5.30256,5.25869
13,"n23m0164.hpc.itc.rwth-aachen.de",13,"13","uds",21,"n23m0164.hpc.itc.rwth-aachen.de",21,"21","uds",unix,64,4194304,10,50,42.327,20.257,24.5765,24.313,34.195,5.26577,5.27518
13,"n23m0164.hpc.itc.rwth-aachen.de",13,"13","uds",22,"n23m0164.hpc.itc.rwth-aachen.de",22,"22","uds",unix,64,4194304,10,50,57.707,23.045,28.9444,28.457,39.421,4.55255,4.55337
13,"n23m0164.hpc.itc.rwth-aachen.de",13,"13","uds",23,"n23m0164.hpc.itc.rwth-aachen.de",23,"23","uds",unix,64,4194304,10,50,54.926,22.556,28.8756,28.533,41.56,4.27621,4.27217
13,"n23m0164.hpc.itc.rwth-aachen.de",13,"13","uds",24,"n23m0164.hpc.itc.rwth-aachen.de",24,"24","uds",unix,64,4194304,10,50,69.576,21.271,26.6983,26.2085,41.522,3.97161,3.97581
13,"n23m0164.hpc.itc.rwth-aachen.de",13,"13","uds",25,"n23m0164.hpc.itc.rwth-aachen.de",25,"25","uds",unix,64,4194304,10,50,56.976,21.144,27.3953,27.2155,35.228,3.99476,3.9908
13,"n23m0164.hpc.itc.rwth-aachen.de",13,"13","uds",26,"n23m0164.hpc.itc.rwth-aachen.de",26,"26","uds",unix,64,4194304,10,50,56.775,22.363,26.8263,26.219,33.033,4.64193,4.61321
13,"n23m0164.hpc.itc.rwth-aachen.de",13,"13","uds",27,"n23m0164.hpc.itc.rwth-aachen.de",27,"27","uds",unix,64,4194304,10,50,40.246,19.134,23.0795,22.942,30.992,4.52548,4.62295
13,"n23m0164.hpc.itc.rwth-aachen.de",13,"13","uds",28,"n23m0164.hpc.itc.rwth-aachen.de",28,"28","uds",unix,64,4194304,10,50,49.087,19.677,24.7447,24.2555,36.144,4.0536,4.09616
13,"n23m0164.hpc.itc.rwth-aachen.de",13,"13","uds",29,"n23m0164.hpc.itc.rwth-aachen.de",29,"29","uds",unix,64,4194304,10,50,54.346,22.26,26.4334,26.3075,32.366,3.90405,3.90737
13,"n23m0164.hpc.itc.rwth-aachen.de",13,"13","uds",30,"n23m0164.hpc.itc.rwth-aachen.de",30,"30","uds",unix,64,4194304,10,50,51.849,21.181,25.9115,25.391,37.413,4.03606,4.03635
13,"n23m0164.hpc.itc.rwth-aachen.de",13,"13","uds",31,"n23m0164.hpc.itc.rwth-aachen.de",31,"31","uds",unix,64,4194304,10,50,52.519,20.56,26.2267,25.996,32.816,3.94079,3.93982
13,"n23m0164.hpc.itc.rwth-aachen.de",13,"13","uds",32,"n23m0164.hpc.itc.rwth-aachen.de",32,"32","uds",unix,64,4194304,10,50,47.778,21.33,26.7814,26.5685,43.059,4.73899,4.68479
13,"n23m0164.hpc.itc.rwth-aachen.de",13,"13","uds",33,"n23m0164.hpc.itc.rwth-aachen.de",33,"33","uds",unix,64,4194304,10,50,46.195,19.847,22.5519,22.1205,28.526,4.48613,4.56184
13,"n23m0164.hpc.itc.rwth-aachen.de",13,"13","uds",34,"n23m0164.hpc.itc.rwth-aachen.de",34,"34","uds",unix,64,4194304,10,50,43.84,21.643,25.822,25.299,34.295,4.02745,4.04365
13,"n23m0164.hpc.itc.rwth-aachen.de",13,"13","uds",35,"n23m0164.hpc.itc.rwth-aachen.de",35,"35","uds",unix,64,4194304,10,50,47.277,22.247,26.4654,26.451,36.53,4.75769,4.66711
13,"n23m0164.hpc.itc.rwth-aachen.de",13,"13","uds",36,"n23m0164.hpc.itc.rwth-aachen.de",36,"36","uds",unix,64,4194304,10,50,43.08,15.221,22.502,21.6585,32.097,4.7898,4.80924
13,"n23m0164.hpc.itc.rwth-aachen.de",13,"13","uds",37,"n23m0164.hpc.itc.rwth-aachen.de",37,"37","uds",unix,64,4194304,10,50,48.549,19.582,24.5992,24.596,31.515,4.36924,4.373
13,"n23m0164.hpc.itc.rwth-aachen.de",13,"13","uds",38,"n23m0164.hpc.itc.rwth-aachen.de",38,"38","uds",unix,64,4194304,10,50,52.966,20.393,25.3732,24.955,36.043,4.90731,4.93337
13,"n23m0164.hpc.itc.rwth-aachen.de",13,"13","uds",39,"n23m0164.hpc.itc.rwth-aachen.de",39,"39","uds",unix,64,4194304,10,50,37.975,17.076,21.9302,21.5245,37.518,5.09257,5.12357
13,"n23m0164.hpc.itc.rwth-aachen.de",13,"13","uds",40,"n23m0164.hpc.itc.rwth-aachen.de",40,"40","uds",unix,64,4194304,10,50,47.509,21.547,25.0492,24.5545,32.8,4.6084,4.59244
13,"n23m0164.hpc.itc.rwth-aachen.de",13,"13","uds",41,"n23m0164.hpc.itc.rwth-aachen.de",41,"41","uds",unix,64,4194304,10,50,48.628,21.326,24.8446,24.5385,32.838,5.27138,5.18057
13,"n23m0164.hpc.itc.rwth-aachen.de",13,"13","uds",42,"n23m0164.hpc.itc.rwth-aachen.de",42,"42","uds",unix,64,4194304,10,50,43.359,18.888,22.4794,22.2975,28.982,4.94853,4.95993
13,"n23m0164.hpc.itc.rwth-aachen.de",13,"13","uds",43,"n23m0164.hpc.itc.rwth-aachen.de",43,"43","uds",unix,64,4194304,10,50,44.921,17.455,26.3412,25.964,40.657,4.50956,4.50657
13,"n23m0164.hpc.itc.rwth-aachen.de",13,"13","uds",44,"n23m0164.hpc.itc.rwth-aachen.de",44,"44","uds",unix,64,4194304,10,50,51.52,21.126,25.3519,24.561,34.847,4.37773,4.3707
13,"n23m0164.hpc.itc.rwth-aachen.de",13,"13","uds",45,"n23m0164.hpc.itc.rwth-aachen.de",45,"45","uds",unix,64,4194304,10,50,43.588,20.795,24.9107,24.5985,30.735,4.51825,4.52119
13,"n23m0164.hpc.itc.rwth-aachen.de",13,"13","uds",46,"n23m0164.hpc.itc.rwth-aachen.de",46,"46","uds",unix,64,4194304,10,50,54.18,21.112,26.313,26.474,33.038,4.40901,4.40578
13,"n23m0164.hpc.itc.rwth-aachen.de",13,"13","uds",47,"n23m0164.hpc.itc.rwth-aachen.de",47,"47","uds",unix,64,4194304,10,50,52.95,21.469,26.0148,25.4945,35.612,5.02912,5.00429
13,"n23m0164.hpc.itc.rwth-aachen.de",13,"13","uds",48,"n23m0164.hpc.itc.rwth-aachen.de",48,"48","uds",unix,64,4194304,10,50,53.672,26.467,35.6133,34.872,43.478,1.84858,1.89506
13,"n23m0164.hpc.itc.rwth-aachen.de",13,"13","uds",49,"n23m0164.hpc.itc.rwth-aachen.de",49,"49","uds",unix,64,4194304,10,50,90.452,36.487,52.7507,53.5245,82.112,1.49647,1.53509
13,"n23m0164.hpc.itc.rwth-aachen.de",13,"13","uds",50,"n23m0164.hpc.itc.rwth-aachen.de",50,"50","uds",unix,64,4194304,10,50,80.361,30.344,46.6418,46.945,67.527,1.93406,1.96344
13,"n23m0164.hpc.itc.rwth-aachen.de",13,"13","uds",51,"n23m0164.hpc.itc.rwth-aachen.de",51,"51","uds",unix,64,4194304,10,50,82.387,33.84,53.8269,51.7755,77.422,1.50682,1.50652
13,"n23m0164.hpc.itc.rwth-aachen.de",13,"13","uds",52,"n23m0164.hpc.itc.rwth-aachen.de",52,"52","uds",unix,64,4194304,10,50,100.54,35.756,53.1574,51.308,88.992,1.50009,1.50042
13,"n23m0164.hpc.itc.rwth-aachen.de",13,"13","uds",53,"n23m0164.hpc.itc.rwth-aachen.de",53,"53","uds",unix,64,4194304,10,50,82.623,27.735,52.7752,51.68,80.413,1.61464,1.78167
13,"n23m0164.hpc.itc.rwth-aachen.de",13,"13","uds",54,"n23m0164.hpc.itc.rwth-aachen.de",54,"54","uds",unix,64,4194304,10,50,58.546,21.499,36.3648,35.6045,59.216,1.50976,1.61473
13,"n23m0164.hpc.itc.rwth-aachen.de",13,"13","uds",55,"n23m0164.hpc.itc.rwth-aachen.de",55,"55","uds",unix,64,4194304,10,50,78.878,27.01,52.428,53.002,80.011,1.51158,1.51236
13,"n23m0164.hpc.itc.rwth-aachen.de",13,"13","uds",56,"n23m0164.hpc.itc.rwth-aachen.de",56,"56","uds",unix,64,4194304,10,50,78.077,30.903,53.8562,54.0715,91.252,1.50884,1.50912
13,"n23m0164.hpc.itc.rwth-aachen.de",13,"13","uds",57,"n23m0164.hpc.itc.rwth-aachen.de",57,"57","uds",unix,64,4194304,10,50,87.033,35.654,52.4026,53.5015,75.405,2.01926,2.05677
13,"n23m0164.hpc.itc.rwth-aachen.de",13,"13","uds",58,"n23m0164.hpc.itc.rwth-aachen.de",58,"58","uds",unix,64,4194304,10,50,68.469,32.827,48.6588,47.733,83.009,1.51101,1.50973
13,"n23m0164.hpc.itc.rwth-aachen.de",13,"13","uds",59,"n23m0164.hpc.itc.rwth-aachen.de",59,"59","uds",unix,64,4194304,10,50,79.865,35.637,52.3029,54.5925,77.805,1.52003,1.52009
13,"n23m0164.hpc.itc.rwth-aachen.de",13,"13","uds",60,"n23m0164.hpc.itc.rwth-aachen.de",60,"60","uds",unix,64,4194304,10,50,87.919,28.348,53.1358,51.962,90.023,1.50613,1.5052
13,"n23m0164.hpc.itc.rwth-aachen.de",13,"13","uds",61,"n23m0164.hpc.itc.rwth-aachen.de",61,"61","uds",unix,64,4194304,10,50,83.865,31.712,50.9437,50.997,80.153,2.06577,2.0594
13,"n23m0164.hpc.itc.rwth-aachen.de",13,"13","uds",62,"n23m0164.hpc.itc.rwth-aachen.de",62,"62","uds",unix,64,4194304,10,50,82.152,30.52,52.2616,52.5045,79.904,1.52,1.51973
13,"n23m0164.hpc.itc.rwth-aachen.de",13,"13","uds",63,"n23m0164.hpc.itc.rwth-aachen.de",63,"63","uds",unix,64,4194304,10,50,93.176,29.467,52.1557,52.1385,78.34,1.49928,1.49847
13,"n23m0164.hpc.itc.rwth-aachen.de",13,"13","uds",64,"n23m0164.hpc.itc.rwth-aachen.de",64,"64","uds",unix,64,4194304,10,50,105.236,29.46,53.1931,53.801,83.915,1.54601,1.7013
13,"n23m0164.hpc.itc.rwth-aachen.de",13,"13","uds",65,"n23m0164.hpc.itc.rwth-aachen.de",65,"65","uds",unix,64,4194304,10,50,52.746,25.14,37.6464,37.9425,66.974,1.53281,1.69439
13,"n23m0164.hpc.itc.rwth-aachen.de",13,"13","uds",66,"n23m0164.hpc.itc.rwth-aachen.de",66,"66","uds",unix,64,4194304,10,50,76.059,29.759,52.3437,51.2745,72.852,1.50326,1.50389
13,"n23m0164.hpc.itc.rwth-aachen.de",13,"13","uds",67,"n23m0164.hpc.itc.rwth-aachen.de",67,"67","uds",unix,64,4194304,10,50,98.018,29.674,52.0635,51.9545,83.093,1.5237,1.52259
13,"n23m0164.hpc.itc.rwth-aachen.de",13,"13","uds",68,"n23m0164.hpc.itc.rwth-aachen.de",68,"68","uds",unix,64,4194304,10,50,76.336,31.204,54.2925,54.489,85.706,1.881,2.02102
13,"n23m0164.hpc.itc.rwth-aachen.de",13,"13","uds",69,"n23m0164.hpc.itc.rwth-aachen.de",69,"69","uds",unix,64,4194304,10,50,64.276,27.197,43.1941,43.1345,76.889,1.4787,1.47807
13,"n23m0164.hpc.itc.rwth-aachen.de",13,"13","uds",70,"n23m0164.hpc.itc.rwth-aachen.de",70,"70","uds",unix,64,4194304,10,50,75.723,29.705,52.9401,52.643,78.295,1.50563,1.50827
13,"n23m0164.hpc.itc.rwth-aachen.de",13,"13","uds",71,"n23m0164.hpc.itc.rwth-aachen.de",71,"71","uds",unix,64,4194304,10,50,75.862,29.451,52.5505,50.6565,83.602,1.50581,1.50506
13,"n23m0164.hpc.itc.rwth-aachen.de",13,"13","uds",72,"n23m0164.hpc.itc.rwth-aachen.de",72,"72","uds",unix,64,4194304,10,50,75.605,28.647,51.908,52.2045,79.554,2.04641,2.09585
13,"n23m0164.hpc.itc.rwth-aachen.de",13,"13","uds",73,"n23m0164.hpc.itc.rwth-aachen.de",73,"73","uds",unix,64,4194304,10,50,89.877,32.216,53.1499,52.3445,84.54,1.51042,1.50236
13,"n23m0164.hpc.itc.rwth-aachen.de",13,"13","uds",74,"n23m0164.hpc.itc.rwth-aachen.de",74,"74","uds",unix,64,4194304,10,50,92.508,26.49,51.9653,51.188,101.228,1.49407,1.49469
13,"n23m0164.hpc.itc.rwth-aachen.de",13,"13","uds",75,"n23m0164.hpc.itc.rwth-aachen.de",75,"75","uds",unix,64,4194304,10,50,95.633,26.227,53.192,50.599,93.309,1.52631,1.5789
13,"n23m0164.hpc.itc.rwth-aachen.de",13,"13","uds",76,"n23m0164.hpc.itc.rwth-aachen.de",76,"76","uds",unix,64,4194304,10,50,58.314,26.545,44.5205,44.2035,63.409,1.68045,1.84637
13,"n23m0164.hpc.itc.rwth-aachen.de",13,"13","uds",77,"n23m0164.hpc.itc.rwth-aachen.de",77,"77","uds",unix,64,4194304,10,50,72.686,34.171,50.8732,51.071,86.525,1.51866,1.51743
13,"n23m0164.hpc.itc.rwth-aachen.de",13,"13","uds",78,"n23m0164.hpc.itc.rwth-aachen.de",78,"78","uds",unix,64,4194304,10,50,78.924,30.909,51.9564,50.8715,79.864,1.53155,1.53187
13,"n23m0164.hpc.itc.rwth-aachen.de",13,"13","uds",79,"n23m0164.hpc.itc.rwth-aachen.de",79,"79","uds",unix,64,4194304,10,50,80.357,30.091,53.9148,54.5625,109.077,1.72961,1.8908
13,"n23m0164.hpc.itc.rwth-aachen.de",13,"13","uds",80,"n23m0164.hpc.itc.rwth-aachen.de",80,"80","uds",unix,64,4194304,10,50,49.156,29.313,38.0856,37.325,47.618,1.52076,1.59423
13,"n23m0164.hpc.itc.rwth-aachen.de",13,"13","uds",81,"n23m0164.hpc.itc.rwth-aachen.de",81,"81","uds",unix,64,4194304,10,50,71.437,30.371,50.8044,52.0285,81.425,1.54161,1.54127
13,"n23m0164.hpc.itc.rwth-aachen.de",13,"13","uds",82,"n23m0164.hpc.itc.rwth-aachen.de",82,"82","uds",unix,64,4194304,10,50,77.671,29.374,51.1872,49.88,94.405,1.5328,1.53219
13,"n23m0164.hpc.itc.rwth-aachen.de",13,"13","uds",83,"n23m0164.hpc.itc.rwth-aachen.de",83,"83","uds",unix,64,4194304,10,50,74.544,30.328,51.7738,52.128,80.119,1.55769,1.73882
13,"n23m0164.hpc.itc.rwth-aachen.de",13,"13","uds",84,"n23m0164.hpc.itc.rwth-aachen.de",84,"84","uds",unix,64,4194304,10,50,50.525,21.051,35.9016,35.4545,58.902,1.53956,1.67787
13,"n23m0164.hpc.itc.rwth-aachen.de",13,"13","uds",85,"n23m0164.hpc.itc.rwth-aachen.de",85,"85","uds",unix,64,4194304,10,50,72.443,31.914,52.1881,50.7995,78.139,1.52679,1.52676
13,"n23m0164.hpc.itc.rwth-aachen.de",13,"13","uds",86,"n23m0164.hpc.itc.rwth-aachen.de",86,"86","uds",unix,64,4194304,10,50,81.019,33.168,53.1057,51.2725,96.648,1.52016,1.51982
13,"n23m0164.hpc.itc.rwth-aachen.de",13,"13","uds",87,"n23m0164.hpc.itc.rwth-aachen.de",87,"87","uds",unix,64,4194304,10,50,94.072,34.446,53.4216,53.381,79.944,1.83062,2.00406
13,"n23m0164.hpc.itc.rwth-aachen.de",13,"13","uds",88,"n23m0164.hpc.itc.rwth-aachen.de",88,"88","uds",unix,64,4194304,10,50,57.978,30.186,39.6346,39.184,56.704,1.51642,1.53307
13,"n23m0164.hpc.itc.rwth-aachen.de",13,"13","uds",89,"n23m0164.hpc.itc.rwth-aachen.de",89,"89","uds",unix,64,4194304,10,50,87.994,36.923,53.5492,52.7965,77.611,1.53798,1.53636
13,"n23m0164.hpc.itc.rwth-aachen.de",13,"13","uds",90,"n23m0164.hpc.itc.rwth-aachen.de",90,"90","uds",unix,64,4194304,10,50,79.373,26.413,53.2324,52.1565,87.375,1.52963,1.52867
13,"n23m0164.hpc.itc.rwth-aachen.de",13,"13","uds",91,"n23m0164.hpc.itc.rwth-aachen.de",91,"91","uds",unix,64,4194304,10,50,68.712,27.176,52.4498,52.165,70.121,2.0942,2.04116
13,"n23m0164.hpc.itc.rwth-aachen.de",13,"13","uds",92,"n23m0164.hpc.itc.rwth-aachen.de",92,"92","uds",unix,64,4194304,10,50,57.475,21.695,42,41.875,65.492,1.52365,1.52226
13,"n23m0164.hpc.itc.rwth-aachen.de",13,"13","uds",93,"n23m0164.hpc.itc.rwth-aachen.de",93,"93","uds",unix,64,4194304,10,50,76.578,26.358,52.6911,51.459,77.809,1.54192,1.54074
13,"n23m0164.hpc.itc.rwth-aachen.de",13,"13","uds",94,"n23m0164.hpc.itc.rwth-aachen.de",94,"94","uds",unix,64,4194304,10,50,78.756,27.383,52.9056,52.5525,75.521,1.51859,1.52019
13,"n23m0164.hpc.itc.rwth-aachen.de",13,"13","uds",95,"n23m0164.hpc.itc.rwth-aachen.de",95,"95","uds",unix,64,4194304,10,50,68.586,31.505,52.8085,52.1035,90.602,1.99801,2.05861
14,"n23m0164.hpc.itc.rwth-aachen.de",14,"14","uds",15,"n23m0164.hpc.itc.rwth-aachen.de",15,"15","uds",unix,64,4194304,10,50,123.13,22.839,32.2975,31.503,49.835,4.30316,4.15862
14,"n23m0164.hpc.itc.rwth-aachen.de",14,"14","uds",16,"n23m0164.hpc.itc.rwth-aachen.de",16,"16","uds",unix,64,4194304,10,50,67.393,24.016,29.071,29.084,40.388,3.82232,3.8326
14,"n23m0164.hpc.itc.rwth-aachen.de",14,"14","uds",17,"n23m0164.hpc.itc.rwth-aachen.de",17,"17","uds",unix,64,4194304,10,50,61.167,21.394,29.3018,29.123,39.731,4.28971,4.28767
14,"n23m0164.hpc.itc.rwth-aachen.de",14,"14","uds",18,"n23m0164.hpc.itc.rwth-aachen.de",18,"18","uds",unix,64,4194304,10,50,58.399,21.725,28.5518,28.3295,38.827,4.90732,4.87903
14,"n23m0164.hpc.itc.rwth-aachen.de",14,"14","uds",19,"n23m0164.hpc.itc.rwth-aachen.de",19,"19","uds",unix,64,4194304,10,50,61.602,20.735,26.5864,26.0655,36.66,4.31817,4.3211
14,"n23m0164.hpc.itc.rwth-aachen.de",14,"14","uds",20,"n23m0164.hpc.itc.rwth-aachen.de",20,"20","uds",unix,64,4194304,10,50,56.931,20.949,26.7022,25.636,58.964,4.49347,4.51569
14,"n23m0164.hpc.itc.rwth-aachen.de",14,"14","uds",21,"n23m0164.hpc.itc.rwth-aachen.de",21,"21","uds",unix,64,4194304,10,50,57.017,19.561,24.5542,23.9935,33.82,5.16951,5.15905
14,"n23m0164.hpc.itc.rwth-aachen.de",14,"14","uds",22,"n23m0164.hpc.itc.rwth-aachen.de",22,"22","uds",unix,64,4194304,10,50,54.73,21.837,24.6327,24.3995,31.643,4.90717,4.90183
14,"n23m0164.hpc.itc.rwth-aachen.de",14,"14","uds",23,"n23m0164.hpc.itc.rwth-aachen.de",23,"23","uds",unix,64,4194304,10,50,49.415,21.266,27.15,26.914,33.423,3.82159,3.83952
14,"n23m0164.hpc.itc.rwth-aachen.de",14,"14","uds",24,"n23m0164.hpc.itc.rwth-aachen.de",24,"24","uds",unix,64,4194304,10,50,58.216,21.897,27.53,27.1755,36.032,2.87084,3.106
14,"n23m0164.hpc.itc.rwth-aachen.de",14,"14","uds",25,"n23m0164.hpc.itc.rwth-aachen.de",25,"25","uds",unix,64,4194304,10,50,73.886,23.453,32.0079,31.736,43.508,2.8475,2.8453
14,"n23m0164.hpc.itc.rwth-aachen.de",14,"14","uds",26,"n23m0164.hpc.itc.rwth-aachen.de",26,"26","uds",unix,64,4194304,10,50,64.483,26.667,32.814,32.215,45.042,4.14876,4.09248
14,"n23m0164.hpc.itc.rwth-aachen.de",14,"14","uds",27,"n23m0164.hpc.itc.rwth-aachen.de",27,"27","uds",unix,64,4194304,10,50,46.542,14.92,22.7446,21.6155,45.04,4.05538,3.98463
14,"n23m0164.hpc.itc.rwth-aachen.de",14,"14","uds",28,"n23m0164.hpc.itc.rwth-aachen.de",28,"28","uds",unix,64,4194304,10,50,70.593,20.175,32.6709,31.7135,53.792,2.84913,2.84937
14,"n23m0164.hpc.itc.rwth-aachen.de",14,"14","uds",29,"n23m0164.hpc.itc.rwth-aachen.de",29,"29","uds",unix,64,4194304,10,50,65.021,23.03,33.1309,33.421,43.152,2.80373,2.85707
14,"n23m0164.hpc.itc.rwth-aachen.de",14,"14","uds",30,"n23m0164.hpc.itc.rwth-aachen.de",30,"30","uds",unix,64,4194304,10,50,54.158,23.578,29.2975,29.232,38.944,2.88449,2.8837
14,"n23m0164.hpc.itc.rwth-aachen.de",14,"14","uds",31,"n23m0164.hpc.itc.rwth-aachen.de",31,"31","uds",unix,64,4194304,10,50,65.799,24.965,32.0838,31.809,44.391,3.3357,3.27981
14,"n23m0164.hpc.itc.rwth-aachen.de",14,"14","uds",32,"n23m0164.hpc.itc.rwth-aachen.de",32,"32","uds",unix,64,4194304,10,50,48.981,21.198,27.341,27.1255,36.295,4.65094,4.59247
14,"n23m0164.hpc.itc.rwth-aachen.de",14,"14","uds",33,"n23m0164.hpc.itc.rwth-aachen.de",33,"33","uds",unix,64,4194304,10,50,36.245,19.418,22.4035,21.7055,35.651,4.45731,4.48218
14,"n23m0164.hpc.itc.rwth-aachen.de",14,"14","uds",34,"n23m0164.hpc.itc.rwth-aachen.de",34,"34","uds",unix,64,4194304,10,50,47.491,20.32,27.8268,27.6525,41.984,2.85255,2.86376
14,"n23m0164.hpc.itc.rwth-aachen.de",14,"14","uds",35,"n23m0164.hpc.itc.rwth-aachen.de",35,"35","uds",unix,64,4194304,10,50,58.393,24.55,33.2555,32.975,45.082,4.18672,4.12607
14,"n23m0164.hpc.itc.rwth-aachen.de",14,"14","uds",36,"n23m0164.hpc.itc.rwth-aachen.de",36,"36","uds",unix,64,4194304,10,50,46.991,17.826,22.4027,21.964,29.908,4.15195,4.1263
14,"n23m0164.hpc.itc.rwth-aachen.de",14,"14","uds",37,"n23m0164.hpc.itc.rwth-aachen.de",37,"37","uds",unix,64,4194304,10,50,65.743,24.446,32.035,31.8085,39.449,3.55173,3.52747
14,"n23m0164.hpc.itc.rwth-aachen.de",14,"14","uds",38,"n23m0164.hpc.itc.rwth-aachen.de",38,"38","uds",unix,64,4194304,10,50,59.497,21.387,28.2098,27.5395,41.06,4.50999,4.49711
14,"n23m0164.hpc.itc.rwth-aachen.de",14,"14","uds",39,"n23m0164.hpc.itc.rwth-aachen.de",39,"39","uds",unix,64,4194304,10,50,37.372,19.015,22.4296,22.5705,26.929,4.50834,4.49709
14,"n23m0164.hpc.itc.rwth-aachen.de",14,"14","uds",40,"n23m0164.hpc.itc.rwth-aachen.de",40,"40","uds",unix,64,4194304,10,50,54.448,23.796,29.4814,28.8935,40.756,3.74792,3.66448
14,"n23m0164.hpc.itc.rwth-aachen.de",14,"14","uds",41,"n23m0164.hpc.itc.rwth-aachen.de",41,"41","uds",unix,64,4194304,10,50,48.863,20.36,26.0569,25.5305,33.348,5.00391,4.90744
14,"n23m0164.hpc.itc.rwth-aachen.de",14,"14","uds",42,"n23m0164.hpc.itc.rwth-aachen.de",42,"42","uds",unix,64,4194304,10,50,42.533,19.102,22.1496,21.995,28.289,4.7132,4.69627
14,"n23m0164.hpc.itc.rwth-aachen.de",14,"14","uds",43,"n23m0164.hpc.itc.rwth-aachen.de",43,"43","uds",unix,64,4194304,10,50,47.796,23.659,26.2197,25.701,33.124,3.04016,3.10905
14,"n23m0164.hpc.itc.rwth-aachen.de",14,"14","uds",44,"n23m0164.hpc.itc.rwth-aachen.de",44,"44","uds",unix,64,4194304,10,50,63.418,25.854,32.9869,32.3255,43.922,3.49542,3.42189
14,"n23m0164.hpc.itc.rwth-aachen.de",14,"14","uds",45,"n23m0164.hpc.itc.rwth-aachen.de",45,"45","uds",unix,64,4194304,10,50,48.256,21.976,28.3926,27.962,38.764,3.02639,3.03564
14,"n23m0164.hpc.itc.rwth-aachen.de",14,"14","uds",46,"n23m0164.hpc.itc.rwth-aachen.de",46,"46","uds",unix,64,4194304,10,50,61.907,20.729,31.8513,31.735,49.418,4.18926,4.15761
14,"n23m0164.hpc.itc.rwth-aachen.de",14,"14","uds",47,"n23m0164.hpc.itc.rwth-aachen.de",47,"47","uds",unix,64,4194304,10,50,46.591,16.453,23.4743,23.0445,33.979,5.59273,5.53844
14,"n23m0164.hpc.itc.rwth-aachen.de",14,"14","uds",48,"n23m0164.hpc.itc.rwth-aachen.de",48,"48","uds",unix,64,4194304,10,50,47.344,25.96,34.8899,34.797,41.929,2.08264,2.04366
14,"n23m0164.hpc.itc.rwth-aachen.de",14,"14","uds",49,"n23m0164.hpc.itc.rwth-aachen.de",49,"49","uds",unix,64,4194304,10,50,84.128,30.402,53.3181,54.5075,88.764,1.49009,1.49501
14,"n23m0164.hpc.itc.rwth-aachen.de",14,"14","uds",50,"n23m0164.hpc.itc.rwth-aachen.de",50,"50","uds",unix,64,4194304,10,50,81.989,32.041,49.7536,48.477,81.415,2.33069,2.21318
14,"n23m0164.hpc.itc.rwth-aachen.de",14,"14","uds",51,"n23m0164.hpc.itc.rwth-aachen.de",51,"51","uds",unix,64,4194304,10,50,88.866,27.107,52.7706,55.58,79.821,1.51067,1.51109
14,"n23m0164.hpc.itc.rwth-aachen.de",14,"14","uds",52,"n23m0164.hpc.itc.rwth-aachen.de",52,"52","uds",unix,64,4194304,10,50,86.234,30.706,53.9805,52.955,85.696,1.49289,1.49109
14,"n23m0164.hpc.itc.rwth-aachen.de",14,"14","uds",53,"n23m0164.hpc.itc.rwth-aachen.de",53,"53","uds",unix,64,4194304,10,50,82.18,28.012,50.8612,48.4625,93.629,1.51714,1.54837
14,"n23m0164.hpc.itc.rwth-aachen.de",14,"14","uds",54,"n23m0164.hpc.itc.rwth-aachen.de",54,"54","uds",unix,64,4194304,10,50,67.001,27.478,46.2408,45.3655,73.148,1.80731,1.88613
14,"n23m0164.hpc.itc.rwth-aachen.de",14,"14","uds",55,"n23m0164.hpc.itc.rwth-aachen.de",55,"55","uds",unix,64,4194304,10,50,93.328,35.677,52.4831,51.1575,74.093,1.49883,1.47995
14,"n23m0164.hpc.itc.rwth-aachen.de",14,"14","uds",56,"n23m0164.hpc.itc.rwth-aachen.de",56,"56","uds",unix,64,4194304,10,50,85.331,33.197,56.0088,52.0015,214.281,1.49882,1.49927
14,"n23m0164.hpc.itc.rwth-aachen.de",14,"14","uds",57,"n23m0164.hpc.itc.rwth-aachen.de",57,"57","uds",unix,64,4194304,10,50,83.679,29.155,53.4043,54.1925,87.481,1.56548,1.74258
14,"n23m0164.hpc.itc.rwth-aachen.de",14,"14","uds",58,"n23m0164.hpc.itc.rwth-aachen.de",58,"58","uds",unix,64,4194304,10,50,53.377,20.416,35.7917,35.6935,52.076,1.51083,1.60344
14,"n23m0164.hpc.itc.rwth-aachen.de",14,"14","uds",59,"n23m0164.hpc.itc.rwth-aachen.de",59,"59","uds",unix,64,4194304,10,50,2274.59,30.213,88.7002,54.069,1476.22,1.50824,1.49747
14,"n23m0164.hpc.itc.rwth-aachen.de",14,"14","uds",60,"n23m0164.hpc.itc.rwth-aachen.de",60,"60","uds",unix,64,4194304,10,50,85.809,31.821,89.4984,56.0435,1255.22,1.49255,1.49133
14,"n23m0164.hpc.itc.rwth-aachen.de",14,"14","uds",61,"n23m0164.hpc.itc.rwth-aachen.de",61,"61","uds",unix,64,4194304,10,50,87.234,26.57,52.8903,52.6185,88.973,2.03363,2.08328
14,"n23m0164.hpc.itc.rwth-aachen.de",14,"14","uds",62,"n23m0164.hpc.itc.rwth-aachen.de",62,"62","uds",unix,64,4194304,10,50,81.744,26.608,52.576,53.4935,78.273,1.51805,1.51978
14,"n23m0164.hpc.itc.rwth-aachen.de",14,"14","uds",63,"n23m0164.hpc.itc.rwth-aachen.de",63,"63","uds",unix,64,4194304,10,50,82.928,32.368,52.8214,52.396,89.997,1.48599,1.48549
14,"n23m0164.hpc.itc.rwth-aachen.de",14,"14","uds",64,"n23m0164.hpc.itc.rwth-aachen.de",64,"64","uds",unix,64,4194304,10,50,90.666,27.426,51.8187,50.474,75.938,1.53296,1.58729
14,"n23m0164.hpc.itc.rwth-aachen.de",14,"14","uds",65,"n23m0164.hpc.itc.rwth-aachen.de",65,"65","uds",unix,64,4194304,10,50,69.354,29.847,45.0086,45.3675,72.074,1.70519,1.85539
14,"n23m0164.hpc.itc.rwth-aachen.de",14,"14","uds",66,"n23m0164.hpc.itc.rwth-aachen.de",66,"66","uds",unix,64,4194304,10,50,86.294,33.48,53.6467,52.8005,78.304,1.50574,1.50641
14,"n23m0164.hpc.itc.rwth-aachen.de",14,"14","uds",67,"n23m0164.hpc.itc.rwth-aachen.de",67,"67","uds",unix,64,4194304,10,50,79.795,27.502,51.7796,52.04,75.617,1.52764,1.52615
14,"n23m0164.hpc.itc.rwth-aachen.de",14,"14","uds",68,"n23m0164.hpc.itc.rwth-aachen.de",68,"68","uds",unix,64,4194304,10,50,113.821,27.902,52.5358,51.33,73.031,1.52366,1.619
14,"n23m0164.hpc.itc.rwth-aachen.de",14,"14","uds",69,"n23m0164.hpc.itc.rwth-aachen.de",69,"69","uds",unix,64,4194304,10,50,56.043,25.875,37.7213,37.9925,47.583,1.50945,1.72639
14,"n23m0164.hpc.itc.rwth-aachen.de",14,"14","uds",70,"n23m0164.hpc.itc.rwth-aachen.de",70,"70","uds",unix,64,4194304,10,50,80.991,28.556,52.821,51.3675,94.933,1.5096,1.51035
14,"n23m0164.hpc.itc.rwth-aachen.de",14,"14","uds",71,"n23m0164.hpc.itc.rwth-aachen.de",71,"71","uds",unix,64,4194304,10,50,77.251,28.297,52.3725,53.1755,80.264,1.51472,1.51613
14,"n23m0164.hpc.itc.rwth-aachen.de",14,"14","uds",72,"n23m0164.hpc.itc.rwth-aachen.de",72,"72","uds",unix,64,4194304,10,50,73.969,29.956,49.7836,51.0765,71.906,1.76542,1.92429
14,"n23m0164.hpc.itc.rwth-aachen.de",14,"14","uds",73,"n23m0164.hpc.itc.rwth-aachen.de",73,"73","uds",unix,64,4194304,10,50,51.061,20.464,38.4162,38.9505,57.975,1.51337,1.54879
14,"n23m0164.hpc.itc.rwth-aachen.de",14,"14","uds",74,"n23m0164.hpc.itc.rwth-aachen.de",74,"74","uds",unix,64,4194304,10,50,78.876,30.155,53.1492,53.2365,78.717,1.50279,1.50318
14,"n23m0164.hpc.itc.rwth-aachen.de",14,"14","uds",75,"n23m0164.hpc.itc.rwth-aachen.de",75,"75","uds",unix,64,4194304,10,50,77.056,27.604,49.8713,50.1845,72.723,1.52837,1.53044
14,"n23m0164.hpc.itc.rwth-aachen.de",14,"14","uds",76,"n23m0164.hpc.itc.rwth-aachen.de",76,"76","uds",unix,64,4194304,10,50,75.461,29.142,50.8409,50.772,68.608,1.84391,2.01524
14,"n23m0164.hpc.itc.rwth-aachen.de",14,"14","uds",77,"n23m0164.hpc.itc.rwth-aachen.de",77,"77","uds",unix,64,4194304,10,50,55.503,26.19,40.7381,41.0565,59.78,1.53279,1.5406
14,"n23m0164.hpc.itc.rwth-aachen.de",14,"14","uds",78,"n23m0164.hpc.itc.rwth-aachen.de",78,"78","uds",unix,64,4194304,10,50,78.192,32.656,51.273,51.556,68.151,1.53699,1.53641
14,"n23m0164.hpc.itc.rwth-aachen.de",14,"14","uds",79,"n23m0164.hpc.itc.rwth-aachen.de",79,"79","uds",unix,64,4194304,10,50,79.367,28.191,51.7527,50.209,72.349,1.54838,1.54852
14,"n23m0164.hpc.itc.rwth-aachen.de",14,"14","uds",80,"n23m0164.hpc.itc.rwth-aachen.de",80,"80","uds",unix,64,4194304,10,50,82.52,29.329,50.0974,50.616,72.779,1.92922,2.00267
14,"n23m0164.hpc.itc.rwth-aachen.de",14,"14","uds",81,"n23m0164.hpc.itc.rwth-aachen.de",81,"81","uds",unix,64,4194304,10,50,65.536,22.565,40.4568,39.4645,58.747,1.5363,1.53451
14,"n23m0164.hpc.itc.rwth-aachen.de",14,"14","uds",82,"n23m0164.hpc.itc.rwth-aachen.de",82,"82","uds",unix,64,4194304,10,50,85.243,27.768,50.0346,47.866,78.624,1.51148,1.49287
14,"n23m0164.hpc.itc.rwth-aachen.de",14,"14","uds",83,"n23m0164.hpc.itc.rwth-aachen.de",83,"83","uds",unix,64,4194304,10,50,85.235,35.403,52.346,50.797,86.877,1.49762,1.50845
14,"n23m0164.hpc.itc.rwth-aachen.de",14,"14","uds",84,"n23m0164.hpc.itc.rwth-aachen.de",84,"84","uds",unix,64,4194304,10,50,77.329,23.957,45.9517,43.716,71.819,2.15243,2.09022
14,"n23m0164.hpc.itc.rwth-aachen.de",14,"14","uds",85,"n23m0164.hpc.itc.rwth-aachen.de",85,"85","uds",unix,64,4194304,10,50,75.17,30.31,52.724,53.267,73.873,1.51893,1.49526
14,"n23m0164.hpc.itc.rwth-aachen.de",14,"14","uds",86,"n23m0164.hpc.itc.rwth-aachen.de",86,"86","uds",unix,64,4194304,10,50,80.136,29.059,53.0554,51.7895,95.685,1.51785,1.51355
14,"n23m0164.hpc.itc.rwth-aachen.de",14,"14","uds",87,"n23m0164.hpc.itc.rwth-aachen.de",87,"87","uds",unix,64,4194304,10,50,89.008,31.397,51.7057,52.384,100.765,1.53488,1.52506
14,"n23m0164.hpc.itc.rwth-aachen.de",14,"14","uds",88,"n23m0164.hpc.itc.rwth-aachen.de",88,"88","uds",unix,64,4194304,10,50,87.975,27.058,51.5123,50.4995,89.164,2.12797,2.12665
14,"n23m0164.hpc.itc.rwth-aachen.de",14,"14","uds",89,"n23m0164.hpc.itc.rwth-aachen.de",89,"89","uds",unix,64,4194304,10,50,75.377,27.136,49.0245,49.8605,72.589,1.52428,1.49743
14,"n23m0164.hpc.itc.rwth-aachen.de",14,"14","uds",90,"n23m0164.hpc.itc.rwth-aachen.de",90,"90","uds",unix,64,4194304,10,50,93.39,33.131,53.1121,53.906,82.463,1.53251,1.52242
14,"n23m0164.hpc.itc.rwth-aachen.de",14,"14","uds",91,"n23m0164.hpc.itc.rwth-aachen.de",91,"91","uds",unix,64,4194304,10,50,85.958,27.769,50.7737,50.3635,79.313,1.5363,1.58497
14,"n23m0164.hpc.itc.rwth-aachen.de",14,"14","uds",92,"n23m0164.hpc.itc.rwth-aachen.de",92,"92","uds",unix,64,4194304,10,50,74.626,23.967,44.6443,44.268,75.056,1.81834,1.90943
14,"n23m0164.hpc.itc.rwth-aachen.de",14,"14","uds",93,"n23m0164.hpc.itc.rwth-aachen.de",93,"93","uds",unix,64,4194304,10,50,89.863,33.034,50.6151,50.442,69.621,1.5357,1.52937
14,"n23m0164.hpc.itc.rwth-aachen.de",14,"14","uds",94,"n23m0164.hpc.itc.rwth-aachen.de",94,"94","uds",unix,64,4194304,10,50,88.13,30.849,53.7637,54.165,91.945,1.51093,1.49943
14,"n23m0164.hpc.itc.rwth-aachen.de",14,"14","uds",95,"n23m0164.hpc.itc.rwth-aachen.de",95,"95","uds",unix,64,4194304,10,50,89.988,29.085,51.814,49.662,79.209,1.65934,1.7984
15,"n23m0164.hpc.itc.rwth-aachen.de",15,"15","uds",16,"n23m0164.hpc.itc.rwth-aachen.de",16,"16","uds",unix,64,4194304,10,50,97.359,22.881,26.8652,26.8525,36.294,4.47514,4.47792
15,"n23m0164.hpc.itc.rwth-aachen.de",15,"15","uds",17,"n23m0164.hpc.itc.rwth-aachen.de",17,"17","uds",unix,64,4194304,10,50,64.154,21.376,29.2945,29.3,44.458,3.7274,3.80857
15,"n23m0164.hpc.itc.rwth-aachen.de",15,"15","uds",18,"n23m0164.hpc.itc.rwth-aachen.de",18,"18","uds",unix,64,4194304,10,50,68.893,26.478,34.7988,34.6425,48.558,3.81557,3.79503
15,"n23m0164.hpc.itc.rwth-aachen.de",15,"15","uds",19,"n23m0164.hpc.itc.rwth-aachen.de",19,"19","uds",unix,64,4194304,10,50,60.01,24.346,35.2206,34.551,59.803,4.29919,4.1989
15,"n23m0164.hpc.itc.rwth-aachen.de",15,"15","uds",20,"n23m0164.hpc.itc.rwth-aachen.de",20,"20","uds",unix,64,4194304,10,50,62.246,24.301,29.3378,28.606,46.256,5.17563,5.10047
15,"n23m0164.hpc.itc.rwth-aachen.de",15,"15","uds",21,"n23m0164.hpc.itc.rwth-aachen.de",21,"21","uds",unix,64,4194304,10,50,58.763,22.723,26.4363,26.12,32.481,5.1748,5.06182
15,"n23m0164.hpc.itc.rwth-aachen.de",15,"15","uds",22,"n23m0164.hpc.itc.rwth-aachen.de",22,"22","uds",unix,64,4194304,10,50,58.332,23.697,29.2983,28.86,42.266,3.66204,3.71099
15,"n23m0164.hpc.itc.rwth-aachen.de",15,"15","uds",23,"n23m0164.hpc.itc.rwth-aachen.de",23,"23","uds",unix,64,4194304,10,50,69.818,27.125,34.1961,34.1245,46.232,3.65857,3.64914
15,"n23m0164.hpc.itc.rwth-aachen.de",15,"15","uds",24,"n23m0164.hpc.itc.rwth-aachen.de",24,"24","uds",unix,64,4194304,10,50,71.95,20.816,34.1512,28.1675,266.251,3.45936,3.41517
15,"n23m0164.hpc.itc.rwth-aachen.de",15,"15","uds",25,"n23m0164.hpc.itc.rwth-aachen.de",25,"25","uds",unix,64,4194304,10,50,67.311,18.156,30.0872,29.4235,46.407,3.45489,3.45219
15,"n23m0164.hpc.itc.rwth-aachen.de",15,"15","uds",26,"n23m0164.hpc.itc.rwth-aachen.de",26,"26","uds",unix,64,4194304,10,50,60.006,18.547,67.1809,29.159,1694.05,4.35971,4.29525
15,"n23m0164.hpc.itc.rwth-aachen.de",15,"15","uds",27,"n23m0164.hpc.itc.rwth-aachen.de",27,"27","uds",unix,64,4194304,10,50,51.293,19.265,23.5547,23.037,33.361,4.27061,4.41062
15,"n23m0164.hpc.itc.rwth-aachen.de",15,"15","uds",28,"n23m0164.hpc.itc.rwth-aachen.de",28,"28","uds",unix,64,4194304,10,50,59.215,20.361,25.8759,25.3435,32.188,4.00902,3.95448
15,"n23m0164.hpc.itc.rwth-aachen.de",15,"15","uds",29,"n23m0164.hpc.itc.rwth-aachen.de",29,"29","uds",unix,64,4194304,10,50,58.603,21.179,26.0583,25.6985,38.492,3.91593,3.8419
15,"n23m0164.hpc.itc.rwth-aachen.de",15,"15","uds",30,"n23m0164.hpc.itc.rwth-aachen.de",30,"30","uds",unix,64,4194304,10,50,60.98,21.533,26.6199,26.329,33.996,4.04619,3.9924
15,"n23m0164.hpc.itc.rwth-aachen.de",15,"15","uds",31,"n23m0164.hpc.itc.rwth-aachen.de",31,"31","uds",unix,64,4194304,10,50,60.593,19.923,26.5843,26.0945,37.035,3.93748,3.9265
15,"n23m0164.hpc.itc.rwth-aachen.de",15,"15","uds",32,"n23m0164.hpc.itc.rwth-aachen.de",32,"32","uds",unix,64,4194304,10,50,56.518,21.218,26.5602,25.7465,45.636,4.57763,4.528
15,"n23m0164.hpc.itc.rwth-aachen.de",15,"15","uds",33,"n23m0164.hpc.itc.rwth-aachen.de",33,"33","uds",unix,64,4194304,10,50,52.837,19.353,22.9734,22.6815,31.227,4.36631,4.44125
15,"n23m0164.hpc.itc.rwth-aachen.de",15,"15","uds",34,"n23m0164.hpc.itc.rwth-aachen.de",34,"34","uds",unix,64,4194304,10,50,55.844,21.801,25.875,25.363,33.01,4.22855,4.22988
15,"n23m0164.hpc.itc.rwth-aachen.de",15,"15","uds",35,"n23m0164.hpc.itc.rwth-aachen.de",35,"35","uds",unix,64,4194304,10,50,50.196,21.303,26.2434,26.0885,36.978,4.74978,4.69345
15,"n23m0164.hpc.itc.rwth-aachen.de",15,"15","uds",36,"n23m0164.hpc.itc.rwth-aachen.de",36,"36","uds",unix,64,4194304,10,50,40.834,18.556,21.6689,21.5305,27.906,5.04718,5.08623
15,"n23m0164.hpc.itc.rwth-aachen.de",15,"15","uds",37,"n23m0164.hpc.itc.rwth-aachen.de",37,"37","uds",unix,64,4194304,10,50,42.523,20.775,24.1373,24.044,31.862,4.99908,4.98206
15,"n23m0164.hpc.itc.rwth-aachen.de",15,"15","uds",38,"n23m0164.hpc.itc.rwth-aachen.de",38,"38","uds",unix,64,4194304,10,50,51.273,20.93,24.5976,24.4305,34.11,5.29414,5.26752
15,"n23m0164.hpc.itc.rwth-aachen.de",15,"15","uds",39,"n23m0164.hpc.itc.rwth-aachen.de",39,"39","uds",unix,64,4194304,10,50,40.336,18.825,21.9657,21.582,27.741,5.13357,5.14361
15,"n23m0164.hpc.itc.rwth-aachen.de",15,"15","uds",40,"n23m0164.hpc.itc.rwth-aachen.de",40,"40","uds",unix,64,4194304,10,50,47.464,20.339,25.8936,25.4685,35.569,4.35502,4.35245
15,"n23m0164.hpc.itc.rwth-aachen.de",15,"15","uds",41,"n23m0164.hpc.itc.rwth-aachen.de",41,"41","uds",unix,64,4194304,10,50,53.109,19.595,24.9045,24.793,33.055,5.04323,5.03824
15,"n23m0164.hpc.itc.rwth-aachen.de",15,"15","uds",42,"n23m0164.hpc.itc.rwth-aachen.de",42,"42","uds",unix,64,4194304,10,50,43.186,19.172,22.5779,22.4385,27.997,4.98585,5.01001
15,"n23m0164.hpc.itc.rwth-aachen.de",15,"15","uds",43,"n23m0164.hpc.itc.rwth-aachen.de",43,"43","uds",unix,64,4194304,10,50,48.461,20.82,24.829,24.741,36.13,4.79478,4.7895
15,"n23m0164.hpc.itc.rwth-aachen.de",15,"15","uds",44,"n23m0164.hpc.itc.rwth-aachen.de",44,"44","uds",unix,64,4194304,10,50,48.164,21.451,25.2595,25.108,36.142,4.68592,4.68783
15,"n23m0164.hpc.itc.rwth-aachen.de",15,"15","uds",45,"n23m0164.hpc.itc.rwth-aachen.de",45,"45","uds",unix,64,4194304,10,50,46.892,18.639,24.1472,23.772,36.65,4.83346,4.82778
15,"n23m0164.hpc.itc.rwth-aachen.de",15,"15","uds",46,"n23m0164.hpc.itc.rwth-aachen.de",46,"46","uds",unix,64,4194304,10,50,46.78,19.727,25.1373,24.429,35.436,4.67767,4.68241
15,"n23m0164.hpc.itc.rwth-aachen.de",15,"15","uds",47,"n23m0164.hpc.itc.rwth-aachen.de",47,"47","uds",unix,64,4194304,10,50,48.048,18.21,25.0602,24.658,37.855,5.19233,5.15698
15,"n23m0164.hpc.itc.rwth-aachen.de",15,"15","uds",48,"n23m0164.hpc.itc.rwth-aachen.de",48,"48","uds",unix,64,4194304,10,50,49.462,26.958,34.9365,35.0575,48.373,1.91983,1.96896
15,"n23m0164.hpc.itc.rwth-aachen.de",15,"15","uds",49,"n23m0164.hpc.itc.rwth-aachen.de",49,"49","uds",unix,64,4194304,10,50,72.088,33.53,54.7312,54.4725,77.518,1.49912,1.5469
15,"n23m0164.hpc.itc.rwth-aachen.de",15,"15","uds",50,"n23m0164.hpc.itc.rwth-aachen.de",50,"50","uds",unix,64,4194304,10,50,78.196,31.498,45.8628,45.386,61.654,1.66764,1.85167
15,"n23m0164.hpc.itc.rwth-aachen.de",15,"15","uds",51,"n23m0164.hpc.itc.rwth-aachen.de",51,"51","uds",unix,64,4194304,10,50,85.489,32.39,53.2348,51.555,74.781,1.49649,1.48391
15,"n23m0164.hpc.itc.rwth-aachen.de",15,"15","uds",52,"n23m0164.hpc.itc.rwth-aachen.de",52,"52","uds",unix,64,4194304,10,50,114.868,27.992,55.429,54.543,89.972,1.48811,1.48951
15,"n23m0164.hpc.itc.rwth-aachen.de",15,"15","uds",53,"n23m0164.hpc.itc.rwth-aachen.de",53,"53","uds",unix,64,4194304,10,50,88.006,35.376,54.2831,53.3035,77.826,1.67633,1.81449
15,"n23m0164.hpc.itc.rwth-aachen.de",15,"15","uds",54,"n23m0164.hpc.itc.rwth-aachen.de",54,"54","uds",unix,64,4194304,10,50,58.947,28.444,39.1064,38.4825,49.352,1.48709,1.52606
15,"n23m0164.hpc.itc.rwth-aachen.de",15,"15","uds",55,"n23m0164.hpc.itc.rwth-aachen.de",55,"55","uds",unix,64,4194304,10,50,88.36,30.051,53.6644,53.3545,80.92,1.48985,1.49116
15,"n23m0164.hpc.itc.rwth-aachen.de",15,"15","uds",56,"n23m0164.hpc.itc.rwth-aachen.de",56,"56","uds",unix,64,4194304,10,50,81.666,32.053,53.8149,53.6135,87.216,1.50376,1.53375
15,"n23m0164.hpc.itc.rwth-aachen.de",15,"15","uds",57,"n23m0164.hpc.itc.rwth-aachen.de",57,"57","uds",unix,64,4194304,10,50,66.805,26.555,47.1868,47.74,65.376,1.50475,1.73237
15,"n23m0164.hpc.itc.rwth-aachen.de",15,"15","uds",58,"n23m0164.hpc.itc.rwth-aachen.de",58,"58","uds",unix,64,4194304,10,50,88.199,33.629,52.6894,53.123,75.592,1.50736,1.50741
15,"n23m0164.hpc.itc.rwth-aachen.de",15,"15","uds",59,"n23m0164.hpc.itc.rwth-aachen.de",59,"59","uds",unix,64,4194304,10,50,82.439,28.812,52.249,52.075,93.183,1.50708,1.50838
15,"n23m0164.hpc.itc.rwth-aachen.de",15,"15","uds",60,"n23m0164.hpc.itc.rwth-aachen.de",60,"60","uds",unix,64,4194304,10,50,83.632,27.034,53.9532,51.033,77.036,2.0283,2.02706
15,"n23m0164.hpc.itc.rwth-aachen.de",15,"15","uds",61,"n23m0164.hpc.itc.rwth-aachen.de",61,"61","uds",unix,64,4194304,10,50,61.874,23.364,42.8198,42.384,60.499,1.51433,1.51533
15,"n23m0164.hpc.itc.rwth-aachen.de",15,"15","uds",62,"n23m0164.hpc.itc.rwth-aachen.de",62,"62","uds",unix,64,4194304,10,50,79.016,29.166,51.7379,51.4895,86.359,1.52787,1.52511
15,"n23m0164.hpc.itc.rwth-aachen.de",15,"15","uds",63,"n23m0164.hpc.itc.rwth-aachen.de",63,"63","uds",unix,64,4194304,10,50,84.937,30.887,54.281,54.036,77.631,1.50534,1.50547
15,"n23m0164.hpc.itc.rwth-aachen.de",15,"15","uds",64,"n23m0164.hpc.itc.rwth-aachen.de",64,"64","uds",unix,64,4194304,10,50,84.015,36.445,53.0851,53.4305,71.08,2.07189,2.1247
15,"n23m0164.hpc.itc.rwth-aachen.de",15,"15","uds",65,"n23m0164.hpc.itc.rwth-aachen.de",65,"65","uds",unix,64,4194304,10,50,74.294,27.332,46.9276,47.38,75.824,1.50997,1.50875
15,"n23m0164.hpc.itc.rwth-aachen.de",15,"15","uds",66,"n23m0164.hpc.itc.rwth-aachen.de",66,"66","uds",unix,64,4194304,10,50,82.959,28.092,54.1723,56.078,100.451,1.50067,1.50003
15,"n23m0164.hpc.itc.rwth-aachen.de",15,"15","uds",67,"n23m0164.hpc.itc.rwth-aachen.de",67,"67","uds",unix,64,4194304,10,50,82.395,38.118,53.3935,52.7105,77.123,1.53112,1.55191
15,"n23m0164.hpc.itc.rwth-aachen.de",15,"15","uds",68,"n23m0164.hpc.itc.rwth-aachen.de",68,"68","uds",unix,64,4194304,10,50,71.358,31.309,47.5971,48.484,64.205,1.94733,1.95468
15,"n23m0164.hpc.itc.rwth-aachen.de",15,"15","uds",69,"n23m0164.hpc.itc.rwth-aachen.de",69,"69","uds",unix,64,4194304,10,50,77.328,31.952,52.4531,52.461,79.1,1.49314,1.49306
15,"n23m0164.hpc.itc.rwth-aachen.de",15,"15","uds",70,"n23m0164.hpc.itc.rwth-aachen.de",70,"70","uds",unix,64,4194304,10,50,84.137,41.713,53.2546,53.3125,67.649,1.524,1.52284
15,"n23m0164.hpc.itc.rwth-aachen.de",15,"15","uds",71,"n23m0164.hpc.itc.rwth-aachen.de",71,"71","uds",unix,64,4194304,10,50,89.732,28.95,52.3445,52.766,72.484,1.52266,1.64953
15,"n23m0164.hpc.itc.rwth-aachen.de",15,"15","uds",72,"n23m0164.hpc.itc.rwth-aachen.de",72,"72","uds",unix,64,4194304,10,50,48.91,25.2,37.6666,37.714,54.056,1.53176,1.74644
15,"n23m0164.hpc.itc.rwth-aachen.de",15,"15","uds",73,"n23m0164.hpc.itc.rwth-aachen.de",73,"73","uds",unix,64,4194304,10,50,78.124,28.922,50.9673,50.5005,73.356,1.53476,1.53251
15,"n23m0164.hpc.itc.rwth-aachen.de",15,"15","uds",74,"n23m0164.hpc.itc.rwth-aachen.de",74,"74","uds",unix,64,4194304,10,50,80.208,30.038,53.3622,52.183,74.76,1.49197,1.49121
15,"n23m0164.hpc.itc.rwth-aachen.de",15,"15","uds",75,"n23m0164.hpc.itc.rwth-aachen.de",75,"75","uds",unix,64,4194304,10,50,85.005,30.362,52.4603,51.1995,70.171,1.55047,1.70617
15,"n23m0164.hpc.itc.rwth-aachen.de",15,"15","uds",76,"n23m0164.hpc.itc.rwth-aachen.de",76,"76","uds",unix,64,4194304,10,50,49.914,21.942,35.5967,36.4745,44.304,1.52894,1.69983
15,"n23m0164.hpc.itc.rwth-aachen.de",15,"15","uds",77,"n23m0164.hpc.itc.rwth-aachen.de",77,"77","uds",unix,64,4194304,10,50,77.558,26.858,52.047,52.822,67.74,1.5257,1.52568
15,"n23m0164.hpc.itc.rwth-aachen.de",15,"15","uds",78,"n23m0164.hpc.itc.rwth-aachen.de",78,"78","uds",unix,64,4194304,10,50,83.952,29.505,51.3379,51.8795,73.811,1.53116,1.53089
15,"n23m0164.hpc.itc.rwth-aachen.de",15,"15","uds",79,"n23m0164.hpc.itc.rwth-aachen.de",79,"79","uds",unix,64,4194304,10,50,81.691,30.331,53.2317,52.607,84.697,1.75923,1.8788
15,"n23m0164.hpc.itc.rwth-aachen.de",15,"15","uds",80,"n23m0164.hpc.itc.rwth-aachen.de",80,"80","uds",unix,64,4194304,10,50,55.117,21.729,41.4451,40.531,66.282,1.51322,1.52529
15,"n23m0164.hpc.itc.rwth-aachen.de",15,"15","uds",81,"n23m0164.hpc.itc.rwth-aachen.de",81,"81","uds",unix,64,4194304,10,50,81.985,29.99,52.1442,52.1985,79.65,1.54165,1.54009
15,"n23m0164.hpc.itc.rwth-aachen.de",15,"15","uds",82,"n23m0164.hpc.itc.rwth-aachen.de",82,"82","uds",unix,64,4194304,10,50,84.78,29.11,51.968,50.619,74.431,1.52583,1.52815
15,"n23m0164.hpc.itc.rwth-aachen.de",15,"15","uds",83,"n23m0164.hpc.itc.rwth-aachen.de",83,"83","uds",unix,64,4194304,10,50,79.178,31.824,51.7813,51.333,75.897,1.85642,1.98808
15,"n23m0164.hpc.itc.rwth-aachen.de",15,"15","uds",84,"n23m0164.hpc.itc.rwth-aachen.de",84,"84","uds",unix,64,4194304,10,50,75.099,26.855,44.3196,43.9245,69.476,1.53056,1.53082
15,"n23m0164.hpc.itc.rwth-aachen.de",15,"15","uds",85,"n23m0164.hpc.itc.rwth-aachen.de",85,"85","uds",unix,64,4194304,10,50,75.74,30.602,53.8888,52.742,100.78,1.53422,1.5323
15,"n23m0164.hpc.itc.rwth-aachen.de",15,"15","uds",86,"n23m0164.hpc.itc.rwth-aachen.de",86,"86","uds",unix,64,4194304,10,50,80.22,29.501,51.1493,50.0735,78.559,1.52044,1.51943
15,"n23m0164.hpc.itc.rwth-aachen.de",15,"15","uds",87,"n23m0164.hpc.itc.rwth-aachen.de",87,"87","uds",unix,64,4194304,10,50,80.676,27.062,51.4855,52.5195,76.761,1.88903,2.04148
15,"n23m0164.hpc.itc.rwth-aachen.de",15,"15","uds",88,"n23m0164.hpc.itc.rwth-aachen.de",88,"88","uds",unix,64,4194304,10,50,61.455,22.87,41.9613,41.2915,56.698,1.52275,1.5254
15,"n23m0164.hpc.itc.rwth-aachen.de",15,"15","uds",89,"n23m0164.hpc.itc.rwth-aachen.de",89,"89","uds",unix,64,4194304,10,50,80.101,27.919,53.9288,52.6275,84.233,1.51919,1.52119
15,"n23m0164.hpc.itc.rwth-aachen.de",15,"15","uds",90,"n23m0164.hpc.itc.rwth-aachen.de",90,"90","uds",unix,64,4194304,10,50,114.874,27.412,51.3678,51.0135,83.773,1.52857,1.52902
15,"n23m0164.hpc.itc.rwth-aachen.de",15,"15","uds",91,"n23m0164.hpc.itc.rwth-aachen.de",91,"91","uds",unix,64,4194304,10,50,89.725,33.592,51.1672,53.2735,68.99,2.00711,2.06969
15,"n23m0164.hpc.itc.rwth-aachen.de",15,"15","uds",92,"n23m0164.hpc.itc.rwth-aachen.de",92,"92","uds",unix,64,4194304,10,50,83.249,27.827,51.8323,50.764,81.869,1.52228,1.52392
15,"n23m0164.hpc.itc.rwth-aachen.de",15,"15","uds",93,"n23m0164.hpc.itc.rwth-aachen.de",93,"93","uds",unix,64,4194304,10,50,81.615,30.722,50.7008,49.054,75.307,1.52603,1.52531
15,"n23m0164.hpc.itc.rwth-aachen.de",15,"15","uds",94,"n23m0164.hpc.itc.rwth-aachen.de",94,"94","uds",unix,64,4194304,10,50,89.289,30.924,50.8512,48.9955,82.203,1.52711,1.53467
15,"n23m0164.hpc.itc.rwth-aachen.de",15,"15","uds",95,"n23m0164.hpc.itc.rwth-aachen.de",95,"95","uds",unix,64,4194304,10,50,71.007,27.574,47.1986,48.3045,70.219,2.00582,2.01998
16,"n23m0164.hpc.itc.rwth-aachen.de",16,"16","uds",17,"n23m0164.hpc.itc.rwth-aachen.de",17,"17","uds",unix,64,4194304,10,50,163.681,26.156,39.1354,38.236,62.915,3.9868,3.9037
16,"n23m0164.hpc.itc.rwth-aachen.de",16,"16","uds",18,"n23m0164.hpc.itc.rwth-aachen.de",18,"18","uds",unix,64,4194304,10,50,67.506,21.582,30.4541,30.15,53.478,4.90499,4.85089
16,"n23m0164.hpc.itc.rwth-aachen.de",16,"16","uds",19,"n23m0164.hpc.itc.rwth-aachen.de",19,"19","uds",unix,64,4194304,10,50,59.482,22.432,28.2554,27.2045,38.578,3.24718,3.38843
16,"n23m0164.hpc.itc.rwth-aachen.de",16,"16","uds",20,"n23m0164.hpc.itc.rwth-aachen.de",20,"20","uds",unix,64,4194304,10,50,76.058,25.941,35.0473,34.753,48.19,3.82644,3.85867
16,"n23m0164.hpc.itc.rwth-aachen.de",16,"16","uds",21,"n23m0164.hpc.itc.rwth-aachen.de",21,"21","uds",unix,64,4194304,10,50,57.329,21.124,27.3029,26.6565,36.774,4.93759,4.86912
16,"n23m0164.hpc.itc.rwth-aachen.de",16,"16","uds",22,"n23m0164.hpc.itc.rwth-aachen.de",22,"22","uds",unix,64,4194304,10,50,65.063,22.409,29.0508,28.7535,36.749,4.87957,4.86955
16,"n23m0164.hpc.itc.rwth-aachen.de",16,"16","uds",23,"n23m0164.hpc.itc.rwth-aachen.de",23,"23","uds",unix,64,4194304,10,50,59.139,15.902,28.8347,28.2825,52.798,3.54892,3.6484
16,"n23m0164.hpc.itc.rwth-aachen.de",16,"16","uds",24,"n23m0164.hpc.itc.rwth-aachen.de",24,"24","uds",unix,64,4194304,10,50,73.882,19.259,27.8671,27.2015,50.352,2.84181,2.86767
16,"n23m0164.hpc.itc.rwth-aachen.de",16,"16","uds",25,"n23m0164.hpc.itc.rwth-aachen.de",25,"25","uds",unix,64,4194304,10,50,72.581,23.961,32.7159,32.2995,41.494,2.83587,2.83547
16,"n23m0164.hpc.itc.rwth-aachen.de",16,"16","uds",26,"n23m0164.hpc.itc.rwth-aachen.de",26,"26","uds",unix,64,4194304,10,50,82.702,19.613,32.6999,32.2935,45.342,4.11637,4.07741
16,"n23m0164.hpc.itc.rwth-aachen.de",16,"16","uds",27,"n23m0164.hpc.itc.rwth-aachen.de",27,"27","uds",unix,64,4194304,10,50,46.096,18.272,22.8261,22.797,29.291,4.01273,3.94109
16,"n23m0164.hpc.itc.rwth-aachen.de",16,"16","uds",28,"n23m0164.hpc.itc.rwth-aachen.de",28,"28","uds",unix,64,4194304,10,50,66.434,21.415,31.9883,31.719,54.06,2.84656,2.84618
16,"n23m0164.hpc.itc.rwth-aachen.de",16,"16","uds",29,"n23m0164.hpc.itc.rwth-aachen.de",29,"29","uds",unix,64,4194304,10,50,71.697,23.454,32.1328,31.897,42.28,2.76561,2.76785
16,"n23m0164.hpc.itc.rwth-aachen.de",16,"16","uds",30,"n23m0164.hpc.itc.rwth-aachen.de",30,"30","uds",unix,64,4194304,10,50,62.843,23.57,31.9981,31.6425,45.518,2.85748,2.8589
16,"n23m0164.hpc.itc.rwth-aachen.de",16,"16","uds",31,"n23m0164.hpc.itc.rwth-aachen.de",31,"31","uds",unix,64,4194304,10,50,64.474,26.301,32.3312,32.2565,43.128,3.08901,3.05028
16,"n23m0164.hpc.itc.rwth-aachen.de",16,"16","uds",32,"n23m0164.hpc.itc.rwth-aachen.de",32,"32","uds",unix,64,4194304,10,50,63.88,21.246,29.1716,28.041,46.968,4.48657,4.42619
16,"n23m0164.hpc.itc.rwth-aachen.de",16,"16","uds",33,"n23m0164.hpc.itc.rwth-aachen.de",33,"33","uds",unix,64,4194304,10,50,43.847,18.202,22.4092,22.4175,32.831,4.26463,4.1878
16,"n23m0164.hpc.itc.rwth-aachen.de",16,"16","uds",34,"n23m0164.hpc.itc.rwth-aachen.de",34,"34","uds",unix,64,4194304,10,50,56.674,24.508,30.1383,29.7775,46.018,2.85379,2.85044
16,"n23m0164.hpc.itc.rwth-aachen.de",16,"16","uds",35,"n23m0164.hpc.itc.rwth-aachen.de",35,"35","uds",unix,64,4194304,10,50,63.388,24.977,32.5229,32.4575,45.219,4.18465,4.09676
16,"n23m0164.hpc.itc.rwth-aachen.de",16,"16","uds",36,"n23m0164.hpc.itc.rwth-aachen.de",36,"36","uds",unix,64,4194304,10,50,45.226,19.354,23.3337,23.152,28.88,4.41703,4.27882
16,"n23m0164.hpc.itc.rwth-aachen.de",16,"16","uds",37,"n23m0164.hpc.itc.rwth-aachen.de",37,"37","uds",unix,64,4194304,10,50,58.514,24.75,29.7502,29.2005,44.7,3.02478,3.02552
16,"n23m0164.hpc.itc.rwth-aachen.de",16,"16","uds",38,"n23m0164.hpc.itc.rwth-aachen.de",38,"38","uds",unix,64,4194304,10,50,67.302,22.178,32.2432,31.7785,41.91,4.35154,4.27442
16,"n23m0164.hpc.itc.rwth-aachen.de",16,"16","uds",39,"n23m0164.hpc.itc.rwth-aachen.de",39,"39","uds",unix,64,4194304,10,50,40.202,18.492,22.7321,22.4975,28.916,4.14224,4.12262
16,"n23m0164.hpc.itc.rwth-aachen.de",16,"16","uds",40,"n23m0164.hpc.itc.rwth-aachen.de",40,"40","uds",unix,64,4194304,10,50,64.797,25.247,33.743,33.5205,46.379,3.67693,3.48202
16,"n23m0164.hpc.itc.rwth-aachen.de",16,"16","uds",41,"n23m0164.hpc.itc.rwth-aachen.de",41,"41","uds",unix,64,4194304,10,50,55.137,21.21,27.8158,27.852,35.584,4.6166,4.58009
16,"n23m0164.hpc.itc.rwth-aachen.de",16,"16","uds",42,"n23m0164.hpc.itc.rwth-aachen.de",42,"42","uds",unix,64,4194304,10,50,43.553,17.964,23.1146,22.718,31.718,4.53071,4.47152
16,"n23m0164.hpc.itc.rwth-aachen.de",16,"16","uds",43,"n23m0164.hpc.itc.rwth-aachen.de",43,"43","uds",unix,64,4194304,10,50,57.842,23.688,28.2941,28.044,34.931,3.00855,3.00754
16,"n23m0164.hpc.itc.rwth-aachen.de",16,"16","uds",44,"n23m0164.hpc.itc.rwth-aachen.de",44,"44","uds",unix,64,4194304,10,50,65.703,23.991,33.0455,32.4925,50.672,3.42708,3.38101
16,"n23m0164.hpc.itc.rwth-aachen.de",16,"16","uds",45,"n23m0164.hpc.itc.rwth-aachen.de",45,"45","uds",unix,64,4194304,10,50,58.373,24.066,31.3848,30.9995,48.425,3.02179,3.02767
16,"n23m0164.hpc.itc.rwth-aachen.de",16,"16","uds",46,"n23m0164.hpc.itc.rwth-aachen.de",46,"46","uds",unix,64,4194304,10,50,70.878,22.635,32.6174,31.7865,52.459,4.40836,4.37272
16,"n23m0164.hpc.itc.rwth-aachen.de",16,"16","uds",47,"n23m0164.hpc.itc.rwth-aachen.de",47,"47","uds",unix,64,4194304,10,50,51.405,17.902,23.7734,22.655,54.358,5.58259,5.50075
16,"n23m0164.hpc.itc.rwth-aachen.de",16,"16","uds",48,"n23m0164.hpc.itc.rwth-aachen.de",48,"48","uds",unix,64,4194304,10,50,56.868,26.181,36.1951,36.0875,47.79,2.0982,2.04774
16,"n23m0164.hpc.itc.rwth-aachen.de",16,"16","uds",49,"n23m0164.hpc.itc.rwth-aachen.de",49,"49","uds",unix,64,4194304,10,50,89.312,31.087,53.5969,54.271,77.02,1.49333,1.50094
16,"n23m0164.hpc.itc.rwth-aachen.de",16,"16","uds",50,"n23m0164.hpc.itc.rwth-aachen.de",50,"50","uds",unix,64,4194304,10,50,78.174,26.638,49.7878,49.432,71.971,2.19281,2.10826
16,"n23m0164.hpc.itc.rwth-aachen.de",16,"16","uds",51,"n23m0164.hpc.itc.rwth-aachen.de",51,"51","uds",unix,64,4194304,10,50,82.047,30.9,54.211,54.0345,78.487,1.5042,1.5045
16,"n23m0164.hpc.itc.rwth-aachen.de",16,"16","uds",52,"n23m0164.hpc.itc.rwth-aachen.de",52,"52","uds",unix,64,4194304,10,50,85.744,33.705,54.6141,54.5565,78.738,1.49106,1.4916
16,"n23m0164.hpc.itc.rwth-aachen.de",16,"16","uds",53,"n23m0164.hpc.itc.rwth-aachen.de",53,"53","uds",unix,64,4194304,10,50,79.935,27.922,52.4132,53.015,74.699,1.52535,1.63116
16,"n23m0164.hpc.itc.rwth-aachen.de",16,"16","uds",54,"n23m0164.hpc.itc.rwth-aachen.de",54,"54","uds",unix,64,4194304,10,50,51.983,28.26,38.3759,38.383,54.074,1.50839,1.7152
16,"n23m0164.hpc.itc.rwth-aachen.de",16,"16","uds",55,"n23m0164.hpc.itc.rwth-aachen.de",55,"55","uds",unix,64,4194304,10,50,86.491,37.057,54.2232,54.968,87.678,1.50691,1.50698
16,"n23m0164.hpc.itc.rwth-aachen.de",16,"16","uds",56,"n23m0164.hpc.itc.rwth-aachen.de",56,"56","uds",unix,64,4194304,10,50,77.685,29.509,52.729,53.8515,73.214,1.51344,1.51147
16,"n23m0164.hpc.itc.rwth-aachen.de",16,"16","uds",57,"n23m0164.hpc.itc.rwth-aachen.de",57,"57","uds",unix,64,4194304,10,50,84.721,27.512,51.9979,51.78,84.388,1.70929,1.87287
16,"n23m0164.hpc.itc.rwth-aachen.de",16,"16","uds",58,"n23m0164.hpc.itc.rwth-aachen.de",58,"58","uds",unix,64,4194304,10,50,55.803,29.441,38.7832,38.222,53.768,1.51262,1.56073
16,"n23m0164.hpc.itc.rwth-aachen.de",16,"16","uds",59,"n23m0164.hpc.itc.rwth-aachen.de",59,"59","uds",unix,64,4194304,10,50,74.172,29.017,53.0825,51.2475,97.695,1.52032,1.51745
16,"n23m0164.hpc.itc.rwth-aachen.de",16,"16","uds",60,"n23m0164.hpc.itc.rwth-aachen.de",60,"60","uds",unix,64,4194304,10,50,87.469,28.966,51.8187,51.821,75.452,1.50604,1.50667
16,"n23m0164.hpc.itc.rwth-aachen.de",16,"16","uds",61,"n23m0164.hpc.itc.rwth-aachen.de",61,"61","uds",unix,64,4194304,10,50,77.385,27.617,54.0093,52.78,88.309,2.06946,2.02923
16,"n23m0164.hpc.itc.rwth-aachen.de",16,"16","uds",62,"n23m0164.hpc.itc.rwth-aachen.de",62,"62","uds",unix,64,4194304,10,50,80.393,30.119,43.6213,43.577,64.215,1.52705,1.5286
16,"n23m0164.hpc.itc.rwth-aachen.de",16,"16","uds",63,"n23m0164.hpc.itc.rwth-aachen.de",63,"63","uds",unix,64,4194304,10,50,79.664,28.349,52.7158,52.2105,76.457,1.51451,1.51355
16,"n23m0164.hpc.itc.rwth-aachen.de",16,"16","uds",64,"n23m0164.hpc.itc.rwth-aachen.de",64,"64","uds",unix,64,4194304,10,50,82.078,28.363,52.9411,55.089,89.926,1.53692,1.53657
16,"n23m0164.hpc.itc.rwth-aachen.de",16,"16","uds",65,"n23m0164.hpc.itc.rwth-aachen.de",65,"65","uds",unix,64,4194304,10,50,87.779,27.939,50.7114,51.4355,84.191,2.04259,2.06549
16,"n23m0164.hpc.itc.rwth-aachen.de",16,"16","uds",66,"n23m0164.hpc.itc.rwth-aachen.de",66,"66","uds",unix,64,4194304,10,50,84.317,35.806,53.8715,53.54,79.332,1.48724,1.4877
16,"n23m0164.hpc.itc.rwth-aachen.de",16,"16","uds",67,"n23m0164.hpc.itc.rwth-aachen.de",67,"67","uds",unix,64,4194304,10,50,75.865,29.466,51.9449,53.5335,73.891,1.53493,1.5351
16,"n23m0164.hpc.itc.rwth-aachen.de",16,"16","uds",68,"n23m0164.hpc.itc.rwth-aachen.de",68,"68","uds",unix,64,4194304,10,50,83.131,28.063,53.6249,54.167,76.255,1.51864,1.54711
16,"n23m0164.hpc.itc.rwth-aachen.de",16,"16","uds",69,"n23m0164.hpc.itc.rwth-aachen.de",69,"69","uds",unix,64,4194304,10,50,70.981,26.76,47.0922,47.2955,63.06,1.91747,1.93969
16,"n23m0164.hpc.itc.rwth-aachen.de",16,"16","uds",70,"n23m0164.hpc.itc.rwth-aachen.de",70,"70","uds",unix,64,4194304,10,50,82.59,29.128,52.3744,52.531,80.348,1.5057,1.50769
16,"n23m0164.hpc.itc.rwth-aachen.de",16,"16","uds",71,"n23m0164.hpc.itc.rwth-aachen.de",71,"71","uds",unix,64,4194304,10,50,77.938,35.387,54.012,53.494,90.047,1.50996,1.50964
16,"n23m0164.hpc.itc.rwth-aachen.de",16,"16","uds",72,"n23m0164.hpc.itc.rwth-aachen.de",72,"72","uds",unix,64,4194304,10,50,72.389,34.102,51.7506,48.9395,81.554,1.54144,1.69254
16,"n23m0164.hpc.itc.rwth-aachen.de",16,"16","uds",73,"n23m0164.hpc.itc.rwth-aachen.de",73,"73","uds",unix,64,4194304,10,50,52.088,19.903,36.2491,35.9125,51.437,1.53299,1.73611
16,"n23m0164.hpc.itc.rwth-aachen.de",16,"16","uds",74,"n23m0164.hpc.itc.rwth-aachen.de",74,"74","uds",unix,64,4194304,10,50,77.722,29.177,51.0078,50.9145,73.063,1.50139,1.5019
16,"n23m0164.hpc.itc.rwth-aachen.de",16,"16","uds",75,"n23m0164.hpc.itc.rwth-aachen.de",75,"75","uds",unix,64,4194304,10,50,112.074,28.567,51.5678,51.693,82.828,1.52397,1.52118
16,"n23m0164.hpc.itc.rwth-aachen.de",16,"16","uds",76,"n23m0164.hpc.itc.rwth-aachen.de",76,"76","uds",unix,64,4194304,10,50,89.276,31.334,51.5188,51.9575,83.357,1.85269,2.00974
16,"n23m0164.hpc.itc.rwth-aachen.de",16,"16","uds",77,"n23m0164.hpc.itc.rwth-aachen.de",77,"77","uds",unix,64,4194304,10,50,69.333,24.461,39.7268,38.905,59.271,1.52138,1.53323
16,"n23m0164.hpc.itc.rwth-aachen.de",16,"16","uds",78,"n23m0164.hpc.itc.rwth-aachen.de",78,"78","uds",unix,64,4194304,10,50,77.912,28.554,51.2668,53.1835,75.016,1.53953,1.53921
16,"n23m0164.hpc.itc.rwth-aachen.de",16,"16","uds",79,"n23m0164.hpc.itc.rwth-aachen.de",79,"79","uds",unix,64,4194304,10,50,117.787,31.449,53.7237,51.917,100.633,1.54401,1.54374
16,"n23m0164.hpc.itc.rwth-aachen.de",16,"16","uds",80,"n23m0164.hpc.itc.rwth-aachen.de",80,"80","uds",unix,64,4194304,10,50,78.192,28.202,52.1184,53.522,74.306,1.86939,2.01928
16,"n23m0164.hpc.itc.rwth-aachen.de",16,"16","uds",81,"n23m0164.hpc.itc.rwth-aachen.de",81,"81","uds",unix,64,4194304,10,50,56.917,28.122,41.0069,40.7605,64.611,1.53659,1.54099
16,"n23m0164.hpc.itc.rwth-aachen.de",16,"16","uds",82,"n23m0164.hpc.itc.rwth-aachen.de",82,"82","uds",unix,64,4194304,10,50,78.296,28.43,50.1696,50.9255,73.82,1.53158,1.53177
16,"n23m0164.hpc.itc.rwth-aachen.de",16,"16","uds",83,"n23m0164.hpc.itc.rwth-aachen.de",83,"83","uds",unix,64,4194304,10,50,72.767,34.01,53.9947,53.929,78.954,1.51647,1.51544
16,"n23m0164.hpc.itc.rwth-aachen.de",16,"16","uds",84,"n23m0164.hpc.itc.rwth-aachen.de",84,"84","uds",unix,64,4194304,10,50,89.251,27.512,50.405,50.195,76.888,1.88662,2.04742
16,"n23m0164.hpc.itc.rwth-aachen.de",16,"16","uds",85,"n23m0164.hpc.itc.rwth-aachen.de",85,"85","uds",unix,64,4194304,10,50,51.494,21.332,40.3044,39.9615,67.731,1.52589,1.52693
16,"n23m0164.hpc.itc.rwth-aachen.de",16,"16","uds",86,"n23m0164.hpc.itc.rwth-aachen.de",86,"86","uds",unix,64,4194304,10,50,90.462,29.465,53.62,53.758,72.722,1.51676,1.51994
16,"n23m0164.hpc.itc.rwth-aachen.de",16,"16","uds",87,"n23m0164.hpc.itc.rwth-aachen.de",87,"87","uds",unix,64,4194304,10,50,91.192,30.805,52.3359,52.248,72.602,1.52572,1.52607
16,"n23m0164.hpc.itc.rwth-aachen.de",16,"16","uds",88,"n23m0164.hpc.itc.rwth-aachen.de",88,"88","uds",unix,64,4194304,10,50,97.811,28.256,54.3299,55.764,86.184,2.1237,2.13444
16,"n23m0164.hpc.itc.rwth-aachen.de",16,"16","uds",89,"n23m0164.hpc.itc.rwth-aachen.de",89,"89","uds",unix,64,4194304,10,50,66.95,26.502,48.7366,48.987,67.163,1.52775,1.52681
16,"n23m0164.hpc.itc.rwth-aachen.de",16,"16","uds",90,"n23m0164.hpc.itc.rwth-aachen.de",90,"90","uds",unix,64,4194304,10,50,78.322,28.752,51.8471,52.593,78.584,1.52409,1.52101
16,"n23m0164.hpc.itc.rwth-aachen.de",16,"16","uds",91,"n23m0164.hpc.itc.rwth-aachen.de",91,"91","uds",unix,64,4194304,10,50,76.374,28.779,51.2795,51.252,76.692,1.53848,1.53878
16,"n23m0164.hpc.itc.rwth-aachen.de",16,"16","uds",92,"n23m0164.hpc.itc.rwth-aachen.de",92,"92","uds",unix,64,4194304,10,50,79.822,31.08,49.8066,50.271,67.135,2.09288,2.08065
16,"n23m0164.hpc.itc.rwth-aachen.de",16,"16","uds",93,"n23m0164.hpc.itc.rwth-aachen.de",93,"93","uds",unix,64,4194304,10,50,87.645,28.343,52.4075,50.1725,83.306,1.52392,1.5233
16,"n23m0164.hpc.itc.rwth-aachen.de",16,"16","uds",94,"n23m0164.hpc.itc.rwth-aachen.de",94,"94","uds",unix,64,4194304,10,50,83.137,28.131,50.9199,51.256,72.679,1.537,1.53527
16,"n23m0164.hpc.itc.rwth-aachen.de",16,"16","uds",95,"n23m0164.hpc.itc.rwth-aachen.de",95,"95","uds",unix,64,4194304,10,50,70.186,31.908,52.7057,53.107,91.441,1.51323,1.51484
17,"n23m0164.hpc.itc.rwth-aachen.de",17,"17","uds",18,"n23m0164.hpc.itc.rwth-aachen.de",18,"18","uds",unix,64,4194304,10,50,137.625,26.198,37.2105,37.0185,52.249,4.82886,4.78004
17,"n23m0164.hpc.itc.rwth-aachen.de",17,"17","uds",19,"n23m0164.hpc.itc.rwth-aachen.de",19,"19","uds",unix,64,4194304,10,50,60.043,20.539,26.2882,26.4,32.884,4.51495,4.56963
17,"n23m0164.hpc.itc.rwth-aachen.de",17,"17","uds",20,"n23m0164.hpc.itc.rwth-aachen.de",20,"20","uds",unix,64,4194304,10,50,59.138,22.06,27.8364,27.3865,37.881,5.11865,5.0713
17,"n23m0164.hpc.itc.rwth-aachen.de",17,"17","uds",21,"n23m0164.hpc.itc.rwth-aachen.de",21,"21","uds",unix,64,4194304,10,50,48.015,23.249,26.7439,25.9715,42.691,5.05527,5.01158
17,"n23m0164.hpc.itc.rwth-aachen.de",17,"17","uds",22,"n23m0164.hpc.itc.rwth-aachen.de",22,"22","uds",unix,64,4194304,10,50,59.964,24.021,30.3994,30.3325,37.413,3.64266,3.68776
17,"n23m0164.hpc.itc.rwth-aachen.de",17,"17","uds",23,"n23m0164.hpc.itc.rwth-aachen.de",23,"23","uds",unix,64,4194304,10,50,67.947,27.073,35.9505,35.894,50.764,3.67655,3.74307
17,"n23m0164.hpc.itc.rwth-aachen.de",17,"17","uds",24,"n23m0164.hpc.itc.rwth-aachen.de",24,"24","uds",unix,64,4194304,10,50,64.265,23.643,28.2093,27.9855,39.145,3.74475,3.74238
17,"n23m0164.hpc.itc.rwth-aachen.de",17,"17","uds",25,"n23m0164.hpc.itc.rwth-aachen.de",25,"25","uds",unix,64,4194304,10,50,55.756,21.799,27.808,27.312,40.06,3.71865,3.71833
17,"n23m0164.hpc.itc.rwth-aachen.de",17,"17","uds",26,"n23m0164.hpc.itc.rwth-aachen.de",26,"26","uds",unix,64,4194304,10,50,58.393,22.668,27.5596,27.0455,42.683,4.51482,4.47975
17,"n23m0164.hpc.itc.rwth-aachen.de",17,"17","uds",27,"n23m0164.hpc.itc.rwth-aachen.de",27,"27","uds",unix,64,4194304,10,50,44.472,19.05,23.0485,22.339,31.565,4.45913,4.47434
17,"n23m0164.hpc.itc.rwth-aachen.de",17,"17","uds",28,"n23m0164.hpc.itc.rwth-aachen.de",28,"28","uds",unix,64,4194304,10,50,55.023,22.316,26.9173,26.533,35.113,3.99842,3.9931
17,"n23m0164.hpc.itc.rwth-aachen.de",17,"17","uds",29,"n23m0164.hpc.itc.rwth-aachen.de",29,"29","uds",unix,64,4194304,10,50,55.54,21.435,28.0268,28.005,39.235,3.89001,3.90145
17,"n23m0164.hpc.itc.rwth-aachen.de",17,"17","uds",30,"n23m0164.hpc.itc.rwth-aachen.de",30,"30","uds",unix,64,4194304,10,50,51.446,21.468,26.4497,25.856,47.473,4.04933,4.04178
17,"n23m0164.hpc.itc.rwth-aachen.de",17,"17","uds",31,"n23m0164.hpc.itc.rwth-aachen.de",31,"31","uds",unix,64,4194304,10,50,54.675,20.84,26.2943,26.2,30.153,3.93953,3.9427
17,"n23m0164.hpc.itc.rwth-aachen.de",17,"17","uds",32,"n23m0164.hpc.itc.rwth-aachen.de",32,"32","uds",unix,64,4194304,10,50,51.087,20.667,26.0098,25.8435,38.4,4.77255,4.6846
17,"n23m0164.hpc.itc.rwth-aachen.de",17,"17","uds",33,"n23m0164.hpc.itc.rwth-aachen.de",33,"33","uds",unix,64,4194304,10,50,39.445,19.754,22.8828,22.8655,27.61,4.52374,4.55591
17,"n23m0164.hpc.itc.rwth-aachen.de",17,"17","uds",34,"n23m0164.hpc.itc.rwth-aachen.de",34,"34","uds",unix,64,4194304,10,50,42.521,20.559,25.4899,25.4475,29.753,4.01119,4.0067
17,"n23m0164.hpc.itc.rwth-aachen.de",17,"17","uds",35,"n23m0164.hpc.itc.rwth-aachen.de",35,"35","uds",unix,64,4194304,10,50,49.443,23.616,27.3435,26.7435,38.115,4.68903,4.65185
17,"n23m0164.hpc.itc.rwth-aachen.de",17,"17","uds",36,"n23m0164.hpc.itc.rwth-aachen.de",36,"36","uds",unix,64,4194304,10,50,52.952,18.483,22.6058,22.0205,36.271,4.98961,5.05054
17,"n23m0164.hpc.itc.rwth-aachen.de",17,"17","uds",37,"n23m0164.hpc.itc.rwth-aachen.de",37,"37","uds",unix,64,4194304,10,50,48.382,21.316,24.3759,24.1955,30.524,4.73365,4.73963
17,"n23m0164.hpc.itc.rwth-aachen.de",17,"17","uds",38,"n23m0164.hpc.itc.rwth-aachen.de",38,"38","uds",unix,64,4194304,10,50,47.356,18.046,24.8533,24.6655,42.613,5.13296,5.1009
17,"n23m0164.hpc.itc.rwth-aachen.de",17,"17","uds",39,"n23m0164.hpc.itc.rwth-aachen.de",39,"39","uds",unix,64,4194304,10,50,42.715,18.383,22.4819,22.343,35.152,5.04265,5.09994
17,"n23m0164.hpc.itc.rwth-aachen.de",17,"17","uds",40,"n23m0164.hpc.itc.rwth-aachen.de",40,"40","uds",unix,64,4194304,10,50,48.026,21.703,25.9616,25.785,31.923,4.65262,4.64426
17,"n23m0164.hpc.itc.rwth-aachen.de",17,"17","uds",41,"n23m0164.hpc.itc.rwth-aachen.de",41,"41","uds",unix,64,4194304,10,50,44.003,20.238,24.9865,24.9415,31.462,5.26085,5.17944
17,"n23m0164.hpc.itc.rwth-aachen.de",17,"17","uds",42,"n23m0164.hpc.itc.rwth-aachen.de",42,"42","uds",unix,64,4194304,10,50,41.797,18.587,22.5745,22.2905,28.03,4.86882,4.89105
17,"n23m0164.hpc.itc.rwth-aachen.de",17,"17","uds",43,"n23m0164.hpc.itc.rwth-aachen.de",43,"43","uds",unix,64,4194304,10,50,49.973,21.675,25.6618,25.544,34.1,4.66588,4.66037
17,"n23m0164.hpc.itc.rwth-aachen.de",17,"17","uds",44,"n23m0164.hpc.itc.rwth-aachen.de",44,"44","uds",unix,64,4194304,10,50,45.909,22.569,25.32,25.13,32.238,4.58445,4.58046
17,"n23m0164.hpc.itc.rwth-aachen.de",17,"17","uds",45,"n23m0164.hpc.itc.rwth-aachen.de",45,"45","uds",unix,64,4194304,10,50,44.06,20.678,24.6411,24.8145,32.785,4.77771,4.77227
17,"n23m0164.hpc.itc.rwth-aachen.de",17,"17","uds",46,"n23m0164.hpc.itc.rwth-aachen.de",46,"46","uds",unix,64,4194304,10,50,47.672,21.217,25.0646,25.11,36.469,4.45746,4.45597
17,"n23m0164.hpc.itc.rwth-aachen.de",17,"17","uds",47,"n23m0164.hpc.itc.rwth-aachen.de",47,"47","uds",unix,64,4194304,10,50,45.475,19.504,25.7952,25.525,33.247,5.1506,5.08702
17,"n23m0164.hpc.itc.rwth-aachen.de",17,"17","uds",48,"n23m0164.hpc.itc.rwth-aachen.de",48,"48","uds",unix,64,4194304,10,50,49.513,21.457,34.6069,35.0245,46.04,1.81901,1.89665
17,"n23m0164.hpc.itc.rwth-aachen.de",17,"17","uds",49,"n23m0164.hpc.itc.rwth-aachen.de",49,"49","uds",unix,64,4194304,10,50,77.614,30.194,54.1029,54.7075,77.139,1.49925,1.54563
17,"n23m0164.hpc.itc.rwth-aachen.de",17,"17","uds",50,"n23m0164.hpc.itc.rwth-aachen.de",50,"50","uds",unix,64,4194304,10,50,58.752,32.181,46.6384,47.408,58.72,2.07647,2.04244
17,"n23m0164.hpc.itc.rwth-aachen.de",17,"17","uds",51,"n23m0164.hpc.itc.rwth-aachen.de",51,"51","uds",unix,64,4194304,10,50,89.486,30.983,53.7885,52.8855,80.354,1.51228,1.51214
17,"n23m0164.hpc.itc.rwth-aachen.de",17,"17","uds",52,"n23m0164.hpc.itc.rwth-aachen.de",52,"52","uds",unix,64,4194304,10,50,78.014,37.75,54.576,54.5055,78.192,1.50165,1.50199
17,"n23m0164.hpc.itc.rwth-aachen.de",17,"17","uds",53,"n23m0164.hpc.itc.rwth-aachen.de",53,"53","uds",unix,64,4194304,10,50,80.591,27.953,54.5963,53.4645,95.868,1.85326,2.032
17,"n23m0164.hpc.itc.rwth-aachen.de",17,"17","uds",54,"n23m0164.hpc.itc.rwth-aachen.de",54,"54","uds",unix,64,4194304,10,50,55.11,31.521,41.4374,40.4375,63.361,1.49833,1.50447
17,"n23m0164.hpc.itc.rwth-aachen.de",17,"17","uds",55,"n23m0164.hpc.itc.rwth-aachen.de",55,"55","uds",unix,64,4194304,10,50,76.878,28.421,53.2807,51.4225,81.475,1.50295,1.50093
17,"n23m0164.hpc.itc.rwth-aachen.de",17,"17","uds",56,"n23m0164.hpc.itc.rwth-aachen.de",56,"56","uds",unix,64,4194304,10,50,73.118,25.363,52.4637,53.3155,78.819,1.51742,1.5168
17,"n23m0164.hpc.itc.rwth-aachen.de",17,"17","uds",57,"n23m0164.hpc.itc.rwth-aachen.de",57,"57","uds",unix,64,4194304,10,50,72.113,32.107,52.375,51.628,80.135,2.04994,2.07129
17,"n23m0164.hpc.itc.rwth-aachen.de",17,"17","uds",58,"n23m0164.hpc.itc.rwth-aachen.de",58,"58","uds",unix,64,4194304,10,50,78.363,31.374,53.2542,53.264,79.822,1.50828,1.50787
17,"n23m0164.hpc.itc.rwth-aachen.de",17,"17","uds",59,"n23m0164.hpc.itc.rwth-aachen.de",59,"59","uds",unix,64,4194304,10,50,82.133,31.08,52.9028,53.2315,80.244,1.51876,1.51725
17,"n23m0164.hpc.itc.rwth-aachen.de",17,"17","uds",60,"n23m0164.hpc.itc.rwth-aachen.de",60,"60","uds",unix,64,4194304,10,50,100.681,28.916,52.2945,51.678,89.391,1.51718,1.52247
17,"n23m0164.hpc.itc.rwth-aachen.de",17,"17","uds",61,"n23m0164.hpc.itc.rwth-aachen.de",61,"61","uds",unix,64,4194304,10,50,66.356,37.627,50.7363,50.2,66.762,2.04579,2.04101
17,"n23m0164.hpc.itc.rwth-aachen.de",17,"17","uds",62,"n23m0164.hpc.itc.rwth-aachen.de",62,"62","uds",unix,64,4194304,10,50,75.535,27.885,52.105,53.7975,92.018,1.52392,1.52319
17,"n23m0164.hpc.itc.rwth-aachen.de",17,"17","uds",63,"n23m0164.hpc.itc.rwth-aachen.de",63,"63","uds",unix,64,4194304,10,50,76.628,35.949,53.968,54.491,77.215,1.51954,1.52042
17,"n23m0164.hpc.itc.rwth-aachen.de",17,"17","uds",64,"n23m0164.hpc.itc.rwth-aachen.de",64,"64","uds",unix,64,4194304,10,50,82.885,38.449,54.6975,54.4735,87.003,1.54761,1.6208
17,"n23m0164.hpc.itc.rwth-aachen.de",17,"17","uds",65,"n23m0164.hpc.itc.rwth-aachen.de",65,"65","uds",unix,64,4194304,10,50,73.26,27.132,39.1943,38.8515,53.584,1.56005,1.80759
17,"n23m0164.hpc.itc.rwth-aachen.de",17,"17","uds",66,"n23m0164.hpc.itc.rwth-aachen.de",66,"66","uds",unix,64,4194304,10,50,107.833,34.159,53.5129,52.9975,74.623,1.50794,1.50808
17,"n23m0164.hpc.itc.rwth-aachen.de",17,"17","uds",67,"n23m0164.hpc.itc.rwth-aachen.de",67,"67","uds",unix,64,4194304,10,50,80,32.27,51.8637,51.7535,68.346,1.531,1.5316
17,"n23m0164.hpc.itc.rwth-aachen.de",17,"17","uds",68,"n23m0164.hpc.itc.rwth-aachen.de",68,"68","uds",unix,64,4194304,10,50,74.271,31.617,52.7584,53.9255,72.55,1.55015,1.72816
17,"n23m0164.hpc.itc.rwth-aachen.de",17,"17","uds",69,"n23m0164.hpc.itc.rwth-aachen.de",69,"69","uds",unix,64,4194304,10,50,54.564,25.454,36.6507,36.3875,48.952,1.51706,1.67359
17,"n23m0164.hpc.itc.rwth-aachen.de",17,"17","uds",70,"n23m0164.hpc.itc.rwth-aachen.de",70,"70","uds",unix,64,4194304,10,50,92.831,31.172,52.7458,52.922,81.113,1.51462,1.51454
17,"n23m0164.hpc.itc.rwth-aachen.de",17,"17","uds",71,"n23m0164.hpc.itc.rwth-aachen.de",71,"71","uds",unix,64,4194304,10,50,72.254,29.369,54.152,54.154,81.665,1.51972,1.52029
17,"n23m0164.hpc.itc.rwth-aachen.de",17,"17","uds",72,"n23m0164.hpc.itc.rwth-aachen.de",72,"72","uds",unix,64,4194304,10,50,78.347,28.736,51.1662,48.727,72.924,1.54761,1.7114
17,"n23m0164.hpc.itc.rwth-aachen.de",17,"17","uds",73,"n23m0164.hpc.itc.rwth-aachen.de",73,"73","uds",unix,64,4194304,10,50,51.862,27.644,36.5122,36.4565,47.005,1.53192,1.71263
17,"n23m0164.hpc.itc.rwth-aachen.de",17,"17","uds",74,"n23m0164.hpc.itc.rwth-aachen.de",74,"74","uds",unix,64,4194304,10,50,80.808,26.029,52.1925,51.6385,74.524,1.51052,1.5097
17,"n23m0164.hpc.itc.rwth-aachen.de",17,"17","uds",75,"n23m0164.hpc.itc.rwth-aachen.de",75,"75","uds",unix,64,4194304,10,50,80.375,27.352,52.3929,52.912,91.296,1.52643,1.52538
17,"n23m0164.hpc.itc.rwth-aachen.de",17,"17","uds",76,"n23m0164.hpc.itc.rwth-aachen.de",76,"76","uds",unix,64,4194304,10,50,79.805,27.866,52.1402,52.295,79.63,1.84043,1.97655
17,"n23m0164.hpc.itc.rwth-aachen.de",17,"17","uds",77,"n23m0164.hpc.itc.rwth-aachen.de",77,"77","uds",unix,64,4194304,10,50,60.588,27.704,41.4933,41.5215,60.981,1.49314,1.38212
17,"n23m0164.hpc.itc.rwth-aachen.de",17,"17","uds",78,"n23m0164.hpc.itc.rwth-aachen.de",78,"78","uds",unix,64,4194304,10,50,96.809,27.833,52.9069,52.3665,84.427,1.51418,1.49534
17,"n23m0164.hpc.itc.rwth-aachen.de",17,"17","uds",79,"n23m0164.hpc.itc.rwth-aachen.de",79,"79","uds",unix,64,4194304,10,50,85.463,28.62,51.8854,50.89,75.011,1.54875,1.5803
17,"n23m0164.hpc.itc.rwth-aachen.de",17,"17","uds",80,"n23m0164.hpc.itc.rwth-aachen.de",80,"80","uds",unix,64,4194304,10,50,67.128,28.492,46.7201,46.609,99.019,1.92129,1.95208
17,"n23m0164.hpc.itc.rwth-aachen.de",17,"17","uds",81,"n23m0164.hpc.itc.rwth-aachen.de",81,"81","uds",unix,64,4194304,10,50,76.634,25.593,89.9286,52.064,1954.73,1.52272,1.50587
17,"n23m0164.hpc.itc.rwth-aachen.de",17,"17","uds",82,"n23m0164.hpc.itc.rwth-aachen.de",82,"82","uds",unix,64,4194304,10,50,85.116,37.008,52.1621,52.0805,81.624,1.50538,1.50568
17,"n23m0164.hpc.itc.rwth-aachen.de",17,"17","uds",83,"n23m0164.hpc.itc.rwth-aachen.de",83,"83","uds",unix,64,4194304,10,50,88.277,29.831,52.7208,54.4735,77.444,1.56607,1.75147
17,"n23m0164.hpc.itc.rwth-aachen.de",17,"17","uds",84,"n23m0164.hpc.itc.rwth-aachen.de",84,"84","uds",unix,64,4194304,10,50,57.052,25.892,35.2885,34.2135,55.687,1.53882,1.67586
17,"n23m0164.hpc.itc.rwth-aachen.de",17,"17","uds",85,"n23m0164.hpc.itc.rwth-aachen.de",85,"85","uds",unix,64,4194304,10,50,78.865,26.815,51.9071,52.4575,79.482,1.52117,1.51487
17,"n23m0164.hpc.itc.rwth-aachen.de",17,"17","uds",86,"n23m0164.hpc.itc.rwth-aachen.de",86,"86","uds",unix,64,4194304,10,50,82.307,28.573,52.139,50.995,97.068,1.52082,1.51748
17,"n23m0164.hpc.itc.rwth-aachen.de",17,"17","uds",87,"n23m0164.hpc.itc.rwth-aachen.de",87,"87","uds",unix,64,4194304,10,50,77.526,30.267,50.867,50.0095,69.927,1.75277,1.91426
17,"n23m0164.hpc.itc.rwth-aachen.de",17,"17","uds",88,"n23m0164.hpc.itc.rwth-aachen.de",88,"88","uds",unix,64,4194304,10,50,58.241,25.191,39.0158,38.3325,52.187,1.53864,1.58658
17,"n23m0164.hpc.itc.rwth-aachen.de",17,"17","uds",89,"n23m0164.hpc.itc.rwth-aachen.de",89,"89","uds",unix,64,4194304,10,50,82.867,27.997,52.9988,52.6175,67.743,1.52184,1.52107
17,"n23m0164.hpc.itc.rwth-aachen.de",17,"17","uds",90,"n23m0164.hpc.itc.rwth-aachen.de",90,"90","uds",unix,64,4194304,10,50,108.526,27.52,51.0351,49.595,95.902,1.521,1.52213
17,"n23m0164.hpc.itc.rwth-aachen.de",17,"17","uds",91,"n23m0164.hpc.itc.rwth-aachen.de",91,"91","uds",unix,64,4194304,10,50,82.607,36.187,52.6279,51.8305,74.615,1.60602,1.76956
17,"n23m0164.hpc.itc.rwth-aachen.de",17,"17","uds",92,"n23m0164.hpc.itc.rwth-aachen.de",92,"92","uds",unix,64,4194304,10,50,57.046,22.242,35.7215,35.262,54.501,1.53944,1.67264
17,"n23m0164.hpc.itc.rwth-aachen.de",17,"17","uds",93,"n23m0164.hpc.itc.rwth-aachen.de",93,"93","uds",unix,64,4194304,10,50,75.383,28.77,52.0651,52.2905,76.836,1.5248,1.52502
17,"n23m0164.hpc.itc.rwth-aachen.de",17,"17","uds",94,"n23m0164.hpc.itc.rwth-aachen.de",94,"94","uds",unix,64,4194304,10,50,85.458,30.116,50.8733,49.526,90.535,1.52819,1.52831
17,"n23m0164.hpc.itc.rwth-aachen.de",17,"17","uds",95,"n23m0164.hpc.itc.rwth-aachen.de",95,"95","uds",unix,64,4194304,10,50,79.875,26.871,52.4596,52.217,84.087,1.86876,2.04688
18,"n23m0164.hpc.itc.rwth-aachen.de",18,"18","uds",19,"n23m0164.hpc.itc.rwth-aachen.de",19,"19","uds",unix,64,4194304,10,50,106.944,22.045,27.6151,27.021,42.244,4.28944,4.27609
18,"n23m0164.hpc.itc.rwth-aachen.de",18,"18","uds",20,"n23m0164.hpc.itc.rwth-aachen.de",20,"20","uds",unix,64,4194304,10,50,61.268,21.282,27.1499,26.635,40.158,5.30622,5.22687
18,"n23m0164.hpc.itc.rwth-aachen.de",18,"18","uds",21,"n23m0164.hpc.itc.rwth-aachen.de",21,"21","uds",unix,64,4194304,10,50,50.676,21.227,24.6571,24.3075,35.561,5.29453,5.30158
18,"n23m0164.hpc.itc.rwth-aachen.de",18,"18","uds",22,"n23m0164.hpc.itc.rwth-aachen.de",22,"22","uds",unix,64,4194304,10,50,55.749,21.918,28.6071,28.438,36.208,3.83507,3.89038
18,"n23m0164.hpc.itc.rwth-aachen.de",18,"18","uds",23,"n23m0164.hpc.itc.rwth-aachen.de",23,"23","uds",unix,64,4194304,10,50,76.409,25.106,36.7011,37.015,53.122,4.38699,4.29158
18,"n23m0164.hpc.itc.rwth-aachen.de",18,"18","uds",24,"n23m0164.hpc.itc.rwth-aachen.de",24,"24","uds",unix,64,4194304,10,50,67.093,20.852,25.5561,24.756,39.122,2.9199,3.19007
18,"n23m0164.hpc.itc.rwth-aachen.de",18,"18","uds",25,"n23m0164.hpc.itc.rwth-aachen.de",25,"25","uds",unix,64,4194304,10,50,68.547,22.848,31.8974,31.5335,47.763,2.85704,2.85367
18,"n23m0164.hpc.itc.rwth-aachen.de",18,"18","uds",26,"n23m0164.hpc.itc.rwth-aachen.de",26,"26","uds",unix,64,4194304,10,50,66.807,22.537,32.5743,31.8495,48.617,4.15457,4.13087
18,"n23m0164.hpc.itc.rwth-aachen.de",18,"18","uds",27,"n23m0164.hpc.itc.rwth-aachen.de",27,"27","uds",unix,64,4194304,10,50,46.15,18.606,22.874,22.6065,31.541,4.05161,3.97526
18,"n23m0164.hpc.itc.rwth-aachen.de",18,"18","uds",28,"n23m0164.hpc.itc.rwth-aachen.de",28,"28","uds",unix,64,4194304,10,50,68.746,21.018,32.096,31.388,47.117,2.89599,2.89803
18,"n23m0164.hpc.itc.rwth-aachen.de",18,"18","uds",29,"n23m0164.hpc.itc.rwth-aachen.de",29,"29","uds",unix,64,4194304,10,50,64.407,22.123,32.0428,32.3085,44.977,3.08929,2.97937
18,"n23m0164.hpc.itc.rwth-aachen.de",18,"18","uds",30,"n23m0164.hpc.itc.rwth-aachen.de",30,"30","uds",unix,64,4194304,10,50,60.139,24.187,29.4984,29.068,44.212,2.92348,2.92409
18,"n23m0164.hpc.itc.rwth-aachen.de",18,"18","uds",31,"n23m0164.hpc.itc.rwth-aachen.de",31,"31","uds",unix,64,4194304,10,50,70.113,19.88,31.9669,31.583,42.044,4.16208,4.05977
18,"n23m0164.hpc.itc.rwth-aachen.de",18,"18","uds",32,"n23m0164.hpc.itc.rwth-aachen.de",32,"32","uds",unix,64,4194304,10,50,42.96,18.691,23.2833,23.121,34.698,5.34078,5.32271
18,"n23m0164.hpc.itc.rwth-aachen.de",18,"18","uds",33,"n23m0164.hpc.itc.rwth-aachen.de",33,"33","uds",unix,64,4194304,10,50,37.364,18.159,21.6165,21.4855,27.072,4.69162,4.71152
18,"n23m0164.hpc.itc.rwth-aachen.de",18,"18","uds",34,"n23m0164.hpc.itc.rwth-aachen.de",34,"34","uds",unix,64,4194304,10,50,45.679,24.192,27.645,27.4705,33.906,2.90444,2.99558
18,"n23m0164.hpc.itc.rwth-aachen.de",18,"18","uds",35,"n23m0164.hpc.itc.rwth-aachen.de",35,"35","uds",unix,64,4194304,10,50,64.82,23.56,32.8946,32.398,50.382,4.21829,4.18056
18,"n23m0164.hpc.itc.rwth-aachen.de",18,"18","uds",36,"n23m0164.hpc.itc.rwth-aachen.de",36,"36","uds",unix,64,4194304,10,50,42.851,19.427,22.6112,22.3945,27.562,4.52768,4.40837
18,"n23m0164.hpc.itc.rwth-aachen.de",18,"18","uds",37,"n23m0164.hpc.itc.rwth-aachen.de",37,"37","uds",unix,64,4194304,10,50,60.121,25.041,29.4612,29.2245,41.105,3.14862,3.14572
18,"n23m0164.hpc.itc.rwth-aachen.de",18,"18","uds",38,"n23m0164.hpc.itc.rwth-aachen.de",38,"38","uds",unix,64,4194304,10,50,65.798,19.487,32.0605,31.7755,56.794,4.46686,4.35738
18,"n23m0164.hpc.itc.rwth-aachen.de",18,"18","uds",39,"n23m0164.hpc.itc.rwth-aachen.de",39,"39","uds",unix,64,4194304,10,50,43.97,20.103,23.0418,22.7445,31.529,4.50751,4.4675
18,"n23m0164.hpc.itc.rwth-aachen.de",18,"18","uds",40,"n23m0164.hpc.itc.rwth-aachen.de",40,"40","uds",unix,64,4194304,10,50,62.879,25.259,30.4735,29.6935,54.92,4.19399,4.08975
18,"n23m0164.hpc.itc.rwth-aachen.de",18,"18","uds",41,"n23m0164.hpc.itc.rwth-aachen.de",41,"41","uds",unix,64,4194304,10,50,50.603,18.513,24.9908,24.727,36.275,5.13091,5.09909
18,"n23m0164.hpc.itc.rwth-aachen.de",18,"18","uds",42,"n23m0164.hpc.itc.rwth-aachen.de",42,"42","uds",unix,64,4194304,10,50,42.057,18.15,22.3436,22.104,38.587,5.0106,5.01768
18,"n23m0164.hpc.itc.rwth-aachen.de",18,"18","uds",43,"n23m0164.hpc.itc.rwth-aachen.de",43,"43","uds",unix,64,4194304,10,50,44.573,21.195,25.0152,24.5245,38.664,3.38168,3.55125
18,"n23m0164.hpc.itc.rwth-aachen.de",18,"18","uds",44,"n23m0164.hpc.itc.rwth-aachen.de",44,"44","uds",unix,64,4194304,10,50,65.795,27.451,32.2714,31.368,45.717,3.84676,3.71974
18,"n23m0164.hpc.itc.rwth-aachen.de",18,"18","uds",45,"n23m0164.hpc.itc.rwth-aachen.de",45,"45","uds",unix,64,4194304,10,50,48.373,18.309,26.2514,26.1935,31.025,3.16556,3.26575
18,"n23m0164.hpc.itc.rwth-aachen.de",18,"18","uds",46,"n23m0164.hpc.itc.rwth-aachen.de",46,"46","uds",unix,64,4194304,10,50,61.684,17.876,32.4585,31.203,53.583,3.07624,3.13047
18,"n23m0164.hpc.itc.rwth-aachen.de",18,"18","uds",47,"n23m0164.hpc.itc.rwth-aachen.de",47,"47","uds",unix,64,4194304,10,50,54.879,19.08,28.7398,28.601,39.437,4.99058,4.90762
18,"n23m0164.hpc.itc.rwth-aachen.de",18,"18","uds",48,"n23m0164.hpc.itc.rwth-aachen.de",48,"48","uds",unix,64,4194304,10,50,52.262,23.952,35.6548,35.1555,47.367,1.72827,1.86423
18,"n23m0164.hpc.itc.rwth-aachen.de",18,"18","uds",49,"n23m0164.hpc.itc.rwth-aachen.de",49,"49","uds",unix,64,4194304,10,50,78.951,27.169,53.7223,52.64,84.891,1.49375,1.48986
18,"n23m0164.hpc.itc.rwth-aachen.de",18,"18","uds",50,"n23m0164.hpc.itc.rwth-aachen.de",50,"50","uds",unix,64,4194304,10,50,85.76,28.886,53.425,53.433,79.293,1.53112,1.55598
18,"n23m0164.hpc.itc.rwth-aachen.de",18,"18","uds",51,"n23m0164.hpc.itc.rwth-aachen.de",51,"51","uds",unix,64,4194304,10,50,78.013,29.984,48.068,48.4555,71.292,1.76448,1.87268
18,"n23m0164.hpc.itc.rwth-aachen.de",18,"18","uds",52,"n23m0164.hpc.itc.rwth-aachen.de",52,"52","uds",unix,64,4194304,10,50,80.318,32.705,52.7768,50.715,79.15,1.51058,1.50964
18,"n23m0164.hpc.itc.rwth-aachen.de",18,"18","uds",53,"n23m0164.hpc.itc.rwth-aachen.de",53,"53","uds",unix,64,4194304,10,50,74.939,30.84,54.4935,56.1955,80.256,1.53004,1.52776
18,"n23m0164.hpc.itc.rwth-aachen.de",18,"18","uds",54,"n23m0164.hpc.itc.rwth-aachen.de",54,"54","uds",unix,64,4194304,10,50,77.519,26.023,51.2749,51.6065,81.375,1.81918,1.92507
18,"n23m0164.hpc.itc.rwth-aachen.de",18,"18","uds",55,"n23m0164.hpc.itc.rwth-aachen.de",55,"55","uds",unix,64,4194304,10,50,71.908,32.848,50.0689,49.3975,73.139,1.51899,1.51799
18,"n23m0164.hpc.itc.rwth-aachen.de",18,"18","uds",56,"n23m0164.hpc.itc.rwth-aachen.de",56,"56","uds",unix,64,4194304,10,50,71.245,28.481,52.6212,53.698,75.199,1.53395,1.53176
18,"n23m0164.hpc.itc.rwth-aachen.de",18,"18","uds",57,"n23m0164.hpc.itc.rwth-aachen.de",57,"57","uds",unix,64,4194304,10,50,83.687,29.204,53.325,51.5255,97.999,1.5087,1.50999
18,"n23m0164.hpc.itc.rwth-aachen.de",18,"18","uds",58,"n23m0164.hpc.itc.rwth-aachen.de",58,"58","uds",unix,64,4194304,10,50,77.279,35.911,51.6309,50.9145,77.976,1.76088,1.91705
18,"n23m0164.hpc.itc.rwth-aachen.de",18,"18","uds",59,"n23m0164.hpc.itc.rwth-aachen.de",59,"59","uds",unix,64,4194304,10,50,58.378,22.982,39.4033,39.777,51.056,1.53381,1.57147
18,"n23m0164.hpc.itc.rwth-aachen.de",18,"18","uds",60,"n23m0164.hpc.itc.rwth-aachen.de",60,"60","uds",unix,64,4194304,10,50,109.632,29.377,54.3987,55.7715,89.151,1.5171,1.51855
18,"n23m0164.hpc.itc.rwth-aachen.de",18,"18","uds",61,"n23m0164.hpc.itc.rwth-aachen.de",61,"61","uds",unix,64,4194304,10,50,82.219,33.763,54.8957,56.679,77.205,1.52092,1.52136
18,"n23m0164.hpc.itc.rwth-aachen.de",18,"18","uds",62,"n23m0164.hpc.itc.rwth-aachen.de",62,"62","uds",unix,64,4194304,10,50,79.422,31.031,51.3329,51.411,77.152,1.77047,1.90906
18,"n23m0164.hpc.itc.rwth-aachen.de",18,"18","uds",63,"n23m0164.hpc.itc.rwth-aachen.de",63,"63","uds",unix,64,4194304,10,50,53.227,31.508,39.7435,40.0225,53.571,1.51556,1.54367
18,"n23m0164.hpc.itc.rwth-aachen.de",18,"18","uds",64,"n23m0164.hpc.itc.rwth-aachen.de",64,"64","uds",unix,64,4194304,10,50,80.874,28.374,53.28,52.8715,83.613,1.53729,1.53658
18,"n23m0164.hpc.itc.rwth-aachen.de",18,"18","uds",65,"n23m0164.hpc.itc.rwth-aachen.de",65,"65","uds",unix,64,4194304,10,50,83.524,35.257,54.387,55.081,76.849,1.50658,1.50552
18,"n23m0164.hpc.itc.rwth-aachen.de",18,"18","uds",66,"n23m0164.hpc.itc.rwth-aachen.de",66,"66","uds",unix,64,4194304,10,50,82.928,31.471,52.4812,51.3415,70.368,1.57087,1.75337
18,"n23m0164.hpc.itc.rwth-aachen.de",18,"18","uds",67,"n23m0164.hpc.itc.rwth-aachen.de",67,"67","uds",unix,64,4194304,10,50,50.63,27.367,35.6456,35.3585,47.894,1.5456,1.6741
18,"n23m0164.hpc.itc.rwth-aachen.de",18,"18","uds",68,"n23m0164.hpc.itc.rwth-aachen.de",68,"68","uds",unix,64,4194304,10,50,80.715,29.058,53.6524,52.0045,85.001,1.52625,1.52738
18,"n23m0164.hpc.itc.rwth-aachen.de",18,"18","uds",69,"n23m0164.hpc.itc.rwth-aachen.de",69,"69","uds",unix,64,4194304,10,50,80.83,32.082,54.1522,55.2955,90.779,1.51262,1.51502
18,"n23m0164.hpc.itc.rwth-aachen.de",18,"18","uds",70,"n23m0164.hpc.itc.rwth-aachen.de",70,"70","uds",unix,64,4194304,10,50,109.116,33.268,52.1406,50.64,83.722,1.81583,1.97703
18,"n23m0164.hpc.itc.rwth-aachen.de",18,"18","uds",71,"n23m0164.hpc.itc.rwth-aachen.de",71,"71","uds",unix,64,4194304,10,50,55.549,22.564,39.8889,39.6895,57.015,1.52845,1.53973
18,"n23m0164.hpc.itc.rwth-aachen.de",18,"18","uds",72,"n23m0164.hpc.itc.rwth-aachen.de",72,"72","uds",unix,64,4194304,10,50,74.413,30.018,51.1519,51.9365,85.715,1.53098,1.52543
18,"n23m0164.hpc.itc.rwth-aachen.de",18,"18","uds",73,"n23m0164.hpc.itc.rwth-aachen.de",73,"73","uds",unix,64,4194304,10,50,104.846,33.059,51.139,50.7305,82.074,1.53861,1.53906
18,"n23m0164.hpc.itc.rwth-aachen.de",18,"18","uds",74,"n23m0164.hpc.itc.rwth-aachen.de",74,"74","uds",unix,64,4194304,10,50,86.1,27.981,51.279,53.211,92.863,1.75951,1.92189
18,"n23m0164.hpc.itc.rwth-aachen.de",18,"18","uds",75,"n23m0164.hpc.itc.rwth-aachen.de",75,"75","uds",unix,64,4194304,10,50,61.518,26.119,38.3424,36.9885,67.679,1.53902,1.57231
18,"n23m0164.hpc.itc.rwth-aachen.de",18,"18","uds",76,"n23m0164.hpc.itc.rwth-aachen.de",76,"76","uds",unix,64,4194304,10,50,78.588,28.388,51.9424,52.17,75.288,1.52701,1.52221
18,"n23m0164.hpc.itc.rwth-aachen.de",18,"18","uds",77,"n23m0164.hpc.itc.rwth-aachen.de",77,"77","uds",unix,64,4194304,10,50,93.055,33.422,51.6506,51.2885,78.252,1.53719,1.5361
18,"n23m0164.hpc.itc.rwth-aachen.de",18,"18","uds",78,"n23m0164.hpc.itc.rwth-aachen.de",78,"78","uds",unix,64,4194304,10,50,101.646,28.555,51.4725,50.701,78.232,2.1187,2.12374
18,"n23m0164.hpc.itc.rwth-aachen.de",18,"18","uds",79,"n23m0164.hpc.itc.rwth-aachen.de",79,"79","uds",unix,64,4194304,10,50,66.886,24.395,44.0434,43.254,71.489,1.56163,1.55986
18,"n23m0164.hpc.itc.rwth-aachen.de",18,"18","uds",80,"n23m0164.hpc.itc.rwth-aachen.de",80,"80","uds",unix,64,4194304,10,50,78.365,28.612,50.4788,49.233,84.325,1.52531,1.52424
18,"n23m0164.hpc.itc.rwth-aachen.de",18,"18","uds",81,"n23m0164.hpc.itc.rwth-aachen.de",81,"81","uds",unix,64,4194304,10,50,76.242,26.296,51.0304,51.681,79.943,1.55166,1.5527
18,"n23m0164.hpc.itc.rwth-aachen.de",18,"18","uds",82,"n23m0164.hpc.itc.rwth-aachen.de",82,"82","uds",unix,64,4194304,10,50,74.723,26.201,52.1686,52.63,71.443,2.106,2.13635
18,"n23m0164.hpc.itc.rwth-aachen.de",18,"18","uds",83,"n23m0164.hpc.itc.rwth-aachen.de",83,"83","uds",unix,64,4194304,10,50,82.049,28.234,51.8076,50.542,82.591,1.53036,1.53051
18,"n23m0164.hpc.itc.rwth-aachen.de",18,"18","uds",84,"n23m0164.hpc.itc.rwth-aachen.de",84,"84","uds",unix,64,4194304,10,50,96.331,29.63,51.939,51.2675,79.947,1.55,1.54972
18,"n23m0164.hpc.itc.rwth-aachen.de",18,"18","uds",85,"n23m0164.hpc.itc.rwth-aachen.de",85,"85","uds",unix,64,4194304,10,50,76.27,28.563,52.1769,51.687,73.914,1.54672,1.54574
18,"n23m0164.hpc.itc.rwth-aachen.de",18,"18","uds",86,"n23m0164.hpc.itc.rwth-aachen.de",86,"86","uds",unix,64,4194304,10,50,82.148,32.544,50.0549,50.4785,88.75,1.93925,2.05233
18,"n23m0164.hpc.itc.rwth-aachen.de",18,"18","uds",87,"n23m0164.hpc.itc.rwth-aachen.de",87,"87","uds",unix,64,4194304,10,50,70.968,33.659,52.5968,51.908,85.71,1.55047,1.55019
18,"n23m0164.hpc.itc.rwth-aachen.de",18,"18","uds",88,"n23m0164.hpc.itc.rwth-aachen.de",88,"88","uds",unix,64,4194304,10,50,80.655,27.411,51.9116,52.3935,75.397,1.55041,1.54914
18,"n23m0164.hpc.itc.rwth-aachen.de",18,"18","uds",89,"n23m0164.hpc.itc.rwth-aachen.de",89,"89","uds",unix,64,4194304,10,50,79.336,28.043,51.9612,50.437,93.79,1.55259,1.55215
18,"n23m0164.hpc.itc.rwth-aachen.de",18,"18","uds",90,"n23m0164.hpc.itc.rwth-aachen.de",90,"90","uds",unix,64,4194304,10,50,84.912,33.822,51.6375,52.506,70.944,2.09969,2.12612
18,"n23m0164.hpc.itc.rwth-aachen.de",18,"18","uds",91,"n23m0164.hpc.itc.rwth-aachen.de",91,"91","uds",unix,64,4194304,10,50,66.616,23.162,43.7083,43.8875,72.08,1.54879,1.54845
18,"n23m0164.hpc.itc.rwth-aachen.de",18,"18","uds",92,"n23m0164.hpc.itc.rwth-aachen.de",92,"92","uds",unix,64,4194304,10,50,76.351,32.194,51.6129,52.154,73.861,1.54149,1.54143
18,"n23m0164.hpc.itc.rwth-aachen.de",18,"18","uds",93,"n23m0164.hpc.itc.rwth-aachen.de",93,"93","uds",unix,64,4194304,10,50,78.543,28.198,51.2223,49.7595,95.61,1.53886,1.5399
18,"n23m0164.hpc.itc.rwth-aachen.de",18,"18","uds",94,"n23m0164.hpc.itc.rwth-aachen.de",94,"94","uds",unix,64,4194304,10,50,74.506,28.544,51.5061,50.737,78.025,2.11676,2.10835
18,"n23m0164.hpc.itc.rwth-aachen.de",18,"18","uds",95,"n23m0164.hpc.itc.rwth-aachen.de",95,"95","uds",unix,64,4194304,10,50,57.588,27.906,43.7155,44.0155,73.988,1.54223,1.54166
19,"n23m0164.hpc.itc.rwth-aachen.de",19,"19","uds",20,"n23m0164.hpc.itc.rwth-aachen.de",20,"20","uds",unix,64,4194304,10,50,141.611,28.655,37.9387,37.321,54.144,3.85078,3.84511
19,"n23m0164.hpc.itc.rwth-aachen.de",19,"19","uds",21,"n23m0164.hpc.itc.rwth-aachen.de",21,"21","uds",unix,64,4194304,10,50,49.557,20.588,26.6069,25.7955,47.179,4.90732,4.88447
19,"n23m0164.hpc.itc.rwth-aachen.de",19,"19","uds",22,"n23m0164.hpc.itc.rwth-aachen.de",22,"22","uds",unix,64,4194304,10,50,59.351,21.595,28.0391,27.2745,46.772,4.88658,4.8884
19,"n23m0164.hpc.itc.rwth-aachen.de",19,"19","uds",23,"n23m0164.hpc.itc.rwth-aachen.de",23,"23","uds",unix,64,4194304,10,50,50.017,16.423,26.5416,25.84,50.544,4.29449,4.28127
19,"n23m0164.hpc.itc.rwth-aachen.de",19,"19","uds",24,"n23m0164.hpc.itc.rwth-aachen.de",24,"24","uds",unix,64,4194304,10,50,60.718,20.067,24.8797,24.4415,36.223,3.15526,3.32804
19,"n23m0164.hpc.itc.rwth-aachen.de",19,"19","uds",25,"n23m0164.hpc.itc.rwth-aachen.de",25,"25","uds",unix,64,4194304,10,50,88.869,23.749,31.7561,31.1695,50.92,2.817,2.81709
19,"n23m0164.hpc.itc.rwth-aachen.de",19,"19","uds",26,"n23m0164.hpc.itc.rwth-aachen.de",26,"26","uds",unix,64,4194304,10,50,77.476,24.583,32.5028,32.4715,38.039,4.08041,4.06785
19,"n23m0164.hpc.itc.rwth-aachen.de",19,"19","uds",27,"n23m0164.hpc.itc.rwth-aachen.de",27,"27","uds",unix,64,4194304,10,50,45.834,18.628,23.0508,22.6665,34.229,3.98107,3.89157
19,"n23m0164.hpc.itc.rwth-aachen.de",19,"19","uds",28,"n23m0164.hpc.itc.rwth-aachen.de",28,"28","uds",unix,64,4194304,10,50,70.715,19.034,31.6112,31.336,45.975,2.83506,2.83568
19,"n23m0164.hpc.itc.rwth-aachen.de",19,"19","uds",29,"n23m0164.hpc.itc.rwth-aachen.de",29,"29","uds",unix,64,4194304,10,50,69.344,23.454,32.4641,32.5525,43.642,2.75743,2.76168
19,"n23m0164.hpc.itc.rwth-aachen.de",19,"19","uds",30,"n23m0164.hpc.itc.rwth-aachen.de",30,"30","uds",unix,64,4194304,10,50,63.951,25.832,32.1749,30.8625,51.405,2.85164,2.84877
19,"n23m0164.hpc.itc.rwth-aachen.de",19,"19","uds",31,"n23m0164.hpc.itc.rwth-aachen.de",31,"31","uds",unix,64,4194304,10,50,65.9,21.466,32.0962,31.682,48.184,3.34532,3.18483
19,"n23m0164.hpc.itc.rwth-aachen.de",19,"19","uds",32,"n23m0164.hpc.itc.rwth-aachen.de",32,"32","uds",unix,64,4194304,10,50,53.535,18,28.571,28.027,52.465,4.39236,4.39119
19,"n23m0164.hpc.itc.rwth-aachen.de",19,"19","uds",33,"n23m0164.hpc.itc.rwth-aachen.de",33,"33","uds",unix,64,4194304,10,50,38.913,18.268,22.066,21.8475,27.518,4.26392,4.23702
19,"n23m0164.hpc.itc.rwth-aachen.de",19,"19","uds",34,"n23m0164.hpc.itc.rwth-aachen.de",34,"34","uds",unix,64,4194304,10,50,54.306,18.644,30.963,29.926,50.461,2.83682,2.83454
19,"n23m0164.hpc.itc.rwth-aachen.de",19,"19","uds",35,"n23m0164.hpc.itc.rwth-aachen.de",35,"35","uds",unix,64,4194304,10,50,57.646,28.228,32.9034,32.581,45.753,4.16229,4.07063
19,"n23m0164.hpc.itc.rwth-aachen.de",19,"19","uds",36,"n23m0164.hpc.itc.rwth-aachen.de",36,"36","uds",unix,64,4194304,10,50,48.12,20.012,22.9474,22.701,31.233,4.24301,4.21205
19,"n23m0164.hpc.itc.rwth-aachen.de",19,"19","uds",37,"n23m0164.hpc.itc.rwth-aachen.de",37,"37","uds",unix,64,4194304,10,50,58.818,18.68,31.4406,31.193,52.473,3.04529,3.04557
19,"n23m0164.hpc.itc.rwth-aachen.de",19,"19","uds",38,"n23m0164.hpc.itc.rwth-aachen.de",38,"38","uds",unix,64,4194304,10,50,67.183,23.858,31.4923,31.042,43.816,4.34533,4.31929
19,"n23m0164.hpc.itc.rwth-aachen.de",19,"19","uds",39,"n23m0164.hpc.itc.rwth-aachen.de",39,"39","uds",unix,64,4194304,10,50,44.396,18.342,22.2727,21.96,34.465,4.29861,4.27532
19,"n23m0164.hpc.itc.rwth-aachen.de",19,"19","uds",40,"n23m0164.hpc.itc.rwth-aachen.de",40,"40","uds",unix,64,4194304,10,50,57.986,25.107,31.1564,31.0275,40.185,3.51973,3.44647
19,"n23m0164.hpc.itc.rwth-aachen.de",19,"19","uds",41,"n23m0164.hpc.itc.rwth-aachen.de",41,"41","uds",unix,64,4194304,10,50,56.193,22.875,28.4168,28.029,36.096,4.53976,4.52184
19,"n23m0164.hpc.itc.rwth-aachen.de",19,"19","uds",42,"n23m0164.hpc.itc.rwth-aachen.de",42,"42","uds",unix,64,4194304,10,50,42.521,14.85,23.0701,22.4875,35.764,4.48246,4.39442
19,"n23m0164.hpc.itc.rwth-aachen.de",19,"19","uds",43,"n23m0164.hpc.itc.rwth-aachen.de",43,"43","uds",unix,64,4194304,10,50,59.655,21.75,28.7931,28.4025,40.678,3.95155,3.9494
19,"n23m0164.hpc.itc.rwth-aachen.de",19,"19","uds",44,"n23m0164.hpc.itc.rwth-aachen.de",44,"44","uds",unix,64,4194304,10,50,49.961,20.924,26.651,26.427,34.112,3.9957,3.99344
19,"n23m0164.hpc.itc.rwth-aachen.de",19,"19","uds",45,"n23m0164.hpc.itc.rwth-aachen.de",45,"45","uds",unix,64,4194304,10,50,46.205,20.435,25.8766,25.576,34.563,3.1184,3.31212
19,"n23m0164.hpc.itc.rwth-aachen.de",19,"19","uds",46,"n23m0164.hpc.itc.rwth-aachen.de",46,"46","uds",unix,64,4194304,10,50,62.712,24.832,31.6258,30.9935,45.775,2.94115,2.93956
19,"n23m0164.hpc.itc.rwth-aachen.de",19,"19","uds",47,"n23m0164.hpc.itc.rwth-aachen.de",47,"47","uds",unix,64,4194304,10,50,60.879,26.537,32.872,32.554,42.581,4.32153,4.24728
19,"n23m0164.hpc.itc.rwth-aachen.de",19,"19","uds",48,"n23m0164.hpc.itc.rwth-aachen.de",48,"48","uds",unix,64,4194304,10,50,57.687,21.779,37.8797,38.7085,70.409,1.48536,1.68011
19,"n23m0164.hpc.itc.rwth-aachen.de",19,"19","uds",49,"n23m0164.hpc.itc.rwth-aachen.de",49,"49","uds",unix,64,4194304,10,50,86.053,31.119,54.8881,55.3485,78.32,1.49614,1.49627
19,"n23m0164.hpc.itc.rwth-aachen.de",19,"19","uds",50,"n23m0164.hpc.itc.rwth-aachen.de",50,"50","uds",unix,64,4194304,10,50,86.228,38.336,52.7987,52.861,74.835,1.53007,1.67861
19,"n23m0164.hpc.itc.rwth-aachen.de",19,"19","uds",51,"n23m0164.hpc.itc.rwth-aachen.de",51,"51","uds",unix,64,4194304,10,50,51.607,21.113,36.3773,36.86,54.047,1.51969,1.71237
19,"n23m0164.hpc.itc.rwth-aachen.de",19,"19","uds",52,"n23m0164.hpc.itc.rwth-aachen.de",52,"52","uds",unix,64,4194304,10,50,85.567,27.06,52.4995,51.8095,88.978,1.50023,1.49875
19,"n23m0164.hpc.itc.rwth-aachen.de",19,"19","uds",53,"n23m0164.hpc.itc.rwth-aachen.de",53,"53","uds",unix,64,4194304,10,50,79.721,30.683,53.5662,53.2565,91.099,1.5168,1.51645
19,"n23m0164.hpc.itc.rwth-aachen.de",19,"19","uds",54,"n23m0164.hpc.itc.rwth-aachen.de",54,"54","uds",unix,64,4194304,10,50,80.985,30.318,53.383,53.747,82.052,2.02791,2.01942
19,"n23m0164.hpc.itc.rwth-aachen.de",19,"19","uds",55,"n23m0164.hpc.itc.rwth-aachen.de",55,"55","uds",unix,64,4194304,10,50,57.66,25.256,43.4964,43.385,57.483,1.5135,1.51097
19,"n23m0164.hpc.itc.rwth-aachen.de",19,"19","uds",56,"n23m0164.hpc.itc.rwth-aachen.de",56,"56","uds",unix,64,4194304,10,50,75.957,34.156,53.1435,53.0935,78.326,1.52061,1.51967
19,"n23m0164.hpc.itc.rwth-aachen.de",19,"19","uds",57,"n23m0164.hpc.itc.rwth-aachen.de",57,"57","uds",unix,64,4194304,10,50,81.668,28.163,51.6253,50.75,76.889,1.49938,1.49894
19,"n23m0164.hpc.itc.rwth-aachen.de",19,"19","uds",58,"n23m0164.hpc.itc.rwth-aachen.de",58,"58","uds",unix,64,4194304,10,50,74.589,27.607,53.6517,53.291,83.896,2.07105,2.09732
19,"n23m0164.hpc.itc.rwth-aachen.de",19,"19","uds",59,"n23m0164.hpc.itc.rwth-aachen.de",59,"59","uds",unix,64,4194304,10,50,74.233,30.068,52.3156,52.9885,71.409,1.51934,1.51925
19,"n23m0164.hpc.itc.rwth-aachen.de",19,"19","uds",60,"n23m0164.hpc.itc.rwth-aachen.de",60,"60","uds",unix,64,4194304,10,50,87.085,30.35,53.0169,53.4305,80.566,1.48988,1.4875
19,"n23m0164.hpc.itc.rwth-aachen.de",19,"19","uds",61,"n23m0164.hpc.itc.rwth-aachen.de",61,"61","uds",unix,64,4194304,10,50,79.886,29.15,53.0422,53.1255,83.203,1.75012,1.90084
19,"n23m0164.hpc.itc.rwth-aachen.de",19,"19","uds",62,"n23m0164.hpc.itc.rwth-aachen.de",62,"62","uds",unix,64,4194304,10,50,67.328,22.884,39.2299,39.2185,48.515,1.50954,1.5426
19,"n23m0164.hpc.itc.rwth-aachen.de",19,"19","uds",63,"n23m0164.hpc.itc.rwth-aachen.de",63,"63","uds",unix,64,4194304,10,50,77.314,35.592,54.1038,54.0855,74.041,1.50152,1.49529
19,"n23m0164.hpc.itc.rwth-aachen.de",19,"19","uds",64,"n23m0164.hpc.itc.rwth-aachen.de",64,"64","uds",unix,64,4194304,10,50,81.497,29.999,53.0421,52.2575,83.888,1.52084,1.52111
19,"n23m0164.hpc.itc.rwth-aachen.de",19,"19","uds",65,"n23m0164.hpc.itc.rwth-aachen.de",65,"65","uds",unix,64,4194304,10,50,79.084,26.99,52.2908,51.5125,67.695,2.0409,2.06644
19,"n23m0164.hpc.itc.rwth-aachen.de",19,"19","uds",66,"n23m0164.hpc.itc.rwth-aachen.de",66,"66","uds",unix,64,4194304,10,50,69.109,27.196,46.8629,47.084,70.898,1.49677,1.49493
19,"n23m0164.hpc.itc.rwth-aachen.de",19,"19","uds",67,"n23m0164.hpc.itc.rwth-aachen.de",67,"67","uds",unix,64,4194304,10,50,77.326,28.888,52.3354,53.0495,84.699,1.52407,1.52307
19,"n23m0164.hpc.itc.rwth-aachen.de",19,"19","uds",68,"n23m0164.hpc.itc.rwth-aachen.de",68,"68","uds",unix,64,4194304,10,50,77.025,32.2,52.9825,53.956,90.87,1.50686,1.50465
19,"n23m0164.hpc.itc.rwth-aachen.de",19,"19","uds",69,"n23m0164.hpc.itc.rwth-aachen.de",69,"69","uds",unix,64,4194304,10,50,81.764,30.222,52.6384,52.51,80.318,2.02336,2.03222
19,"n23m0164.hpc.itc.rwth-aachen.de",19,"19","uds",70,"n23m0164.hpc.itc.rwth-aachen.de",70,"70","uds",unix,64,4194304,10,50,77.627,29.828,51.6212,50.474,81.44,1.49585,1.49747
19,"n23m0164.hpc.itc.rwth-aachen.de",19,"19","uds",71,"n23m0164.hpc.itc.rwth-aachen.de",71,"71","uds",unix,64,4194304,10,50,80.805,29.547,51.2491,51.6915,73.03,1.50931,1.51031
19,"n23m0164.hpc.itc.rwth-aachen.de",19,"19","uds",72,"n23m0164.hpc.itc.rwth-aachen.de",72,"72","uds",unix,64,4194304,10,50,76.371,30.635,53.4201,54.4325,74.841,1.52209,1.56627
19,"n23m0164.hpc.itc.rwth-aachen.de",19,"19","uds",73,"n23m0164.hpc.itc.rwth-aachen.de",73,"73","uds",unix,64,4194304,10,50,66.126,27.883,44.6091,42.838,66.927,1.75134,1.89127
19,"n23m0164.hpc.itc.rwth-aachen.de",19,"19","uds",74,"n23m0164.hpc.itc.rwth-aachen.de",74,"74","uds",unix,64,4194304,10,50,78.434,27.934,52.0711,52.611,72.827,1.49038,1.49019
19,"n23m0164.hpc.itc.rwth-aachen.de",19,"19","uds",75,"n23m0164.hpc.itc.rwth-aachen.de",75,"75","uds",unix,64,4194304,10,50,83.23,32.827,52.1162,51.857,71.372,1.51926,1.51823
19,"n23m0164.hpc.itc.rwth-aachen.de",19,"19","uds",76,"n23m0164.hpc.itc.rwth-aachen.de",76,"76","uds",unix,64,4194304,10,50,74.53,30.619,52.0019,54.3255,72.102,1.53011,1.59163
19,"n23m0164.hpc.itc.rwth-aachen.de",19,"19","uds",77,"n23m0164.hpc.itc.rwth-aachen.de",77,"77","uds",unix,64,4194304,10,50,60.558,24.432,42.8523,42.8415,69.984,1.61777,1.84668
19,"n23m0164.hpc.itc.rwth-aachen.de",19,"19","uds",78,"n23m0164.hpc.itc.rwth-aachen.de",78,"78","uds",unix,64,4194304,10,50,71.216,34.244,50.3953,50.194,78.196,1.52228,1.52242
19,"n23m0164.hpc.itc.rwth-aachen.de",19,"19","uds",79,"n23m0164.hpc.itc.rwth-aachen.de",79,"79","uds",unix,64,4194304,10,50,74.693,27.653,50.8639,50.448,87.413,1.52871,1.52994
19,"n23m0164.hpc.itc.rwth-aachen.de",19,"19","uds",80,"n23m0164.hpc.itc.rwth-aachen.de",80,"80","uds",unix,64,4194304,10,50,70.322,29.309,50.9443,52.1905,73.935,1.52977,1.71368
19,"n23m0164.hpc.itc.rwth-aachen.de",19,"19","uds",81,"n23m0164.hpc.itc.rwth-aachen.de",81,"81","uds",unix,64,4194304,10,50,50.804,27.274,35.4479,34.9285,51.742,1.53739,1.68506
19,"n23m0164.hpc.itc.rwth-aachen.de",19,"19","uds",82,"n23m0164.hpc.itc.rwth-aachen.de",82,"82","uds",unix,64,4194304,10,50,70.928,27.812,51.0865,52.3555,71.142,1.51359,1.51391
19,"n23m0164.hpc.itc.rwth-aachen.de",19,"19","uds",83,"n23m0164.hpc.itc.rwth-aachen.de",83,"83","uds",unix,64,4194304,10,50,71.444,30.204,53.5503,54.132,79.002,1.5047,1.5082
19,"n23m0164.hpc.itc.rwth-aachen.de",19,"19","uds",84,"n23m0164.hpc.itc.rwth-aachen.de",84,"84","uds",unix,64,4194304,10,50,87.823,31.194,51.8545,51.825,74.36,2.10189,2.08835
19,"n23m0164.hpc.itc.rwth-aachen.de",19,"19","uds",85,"n23m0164.hpc.itc.rwth-aachen.de",85,"85","uds",unix,64,4194304,10,50,60.34,32.772,43.3931,43.411,56.298,1.52749,1.52609
19,"n23m0164.hpc.itc.rwth-aachen.de",19,"19","uds",86,"n23m0164.hpc.itc.rwth-aachen.de",86,"86","uds",unix,64,4194304,10,50,87.242,33.522,53.5127,52.661,77.07,1.51027,1.51008
19,"n23m0164.hpc.itc.rwth-aachen.de",19,"19","uds",87,"n23m0164.hpc.itc.rwth-aachen.de",87,"87","uds",unix,64,4194304,10,50,72.699,31.731,51.8363,53.059,72.801,1.51571,1.51709
19,"n23m0164.hpc.itc.rwth-aachen.de",19,"19","uds",88,"n23m0164.hpc.itc.rwth-aachen.de",88,"88","uds",unix,64,4194304,10,50,82.203,27.656,51.6113,51.604,88.118,2.07848,2.09549
19,"n23m0164.hpc.itc.rwth-aachen.de",19,"19","uds",89,"n23m0164.hpc.itc.rwth-aachen.de",89,"89","uds",unix,64,4194304,10,50,77.379,27.867,51.7547,50.9965,76.17,1.52185,1.52255
19,"n23m0164.hpc.itc.rwth-aachen.de",19,"19","uds",90,"n23m0164.hpc.itc.rwth-aachen.de",90,"90","uds",unix,64,4194304,10,50,73.44,27.156,50.6844,50.728,73.867,1.50254,1.49016
19,"n23m0164.hpc.itc.rwth-aachen.de",19,"19","uds",91,"n23m0164.hpc.itc.rwth-aachen.de",91,"91","uds",unix,64,4194304,10,50,73.616,27.945,52.0367,51.8975,73.298,1.50521,1.53113
19,"n23m0164.hpc.itc.rwth-aachen.de",19,"19","uds",92,"n23m0164.hpc.itc.rwth-aachen.de",92,"92","uds",unix,64,4194304,10,50,59.097,26.67,46.0169,45.6955,75.519,1.94384,1.95541
19,"n23m0164.hpc.itc.rwth-aachen.de",19,"19","uds",93,"n23m0164.hpc.itc.rwth-aachen.de",93,"93","uds",unix,64,4194304,10,50,72.938,29.658,51.1006,50.263,69.752,1.49625,1.49571
19,"n23m0164.hpc.itc.rwth-aachen.de",19,"19","uds",94,"n23m0164.hpc.itc.rwth-aachen.de",94,"94","uds",unix,64,4194304,10,50,76.131,30.229,52.3185,52.1195,73.031,1.49507,1.49437
19,"n23m0164.hpc.itc.rwth-aachen.de",19,"19","uds",95,"n23m0164.hpc.itc.rwth-aachen.de",95,"95","uds",unix,64,4194304,10,50,69.558,25.679,51.4508,49.779,75.957,1.51231,1.56809
20,"n23m0164.hpc.itc.rwth-aachen.de",20,"20","uds",21,"n23m0164.hpc.itc.rwth-aachen.de",21,"21","uds",unix,64,4194304,10,50,114.765,21.725,28.3969,28.1815,37.319,5.54483,5.53942
20,"n23m0164.hpc.itc.rwth-aachen.de",20,"20","uds",22,"n23m0164.hpc.itc.rwth-aachen.de",22,"22","uds",unix,64,4194304,10,50,48.507,20.039,24.248,24.2185,34.97,5.74873,5.67115
20,"n23m0164.hpc.itc.rwth-aachen.de",20,"20","uds",23,"n23m0164.hpc.itc.rwth-aachen.de",23,"23","uds",unix,64,4194304,10,50,52.774,21.231,27.4804,27.164,42.366,4.67109,4.70216
20,"n23m0164.hpc.itc.rwth-aachen.de",20,"20","uds",24,"n23m0164.hpc.itc.rwth-aachen.de",24,"24","uds",unix,64,4194304,10,50,55.43,21.665,25.1396,24.917,35.022,5.05124,5.02152
20,"n23m0164.hpc.itc.rwth-aachen.de",20,"20","uds",25,"n23m0164.hpc.itc.rwth-aachen.de",25,"25","uds",unix,64,4194304,10,50,53.328,19.163,23.2894,22.952,35.169,5.12871,5.12662
20,"n23m0164.hpc.itc.rwth-aachen.de",20,"20","uds",26,"n23m0164.hpc.itc.rwth-aachen.de",26,"26","uds",unix,64,4194304,10,50,56.852,20.477,24.3482,24.113,31.703,5.05742,5.05214
20,"n23m0164.hpc.itc.rwth-aachen.de",20,"20","uds",27,"n23m0164.hpc.itc.rwth-aachen.de",27,"27","uds",unix,64,4194304,10,50,46.142,20.859,24.1173,23.415,31.263,5.1362,5.13389
20,"n23m0164.hpc.itc.rwth-aachen.de",20,"20","uds",28,"n23m0164.hpc.itc.rwth-aachen.de",28,"28","uds",unix,64,4194304,10,50,43.355,19.014,23.1816,22.946,31.153,5.14201,5.14479
20,"n23m0164.hpc.itc.rwth-aachen.de",20,"20","uds",29,"n23m0164.hpc.itc.rwth-aachen.de",29,"29","uds",unix,64,4194304,10,50,44.578,19.985,23.3372,23.394,28.402,5.11711,5.0952
20,"n23m0164.hpc.itc.rwth-aachen.de",20,"20","uds",30,"n23m0164.hpc.itc.rwth-aachen.de",30,"30","uds",unix,64,4194304,10,50,40.46,21.068,24.4058,24.2115,31.483,5.17121,5.17082
20,"n23m0164.hpc.itc.rwth-aachen.de",20,"20","uds",31,"n23m0164.hpc.itc.rwth-aachen.de",31,"31","uds",unix,64,4194304,10,50,42.817,19.914,23.9412,23.8025,31.592,5.09595,5.11325
20,"n23m0164.hpc.itc.rwth-aachen.de",20,"20","uds",32,"n23m0164.hpc.itc.rwth-aachen.de",32,"32","uds",unix,64,4194304,10,50,39.791,15.291,24.5192,23.891,38.46,5.07512,5.07918
20,"n23m0164.hpc.itc.rwth-aachen.de",20,"20","uds",33,"n23m0164.hpc.itc.rwth-aachen.de",33,"33","uds",unix,64,4194304,10,50,39.299,19.961,24.6082,24.4405,32.125,5.14565,5.14838
20,"n23m0164.hpc.itc.rwth-aachen.de",20,"20","uds",34,"n23m0164.hpc.itc.rwth-aachen.de",34,"34","uds",unix,64,4194304,10,50,38.367,19.776,24.0487,24.2625,29.479,5.1422,5.13881
20,"n23m0164.hpc.itc.rwth-aachen.de",20,"20","uds",35,"n23m0164.hpc.itc.rwth-aachen.de",35,"35","uds",unix,64,4194304,10,50,37.139,19.337,23.9021,23.4225,30.823,5.05019,5.05925
20,"n23m0164.hpc.itc.rwth-aachen.de",20,"20","uds",36,"n23m0164.hpc.itc.rwth-aachen.de",36,"36","uds",unix,64,4194304,10,50,41.957,19.467,22.9084,22.7115,31.281,5.52758,5.53538
20,"n23m0164.hpc.itc.rwth-aachen.de",20,"20","uds",37,"n23m0164.hpc.itc.rwth-aachen.de",37,"37","uds",unix,64,4194304,10,50,46.416,19.061,22.364,22.1015,28.894,5.54199,5.54828
20,"n23m0164.hpc.itc.rwth-aachen.de",20,"20","uds",38,"n23m0164.hpc.itc.rwth-aachen.de",38,"38","uds",unix,64,4194304,10,50,42.944,19.968,23.2628,23.086,31.047,5.46342,5.45395
20,"n23m0164.hpc.itc.rwth-aachen.de",20,"20","uds",39,"n23m0164.hpc.itc.rwth-aachen.de",39,"39","uds",unix,64,4194304,10,50,39.327,19.758,22.7213,22.367,28.982,5.51953,5.52814
20,"n23m0164.hpc.itc.rwth-aachen.de",20,"20","uds",40,"n23m0164.hpc.itc.rwth-aachen.de",40,"40","uds",unix,64,4194304,10,50,40.422,19.657,22.4344,21.8785,28.07,5.44322,5.44585
20,"n23m0164.hpc.itc.rwth-aachen.de",20,"20","uds",41,"n23m0164.hpc.itc.rwth-aachen.de",41,"41","uds",unix,64,4194304,10,50,38.976,19.086,22.9761,22.926,28.23,5.37669,5.37591
20,"n23m0164.hpc.itc.rwth-aachen.de",20,"20","uds",42,"n23m0164.hpc.itc.rwth-aachen.de",42,"42","uds",unix,64,4194304,10,50,40.752,15.809,22.439,22.4385,27.695,5.50904,5.51033
20,"n23m0164.hpc.itc.rwth-aachen.de",20,"20","uds",43,"n23m0164.hpc.itc.rwth-aachen.de",43,"43","uds",unix,64,4194304,10,50,38.595,18.889,22.5799,22.305,30.002,5.55199,5.55991
20,"n23m0164.hpc.itc.rwth-aachen.de",20,"20","uds",44,"n23m0164.hpc.itc.rwth-aachen.de",44,"44","uds",unix,64,4194304,10,50,40.327,18.775,22.831,22.2145,33.686,5.46867,5.47259
20,"n23m0164.hpc.itc.rwth-aachen.de",20,"20","uds",45,"n23m0164.hpc.itc.rwth-aachen.de",45,"45","uds",unix,64,4194304,10,50,37.95,19.081,21.9238,21.697,26.259,5.40504,5.39955
20,"n23m0164.hpc.itc.rwth-aachen.de",20,"20","uds",46,"n23m0164.hpc.itc.rwth-aachen.de",46,"46","uds",unix,64,4194304,10,50,42.151,18.715,22.9355,22.5245,33.785,5.3885,5.39175
20,"n23m0164.hpc.itc.rwth-aachen.de",20,"20","uds",47,"n23m0164.hpc.itc.rwth-aachen.de",47,"47","uds",unix,64,4194304,10,50,38.102,17.943,22.6345,22.3025,30.108,5.35805,5.35781
20,"n23m0164.hpc.itc.rwth-aachen.de",20,"20","uds",48,"n23m0164.hpc.itc.rwth-aachen.de",48,"48","uds",unix,64,4194304,10,50,54.133,18.949,36.0443,35.87,54.215,2.20824,2.14027
20,"n23m0164.hpc.itc.rwth-aachen.de",20,"20","uds",49,"n23m0164.hpc.itc.rwth-aachen.de",49,"49","uds",unix,64,4194304,10,50,86.172,29.225,53.8668,54.0995,87.13,1.47569,1.50386
20,"n23m0164.hpc.itc.rwth-aachen.de",20,"20","uds",50,"n23m0164.hpc.itc.rwth-aachen.de",50,"50","uds",unix,64,4194304,10,50,81.995,27.383,47.8536,48.2485,65.576,2.02641,2.00189
20,"n23m0164.hpc.itc.rwth-aachen.de",20,"20","uds",51,"n23m0164.hpc.itc.rwth-aachen.de",51,"51","uds",unix,64,4194304,10,50,83.874,28.648,52.6602,52.5325,77.921,1.49231,1.49259
20,"n23m0164.hpc.itc.rwth-aachen.de",20,"20","uds",52,"n23m0164.hpc.itc.rwth-aachen.de",52,"52","uds",unix,64,4194304,10,50,79.065,36.469,52.7666,52.517,74.011,1.47709,1.47765
20,"n23m0164.hpc.itc.rwth-aachen.de",20,"20","uds",53,"n23m0164.hpc.itc.rwth-aachen.de",53,"53","uds",unix,64,4194304,10,50,87.842,30.936,53.8387,53.8075,101.348,1.66997,1.81772
20,"n23m0164.hpc.itc.rwth-aachen.de",20,"20","uds",54,"n23m0164.hpc.itc.rwth-aachen.de",54,"54","uds",unix,64,4194304,10,50,52.769,25.412,38.2498,37.733,50.705,1.4881,1.56865
20,"n23m0164.hpc.itc.rwth-aachen.de",20,"20","uds",55,"n23m0164.hpc.itc.rwth-aachen.de",55,"55","uds",unix,64,4194304,10,50,75.415,33.475,54.2222,56.359,73.232,1.49387,1.49349
20,"n23m0164.hpc.itc.rwth-aachen.de",20,"20","uds",56,"n23m0164.hpc.itc.rwth-aachen.de",56,"56","uds",unix,64,4194304,10,50,73.351,28.564,52.4077,52.7925,88.531,1.49509,1.49436
20,"n23m0164.hpc.itc.rwth-aachen.de",20,"20","uds",57,"n23m0164.hpc.itc.rwth-aachen.de",57,"57","uds",unix,64,4194304,10,50,79.449,31.091,52.4124,51.9705,78.083,1.99117,2.03667
20,"n23m0164.hpc.itc.rwth-aachen.de",20,"20","uds",58,"n23m0164.hpc.itc.rwth-aachen.de",58,"58","uds",unix,64,4194304,10,50,85.833,25.477,52.3982,52.805,94.619,1.48991,1.47921
20,"n23m0164.hpc.itc.rwth-aachen.de",20,"20","uds",59,"n23m0164.hpc.itc.rwth-aachen.de",59,"59","uds",unix,64,4194304,10,50,96.471,30.373,52.6947,53.452,70.021,1.50119,1.50057
20,"n23m0164.hpc.itc.rwth-aachen.de",20,"20","uds",60,"n23m0164.hpc.itc.rwth-aachen.de",60,"60","uds",unix,64,4194304,10,50,95.908,31.316,53.5668,54.0915,76.649,1.48786,1.53593
20,"n23m0164.hpc.itc.rwth-aachen.de",20,"20","uds",61,"n23m0164.hpc.itc.rwth-aachen.de",61,"61","uds",unix,64,4194304,10,50,78.225,23.145,46.1839,45.3185,69.228,1.68253,1.84441
20,"n23m0164.hpc.itc.rwth-aachen.de",20,"20","uds",62,"n23m0164.hpc.itc.rwth-aachen.de",62,"62","uds",unix,64,4194304,10,50,79.615,33.133,54.3944,54.449,82.188,1.51006,1.50921
20,"n23m0164.hpc.itc.rwth-aachen.de",20,"20","uds",63,"n23m0164.hpc.itc.rwth-aachen.de",63,"63","uds",unix,64,4194304,10,50,75.853,32.684,52.5386,51.427,77.03,1.4938,1.49348
20,"n23m0164.hpc.itc.rwth-aachen.de",20,"20","uds",64,"n23m0164.hpc.itc.rwth-aachen.de",64,"64","uds",unix,64,4194304,10,50,90.445,30.488,53.5657,53.5295,81.503,1.7765,1.93178
20,"n23m0164.hpc.itc.rwth-aachen.de",20,"20","uds",65,"n23m0164.hpc.itc.rwth-aachen.de",65,"65","uds",unix,64,4194304,10,50,51.136,28.042,39.5326,37.62,54.397,1.49458,1.52048
20,"n23m0164.hpc.itc.rwth-aachen.de",20,"20","uds",66,"n23m0164.hpc.itc.rwth-aachen.de",66,"66","uds",unix,64,4194304,10,50,78.28,29.166,53.0384,53.675,79.066,1.48507,1.48284
20,"n23m0164.hpc.itc.rwth-aachen.de",20,"20","uds",67,"n23m0164.hpc.itc.rwth-aachen.de",67,"67","uds",unix,64,4194304,10,50,76.637,30.469,52.2405,52.7195,80.528,1.50605,1.50856
20,"n23m0164.hpc.itc.rwth-aachen.de",20,"20","uds",68,"n23m0164.hpc.itc.rwth-aachen.de",68,"68","uds",unix,64,4194304,10,50,76.381,28.907,52.5646,54.397,78.653,2.05032,2.07524
20,"n23m0164.hpc.itc.rwth-aachen.de",20,"20","uds",69,"n23m0164.hpc.itc.rwth-aachen.de",69,"69","uds",unix,64,4194304,10,50,72.633,24.948,48.3696,47.896,85.113,1.49427,1.49241
20,"n23m0164.hpc.itc.rwth-aachen.de",20,"20","uds",70,"n23m0164.hpc.itc.rwth-aachen.de",70,"70","uds",unix,64,4194304,10,50,84.182,30.354,54.1464,53.8555,75.72,1.49006,1.4905
20,"n23m0164.hpc.itc.rwth-aachen.de",20,"20","uds",71,"n23m0164.hpc.itc.rwth-aachen.de",71,"71","uds",unix,64,4194304,10,50,73.421,29.965,53.5505,53.286,94.67,1.48979,1.50081
20,"n23m0164.hpc.itc.rwth-aachen.de",20,"20","uds",72,"n23m0164.hpc.itc.rwth-aachen.de",72,"72","uds",unix,64,4194304,10,50,82.671,26.693,46.8792,46.593,69.802,2.06969,2.02369
20,"n23m0164.hpc.itc.rwth-aachen.de",20,"20","uds",73,"n23m0164.hpc.itc.rwth-aachen.de",73,"73","uds",unix,64,4194304,10,50,76.15,28.689,53.0975,52.778,81.941,1.49238,1.49238
20,"n23m0164.hpc.itc.rwth-aachen.de",20,"20","uds",74,"n23m0164.hpc.itc.rwth-aachen.de",74,"74","uds",unix,64,4194304,10,50,78.387,30.452,52.1507,51.439,82.779,1.47434,1.47492
20,"n23m0164.hpc.itc.rwth-aachen.de",20,"20","uds",75,"n23m0164.hpc.itc.rwth-aachen.de",75,"75","uds",unix,64,4194304,10,50,79.517,34.098,52.6866,53.8255,82.646,1.56834,1.74989
20,"n23m0164.hpc.itc.rwth-aachen.de",20,"20","uds",76,"n23m0164.hpc.itc.rwth-aachen.de",76,"76","uds",unix,64,4194304,10,50,43.544,20.236,36.099,35.931,57.423,1.50094,1.62579
20,"n23m0164.hpc.itc.rwth-aachen.de",20,"20","uds",77,"n23m0164.hpc.itc.rwth-aachen.de",77,"77","uds",unix,64,4194304,10,50,71.825,33.908,51.8835,53.5205,68.343,1.49356,1.49359
20,"n23m0164.hpc.itc.rwth-aachen.de",20,"20","uds",78,"n23m0164.hpc.itc.rwth-aachen.de",78,"78","uds",unix,64,4194304,10,50,72.631,30.03,53.0841,52.1045,90.005,1.49485,1.49545
20,"n23m0164.hpc.itc.rwth-aachen.de",20,"20","uds",79,"n23m0164.hpc.itc.rwth-aachen.de",79,"79","uds",unix,64,4194304,10,50,71.005,28.88,52.8712,51.7025,75.538,1.83304,1.98765
20,"n23m0164.hpc.itc.rwth-aachen.de",20,"20","uds",80,"n23m0164.hpc.itc.rwth-aachen.de",80,"80","uds",unix,64,4194304,10,50,52.702,30.764,41.73,42.0995,52.533,1.47826,1.48564
20,"n23m0164.hpc.itc.rwth-aachen.de",20,"20","uds",81,"n23m0164.hpc.itc.rwth-aachen.de",81,"81","uds",unix,64,4194304,10,50,68.962,30.646,50.4043,50.6675,70.823,1.50593,1.50732
20,"n23m0164.hpc.itc.rwth-aachen.de",20,"20","uds",82,"n23m0164.hpc.itc.rwth-aachen.de",82,"82","uds",unix,64,4194304,10,50,75.198,26.127,52.9856,52.0265,89.036,1.49892,1.50416
20,"n23m0164.hpc.itc.rwth-aachen.de",20,"20","uds",83,"n23m0164.hpc.itc.rwth-aachen.de",83,"83","uds",unix,64,4194304,10,50,67.28,26.052,48.5415,49.6335,68.769,2.01645,2.01942
20,"n23m0164.hpc.itc.rwth-aachen.de",20,"20","uds",84,"n23m0164.hpc.itc.rwth-aachen.de",84,"84","uds",unix,64,4194304,10,50,86.011,33.35,53.5297,53.0475,80.768,1.5016,1.50219
20,"n23m0164.hpc.itc.rwth-aachen.de",20,"20","uds",85,"n23m0164.hpc.itc.rwth-aachen.de",85,"85","uds",unix,64,4194304,10,50,76.821,29.423,52.5035,51.22,81.368,1.49499,1.49488
20,"n23m0164.hpc.itc.rwth-aachen.de",20,"20","uds",86,"n23m0164.hpc.itc.rwth-aachen.de",86,"86","uds",unix,64,4194304,10,50,75.446,35.588,53.2893,52.4375,77.908,1.49357,1.53771
20,"n23m0164.hpc.itc.rwth-aachen.de",20,"20","uds",87,"n23m0164.hpc.itc.rwth-aachen.de",87,"87","uds",unix,64,4194304,10,50,65.335,25.57,45.4054,44.7775,70.532,1.75882,1.88288
20,"n23m0164.hpc.itc.rwth-aachen.de",20,"20","uds",88,"n23m0164.hpc.itc.rwth-aachen.de",88,"88","uds",unix,64,4194304,10,50,82.777,27.739,51.5601,50.7035,80.052,1.4991,1.49837
20,"n23m0164.hpc.itc.rwth-aachen.de",20,"20","uds",89,"n23m0164.hpc.itc.rwth-aachen.de",89,"89","uds",unix,64,4194304,10,50,77.406,27.877,53.1044,55.2225,93.1,1.5005,1.49759
20,"n23m0164.hpc.itc.rwth-aachen.de",20,"20","uds",90,"n23m0164.hpc.itc.rwth-aachen.de",90,"90","uds",unix,64,4194304,10,50,74.674,27.882,51.781,52.18,74.485,1.5149,1.61037
20,"n23m0164.hpc.itc.rwth-aachen.de",20,"20","uds",91,"n23m0164.hpc.itc.rwth-aachen.de",91,"91","uds",unix,64,4194304,10,50,52.398,20.565,36.4998,36.8495,65.106,1.53479,1.78464
20,"n23m0164.hpc.itc.rwth-aachen.de",20,"20","uds",92,"n23m0164.hpc.itc.rwth-aachen.de",92,"92","uds",unix,64,4194304,10,50,68.379,28.043,51.0697,49.766,78.428,1.50493,1.50403
20,"n23m0164.hpc.itc.rwth-aachen.de",20,"20","uds",93,"n23m0164.hpc.itc.rwth-aachen.de",93,"93","uds",unix,64,4194304,10,50,74.584,29.713,50.9895,50.1325,71.486,1.50248,1.50307
20,"n23m0164.hpc.itc.rwth-aachen.de",20,"20","uds",94,"n23m0164.hpc.itc.rwth-aachen.de",94,"94","uds",unix,64,4194304,10,50,75.095,29.541,52.239,52.4745,68.804,1.58711,1.76612
20,"n23m0164.hpc.itc.rwth-aachen.de",20,"20","uds",95,"n23m0164.hpc.itc.rwth-aachen.de",95,"95","uds",unix,64,4194304,10,50,45.491,20.125,36.4195,35.3885,57.792,1.51518,1.63259
21,"n23m0164.hpc.itc.rwth-aachen.de",21,"21","uds",22,"n23m0164.hpc.itc.rwth-aachen.de",22,"22","uds",unix,64,4194304,10,50,144.22,27.711,36.5469,36.5155,53.239,3.2396,3.25714
21,"n23m0164.hpc.itc.rwth-aachen.de",21,"21","uds",23,"n23m0164.hpc.itc.rwth-aachen.de",23,"23","uds",unix,64,4194304,10,50,81.589,28.144,38.3638,37.7045,63.447,2.92541,2.91828
21,"n23m0164.hpc.itc.rwth-aachen.de",21,"21","uds",24,"n23m0164.hpc.itc.rwth-aachen.de",24,"24","uds",unix,64,4194304,10,50,95.213,26.333,33.6512,32.9435,47.425,3.14169,3.12424
21,"n23m0164.hpc.itc.rwth-aachen.de",21,"21","uds",25,"n23m0164.hpc.itc.rwth-aachen.de",25,"25","uds",unix,64,4194304,10,50,67.374,24.08,30.8291,30.092,53.653,3.1226,3.12593
21,"n23m0164.hpc.itc.rwth-aachen.de",21,"21","uds",26,"n23m0164.hpc.itc.rwth-aachen.de",26,"26","uds",unix,64,4194304,10,50,72.895,25.102,31.6742,31.216,56.988,4.28334,4.18667
21,"n23m0164.hpc.itc.rwth-aachen.de",21,"21","uds",27,"n23m0164.hpc.itc.rwth-aachen.de",27,"27","uds",unix,64,4194304,10,50,51.811,19.194,23.5402,23.271,33.06,4.24691,4.24543
21,"n23m0164.hpc.itc.rwth-aachen.de",21,"21","uds",28,"n23m0164.hpc.itc.rwth-aachen.de",28,"28","uds",unix,64,4194304,10,50,55.671,22.5,27.4544,27.1245,43.853,3.93952,3.93615
21,"n23m0164.hpc.itc.rwth-aachen.de",21,"21","uds",29,"n23m0164.hpc.itc.rwth-aachen.de",29,"29","uds",unix,64,4194304,10,50,52.095,20.997,27.2697,27.2195,42.135,3.85072,3.85392
21,"n23m0164.hpc.itc.rwth-aachen.de",21,"21","uds",30,"n23m0164.hpc.itc.rwth-aachen.de",30,"30","uds",unix,64,4194304,10,50,55.557,20.581,26.2408,25.6805,43.39,4.01424,4.0147
21,"n23m0164.hpc.itc.rwth-aachen.de",21,"21","uds",31,"n23m0164.hpc.itc.rwth-aachen.de",31,"31","uds",unix,64,4194304,10,50,47.489,22.458,27.0896,26.616,42.915,3.88151,3.88229
21,"n23m0164.hpc.itc.rwth-aachen.de",21,"21","uds",32,"n23m0164.hpc.itc.rwth-aachen.de",32,"32","uds",unix,64,4194304,10,50,48.086,21.036,26.9459,26.6165,32.409,4.68554,4.66788
21,"n23m0164.hpc.itc.rwth-aachen.de",21,"21","uds",33,"n23m0164.hpc.itc.rwth-aachen.de",33,"33","uds",unix,64,4194304,10,50,36.263,19.042,22.8627,22.653,30.509,4.56567,4.54752
21,"n23m0164.hpc.itc.rwth-aachen.de",21,"21","uds",34,"n23m0164.hpc.itc.rwth-aachen.de",34,"34","uds",unix,64,4194304,10,50,44.892,21.973,25.4741,25.0185,34.561,3.98228,3.98165
21,"n23m0164.hpc.itc.rwth-aachen.de",21,"21","uds",35,"n23m0164.hpc.itc.rwth-aachen.de",35,"35","uds",unix,64,4194304,10,50,46.232,17.192,26.8759,26.016,50.257,4.67521,4.63677
21,"n23m0164.hpc.itc.rwth-aachen.de",21,"21","uds",36,"n23m0164.hpc.itc.rwth-aachen.de",36,"36","uds",unix,64,4194304,10,50,43.038,19.143,23.1062,22.8195,29.567,4.94806,4.95597
21,"n23m0164.hpc.itc.rwth-aachen.de",21,"21","uds",37,"n23m0164.hpc.itc.rwth-aachen.de",37,"37","uds",unix,64,4194304,10,50,46.17,19.826,23.5827,23.388,32.342,4.75306,4.74228
21,"n23m0164.hpc.itc.rwth-aachen.de",21,"21","uds",38,"n23m0164.hpc.itc.rwth-aachen.de",38,"38","uds",unix,64,4194304,10,50,53.74,21.048,25.3337,25.092,43.741,5.1086,5.09783
21,"n23m0164.hpc.itc.rwth-aachen.de",21,"21","uds",39,"n23m0164.hpc.itc.rwth-aachen.de",39,"39","uds",unix,64,4194304,10,50,43.986,19.125,22.0429,21.847,29.918,4.79709,4.80588
21,"n23m0164.hpc.itc.rwth-aachen.de",21,"21","uds",40,"n23m0164.hpc.itc.rwth-aachen.de",40,"40","uds",unix,64,4194304,10,50,66.217,19.984,25.6339,25.4805,34.018,4.5906,4.59726
21,"n23m0164.hpc.itc.rwth-aachen.de",21,"21","uds",41,"n23m0164.hpc.itc.rwth-aachen.de",41,"41","uds",unix,64,4194304,10,50,59.873,21.772,25.6709,25.0735,37.668,5.23784,5.1841
21,"n23m0164.hpc.itc.rwth-aachen.de",21,"21","uds",42,"n23m0164.hpc.itc.rwth-aachen.de",42,"42","uds",unix,64,4194304,10,50,49.004,18.84,23.4682,23.168,33.139,5.04604,5.04443
21,"n23m0164.hpc.itc.rwth-aachen.de",21,"21","uds",43,"n23m0164.hpc.itc.rwth-aachen.de",43,"43","uds",unix,64,4194304,10,50,47.254,20.271,25.3631,25.053,39.475,4.68402,4.68565
21,"n23m0164.hpc.itc.rwth-aachen.de",21,"21","uds",44,"n23m0164.hpc.itc.rwth-aachen.de",44,"44","uds",unix,64,4194304,10,50,44.572,22.18,25.1296,24.997,32.399,4.3837,4.35176
21,"n23m0164.hpc.itc.rwth-aachen.de",21,"21","uds",45,"n23m0164.hpc.itc.rwth-aachen.de",45,"45","uds",unix,64,4194304,10,50,54.87,17.809,25.3322,25.3445,34.493,4.45094,4.43644
21,"n23m0164.hpc.itc.rwth-aachen.de",21,"21","uds",46,"n23m0164.hpc.itc.rwth-aachen.de",46,"46","uds",unix,64,4194304,10,50,51.023,20.339,25.529,25.6495,31.902,4.30128,4.30696
21,"n23m0164.hpc.itc.rwth-aachen.de",21,"21","uds",47,"n23m0164.hpc.itc.rwth-aachen.de",47,"47","uds",unix,64,4194304,10,50,51.058,22.101,25.3999,25.26,30.534,5.00002,4.93544
21,"n23m0164.hpc.itc.rwth-aachen.de",21,"21","uds",48,"n23m0164.hpc.itc.rwth-aachen.de",48,"48","uds",unix,64,4194304,10,50,55.78,26.37,36.2026,35.65,51.105,1.61225,1.7506
21,"n23m0164.hpc.itc.rwth-aachen.de",21,"21","uds",49,"n23m0164.hpc.itc.rwth-aachen.de",49,"49","uds",unix,64,4194304,10,50,92.136,29.47,54.9721,55.595,75.574,1.49482,1.62479
21,"n23m0164.hpc.itc.rwth-aachen.de",21,"21","uds",50,"n23m0164.hpc.itc.rwth-aachen.de",50,"50","uds",unix,64,4194304,10,50,58.391,20.552,36.7275,35.7385,52.089,1.72125,1.84947
21,"n23m0164.hpc.itc.rwth-aachen.de",21,"21","uds",51,"n23m0164.hpc.itc.rwth-aachen.de",51,"51","uds",unix,64,4194304,10,50,87.814,31.463,54.9865,55.144,79.142,1.47991,1.48024
21,"n23m0164.hpc.itc.rwth-aachen.de",21,"21","uds",52,"n23m0164.hpc.itc.rwth-aachen.de",52,"52","uds",unix,64,4194304,10,50,91.762,34.944,55.49,53.5965,89.504,1.49223,1.49348
21,"n23m0164.hpc.itc.rwth-aachen.de",21,"21","uds",53,"n23m0164.hpc.itc.rwth-aachen.de",53,"53","uds",unix,64,4194304,10,50,76.46,35.009,53.4629,53.032,82.808,2.02179,2.08685
21,"n23m0164.hpc.itc.rwth-aachen.de",21,"21","uds",54,"n23m0164.hpc.itc.rwth-aachen.de",54,"54","uds",unix,64,4194304,10,50,102.443,26.837,51.8947,51.77,89.948,1.47814,1.47652
21,"n23m0164.hpc.itc.rwth-aachen.de",21,"21","uds",55,"n23m0164.hpc.itc.rwth-aachen.de",55,"55","uds",unix,64,4194304,10,50,108.376,32.572,53.9303,53.542,76.382,1.49625,1.49439
21,"n23m0164.hpc.itc.rwth-aachen.de",21,"21","uds",56,"n23m0164.hpc.itc.rwth-aachen.de",56,"56","uds",unix,64,4194304,10,50,82.148,31.681,54.3599,54.2605,83.082,1.52145,1.53751
21,"n23m0164.hpc.itc.rwth-aachen.de",21,"21","uds",57,"n23m0164.hpc.itc.rwth-aachen.de",57,"57","uds",unix,64,4194304,10,50,75.476,28.595,50.0393,49.807,68.922,1.99494,1.97654
21,"n23m0164.hpc.itc.rwth-aachen.de",21,"21","uds",58,"n23m0164.hpc.itc.rwth-aachen.de",58,"58","uds",unix,64,4194304,10,50,78.454,36.38,53.055,52.836,75.496,1.51115,1.51025
21,"n23m0164.hpc.itc.rwth-aachen.de",21,"21","uds",59,"n23m0164.hpc.itc.rwth-aachen.de",59,"59","uds",unix,64,4194304,10,50,78.305,29.884,52.4687,52.1645,72.687,1.51266,1.51197
21,"n23m0164.hpc.itc.rwth-aachen.de",21,"21","uds",60,"n23m0164.hpc.itc.rwth-aachen.de",60,"60","uds",unix,64,4194304,10,50,88.417,28.524,53.9536,53.0635,80.729,1.50393,1.65118
21,"n23m0164.hpc.itc.rwth-aachen.de",21,"21","uds",61,"n23m0164.hpc.itc.rwth-aachen.de",61,"61","uds",unix,64,4194304,10,50,53.112,25.746,37.0358,36.21,47.604,1.5153,1.70534
21,"n23m0164.hpc.itc.rwth-aachen.de",21,"21","uds",62,"n23m0164.hpc.itc.rwth-aachen.de",62,"62","uds",unix,64,4194304,10,50,102.655,28.604,52.6628,54.5915,75.891,1.50643,1.50432
21,"n23m0164.hpc.itc.rwth-aachen.de",21,"21","uds",63,"n23m0164.hpc.itc.rwth-aachen.de",63,"63","uds",unix,64,4194304,10,50,73.29,32.612,54.095,51.5515,89.675,1.5005,1.4974
21,"n23m0164.hpc.itc.rwth-aachen.de",21,"21","uds",64,"n23m0164.hpc.itc.rwth-aachen.de",64,"64","uds",unix,64,4194304,10,50,79.486,28.967,54.8042,54.1065,84.645,1.86847,2.02229
21,"n23m0164.hpc.itc.rwth-aachen.de",21,"21","uds",65,"n23m0164.hpc.itc.rwth-aachen.de",65,"65","uds",unix,64,4194304,10,50,67.798,23.944,42.7988,42.28,59.408,1.49376,1.49559
21,"n23m0164.hpc.itc.rwth-aachen.de",21,"21","uds",66,"n23m0164.hpc.itc.rwth-aachen.de",66,"66","uds",unix,64,4194304,10,50,82.747,26.952,53.7027,53.7075,87.741,1.48531,1.48539
21,"n23m0164.hpc.itc.rwth-aachen.de",21,"21","uds",67,"n23m0164.hpc.itc.rwth-aachen.de",67,"67","uds",unix,64,4194304,10,50,78.03,29.813,53.3282,53.066,73.131,1.50959,1.51003
21,"n23m0164.hpc.itc.rwth-aachen.de",21,"21","uds",68,"n23m0164.hpc.itc.rwth-aachen.de",68,"68","uds",unix,64,4194304,10,50,77.447,28.611,52.8955,52.132,87.053,2.02095,2.0513
21,"n23m0164.hpc.itc.rwth-aachen.de",21,"21","uds",69,"n23m0164.hpc.itc.rwth-aachen.de",69,"69","uds",unix,64,4194304,10,50,78.639,34.351,54.2985,53.5665,78.25,1.47546,1.47539
21,"n23m0164.hpc.itc.rwth-aachen.de",21,"21","uds",70,"n23m0164.hpc.itc.rwth-aachen.de",70,"70","uds",unix,64,4194304,10,50,81.79,28.554,53.999,54.6205,82.896,1.48406,1.48124
21,"n23m0164.hpc.itc.rwth-aachen.de",21,"21","uds",71,"n23m0164.hpc.itc.rwth-aachen.de",71,"71","uds",unix,64,4194304,10,50,81.04,30.87,52.501,52.4105,95.469,1.49501,1.50281
21,"n23m0164.hpc.itc.rwth-aachen.de",21,"21","uds",72,"n23m0164.hpc.itc.rwth-aachen.de",72,"72","uds",unix,64,4194304,10,50,63.998,29.586,48.9566,49.116,81.226,2.02146,2.02582
21,"n23m0164.hpc.itc.rwth-aachen.de",21,"21","uds",73,"n23m0164.hpc.itc.rwth-aachen.de",73,"73","uds",unix,64,4194304,10,50,76.856,31.039,52.9336,53.2775,76.735,1.50892,1.50824
21,"n23m0164.hpc.itc.rwth-aachen.de",21,"21","uds",74,"n23m0164.hpc.itc.rwth-aachen.de",74,"74","uds",unix,64,4194304,10,50,76.768,28.572,51.2317,51.761,81.03,1.4856,1.4857
21,"n23m0164.hpc.itc.rwth-aachen.de",21,"21","uds",75,"n23m0164.hpc.itc.rwth-aachen.de",75,"75","uds",unix,64,4194304,10,50,85.888,28.042,51.8728,49.2345,75.504,1.50262,1.62814
21,"n23m0164.hpc.itc.rwth-aachen.de",21,"21","uds",76,"n23m0164.hpc.itc.rwth-aachen.de",76,"76","uds",unix,64,4194304,10,50,51.567,25.819,37.1244,36.492,55.349,1.53077,1.74127
21,"n23m0164.hpc.itc.rwth-aachen.de",21,"21","uds",77,"n23m0164.hpc.itc.rwth-aachen.de",77,"77","uds",unix,64,4194304,10,50,79.568,27.22,50.1653,49.979,83.292,1.51654,1.51637
21,"n23m0164.hpc.itc.rwth-aachen.de",21,"21","uds",78,"n23m0164.hpc.itc.rwth-aachen.de",78,"78","uds",unix,64,4194304,10,50,79.422,29.121,52.0407,51.46,83.485,1.51313,1.51318
21,"n23m0164.hpc.itc.rwth-aachen.de",21,"21","uds",79,"n23m0164.hpc.itc.rwth-aachen.de",79,"79","uds",unix,64,4194304,10,50,78.909,28.253,51.328,52.7235,73.759,1.53675,1.60614
21,"n23m0164.hpc.itc.rwth-aachen.de",21,"21","uds",80,"n23m0164.hpc.itc.rwth-aachen.de",80,"80","uds",unix,64,4194304,10,50,65.643,21.077,37.2588,36.7165,54.222,1.53923,1.77754
21,"n23m0164.hpc.itc.rwth-aachen.de",21,"21","uds",81,"n23m0164.hpc.itc.rwth-aachen.de",81,"81","uds",unix,64,4194304,10,50,68.982,30.196,52.673,52.133,88.141,1.52395,1.52482
21,"n23m0164.hpc.itc.rwth-aachen.de",21,"21","uds",82,"n23m0164.hpc.itc.rwth-aachen.de",82,"82","uds",unix,64,4194304,10,50,73.79,32.938,50.0665,50.306,66.91,1.51441,1.5127
21,"n23m0164.hpc.itc.rwth-aachen.de",21,"21","uds",83,"n23m0164.hpc.itc.rwth-aachen.de",83,"83","uds",unix,64,4194304,10,50,76.203,36.013,52.9279,52.6275,84.499,1.61838,1.77735
21,"n23m0164.hpc.itc.rwth-aachen.de",21,"21","uds",84,"n23m0164.hpc.itc.rwth-aachen.de",84,"84","uds",unix,64,4194304,10,50,53.038,29.789,36.9578,36.974,50.133,1.52954,1.62539
21,"n23m0164.hpc.itc.rwth-aachen.de",21,"21","uds",85,"n23m0164.hpc.itc.rwth-aachen.de",85,"85","uds",unix,64,4194304,10,50,71.143,30.75,52.4173,51.9415,77.338,1.51963,1.51792
21,"n23m0164.hpc.itc.rwth-aachen.de",21,"21","uds",86,"n23m0164.hpc.itc.rwth-aachen.de",86,"86","uds",unix,64,4194304,10,50,87.108,29.229,53.3382,53.896,82.083,1.50575,1.50618
21,"n23m0164.hpc.itc.rwth-aachen.de",21,"21","uds",87,"n23m0164.hpc.itc.rwth-aachen.de",87,"87","uds",unix,64,4194304,10,50,82.141,28.835,53.2312,52.9525,82.575,1.83646,2.00539
21,"n23m0164.hpc.itc.rwth-aachen.de",21,"21","uds",88,"n23m0164.hpc.itc.rwth-aachen.de",88,"88","uds",unix,64,4194304,10,50,57.676,23.301,40.4109,39.8095,66.649,1.51092,1.51886
21,"n23m0164.hpc.itc.rwth-aachen.de",21,"21","uds",89,"n23m0164.hpc.itc.rwth-aachen.de",89,"89","uds",unix,64,4194304,10,50,71.588,34.934,53.3971,51.259,79.6,1.51195,1.51128
21,"n23m0164.hpc.itc.rwth-aachen.de",21,"21","uds",90,"n23m0164.hpc.itc.rwth-aachen.de",90,"90","uds",unix,64,4194304,10,50,92.742,27.936,52.0566,51.2115,74.395,1.49655,1.49742
21,"n23m0164.hpc.itc.rwth-aachen.de",21,"21","uds",91,"n23m0164.hpc.itc.rwth-aachen.de",91,"91","uds",unix,64,4194304,10,50,74.906,28.74,52.6633,51.962,71.625,1.73782,1.90992
21,"n23m0164.hpc.itc.rwth-aachen.de",21,"21","uds",92,"n23m0164.hpc.itc.rwth-aachen.de",92,"92","uds",unix,64,4194304,10,50,53.577,22.596,37.7861,37.7275,53.861,1.51204,1.55551
21,"n23m0164.hpc.itc.rwth-aachen.de",21,"21","uds",93,"n23m0164.hpc.itc.rwth-aachen.de",93,"93","uds",unix,64,4194304,10,50,75.735,32.195,52.6369,52.4345,83.342,1.49467,1.49605
21,"n23m0164.hpc.itc.rwth-aachen.de",21,"21","uds",94,"n23m0164.hpc.itc.rwth-aachen.de",94,"94","uds",unix,64,4194304,10,50,81.354,28.581,53.0192,52.9425,79.2,1.50561,1.50445
21,"n23m0164.hpc.itc.rwth-aachen.de",21,"21","uds",95,"n23m0164.hpc.itc.rwth-aachen.de",95,"95","uds",unix,64,4194304,10,50,82.215,27.771,52.5715,52.0105,74.937,1.99863,2.0399
22,"n23m0164.hpc.itc.rwth-aachen.de",22,"22","uds",23,"n23m0164.hpc.itc.rwth-aachen.de",23,"23","uds",unix,64,4194304,10,50,129.704,21.817,32.8125,32.0155,49.323,3.5452,3.53411
22,"n23m0164.hpc.itc.rwth-aachen.de",22,"22","uds",24,"n23m0164.hpc.itc.rwth-aachen.de",24,"24","uds",unix,64,4194304,10,50,73.275,22.797,28.9098,28.5535,40.186,2.85992,2.86194
22,"n23m0164.hpc.itc.rwth-aachen.de",22,"22","uds",25,"n23m0164.hpc.itc.rwth-aachen.de",25,"25","uds",unix,64,4194304,10,50,72.977,20.373,32.9718,31.8365,49.592,2.85041,2.8497
22,"n23m0164.hpc.itc.rwth-aachen.de",22,"22","uds",26,"n23m0164.hpc.itc.rwth-aachen.de",26,"26","uds",unix,64,4194304,10,50,68.807,24.727,33.1337,33.118,42.68,4.16456,4.12272
22,"n23m0164.hpc.itc.rwth-aachen.de",22,"22","uds",27,"n23m0164.hpc.itc.rwth-aachen.de",27,"27","uds",unix,64,4194304,10,50,51.394,19.548,23.6828,23.8795,32.575,4.04486,3.98896
22,"n23m0164.hpc.itc.rwth-aachen.de",22,"22","uds",28,"n23m0164.hpc.itc.rwth-aachen.de",28,"28","uds",unix,64,4194304,10,50,72.183,25.963,32.8192,31.9175,54.315,2.8644,2.86771
22,"n23m0164.hpc.itc.rwth-aachen.de",22,"22","uds",29,"n23m0164.hpc.itc.rwth-aachen.de",29,"29","uds",unix,64,4194304,10,50,74.885,24.52,33.1093,32.1415,48.949,3.35784,3.23764
22,"n23m0164.hpc.itc.rwth-aachen.de",22,"22","uds",30,"n23m0164.hpc.itc.rwth-aachen.de",30,"30","uds",unix,64,4194304,10,50,54.173,21.242,27.1907,26.4955,40.802,2.91172,2.99944
22,"n23m0164.hpc.itc.rwth-aachen.de",22,"22","uds",31,"n23m0164.hpc.itc.rwth-aachen.de",31,"31","uds",unix,64,4194304,10,50,68.043,21.952,29.3433,29.2005,43.115,4.62427,4.50419
22,"n23m0164.hpc.itc.rwth-aachen.de",22,"22","uds",32,"n23m0164.hpc.itc.rwth-aachen.de",32,"32","uds",unix,64,4194304,10,50,45.198,21.267,24.1687,23.6835,29.565,5.22295,5.15604
22,"n23m0164.hpc.itc.rwth-aachen.de",22,"22","uds",33,"n23m0164.hpc.itc.rwth-aachen.de",33,"33","uds",unix,64,4194304,10,50,38.583,17.585,21.9111,21.654,28.11,4.60974,4.61791
22,"n23m0164.hpc.itc.rwth-aachen.de",22,"22","uds",34,"n23m0164.hpc.itc.rwth-aachen.de",34,"34","uds",unix,64,4194304,10,50,46.377,23.083,28.6478,28.4115,34.618,2.88688,2.96283
22,"n23m0164.hpc.itc.rwth-aachen.de",22,"22","uds",35,"n23m0164.hpc.itc.rwth-aachen.de",35,"35","uds",unix,64,4194304,10,50,62.722,25.774,33.0524,32.5885,44.244,4.19711,4.13439
22,"n23m0164.hpc.itc.rwth-aachen.de",22,"22","uds",36,"n23m0164.hpc.itc.rwth-aachen.de",36,"36","uds",unix,64,4194304,10,50,43.668,18.081,22.9919,22.8725,27.449,4.43278,4.38624
22,"n23m0164.hpc.itc.rwth-aachen.de",22,"22","uds",37,"n23m0164.hpc.itc.rwth-aachen.de",37,"37","uds",unix,64,4194304,10,50,58.655,22.922,30.5193,29.7615,47.939,3.10857,3.10394
22,"n23m0164.hpc.itc.rwth-aachen.de",22,"22","uds",38,"n23m0164.hpc.itc.rwth-aachen.de",38,"38","uds",unix,64,4194304,10,50,63.283,18.586,32.2037,31.954,53.698,4.4134,4.36267
22,"n23m0164.hpc.itc.rwth-aachen.de",22,"22","uds",39,"n23m0164.hpc.itc.rwth-aachen.de",39,"39","uds",unix,64,4194304,10,50,46.675,19.724,23.4504,23.123,29.859,4.48311,4.38773
22,"n23m0164.hpc.itc.rwth-aachen.de",22,"22","uds",40,"n23m0164.hpc.itc.rwth-aachen.de",40,"40","uds",unix,64,4194304,10,50,60.077,23.74,30.7477,30.678,39.857,4.19371,4.03527
22,"n23m0164.hpc.itc.rwth-aachen.de",22,"22","uds",41,"n23m0164.hpc.itc.rwth-aachen.de",41,"41","uds",unix,64,4194304,10,50,48.582,18.394,25.5248,25.288,34.814,5.14306,5.10342
22,"n23m0164.hpc.itc.rwth-aachen.de",22,"22","uds",42,"n23m0164.hpc.itc.rwth-aachen.de",42,"42","uds",unix,64,4194304,10,50,43.591,17.944,22.3704,22.332,27.692,5.11225,5.05583
22,"n23m0164.hpc.itc.rwth-aachen.de",22,"22","uds",43,"n23m0164.hpc.itc.rwth-aachen.de",43,"43","uds",unix,64,4194304,10,50,50.627,20.944,25.6359,25.3255,35.503,3.1465,3.34774
22,"n23m0164.hpc.itc.rwth-aachen.de",22,"22","uds",44,"n23m0164.hpc.itc.rwth-aachen.de",44,"44","uds",unix,64,4194304,10,50,63.982,25.493,32.2716,31.7775,48.415,4.10149,3.93305
22,"n23m0164.hpc.itc.rwth-aachen.de",22,"22","uds",45,"n23m0164.hpc.itc.rwth-aachen.de",45,"45","uds",unix,64,4194304,10,50,48.05,21.71,26.2213,25.2575,44.305,4.72295,4.62638
22,"n23m0164.hpc.itc.rwth-aachen.de",22,"22","uds",46,"n23m0164.hpc.itc.rwth-aachen.de",46,"46","uds",unix,64,4194304,10,50,49.083,20.961,24.55,24.0875,37.112,3.54955,3.55835
22,"n23m0164.hpc.itc.rwth-aachen.de",22,"22","uds",47,"n23m0164.hpc.itc.rwth-aachen.de",47,"47","uds",unix,64,4194304,10,50,68.773,20.545,32.3965,31.749,54.629,4.40235,4.2952
22,"n23m0164.hpc.itc.rwth-aachen.de",22,"22","uds",48,"n23m0164.hpc.itc.rwth-aachen.de",48,"48","uds",unix,64,4194304,10,50,54.758,29.678,38.3879,38.0735,54.09,1.51729,1.70644
22,"n23m0164.hpc.itc.rwth-aachen.de",22,"22","uds",49,"n23m0164.hpc.itc.rwth-aachen.de",49,"49","uds",unix,64,4194304,10,50,79.62,28.431,53.253,53.7035,76.72,1.5259,1.54705
22,"n23m0164.hpc.itc.rwth-aachen.de",22,"22","uds",50,"n23m0164.hpc.itc.rwth-aachen.de",50,"50","uds",unix,64,4194304,10,50,71.831,30.36,47.7018,47.176,81.136,2.02621,2.01848
22,"n23m0164.hpc.itc.rwth-aachen.de",22,"22","uds",51,"n23m0164.hpc.itc.rwth-aachen.de",51,"51","uds",unix,64,4194304,10,50,80.546,27.835,52.8764,52.297,82.596,1.52341,1.52428
22,"n23m0164.hpc.itc.rwth-aachen.de",22,"22","uds",52,"n23m0164.hpc.itc.rwth-aachen.de",52,"52","uds",unix,64,4194304,10,50,79.922,29.809,53.041,53.748,72.746,1.5094,1.50944
22,"n23m0164.hpc.itc.rwth-aachen.de",22,"22","uds",53,"n23m0164.hpc.itc.rwth-aachen.de",53,"53","uds",unix,64,4194304,10,50,76.182,30.12,55.1768,54.1115,87.783,1.54016,1.69332
22,"n23m0164.hpc.itc.rwth-aachen.de",22,"22","uds",54,"n23m0164.hpc.itc.rwth-aachen.de",54,"54","uds",unix,64,4194304,10,50,54.12,24.683,36.3108,35.7575,53.217,1.52122,1.70133
22,"n23m0164.hpc.itc.rwth-aachen.de",22,"22","uds",55,"n23m0164.hpc.itc.rwth-aachen.de",55,"55","uds",unix,64,4194304,10,50,86.292,34.47,53.1494,51.8415,82.113,1.51957,1.52032
22,"n23m0164.hpc.itc.rwth-aachen.de",22,"22","uds",56,"n23m0164.hpc.itc.rwth-aachen.de",56,"56","uds",unix,64,4194304,10,50,80.393,31.504,51.4778,53.7215,67.711,1.53334,1.53302
22,"n23m0164.hpc.itc.rwth-aachen.de",22,"22","uds",57,"n23m0164.hpc.itc.rwth-aachen.de",57,"57","uds",unix,64,4194304,10,50,79.162,29.635,53.1481,54.1915,79.781,2.00913,2.05444
22,"n23m0164.hpc.itc.rwth-aachen.de",22,"22","uds",58,"n23m0164.hpc.itc.rwth-aachen.de",58,"58","uds",unix,64,4194304,10,50,69.92,26.281,45.2998,45.5715,59.875,1.51706,1.51718
22,"n23m0164.hpc.itc.rwth-aachen.de",22,"22","uds",59,"n23m0164.hpc.itc.rwth-aachen.de",59,"59","uds",unix,64,4194304,10,50,81.752,28.248,52.6903,51.3465,89.313,1.53027,1.53338
22,"n23m0164.hpc.itc.rwth-aachen.de",22,"22","uds",60,"n23m0164.hpc.itc.rwth-aachen.de",60,"60","uds",unix,64,4194304,10,50,83.745,28.682,53.9015,52.585,77.565,1.52071,1.52215
22,"n23m0164.hpc.itc.rwth-aachen.de",22,"22","uds",61,"n23m0164.hpc.itc.rwth-aachen.de",61,"61","uds",unix,64,4194304,10,50,77.841,25.457,51.8801,52.336,81.433,2.06285,2.07141
22,"n23m0164.hpc.itc.rwth-aachen.de",22,"22","uds",62,"n23m0164.hpc.itc.rwth-aachen.de",62,"62","uds",unix,64,4194304,10,50,81.398,29.649,51.1849,51.637,78.686,1.54358,1.54364
22,"n23m0164.hpc.itc.rwth-aachen.de",22,"22","uds",63,"n23m0164.hpc.itc.rwth-aachen.de",63,"63","uds",unix,64,4194304,10,50,93.338,29.072,51.6508,51.7595,80.536,1.53215,1.53054
22,"n23m0164.hpc.itc.rwth-aachen.de",22,"22","uds",64,"n23m0164.hpc.itc.rwth-aachen.de",64,"64","uds",unix,64,4194304,10,50,82.11,30.797,53.1162,53.261,92.375,1.55121,1.56003
22,"n23m0164.hpc.itc.rwth-aachen.de",22,"22","uds",65,"n23m0164.hpc.itc.rwth-aachen.de",65,"65","uds",unix,64,4194304,10,50,71.276,27.365,48.3054,48.6045,82.486,2.06134,2.05475
22,"n23m0164.hpc.itc.rwth-aachen.de",22,"22","uds",66,"n23m0164.hpc.itc.rwth-aachen.de",66,"66","uds",unix,64,4194304,10,50,87.688,30.805,54.1426,53.4595,78.856,1.51507,1.51582
22,"n23m0164.hpc.itc.rwth-aachen.de",22,"22","uds",67,"n23m0164.hpc.itc.rwth-aachen.de",67,"67","uds",unix,64,4194304,10,50,84.107,28.02,54.4477,54.84,90.479,1.53182,1.53242
22,"n23m0164.hpc.itc.rwth-aachen.de",22,"22","uds",68,"n23m0164.hpc.itc.rwth-aachen.de",68,"68","uds",unix,64,4194304,10,50,98.47,31.415,54.5008,55.6295,84.84,1.53936,1.64209
22,"n23m0164.hpc.itc.rwth-aachen.de",22,"22","uds",69,"n23m0164.hpc.itc.rwth-aachen.de",69,"69","uds",unix,64,4194304,10,50,61.366,25.424,37.803,36.9505,57.801,1.52464,1.74698
22,"n23m0164.hpc.itc.rwth-aachen.de",22,"22","uds",70,"n23m0164.hpc.itc.rwth-aachen.de",70,"70","uds",unix,64,4194304,10,50,83.735,27.934,53.0616,53.599,75.508,1.51583,1.51458
22,"n23m0164.hpc.itc.rwth-aachen.de",22,"22","uds",71,"n23m0164.hpc.itc.rwth-aachen.de",71,"71","uds",unix,64,4194304,10,50,79.365,28.863,53.1677,53.926,74.557,1.5317,1.53102
22,"n23m0164.hpc.itc.rwth-aachen.de",22,"22","uds",72,"n23m0164.hpc.itc.rwth-aachen.de",72,"72","uds",unix,64,4194304,10,50,77.533,27.635,50.6993,50.8445,71.189,1.74234,1.90473
22,"n23m0164.hpc.itc.rwth-aachen.de",22,"22","uds",73,"n23m0164.hpc.itc.rwth-aachen.de",73,"73","uds",unix,64,4194304,10,50,53.136,28.092,37.9942,37.2495,59.563,1.53469,1.60132
22,"n23m0164.hpc.itc.rwth-aachen.de",22,"22","uds",74,"n23m0164.hpc.itc.rwth-aachen.de",74,"74","uds",unix,64,4194304,10,50,98.835,28.216,50.8344,51.7435,71.246,1.5143,1.51374
22,"n23m0164.hpc.itc.rwth-aachen.de",22,"22","uds",75,"n23m0164.hpc.itc.rwth-aachen.de",75,"75","uds",unix,64,4194304,10,50,77.93,29.134,51.7044,52.1925,83.831,1.53454,1.53442
22,"n23m0164.hpc.itc.rwth-aachen.de",22,"22","uds",76,"n23m0164.hpc.itc.rwth-aachen.de",76,"76","uds",unix,64,4194304,10,50,76.112,30.293,50.9374,50.682,91.151,1.88264,2.06109
22,"n23m0164.hpc.itc.rwth-aachen.de",22,"22","uds",77,"n23m0164.hpc.itc.rwth-aachen.de",77,"77","uds",unix,64,4194304,10,50,58.975,21.888,40.2865,39.817,54.97,1.53754,1.54766
22,"n23m0164.hpc.itc.rwth-aachen.de",22,"22","uds",78,"n23m0164.hpc.itc.rwth-aachen.de",78,"78","uds",unix,64,4194304,10,50,81.219,32.768,52.0738,49.7935,88.466,1.53911,1.54059
22,"n23m0164.hpc.itc.rwth-aachen.de",22,"22","uds",79,"n23m0164.hpc.itc.rwth-aachen.de",79,"79","uds",unix,64,4194304,10,50,81.023,35.764,51.9854,52.8575,78.681,1.55849,1.55752
22,"n23m0164.hpc.itc.rwth-aachen.de",22,"22","uds",80,"n23m0164.hpc.itc.rwth-aachen.de",80,"80","uds",unix,64,4194304,10,50,76.409,27.314,52.0175,51.1655,90.274,2.0283,2.06178
22,"n23m0164.hpc.itc.rwth-aachen.de",22,"22","uds",81,"n23m0164.hpc.itc.rwth-aachen.de",81,"81","uds",unix,64,4194304,10,50,56.553,29.946,43.6829,43.63,69.395,1.55387,1.5539
22,"n23m0164.hpc.itc.rwth-aachen.de",22,"22","uds",82,"n23m0164.hpc.itc.rwth-aachen.de",82,"82","uds",unix,64,4194304,10,50,74.244,27.548,52.4154,52.223,115.905,1.536,1.53632
22,"n23m0164.hpc.itc.rwth-aachen.de",22,"22","uds",83,"n23m0164.hpc.itc.rwth-aachen.de",83,"83","uds",unix,64,4194304,10,50,76.159,27.717,50.5305,50.0505,84.449,1.51975,1.52048
22,"n23m0164.hpc.itc.rwth-aachen.de",22,"22","uds",84,"n23m0164.hpc.itc.rwth-aachen.de",84,"84","uds",unix,64,4194304,10,50,78.757,29.069,48.6963,48.8355,71.036,2.07796,2.14161
22,"n23m0164.hpc.itc.rwth-aachen.de",22,"22","uds",85,"n23m0164.hpc.itc.rwth-aachen.de",85,"85","uds",unix,64,4194304,10,50,69.679,27.402,50.5523,49.594,81.57,1.54686,1.54586
22,"n23m0164.hpc.itc.rwth-aachen.de",22,"22","uds",86,"n23m0164.hpc.itc.rwth-aachen.de",86,"86","uds",unix,64,4194304,10,50,84.663,29.24,51.6043,51.8255,91.012,1.53213,1.53143
22,"n23m0164.hpc.itc.rwth-aachen.de",22,"22","uds",87,"n23m0164.hpc.itc.rwth-aachen.de",87,"87","uds",unix,64,4194304,10,50,88.03,29.64,51.1836,49.973,70.681,1.54576,1.54606
22,"n23m0164.hpc.itc.rwth-aachen.de",22,"22","uds",88,"n23m0164.hpc.itc.rwth-aachen.de",88,"88","uds",unix,64,4194304,10,50,78.859,35.331,50.3322,50.1895,68.689,2.10572,2.09493
22,"n23m0164.hpc.itc.rwth-aachen.de",22,"22","uds",89,"n23m0164.hpc.itc.rwth-aachen.de",89,"89","uds",unix,64,4194304,10,50,80.841,27.94,51.3944,51.1705,88.793,1.52988,1.53134
22,"n23m0164.hpc.itc.rwth-aachen.de",22,"22","uds",90,"n23m0164.hpc.itc.rwth-aachen.de",90,"90","uds",unix,64,4194304,10,50,87.917,30.495,51.5504,52.317,74.897,1.53765,1.53684
22,"n23m0164.hpc.itc.rwth-aachen.de",22,"22","uds",91,"n23m0164.hpc.itc.rwth-aachen.de",91,"91","uds",unix,64,4194304,10,50,78.616,27.489,50.7338,49.9305,76.22,1.55269,1.74221
22,"n23m0164.hpc.itc.rwth-aachen.de",22,"22","uds",92,"n23m0164.hpc.itc.rwth-aachen.de",92,"92","uds",unix,64,4194304,10,50,48.029,28.005,36.2821,35.866,51.597,1.54157,1.70353
22,"n23m0164.hpc.itc.rwth-aachen.de",22,"22","uds",93,"n23m0164.hpc.itc.rwth-aachen.de",93,"93","uds",unix,64,4194304,10,50,102.178,30.61,50.8015,51.2145,76.033,1.532,1.5319
22,"n23m0164.hpc.itc.rwth-aachen.de",22,"22","uds",94,"n23m0164.hpc.itc.rwth-aachen.de",94,"94","uds",unix,64,4194304,10,50,77.06,26.639,51.1499,49.833,81.991,1.53005,1.53118
22,"n23m0164.hpc.itc.rwth-aachen.de",22,"22","uds",95,"n23m0164.hpc.itc.rwth-aachen.de",95,"95","uds",unix,64,4194304,10,50,86.171,29.677,50.8305,51.5685,73.027,1.71968,1.87415
23,"n23m0164.hpc.itc.rwth-aachen.de",23,"23","uds",24,"n23m0164.hpc.itc.rwth-aachen.de",24,"24","uds",unix,64,4194304,10,50,105.958,20.815,24.366,23.8095,36.436,3.38121,3.40814
23,"n23m0164.hpc.itc.rwth-aachen.de",23,"23","uds",25,"n23m0164.hpc.itc.rwth-aachen.de",25,"25","uds",unix,64,4194304,10,50,75.122,23.419,32.3665,31.736,46.6,2.80594,2.80341
23,"n23m0164.hpc.itc.rwth-aachen.de",23,"23","uds",26,"n23m0164.hpc.itc.rwth-aachen.de",26,"26","uds",unix,64,4194304,10,50,70.351,19.673,33.1499,32.9405,47.299,4.08587,4.00417
23,"n23m0164.hpc.itc.rwth-aachen.de",23,"23","uds",27,"n23m0164.hpc.itc.rwth-aachen.de",27,"27","uds",unix,64,4194304,10,50,44.925,19.426,23.778,23.1665,37.406,3.91699,3.82201
23,"n23m0164.hpc.itc.rwth-aachen.de",23,"23","uds",28,"n23m0164.hpc.itc.rwth-aachen.de",28,"28","uds",unix,64,4194304,10,50,68.755,25.36,32.4878,32.1725,44.493,2.81438,2.81323
23,"n23m0164.hpc.itc.rwth-aachen.de",23,"23","uds",29,"n23m0164.hpc.itc.rwth-aachen.de",29,"29","uds",unix,64,4194304,10,50,73.032,26.837,33.326,32.829,40.219,2.74797,2.74887
23,"n23m0164.hpc.itc.rwth-aachen.de",23,"23","uds",30,"n23m0164.hpc.itc.rwth-aachen.de",30,"30","uds",unix,64,4194304,10,50,65.014,23.899,31.975,31.5925,46.291,4.17336,4.05855
23,"n23m0164.hpc.itc.rwth-aachen.de",23,"23","uds",31,"n23m0164.hpc.itc.rwth-aachen.de",31,"31","uds",unix,64,4194304,10,50,41.232,18.839,23.4917,23.0955,33.176,4.36682,4.40266
23,"n23m0164.hpc.itc.rwth-aachen.de",23,"23","uds",32,"n23m0164.hpc.itc.rwth-aachen.de",32,"32","uds",unix,64,4194304,10,50,55.588,22.55,26.4866,26.299,40.084,4.66888,4.58632
23,"n23m0164.hpc.itc.rwth-aachen.de",23,"23","uds",33,"n23m0164.hpc.itc.rwth-aachen.de",33,"33","uds",unix,64,4194304,10,50,42.731,20.607,24.387,24.6345,27.899,4.35401,4.30777
23,"n23m0164.hpc.itc.rwth-aachen.de",23,"23","uds",34,"n23m0164.hpc.itc.rwth-aachen.de",34,"34","uds",unix,64,4194304,10,50,52.757,24.841,29.0667,28.717,35.065,2.83093,2.83516
23,"n23m0164.hpc.itc.rwth-aachen.de",23,"23","uds",35,"n23m0164.hpc.itc.rwth-aachen.de",35,"35","uds",unix,64,4194304,10,50,63.94,19.305,32.9803,32.804,61.762,4.14273,4.08234
23,"n23m0164.hpc.itc.rwth-aachen.de",23,"23","uds",36,"n23m0164.hpc.itc.rwth-aachen.de",36,"36","uds",unix,64,4194304,10,50,42.966,17.918,22.6727,22.6475,35.818,4.20995,4.18944
23,"n23m0164.hpc.itc.rwth-aachen.de",23,"23","uds",37,"n23m0164.hpc.itc.rwth-aachen.de",37,"37","uds",unix,64,4194304,10,50,73.115,23.006,32.0177,31.054,63.917,3.0273,3.02624
23,"n23m0164.hpc.itc.rwth-aachen.de",23,"23","uds",38,"n23m0164.hpc.itc.rwth-aachen.de",38,"38","uds",unix,64,4194304,10,50,67.651,19.406,31.6826,31.6905,41.403,4.29626,4.23799
23,"n23m0164.hpc.itc.rwth-aachen.de",23,"23","uds",39,"n23m0164.hpc.itc.rwth-aachen.de",39,"39","uds",unix,64,4194304,10,50,43.514,18.911,22.74,22.9035,29.868,4.4272,4.32473
23,"n23m0164.hpc.itc.rwth-aachen.de",23,"23","uds",40,"n23m0164.hpc.itc.rwth-aachen.de",40,"40","uds",unix,64,4194304,10,50,67.098,23.577,30.4731,29.41,59.22,3.79501,3.70935
23,"n23m0164.hpc.itc.rwth-aachen.de",23,"23","uds",41,"n23m0164.hpc.itc.rwth-aachen.de",41,"41","uds",unix,64,4194304,10,50,47.588,20.599,25.4278,25.2375,33.796,4.9426,4.88628
23,"n23m0164.hpc.itc.rwth-aachen.de",23,"23","uds",42,"n23m0164.hpc.itc.rwth-aachen.de",42,"42","uds",unix,64,4194304,10,50,41.404,19.13,22.8112,22.7535,28.822,4.7008,4.70883
23,"n23m0164.hpc.itc.rwth-aachen.de",23,"23","uds",43,"n23m0164.hpc.itc.rwth-aachen.de",43,"43","uds",unix,64,4194304,10,50,46.013,22.04,26.9132,26.407,42.824,3.00943,3.08225
23,"n23m0164.hpc.itc.rwth-aachen.de",23,"23","uds",44,"n23m0164.hpc.itc.rwth-aachen.de",44,"44","uds",unix,64,4194304,10,50,61.777,25.567,31.9697,31.273,49.268,3.16873,3.11899
23,"n23m0164.hpc.itc.rwth-aachen.de",23,"23","uds",45,"n23m0164.hpc.itc.rwth-aachen.de",45,"45","uds",unix,64,4194304,10,50,65.465,23.877,29.8483,29.768,38.435,2.93967,2.95742
23,"n23m0164.hpc.itc.rwth-aachen.de",23,"23","uds",46,"n23m0164.hpc.itc.rwth-aachen.de",46,"46","uds",unix,64,4194304,10,50,65.583,23.172,29.8857,29.5455,37.747,4.67148,4.57945
23,"n23m0164.hpc.itc.rwth-aachen.de",23,"23","uds",47,"n23m0164.hpc.itc.rwth-aachen.de",47,"47","uds",unix,64,4194304,10,50,42.521,18.655,23.3603,23.158,35.381,5.35844,5.33494
23,"n23m0164.hpc.itc.rwth-aachen.de",23,"23","uds",48,"n23m0164.hpc.itc.rwth-aachen.de",48,"48","uds",unix,64,4194304,10,50,61.199,27.441,36.624,36.975,49.124,2.03119,2.0136
23,"n23m0164.hpc.itc.rwth-aachen.de",23,"23","uds",49,"n23m0164.hpc.itc.rwth-aachen.de",49,"49","uds",unix,64,4194304,10,50,85.797,31.361,52.5352,53.4915,73.451,1.50852,1.54412
23,"n23m0164.hpc.itc.rwth-aachen.de",23,"23","uds",50,"n23m0164.hpc.itc.rwth-aachen.de",50,"50","uds",unix,64,4194304,10,50,72.936,24.342,46.586,47.3385,69.377,2.17039,2.10645
23,"n23m0164.hpc.itc.rwth-aachen.de",23,"23","uds",51,"n23m0164.hpc.itc.rwth-aachen.de",51,"51","uds",unix,64,4194304,10,50,80.153,27.095,53.0507,53.5045,77.35,1.51369,1.51341
23,"n23m0164.hpc.itc.rwth-aachen.de",23,"23","uds",52,"n23m0164.hpc.itc.rwth-aachen.de",52,"52","uds",unix,64,4194304,10,50,82.204,32.014,52.9085,52.406,72.46,1.4947,1.4944
23,"n23m0164.hpc.itc.rwth-aachen.de",23,"23","uds",53,"n23m0164.hpc.itc.rwth-aachen.de",53,"53","uds",unix,64,4194304,10,50,72.757,29.36,54.8438,53.021,79.322,1.75073,1.89033
23,"n23m0164.hpc.itc.rwth-aachen.de",23,"23","uds",54,"n23m0164.hpc.itc.rwth-aachen.de",54,"54","uds",unix,64,4194304,10,50,64.403,27.601,42.1086,41.723,58.869,1.51139,1.52023
23,"n23m0164.hpc.itc.rwth-aachen.de",23,"23","uds",55,"n23m0164.hpc.itc.rwth-aachen.de",55,"55","uds",unix,64,4194304,10,50,77.083,32.816,53.0692,51.1775,80.857,1.51157,1.51394
23,"n23m0164.hpc.itc.rwth-aachen.de",23,"23","uds",56,"n23m0164.hpc.itc.rwth-aachen.de",56,"56","uds",unix,64,4194304,10,50,78.018,30.102,54.3913,54.949,75.276,1.51227,1.51174
23,"n23m0164.hpc.itc.rwth-aachen.de",23,"23","uds",57,"n23m0164.hpc.itc.rwth-aachen.de",57,"57","uds",unix,64,4194304,10,50,83.468,32.954,51.8638,52.7855,69.46,1.99742,2.03699
23,"n23m0164.hpc.itc.rwth-aachen.de",23,"23","uds",58,"n23m0164.hpc.itc.rwth-aachen.de",58,"58","uds",unix,64,4194304,10,50,64.065,30.269,47.5212,47.012,68.018,1.50893,1.50818
23,"n23m0164.hpc.itc.rwth-aachen.de",23,"23","uds",59,"n23m0164.hpc.itc.rwth-aachen.de",59,"59","uds",unix,64,4194304,10,50,70.714,30.486,53.3797,53.046,90.784,1.51555,1.51633
23,"n23m0164.hpc.itc.rwth-aachen.de",23,"23","uds",60,"n23m0164.hpc.itc.rwth-aachen.de",60,"60","uds",unix,64,4194304,10,50,87.138,29.372,53.0317,52.3115,77.33,1.49104,1.49117
23,"n23m0164.hpc.itc.rwth-aachen.de",23,"23","uds",61,"n23m0164.hpc.itc.rwth-aachen.de",61,"61","uds",unix,64,4194304,10,50,86.696,26.634,53.3761,54.073,78.355,2.01392,2.05811
23,"n23m0164.hpc.itc.rwth-aachen.de",23,"23","uds",62,"n23m0164.hpc.itc.rwth-aachen.de",62,"62","uds",unix,64,4194304,10,50,74.549,26.324,48.9209,48.427,74.395,1.5179,1.51823
23,"n23m0164.hpc.itc.rwth-aachen.de",23,"23","uds",63,"n23m0164.hpc.itc.rwth-aachen.de",63,"63","uds",unix,64,4194304,10,50,86.577,30.009,52.5134,53.409,73.343,1.51372,1.51243
23,"n23m0164.hpc.itc.rwth-aachen.de",23,"23","uds",64,"n23m0164.hpc.itc.rwth-aachen.de",64,"64","uds",unix,64,4194304,10,50,83.681,29.667,51.7249,51.332,78.052,1.53021,1.52744
23,"n23m0164.hpc.itc.rwth-aachen.de",23,"23","uds",65,"n23m0164.hpc.itc.rwth-aachen.de",65,"65","uds",unix,64,4194304,10,50,85.519,29.392,52.8392,53.161,73.534,1.9651,2.04358
23,"n23m0164.hpc.itc.rwth-aachen.de",23,"23","uds",66,"n23m0164.hpc.itc.rwth-aachen.de",66,"66","uds",unix,64,4194304,10,50,80.23,35.334,53.026,54.357,71.191,1.50096,1.5005
23,"n23m0164.hpc.itc.rwth-aachen.de",23,"23","uds",67,"n23m0164.hpc.itc.rwth-aachen.de",67,"67","uds",unix,64,4194304,10,50,82.902,29.405,51.766,52.8905,79.063,1.53436,1.53359
23,"n23m0164.hpc.itc.rwth-aachen.de",23,"23","uds",68,"n23m0164.hpc.itc.rwth-aachen.de",68,"68","uds",unix,64,4194304,10,50,80.735,29.569,51.9222,50.865,76.373,1.52983,1.56293
23,"n23m0164.hpc.itc.rwth-aachen.de",23,"23","uds",69,"n23m0164.hpc.itc.rwth-aachen.de",69,"69","uds",unix,64,4194304,10,50,69.652,30.757,47.5411,46.7195,72.861,1.89127,1.9304
23,"n23m0164.hpc.itc.rwth-aachen.de",23,"23","uds",70,"n23m0164.hpc.itc.rwth-aachen.de",70,"70","uds",unix,64,4194304,10,50,78.176,28.822,53.0798,53.017,72.403,1.50265,1.50199
23,"n23m0164.hpc.itc.rwth-aachen.de",23,"23","uds",71,"n23m0164.hpc.itc.rwth-aachen.de",71,"71","uds",unix,64,4194304,10,50,79.503,26.332,51.6066,52.116,72.631,1.52308,1.52355
23,"n23m0164.hpc.itc.rwth-aachen.de",23,"23","uds",72,"n23m0164.hpc.itc.rwth-aachen.de",72,"72","uds",unix,64,4194304,10,50,79.181,26.938,51.6398,51.7485,72.4,1.53681,1.63036
23,"n23m0164.hpc.itc.rwth-aachen.de",23,"23","uds",73,"n23m0164.hpc.itc.rwth-aachen.de",73,"73","uds",unix,64,4194304,10,50,58.925,21.346,36.7775,36.608,55.875,1.53214,1.77005
23,"n23m0164.hpc.itc.rwth-aachen.de",23,"23","uds",74,"n23m0164.hpc.itc.rwth-aachen.de",74,"74","uds",unix,64,4194304,10,50,83.698,27.857,51.8153,52.4995,79.836,1.50143,1.50053
23,"n23m0164.hpc.itc.rwth-aachen.de",23,"23","uds",75,"n23m0164.hpc.itc.rwth-aachen.de",75,"75","uds",unix,64,4194304,10,50,103.657,29.055,49.9024,51.435,68.383,1.51647,1.51653
23,"n23m0164.hpc.itc.rwth-aachen.de",23,"23","uds",76,"n23m0164.hpc.itc.rwth-aachen.de",76,"76","uds",unix,64,4194304,10,50,81.373,27.583,52.1616,50.636,89.187,1.72975,1.88902
23,"n23m0164.hpc.itc.rwth-aachen.de",23,"23","uds",77,"n23m0164.hpc.itc.rwth-aachen.de",77,"77","uds",unix,64,4194304,10,50,55.906,25.979,37.0908,36.336,59.799,1.52437,1.58598
23,"n23m0164.hpc.itc.rwth-aachen.de",23,"23","uds",78,"n23m0164.hpc.itc.rwth-aachen.de",78,"78","uds",unix,64,4194304,10,50,73.235,27.397,50.762,48.662,82.324,1.5194,1.5196
23,"n23m0164.hpc.itc.rwth-aachen.de",23,"23","uds",79,"n23m0164.hpc.itc.rwth-aachen.de",79,"79","uds",unix,64,4194304,10,50,88.785,27.264,51.2179,50.8655,83.468,1.54513,1.54439
23,"n23m0164.hpc.itc.rwth-aachen.de",23,"23","uds",80,"n23m0164.hpc.itc.rwth-aachen.de",80,"80","uds",unix,64,4194304,10,50,71.823,30.473,52.488,53.2835,75.805,1.80236,1.96572
23,"n23m0164.hpc.itc.rwth-aachen.de",23,"23","uds",81,"n23m0164.hpc.itc.rwth-aachen.de",81,"81","uds",unix,64,4194304,10,50,53.548,22.162,40.4711,39.76,72.564,1.54436,1.56185
23,"n23m0164.hpc.itc.rwth-aachen.de",23,"23","uds",82,"n23m0164.hpc.itc.rwth-aachen.de",82,"82","uds",unix,64,4194304,10,50,82.558,27.227,51.0692,52.3345,82.205,1.51986,1.51851
23,"n23m0164.hpc.itc.rwth-aachen.de",23,"23","uds",83,"n23m0164.hpc.itc.rwth-aachen.de",83,"83","uds",unix,64,4194304,10,50,81.288,29.856,51.9413,50.097,74.062,1.50469,1.50555
23,"n23m0164.hpc.itc.rwth-aachen.de",23,"23","uds",84,"n23m0164.hpc.itc.rwth-aachen.de",84,"84","uds",unix,64,4194304,10,50,103.098,27.155,50.7293,51.024,74.685,1.8493,2.01207
23,"n23m0164.hpc.itc.rwth-aachen.de",23,"23","uds",85,"n23m0164.hpc.itc.rwth-aachen.de",85,"85","uds",unix,64,4194304,10,50,59.173,22.779,42.0642,43.3655,59.8,1.52611,1.53032
23,"n23m0164.hpc.itc.rwth-aachen.de",23,"23","uds",86,"n23m0164.hpc.itc.rwth-aachen.de",86,"86","uds",unix,64,4194304,10,50,86.733,26.775,50.2971,50.6095,71.37,1.51708,1.51598
23,"n23m0164.hpc.itc.rwth-aachen.de",23,"23","uds",87,"n23m0164.hpc.itc.rwth-aachen.de",87,"87","uds",unix,64,4194304,10,50,84.599,31.219,51.8578,50.998,81.896,1.50832,1.5072
23,"n23m0164.hpc.itc.rwth-aachen.de",23,"23","uds",88,"n23m0164.hpc.itc.rwth-aachen.de",88,"88","uds",unix,64,4194304,10,50,83.573,27.803,52.2978,53.81,73.102,2.02662,2.05905
23,"n23m0164.hpc.itc.rwth-aachen.de",23,"23","uds",89,"n23m0164.hpc.itc.rwth-aachen.de",89,"89","uds",unix,64,4194304,10,50,64.454,24.759,45.1565,44.744,72.43,1.52478,1.52501
23,"n23m0164.hpc.itc.rwth-aachen.de",23,"23","uds",90,"n23m0164.hpc.itc.rwth-aachen.de",90,"90","uds",unix,64,4194304,10,50,80.14,28.068,53.9514,55.015,79.509,1.50737,1.50359
23,"n23m0164.hpc.itc.rwth-aachen.de",23,"23","uds",91,"n23m0164.hpc.itc.rwth-aachen.de",91,"91","uds",unix,64,4194304,10,50,86.774,26.153,49.8548,51.8625,78.033,1.52174,1.52392
23,"n23m0164.hpc.itc.rwth-aachen.de",23,"23","uds",92,"n23m0164.hpc.itc.rwth-aachen.de",92,"92","uds",unix,64,4194304,10,50,74.681,28.333,50.5665,51.549,80.924,2.04666,2.04563
23,"n23m0164.hpc.itc.rwth-aachen.de",23,"23","uds",93,"n23m0164.hpc.itc.rwth-aachen.de",93,"93","uds",unix,64,4194304,10,50,82.927,26.666,52.0887,52.8135,74.643,1.52214,1.52164
23,"n23m0164.hpc.itc.rwth-aachen.de",23,"23","uds",94,"n23m0164.hpc.itc.rwth-aachen.de",94,"94","uds",unix,64,4194304,10,50,83.131,29.81,53.0847,52.688,88.662,1.50766,1.50792
23,"n23m0164.hpc.itc.rwth-aachen.de",23,"23","uds",95,"n23m0164.hpc.itc.rwth-aachen.de",95,"95","uds",unix,64,4194304,10,50,81.105,38.2,53.8124,53.617,72.294,1.52506,1.52569
24,"n23m0164.hpc.itc.rwth-aachen.de",24,"24","uds",25,"n23m0164.hpc.itc.rwth-aachen.de",25,"25","uds",unix,64,4194304,10,50,141.799,31.325,39.4353,38.781,62.669,4.66979,4.63965
24,"n23m0164.hpc.itc.rwth-aachen.de",24,"24","uds",26,"n23m0164.hpc.itc.rwth-aachen.de",26,"26","uds",unix,64,4194304,10,50,56.67,21.13,26.4666,26.206,44.97,5.48952,5.47961
24,"n23m0164.hpc.itc.rwth-aachen.de",24,"24","uds",27,"n23m0164.hpc.itc.rwth-aachen.de",27,"27","uds",unix,64,4194304,10,50,46.009,21.251,25.5683,25.1995,33.613,4.92542,5.0379
24,"n23m0164.hpc.itc.rwth-aachen.de",24,"24","uds",28,"n23m0164.hpc.itc.rwth-aachen.de",28,"28","uds",unix,64,4194304,10,50,54.064,20.84,29.5152,29.8975,38.442,4.62281,4.62906
24,"n23m0164.hpc.itc.rwth-aachen.de",24,"24","uds",29,"n23m0164.hpc.itc.rwth-aachen.de",29,"29","uds",unix,64,4194304,10,50,65.359,23.593,28.997,28.489,42.928,4.27978,4.29025
24,"n23m0164.hpc.itc.rwth-aachen.de",24,"24","uds",30,"n23m0164.hpc.itc.rwth-aachen.de",30,"30","uds",unix,64,4194304,10,50,59.679,21.977,28.0929,27.9065,36.272,4.44332,4.43392
24,"n23m0164.hpc.itc.rwth-aachen.de",24,"24","uds",31,"n23m0164.hpc.itc.rwth-aachen.de",31,"31","uds",unix,64,4194304,10,50,59.376,21.476,28.6771,28.3955,37.251,4.20079,4.23819
24,"n23m0164.hpc.itc.rwth-aachen.de",24,"24","uds",32,"n23m0164.hpc.itc.rwth-aachen.de",32,"32","uds",unix,64,4194304,10,50,56.996,21.051,28.5908,28.3715,36.213,5.17982,5.20101
24,"n23m0164.hpc.itc.rwth-aachen.de",24,"24","uds",33,"n23m0164.hpc.itc.rwth-aachen.de",33,"33","uds",unix,64,4194304,10,50,43.79,20.527,25.9281,25.51,32.955,5.13494,5.15222
24,"n23m0164.hpc.itc.rwth-aachen.de",24,"24","uds",34,"n23m0164.hpc.itc.rwth-aachen.de",34,"34","uds",unix,64,4194304,10,50,49.3,20.215,27.3237,27.6095,33.072,5.06191,5.059
24,"n23m0164.hpc.itc.rwth-aachen.de",24,"24","uds",35,"n23m0164.hpc.itc.rwth-aachen.de",35,"35","uds",unix,64,4194304,10,50,49.909,24.023,27.7961,27.36,34.843,5.23996,5.22924
24,"n23m0164.hpc.itc.rwth-aachen.de",24,"24","uds",36,"n23m0164.hpc.itc.rwth-aachen.de",36,"36","uds",unix,64,4194304,10,50,48.96,16.473,22.4093,22.4325,30.649,5.29409,5.30607
24,"n23m0164.hpc.itc.rwth-aachen.de",24,"24","uds",37,"n23m0164.hpc.itc.rwth-aachen.de",37,"37","uds",unix,64,4194304,10,50,45.106,18.652,22.978,22.7805,31.712,5.26978,5.28114
24,"n23m0164.hpc.itc.rwth-aachen.de",24,"24","uds",38,"n23m0164.hpc.itc.rwth-aachen.de",38,"38","uds",unix,64,4194304,10,50,46.507,16.793,23.7626,23.571,31.228,5.55855,5.51425
24,"n23m0164.hpc.itc.rwth-aachen.de",24,"24","uds",39,"n23m0164.hpc.itc.rwth-aachen.de",39,"39","uds",unix,64,4194304,10,50,42.292,18.747,21.3572,21.1875,28.149,5.32637,5.32811
24,"n23m0164.hpc.itc.rwth-aachen.de",24,"24","uds",40,"n23m0164.hpc.itc.rwth-aachen.de",40,"40","uds",unix,64,4194304,10,50,43.801,15.23,24.1338,23.9705,39.078,4.50412,4.51808
24,"n23m0164.hpc.itc.rwth-aachen.de",24,"24","uds",41,"n23m0164.hpc.itc.rwth-aachen.de",41,"41","uds",unix,64,4194304,10,50,50.283,17.445,24.5232,24.2895,31.473,5.269,5.23198
24,"n23m0164.hpc.itc.rwth-aachen.de",24,"24","uds",42,"n23m0164.hpc.itc.rwth-aachen.de",42,"42","uds",unix,64,4194304,10,50,41.693,19.262,22.064,21.8235,28.407,5.13279,5.15086
24,"n23m0164.hpc.itc.rwth-aachen.de",24,"24","uds",43,"n23m0164.hpc.itc.rwth-aachen.de",43,"43","uds",unix,64,4194304,10,50,43.795,18.994,23.6998,23.411,32.424,5.08652,5.08227
24,"n23m0164.hpc.itc.rwth-aachen.de",24,"24","uds",44,"n23m0164.hpc.itc.rwth-aachen.de",44,"44","uds",unix,64,4194304,10,50,44.695,20.699,23.4627,23.103,31.519,4.69032,4.66492
24,"n23m0164.hpc.itc.rwth-aachen.de",24,"24","uds",45,"n23m0164.hpc.itc.rwth-aachen.de",45,"45","uds",unix,64,4194304,10,50,45.944,20.353,24.7109,24.5105,34.454,4.75867,4.73319
24,"n23m0164.hpc.itc.rwth-aachen.de",24,"24","uds",46,"n23m0164.hpc.itc.rwth-aachen.de",46,"46","uds",unix,64,4194304,10,50,47.529,19.723,24.6202,24.474,33.833,4.76546,4.7686
24,"n23m0164.hpc.itc.rwth-aachen.de",24,"24","uds",47,"n23m0164.hpc.itc.rwth-aachen.de",47,"47","uds",unix,64,4194304,10,50,45.32,20.626,24.4087,24.1515,30.586,5.17248,5.12995
24,"n23m0164.hpc.itc.rwth-aachen.de",24,"24","uds",48,"n23m0164.hpc.itc.rwth-aachen.de",48,"48","uds",unix,64,4194304,10,50,61.789,22.521,36.0515,36.0565,46.916,1.66887,1.82569
24,"n23m0164.hpc.itc.rwth-aachen.de",24,"24","uds",49,"n23m0164.hpc.itc.rwth-aachen.de",49,"49","uds",unix,64,4194304,10,50,82.986,29.492,53.8355,53.3495,87.545,1.50811,1.54127
24,"n23m0164.hpc.itc.rwth-aachen.de",24,"24","uds",50,"n23m0164.hpc.itc.rwth-aachen.de",50,"50","uds",unix,64,4194304,10,50,76.15,28.363,46.8897,46.6065,60.058,1.8777,1.94321
24,"n23m0164.hpc.itc.rwth-aachen.de",24,"24","uds",51,"n23m0164.hpc.itc.rwth-aachen.de",51,"51","uds",unix,64,4194304,10,50,88.164,29.068,53.8457,54.72,84.125,1.52342,1.52183
24,"n23m0164.hpc.itc.rwth-aachen.de",24,"24","uds",52,"n23m0164.hpc.itc.rwth-aachen.de",52,"52","uds",unix,64,4194304,10,50,81.469,32.819,53.7333,51.283,87.087,1.49716,1.4964
24,"n23m0164.hpc.itc.rwth-aachen.de",24,"24","uds",53,"n23m0164.hpc.itc.rwth-aachen.de",53,"53","uds",unix,64,4194304,10,50,87.191,26.765,54.0528,55.3845,88.826,1.51048,1.58581
24,"n23m0164.hpc.itc.rwth-aachen.de",24,"24","uds",54,"n23m0164.hpc.itc.rwth-aachen.de",54,"54","uds",unix,64,4194304,10,50,57.525,22.24,38.3688,38.047,52.766,1.48953,1.66092
24,"n23m0164.hpc.itc.rwth-aachen.de",24,"24","uds",55,"n23m0164.hpc.itc.rwth-aachen.de",55,"55","uds",unix,64,4194304,10,50,84.459,29.19,52.7552,51.524,80.127,1.4939,1.49355
24,"n23m0164.hpc.itc.rwth-aachen.de",24,"24","uds",56,"n23m0164.hpc.itc.rwth-aachen.de",56,"56","uds",unix,64,4194304,10,50,82.763,29.867,52.5327,54.271,69.475,1.49811,1.49649
24,"n23m0164.hpc.itc.rwth-aachen.de",24,"24","uds",57,"n23m0164.hpc.itc.rwth-aachen.de",57,"57","uds",unix,64,4194304,10,50,88.226,30.363,52.4819,50.813,87.928,1.85174,1.94794
24,"n23m0164.hpc.itc.rwth-aachen.de",24,"24","uds",58,"n23m0164.hpc.itc.rwth-aachen.de",58,"58","uds",unix,64,4194304,10,50,80.585,27.953,52.4294,52.075,79.02,1.49531,1.49436
24,"n23m0164.hpc.itc.rwth-aachen.de",24,"24","uds",59,"n23m0164.hpc.itc.rwth-aachen.de",59,"59","uds",unix,64,4194304,10,50,82.795,29.087,53.4932,52.5105,88.148,1.50695,1.50526
24,"n23m0164.hpc.itc.rwth-aachen.de",24,"24","uds",60,"n23m0164.hpc.itc.rwth-aachen.de",60,"60","uds",unix,64,4194304,10,50,88.278,35.592,54.2196,52.359,80.859,1.508,1.58562
24,"n23m0164.hpc.itc.rwth-aachen.de",24,"24","uds",61,"n23m0164.hpc.itc.rwth-aachen.de",61,"61","uds",unix,64,4194304,10,50,62.585,23.444,41.1575,37.226,185.868,1.53005,1.77389
24,"n23m0164.hpc.itc.rwth-aachen.de",24,"24","uds",62,"n23m0164.hpc.itc.rwth-aachen.de",62,"62","uds",unix,64,4194304,10,50,102.985,29.926,52.4002,53.476,70.943,1.51723,1.51675
24,"n23m0164.hpc.itc.rwth-aachen.de",24,"24","uds",63,"n23m0164.hpc.itc.rwth-aachen.de",63,"63","uds",unix,64,4194304,10,50,86.235,30.041,54.0115,52.788,78.846,1.5069,1.50596
24,"n23m0164.hpc.itc.rwth-aachen.de",24,"24","uds",64,"n23m0164.hpc.itc.rwth-aachen.de",64,"64","uds",unix,64,4194304,10,50,92.79,29.434,53.4357,52.2085,80.753,1.65078,1.79442
24,"n23m0164.hpc.itc.rwth-aachen.de",24,"24","uds",65,"n23m0164.hpc.itc.rwth-aachen.de",65,"65","uds",unix,64,4194304,10,50,57.394,22.243,38.9902,39.54,51.366,1.50492,1.5324
24,"n23m0164.hpc.itc.rwth-aachen.de",24,"24","uds",66,"n23m0164.hpc.itc.rwth-aachen.de",66,"66","uds",unix,64,4194304,10,50,80.715,36.167,53.6781,51.9275,75.11,1.50083,1.49947
24,"n23m0164.hpc.itc.rwth-aachen.de",24,"24","uds",67,"n23m0164.hpc.itc.rwth-aachen.de",67,"67","uds",unix,64,4194304,10,50,80.547,29.087,52.3974,52.9845,78.132,1.52669,1.5261
24,"n23m0164.hpc.itc.rwth-aachen.de",24,"24","uds",68,"n23m0164.hpc.itc.rwth-aachen.de",68,"68","uds",unix,64,4194304,10,50,83.284,34.639,55.3349,55.085,95.577,2.04895,2.0403
24,"n23m0164.hpc.itc.rwth-aachen.de",24,"24","uds",69,"n23m0164.hpc.itc.rwth-aachen.de",69,"69","uds",unix,64,4194304,10,50,65.788,23.085,43.7535,42.8635,64.391,1.49263,1.49127
24,"n23m0164.hpc.itc.rwth-aachen.de",24,"24","uds",70,"n23m0164.hpc.itc.rwth-aachen.de",70,"70","uds",unix,64,4194304,10,50,83.798,33.91,53.8129,52.4515,79.006,1.47382,1.47463
24,"n23m0164.hpc.itc.rwth-aachen.de",24,"24","uds",71,"n23m0164.hpc.itc.rwth-aachen.de",71,"71","uds",unix,64,4194304,10,50,74.425,28.505,52.1014,51.511,86.238,1.50561,1.5071
24,"n23m0164.hpc.itc.rwth-aachen.de",24,"24","uds",72,"n23m0164.hpc.itc.rwth-aachen.de",72,"72","uds",unix,64,4194304,10,50,81.677,28.278,51.5414,52.4115,84.145,2.02302,2.06717
24,"n23m0164.hpc.itc.rwth-aachen.de",24,"24","uds",73,"n23m0164.hpc.itc.rwth-aachen.de",73,"73","uds",unix,64,4194304,10,50,65.163,27.528,46.7707,45.2665,72.305,1.49325,1.49584
24,"n23m0164.hpc.itc.rwth-aachen.de",24,"24","uds",74,"n23m0164.hpc.itc.rwth-aachen.de",74,"74","uds",unix,64,4194304,10,50,86.473,31.671,52.1761,52.841,76.92,1.47115,1.47086
24,"n23m0164.hpc.itc.rwth-aachen.de",24,"24","uds",75,"n23m0164.hpc.itc.rwth-aachen.de",75,"75","uds",unix,64,4194304,10,50,84.4,28.909,50.9208,50.838,75.337,1.50589,1.52017
24,"n23m0164.hpc.itc.rwth-aachen.de",24,"24","uds",76,"n23m0164.hpc.itc.rwth-aachen.de",76,"76","uds",unix,64,4194304,10,50,101.352,25.388,46.9522,46.241,74.984,1.97759,1.99789
24,"n23m0164.hpc.itc.rwth-aachen.de",24,"24","uds",77,"n23m0164.hpc.itc.rwth-aachen.de",77,"77","uds",unix,64,4194304,10,50,96.599,32.027,52.288,50.2055,91.81,1.51265,1.51309
24,"n23m0164.hpc.itc.rwth-aachen.de",24,"24","uds",78,"n23m0164.hpc.itc.rwth-aachen.de",78,"78","uds",unix,64,4194304,10,50,79.71,29.951,52.5774,51.8925,75.84,1.53052,1.53108
24,"n23m0164.hpc.itc.rwth-aachen.de",24,"24","uds",79,"n23m0164.hpc.itc.rwth-aachen.de",79,"79","uds",unix,64,4194304,10,50,83.273,32.716,53.401,51.032,91.697,1.5478,1.63173
24,"n23m0164.hpc.itc.rwth-aachen.de",24,"24","uds",80,"n23m0164.hpc.itc.rwth-aachen.de",80,"80","uds",unix,64,4194304,10,50,55.17,29.962,37.783,38.2425,49.725,1.52632,1.76116
24,"n23m0164.hpc.itc.rwth-aachen.de",24,"24","uds",81,"n23m0164.hpc.itc.rwth-aachen.de",81,"81","uds",unix,64,4194304,10,50,73.138,27.704,51.0566,50.717,72.398,1.53058,1.51311
24,"n23m0164.hpc.itc.rwth-aachen.de",24,"24","uds",82,"n23m0164.hpc.itc.rwth-aachen.de",82,"82","uds",unix,64,4194304,10,50,86.431,39.347,53.2736,51.6025,74.281,1.51321,1.51101
24,"n23m0164.hpc.itc.rwth-aachen.de",24,"24","uds",83,"n23m0164.hpc.itc.rwth-aachen.de",83,"83","uds",unix,64,4194304,10,50,83.749,30.76,51.6458,51.189,76.116,1.76374,1.93987
24,"n23m0164.hpc.itc.rwth-aachen.de",24,"24","uds",84,"n23m0164.hpc.itc.rwth-aachen.de",84,"84","uds",unix,64,4194304,10,50,55.63,23.445,39.951,40.1885,64.717,1.53415,1.54958
24,"n23m0164.hpc.itc.rwth-aachen.de",24,"24","uds",85,"n23m0164.hpc.itc.rwth-aachen.de",85,"85","uds",unix,64,4194304,10,50,80.488,27.764,51.6312,52.9825,85.403,1.52392,1.51521
24,"n23m0164.hpc.itc.rwth-aachen.de",24,"24","uds",86,"n23m0164.hpc.itc.rwth-aachen.de",86,"86","uds",unix,64,4194304,10,50,109.068,30.073,54.4282,53.7125,81.807,1.51831,1.5174
24,"n23m0164.hpc.itc.rwth-aachen.de",24,"24","uds",87,"n23m0164.hpc.itc.rwth-aachen.de",87,"87","uds",unix,64,4194304,10,50,79.511,30.746,52.31,51.015,81.731,2.00428,2.04857
24,"n23m0164.hpc.itc.rwth-aachen.de",24,"24","uds",88,"n23m0164.hpc.itc.rwth-aachen.de",88,"88","uds",unix,64,4194304,10,50,63.954,27.203,44.811,44.0685,65.221,1.51382,1.51486
24,"n23m0164.hpc.itc.rwth-aachen.de",24,"24","uds",89,"n23m0164.hpc.itc.rwth-aachen.de",89,"89","uds",unix,64,4194304,10,50,80.654,29.619,51.9293,51.734,72.573,1.53086,1.52316
24,"n23m0164.hpc.itc.rwth-aachen.de",24,"24","uds",90,"n23m0164.hpc.itc.rwth-aachen.de",90,"90","uds",unix,64,4194304,10,50,84.249,28.377,52.21,51.384,85.466,1.53373,1.53352
24,"n23m0164.hpc.itc.rwth-aachen.de",24,"24","uds",91,"n23m0164.hpc.itc.rwth-aachen.de",91,"91","uds",unix,64,4194304,10,50,72.616,32.39,51.5691,48.4355,88.997,1.87622,1.96875
24,"n23m0164.hpc.itc.rwth-aachen.de",24,"24","uds",92,"n23m0164.hpc.itc.rwth-aachen.de",92,"92","uds",unix,64,4194304,10,50,74.965,34.169,52.7425,51.109,82.459,1.51582,1.51444
24,"n23m0164.hpc.itc.rwth-aachen.de",24,"24","uds",93,"n23m0164.hpc.itc.rwth-aachen.de",93,"93","uds",unix,64,4194304,10,50,77.819,32.259,52.1631,50.735,66.905,1.51493,1.51593
24,"n23m0164.hpc.itc.rwth-aachen.de",24,"24","uds",94,"n23m0164.hpc.itc.rwth-aachen.de",94,"94","uds",unix,64,4194304,10,50,81.393,29.253,52.8555,51.784,74.501,1.53885,1.7188
24,"n23m0164.hpc.itc.rwth-aachen.de",24,"24","uds",95,"n23m0164.hpc.itc.rwth-aachen.de",95,"95","uds",unix,64,4194304,10,50,54.1,25.942,37.62,37.0815,56.896,1.53007,1.61134
25,"n23m0164.hpc.itc.rwth-aachen.de",25,"25","uds",26,"n23m0164.hpc.itc.rwth-aachen.de",26,"26","uds",unix,64,4194304,10,50,144.551,25.624,39.2529,38.3615,85.017,4.46201,4.46157
25,"n23m0164.hpc.itc.rwth-aachen.de",25,"25","uds",27,"n23m0164.hpc.itc.rwth-aachen.de",27,"27","uds",unix,64,4194304,10,50,55.752,22.473,26.4399,25.6,36.478,4.85173,4.86948
25,"n23m0164.hpc.itc.rwth-aachen.de",25,"25","uds",28,"n23m0164.hpc.itc.rwth-aachen.de",28,"28","uds",unix,64,4194304,10,50,57.984,22.857,28.3109,28,34.611,3.50816,3.61314
25,"n23m0164.hpc.itc.rwth-aachen.de",25,"25","uds",29,"n23m0164.hpc.itc.rwth-aachen.de",29,"29","uds",unix,64,4194304,10,50,66.062,25.384,35.1433,34.77,58.722,3.09296,3.13275
25,"n23m0164.hpc.itc.rwth-aachen.de",25,"25","uds",30,"n23m0164.hpc.itc.rwth-aachen.de",30,"30","uds",unix,64,4194304,10,50,91.947,22.557,36.8134,36.5835,65.477,3.83998,3.84058
25,"n23m0164.hpc.itc.rwth-aachen.de",25,"25","uds",31,"n23m0164.hpc.itc.rwth-aachen.de",31,"31","uds",unix,64,4194304,10,50,60.011,24.499,31.4857,30.6625,42.938,4.07332,4.03871
25,"n23m0164.hpc.itc.rwth-aachen.de",25,"25","uds",32,"n23m0164.hpc.itc.rwth-aachen.de",32,"32","uds",unix,64,4194304,10,50,57.999,23.973,30.7266,30.3415,38.788,5.20339,5.19415
25,"n23m0164.hpc.itc.rwth-aachen.de",25,"25","uds",33,"n23m0164.hpc.itc.rwth-aachen.de",33,"33","uds",unix,64,4194304,10,50,60.306,20,24.2013,23.715,38.086,4.92538,4.93211
25,"n23m0164.hpc.itc.rwth-aachen.de",25,"25","uds",34,"n23m0164.hpc.itc.rwth-aachen.de",34,"34","uds",unix,64,4194304,10,50,52.801,23.288,28.6588,27.931,40.202,3.269,3.42785
25,"n23m0164.hpc.itc.rwth-aachen.de",25,"25","uds",35,"n23m0164.hpc.itc.rwth-aachen.de",35,"35","uds",unix,64,4194304,10,50,72.739,20.269,36.8639,36.658,63.708,4.52821,4.51439
25,"n23m0164.hpc.itc.rwth-aachen.de",25,"25","uds",36,"n23m0164.hpc.itc.rwth-aachen.de",36,"36","uds",unix,64,4194304,10,50,50.349,17.541,22.9913,22.753,29.58,5.07064,5.10742
25,"n23m0164.hpc.itc.rwth-aachen.de",25,"25","uds",37,"n23m0164.hpc.itc.rwth-aachen.de",37,"37","uds",unix,64,4194304,10,50,42.084,19.517,23.9786,23.917,29.264,4.08638,4.06045
25,"n23m0164.hpc.itc.rwth-aachen.de",25,"25","uds",38,"n23m0164.hpc.itc.rwth-aachen.de",38,"38","uds",unix,64,4194304,10,50,70.868,24.557,32.2851,31.7125,44.135,4.47972,4.40868
25,"n23m0164.hpc.itc.rwth-aachen.de",25,"25","uds",39,"n23m0164.hpc.itc.rwth-aachen.de",39,"39","uds",unix,64,4194304,10,50,46.994,18.164,22.8977,22.682,34.713,5.07739,5.09751
25,"n23m0164.hpc.itc.rwth-aachen.de",25,"25","uds",40,"n23m0164.hpc.itc.rwth-aachen.de",40,"40","uds",unix,64,4194304,10,50,57.469,21.712,24.7863,24.5,34.547,3.99076,4.02435
25,"n23m0164.hpc.itc.rwth-aachen.de",25,"25","uds",41,"n23m0164.hpc.itc.rwth-aachen.de",41,"41","uds",unix,64,4194304,10,50,58.246,22.48,28.1696,27.9945,39.31,4.83341,4.76128
25,"n23m0164.hpc.itc.rwth-aachen.de",25,"25","uds",42,"n23m0164.hpc.itc.rwth-aachen.de",42,"42","uds",unix,64,4194304,10,50,49.15,18.014,22.5665,22.444,29.562,5.06967,5.10555
25,"n23m0164.hpc.itc.rwth-aachen.de",25,"25","uds",43,"n23m0164.hpc.itc.rwth-aachen.de",43,"43","uds",unix,64,4194304,10,50,43.432,21.39,24.2215,23.9065,31.452,3.9074,3.9206
25,"n23m0164.hpc.itc.rwth-aachen.de",25,"25","uds",44,"n23m0164.hpc.itc.rwth-aachen.de",44,"44","uds",unix,64,4194304,10,50,68.042,25.093,32.2404,31.7815,42.928,3.00824,3.01223
25,"n23m0164.hpc.itc.rwth-aachen.de",25,"25","uds",45,"n23m0164.hpc.itc.rwth-aachen.de",45,"45","uds",unix,64,4194304,10,50,64.451,24.872,32.024,31.258,48.039,4.071,4.04588
25,"n23m0164.hpc.itc.rwth-aachen.de",25,"25","uds",46,"n23m0164.hpc.itc.rwth-aachen.de",46,"46","uds",unix,64,4194304,10,50,46.949,21.515,25.8616,25.314,36.96,3.08726,3.25017
25,"n23m0164.hpc.itc.rwth-aachen.de",25,"25","uds",47,"n23m0164.hpc.itc.rwth-aachen.de",47,"47","uds",unix,64,4194304,10,50,67.895,21.727,32.8847,32.089,56.184,4.46857,4.39426
25,"n23m0164.hpc.itc.rwth-aachen.de",25,"25","uds",48,"n23m0164.hpc.itc.rwth-aachen.de",48,"48","uds",unix,64,4194304,10,50,51.721,27.206,38.5939,38.398,46.534,1.48091,1.6741
25,"n23m0164.hpc.itc.rwth-aachen.de",25,"25","uds",49,"n23m0164.hpc.itc.rwth-aachen.de",49,"49","uds",unix,64,4194304,10,50,85.664,28.888,53.2336,52.373,78.747,1.48486,1.48499
25,"n23m0164.hpc.itc.rwth-aachen.de",25,"25","uds",50,"n23m0164.hpc.itc.rwth-aachen.de",50,"50","uds",unix,64,4194304,10,50,83.17,27.993,54.0066,53.519,78.969,1.4974,1.54259
25,"n23m0164.hpc.itc.rwth-aachen.de",25,"25","uds",51,"n23m0164.hpc.itc.rwth-aachen.de",51,"51","uds",unix,64,4194304,10,50,72.657,31.82,48.024,49.757,63.945,1.73403,1.87061
25,"n23m0164.hpc.itc.rwth-aachen.de",25,"25","uds",52,"n23m0164.hpc.itc.rwth-aachen.de",52,"52","uds",unix,64,4194304,10,50,89.589,36.034,52.8829,51.8975,79.584,1.49735,1.49629
25,"n23m0164.hpc.itc.rwth-aachen.de",25,"25","uds",53,"n23m0164.hpc.itc.rwth-aachen.de",53,"53","uds",unix,64,4194304,10,50,92.035,30.237,52.233,51.5015,83.689,1.52011,1.51929
25,"n23m0164.hpc.itc.rwth-aachen.de",25,"25","uds",54,"n23m0164.hpc.itc.rwth-aachen.de",54,"54","uds",unix,64,4194304,10,50,89.549,34.111,54.1542,54.719,76.69,1.50453,1.63992
25,"n23m0164.hpc.itc.rwth-aachen.de",25,"25","uds",55,"n23m0164.hpc.itc.rwth-aachen.de",55,"55","uds",unix,64,4194304,10,50,55.267,27.626,37.7711,38.034,52.505,1.50237,1.61928
25,"n23m0164.hpc.itc.rwth-aachen.de",25,"25","uds",56,"n23m0164.hpc.itc.rwth-aachen.de",56,"56","uds",unix,64,4194304,10,50,87.735,32.671,53.0456,52.544,73.287,1.50916,1.50863
25,"n23m0164.hpc.itc.rwth-aachen.de",25,"25","uds",57,"n23m0164.hpc.itc.rwth-aachen.de",57,"57","uds",unix,64,4194304,10,50,94.681,29.531,53.667,52.071,85.665,1.49763,1.49853
25,"n23m0164.hpc.itc.rwth-aachen.de",25,"25","uds",58,"n23m0164.hpc.itc.rwth-aachen.de",58,"58","uds",unix,64,4194304,10,50,84.408,33.713,52.9174,51.884,73.707,1.99513,2.0507
25,"n23m0164.hpc.itc.rwth-aachen.de",25,"25","uds",59,"n23m0164.hpc.itc.rwth-aachen.de",59,"59","uds",unix,64,4194304,10,50,87.137,28.728,51.6343,51.515,94.832,1.51029,1.51337
25,"n23m0164.hpc.itc.rwth-aachen.de",25,"25","uds",60,"n23m0164.hpc.itc.rwth-aachen.de",60,"60","uds",unix,64,4194304,10,50,90.042,28.913,53.5594,52.588,79.276,1.48888,1.48671
25,"n23m0164.hpc.itc.rwth-aachen.de",25,"25","uds",61,"n23m0164.hpc.itc.rwth-aachen.de",61,"61","uds",unix,64,4194304,10,50,82.151,28.767,51.7517,51.602,94.402,1.49409,1.49552
25,"n23m0164.hpc.itc.rwth-aachen.de",25,"25","uds",62,"n23m0164.hpc.itc.rwth-aachen.de",62,"62","uds",unix,64,4194304,10,50,84.895,29.104,53.1506,52.4135,89.496,2.0243,2.05031
25,"n23m0164.hpc.itc.rwth-aachen.de",25,"25","uds",63,"n23m0164.hpc.itc.rwth-aachen.de",63,"63","uds",unix,64,4194304,10,50,82.034,30.226,52.3307,53.6025,72.778,1.49163,1.49067
25,"n23m0164.hpc.itc.rwth-aachen.de",25,"25","uds",64,"n23m0164.hpc.itc.rwth-aachen.de",64,"64","uds",unix,64,4194304,10,50,89.976,27.784,52.0331,51.0725,106.394,1.52335,1.52204
25,"n23m0164.hpc.itc.rwth-aachen.de",25,"25","uds",65,"n23m0164.hpc.itc.rwth-aachen.de",65,"65","uds",unix,64,4194304,10,50,83.536,29.865,53.2062,51.7015,81.197,1.50612,1.52361
25,"n23m0164.hpc.itc.rwth-aachen.de",25,"25","uds",66,"n23m0164.hpc.itc.rwth-aachen.de",66,"66","uds",unix,64,4194304,10,50,81.632,27.887,47.1023,47.2955,63.769,1.94173,1.95179
25,"n23m0164.hpc.itc.rwth-aachen.de",25,"25","uds",67,"n23m0164.hpc.itc.rwth-aachen.de",67,"67","uds",unix,64,4194304,10,50,86.368,29.863,52.082,52.6645,77.639,1.52353,1.52206
25,"n23m0164.hpc.itc.rwth-aachen.de",25,"25","uds",68,"n23m0164.hpc.itc.rwth-aachen.de",68,"68","uds",unix,64,4194304,10,50,83.131,27.95,53.8122,54.6745,84.657,1.5112,1.5131
25,"n23m0164.hpc.itc.rwth-aachen.de",25,"25","uds",69,"n23m0164.hpc.itc.rwth-aachen.de",69,"69","uds",unix,64,4194304,10,50,88.629,31.309,53.3799,52.1415,77.778,1.50006,1.68425
25,"n23m0164.hpc.itc.rwth-aachen.de",25,"25","uds",70,"n23m0164.hpc.itc.rwth-aachen.de",70,"70","uds",unix,64,4194304,10,50,57.38,22.448,37.3447,37.7485,48.944,1.49107,1.63909
25,"n23m0164.hpc.itc.rwth-aachen.de",25,"25","uds",71,"n23m0164.hpc.itc.rwth-aachen.de",71,"71","uds",unix,64,4194304,10,50,75.135,28.572,52.7708,51.464,79.091,1.50846,1.50686
25,"n23m0164.hpc.itc.rwth-aachen.de",25,"25","uds",72,"n23m0164.hpc.itc.rwth-aachen.de",72,"72","uds",unix,64,4194304,10,50,80.795,28.473,52.7895,53.178,82.95,1.50271,1.50332
25,"n23m0164.hpc.itc.rwth-aachen.de",25,"25","uds",73,"n23m0164.hpc.itc.rwth-aachen.de",73,"73","uds",unix,64,4194304,10,50,84.12,29.114,52.5906,51.543,76.254,1.70792,1.86056
25,"n23m0164.hpc.itc.rwth-aachen.de",25,"25","uds",74,"n23m0164.hpc.itc.rwth-aachen.de",74,"74","uds",unix,64,4194304,10,50,54.481,28.411,38.9389,38.837,51.191,1.46637,1.50387
25,"n23m0164.hpc.itc.rwth-aachen.de",25,"25","uds",75,"n23m0164.hpc.itc.rwth-aachen.de",75,"75","uds",unix,64,4194304,10,50,94.224,25.998,51.4388,52.7355,76.754,1.49722,1.49919
25,"n23m0164.hpc.itc.rwth-aachen.de",25,"25","uds",76,"n23m0164.hpc.itc.rwth-aachen.de",76,"76","uds",unix,64,4194304,10,50,79.444,28.741,51.6366,51.6105,69.99,1.49711,1.49676
25,"n23m0164.hpc.itc.rwth-aachen.de",25,"25","uds",77,"n23m0164.hpc.itc.rwth-aachen.de",77,"77","uds",unix,64,4194304,10,50,80.818,26.081,50.5214,51.721,69.234,1.98634,2.05063
25,"n23m0164.hpc.itc.rwth-aachen.de",25,"25","uds",78,"n23m0164.hpc.itc.rwth-aachen.de",78,"78","uds",unix,64,4194304,10,50,75.834,28.693,50.2801,49.407,86.171,1.49882,1.49955
25,"n23m0164.hpc.itc.rwth-aachen.de",25,"25","uds",79,"n23m0164.hpc.itc.rwth-aachen.de",79,"79","uds",unix,64,4194304,10,50,79.322,30.163,50.5044,51.308,70.047,1.49864,1.49093
25,"n23m0164.hpc.itc.rwth-aachen.de",25,"25","uds",80,"n23m0164.hpc.itc.rwth-aachen.de",80,"80","uds",unix,64,4194304,10,50,90.871,28.65,52.1043,51.7055,89.986,1.47835,1.51684
25,"n23m0164.hpc.itc.rwth-aachen.de",25,"25","uds",81,"n23m0164.hpc.itc.rwth-aachen.de",81,"81","uds",unix,64,4194304,10,50,70.752,28.604,46.0418,45.8205,66.654,1.79227,1.89247
25,"n23m0164.hpc.itc.rwth-aachen.de",25,"25","uds",82,"n23m0164.hpc.itc.rwth-aachen.de",82,"82","uds",unix,64,4194304,10,50,80.66,29.666,51.0486,50.3935,72.805,1.50051,1.5002
25,"n23m0164.hpc.itc.rwth-aachen.de",25,"25","uds",83,"n23m0164.hpc.itc.rwth-aachen.de",83,"83","uds",unix,64,4194304,10,50,82.512,28.181,53.185,52.37,84.39,1.46724,1.46645
25,"n23m0164.hpc.itc.rwth-aachen.de",25,"25","uds",84,"n23m0164.hpc.itc.rwth-aachen.de",84,"84","uds",unix,64,4194304,10,50,79.406,28.149,50.7828,52.726,93.233,1.52029,1.69401
25,"n23m0164.hpc.itc.rwth-aachen.de",25,"25","uds",85,"n23m0164.hpc.itc.rwth-aachen.de",85,"85","uds",unix,64,4194304,10,50,54.325,28.455,37.7641,37.651,51.532,1.52191,1.67041
25,"n23m0164.hpc.itc.rwth-aachen.de",25,"25","uds",86,"n23m0164.hpc.itc.rwth-aachen.de",86,"86","uds",unix,64,4194304,10,50,84.861,34.136,52.3428,50.563,77.864,1.50047,1.49963
25,"n23m0164.hpc.itc.rwth-aachen.de",25,"25","uds",87,"n23m0164.hpc.itc.rwth-aachen.de",87,"87","uds",unix,64,4194304,10,50,77.445,26.633,51.0422,54.021,70.315,1.50307,1.50222
25,"n23m0164.hpc.itc.rwth-aachen.de",25,"25","uds",88,"n23m0164.hpc.itc.rwth-aachen.de",88,"88","uds",unix,64,4194304,10,50,82.769,35.311,53.8848,55.904,74.003,1.75757,1.92149
25,"n23m0164.hpc.itc.rwth-aachen.de",25,"25","uds",89,"n23m0164.hpc.itc.rwth-aachen.de",89,"89","uds",unix,64,4194304,10,50,59.451,31.638,40.3854,39.728,58.393,1.51239,1.53062
25,"n23m0164.hpc.itc.rwth-aachen.de",25,"25","uds",90,"n23m0164.hpc.itc.rwth-aachen.de",90,"90","uds",unix,64,4194304,10,50,91.531,32.25,53.1314,51.2135,88.502,1.5235,1.52502
25,"n23m0164.hpc.itc.rwth-aachen.de",25,"25","uds",91,"n23m0164.hpc.itc.rwth-aachen.de",91,"91","uds",unix,64,4194304,10,50,84.186,26.839,51.9009,51.9105,73.91,1.52488,1.52474
25,"n23m0164.hpc.itc.rwth-aachen.de",25,"25","uds",92,"n23m0164.hpc.itc.rwth-aachen.de",92,"92","uds",unix,64,4194304,10,50,78.181,28.823,52.8114,53.4625,81.644,2.01744,2.03754
25,"n23m0164.hpc.itc.rwth-aachen.de",25,"25","uds",93,"n23m0164.hpc.itc.rwth-aachen.de",93,"93","uds",unix,64,4194304,10,50,70.026,27.86,43.5981,43.49,70.911,1.51016,1.5097
25,"n23m0164.hpc.itc.rwth-aachen.de",25,"25","uds",94,"n23m0164.hpc.itc.rwth-aachen.de",94,"94","uds",unix,64,4194304,10,50,96.347,27.971,55.4063,53.6735,80.548,1.50612,1.50446
25,"n23m0164.hpc.itc.rwth-aachen.de",25,"25","uds",95,"n23m0164.hpc.itc.rwth-aachen.de",95,"95","uds",unix,64,4194304,10,50,73.583,28.227,51.9902,50.2075,94.837,1.51034,1.50978
26,"n23m0164.hpc.itc.rwth-aachen.de",26,"26","uds",27,"n23m0164.hpc.itc.rwth-aachen.de",27,"27","uds",unix,64,4194304,10,50,153.608,25.669,39.947,39.0785,70.09,4.57628,4.48458
26,"n23m0164.hpc.itc.rwth-aachen.de",26,"26","uds",28,"n23m0164.hpc.itc.rwth-aachen.de",28,"28","uds",unix,64,4194304,10,50,58.274,21.256,26.8193,25.5285,43.735,5.88608,5.84773
26,"n23m0164.hpc.itc.rwth-aachen.de",26,"26","uds",29,"n23m0164.hpc.itc.rwth-aachen.de",29,"29","uds",unix,64,4194304,10,50,54.46,19.195,24.5448,24.1135,38.34,5.60891,5.5778
26,"n23m0164.hpc.itc.rwth-aachen.de",26,"26","uds",30,"n23m0164.hpc.itc.rwth-aachen.de",30,"30","uds",unix,64,4194304,10,50,51.983,16.746,26.7067,26.364,46.331,5.51488,5.4593
26,"n23m0164.hpc.itc.rwth-aachen.de",26,"26","uds",31,"n23m0164.hpc.itc.rwth-aachen.de",31,"31","uds",unix,64,4194304,10,50,56.463,23.457,26.4172,26.2095,30.583,5.3075,5.32442
26,"n23m0164.hpc.itc.rwth-aachen.de",26,"26","uds",32,"n23m0164.hpc.itc.rwth-aachen.de",32,"32","uds",unix,64,4194304,10,50,47.598,20.716,26.2805,25.9535,32.47,5.3359,5.34353
26,"n23m0164.hpc.itc.rwth-aachen.de",26,"26","uds",33,"n23m0164.hpc.itc.rwth-aachen.de",33,"33","uds",unix,64,4194304,10,50,45.152,21.585,26.4044,26.4585,34.569,5.72841,5.68786
26,"n23m0164.hpc.itc.rwth-aachen.de",26,"26","uds",34,"n23m0164.hpc.itc.rwth-aachen.de",34,"34","uds",unix,64,4194304,10,50,42.969,20.773,25.0461,24.9635,38.53,5.78439,5.74375
26,"n23m0164.hpc.itc.rwth-aachen.de",26,"26","uds",35,"n23m0164.hpc.itc.rwth-aachen.de",35,"35","uds",unix,64,4194304,10,50,48.828,20.289,25.4641,25.3505,36.099,5.41921,5.41473
26,"n23m0164.hpc.itc.rwth-aachen.de",26,"26","uds",36,"n23m0164.hpc.itc.rwth-aachen.de",36,"36","uds",unix,64,4194304,10,50,52.682,18.97,23.354,23.176,32.758,5.62044,5.6243
26,"n23m0164.hpc.itc.rwth-aachen.de",26,"26","uds",37,"n23m0164.hpc.itc.rwth-aachen.de",37,"37","uds",unix,64,4194304,10,50,39.549,19.304,22.3386,21.671,36.396,5.64043,5.64308
26,"n23m0164.hpc.itc.rwth-aachen.de",26,"26","uds",38,"n23m0164.hpc.itc.rwth-aachen.de",38,"38","uds",unix,64,4194304,10,50,42.977,19.88,22.8802,22.359,33.529,5.56088,5.56014
26,"n23m0164.hpc.itc.rwth-aachen.de",26,"26","uds",39,"n23m0164.hpc.itc.rwth-aachen.de",39,"39","uds",unix,64,4194304,10,50,43.817,19.982,22.3119,22.037,29.932,5.58866,5.57947
26,"n23m0164.hpc.itc.rwth-aachen.de",26,"26","uds",40,"n23m0164.hpc.itc.rwth-aachen.de",40,"40","uds",unix,64,4194304,10,50,42.119,19.087,22.4268,21.9755,31.576,5.51446,5.51252
26,"n23m0164.hpc.itc.rwth-aachen.de",26,"26","uds",41,"n23m0164.hpc.itc.rwth-aachen.de",41,"41","uds",unix,64,4194304,10,50,46.889,19.297,22.7707,22.314,33.393,5.52208,5.52318
26,"n23m0164.hpc.itc.rwth-aachen.de",26,"26","uds",42,"n23m0164.hpc.itc.rwth-aachen.de",42,"42","uds",unix,64,4194304,10,50,42.854,19.177,22.6429,22.193,34.411,5.61089,5.62238
26,"n23m0164.hpc.itc.rwth-aachen.de",26,"26","uds",43,"n23m0164.hpc.itc.rwth-aachen.de",43,"43","uds",unix,64,4194304,10,50,39.843,18.051,21.8364,21.81,30.035,5.5967,5.60956
26,"n23m0164.hpc.itc.rwth-aachen.de",26,"26","uds",44,"n23m0164.hpc.itc.rwth-aachen.de",44,"44","uds",unix,64,4194304,10,50,39.694,19.113,22.9605,22.5295,31.183,5.47824,5.4802
26,"n23m0164.hpc.itc.rwth-aachen.de",26,"26","uds",45,"n23m0164.hpc.itc.rwth-aachen.de",45,"45","uds",unix,64,4194304,10,50,42.908,18.645,22.7718,22.4685,28.417,5.5771,5.58729
26,"n23m0164.hpc.itc.rwth-aachen.de",26,"26","uds",46,"n23m0164.hpc.itc.rwth-aachen.de",46,"46","uds",unix,64,4194304,10,50,42.464,16.246,23.5722,23.5255,33.923,5.4976,5.49574
26,"n23m0164.hpc.itc.rwth-aachen.de",26,"26","uds",47,"n23m0164.hpc.itc.rwth-aachen.de",47,"47","uds",unix,64,4194304,10,50,37.449,19.101,23.0257,22.7365,29.946,5.4447,5.45623
26,"n23m0164.hpc.itc.rwth-aachen.de",26,"26","uds",48,"n23m0164.hpc.itc.rwth-aachen.de",48,"48","uds",unix,64,4194304,10,50,56.371,27.29,35.6894,36.081,48.703,2.09749,2.04746
26,"n23m0164.hpc.itc.rwth-aachen.de",26,"26","uds",49,"n23m0164.hpc.itc.rwth-aachen.de",49,"49","uds",unix,64,4194304,10,50,90.146,29.392,52.7159,52.1785,74.101,1.49543,1.55429
26,"n23m0164.hpc.itc.rwth-aachen.de",26,"26","uds",50,"n23m0164.hpc.itc.rwth-aachen.de",50,"50","uds",unix,64,4194304,10,50,76.258,26.443,45.748,45.1295,64.869,2.0281,2.02251
26,"n23m0164.hpc.itc.rwth-aachen.de",26,"26","uds",51,"n23m0164.hpc.itc.rwth-aachen.de",51,"51","uds",unix,64,4194304,10,50,102.752,29.642,53.2612,52.1735,77.819,1.50912,1.50857
26,"n23m0164.hpc.itc.rwth-aachen.de",26,"26","uds",52,"n23m0164.hpc.itc.rwth-aachen.de",52,"52","uds",unix,64,4194304,10,50,106.544,38.739,53.7861,53.7515,71.523,1.49913,1.49958
26,"n23m0164.hpc.itc.rwth-aachen.de",26,"26","uds",53,"n23m0164.hpc.itc.rwth-aachen.de",53,"53","uds",unix,64,4194304,10,50,86.117,29.848,53.513,52.6005,89.908,1.69743,1.84325
26,"n23m0164.hpc.itc.rwth-aachen.de",26,"26","uds",54,"n23m0164.hpc.itc.rwth-aachen.de",54,"54","uds",unix,64,4194304,10,50,57.817,24.586,38.9173,38.347,56.82,1.4923,1.56104
26,"n23m0164.hpc.itc.rwth-aachen.de",26,"26","uds",55,"n23m0164.hpc.itc.rwth-aachen.de",55,"55","uds",unix,64,4194304,10,50,81.293,29.714,52.5773,51.711,78.858,1.48072,1.47924
26,"n23m0164.hpc.itc.rwth-aachen.de",26,"26","uds",56,"n23m0164.hpc.itc.rwth-aachen.de",56,"56","uds",unix,64,4194304,10,50,90.566,30.866,53.5664,54.7915,87.168,1.50145,1.50328
26,"n23m0164.hpc.itc.rwth-aachen.de",26,"26","uds",57,"n23m0164.hpc.itc.rwth-aachen.de",57,"57","uds",unix,64,4194304,10,50,84.371,29.657,53.9964,52.164,76.88,2.08472,2.09993
26,"n23m0164.hpc.itc.rwth-aachen.de",26,"26","uds",58,"n23m0164.hpc.itc.rwth-aachen.de",58,"58","uds",unix,64,4194304,10,50,60.914,31.34,47.1693,47.603,62.789,1.49086,1.49056
26,"n23m0164.hpc.itc.rwth-aachen.de",26,"26","uds",59,"n23m0164.hpc.itc.rwth-aachen.de",59,"59","uds",unix,64,4194304,10,50,76.837,29.001,52.1334,53.5575,83.362,1.50157,1.50196
26,"n23m0164.hpc.itc.rwth-aachen.de",26,"26","uds",60,"n23m0164.hpc.itc.rwth-aachen.de",60,"60","uds",unix,64,4194304,10,50,90.133,28.168,52.0114,53.6385,109.81,1.49205,1.4907
26,"n23m0164.hpc.itc.rwth-aachen.de",26,"26","uds",61,"n23m0164.hpc.itc.rwth-aachen.de",61,"61","uds",unix,64,4194304,10,50,96.989,28.569,52.5062,49.792,86.398,2.00037,2.03751
26,"n23m0164.hpc.itc.rwth-aachen.de",26,"26","uds",62,"n23m0164.hpc.itc.rwth-aachen.de",62,"62","uds",unix,64,4194304,10,50,74.774,35.197,48.8472,48.658,68.898,1.50376,1.50436
26,"n23m0164.hpc.itc.rwth-aachen.de",26,"26","uds",63,"n23m0164.hpc.itc.rwth-aachen.de",63,"63","uds",unix,64,4194304,10,50,92.756,29.433,53.5551,53.8485,71.538,1.48798,1.4884
26,"n23m0164.hpc.itc.rwth-aachen.de",26,"26","uds",64,"n23m0164.hpc.itc.rwth-aachen.de",64,"64","uds",unix,64,4194304,10,50,83.618,31.877,53.4584,52.3275,88.045,1.51362,1.51374
26,"n23m0164.hpc.itc.rwth-aachen.de",26,"26","uds",65,"n23m0164.hpc.itc.rwth-aachen.de",65,"65","uds",unix,64,4194304,10,50,77.806,29.525,50.9971,51.09,104.271,1.97891,2.01574
26,"n23m0164.hpc.itc.rwth-aachen.de",26,"26","uds",66,"n23m0164.hpc.itc.rwth-aachen.de",66,"66","uds",unix,64,4194304,10,50,82.514,30.579,53.18,52.823,83.396,1.49821,1.49696
26,"n23m0164.hpc.itc.rwth-aachen.de",26,"26","uds",67,"n23m0164.hpc.itc.rwth-aachen.de",67,"67","uds",unix,64,4194304,10,50,102.914,27.812,52.8564,52.856,82.37,1.48028,1.48142
26,"n23m0164.hpc.itc.rwth-aachen.de",26,"26","uds",68,"n23m0164.hpc.itc.rwth-aachen.de",68,"68","uds",unix,64,4194304,10,50,86.477,30.178,58.9242,53.211,156.788,1.98535,1.96095
26,"n23m0164.hpc.itc.rwth-aachen.de",26,"26","uds",69,"n23m0164.hpc.itc.rwth-aachen.de",69,"69","uds",unix,64,4194304,10,50,76.397,26.21,43.8795,43.843,71.229,1.4721,1.4714
26,"n23m0164.hpc.itc.rwth-aachen.de",26,"26","uds",70,"n23m0164.hpc.itc.rwth-aachen.de",70,"70","uds",unix,64,4194304,10,50,84.078,34.071,54.6015,51.9115,90.007,1.46905,1.46985
26,"n23m0164.hpc.itc.rwth-aachen.de",26,"26","uds",71,"n23m0164.hpc.itc.rwth-aachen.de",71,"71","uds",unix,64,4194304,10,50,85.112,28.401,53.6943,54.3495,85.367,1.5122,1.60146
26,"n23m0164.hpc.itc.rwth-aachen.de",26,"26","uds",72,"n23m0164.hpc.itc.rwth-aachen.de",72,"72","uds",unix,64,4194304,10,50,54.438,28.889,37.6924,37.2175,50.713,1.51526,1.75453
26,"n23m0164.hpc.itc.rwth-aachen.de",26,"26","uds",73,"n23m0164.hpc.itc.rwth-aachen.de",73,"73","uds",unix,64,4194304,10,50,80.312,29.436,52.5199,52.975,91.837,1.48661,1.4871
26,"n23m0164.hpc.itc.rwth-aachen.de",26,"26","uds",74,"n23m0164.hpc.itc.rwth-aachen.de",74,"74","uds",unix,64,4194304,10,50,87.177,29.138,52.0445,52.7775,71.095,1.46622,1.4653
26,"n23m0164.hpc.itc.rwth-aachen.de",26,"26","uds",75,"n23m0164.hpc.itc.rwth-aachen.de",75,"75","uds",unix,64,4194304,10,50,115.092,27.808,132.866,51.9565,2297.71,2.06654,2.05142
26,"n23m0164.hpc.itc.rwth-aachen.de",26,"26","uds",76,"n23m0164.hpc.itc.rwth-aachen.de",76,"76","uds",unix,64,4194304,10,50,78.232,25.56,43.9616,43.794,64.276,1.5085,1.50899
26,"n23m0164.hpc.itc.rwth-aachen.de",26,"26","uds",77,"n23m0164.hpc.itc.rwth-aachen.de",77,"77","uds",unix,64,4194304,10,50,82.59,27.885,52.1594,51.1765,88.104,1.50494,1.50443
26,"n23m0164.hpc.itc.rwth-aachen.de",26,"26","uds",78,"n23m0164.hpc.itc.rwth-aachen.de",78,"78","uds",unix,64,4194304,10,50,77.533,29.122,50.4721,50.8465,86.966,1.52271,1.52367
26,"n23m0164.hpc.itc.rwth-aachen.de",26,"26","uds",79,"n23m0164.hpc.itc.rwth-aachen.de",79,"79","uds",unix,64,4194304,10,50,74.23,28.437,51.0272,51.0635,80.53,2.06309,2.07264
26,"n23m0164.hpc.itc.rwth-aachen.de",26,"26","uds",80,"n23m0164.hpc.itc.rwth-aachen.de",80,"80","uds",unix,64,4194304,10,50,94.802,29.568,52.8294,53.5395,78.434,1.48765,1.48931
26,"n23m0164.hpc.itc.rwth-aachen.de",26,"26","uds",81,"n23m0164.hpc.itc.rwth-aachen.de",81,"81","uds",unix,64,4194304,10,50,77.832,33.649,51.3802,49.5945,85.336,1.51658,1.51858
26,"n23m0164.hpc.itc.rwth-aachen.de",26,"26","uds",82,"n23m0164.hpc.itc.rwth-aachen.de",82,"82","uds",unix,64,4194304,10,50,73.081,30.013,53.3852,52.381,84.724,1.51932,1.63684
26,"n23m0164.hpc.itc.rwth-aachen.de",26,"26","uds",83,"n23m0164.hpc.itc.rwth-aachen.de",83,"83","uds",unix,64,4194304,10,50,51.536,27.751,38.1434,37.7335,53.832,1.48552,1.67981
26,"n23m0164.hpc.itc.rwth-aachen.de",26,"26","uds",84,"n23m0164.hpc.itc.rwth-aachen.de",84,"84","uds",unix,64,4194304,10,50,82.985,29.999,52.4778,53.235,91.676,1.51031,1.51367
26,"n23m0164.hpc.itc.rwth-aachen.de",26,"26","uds",85,"n23m0164.hpc.itc.rwth-aachen.de",85,"85","uds",unix,64,4194304,10,50,76.219,32.131,52.0624,52.5725,77.996,1.51144,1.51084
26,"n23m0164.hpc.itc.rwth-aachen.de",26,"26","uds",86,"n23m0164.hpc.itc.rwth-aachen.de",86,"86","uds",unix,64,4194304,10,50,98.791,28.837,52.1865,50.427,83.147,1.82318,1.9868
26,"n23m0164.hpc.itc.rwth-aachen.de",26,"26","uds",87,"n23m0164.hpc.itc.rwth-aachen.de",87,"87","uds",unix,64,4194304,10,50,63.791,23.65,41.4117,40.894,55.09,1.49875,1.50355
26,"n23m0164.hpc.itc.rwth-aachen.de",26,"26","uds",88,"n23m0164.hpc.itc.rwth-aachen.de",88,"88","uds",unix,64,4194304,10,50,86.358,27.956,51.1764,51.2215,73.931,1.49891,1.49825
26,"n23m0164.hpc.itc.rwth-aachen.de",26,"26","uds",89,"n23m0164.hpc.itc.rwth-aachen.de",89,"89","uds",unix,64,4194304,10,50,85.492,28.063,51.3804,51.758,83.78,1.51767,1.51782
26,"n23m0164.hpc.itc.rwth-aachen.de",26,"26","uds",90,"n23m0164.hpc.itc.rwth-aachen.de",90,"90","uds",unix,64,4194304,10,50,77.293,28.317,48.3683,47.04,71.353,2.16351,2.11365
26,"n23m0164.hpc.itc.rwth-aachen.de",26,"26","uds",91,"n23m0164.hpc.itc.rwth-aachen.de",91,"91","uds",unix,64,4194304,10,50,73.584,33.164,52.7177,52.5915,73.686,1.51966,1.51958
26,"n23m0164.hpc.itc.rwth-aachen.de",26,"26","uds",92,"n23m0164.hpc.itc.rwth-aachen.de",92,"92","uds",unix,64,4194304,10,50,75.908,28.134,51.318,51.943,78.739,1.4982,1.50126
26,"n23m0164.hpc.itc.rwth-aachen.de",26,"26","uds",93,"n23m0164.hpc.itc.rwth-aachen.de",93,"93","uds",unix,64,4194304,10,50,87.823,30.257,51.6124,51.7385,74.117,1.54119,1.72678
26,"n23m0164.hpc.itc.rwth-aachen.de",26,"26","uds",94,"n23m0164.hpc.itc.rwth-aachen.de",94,"94","uds",unix,64,4194304,10,50,51.162,27.103,37.4177,37.002,49.444,1.51163,1.65475
26,"n23m0164.hpc.itc.rwth-aachen.de",26,"26","uds",95,"n23m0164.hpc.itc.rwth-aachen.de",95,"95","uds",unix,64,4194304,10,50,103.185,30.192,51.7813,52.246,82.638,1.5101,1.51051
27,"n23m0164.hpc.itc.rwth-aachen.de",27,"27","uds",28,"n23m0164.hpc.itc.rwth-aachen.de",28,"28","uds",unix,64,4194304,10,50,148.306,29.253,37.7683,37.522,51.2,3.64711,3.58974
27,"n23m0164.hpc.itc.rwth-aachen.de",27,"27","uds",29,"n23m0164.hpc.itc.rwth-aachen.de",29,"29","uds",unix,64,4194304,10,50,71.62,24.203,32.5125,32.393,45.066,3.57605,3.59361
27,"n23m0164.hpc.itc.rwth-aachen.de",27,"27","uds",30,"n23m0164.hpc.itc.rwth-aachen.de",30,"30","uds",unix,64,4194304,10,50,65.108,24.48,32.0222,31.9925,51.64,4.13791,4.13958
27,"n23m0164.hpc.itc.rwth-aachen.de",27,"27","uds",31,"n23m0164.hpc.itc.rwth-aachen.de",31,"31","uds",unix,64,4194304,10,50,62.032,23.63,30.0915,30.101,45.425,3.97469,3.98239
27,"n23m0164.hpc.itc.rwth-aachen.de",27,"27","uds",32,"n23m0164.hpc.itc.rwth-aachen.de",32,"32","uds",unix,64,4194304,10,50,62.786,23.446,30.2576,30.0375,36.46,5.07802,5.06619
27,"n23m0164.hpc.itc.rwth-aachen.de",27,"27","uds",33,"n23m0164.hpc.itc.rwth-aachen.de",33,"33","uds",unix,64,4194304,10,50,70.893,21.504,26.229,26.26,31.619,5.2437,5.216
27,"n23m0164.hpc.itc.rwth-aachen.de",27,"27","uds",34,"n23m0164.hpc.itc.rwth-aachen.de",34,"34","uds",unix,64,4194304,10,50,46.995,22.306,26.9192,26.34,41.273,5.10743,5.11615
27,"n23m0164.hpc.itc.rwth-aachen.de",27,"27","uds",35,"n23m0164.hpc.itc.rwth-aachen.de",35,"35","uds",unix,64,4194304,10,50,53.087,22.505,30.0191,27.7435,122.82,5.09249,5.12442
27,"n23m0164.hpc.itc.rwth-aachen.de",27,"27","uds",36,"n23m0164.hpc.itc.rwth-aachen.de",36,"36","uds",unix,64,4194304,10,50,53.016,19.265,24.1425,23.7115,32.453,5.30346,5.30381
27,"n23m0164.hpc.itc.rwth-aachen.de",27,"27","uds",37,"n23m0164.hpc.itc.rwth-aachen.de",37,"37","uds",unix,64,4194304,10,50,48.634,19.361,23.0088,23.1005,29.795,5.3204,5.32845
27,"n23m0164.hpc.itc.rwth-aachen.de",27,"27","uds",38,"n23m0164.hpc.itc.rwth-aachen.de",38,"38","uds",unix,64,4194304,10,50,48.844,17.35,24.065,23.5465,42.895,5.54823,5.50825
27,"n23m0164.hpc.itc.rwth-aachen.de",27,"27","uds",39,"n23m0164.hpc.itc.rwth-aachen.de",39,"39","uds",unix,64,4194304,10,50,37.334,19.289,22.348,21.6465,36.575,5.26504,5.2913
27,"n23m0164.hpc.itc.rwth-aachen.de",27,"27","uds",40,"n23m0164.hpc.itc.rwth-aachen.de",40,"40","uds",unix,64,4194304,10,50,45.232,20.588,24.3989,23.97,43.521,4.76316,4.76244
27,"n23m0164.hpc.itc.rwth-aachen.de",27,"27","uds",41,"n23m0164.hpc.itc.rwth-aachen.de",41,"41","uds",unix,64,4194304,10,50,51.194,19.356,24.5376,24.5365,32.308,5.47138,5.38756
27,"n23m0164.hpc.itc.rwth-aachen.de",27,"27","uds",42,"n23m0164.hpc.itc.rwth-aachen.de",42,"42","uds",unix,64,4194304,10,50,39.671,19.145,21.8774,21.219,31.544,5.27741,5.28592
27,"n23m0164.hpc.itc.rwth-aachen.de",27,"27","uds",43,"n23m0164.hpc.itc.rwth-aachen.de",43,"43","uds",unix,64,4194304,10,50,56.973,20.909,23.7482,23.3845,28.222,5.09778,5.09365
27,"n23m0164.hpc.itc.rwth-aachen.de",27,"27","uds",44,"n23m0164.hpc.itc.rwth-aachen.de",44,"44","uds",unix,64,4194304,10,50,46.507,19.05,24.617,24.348,31.664,4.97738,4.97915
27,"n23m0164.hpc.itc.rwth-aachen.de",27,"27","uds",45,"n23m0164.hpc.itc.rwth-aachen.de",45,"45","uds",unix,64,4194304,10,50,42.428,19.092,24.0254,23.7065,31.081,5.0879,5.09469
27,"n23m0164.hpc.itc.rwth-aachen.de",27,"27","uds",46,"n23m0164.hpc.itc.rwth-aachen.de",46,"46","uds",unix,64,4194304,10,50,49.749,20.49,24.2417,23.941,33.866,5.00128,5.00841
27,"n23m0164.hpc.itc.rwth-aachen.de",27,"27","uds",47,"n23m0164.hpc.itc.rwth-aachen.de",47,"47","uds",unix,64,4194304,10,50,45.022,17.869,24.3137,24.1745,36.608,5.36548,5.32079
27,"n23m0164.hpc.itc.rwth-aachen.de",27,"27","uds",48,"n23m0164.hpc.itc.rwth-aachen.de",48,"48","uds",unix,64,4194304,10,50,54.114,27.567,36.123,35.5395,50.787,1.71008,1.84211
27,"n23m0164.hpc.itc.rwth-aachen.de",27,"27","uds",49,"n23m0164.hpc.itc.rwth-aachen.de",49,"49","uds",unix,64,4194304,10,50,104.148,33.116,52.5142,51.9805,70.804,1.51584,1.5433
27,"n23m0164.hpc.itc.rwth-aachen.de",27,"27","uds",50,"n23m0164.hpc.itc.rwth-aachen.de",50,"50","uds",unix,64,4194304,10,50,87.529,33.685,47.9482,48.363,70.627,2.02194,2.02106
27,"n23m0164.hpc.itc.rwth-aachen.de",27,"27","uds",51,"n23m0164.hpc.itc.rwth-aachen.de",51,"51","uds",unix,64,4194304,10,50,91.308,28.447,52.9134,52.985,75.108,1.52038,1.5207
27,"n23m0164.hpc.itc.rwth-aachen.de",27,"27","uds",52,"n23m0164.hpc.itc.rwth-aachen.de",52,"52","uds",unix,64,4194304,10,50,93.028,32.343,54.3633,52.363,84.794,1.50357,1.5038
27,"n23m0164.hpc.itc.rwth-aachen.de",27,"27","uds",53,"n23m0164.hpc.itc.rwth-aachen.de",53,"53","uds",unix,64,4194304,10,50,82.659,27.677,52.5087,52.1025,71.721,1.53606,1.57854
27,"n23m0164.hpc.itc.rwth-aachen.de",27,"27","uds",54,"n23m0164.hpc.itc.rwth-aachen.de",54,"54","uds",unix,64,4194304,10,50,80.958,26.508,46.2191,46.036,63.284,1.77144,1.90296
27,"n23m0164.hpc.itc.rwth-aachen.de",27,"27","uds",55,"n23m0164.hpc.itc.rwth-aachen.de",55,"55","uds",unix,64,4194304,10,50,96.051,29.483,53.0977,52.762,94.616,1.51541,1.5149
27,"n23m0164.hpc.itc.rwth-aachen.de",27,"27","uds",56,"n23m0164.hpc.itc.rwth-aachen.de",56,"56","uds",unix,64,4194304,10,50,77.806,37.489,52.1455,51.7225,72.319,1.5282,1.52884
27,"n23m0164.hpc.itc.rwth-aachen.de",27,"27","uds",57,"n23m0164.hpc.itc.rwth-aachen.de",57,"57","uds",unix,64,4194304,10,50,87.042,29.568,52.4215,51.903,93.937,1.51664,1.55245
27,"n23m0164.hpc.itc.rwth-aachen.de",27,"27","uds",58,"n23m0164.hpc.itc.rwth-aachen.de",58,"58","uds",unix,64,4194304,10,50,64.641,32.953,45.3994,44.826,59.665,1.85381,1.92812
27,"n23m0164.hpc.itc.rwth-aachen.de",27,"27","uds",59,"n23m0164.hpc.itc.rwth-aachen.de",59,"59","uds",unix,64,4194304,10,50,81.781,28.506,52.6853,53.561,79.736,1.52555,1.52595
27,"n23m0164.hpc.itc.rwth-aachen.de",27,"27","uds",60,"n23m0164.hpc.itc.rwth-aachen.de",60,"60","uds",unix,64,4194304,10,50,97.867,32.975,52.2396,52.665,73.363,1.51673,1.5179
27,"n23m0164.hpc.itc.rwth-aachen.de",27,"27","uds",61,"n23m0164.hpc.itc.rwth-aachen.de",61,"61","uds",unix,64,4194304,10,50,83.662,30.308,52.8697,52.396,84.05,1.52534,1.54469
27,"n23m0164.hpc.itc.rwth-aachen.de",27,"27","uds",62,"n23m0164.hpc.itc.rwth-aachen.de",62,"62","uds",unix,64,4194304,10,50,81.941,27.871,47.6769,47.567,68.809,2.05667,2.0233
27,"n23m0164.hpc.itc.rwth-aachen.de",27,"27","uds",63,"n23m0164.hpc.itc.rwth-aachen.de",63,"63","uds",unix,64,4194304,10,50,91.1,31.106,53.0275,51.553,85.199,1.51849,1.52044
27,"n23m0164.hpc.itc.rwth-aachen.de",27,"27","uds",64,"n23m0164.hpc.itc.rwth-aachen.de",64,"64","uds",unix,64,4194304,10,50,86.646,29.084,52.197,52.86,71.1,1.52411,1.5252
27,"n23m0164.hpc.itc.rwth-aachen.de",27,"27","uds",65,"n23m0164.hpc.itc.rwth-aachen.de",65,"65","uds",unix,64,4194304,10,50,82.867,34.461,53.2274,52.6655,80.054,1.53697,1.69865
27,"n23m0164.hpc.itc.rwth-aachen.de",27,"27","uds",66,"n23m0164.hpc.itc.rwth-aachen.de",66,"66","uds",unix,64,4194304,10,50,72.051,28.094,37.2107,36.348,55.131,1.52235,1.7026
27,"n23m0164.hpc.itc.rwth-aachen.de",27,"27","uds",67,"n23m0164.hpc.itc.rwth-aachen.de",67,"67","uds",unix,64,4194304,10,50,89.303,32.895,53.6332,52.6925,89.836,1.52508,1.52579
27,"n23m0164.hpc.itc.rwth-aachen.de",27,"27","uds",68,"n23m0164.hpc.itc.rwth-aachen.de",68,"68","uds",unix,64,4194304,10,50,96.76,30.437,53.468,52.2155,84.297,1.52323,1.52281
27,"n23m0164.hpc.itc.rwth-aachen.de",27,"27","uds",69,"n23m0164.hpc.itc.rwth-aachen.de",69,"69","uds",unix,64,4194304,10,50,87.03,28.122,53.1181,53.618,97.597,1.62799,1.78346
27,"n23m0164.hpc.itc.rwth-aachen.de",27,"27","uds",70,"n23m0164.hpc.itc.rwth-aachen.de",70,"70","uds",unix,64,4194304,10,50,51.427,27.97,36.8057,36.3065,50.134,1.49897,1.5861
27,"n23m0164.hpc.itc.rwth-aachen.de",27,"27","uds",71,"n23m0164.hpc.itc.rwth-aachen.de",71,"71","uds",unix,64,4194304,10,50,83.809,27.092,52.4976,52.6355,71.915,1.52284,1.52276
27,"n23m0164.hpc.itc.rwth-aachen.de",27,"27","uds",72,"n23m0164.hpc.itc.rwth-aachen.de",72,"72","uds",unix,64,4194304,10,50,81.043,30.967,52.9408,53.44,76.464,1.52733,1.52952
27,"n23m0164.hpc.itc.rwth-aachen.de",27,"27","uds",73,"n23m0164.hpc.itc.rwth-aachen.de",73,"73","uds",unix,64,4194304,10,50,78.715,28.259,51.8771,51.452,78.205,1.72861,1.88457
27,"n23m0164.hpc.itc.rwth-aachen.de",27,"27","uds",74,"n23m0164.hpc.itc.rwth-aachen.de",74,"74","uds",unix,64,4194304,10,50,64.593,25.998,38.1691,37.005,58.658,1.50258,1.54191
27,"n23m0164.hpc.itc.rwth-aachen.de",27,"27","uds",75,"n23m0164.hpc.itc.rwth-aachen.de",75,"75","uds",unix,64,4194304,10,50,90.251,33.568,50.3867,49.909,74.748,1.51325,1.50997
27,"n23m0164.hpc.itc.rwth-aachen.de",27,"27","uds",76,"n23m0164.hpc.itc.rwth-aachen.de",76,"76","uds",unix,64,4194304,10,50,75.874,35.932,52.2604,50.627,78.368,1.52015,1.51755
27,"n23m0164.hpc.itc.rwth-aachen.de",27,"27","uds",77,"n23m0164.hpc.itc.rwth-aachen.de",77,"77","uds",unix,64,4194304,10,50,82.25,27.588,51.1656,51.9015,96.365,1.9956,2.02821
27,"n23m0164.hpc.itc.rwth-aachen.de",27,"27","uds",78,"n23m0164.hpc.itc.rwth-aachen.de",78,"78","uds",unix,64,4194304,10,50,63.18,23.615,41.674,40.0775,65.004,1.52937,1.53148
27,"n23m0164.hpc.itc.rwth-aachen.de",27,"27","uds",79,"n23m0164.hpc.itc.rwth-aachen.de",79,"79","uds",unix,64,4194304,10,50,80.937,27.703,50.5245,48.724,81.425,1.54661,1.54739
27,"n23m0164.hpc.itc.rwth-aachen.de",27,"27","uds",80,"n23m0164.hpc.itc.rwth-aachen.de",80,"80","uds",unix,64,4194304,10,50,75.913,32.005,52.6588,52.546,74.478,1.50373,1.50507
27,"n23m0164.hpc.itc.rwth-aachen.de",27,"27","uds",81,"n23m0164.hpc.itc.rwth-aachen.de",81,"81","uds",unix,64,4194304,10,50,78.622,28.282,51.7152,50.004,92.129,1.85045,2.01714
27,"n23m0164.hpc.itc.rwth-aachen.de",27,"27","uds",82,"n23m0164.hpc.itc.rwth-aachen.de",82,"82","uds",unix,64,4194304,10,50,56.55,26.574,41.7652,42.443,57.939,1.52938,1.53155
27,"n23m0164.hpc.itc.rwth-aachen.de",27,"27","uds",83,"n23m0164.hpc.itc.rwth-aachen.de",83,"83","uds",unix,64,4194304,10,50,74.223,29.375,52.6631,53.684,78.509,1.49503,1.49478
27,"n23m0164.hpc.itc.rwth-aachen.de",27,"27","uds",84,"n23m0164.hpc.itc.rwth-aachen.de",84,"84","uds",unix,64,4194304,10,50,116.995,33.649,51.6676,51.334,79.473,1.52506,1.52511
27,"n23m0164.hpc.itc.rwth-aachen.de",27,"27","uds",85,"n23m0164.hpc.itc.rwth-aachen.de",85,"85","uds",unix,64,4194304,10,50,78.614,30.233,51.5173,49.346,75.952,2.06602,2.11163
27,"n23m0164.hpc.itc.rwth-aachen.de",27,"27","uds",86,"n23m0164.hpc.itc.rwth-aachen.de",86,"86","uds",unix,64,4194304,10,50,83.291,28.656,50.7033,50.3185,73.092,1.51083,1.51142
27,"n23m0164.hpc.itc.rwth-aachen.de",27,"27","uds",87,"n23m0164.hpc.itc.rwth-aachen.de",87,"87","uds",unix,64,4194304,10,50,80.272,28.425,51.4795,50.9255,78.651,1.51424,1.51324
27,"n23m0164.hpc.itc.rwth-aachen.de",27,"27","uds",88,"n23m0164.hpc.itc.rwth-aachen.de",88,"88","uds",unix,64,4194304,10,50,87.51,29.33,50.7105,51.058,74.88,1.50726,1.50872
27,"n23m0164.hpc.itc.rwth-aachen.de",27,"27","uds",89,"n23m0164.hpc.itc.rwth-aachen.de",89,"89","uds",unix,64,4194304,10,50,81.43,27.061,50.2871,50.199,68.514,2.04678,2.08108
27,"n23m0164.hpc.itc.rwth-aachen.de",27,"27","uds",90,"n23m0164.hpc.itc.rwth-aachen.de",90,"90","uds",unix,64,4194304,10,50,84.492,28.299,52.1439,50.1255,80.656,1.52736,1.52721
27,"n23m0164.hpc.itc.rwth-aachen.de",27,"27","uds",91,"n23m0164.hpc.itc.rwth-aachen.de",91,"91","uds",unix,64,4194304,10,50,83.671,30.78,49.2669,48.8115,70.017,1.52801,1.53013
27,"n23m0164.hpc.itc.rwth-aachen.de",27,"27","uds",92,"n23m0164.hpc.itc.rwth-aachen.de",92,"92","uds",unix,64,4194304,10,50,75.601,33.055,51.4414,50.414,74.37,1.51039,1.51116
27,"n23m0164.hpc.itc.rwth-aachen.de",27,"27","uds",93,"n23m0164.hpc.itc.rwth-aachen.de",93,"93","uds",unix,64,4194304,10,50,79.068,26.531,50.8779,50.8455,75.368,2.08772,2.10635
27,"n23m0164.hpc.itc.rwth-aachen.de",27,"27","uds",94,"n23m0164.hpc.itc.rwth-aachen.de",94,"94","uds",unix,64,4194304,10,50,70.746,26.366,46.5772,45.1865,62.701,1.51223,1.51041
27,"n23m0164.hpc.itc.rwth-aachen.de",27,"27","uds",95,"n23m0164.hpc.itc.rwth-aachen.de",95,"95","uds",unix,64,4194304,10,50,82.187,26.261,50.3494,50.352,74.839,1.51185,1.51318
28,"n23m0164.hpc.itc.rwth-aachen.de",28,"28","uds",29,"n23m0164.hpc.itc.rwth-aachen.de",29,"29","uds",unix,64,4194304,10,50,143.05,27.843,38.3121,37.251,68.302,2.96816,2.96559
28,"n23m0164.hpc.itc.rwth-aachen.de",28,"28","uds",30,"n23m0164.hpc.itc.rwth-aachen.de",30,"30","uds",unix,64,4194304,10,50,74.167,20.016,36.1509,36.357,68.031,4.27749,4.30088
28,"n23m0164.hpc.itc.rwth-aachen.de",28,"28","uds",31,"n23m0164.hpc.itc.rwth-aachen.de",31,"31","uds",unix,64,4194304,10,50,54.583,21.268,26.7054,25.54,41.576,4.61434,4.63532
28,"n23m0164.hpc.itc.rwth-aachen.de",28,"28","uds",32,"n23m0164.hpc.itc.rwth-aachen.de",32,"32","uds",unix,64,4194304,10,50,58.155,22.807,28.4253,28.371,43.89,5.37181,5.366
28,"n23m0164.hpc.itc.rwth-aachen.de",28,"28","uds",33,"n23m0164.hpc.itc.rwth-aachen.de",33,"33","uds",unix,64,4194304,10,50,45.595,19.798,25.6868,25.3285,33.769,5.12883,5.12688
28,"n23m0164.hpc.itc.rwth-aachen.de",28,"28","uds",34,"n23m0164.hpc.itc.rwth-aachen.de",34,"34","uds",unix,64,4194304,10,50,55.739,23.304,27.1859,27.016,31.976,3.58849,3.65768
28,"n23m0164.hpc.itc.rwth-aachen.de",28,"28","uds",35,"n23m0164.hpc.itc.rwth-aachen.de",35,"35","uds",unix,64,4194304,10,50,66.213,23.877,36.7027,36.452,62.96,4.55916,4.50368
28,"n23m0164.hpc.itc.rwth-aachen.de",28,"28","uds",36,"n23m0164.hpc.itc.rwth-aachen.de",36,"36","uds",unix,64,4194304,10,50,55.762,19.125,23.5899,23.6545,30.693,5.13285,5.13972
28,"n23m0164.hpc.itc.rwth-aachen.de",28,"28","uds",37,"n23m0164.hpc.itc.rwth-aachen.de",37,"37","uds",unix,64,4194304,10,50,48.42,20.415,24.3709,23.9135,32.01,4.10387,4.05538
28,"n23m0164.hpc.itc.rwth-aachen.de",28,"28","uds",38,"n23m0164.hpc.itc.rwth-aachen.de",38,"38","uds",unix,64,4194304,10,50,65.345,23.507,31.4863,31.0245,49.296,4.50384,4.41531
28,"n23m0164.hpc.itc.rwth-aachen.de",28,"28","uds",39,"n23m0164.hpc.itc.rwth-aachen.de",39,"39","uds",unix,64,4194304,10,50,39.705,19.353,22.8613,22.821,27.639,5.13891,5.1744
28,"n23m0164.hpc.itc.rwth-aachen.de",28,"28","uds",40,"n23m0164.hpc.itc.rwth-aachen.de",40,"40","uds",unix,64,4194304,10,50,43.011,19.813,24.2266,23.891,31.839,4.0085,4.11407
28,"n23m0164.hpc.itc.rwth-aachen.de",28,"28","uds",41,"n23m0164.hpc.itc.rwth-aachen.de",41,"41","uds",unix,64,4194304,10,50,53.9,17.638,28.5222,27.749,54.757,4.79393,4.73292
28,"n23m0164.hpc.itc.rwth-aachen.de",28,"28","uds",42,"n23m0164.hpc.itc.rwth-aachen.de",42,"42","uds",unix,64,4194304,10,50,53.771,18.303,22.5685,22.5495,27.709,5.21789,5.20948
28,"n23m0164.hpc.itc.rwth-aachen.de",28,"28","uds",43,"n23m0164.hpc.itc.rwth-aachen.de",43,"43","uds",unix,64,4194304,10,50,44.89,19.113,23.4582,23.4565,31.197,4.13629,4.04448
28,"n23m0164.hpc.itc.rwth-aachen.de",28,"28","uds",44,"n23m0164.hpc.itc.rwth-aachen.de",44,"44","uds",unix,64,4194304,10,50,61.406,22.661,32.3819,32.4445,38.939,3.09332,3.08711
28,"n23m0164.hpc.itc.rwth-aachen.de",28,"28","uds",45,"n23m0164.hpc.itc.rwth-aachen.de",45,"45","uds",unix,64,4194304,10,50,63.161,22.235,31.4502,30.201,49.533,4.40853,4.3444
28,"n23m0164.hpc.itc.rwth-aachen.de",28,"28","uds",46,"n23m0164.hpc.itc.rwth-aachen.de",46,"46","uds",unix,64,4194304,10,50,44.274,18.337,23.9789,23.4165,41.216,3.64457,3.68699
28,"n23m0164.hpc.itc.rwth-aachen.de",28,"28","uds",47,"n23m0164.hpc.itc.rwth-aachen.de",47,"47","uds",unix,64,4194304,10,50,58.904,21.402,32.0932,32.386,45.722,4.53057,4.41196
28,"n23m0164.hpc.itc.rwth-aachen.de",28,"28","uds",48,"n23m0164.hpc.itc.rwth-aachen.de",48,"48","uds",unix,64,4194304,10,50,55.241,25.434,38.2466,37.528,50.396,1.51018,1.70752
28,"n23m0164.hpc.itc.rwth-aachen.de",28,"28","uds",49,"n23m0164.hpc.itc.rwth-aachen.de",49,"49","uds",unix,64,4194304,10,50,75.042,35.432,53.1399,52.2755,99.354,1.51351,1.51303
28,"n23m0164.hpc.itc.rwth-aachen.de",28,"28","uds",50,"n23m0164.hpc.itc.rwth-aachen.de",50,"50","uds",unix,64,4194304,10,50,117.851,29.517,52.4737,51.6465,80.542,2.15093,2.13675
28,"n23m0164.hpc.itc.rwth-aachen.de",28,"28","uds",51,"n23m0164.hpc.itc.rwth-aachen.de",51,"51","uds",unix,64,4194304,10,50,88.622,36.276,53.555,52.646,71.609,1.52667,1.52579
28,"n23m0164.hpc.itc.rwth-aachen.de",28,"28","uds",52,"n23m0164.hpc.itc.rwth-aachen.de",52,"52","uds",unix,64,4194304,10,50,101.38,32.958,52.9574,53.0645,81.424,1.51287,1.5155
28,"n23m0164.hpc.itc.rwth-aachen.de",28,"28","uds",53,"n23m0164.hpc.itc.rwth-aachen.de",53,"53","uds",unix,64,4194304,10,50,77.276,29.487,52.7227,54.087,90.735,1.52481,1.53034
28,"n23m0164.hpc.itc.rwth-aachen.de",28,"28","uds",54,"n23m0164.hpc.itc.rwth-aachen.de",54,"54","uds",unix,64,4194304,10,50,81.725,28.637,50.274,51.2985,71.747,2.00996,2.01691
28,"n23m0164.hpc.itc.rwth-aachen.de",28,"28","uds",55,"n23m0164.hpc.itc.rwth-aachen.de",55,"55","uds",unix,64,4194304,10,50,78.559,34.162,54.095,52.287,87.26,1.51191,1.5127
28,"n23m0164.hpc.itc.rwth-aachen.de",28,"28","uds",56,"n23m0164.hpc.itc.rwth-aachen.de",56,"56","uds",unix,64,4194304,10,50,75.993,28.784,51.8982,52.5095,77.541,1.51858,1.47064
28,"n23m0164.hpc.itc.rwth-aachen.de",28,"28","uds",57,"n23m0164.hpc.itc.rwth-aachen.de",57,"57","uds",unix,64,4194304,10,50,95.918,31.21,51.9553,51.118,79.197,1.50382,1.56355
28,"n23m0164.hpc.itc.rwth-aachen.de",28,"28","uds",58,"n23m0164.hpc.itc.rwth-aachen.de",58,"58","uds",unix,64,4194304,10,50,90.911,24.34,39.4119,38.253,57.15,1.55087,1.80307
28,"n23m0164.hpc.itc.rwth-aachen.de",28,"28","uds",59,"n23m0164.hpc.itc.rwth-aachen.de",59,"59","uds",unix,64,4194304,10,50,82.213,33.52,52.3917,52.4595,74.507,1.51805,1.51143
28,"n23m0164.hpc.itc.rwth-aachen.de",28,"28","uds",60,"n23m0164.hpc.itc.rwth-aachen.de",60,"60","uds",unix,64,4194304,10,50,96.961,32.954,54.3185,52.0475,79.111,1.49845,1.4493
28,"n23m0164.hpc.itc.rwth-aachen.de",28,"28","uds",61,"n23m0164.hpc.itc.rwth-aachen.de",61,"61","uds",unix,64,4194304,10,50,529.259,31.135,80.6467,55.53,1337.89,2.25866,2.16976
28,"n23m0164.hpc.itc.rwth-aachen.de",28,"28","uds",62,"n23m0164.hpc.itc.rwth-aachen.de",62,"62","uds",unix,64,4194304,10,50,84.433,26.207,44.0749,42.8555,65.91,1.50665,1.50797
28,"n23m0164.hpc.itc.rwth-aachen.de",28,"28","uds",63,"n23m0164.hpc.itc.rwth-aachen.de",63,"63","uds",unix,64,4194304,10,50,94.856,36.299,55.3418,56.271,90.495,1.52039,1.51986
28,"n23m0164.hpc.itc.rwth-aachen.de",28,"28","uds",64,"n23m0164.hpc.itc.rwth-aachen.de",64,"64","uds",unix,64,4194304,10,50,85.291,31.152,53.0147,52.548,71.935,1.51983,1.52849
28,"n23m0164.hpc.itc.rwth-aachen.de",28,"28","uds",65,"n23m0164.hpc.itc.rwth-aachen.de",65,"65","uds",unix,64,4194304,10,50,78.656,27.139,49.2926,48.2805,93.272,2.02683,2.0219
28,"n23m0164.hpc.itc.rwth-aachen.de",28,"28","uds",66,"n23m0164.hpc.itc.rwth-aachen.de",66,"66","uds",unix,64,4194304,10,50,92.135,28.788,54.4405,55.2045,82.993,1.50384,1.50475
28,"n23m0164.hpc.itc.rwth-aachen.de",28,"28","uds",67,"n23m0164.hpc.itc.rwth-aachen.de",67,"67","uds",unix,64,4194304,10,50,89.251,30.232,52.1874,52.3065,72.422,1.52204,1.52215
28,"n23m0164.hpc.itc.rwth-aachen.de",28,"28","uds",68,"n23m0164.hpc.itc.rwth-aachen.de",68,"68","uds",unix,64,4194304,10,50,80.558,28.1,53.8992,55.2015,74.648,1.51388,1.5164
28,"n23m0164.hpc.itc.rwth-aachen.de",28,"28","uds",69,"n23m0164.hpc.itc.rwth-aachen.de",69,"69","uds",unix,64,4194304,10,50,92.24,28.762,53.9749,51.608,90.108,2.01989,2.03272
28,"n23m0164.hpc.itc.rwth-aachen.de",28,"28","uds",70,"n23m0164.hpc.itc.rwth-aachen.de",70,"70","uds",unix,64,4194304,10,50,83.975,29.89,54.8409,54.9545,81.993,1.5041,1.50343
28,"n23m0164.hpc.itc.rwth-aachen.de",28,"28","uds",71,"n23m0164.hpc.itc.rwth-aachen.de",71,"71","uds",unix,64,4194304,10,50,87.225,29.194,53.4817,55.115,77.926,1.52261,1.52035
28,"n23m0164.hpc.itc.rwth-aachen.de",28,"28","uds",72,"n23m0164.hpc.itc.rwth-aachen.de",72,"72","uds",unix,64,4194304,10,50,78.189,30.069,51.77,50.626,80.209,1.50818,1.5151
28,"n23m0164.hpc.itc.rwth-aachen.de",28,"28","uds",73,"n23m0164.hpc.itc.rwth-aachen.de",73,"73","uds",unix,64,4194304,10,50,72.486,28.541,49.604,50.701,70.823,1.91825,1.95651
28,"n23m0164.hpc.itc.rwth-aachen.de",28,"28","uds",74,"n23m0164.hpc.itc.rwth-aachen.de",74,"74","uds",unix,64,4194304,10,50,83.426,29.789,53.1611,52.869,75.829,1.49308,1.49353
28,"n23m0164.hpc.itc.rwth-aachen.de",28,"28","uds",75,"n23m0164.hpc.itc.rwth-aachen.de",75,"75","uds",unix,64,4194304,10,50,102.444,29.43,51.5795,51.029,91.481,1.5146,1.51534
28,"n23m0164.hpc.itc.rwth-aachen.de",28,"28","uds",76,"n23m0164.hpc.itc.rwth-aachen.de",76,"76","uds",unix,64,4194304,10,50,82.185,30.777,51.7212,50.4565,78.827,1.51868,1.53524
28,"n23m0164.hpc.itc.rwth-aachen.de",28,"28","uds",77,"n23m0164.hpc.itc.rwth-aachen.de",77,"77","uds",unix,64,4194304,10,50,75.657,31.564,47.0508,46.389,79.493,2.03603,2.02123
28,"n23m0164.hpc.itc.rwth-aachen.de",28,"28","uds",78,"n23m0164.hpc.itc.rwth-aachen.de",78,"78","uds",unix,64,4194304,10,50,89.893,27.177,51.8739,51.9135,80.232,1.52687,1.52669
28,"n23m0164.hpc.itc.rwth-aachen.de",28,"28","uds",79,"n23m0164.hpc.itc.rwth-aachen.de",79,"79","uds",unix,64,4194304,10,50,100.699,30.815,52.6629,53.386,81.272,1.54265,1.54062
28,"n23m0164.hpc.itc.rwth-aachen.de",28,"28","uds",80,"n23m0164.hpc.itc.rwth-aachen.de",80,"80","uds",unix,64,4194304,10,50,79.566,27.952,52.8966,53.85,76.763,1.52029,1.58761
28,"n23m0164.hpc.itc.rwth-aachen.de",28,"28","uds",81,"n23m0164.hpc.itc.rwth-aachen.de",81,"81","uds",unix,64,4194304,10,50,65.238,29.879,44.6605,45.085,69.053,1.55495,1.79744
28,"n23m0164.hpc.itc.rwth-aachen.de",28,"28","uds",82,"n23m0164.hpc.itc.rwth-aachen.de",82,"82","uds",unix,64,4194304,10,50,81.519,30.642,52.0513,52.213,72.078,1.52946,1.52773
28,"n23m0164.hpc.itc.rwth-aachen.de",28,"28","uds",83,"n23m0164.hpc.itc.rwth-aachen.de",83,"83","uds",unix,64,4194304,10,50,77.344,28.887,52.804,53.1215,79.969,1.49864,1.49937
28,"n23m0164.hpc.itc.rwth-aachen.de",28,"28","uds",84,"n23m0164.hpc.itc.rwth-aachen.de",84,"84","uds",unix,64,4194304,10,50,85.899,33.934,52.4927,52.6405,75.364,1.52926,1.64411
28,"n23m0164.hpc.itc.rwth-aachen.de",28,"28","uds",85,"n23m0164.hpc.itc.rwth-aachen.de",85,"85","uds",unix,64,4194304,10,50,54.165,20.629,37.3565,37.7255,49.722,1.52991,1.69568
28,"n23m0164.hpc.itc.rwth-aachen.de",28,"28","uds",86,"n23m0164.hpc.itc.rwth-aachen.de",86,"86","uds",unix,64,4194304,10,50,83.356,28.369,52.0507,52.94,77.303,1.51866,1.51614
28,"n23m0164.hpc.itc.rwth-aachen.de",28,"28","uds",87,"n23m0164.hpc.itc.rwth-aachen.de",87,"87","uds",unix,64,4194304,10,50,84.223,28.863,51.6986,50.993,79.151,1.51194,1.51152
28,"n23m0164.hpc.itc.rwth-aachen.de",28,"28","uds",88,"n23m0164.hpc.itc.rwth-aachen.de",88,"88","uds",unix,64,4194304,10,50,88.169,30.866,51.1613,51.1705,70.933,1.58445,1.75981
28,"n23m0164.hpc.itc.rwth-aachen.de",28,"28","uds",89,"n23m0164.hpc.itc.rwth-aachen.de",89,"89","uds",unix,64,4194304,10,50,56.689,19.665,36.4001,37.403,49.344,1.50388,1.63614
28,"n23m0164.hpc.itc.rwth-aachen.de",28,"28","uds",90,"n23m0164.hpc.itc.rwth-aachen.de",90,"90","uds",unix,64,4194304,10,50,85.282,30.286,53.8427,54.49,75.133,1.52467,1.52814
28,"n23m0164.hpc.itc.rwth-aachen.de",28,"28","uds",91,"n23m0164.hpc.itc.rwth-aachen.de",91,"91","uds",unix,64,4194304,10,50,76.602,26.829,53.3863,54.7445,76.172,1.52622,1.52453
28,"n23m0164.hpc.itc.rwth-aachen.de",28,"28","uds",92,"n23m0164.hpc.itc.rwth-aachen.de",92,"92","uds",unix,64,4194304,10,50,79.933,30.144,52.4749,53.68,79.128,1.60624,1.77957
28,"n23m0164.hpc.itc.rwth-aachen.de",28,"28","uds",93,"n23m0164.hpc.itc.rwth-aachen.de",93,"93","uds",unix,64,4194304,10,50,54.863,26.966,36.1322,36.3655,47.22,1.52106,1.63523
28,"n23m0164.hpc.itc.rwth-aachen.de",28,"28","uds",94,"n23m0164.hpc.itc.rwth-aachen.de",94,"94","uds",unix,64,4194304,10,50,88.637,30.543,52.6122,51.954,95.357,1.51197,1.50972
28,"n23m0164.hpc.itc.rwth-aachen.de",28,"28","uds",95,"n23m0164.hpc.itc.rwth-aachen.de",95,"95","uds",unix,64,4194304,10,50,87.025,29.03,49.9892,49.967,77.137,1.51081,1.51169
29,"n23m0164.hpc.itc.rwth-aachen.de",29,"29","uds",30,"n23m0164.hpc.itc.rwth-aachen.de",30,"30","uds",unix,64,4194304,10,50,144.517,27.178,37.7549,36.472,69.059,3.4134,3.39151
29,"n23m0164.hpc.itc.rwth-aachen.de",29,"29","uds",31,"n23m0164.hpc.itc.rwth-aachen.de",31,"31","uds",unix,64,4194304,10,50,81.543,23.952,36.0844,35.4765,54.627,4.3137,4.34454
29,"n23m0164.hpc.itc.rwth-aachen.de",29,"29","uds",32,"n23m0164.hpc.itc.rwth-aachen.de",32,"32","uds",unix,64,4194304,10,50,70.321,24.069,32.2956,30.8415,63.849,4.99928,4.98382
29,"n23m0164.hpc.itc.rwth-aachen.de",29,"29","uds",33,"n23m0164.hpc.itc.rwth-aachen.de",33,"33","uds",unix,64,4194304,10,50,49.691,20.022,26.0106,25.5645,35.348,4.97503,4.98563
29,"n23m0164.hpc.itc.rwth-aachen.de",29,"29","uds",34,"n23m0164.hpc.itc.rwth-aachen.de",34,"34","uds",unix,64,4194304,10,50,62.856,24.253,28.6614,28.2455,37.749,3.62299,3.68119
29,"n23m0164.hpc.itc.rwth-aachen.de",29,"29","uds",35,"n23m0164.hpc.itc.rwth-aachen.de",35,"35","uds",unix,64,4194304,10,50,76.41,26.46,34.7283,34.149,46.82,4.54562,4.51665
29,"n23m0164.hpc.itc.rwth-aachen.de",29,"29","uds",36,"n23m0164.hpc.itc.rwth-aachen.de",36,"36","uds",unix,64,4194304,10,50,53.359,15.768,23.3871,23.121,33.253,5.06014,5.09253
29,"n23m0164.hpc.itc.rwth-aachen.de",29,"29","uds",37,"n23m0164.hpc.itc.rwth-aachen.de",37,"37","uds",unix,64,4194304,10,50,46.257,19.662,24.3167,24.028,35.545,4.25994,4.25457
29,"n23m0164.hpc.itc.rwth-aachen.de",29,"29","uds",38,"n23m0164.hpc.itc.rwth-aachen.de",38,"38","uds",unix,64,4194304,10,50,57.696,24.83,28.3471,28.0795,38.817,4.80704,4.74675
29,"n23m0164.hpc.itc.rwth-aachen.de",29,"29","uds",39,"n23m0164.hpc.itc.rwth-aachen.de",39,"39","uds",unix,64,4194304,10,50,43.633,18.48,22.3293,22.169,28.136,5.1238,5.12127
29,"n23m0164.hpc.itc.rwth-aachen.de",29,"29","uds",40,"n23m0164.hpc.itc.rwth-aachen.de",40,"40","uds",unix,64,4194304,10,50,45.803,21.139,25.2644,24.9795,33.609,3.83673,3.84643
29,"n23m0164.hpc.itc.rwth-aachen.de",29,"29","uds",41,"n23m0164.hpc.itc.rwth-aachen.de",41,"41","uds",unix,64,4194304,10,50,64.4,22.143,30.0241,29.6875,44.155,4.53955,4.54761
29,"n23m0164.hpc.itc.rwth-aachen.de",29,"29","uds",42,"n23m0164.hpc.itc.rwth-aachen.de",42,"42","uds",unix,64,4194304,10,50,48.117,18.578,22.9685,22.9385,31.85,4.99835,4.99328
29,"n23m0164.hpc.itc.rwth-aachen.de",29,"29","uds",43,"n23m0164.hpc.itc.rwth-aachen.de",43,"43","uds",unix,64,4194304,10,50,47.7,19.678,25.0067,24.4315,38.709,4.00496,4.02062
29,"n23m0164.hpc.itc.rwth-aachen.de",29,"29","uds",44,"n23m0164.hpc.itc.rwth-aachen.de",44,"44","uds",unix,64,4194304,10,50,57.508,22.78,29.6503,28.7785,44.319,3.31314,3.34957
29,"n23m0164.hpc.itc.rwth-aachen.de",29,"29","uds",45,"n23m0164.hpc.itc.rwth-aachen.de",45,"45","uds",unix,64,4194304,10,50,62.02,23.646,29.2718,29.3075,37.208,4.33861,4.3357
29,"n23m0164.hpc.itc.rwth-aachen.de",29,"29","uds",46,"n23m0164.hpc.itc.rwth-aachen.de",46,"46","uds",unix,64,4194304,10,50,52.463,21.149,26.1585,26.0375,34.693,3.68425,3.7655
29,"n23m0164.hpc.itc.rwth-aachen.de",29,"29","uds",47,"n23m0164.hpc.itc.rwth-aachen.de",47,"47","uds",unix,64,4194304,10,50,63.035,23.124,28.7545,28.4335,35.81,4.60102,4.55482
29,"n23m0164.hpc.itc.rwth-aachen.de",29,"29","uds",48,"n23m0164.hpc.itc.rwth-aachen.de",48,"48","uds",unix,64,4194304,10,50,58.008,26.197,37.1299,37.1405,47.611,1.49052,1.72978
29,"n23m0164.hpc.itc.rwth-aachen.de",29,"29","uds",49,"n23m0164.hpc.itc.rwth-aachen.de",49,"49","uds",unix,64,4194304,10,50,88.789,30.052,52.6587,53.843,86.252,1.49477,1.5174
29,"n23m0164.hpc.itc.rwth-aachen.de",29,"29","uds",50,"n23m0164.hpc.itc.rwth-aachen.de",50,"50","uds",unix,64,4194304,10,50,71.956,25.95,47.7895,48.6285,66.885,1.95761,1.96518
29,"n23m0164.hpc.itc.rwth-aachen.de",29,"29","uds",51,"n23m0164.hpc.itc.rwth-aachen.de",51,"51","uds",unix,64,4194304,10,50,84.782,31.958,53.546,54.2285,81.675,1.51229,1.51083
29,"n23m0164.hpc.itc.rwth-aachen.de",29,"29","uds",52,"n23m0164.hpc.itc.rwth-aachen.de",52,"52","uds",unix,64,4194304,10,50,96.212,30.221,52.6125,49.806,86.351,1.4851,1.48419
29,"n23m0164.hpc.itc.rwth-aachen.de",29,"29","uds",53,"n23m0164.hpc.itc.rwth-aachen.de",53,"53","uds",unix,64,4194304,10,50,80.746,28.86,52.7373,51.0455,76.412,1.52069,1.55363
29,"n23m0164.hpc.itc.rwth-aachen.de",29,"29","uds",54,"n23m0164.hpc.itc.rwth-aachen.de",54,"54","uds",unix,64,4194304,10,50,75.203,28.034,47.9781,47.532,66.621,1.83409,1.91018
29,"n23m0164.hpc.itc.rwth-aachen.de",29,"29","uds",55,"n23m0164.hpc.itc.rwth-aachen.de",55,"55","uds",unix,64,4194304,10,50,123.214,29.796,53.8937,52.8975,84.462,1.48943,1.49226
29,"n23m0164.hpc.itc.rwth-aachen.de",29,"29","uds",56,"n23m0164.hpc.itc.rwth-aachen.de",56,"56","uds",unix,64,4194304,10,50,86.199,29.842,52.1063,52.567,71.072,1.52556,1.52402
29,"n23m0164.hpc.itc.rwth-aachen.de",29,"29","uds",57,"n23m0164.hpc.itc.rwth-aachen.de",57,"57","uds",unix,64,4194304,10,50,84.734,35.719,53.8195,53.9115,73.3,1.50045,1.63478
29,"n23m0164.hpc.itc.rwth-aachen.de",29,"29","uds",58,"n23m0164.hpc.itc.rwth-aachen.de",58,"58","uds",unix,64,4194304,10,50,57.619,21.326,35.9564,36.2895,49.629,1.51745,1.71952
29,"n23m0164.hpc.itc.rwth-aachen.de",29,"29","uds",59,"n23m0164.hpc.itc.rwth-aachen.de",59,"59","uds",unix,64,4194304,10,50,86.827,30.818,52.5454,51.3695,76.379,1.51227,1.51403
29,"n23m0164.hpc.itc.rwth-aachen.de",29,"29","uds",60,"n23m0164.hpc.itc.rwth-aachen.de",60,"60","uds",unix,64,4194304,10,50,117.249,29.427,52.8604,52.6205,90.796,1.49752,1.49078
29,"n23m0164.hpc.itc.rwth-aachen.de",29,"29","uds",61,"n23m0164.hpc.itc.rwth-aachen.de",61,"61","uds",unix,64,4194304,10,50,93.706,32.198,53.131,54.542,69.709,1.76595,1.92867
29,"n23m0164.hpc.itc.rwth-aachen.de",29,"29","uds",62,"n23m0164.hpc.itc.rwth-aachen.de",62,"62","uds",unix,64,4194304,10,50,61.02,29.346,39.6501,38.6745,65.318,1.51134,1.54201
29,"n23m0164.hpc.itc.rwth-aachen.de",29,"29","uds",63,"n23m0164.hpc.itc.rwth-aachen.de",63,"63","uds",unix,64,4194304,10,50,86.524,34.991,54.155,53.405,77.822,1.50141,1.50127
29,"n23m0164.hpc.itc.rwth-aachen.de",29,"29","uds",64,"n23m0164.hpc.itc.rwth-aachen.de",64,"64","uds",unix,64,4194304,10,50,94.772,28.783,52.3301,51.4905,88.229,1.51028,1.51021
29,"n23m0164.hpc.itc.rwth-aachen.de",29,"29","uds",65,"n23m0164.hpc.itc.rwth-aachen.de",65,"65","uds",unix,64,4194304,10,50,84.922,32.146,52.5298,52.3935,82.823,1.84192,1.99939
29,"n23m0164.hpc.itc.rwth-aachen.de",29,"29","uds",66,"n23m0164.hpc.itc.rwth-aachen.de",66,"66","uds",unix,64,4194304,10,50,62.667,29.518,42.1282,41.338,60.01,1.50363,1.50212
29,"n23m0164.hpc.itc.rwth-aachen.de",29,"29","uds",67,"n23m0164.hpc.itc.rwth-aachen.de",67,"67","uds",unix,64,4194304,10,50,88.613,28.237,53.2288,52.9895,87.639,1.51826,1.51833
29,"n23m0164.hpc.itc.rwth-aachen.de",29,"29","uds",68,"n23m0164.hpc.itc.rwth-aachen.de",68,"68","uds",unix,64,4194304,10,50,83.201,32.245,53.8047,53.9945,91.611,1.51721,1.51843
29,"n23m0164.hpc.itc.rwth-aachen.de",29,"29","uds",69,"n23m0164.hpc.itc.rwth-aachen.de",69,"69","uds",unix,64,4194304,10,50,83.601,31.171,54.29,56.885,73.142,2.02781,2.05089
29,"n23m0164.hpc.itc.rwth-aachen.de",29,"29","uds",70,"n23m0164.hpc.itc.rwth-aachen.de",70,"70","uds",unix,64,4194304,10,50,80.524,31.78,54.8902,53.9185,122.213,1.47995,1.4799
29,"n23m0164.hpc.itc.rwth-aachen.de",29,"29","uds",71,"n23m0164.hpc.itc.rwth-aachen.de",71,"71","uds",unix,64,4194304,10,50,80.003,28.011,54.0544,52.6555,74.961,1.49353,1.49552
29,"n23m0164.hpc.itc.rwth-aachen.de",29,"29","uds",72,"n23m0164.hpc.itc.rwth-aachen.de",72,"72","uds",unix,64,4194304,10,50,81.444,32.854,51.9346,52.4735,87.639,1.51338,1.54414
29,"n23m0164.hpc.itc.rwth-aachen.de",29,"29","uds",73,"n23m0164.hpc.itc.rwth-aachen.de",73,"73","uds",unix,64,4194304,10,50,69.433,25.68,45.3201,44.082,61.325,1.88356,1.93728
29,"n23m0164.hpc.itc.rwth-aachen.de",29,"29","uds",74,"n23m0164.hpc.itc.rwth-aachen.de",74,"74","uds",unix,64,4194304,10,50,82.986,30.729,53.1503,52.8885,77.234,1.47939,1.48024
29,"n23m0164.hpc.itc.rwth-aachen.de",29,"29","uds",75,"n23m0164.hpc.itc.rwth-aachen.de",75,"75","uds",unix,64,4194304,10,50,87.763,26.775,52.1677,51.3865,96.708,1.50789,1.50969
29,"n23m0164.hpc.itc.rwth-aachen.de",29,"29","uds",76,"n23m0164.hpc.itc.rwth-aachen.de",76,"76","uds",unix,64,4194304,10,50,83.156,29.777,51.4912,50.281,77.994,1.52178,1.64067
29,"n23m0164.hpc.itc.rwth-aachen.de",29,"29","uds",77,"n23m0164.hpc.itc.rwth-aachen.de",77,"77","uds",unix,64,4194304,10,50,51.444,22.793,36.5248,36.935,58.839,1.51589,1.71759
29,"n23m0164.hpc.itc.rwth-aachen.de",29,"29","uds",78,"n23m0164.hpc.itc.rwth-aachen.de",78,"78","uds",unix,64,4194304,10,50,95.214,31.912,52.5392,51.907,76.785,1.52864,1.52721
29,"n23m0164.hpc.itc.rwth-aachen.de",29,"29","uds",79,"n23m0164.hpc.itc.rwth-aachen.de",79,"79","uds",unix,64,4194304,10,50,81.453,34.62,52.676,53.5725,79.076,1.53594,1.53575
29,"n23m0164.hpc.itc.rwth-aachen.de",29,"29","uds",80,"n23m0164.hpc.itc.rwth-aachen.de",80,"80","uds",unix,64,4194304,10,50,76.941,32.528,52.4539,51.4905,74.462,1.64702,1.80333
29,"n23m0164.hpc.itc.rwth-aachen.de",29,"29","uds",81,"n23m0164.hpc.itc.rwth-aachen.de",81,"81","uds",unix,64,4194304,10,50,51.752,22.161,36.7454,36.05,51.123,1.52967,1.60908
29,"n23m0164.hpc.itc.rwth-aachen.de",29,"29","uds",82,"n23m0164.hpc.itc.rwth-aachen.de",82,"82","uds",unix,64,4194304,10,50,89.058,28.54,53.0395,52.767,75.804,1.52829,1.52848
29,"n23m0164.hpc.itc.rwth-aachen.de",29,"29","uds",83,"n23m0164.hpc.itc.rwth-aachen.de",83,"83","uds",unix,64,4194304,10,50,73.848,27.598,50.3826,50.297,74.787,1.48368,1.48473
29,"n23m0164.hpc.itc.rwth-aachen.de",29,"29","uds",84,"n23m0164.hpc.itc.rwth-aachen.de",84,"84","uds",unix,64,4194304,10,50,102.306,28.69,52.526,52.4445,81.717,1.89866,2.01567
29,"n23m0164.hpc.itc.rwth-aachen.de",29,"29","uds",85,"n23m0164.hpc.itc.rwth-aachen.de",85,"85","uds",unix,64,4194304,10,50,75.745,24.764,42.266,42.1035,66.722,1.5089,1.50754
29,"n23m0164.hpc.itc.rwth-aachen.de",29,"29","uds",86,"n23m0164.hpc.itc.rwth-aachen.de",86,"86","uds",unix,64,4194304,10,50,85.56,29.78,51.3364,50.752,72.396,1.51262,1.51298
29,"n23m0164.hpc.itc.rwth-aachen.de",29,"29","uds",87,"n23m0164.hpc.itc.rwth-aachen.de",87,"87","uds",unix,64,4194304,10,50,90.524,29.14,53.2322,52.481,82.046,1.50768,1.50644
29,"n23m0164.hpc.itc.rwth-aachen.de",29,"29","uds",88,"n23m0164.hpc.itc.rwth-aachen.de",88,"88","uds",unix,64,4194304,10,50,103.346,28.672,52.6751,52.0745,100.663,1.85123,1.94531
29,"n23m0164.hpc.itc.rwth-aachen.de",29,"29","uds",89,"n23m0164.hpc.itc.rwth-aachen.de",89,"89","uds",unix,64,4194304,10,50,67.495,27.264,46.0471,45.2905,70.274,1.49416,1.49564
29,"n23m0164.hpc.itc.rwth-aachen.de",29,"29","uds",90,"n23m0164.hpc.itc.rwth-aachen.de",90,"90","uds",unix,64,4194304,10,50,82.026,31.699,51.998,51.031,69.057,1.51653,1.51741
29,"n23m0164.hpc.itc.rwth-aachen.de",29,"29","uds",91,"n23m0164.hpc.itc.rwth-aachen.de",91,"91","uds",unix,64,4194304,10,50,71.241,29.333,52.299,54.03,71.692,1.52802,1.58548
29,"n23m0164.hpc.itc.rwth-aachen.de",29,"29","uds",92,"n23m0164.hpc.itc.rwth-aachen.de",92,"92","uds",unix,64,4194304,10,50,65.44,24.727,44.6685,45.021,74.843,1.5233,1.68913
29,"n23m0164.hpc.itc.rwth-aachen.de",29,"29","uds",93,"n23m0164.hpc.itc.rwth-aachen.de",93,"93","uds",unix,64,4194304,10,50,97.778,27.011,51.4961,47.8495,79.84,1.5083,1.50583
29,"n23m0164.hpc.itc.rwth-aachen.de",29,"29","uds",94,"n23m0164.hpc.itc.rwth-aachen.de",94,"94","uds",unix,64,4194304,10,50,77.52,27.182,54.604,54.793,77.842,1.50502,1.50371
29,"n23m0164.hpc.itc.rwth-aachen.de",29,"29","uds",95,"n23m0164.hpc.itc.rwth-aachen.de",95,"95","uds",unix,64,4194304,10,50,77.283,33.437,52.6069,51.026,77.488,1.78642,1.94891
30,"n23m0164.hpc.itc.rwth-aachen.de",30,"30","uds",31,"n23m0164.hpc.itc.rwth-aachen.de",31,"31","uds",unix,64,4194304,10,50,105.484,21.62,28.0161,27.43,50.816,4.40575,4.38899
30,"n23m0164.hpc.itc.rwth-aachen.de",30,"30","uds",32,"n23m0164.hpc.itc.rwth-aachen.de",32,"32","uds",unix,64,4194304,10,50,61.421,19.528,28.8142,28.8975,38.495,5.13045,5.07077
30,"n23m0164.hpc.itc.rwth-aachen.de",30,"30","uds",33,"n23m0164.hpc.itc.rwth-aachen.de",33,"33","uds",unix,64,4194304,10,50,52.254,21.9,26.8732,26.794,40.973,4.98765,5.00334
30,"n23m0164.hpc.itc.rwth-aachen.de",30,"30","uds",34,"n23m0164.hpc.itc.rwth-aachen.de",34,"34","uds",unix,64,4194304,10,50,51.251,21.724,27.2261,26.925,36.946,5.105,5.07286
30,"n23m0164.hpc.itc.rwth-aachen.de",30,"30","uds",35,"n23m0164.hpc.itc.rwth-aachen.de",35,"35","uds",unix,64,4194304,10,50,51.54,23.228,27.4142,27.4385,37.249,5.34285,5.35736
30,"n23m0164.hpc.itc.rwth-aachen.de",30,"30","uds",36,"n23m0164.hpc.itc.rwth-aachen.de",36,"36","uds",unix,64,4194304,10,50,56.08,17.463,23.0557,22.479,36.276,5.36715,5.37112
30,"n23m0164.hpc.itc.rwth-aachen.de",30,"30","uds",37,"n23m0164.hpc.itc.rwth-aachen.de",37,"37","uds",unix,64,4194304,10,50,45.615,19.687,23.3487,22.9405,30.372,5.36097,5.34699
30,"n23m0164.hpc.itc.rwth-aachen.de",30,"30","uds",38,"n23m0164.hpc.itc.rwth-aachen.de",38,"38","uds",unix,64,4194304,10,50,42.284,19.133,23.2729,23.1505,28.408,5.64506,5.59233
30,"n23m0164.hpc.itc.rwth-aachen.de",30,"30","uds",39,"n23m0164.hpc.itc.rwth-aachen.de",39,"39","uds",unix,64,4194304,10,50,36.492,16.646,21.6829,21.2385,34.943,5.40674,5.39377
30,"n23m0164.hpc.itc.rwth-aachen.de",30,"30","uds",40,"n23m0164.hpc.itc.rwth-aachen.de",40,"40","uds",unix,64,4194304,10,50,47.547,19.621,24.6692,24.4945,35.558,4.83076,4.83262
30,"n23m0164.hpc.itc.rwth-aachen.de",30,"30","uds",41,"n23m0164.hpc.itc.rwth-aachen.de",41,"41","uds",unix,64,4194304,10,50,59.337,17.93,24.3719,23.5845,38.545,5.45724,5.37331
30,"n23m0164.hpc.itc.rwth-aachen.de",30,"30","uds",42,"n23m0164.hpc.itc.rwth-aachen.de",42,"42","uds",unix,64,4194304,10,50,44.067,14.162,22.1698,21.97,33.443,5.37243,5.38072
30,"n23m0164.hpc.itc.rwth-aachen.de",30,"30","uds",43,"n23m0164.hpc.itc.rwth-aachen.de",43,"43","uds",unix,64,4194304,10,50,43.049,20.453,22.463,22.3915,25.172,5.40623,5.4005
30,"n23m0164.hpc.itc.rwth-aachen.de",30,"30","uds",44,"n23m0164.hpc.itc.rwth-aachen.de",44,"44","uds",unix,64,4194304,10,50,42.675,19.439,23.313,23.0675,26.489,5.05059,5.04639
30,"n23m0164.hpc.itc.rwth-aachen.de",30,"30","uds",45,"n23m0164.hpc.itc.rwth-aachen.de",45,"45","uds",unix,64,4194304,10,50,41.102,20.062,22.9553,22.502,32.142,5.19912,5.19843
30,"n23m0164.hpc.itc.rwth-aachen.de",30,"30","uds",46,"n23m0164.hpc.itc.rwth-aachen.de",46,"46","uds",unix,64,4194304,10,50,46.16,20.815,24.0687,23.5595,37.641,5.07304,5.08068
30,"n23m0164.hpc.itc.rwth-aachen.de",30,"30","uds",47,"n23m0164.hpc.itc.rwth-aachen.de",47,"47","uds",unix,64,4194304,10,50,46.62,19.454,23.6166,23.038,32.447,5.4579,5.41063
30,"n23m0164.hpc.itc.rwth-aachen.de",30,"30","uds",48,"n23m0164.hpc.itc.rwth-aachen.de",48,"48","uds",unix,64,4194304,10,50,50.36,27.307,35.0321,35.1835,44.218,1.67445,1.83855
30,"n23m0164.hpc.itc.rwth-aachen.de",30,"30","uds",49,"n23m0164.hpc.itc.rwth-aachen.de",49,"49","uds",unix,64,4194304,10,50,78.486,28.975,53.2612,53.666,67.45,1.5097,1.52507
30,"n23m0164.hpc.itc.rwth-aachen.de",30,"30","uds",50,"n23m0164.hpc.itc.rwth-aachen.de",50,"50","uds",unix,64,4194304,10,50,73.148,27.601,48.252,48.018,67.914,2.21414,2.09452
30,"n23m0164.hpc.itc.rwth-aachen.de",30,"30","uds",51,"n23m0164.hpc.itc.rwth-aachen.de",51,"51","uds",unix,64,4194304,10,50,84.606,28.694,54.1783,54.038,84.981,1.50231,1.50141
30,"n23m0164.hpc.itc.rwth-aachen.de",30,"30","uds",52,"n23m0164.hpc.itc.rwth-aachen.de",52,"52","uds",unix,64,4194304,10,50,94.781,31.421,53.2417,51.946,78.178,1.4921,1.49062
30,"n23m0164.hpc.itc.rwth-aachen.de",30,"30","uds",53,"n23m0164.hpc.itc.rwth-aachen.de",53,"53","uds",unix,64,4194304,10,50,79.875,27.652,51.7659,50.4005,80.176,2.02513,2.02261
30,"n23m0164.hpc.itc.rwth-aachen.de",30,"30","uds",54,"n23m0164.hpc.itc.rwth-aachen.de",54,"54","uds",unix,64,4194304,10,50,59.167,23.92,43.545,44.368,61.737,1.48345,1.48012
30,"n23m0164.hpc.itc.rwth-aachen.de",30,"30","uds",55,"n23m0164.hpc.itc.rwth-aachen.de",55,"55","uds",unix,64,4194304,10,50,138.193,28.548,53.2437,52.195,112.651,1.49739,1.49663
30,"n23m0164.hpc.itc.rwth-aachen.de",30,"30","uds",56,"n23m0164.hpc.itc.rwth-aachen.de",56,"56","uds",unix,64,4194304,10,50,111.957,28.078,50.8399,50.832,79.468,1.52306,1.52222
30,"n23m0164.hpc.itc.rwth-aachen.de",30,"30","uds",57,"n23m0164.hpc.itc.rwth-aachen.de",57,"57","uds",unix,64,4194304,10,50,79.73,28.948,71.0166,50.981,970.265,1.70118,1.86725
30,"n23m0164.hpc.itc.rwth-aachen.de",30,"30","uds",58,"n23m0164.hpc.itc.rwth-aachen.de",58,"58","uds",unix,64,4194304,10,50,60.009,27.519,38.9968,38.8465,50.158,1.51755,1.55168
30,"n23m0164.hpc.itc.rwth-aachen.de",30,"30","uds",59,"n23m0164.hpc.itc.rwth-aachen.de",59,"59","uds",unix,64,4194304,10,50,77.699,27.989,50.5531,50.048,74.325,1.5114,1.51122
30,"n23m0164.hpc.itc.rwth-aachen.de",30,"30","uds",60,"n23m0164.hpc.itc.rwth-aachen.de",60,"60","uds",unix,64,4194304,10,50,90.995,33.784,52.7743,53.266,76.439,1.51641,1.51595
30,"n23m0164.hpc.itc.rwth-aachen.de",30,"30","uds",61,"n23m0164.hpc.itc.rwth-aachen.de",61,"61","uds",unix,64,4194304,10,50,78.968,29.279,53.5463,52.955,84.369,1.53884,1.66418
30,"n23m0164.hpc.itc.rwth-aachen.de",30,"30","uds",62,"n23m0164.hpc.itc.rwth-aachen.de",62,"62","uds",unix,64,4194304,10,50,54.388,22.306,36.7849,37.205,49.73,1.52573,1.62026
30,"n23m0164.hpc.itc.rwth-aachen.de",30,"30","uds",63,"n23m0164.hpc.itc.rwth-aachen.de",63,"63","uds",unix,64,4194304,10,50,89.742,30.156,53.2053,53.1315,77.825,1.51694,1.51814
30,"n23m0164.hpc.itc.rwth-aachen.de",30,"30","uds",64,"n23m0164.hpc.itc.rwth-aachen.de",64,"64","uds",unix,64,4194304,10,50,78.652,28.445,51.0592,48.0675,78.913,1.51919,1.51841
30,"n23m0164.hpc.itc.rwth-aachen.de",30,"30","uds",65,"n23m0164.hpc.itc.rwth-aachen.de",65,"65","uds",unix,64,4194304,10,50,99.157,29.019,52.2429,52.083,85.044,1.94662,2.04095
30,"n23m0164.hpc.itc.rwth-aachen.de",30,"30","uds",66,"n23m0164.hpc.itc.rwth-aachen.de",66,"66","uds",unix,64,4194304,10,50,82.182,29.37,51.9388,52.123,73.967,1.51482,1.51451
30,"n23m0164.hpc.itc.rwth-aachen.de",30,"30","uds",67,"n23m0164.hpc.itc.rwth-aachen.de",67,"67","uds",unix,64,4194304,10,50,74.315,29.608,49.7141,48.1585,86.41,1.53383,1.53463
30,"n23m0164.hpc.itc.rwth-aachen.de",30,"30","uds",68,"n23m0164.hpc.itc.rwth-aachen.de",68,"68","uds",unix,64,4194304,10,50,78.963,29.493,52.5004,51.7195,74.113,1.53742,1.53709
30,"n23m0164.hpc.itc.rwth-aachen.de",30,"30","uds",69,"n23m0164.hpc.itc.rwth-aachen.de",69,"69","uds",unix,64,4194304,10,50,77.244,27.915,52.2075,51.6895,76.389,2.03501,2.07602
30,"n23m0164.hpc.itc.rwth-aachen.de",30,"30","uds",70,"n23m0164.hpc.itc.rwth-aachen.de",70,"70","uds",unix,64,4194304,10,50,77.632,31.6,51.8124,51.996,82.807,1.49759,1.50002
30,"n23m0164.hpc.itc.rwth-aachen.de",30,"30","uds",71,"n23m0164.hpc.itc.rwth-aachen.de",71,"71","uds",unix,64,4194304,10,50,84.24,32.141,51.7904,50.841,74.672,1.51744,1.51627
30,"n23m0164.hpc.itc.rwth-aachen.de",30,"30","uds",72,"n23m0164.hpc.itc.rwth-aachen.de",72,"72","uds",unix,64,4194304,10,50,761.923,28.915,50.6748,50.697,80.447,1.52571,1.53057
30,"n23m0164.hpc.itc.rwth-aachen.de",30,"30","uds",73,"n23m0164.hpc.itc.rwth-aachen.de",73,"73","uds",unix,64,4194304,10,50,86.787,26.092,46.9873,46.2275,64.653,2.04447,2.03094
30,"n23m0164.hpc.itc.rwth-aachen.de",30,"30","uds",74,"n23m0164.hpc.itc.rwth-aachen.de",74,"74","uds",unix,64,4194304,10,50,83.102,28.82,49.5005,48.7055,83.895,1.50799,1.5068
30,"n23m0164.hpc.itc.rwth-aachen.de",30,"30","uds",75,"n23m0164.hpc.itc.rwth-aachen.de",75,"75","uds",unix,64,4194304,10,50,85.895,31.092,50.1313,50.4335,71.563,1.52211,1.52084
30,"n23m0164.hpc.itc.rwth-aachen.de",30,"30","uds",76,"n23m0164.hpc.itc.rwth-aachen.de",76,"76","uds",unix,64,4194304,10,50,74.997,27.376,50.743,49.296,74.139,1.54388,1.59134
30,"n23m0164.hpc.itc.rwth-aachen.de",30,"30","uds",77,"n23m0164.hpc.itc.rwth-aachen.de",77,"77","uds",unix,64,4194304,10,50,63.145,25.004,43.758,43.7495,62.649,1.70408,1.87649
30,"n23m0164.hpc.itc.rwth-aachen.de",30,"30","uds",78,"n23m0164.hpc.itc.rwth-aachen.de",78,"78","uds",unix,64,4194304,10,50,75.15,30.63,53.3477,52.4525,81.614,1.53747,1.53963
30,"n23m0164.hpc.itc.rwth-aachen.de",30,"30","uds",79,"n23m0164.hpc.itc.rwth-aachen.de",79,"79","uds",unix,64,4194304,10,50,84.662,29.719,50.4323,50.8265,81.932,1.53792,1.53926
30,"n23m0164.hpc.itc.rwth-aachen.de",30,"30","uds",80,"n23m0164.hpc.itc.rwth-aachen.de",80,"80","uds",unix,64,4194304,10,50,77.439,27.515,51.172,51.913,74.019,1.52547,1.56456
30,"n23m0164.hpc.itc.rwth-aachen.de",30,"30","uds",81,"n23m0164.hpc.itc.rwth-aachen.de",81,"81","uds",unix,64,4194304,10,50,62.619,25.399,44.9117,45.352,63.533,1.84073,1.9385
30,"n23m0164.hpc.itc.rwth-aachen.de",30,"30","uds",82,"n23m0164.hpc.itc.rwth-aachen.de",82,"82","uds",unix,64,4194304,10,50,78.803,28.088,50.2858,49.784,73.859,1.5319,1.5338
30,"n23m0164.hpc.itc.rwth-aachen.de",30,"30","uds",83,"n23m0164.hpc.itc.rwth-aachen.de",83,"83","uds",unix,64,4194304,10,50,69.74,32.868,51.4908,49.9025,87.242,1.49669,1.49875
30,"n23m0164.hpc.itc.rwth-aachen.de",30,"30","uds",84,"n23m0164.hpc.itc.rwth-aachen.de",84,"84","uds",unix,64,4194304,10,50,106.765,31.502,51.6413,51.7215,72.825,1.51475,1.57738
30,"n23m0164.hpc.itc.rwth-aachen.de",30,"30","uds",85,"n23m0164.hpc.itc.rwth-aachen.de",85,"85","uds",unix,64,4194304,10,50,57.666,28.528,45.5657,44.5705,69.949,1.54628,1.77895
30,"n23m0164.hpc.itc.rwth-aachen.de",30,"30","uds",86,"n23m0164.hpc.itc.rwth-aachen.de",86,"86","uds",unix,64,4194304,10,50,75.554,26.804,50.6301,49.801,76.628,1.51807,1.51748
30,"n23m0164.hpc.itc.rwth-aachen.de",30,"30","uds",87,"n23m0164.hpc.itc.rwth-aachen.de",87,"87","uds",unix,64,4194304,10,50,80.32,30.358,51.68,51.757,76.79,1.5222,1.52178
30,"n23m0164.hpc.itc.rwth-aachen.de",30,"30","uds",88,"n23m0164.hpc.itc.rwth-aachen.de",88,"88","uds",unix,64,4194304,10,50,84.425,27.728,50.3,49.806,79.918,1.52168,1.58575
30,"n23m0164.hpc.itc.rwth-aachen.de",30,"30","uds",89,"n23m0164.hpc.itc.rwth-aachen.de",89,"89","uds",unix,64,4194304,10,50,67.674,24.573,43.3343,43.579,63.01,1.60672,1.81725
30,"n23m0164.hpc.itc.rwth-aachen.de",30,"30","uds",90,"n23m0164.hpc.itc.rwth-aachen.de",90,"90","uds",unix,64,4194304,10,50,74.994,28.704,50.649,49.2845,78.356,1.5435,1.54486
30,"n23m0164.hpc.itc.rwth-aachen.de",30,"30","uds",91,"n23m0164.hpc.itc.rwth-aachen.de",91,"91","uds",unix,64,4194304,10,50,76.625,26.798,50.5067,50.5585,70.59,1.52727,1.52848
30,"n23m0164.hpc.itc.rwth-aachen.de",30,"30","uds",92,"n23m0164.hpc.itc.rwth-aachen.de",92,"92","uds",unix,64,4194304,10,50,72.075,26.801,53.0459,51.955,84.311,1.53627,1.65224
30,"n23m0164.hpc.itc.rwth-aachen.de",30,"30","uds",93,"n23m0164.hpc.itc.rwth-aachen.de",93,"93","uds",unix,64,4194304,10,50,51.853,23.732,37.1847,37.151,55.379,1.53707,1.75395
30,"n23m0164.hpc.itc.rwth-aachen.de",30,"30","uds",94,"n23m0164.hpc.itc.rwth-aachen.de",94,"94","uds",unix,64,4194304,10,50,77.814,28.581,50.3121,50.127,86.088,1.51235,1.51215
30,"n23m0164.hpc.itc.rwth-aachen.de",30,"30","uds",95,"n23m0164.hpc.itc.rwth-aachen.de",95,"95","uds",unix,64,4194304,10,50,69.134,25.944,50.8649,51.8095,78.214,1.52695,1.5249
31,"n23m0164.hpc.itc.rwth-aachen.de",31,"31","uds",32,"n23m0164.hpc.itc.rwth-aachen.de",32,"32","uds",unix,64,4194304,10,50,144.313,27.597,37.4321,37.3765,49.361,4.4423,4.37991
31,"n23m0164.hpc.itc.rwth-aachen.de",31,"31","uds",33,"n23m0164.hpc.itc.rwth-aachen.de",33,"33","uds",unix,64,4194304,10,50,51.765,20.664,25.9068,25.5095,37.015,4.79336,4.82045
31,"n23m0164.hpc.itc.rwth-aachen.de",31,"31","uds",34,"n23m0164.hpc.itc.rwth-aachen.de",34,"34","uds",unix,64,4194304,10,50,52.311,23.065,27.3336,26.8575,33.798,4.46099,4.44507
31,"n23m0164.hpc.itc.rwth-aachen.de",31,"31","uds",35,"n23m0164.hpc.itc.rwth-aachen.de",35,"35","uds",unix,64,4194304,10,50,52.711,22.08,27.4645,27.816,34.102,4.80691,4.76196
31,"n23m0164.hpc.itc.rwth-aachen.de",31,"31","uds",36,"n23m0164.hpc.itc.rwth-aachen.de",36,"36","uds",unix,64,4194304,10,50,58.404,18.938,23.6337,23.3485,31.766,5.10401,5.11749
31,"n23m0164.hpc.itc.rwth-aachen.de",31,"31","uds",37,"n23m0164.hpc.itc.rwth-aachen.de",37,"37","uds",unix,64,4194304,10,50,49.606,19.437,23.2837,22.8345,31.833,4.47075,4.53942
31,"n23m0164.hpc.itc.rwth-aachen.de",31,"31","uds",38,"n23m0164.hpc.itc.rwth-aachen.de",38,"38","uds",unix,64,4194304,10,50,60.029,20.843,27.1944,26.536,37.612,4.94875,4.90271
31,"n23m0164.hpc.itc.rwth-aachen.de",31,"31","uds",39,"n23m0164.hpc.itc.rwth-aachen.de",39,"39","uds",unix,64,4194304,10,50,42.149,18.347,22.04,22.0725,27.205,5.17172,5.2182
31,"n23m0164.hpc.itc.rwth-aachen.de",31,"31","uds",40,"n23m0164.hpc.itc.rwth-aachen.de",40,"40","uds",unix,64,4194304,10,50,45.88,20.233,23.4034,23.2735,32.625,4.00373,4.11881
31,"n23m0164.hpc.itc.rwth-aachen.de",31,"31","uds",41,"n23m0164.hpc.itc.rwth-aachen.de",41,"41","uds",unix,64,4194304,10,50,53.892,22.738,27.4126,27.169,35.255,4.81148,4.76741
31,"n23m0164.hpc.itc.rwth-aachen.de",31,"31","uds",42,"n23m0164.hpc.itc.rwth-aachen.de",42,"42","uds",unix,64,4194304,10,50,44.289,17.886,22.5808,22.2115,30.176,5.20893,5.25263
31,"n23m0164.hpc.itc.rwth-aachen.de",31,"31","uds",43,"n23m0164.hpc.itc.rwth-aachen.de",43,"43","uds",unix,64,4194304,10,50,41.573,20.788,23.7249,23.3595,34.867,4.30827,4.37637
31,"n23m0164.hpc.itc.rwth-aachen.de",31,"31","uds",44,"n23m0164.hpc.itc.rwth-aachen.de",44,"44","uds",unix,64,4194304,10,50,51.976,17.337,27.805,27.3135,47.945,3.38772,3.47015
31,"n23m0164.hpc.itc.rwth-aachen.de",31,"31","uds",45,"n23m0164.hpc.itc.rwth-aachen.de",45,"45","uds",unix,64,4194304,10,50,60.063,22.868,28.7321,28.458,35.592,4.68858,4.57368
31,"n23m0164.hpc.itc.rwth-aachen.de",31,"31","uds",46,"n23m0164.hpc.itc.rwth-aachen.de",46,"46","uds",unix,64,4194304,10,50,45.145,19.439,24.414,24.024,34.357,3.93617,4.01243
31,"n23m0164.hpc.itc.rwth-aachen.de",31,"31","uds",47,"n23m0164.hpc.itc.rwth-aachen.de",47,"47","uds",unix,64,4194304,10,50,54.879,23.684,27.9289,27.659,31.837,4.67934,4.63985
31,"n23m0164.hpc.itc.rwth-aachen.de",31,"31","uds",48,"n23m0164.hpc.itc.rwth-aachen.de",48,"48","uds",unix,64,4194304,10,50,58.359,25.838,36.7366,36.765,51.374,1.49547,1.74234
31,"n23m0164.hpc.itc.rwth-aachen.de",31,"31","uds",49,"n23m0164.hpc.itc.rwth-aachen.de",49,"49","uds",unix,64,4194304,10,50,91.39,32.01,53.6701,53.5905,87.985,1.48593,1.51021
31,"n23m0164.hpc.itc.rwth-aachen.de",31,"31","uds",50,"n23m0164.hpc.itc.rwth-aachen.de",50,"50","uds",unix,64,4194304,10,50,71.19,26.689,47.2404,47.822,74.341,1.92198,1.95235
31,"n23m0164.hpc.itc.rwth-aachen.de",31,"31","uds",51,"n23m0164.hpc.itc.rwth-aachen.de",51,"51","uds",unix,64,4194304,10,50,93.416,33.702,53.3193,53.589,73.025,1.49206,1.48937
31,"n23m0164.hpc.itc.rwth-aachen.de",31,"31","uds",52,"n23m0164.hpc.itc.rwth-aachen.de",52,"52","uds",unix,64,4194304,10,50,109.411,25.903,53.9173,50.3825,98.019,1.49242,1.49279
31,"n23m0164.hpc.itc.rwth-aachen.de",31,"31","uds",53,"n23m0164.hpc.itc.rwth-aachen.de",53,"53","uds",unix,64,4194304,10,50,86.534,28.249,52.4217,52.429,80.777,1.64281,1.80654
31,"n23m0164.hpc.itc.rwth-aachen.de",31,"31","uds",54,"n23m0164.hpc.itc.rwth-aachen.de",54,"54","uds",unix,64,4194304,10,50,62.46,23.507,37.1632,36.2905,58.359,1.49854,1.58667
31,"n23m0164.hpc.itc.rwth-aachen.de",31,"31","uds",55,"n23m0164.hpc.itc.rwth-aachen.de",55,"55","uds",unix,64,4194304,10,50,76.649,28.044,52.9073,52.232,76.5,1.49999,1.49832
31,"n23m0164.hpc.itc.rwth-aachen.de",31,"31","uds",56,"n23m0164.hpc.itc.rwth-aachen.de",56,"56","uds",unix,64,4194304,10,50,78.657,31.276,52.7159,52.621,66.845,1.5118,1.51036
31,"n23m0164.hpc.itc.rwth-aachen.de",31,"31","uds",57,"n23m0164.hpc.itc.rwth-aachen.de",57,"57","uds",unix,64,4194304,10,50,77.886,34.233,53.0406,55.371,75.385,1.79526,1.95714
31,"n23m0164.hpc.itc.rwth-aachen.de",31,"31","uds",58,"n23m0164.hpc.itc.rwth-aachen.de",58,"58","uds",unix,64,4194304,10,50,54.353,28.135,40.2289,40.119,51.623,1.50452,1.5094
31,"n23m0164.hpc.itc.rwth-aachen.de",31,"31","uds",59,"n23m0164.hpc.itc.rwth-aachen.de",59,"59","uds",unix,64,4194304,10,50,73.172,31.12,52.7928,52.437,88.967,1.51089,1.51064
31,"n23m0164.hpc.itc.rwth-aachen.de",31,"31","uds",60,"n23m0164.hpc.itc.rwth-aachen.de",60,"60","uds",unix,64,4194304,10,50,92.198,30.78,53.2742,55.4615,74.011,1.50255,1.50083
31,"n23m0164.hpc.itc.rwth-aachen.de",31,"31","uds",61,"n23m0164.hpc.itc.rwth-aachen.de",61,"61","uds",unix,64,4194304,10,50,89.455,34.516,53.5129,53.6065,77.682,1.9786,2.04347
31,"n23m0164.hpc.itc.rwth-aachen.de",31,"31","uds",62,"n23m0164.hpc.itc.rwth-aachen.de",62,"62","uds",unix,64,4194304,10,50,70.026,29.76,46.6038,47.5715,67.866,1.50197,1.50196
31,"n23m0164.hpc.itc.rwth-aachen.de",31,"31","uds",63,"n23m0164.hpc.itc.rwth-aachen.de",63,"63","uds",unix,64,4194304,10,50,90.094,28.011,51.8571,51.2705,79.278,1.50497,1.50508
31,"n23m0164.hpc.itc.rwth-aachen.de",31,"31","uds",64,"n23m0164.hpc.itc.rwth-aachen.de",64,"64","uds",unix,64,4194304,10,50,81.026,28.166,52.5451,51.299,83.459,1.50981,1.51022
31,"n23m0164.hpc.itc.rwth-aachen.de",31,"31","uds",65,"n23m0164.hpc.itc.rwth-aachen.de",65,"65","uds",unix,64,4194304,10,50,72.911,31.659,51.5665,52.975,73.341,2.02062,2.03679
31,"n23m0164.hpc.itc.rwth-aachen.de",31,"31","uds",66,"n23m0164.hpc.itc.rwth-aachen.de",66,"66","uds",unix,64,4194304,10,50,83.205,30.754,54.0667,54.931,83.668,1.50801,1.50724
31,"n23m0164.hpc.itc.rwth-aachen.de",31,"31","uds",67,"n23m0164.hpc.itc.rwth-aachen.de",67,"67","uds",unix,64,4194304,10,50,76.746,29.424,51.7645,51.568,72.833,1.52398,1.52238
31,"n23m0164.hpc.itc.rwth-aachen.de",31,"31","uds",68,"n23m0164.hpc.itc.rwth-aachen.de",68,"68","uds",unix,64,4194304,10,50,72.662,29.995,54.0457,54.8365,84.434,1.51965,1.53893
31,"n23m0164.hpc.itc.rwth-aachen.de",31,"31","uds",69,"n23m0164.hpc.itc.rwth-aachen.de",69,"69","uds",unix,64,4194304,10,50,74.476,28.798,48.1896,46.9145,79.164,1.92801,1.94098
31,"n23m0164.hpc.itc.rwth-aachen.de",31,"31","uds",70,"n23m0164.hpc.itc.rwth-aachen.de",70,"70","uds",unix,64,4194304,10,50,81.017,29.407,52.6305,54.5735,76.864,1.48395,1.48483
31,"n23m0164.hpc.itc.rwth-aachen.de",31,"31","uds",71,"n23m0164.hpc.itc.rwth-aachen.de",71,"71","uds",unix,64,4194304,10,50,84.2,26.436,53.3452,54.34,69.029,1.50237,1.50272
31,"n23m0164.hpc.itc.rwth-aachen.de",31,"31","uds",72,"n23m0164.hpc.itc.rwth-aachen.de",72,"72","uds",unix,64,4194304,10,50,85.351,31.237,52.4297,53.132,73.713,1.51807,1.53878
31,"n23m0164.hpc.itc.rwth-aachen.de",31,"31","uds",73,"n23m0164.hpc.itc.rwth-aachen.de",73,"73","uds",unix,64,4194304,10,50,69.18,25.874,45.5186,44.3455,62.677,1.93014,1.95301
31,"n23m0164.hpc.itc.rwth-aachen.de",31,"31","uds",74,"n23m0164.hpc.itc.rwth-aachen.de",74,"74","uds",unix,64,4194304,10,50,81.58,26.254,52.1893,53.8465,77.177,1.48704,1.48532
31,"n23m0164.hpc.itc.rwth-aachen.de",31,"31","uds",75,"n23m0164.hpc.itc.rwth-aachen.de",75,"75","uds",unix,64,4194304,10,50,89.032,28.21,50.4421,50.59,87.09,1.51417,1.51371
31,"n23m0164.hpc.itc.rwth-aachen.de",31,"31","uds",76,"n23m0164.hpc.itc.rwth-aachen.de",76,"76","uds",unix,64,4194304,10,50,98.987,28.589,51.3465,50.616,79.111,1.52874,1.71262
31,"n23m0164.hpc.itc.rwth-aachen.de",31,"31","uds",77,"n23m0164.hpc.itc.rwth-aachen.de",77,"77","uds",unix,64,4194304,10,50,45.622,18.959,35.2063,35.3445,49.293,1.52734,1.67985
31,"n23m0164.hpc.itc.rwth-aachen.de",31,"31","uds",78,"n23m0164.hpc.itc.rwth-aachen.de",78,"78","uds",unix,64,4194304,10,50,77.036,29.618,50.7484,50.478,74.351,1.52896,1.52869
31,"n23m0164.hpc.itc.rwth-aachen.de",31,"31","uds",79,"n23m0164.hpc.itc.rwth-aachen.de",79,"79","uds",unix,64,4194304,10,50,73.107,32.71,52.5717,51.06,77.916,1.5324,1.53218
31,"n23m0164.hpc.itc.rwth-aachen.de",31,"31","uds",80,"n23m0164.hpc.itc.rwth-aachen.de",80,"80","uds",unix,64,4194304,10,50,73.078,27.436,50.1323,50.717,77.792,1.91988,2.00287
31,"n23m0164.hpc.itc.rwth-aachen.de",31,"31","uds",81,"n23m0164.hpc.itc.rwth-aachen.de",81,"81","uds",unix,64,4194304,10,50,57.119,26.994,43.0092,42.696,59.297,1.5261,1.52567
31,"n23m0164.hpc.itc.rwth-aachen.de",31,"31","uds",82,"n23m0164.hpc.itc.rwth-aachen.de",82,"82","uds",unix,64,4194304,10,50,73.936,32.243,52.8083,53.2955,86.344,1.52033,1.51893
31,"n23m0164.hpc.itc.rwth-aachen.de",31,"31","uds",83,"n23m0164.hpc.itc.rwth-aachen.de",83,"83","uds",unix,64,4194304,10,50,74.122,28.911,51.2443,52.1935,74.724,1.48384,1.48316
31,"n23m0164.hpc.itc.rwth-aachen.de",31,"31","uds",84,"n23m0164.hpc.itc.rwth-aachen.de",84,"84","uds",unix,64,4194304,10,50,80.59,28.484,52.1545,52.3825,82.618,1.90329,1.9975
31,"n23m0164.hpc.itc.rwth-aachen.de",31,"31","uds",85,"n23m0164.hpc.itc.rwth-aachen.de",85,"85","uds",unix,64,4194304,10,50,77.282,29.885,51.4386,49.8305,76.197,1.51893,1.51727
31,"n23m0164.hpc.itc.rwth-aachen.de",31,"31","uds",86,"n23m0164.hpc.itc.rwth-aachen.de",86,"86","uds",unix,64,4194304,10,50,100.621,28.72,52.0459,49.238,91.198,1.5064,1.50477
31,"n23m0164.hpc.itc.rwth-aachen.de",31,"31","uds",87,"n23m0164.hpc.itc.rwth-aachen.de",87,"87","uds",unix,64,4194304,10,50,80.291,28.783,50.8786,50.721,74.057,1.59052,1.75351
31,"n23m0164.hpc.itc.rwth-aachen.de",31,"31","uds",88,"n23m0164.hpc.itc.rwth-aachen.de",88,"88","uds",unix,64,4194304,10,50,57.561,24.698,36.9761,37.767,53.075,1.51513,1.64101
31,"n23m0164.hpc.itc.rwth-aachen.de",31,"31","uds",89,"n23m0164.hpc.itc.rwth-aachen.de",89,"89","uds",unix,64,4194304,10,50,83.457,26.554,52.0909,49.6285,81.975,1.49727,1.49888
31,"n23m0164.hpc.itc.rwth-aachen.de",31,"31","uds",90,"n23m0164.hpc.itc.rwth-aachen.de",90,"90","uds",unix,64,4194304,10,50,81.461,26.609,51.6302,52.7635,85.817,1.52384,1.52371
31,"n23m0164.hpc.itc.rwth-aachen.de",31,"31","uds",91,"n23m0164.hpc.itc.rwth-aachen.de",91,"91","uds",unix,64,4194304,10,50,72.22,26.639,50.7958,51.16,74.991,2.05195,2.08704
31,"n23m0164.hpc.itc.rwth-aachen.de",31,"31","uds",92,"n23m0164.hpc.itc.rwth-aachen.de",92,"92","uds",unix,64,4194304,10,50,59.87,28.236,44.6332,42.876,64.283,1.521,1.52106
31,"n23m0164.hpc.itc.rwth-aachen.de",31,"31","uds",93,"n23m0164.hpc.itc.rwth-aachen.de",93,"93","uds",unix,64,4194304,10,50,80.967,31.209,52.3901,51.285,79.879,1.50784,1.50777
31,"n23m0164.hpc.itc.rwth-aachen.de",31,"31","uds",94,"n23m0164.hpc.itc.rwth-aachen.de",94,"94","uds",unix,64,4194304,10,50,76.91,29.381,51.8221,51.4255,92.028,1.5052,1.51273
31,"n23m0164.hpc.itc.rwth-aachen.de",31,"31","uds",95,"n23m0164.hpc.itc.rwth-aachen.de",95,"95","uds",unix,64,4194304,10,50,66.537,26.019,46.9577,46.1035,68.907,2.01118,2.01285
32,"n23m0164.hpc.itc.rwth-aachen.de",32,"32","uds",33,"n23m0164.hpc.itc.rwth-aachen.de",33,"33","uds",unix,64,4194304,10,50,145.752,27.391,36.6835,36.7835,45.946,4.64923,4.63799
32,"n23m0164.hpc.itc.rwth-aachen.de",32,"32","uds",34,"n23m0164.hpc.itc.rwth-aachen.de",34,"34","uds",unix,64,4194304,10,50,52.869,23.318,25.9896,25.1865,33.495,5.83473,5.78656
32,"n23m0164.hpc.itc.rwth-aachen.de",32,"32","uds",35,"n23m0164.hpc.itc.rwth-aachen.de",35,"35","uds",unix,64,4194304,10,50,40.841,22.577,25.884,25.5865,33.749,5.32947,5.30144
32,"n23m0164.hpc.itc.rwth-aachen.de",32,"32","uds",36,"n23m0164.hpc.itc.rwth-aachen.de",36,"36","uds",unix,64,4194304,10,50,53.869,20.034,23.6108,23.1905,34.164,5.55251,5.34216
32,"n23m0164.hpc.itc.rwth-aachen.de",32,"32","uds",37,"n23m0164.hpc.itc.rwth-aachen.de",37,"37","uds",unix,64,4194304,10,50,55.07,19.288,22.5715,22.041,30.542,5.69905,5.71647
32,"n23m0164.hpc.itc.rwth-aachen.de",32,"32","uds",38,"n23m0164.hpc.itc.rwth-aachen.de",38,"38","uds",unix,64,4194304,10,50,51.762,19.373,23.0517,22.7365,31.032,5.60031,5.40724
32,"n23m0164.hpc.itc.rwth-aachen.de",32,"32","uds",39,"n23m0164.hpc.itc.rwth-aachen.de",39,"39","uds",unix,64,4194304,10,50,49.64,19.074,22.5912,22.444,38.429,5.71507,5.71328
32,"n23m0164.hpc.itc.rwth-aachen.de",32,"32","uds",40,"n23m0164.hpc.itc.rwth-aachen.de",40,"40","uds",unix,64,4194304,10,50,46.891,18.992,22.6406,22.481,32.682,5.6137,5.61016
32,"n23m0164.hpc.itc.rwth-aachen.de",32,"32","uds",41,"n23m0164.hpc.itc.rwth-aachen.de",41,"41","uds",unix,64,4194304,10,50,43.763,20.768,24.0195,23.59,34.744,5.61481,5.61307
32,"n23m0164.hpc.itc.rwth-aachen.de",32,"32","uds",42,"n23m0164.hpc.itc.rwth-aachen.de",42,"42","uds",unix,64,4194304,10,50,42.543,19.198,22.0043,21.705,28.121,5.73951,5.73951
32,"n23m0164.hpc.itc.rwth-aachen.de",32,"32","uds",43,"n23m0164.hpc.itc.rwth-aachen.de",43,"43","uds",unix,64,4194304,10,50,51.441,18.424,22.1475,21.862,32.642,5.78405,5.78448
32,"n23m0164.hpc.itc.rwth-aachen.de",32,"32","uds",44,"n23m0164.hpc.itc.rwth-aachen.de",44,"44","uds",unix,64,4194304,10,50,37.841,19.629,22.4861,22.1535,28.373,5.56798,5.56604
32,"n23m0164.hpc.itc.rwth-aachen.de",32,"32","uds",45,"n23m0164.hpc.itc.rwth-aachen.de",45,"45","uds",unix,64,4194304,10,50,39.111,17.636,22.828,22.4875,35.245,5.66979,5.68031
32,"n23m0164.hpc.itc.rwth-aachen.de",32,"32","uds",46,"n23m0164.hpc.itc.rwth-aachen.de",46,"46","uds",unix,64,4194304,10,50,39.367,19.97,23.6074,23.5455,29.844,5.59009,5.58964
32,"n23m0164.hpc.itc.rwth-aachen.de",32,"32","uds",47,"n23m0164.hpc.itc.rwth-aachen.de",47,"47","uds",unix,64,4194304,10,50,39.679,19.68,23.0895,22.915,29.409,5.48509,5.45874
32,"n23m0164.hpc.itc.rwth-aachen.de",32,"32","uds",48,"n23m0164.hpc.itc.rwth-aachen.de",48,"48","uds",unix,64,4194304,10,50,54.548,27.979,36.245,35.479,53.819,1.96758,1.9356
32,"n23m0164.hpc.itc.rwth-aachen.de",32,"32","uds",49,"n23m0164.hpc.itc.rwth-aachen.de",49,"49","uds",unix,64,4194304,10,50,106.68,26.382,56.6405,53.3895,214.852,1.5178,1.65821
32,"n23m0164.hpc.itc.rwth-aachen.de",32,"32","uds",50,"n23m0164.hpc.itc.rwth-aachen.de",50,"50","uds",unix,64,4194304,10,50,62.257,20.716,38.2146,37.168,101.378,1.53562,1.77588
32,"n23m0164.hpc.itc.rwth-aachen.de",32,"32","uds",51,"n23m0164.hpc.itc.rwth-aachen.de",51,"51","uds",unix,64,4194304,10,50,89.2,31.272,52.7318,52.222,75.561,1.50024,1.50019
32,"n23m0164.hpc.itc.rwth-aachen.de",32,"32","uds",52,"n23m0164.hpc.itc.rwth-aachen.de",52,"52","uds",unix,64,4194304,10,50,82.497,29.285,52.8541,53.2935,76.133,1.50053,1.50201
32,"n23m0164.hpc.itc.rwth-aachen.de",32,"32","uds",53,"n23m0164.hpc.itc.rwth-aachen.de",53,"53","uds",unix,64,4194304,10,50,82.174,28.411,53.3906,53.4245,103.792,2.04885,2.05199
32,"n23m0164.hpc.itc.rwth-aachen.de",32,"32","uds",54,"n23m0164.hpc.itc.rwth-aachen.de",54,"54","uds",unix,64,4194304,10,50,65.715,26.592,43.2306,44.426,54.334,1.47535,1.4665
32,"n23m0164.hpc.itc.rwth-aachen.de",32,"32","uds",55,"n23m0164.hpc.itc.rwth-aachen.de",55,"55","uds",unix,64,4194304,10,50,87.671,33.04,53.5048,53.4695,84.842,1.47295,1.47518
32,"n23m0164.hpc.itc.rwth-aachen.de",32,"32","uds",56,"n23m0164.hpc.itc.rwth-aachen.de",56,"56","uds",unix,64,4194304,10,50,85.744,30.968,52.0015,52.304,71.163,1.52478,1.52421
32,"n23m0164.hpc.itc.rwth-aachen.de",32,"32","uds",57,"n23m0164.hpc.itc.rwth-aachen.de",57,"57","uds",unix,64,4194304,10,50,82.361,37.692,52.929,51.7675,73.342,1.92812,2.01558
32,"n23m0164.hpc.itc.rwth-aachen.de",32,"32","uds",58,"n23m0164.hpc.itc.rwth-aachen.de",58,"58","uds",unix,64,4194304,10,50,58.532,29.845,43.2025,42.594,60.687,1.50162,1.50232
32,"n23m0164.hpc.itc.rwth-aachen.de",32,"32","uds",59,"n23m0164.hpc.itc.rwth-aachen.de",59,"59","uds",unix,64,4194304,10,50,93.69,30.017,52.8691,52.263,80.651,1.51343,1.51284
32,"n23m0164.hpc.itc.rwth-aachen.de",32,"32","uds",60,"n23m0164.hpc.itc.rwth-aachen.de",60,"60","uds",unix,64,4194304,10,50,84.926,29.502,52.7479,54.2475,68.688,1.49454,1.49759
32,"n23m0164.hpc.itc.rwth-aachen.de",32,"32","uds",61,"n23m0164.hpc.itc.rwth-aachen.de",61,"61","uds",unix,64,4194304,10,50,83.549,33.801,52.5817,52.093,79.207,1.97422,1.99845
32,"n23m0164.hpc.itc.rwth-aachen.de",32,"32","uds",62,"n23m0164.hpc.itc.rwth-aachen.de",62,"62","uds",unix,64,4194304,10,50,2429.91,30.963,45.2178,44.5955,63.356,1.49868,1.49864
32,"n23m0164.hpc.itc.rwth-aachen.de",32,"32","uds",63,"n23m0164.hpc.itc.rwth-aachen.de",63,"63","uds",unix,64,4194304,10,50,85.416,28.974,52.8918,52.894,83.043,1.49506,1.49448
32,"n23m0164.hpc.itc.rwth-aachen.de",32,"32","uds",64,"n23m0164.hpc.itc.rwth-aachen.de",64,"64","uds",unix,64,4194304,10,50,85.462,29.788,52.8082,51.957,85.845,1.50429,1.50441
32,"n23m0164.hpc.itc.rwth-aachen.de",32,"32","uds",65,"n23m0164.hpc.itc.rwth-aachen.de",65,"65","uds",unix,64,4194304,10,50,79.034,29.467,54.0166,54.262,77.515,2.08564,2.07966
32,"n23m0164.hpc.itc.rwth-aachen.de",32,"32","uds",66,"n23m0164.hpc.itc.rwth-aachen.de",66,"66","uds",unix,64,4194304,10,50,81.433,29.222,52.3453,52.8005,73.154,1.50144,1.50155
32,"n23m0164.hpc.itc.rwth-aachen.de",32,"32","uds",67,"n23m0164.hpc.itc.rwth-aachen.de",67,"67","uds",unix,64,4194304,10,50,86.302,30.399,53.5556,53.1135,78.462,1.51066,1.51046
32,"n23m0164.hpc.itc.rwth-aachen.de",32,"32","uds",68,"n23m0164.hpc.itc.rwth-aachen.de",68,"68","uds",unix,64,4194304,10,50,79.406,29.64,52.6029,53.078,80.324,1.51564,1.51645
32,"n23m0164.hpc.itc.rwth-aachen.de",32,"32","uds",69,"n23m0164.hpc.itc.rwth-aachen.de",69,"69","uds",unix,64,4194304,10,50,81.325,33.365,53.6037,53.823,80.645,1.94128,1.99796
32,"n23m0164.hpc.itc.rwth-aachen.de",32,"32","uds",70,"n23m0164.hpc.itc.rwth-aachen.de",70,"70","uds",unix,64,4194304,10,50,76.496,32.716,53.6258,53.2965,71.035,1.47314,1.47259
32,"n23m0164.hpc.itc.rwth-aachen.de",32,"32","uds",71,"n23m0164.hpc.itc.rwth-aachen.de",71,"71","uds",unix,64,4194304,10,50,75.437,28.078,53.7368,54.1635,75.049,1.48273,1.48349
32,"n23m0164.hpc.itc.rwth-aachen.de",32,"32","uds",72,"n23m0164.hpc.itc.rwth-aachen.de",72,"72","uds",unix,64,4194304,10,50,83.982,28.725,52.9152,51.4365,81.989,1.50297,1.50769
32,"n23m0164.hpc.itc.rwth-aachen.de",32,"32","uds",73,"n23m0164.hpc.itc.rwth-aachen.de",73,"73","uds",unix,64,4194304,10,50,77.957,26.654,49.483,48.825,73.519,2.03384,2.02305
32,"n23m0164.hpc.itc.rwth-aachen.de",32,"32","uds",74,"n23m0164.hpc.itc.rwth-aachen.de",74,"74","uds",unix,64,4194304,10,50,86.423,29.895,52.3547,51.795,77.756,1.48307,1.48388
32,"n23m0164.hpc.itc.rwth-aachen.de",32,"32","uds",75,"n23m0164.hpc.itc.rwth-aachen.de",75,"75","uds",unix,64,4194304,10,50,86.649,26.618,51.8314,50.592,75.43,1.51548,1.51653
32,"n23m0164.hpc.itc.rwth-aachen.de",32,"32","uds",76,"n23m0164.hpc.itc.rwth-aachen.de",76,"76","uds",unix,64,4194304,10,50,82.581,27.284,51.0906,51.1645,77.682,1.53264,1.66126
32,"n23m0164.hpc.itc.rwth-aachen.de",32,"32","uds",77,"n23m0164.hpc.itc.rwth-aachen.de",77,"77","uds",unix,64,4194304,10,50,54.943,26.629,36.995,36.6705,52.083,1.52154,1.73832
32,"n23m0164.hpc.itc.rwth-aachen.de",32,"32","uds",78,"n23m0164.hpc.itc.rwth-aachen.de",78,"78","uds",unix,64,4194304,10,50,81.359,26.768,52.0533,52.1465,88.569,1.52659,1.52704
32,"n23m0164.hpc.itc.rwth-aachen.de",32,"32","uds",79,"n23m0164.hpc.itc.rwth-aachen.de",79,"79","uds",unix,64,4194304,10,50,81.381,28.754,51.5682,53.048,84.289,1.54031,1.53976
32,"n23m0164.hpc.itc.rwth-aachen.de",32,"32","uds",80,"n23m0164.hpc.itc.rwth-aachen.de",80,"80","uds",unix,64,4194304,10,50,81.877,31.94,51.4985,53.4715,68.143,1.51888,1.56595
32,"n23m0164.hpc.itc.rwth-aachen.de",32,"32","uds",81,"n23m0164.hpc.itc.rwth-aachen.de",81,"81","uds",unix,64,4194304,10,50,63.865,26.786,43.9848,43.2985,63.356,1.81045,1.92748
32,"n23m0164.hpc.itc.rwth-aachen.de",32,"32","uds",82,"n23m0164.hpc.itc.rwth-aachen.de",82,"82","uds",unix,64,4194304,10,50,83.736,28.198,52.9258,52.1775,85.585,1.52375,1.52461
32,"n23m0164.hpc.itc.rwth-aachen.de",32,"32","uds",83,"n23m0164.hpc.itc.rwth-aachen.de",83,"83","uds",unix,64,4194304,10,50,82.774,31.452,51.9887,51.8395,79.847,1.49347,1.49397
32,"n23m0164.hpc.itc.rwth-aachen.de",32,"32","uds",84,"n23m0164.hpc.itc.rwth-aachen.de",84,"84","uds",unix,64,4194304,10,50,74.191,29.869,51.8082,50.8525,82.942,1.52485,1.69114
32,"n23m0164.hpc.itc.rwth-aachen.de",32,"32","uds",85,"n23m0164.hpc.itc.rwth-aachen.de",85,"85","uds",unix,64,4194304,10,50,46.978,26.248,36.465,36.152,50.288,1.51767,1.68617
32,"n23m0164.hpc.itc.rwth-aachen.de",32,"32","uds",86,"n23m0164.hpc.itc.rwth-aachen.de",86,"86","uds",unix,64,4194304,10,50,89.092,30.345,52.8013,50.703,106.127,1.51367,1.51355
32,"n23m0164.hpc.itc.rwth-aachen.de",32,"32","uds",87,"n23m0164.hpc.itc.rwth-aachen.de",87,"87","uds",unix,64,4194304,10,50,85.576,30.077,53.3842,52.3935,81.117,1.50963,1.51041
32,"n23m0164.hpc.itc.rwth-aachen.de",32,"32","uds",88,"n23m0164.hpc.itc.rwth-aachen.de",88,"88","uds",unix,64,4194304,10,50,82.383,29.872,50.9883,51.497,78.434,1.83529,2.00113
32,"n23m0164.hpc.itc.rwth-aachen.de",32,"32","uds",89,"n23m0164.hpc.itc.rwth-aachen.de",89,"89","uds",unix,64,4194304,10,50,59.752,25.293,41.5082,40.9005,61.296,1.49407,1.50338
32,"n23m0164.hpc.itc.rwth-aachen.de",32,"32","uds",90,"n23m0164.hpc.itc.rwth-aachen.de",90,"90","uds",unix,64,4194304,10,50,91.405,27.93,65.339,50.9515,717.566,1.52865,1.52847
32,"n23m0164.hpc.itc.rwth-aachen.de",32,"32","uds",91,"n23m0164.hpc.itc.rwth-aachen.de",91,"91","uds",unix,64,4194304,10,50,72.814,29.935,52.0025,51.228,74.87,1.52055,1.51959
32,"n23m0164.hpc.itc.rwth-aachen.de",32,"32","uds",92,"n23m0164.hpc.itc.rwth-aachen.de",92,"92","uds",unix,64,4194304,10,50,79.011,30.313,52.4727,52.9545,68.082,2.04466,2.04571
32,"n23m0164.hpc.itc.rwth-aachen.de",32,"32","uds",93,"n23m0164.hpc.itc.rwth-aachen.de",93,"93","uds",unix,64,4194304,10,50,62.881,26.024,42.6248,41.793,62.732,1.50901,1.51019
32,"n23m0164.hpc.itc.rwth-aachen.de",32,"32","uds",94,"n23m0164.hpc.itc.rwth-aachen.de",94,"94","uds",unix,64,4194304,10,50,86.174,29.445,53.9435,51.516,83.928,1.50699,1.50788
32,"n23m0164.hpc.itc.rwth-aachen.de",32,"32","uds",95,"n23m0164.hpc.itc.rwth-aachen.de",95,"95","uds",unix,64,4194304,10,50,84.238,28.251,53.0171,53.1245,96.684,1.51494,1.51248
33,"n23m0164.hpc.itc.rwth-aachen.de",33,"33","uds",34,"n23m0164.hpc.itc.rwth-aachen.de",34,"34","uds",unix,64,4194304,10,50,148.967,24.996,37.1446,37.4025,51.936,4.17887,4.14803
33,"n23m0164.hpc.itc.rwth-aachen.de",33,"33","uds",35,"n23m0164.hpc.itc.rwth-aachen.de",35,"35","uds",unix,64,4194304,10,50,56.749,13.887,26.7974,26.2645,54.945,5.71699,5.67065
33,"n23m0164.hpc.itc.rwth-aachen.de",33,"33","uds",36,"n23m0164.hpc.itc.rwth-aachen.de",36,"36","uds",unix,64,4194304,10,50,53.281,17.983,21.8145,21.5405,28.162,5.17499,5.1999
33,"n23m0164.hpc.itc.rwth-aachen.de",33,"33","uds",37,"n23m0164.hpc.itc.rwth-aachen.de",37,"37","uds",unix,64,4194304,10,50,47.803,22.363,25.3359,25.181,33.99,4.85806,4.85872
33,"n23m0164.hpc.itc.rwth-aachen.de",33,"33","uds",38,"n23m0164.hpc.itc.rwth-aachen.de",38,"38","uds",unix,64,4194304,10,50,51.862,20.428,25.2617,24.9265,32.079,5.33075,5.27986
33,"n23m0164.hpc.itc.rwth-aachen.de",33,"33","uds",39,"n23m0164.hpc.itc.rwth-aachen.de",39,"39","uds",unix,64,4194304,10,50,42.438,19.451,22.4148,21.9535,29.901,5.24047,5.26869
33,"n23m0164.hpc.itc.rwth-aachen.de",33,"33","uds",40,"n23m0164.hpc.itc.rwth-aachen.de",40,"40","uds",unix,64,4194304,10,50,45.115,18.775,24.2983,24.09,30.156,4.99014,4.99354
33,"n23m0164.hpc.itc.rwth-aachen.de",33,"33","uds",41,"n23m0164.hpc.itc.rwth-aachen.de",41,"41","uds",unix,64,4194304,10,50,47.665,20.225,24.6439,24.5325,29.925,5.48438,5.43527
33,"n23m0164.hpc.itc.rwth-aachen.de",33,"33","uds",42,"n23m0164.hpc.itc.rwth-aachen.de",42,"42","uds",unix,64,4194304,10,50,43.702,19.131,22.9524,22.565,32.835,5.19483,5.23558
33,"n23m0164.hpc.itc.rwth-aachen.de",33,"33","uds",43,"n23m0164.hpc.itc.rwth-aachen.de",43,"43","uds",unix,64,4194304,10,50,52.75,19.55,23.164,22.855,37.759,5.09326,5.09472
33,"n23m0164.hpc.itc.rwth-aachen.de",33,"33","uds",44,"n23m0164.hpc.itc.rwth-aachen.de",44,"44","uds",unix,64,4194304,10,50,44.062,21.123,24.0895,23.884,30.572,4.87771,4.84585
33,"n23m0164.hpc.itc.rwth-aachen.de",33,"33","uds",45,"n23m0164.hpc.itc.rwth-aachen.de",45,"45","uds",unix,64,4194304,10,50,46.396,19.59,23.9252,23.8425,30.671,4.9069,4.90273
33,"n23m0164.hpc.itc.rwth-aachen.de",33,"33","uds",46,"n23m0164.hpc.itc.rwth-aachen.de",46,"46","uds",unix,64,4194304,10,50,48.302,20.352,24.1938,24.111,30.767,4.77335,4.78005
33,"n23m0164.hpc.itc.rwth-aachen.de",33,"33","uds",47,"n23m0164.hpc.itc.rwth-aachen.de",47,"47","uds",unix,64,4194304,10,50,48.126,21.515,25.1526,25.018,32.4,5.2647,5.24312
33,"n23m0164.hpc.itc.rwth-aachen.de",33,"33","uds",48,"n23m0164.hpc.itc.rwth-aachen.de",48,"48","uds",unix,64,4194304,10,50,51.883,23.988,36.5067,37.168,49.529,1.61358,1.81726
33,"n23m0164.hpc.itc.rwth-aachen.de",33,"33","uds",49,"n23m0164.hpc.itc.rwth-aachen.de",49,"49","uds",unix,64,4194304,10,50,92.33,26.104,52.8814,52.812,99.266,1.498,1.50204
33,"n23m0164.hpc.itc.rwth-aachen.de",33,"33","uds",50,"n23m0164.hpc.itc.rwth-aachen.de",50,"50","uds",unix,64,4194304,10,50,78.162,29.246,48.8005,47.9135,72.174,2.06933,2.04736
33,"n23m0164.hpc.itc.rwth-aachen.de",33,"33","uds",51,"n23m0164.hpc.itc.rwth-aachen.de",51,"51","uds",unix,64,4194304,10,50,93.718,26.084,51.9488,51.751,96.124,1.49884,1.4956
33,"n23m0164.hpc.itc.rwth-aachen.de",33,"33","uds",52,"n23m0164.hpc.itc.rwth-aachen.de",52,"52","uds",unix,64,4194304,10,50,86.956,32.748,53.8372,52.789,82.881,1.51466,1.51462
33,"n23m0164.hpc.itc.rwth-aachen.de",33,"33","uds",53,"n23m0164.hpc.itc.rwth-aachen.de",53,"53","uds",unix,64,4194304,10,50,88.545,29.306,52.8548,51.7385,88.212,1.53392,1.64787
33,"n23m0164.hpc.itc.rwth-aachen.de",33,"33","uds",54,"n23m0164.hpc.itc.rwth-aachen.de",54,"54","uds",unix,64,4194304,10,50,59.134,26.412,37.3455,37.832,54.806,1.50646,1.62512
33,"n23m0164.hpc.itc.rwth-aachen.de",33,"33","uds",55,"n23m0164.hpc.itc.rwth-aachen.de",55,"55","uds",unix,64,4194304,10,50,83.345,29.581,53.18,51.969,82.845,1.49181,1.49103
33,"n23m0164.hpc.itc.rwth-aachen.de",33,"33","uds",56,"n23m0164.hpc.itc.rwth-aachen.de",56,"56","uds",unix,64,4194304,10,50,80.505,27.906,51.9053,52.9335,75.499,1.53882,1.53867
33,"n23m0164.hpc.itc.rwth-aachen.de",33,"33","uds",57,"n23m0164.hpc.itc.rwth-aachen.de",57,"57","uds",unix,64,4194304,10,50,73.49,29.016,49.5143,50.036,69.956,1.82676,1.90797
33,"n23m0164.hpc.itc.rwth-aachen.de",33,"33","uds",58,"n23m0164.hpc.itc.rwth-aachen.de",58,"58","uds",unix,64,4194304,10,50,79.075,27.906,51.1439,50.537,72.777,1.51148,1.51362
33,"n23m0164.hpc.itc.rwth-aachen.de",33,"33","uds",59,"n23m0164.hpc.itc.rwth-aachen.de",59,"59","uds",unix,64,4194304,10,50,76.779,23.944,52.2265,50.911,87.832,1.52376,1.52284
33,"n23m0164.hpc.itc.rwth-aachen.de",33,"33","uds",60,"n23m0164.hpc.itc.rwth-aachen.de",60,"60","uds",unix,64,4194304,10,50,90.821,27.376,53.2562,51.6875,106.529,1.50849,1.57204
33,"n23m0164.hpc.itc.rwth-aachen.de",33,"33","uds",61,"n23m0164.hpc.itc.rwth-aachen.de",61,"61","uds",unix,64,4194304,10,50,69.43,29.091,46.0754,45.0945,69.401,1.58523,1.82739
33,"n23m0164.hpc.itc.rwth-aachen.de",33,"33","uds",62,"n23m0164.hpc.itc.rwth-aachen.de",62,"62","uds",unix,64,4194304,10,50,79.197,29.208,52.5397,51.0205,83.927,1.50513,1.50599
33,"n23m0164.hpc.itc.rwth-aachen.de",33,"33","uds",63,"n23m0164.hpc.itc.rwth-aachen.de",63,"63","uds",unix,64,4194304,10,50,83.665,29.712,53.1845,53.5315,75.029,1.51687,1.51808
33,"n23m0164.hpc.itc.rwth-aachen.de",33,"33","uds",64,"n23m0164.hpc.itc.rwth-aachen.de",64,"64","uds",unix,64,4194304,10,50,82.458,31.706,52.2835,52.038,73.922,1.79966,1.97108
33,"n23m0164.hpc.itc.rwth-aachen.de",33,"33","uds",65,"n23m0164.hpc.itc.rwth-aachen.de",65,"65","uds",unix,64,4194304,10,50,53.532,26.185,40.3636,40.374,56.423,1.51514,1.52695
33,"n23m0164.hpc.itc.rwth-aachen.de",33,"33","uds",66,"n23m0164.hpc.itc.rwth-aachen.de",66,"66","uds",unix,64,4194304,10,50,75.141,36.822,52.9149,52.5,73.031,1.50825,1.50867
33,"n23m0164.hpc.itc.rwth-aachen.de",33,"33","uds",67,"n23m0164.hpc.itc.rwth-aachen.de",67,"67","uds",unix,64,4194304,10,50,84.869,29.26,52.1346,51.2045,83.851,1.52415,1.52475
33,"n23m0164.hpc.itc.rwth-aachen.de",33,"33","uds",68,"n23m0164.hpc.itc.rwth-aachen.de",68,"68","uds",unix,64,4194304,10,50,74.137,29.731,52.4917,53.286,74.988,2.10145,2.09182
33,"n23m0164.hpc.itc.rwth-aachen.de",33,"33","uds",69,"n23m0164.hpc.itc.rwth-aachen.de",69,"69","uds",unix,64,4194304,10,50,85.451,38.259,54.0093,53.794,75.155,1.49243,1.49284
33,"n23m0164.hpc.itc.rwth-aachen.de",33,"33","uds",70,"n23m0164.hpc.itc.rwth-aachen.de",70,"70","uds",unix,64,4194304,10,50,73.068,28.762,51.0637,51.4135,69.492,1.49131,1.49256
33,"n23m0164.hpc.itc.rwth-aachen.de",33,"33","uds",71,"n23m0164.hpc.itc.rwth-aachen.de",71,"71","uds",unix,64,4194304,10,50,84.333,28.916,51.2546,51.855,76.123,1.49969,1.50068
33,"n23m0164.hpc.itc.rwth-aachen.de",33,"33","uds",72,"n23m0164.hpc.itc.rwth-aachen.de",72,"72","uds",unix,64,4194304,10,50,73.511,26.153,49.8514,47.9045,80.309,2.04226,2.05531
33,"n23m0164.hpc.itc.rwth-aachen.de",33,"33","uds",73,"n23m0164.hpc.itc.rwth-aachen.de",73,"73","uds",unix,64,4194304,10,50,73.753,27.482,52.3447,51.261,81.506,1.51972,1.52025
33,"n23m0164.hpc.itc.rwth-aachen.de",33,"33","uds",74,"n23m0164.hpc.itc.rwth-aachen.de",74,"74","uds",unix,64,4194304,10,50,78.854,34.978,53.32,52.6155,76.89,1.48782,1.48659
33,"n23m0164.hpc.itc.rwth-aachen.de",33,"33","uds",75,"n23m0164.hpc.itc.rwth-aachen.de",75,"75","uds",unix,64,4194304,10,50,88.142,30.841,49.4376,49.3035,73.77,1.52944,1.59688
33,"n23m0164.hpc.itc.rwth-aachen.de",33,"33","uds",76,"n23m0164.hpc.itc.rwth-aachen.de",76,"76","uds",unix,64,4194304,10,50,56.921,23.254,36.8982,36.3075,58.757,1.53643,1.74376
33,"n23m0164.hpc.itc.rwth-aachen.de",33,"33","uds",77,"n23m0164.hpc.itc.rwth-aachen.de",77,"77","uds",unix,64,4194304,10,50,81.523,28.379,49.6595,50.7315,71.362,1.52211,1.52102
33,"n23m0164.hpc.itc.rwth-aachen.de",33,"33","uds",78,"n23m0164.hpc.itc.rwth-aachen.de",78,"78","uds",unix,64,4194304,10,50,78.1,35.68,52.0473,52.359,71.857,1.52911,1.52851
33,"n23m0164.hpc.itc.rwth-aachen.de",33,"33","uds",79,"n23m0164.hpc.itc.rwth-aachen.de",79,"79","uds",unix,64,4194304,10,50,72.07,30.676,52.6061,53.419,76.718,1.78455,1.94969
33,"n23m0164.hpc.itc.rwth-aachen.de",33,"33","uds",80,"n23m0164.hpc.itc.rwth-aachen.de",80,"80","uds",unix,64,4194304,10,50,50.535,28.78,38.5367,38.8335,54.614,1.5022,1.53849
33,"n23m0164.hpc.itc.rwth-aachen.de",33,"33","uds",81,"n23m0164.hpc.itc.rwth-aachen.de",81,"81","uds",unix,64,4194304,10,50,70.526,31.683,51.1707,50.3605,74.559,1.53548,1.53459
33,"n23m0164.hpc.itc.rwth-aachen.de",33,"33","uds",82,"n23m0164.hpc.itc.rwth-aachen.de",82,"82","uds",unix,64,4194304,10,50,66.835,29.451,51.3159,50.732,94.002,1.52482,1.52581
33,"n23m0164.hpc.itc.rwth-aachen.de",33,"33","uds",83,"n23m0164.hpc.itc.rwth-aachen.de",83,"83","uds",unix,64,4194304,10,50,75.953,30.871,51.7459,52.9355,72.737,1.98963,2.04906
33,"n23m0164.hpc.itc.rwth-aachen.de",33,"33","uds",84,"n23m0164.hpc.itc.rwth-aachen.de",84,"84","uds",unix,64,4194304,10,50,81.221,37.26,52.0252,51.3705,76.994,1.48634,1.48596
33,"n23m0164.hpc.itc.rwth-aachen.de",33,"33","uds",85,"n23m0164.hpc.itc.rwth-aachen.de",85,"85","uds",unix,64,4194304,10,50,66.835,27.979,50.3654,50.901,69.618,1.49799,1.49766
33,"n23m0164.hpc.itc.rwth-aachen.de",33,"33","uds",86,"n23m0164.hpc.itc.rwth-aachen.de",86,"86","uds",unix,64,4194304,10,50,77.197,28.681,50.9376,51.451,92.025,1.49723,1.49754
33,"n23m0164.hpc.itc.rwth-aachen.de",33,"33","uds",87,"n23m0164.hpc.itc.rwth-aachen.de",87,"87","uds",unix,64,4194304,10,50,99.308,28.352,52.2724,52.4105,80.007,2.03551,2.06259
33,"n23m0164.hpc.itc.rwth-aachen.de",33,"33","uds",88,"n23m0164.hpc.itc.rwth-aachen.de",88,"88","uds",unix,64,4194304,10,50,77.839,26.877,49.9769,51.44,92.81,1.49784,1.49714
33,"n23m0164.hpc.itc.rwth-aachen.de",33,"33","uds",89,"n23m0164.hpc.itc.rwth-aachen.de",89,"89","uds",unix,64,4194304,10,50,72.838,31.128,51.4646,50.7725,83.638,1.48066,1.48309
33,"n23m0164.hpc.itc.rwth-aachen.de",33,"33","uds",90,"n23m0164.hpc.itc.rwth-aachen.de",90,"90","uds",unix,64,4194304,10,50,83.227,28.52,52.3131,51.743,86.41,1.50781,1.53892
33,"n23m0164.hpc.itc.rwth-aachen.de",33,"33","uds",91,"n23m0164.hpc.itc.rwth-aachen.de",91,"91","uds",unix,64,4194304,10,50,64.911,28.838,45.7031,45.9985,60.765,1.66237,1.79824
33,"n23m0164.hpc.itc.rwth-aachen.de",33,"33","uds",92,"n23m0164.hpc.itc.rwth-aachen.de",92,"92","uds",unix,64,4194304,10,50,80.647,29.871,53.3755,52.8465,95.17,1.48767,1.4146
33,"n23m0164.hpc.itc.rwth-aachen.de",33,"33","uds",93,"n23m0164.hpc.itc.rwth-aachen.de",93,"93","uds",unix,64,4194304,10,50,94.719,28.829,53.133,54.29,73.59,1.49554,1.51996
33,"n23m0164.hpc.itc.rwth-aachen.de",33,"33","uds",94,"n23m0164.hpc.itc.rwth-aachen.de",94,"94","uds",unix,64,4194304,10,50,74.517,31.172,48.0594,48.608,72.369,1.52159,1.83896
33,"n23m0164.hpc.itc.rwth-aachen.de",33,"33","uds",95,"n23m0164.hpc.itc.rwth-aachen.de",95,"95","uds",unix,64,4194304,10,50,23683.2,27.738,51.879,53.396,81.19,1.49765,1.48438
34,"n23m0164.hpc.itc.rwth-aachen.de",34,"34","uds",35,"n23m0164.hpc.itc.rwth-aachen.de",35,"35","uds",unix,64,4194304,10,50,142.154,27.99,39.8321,38.8175,57.536,4.46613,4.48735
34,"n23m0164.hpc.itc.rwth-aachen.de",34,"34","uds",36,"n23m0164.hpc.itc.rwth-aachen.de",36,"36","uds",unix,64,4194304,10,50,54.74,19.86,23.6475,23.178,29.772,5.10095,5.08421
34,"n23m0164.hpc.itc.rwth-aachen.de",34,"34","uds",37,"n23m0164.hpc.itc.rwth-aachen.de",37,"37","uds",unix,64,4194304,10,50,52.049,21.808,25.4333,25.027,33.3,3.92417,3.91569
34,"n23m0164.hpc.itc.rwth-aachen.de",34,"34","uds",38,"n23m0164.hpc.itc.rwth-aachen.de",38,"38","uds",unix,64,4194304,10,50,65.91,25.101,31.4989,31.2695,47.225,4.57066,4.45865
34,"n23m0164.hpc.itc.rwth-aachen.de",34,"34","uds",39,"n23m0164.hpc.itc.rwth-aachen.de",39,"39","uds",unix,64,4194304,10,50,46.197,18.596,22.9262,22.4785,31.861,5.15198,5.15799
34,"n23m0164.hpc.itc.rwth-aachen.de",34,"34","uds",40,"n23m0164.hpc.itc.rwth-aachen.de",40,"40","uds",unix,64,4194304,10,50,51.492,19.74,24.8674,24.326,32.827,4.13404,4.30232
34,"n23m0164.hpc.itc.rwth-aachen.de",34,"34","uds",41,"n23m0164.hpc.itc.rwth-aachen.de",41,"41","uds",unix,64,4194304,10,50,56.842,19.257,26.1976,25.6495,38.61,5.01766,4.98058
34,"n23m0164.hpc.itc.rwth-aachen.de",34,"34","uds",42,"n23m0164.hpc.itc.rwth-aachen.de",42,"42","uds",unix,64,4194304,10,50,39.238,18.994,22.6893,22.3345,30.509,5.15412,5.14495
34,"n23m0164.hpc.itc.rwth-aachen.de",34,"34","uds",43,"n23m0164.hpc.itc.rwth-aachen.de",43,"43","uds",unix,64,4194304,10,50,47.158,16.298,23.9554,23.7085,35.441,4.2062,4.1367
34,"n23m0164.hpc.itc.rwth-aachen.de",34,"34","uds",44,"n23m0164.hpc.itc.rwth-aachen.de",44,"44","uds",unix,64,4194304,10,50,83.514,23.734,32.5242,32.37,43.022,3.11095,3.10689
34,"n23m0164.hpc.itc.rwth-aachen.de",34,"34","uds",45,"n23m0164.hpc.itc.rwth-aachen.de",45,"45","uds",unix,64,4194304,10,50,65.108,18.137,31.2086,30.2965,42.096,4.55248,4.48623
34,"n23m0164.hpc.itc.rwth-aachen.de",34,"34","uds",46,"n23m0164.hpc.itc.rwth-aachen.de",46,"46","uds",unix,64,4194304,10,50,48.045,20.28,24.3564,23.875,31.089,3.74312,3.75082
34,"n23m0164.hpc.itc.rwth-aachen.de",34,"34","uds",47,"n23m0164.hpc.itc.rwth-aachen.de",47,"47","uds",unix,64,4194304,10,50,83.642,23.197,32.3306,31.3975,53.219,4.55946,4.45894
34,"n23m0164.hpc.itc.rwth-aachen.de",34,"34","uds",48,"n23m0164.hpc.itc.rwth-aachen.de",48,"48","uds",unix,64,4194304,10,50,53.772,23.604,36.9536,37.253,52.567,1.5088,1.7044
34,"n23m0164.hpc.itc.rwth-aachen.de",34,"34","uds",49,"n23m0164.hpc.itc.rwth-aachen.de",49,"49","uds",unix,64,4194304,10,50,80.374,33.375,53.8798,54.277,74.507,1.49756,1.49127
34,"n23m0164.hpc.itc.rwth-aachen.de",34,"34","uds",50,"n23m0164.hpc.itc.rwth-aachen.de",50,"50","uds",unix,64,4194304,10,50,105.163,27.174,52.2328,53.944,81.549,2.11175,2.10379
34,"n23m0164.hpc.itc.rwth-aachen.de",34,"34","uds",51,"n23m0164.hpc.itc.rwth-aachen.de",51,"51","uds",unix,64,4194304,10,50,89.036,28.117,52.3551,52.0575,85.534,1.53065,1.52879
34,"n23m0164.hpc.itc.rwth-aachen.de",34,"34","uds",52,"n23m0164.hpc.itc.rwth-aachen.de",52,"52","uds",unix,64,4194304,10,50,89.314,28.42,52.5445,52.665,77.449,1.51514,1.51476
34,"n23m0164.hpc.itc.rwth-aachen.de",34,"34","uds",53,"n23m0164.hpc.itc.rwth-aachen.de",53,"53","uds",unix,64,4194304,10,50,94.177,28.043,52.3724,52.758,74.738,1.542,1.5779
34,"n23m0164.hpc.itc.rwth-aachen.de",34,"34","uds",54,"n23m0164.hpc.itc.rwth-aachen.de",54,"54","uds",unix,64,4194304,10,50,71.451,26.061,45.9146,46.006,84.135,1.79419,1.91503
34,"n23m0164.hpc.itc.rwth-aachen.de",34,"34","uds",55,"n23m0164.hpc.itc.rwth-aachen.de",55,"55","uds",unix,64,4194304,10,50,82.595,33.533,53.6892,51.7045,80.749,1.49748,1.49822
34,"n23m0164.hpc.itc.rwth-aachen.de",34,"34","uds",56,"n23m0164.hpc.itc.rwth-aachen.de",56,"56","uds",unix,64,4194304,10,50,84.102,31.515,50.7844,49.929,71.986,1.54174,1.54234
34,"n23m0164.hpc.itc.rwth-aachen.de",34,"34","uds",57,"n23m0164.hpc.itc.rwth-aachen.de",57,"57","uds",unix,64,4194304,10,50,82.045,27.497,52.2358,51.3955,77.189,1.54441,1.72774
34,"n23m0164.hpc.itc.rwth-aachen.de",34,"34","uds",58,"n23m0164.hpc.itc.rwth-aachen.de",58,"58","uds",unix,64,4194304,10,50,52.762,23.078,36.9905,36.597,63.22,1.51544,1.65525
34,"n23m0164.hpc.itc.rwth-aachen.de",34,"34","uds",59,"n23m0164.hpc.itc.rwth-aachen.de",59,"59","uds",unix,64,4194304,10,50,118.965,28.883,51.0223,50.328,74.461,1.52903,1.52825
34,"n23m0164.hpc.itc.rwth-aachen.de",34,"34","uds",60,"n23m0164.hpc.itc.rwth-aachen.de",60,"60","uds",unix,64,4194304,10,50,81.464,33.867,53.2469,53.931,75.021,1.50832,1.5086
34,"n23m0164.hpc.itc.rwth-aachen.de",34,"34","uds",61,"n23m0164.hpc.itc.rwth-aachen.de",61,"61","uds",unix,64,4194304,10,50,94.253,32.784,52.3742,51.4375,78.7,1.67281,1.80731
34,"n23m0164.hpc.itc.rwth-aachen.de",34,"34","uds",62,"n23m0164.hpc.itc.rwth-aachen.de",62,"62","uds",unix,64,4194304,10,50,58.068,28.534,39.4114,38.2275,57.06,1.53356,1.54754
34,"n23m0164.hpc.itc.rwth-aachen.de",34,"34","uds",63,"n23m0164.hpc.itc.rwth-aachen.de",63,"63","uds",unix,64,4194304,10,50,84.073,31.464,52.0138,51.627,81.75,1.51602,1.51491
34,"n23m0164.hpc.itc.rwth-aachen.de",34,"34","uds",64,"n23m0164.hpc.itc.rwth-aachen.de",64,"64","uds",unix,64,4194304,10,50,84.463,26.936,51.8602,51.5485,78.029,1.51812,1.51783
34,"n23m0164.hpc.itc.rwth-aachen.de",34,"34","uds",65,"n23m0164.hpc.itc.rwth-aachen.de",65,"65","uds",unix,64,4194304,10,50,79.459,28.957,52.6656,51.1555,85.109,1.91663,2.04141
34,"n23m0164.hpc.itc.rwth-aachen.de",34,"34","uds",66,"n23m0164.hpc.itc.rwth-aachen.de",66,"66","uds",unix,64,4194304,10,50,81.63,29.223,51.7881,52.4135,84.983,1.51637,1.51629
34,"n23m0164.hpc.itc.rwth-aachen.de",34,"34","uds",67,"n23m0164.hpc.itc.rwth-aachen.de",67,"67","uds",unix,64,4194304,10,50,80.141,29.107,52.1673,52.464,79.73,1.52302,1.52636
34,"n23m0164.hpc.itc.rwth-aachen.de",34,"34","uds",68,"n23m0164.hpc.itc.rwth-aachen.de",68,"68","uds",unix,64,4194304,10,50,77.073,28.24,51.5708,52.36,85.074,1.52988,1.53071
34,"n23m0164.hpc.itc.rwth-aachen.de",34,"34","uds",69,"n23m0164.hpc.itc.rwth-aachen.de",69,"69","uds",unix,64,4194304,10,50,86.819,27.982,49.3529,50.0355,69.176,1.86878,1.92957
34,"n23m0164.hpc.itc.rwth-aachen.de",34,"34","uds",70,"n23m0164.hpc.itc.rwth-aachen.de",70,"70","uds",unix,64,4194304,10,50,100.627,28.098,52.3725,52.2875,75.694,1.50618,1.50345
34,"n23m0164.hpc.itc.rwth-aachen.de",34,"34","uds",71,"n23m0164.hpc.itc.rwth-aachen.de",71,"71","uds",unix,64,4194304,10,50,86.995,33.894,51.9468,51.019,73.16,1.50467,1.50772
34,"n23m0164.hpc.itc.rwth-aachen.de",34,"34","uds",72,"n23m0164.hpc.itc.rwth-aachen.de",72,"72","uds",unix,64,4194304,10,50,76.162,37.004,51.8519,52.0085,71.349,1.53448,1.53452
34,"n23m0164.hpc.itc.rwth-aachen.de",34,"34","uds",73,"n23m0164.hpc.itc.rwth-aachen.de",73,"73","uds",unix,64,4194304,10,50,79.452,26.734,52.1303,52.8155,79.021,1.83798,1.935
34,"n23m0164.hpc.itc.rwth-aachen.de",34,"34","uds",74,"n23m0164.hpc.itc.rwth-aachen.de",74,"74","uds",unix,64,4194304,10,50,86.581,27.92,47.6693,47.165,72.856,1.51923,1.51873
34,"n23m0164.hpc.itc.rwth-aachen.de",34,"34","uds",75,"n23m0164.hpc.itc.rwth-aachen.de",75,"75","uds",unix,64,4194304,10,50,80.877,28.339,50.7973,51.4225,94.094,1.52396,1.52422
34,"n23m0164.hpc.itc.rwth-aachen.de",34,"34","uds",76,"n23m0164.hpc.itc.rwth-aachen.de",76,"76","uds",unix,64,4194304,10,50,74.286,29.058,49.6592,50.08,71.133,1.53976,1.53872
34,"n23m0164.hpc.itc.rwth-aachen.de",34,"34","uds",77,"n23m0164.hpc.itc.rwth-aachen.de",77,"77","uds",unix,64,4194304,10,50,84.255,27.33,50.7045,50.1215,74.351,1.8502,1.98011
34,"n23m0164.hpc.itc.rwth-aachen.de",34,"34","uds",78,"n23m0164.hpc.itc.rwth-aachen.de",78,"78","uds",unix,64,4194304,10,50,86.494,30.892,50.8757,50.9295,76.078,1.54637,1.54624
34,"n23m0164.hpc.itc.rwth-aachen.de",34,"34","uds",79,"n23m0164.hpc.itc.rwth-aachen.de",79,"79","uds",unix,64,4194304,10,50,80.117,26.879,50.0753,50.513,75.617,1.53994,1.54038
34,"n23m0164.hpc.itc.rwth-aachen.de",34,"34","uds",80,"n23m0164.hpc.itc.rwth-aachen.de",80,"80","uds",unix,64,4194304,10,50,81.179,31.087,51.2291,48.82,81.175,1.51238,1.51104
34,"n23m0164.hpc.itc.rwth-aachen.de",34,"34","uds",81,"n23m0164.hpc.itc.rwth-aachen.de",81,"81","uds",unix,64,4194304,10,50,81.946,26.551,48.8918,49.7105,67.199,1.95311,2.0301
34,"n23m0164.hpc.itc.rwth-aachen.de",34,"34","uds",82,"n23m0164.hpc.itc.rwth-aachen.de",82,"82","uds",unix,64,4194304,10,50,72.362,30.693,49.7238,48.4925,83.492,1.53772,1.5373
34,"n23m0164.hpc.itc.rwth-aachen.de",34,"34","uds",83,"n23m0164.hpc.itc.rwth-aachen.de",83,"83","uds",unix,64,4194304,10,50,76.944,32.617,51.0516,50.9545,81.366,1.50658,1.50698
34,"n23m0164.hpc.itc.rwth-aachen.de",34,"34","uds",84,"n23m0164.hpc.itc.rwth-aachen.de",84,"84","uds",unix,64,4194304,10,50,77.093,28.505,50.1208,50.5265,78.15,1.50986,1.51194
34,"n23m0164.hpc.itc.rwth-aachen.de",34,"34","uds",85,"n23m0164.hpc.itc.rwth-aachen.de",85,"85","uds",unix,64,4194304,10,50,68.982,34.797,52.3819,52.161,74.552,1.87317,1.99322
34,"n23m0164.hpc.itc.rwth-aachen.de",34,"34","uds",86,"n23m0164.hpc.itc.rwth-aachen.de",86,"86","uds",unix,64,4194304,10,50,82.352,33.377,50.5203,49.96,71.32,1.53031,1.52945
34,"n23m0164.hpc.itc.rwth-aachen.de",34,"34","uds",87,"n23m0164.hpc.itc.rwth-aachen.de",87,"87","uds",unix,64,4194304,10,50,81.224,24.651,51.6712,50.452,85.279,1.5174,1.51645
34,"n23m0164.hpc.itc.rwth-aachen.de",34,"34","uds",88,"n23m0164.hpc.itc.rwth-aachen.de",88,"88","uds",unix,64,4194304,10,50,80.019,28.436,51.7682,52.736,70.877,1.52109,1.52145
34,"n23m0164.hpc.itc.rwth-aachen.de",34,"34","uds",89,"n23m0164.hpc.itc.rwth-aachen.de",89,"89","uds",unix,64,4194304,10,50,77.429,28.193,50.8102,51.5445,76.048,1.82452,1.9186
34,"n23m0164.hpc.itc.rwth-aachen.de",34,"34","uds",90,"n23m0164.hpc.itc.rwth-aachen.de",90,"90","uds",unix,64,4194304,10,50,83.569,27.149,49.7517,50.483,72.301,1.54244,1.54061
34,"n23m0164.hpc.itc.rwth-aachen.de",34,"34","uds",91,"n23m0164.hpc.itc.rwth-aachen.de",91,"91","uds",unix,64,4194304,10,50,78.06,28.731,51.4127,50.8355,84.217,1.52526,1.52485
34,"n23m0164.hpc.itc.rwth-aachen.de",34,"34","uds",92,"n23m0164.hpc.itc.rwth-aachen.de",92,"92","uds",unix,64,4194304,10,50,75.155,29.623,50.4537,50.0805,82.49,1.52987,1.53022
34,"n23m0164.hpc.itc.rwth-aachen.de",34,"34","uds",93,"n23m0164.hpc.itc.rwth-aachen.de",93,"93","uds",unix,64,4194304,10,50,71.697,26.401,50.7318,50.039,79.015,1.69814,1.82644
34,"n23m0164.hpc.itc.rwth-aachen.de",34,"34","uds",94,"n23m0164.hpc.itc.rwth-aachen.de",94,"94","uds",unix,64,4194304,10,50,57.909,23.562,40.4923,41.289,55.774,1.53541,1.54298
34,"n23m0164.hpc.itc.rwth-aachen.de",34,"34","uds",95,"n23m0164.hpc.itc.rwth-aachen.de",95,"95","uds",unix,64,4194304,10,50,76.014,28.323,51.0802,52.8575,73.185,1.52301,1.523
35,"n23m0164.hpc.itc.rwth-aachen.de",35,"35","uds",36,"n23m0164.hpc.itc.rwth-aachen.de",36,"36","uds",unix,64,4194304,10,50,148.411,24.914,32.5947,32.4345,43.614,4.66473,4.55041
35,"n23m0164.hpc.itc.rwth-aachen.de",35,"35","uds",37,"n23m0164.hpc.itc.rwth-aachen.de",37,"37","uds",unix,64,4194304,10,50,48.441,19.392,23.057,22.745,31.992,5.80653,5.7854
35,"n23m0164.hpc.itc.rwth-aachen.de",35,"35","uds",38,"n23m0164.hpc.itc.rwth-aachen.de",38,"38","uds",unix,64,4194304,10,50,45.441,19.53,22.2346,21.8855,31.509,5.44052,5.46453
35,"n23m0164.hpc.itc.rwth-aachen.de",35,"35","uds",39,"n23m0164.hpc.itc.rwth-aachen.de",39,"39","uds",unix,64,4194304,10,50,47.069,18.372,23.3256,22.955,30.342,5.69415,5.67106
35,"n23m0164.hpc.itc.rwth-aachen.de",35,"35","uds",40,"n23m0164.hpc.itc.rwth-aachen.de",40,"40","uds",unix,64,4194304,10,50,49.031,14.689,23.3342,22.5485,41.991,5.66345,5.65612
35,"n23m0164.hpc.itc.rwth-aachen.de",35,"35","uds",41,"n23m0164.hpc.itc.rwth-aachen.de",41,"41","uds",unix,64,4194304,10,50,57.168,15.142,23.0825,22.6595,42.212,5.69633,5.68039
35,"n23m0164.hpc.itc.rwth-aachen.de",35,"35","uds",42,"n23m0164.hpc.itc.rwth-aachen.de",42,"42","uds",unix,64,4194304,10,50,42.241,13.83,22.3625,21.897,40.543,5.63684,5.63282
35,"n23m0164.hpc.itc.rwth-aachen.de",35,"35","uds",43,"n23m0164.hpc.itc.rwth-aachen.de",43,"43","uds",unix,64,4194304,10,50,45.671,18.53,22.5595,22.386,32.27,5.70129,5.70224
35,"n23m0164.hpc.itc.rwth-aachen.de",35,"35","uds",44,"n23m0164.hpc.itc.rwth-aachen.de",44,"44","uds",unix,64,4194304,10,50,42.795,18.604,22.4617,22.1565,32.942,5.58078,5.58243
35,"n23m0164.hpc.itc.rwth-aachen.de",35,"35","uds",45,"n23m0164.hpc.itc.rwth-aachen.de",45,"45","uds",unix,64,4194304,10,50,38.969,19.711,22.533,21.91,32.817,5.63895,5.66569
35,"n23m0164.hpc.itc.rwth-aachen.de",35,"35","uds",46,"n23m0164.hpc.itc.rwth-aachen.de",46,"46","uds",unix,64,4194304,10,50,44.112,18.756,22.8887,22.584,30.658,5.54805,5.55068
35,"n23m0164.hpc.itc.rwth-aachen.de",35,"35","uds",47,"n23m0164.hpc.itc.rwth-aachen.de",47,"47","uds",unix,64,4194304,10,50,45.078,19.203,22.6199,22.3225,33.243,5.54551,5.54174
35,"n23m0164.hpc.itc.rwth-aachen.de",35,"35","uds",48,"n23m0164.hpc.itc.rwth-aachen.de",48,"48","uds",unix,64,4194304,10,50,53.937,26.827,36.1686,35.5375,47.597,2.06486,2.05129
35,"n23m0164.hpc.itc.rwth-aachen.de",35,"35","uds",49,"n23m0164.hpc.itc.rwth-aachen.de",49,"49","uds",unix,64,4194304,10,50,84.88,30.01,54.3959,54.03,84.094,1.50187,1.54055
35,"n23m0164.hpc.itc.rwth-aachen.de",35,"35","uds",50,"n23m0164.hpc.itc.rwth-aachen.de",50,"50","uds",unix,64,4194304,10,50,77.774,23.435,45.0637,44.4995,77.896,1.88518,1.93363
35,"n23m0164.hpc.itc.rwth-aachen.de",35,"35","uds",51,"n23m0164.hpc.itc.rwth-aachen.de",51,"51","uds",unix,64,4194304,10,50,94.073,27.478,53.7315,53.866,98.575,1.48721,1.48057
35,"n23m0164.hpc.itc.rwth-aachen.de",35,"35","uds",52,"n23m0164.hpc.itc.rwth-aachen.de",52,"52","uds",unix,64,4194304,10,50,95.137,35.358,54.6896,53.585,77.253,1.49389,1.49425
35,"n23m0164.hpc.itc.rwth-aachen.de",35,"35","uds",53,"n23m0164.hpc.itc.rwth-aachen.de",53,"53","uds",unix,64,4194304,10,50,81.619,29.26,52.4497,52.661,68.389,1.52398,1.63616
35,"n23m0164.hpc.itc.rwth-aachen.de",35,"35","uds",54,"n23m0164.hpc.itc.rwth-aachen.de",54,"54","uds",unix,64,4194304,10,50,56.61,26.626,37.4397,38.355,48.132,1.51921,1.73197
35,"n23m0164.hpc.itc.rwth-aachen.de",35,"35","uds",55,"n23m0164.hpc.itc.rwth-aachen.de",55,"55","uds",unix,64,4194304,10,50,81.101,38.125,53.1611,51.2345,77.044,1.48334,1.48293
35,"n23m0164.hpc.itc.rwth-aachen.de",35,"35","uds",56,"n23m0164.hpc.itc.rwth-aachen.de",56,"56","uds",unix,64,4194304,10,50,76.268,29.013,50.1779,51.2905,66.822,1.52286,1.52346
35,"n23m0164.hpc.itc.rwth-aachen.de",35,"35","uds",57,"n23m0164.hpc.itc.rwth-aachen.de",57,"57","uds",unix,64,4194304,10,50,82.491,34.835,54.1212,53.8725,79.966,1.97965,2.00402
35,"n23m0164.hpc.itc.rwth-aachen.de",35,"35","uds",58,"n23m0164.hpc.itc.rwth-aachen.de",58,"58","uds",unix,64,4194304,10,50,64.872,24.641,42.6992,43.1595,61.275,1.50151,1.50136
35,"n23m0164.hpc.itc.rwth-aachen.de",35,"35","uds",59,"n23m0164.hpc.itc.rwth-aachen.de",59,"59","uds",unix,64,4194304,10,50,99.454,31.613,53.504,52.628,94.341,1.50157,1.50244
35,"n23m0164.hpc.itc.rwth-aachen.de",35,"35","uds",60,"n23m0164.hpc.itc.rwth-aachen.de",60,"60","uds",unix,64,4194304,10,50,88.665,30.221,53.776,53.132,96.676,1.51139,1.5105
35,"n23m0164.hpc.itc.rwth-aachen.de",35,"35","uds",61,"n23m0164.hpc.itc.rwth-aachen.de",61,"61","uds",unix,64,4194304,10,50,83.806,29.289,53.9099,55.3595,76.245,2.06478,2.08568
35,"n23m0164.hpc.itc.rwth-aachen.de",35,"35","uds",62,"n23m0164.hpc.itc.rwth-aachen.de",62,"62","uds",unix,64,4194304,10,50,88.724,31.548,52.8738,53.642,88.054,1.51962,1.52002
35,"n23m0164.hpc.itc.rwth-aachen.de",35,"35","uds",63,"n23m0164.hpc.itc.rwth-aachen.de",63,"63","uds",unix,64,4194304,10,50,79.383,30.018,53.247,54.745,77.706,1.49785,1.49628
35,"n23m0164.hpc.itc.rwth-aachen.de",35,"35","uds",64,"n23m0164.hpc.itc.rwth-aachen.de",64,"64","uds",unix,64,4194304,10,50,76.485,30.359,51.9043,52.0475,85.6,1.52457,1.52626
35,"n23m0164.hpc.itc.rwth-aachen.de",35,"35","uds",65,"n23m0164.hpc.itc.rwth-aachen.de",65,"65","uds",unix,64,4194304,10,50,80.202,27.51,50.1535,51.657,69.902,2.03761,2.04904
35,"n23m0164.hpc.itc.rwth-aachen.de",35,"35","uds",66,"n23m0164.hpc.itc.rwth-aachen.de",66,"66","uds",unix,64,4194304,10,50,77.224,29.436,53.0835,50.893,91.787,1.52045,1.51985
35,"n23m0164.hpc.itc.rwth-aachen.de",35,"35","uds",67,"n23m0164.hpc.itc.rwth-aachen.de",67,"67","uds",unix,64,4194304,10,50,74.78,33.561,53.2435,54.282,70.626,1.52485,1.52438
35,"n23m0164.hpc.itc.rwth-aachen.de",35,"35","uds",68,"n23m0164.hpc.itc.rwth-aachen.de",68,"68","uds",unix,64,4194304,10,50,75.625,31.167,53.7943,53.225,83.161,1.54893,1.6878
35,"n23m0164.hpc.itc.rwth-aachen.de",35,"35","uds",69,"n23m0164.hpc.itc.rwth-aachen.de",69,"69","uds",unix,64,4194304,10,50,52.509,23.391,36.3786,36.0215,52.274,1.50464,1.6802
35,"n23m0164.hpc.itc.rwth-aachen.de",35,"35","uds",70,"n23m0164.hpc.itc.rwth-aachen.de",70,"70","uds",unix,64,4194304,10,50,85.66,31.294,53.7596,52.5775,73.961,1.49764,1.49697
35,"n23m0164.hpc.itc.rwth-aachen.de",35,"35","uds",71,"n23m0164.hpc.itc.rwth-aachen.de",71,"71","uds",unix,64,4194304,10,50,81.322,30.892,53.3716,51.467,75.33,1.50978,1.51051
35,"n23m0164.hpc.itc.rwth-aachen.de",35,"35","uds",72,"n23m0164.hpc.itc.rwth-aachen.de",72,"72","uds",unix,64,4194304,10,50,75.172,30.142,52.4038,53.259,78.284,1.77099,1.9337
35,"n23m0164.hpc.itc.rwth-aachen.de",35,"35","uds",73,"n23m0164.hpc.itc.rwth-aachen.de",73,"73","uds",unix,64,4194304,10,50,55.358,28.689,38.5321,38.527,61.134,1.50449,1.5326
35,"n23m0164.hpc.itc.rwth-aachen.de",35,"35","uds",74,"n23m0164.hpc.itc.rwth-aachen.de",74,"74","uds",unix,64,4194304,10,50,96.088,29.87,52.6869,52.2845,75.454,1.47259,1.47132
35,"n23m0164.hpc.itc.rwth-aachen.de",35,"35","uds",75,"n23m0164.hpc.itc.rwth-aachen.de",75,"75","uds",unix,64,4194304,10,50,86.44,32.07,52.7477,51.668,103.725,1.50571,1.50673
35,"n23m0164.hpc.itc.rwth-aachen.de",35,"35","uds",76,"n23m0164.hpc.itc.rwth-aachen.de",76,"76","uds",unix,64,4194304,10,50,74.976,26.378,51.6834,51.209,87.229,2.03438,2.09065
35,"n23m0164.hpc.itc.rwth-aachen.de",35,"35","uds",77,"n23m0164.hpc.itc.rwth-aachen.de",77,"77","uds",unix,64,4194304,10,50,72.07,27.988,51.9092,52.378,77.221,1.50126,1.4997
35,"n23m0164.hpc.itc.rwth-aachen.de",35,"35","uds",78,"n23m0164.hpc.itc.rwth-aachen.de",78,"78","uds",unix,64,4194304,10,50,78.027,32.087,52.4292,51.1305,76.916,1.52587,1.52577
35,"n23m0164.hpc.itc.rwth-aachen.de",35,"35","uds",79,"n23m0164.hpc.itc.rwth-aachen.de",79,"79","uds",unix,64,4194304,10,50,79.936,28.86,52.9111,52.4825,89.652,1.53186,1.53328
35,"n23m0164.hpc.itc.rwth-aachen.de",35,"35","uds",80,"n23m0164.hpc.itc.rwth-aachen.de",80,"80","uds",unix,64,4194304,10,50,94.965,27.314,48.5796,47.352,77.273,2.06757,2.03567
35,"n23m0164.hpc.itc.rwth-aachen.de",35,"35","uds",81,"n23m0164.hpc.itc.rwth-aachen.de",81,"81","uds",unix,64,4194304,10,50,73.172,37.056,53.6007,53.597,72.636,1.52196,1.52368
35,"n23m0164.hpc.itc.rwth-aachen.de",35,"35","uds",82,"n23m0164.hpc.itc.rwth-aachen.de",82,"82","uds",unix,64,4194304,10,50,67.368,26.605,51.8263,51.516,83.025,1.51594,1.51501
35,"n23m0164.hpc.itc.rwth-aachen.de",35,"35","uds",83,"n23m0164.hpc.itc.rwth-aachen.de",83,"83","uds",unix,64,4194304,10,50,71.297,30.032,52.6335,51.4315,81.439,1.49346,1.55103
35,"n23m0164.hpc.itc.rwth-aachen.de",35,"35","uds",84,"n23m0164.hpc.itc.rwth-aachen.de",84,"84","uds",unix,64,4194304,10,50,65.507,24.359,45.4539,45.5305,62.252,1.55452,1.80519
35,"n23m0164.hpc.itc.rwth-aachen.de",35,"35","uds",85,"n23m0164.hpc.itc.rwth-aachen.de",85,"85","uds",unix,64,4194304,10,50,72.018,30.44,52.178,52.3165,78.72,1.50922,1.50803
35,"n23m0164.hpc.itc.rwth-aachen.de",35,"35","uds",86,"n23m0164.hpc.itc.rwth-aachen.de",86,"86","uds",unix,64,4194304,10,50,76.85,27.653,50.782,51.51,101.539,1.51259,1.51245
35,"n23m0164.hpc.itc.rwth-aachen.de",35,"35","uds",87,"n23m0164.hpc.itc.rwth-aachen.de",87,"87","uds",unix,64,4194304,10,50,82.625,29.15,51.5851,52.9035,76.606,1.52537,1.7005
35,"n23m0164.hpc.itc.rwth-aachen.de",35,"35","uds",88,"n23m0164.hpc.itc.rwth-aachen.de",88,"88","uds",unix,64,4194304,10,50,49.817,19.516,35.1064,34.175,49.263,1.52192,1.68033
35,"n23m0164.hpc.itc.rwth-aachen.de",35,"35","uds",89,"n23m0164.hpc.itc.rwth-aachen.de",89,"89","uds",unix,64,4194304,10,50,71.983,27.794,51.2342,51.291,75.407,1.49547,1.44327
35,"n23m0164.hpc.itc.rwth-aachen.de",35,"35","uds",90,"n23m0164.hpc.itc.rwth-aachen.de",90,"90","uds",unix,64,4194304,10,50,93.001,28.818,51.837,51.0405,75.711,1.51394,1.51316
35,"n23m0164.hpc.itc.rwth-aachen.de",35,"35","uds",91,"n23m0164.hpc.itc.rwth-aachen.de",91,"91","uds",unix,64,4194304,10,50,82.196,32.017,51.8548,52.3135,75.341,1.98535,2.02823
35,"n23m0164.hpc.itc.rwth-aachen.de",35,"35","uds",92,"n23m0164.hpc.itc.rwth-aachen.de",92,"92","uds",unix,64,4194304,10,50,75.084,24.998,46.1222,46.1465,69.436,1.49833,1.4981
35,"n23m0164.hpc.itc.rwth-aachen.de",35,"35","uds",93,"n23m0164.hpc.itc.rwth-aachen.de",93,"93","uds",unix,64,4194304,10,50,81.879,31.057,52.716,52.175,73.383,1.51809,1.51765
35,"n23m0164.hpc.itc.rwth-aachen.de",35,"35","uds",94,"n23m0164.hpc.itc.rwth-aachen.de",94,"94","uds",unix,64,4194304,10,50,87.444,28.375,52.5262,51.857,76.691,1.51225,1.51344
35,"n23m0164.hpc.itc.rwth-aachen.de",35,"35","uds",95,"n23m0164.hpc.itc.rwth-aachen.de",95,"95","uds",unix,64,4194304,10,50,83.659,27.048,53.3586,52.521,85.693,1.95625,2.00994
36,"n23m0164.hpc.itc.rwth-aachen.de",36,"36","uds",37,"n23m0164.hpc.itc.rwth-aachen.de",37,"37","uds",unix,64,4194304,10,50,134.863,27.705,37.7078,37.781,48.698,3.56565,3.57559
36,"n23m0164.hpc.itc.rwth-aachen.de",36,"36","uds",38,"n23m0164.hpc.itc.rwth-aachen.de",38,"38","uds",unix,64,4194304,10,50,70.902,26.995,34.4538,33.965,56.926,4.84926,4.69659
36,"n23m0164.hpc.itc.rwth-aachen.de",36,"36","uds",39,"n23m0164.hpc.itc.rwth-aachen.de",39,"39","uds",unix,64,4194304,10,50,49.647,22.467,26.249,25.7765,33.602,5.03207,5.03322
36,"n23m0164.hpc.itc.rwth-aachen.de",36,"36","uds",40,"n23m0164.hpc.itc.rwth-aachen.de",40,"40","uds",unix,64,4194304,10,50,52.952,20.42,27.5872,27.586,33.642,4.4664,4.4752
36,"n23m0164.hpc.itc.rwth-aachen.de",36,"36","uds",41,"n23m0164.hpc.itc.rwth-aachen.de",41,"41","uds",unix,64,4194304,10,50,63.465,24.802,28.8753,28.622,37.854,5.15845,5.15197
36,"n23m0164.hpc.itc.rwth-aachen.de",36,"36","uds",42,"n23m0164.hpc.itc.rwth-aachen.de",42,"42","uds",unix,64,4194304,10,50,53.021,19.329,25.5079,25.2315,49.904,5.01855,5.02484
36,"n23m0164.hpc.itc.rwth-aachen.de",36,"36","uds",43,"n23m0164.hpc.itc.rwth-aachen.de",43,"43","uds",unix,64,4194304,10,50,58.752,22.086,27.0471,27.464,35.235,4.49114,4.50727
36,"n23m0164.hpc.itc.rwth-aachen.de",36,"36","uds",44,"n23m0164.hpc.itc.rwth-aachen.de",44,"44","uds",unix,64,4194304,10,50,54.475,21.876,28.4868,28.292,36.328,4.2745,4.26871
36,"n23m0164.hpc.itc.rwth-aachen.de",36,"36","uds",45,"n23m0164.hpc.itc.rwth-aachen.de",45,"45","uds",unix,64,4194304,10,50,53.003,21.318,28.1818,28.304,35.768,4.75315,4.72367
36,"n23m0164.hpc.itc.rwth-aachen.de",36,"36","uds",46,"n23m0164.hpc.itc.rwth-aachen.de",46,"46","uds",unix,64,4194304,10,50,56.148,22.236,27.7603,27.1775,34.943,4.28975,4.31076
36,"n23m0164.hpc.itc.rwth-aachen.de",36,"36","uds",47,"n23m0164.hpc.itc.rwth-aachen.de",47,"47","uds",unix,64,4194304,10,50,58.598,23.82,29.5198,29.4,41.491,5.21878,5.13035
36,"n23m0164.hpc.itc.rwth-aachen.de",36,"36","uds",48,"n23m0164.hpc.itc.rwth-aachen.de",48,"48","uds",unix,64,4194304,10,50,54.787,29.481,37.6465,38.041,45.441,1.50747,1.75627
36,"n23m0164.hpc.itc.rwth-aachen.de",36,"36","uds",49,"n23m0164.hpc.itc.rwth-aachen.de",49,"49","uds",unix,64,4194304,10,50,82.537,34.813,54.0715,54.289,76.489,1.51194,1.51301
36,"n23m0164.hpc.itc.rwth-aachen.de",36,"36","uds",50,"n23m0164.hpc.itc.rwth-aachen.de",50,"50","uds",unix,64,4194304,10,50,76.463,27.903,50.1275,51.347,83.482,2.02199,2.01993
36,"n23m0164.hpc.itc.rwth-aachen.de",36,"36","uds",51,"n23m0164.hpc.itc.rwth-aachen.de",51,"51","uds",unix,64,4194304,10,50,91.818,30.04,54.4841,56.0535,71.444,1.50968,1.50913
36,"n23m0164.hpc.itc.rwth-aachen.de",36,"36","uds",52,"n23m0164.hpc.itc.rwth-aachen.de",52,"52","uds",unix,64,4194304,10,50,87.674,29.878,53.581,52.238,74.239,1.50598,1.50728
36,"n23m0164.hpc.itc.rwth-aachen.de",36,"36","uds",53,"n23m0164.hpc.itc.rwth-aachen.de",53,"53","uds",unix,64,4194304,10,50,83.751,37.082,53.7833,52.8505,73.264,1.51933,1.51721
36,"n23m0164.hpc.itc.rwth-aachen.de",36,"36","uds",54,"n23m0164.hpc.itc.rwth-aachen.de",54,"54","uds",unix,64,4194304,10,50,95.799,31.713,52.9907,52.6645,74.524,1.95794,2.0323
36,"n23m0164.hpc.itc.rwth-aachen.de",36,"36","uds",55,"n23m0164.hpc.itc.rwth-aachen.de",55,"55","uds",unix,64,4194304,10,50,85.61,32.261,51.9155,51.845,84.284,1.48907,1.48948
36,"n23m0164.hpc.itc.rwth-aachen.de",36,"36","uds",56,"n23m0164.hpc.itc.rwth-aachen.de",56,"56","uds",unix,64,4194304,10,50,80.606,35.741,53.6007,54.3005,77.214,1.52264,1.52278
36,"n23m0164.hpc.itc.rwth-aachen.de",36,"36","uds",57,"n23m0164.hpc.itc.rwth-aachen.de",57,"57","uds",unix,64,4194304,10,50,82.098,27.339,54.7982,53.4775,79.703,1.5032,1.50224
36,"n23m0164.hpc.itc.rwth-aachen.de",36,"36","uds",58,"n23m0164.hpc.itc.rwth-aachen.de",58,"58","uds",unix,64,4194304,10,50,76.962,31.14,51.2541,53.2915,74.644,2.03835,2.07853
36,"n23m0164.hpc.itc.rwth-aachen.de",36,"36","uds",59,"n23m0164.hpc.itc.rwth-aachen.de",59,"59","uds",unix,64,4194304,10,50,65.942,24.326,47.7442,46.315,68.546,1.51846,1.51866
36,"n23m0164.hpc.itc.rwth-aachen.de",36,"36","uds",60,"n23m0164.hpc.itc.rwth-aachen.de",60,"60","uds",unix,64,4194304,10,50,89.265,28.515,53.0326,54.41,74.694,1.51384,1.51288
36,"n23m0164.hpc.itc.rwth-aachen.de",36,"36","uds",61,"n23m0164.hpc.itc.rwth-aachen.de",61,"61","uds",unix,64,4194304,10,50,79.873,32.018,54.7561,51.5265,104.149,1.53028,1.53042
36,"n23m0164.hpc.itc.rwth-aachen.de",36,"36","uds",62,"n23m0164.hpc.itc.rwth-aachen.de",62,"62","uds",unix,64,4194304,10,50,82.448,35.56,54.3625,53.5605,82.38,2.06228,2.09627
36,"n23m0164.hpc.itc.rwth-aachen.de",36,"36","uds",63,"n23m0164.hpc.itc.rwth-aachen.de",63,"63","uds",unix,64,4194304,10,50,73.223,25.986,47.4803,47.668,65.154,1.50131,1.50112
36,"n23m0164.hpc.itc.rwth-aachen.de",36,"36","uds",64,"n23m0164.hpc.itc.rwth-aachen.de",64,"64","uds",unix,64,4194304,10,50,84.963,29.945,52.4799,51.5695,81.229,1.52004,1.51833
36,"n23m0164.hpc.itc.rwth-aachen.de",36,"36","uds",65,"n23m0164.hpc.itc.rwth-aachen.de",65,"65","uds",unix,64,4194304,10,50,82.602,27.572,51.9304,50.9315,86.415,1.52666,1.52778
36,"n23m0164.hpc.itc.rwth-aachen.de",36,"36","uds",66,"n23m0164.hpc.itc.rwth-aachen.de",66,"66","uds",unix,64,4194304,10,50,82.273,35.053,53.0347,53.101,76.888,1.51726,1.57245
36,"n23m0164.hpc.itc.rwth-aachen.de",36,"36","uds",67,"n23m0164.hpc.itc.rwth-aachen.de",67,"67","uds",unix,64,4194304,10,50,69.463,30.319,45.9018,46.156,69.653,1.65721,1.85914
36,"n23m0164.hpc.itc.rwth-aachen.de",36,"36","uds",68,"n23m0164.hpc.itc.rwth-aachen.de",68,"68","uds",unix,64,4194304,10,50,82.223,29.061,54.3038,53.281,76.023,1.5289,1.52685
36,"n23m0164.hpc.itc.rwth-aachen.de",36,"36","uds",69,"n23m0164.hpc.itc.rwth-aachen.de",69,"69","uds",unix,64,4194304,10,50,84.565,30.592,53.9941,54.2585,69.725,1.50093,1.49863
36,"n23m0164.hpc.itc.rwth-aachen.de",36,"36","uds",70,"n23m0164.hpc.itc.rwth-aachen.de",70,"70","uds",unix,64,4194304,10,50,86.004,35.615,52.0365,51.006,76.61,1.50275,1.50593
36,"n23m0164.hpc.itc.rwth-aachen.de",36,"36","uds",71,"n23m0164.hpc.itc.rwth-aachen.de",71,"71","uds",unix,64,4194304,10,50,77.421,26.677,48.6962,48.8375,72.966,1.80656,1.87294
36,"n23m0164.hpc.itc.rwth-aachen.de",36,"36","uds",72,"n23m0164.hpc.itc.rwth-aachen.de",72,"72","uds",unix,64,4194304,10,50,73.417,28.19,51.3175,51.5645,76.642,1.52752,1.52874
36,"n23m0164.hpc.itc.rwth-aachen.de",36,"36","uds",73,"n23m0164.hpc.itc.rwth-aachen.de",73,"73","uds",unix,64,4194304,10,50,73.945,28.505,51.4985,50.319,74.991,1.51669,1.51714
36,"n23m0164.hpc.itc.rwth-aachen.de",36,"36","uds",74,"n23m0164.hpc.itc.rwth-aachen.de",74,"74","uds",unix,64,4194304,10,50,80.63,27.284,52.227,51.414,78.764,1.50932,1.62336
36,"n23m0164.hpc.itc.rwth-aachen.de",36,"36","uds",75,"n23m0164.hpc.itc.rwth-aachen.de",75,"75","uds",unix,64,4194304,10,50,60.132,19.561,36.0742,35.877,55.89,1.51276,1.61297
36,"n23m0164.hpc.itc.rwth-aachen.de",36,"36","uds",76,"n23m0164.hpc.itc.rwth-aachen.de",76,"76","uds",unix,64,4194304,10,50,80.582,33.447,52.0296,52.305,76.849,1.51891,1.51471
36,"n23m0164.hpc.itc.rwth-aachen.de",36,"36","uds",77,"n23m0164.hpc.itc.rwth-aachen.de",77,"77","uds",unix,64,4194304,10,50,92.467,27.736,51.7654,50.626,81.947,1.50528,1.50654
36,"n23m0164.hpc.itc.rwth-aachen.de",36,"36","uds",78,"n23m0164.hpc.itc.rwth-aachen.de",78,"78","uds",unix,64,4194304,10,50,101.719,27.591,52.1611,47.981,92.091,1.96086,2.03221
36,"n23m0164.hpc.itc.rwth-aachen.de",36,"36","uds",79,"n23m0164.hpc.itc.rwth-aachen.de",79,"79","uds",unix,64,4194304,10,50,84.3,29.227,50.8209,50.424,74.561,1.53783,1.53414
36,"n23m0164.hpc.itc.rwth-aachen.de",36,"36","uds",80,"n23m0164.hpc.itc.rwth-aachen.de",80,"80","uds",unix,64,4194304,10,50,76.362,31.263,53.8201,53.657,84.212,1.49512,1.49776
36,"n23m0164.hpc.itc.rwth-aachen.de",36,"36","uds",81,"n23m0164.hpc.itc.rwth-aachen.de",81,"81","uds",unix,64,4194304,10,50,78.121,31.456,51.2428,50.2605,78.585,1.5301,1.52977
36,"n23m0164.hpc.itc.rwth-aachen.de",36,"36","uds",82,"n23m0164.hpc.itc.rwth-aachen.de",82,"82","uds",unix,64,4194304,10,50,75.44,28.539,51.2272,49.222,89.702,2.03487,2.07024
36,"n23m0164.hpc.itc.rwth-aachen.de",36,"36","uds",83,"n23m0164.hpc.itc.rwth-aachen.de",83,"83","uds",unix,64,4194304,10,50,74.583,27.8,51.1339,50.5045,81.214,1.49004,1.48929
36,"n23m0164.hpc.itc.rwth-aachen.de",36,"36","uds",84,"n23m0164.hpc.itc.rwth-aachen.de",84,"84","uds",unix,64,4194304,10,50,80.95,27.598,50.4247,50.394,72.497,1.51913,1.51629
36,"n23m0164.hpc.itc.rwth-aachen.de",36,"36","uds",85,"n23m0164.hpc.itc.rwth-aachen.de",85,"85","uds",unix,64,4194304,10,50,89.255,36.757,53.5939,53.023,86.498,1.52518,1.52481
36,"n23m0164.hpc.itc.rwth-aachen.de",36,"36","uds",86,"n23m0164.hpc.itc.rwth-aachen.de",86,"86","uds",unix,64,4194304,10,50,100.307,31.754,51.3592,51.3025,66.717,2.04629,2.07974
36,"n23m0164.hpc.itc.rwth-aachen.de",36,"36","uds",87,"n23m0164.hpc.itc.rwth-aachen.de",87,"87","uds",unix,64,4194304,10,50,72.36,25.328,45.7254,45.3875,87.386,1.5245,1.52615
36,"n23m0164.hpc.itc.rwth-aachen.de",36,"36","uds",88,"n23m0164.hpc.itc.rwth-aachen.de",88,"88","uds",unix,64,4194304,10,50,80.624,25.534,52.2911,51.09,92.512,1.53029,1.53008
36,"n23m0164.hpc.itc.rwth-aachen.de",36,"36","uds",89,"n23m0164.hpc.itc.rwth-aachen.de",89,"89","uds",unix,64,4194304,10,50,82.494,28.831,53.5432,53.833,77.105,1.52835,1.52784
36,"n23m0164.hpc.itc.rwth-aachen.de",36,"36","uds",90,"n23m0164.hpc.itc.rwth-aachen.de",90,"90","uds",unix,64,4194304,10,50,87.653,29.373,53.2664,51.5025,100.983,1.83543,1.93037
36,"n23m0164.hpc.itc.rwth-aachen.de",36,"36","uds",91,"n23m0164.hpc.itc.rwth-aachen.de",91,"91","uds",unix,64,4194304,10,50,81.686,28.482,52.0383,51.657,75.949,1.53708,1.53515
36,"n23m0164.hpc.itc.rwth-aachen.de",36,"36","uds",92,"n23m0164.hpc.itc.rwth-aachen.de",92,"92","uds",unix,64,4194304,10,50,79.414,31.78,52.6102,51.3185,75.449,1.52259,1.52149
36,"n23m0164.hpc.itc.rwth-aachen.de",36,"36","uds",93,"n23m0164.hpc.itc.rwth-aachen.de",93,"93","uds",unix,64,4194304,10,50,76.555,27.92,51.8256,51.454,82.014,1.56122,1.72219
36,"n23m0164.hpc.itc.rwth-aachen.de",36,"36","uds",94,"n23m0164.hpc.itc.rwth-aachen.de",94,"94","uds",unix,64,4194304,10,50,58.624,21.061,37.626,37.2015,50.828,1.5397,1.63752
36,"n23m0164.hpc.itc.rwth-aachen.de",36,"36","uds",95,"n23m0164.hpc.itc.rwth-aachen.de",95,"95","uds",unix,64,4194304,10,50,90.833,27.971,52.3292,52.042,84.144,1.51974,1.52006
37,"n23m0164.hpc.itc.rwth-aachen.de",37,"37","uds",38,"n23m0164.hpc.itc.rwth-aachen.de",38,"38","uds",unix,64,4194304,10,50,139.965,26.221,38.1574,37.8045,56.525,4.60334,4.51038
37,"n23m0164.hpc.itc.rwth-aachen.de",37,"37","uds",39,"n23m0164.hpc.itc.rwth-aachen.de",39,"39","uds",unix,64,4194304,10,50,53.536,20.815,25.763,25.329,35.203,5.13998,5.16143
37,"n23m0164.hpc.itc.rwth-aachen.de",37,"37","uds",40,"n23m0164.hpc.itc.rwth-aachen.de",40,"40","uds",unix,64,4194304,10,50,60.691,15.941,27.5248,27.072,46.718,4.10805,4.13941
37,"n23m0164.hpc.itc.rwth-aachen.de",37,"37","uds",41,"n23m0164.hpc.itc.rwth-aachen.de",41,"41","uds",unix,64,4194304,10,50,63.666,26.209,31.1592,31.0875,41.637,4.95513,4.94456
37,"n23m0164.hpc.itc.rwth-aachen.de",37,"37","uds",42,"n23m0164.hpc.itc.rwth-aachen.de",42,"42","uds",unix,64,4194304,10,50,51.795,17.073,25.8366,25.803,35.435,5.01007,5.03041
37,"n23m0164.hpc.itc.rwth-aachen.de",37,"37","uds",43,"n23m0164.hpc.itc.rwth-aachen.de",43,"43","uds",unix,64,4194304,10,50,57.158,22.35,27.2988,27.0725,35.67,3.70859,3.76249
37,"n23m0164.hpc.itc.rwth-aachen.de",37,"37","uds",44,"n23m0164.hpc.itc.rwth-aachen.de",44,"44","uds",unix,64,4194304,10,50,72.49,27.211,37.9602,37.8035,64.867,3.06816,3.07557
37,"n23m0164.hpc.itc.rwth-aachen.de",37,"37","uds",45,"n23m0164.hpc.itc.rwth-aachen.de",45,"45","uds",unix,64,4194304,10,50,69.008,26.659,36.0118,34.507,58.284,4.37295,4.2565
37,"n23m0164.hpc.itc.rwth-aachen.de",37,"37","uds",46,"n23m0164.hpc.itc.rwth-aachen.de",46,"46","uds",unix,64,4194304,10,50,61.283,22.656,29.5388,29.039,44.873,3.29031,3.3681
37,"n23m0164.hpc.itc.rwth-aachen.de",37,"37","uds",47,"n23m0164.hpc.itc.rwth-aachen.de",47,"47","uds",unix,64,4194304,10,50,64.325,23.107,32.8808,32.068,59.052,5.20233,5.14549
37,"n23m0164.hpc.itc.rwth-aachen.de",37,"37","uds",48,"n23m0164.hpc.itc.rwth-aachen.de",48,"48","uds",unix,64,4194304,10,50,59.579,21.327,36.8925,36.0915,53.151,1.5165,1.77276
37,"n23m0164.hpc.itc.rwth-aachen.de",37,"37","uds",49,"n23m0164.hpc.itc.rwth-aachen.de",49,"49","uds",unix,64,4194304,10,50,83.971,32.603,54.8612,55.964,87.245,1.49488,1.49502
37,"n23m0164.hpc.itc.rwth-aachen.de",37,"37","uds",50,"n23m0164.hpc.itc.rwth-aachen.de",50,"50","uds",unix,64,4194304,10,50,91.521,29.561,53.3605,52.849,90.092,1.52141,1.55933
37,"n23m0164.hpc.itc.rwth-aachen.de",37,"37","uds",51,"n23m0164.hpc.itc.rwth-aachen.de",51,"51","uds",unix,64,4194304,10,50,70.592,30.563,47.9162,46.962,76.249,1.71187,1.87312
37,"n23m0164.hpc.itc.rwth-aachen.de",37,"37","uds",52,"n23m0164.hpc.itc.rwth-aachen.de",52,"52","uds",unix,64,4194304,10,50,76.534,30.034,52.1192,51.896,77.595,1.5179,1.51522
37,"n23m0164.hpc.itc.rwth-aachen.de",37,"37","uds",53,"n23m0164.hpc.itc.rwth-aachen.de",53,"53","uds",unix,64,4194304,10,50,76.922,32.729,53.0292,51.8275,84.057,1.52761,1.52753
37,"n23m0164.hpc.itc.rwth-aachen.de",37,"37","uds",54,"n23m0164.hpc.itc.rwth-aachen.de",54,"54","uds",unix,64,4194304,10,50,85.168,29.629,52.7733,52.866,91.029,1.52434,1.59505
37,"n23m0164.hpc.itc.rwth-aachen.de",37,"37","uds",55,"n23m0164.hpc.itc.rwth-aachen.de",55,"55","uds",unix,64,4194304,10,50,49.971,28.391,37.6876,36.8305,54.298,1.50299,1.61888
37,"n23m0164.hpc.itc.rwth-aachen.de",37,"37","uds",56,"n23m0164.hpc.itc.rwth-aachen.de",56,"56","uds",unix,64,4194304,10,50,83.75,31.335,51.4695,51.496,80.775,1.52374,1.52597
37,"n23m0164.hpc.itc.rwth-aachen.de",37,"37","uds",57,"n23m0164.hpc.itc.rwth-aachen.de",57,"57","uds",unix,64,4194304,10,50,88.485,28.851,52.6797,52.423,80.927,1.50363,1.50422
37,"n23m0164.hpc.itc.rwth-aachen.de",37,"37","uds",58,"n23m0164.hpc.itc.rwth-aachen.de",58,"58","uds",unix,64,4194304,10,50,108.504,29.511,53.645,52.651,81.708,1.80527,1.98295
37,"n23m0164.hpc.itc.rwth-aachen.de",37,"37","uds",59,"n23m0164.hpc.itc.rwth-aachen.de",59,"59","uds",unix,64,4194304,10,50,57.261,22.392,39.9854,39.3035,57.53,1.5229,1.53365
37,"n23m0164.hpc.itc.rwth-aachen.de",37,"37","uds",60,"n23m0164.hpc.itc.rwth-aachen.de",60,"60","uds",unix,64,4194304,10,50,110.403,28.167,53.9437,51.9335,80.519,1.51886,1.51674
37,"n23m0164.hpc.itc.rwth-aachen.de",37,"37","uds",61,"n23m0164.hpc.itc.rwth-aachen.de",61,"61","uds",unix,64,4194304,10,50,85.97,30.853,53.112,52.076,83.012,1.53547,1.5337
37,"n23m0164.hpc.itc.rwth-aachen.de",37,"37","uds",62,"n23m0164.hpc.itc.rwth-aachen.de",62,"62","uds",unix,64,4194304,10,50,76.687,30.151,53.1671,51.875,82.559,1.72439,1.89727
37,"n23m0164.hpc.itc.rwth-aachen.de",37,"37","uds",63,"n23m0164.hpc.itc.rwth-aachen.de",63,"63","uds",unix,64,4194304,10,50,56.055,20.632,37.4973,37.049,52.578,1.50437,1.55092
37,"n23m0164.hpc.itc.rwth-aachen.de",37,"37","uds",64,"n23m0164.hpc.itc.rwth-aachen.de",64,"64","uds",unix,64,4194304,10,50,86.626,31.99,53.195,53.1265,73.689,1.5289,1.52894
37,"n23m0164.hpc.itc.rwth-aachen.de",37,"37","uds",65,"n23m0164.hpc.itc.rwth-aachen.de",65,"65","uds",unix,64,4194304,10,50,80.383,33.542,53.1989,53.9265,73.382,1.5328,1.53367
37,"n23m0164.hpc.itc.rwth-aachen.de",37,"37","uds",66,"n23m0164.hpc.itc.rwth-aachen.de",66,"66","uds",unix,64,4194304,10,50,82.909,33.291,53.6184,52.1195,74.602,2.03556,2.07121
37,"n23m0164.hpc.itc.rwth-aachen.de",37,"37","uds",67,"n23m0164.hpc.itc.rwth-aachen.de",67,"67","uds",unix,64,4194304,10,50,70.719,25.24,45.3228,45.525,75.108,1.54022,1.53998
37,"n23m0164.hpc.itc.rwth-aachen.de",37,"37","uds",68,"n23m0164.hpc.itc.rwth-aachen.de",68,"68","uds",unix,64,4194304,10,50,88.484,30.386,52.9062,51.421,81.799,1.53525,1.53378
37,"n23m0164.hpc.itc.rwth-aachen.de",37,"37","uds",69,"n23m0164.hpc.itc.rwth-aachen.de",69,"69","uds",unix,64,4194304,10,50,87.047,32.536,52.8542,53.2145,95.122,1.50447,1.5123
37,"n23m0164.hpc.itc.rwth-aachen.de",37,"37","uds",70,"n23m0164.hpc.itc.rwth-aachen.de",70,"70","uds",unix,64,4194304,10,50,78.323,27.275,48.1826,48.643,67.052,2.06924,2.03582
37,"n23m0164.hpc.itc.rwth-aachen.de",37,"37","uds",71,"n23m0164.hpc.itc.rwth-aachen.de",71,"71","uds",unix,64,4194304,10,50,90.052,30.826,52.3683,51.6215,85.01,1.51178,1.50998
37,"n23m0164.hpc.itc.rwth-aachen.de",37,"37","uds",72,"n23m0164.hpc.itc.rwth-aachen.de",72,"72","uds",unix,64,4194304,10,50,90.009,29.767,51.3974,51.109,81.239,1.53196,1.5306
37,"n23m0164.hpc.itc.rwth-aachen.de",37,"37","uds",73,"n23m0164.hpc.itc.rwth-aachen.de",73,"73","uds",unix,64,4194304,10,50,82.409,28.873,52.7315,52.085,92.756,1.57366,1.75089
37,"n23m0164.hpc.itc.rwth-aachen.de",37,"37","uds",74,"n23m0164.hpc.itc.rwth-aachen.de",74,"74","uds",unix,64,4194304,10,50,51.848,24.712,36.82,36.787,48.882,1.50626,1.6379
37,"n23m0164.hpc.itc.rwth-aachen.de",37,"37","uds",75,"n23m0164.hpc.itc.rwth-aachen.de",75,"75","uds",unix,64,4194304,10,50,91.966,29.001,51.6397,49.717,94.437,1.5272,1.52725
37,"n23m0164.hpc.itc.rwth-aachen.de",37,"37","uds",76,"n23m0164.hpc.itc.rwth-aachen.de",76,"76","uds",unix,64,4194304,10,50,81.083,32.409,52.5944,52.799,71.87,1.53172,1.53047
37,"n23m0164.hpc.itc.rwth-aachen.de",37,"37","uds",77,"n23m0164.hpc.itc.rwth-aachen.de",77,"77","uds",unix,64,4194304,10,50,72.897,28.634,51.4129,51.2595,92.402,1.54088,1.68317
37,"n23m0164.hpc.itc.rwth-aachen.de",37,"37","uds",78,"n23m0164.hpc.itc.rwth-aachen.de",78,"78","uds",unix,64,4194304,10,50,54.85,27.423,35.4806,34.74,56.969,1.55206,1.75806
37,"n23m0164.hpc.itc.rwth-aachen.de",37,"37","uds",79,"n23m0164.hpc.itc.rwth-aachen.de",79,"79","uds",unix,64,4194304,10,50,86.076,30.3,52.7801,52.5955,82.111,1.54993,1.54939
37,"n23m0164.hpc.itc.rwth-aachen.de",37,"37","uds",80,"n23m0164.hpc.itc.rwth-aachen.de",80,"80","uds",unix,64,4194304,10,50,73.187,29.038,52.1842,53.3735,80.45,1.52364,1.52323
37,"n23m0164.hpc.itc.rwth-aachen.de",37,"37","uds",81,"n23m0164.hpc.itc.rwth-aachen.de",81,"81","uds",unix,64,4194304,10,50,76.655,33.96,51.2511,53.7385,70.413,1.55324,1.70323
37,"n23m0164.hpc.itc.rwth-aachen.de",37,"37","uds",82,"n23m0164.hpc.itc.rwth-aachen.de",82,"82","uds",unix,64,4194304,10,50,44.429,27.009,37.3438,36.0375,50.654,1.54907,1.66364
37,"n23m0164.hpc.itc.rwth-aachen.de",37,"37","uds",83,"n23m0164.hpc.itc.rwth-aachen.de",83,"83","uds",unix,64,4194304,10,50,98.783,28.791,52.125,51.4035,84.654,1.5021,1.50278
37,"n23m0164.hpc.itc.rwth-aachen.de",37,"37","uds",84,"n23m0164.hpc.itc.rwth-aachen.de",84,"84","uds",unix,64,4194304,10,50,78.046,27.477,51.3704,49.5345,80.716,1.54677,1.548
37,"n23m0164.hpc.itc.rwth-aachen.de",37,"37","uds",85,"n23m0164.hpc.itc.rwth-aachen.de",85,"85","uds",unix,64,4194304,10,50,74.907,31.137,52.8504,53.532,74.916,1.80761,1.97873
37,"n23m0164.hpc.itc.rwth-aachen.de",37,"37","uds",86,"n23m0164.hpc.itc.rwth-aachen.de",86,"86","uds",unix,64,4194304,10,50,55.376,21.298,38.6988,38.8185,53.106,1.54498,1.56528
37,"n23m0164.hpc.itc.rwth-aachen.de",37,"37","uds",87,"n23m0164.hpc.itc.rwth-aachen.de",87,"87","uds",unix,64,4194304,10,50,82.053,29.585,52.7714,51.1895,83.334,1.53225,1.53199
37,"n23m0164.hpc.itc.rwth-aachen.de",37,"37","uds",88,"n23m0164.hpc.itc.rwth-aachen.de",88,"88","uds",unix,64,4194304,10,50,124.996,29.063,52.7835,52.792,78.285,1.52895,1.52981
37,"n23m0164.hpc.itc.rwth-aachen.de",37,"37","uds",89,"n23m0164.hpc.itc.rwth-aachen.de",89,"89","uds",unix,64,4194304,10,50,92.029,26.993,52.7005,52.445,89.136,1.75081,1.90677
37,"n23m0164.hpc.itc.rwth-aachen.de",37,"37","uds",90,"n23m0164.hpc.itc.rwth-aachen.de",90,"90","uds",unix,64,4194304,10,50,54.99,22.59,38.6148,39.8015,47.85,1.53102,1.57998
37,"n23m0164.hpc.itc.rwth-aachen.de",37,"37","uds",91,"n23m0164.hpc.itc.rwth-aachen.de",91,"91","uds",unix,64,4194304,10,50,75.098,31.473,50.7937,50.464,65.898,1.52521,1.52608
37,"n23m0164.hpc.itc.rwth-aachen.de",37,"37","uds",92,"n23m0164.hpc.itc.rwth-aachen.de",92,"92","uds",unix,64,4194304,10,50,94.617,28.761,51.9906,52.088,79.261,1.53392,1.53359
37,"n23m0164.hpc.itc.rwth-aachen.de",37,"37","uds",93,"n23m0164.hpc.itc.rwth-aachen.de",93,"93","uds",unix,64,4194304,10,50,91.443,28.971,52.8375,52.5015,74.261,1.89591,2.02286
37,"n23m0164.hpc.itc.rwth-aachen.de",37,"37","uds",94,"n23m0164.hpc.itc.rwth-aachen.de",94,"94","uds",unix,64,4194304,10,50,92.139,36.882,50.923,49.8115,69.835,1.52493,1.52563
37,"n23m0164.hpc.itc.rwth-aachen.de",37,"37","uds",95,"n23m0164.hpc.itc.rwth-aachen.de",95,"95","uds",unix,64,4194304,10,50,72.385,27.137,51.6278,51.932,88.62,1.52739,1.52885
38,"n23m0164.hpc.itc.rwth-aachen.de",38,"38","uds",39,"n23m0164.hpc.itc.rwth-aachen.de",39,"39","uds",unix,64,4194304,10,50,139.457,26.02,38.1232,37.8605,65.548,4.52641,4.46001
38,"n23m0164.hpc.itc.rwth-aachen.de",38,"38","uds",40,"n23m0164.hpc.itc.rwth-aachen.de",40,"40","uds",unix,64,4194304,10,50,54.618,20.234,25.9125,25.6885,33.392,5.14969,5.17196
38,"n23m0164.hpc.itc.rwth-aachen.de",38,"38","uds",41,"n23m0164.hpc.itc.rwth-aachen.de",41,"41","uds",unix,64,4194304,10,50,50.819,20.835,25.5165,25.415,32.951,5.22164,5.22772
38,"n23m0164.hpc.itc.rwth-aachen.de",38,"38","uds",42,"n23m0164.hpc.itc.rwth-aachen.de",42,"42","uds",unix,64,4194304,10,50,47.011,20.222,25.8098,25.2535,37.053,5.49501,5.52232
38,"n23m0164.hpc.itc.rwth-aachen.de",38,"38","uds",43,"n23m0164.hpc.itc.rwth-aachen.de",43,"43","uds",unix,64,4194304,10,50,50.6,19.87,25.158,25.2025,32.849,5.42153,5.49601
38,"n23m0164.hpc.itc.rwth-aachen.de",38,"38","uds",44,"n23m0164.hpc.itc.rwth-aachen.de",44,"44","uds",unix,64,4194304,10,50,47.335,20.593,25.643,25.521,33.078,5.42336,5.40732
38,"n23m0164.hpc.itc.rwth-aachen.de",38,"38","uds",45,"n23m0164.hpc.itc.rwth-aachen.de",45,"45","uds",unix,64,4194304,10,50,42.298,19.299,25.0462,25.294,34.288,5.42333,5.49879
38,"n23m0164.hpc.itc.rwth-aachen.de",38,"38","uds",46,"n23m0164.hpc.itc.rwth-aachen.de",46,"46","uds",unix,64,4194304,10,50,44.229,21.654,25.5971,25.317,31.947,5.47612,5.45413
38,"n23m0164.hpc.itc.rwth-aachen.de",38,"38","uds",47,"n23m0164.hpc.itc.rwth-aachen.de",47,"47","uds",unix,64,4194304,10,50,45.437,22.913,26.8457,26.493,41.168,5.39075,5.40536
38,"n23m0164.hpc.itc.rwth-aachen.de",38,"38","uds",48,"n23m0164.hpc.itc.rwth-aachen.de",48,"48","uds",unix,64,4194304,10,50,58.774,19.601,36.225,36.303,57.633,1.69463,1.83503
38,"n23m0164.hpc.itc.rwth-aachen.de",38,"38","uds",49,"n23m0164.hpc.itc.rwth-aachen.de",49,"49","uds",unix,64,4194304,10,50,87.169,31.709,53.9906,54.094,75.757,1.50745,1.62174
38,"n23m0164.hpc.itc.rwth-aachen.de",38,"38","uds",50,"n23m0164.hpc.itc.rwth-aachen.de",50,"50","uds",unix,64,4194304,10,50,58.816,21.508,37.8097,37.6495,56.681,1.52761,1.79581
38,"n23m0164.hpc.itc.rwth-aachen.de",38,"38","uds",51,"n23m0164.hpc.itc.rwth-aachen.de",51,"51","uds",unix,64,4194304,10,50,87.991,34.753,54.7393,54.9565,75.778,1.50434,1.50314
38,"n23m0164.hpc.itc.rwth-aachen.de",38,"38","uds",52,"n23m0164.hpc.itc.rwth-aachen.de",52,"52","uds",unix,64,4194304,10,50,79.561,29.319,53.646,53.6445,78.069,1.49266,1.49201
38,"n23m0164.hpc.itc.rwth-aachen.de",38,"38","uds",53,"n23m0164.hpc.itc.rwth-aachen.de",53,"53","uds",unix,64,4194304,10,50,81.451,26.448,54.162,53.682,80.759,1.53597,1.71899
38,"n23m0164.hpc.itc.rwth-aachen.de",38,"38","uds",54,"n23m0164.hpc.itc.rwth-aachen.de",54,"54","uds",unix,64,4194304,10,50,62.122,23.774,36.1728,36.616,47.202,1.50289,1.59018
38,"n23m0164.hpc.itc.rwth-aachen.de",38,"38","uds",55,"n23m0164.hpc.itc.rwth-aachen.de",55,"55","uds",unix,64,4194304,10,50,101.765,32.383,54.6477,53.266,75.756,1.49101,1.48892
38,"n23m0164.hpc.itc.rwth-aachen.de",38,"38","uds",56,"n23m0164.hpc.itc.rwth-aachen.de",56,"56","uds",unix,64,4194304,10,50,72.325,23.497,52.3736,53.373,85.714,1.5238,1.52299
38,"n23m0164.hpc.itc.rwth-aachen.de",38,"38","uds",57,"n23m0164.hpc.itc.rwth-aachen.de",57,"57","uds",unix,64,4194304,10,50,89.713,27.824,52.9282,51.6,81.582,1.50722,1.66075
38,"n23m0164.hpc.itc.rwth-aachen.de",38,"38","uds",58,"n23m0164.hpc.itc.rwth-aachen.de",58,"58","uds",unix,64,4194304,10,50,52.985,26.732,35.5702,35.2255,48.099,1.51889,1.69759
38,"n23m0164.hpc.itc.rwth-aachen.de",38,"38","uds",59,"n23m0164.hpc.itc.rwth-aachen.de",59,"59","uds",unix,64,4194304,10,50,80.974,28.633,52.5708,53.706,74.157,1.51256,1.51333
38,"n23m0164.hpc.itc.rwth-aachen.de",38,"38","uds",60,"n23m0164.hpc.itc.rwth-aachen.de",60,"60","uds",unix,64,4194304,10,50,90.805,27.481,53.4193,52.4615,93.129,1.49678,1.49577
38,"n23m0164.hpc.itc.rwth-aachen.de",38,"38","uds",61,"n23m0164.hpc.itc.rwth-aachen.de",61,"61","uds",unix,64,4194304,10,50,78.027,30.12,53.475,53.231,74.025,1.52284,1.55781
38,"n23m0164.hpc.itc.rwth-aachen.de",38,"38","uds",62,"n23m0164.hpc.itc.rwth-aachen.de",62,"62","uds",unix,64,4194304,10,50,70.929,25.45,46.3033,46.2355,66.945,1.87648,1.94254
38,"n23m0164.hpc.itc.rwth-aachen.de",38,"38","uds",63,"n23m0164.hpc.itc.rwth-aachen.de",63,"63","uds",unix,64,4194304,10,50,85.134,28.171,51.5488,52.8165,79.787,1.49438,1.49337
38,"n23m0164.hpc.itc.rwth-aachen.de",38,"38","uds",64,"n23m0164.hpc.itc.rwth-aachen.de",64,"64","uds",unix,64,4194304,10,50,80.337,28.316,53.7588,53.92,73.155,1.49664,1.45837
38,"n23m0164.hpc.itc.rwth-aachen.de",38,"38","uds",65,"n23m0164.hpc.itc.rwth-aachen.de",65,"65","uds",unix,64,4194304,10,50,91.063,28.914,53.3376,53.7955,73.375,1.72436,1.87943
38,"n23m0164.hpc.itc.rwth-aachen.de",38,"38","uds",66,"n23m0164.hpc.itc.rwth-aachen.de",66,"66","uds",unix,64,4194304,10,50,55.869,23.468,38.3103,37.8415,62.277,1.50891,1.55852
38,"n23m0164.hpc.itc.rwth-aachen.de",38,"38","uds",67,"n23m0164.hpc.itc.rwth-aachen.de",67,"67","uds",unix,64,4194304,10,50,79.352,32.905,53.5191,52.884,75.31,1.51472,1.514
38,"n23m0164.hpc.itc.rwth-aachen.de",38,"38","uds",68,"n23m0164.hpc.itc.rwth-aachen.de",68,"68","uds",unix,64,4194304,10,50,78.707,28.212,53.3877,53.174,81.827,1.50084,1.50071
38,"n23m0164.hpc.itc.rwth-aachen.de",38,"38","uds",69,"n23m0164.hpc.itc.rwth-aachen.de",69,"69","uds",unix,64,4194304,10,50,80.85,28.949,53.5892,53.9175,81.47,1.71494,1.87713
38,"n23m0164.hpc.itc.rwth-aachen.de",38,"38","uds",70,"n23m0164.hpc.itc.rwth-aachen.de",70,"70","uds",unix,64,4194304,10,50,55.667,26.769,38.898,38.765,58.607,1.48736,1.52539
38,"n23m0164.hpc.itc.rwth-aachen.de",38,"38","uds",71,"n23m0164.hpc.itc.rwth-aachen.de",71,"71","uds",unix,64,4194304,10,50,87.092,29.135,52.1531,51.181,79.395,1.49345,1.49489
38,"n23m0164.hpc.itc.rwth-aachen.de",38,"38","uds",72,"n23m0164.hpc.itc.rwth-aachen.de",72,"72","uds",unix,64,4194304,10,50,84.298,34.245,52.2479,53.18,73.244,1.52039,1.52002
38,"n23m0164.hpc.itc.rwth-aachen.de",38,"38","uds",73,"n23m0164.hpc.itc.rwth-aachen.de",73,"73","uds",unix,64,4194304,10,50,88.991,29.354,51.9602,51.4755,78.937,1.67989,1.83658
38,"n23m0164.hpc.itc.rwth-aachen.de",38,"38","uds",74,"n23m0164.hpc.itc.rwth-aachen.de",74,"74","uds",unix,64,4194304,10,50,56.45,22.083,37.3213,37.7555,53.399,1.48702,1.54771
38,"n23m0164.hpc.itc.rwth-aachen.de",38,"38","uds",75,"n23m0164.hpc.itc.rwth-aachen.de",75,"75","uds",unix,64,4194304,10,50,90.317,26.856,52.0932,52.716,73.558,1.51549,1.51408
38,"n23m0164.hpc.itc.rwth-aachen.de",38,"38","uds",76,"n23m0164.hpc.itc.rwth-aachen.de",76,"76","uds",unix,64,4194304,10,50,82.823,31.24,52.5921,52.129,81.88,1.52698,1.52805
38,"n23m0164.hpc.itc.rwth-aachen.de",38,"38","uds",77,"n23m0164.hpc.itc.rwth-aachen.de",77,"77","uds",unix,64,4194304,10,50,70.028,27.995,51.9032,52.739,74.555,1.76098,1.8746
38,"n23m0164.hpc.itc.rwth-aachen.de",38,"38","uds",78,"n23m0164.hpc.itc.rwth-aachen.de",78,"78","uds",unix,64,4194304,10,50,61.179,23.181,39.4535,39.0025,64.662,1.52411,1.52923
38,"n23m0164.hpc.itc.rwth-aachen.de",38,"38","uds",79,"n23m0164.hpc.itc.rwth-aachen.de",79,"79","uds",unix,64,4194304,10,50,79.077,36.756,51.7318,52.2175,82.46,1.53766,1.53621
38,"n23m0164.hpc.itc.rwth-aachen.de",38,"38","uds",80,"n23m0164.hpc.itc.rwth-aachen.de",80,"80","uds",unix,64,4194304,10,50,89.272,29.418,52.2973,52.285,84.258,1.50797,1.50843
38,"n23m0164.hpc.itc.rwth-aachen.de",38,"38","uds",81,"n23m0164.hpc.itc.rwth-aachen.de",81,"81","uds",unix,64,4194304,10,50,76.104,29.829,51.0567,51.535,78.565,2.08857,2.10814
38,"n23m0164.hpc.itc.rwth-aachen.de",38,"38","uds",82,"n23m0164.hpc.itc.rwth-aachen.de",82,"82","uds",unix,64,4194304,10,50,65.435,26.317,47.7868,47.4655,72.562,1.51438,1.51527
38,"n23m0164.hpc.itc.rwth-aachen.de",38,"38","uds",83,"n23m0164.hpc.itc.rwth-aachen.de",83,"83","uds",unix,64,4194304,10,50,72.501,31.342,51.919,51.3235,72.843,1.49606,1.49685
38,"n23m0164.hpc.itc.rwth-aachen.de",38,"38","uds",84,"n23m0164.hpc.itc.rwth-aachen.de",84,"84","uds",unix,64,4194304,10,50,74.41,28.35,52.163,50.6135,97.879,1.52282,1.52301
38,"n23m0164.hpc.itc.rwth-aachen.de",38,"38","uds",85,"n23m0164.hpc.itc.rwth-aachen.de",85,"85","uds",unix,64,4194304,10,50,75.142,28.226,52.1432,52.059,87.63,2.09403,2.10645
38,"n23m0164.hpc.itc.rwth-aachen.de",38,"38","uds",86,"n23m0164.hpc.itc.rwth-aachen.de",86,"86","uds",unix,64,4194304,10,50,82.018,31.738,54.8238,52.8985,82.273,1.51742,1.51556
38,"n23m0164.hpc.itc.rwth-aachen.de",38,"38","uds",87,"n23m0164.hpc.itc.rwth-aachen.de",87,"87","uds",unix,64,4194304,10,50,83.691,29.466,51.6548,51.828,77.247,1.5067,1.50731
38,"n23m0164.hpc.itc.rwth-aachen.de",38,"38","uds",88,"n23m0164.hpc.itc.rwth-aachen.de",88,"88","uds",unix,64,4194304,10,50,87.013,30.772,52.5683,52.436,77.959,1.49872,1.49899
38,"n23m0164.hpc.itc.rwth-aachen.de",38,"38","uds",89,"n23m0164.hpc.itc.rwth-aachen.de",89,"89","uds",unix,64,4194304,10,50,79.884,26.307,50.1004,50.926,79.619,2.06468,2.05475
38,"n23m0164.hpc.itc.rwth-aachen.de",38,"38","uds",90,"n23m0164.hpc.itc.rwth-aachen.de",90,"90","uds",unix,64,4194304,10,50,77.96,32.263,50.9153,50.7,81.245,1.50509,1.5049
38,"n23m0164.hpc.itc.rwth-aachen.de",38,"38","uds",91,"n23m0164.hpc.itc.rwth-aachen.de",91,"91","uds",unix,64,4194304,10,50,72.527,29.374,51.8199,50.974,73.958,1.50445,1.50489
38,"n23m0164.hpc.itc.rwth-aachen.de",38,"38","uds",92,"n23m0164.hpc.itc.rwth-aachen.de",92,"92","uds",unix,64,4194304,10,50,73.31,29.934,52.2323,52.723,84.747,1.49983,1.52779
38,"n23m0164.hpc.itc.rwth-aachen.de",38,"38","uds",93,"n23m0164.hpc.itc.rwth-aachen.de",93,"93","uds",unix,64,4194304,10,50,64.114,24.215,46.7267,45.584,72.008,1.91683,1.94244
38,"n23m0164.hpc.itc.rwth-aachen.de",38,"38","uds",94,"n23m0164.hpc.itc.rwth-aachen.de",94,"94","uds",unix,64,4194304,10,50,93.655,27.608,51.8764,52.4105,67.223,1.50314,1.50466
38,"n23m0164.hpc.itc.rwth-aachen.de",38,"38","uds",95,"n23m0164.hpc.itc.rwth-aachen.de",95,"95","uds",unix,64,4194304,10,50,82.26,33.562,52.9362,53.248,77.571,1.5022,1.50204
39,"n23m0164.hpc.itc.rwth-aachen.de",39,"39","uds",40,"n23m0164.hpc.itc.rwth-aachen.de",40,"40","uds",unix,64,4194304,10,50,160.046,29.623,38.5513,37.6515,55.932,3.56251,3.53679
39,"n23m0164.hpc.itc.rwth-aachen.de",39,"39","uds",41,"n23m0164.hpc.itc.rwth-aachen.de",41,"41","uds",unix,64,4194304,10,50,70.307,24.354,33.0951,32.4405,45.396,4.87319,4.81038
39,"n23m0164.hpc.itc.rwth-aachen.de",39,"39","uds",42,"n23m0164.hpc.itc.rwth-aachen.de",42,"42","uds",unix,64,4194304,10,50,50.277,20.585,25.2309,25.552,32.489,5.0212,5.03014
39,"n23m0164.hpc.itc.rwth-aachen.de",39,"39","uds",43,"n23m0164.hpc.itc.rwth-aachen.de",43,"43","uds",unix,64,4194304,10,50,54.124,21.622,27.8742,27.8075,34.79,4.8841,4.90275
39,"n23m0164.hpc.itc.rwth-aachen.de",39,"39","uds",44,"n23m0164.hpc.itc.rwth-aachen.de",44,"44","uds",unix,64,4194304,10,50,53.049,22.83,28.636,28.761,36.66,4.32884,4.33588
39,"n23m0164.hpc.itc.rwth-aachen.de",39,"39","uds",45,"n23m0164.hpc.itc.rwth-aachen.de",45,"45","uds",unix,64,4194304,10,50,54.981,22.504,28.3347,28.5075,36.08,4.45595,4.48393
39,"n23m0164.hpc.itc.rwth-aachen.de",39,"39","uds",46,"n23m0164.hpc.itc.rwth-aachen.de",46,"46","uds",unix,64,4194304,10,50,51.341,21.171,27.6762,27.9225,39.629,4.2228,4.24865
39,"n23m0164.hpc.itc.rwth-aachen.de",39,"39","uds",47,"n23m0164.hpc.itc.rwth-aachen.de",47,"47","uds",unix,64,4194304,10,50,50.538,22.394,28.9172,28.6875,48.885,5.09789,5.0542
39,"n23m0164.hpc.itc.rwth-aachen.de",39,"39","uds",48,"n23m0164.hpc.itc.rwth-aachen.de",48,"48","uds",unix,64,4194304,10,50,60.865,26.392,37.9172,37.865,54.028,1.50685,1.68405
39,"n23m0164.hpc.itc.rwth-aachen.de",39,"39","uds",49,"n23m0164.hpc.itc.rwth-aachen.de",49,"49","uds",unix,64,4194304,10,50,83.258,30.376,52.5391,53.502,76.852,1.52061,1.56196
39,"n23m0164.hpc.itc.rwth-aachen.de",39,"39","uds",50,"n23m0164.hpc.itc.rwth-aachen.de",50,"50","uds",unix,64,4194304,10,50,78.238,32.18,47.1426,47.159,79.777,1.83759,1.9327
39,"n23m0164.hpc.itc.rwth-aachen.de",39,"39","uds",51,"n23m0164.hpc.itc.rwth-aachen.de",51,"51","uds",unix,64,4194304,10,50,81.561,35.502,52.9531,53.3495,74.055,1.52429,1.52542
39,"n23m0164.hpc.itc.rwth-aachen.de",39,"39","uds",52,"n23m0164.hpc.itc.rwth-aachen.de",52,"52","uds",unix,64,4194304,10,50,76.878,33.29,53.3377,51.828,82.583,1.52475,1.52607
39,"n23m0164.hpc.itc.rwth-aachen.de",39,"39","uds",53,"n23m0164.hpc.itc.rwth-aachen.de",53,"53","uds",unix,64,4194304,10,50,76.516,40.268,54.1225,52.6935,78.863,1.54668,1.69245
39,"n23m0164.hpc.itc.rwth-aachen.de",39,"39","uds",54,"n23m0164.hpc.itc.rwth-aachen.de",54,"54","uds",unix,64,4194304,10,50,49.526,21.303,37.1677,37.0225,59.152,1.52119,1.63436
39,"n23m0164.hpc.itc.rwth-aachen.de",39,"39","uds",55,"n23m0164.hpc.itc.rwth-aachen.de",55,"55","uds",unix,64,4194304,10,50,74.567,32.285,53.8516,56.1105,73.09,1.51449,1.51405
39,"n23m0164.hpc.itc.rwth-aachen.de",39,"39","uds",56,"n23m0164.hpc.itc.rwth-aachen.de",56,"56","uds",unix,64,4194304,10,50,82.781,28.315,52.2625,52.352,83.727,1.54216,1.54332
39,"n23m0164.hpc.itc.rwth-aachen.de",39,"39","uds",57,"n23m0164.hpc.itc.rwth-aachen.de",57,"57","uds",unix,64,4194304,10,50,79.859,31.307,52.3189,51.295,81.156,1.84044,2.01302
39,"n23m0164.hpc.itc.rwth-aachen.de",39,"39","uds",58,"n23m0164.hpc.itc.rwth-aachen.de",58,"58","uds",unix,64,4194304,10,50,61.399,24.961,41.9062,41.6195,61.399,1.52638,1.52683
39,"n23m0164.hpc.itc.rwth-aachen.de",39,"39","uds",59,"n23m0164.hpc.itc.rwth-aachen.de",59,"59","uds",unix,64,4194304,10,50,74.491,27.753,52.6012,50.792,85.156,1.53455,1.53493
39,"n23m0164.hpc.itc.rwth-aachen.de",39,"39","uds",60,"n23m0164.hpc.itc.rwth-aachen.de",60,"60","uds",unix,64,4194304,10,50,87.574,29.497,53.0235,52.297,94.907,1.52418,1.52237
39,"n23m0164.hpc.itc.rwth-aachen.de",39,"39","uds",61,"n23m0164.hpc.itc.rwth-aachen.de",61,"61","uds",unix,64,4194304,10,50,80.221,28.894,52.8573,50.586,82.615,1.8411,2.00087
39,"n23m0164.hpc.itc.rwth-aachen.de",39,"39","uds",62,"n23m0164.hpc.itc.rwth-aachen.de",62,"62","uds",unix,64,4194304,10,50,62.114,26.791,39.9197,40.2355,57.371,1.52836,1.54018
39,"n23m0164.hpc.itc.rwth-aachen.de",39,"39","uds",63,"n23m0164.hpc.itc.rwth-aachen.de",63,"63","uds",unix,64,4194304,10,50,85.021,31.739,53.116,52.6795,80.372,1.51339,1.51433
39,"n23m0164.hpc.itc.rwth-aachen.de",39,"39","uds",64,"n23m0164.hpc.itc.rwth-aachen.de",64,"64","uds",unix,64,4194304,10,50,81.418,36.501,54.0208,52.7385,78.926,1.53663,1.53836
39,"n23m0164.hpc.itc.rwth-aachen.de",39,"39","uds",65,"n23m0164.hpc.itc.rwth-aachen.de",65,"65","uds",unix,64,4194304,10,50,76.124,33.306,51.3536,51.224,68.539,1.66953,1.84971
39,"n23m0164.hpc.itc.rwth-aachen.de",39,"39","uds",66,"n23m0164.hpc.itc.rwth-aachen.de",66,"66","uds",unix,64,4194304,10,50,53.317,28.805,37.849,37.938,48.468,1.53448,1.63075
39,"n23m0164.hpc.itc.rwth-aachen.de",39,"39","uds",67,"n23m0164.hpc.itc.rwth-aachen.de",67,"67","uds",unix,64,4194304,10,50,81.123,28.925,51.7096,50.7245,88.066,1.54454,1.5442
39,"n23m0164.hpc.itc.rwth-aachen.de",39,"39","uds",68,"n23m0164.hpc.itc.rwth-aachen.de",68,"68","uds",unix,64,4194304,10,50,74.943,29.73,53.2552,51.7185,83.694,1.54549,1.54385
39,"n23m0164.hpc.itc.rwth-aachen.de",39,"39","uds",69,"n23m0164.hpc.itc.rwth-aachen.de",69,"69","uds",unix,64,4194304,10,50,79.995,29.285,53.2261,53.629,81.363,1.67814,1.81092
39,"n23m0164.hpc.itc.rwth-aachen.de",39,"39","uds",70,"n23m0164.hpc.itc.rwth-aachen.de",70,"70","uds",unix,64,4194304,10,50,57.51,30.052,41.627,40.494,62.429,1.51809,1.53188
39,"n23m0164.hpc.itc.rwth-aachen.de",39,"39","uds",71,"n23m0164.hpc.itc.rwth-aachen.de",71,"71","uds",unix,64,4194304,10,50,73.012,31.445,54.1385,53.0535,99.624,1.51433,1.514
39,"n23m0164.hpc.itc.rwth-aachen.de",39,"39","uds",72,"n23m0164.hpc.itc.rwth-aachen.de",72,"72","uds",unix,64,4194304,10,50,76.372,27.487,51.7959,51.4915,69.578,1.52276,1.52592
39,"n23m0164.hpc.itc.rwth-aachen.de",39,"39","uds",73,"n23m0164.hpc.itc.rwth-aachen.de",73,"73","uds",unix,64,4194304,10,50,75.72,31.657,48.7127,47.592,75.033,1.96359,2.00417
39,"n23m0164.hpc.itc.rwth-aachen.de",39,"39","uds",74,"n23m0164.hpc.itc.rwth-aachen.de",74,"74","uds",unix,64,4194304,10,50,79.223,35.311,52.5401,52.208,70.897,1.50898,1.50736
39,"n23m0164.hpc.itc.rwth-aachen.de",39,"39","uds",75,"n23m0164.hpc.itc.rwth-aachen.de",75,"75","uds",unix,64,4194304,10,50,84.427,29.601,51.987,51.7415,80.942,1.5255,1.52553
39,"n23m0164.hpc.itc.rwth-aachen.de",39,"39","uds",76,"n23m0164.hpc.itc.rwth-aachen.de",76,"76","uds",unix,64,4194304,10,50,92.09,35.384,51.8604,51.853,67.869,1.53737,1.54482
39,"n23m0164.hpc.itc.rwth-aachen.de",39,"39","uds",77,"n23m0164.hpc.itc.rwth-aachen.de",77,"77","uds",unix,64,4194304,10,50,77.909,36.3,48.2371,48.0445,65.625,2.03672,2.0437
39,"n23m0164.hpc.itc.rwth-aachen.de",39,"39","uds",78,"n23m0164.hpc.itc.rwth-aachen.de",78,"78","uds",unix,64,4194304,10,50,85.39,29.292,51.4616,50.4575,80.946,1.53091,1.53055
39,"n23m0164.hpc.itc.rwth-aachen.de",39,"39","uds",79,"n23m0164.hpc.itc.rwth-aachen.de",79,"79","uds",unix,64,4194304,10,50,74.998,27.496,51.7916,52.043,85.148,1.5608,1.55852
39,"n23m0164.hpc.itc.rwth-aachen.de",39,"39","uds",80,"n23m0164.hpc.itc.rwth-aachen.de",80,"80","uds",unix,64,4194304,10,50,74.071,30.354,52.9122,52.234,96.233,1.52472,1.52415
39,"n23m0164.hpc.itc.rwth-aachen.de",39,"39","uds",81,"n23m0164.hpc.itc.rwth-aachen.de",81,"81","uds",unix,64,4194304,10,50,69.642,34.728,52.3165,50.968,87.776,2.01826,2.08907
39,"n23m0164.hpc.itc.rwth-aachen.de",39,"39","uds",82,"n23m0164.hpc.itc.rwth-aachen.de",82,"82","uds",unix,64,4194304,10,50,70.25,31.064,52.6712,50.953,80.303,1.53196,1.53302
39,"n23m0164.hpc.itc.rwth-aachen.de",39,"39","uds",83,"n23m0164.hpc.itc.rwth-aachen.de",83,"83","uds",unix,64,4194304,10,50,68.062,36.689,52.5946,52.583,73.743,1.50967,1.50861
39,"n23m0164.hpc.itc.rwth-aachen.de",39,"39","uds",84,"n23m0164.hpc.itc.rwth-aachen.de",84,"84","uds",unix,64,4194304,10,50,81.185,28.211,52.8257,52.515,77.566,1.53152,1.53125
39,"n23m0164.hpc.itc.rwth-aachen.de",39,"39","uds",85,"n23m0164.hpc.itc.rwth-aachen.de",85,"85","uds",unix,64,4194304,10,50,76.586,30.293,52.4968,51.0295,87.301,2.04773,2.09926
39,"n23m0164.hpc.itc.rwth-aachen.de",39,"39","uds",86,"n23m0164.hpc.itc.rwth-aachen.de",86,"86","uds",unix,64,4194304,10,50,74.251,27.753,48.2222,47.164,66.832,1.5213,1.50793
39,"n23m0164.hpc.itc.rwth-aachen.de",39,"39","uds",87,"n23m0164.hpc.itc.rwth-aachen.de",87,"87","uds",unix,64,4194304,10,50,97.984,28.737,53.6588,54.4235,82.388,1.51307,1.45959
39,"n23m0164.hpc.itc.rwth-aachen.de",39,"39","uds",88,"n23m0164.hpc.itc.rwth-aachen.de",88,"88","uds",unix,64,4194304,10,50,99.814,28.151,53.0023,53.2715,103.627,1.51523,1.52564
39,"n23m0164.hpc.itc.rwth-aachen.de",39,"39","uds",89,"n23m0164.hpc.itc.rwth-aachen.de",89,"89","uds",unix,64,4194304,10,50,88.777,27.806,48.7946,47.3175,94.119,2.07795,2.02704
39,"n23m0164.hpc.itc.rwth-aachen.de",39,"39","uds",90,"n23m0164.hpc.itc.rwth-aachen.de",90,"90","uds",unix,64,4194304,10,50,90.359,29.2,51.9566,52.019,83.583,1.51438,1.50859
39,"n23m0164.hpc.itc.rwth-aachen.de",39,"39","uds",91,"n23m0164.hpc.itc.rwth-aachen.de",91,"91","uds",unix,64,4194304,10,50,86.919,27.617,51.3249,51.828,74.458,1.49786,1.49667
39,"n23m0164.hpc.itc.rwth-aachen.de",39,"39","uds",92,"n23m0164.hpc.itc.rwth-aachen.de",92,"92","uds",unix,64,4194304,10,50,80.222,33.567,53.1971,53.4455,94.253,1.51606,1.55616
39,"n23m0164.hpc.itc.rwth-aachen.de",39,"39","uds",93,"n23m0164.hpc.itc.rwth-aachen.de",93,"93","uds",unix,64,4194304,10,50,74.251,26.612,45.5261,46.0955,72.278,1.83051,1.92015
39,"n23m0164.hpc.itc.rwth-aachen.de",39,"39","uds",94,"n23m0164.hpc.itc.rwth-aachen.de",94,"94","uds",unix,64,4194304,10,50,85.496,35.741,54.0619,55.4255,75.602,1.51963,1.51942
39,"n23m0164.hpc.itc.rwth-aachen.de",39,"39","uds",95,"n23m0164.hpc.itc.rwth-aachen.de",95,"95","uds",unix,64,4194304,10,50,77.649,29.572,51.9304,49.7045,76.826,1.49109,1.48225
40,"n23m0164.hpc.itc.rwth-aachen.de",40,"40","uds",41,"n23m0164.hpc.itc.rwth-aachen.de",41,"41","uds",unix,64,4194304,10,50,156.3,27.644,39.4322,38.4285,53.737,4.44387,4.28665
40,"n23m0164.hpc.itc.rwth-aachen.de",40,"40","uds",42,"n23m0164.hpc.itc.rwth-aachen.de",42,"42","uds",unix,64,4194304,10,50,54.574,18.978,27.236,27.302,40.18,4.73792,4.76077
40,"n23m0164.hpc.itc.rwth-aachen.de",40,"40","uds",43,"n23m0164.hpc.itc.rwth-aachen.de",43,"43","uds",unix,64,4194304,10,50,52.108,22.88,28.4868,28.303,42.2,4.16929,4.1969
40,"n23m0164.hpc.itc.rwth-aachen.de",40,"40","uds",44,"n23m0164.hpc.itc.rwth-aachen.de",44,"44","uds",unix,64,4194304,10,50,59.436,22.703,31.9872,31.679,39.553,2.93809,2.98657
40,"n23m0164.hpc.itc.rwth-aachen.de",40,"40","uds",45,"n23m0164.hpc.itc.rwth-aachen.de",45,"45","uds",unix,64,4194304,10,50,74.099,26.03,36.6486,36.764,53.592,3.75204,3.70881
40,"n23m0164.hpc.itc.rwth-aachen.de",40,"40","uds",46,"n23m0164.hpc.itc.rwth-aachen.de",46,"46","uds",unix,64,4194304,10,50,69.01,29.033,34.0153,33.2575,44.266,3.61823,3.63075
40,"n23m0164.hpc.itc.rwth-aachen.de",40,"40","uds",47,"n23m0164.hpc.itc.rwth-aachen.de",47,"47","uds",unix,64,4194304,10,50,61.517,27.106,33.3011,32.8705,48.901,4.74979,4.65976
40,"n23m0164.hpc.itc.rwth-aachen.de",40,"40","uds",48,"n23m0164.hpc.itc.rwth-aachen.de",48,"48","uds",unix,64,4194304,10,50,62.052,26.606,38.982,39.2805,52.056,1.48868,1.66412
40,"n23m0164.hpc.itc.rwth-aachen.de",40,"40","uds",49,"n23m0164.hpc.itc.rwth-aachen.de",49,"49","uds",unix,64,4194304,10,50,89.09,29.192,54.8351,56.1805,86.087,1.47143,1.47324
40,"n23m0164.hpc.itc.rwth-aachen.de",40,"40","uds",50,"n23m0164.hpc.itc.rwth-aachen.de",50,"50","uds",unix,64,4194304,10,50,88.858,33.7,53.6268,53.439,83.411,2.05803,2.09336
40,"n23m0164.hpc.itc.rwth-aachen.de",40,"40","uds",51,"n23m0164.hpc.itc.rwth-aachen.de",51,"51","uds",unix,64,4194304,10,50,79.366,30.438,52.2906,52.267,74.583,1.49759,1.49895
40,"n23m0164.hpc.itc.rwth-aachen.de",40,"40","uds",52,"n23m0164.hpc.itc.rwth-aachen.de",52,"52","uds",unix,64,4194304,10,50,85.959,28.833,52.7543,51.7825,79.952,1.48747,1.48778
40,"n23m0164.hpc.itc.rwth-aachen.de",40,"40","uds",53,"n23m0164.hpc.itc.rwth-aachen.de",53,"53","uds",unix,64,4194304,10,50,89.173,29.477,54.2927,54.1165,89.711,1.51441,1.56993
40,"n23m0164.hpc.itc.rwth-aachen.de",40,"40","uds",54,"n23m0164.hpc.itc.rwth-aachen.de",54,"54","uds",unix,64,4194304,10,50,76.581,27.057,45.9691,46.84,69.15,1.67826,1.84837
40,"n23m0164.hpc.itc.rwth-aachen.de",40,"40","uds",55,"n23m0164.hpc.itc.rwth-aachen.de",55,"55","uds",unix,64,4194304,10,50,83.978,36.822,53.8794,53.76,73.996,1.48215,1.4826
40,"n23m0164.hpc.itc.rwth-aachen.de",40,"40","uds",56,"n23m0164.hpc.itc.rwth-aachen.de",56,"56","uds",unix,64,4194304,10,50,82.389,29.761,52.316,51.5375,92.905,1.52561,1.52645
40,"n23m0164.hpc.itc.rwth-aachen.de",40,"40","uds",57,"n23m0164.hpc.itc.rwth-aachen.de",57,"57","uds",unix,64,4194304,10,50,94.06,34.214,54.3858,54.4225,73.882,1.50548,1.65245
40,"n23m0164.hpc.itc.rwth-aachen.de",40,"40","uds",58,"n23m0164.hpc.itc.rwth-aachen.de",58,"58","uds",unix,64,4194304,10,50,50.853,27.875,36.3358,35.839,54.928,1.50939,1.68914
40,"n23m0164.hpc.itc.rwth-aachen.de",40,"40","uds",59,"n23m0164.hpc.itc.rwth-aachen.de",59,"59","uds",unix,64,4194304,10,50,85.602,28.477,52.5638,52.6605,85.969,1.5007,1.49982
40,"n23m0164.hpc.itc.rwth-aachen.de",40,"40","uds",60,"n23m0164.hpc.itc.rwth-aachen.de",60,"60","uds",unix,64,4194304,10,50,87.654,31.275,53.9927,54.076,78.224,1.50695,1.50738
40,"n23m0164.hpc.itc.rwth-aachen.de",40,"40","uds",61,"n23m0164.hpc.itc.rwth-aachen.de",61,"61","uds",unix,64,4194304,10,50,93.897,31.454,54.5379,55.2905,78.384,1.53244,1.70152
40,"n23m0164.hpc.itc.rwth-aachen.de",40,"40","uds",62,"n23m0164.hpc.itc.rwth-aachen.de",62,"62","uds",unix,64,4194304,10,50,54.293,20.533,35.7921,35.295,47.916,1.52343,1.67319
40,"n23m0164.hpc.itc.rwth-aachen.de",40,"40","uds",63,"n23m0164.hpc.itc.rwth-aachen.de",63,"63","uds",unix,64,4194304,10,50,84.889,29.245,52.2691,52.879,76.846,1.48289,1.48322
40,"n23m0164.hpc.itc.rwth-aachen.de",40,"40","uds",64,"n23m0164.hpc.itc.rwth-aachen.de",64,"64","uds",unix,64,4194304,10,50,84.173,30.762,52.9416,53.2895,79.774,1.52341,1.52325
40,"n23m0164.hpc.itc.rwth-aachen.de",40,"40","uds",65,"n23m0164.hpc.itc.rwth-aachen.de",65,"65","uds",unix,64,4194304,10,50,84.449,31.489,53.8719,53.46,90.345,1.78529,1.9395
40,"n23m0164.hpc.itc.rwth-aachen.de",40,"40","uds",66,"n23m0164.hpc.itc.rwth-aachen.de",66,"66","uds",unix,64,4194304,10,50,58.269,23.64,39.542,38.93,59.957,1.52155,1.54394
40,"n23m0164.hpc.itc.rwth-aachen.de",40,"40","uds",67,"n23m0164.hpc.itc.rwth-aachen.de",67,"67","uds",unix,64,4194304,10,50,93.06,29.846,52.4845,52.334,78.164,1.50315,1.50389
40,"n23m0164.hpc.itc.rwth-aachen.de",40,"40","uds",68,"n23m0164.hpc.itc.rwth-aachen.de",68,"68","uds",unix,64,4194304,10,50,82.875,30.811,53.259,49.695,92.969,1.52776,1.52811
40,"n23m0164.hpc.itc.rwth-aachen.de",40,"40","uds",69,"n23m0164.hpc.itc.rwth-aachen.de",69,"69","uds",unix,64,4194304,10,50,83.945,33.255,54.7246,54.4815,83.071,1.99865,2.04401
40,"n23m0164.hpc.itc.rwth-aachen.de",40,"40","uds",70,"n23m0164.hpc.itc.rwth-aachen.de",70,"70","uds",unix,64,4194304,10,50,77.303,30.263,53.0589,54.314,76.893,1.49875,1.49794
40,"n23m0164.hpc.itc.rwth-aachen.de",40,"40","uds",71,"n23m0164.hpc.itc.rwth-aachen.de",71,"71","uds",unix,64,4194304,10,50,88.01,31.819,54.0027,54.067,81.539,1.49658,1.49701
40,"n23m0164.hpc.itc.rwth-aachen.de",40,"40","uds",72,"n23m0164.hpc.itc.rwth-aachen.de",72,"72","uds",unix,64,4194304,10,50,82.616,29.45,50.561,51.461,81.411,1.51744,1.51721
40,"n23m0164.hpc.itc.rwth-aachen.de",40,"40","uds",73,"n23m0164.hpc.itc.rwth-aachen.de",73,"73","uds",unix,64,4194304,10,50,79.223,28.708,52.6413,53.5425,92.193,2.03605,2.07548
40,"n23m0164.hpc.itc.rwth-aachen.de",40,"40","uds",74,"n23m0164.hpc.itc.rwth-aachen.de",74,"74","uds",unix,64,4194304,10,50,81.997,28.358,49.0185,45.775,82.586,1.48444,1.48478
40,"n23m0164.hpc.itc.rwth-aachen.de",40,"40","uds",75,"n23m0164.hpc.itc.rwth-aachen.de",75,"75","uds",unix,64,4194304,10,50,101.207,30.483,52.6416,52.566,73.095,1.50756,1.50672
40,"n23m0164.hpc.itc.rwth-aachen.de",40,"40","uds",76,"n23m0164.hpc.itc.rwth-aachen.de",76,"76","uds",unix,64,4194304,10,50,77.388,31.332,51.0744,52.214,74.317,1.52047,1.55048
40,"n23m0164.hpc.itc.rwth-aachen.de",40,"40","uds",77,"n23m0164.hpc.itc.rwth-aachen.de",77,"77","uds",unix,64,4194304,10,50,75.178,30.302,47.0528,46.7495,65.287,1.86686,1.93193
40,"n23m0164.hpc.itc.rwth-aachen.de",40,"40","uds",78,"n23m0164.hpc.itc.rwth-aachen.de",78,"78","uds",unix,64,4194304,10,50,89.264,28.239,52.5176,51.772,84.242,1.51845,1.51886
40,"n23m0164.hpc.itc.rwth-aachen.de",40,"40","uds",79,"n23m0164.hpc.itc.rwth-aachen.de",79,"79","uds",unix,64,4194304,10,50,86.421,29.795,52.3436,54.2355,79.837,1.52311,1.52394
40,"n23m0164.hpc.itc.rwth-aachen.de",40,"40","uds",80,"n23m0164.hpc.itc.rwth-aachen.de",80,"80","uds",unix,64,4194304,10,50,81.53,29.512,53.2734,52.847,79.908,1.50625,1.5936
40,"n23m0164.hpc.itc.rwth-aachen.de",40,"40","uds",81,"n23m0164.hpc.itc.rwth-aachen.de",81,"81","uds",unix,64,4194304,10,50,54.249,22.8,38.003,37.49,53.038,1.52677,1.77943
40,"n23m0164.hpc.itc.rwth-aachen.de",40,"40","uds",82,"n23m0164.hpc.itc.rwth-aachen.de",82,"82","uds",unix,64,4194304,10,50,81.839,27.814,51.5503,51.8795,76.963,1.52602,1.52577
40,"n23m0164.hpc.itc.rwth-aachen.de",40,"40","uds",83,"n23m0164.hpc.itc.rwth-aachen.de",83,"83","uds",unix,64,4194304,10,50,84.203,28.256,52.3968,52.0365,81.535,1.48618,1.48846
40,"n23m0164.hpc.itc.rwth-aachen.de",40,"40","uds",84,"n23m0164.hpc.itc.rwth-aachen.de",84,"84","uds",unix,64,4194304,10,50,84.509,31.629,52.2155,53.0815,80.773,1.52981,1.59086
40,"n23m0164.hpc.itc.rwth-aachen.de",40,"40","uds",85,"n23m0164.hpc.itc.rwth-aachen.de",85,"85","uds",unix,64,4194304,10,50,65.135,29.246,43.0698,42.9185,64.315,1.68964,1.87812
40,"n23m0164.hpc.itc.rwth-aachen.de",40,"40","uds",86,"n23m0164.hpc.itc.rwth-aachen.de",86,"86","uds",unix,64,4194304,10,50,85.341,27.795,51.2616,50.646,87.172,1.52072,1.5206
40,"n23m0164.hpc.itc.rwth-aachen.de",40,"40","uds",87,"n23m0164.hpc.itc.rwth-aachen.de",87,"87","uds",unix,64,4194304,10,50,83.6,27.489,53.3274,52.0905,78.679,1.52311,1.52269
40,"n23m0164.hpc.itc.rwth-aachen.de",40,"40","uds",88,"n23m0164.hpc.itc.rwth-aachen.de",88,"88","uds",unix,64,4194304,10,50,87.819,27.889,52.377,50.1825,89.008,1.53116,1.65545
40,"n23m0164.hpc.itc.rwth-aachen.de",40,"40","uds",89,"n23m0164.hpc.itc.rwth-aachen.de",89,"89","uds",unix,64,4194304,10,50,54.522,20.4,36.8267,36.2775,49.001,1.526,1.66731
40,"n23m0164.hpc.itc.rwth-aachen.de",40,"40","uds",90,"n23m0164.hpc.itc.rwth-aachen.de",90,"90","uds",unix,64,4194304,10,50,93.418,27.742,49.9494,51.764,74.37,1.51762,1.51053
40,"n23m0164.hpc.itc.rwth-aachen.de",40,"40","uds",91,"n23m0164.hpc.itc.rwth-aachen.de",91,"91","uds",unix,64,4194304,10,50,98.642,30.904,52.8639,49.8045,115.131,1.50348,1.50277
40,"n23m0164.hpc.itc.rwth-aachen.de",40,"40","uds",92,"n23m0164.hpc.itc.rwth-aachen.de",92,"92","uds",unix,64,4194304,10,50,107.637,31.135,52.9178,53.5785,100.856,1.87739,2.00663
40,"n23m0164.hpc.itc.rwth-aachen.de",40,"40","uds",93,"n23m0164.hpc.itc.rwth-aachen.de",93,"93","uds",unix,64,4194304,10,50,85.16,28.979,52.065,52.651,78.708,1.52844,1.52197
40,"n23m0164.hpc.itc.rwth-aachen.de",40,"40","uds",94,"n23m0164.hpc.itc.rwth-aachen.de",94,"94","uds",unix,64,4194304,10,50,95.332,37.976,54.4988,53.8095,81.896,1.52316,1.52265
40,"n23m0164.hpc.itc.rwth-aachen.de",40,"40","uds",95,"n23m0164.hpc.itc.rwth-aachen.de",95,"95","uds",unix,64,4194304,10,50,87.243,30.766,53.8235,53.1045,78.742,1.51668,1.65268
41,"n23m0164.hpc.itc.rwth-aachen.de",41,"41","uds",42,"n23m0164.hpc.itc.rwth-aachen.de",42,"42","uds",unix,64,4194304,10,50,104.894,20.69,25.6519,24.9215,33.328,5.76563,5.78949
41,"n23m0164.hpc.itc.rwth-aachen.de",41,"41","uds",43,"n23m0164.hpc.itc.rwth-aachen.de",43,"43","uds",unix,64,4194304,10,50,50.356,19.859,23.9028,23.8475,28.106,5.65094,5.6608
41,"n23m0164.hpc.itc.rwth-aachen.de",41,"41","uds",44,"n23m0164.hpc.itc.rwth-aachen.de",44,"44","uds",unix,64,4194304,10,50,54.636,19.475,27.1844,26.616,40.692,5.19194,5.18677
41,"n23m0164.hpc.itc.rwth-aachen.de",41,"41","uds",45,"n23m0164.hpc.itc.rwth-aachen.de",45,"45","uds",unix,64,4194304,10,50,47.762,20.984,25.8054,25.5525,32.005,5.40609,5.44526
41,"n23m0164.hpc.itc.rwth-aachen.de",41,"41","uds",46,"n23m0164.hpc.itc.rwth-aachen.de",46,"46","uds",unix,64,4194304,10,50,53.667,21.661,26.3016,26.1505,39.486,5.42739,5.37274
41,"n23m0164.hpc.itc.rwth-aachen.de",41,"41","uds",47,"n23m0164.hpc.itc.rwth-aachen.de",47,"47","uds",unix,64,4194304,10,50,51.674,19.619,25.4676,25.4355,36.578,5.26715,5.28828
41,"n23m0164.hpc.itc.rwth-aachen.de",41,"41","uds",48,"n23m0164.hpc.itc.rwth-aachen.de",48,"48","uds",unix,64,4194304,10,50,59.742,29.543,36.3011,36.074,45.973,1.59451,1.79113
41,"n23m0164.hpc.itc.rwth-aachen.de",41,"41","uds",49,"n23m0164.hpc.itc.rwth-aachen.de",49,"49","uds",unix,64,4194304,10,50,82.099,30.596,54.2292,54.9505,73.059,1.48503,1.49802
41,"n23m0164.hpc.itc.rwth-aachen.de",41,"41","uds",50,"n23m0164.hpc.itc.rwth-aachen.de",50,"50","uds",unix,64,4194304,10,50,82.898,26.794,48.3327,48.4545,69.419,2.0857,2.04404
41,"n23m0164.hpc.itc.rwth-aachen.de",41,"41","uds",51,"n23m0164.hpc.itc.rwth-aachen.de",51,"51","uds",unix,64,4194304,10,50,84.894,28.74,52.9211,52.845,74.73,1.50578,1.50328
41,"n23m0164.hpc.itc.rwth-aachen.de",41,"41","uds",52,"n23m0164.hpc.itc.rwth-aachen.de",52,"52","uds",unix,64,4194304,10,50,82.151,32.588,53.2534,52.339,82.216,1.50073,1.50114
41,"n23m0164.hpc.itc.rwth-aachen.de",41,"41","uds",53,"n23m0164.hpc.itc.rwth-aachen.de",53,"53","uds",unix,64,4194304,10,50,88.895,30.709,53.5453,54.959,72.457,1.523,1.63038
41,"n23m0164.hpc.itc.rwth-aachen.de",41,"41","uds",54,"n23m0164.hpc.itc.rwth-aachen.de",54,"54","uds",unix,64,4194304,10,50,56.986,21.774,37.5067,37.0565,49.029,1.49685,1.70603
41,"n23m0164.hpc.itc.rwth-aachen.de",41,"41","uds",55,"n23m0164.hpc.itc.rwth-aachen.de",55,"55","uds",unix,64,4194304,10,50,84.557,29.607,53.6805,53.5825,85.574,1.48663,1.48626
41,"n23m0164.hpc.itc.rwth-aachen.de",41,"41","uds",56,"n23m0164.hpc.itc.rwth-aachen.de",56,"56","uds",unix,64,4194304,10,50,78.424,28.4,52.1721,50.059,87.023,1.51352,1.51333
41,"n23m0164.hpc.itc.rwth-aachen.de",41,"41","uds",57,"n23m0164.hpc.itc.rwth-aachen.de",57,"57","uds",unix,64,4194304,10,50,72.57,30.709,52.4368,51.635,73.668,1.59932,1.7642
41,"n23m0164.hpc.itc.rwth-aachen.de",41,"41","uds",58,"n23m0164.hpc.itc.rwth-aachen.de",58,"58","uds",unix,64,4194304,10,50,49.327,29.148,37.1041,36.999,47.963,1.50885,1.5939
41,"n23m0164.hpc.itc.rwth-aachen.de",41,"41","uds",59,"n23m0164.hpc.itc.rwth-aachen.de",59,"59","uds",unix,64,4194304,10,50,108.06,31.233,53.9817,53.5855,96.274,1.50501,1.50346
41,"n23m0164.hpc.itc.rwth-aachen.de",41,"41","uds",60,"n23m0164.hpc.itc.rwth-aachen.de",60,"60","uds",unix,64,4194304,10,50,91.925,28.82,54.1985,54.6525,85.701,1.49319,1.49323
41,"n23m0164.hpc.itc.rwth-aachen.de",41,"41","uds",61,"n23m0164.hpc.itc.rwth-aachen.de",61,"61","uds",unix,64,4194304,10,50,81.167,36.332,54.1919,52.491,83.883,1.8508,2.01461
41,"n23m0164.hpc.itc.rwth-aachen.de",41,"41","uds",62,"n23m0164.hpc.itc.rwth-aachen.de",62,"62","uds",unix,64,4194304,10,50,64.323,27.372,42.4112,42.076,75.261,1.50603,1.50769
41,"n23m0164.hpc.itc.rwth-aachen.de",41,"41","uds",63,"n23m0164.hpc.itc.rwth-aachen.de",63,"63","uds",unix,64,4194304,10,50,86.899,32.485,53.5182,52.5375,89.145,1.47966,1.47795
41,"n23m0164.hpc.itc.rwth-aachen.de",41,"41","uds",64,"n23m0164.hpc.itc.rwth-aachen.de",64,"64","uds",unix,64,4194304,10,50,84.545,27.604,52.9707,52.9595,74.13,1.51876,1.5183
41,"n23m0164.hpc.itc.rwth-aachen.de",41,"41","uds",65,"n23m0164.hpc.itc.rwth-aachen.de",65,"65","uds",unix,64,4194304,10,50,79.125,26.944,52.5515,52.611,80.315,1.84384,1.95698
41,"n23m0164.hpc.itc.rwth-aachen.de",41,"41","uds",66,"n23m0164.hpc.itc.rwth-aachen.de",66,"66","uds",unix,64,4194304,10,50,83.071,32.053,52.4227,51.9385,87.888,1.51175,1.51176
41,"n23m0164.hpc.itc.rwth-aachen.de",41,"41","uds",67,"n23m0164.hpc.itc.rwth-aachen.de",67,"67","uds",unix,64,4194304,10,50,78.027,30.521,52.2777,52.6675,73.498,1.52561,1.52444
41,"n23m0164.hpc.itc.rwth-aachen.de",41,"41","uds",68,"n23m0164.hpc.itc.rwth-aachen.de",68,"68","uds",unix,64,4194304,10,50,77.959,28.901,55.1032,53.2505,80.316,1.52534,1.59857
41,"n23m0164.hpc.itc.rwth-aachen.de",41,"41","uds",69,"n23m0164.hpc.itc.rwth-aachen.de",69,"69","uds",unix,64,4194304,10,50,58.277,23.473,37.6466,37.5025,50.226,1.50449,1.7244
41,"n23m0164.hpc.itc.rwth-aachen.de",41,"41","uds",70,"n23m0164.hpc.itc.rwth-aachen.de",70,"70","uds",unix,64,4194304,10,50,84.127,29.498,53.3945,52.3945,95.901,1.48361,1.48518
41,"n23m0164.hpc.itc.rwth-aachen.de",41,"41","uds",71,"n23m0164.hpc.itc.rwth-aachen.de",71,"71","uds",unix,64,4194304,10,50,80.262,30.224,52.6674,53.2895,73.886,1.49344,1.49329
41,"n23m0164.hpc.itc.rwth-aachen.de",41,"41","uds",72,"n23m0164.hpc.itc.rwth-aachen.de",72,"72","uds",unix,64,4194304,10,50,92.636,28.26,52.2835,50.6015,84.41,1.52908,1.59562
41,"n23m0164.hpc.itc.rwth-aachen.de",41,"41","uds",73,"n23m0164.hpc.itc.rwth-aachen.de",73,"73","uds",unix,64,4194304,10,50,64.811,24.392,44.5712,45.6915,64.161,1.56702,1.81973
41,"n23m0164.hpc.itc.rwth-aachen.de",41,"41","uds",74,"n23m0164.hpc.itc.rwth-aachen.de",74,"74","uds",unix,64,4194304,10,50,100.772,29.93,53.3293,52.6775,80.533,1.48577,1.48622
41,"n23m0164.hpc.itc.rwth-aachen.de",41,"41","uds",75,"n23m0164.hpc.itc.rwth-aachen.de",75,"75","uds",unix,64,4194304,10,50,84.003,29.564,50.5124,50.843,73.382,1.51475,1.51344
41,"n23m0164.hpc.itc.rwth-aachen.de",41,"41","uds",76,"n23m0164.hpc.itc.rwth-aachen.de",76,"76","uds",unix,64,4194304,10,50,83.959,27.535,53.3642,54.4275,69.062,1.51575,1.56279
41,"n23m0164.hpc.itc.rwth-aachen.de",41,"41","uds",77,"n23m0164.hpc.itc.rwth-aachen.de",77,"77","uds",unix,64,4194304,10,50,64.595,28.068,45.3204,45.2065,60.393,1.74198,1.88176
41,"n23m0164.hpc.itc.rwth-aachen.de",41,"41","uds",78,"n23m0164.hpc.itc.rwth-aachen.de",78,"78","uds",unix,64,4194304,10,50,74.841,37.223,52.4577,51.5235,70.298,1.52672,1.52551
41,"n23m0164.hpc.itc.rwth-aachen.de",41,"41","uds",79,"n23m0164.hpc.itc.rwth-aachen.de",79,"79","uds",unix,64,4194304,10,50,76.214,29.425,51.9563,54.2615,73.649,1.54228,1.54221
41,"n23m0164.hpc.itc.rwth-aachen.de",41,"41","uds",80,"n23m0164.hpc.itc.rwth-aachen.de",80,"80","uds",unix,64,4194304,10,50,73.522,30.013,51.7708,51.3985,81.089,1.51917,1.6388
41,"n23m0164.hpc.itc.rwth-aachen.de",41,"41","uds",81,"n23m0164.hpc.itc.rwth-aachen.de",81,"81","uds",unix,64,4194304,10,50,48.052,22.254,37.077,37.194,60.541,1.53298,1.72554
41,"n23m0164.hpc.itc.rwth-aachen.de",41,"41","uds",82,"n23m0164.hpc.itc.rwth-aachen.de",82,"82","uds",unix,64,4194304,10,50,76.828,29.984,51.4969,51.122,81.799,1.51888,1.51865
41,"n23m0164.hpc.itc.rwth-aachen.de",41,"41","uds",83,"n23m0164.hpc.itc.rwth-aachen.de",83,"83","uds",unix,64,4194304,10,50,74.204,31.703,52.9234,52.4905,92.533,1.49386,1.49358
41,"n23m0164.hpc.itc.rwth-aachen.de",41,"41","uds",84,"n23m0164.hpc.itc.rwth-aachen.de",84,"84","uds",unix,64,4194304,10,50,87.258,29.346,50.1586,50.6045,69.865,1.57451,1.74763
41,"n23m0164.hpc.itc.rwth-aachen.de",41,"41","uds",85,"n23m0164.hpc.itc.rwth-aachen.de",85,"85","uds",unix,64,4194304,10,50,49.44,21.888,35.7316,35.161,46.791,1.51879,1.6572
41,"n23m0164.hpc.itc.rwth-aachen.de",41,"41","uds",86,"n23m0164.hpc.itc.rwth-aachen.de",86,"86","uds",unix,64,4194304,10,50,79.44,32.652,52.6826,51.9465,84.603,1.5155,1.51455
41,"n23m0164.hpc.itc.rwth-aachen.de",41,"41","uds",87,"n23m0164.hpc.itc.rwth-aachen.de",87,"87","uds",unix,64,4194304,10,50,76.388,27.621,51.5191,52.041,72.284,1.5123,1.51161
41,"n23m0164.hpc.itc.rwth-aachen.de",41,"41","uds",88,"n23m0164.hpc.itc.rwth-aachen.de",88,"88","uds",unix,64,4194304,10,50,83.646,27.172,51.299,49.812,77.162,1.50377,1.37356
41,"n23m0164.hpc.itc.rwth-aachen.de",41,"41","uds",89,"n23m0164.hpc.itc.rwth-aachen.de",89,"89","uds",unix,64,4194304,10,50,142.911,25.863,58.6405,59.441,108.27,1.51433,1.5148
41,"n23m0164.hpc.itc.rwth-aachen.de",41,"41","uds",90,"n23m0164.hpc.itc.rwth-aachen.de",90,"90","uds",unix,64,4194304,10,50,94.359,33.283,53.4196,53.8025,77.383,1.53208,1.57642
41,"n23m0164.hpc.itc.rwth-aachen.de",41,"41","uds",91,"n23m0164.hpc.itc.rwth-aachen.de",91,"91","uds",unix,64,4194304,10,50,85.736,21.311,44.4953,43.7485,70.493,1.82195,1.91136
41,"n23m0164.hpc.itc.rwth-aachen.de",41,"41","uds",92,"n23m0164.hpc.itc.rwth-aachen.de",92,"92","uds",unix,64,4194304,10,50,78.649,27.032,51.221,49.8545,81.421,1.51011,1.50891
41,"n23m0164.hpc.itc.rwth-aachen.de",41,"41","uds",93,"n23m0164.hpc.itc.rwth-aachen.de",93,"93","uds",unix,64,4194304,10,50,96.588,28.059,52.8447,52.675,85.055,1.5161,1.51478
41,"n23m0164.hpc.itc.rwth-aachen.de",41,"41","uds",94,"n23m0164.hpc.itc.rwth-aachen.de",94,"94","uds",unix,64,4194304,10,50,93.987,28.468,53.0939,52.83,73.306,1.77739,1.93258
41,"n23m0164.hpc.itc.rwth-aachen.de",41,"41","uds",95,"n23m0164.hpc.itc.rwth-aachen.de",95,"95","uds",unix,64,4194304,10,50,58.751,19.811,39.234,38.247,66.411,1.4916,1.50681
42,"n23m0164.hpc.itc.rwth-aachen.de",42,"42","uds",43,"n23m0164.hpc.itc.rwth-aachen.de",43,"43","uds",unix,64,4194304,10,50,149.8,26.999,37.8227,37.473,51.833,3.68022,3.67117
42,"n23m0164.hpc.itc.rwth-aachen.de",42,"42","uds",44,"n23m0164.hpc.itc.rwth-aachen.de",44,"44","uds",unix,64,4194304,10,50,71.139,23.101,33.6726,33.614,44.843,3.5767,3.58435
42,"n23m0164.hpc.itc.rwth-aachen.de",42,"42","uds",45,"n23m0164.hpc.itc.rwth-aachen.de",45,"45","uds",unix,64,4194304,10,50,63.879,22.341,32.5539,31.8695,50.633,4.24096,4.27314
42,"n23m0164.hpc.itc.rwth-aachen.de",42,"42","uds",46,"n23m0164.hpc.itc.rwth-aachen.de",46,"46","uds",unix,64,4194304,10,50,58.285,23.021,29.8347,29.681,35.21,4.2497,4.2636
42,"n23m0164.hpc.itc.rwth-aachen.de",42,"42","uds",47,"n23m0164.hpc.itc.rwth-aachen.de",47,"47","uds",unix,64,4194304,10,50,60.624,24.025,30.342,29.4895,51.239,5.07887,5.03571
42,"n23m0164.hpc.itc.rwth-aachen.de",42,"42","uds",48,"n23m0164.hpc.itc.rwth-aachen.de",48,"48","uds",unix,64,4194304,10,50,71.87,22.323,37.6442,36.996,56.741,1.5124,1.67788
42,"n23m0164.hpc.itc.rwth-aachen.de",42,"42","uds",49,"n23m0164.hpc.itc.rwth-aachen.de",49,"49","uds",unix,64,4194304,10,50,86.896,30.212,54.594,55.8945,72.482,1.51447,1.52267
42,"n23m0164.hpc.itc.rwth-aachen.de",42,"42","uds",50,"n23m0164.hpc.itc.rwth-aachen.de",50,"50","uds",unix,64,4194304,10,50,74.827,33.377,48.616,47.4385,70.017,2.03808,2.03394
42,"n23m0164.hpc.itc.rwth-aachen.de",42,"42","uds",51,"n23m0164.hpc.itc.rwth-aachen.de",51,"51","uds",unix,64,4194304,10,50,84.437,28.566,52.195,53.4555,78.881,1.5258,1.52696
42,"n23m0164.hpc.itc.rwth-aachen.de",42,"42","uds",52,"n23m0164.hpc.itc.rwth-aachen.de",52,"52","uds",unix,64,4194304,10,50,83.84,26.955,51.7416,48.911,93.673,1.51436,1.51503
42,"n23m0164.hpc.itc.rwth-aachen.de",42,"42","uds",53,"n23m0164.hpc.itc.rwth-aachen.de",53,"53","uds",unix,64,4194304,10,50,80.443,30.195,52.8988,52.6025,81.509,1.51077,1.50208
42,"n23m0164.hpc.itc.rwth-aachen.de",42,"42","uds",54,"n23m0164.hpc.itc.rwth-aachen.de",54,"54","uds",unix,64,4194304,10,50,83.713,27.892,53.1424,54.729,79.816,2.01863,2.08222
42,"n23m0164.hpc.itc.rwth-aachen.de",42,"42","uds",55,"n23m0164.hpc.itc.rwth-aachen.de",55,"55","uds",unix,64,4194304,10,50,72.265,27.338,49.6724,48.763,77.738,1.50957,1.51026
42,"n23m0164.hpc.itc.rwth-aachen.de",42,"42","uds",56,"n23m0164.hpc.itc.rwth-aachen.de",56,"56","uds",unix,64,4194304,10,50,72.831,35.664,52.8931,51.031,86.202,1.52746,1.5293
42,"n23m0164.hpc.itc.rwth-aachen.de",42,"42","uds",57,"n23m0164.hpc.itc.rwth-aachen.de",57,"57","uds",unix,64,4194304,10,50,77.14,28.596,52.1731,52.0145,78.053,1.50402,1.5041
42,"n23m0164.hpc.itc.rwth-aachen.de",42,"42","uds",58,"n23m0164.hpc.itc.rwth-aachen.de",58,"58","uds",unix,64,4194304,10,50,82.003,27.767,52.4606,52.683,80.189,2.03258,2.08558
42,"n23m0164.hpc.itc.rwth-aachen.de",42,"42","uds",59,"n23m0164.hpc.itc.rwth-aachen.de",59,"59","uds",unix,64,4194304,10,50,65.057,25.1,47.1203,46.379,77.654,1.51759,1.51753
42,"n23m0164.hpc.itc.rwth-aachen.de",42,"42","uds",60,"n23m0164.hpc.itc.rwth-aachen.de",60,"60","uds",unix,64,4194304,10,50,92.925,33.866,53.4818,52.876,82.139,1.51419,1.5149
42,"n23m0164.hpc.itc.rwth-aachen.de",42,"42","uds",61,"n23m0164.hpc.itc.rwth-aachen.de",61,"61","uds",unix,64,4194304,10,50,88.442,27.704,51.5216,50.8705,70.496,1.53044,1.52834
42,"n23m0164.hpc.itc.rwth-aachen.de",42,"42","uds",62,"n23m0164.hpc.itc.rwth-aachen.de",62,"62","uds",unix,64,4194304,10,50,98.993,27.872,51.9831,49.691,83.52,2.04192,2.05702
42,"n23m0164.hpc.itc.rwth-aachen.de",42,"42","uds",63,"n23m0164.hpc.itc.rwth-aachen.de",63,"63","uds",unix,64,4194304,10,50,85.659,29.56,52.9328,52.446,80.63,1.50036,1.4992
42,"n23m0164.hpc.itc.rwth-aachen.de",42,"42","uds",64,"n23m0164.hpc.itc.rwth-aachen.de",64,"64","uds",unix,64,4194304,10,50,82.086,26.905,53.0877,52.725,76.475,1.52187,1.52225
42,"n23m0164.hpc.itc.rwth-aachen.de",42,"42","uds",65,"n23m0164.hpc.itc.rwth-aachen.de",65,"65","uds",unix,64,4194304,10,50,76.035,30.53,51.3558,52.1255,73.936,1.53297,1.53218
42,"n23m0164.hpc.itc.rwth-aachen.de",42,"42","uds",66,"n23m0164.hpc.itc.rwth-aachen.de",66,"66","uds",unix,64,4194304,10,50,82.987,31.276,53.5268,53.5925,86.85,2.00963,2.05998
42,"n23m0164.hpc.itc.rwth-aachen.de",42,"42","uds",67,"n23m0164.hpc.itc.rwth-aachen.de",67,"67","uds",unix,64,4194304,10,50,90.316,27.009,48.1456,48.2425,68.749,1.53848,1.53976
42,"n23m0164.hpc.itc.rwth-aachen.de",42,"42","uds",68,"n23m0164.hpc.itc.rwth-aachen.de",68,"68","uds",unix,64,4194304,10,50,73.093,30.226,52.6853,52.72,77.267,1.52239,1.52107
42,"n23m0164.hpc.itc.rwth-aachen.de",42,"42","uds",69,"n23m0164.hpc.itc.rwth-aachen.de",69,"69","uds",unix,64,4194304,10,50,79.141,28.184,53.5885,54.1825,87.914,1.49595,1.49931
42,"n23m0164.hpc.itc.rwth-aachen.de",42,"42","uds",70,"n23m0164.hpc.itc.rwth-aachen.de",70,"70","uds",unix,64,4194304,10,50,76.547,29.184,52.7026,54.0805,70.754,1.99277,2.03898
42,"n23m0164.hpc.itc.rwth-aachen.de",42,"42","uds",71,"n23m0164.hpc.itc.rwth-aachen.de",71,"71","uds",unix,64,4194304,10,50,74.504,30.469,52.8417,53.562,73.889,1.50639,1.50566
42,"n23m0164.hpc.itc.rwth-aachen.de",42,"42","uds",72,"n23m0164.hpc.itc.rwth-aachen.de",72,"72","uds",unix,64,4194304,10,50,82.883,33.895,52.6546,52.101,73.221,1.53509,1.53473
42,"n23m0164.hpc.itc.rwth-aachen.de",42,"42","uds",73,"n23m0164.hpc.itc.rwth-aachen.de",73,"73","uds",unix,64,4194304,10,50,78.31,33.363,51.7295,51.067,72.739,1.53479,1.57836
42,"n23m0164.hpc.itc.rwth-aachen.de",42,"42","uds",74,"n23m0164.hpc.itc.rwth-aachen.de",74,"74","uds",unix,64,4194304,10,50,66.084,26.096,44.8575,46.301,65.376,1.71309,1.86204
42,"n23m0164.hpc.itc.rwth-aachen.de",42,"42","uds",75,"n23m0164.hpc.itc.rwth-aachen.de",75,"75","uds",unix,64,4194304,10,50,86.548,29.243,51.5537,51.0595,74.589,1.51518,1.51591
42,"n23m0164.hpc.itc.rwth-aachen.de",42,"42","uds",76,"n23m0164.hpc.itc.rwth-aachen.de",76,"76","uds",unix,64,4194304,10,50,73.405,28.511,51.804,51.9705,72.424,1.52962,1.52956
42,"n23m0164.hpc.itc.rwth-aachen.de",42,"42","uds",77,"n23m0164.hpc.itc.rwth-aachen.de",77,"77","uds",unix,64,4194304,10,50,77.802,33.688,52.0909,51.7285,83.818,1.53134,1.61606
42,"n23m0164.hpc.itc.rwth-aachen.de",42,"42","uds",78,"n23m0164.hpc.itc.rwth-aachen.de",78,"78","uds",unix,64,4194304,10,50,51.01,23.184,36.5414,37.123,48.013,1.57237,1.81357
42,"n23m0164.hpc.itc.rwth-aachen.de",42,"42","uds",79,"n23m0164.hpc.itc.rwth-aachen.de",79,"79","uds",unix,64,4194304,10,50,69.799,29.019,50.9336,49.8555,74.16,1.5515,1.55082
42,"n23m0164.hpc.itc.rwth-aachen.de",42,"42","uds",80,"n23m0164.hpc.itc.rwth-aachen.de",80,"80","uds",unix,64,4194304,10,50,71.897,28.385,51.5934,50.5995,77.855,1.52324,1.52214
42,"n23m0164.hpc.itc.rwth-aachen.de",42,"42","uds",81,"n23m0164.hpc.itc.rwth-aachen.de",81,"81","uds",unix,64,4194304,10,50,70.44,28.613,51.4027,52.6695,76.773,1.69076,1.84338
42,"n23m0164.hpc.itc.rwth-aachen.de",42,"42","uds",82,"n23m0164.hpc.itc.rwth-aachen.de",82,"82","uds",unix,64,4194304,10,50,46.02,19.536,35.5251,35.9025,49.133,1.54823,1.65482
42,"n23m0164.hpc.itc.rwth-aachen.de",42,"42","uds",83,"n23m0164.hpc.itc.rwth-aachen.de",83,"83","uds",unix,64,4194304,10,50,77.634,32.766,52.6828,52.4555,73.13,1.5174,1.51635
42,"n23m0164.hpc.itc.rwth-aachen.de",42,"42","uds",84,"n23m0164.hpc.itc.rwth-aachen.de",84,"84","uds",unix,64,4194304,10,50,72.769,31.676,52.4478,53.099,80.044,1.545,1.54318
42,"n23m0164.hpc.itc.rwth-aachen.de",42,"42","uds",85,"n23m0164.hpc.itc.rwth-aachen.de",85,"85","uds",unix,64,4194304,10,50,86.35,35.345,51.0359,50.079,69.049,1.83979,2.00105
42,"n23m0164.hpc.itc.rwth-aachen.de",42,"42","uds",86,"n23m0164.hpc.itc.rwth-aachen.de",86,"86","uds",unix,64,4194304,10,50,50.737,25.737,39.4406,38.777,62.072,1.53723,1.55242
42,"n23m0164.hpc.itc.rwth-aachen.de",42,"42","uds",87,"n23m0164.hpc.itc.rwth-aachen.de",87,"87","uds",unix,64,4194304,10,50,69.922,29.431,52.7557,51.8425,72.859,1.54147,1.54074
42,"n23m0164.hpc.itc.rwth-aachen.de",42,"42","uds",88,"n23m0164.hpc.itc.rwth-aachen.de",88,"88","uds",unix,64,4194304,10,50,87.626,26.659,51.53,52.363,79.231,1.541,1.53916
42,"n23m0164.hpc.itc.rwth-aachen.de",42,"42","uds",89,"n23m0164.hpc.itc.rwth-aachen.de",89,"89","uds",unix,64,4194304,10,50,68.52,27.564,51.4491,50.9915,75.464,1.86765,2.04592
42,"n23m0164.hpc.itc.rwth-aachen.de",42,"42","uds",90,"n23m0164.hpc.itc.rwth-aachen.de",90,"90","uds",unix,64,4194304,10,50,64.397,30.54,42.8566,42.095,61.078,1.54501,1.54879
42,"n23m0164.hpc.itc.rwth-aachen.de",42,"42","uds",91,"n23m0164.hpc.itc.rwth-aachen.de",91,"91","uds",unix,64,4194304,10,50,69.022,27.522,50.8484,50.421,85.609,1.54243,1.54148
42,"n23m0164.hpc.itc.rwth-aachen.de",42,"42","uds",92,"n23m0164.hpc.itc.rwth-aachen.de",92,"92","uds",unix,64,4194304,10,50,70.022,28.111,49.8822,49.341,70.52,1.5328,1.5323
42,"n23m0164.hpc.itc.rwth-aachen.de",42,"42","uds",93,"n23m0164.hpc.itc.rwth-aachen.de",93,"93","uds",unix,64,4194304,10,50,93.429,26.29,51.0249,51.946,82.656,1.83817,1.99605
42,"n23m0164.hpc.itc.rwth-aachen.de",42,"42","uds",94,"n23m0164.hpc.itc.rwth-aachen.de",94,"94","uds",unix,64,4194304,10,50,59.182,29.306,40.4223,40.462,57.642,1.53572,1.54774
42,"n23m0164.hpc.itc.rwth-aachen.de",42,"42","uds",95,"n23m0164.hpc.itc.rwth-aachen.de",95,"95","uds",unix,64,4194304,10,50,79.048,28.641,53.3346,54.1385,81.568,1.5138,1.51506
43,"n23m0164.hpc.itc.rwth-aachen.de",43,"43","uds",44,"n23m0164.hpc.itc.rwth-aachen.de",44,"44","uds",unix,64,4194304,10,50,159.469,20.022,39.8659,38.894,71.994,2.93928,2.95726
43,"n23m0164.hpc.itc.rwth-aachen.de",43,"43","uds",45,"n23m0164.hpc.itc.rwth-aachen.de",45,"45","uds",unix,64,4194304,10,50,73.064,26.152,36.4886,35.291,62.431,4.29021,4.20008
43,"n23m0164.hpc.itc.rwth-aachen.de",43,"43","uds",46,"n23m0164.hpc.itc.rwth-aachen.de",46,"46","uds",unix,64,4194304,10,50,70.053,23.708,29.5062,29.493,43.372,3.43293,3.51141
43,"n23m0164.hpc.itc.rwth-aachen.de",43,"43","uds",47,"n23m0164.hpc.itc.rwth-aachen.de",47,"47","uds",unix,64,4194304,10,50,64.153,25.44,34.9454,34.4855,47.644,4.80928,4.72706
43,"n23m0164.hpc.itc.rwth-aachen.de",43,"43","uds",48,"n23m0164.hpc.itc.rwth-aachen.de",48,"48","uds",unix,64,4194304,10,50,62.83,26.004,36.3309,35.2245,46.383,1.5129,1.68097
43,"n23m0164.hpc.itc.rwth-aachen.de",43,"43","uds",49,"n23m0164.hpc.itc.rwth-aachen.de",49,"49","uds",unix,64,4194304,10,50,86.095,34.231,53.5856,52.8375,80.461,1.50888,1.51022
43,"n23m0164.hpc.itc.rwth-aachen.de",43,"43","uds",50,"n23m0164.hpc.itc.rwth-aachen.de",50,"50","uds",unix,64,4194304,10,50,81.064,30.09,51.8664,51.857,85.734,1.79966,1.98404
43,"n23m0164.hpc.itc.rwth-aachen.de",43,"43","uds",51,"n23m0164.hpc.itc.rwth-aachen.de",51,"51","uds",unix,64,4194304,10,50,53.658,22.273,40.9306,40.341,67.3,1.51961,1.53353
43,"n23m0164.hpc.itc.rwth-aachen.de",43,"43","uds",52,"n23m0164.hpc.itc.rwth-aachen.de",52,"52","uds",unix,64,4194304,10,50,88.46,30.616,52.9961,52.068,78.752,1.52179,1.52262
43,"n23m0164.hpc.itc.rwth-aachen.de",43,"43","uds",53,"n23m0164.hpc.itc.rwth-aachen.de",53,"53","uds",unix,64,4194304,10,50,80.685,29.669,52.6884,50.82,94.037,1.52762,1.52776
43,"n23m0164.hpc.itc.rwth-aachen.de",43,"43","uds",54,"n23m0164.hpc.itc.rwth-aachen.de",54,"54","uds",unix,64,4194304,10,50,75.166,28.907,54.1472,54.39,87.098,1.76518,1.94484
43,"n23m0164.hpc.itc.rwth-aachen.de",43,"43","uds",55,"n23m0164.hpc.itc.rwth-aachen.de",55,"55","uds",unix,64,4194304,10,50,58.258,23.658,40.4782,39.06,62.51,1.49879,1.52035
43,"n23m0164.hpc.itc.rwth-aachen.de",43,"43","uds",56,"n23m0164.hpc.itc.rwth-aachen.de",56,"56","uds",unix,64,4194304,10,50,79.241,30.261,51.0763,50.7745,90.917,1.54167,1.53842
43,"n23m0164.hpc.itc.rwth-aachen.de",43,"43","uds",57,"n23m0164.hpc.itc.rwth-aachen.de",57,"57","uds",unix,64,4194304,10,50,73.194,30.438,52.9646,52.484,91.846,1.50621,1.50431
43,"n23m0164.hpc.itc.rwth-aachen.de",43,"43","uds",58,"n23m0164.hpc.itc.rwth-aachen.de",58,"58","uds",unix,64,4194304,10,50,88.268,28.773,52.4529,50.194,80.617,2.06362,2.09821
43,"n23m0164.hpc.itc.rwth-aachen.de",43,"43","uds",59,"n23m0164.hpc.itc.rwth-aachen.de",59,"59","uds",unix,64,4194304,10,50,62.97,27.459,46.4155,45.249,74.38,1.52546,1.52563
43,"n23m0164.hpc.itc.rwth-aachen.de",43,"43","uds",60,"n23m0164.hpc.itc.rwth-aachen.de",60,"60","uds",unix,64,4194304,10,50,89.348,27.768,53.8179,53.8315,75.097,1.51692,1.5187
43,"n23m0164.hpc.itc.rwth-aachen.de",43,"43","uds",61,"n23m0164.hpc.itc.rwth-aachen.de",61,"61","uds",unix,64,4194304,10,50,84.578,28.291,52.3029,51.308,72.479,1.52832,1.52795
43,"n23m0164.hpc.itc.rwth-aachen.de",43,"43","uds",62,"n23m0164.hpc.itc.rwth-aachen.de",62,"62","uds",unix,64,4194304,10,50,88.866,30.835,51.6904,53.197,77.257,1.8677,2.03186
43,"n23m0164.hpc.itc.rwth-aachen.de",43,"43","uds",63,"n23m0164.hpc.itc.rwth-aachen.de",63,"63","uds",unix,64,4194304,10,50,57.59,29.787,42.4158,41.729,61.208,1.5059,1.50631
43,"n23m0164.hpc.itc.rwth-aachen.de",43,"43","uds",64,"n23m0164.hpc.itc.rwth-aachen.de",64,"64","uds",unix,64,4194304,10,50,83.152,30.793,52.5331,53.095,85.279,1.53476,1.53553
43,"n23m0164.hpc.itc.rwth-aachen.de",43,"43","uds",65,"n23m0164.hpc.itc.rwth-aachen.de",65,"65","uds",unix,64,4194304,10,50,74.072,36.738,54.3215,53.398,70.872,1.53138,1.53135
43,"n23m0164.hpc.itc.rwth-aachen.de",43,"43","uds",66,"n23m0164.hpc.itc.rwth-aachen.de",66,"66","uds",unix,64,4194304,10,50,76.521,30.9,53.5024,51.8635,80.239,1.7487,1.89243
43,"n23m0164.hpc.itc.rwth-aachen.de",43,"43","uds",67,"n23m0164.hpc.itc.rwth-aachen.de",67,"67","uds",unix,64,4194304,10,50,53.684,31.657,41.281,41.361,58.019,1.53718,1.54517
43,"n23m0164.hpc.itc.rwth-aachen.de",43,"43","uds",68,"n23m0164.hpc.itc.rwth-aachen.de",68,"68","uds",unix,64,4194304,10,50,74.465,36.105,53.602,52.921,81.81,1.53677,1.53871
43,"n23m0164.hpc.itc.rwth-aachen.de",43,"43","uds",69,"n23m0164.hpc.itc.rwth-aachen.de",69,"69","uds",unix,64,4194304,10,50,84.824,33.195,54.0033,54.1495,77.134,1.5013,1.501
43,"n23m0164.hpc.itc.rwth-aachen.de",43,"43","uds",70,"n23m0164.hpc.itc.rwth-aachen.de",70,"70","uds",unix,64,4194304,10,50,78.848,31.016,52.315,52.4405,70.183,1.6547,1.65414
43,"n23m0164.hpc.itc.rwth-aachen.de",43,"43","uds",71,"n23m0164.hpc.itc.rwth-aachen.de",71,"71","uds",unix,64,4194304,10,50,71.831,29.487,54.3211,53.0445,91.238,1.50879,1.50836
43,"n23m0164.hpc.itc.rwth-aachen.de",43,"43","uds",72,"n23m0164.hpc.itc.rwth-aachen.de",72,"72","uds",unix,64,4194304,10,50,87.282,35.401,52.2552,51.4615,79.221,1.5368,1.54794
43,"n23m0164.hpc.itc.rwth-aachen.de",43,"43","uds",73,"n23m0164.hpc.itc.rwth-aachen.de",73,"73","uds",unix,64,4194304,10,50,72.139,25.981,47.9928,47.323,67.034,1.54467,1.62548
43,"n23m0164.hpc.itc.rwth-aachen.de",43,"43","uds",74,"n23m0164.hpc.itc.rwth-aachen.de",74,"74","uds",unix,64,4194304,10,50,77.978,27.283,52.7024,51.3115,89.582,1.51103,1.51024
43,"n23m0164.hpc.itc.rwth-aachen.de",43,"43","uds",75,"n23m0164.hpc.itc.rwth-aachen.de",75,"75","uds",unix,64,4194304,10,50,97.282,28.094,51.7316,50.7195,72.388,1.67793,1.67677
43,"n23m0164.hpc.itc.rwth-aachen.de",43,"43","uds",76,"n23m0164.hpc.itc.rwth-aachen.de",76,"76","uds",unix,64,4194304,10,50,67.031,28.681,48.2776,46.8715,69.367,1.53328,1.53211
43,"n23m0164.hpc.itc.rwth-aachen.de",43,"43","uds",77,"n23m0164.hpc.itc.rwth-aachen.de",77,"77","uds",unix,64,4194304,10,50,69.36,31.546,51.8824,51.2985,86.16,1.51864,1.51935
43,"n23m0164.hpc.itc.rwth-aachen.de",43,"43","uds",78,"n23m0164.hpc.itc.rwth-aachen.de",78,"78","uds",unix,64,4194304,10,50,79.749,35.848,53.0326,52.0165,79.957,1.8132,1.87615
43,"n23m0164.hpc.itc.rwth-aachen.de",43,"43","uds",79,"n23m0164.hpc.itc.rwth-aachen.de",79,"79","uds",unix,64,4194304,10,50,82.617,29.401,52.033,50.527,73.536,1.54661,1.54565
43,"n23m0164.hpc.itc.rwth-aachen.de",43,"43","uds",80,"n23m0164.hpc.itc.rwth-aachen.de",80,"80","uds",unix,64,4194304,10,50,71.271,30.46,50.9939,50.3995,79.543,1.51453,1.51607
43,"n23m0164.hpc.itc.rwth-aachen.de",43,"43","uds",81,"n23m0164.hpc.itc.rwth-aachen.de",81,"81","uds",unix,64,4194304,10,50,67.175,33.196,50.6739,49.394,78.62,1.69819,1.68442
43,"n23m0164.hpc.itc.rwth-aachen.de",43,"43","uds",82,"n23m0164.hpc.itc.rwth-aachen.de",82,"82","uds",unix,64,4194304,10,50,63.438,31.057,48.7447,48.7445,72.013,1.53262,1.53131
43,"n23m0164.hpc.itc.rwth-aachen.de",43,"43","uds",83,"n23m0164.hpc.itc.rwth-aachen.de",83,"83","uds",unix,64,4194304,10,50,71.791,29.318,52.2113,52.8865,69.967,1.50909,1.51014
43,"n23m0164.hpc.itc.rwth-aachen.de",43,"43","uds",84,"n23m0164.hpc.itc.rwth-aachen.de",84,"84","uds",unix,64,4194304,10,50,83.793,28.363,51.9016,51.4275,86.014,1.81453,1.88554
43,"n23m0164.hpc.itc.rwth-aachen.de",43,"43","uds",85,"n23m0164.hpc.itc.rwth-aachen.de",85,"85","uds",unix,64,4194304,10,50,76.559,31.761,52.2417,52.6785,81.34,1.52882,1.52985
43,"n23m0164.hpc.itc.rwth-aachen.de",43,"43","uds",86,"n23m0164.hpc.itc.rwth-aachen.de",86,"86","uds",unix,64,4194304,10,50,84.368,32.858,51.8974,50.2775,76.806,1.52554,1.52651
43,"n23m0164.hpc.itc.rwth-aachen.de",43,"43","uds",87,"n23m0164.hpc.itc.rwth-aachen.de",87,"87","uds",unix,64,4194304,10,50,67.114,31.412,51.3638,50.694,76.766,1.85005,1.9405
43,"n23m0164.hpc.itc.rwth-aachen.de",43,"43","uds",88,"n23m0164.hpc.itc.rwth-aachen.de",88,"88","uds",unix,64,4194304,10,50,176.108,24.031,49.0399,49.6975,90.257,1.5365,1.53713
43,"n23m0164.hpc.itc.rwth-aachen.de",43,"43","uds",89,"n23m0164.hpc.itc.rwth-aachen.de",89,"89","uds",unix,64,4194304,10,50,78.18,28.878,52.4353,52.723,79.643,1.52404,1.52556
43,"n23m0164.hpc.itc.rwth-aachen.de",43,"43","uds",90,"n23m0164.hpc.itc.rwth-aachen.de",90,"90","uds",unix,64,4194304,10,50,93.206,29.105,51.4067,51.279,68.038,1.88339,1.97502
43,"n23m0164.hpc.itc.rwth-aachen.de",43,"43","uds",91,"n23m0164.hpc.itc.rwth-aachen.de",91,"91","uds",unix,64,4194304,10,50,76.605,28.595,50.122,49.328,72.552,1.52647,1.51746
43,"n23m0164.hpc.itc.rwth-aachen.de",43,"43","uds",92,"n23m0164.hpc.itc.rwth-aachen.de",92,"92","uds",unix,64,4194304,10,50,79.425,28.781,53.1865,52.2495,81.321,1.50869,1.39841
43,"n23m0164.hpc.itc.rwth-aachen.de",43,"43","uds",93,"n23m0164.hpc.itc.rwth-aachen.de",93,"93","uds",unix,64,4194304,10,50,95.154,29.798,54.1264,54.7025,81.377,1.83757,1.94262
43,"n23m0164.hpc.itc.rwth-aachen.de",43,"43","uds",94,"n23m0164.hpc.itc.rwth-aachen.de",94,"94","uds",unix,64,4194304,10,50,93.507,28.058,53.6984,55.532,74.771,1.5228,1.52154
43,"n23m0164.hpc.itc.rwth-aachen.de",43,"43","uds",95,"n23m0164.hpc.itc.rwth-aachen.de",95,"95","uds",unix,64,4194304,10,50,79.682,31.198,53.9469,52.3415,93.432,1.50167,1.50318
44,"n23m0164.hpc.itc.rwth-aachen.de",44,"44","uds",45,"n23m0164.hpc.itc.rwth-aachen.de",45,"45","uds",unix,64,4194304,10,50,153.657,26.119,38.6907,37.811,58.655,3.41237,3.38069
44,"n23m0164.hpc.itc.rwth-aachen.de",44,"44","uds",46,"n23m0164.hpc.itc.rwth-aachen.de",46,"46","uds",unix,64,4194304,10,50,79.521,27.498,36.8836,36.419,52.362,3.75021,3.71503
44,"n23m0164.hpc.itc.rwth-aachen.de",44,"44","uds",47,"n23m0164.hpc.itc.rwth-aachen.de",47,"47","uds",unix,64,4194304,10,50,57.244,21.336,28.9595,28.6005,46.445,5.37974,5.36244
44,"n23m0164.hpc.itc.rwth-aachen.de",44,"44","uds",48,"n23m0164.hpc.itc.rwth-aachen.de",48,"48","uds",unix,64,4194304,10,50,59.419,22.251,38.4478,39.113,48.169,1.49642,1.75141
44,"n23m0164.hpc.itc.rwth-aachen.de",44,"44","uds",49,"n23m0164.hpc.itc.rwth-aachen.de",49,"49","uds",unix,64,4194304,10,50,95.355,31.699,54.2265,52.9015,83.602,1.47798,1.47872
44,"n23m0164.hpc.itc.rwth-aachen.de",44,"44","uds",50,"n23m0164.hpc.itc.rwth-aachen.de",50,"50","uds",unix,64,4194304,10,50,86.243,31.409,53.6114,52.8635,72.753,1.96094,1.99217
44,"n23m0164.hpc.itc.rwth-aachen.de",44,"44","uds",51,"n23m0164.hpc.itc.rwth-aachen.de",51,"51","uds",unix,64,4194304,10,50,68.843,27.604,44.7414,44.573,67.216,1.49793,1.4987
44,"n23m0164.hpc.itc.rwth-aachen.de",44,"44","uds",52,"n23m0164.hpc.itc.rwth-aachen.de",52,"52","uds",unix,64,4194304,10,50,82.531,37.737,53.9263,51.5845,80.966,1.49456,1.49342
44,"n23m0164.hpc.itc.rwth-aachen.de",44,"44","uds",53,"n23m0164.hpc.itc.rwth-aachen.de",53,"53","uds",unix,64,4194304,10,50,85.953,33.68,52.9181,53.1325,84.436,1.51079,1.52572
44,"n23m0164.hpc.itc.rwth-aachen.de",44,"44","uds",54,"n23m0164.hpc.itc.rwth-aachen.de",54,"54","uds",unix,64,4194304,10,50,71.533,33.151,47.2573,46.075,76.053,1.9858,1.9738
44,"n23m0164.hpc.itc.rwth-aachen.de",44,"44","uds",55,"n23m0164.hpc.itc.rwth-aachen.de",55,"55","uds",unix,64,4194304,10,50,98.859,31.762,53.6659,53.0645,79.168,1.48385,1.48156
44,"n23m0164.hpc.itc.rwth-aachen.de",44,"44","uds",56,"n23m0164.hpc.itc.rwth-aachen.de",56,"56","uds",unix,64,4194304,10,50,106.333,33.692,53.4897,52.2155,77.927,1.51718,1.51588
44,"n23m0164.hpc.itc.rwth-aachen.de",44,"44","uds",57,"n23m0164.hpc.itc.rwth-aachen.de",57,"57","uds",unix,64,4194304,10,50,79.903,29.787,55.6871,57.667,83.365,1.50078,1.65795
44,"n23m0164.hpc.itc.rwth-aachen.de",44,"44","uds",58,"n23m0164.hpc.itc.rwth-aachen.de",58,"58","uds",unix,64,4194304,10,50,50.75,27.189,35.9871,35.2695,52.631,1.50918,1.66046
44,"n23m0164.hpc.itc.rwth-aachen.de",44,"44","uds",59,"n23m0164.hpc.itc.rwth-aachen.de",59,"59","uds",unix,64,4194304,10,50,81.378,29.077,53.5084,52.775,78.643,1.50638,1.50483
44,"n23m0164.hpc.itc.rwth-aachen.de",44,"44","uds",60,"n23m0164.hpc.itc.rwth-aachen.de",60,"60","uds",unix,64,4194304,10,50,83.911,28.331,54.7331,54.08,79.422,1.48989,1.48914
44,"n23m0164.hpc.itc.rwth-aachen.de",44,"44","uds",61,"n23m0164.hpc.itc.rwth-aachen.de",61,"61","uds",unix,64,4194304,10,50,77.242,30.738,54.0015,55.783,74.891,2.02304,2.01755
44,"n23m0164.hpc.itc.rwth-aachen.de",44,"44","uds",62,"n23m0164.hpc.itc.rwth-aachen.de",62,"62","uds",unix,64,4194304,10,50,64.392,30.319,43.2232,42.602,62.25,1.4906,1.49379
44,"n23m0164.hpc.itc.rwth-aachen.de",44,"44","uds",63,"n23m0164.hpc.itc.rwth-aachen.de",63,"63","uds",unix,64,4194304,10,50,88.346,28.082,53.6511,54.091,82.329,1.46747,1.46756
44,"n23m0164.hpc.itc.rwth-aachen.de",44,"44","uds",64,"n23m0164.hpc.itc.rwth-aachen.de",64,"64","uds",unix,64,4194304,10,50,79.951,37.913,53.4898,53.1565,78.516,1.50396,1.50169
44,"n23m0164.hpc.itc.rwth-aachen.de",44,"44","uds",65,"n23m0164.hpc.itc.rwth-aachen.de",65,"65","uds",unix,64,4194304,10,50,108.155,30.661,52.0468,51.0015,81.441,1.99661,2.05751
44,"n23m0164.hpc.itc.rwth-aachen.de",44,"44","uds",66,"n23m0164.hpc.itc.rwth-aachen.de",66,"66","uds",unix,64,4194304,10,50,82.525,28.555,55.1072,57.3215,81.452,1.49827,1.49946
44,"n23m0164.hpc.itc.rwth-aachen.de",44,"44","uds",67,"n23m0164.hpc.itc.rwth-aachen.de",67,"67","uds",unix,64,4194304,10,50,84.847,30.351,52.1363,52.796,79.264,1.51713,1.51691
44,"n23m0164.hpc.itc.rwth-aachen.de",44,"44","uds",68,"n23m0164.hpc.itc.rwth-aachen.de",68,"68","uds",unix,64,4194304,10,50,83.058,27.948,55.1012,56.505,76.933,1.51098,1.55787
44,"n23m0164.hpc.itc.rwth-aachen.de",44,"44","uds",69,"n23m0164.hpc.itc.rwth-aachen.de",69,"69","uds",unix,64,4194304,10,50,72.518,28.093,49.1281,48.4585,68.176,1.49095,1.68114
44,"n23m0164.hpc.itc.rwth-aachen.de",44,"44","uds",70,"n23m0164.hpc.itc.rwth-aachen.de",70,"70","uds",unix,64,4194304,10,50,90.49,33.171,53.7773,52.854,83.687,1.48101,1.47993
44,"n23m0164.hpc.itc.rwth-aachen.de",44,"44","uds",71,"n23m0164.hpc.itc.rwth-aachen.de",71,"71","uds",unix,64,4194304,10,50,82.698,29.739,53.572,54.18,76.501,1.48943,1.48806
44,"n23m0164.hpc.itc.rwth-aachen.de",44,"44","uds",72,"n23m0164.hpc.itc.rwth-aachen.de",72,"72","uds",unix,64,4194304,10,50,79.047,30.168,51.3284,50.909,84.721,1.6185,1.78612
44,"n23m0164.hpc.itc.rwth-aachen.de",44,"44","uds",73,"n23m0164.hpc.itc.rwth-aachen.de",73,"73","uds",unix,64,4194304,10,50,52.391,22.189,35.9183,35.1895,51.343,1.51308,1.62259
44,"n23m0164.hpc.itc.rwth-aachen.de",44,"44","uds",74,"n23m0164.hpc.itc.rwth-aachen.de",74,"74","uds",unix,64,4194304,10,50,81.356,32.711,52.8323,52.9025,80.407,1.49428,1.49337
44,"n23m0164.hpc.itc.rwth-aachen.de",44,"44","uds",75,"n23m0164.hpc.itc.rwth-aachen.de",75,"75","uds",unix,64,4194304,10,50,86.417,30.231,52.3756,52.1875,88.379,1.50903,1.5079
44,"n23m0164.hpc.itc.rwth-aachen.de",44,"44","uds",76,"n23m0164.hpc.itc.rwth-aachen.de",76,"76","uds",unix,64,4194304,10,50,86.468,29.538,53.3253,51.8215,81.036,1.82753,1.98952
44,"n23m0164.hpc.itc.rwth-aachen.de",44,"44","uds",77,"n23m0164.hpc.itc.rwth-aachen.de",77,"77","uds",unix,64,4194304,10,50,63.199,28.6,41.1762,41.781,54.516,1.49793,1.50463
44,"n23m0164.hpc.itc.rwth-aachen.de",44,"44","uds",78,"n23m0164.hpc.itc.rwth-aachen.de",78,"78","uds",unix,64,4194304,10,50,83.684,29.839,52.1447,51.6085,69.086,1.51226,1.5117
44,"n23m0164.hpc.itc.rwth-aachen.de",44,"44","uds",79,"n23m0164.hpc.itc.rwth-aachen.de",79,"79","uds",unix,64,4194304,10,50,87.746,32.204,53.1024,54.167,89.128,1.51949,1.51877
44,"n23m0164.hpc.itc.rwth-aachen.de",44,"44","uds",80,"n23m0164.hpc.itc.rwth-aachen.de",80,"80","uds",unix,64,4194304,10,50,78.274,30.695,53.106,50.599,88.34,1.98885,2.04111
44,"n23m0164.hpc.itc.rwth-aachen.de",44,"44","uds",81,"n23m0164.hpc.itc.rwth-aachen.de",81,"81","uds",unix,64,4194304,10,50,69.206,30.211,49.2875,48.3885,65.905,1.52026,1.51861
44,"n23m0164.hpc.itc.rwth-aachen.de",44,"44","uds",82,"n23m0164.hpc.itc.rwth-aachen.de",82,"82","uds",unix,64,4194304,10,50,84.562,34.487,53.1198,51.0125,82.611,1.51132,1.51269
44,"n23m0164.hpc.itc.rwth-aachen.de",44,"44","uds",83,"n23m0164.hpc.itc.rwth-aachen.de",83,"83","uds",unix,64,4194304,10,50,77.523,30.616,53.0637,52.31,73.411,1.49166,1.50276
44,"n23m0164.hpc.itc.rwth-aachen.de",44,"44","uds",84,"n23m0164.hpc.itc.rwth-aachen.de",84,"84","uds",unix,64,4194304,10,50,79.647,27.245,48.924,47.039,77.595,2.07173,2.05333
44,"n23m0164.hpc.itc.rwth-aachen.de",44,"44","uds",85,"n23m0164.hpc.itc.rwth-aachen.de",85,"85","uds",unix,64,4194304,10,50,70.632,30.75,54.8519,53.758,86.867,1.50327,1.50227
44,"n23m0164.hpc.itc.rwth-aachen.de",44,"44","uds",86,"n23m0164.hpc.itc.rwth-aachen.de",86,"86","uds",unix,64,4194304,10,50,89.27,27.474,53.8168,53.6495,84.531,1.50983,1.51094
44,"n23m0164.hpc.itc.rwth-aachen.de",44,"44","uds",87,"n23m0164.hpc.itc.rwth-aachen.de",87,"87","uds",unix,64,4194304,10,50,90.83,30.601,51.5293,52.2685,85.907,1.5045,1.54628
44,"n23m0164.hpc.itc.rwth-aachen.de",44,"44","uds",88,"n23m0164.hpc.itc.rwth-aachen.de",88,"88","uds",unix,64,4194304,10,50,68.243,25.794,48.6215,47.22,82.568,1.78666,1.8968
44,"n23m0164.hpc.itc.rwth-aachen.de",44,"44","uds",89,"n23m0164.hpc.itc.rwth-aachen.de",89,"89","uds",unix,64,4194304,10,50,88.159,30.334,52.6935,53.291,84.713,1.50638,1.50787
44,"n23m0164.hpc.itc.rwth-aachen.de",44,"44","uds",90,"n23m0164.hpc.itc.rwth-aachen.de",90,"90","uds",unix,64,4194304,10,50,90.004,31.077,53.0289,52.2815,86.1,1.52686,1.52749
44,"n23m0164.hpc.itc.rwth-aachen.de",44,"44","uds",91,"n23m0164.hpc.itc.rwth-aachen.de",91,"91","uds",unix,64,4194304,10,50,89.536,38.213,53.4872,53.781,72.288,1.52043,1.54085
44,"n23m0164.hpc.itc.rwth-aachen.de",44,"44","uds",92,"n23m0164.hpc.itc.rwth-aachen.de",92,"92","uds",unix,64,4194304,10,50,92.296,26.694,47.2471,46.921,71.718,1.95152,1.94581
44,"n23m0164.hpc.itc.rwth-aachen.de",44,"44","uds",93,"n23m0164.hpc.itc.rwth-aachen.de",93,"93","uds",unix,64,4194304,10,50,74.605,34.327,52.3034,51.8565,78.457,1.51315,1.50631
44,"n23m0164.hpc.itc.rwth-aachen.de",44,"44","uds",94,"n23m0164.hpc.itc.rwth-aachen.de",94,"94","uds",unix,64,4194304,10,50,86.474,30.073,53.5455,53.0645,83.85,1.50495,1.50367
44,"n23m0164.hpc.itc.rwth-aachen.de",44,"44","uds",95,"n23m0164.hpc.itc.rwth-aachen.de",95,"95","uds",unix,64,4194304,10,50,80.468,32.302,52.6485,53.6905,80.483,1.55598,1.74272
45,"n23m0164.hpc.itc.rwth-aachen.de",45,"45","uds",46,"n23m0164.hpc.itc.rwth-aachen.de",46,"46","uds",unix,64,4194304,10,50,92.591,19.074,26.4279,25.6075,40.002,4.60032,4.59
45,"n23m0164.hpc.itc.rwth-aachen.de",45,"45","uds",47,"n23m0164.hpc.itc.rwth-aachen.de",47,"47","uds",unix,64,4194304,10,50,56.265,21.474,27.6539,27.005,44.504,5.07641,5.07023
45,"n23m0164.hpc.itc.rwth-aachen.de",45,"45","uds",48,"n23m0164.hpc.itc.rwth-aachen.de",48,"48","uds",unix,64,4194304,10,50,63.101,23.997,38.444,38.1315,54.534,1.49225,1.70859
45,"n23m0164.hpc.itc.rwth-aachen.de",45,"45","uds",49,"n23m0164.hpc.itc.rwth-aachen.de",49,"49","uds",unix,64,4194304,10,50,94.082,31.404,53.8207,54.126,79.349,1.50239,1.54246
45,"n23m0164.hpc.itc.rwth-aachen.de",45,"45","uds",50,"n23m0164.hpc.itc.rwth-aachen.de",50,"50","uds",unix,64,4194304,10,50,79.792,26.321,45.8193,46.581,64.535,1.8991,1.9505
45,"n23m0164.hpc.itc.rwth-aachen.de",45,"45","uds",51,"n23m0164.hpc.itc.rwth-aachen.de",51,"51","uds",unix,64,4194304,10,50,89.591,28.832,53.1756,54.1615,68.009,1.5136,1.51228
45,"n23m0164.hpc.itc.rwth-aachen.de",45,"45","uds",52,"n23m0164.hpc.itc.rwth-aachen.de",52,"52","uds",unix,64,4194304,10,50,86.58,30.334,53.1882,52.818,74.883,1.51299,1.51163
45,"n23m0164.hpc.itc.rwth-aachen.de",45,"45","uds",53,"n23m0164.hpc.itc.rwth-aachen.de",53,"53","uds",unix,64,4194304,10,50,83.581,32.639,53.2656,52.9775,76.247,1.52951,1.58649
45,"n23m0164.hpc.itc.rwth-aachen.de",45,"45","uds",54,"n23m0164.hpc.itc.rwth-aachen.de",54,"54","uds",unix,64,4194304,10,50,68.28,24.678,45.3796,46.016,66.667,1.5187,1.71637
45,"n23m0164.hpc.itc.rwth-aachen.de",45,"45","uds",55,"n23m0164.hpc.itc.rwth-aachen.de",55,"55","uds",unix,64,4194304,10,50,78.028,31.652,54.1122,53.7555,87.427,1.49189,1.4915
45,"n23m0164.hpc.itc.rwth-aachen.de",45,"45","uds",56,"n23m0164.hpc.itc.rwth-aachen.de",56,"56","uds",unix,64,4194304,10,50,75.16,29.227,52.5395,53.511,77.899,1.5273,1.52717
45,"n23m0164.hpc.itc.rwth-aachen.de",45,"45","uds",57,"n23m0164.hpc.itc.rwth-aachen.de",57,"57","uds",unix,64,4194304,10,50,83.617,28.164,51.9938,52.4285,76.707,1.64168,1.77306
45,"n23m0164.hpc.itc.rwth-aachen.de",45,"45","uds",58,"n23m0164.hpc.itc.rwth-aachen.de",58,"58","uds",unix,64,4194304,10,50,50.401,26.933,39.4086,38.5445,63.061,1.5083,1.54108
45,"n23m0164.hpc.itc.rwth-aachen.de",45,"45","uds",59,"n23m0164.hpc.itc.rwth-aachen.de",59,"59","uds",unix,64,4194304,10,50,73.119,33.828,53.5058,54.792,77.174,1.51516,1.51686
45,"n23m0164.hpc.itc.rwth-aachen.de",45,"45","uds",60,"n23m0164.hpc.itc.rwth-aachen.de",60,"60","uds",unix,64,4194304,10,50,90.245,29.984,53.4936,53.4075,77.773,1.50662,1.50484
45,"n23m0164.hpc.itc.rwth-aachen.de",45,"45","uds",61,"n23m0164.hpc.itc.rwth-aachen.de",61,"61","uds",unix,64,4194304,10,50,98.968,31.847,52.5525,52.909,71.943,1.5398,1.68711
45,"n23m0164.hpc.itc.rwth-aachen.de",45,"45","uds",62,"n23m0164.hpc.itc.rwth-aachen.de",62,"62","uds",unix,64,4194304,10,50,53.567,29.054,37.5521,36.998,48.122,1.52097,1.60699
45,"n23m0164.hpc.itc.rwth-aachen.de",45,"45","uds",63,"n23m0164.hpc.itc.rwth-aachen.de",63,"63","uds",unix,64,4194304,10,50,86.127,29.944,53.0808,53.06,81.063,1.50393,1.5014
45,"n23m0164.hpc.itc.rwth-aachen.de",45,"45","uds",64,"n23m0164.hpc.itc.rwth-aachen.de",64,"64","uds",unix,64,4194304,10,50,79.863,27.556,51.775,52.308,72.773,1.52308,1.52471
45,"n23m0164.hpc.itc.rwth-aachen.de",45,"45","uds",65,"n23m0164.hpc.itc.rwth-aachen.de",65,"65","uds",unix,64,4194304,10,50,90.736,29.89,53.1337,52.067,81.27,1.88578,1.98956
45,"n23m0164.hpc.itc.rwth-aachen.de",45,"45","uds",66,"n23m0164.hpc.itc.rwth-aachen.de",66,"66","uds",unix,64,4194304,10,50,80.792,30.214,53.9614,52.663,75.853,1.51274,1.51045
45,"n23m0164.hpc.itc.rwth-aachen.de",45,"45","uds",67,"n23m0164.hpc.itc.rwth-aachen.de",67,"67","uds",unix,64,4194304,10,50,90.897,29.663,52.9091,52.721,89.83,1.53424,1.5324
45,"n23m0164.hpc.itc.rwth-aachen.de",45,"45","uds",68,"n23m0164.hpc.itc.rwth-aachen.de",68,"68","uds",unix,64,4194304,10,50,76.371,28.908,52.5525,53.688,69.462,1.58552,1.74811
45,"n23m0164.hpc.itc.rwth-aachen.de",45,"45","uds",69,"n23m0164.hpc.itc.rwth-aachen.de",69,"69","uds",unix,64,4194304,10,50,57.098,29.338,38.0939,37.922,60.746,1.50186,1.57142
45,"n23m0164.hpc.itc.rwth-aachen.de",45,"45","uds",70,"n23m0164.hpc.itc.rwth-aachen.de",70,"70","uds",unix,64,4194304,10,50,109.074,29.262,52.7519,51.561,78.019,1.50509,1.50298
45,"n23m0164.hpc.itc.rwth-aachen.de",45,"45","uds",71,"n23m0164.hpc.itc.rwth-aachen.de",71,"71","uds",unix,64,4194304,10,50,100.943,35.052,55.0431,53.8585,77.628,1.51698,1.51721
45,"n23m0164.hpc.itc.rwth-aachen.de",45,"45","uds",72,"n23m0164.hpc.itc.rwth-aachen.de",72,"72","uds",unix,64,4194304,10,50,75.709,28.496,51.395,51.8395,76.954,1.84879,1.92752
45,"n23m0164.hpc.itc.rwth-aachen.de",45,"45","uds",73,"n23m0164.hpc.itc.rwth-aachen.de",73,"73","uds",unix,64,4194304,10,50,67.341,25.743,44.8593,43.7115,75.839,1.53382,1.53265
45,"n23m0164.hpc.itc.rwth-aachen.de",45,"45","uds",74,"n23m0164.hpc.itc.rwth-aachen.de",74,"74","uds",unix,64,4194304,10,50,78.371,26.965,52.4961,52.255,73.493,1.52435,1.52524
45,"n23m0164.hpc.itc.rwth-aachen.de",45,"45","uds",75,"n23m0164.hpc.itc.rwth-aachen.de",75,"75","uds",unix,64,4194304,10,50,93.613,27.317,51.4459,52.6705,76.032,1.78542,1.88156
45,"n23m0164.hpc.itc.rwth-aachen.de",45,"45","uds",76,"n23m0164.hpc.itc.rwth-aachen.de",76,"76","uds",unix,64,4194304,10,50,55.057,26.061,43.4423,43.21,59.269,1.53687,1.53557
45,"n23m0164.hpc.itc.rwth-aachen.de",45,"45","uds",77,"n23m0164.hpc.itc.rwth-aachen.de",77,"77","uds",unix,64,4194304,10,50,64.842,31.23,50.8472,52.015,80.378,1.53358,1.53238
45,"n23m0164.hpc.itc.rwth-aachen.de",45,"45","uds",78,"n23m0164.hpc.itc.rwth-aachen.de",78,"78","uds",unix,64,4194304,10,50,70.647,32.749,51.4186,51.1685,82.175,1.53413,1.53489
45,"n23m0164.hpc.itc.rwth-aachen.de",45,"45","uds",79,"n23m0164.hpc.itc.rwth-aachen.de",79,"79","uds",unix,64,4194304,10,50,90.302,29.652,50.8038,51.5195,71.605,2.03997,2.07605
45,"n23m0164.hpc.itc.rwth-aachen.de",45,"45","uds",80,"n23m0164.hpc.itc.rwth-aachen.de",80,"80","uds",unix,64,4194304,10,50,58.556,23.998,42.3681,42.3235,58.541,1.52239,1.52095
45,"n23m0164.hpc.itc.rwth-aachen.de",45,"45","uds",81,"n23m0164.hpc.itc.rwth-aachen.de",81,"81","uds",unix,64,4194304,10,50,73.251,28.064,50.7988,50.89,81.648,1.5411,1.54401
45,"n23m0164.hpc.itc.rwth-aachen.de",45,"45","uds",82,"n23m0164.hpc.itc.rwth-aachen.de",82,"82","uds",unix,64,4194304,10,50,73.342,30.37,52.1137,52.731,71.791,1.55034,1.54653
45,"n23m0164.hpc.itc.rwth-aachen.de",45,"45","uds",83,"n23m0164.hpc.itc.rwth-aachen.de",83,"83","uds",unix,64,4194304,10,50,75,33.674,53.2264,52.351,80.835,1.91557,1.99391
45,"n23m0164.hpc.itc.rwth-aachen.de",45,"45","uds",84,"n23m0164.hpc.itc.rwth-aachen.de",84,"84","uds",unix,64,4194304,10,50,85.875,29.813,52.6566,53.0245,76.873,1.53957,1.5377
45,"n23m0164.hpc.itc.rwth-aachen.de",45,"45","uds",85,"n23m0164.hpc.itc.rwth-aachen.de",85,"85","uds",unix,64,4194304,10,50,70.692,27.407,51.4396,51.1305,76.161,1.53111,1.53165
45,"n23m0164.hpc.itc.rwth-aachen.de",45,"45","uds",86,"n23m0164.hpc.itc.rwth-aachen.de",86,"86","uds",unix,64,4194304,10,50,75.969,35.657,53.3009,55.1575,77.848,1.54088,1.63975
45,"n23m0164.hpc.itc.rwth-aachen.de",45,"45","uds",87,"n23m0164.hpc.itc.rwth-aachen.de",87,"87","uds",unix,64,4194304,10,50,55.517,23.385,37.3621,37.627,48.677,1.56773,1.80794
45,"n23m0164.hpc.itc.rwth-aachen.de",45,"45","uds",88,"n23m0164.hpc.itc.rwth-aachen.de",88,"88","uds",unix,64,4194304,10,50,78.345,31.905,52.6369,53.076,71.508,1.54082,1.53895
45,"n23m0164.hpc.itc.rwth-aachen.de",45,"45","uds",89,"n23m0164.hpc.itc.rwth-aachen.de",89,"89","uds",unix,64,4194304,10,50,75.13,32.355,52.0279,50.3075,96.728,1.53533,1.53426
45,"n23m0164.hpc.itc.rwth-aachen.de",45,"45","uds",90,"n23m0164.hpc.itc.rwth-aachen.de",90,"90","uds",unix,64,4194304,10,50,78.513,26.664,50.7679,51.734,76.299,1.79746,1.95724
45,"n23m0164.hpc.itc.rwth-aachen.de",45,"45","uds",91,"n23m0164.hpc.itc.rwth-aachen.de",91,"91","uds",unix,64,4194304,10,50,49.327,27.729,38.9285,38.5585,62.069,1.54437,1.57471
45,"n23m0164.hpc.itc.rwth-aachen.de",45,"45","uds",92,"n23m0164.hpc.itc.rwth-aachen.de",92,"92","uds",unix,64,4194304,10,50,77.437,29.388,51.5992,50.9095,79.118,1.50364,1.50204
45,"n23m0164.hpc.itc.rwth-aachen.de",45,"45","uds",93,"n23m0164.hpc.itc.rwth-aachen.de",93,"93","uds",unix,64,4194304,10,50,81.946,27.307,51.6543,52.308,72.955,1.52249,1.52376
45,"n23m0164.hpc.itc.rwth-aachen.de",45,"45","uds",94,"n23m0164.hpc.itc.rwth-aachen.de",94,"94","uds",unix,64,4194304,10,50,78.046,31.216,49.8168,50.261,71.155,1.964,2.00533
45,"n23m0164.hpc.itc.rwth-aachen.de",45,"45","uds",95,"n23m0164.hpc.itc.rwth-aachen.de",95,"95","uds",unix,64,4194304,10,50,87.504,36.163,52.9449,52.6725,79.518,1.49823,1.49049
46,"n23m0164.hpc.itc.rwth-aachen.de",46,"46","uds",47,"n23m0164.hpc.itc.rwth-aachen.de",47,"47","uds",unix,64,4194304,10,50,150.662,31.962,41.64,40.0415,77.154,4.38203,4.28584
46,"n23m0164.hpc.itc.rwth-aachen.de",46,"46","uds",48,"n23m0164.hpc.itc.rwth-aachen.de",48,"48","uds",unix,64,4194304,10,50,73.569,20.026,39.4366,38.3995,75.701,1.48513,1.59163
46,"n23m0164.hpc.itc.rwth-aachen.de",46,"46","uds",49,"n23m0164.hpc.itc.rwth-aachen.de",49,"49","uds",unix,64,4194304,10,50,187.626,26.71,55.4609,54.699,86.133,1.48618,1.5171
46,"n23m0164.hpc.itc.rwth-aachen.de",46,"46","uds",50,"n23m0164.hpc.itc.rwth-aachen.de",50,"50","uds",unix,64,4194304,10,50,82.258,25.637,46.8449,46.7235,77.472,1.92912,1.93045
46,"n23m0164.hpc.itc.rwth-aachen.de",46,"46","uds",51,"n23m0164.hpc.itc.rwth-aachen.de",51,"51","uds",unix,64,4194304,10,50,101.544,29.807,53.0393,54.148,72.105,1.50257,1.50227
46,"n23m0164.hpc.itc.rwth-aachen.de",46,"46","uds",52,"n23m0164.hpc.itc.rwth-aachen.de",52,"52","uds",unix,64,4194304,10,50,90.801,28.446,52.2776,52.902,73.263,1.50438,1.50364
46,"n23m0164.hpc.itc.rwth-aachen.de",46,"46","uds",53,"n23m0164.hpc.itc.rwth-aachen.de",53,"53","uds",unix,64,4194304,10,50,94.332,28.863,53.8615,53.9455,77.902,1.70918,1.87187
46,"n23m0164.hpc.itc.rwth-aachen.de",46,"46","uds",54,"n23m0164.hpc.itc.rwth-aachen.de",54,"54","uds",unix,64,4194304,10,50,55.829,26.028,38.2323,37.509,56.54,1.50618,1.58241
46,"n23m0164.hpc.itc.rwth-aachen.de",46,"46","uds",55,"n23m0164.hpc.itc.rwth-aachen.de",55,"55","uds",unix,64,4194304,10,50,106.402,29.377,54.0272,52.972,95.673,1.48995,1.48994
46,"n23m0164.hpc.itc.rwth-aachen.de",46,"46","uds",56,"n23m0164.hpc.itc.rwth-aachen.de",56,"56","uds",unix,64,4194304,10,50,89.668,31.754,51.643,51.8215,73.203,1.51581,1.51761
46,"n23m0164.hpc.itc.rwth-aachen.de",46,"46","uds",57,"n23m0164.hpc.itc.rwth-aachen.de",57,"57","uds",unix,64,4194304,10,50,80.73,30.798,53.3576,53.796,76.373,2.00234,2.0102
46,"n23m0164.hpc.itc.rwth-aachen.de",46,"46","uds",58,"n23m0164.hpc.itc.rwth-aachen.de",58,"58","uds",unix,64,4194304,10,50,60.392,24.689,42.9867,42.8165,60.679,1.50182,1.50171
46,"n23m0164.hpc.itc.rwth-aachen.de",46,"46","uds",59,"n23m0164.hpc.itc.rwth-aachen.de",59,"59","uds",unix,64,4194304,10,50,83.613,35.191,51.4777,50.807,78.173,1.51219,1.51005
46,"n23m0164.hpc.itc.rwth-aachen.de",46,"46","uds",60,"n23m0164.hpc.itc.rwth-aachen.de",60,"60","uds",unix,64,4194304,10,50,94.05,25.617,53.5351,52.907,85.029,1.48858,1.49844
46,"n23m0164.hpc.itc.rwth-aachen.de",46,"46","uds",61,"n23m0164.hpc.itc.rwth-aachen.de",61,"61","uds",unix,64,4194304,10,50,80.582,25.646,46.9418,46.53,66.487,2.03886,2.02725
46,"n23m0164.hpc.itc.rwth-aachen.de",46,"46","uds",62,"n23m0164.hpc.itc.rwth-aachen.de",62,"62","uds",unix,64,4194304,10,50,89.036,28.586,52.2533,52.8995,74.555,1.50263,1.50195
46,"n23m0164.hpc.itc.rwth-aachen.de",46,"46","uds",63,"n23m0164.hpc.itc.rwth-aachen.de",63,"63","uds",unix,64,4194304,10,50,88.526,28.63,52.8664,52.4525,74.681,1.48631,1.48716
46,"n23m0164.hpc.itc.rwth-aachen.de",46,"46","uds",64,"n23m0164.hpc.itc.rwth-aachen.de",64,"64","uds",unix,64,4194304,10,50,84.904,29.688,52.5627,51.9185,75.059,1.50954,1.52136
46,"n23m0164.hpc.itc.rwth-aachen.de",46,"46","uds",65,"n23m0164.hpc.itc.rwth-aachen.de",65,"65","uds",unix,64,4194304,10,50,83.933,28.162,49.0924,47.602,86.688,2.06013,2.02319
46,"n23m0164.hpc.itc.rwth-aachen.de",46,"46","uds",66,"n23m0164.hpc.itc.rwth-aachen.de",66,"66","uds",unix,64,4194304,10,50,90.732,27.876,52.2379,52.5405,72.881,1.50738,1.50634
46,"n23m0164.hpc.itc.rwth-aachen.de",46,"46","uds",67,"n23m0164.hpc.itc.rwth-aachen.de",67,"67","uds",unix,64,4194304,10,50,78.606,27.521,51.3994,52.7925,74.076,1.52204,1.52425
46,"n23m0164.hpc.itc.rwth-aachen.de",46,"46","uds",68,"n23m0164.hpc.itc.rwth-aachen.de",68,"68","uds",unix,64,4194304,10,50,78.179,28.612,52.9112,52.2815,80.984,1.66453,1.83209
46,"n23m0164.hpc.itc.rwth-aachen.de",46,"46","uds",69,"n23m0164.hpc.itc.rwth-aachen.de",69,"69","uds",unix,64,4194304,10,50,51.209,28.275,37.5403,37.337,55.921,1.49903,1.58388
46,"n23m0164.hpc.itc.rwth-aachen.de",46,"46","uds",70,"n23m0164.hpc.itc.rwth-aachen.de",70,"70","uds",unix,64,4194304,10,50,91.097,29.679,53.4176,53.7095,78.515,1.49579,1.4962
46,"n23m0164.hpc.itc.rwth-aachen.de",46,"46","uds",71,"n23m0164.hpc.itc.rwth-aachen.de",71,"71","uds",unix,64,4194304,10,50,77.403,32.665,54.449,53.9995,89.269,1.51377,1.51327
46,"n23m0164.hpc.itc.rwth-aachen.de",46,"46","uds",72,"n23m0164.hpc.itc.rwth-aachen.de",72,"72","uds",unix,64,4194304,10,50,75.796,31.725,51.3825,51.484,73.46,1.69814,1.85894
46,"n23m0164.hpc.itc.rwth-aachen.de",46,"46","uds",73,"n23m0164.hpc.itc.rwth-aachen.de",73,"73","uds",unix,64,4194304,10,50,55.338,21.357,37.7084,37.586,56.113,1.52169,1.594
46,"n23m0164.hpc.itc.rwth-aachen.de",46,"46","uds",74,"n23m0164.hpc.itc.rwth-aachen.de",74,"74","uds",unix,64,4194304,10,50,78.923,30.115,51.5819,52.6515,72.895,1.50845,1.50643
46,"n23m0164.hpc.itc.rwth-aachen.de",46,"46","uds",75,"n23m0164.hpc.itc.rwth-aachen.de",75,"75","uds",unix,64,4194304,10,50,80.077,28.14,53.4264,55.2905,74.363,1.50345,1.50403
46,"n23m0164.hpc.itc.rwth-aachen.de",46,"46","uds",76,"n23m0164.hpc.itc.rwth-aachen.de",76,"76","uds",unix,64,4194304,10,50,81.36,27.358,51.7647,50.9855,78.531,1.69429,1.8477
46,"n23m0164.hpc.itc.rwth-aachen.de",46,"46","uds",77,"n23m0164.hpc.itc.rwth-aachen.de",77,"77","uds",unix,64,4194304,10,50,55.118,23.418,37.0318,36.6,54.166,1.50319,1.58807
46,"n23m0164.hpc.itc.rwth-aachen.de",46,"46","uds",78,"n23m0164.hpc.itc.rwth-aachen.de",78,"78","uds",unix,64,4194304,10,50,77.209,28.115,52.1171,50.528,73.601,1.51396,1.51371
46,"n23m0164.hpc.itc.rwth-aachen.de",46,"46","uds",79,"n23m0164.hpc.itc.rwth-aachen.de",79,"79","uds",unix,64,4194304,10,50,90.042,28.114,52.0157,51.997,84.46,1.53389,1.53455
46,"n23m0164.hpc.itc.rwth-aachen.de",46,"46","uds",80,"n23m0164.hpc.itc.rwth-aachen.de",80,"80","uds",unix,64,4194304,10,50,77.175,30.411,52.7642,53.4495,84.744,2.06623,2.05283
46,"n23m0164.hpc.itc.rwth-aachen.de",46,"46","uds",81,"n23m0164.hpc.itc.rwth-aachen.de",81,"81","uds",unix,64,4194304,10,50,66.734,24.724,42.7051,43.7105,60.153,1.52572,1.52592
46,"n23m0164.hpc.itc.rwth-aachen.de",46,"46","uds",82,"n23m0164.hpc.itc.rwth-aachen.de",82,"82","uds",unix,64,4194304,10,50,86.419,28.508,50.5818,49.0455,72.995,1.52461,1.52536
46,"n23m0164.hpc.itc.rwth-aachen.de",46,"46","uds",83,"n23m0164.hpc.itc.rwth-aachen.de",83,"83","uds",unix,64,4194304,10,50,77.576,32.282,51.968,51.9225,81.186,1.49935,1.50036
46,"n23m0164.hpc.itc.rwth-aachen.de",46,"46","uds",84,"n23m0164.hpc.itc.rwth-aachen.de",84,"84","uds",unix,64,4194304,10,50,84.039,31.354,50.3406,50.567,73.479,2.04582,2.08955
46,"n23m0164.hpc.itc.rwth-aachen.de",46,"46","uds",85,"n23m0164.hpc.itc.rwth-aachen.de",85,"85","uds",unix,64,4194304,10,50,76.061,29.86,51.8866,52.277,77.506,1.52185,1.52199
46,"n23m0164.hpc.itc.rwth-aachen.de",46,"46","uds",86,"n23m0164.hpc.itc.rwth-aachen.de",86,"86","uds",unix,64,4194304,10,50,80.025,28.24,51.9991,51.7495,80.585,1.52191,1.52012
46,"n23m0164.hpc.itc.rwth-aachen.de",46,"46","uds",87,"n23m0164.hpc.itc.rwth-aachen.de",87,"87","uds",unix,64,4194304,10,50,69.526,30.454,52.539,53.389,79.847,1.525,1.52675
46,"n23m0164.hpc.itc.rwth-aachen.de",46,"46","uds",88,"n23m0164.hpc.itc.rwth-aachen.de",88,"88","uds",unix,64,4194304,10,50,83.022,28.128,51.2082,50.3575,80.197,2.08923,2.10207
46,"n23m0164.hpc.itc.rwth-aachen.de",46,"46","uds",89,"n23m0164.hpc.itc.rwth-aachen.de",89,"89","uds",unix,64,4194304,10,50,67.897,29.696,52.7117,54.7175,67.541,1.5276,1.52544
46,"n23m0164.hpc.itc.rwth-aachen.de",46,"46","uds",90,"n23m0164.hpc.itc.rwth-aachen.de",90,"90","uds",unix,64,4194304,10,50,81.754,27.51,51.5397,51.353,73.159,1.53257,1.53263
46,"n23m0164.hpc.itc.rwth-aachen.de",46,"46","uds",91,"n23m0164.hpc.itc.rwth-aachen.de",91,"91","uds",unix,64,4194304,10,50,74.093,32.073,51.3006,51.087,84.115,1.52173,1.53094
46,"n23m0164.hpc.itc.rwth-aachen.de",46,"46","uds",92,"n23m0164.hpc.itc.rwth-aachen.de",92,"92","uds",unix,64,4194304,10,50,71.735,25.466,47.6505,47.8345,73.509,2.02772,2.02549
46,"n23m0164.hpc.itc.rwth-aachen.de",46,"46","uds",93,"n23m0164.hpc.itc.rwth-aachen.de",93,"93","uds",unix,64,4194304,10,50,77.839,25.898,50.2493,49.636,90.124,1.53413,1.53281
46,"n23m0164.hpc.itc.rwth-aachen.de",46,"46","uds",94,"n23m0164.hpc.itc.rwth-aachen.de",94,"94","uds",unix,64,4194304,10,50,77.527,29.01,51.5483,51.5735,78.459,1.523,1.5224
46,"n23m0164.hpc.itc.rwth-aachen.de",46,"46","uds",95,"n23m0164.hpc.itc.rwth-aachen.de",95,"95","uds",unix,64,4194304,10,50,76.935,27.74,52.9767,54.4915,74.922,1.51403,1.60091
47,"n23m0164.hpc.itc.rwth-aachen.de",47,"47","uds",48,"n23m0164.hpc.itc.rwth-aachen.de",48,"48","uds",unix,64,4194304,10,50,113.148,23.086,38.6031,39.3965,49.999,1.48983,1.72748
47,"n23m0164.hpc.itc.rwth-aachen.de",47,"47","uds",49,"n23m0164.hpc.itc.rwth-aachen.de",49,"49","uds",unix,64,4194304,10,50,100.152,30.059,54.4819,53.323,80.925,1.48297,1.48123
47,"n23m0164.hpc.itc.rwth-aachen.de",47,"47","uds",50,"n23m0164.hpc.itc.rwth-aachen.de",50,"50","uds",unix,64,4194304,10,50,96.485,29.948,54.2069,52.8605,84.113,1.48458,1.48494
47,"n23m0164.hpc.itc.rwth-aachen.de",47,"47","uds",51,"n23m0164.hpc.itc.rwth-aachen.de",51,"51","uds",unix,64,4194304,10,50,78.33,27.296,52.6148,53.974,78.537,1.75977,1.93335
47,"n23m0164.hpc.itc.rwth-aachen.de",47,"47","uds",52,"n23m0164.hpc.itc.rwth-aachen.de",52,"52","uds",unix,64,4194304,10,50,57.576,22.476,39.6873,40.345,61.594,1.49145,1.51572
47,"n23m0164.hpc.itc.rwth-aachen.de",47,"47","uds",53,"n23m0164.hpc.itc.rwth-aachen.de",53,"53","uds",unix,64,4194304,10,50,73.845,28.951,53.6645,53.965,83.591,1.49515,1.47758
47,"n23m0164.hpc.itc.rwth-aachen.de",47,"47","uds",54,"n23m0164.hpc.itc.rwth-aachen.de",54,"54","uds",unix,64,4194304,10,50,88.825,33.257,53.4785,53.8335,72.574,1.47397,1.47368
47,"n23m0164.hpc.itc.rwth-aachen.de",47,"47","uds",55,"n23m0164.hpc.itc.rwth-aachen.de",55,"55","uds",unix,64,4194304,10,50,88.491,30.655,53.8132,53.285,90.446,1.927,2.0109
47,"n23m0164.hpc.itc.rwth-aachen.de",47,"47","uds",56,"n23m0164.hpc.itc.rwth-aachen.de",56,"56","uds",unix,64,4194304,10,50,80.71,28.205,52.1432,53.329,81.813,1.49096,1.49198
47,"n23m0164.hpc.itc.rwth-aachen.de",47,"47","uds",57,"n23m0164.hpc.itc.rwth-aachen.de",57,"57","uds",unix,64,4194304,10,50,79.002,32.714,54.2292,53.647,84.117,1.46808,1.46978
47,"n23m0164.hpc.itc.rwth-aachen.de",47,"47","uds",58,"n23m0164.hpc.itc.rwth-aachen.de",58,"58","uds",unix,64,4194304,10,50,93.372,32.885,52.1444,52.1775,72.517,1.4859,1.50594
47,"n23m0164.hpc.itc.rwth-aachen.de",47,"47","uds",59,"n23m0164.hpc.itc.rwth-aachen.de",59,"59","uds",unix,64,4194304,10,50,67.5,27.762,46.773,46.2875,78.648,1.91868,1.93679
47,"n23m0164.hpc.itc.rwth-aachen.de",47,"47","uds",60,"n23m0164.hpc.itc.rwth-aachen.de",60,"60","uds",unix,64,4194304,10,50,93.796,27.339,52.197,52.8325,109.284,1.47482,1.47503
47,"n23m0164.hpc.itc.rwth-aachen.de",47,"47","uds",61,"n23m0164.hpc.itc.rwth-aachen.de",61,"61","uds",unix,64,4194304,10,50,86.513,30.263,51.4041,51.0305,71.097,1.48494,1.48546
47,"n23m0164.hpc.itc.rwth-aachen.de",47,"47","uds",62,"n23m0164.hpc.itc.rwth-aachen.de",62,"62","uds",unix,64,4194304,10,50,114.358,28.735,51.9035,52.79,70.755,1.49484,1.59829
47,"n23m0164.hpc.itc.rwth-aachen.de",47,"47","uds",63,"n23m0164.hpc.itc.rwth-aachen.de",63,"63","uds",unix,64,4194304,10,50,53.684,25.785,37.2104,36.152,56.19,1.49888,1.71889
47,"n23m0164.hpc.itc.rwth-aachen.de",47,"47","uds",64,"n23m0164.hpc.itc.rwth-aachen.de",64,"64","uds",unix,64,4194304,10,50,80.132,30.21,53.1307,55.013,77.72,1.50348,1.50272
47,"n23m0164.hpc.itc.rwth-aachen.de",47,"47","uds",65,"n23m0164.hpc.itc.rwth-aachen.de",65,"65","uds",unix,64,4194304,10,50,80.25,26.098,53.9693,54.142,93.005,1.50865,1.50762
47,"n23m0164.hpc.itc.rwth-aachen.de",47,"47","uds",66,"n23m0164.hpc.itc.rwth-aachen.de",66,"66","uds",unix,64,4194304,10,50,80.163,28.416,52.8822,51.8835,80.949,1.69199,1.84633
47,"n23m0164.hpc.itc.rwth-aachen.de",47,"47","uds",67,"n23m0164.hpc.itc.rwth-aachen.de",67,"67","uds",unix,64,4194304,10,50,53.393,25.699,38.6328,38.2305,59.411,1.51601,1.57202
47,"n23m0164.hpc.itc.rwth-aachen.de",47,"47","uds",68,"n23m0164.hpc.itc.rwth-aachen.de",68,"68","uds",unix,64,4194304,10,50,80.379,32.075,54.7482,56.103,74.86,1.50456,1.50494
47,"n23m0164.hpc.itc.rwth-aachen.de",47,"47","uds",69,"n23m0164.hpc.itc.rwth-aachen.de",69,"69","uds",unix,64,4194304,10,50,91.147,33.972,55.6555,55.629,76.862,1.47906,1.479
47,"n23m0164.hpc.itc.rwth-aachen.de",47,"47","uds",70,"n23m0164.hpc.itc.rwth-aachen.de",70,"70","uds",unix,64,4194304,10,50,82.094,29.251,54.0526,53.085,74.087,2.00904,2.01835
47,"n23m0164.hpc.itc.rwth-aachen.de",47,"47","uds",71,"n23m0164.hpc.itc.rwth-aachen.de",71,"71","uds",unix,64,4194304,10,50,71.093,28.924,45.719,45.6425,88.137,1.48941,1.48941
47,"n23m0164.hpc.itc.rwth-aachen.de",47,"47","uds",72,"n23m0164.hpc.itc.rwth-aachen.de",72,"72","uds",unix,64,4194304,10,50,80.484,31.327,51.3197,51.145,75.36,1.50857,1.50914
47,"n23m0164.hpc.itc.rwth-aachen.de",47,"47","uds",73,"n23m0164.hpc.itc.rwth-aachen.de",73,"73","uds",unix,64,4194304,10,50,89.504,30.333,52.6237,52.9185,96.068,1.50223,1.50203
47,"n23m0164.hpc.itc.rwth-aachen.de",47,"47","uds",74,"n23m0164.hpc.itc.rwth-aachen.de",74,"74","uds",unix,64,4194304,10,50,81.719,29.485,53.0663,52.424,71.132,2.06816,2.06536
47,"n23m0164.hpc.itc.rwth-aachen.de",47,"47","uds",75,"n23m0164.hpc.itc.rwth-aachen.de",75,"75","uds",unix,64,4194304,10,50,84.011,30.297,52.2609,52.8495,73.12,1.49839,1.49716
47,"n23m0164.hpc.itc.rwth-aachen.de",47,"47","uds",76,"n23m0164.hpc.itc.rwth-aachen.de",76,"76","uds",unix,64,4194304,10,50,74.432,29.285,52.1658,52.9785,82.278,1.50585,1.50511
47,"n23m0164.hpc.itc.rwth-aachen.de",47,"47","uds",77,"n23m0164.hpc.itc.rwth-aachen.de",77,"77","uds",unix,64,4194304,10,50,74.753,29.399,52.2865,54.121,70.295,1.49846,1.49769
47,"n23m0164.hpc.itc.rwth-aachen.de",47,"47","uds",78,"n23m0164.hpc.itc.rwth-aachen.de",78,"78","uds",unix,64,4194304,10,50,78.068,30.442,51.9522,50.1025,84.808,2.01515,2.06079
47,"n23m0164.hpc.itc.rwth-aachen.de",47,"47","uds",79,"n23m0164.hpc.itc.rwth-aachen.de",79,"79","uds",unix,64,4194304,10,50,77.796,27.445,52.3297,50.249,91.329,1.52853,1.52611
47,"n23m0164.hpc.itc.rwth-aachen.de",47,"47","uds",80,"n23m0164.hpc.itc.rwth-aachen.de",80,"80","uds",unix,64,4194304,10,50,74.387,29.527,52.6166,53.5025,78.411,1.48707,1.48786
47,"n23m0164.hpc.itc.rwth-aachen.de",47,"47","uds",81,"n23m0164.hpc.itc.rwth-aachen.de",81,"81","uds",unix,64,4194304,10,50,74.461,31.251,52.2175,52.7445,75.515,1.51797,1.51988
47,"n23m0164.hpc.itc.rwth-aachen.de",47,"47","uds",82,"n23m0164.hpc.itc.rwth-aachen.de",82,"82","uds",unix,64,4194304,10,50,80.045,32.881,52.7716,53.8705,78.848,2.01672,2.08292
47,"n23m0164.hpc.itc.rwth-aachen.de",47,"47","uds",83,"n23m0164.hpc.itc.rwth-aachen.de",83,"83","uds",unix,64,4194304,10,50,71.086,30.613,51.2382,51.09,90.508,1.48268,1.48292
47,"n23m0164.hpc.itc.rwth-aachen.de",47,"47","uds",84,"n23m0164.hpc.itc.rwth-aachen.de",84,"84","uds",unix,64,4194304,10,50,92.005,32.59,52.8158,51.674,83.97,1.51678,1.518
47,"n23m0164.hpc.itc.rwth-aachen.de",47,"47","uds",85,"n23m0164.hpc.itc.rwth-aachen.de",85,"85","uds",unix,64,4194304,10,50,72.892,35.549,52.7073,53.1255,75.113,1.50115,1.51433
47,"n23m0164.hpc.itc.rwth-aachen.de",47,"47","uds",86,"n23m0164.hpc.itc.rwth-aachen.de",86,"86","uds",unix,64,4194304,10,50,68.327,26.592,46.773,47.408,74.523,1.94601,1.95363
47,"n23m0164.hpc.itc.rwth-aachen.de",47,"47","uds",87,"n23m0164.hpc.itc.rwth-aachen.de",87,"87","uds",unix,64,4194304,10,50,72.228,29.776,52.3289,52.5515,101.095,1.51989,1.52113
47,"n23m0164.hpc.itc.rwth-aachen.de",47,"47","uds",88,"n23m0164.hpc.itc.rwth-aachen.de",88,"88","uds",unix,64,4194304,10,50,80.195,27.806,52.9804,53.6455,81.047,1.52306,1.52415
47,"n23m0164.hpc.itc.rwth-aachen.de",47,"47","uds",89,"n23m0164.hpc.itc.rwth-aachen.de",89,"89","uds",unix,64,4194304,10,50,71.373,28.714,52.709,52.069,83.866,1.51136,1.51307
47,"n23m0164.hpc.itc.rwth-aachen.de",47,"47","uds",90,"n23m0164.hpc.itc.rwth-aachen.de",90,"90","uds",unix,64,4194304,10,50,82.653,26.433,50.4614,50.417,73.354,2.0728,2.09143
47,"n23m0164.hpc.itc.rwth-aachen.de",47,"47","uds",91,"n23m0164.hpc.itc.rwth-aachen.de",91,"91","uds",unix,64,4194304,10,50,69.475,27.384,52.7606,53.461,86.556,1.51866,1.51765
47,"n23m0164.hpc.itc.rwth-aachen.de",47,"47","uds",92,"n23m0164.hpc.itc.rwth-aachen.de",92,"92","uds",unix,64,4194304,10,50,75.653,31.453,52.4784,50.978,84.165,1.4946,1.49363
47,"n23m0164.hpc.itc.rwth-aachen.de",47,"47","uds",93,"n23m0164.hpc.itc.rwth-aachen.de",93,"93","uds",unix,64,4194304,10,50,75.095,28.443,50.9755,51.715,76.245,1.5039,1.50541
47,"n23m0164.hpc.itc.rwth-aachen.de",47,"47","uds",94,"n23m0164.hpc.itc.rwth-aachen.de",94,"94","uds",unix,64,4194304,10,50,79.666,28.234,51.4992,51.7495,76.657,1.84823,1.91088
47,"n23m0164.hpc.itc.rwth-aachen.de",47,"47","uds",95,"n23m0164.hpc.itc.rwth-aachen.de",95,"95","uds",unix,64,4194304,10,50,88.288,30.853,54.9668,53.7175,140.895,1.46419,1.46176
48,"n23m0164.hpc.itc.rwth-aachen.de",48,"48","uds",49,"n23m0164.hpc.itc.rwth-aachen.de",49,"49","uds",unix,64,4194304,10,50,180.933,33.075,41.3509,41.3665,56.835,4.35692,4.23767
48,"n23m0164.hpc.itc.rwth-aachen.de",48,"48","uds",50,"n23m0164.hpc.itc.rwth-aachen.de",50,"50","uds",unix,64,4194304,10,50,65.828,18.918,28.4743,27.9295,45.382,4.76748,4.75211
48,"n23m0164.hpc.itc.rwth-aachen.de",48,"48","uds",51,"n23m0164.hpc.itc.rwth-aachen.de",51,"51","uds",unix,64,4194304,10,50,56.894,20.685,29.2112,28.5575,53.418,4.16247,4.1655
48,"n23m0164.hpc.itc.rwth-aachen.de",48,"48","uds",52,"n23m0164.hpc.itc.rwth-aachen.de",52,"52","uds",unix,64,4194304,10,50,61.979,19.704,30.3468,29.8355,49.686,5.13385,5.07839
48,"n23m0164.hpc.itc.rwth-aachen.de",48,"48","uds",53,"n23m0164.hpc.itc.rwth-aachen.de",53,"53","uds",unix,64,4194304,10,50,55.42,22.064,26.4615,26.0125,34.533,4.51733,4.55794
48,"n23m0164.hpc.itc.rwth-aachen.de",48,"48","uds",54,"n23m0164.hpc.itc.rwth-aachen.de",54,"54","uds",unix,64,4194304,10,50,61.344,23.823,30.249,31.114,37.015,4.279,4.27639
48,"n23m0164.hpc.itc.rwth-aachen.de",48,"48","uds",55,"n23m0164.hpc.itc.rwth-aachen.de",55,"55","uds",unix,64,4194304,10,50,61.449,23.727,28.9431,28.426,37.035,5.20271,5.16656
48,"n23m0164.hpc.itc.rwth-aachen.de",48,"48","uds",56,"n23m0164.hpc.itc.rwth-aachen.de",56,"56","uds",unix,64,4194304,10,50,52.355,21.515,26.688,26.29,39.034,4.70387,4.71207
48,"n23m0164.hpc.itc.rwth-aachen.de",48,"48","uds",57,"n23m0164.hpc.itc.rwth-aachen.de",57,"57","uds",unix,64,4194304,10,50,194.538,20.831,28.755,27.632,51.081,4.18753,4.18826
48,"n23m0164.hpc.itc.rwth-aachen.de",48,"48","uds",58,"n23m0164.hpc.itc.rwth-aachen.de",58,"58","uds",unix,64,4194304,10,50,63.348,19.39,27.934,27.4055,38.295,5.15517,5.07176
48,"n23m0164.hpc.itc.rwth-aachen.de",48,"48","uds",59,"n23m0164.hpc.itc.rwth-aachen.de",59,"59","uds",unix,64,4194304,10,50,57.199,21.325,26.3542,26.109,39.164,4.81811,4.8216
48,"n23m0164.hpc.itc.rwth-aachen.de",48,"48","uds",60,"n23m0164.hpc.itc.rwth-aachen.de",60,"60","uds",unix,64,4194304,10,50,58.821,21.165,25.0998,24.9715,31.027,4.49516,4.34149
48,"n23m0164.hpc.itc.rwth-aachen.de",48,"48","uds",61,"n23m0164.hpc.itc.rwth-aachen.de",61,"61","uds",unix,64,4194304,10,50,63.31,20.864,26.9969,25.4215,113.98,4.21213,3.54559
48,"n23m0164.hpc.itc.rwth-aachen.de",48,"48","uds",62,"n23m0164.hpc.itc.rwth-aachen.de",62,"62","uds",unix,64,4194304,10,50,70.593,20.944,27.7849,27.3085,38.429,4.4988,4.4368
48,"n23m0164.hpc.itc.rwth-aachen.de",48,"48","uds",63,"n23m0164.hpc.itc.rwth-aachen.de",63,"63","uds",unix,64,4194304,10,50,61.402,17.213,25.325,25.0935,41.771,4.49865,4.50185
48,"n23m0164.hpc.itc.rwth-aachen.de",48,"48","uds",64,"n23m0164.hpc.itc.rwth-aachen.de",64,"64","uds",unix,64,4194304,10,50,48.789,21.213,24.8418,24.4545,40.183,5.30643,5.2808
48,"n23m0164.hpc.itc.rwth-aachen.de",48,"48","uds",65,"n23m0164.hpc.itc.rwth-aachen.de",65,"65","uds",unix,64,4194304,10,50,43.863,20.171,23.8833,23.53,33.581,4.90267,4.91098
48,"n23m0164.hpc.itc.rwth-aachen.de",48,"48","uds",66,"n23m0164.hpc.itc.rwth-aachen.de",66,"66","uds",unix,64,4194304,10,50,48.84,20.943,26.1037,25.0885,53.953,5.06916,5.06906
48,"n23m0164.hpc.itc.rwth-aachen.de",48,"48","uds",67,"n23m0164.hpc.itc.rwth-aachen.de",67,"67","uds",unix,64,4194304,10,50,43.18,19.43,24.6035,24.3725,34.558,5.12006,5.11377
48,"n23m0164.hpc.itc.rwth-aachen.de",48,"48","uds",68,"n23m0164.hpc.itc.rwth-aachen.de",68,"68","uds",unix,64,4194304,10,50,44.372,20.925,24.8933,24.5385,34.055,4.89376,4.9023
48,"n23m0164.hpc.itc.rwth-aachen.de",48,"48","uds",69,"n23m0164.hpc.itc.rwth-aachen.de",69,"69","uds",unix,64,4194304,10,50,44.447,21.014,24.9793,24.481,32.589,4.84105,4.84176
48,"n23m0164.hpc.itc.rwth-aachen.de",48,"48","uds",70,"n23m0164.hpc.itc.rwth-aachen.de",70,"70","uds",unix,64,4194304,10,50,44.863,20.782,24.9986,24.7575,34.629,5.05964,5.0511
48,"n23m0164.hpc.itc.rwth-aachen.de",48,"48","uds",71,"n23m0164.hpc.itc.rwth-aachen.de",71,"71","uds",unix,64,4194304,10,50,45.973,15.637,24.8424,24.0545,49.972,4.85926,4.86221
48,"n23m0164.hpc.itc.rwth-aachen.de",48,"48","uds",72,"n23m0164.hpc.itc.rwth-aachen.de",72,"72","uds",unix,64,4194304,10,50,48.861,20.477,24.3477,23.8405,45.162,5.03108,4.90758
48,"n23m0164.hpc.itc.rwth-aachen.de",48,"48","uds",73,"n23m0164.hpc.itc.rwth-aachen.de",73,"73","uds",unix,64,4194304,10,50,60.569,20.984,24.9028,24.706,33.105,5.10987,5.10238
48,"n23m0164.hpc.itc.rwth-aachen.de",48,"48","uds",74,"n23m0164.hpc.itc.rwth-aachen.de",74,"74","uds",unix,64,4194304,10,50,50.969,15.975,23.7348,23.321,41.323,5.01885,5.0136
48,"n23m0164.hpc.itc.rwth-aachen.de",48,"48","uds",75,"n23m0164.hpc.itc.rwth-aachen.de",75,"75","uds",unix,64,4194304,10,50,47.873,18.636,23.5003,22.984,43.261,5.15916,5.15935
48,"n23m0164.hpc.itc.rwth-aachen.de",48,"48","uds",76,"n23m0164.hpc.itc.rwth-aachen.de",76,"76","uds",unix,64,4194304,10,50,44.899,19.946,23.4446,22.631,41.956,5.36769,5.3631
48,"n23m0164.hpc.itc.rwth-aachen.de",48,"48","uds",77,"n23m0164.hpc.itc.rwth-aachen.de",77,"77","uds",unix,64,4194304,10,50,41.031,19.192,23.4143,23.2515,41.262,5.20215,5.21049
48,"n23m0164.hpc.itc.rwth-aachen.de",48,"48","uds",78,"n23m0164.hpc.itc.rwth-aachen.de",78,"78","uds",unix,64,4194304,10,50,40.481,21.184,23.7339,23.4765,29.053,5.28696,5.27282
48,"n23m0164.hpc.itc.rwth-aachen.de",48,"48","uds",79,"n23m0164.hpc.itc.rwth-aachen.de",79,"79","uds",unix,64,4194304,10,50,41.195,14.051,22.8815,22.35,41.638,5.29204,5.30397
48,"n23m0164.hpc.itc.rwth-aachen.de",48,"48","uds",80,"n23m0164.hpc.itc.rwth-aachen.de",80,"80","uds",unix,64,4194304,10,50,43.894,19.892,23.2846,23.392,30.916,5.20111,5.18911
48,"n23m0164.hpc.itc.rwth-aachen.de",48,"48","uds",81,"n23m0164.hpc.itc.rwth-aachen.de",81,"81","uds",unix,64,4194304,10,50,45.699,14.666,23.5723,23.319,40.449,5.28085,5.28129
48,"n23m0164.hpc.itc.rwth-aachen.de",48,"48","uds",82,"n23m0164.hpc.itc.rwth-aachen.de",82,"82","uds",unix,64,4194304,10,50,43.538,19.904,23.7221,23.8335,29.625,5.30986,5.30562
48,"n23m0164.hpc.itc.rwth-aachen.de",48,"48","uds",83,"n23m0164.hpc.itc.rwth-aachen.de",83,"83","uds",unix,64,4194304,10,50,44.476,20.36,24.0619,23.856,31.621,5.18432,5.16624
48,"n23m0164.hpc.itc.rwth-aachen.de",48,"48","uds",84,"n23m0164.hpc.itc.rwth-aachen.de",84,"84","uds",unix,64,4194304,10,50,43.821,20.691,24.1525,24.2775,33.096,4.9103,4.90719
48,"n23m0164.hpc.itc.rwth-aachen.de",48,"48","uds",85,"n23m0164.hpc.itc.rwth-aachen.de",85,"85","uds",unix,64,4194304,10,50,48.707,14.338,23.2285,23.1255,37.28,4.91784,4.87316
48,"n23m0164.hpc.itc.rwth-aachen.de",48,"48","uds",86,"n23m0164.hpc.itc.rwth-aachen.de",86,"86","uds",unix,64,4194304,10,50,52.851,20.262,24.8769,24.5995,33.1,4.8892,4.89163
48,"n23m0164.hpc.itc.rwth-aachen.de",48,"48","uds",87,"n23m0164.hpc.itc.rwth-aachen.de",87,"87","uds",unix,64,4194304,10,50,45.341,19.061,23.4554,23.441,30.198,4.92865,4.92699
48,"n23m0164.hpc.itc.rwth-aachen.de",48,"48","uds",88,"n23m0164.hpc.itc.rwth-aachen.de",88,"88","uds",unix,64,4194304,10,50,45.046,21.532,24.4332,24.04,32.847,4.88308,4.88541
48,"n23m0164.hpc.itc.rwth-aachen.de",48,"48","uds",89,"n23m0164.hpc.itc.rwth-aachen.de",89,"89","uds",unix,64,4194304,10,50,42.137,15.621,24.4392,23.872,42.396,4.85244,4.85876
48,"n23m0164.hpc.itc.rwth-aachen.de",48,"48","uds",90,"n23m0164.hpc.itc.rwth-aachen.de",90,"90","uds",unix,64,4194304,10,50,48.959,19.54,24.2555,23.837,39.68,4.89038,4.86846
48,"n23m0164.hpc.itc.rwth-aachen.de",48,"48","uds",91,"n23m0164.hpc.itc.rwth-aachen.de",91,"91","uds",unix,64,4194304,10,50,43.467,19.243,23.9255,23.339,51.378,4.92157,4.91782
48,"n23m0164.hpc.itc.rwth-aachen.de",48,"48","uds",92,"n23m0164.hpc.itc.rwth-aachen.de",92,"92","uds",unix,64,4194304,10,50,43.932,21.012,23.887,23.6545,30.409,4.84351,4.83511
48,"n23m0164.hpc.itc.rwth-aachen.de",48,"48","uds",93,"n23m0164.hpc.itc.rwth-aachen.de",93,"93","uds",unix,64,4194304,10,50,45.138,20.62,24.1288,23.59,35.551,4.90035,4.89689
48,"n23m0164.hpc.itc.rwth-aachen.de",48,"48","uds",94,"n23m0164.hpc.itc.rwth-aachen.de",94,"94","uds",unix,64,4194304,10,50,43.546,17.651,24.5329,23.6115,40.54,4.66786,4.67104
48,"n23m0164.hpc.itc.rwth-aachen.de",48,"48","uds",95,"n23m0164.hpc.itc.rwth-aachen.de",95,"95","uds",unix,64,4194304,10,50,46.245,17.055,24.8853,24.429,36.708,4.64688,4.64239
49,"n23m0164.hpc.itc.rwth-aachen.de",49,"49","uds",50,"n23m0164.hpc.itc.rwth-aachen.de",50,"50","uds",unix,64,4194304,10,50,112.399,24.154,29.0613,29.3135,36.819,4.61096,4.63678
49,"n23m0164.hpc.itc.rwth-aachen.de",49,"49","uds",51,"n23m0164.hpc.itc.rwth-aachen.de",51,"51","uds",unix,64,4194304,10,50,71.485,20.513,31.7,31.1645,45.667,4.09636,4.08511
49,"n23m0164.hpc.itc.rwth-aachen.de",49,"49","uds",52,"n23m0164.hpc.itc.rwth-aachen.de",52,"52","uds",unix,64,4194304,10,50,73.31,24.563,31.7519,31.7625,42.931,4.1678,4.18174
49,"n23m0164.hpc.itc.rwth-aachen.de",49,"49","uds",53,"n23m0164.hpc.itc.rwth-aachen.de",53,"53","uds",unix,64,4194304,10,50,64.101,20.99,31.8128,31.9485,44.722,4.31627,4.28825
49,"n23m0164.hpc.itc.rwth-aachen.de",49,"49","uds",54,"n23m0164.hpc.itc.rwth-aachen.de",54,"54","uds",unix,64,4194304,10,50,66.558,24.794,31.5772,30.812,40.32,5.00683,4.96014
49,"n23m0164.hpc.itc.rwth-aachen.de",49,"49","uds",55,"n23m0164.hpc.itc.rwth-aachen.de",55,"55","uds",unix,64,4194304,10,50,51.324,22.187,26.8313,26.9795,30.927,4.53728,4.52114
49,"n23m0164.hpc.itc.rwth-aachen.de",49,"49","uds",56,"n23m0164.hpc.itc.rwth-aachen.de",56,"56","uds",unix,64,4194304,10,50,60.614,21.34,33.8733,33.6385,54.017,4.03674,4.05406
49,"n23m0164.hpc.itc.rwth-aachen.de",49,"49","uds",57,"n23m0164.hpc.itc.rwth-aachen.de",57,"57","uds",unix,64,4194304,10,50,59.343,20.351,29.9145,29.5465,46.672,5.10367,5.02466
49,"n23m0164.hpc.itc.rwth-aachen.de",49,"49","uds",58,"n23m0164.hpc.itc.rwth-aachen.de",58,"58","uds",unix,64,4194304,10,50,49.279,20.069,26.7853,26.8535,34.468,4.68758,4.64898
49,"n23m0164.hpc.itc.rwth-aachen.de",49,"49","uds",59,"n23m0164.hpc.itc.rwth-aachen.de",59,"59","uds",unix,64,4194304,10,50,60.105,27.519,34.2883,33.619,55.84,3.9371,3.86992
49,"n23m0164.hpc.itc.rwth-aachen.de",49,"49","uds",60,"n23m0164.hpc.itc.rwth-aachen.de",60,"60","uds",unix,64,4194304,10,50,64.002,17.909,28.4168,27.8125,45.563,4.84542,4.72065
49,"n23m0164.hpc.itc.rwth-aachen.de",49,"49","uds",61,"n23m0164.hpc.itc.rwth-aachen.de",61,"61","uds",unix,64,4194304,10,50,46.434,19.701,24.6081,24.688,31.935,4.36409,4.35973
49,"n23m0164.hpc.itc.rwth-aachen.de",49,"49","uds",62,"n23m0164.hpc.itc.rwth-aachen.de",62,"62","uds",unix,64,4194304,10,50,55.224,22.793,30.2389,29.7325,40.601,3.61755,3.71066
49,"n23m0164.hpc.itc.rwth-aachen.de",49,"49","uds",63,"n23m0164.hpc.itc.rwth-aachen.de",63,"63","uds",unix,64,4194304,10,50,50.152,23.345,28.4325,28.02,35.056,4.86964,4.75607
49,"n23m0164.hpc.itc.rwth-aachen.de",49,"49","uds",64,"n23m0164.hpc.itc.rwth-aachen.de",64,"64","uds",unix,64,4194304,10,50,43,18.674,23.2951,22.962,29.223,4.64265,4.63502
49,"n23m0164.hpc.itc.rwth-aachen.de",49,"49","uds",65,"n23m0164.hpc.itc.rwth-aachen.de",65,"65","uds",unix,64,4194304,10,50,50.369,24.117,28.3837,28.36,32.952,4.18364,4.18036
49,"n23m0164.hpc.itc.rwth-aachen.de",49,"49","uds",66,"n23m0164.hpc.itc.rwth-aachen.de",66,"66","uds",unix,64,4194304,10,50,52.077,21.655,28.196,27.782,38.415,3.6706,3.70852
49,"n23m0164.hpc.itc.rwth-aachen.de",49,"49","uds",67,"n23m0164.hpc.itc.rwth-aachen.de",67,"67","uds",unix,64,4194304,10,50,56.554,23.664,29.5257,28.7815,40.853,3.77457,3.77482
49,"n23m0164.hpc.itc.rwth-aachen.de",49,"49","uds",68,"n23m0164.hpc.itc.rwth-aachen.de",68,"68","uds",unix,64,4194304,10,50,59.385,25.095,30.6355,30.426,39.613,3.87055,3.8731
49,"n23m0164.hpc.itc.rwth-aachen.de",49,"49","uds",69,"n23m0164.hpc.itc.rwth-aachen.de",69,"69","uds",unix,64,4194304,10,50,49.539,23.292,28.7451,28.9295,34.338,4.74203,4.65262
49,"n23m0164.hpc.itc.rwth-aachen.de",49,"49","uds",70,"n23m0164.hpc.itc.rwth-aachen.de",70,"70","uds",unix,64,4194304,10,50,43.664,19.826,25.2563,25.184,31.793,4.17509,4.19725
49,"n23m0164.hpc.itc.rwth-aachen.de",49,"49","uds",71,"n23m0164.hpc.itc.rwth-aachen.de",71,"71","uds",unix,64,4194304,10,50,55.434,23.75,29.8361,29.4465,39.235,3.84832,3.85291
49,"n23m0164.hpc.itc.rwth-aachen.de",49,"49","uds",72,"n23m0164.hpc.itc.rwth-aachen.de",72,"72","uds",unix,64,4194304,10,50,49.079,22.336,28.3013,27.62,35.343,4.13976,4.05613
49,"n23m0164.hpc.itc.rwth-aachen.de",49,"49","uds",73,"n23m0164.hpc.itc.rwth-aachen.de",73,"73","uds",unix,64,4194304,10,50,63.586,21.55,25.416,25.15,41.768,4.32227,4.32368
49,"n23m0164.hpc.itc.rwth-aachen.de",49,"49","uds",74,"n23m0164.hpc.itc.rwth-aachen.de",74,"74","uds",unix,64,4194304,10,50,51.334,21.203,25.9919,25.881,33.612,4.91506,4.86387
49,"n23m0164.hpc.itc.rwth-aachen.de",49,"49","uds",75,"n23m0164.hpc.itc.rwth-aachen.de",75,"75","uds",unix,64,4194304,10,50,49.026,14.707,23.5071,22.943,40.72,4.93309,4.95914
49,"n23m0164.hpc.itc.rwth-aachen.de",49,"49","uds",76,"n23m0164.hpc.itc.rwth-aachen.de",76,"76","uds",unix,64,4194304,10,50,48.653,20.078,24.3386,24.3815,28.955,4.85048,4.8514
49,"n23m0164.hpc.itc.rwth-aachen.de",49,"49","uds",77,"n23m0164.hpc.itc.rwth-aachen.de",77,"77","uds",unix,64,4194304,10,50,43.851,21.655,24.628,24.073,35.43,4.81317,4.80735
49,"n23m0164.hpc.itc.rwth-aachen.de",49,"49","uds",78,"n23m0164.hpc.itc.rwth-aachen.de",78,"78","uds",unix,64,4194304,10,50,43.298,21.468,24.8407,24.3845,42.376,4.89756,4.89015
49,"n23m0164.hpc.itc.rwth-aachen.de",49,"49","uds",79,"n23m0164.hpc.itc.rwth-aachen.de",79,"79","uds",unix,64,4194304,10,50,46.816,19.176,24.9214,24.505,32.811,4.92853,4.92542
49,"n23m0164.hpc.itc.rwth-aachen.de",49,"49","uds",80,"n23m0164.hpc.itc.rwth-aachen.de",80,"80","uds",unix,64,4194304,10,50,44.573,21.571,24.9868,24.5455,41.217,5.23874,5.19056
49,"n23m0164.hpc.itc.rwth-aachen.de",49,"49","uds",81,"n23m0164.hpc.itc.rwth-aachen.de",81,"81","uds",unix,64,4194304,10,50,37.88,16.234,22.5269,22.2565,30.774,4.9472,5.00718
49,"n23m0164.hpc.itc.rwth-aachen.de",49,"49","uds",82,"n23m0164.hpc.itc.rwth-aachen.de",82,"82","uds",unix,64,4194304,10,50,42.973,18.035,24.4343,24.4755,29.438,4.80346,4.80225
49,"n23m0164.hpc.itc.rwth-aachen.de",49,"49","uds",83,"n23m0164.hpc.itc.rwth-aachen.de",83,"83","uds",unix,64,4194304,10,50,50.956,21.208,24.6208,24.459,36.045,5.26973,5.18375
49,"n23m0164.hpc.itc.rwth-aachen.de",49,"49","uds",84,"n23m0164.hpc.itc.rwth-aachen.de",84,"84","uds",unix,64,4194304,10,50,48.8,20.897,23.8282,23.4375,31.611,4.57824,4.56744
49,"n23m0164.hpc.itc.rwth-aachen.de",49,"49","uds",85,"n23m0164.hpc.itc.rwth-aachen.de",85,"85","uds",unix,64,4194304,10,50,44.168,21.646,26.8143,26.7475,35.59,3.90234,3.90795
49,"n23m0164.hpc.itc.rwth-aachen.de",49,"49","uds",86,"n23m0164.hpc.itc.rwth-aachen.de",86,"86","uds",unix,64,4194304,10,50,49.406,22.052,27.5137,27.267,33.379,4.67353,4.59817
49,"n23m0164.hpc.itc.rwth-aachen.de",49,"49","uds",87,"n23m0164.hpc.itc.rwth-aachen.de",87,"87","uds",unix,64,4194304,10,50,42.431,19.484,23.7299,23.146,32.386,4.37938,4.37985
49,"n23m0164.hpc.itc.rwth-aachen.de",49,"49","uds",88,"n23m0164.hpc.itc.rwth-aachen.de",88,"88","uds",unix,64,4194304,10,50,48.241,21.942,26.7699,26.476,33.911,3.83999,3.84333
49,"n23m0164.hpc.itc.rwth-aachen.de",49,"49","uds",89,"n23m0164.hpc.itc.rwth-aachen.de",89,"89","uds",unix,64,4194304,10,50,50.519,17.731,27.4804,27.337,41.192,4.62126,4.54538
49,"n23m0164.hpc.itc.rwth-aachen.de",49,"49","uds",90,"n23m0164.hpc.itc.rwth-aachen.de",90,"90","uds",unix,64,4194304,10,50,47.838,20.78,23.6834,23.685,30.25,4.17133,4.21849
49,"n23m0164.hpc.itc.rwth-aachen.de",49,"49","uds",91,"n23m0164.hpc.itc.rwth-aachen.de",91,"91","uds",unix,64,4194304,10,50,49.22,20.323,26.6625,25.9735,48.506,3.89427,3.89412
49,"n23m0164.hpc.itc.rwth-aachen.de",49,"49","uds",92,"n23m0164.hpc.itc.rwth-aachen.de",92,"92","uds",unix,64,4194304,10,50,48.331,24.322,27.817,27.3875,35.514,3.55877,3.55897
49,"n23m0164.hpc.itc.rwth-aachen.de",49,"49","uds",93,"n23m0164.hpc.itc.rwth-aachen.de",93,"93","uds",unix,64,4194304,10,50,50.061,19.898,28.5465,28.309,34.719,3.67737,3.67322
49,"n23m0164.hpc.itc.rwth-aachen.de",49,"49","uds",94,"n23m0164.hpc.itc.rwth-aachen.de",94,"94","uds",unix,64,4194304,10,50,54.322,22.735,29.7545,29.4235,39.682,3.54905,3.55194
49,"n23m0164.hpc.itc.rwth-aachen.de",49,"49","uds",95,"n23m0164.hpc.itc.rwth-aachen.de",95,"95","uds",unix,64,4194304,10,50,55.895,22.34,28.7707,28.8555,38.297,4.46436,4.39188
50,"n23m0164.hpc.itc.rwth-aachen.de",50,"50","uds",51,"n23m0164.hpc.itc.rwth-aachen.de",51,"51","uds",unix,64,4194304,10,50,111.337,21.737,27.0606,26.6705,41.639,4.37928,4.44157
50,"n23m0164.hpc.itc.rwth-aachen.de",50,"50","uds",52,"n23m0164.hpc.itc.rwth-aachen.de",52,"52","uds",unix,64,4194304,10,50,97.862,24.502,30.6157,30.863,46.788,3.27765,3.36684
50,"n23m0164.hpc.itc.rwth-aachen.de",50,"50","uds",53,"n23m0164.hpc.itc.rwth-aachen.de",53,"53","uds",unix,64,4194304,10,50,80.023,25.096,37.4483,37.219,51.924,4.06454,3.97731
50,"n23m0164.hpc.itc.rwth-aachen.de",50,"50","uds",54,"n23m0164.hpc.itc.rwth-aachen.de",54,"54","uds",unix,64,4194304,10,50,58.36,20.894,30.1411,29.856,44.863,5.09203,4.98707
50,"n23m0164.hpc.itc.rwth-aachen.de",50,"50","uds",55,"n23m0164.hpc.itc.rwth-aachen.de",55,"55","uds",unix,64,4194304,10,50,52.739,21.677,27.3788,27.194,38.496,4.53378,4.52247
50,"n23m0164.hpc.itc.rwth-aachen.de",50,"50","uds",56,"n23m0164.hpc.itc.rwth-aachen.de",56,"56","uds",unix,64,4194304,10,50,56.671,18.983,30.3089,29.7525,59.203,4.03367,4.01386
50,"n23m0164.hpc.itc.rwth-aachen.de",50,"50","uds",57,"n23m0164.hpc.itc.rwth-aachen.de",57,"57","uds",unix,64,4194304,10,50,61.013,23.267,29.5208,29.0875,40.043,4.64604,4.61489
50,"n23m0164.hpc.itc.rwth-aachen.de",50,"50","uds",58,"n23m0164.hpc.itc.rwth-aachen.de",58,"58","uds",unix,64,4194304,10,50,53.204,20.059,27.6271,27.49,36.58,4.74742,4.74175
50,"n23m0164.hpc.itc.rwth-aachen.de",50,"50","uds",59,"n23m0164.hpc.itc.rwth-aachen.de",59,"59","uds",unix,64,4194304,10,50,53.476,21.312,28.5326,28.1375,45.615,4.25232,4.23225
50,"n23m0164.hpc.itc.rwth-aachen.de",50,"50","uds",60,"n23m0164.hpc.itc.rwth-aachen.de",60,"60","uds",unix,64,4194304,10,50,66.097,21.075,26.711,26.335,54.076,4.99745,4.91355
50,"n23m0164.hpc.itc.rwth-aachen.de",50,"50","uds",61,"n23m0164.hpc.itc.rwth-aachen.de",61,"61","uds",unix,64,4194304,10,50,43.241,18.96,23.1897,23.2345,31.093,4.80284,4.76935
50,"n23m0164.hpc.itc.rwth-aachen.de",50,"50","uds",62,"n23m0164.hpc.itc.rwth-aachen.de",62,"62","uds",unix,64,4194304,10,50,53.634,23.964,27.5841,27.3875,35.201,4.2369,4.23855
50,"n23m0164.hpc.itc.rwth-aachen.de",50,"50","uds",63,"n23m0164.hpc.itc.rwth-aachen.de",63,"63","uds",unix,64,4194304,10,50,47.957,22.221,26.4016,25.78,33.675,4.98163,4.94197
50,"n23m0164.hpc.itc.rwth-aachen.de",50,"50","uds",64,"n23m0164.hpc.itc.rwth-aachen.de",64,"64","uds",unix,64,4194304,10,50,40.962,14.757,23.0586,22.6595,41.348,4.65914,4.64705
50,"n23m0164.hpc.itc.rwth-aachen.de",50,"50","uds",65,"n23m0164.hpc.itc.rwth-aachen.de",65,"65","uds",unix,64,4194304,10,50,54,23.947,29.2978,29.053,48.076,4.23182,4.16009
50,"n23m0164.hpc.itc.rwth-aachen.de",50,"50","uds",66,"n23m0164.hpc.itc.rwth-aachen.de",66,"66","uds",unix,64,4194304,10,50,49.894,22.531,27.064,26.653,38.944,3.79754,3.82771
50,"n23m0164.hpc.itc.rwth-aachen.de",50,"50","uds",67,"n23m0164.hpc.itc.rwth-aachen.de",67,"67","uds",unix,64,4194304,10,50,55.124,23.112,28.6658,28.6665,35.505,3.19191,3.22856
50,"n23m0164.hpc.itc.rwth-aachen.de",50,"50","uds",68,"n23m0164.hpc.itc.rwth-aachen.de",68,"68","uds",unix,64,4194304,10,50,81.704,24.373,34.0471,32.659,50.487,3.91326,3.79739
50,"n23m0164.hpc.itc.rwth-aachen.de",50,"50","uds",69,"n23m0164.hpc.itc.rwth-aachen.de",69,"69","uds",unix,64,4194304,10,50,59.125,21.773,28.5089,28.296,39.306,4.80865,4.73078
50,"n23m0164.hpc.itc.rwth-aachen.de",50,"50","uds",70,"n23m0164.hpc.itc.rwth-aachen.de",70,"70","uds",unix,64,4194304,10,50,41.478,20.345,23.5852,23.4675,30.703,4.56141,4.48473
50,"n23m0164.hpc.itc.rwth-aachen.de",50,"50","uds",71,"n23m0164.hpc.itc.rwth-aachen.de",71,"71","uds",unix,64,4194304,10,50,57.265,21.462,29.9676,29.643,42.168,3.90075,3.90083
50,"n23m0164.hpc.itc.rwth-aachen.de",50,"50","uds",72,"n23m0164.hpc.itc.rwth-aachen.de",72,"72","uds",unix,64,4194304,10,50,51.835,22.891,27.0552,26.766,35.327,4.54207,4.46824
50,"n23m0164.hpc.itc.rwth-aachen.de",50,"50","uds",73,"n23m0164.hpc.itc.rwth-aachen.de",73,"73","uds",unix,64,4194304,10,50,41.383,21.148,25.738,25.3075,41.204,3.37008,3.46707
50,"n23m0164.hpc.itc.rwth-aachen.de",50,"50","uds",74,"n23m0164.hpc.itc.rwth-aachen.de",74,"74","uds",unix,64,4194304,10,50,61.517,18.735,33.2546,32.5145,58.38,4.27602,4.18946
50,"n23m0164.hpc.itc.rwth-aachen.de",50,"50","uds",75,"n23m0164.hpc.itc.rwth-aachen.de",75,"75","uds",unix,64,4194304,10,50,50.235,18.27,23.1647,23.052,33.631,4.24369,4.20116
50,"n23m0164.hpc.itc.rwth-aachen.de",50,"50","uds",76,"n23m0164.hpc.itc.rwth-aachen.de",76,"76","uds",unix,64,4194304,10,50,60.96,24.064,31.8791,31.4385,41.802,3.07021,3.0732
50,"n23m0164.hpc.itc.rwth-aachen.de",50,"50","uds",77,"n23m0164.hpc.itc.rwth-aachen.de",77,"77","uds",unix,64,4194304,10,50,60.926,22.224,30.8617,31.1455,45.059,4.11137,3.93675
50,"n23m0164.hpc.itc.rwth-aachen.de",50,"50","uds",78,"n23m0164.hpc.itc.rwth-aachen.de",78,"78","uds",unix,64,4194304,10,50,66.889,23.43,27.0327,26.711,30.193,3.11039,3.28941
50,"n23m0164.hpc.itc.rwth-aachen.de",50,"50","uds",79,"n23m0164.hpc.itc.rwth-aachen.de",79,"79","uds",unix,64,4194304,10,50,57.676,25.409,32.7953,32.3015,45.763,3.10263,3.10039
50,"n23m0164.hpc.itc.rwth-aachen.de",50,"50","uds",80,"n23m0164.hpc.itc.rwth-aachen.de",80,"80","uds",unix,64,4194304,10,50,60.578,26.025,32.6163,32.2165,36.761,4.40941,4.31568
50,"n23m0164.hpc.itc.rwth-aachen.de",50,"50","uds",81,"n23m0164.hpc.itc.rwth-aachen.de",81,"81","uds",unix,64,4194304,10,50,37.996,20.366,23.8424,23.4255,31.711,4.25828,4.23438
50,"n23m0164.hpc.itc.rwth-aachen.de",50,"50","uds",82,"n23m0164.hpc.itc.rwth-aachen.de",82,"82","uds",unix,64,4194304,10,50,53.458,26.007,31.7874,30.891,54.621,3.06452,3.0617
50,"n23m0164.hpc.itc.rwth-aachen.de",50,"50","uds",83,"n23m0164.hpc.itc.rwth-aachen.de",83,"83","uds",unix,64,4194304,10,50,60.172,25.719,32.6989,32.6475,40.425,4.38125,4.30753
50,"n23m0164.hpc.itc.rwth-aachen.de",50,"50","uds",84,"n23m0164.hpc.itc.rwth-aachen.de",84,"84","uds",unix,64,4194304,10,50,42.754,21.064,24.4058,23.9485,39.694,3.95922,3.92193
50,"n23m0164.hpc.itc.rwth-aachen.de",50,"50","uds",85,"n23m0164.hpc.itc.rwth-aachen.de",85,"85","uds",unix,64,4194304,10,50,64.46,23.562,31.3776,31.1605,47.704,2.90065,2.89836
50,"n23m0164.hpc.itc.rwth-aachen.de",50,"50","uds",86,"n23m0164.hpc.itc.rwth-aachen.de",86,"86","uds",unix,64,4194304,10,50,57.181,19.876,32.7477,32.1505,53.93,4.14236,4.09813
50,"n23m0164.hpc.itc.rwth-aachen.de",50,"50","uds",87,"n23m0164.hpc.itc.rwth-aachen.de",87,"87","uds",unix,64,4194304,10,50,40.559,13.928,23.7283,23.358,45.715,3.95169,3.89929
50,"n23m0164.hpc.itc.rwth-aachen.de",50,"50","uds",88,"n23m0164.hpc.itc.rwth-aachen.de",88,"88","uds",unix,64,4194304,10,50,64.995,20.727,32.1873,31.0885,53.451,2.82269,2.82033
50,"n23m0164.hpc.itc.rwth-aachen.de",50,"50","uds",89,"n23m0164.hpc.itc.rwth-aachen.de",89,"89","uds",unix,64,4194304,10,50,57.55,26.027,32.1952,31.7105,51.159,4.19602,4.14337
50,"n23m0164.hpc.itc.rwth-aachen.de",50,"50","uds",90,"n23m0164.hpc.itc.rwth-aachen.de",90,"90","uds",unix,64,4194304,10,50,43.093,19.98,23.808,24.0335,30.039,3.98782,3.89281
50,"n23m0164.hpc.itc.rwth-aachen.de",50,"50","uds",91,"n23m0164.hpc.itc.rwth-aachen.de",91,"91","uds",unix,64,4194304,10,50,58.656,26.868,32.8413,32.434,42.825,2.87261,2.87334
50,"n23m0164.hpc.itc.rwth-aachen.de",50,"50","uds",92,"n23m0164.hpc.itc.rwth-aachen.de",92,"92","uds",unix,64,4194304,10,50,58.516,27.372,33.3502,33.077,43.37,2.81015,2.80813
50,"n23m0164.hpc.itc.rwth-aachen.de",50,"50","uds",93,"n23m0164.hpc.itc.rwth-aachen.de",93,"93","uds",unix,64,4194304,10,50,59.428,27.168,32.9097,32.653,43.724,2.87673,2.87608
50,"n23m0164.hpc.itc.rwth-aachen.de",50,"50","uds",94,"n23m0164.hpc.itc.rwth-aachen.de",94,"94","uds",unix,64,4194304,10,50,65.544,25.718,34.1617,33.2525,48.557,2.80095,2.80012
50,"n23m0164.hpc.itc.rwth-aachen.de",50,"50","uds",95,"n23m0164.hpc.itc.rwth-aachen.de",95,"95","uds",unix,64,4194304,10,50,56.867,25.619,33.7381,33.2225,42.419,4.13663,4.07034
51,"n23m0164.hpc.itc.rwth-aachen.de",51,"51","uds",52,"n23m0164.hpc.itc.rwth-aachen.de",52,"52","uds",unix,64,4194304,10,50,109.623,20.937,28.1585,27.8515,39.522,4.80813,4.80323
51,"n23m0164.hpc.itc.rwth-aachen.de",51,"51","uds",53,"n23m0164.hpc.itc.rwth-aachen.de",53,"53","uds",unix,64,4194304,10,50,54.996,23.973,29.1735,29.3105,34.865,4.39886,4.37096
51,"n23m0164.hpc.itc.rwth-aachen.de",51,"51","uds",54,"n23m0164.hpc.itc.rwth-aachen.de",54,"54","uds",unix,64,4194304,10,50,54.572,23.828,29.6972,29.303,36.701,4.21227,4.2347
51,"n23m0164.hpc.itc.rwth-aachen.de",51,"51","uds",55,"n23m0164.hpc.itc.rwth-aachen.de",55,"55","uds",unix,64,4194304,10,50,50.429,24.682,29.5137,29.5485,40.8,4.50426,4.49131
51,"n23m0164.hpc.itc.rwth-aachen.de",51,"51","uds",56,"n23m0164.hpc.itc.rwth-aachen.de",56,"56","uds",unix,64,4194304,10,50,49.962,21.006,29.2153,29.299,47.792,3.64588,3.62359
51,"n23m0164.hpc.itc.rwth-aachen.de",51,"51","uds",57,"n23m0164.hpc.itc.rwth-aachen.de",57,"57","uds",unix,64,4194304,10,50,66.941,29.335,35.5686,35.5525,45.025,3.23181,3.23355
51,"n23m0164.hpc.itc.rwth-aachen.de",51,"51","uds",58,"n23m0164.hpc.itc.rwth-aachen.de",58,"58","uds",unix,64,4194304,10,50,59.763,24.529,32.7737,33.1425,41.051,4.09233,4.12953
51,"n23m0164.hpc.itc.rwth-aachen.de",51,"51","uds",59,"n23m0164.hpc.itc.rwth-aachen.de",59,"59","uds",unix,64,4194304,10,50,50.469,23.771,29.3328,29.4805,38.765,3.6426,3.64361
51,"n23m0164.hpc.itc.rwth-aachen.de",51,"51","uds",60,"n23m0164.hpc.itc.rwth-aachen.de",60,"60","uds",unix,64,4194304,10,50,71.341,19.519,28.1246,28.0495,36.687,4.43442,4.34852
51,"n23m0164.hpc.itc.rwth-aachen.de",51,"51","uds",61,"n23m0164.hpc.itc.rwth-aachen.de",61,"61","uds",unix,64,4194304,10,50,59.041,20.032,24.8933,24.77,37.067,4.95388,4.94664
51,"n23m0164.hpc.itc.rwth-aachen.de",51,"51","uds",62,"n23m0164.hpc.itc.rwth-aachen.de",62,"62","uds",unix,64,4194304,10,50,44.232,22.085,25.3708,24.513,39.808,3.94016,3.95595
51,"n23m0164.hpc.itc.rwth-aachen.de",51,"51","uds",63,"n23m0164.hpc.itc.rwth-aachen.de",63,"63","uds",unix,64,4194304,10,50,46.295,22.274,26.3666,26.106,35.714,4.49985,4.42861
51,"n23m0164.hpc.itc.rwth-aachen.de",51,"51","uds",64,"n23m0164.hpc.itc.rwth-aachen.de",64,"64","uds",unix,64,4194304,10,50,45.839,19.99,24.3595,24.3185,35.104,4.69016,4.68582
51,"n23m0164.hpc.itc.rwth-aachen.de",51,"51","uds",65,"n23m0164.hpc.itc.rwth-aachen.de",65,"65","uds",unix,64,4194304,10,50,42.417,20.052,25.4224,24.771,39.45,3.94037,4.00055
51,"n23m0164.hpc.itc.rwth-aachen.de",51,"51","uds",66,"n23m0164.hpc.itc.rwth-aachen.de",66,"66","uds",unix,64,4194304,10,50,47.533,19.264,27.2483,27.081,40.452,4.1193,4.11691
51,"n23m0164.hpc.itc.rwth-aachen.de",51,"51","uds",67,"n23m0164.hpc.itc.rwth-aachen.de",67,"67","uds",unix,64,4194304,10,50,46.684,23.373,27.3208,26.424,35.639,4.2032,4.20242
51,"n23m0164.hpc.itc.rwth-aachen.de",51,"51","uds",68,"n23m0164.hpc.itc.rwth-aachen.de",68,"68","uds",unix,64,4194304,10,50,47.784,21.73,26.023,25.479,34.164,3.64072,3.69691
51,"n23m0164.hpc.itc.rwth-aachen.de",51,"51","uds",69,"n23m0164.hpc.itc.rwth-aachen.de",69,"69","uds",unix,64,4194304,10,50,50.463,18.939,27.7376,27.574,43.894,4.29241,4.26718
51,"n23m0164.hpc.itc.rwth-aachen.de",51,"51","uds",70,"n23m0164.hpc.itc.rwth-aachen.de",70,"70","uds",unix,64,4194304,10,50,44.941,20.967,25.4425,24.961,36.423,4.39197,4.41613
51,"n23m0164.hpc.itc.rwth-aachen.de",51,"51","uds",71,"n23m0164.hpc.itc.rwth-aachen.de",71,"71","uds",unix,64,4194304,10,50,44.433,22.6,26.0171,25.849,33.778,3.7071,3.78907
51,"n23m0164.hpc.itc.rwth-aachen.de",51,"51","uds",72,"n23m0164.hpc.itc.rwth-aachen.de",72,"72","uds",unix,64,4194304,10,50,56.236,20.79,27.1498,27.044,36.799,2.9155,2.93755
51,"n23m0164.hpc.itc.rwth-aachen.de",51,"51","uds",73,"n23m0164.hpc.itc.rwth-aachen.de",73,"73","uds",unix,64,4194304,10,50,59.738,26.61,32.3678,31.7515,48.214,3.72294,3.58583
51,"n23m0164.hpc.itc.rwth-aachen.de",51,"51","uds",74,"n23m0164.hpc.itc.rwth-aachen.de",74,"74","uds",unix,64,4194304,10,50,52.768,20.21,27.8463,27.4155,36.013,4.63489,4.56489
51,"n23m0164.hpc.itc.rwth-aachen.de",51,"51","uds",75,"n23m0164.hpc.itc.rwth-aachen.de",75,"75","uds",unix,64,4194304,10,50,40.731,19.4,23.3476,22.563,49.497,4.61585,4.55497
51,"n23m0164.hpc.itc.rwth-aachen.de",51,"51","uds",76,"n23m0164.hpc.itc.rwth-aachen.de",76,"76","uds",unix,64,4194304,10,50,52.613,21.898,29.0573,28.924,39.47,2.95817,2.97367
51,"n23m0164.hpc.itc.rwth-aachen.de",51,"51","uds",77,"n23m0164.hpc.itc.rwth-aachen.de",77,"77","uds",unix,64,4194304,10,50,59.598,24.177,31.4046,31.531,42.661,3.50725,3.49679
51,"n23m0164.hpc.itc.rwth-aachen.de",51,"51","uds",78,"n23m0164.hpc.itc.rwth-aachen.de",78,"78","uds",unix,64,4194304,10,50,47.004,22.666,26.9157,26.979,33.235,3.00716,3.09306
51,"n23m0164.hpc.itc.rwth-aachen.de",51,"51","uds",79,"n23m0164.hpc.itc.rwth-aachen.de",79,"79","uds",unix,64,4194304,10,50,57.489,18.9,32.1088,31.8135,53.309,3.00982,3.01134
51,"n23m0164.hpc.itc.rwth-aachen.de",51,"51","uds",80,"n23m0164.hpc.itc.rwth-aachen.de",80,"80","uds",unix,64,4194304,10,50,53.65,26.082,32.9887,32.7695,41.16,4.33235,4.24719
51,"n23m0164.hpc.itc.rwth-aachen.de",51,"51","uds",81,"n23m0164.hpc.itc.rwth-aachen.de",81,"81","uds",unix,64,4194304,10,50,37.503,14.573,23.7838,23.2265,44.565,4.14077,4.14023
51,"n23m0164.hpc.itc.rwth-aachen.de",51,"51","uds",82,"n23m0164.hpc.itc.rwth-aachen.de",82,"82","uds",unix,64,4194304,10,50,57.508,22.305,32.7119,32.378,45.61,2.99265,2.98738
51,"n23m0164.hpc.itc.rwth-aachen.de",51,"51","uds",83,"n23m0164.hpc.itc.rwth-aachen.de",83,"83","uds",unix,64,4194304,10,50,53.72,24.134,31.9855,31.642,47.527,4.29867,4.23365
51,"n23m0164.hpc.itc.rwth-aachen.de",51,"51","uds",84,"n23m0164.hpc.itc.rwth-aachen.de",84,"84","uds",unix,64,4194304,10,50,54.17,21.157,24.2908,24.02,34.161,3.89999,3.78756
51,"n23m0164.hpc.itc.rwth-aachen.de",51,"51","uds",85,"n23m0164.hpc.itc.rwth-aachen.de",85,"85","uds",unix,64,4194304,10,50,63.453,22.406,32.6331,32.2875,47.08,2.82485,2.82125
51,"n23m0164.hpc.itc.rwth-aachen.de",51,"51","uds",86,"n23m0164.hpc.itc.rwth-aachen.de",86,"86","uds",unix,64,4194304,10,50,59.351,26.602,33.3772,32.846,41.11,4.13109,4.09456
51,"n23m0164.hpc.itc.rwth-aachen.de",51,"51","uds",87,"n23m0164.hpc.itc.rwth-aachen.de",87,"87","uds",unix,64,4194304,10,50,46.408,20.378,24.1614,24.104,29.502,3.85975,3.79989
51,"n23m0164.hpc.itc.rwth-aachen.de",51,"51","uds",88,"n23m0164.hpc.itc.rwth-aachen.de",88,"88","uds",unix,64,4194304,10,50,61.245,28.447,33.636,33.395,39.598,2.74346,2.74554
51,"n23m0164.hpc.itc.rwth-aachen.de",51,"51","uds",89,"n23m0164.hpc.itc.rwth-aachen.de",89,"89","uds",unix,64,4194304,10,50,58.51,26.807,32.8616,32.1275,45.59,4.07756,4.05247
51,"n23m0164.hpc.itc.rwth-aachen.de",51,"51","uds",90,"n23m0164.hpc.itc.rwth-aachen.de",90,"90","uds",unix,64,4194304,10,50,58.297,20.307,23.7663,23.3095,32.282,3.8337,3.74046
51,"n23m0164.hpc.itc.rwth-aachen.de",51,"51","uds",91,"n23m0164.hpc.itc.rwth-aachen.de",91,"91","uds",unix,64,4194304,10,50,62.14,28.049,33.9821,33.035,54.55,2.80529,2.80559
51,"n23m0164.hpc.itc.rwth-aachen.de",51,"51","uds",92,"n23m0164.hpc.itc.rwth-aachen.de",92,"92","uds",unix,64,4194304,10,50,57.741,22.807,32.9333,32.374,42.673,2.71912,2.71935
51,"n23m0164.hpc.itc.rwth-aachen.de",51,"51","uds",93,"n23m0164.hpc.itc.rwth-aachen.de",93,"93","uds",unix,64,4194304,10,50,81.889,28.576,33.3591,32.753,41.886,2.79299,2.79119
51,"n23m0164.hpc.itc.rwth-aachen.de",51,"51","uds",94,"n23m0164.hpc.itc.rwth-aachen.de",94,"94","uds",unix,64,4194304,10,50,65.08,26.748,33.4867,33.0125,40.965,2.71003,2.71403
51,"n23m0164.hpc.itc.rwth-aachen.de",51,"51","uds",95,"n23m0164.hpc.itc.rwth-aachen.de",95,"95","uds",unix,64,4194304,10,50,57.508,18.756,32.6788,32.3055,56.652,4.08118,3.99799
52,"n23m0164.hpc.itc.rwth-aachen.de",52,"52","uds",53,"n23m0164.hpc.itc.rwth-aachen.de",53,"53","uds",unix,64,4194304,10,50,118.695,21.808,26.6792,26.063,34.504,4.48384,4.52269
52,"n23m0164.hpc.itc.rwth-aachen.de",52,"52","uds",54,"n23m0164.hpc.itc.rwth-aachen.de",54,"54","uds",unix,64,4194304,10,50,66.045,17.747,30.4399,29.9715,50.757,5.15533,5.11691
52,"n23m0164.hpc.itc.rwth-aachen.de",52,"52","uds",55,"n23m0164.hpc.itc.rwth-aachen.de",55,"55","uds",unix,64,4194304,10,50,54.368,21.653,26.7965,26.577,40.198,5.02767,5.0201
52,"n23m0164.hpc.itc.rwth-aachen.de",52,"52","uds",56,"n23m0164.hpc.itc.rwth-aachen.de",56,"56","uds",unix,64,4194304,10,50,48.122,22.511,29.6239,29.3355,50.548,4.66934,4.66362
52,"n23m0164.hpc.itc.rwth-aachen.de",52,"52","uds",57,"n23m0164.hpc.itc.rwth-aachen.de",57,"57","uds",unix,64,4194304,10,50,57.186,22.154,28.9521,28.9165,43.923,5.1159,5.08547
52,"n23m0164.hpc.itc.rwth-aachen.de",52,"52","uds",58,"n23m0164.hpc.itc.rwth-aachen.de",58,"58","uds",unix,64,4194304,10,50,57.473,22.218,26.7689,26.629,36.492,4.90277,4.93267
52,"n23m0164.hpc.itc.rwth-aachen.de",52,"52","uds",59,"n23m0164.hpc.itc.rwth-aachen.de",59,"59","uds",unix,64,4194304,10,50,49.255,23.755,29.6393,29.416,39.213,4.38799,4.38016
52,"n23m0164.hpc.itc.rwth-aachen.de",52,"52","uds",60,"n23m0164.hpc.itc.rwth-aachen.de",60,"60","uds",unix,64,4194304,10,50,54.795,21.483,26.5164,26.097,37.666,4.96113,4.91806
52,"n23m0164.hpc.itc.rwth-aachen.de",52,"52","uds",61,"n23m0164.hpc.itc.rwth-aachen.de",61,"61","uds",unix,64,4194304,10,50,50.104,15.632,23.4063,22.982,34.372,4.80226,4.81752
52,"n23m0164.hpc.itc.rwth-aachen.de",52,"52","uds",62,"n23m0164.hpc.itc.rwth-aachen.de",62,"62","uds",unix,64,4194304,10,50,48.954,22.315,27.4534,26.698,38.522,4.27695,4.27102
52,"n23m0164.hpc.itc.rwth-aachen.de",52,"52","uds",63,"n23m0164.hpc.itc.rwth-aachen.de",63,"63","uds",unix,64,4194304,10,50,50.202,22.026,26.4617,26.003,35.881,4.97018,4.94555
52,"n23m0164.hpc.itc.rwth-aachen.de",52,"52","uds",64,"n23m0164.hpc.itc.rwth-aachen.de",64,"64","uds",unix,64,4194304,10,50,36.58,19.611,22.9335,22.4895,35.381,4.87433,4.73195
52,"n23m0164.hpc.itc.rwth-aachen.de",52,"52","uds",65,"n23m0164.hpc.itc.rwth-aachen.de",65,"65","uds",unix,64,4194304,10,50,51.978,24.535,29.35,29.1135,36.006,4.24003,4.18145
52,"n23m0164.hpc.itc.rwth-aachen.de",52,"52","uds",66,"n23m0164.hpc.itc.rwth-aachen.de",66,"66","uds",unix,64,4194304,10,50,54.071,20.625,26.6798,26.463,42.344,3.8017,3.82872
52,"n23m0164.hpc.itc.rwth-aachen.de",52,"52","uds",67,"n23m0164.hpc.itc.rwth-aachen.de",67,"67","uds",unix,64,4194304,10,50,52.461,23.278,28.0169,27.5795,36.31,3.20124,3.22762
52,"n23m0164.hpc.itc.rwth-aachen.de",52,"52","uds",68,"n23m0164.hpc.itc.rwth-aachen.de",68,"68","uds",unix,64,4194304,10,50,55.398,28.095,34.0435,33.141,50.862,3.65364,3.66376
52,"n23m0164.hpc.itc.rwth-aachen.de",52,"52","uds",69,"n23m0164.hpc.itc.rwth-aachen.de",69,"69","uds",unix,64,4194304,10,50,54.676,22.227,28.131,27.463,36.975,4.85017,4.77191
52,"n23m0164.hpc.itc.rwth-aachen.de",52,"52","uds",70,"n23m0164.hpc.itc.rwth-aachen.de",70,"70","uds",unix,64,4194304,10,50,41.856,20.383,23.4034,23.009,28.273,4.52974,4.5163
52,"n23m0164.hpc.itc.rwth-aachen.de",52,"52","uds",71,"n23m0164.hpc.itc.rwth-aachen.de",71,"71","uds",unix,64,4194304,10,50,58.722,24.521,29.5082,29.334,41.72,3.93905,3.93791
52,"n23m0164.hpc.itc.rwth-aachen.de",52,"52","uds",72,"n23m0164.hpc.itc.rwth-aachen.de",72,"72","uds",unix,64,4194304,10,50,48.956,23.253,27.2014,26.5595,37.148,3.16874,3.25286
52,"n23m0164.hpc.itc.rwth-aachen.de",52,"52","uds",73,"n23m0164.hpc.itc.rwth-aachen.de",73,"73","uds",unix,64,4194304,10,50,56.377,23.975,32.0979,31.751,42.88,3.09152,3.09529
52,"n23m0164.hpc.itc.rwth-aachen.de",52,"52","uds",74,"n23m0164.hpc.itc.rwth-aachen.de",74,"74","uds",unix,64,4194304,10,50,57.994,26.939,32.5617,32.6315,41.515,4.39358,4.33707
52,"n23m0164.hpc.itc.rwth-aachen.de",52,"52","uds",75,"n23m0164.hpc.itc.rwth-aachen.de",75,"75","uds",unix,64,4194304,10,50,44.903,20.451,23.1959,23.06,27.429,4.95839,4.9592
52,"n23m0164.hpc.itc.rwth-aachen.de",52,"52","uds",76,"n23m0164.hpc.itc.rwth-aachen.de",76,"76","uds",unix,64,4194304,10,50,42.154,20.456,24.3798,23.815,30.621,3.47277,3.52567
52,"n23m0164.hpc.itc.rwth-aachen.de",52,"52","uds",77,"n23m0164.hpc.itc.rwth-aachen.de",77,"77","uds",unix,64,4194304,10,50,56.93,23.796,31.8239,31.312,43.515,3.86898,3.83496
52,"n23m0164.hpc.itc.rwth-aachen.de",52,"52","uds",78,"n23m0164.hpc.itc.rwth-aachen.de",78,"78","uds",unix,64,4194304,10,50,44.346,21.536,25.9804,26.088,35.74,3.1611,3.29949
52,"n23m0164.hpc.itc.rwth-aachen.de",52,"52","uds",79,"n23m0164.hpc.itc.rwth-aachen.de",79,"79","uds",unix,64,4194304,10,50,53.997,26.878,32.6542,32.368,37.968,3.15359,3.14714
52,"n23m0164.hpc.itc.rwth-aachen.de",52,"52","uds",80,"n23m0164.hpc.itc.rwth-aachen.de",80,"80","uds",unix,64,4194304,10,50,56.544,26.796,31.9989,31.976,39.529,4.39432,4.35927
52,"n23m0164.hpc.itc.rwth-aachen.de",52,"52","uds",81,"n23m0164.hpc.itc.rwth-aachen.de",81,"81","uds",unix,64,4194304,10,50,40.506,19.571,22.9301,22.8135,27.726,4.30071,4.2764
52,"n23m0164.hpc.itc.rwth-aachen.de",52,"52","uds",82,"n23m0164.hpc.itc.rwth-aachen.de",82,"82","uds",unix,64,4194304,10,50,59.533,27.081,32.7435,32.452,46.444,3.08473,3.08492
52,"n23m0164.hpc.itc.rwth-aachen.de",52,"52","uds",83,"n23m0164.hpc.itc.rwth-aachen.de",83,"83","uds",unix,64,4194304,10,50,60.039,23.725,32.0618,31.518,41.542,4.4619,4.35511
52,"n23m0164.hpc.itc.rwth-aachen.de",52,"52","uds",84,"n23m0164.hpc.itc.rwth-aachen.de",84,"84","uds",unix,64,4194304,10,50,44.694,18.137,23.5092,23.314,34.242,4.01878,3.96386
52,"n23m0164.hpc.itc.rwth-aachen.de",52,"52","uds",85,"n23m0164.hpc.itc.rwth-aachen.de",85,"85","uds",unix,64,4194304,10,50,68.202,25.599,32.0743,31.375,44.264,2.90599,2.90366
52,"n23m0164.hpc.itc.rwth-aachen.de",52,"52","uds",86,"n23m0164.hpc.itc.rwth-aachen.de",86,"86","uds",unix,64,4194304,10,50,56.883,25.449,32.7203,32.573,44.08,4.18559,4.09901
52,"n23m0164.hpc.itc.rwth-aachen.de",52,"52","uds",87,"n23m0164.hpc.itc.rwth-aachen.de",87,"87","uds",unix,64,4194304,10,50,39.383,20.906,23.8797,23.614,29.225,3.99465,3.89667
52,"n23m0164.hpc.itc.rwth-aachen.de",52,"52","uds",88,"n23m0164.hpc.itc.rwth-aachen.de",88,"88","uds",unix,64,4194304,10,50,63.059,27.265,34.3446,34.274,43.34,2.82291,2.82326
52,"n23m0164.hpc.itc.rwth-aachen.de",52,"52","uds",89,"n23m0164.hpc.itc.rwth-aachen.de",89,"89","uds",unix,64,4194304,10,50,55.966,25.042,33.2537,32.5695,47.49,4.18894,4.12217
52,"n23m0164.hpc.itc.rwth-aachen.de",52,"52","uds",90,"n23m0164.hpc.itc.rwth-aachen.de",90,"90","uds",unix,64,4194304,10,50,42.404,20.446,23.7753,23.473,31.492,3.98513,3.90017
52,"n23m0164.hpc.itc.rwth-aachen.de",52,"52","uds",91,"n23m0164.hpc.itc.rwth-aachen.de",91,"91","uds",unix,64,4194304,10,50,55.684,25.512,33.1187,32.7225,39.98,2.89715,2.89625
52,"n23m0164.hpc.itc.rwth-aachen.de",52,"52","uds",92,"n23m0164.hpc.itc.rwth-aachen.de",92,"92","uds",unix,64,4194304,10,50,59.913,25.522,32.5731,32.524,51.299,2.81514,2.81716
52,"n23m0164.hpc.itc.rwth-aachen.de",52,"52","uds",93,"n23m0164.hpc.itc.rwth-aachen.de",93,"93","uds",unix,64,4194304,10,50,58.874,24.585,32.4805,32.5825,44.66,2.88923,2.89097
52,"n23m0164.hpc.itc.rwth-aachen.de",52,"52","uds",94,"n23m0164.hpc.itc.rwth-aachen.de",94,"94","uds",unix,64,4194304,10,50,62.648,21.42,32.9714,32.3595,41.86,2.81491,2.81433
52,"n23m0164.hpc.itc.rwth-aachen.de",52,"52","uds",95,"n23m0164.hpc.itc.rwth-aachen.de",95,"95","uds",unix,64,4194304,10,50,81.084,24.515,32.9285,32.487,44.158,4.12598,4.10522
53,"n23m0164.hpc.itc.rwth-aachen.de",53,"53","uds",54,"n23m0164.hpc.itc.rwth-aachen.de",54,"54","uds",unix,64,4194304,10,50,107.036,23.95,27.1906,26.7545,37.326,4.56344,4.58339
53,"n23m0164.hpc.itc.rwth-aachen.de",53,"53","uds",55,"n23m0164.hpc.itc.rwth-aachen.de",55,"55","uds",unix,64,4194304,10,50,48.349,26.082,29.3392,28.885,37.208,4.59126,4.60778
53,"n23m0164.hpc.itc.rwth-aachen.de",53,"53","uds",56,"n23m0164.hpc.itc.rwth-aachen.de",56,"56","uds",unix,64,4194304,10,50,50.307,23.302,28.3459,28.1425,35.032,3.3765,3.48399
53,"n23m0164.hpc.itc.rwth-aachen.de",53,"53","uds",57,"n23m0164.hpc.itc.rwth-aachen.de",57,"57","uds",unix,64,4194304,10,50,56.204,22.205,31.7584,31.7025,42.993,3.57758,3.5909
53,"n23m0164.hpc.itc.rwth-aachen.de",53,"53","uds",58,"n23m0164.hpc.itc.rwth-aachen.de",58,"58","uds",unix,64,4194304,10,50,56.364,22.696,30.364,30.3695,44.301,4.33664,4.31556
53,"n23m0164.hpc.itc.rwth-aachen.de",53,"53","uds",59,"n23m0164.hpc.itc.rwth-aachen.de",59,"59","uds",unix,64,4194304,10,50,51.089,21.203,29.0828,28.89,36.822,3.76839,3.80274
53,"n23m0164.hpc.itc.rwth-aachen.de",53,"53","uds",60,"n23m0164.hpc.itc.rwth-aachen.de",60,"60","uds",unix,64,4194304,10,50,57.958,22.561,27.867,27.478,35.818,4.37843,4.37084
53,"n23m0164.hpc.itc.rwth-aachen.de",53,"53","uds",61,"n23m0164.hpc.itc.rwth-aachen.de",61,"61","uds",unix,64,4194304,10,50,43.858,16.881,23.0267,22.7765,28.915,4.99637,5.00502
53,"n23m0164.hpc.itc.rwth-aachen.de",53,"53","uds",62,"n23m0164.hpc.itc.rwth-aachen.de",62,"62","uds",unix,64,4194304,10,50,41.961,20.908,24.0062,23.7485,31.815,3.97629,4.03829
53,"n23m0164.hpc.itc.rwth-aachen.de",53,"53","uds",63,"n23m0164.hpc.itc.rwth-aachen.de",63,"63","uds",unix,64,4194304,10,50,48.345,20.423,25.8738,25.5215,42.781,4.58889,4.50365
53,"n23m0164.hpc.itc.rwth-aachen.de",53,"53","uds",64,"n23m0164.hpc.itc.rwth-aachen.de",64,"64","uds",unix,64,4194304,10,50,42.504,18.786,23.975,23.4305,42.855,4.98447,4.98923
53,"n23m0164.hpc.itc.rwth-aachen.de",53,"53","uds",65,"n23m0164.hpc.itc.rwth-aachen.de",65,"65","uds",unix,64,4194304,10,50,40.009,15.914,24.3938,23.999,40.603,4.20043,4.22612
53,"n23m0164.hpc.itc.rwth-aachen.de",53,"53","uds",66,"n23m0164.hpc.itc.rwth-aachen.de",66,"66","uds",unix,64,4194304,10,50,45.34,22.597,26.3765,26.074,33.388,4.16782,4.1679
53,"n23m0164.hpc.itc.rwth-aachen.de",53,"53","uds",67,"n23m0164.hpc.itc.rwth-aachen.de",67,"67","uds",unix,64,4194304,10,50,44.316,18.381,26.4279,26.1255,38.402,4.21611,4.21456
53,"n23m0164.hpc.itc.rwth-aachen.de",53,"53","uds",68,"n23m0164.hpc.itc.rwth-aachen.de",68,"68","uds",unix,64,4194304,10,50,41.545,22.106,25.6805,25.6505,29.187,3.94562,3.94245
53,"n23m0164.hpc.itc.rwth-aachen.de",53,"53","uds",69,"n23m0164.hpc.itc.rwth-aachen.de",69,"69","uds",unix,64,4194304,10,50,46.375,22.874,26.2651,26.0885,32.767,4.49417,4.43763
53,"n23m0164.hpc.itc.rwth-aachen.de",53,"53","uds",70,"n23m0164.hpc.itc.rwth-aachen.de",70,"70","uds",unix,64,4194304,10,50,41.742,20.605,24.6152,24.461,28.611,4.3751,4.40465
53,"n23m0164.hpc.itc.rwth-aachen.de",53,"53","uds",71,"n23m0164.hpc.itc.rwth-aachen.de",71,"71","uds",unix,64,4194304,10,50,42.905,21.836,25.6408,25.2325,34.968,3.9242,3.94536
53,"n23m0164.hpc.itc.rwth-aachen.de",53,"53","uds",72,"n23m0164.hpc.itc.rwth-aachen.de",72,"72","uds",unix,64,4194304,10,50,46.144,22.224,25.5614,25.1285,33.123,3.03358,3.12143
53,"n23m0164.hpc.itc.rwth-aachen.de",53,"53","uds",73,"n23m0164.hpc.itc.rwth-aachen.de",73,"73","uds",unix,64,4194304,10,50,54.249,25.851,32.2178,32.144,44.583,2.98614,2.98681
53,"n23m0164.hpc.itc.rwth-aachen.de",53,"53","uds",74,"n23m0164.hpc.itc.rwth-aachen.de",74,"74","uds",unix,64,4194304,10,50,58.045,21.975,32.751,32.26,44.318,4.27144,4.20867
53,"n23m0164.hpc.itc.rwth-aachen.de",53,"53","uds",75,"n23m0164.hpc.itc.rwth-aachen.de",75,"75","uds",unix,64,4194304,10,50,43.352,20.222,23.8421,23.3535,37.272,4.09574,4.02037
53,"n23m0164.hpc.itc.rwth-aachen.de",53,"53","uds",76,"n23m0164.hpc.itc.rwth-aachen.de",76,"76","uds",unix,64,4194304,10,50,58.835,24.503,31.4482,30.879,46.998,4.0241,3.91931
53,"n23m0164.hpc.itc.rwth-aachen.de",53,"53","uds",77,"n23m0164.hpc.itc.rwth-aachen.de",77,"77","uds",unix,64,4194304,10,50,43.748,20.516,25.2664,25.1435,34.746,4.23313,4.23861
53,"n23m0164.hpc.itc.rwth-aachen.de",53,"53","uds",78,"n23m0164.hpc.itc.rwth-aachen.de",78,"78","uds",unix,64,4194304,10,50,42.192,20.658,25.6303,25.2645,34.572,3.06797,3.32114
53,"n23m0164.hpc.itc.rwth-aachen.de",53,"53","uds",79,"n23m0164.hpc.itc.rwth-aachen.de",79,"79","uds",unix,64,4194304,10,50,55.559,25.145,31.7822,31.664,38.078,3.04404,3.04615
53,"n23m0164.hpc.itc.rwth-aachen.de",53,"53","uds",80,"n23m0164.hpc.itc.rwth-aachen.de",80,"80","uds",unix,64,4194304,10,50,55.256,23.436,32.2935,32.277,43.669,4.33186,4.26001
53,"n23m0164.hpc.itc.rwth-aachen.de",53,"53","uds",81,"n23m0164.hpc.itc.rwth-aachen.de",81,"81","uds",unix,64,4194304,10,50,37.273,20.27,23.4275,23.012,29.6,4.19625,4.15704
53,"n23m0164.hpc.itc.rwth-aachen.de",53,"53","uds",82,"n23m0164.hpc.itc.rwth-aachen.de",82,"82","uds",unix,64,4194304,10,50,53.935,25.88,32.4867,31.6085,47.083,3.01984,3.0156
53,"n23m0164.hpc.itc.rwth-aachen.de",53,"53","uds",83,"n23m0164.hpc.itc.rwth-aachen.de",83,"83","uds",unix,64,4194304,10,50,13793.7,17.394,32.2633,31.348,52.045,4.24784,4.15289
53,"n23m0164.hpc.itc.rwth-aachen.de",53,"53","uds",84,"n23m0164.hpc.itc.rwth-aachen.de",84,"84","uds",unix,64,4194304,10,50,56.21,19.411,23.0128,22.801,30.627,3.92133,3.84153
53,"n23m0164.hpc.itc.rwth-aachen.de",53,"53","uds",85,"n23m0164.hpc.itc.rwth-aachen.de",85,"85","uds",unix,64,4194304,10,50,71.869,18.518,33.1797,31.56,75.025,2.83184,2.83133
53,"n23m0164.hpc.itc.rwth-aachen.de",53,"53","uds",86,"n23m0164.hpc.itc.rwth-aachen.de",86,"86","uds",unix,64,4194304,10,50,60.769,27.574,31.9349,32.3165,42.809,4.10061,4.00175
53,"n23m0164.hpc.itc.rwth-aachen.de",53,"53","uds",87,"n23m0164.hpc.itc.rwth-aachen.de",87,"87","uds",unix,64,4194304,10,50,42.585,15.738,24.1895,23.9345,40.743,3.90747,3.83466
53,"n23m0164.hpc.itc.rwth-aachen.de",53,"53","uds",88,"n23m0164.hpc.itc.rwth-aachen.de",88,"88","uds",unix,64,4194304,10,50,67.77,20.218,33.516,33.309,52.337,2.76081,2.75938
53,"n23m0164.hpc.itc.rwth-aachen.de",53,"53","uds",89,"n23m0164.hpc.itc.rwth-aachen.de",89,"89","uds",unix,64,4194304,10,50,59.186,26.082,32.8201,32.3055,45.426,4.15366,4.09047
53,"n23m0164.hpc.itc.rwth-aachen.de",53,"53","uds",90,"n23m0164.hpc.itc.rwth-aachen.de",90,"90","uds",unix,64,4194304,10,50,45.246,15.623,23.9672,23.887,32.009,3.68177,3.72117
53,"n23m0164.hpc.itc.rwth-aachen.de",53,"53","uds",91,"n23m0164.hpc.itc.rwth-aachen.de",91,"91","uds",unix,64,4194304,10,50,58.56,25.662,32.6106,31.8595,54.426,2.8093,2.8081
53,"n23m0164.hpc.itc.rwth-aachen.de",53,"53","uds",92,"n23m0164.hpc.itc.rwth-aachen.de",92,"92","uds",unix,64,4194304,10,50,63.342,26.218,33.8007,32.597,70.5,2.7199,2.70721
53,"n23m0164.hpc.itc.rwth-aachen.de",53,"53","uds",93,"n23m0164.hpc.itc.rwth-aachen.de",93,"93","uds",unix,64,4194304,10,50,76.515,24.247,33.1897,32.313,57.92,2.80704,2.80882
53,"n23m0164.hpc.itc.rwth-aachen.de",53,"53","uds",94,"n23m0164.hpc.itc.rwth-aachen.de",94,"94","uds",unix,64,4194304,10,50,81.609,22.895,32.559,31.348,59.455,2.73546,2.72958
53,"n23m0164.hpc.itc.rwth-aachen.de",53,"53","uds",95,"n23m0164.hpc.itc.rwth-aachen.de",95,"95","uds",unix,64,4194304,10,50,60.361,25.318,32.9583,32.6985,44.765,4.05778,4.01308
54,"n23m0164.hpc.itc.rwth-aachen.de",54,"54","uds",55,"n23m0164.hpc.itc.rwth-aachen.de",55,"55","uds",unix,64,4194304,10,50,107.572,23.999,28.5472,28.029,40.865,4.98395,4.98196
54,"n23m0164.hpc.itc.rwth-aachen.de",54,"54","uds",56,"n23m0164.hpc.itc.rwth-aachen.de",56,"56","uds",unix,64,4194304,10,50,59.352,20.217,27.927,27.8005,35.446,4.36784,4.37715
54,"n23m0164.hpc.itc.rwth-aachen.de",54,"54","uds",57,"n23m0164.hpc.itc.rwth-aachen.de",57,"57","uds",unix,64,4194304,10,50,57.597,22.89,29.1617,29.7615,37.8,4.19868,4.22561
54,"n23m0164.hpc.itc.rwth-aachen.de",54,"54","uds",58,"n23m0164.hpc.itc.rwth-aachen.de",58,"58","uds",unix,64,4194304,10,50,52.97,23.687,29.7746,29.2045,40.9,5.23704,5.21276
54,"n23m0164.hpc.itc.rwth-aachen.de",54,"54","uds",59,"n23m0164.hpc.itc.rwth-aachen.de",59,"59","uds",unix,64,4194304,10,50,50.371,21.356,26.8094,26.758,33.833,4.61834,4.60885
54,"n23m0164.hpc.itc.rwth-aachen.de",54,"54","uds",60,"n23m0164.hpc.itc.rwth-aachen.de",60,"60","uds",unix,64,4194304,10,50,63.585,20.353,26.1651,25.7655,36.51,4.51941,4.48499
54,"n23m0164.hpc.itc.rwth-aachen.de",54,"54","uds",61,"n23m0164.hpc.itc.rwth-aachen.de",61,"61","uds",unix,64,4194304,10,50,66.39,21.299,24.1142,23.72,32.426,5.2668,5.24857
54,"n23m0164.hpc.itc.rwth-aachen.de",54,"54","uds",62,"n23m0164.hpc.itc.rwth-aachen.de",62,"62","uds",unix,64,4194304,10,50,46.846,20.252,24.0191,23.6935,32.849,4.92972,4.93902
54,"n23m0164.hpc.itc.rwth-aachen.de",54,"54","uds",63,"n23m0164.hpc.itc.rwth-aachen.de",63,"63","uds",unix,64,4194304,10,50,49.772,19.731,24.37,24.138,28.917,4.95067,4.95551
54,"n23m0164.hpc.itc.rwth-aachen.de",54,"54","uds",64,"n23m0164.hpc.itc.rwth-aachen.de",64,"64","uds",unix,64,4194304,10,50,45.693,16.834,23.401,23.463,32.815,5.35313,5.33977
54,"n23m0164.hpc.itc.rwth-aachen.de",54,"54","uds",65,"n23m0164.hpc.itc.rwth-aachen.de",65,"65","uds",unix,64,4194304,10,50,44.467,16.251,23.6711,23.492,33.273,5.00054,5.00936
54,"n23m0164.hpc.itc.rwth-aachen.de",54,"54","uds",66,"n23m0164.hpc.itc.rwth-aachen.de",66,"66","uds",unix,64,4194304,10,50,46.499,19.132,24.6844,24.094,33.529,5.12626,5.11246
54,"n23m0164.hpc.itc.rwth-aachen.de",54,"54","uds",67,"n23m0164.hpc.itc.rwth-aachen.de",67,"67","uds",unix,64,4194304,10,50,47.597,19.953,23.3669,22.9685,30.336,5.33999,5.31304
54,"n23m0164.hpc.itc.rwth-aachen.de",54,"54","uds",68,"n23m0164.hpc.itc.rwth-aachen.de",68,"68","uds",unix,64,4194304,10,50,41.442,18.597,23.8077,23.3095,34.504,4.91096,4.92369
54,"n23m0164.hpc.itc.rwth-aachen.de",54,"54","uds",69,"n23m0164.hpc.itc.rwth-aachen.de",69,"69","uds",unix,64,4194304,10,50,41.056,20.798,23.8156,23.699,29.873,4.88131,4.88463
54,"n23m0164.hpc.itc.rwth-aachen.de",54,"54","uds",70,"n23m0164.hpc.itc.rwth-aachen.de",70,"70","uds",unix,64,4194304,10,50,39.898,20.945,24.5946,24.1855,30.886,5.08938,5.08522
54,"n23m0164.hpc.itc.rwth-aachen.de",54,"54","uds",71,"n23m0164.hpc.itc.rwth-aachen.de",71,"71","uds",unix,64,4194304,10,50,44.145,19.913,24.3446,24.045,36.158,4.88147,4.8856
54,"n23m0164.hpc.itc.rwth-aachen.de",54,"54","uds",72,"n23m0164.hpc.itc.rwth-aachen.de",72,"72","uds",unix,64,4194304,10,50,39.504,20.336,23.2806,22.982,30.292,5.22596,5.22569
54,"n23m0164.hpc.itc.rwth-aachen.de",54,"54","uds",73,"n23m0164.hpc.itc.rwth-aachen.de",73,"73","uds",unix,64,4194304,10,50,48.343,20.292,23.6886,23.2275,29.834,5.17007,5.1703
54,"n23m0164.hpc.itc.rwth-aachen.de",54,"54","uds",74,"n23m0164.hpc.itc.rwth-aachen.de",74,"74","uds",unix,64,4194304,10,50,48.574,15.378,23.5574,23.355,35.214,5.07455,5.0767
54,"n23m0164.hpc.itc.rwth-aachen.de",54,"54","uds",75,"n23m0164.hpc.itc.rwth-aachen.de",75,"75","uds",unix,64,4194304,10,50,44.358,20.189,23.0036,22.839,28.71,5.21443,5.21036
54,"n23m0164.hpc.itc.rwth-aachen.de",54,"54","uds",76,"n23m0164.hpc.itc.rwth-aachen.de",76,"76","uds",unix,64,4194304,10,50,38.692,19.692,23.4947,23.0415,34.059,5.34383,5.35129
54,"n23m0164.hpc.itc.rwth-aachen.de",54,"54","uds",77,"n23m0164.hpc.itc.rwth-aachen.de",77,"77","uds",unix,64,4194304,10,50,40.849,19.678,22.6986,22.16,32.414,5.30225,5.29955
54,"n23m0164.hpc.itc.rwth-aachen.de",54,"54","uds",78,"n23m0164.hpc.itc.rwth-aachen.de",78,"78","uds",unix,64,4194304,10,50,37.188,19.458,22.713,22.161,30.656,5.26778,5.26619
54,"n23m0164.hpc.itc.rwth-aachen.de",54,"54","uds",79,"n23m0164.hpc.itc.rwth-aachen.de",79,"79","uds",unix,64,4194304,10,50,44.927,18.932,23.1425,23.1575,34.923,5.33558,5.34026
54,"n23m0164.hpc.itc.rwth-aachen.de",54,"54","uds",80,"n23m0164.hpc.itc.rwth-aachen.de",80,"80","uds",unix,64,4194304,10,50,37.269,20.967,23.3892,23.047,32.766,5.16413,5.16872
54,"n23m0164.hpc.itc.rwth-aachen.de",54,"54","uds",81,"n23m0164.hpc.itc.rwth-aachen.de",81,"81","uds",unix,64,4194304,10,50,38.12,15.459,22.6552,22.609,36.664,5.34419,5.33943
54,"n23m0164.hpc.itc.rwth-aachen.de",54,"54","uds",82,"n23m0164.hpc.itc.rwth-aachen.de",82,"82","uds",unix,64,4194304,10,50,35.465,19.862,22.6545,22.423,28.476,5.33379,5.33298
54,"n23m0164.hpc.itc.rwth-aachen.de",54,"54","uds",83,"n23m0164.hpc.itc.rwth-aachen.de",83,"83","uds",unix,64,4194304,10,50,39.168,20.836,23.4414,23.079,27.907,5.2369,5.23786
54,"n23m0164.hpc.itc.rwth-aachen.de",54,"54","uds",84,"n23m0164.hpc.itc.rwth-aachen.de",84,"84","uds",unix,64,4194304,10,50,47.648,20.374,23.9823,23.646,35,5.1537,5.14514
54,"n23m0164.hpc.itc.rwth-aachen.de",54,"54","uds",85,"n23m0164.hpc.itc.rwth-aachen.de",85,"85","uds",unix,64,4194304,10,50,38.141,19.582,23.3811,22.9365,29.343,5.10825,5.10316
54,"n23m0164.hpc.itc.rwth-aachen.de",54,"54","uds",86,"n23m0164.hpc.itc.rwth-aachen.de",86,"86","uds",unix,64,4194304,10,50,41.332,18.937,23.1801,22.9405,31.698,5.08747,5.09513
54,"n23m0164.hpc.itc.rwth-aachen.de",54,"54","uds",87,"n23m0164.hpc.itc.rwth-aachen.de",87,"87","uds",unix,64,4194304,10,50,44.764,16.963,23.1163,22.808,29.292,5.07604,5.07007
54,"n23m0164.hpc.itc.rwth-aachen.de",54,"54","uds",88,"n23m0164.hpc.itc.rwth-aachen.de",88,"88","uds",unix,64,4194304,10,50,46.025,21.391,23.8251,23.6045,31.304,4.96994,4.96612
54,"n23m0164.hpc.itc.rwth-aachen.de",54,"54","uds",89,"n23m0164.hpc.itc.rwth-aachen.de",89,"89","uds",unix,64,4194304,10,50,37.642,20.118,24.203,23.8425,36.606,4.95301,4.94524
54,"n23m0164.hpc.itc.rwth-aachen.de",54,"54","uds",90,"n23m0164.hpc.itc.rwth-aachen.de",90,"90","uds",unix,64,4194304,10,50,45.113,15.808,23.3436,23.286,33.06,4.97998,4.98462
54,"n23m0164.hpc.itc.rwth-aachen.de",54,"54","uds",91,"n23m0164.hpc.itc.rwth-aachen.de",91,"91","uds",unix,64,4194304,10,50,37.117,20.562,23.8744,23.344,43.451,4.96642,4.9543
54,"n23m0164.hpc.itc.rwth-aachen.de",54,"54","uds",92,"n23m0164.hpc.itc.rwth-aachen.de",92,"92","uds",unix,64,4194304,10,50,41.457,19.802,23.604,23.0565,32.1,4.90785,4.91303
54,"n23m0164.hpc.itc.rwth-aachen.de",54,"54","uds",93,"n23m0164.hpc.itc.rwth-aachen.de",93,"93","uds",unix,64,4194304,10,50,39.88,15.834,24.1907,23.888,39.506,4.94613,4.94001
54,"n23m0164.hpc.itc.rwth-aachen.de",54,"54","uds",94,"n23m0164.hpc.itc.rwth-aachen.de",94,"94","uds",unix,64,4194304,10,50,47.048,21.31,23.9297,23.816,29.982,4.72389,4.72162
54,"n23m0164.hpc.itc.rwth-aachen.de",54,"54","uds",95,"n23m0164.hpc.itc.rwth-aachen.de",95,"95","uds",unix,64,4194304,10,50,41.511,20.458,24.2299,24.254,30.677,4.73774,4.73247
55,"n23m0164.hpc.itc.rwth-aachen.de",55,"55","uds",56,"n23m0164.hpc.itc.rwth-aachen.de",56,"56","uds",unix,64,4194304,10,50,108.353,19.968,26.7613,26.2725,44.212,4.85227,4.85196
55,"n23m0164.hpc.itc.rwth-aachen.de",55,"55","uds",57,"n23m0164.hpc.itc.rwth-aachen.de",57,"57","uds",unix,64,4194304,10,50,63.591,24.759,29.7688,29.74,43.144,5.15989,5.14187
55,"n23m0164.hpc.itc.rwth-aachen.de",55,"55","uds",58,"n23m0164.hpc.itc.rwth-aachen.de",58,"58","uds",unix,64,4194304,10,50,61.676,21.11,27.8799,27.501,42.67,4.86103,4.77183
55,"n23m0164.hpc.itc.rwth-aachen.de",55,"55","uds",59,"n23m0164.hpc.itc.rwth-aachen.de",59,"59","uds",unix,64,4194304,10,50,53.666,22.213,30.7692,30.209,45.882,4.34195,4.2954
55,"n23m0164.hpc.itc.rwth-aachen.de",55,"55","uds",60,"n23m0164.hpc.itc.rwth-aachen.de",60,"60","uds",unix,64,4194304,10,50,65.615,21.594,26.528,26.18,39.357,4.99892,4.94482
55,"n23m0164.hpc.itc.rwth-aachen.de",55,"55","uds",61,"n23m0164.hpc.itc.rwth-aachen.de",61,"61","uds",unix,64,4194304,10,50,45.703,19.494,23.4774,23.11,40.806,4.83874,4.79611
55,"n23m0164.hpc.itc.rwth-aachen.de",55,"55","uds",62,"n23m0164.hpc.itc.rwth-aachen.de",62,"62","uds",unix,64,4194304,10,50,52.056,24.708,28.2201,27.757,36.603,4.28665,4.28543
55,"n23m0164.hpc.itc.rwth-aachen.de",55,"55","uds",63,"n23m0164.hpc.itc.rwth-aachen.de",63,"63","uds",unix,64,4194304,10,50,50.673,22.693,26.4277,26.056,35.58,4.95418,4.94703
55,"n23m0164.hpc.itc.rwth-aachen.de",55,"55","uds",64,"n23m0164.hpc.itc.rwth-aachen.de",64,"64","uds",unix,64,4194304,10,50,42.381,19.557,22.7475,22.42,36.634,4.81197,4.82037
55,"n23m0164.hpc.itc.rwth-aachen.de",55,"55","uds",65,"n23m0164.hpc.itc.rwth-aachen.de",65,"65","uds",unix,64,4194304,10,50,47.388,20.977,27.5566,27.24,37.417,4.53103,4.5252
55,"n23m0164.hpc.itc.rwth-aachen.de",55,"55","uds",66,"n23m0164.hpc.itc.rwth-aachen.de",66,"66","uds",unix,64,4194304,10,50,49.904,22.845,26.4058,26.394,36.52,4.09348,4.08496
55,"n23m0164.hpc.itc.rwth-aachen.de",55,"55","uds",67,"n23m0164.hpc.itc.rwth-aachen.de",67,"67","uds",unix,64,4194304,10,50,58.165,21.464,29.1453,28.718,40.789,3.84093,3.83973
55,"n23m0164.hpc.itc.rwth-aachen.de",55,"55","uds",68,"n23m0164.hpc.itc.rwth-aachen.de",68,"68","uds",unix,64,4194304,10,50,53.438,23.897,29.5931,29.0545,40.705,4.24727,4.21194
55,"n23m0164.hpc.itc.rwth-aachen.de",55,"55","uds",69,"n23m0164.hpc.itc.rwth-aachen.de",69,"69","uds",unix,64,4194304,10,50,47.142,21.889,26.8841,26.5495,38.753,4.89344,4.88896
55,"n23m0164.hpc.itc.rwth-aachen.de",55,"55","uds",70,"n23m0164.hpc.itc.rwth-aachen.de",70,"70","uds",unix,64,4194304,10,50,39.025,19.871,23.7814,23.165,38.704,4.6785,4.63602
55,"n23m0164.hpc.itc.rwth-aachen.de",55,"55","uds",71,"n23m0164.hpc.itc.rwth-aachen.de",71,"71","uds",unix,64,4194304,10,50,49.978,24.16,28.5525,28.4995,36.678,4.2436,4.24032
55,"n23m0164.hpc.itc.rwth-aachen.de",55,"55","uds",72,"n23m0164.hpc.itc.rwth-aachen.de",72,"72","uds",unix,64,4194304,10,50,49.58,20.936,26.3887,26.081,39.065,4.45761,4.44173
55,"n23m0164.hpc.itc.rwth-aachen.de",55,"55","uds",73,"n23m0164.hpc.itc.rwth-aachen.de",73,"73","uds",unix,64,4194304,10,50,44.813,21.757,26.7188,26.6675,36.673,4.43306,4.42426
55,"n23m0164.hpc.itc.rwth-aachen.de",55,"55","uds",74,"n23m0164.hpc.itc.rwth-aachen.de",74,"74","uds",unix,64,4194304,10,50,43.053,21.13,25.9247,25.703,38.274,5.06478,4.99814
55,"n23m0164.hpc.itc.rwth-aachen.de",55,"55","uds",75,"n23m0164.hpc.itc.rwth-aachen.de",75,"75","uds",unix,64,4194304,10,50,41.962,18.666,22.8702,22.8285,28.577,5.0048,4.96896
55,"n23m0164.hpc.itc.rwth-aachen.de",55,"55","uds",76,"n23m0164.hpc.itc.rwth-aachen.de",76,"76","uds",unix,64,4194304,10,50,40.357,20.174,24.6719,24.6865,28.23,4.67379,4.67936
55,"n23m0164.hpc.itc.rwth-aachen.de",55,"55","uds",77,"n23m0164.hpc.itc.rwth-aachen.de",77,"77","uds",unix,64,4194304,10,50,41.635,20.064,24.8737,24.52,40.344,4.63127,4.62576
55,"n23m0164.hpc.itc.rwth-aachen.de",55,"55","uds",78,"n23m0164.hpc.itc.rwth-aachen.de",78,"78","uds",unix,64,4194304,10,50,39.561,19.572,24.571,24.2995,35.217,4.62157,4.61642
55,"n23m0164.hpc.itc.rwth-aachen.de",55,"55","uds",79,"n23m0164.hpc.itc.rwth-aachen.de",79,"79","uds",unix,64,4194304,10,50,43.177,15.44,25.6844,25.011,48.112,4.61996,4.61663
55,"n23m0164.hpc.itc.rwth-aachen.de",55,"55","uds",80,"n23m0164.hpc.itc.rwth-aachen.de",80,"80","uds",unix,64,4194304,10,50,40.237,21.167,25.8661,25.9255,31.224,5.051,4.98612
55,"n23m0164.hpc.itc.rwth-aachen.de",55,"55","uds",81,"n23m0164.hpc.itc.rwth-aachen.de",81,"81","uds",unix,64,4194304,10,50,40.554,19.046,23.4244,23.1235,44.37,4.91534,4.9592
55,"n23m0164.hpc.itc.rwth-aachen.de",55,"55","uds",82,"n23m0164.hpc.itc.rwth-aachen.de",82,"82","uds",unix,64,4194304,10,50,43.022,20.527,24.663,24.323,30.504,4.63712,4.63816
55,"n23m0164.hpc.itc.rwth-aachen.de",55,"55","uds",83,"n23m0164.hpc.itc.rwth-aachen.de",83,"83","uds",unix,64,4194304,10,50,42.889,21.624,25.4313,25.3855,34.233,5.16513,5.13814
55,"n23m0164.hpc.itc.rwth-aachen.de",55,"55","uds",84,"n23m0164.hpc.itc.rwth-aachen.de",84,"84","uds",unix,64,4194304,10,50,40.925,20.705,23.2298,22.8045,27.617,4.64406,4.63675
55,"n23m0164.hpc.itc.rwth-aachen.de",55,"55","uds",85,"n23m0164.hpc.itc.rwth-aachen.de",85,"85","uds",unix,64,4194304,10,50,42.504,20.967,26.4793,26.146,34.253,4.20652,4.18012
55,"n23m0164.hpc.itc.rwth-aachen.de",55,"55","uds",86,"n23m0164.hpc.itc.rwth-aachen.de",86,"86","uds",unix,64,4194304,10,50,49.424,22.95,26.8109,26.609,34.612,4.76634,4.74437
55,"n23m0164.hpc.itc.rwth-aachen.de",55,"55","uds",87,"n23m0164.hpc.itc.rwth-aachen.de",87,"87","uds",unix,64,4194304,10,50,37.054,19.179,22.4712,22.4035,27.888,4.4968,4.5473
55,"n23m0164.hpc.itc.rwth-aachen.de",55,"55","uds",88,"n23m0164.hpc.itc.rwth-aachen.de",88,"88","uds",unix,64,4194304,10,50,53.82,21.616,26.2916,26.391,33.194,3.87961,3.87702
55,"n23m0164.hpc.itc.rwth-aachen.de",55,"55","uds",89,"n23m0164.hpc.itc.rwth-aachen.de",89,"89","uds",unix,64,4194304,10,50,44.144,21.666,26.235,26.5895,29.546,4.6278,4.5907
55,"n23m0164.hpc.itc.rwth-aachen.de",55,"55","uds",90,"n23m0164.hpc.itc.rwth-aachen.de",90,"90","uds",unix,64,4194304,10,50,42.232,19.696,23.4676,23.2475,32.27,4.2405,4.37403
55,"n23m0164.hpc.itc.rwth-aachen.de",55,"55","uds",91,"n23m0164.hpc.itc.rwth-aachen.de",91,"91","uds",unix,64,4194304,10,50,41.54,16.654,26.0246,25.5735,39.749,3.96537,3.96565
55,"n23m0164.hpc.itc.rwth-aachen.de",55,"55","uds",92,"n23m0164.hpc.itc.rwth-aachen.de",92,"92","uds",unix,64,4194304,10,50,45.254,20.735,27.4223,27.1905,35.992,3.81082,3.73616
55,"n23m0164.hpc.itc.rwth-aachen.de",55,"55","uds",93,"n23m0164.hpc.itc.rwth-aachen.de",93,"93","uds",unix,64,4194304,10,50,46.511,24.162,28.0726,27.662,35.148,3.70014,3.69987
55,"n23m0164.hpc.itc.rwth-aachen.de",55,"55","uds",94,"n23m0164.hpc.itc.rwth-aachen.de",94,"94","uds",unix,64,4194304,10,50,49.959,22.252,28.4781,28.0815,38.83,3.62782,3.62428
55,"n23m0164.hpc.itc.rwth-aachen.de",55,"55","uds",95,"n23m0164.hpc.itc.rwth-aachen.de",95,"95","uds",unix,64,4194304,10,50,46.111,23.72,28.4609,27.954,38.676,4.57798,4.51563
56,"n23m0164.hpc.itc.rwth-aachen.de",56,"56","uds",57,"n23m0164.hpc.itc.rwth-aachen.de",57,"57","uds",unix,64,4194304,10,50,107.681,20.096,26.2417,26.276,33.788,4.45964,4.47766
56,"n23m0164.hpc.itc.rwth-aachen.de",56,"56","uds",58,"n23m0164.hpc.itc.rwth-aachen.de",58,"58","uds",unix,64,4194304,10,50,58.755,21.278,28.5643,28.3445,49.31,4.83863,4.83022
56,"n23m0164.hpc.itc.rwth-aachen.de",56,"56","uds",59,"n23m0164.hpc.itc.rwth-aachen.de",59,"59","uds",unix,64,4194304,10,50,49.998,21.245,28.0901,28.2985,43.023,3.75609,3.82021
56,"n23m0164.hpc.itc.rwth-aachen.de",56,"56","uds",60,"n23m0164.hpc.itc.rwth-aachen.de",60,"60","uds",unix,64,4194304,10,50,64.441,20.94,27.0672,26.544,47.042,4.44954,4.45966
56,"n23m0164.hpc.itc.rwth-aachen.de",56,"56","uds",61,"n23m0164.hpc.itc.rwth-aachen.de",61,"61","uds",unix,64,4194304,10,50,45.593,19.006,23.5288,23.476,32.902,5.04888,5.0329
56,"n23m0164.hpc.itc.rwth-aachen.de",56,"56","uds",62,"n23m0164.hpc.itc.rwth-aachen.de",62,"62","uds",unix,64,4194304,10,50,49.865,20.546,24.4272,24.0845,35.18,3.96333,4.03388
56,"n23m0164.hpc.itc.rwth-aachen.de",56,"56","uds",63,"n23m0164.hpc.itc.rwth-aachen.de",63,"63","uds",unix,64,4194304,10,50,48.037,22.482,26.7066,26.216,43.053,4.62558,4.59059
56,"n23m0164.hpc.itc.rwth-aachen.de",56,"56","uds",64,"n23m0164.hpc.itc.rwth-aachen.de",64,"64","uds",unix,64,4194304,10,50,40.306,19.712,23.1139,22.676,35.495,5.03233,5.03568
56,"n23m0164.hpc.itc.rwth-aachen.de",56,"56","uds",65,"n23m0164.hpc.itc.rwth-aachen.de",65,"65","uds",unix,64,4194304,10,50,37.613,20.264,23.9474,23.706,30.12,4.01426,4.08806
56,"n23m0164.hpc.itc.rwth-aachen.de",56,"56","uds",66,"n23m0164.hpc.itc.rwth-aachen.de",66,"66","uds",unix,64,4194304,10,50,46.403,21.372,26.0405,25.7455,35.079,4.15639,4.15085
56,"n23m0164.hpc.itc.rwth-aachen.de",56,"56","uds",67,"n23m0164.hpc.itc.rwth-aachen.de",67,"67","uds",unix,64,4194304,10,50,47.762,19.109,25.6648,25.376,38.303,4.25542,4.25377
56,"n23m0164.hpc.itc.rwth-aachen.de",56,"56","uds",68,"n23m0164.hpc.itc.rwth-aachen.de",68,"68","uds",unix,64,4194304,10,50,44.457,22.172,26.712,25.9085,41.516,3.9196,3.91957
56,"n23m0164.hpc.itc.rwth-aachen.de",56,"56","uds",69,"n23m0164.hpc.itc.rwth-aachen.de",69,"69","uds",unix,64,4194304,10,50,46.186,21.674,25.9405,25.5025,33.242,4.53678,4.45784
56,"n23m0164.hpc.itc.rwth-aachen.de",56,"56","uds",70,"n23m0164.hpc.itc.rwth-aachen.de",70,"70","uds",unix,64,4194304,10,50,43.903,20.54,25.1595,24.655,37.464,4.48147,4.53374
56,"n23m0164.hpc.itc.rwth-aachen.de",56,"56","uds",71,"n23m0164.hpc.itc.rwth-aachen.de",71,"71","uds",unix,64,4194304,10,50,42.081,20.378,25.5033,25.3045,35.468,4.13155,4.08281
56,"n23m0164.hpc.itc.rwth-aachen.de",56,"56","uds",72,"n23m0164.hpc.itc.rwth-aachen.de",72,"72","uds",unix,64,4194304,10,50,41.744,21.187,26.1884,25.971,35.14,3.05149,3.27253
56,"n23m0164.hpc.itc.rwth-aachen.de",56,"56","uds",73,"n23m0164.hpc.itc.rwth-aachen.de",73,"73","uds",unix,64,4194304,10,50,55.431,25.969,31.955,31.2325,51.554,3.00359,3.00201
56,"n23m0164.hpc.itc.rwth-aachen.de",56,"56","uds",74,"n23m0164.hpc.itc.rwth-aachen.de",74,"74","uds",unix,64,4194304,10,50,57.895,26.686,32.3229,32.2735,42.438,4.34404,4.24285
56,"n23m0164.hpc.itc.rwth-aachen.de",56,"56","uds",75,"n23m0164.hpc.itc.rwth-aachen.de",75,"75","uds",unix,64,4194304,10,50,43.049,19.314,23.3885,23.029,35.739,4.23724,4.20391
56,"n23m0164.hpc.itc.rwth-aachen.de",56,"56","uds",76,"n23m0164.hpc.itc.rwth-aachen.de",76,"76","uds",unix,64,4194304,10,50,51.28,22.213,30.0006,29.377,37.775,3.03823,3.0341
56,"n23m0164.hpc.itc.rwth-aachen.de",56,"56","uds",77,"n23m0164.hpc.itc.rwth-aachen.de",77,"77","uds",unix,64,4194304,10,50,56.113,24.299,30.7014,30.16,42.03,3.83027,3.73373
56,"n23m0164.hpc.itc.rwth-aachen.de",56,"56","uds",78,"n23m0164.hpc.itc.rwth-aachen.de",78,"78","uds",unix,64,4194304,10,50,44.941,20.874,26.4966,26.401,35.26,2.9837,3.04082
56,"n23m0164.hpc.itc.rwth-aachen.de",56,"56","uds",79,"n23m0164.hpc.itc.rwth-aachen.de",79,"79","uds",unix,64,4194304,10,50,56.115,24.035,30.9654,31.139,45.988,3.68029,3.71902
56,"n23m0164.hpc.itc.rwth-aachen.de",56,"56","uds",80,"n23m0164.hpc.itc.rwth-aachen.de",80,"80","uds",unix,64,4194304,10,50,45.033,21.586,25.985,25.427,41.982,4.8677,4.83638
56,"n23m0164.hpc.itc.rwth-aachen.de",56,"56","uds",81,"n23m0164.hpc.itc.rwth-aachen.de",81,"81","uds",unix,64,4194304,10,50,34.54,18.195,22.0579,21.7405,28.18,4.88482,4.87343
56,"n23m0164.hpc.itc.rwth-aachen.de",56,"56","uds",82,"n23m0164.hpc.itc.rwth-aachen.de",82,"82","uds",unix,64,4194304,10,50,43.025,21.501,26.7977,26.3515,36.077,3.03801,3.16685
56,"n23m0164.hpc.itc.rwth-aachen.de",56,"56","uds",83,"n23m0164.hpc.itc.rwth-aachen.de",83,"83","uds",unix,64,4194304,10,50,54.138,25.633,31.6927,30.747,48.662,4.3398,4.23825
56,"n23m0164.hpc.itc.rwth-aachen.de",56,"56","uds",84,"n23m0164.hpc.itc.rwth-aachen.de",84,"84","uds",unix,64,4194304,10,50,43.35,19.814,24.227,23.6945,52.263,3.9723,3.93475
56,"n23m0164.hpc.itc.rwth-aachen.de",56,"56","uds",85,"n23m0164.hpc.itc.rwth-aachen.de",85,"85","uds",unix,64,4194304,10,50,91.738,24.158,32.5357,31.515,53.782,2.84634,2.8435
56,"n23m0164.hpc.itc.rwth-aachen.de",56,"56","uds",86,"n23m0164.hpc.itc.rwth-aachen.de",86,"86","uds",unix,64,4194304,10,50,59.481,27.283,33.1505,32.635,48.369,4.15159,4.07964
56,"n23m0164.hpc.itc.rwth-aachen.de",56,"56","uds",87,"n23m0164.hpc.itc.rwth-aachen.de",87,"87","uds",unix,64,4194304,10,50,39.403,20.918,23.6982,23.656,30.997,3.94411,3.85105
56,"n23m0164.hpc.itc.rwth-aachen.de",56,"56","uds",88,"n23m0164.hpc.itc.rwth-aachen.de",88,"88","uds",unix,64,4194304,10,50,64.821,21.036,32.4333,32.2885,49.217,2.79161,2.79256
56,"n23m0164.hpc.itc.rwth-aachen.de",56,"56","uds",89,"n23m0164.hpc.itc.rwth-aachen.de",89,"89","uds",unix,64,4194304,10,50,55.298,25.209,32.6894,32.477,46.316,4.1711,4.0795
56,"n23m0164.hpc.itc.rwth-aachen.de",56,"56","uds",90,"n23m0164.hpc.itc.rwth-aachen.de",90,"90","uds",unix,64,4194304,10,50,50.526,21.176,24.4448,23.9945,36.527,3.92525,3.80565
56,"n23m0164.hpc.itc.rwth-aachen.de",56,"56","uds",91,"n23m0164.hpc.itc.rwth-aachen.de",91,"91","uds",unix,64,4194304,10,50,55.321,19.489,32.5742,31.7345,46.633,2.84241,2.8391
56,"n23m0164.hpc.itc.rwth-aachen.de",56,"56","uds",92,"n23m0164.hpc.itc.rwth-aachen.de",92,"92","uds",unix,64,4194304,10,50,74.046,25.854,32.3924,32.08,41.932,2.77398,2.77198
56,"n23m0164.hpc.itc.rwth-aachen.de",56,"56","uds",93,"n23m0164.hpc.itc.rwth-aachen.de",93,"93","uds",unix,64,4194304,10,50,60.734,25.917,33.111,32.611,46.222,2.84572,2.84138
56,"n23m0164.hpc.itc.rwth-aachen.de",56,"56","uds",94,"n23m0164.hpc.itc.rwth-aachen.de",94,"94","uds",unix,64,4194304,10,50,65.811,25.457,32.0758,30.983,50.946,2.74691,2.74777
56,"n23m0164.hpc.itc.rwth-aachen.de",56,"56","uds",95,"n23m0164.hpc.itc.rwth-aachen.de",95,"95","uds",unix,64,4194304,10,50,56.71,27.482,33.5046,32.6795,55.966,4.10301,4.06786
57,"n23m0164.hpc.itc.rwth-aachen.de",57,"57","uds",58,"n23m0164.hpc.itc.rwth-aachen.de",58,"58","uds",unix,64,4194304,10,50,111.162,23.998,27.5047,27.602,35.942,5.01745,4.99906
57,"n23m0164.hpc.itc.rwth-aachen.de",57,"57","uds",59,"n23m0164.hpc.itc.rwth-aachen.de",59,"59","uds",unix,64,4194304,10,50,49.357,22.962,27.5285,27.512,48.078,4.39852,4.40132
57,"n23m0164.hpc.itc.rwth-aachen.de",57,"57","uds",60,"n23m0164.hpc.itc.rwth-aachen.de",60,"60","uds",unix,64,4194304,10,50,59.921,20.467,25.2285,24.66,43.029,4.58971,4.57321
57,"n23m0164.hpc.itc.rwth-aachen.de",57,"57","uds",61,"n23m0164.hpc.itc.rwth-aachen.de",61,"61","uds",unix,64,4194304,10,50,41.534,19.772,24.0635,23.662,36.699,5.40326,5.36524
57,"n23m0164.hpc.itc.rwth-aachen.de",57,"57","uds",62,"n23m0164.hpc.itc.rwth-aachen.de",62,"62","uds",unix,64,4194304,10,50,41.7,19.901,22.9782,22.7,31.153,4.9767,5.01605
57,"n23m0164.hpc.itc.rwth-aachen.de",57,"57","uds",63,"n23m0164.hpc.itc.rwth-aachen.de",63,"63","uds",unix,64,4194304,10,50,44.218,19.496,23.6687,23.3685,32.243,4.94992,4.94964
57,"n23m0164.hpc.itc.rwth-aachen.de",57,"57","uds",64,"n23m0164.hpc.itc.rwth-aachen.de",64,"64","uds",unix,64,4194304,10,50,41.74,19.348,23.2412,22.8655,31.345,5.4246,5.42068
57,"n23m0164.hpc.itc.rwth-aachen.de",57,"57","uds",65,"n23m0164.hpc.itc.rwth-aachen.de",65,"65","uds",unix,64,4194304,10,50,39.681,19.578,23.6347,22.94,35.995,5.19342,5.187
57,"n23m0164.hpc.itc.rwth-aachen.de",57,"57","uds",66,"n23m0164.hpc.itc.rwth-aachen.de",66,"66","uds",unix,64,4194304,10,50,40.877,19.553,24.0851,23.525,36.089,5.10849,5.09716
57,"n23m0164.hpc.itc.rwth-aachen.de",57,"57","uds",67,"n23m0164.hpc.itc.rwth-aachen.de",67,"67","uds",unix,64,4194304,10,50,41.17,19.903,23.0066,22.7595,30.694,5.3663,5.35522
57,"n23m0164.hpc.itc.rwth-aachen.de",57,"57","uds",68,"n23m0164.hpc.itc.rwth-aachen.de",68,"68","uds",unix,64,4194304,10,50,38.911,19.257,23.3971,23.3255,29.043,4.95379,4.95662
57,"n23m0164.hpc.itc.rwth-aachen.de",57,"57","uds",69,"n23m0164.hpc.itc.rwth-aachen.de",69,"69","uds",unix,64,4194304,10,50,48.497,18.654,23.4176,23.1935,33.009,4.98202,4.98456
57,"n23m0164.hpc.itc.rwth-aachen.de",57,"57","uds",70,"n23m0164.hpc.itc.rwth-aachen.de",70,"70","uds",unix,64,4194304,10,50,43.136,16.8,24.7295,24.651,33.414,5.07854,5.08394
57,"n23m0164.hpc.itc.rwth-aachen.de",57,"57","uds",71,"n23m0164.hpc.itc.rwth-aachen.de",71,"71","uds",unix,64,4194304,10,50,36.132,19.431,24.0474,23.5885,32.798,4.92189,4.92428
57,"n23m0164.hpc.itc.rwth-aachen.de",57,"57","uds",72,"n23m0164.hpc.itc.rwth-aachen.de",72,"72","uds",unix,64,4194304,10,50,39.29,15.819,23.0284,22.519,41.453,5.16755,5.15385
57,"n23m0164.hpc.itc.rwth-aachen.de",57,"57","uds",73,"n23m0164.hpc.itc.rwth-aachen.de",73,"73","uds",unix,64,4194304,10,50,36.971,19.17,23.7295,22.9775,38.651,5.13501,5.14635
57,"n23m0164.hpc.itc.rwth-aachen.de",57,"57","uds",74,"n23m0164.hpc.itc.rwth-aachen.de",74,"74","uds",unix,64,4194304,10,50,39.516,18.919,23.6819,23.532,30.206,5.08259,5.08131
57,"n23m0164.hpc.itc.rwth-aachen.de",57,"57","uds",75,"n23m0164.hpc.itc.rwth-aachen.de",75,"75","uds",unix,64,4194304,10,50,41.488,19.428,23.2257,23.3245,33.777,5.19169,5.18416
57,"n23m0164.hpc.itc.rwth-aachen.de",57,"57","uds",76,"n23m0164.hpc.itc.rwth-aachen.de",76,"76","uds",unix,64,4194304,10,50,36.76,17.419,22.811,22.5715,33.311,5.38299,5.35458
57,"n23m0164.hpc.itc.rwth-aachen.de",57,"57","uds",77,"n23m0164.hpc.itc.rwth-aachen.de",77,"77","uds",unix,64,4194304,10,50,36.911,18.633,22.9688,22.6225,33.505,5.21227,5.20894
57,"n23m0164.hpc.itc.rwth-aachen.de",57,"57","uds",78,"n23m0164.hpc.itc.rwth-aachen.de",78,"78","uds",unix,64,4194304,10,50,36.594,20.232,23.3568,23.0335,28.61,5.33231,5.33565
57,"n23m0164.hpc.itc.rwth-aachen.de",57,"57","uds",79,"n23m0164.hpc.itc.rwth-aachen.de",79,"79","uds",unix,64,4194304,10,50,36.964,18.221,23.5798,23.56,36.175,5.32473,5.32624
57,"n23m0164.hpc.itc.rwth-aachen.de",57,"57","uds",80,"n23m0164.hpc.itc.rwth-aachen.de",80,"80","uds",unix,64,4194304,10,50,35.804,14.779,22.9539,22.665,34.375,5.21596,5.2197
57,"n23m0164.hpc.itc.rwth-aachen.de",57,"57","uds",81,"n23m0164.hpc.itc.rwth-aachen.de",81,"81","uds",unix,64,4194304,10,50,37.129,20.732,22.7524,22.4035,30.783,5.22574,5.23302
57,"n23m0164.hpc.itc.rwth-aachen.de",57,"57","uds",82,"n23m0164.hpc.itc.rwth-aachen.de",82,"82","uds",unix,64,4194304,10,50,36.812,19.984,22.845,22.75,31.694,5.27505,5.27124
57,"n23m0164.hpc.itc.rwth-aachen.de",57,"57","uds",83,"n23m0164.hpc.itc.rwth-aachen.de",83,"83","uds",unix,64,4194304,10,50,38.34,19.756,23.6317,23.3645,30.391,5.09346,5.10703
57,"n23m0164.hpc.itc.rwth-aachen.de",57,"57","uds",84,"n23m0164.hpc.itc.rwth-aachen.de",84,"84","uds",unix,64,4194304,10,50,42.432,20.527,24.1634,24.0875,32.205,5.15021,5.13716
57,"n23m0164.hpc.itc.rwth-aachen.de",57,"57","uds",85,"n23m0164.hpc.itc.rwth-aachen.de",85,"85","uds",unix,64,4194304,10,50,36.97,19.935,23.7419,23.1335,34.99,5.07916,5.08254
57,"n23m0164.hpc.itc.rwth-aachen.de",57,"57","uds",86,"n23m0164.hpc.itc.rwth-aachen.de",86,"86","uds",unix,64,4194304,10,50,37.859,19.359,23.1542,22.9815,28.037,4.93288,4.92525
57,"n23m0164.hpc.itc.rwth-aachen.de",57,"57","uds",87,"n23m0164.hpc.itc.rwth-aachen.de",87,"87","uds",unix,64,4194304,10,50,46.162,20.802,23.4572,23.18,29.504,5.0146,5.01611
57,"n23m0164.hpc.itc.rwth-aachen.de",57,"57","uds",88,"n23m0164.hpc.itc.rwth-aachen.de",88,"88","uds",unix,64,4194304,10,50,42.896,19.677,23.5574,23.0255,30.513,4.77569,4.76975
57,"n23m0164.hpc.itc.rwth-aachen.de",57,"57","uds",89,"n23m0164.hpc.itc.rwth-aachen.de",89,"89","uds",unix,64,4194304,10,50,37.874,16.724,23.9491,23.7165,44.957,4.7923,4.79516
57,"n23m0164.hpc.itc.rwth-aachen.de",57,"57","uds",90,"n23m0164.hpc.itc.rwth-aachen.de",90,"90","uds",unix,64,4194304,10,50,43.722,19.962,24.593,24.244,33.041,4.83845,4.83381
57,"n23m0164.hpc.itc.rwth-aachen.de",57,"57","uds",91,"n23m0164.hpc.itc.rwth-aachen.de",91,"91","uds",unix,64,4194304,10,50,36.182,20.18,23.2881,23.1965,34.251,4.85388,4.84403
57,"n23m0164.hpc.itc.rwth-aachen.de",57,"57","uds",92,"n23m0164.hpc.itc.rwth-aachen.de",92,"92","uds",unix,64,4194304,10,50,37.944,20.237,24.8754,24.5995,31.592,4.75269,4.7509
57,"n23m0164.hpc.itc.rwth-aachen.de",57,"57","uds",93,"n23m0164.hpc.itc.rwth-aachen.de",93,"93","uds",unix,64,4194304,10,50,39.847,19.134,23.9953,23.866,33.746,4.77564,4.78668
57,"n23m0164.hpc.itc.rwth-aachen.de",57,"57","uds",94,"n23m0164.hpc.itc.rwth-aachen.de",94,"94","uds",unix,64,4194304,10,50,42.364,15.435,24.5358,24.2625,38.583,4.72651,4.72674
57,"n23m0164.hpc.itc.rwth-aachen.de",57,"57","uds",95,"n23m0164.hpc.itc.rwth-aachen.de",95,"95","uds",unix,64,4194304,10,50,38.297,20.049,24.5558,24.7815,29.802,4.72226,4.68513
58,"n23m0164.hpc.itc.rwth-aachen.de",58,"58","uds",59,"n23m0164.hpc.itc.rwth-aachen.de",59,"59","uds",unix,64,4194304,10,50,102.709,22.938,28.7526,28.753,49.268,4.6399,4.65966
58,"n23m0164.hpc.itc.rwth-aachen.de",58,"58","uds",60,"n23m0164.hpc.itc.rwth-aachen.de",60,"60","uds",unix,64,4194304,10,50,72.598,21.618,27.4233,27.5095,42.187,4.93439,4.83008
58,"n23m0164.hpc.itc.rwth-aachen.de",58,"58","uds",61,"n23m0164.hpc.itc.rwth-aachen.de",61,"61","uds",unix,64,4194304,10,50,49.018,19.506,23.4515,23.234,30.517,4.82373,4.76904
58,"n23m0164.hpc.itc.rwth-aachen.de",58,"58","uds",62,"n23m0164.hpc.itc.rwth-aachen.de",62,"62","uds",unix,64,4194304,10,50,51.583,21.232,27.998,27.6535,38.664,4.24045,4.23895
58,"n23m0164.hpc.itc.rwth-aachen.de",58,"58","uds",63,"n23m0164.hpc.itc.rwth-aachen.de",63,"63","uds",unix,64,4194304,10,50,56.431,20.604,26.1973,25.798,38.469,4.94324,4.92471
58,"n23m0164.hpc.itc.rwth-aachen.de",58,"58","uds",64,"n23m0164.hpc.itc.rwth-aachen.de",64,"64","uds",unix,64,4194304,10,50,43.621,18.977,23.378,23.2265,28.521,4.78409,4.79942
58,"n23m0164.hpc.itc.rwth-aachen.de",58,"58","uds",65,"n23m0164.hpc.itc.rwth-aachen.de",65,"65","uds",unix,64,4194304,10,50,45.53,23.169,27.0004,26.793,38.235,4.2452,4.24252
58,"n23m0164.hpc.itc.rwth-aachen.de",58,"58","uds",66,"n23m0164.hpc.itc.rwth-aachen.de",66,"66","uds",unix,64,4194304,10,50,60.467,23.039,26.7064,26.657,33.269,3.77456,3.8265
58,"n23m0164.hpc.itc.rwth-aachen.de",58,"58","uds",67,"n23m0164.hpc.itc.rwth-aachen.de",67,"67","uds",unix,64,4194304,10,50,52.162,22.864,29.3003,28.6545,39.62,3.82438,3.82536
58,"n23m0164.hpc.itc.rwth-aachen.de",58,"58","uds",68,"n23m0164.hpc.itc.rwth-aachen.de",68,"68","uds",unix,64,4194304,10,50,50.673,24.707,29.8244,29.043,42.627,4.14799,4.07888
58,"n23m0164.hpc.itc.rwth-aachen.de",58,"58","uds",69,"n23m0164.hpc.itc.rwth-aachen.de",69,"69","uds",unix,64,4194304,10,50,49.049,22.307,27.0357,27.051,32.786,4.88765,4.86624
58,"n23m0164.hpc.itc.rwth-aachen.de",58,"58","uds",70,"n23m0164.hpc.itc.rwth-aachen.de",70,"70","uds",unix,64,4194304,10,50,40.245,21.384,24.7754,24.8805,33.015,4.47306,4.4299
58,"n23m0164.hpc.itc.rwth-aachen.de",58,"58","uds",71,"n23m0164.hpc.itc.rwth-aachen.de",71,"71","uds",unix,64,4194304,10,50,54.798,23.335,29.8475,29.6375,38.5,3.90307,3.87838
58,"n23m0164.hpc.itc.rwth-aachen.de",58,"58","uds",72,"n23m0164.hpc.itc.rwth-aachen.de",72,"72","uds",unix,64,4194304,10,50,48.738,21.85,27.8648,27.5425,34.477,4.48527,4.4229
58,"n23m0164.hpc.itc.rwth-aachen.de",58,"58","uds",73,"n23m0164.hpc.itc.rwth-aachen.de",73,"73","uds",unix,64,4194304,10,50,46.183,20.225,25.902,25.3965,33.848,4.42348,4.42058
58,"n23m0164.hpc.itc.rwth-aachen.de",58,"58","uds",74,"n23m0164.hpc.itc.rwth-aachen.de",74,"74","uds",unix,64,4194304,10,50,42.843,23.248,26.5783,26.223,37.433,5.03856,4.97448
58,"n23m0164.hpc.itc.rwth-aachen.de",58,"58","uds",75,"n23m0164.hpc.itc.rwth-aachen.de",75,"75","uds",unix,64,4194304,10,50,44.119,20.538,23.7386,23.3845,33.325,4.95845,5.00599
58,"n23m0164.hpc.itc.rwth-aachen.de",58,"58","uds",76,"n23m0164.hpc.itc.rwth-aachen.de",76,"76","uds",unix,64,4194304,10,50,38.944,15.917,25.1014,24.638,47.091,4.66011,4.65535
58,"n23m0164.hpc.itc.rwth-aachen.de",58,"58","uds",77,"n23m0164.hpc.itc.rwth-aachen.de",77,"77","uds",unix,64,4194304,10,50,42.07,20.921,25.1946,25.094,34.637,4.62035,4.62313
58,"n23m0164.hpc.itc.rwth-aachen.de",58,"58","uds",78,"n23m0164.hpc.itc.rwth-aachen.de",78,"78","uds",unix,64,4194304,10,50,40.921,22.533,25.0736,24.9125,28.647,4.69873,4.69841
58,"n23m0164.hpc.itc.rwth-aachen.de",58,"58","uds",79,"n23m0164.hpc.itc.rwth-aachen.de",79,"79","uds",unix,64,4194304,10,50,40.296,21.222,25.0393,24.649,33.526,4.69036,4.6803
58,"n23m0164.hpc.itc.rwth-aachen.de",58,"58","uds",80,"n23m0164.hpc.itc.rwth-aachen.de",80,"80","uds",unix,64,4194304,10,50,40.384,17.4,25.2365,25.09,32.386,5.20441,5.13165
58,"n23m0164.hpc.itc.rwth-aachen.de",58,"58","uds",81,"n23m0164.hpc.itc.rwth-aachen.de",81,"81","uds",unix,64,4194304,10,50,36.886,19.545,23.0516,22.7255,30.212,4.82663,4.91265
58,"n23m0164.hpc.itc.rwth-aachen.de",58,"58","uds",82,"n23m0164.hpc.itc.rwth-aachen.de",82,"82","uds",unix,64,4194304,10,50,38.41,20.423,24.4823,24.254,34.895,4.53627,4.53854
58,"n23m0164.hpc.itc.rwth-aachen.de",58,"58","uds",83,"n23m0164.hpc.itc.rwth-aachen.de",83,"83","uds",unix,64,4194304,10,50,40.638,20.919,25.6898,24.8805,33.373,5.07084,4.99715
58,"n23m0164.hpc.itc.rwth-aachen.de",58,"58","uds",84,"n23m0164.hpc.itc.rwth-aachen.de",84,"84","uds",unix,64,4194304,10,50,38.567,20.512,23.2642,23.3815,29.385,4.59199,4.65684
58,"n23m0164.hpc.itc.rwth-aachen.de",58,"58","uds",85,"n23m0164.hpc.itc.rwth-aachen.de",85,"85","uds",unix,64,4194304,10,50,43.339,22.682,27.2976,27.0715,36.168,3.95582,3.95992
58,"n23m0164.hpc.itc.rwth-aachen.de",58,"58","uds",86,"n23m0164.hpc.itc.rwth-aachen.de",86,"86","uds",unix,64,4194304,10,50,45.157,21.245,27.6068,27.2695,34.316,4.69151,4.60302
58,"n23m0164.hpc.itc.rwth-aachen.de",58,"58","uds",87,"n23m0164.hpc.itc.rwth-aachen.de",87,"87","uds",unix,64,4194304,10,50,40.305,13.395,23.7931,23.5045,41.223,4.37691,4.4029
58,"n23m0164.hpc.itc.rwth-aachen.de",58,"58","uds",88,"n23m0164.hpc.itc.rwth-aachen.de",88,"88","uds",unix,64,4194304,10,50,44.313,15.995,26.8844,26.557,38.908,3.89275,3.88786
58,"n23m0164.hpc.itc.rwth-aachen.de",58,"58","uds",89,"n23m0164.hpc.itc.rwth-aachen.de",89,"89","uds",unix,64,4194304,10,50,44.2,21.058,27.0567,26.797,39.237,4.67441,4.60397
58,"n23m0164.hpc.itc.rwth-aachen.de",58,"58","uds",90,"n23m0164.hpc.itc.rwth-aachen.de",90,"90","uds",unix,64,4194304,10,50,41.648,21.593,23.9343,23.287,30.663,4.24426,4.35632
58,"n23m0164.hpc.itc.rwth-aachen.de",58,"58","uds",91,"n23m0164.hpc.itc.rwth-aachen.de",91,"91","uds",unix,64,4194304,10,50,42.091,17.086,27.0634,26.776,40.474,3.95854,3.95826
58,"n23m0164.hpc.itc.rwth-aachen.de",58,"58","uds",92,"n23m0164.hpc.itc.rwth-aachen.de",92,"92","uds",unix,64,4194304,10,50,43.984,16.08,27.2648,26.564,45.939,3.86068,3.86024
58,"n23m0164.hpc.itc.rwth-aachen.de",58,"58","uds",93,"n23m0164.hpc.itc.rwth-aachen.de",93,"93","uds",unix,64,4194304,10,50,49.513,23.342,28.1016,27.7515,36.547,3.9256,3.92531
58,"n23m0164.hpc.itc.rwth-aachen.de",58,"58","uds",94,"n23m0164.hpc.itc.rwth-aachen.de",94,"94","uds",unix,64,4194304,10,50,54.12,18.932,27.6658,27.613,36.91,3.84463,3.81551
58,"n23m0164.hpc.itc.rwth-aachen.de",58,"58","uds",95,"n23m0164.hpc.itc.rwth-aachen.de",95,"95","uds",unix,64,4194304,10,50,63.161,19.925,28.124,27.9845,41.008,4.50784,4.44157
59,"n23m0164.hpc.itc.rwth-aachen.de",59,"59","uds",60,"n23m0164.hpc.itc.rwth-aachen.de",60,"60","uds",unix,64,4194304,10,50,108.789,18.89,22.6767,22.3845,31.665,4.99312,4.99622
59,"n23m0164.hpc.itc.rwth-aachen.de",59,"59","uds",61,"n23m0164.hpc.itc.rwth-aachen.de",61,"61","uds",unix,64,4194304,10,50,46.175,18.685,23.0804,22.4805,35.848,5.04156,5.06898
59,"n23m0164.hpc.itc.rwth-aachen.de",59,"59","uds",62,"n23m0164.hpc.itc.rwth-aachen.de",62,"62","uds",unix,64,4194304,10,50,48.875,21.192,24.4053,24.0695,33.869,4.18301,4.19353
59,"n23m0164.hpc.itc.rwth-aachen.de",59,"59","uds",63,"n23m0164.hpc.itc.rwth-aachen.de",63,"63","uds",unix,64,4194304,10,50,49.281,19.852,25.4803,25.0015,47.158,4.66469,4.64314
59,"n23m0164.hpc.itc.rwth-aachen.de",59,"59","uds",64,"n23m0164.hpc.itc.rwth-aachen.de",64,"64","uds",unix,64,4194304,10,50,39.868,19.229,22.9917,22.991,27.244,5.02909,5.02305
59,"n23m0164.hpc.itc.rwth-aachen.de",59,"59","uds",65,"n23m0164.hpc.itc.rwth-aachen.de",65,"65","uds",unix,64,4194304,10,50,42.685,19.927,24.6071,23.8465,40.623,4.03943,4.11582
59,"n23m0164.hpc.itc.rwth-aachen.de",59,"59","uds",66,"n23m0164.hpc.itc.rwth-aachen.de",66,"66","uds",unix,64,4194304,10,50,49.093,22.084,25.9429,25.7055,34.683,4.20356,4.20491
59,"n23m0164.hpc.itc.rwth-aachen.de",59,"59","uds",67,"n23m0164.hpc.itc.rwth-aachen.de",67,"67","uds",unix,64,4194304,10,50,46.188,21.814,25.7368,25.431,40.33,4.2627,4.26487
59,"n23m0164.hpc.itc.rwth-aachen.de",59,"59","uds",68,"n23m0164.hpc.itc.rwth-aachen.de",68,"68","uds",unix,64,4194304,10,50,45.877,21.395,27.0739,26.8445,36.026,3.85442,3.79158
59,"n23m0164.hpc.itc.rwth-aachen.de",59,"59","uds",69,"n23m0164.hpc.itc.rwth-aachen.de",69,"69","uds",unix,64,4194304,10,50,46.708,23.905,27.6691,27.5975,33.498,4.35974,4.27066
59,"n23m0164.hpc.itc.rwth-aachen.de",59,"59","uds",70,"n23m0164.hpc.itc.rwth-aachen.de",70,"70","uds",unix,64,4194304,10,50,42.979,20.375,24.8175,24.4845,32.06,4.475,4.50154
59,"n23m0164.hpc.itc.rwth-aachen.de",59,"59","uds",71,"n23m0164.hpc.itc.rwth-aachen.de",71,"71","uds",unix,64,4194304,10,50,46.495,21.571,25.0819,24.7715,31.075,4.11653,4.01596
59,"n23m0164.hpc.itc.rwth-aachen.de",59,"59","uds",72,"n23m0164.hpc.itc.rwth-aachen.de",72,"72","uds",unix,64,4194304,10,50,44.241,22.254,27.6773,27.2585,34.952,3.01173,3.07636
59,"n23m0164.hpc.itc.rwth-aachen.de",59,"59","uds",73,"n23m0164.hpc.itc.rwth-aachen.de",73,"73","uds",unix,64,4194304,10,50,57.81,24.262,31.0715,30.846,43.801,2.96125,2.96483
59,"n23m0164.hpc.itc.rwth-aachen.de",59,"59","uds",74,"n23m0164.hpc.itc.rwth-aachen.de",74,"74","uds",unix,64,4194304,10,50,71.051,24.875,32.3638,32.141,48.096,4.23786,4.17369
59,"n23m0164.hpc.itc.rwth-aachen.de",59,"59","uds",75,"n23m0164.hpc.itc.rwth-aachen.de",75,"75","uds",unix,64,4194304,10,50,43.551,15.977,23.1331,23.112,30.202,4.15597,4.14697
59,"n23m0164.hpc.itc.rwth-aachen.de",59,"59","uds",76,"n23m0164.hpc.itc.rwth-aachen.de",76,"76","uds",unix,64,4194304,10,50,54.108,26.549,31.9406,30.9805,42.507,3.0131,3.01136
59,"n23m0164.hpc.itc.rwth-aachen.de",59,"59","uds",77,"n23m0164.hpc.itc.rwth-aachen.de",77,"77","uds",unix,64,4194304,10,50,54.34,25.462,31.4006,30.748,47.379,3.75628,3.65063
59,"n23m0164.hpc.itc.rwth-aachen.de",59,"59","uds",78,"n23m0164.hpc.itc.rwth-aachen.de",78,"78","uds",unix,64,4194304,10,50,42.839,22.336,26.1983,26.1925,33.053,3.02387,3.1568
59,"n23m0164.hpc.itc.rwth-aachen.de",59,"59","uds",79,"n23m0164.hpc.itc.rwth-aachen.de",79,"79","uds",unix,64,4194304,10,50,51.031,25.44,31.6769,31.6335,43.99,3.02349,3.02246
59,"n23m0164.hpc.itc.rwth-aachen.de",59,"59","uds",80,"n23m0164.hpc.itc.rwth-aachen.de",80,"80","uds",unix,64,4194304,10,50,54.028,24.27,31.7939,31.92,46.085,4.3103,4.23667
59,"n23m0164.hpc.itc.rwth-aachen.de",59,"59","uds",81,"n23m0164.hpc.itc.rwth-aachen.de",81,"81","uds",unix,64,4194304,10,50,36.018,20.495,23.48,23.3375,27.79,4.12036,4.09764
59,"n23m0164.hpc.itc.rwth-aachen.de",59,"59","uds",82,"n23m0164.hpc.itc.rwth-aachen.de",82,"82","uds",unix,64,4194304,10,50,50.06,20.138,31.7225,31.6225,48.08,3.7554,3.61991
59,"n23m0164.hpc.itc.rwth-aachen.de",59,"59","uds",83,"n23m0164.hpc.itc.rwth-aachen.de",83,"83","uds",unix,64,4194304,10,50,43.687,23.24,27.9333,27.028,38.141,4.62487,4.58087
59,"n23m0164.hpc.itc.rwth-aachen.de",59,"59","uds",84,"n23m0164.hpc.itc.rwth-aachen.de",84,"84","uds",unix,64,4194304,10,50,41.442,18.427,23.0256,22.6905,30.349,4.52692,4.46233
59,"n23m0164.hpc.itc.rwth-aachen.de",59,"59","uds",85,"n23m0164.hpc.itc.rwth-aachen.de",85,"85","uds",unix,64,4194304,10,50,45.315,20.913,28.675,28.8405,40.863,2.85216,2.86768
59,"n23m0164.hpc.itc.rwth-aachen.de",59,"59","uds",86,"n23m0164.hpc.itc.rwth-aachen.de",86,"86","uds",unix,64,4194304,10,50,54.995,24.652,33.1657,32.288,47.495,4.15147,4.09788
59,"n23m0164.hpc.itc.rwth-aachen.de",59,"59","uds",87,"n23m0164.hpc.itc.rwth-aachen.de",87,"87","uds",unix,64,4194304,10,50,38.312,19.543,23.6527,23.397,33.622,3.92571,3.86185
59,"n23m0164.hpc.itc.rwth-aachen.de",59,"59","uds",88,"n23m0164.hpc.itc.rwth-aachen.de",88,"88","uds",unix,64,4194304,10,50,63.129,20.216,33.4856,32.93,58.884,2.78559,2.78459
59,"n23m0164.hpc.itc.rwth-aachen.de",59,"59","uds",89,"n23m0164.hpc.itc.rwth-aachen.de",89,"89","uds",unix,64,4194304,10,50,55.159,24.597,32.8242,32.395,51.781,4.1606,4.11155
59,"n23m0164.hpc.itc.rwth-aachen.de",59,"59","uds",90,"n23m0164.hpc.itc.rwth-aachen.de",90,"90","uds",unix,64,4194304,10,50,46.132,20.133,24.3067,24.0405,31.9,3.94526,3.84499
59,"n23m0164.hpc.itc.rwth-aachen.de",59,"59","uds",91,"n23m0164.hpc.itc.rwth-aachen.de",91,"91","uds",unix,64,4194304,10,50,52.436,25.122,32.2663,31.946,44.989,2.84469,2.83982
59,"n23m0164.hpc.itc.rwth-aachen.de",59,"59","uds",92,"n23m0164.hpc.itc.rwth-aachen.de",92,"92","uds",unix,64,4194304,10,50,56.798,24.222,33.2696,33.0725,47.705,2.74637,2.7503
59,"n23m0164.hpc.itc.rwth-aachen.de",59,"59","uds",93,"n23m0164.hpc.itc.rwth-aachen.de",93,"93","uds",unix,64,4194304,10,50,57.801,24.563,33.838,33.201,72.338,2.83658,2.83584
59,"n23m0164.hpc.itc.rwth-aachen.de",59,"59","uds",94,"n23m0164.hpc.itc.rwth-aachen.de",94,"94","uds",unix,64,4194304,10,50,61.428,18.961,32.5447,32.467,43.812,2.73779,2.7374
59,"n23m0164.hpc.itc.rwth-aachen.de",59,"59","uds",95,"n23m0164.hpc.itc.rwth-aachen.de",95,"95","uds",unix,64,4194304,10,50,55.201,25.113,33.1905,32.807,46.049,4.08907,4.05693
60,"n23m0164.hpc.itc.rwth-aachen.de",60,"60","uds",61,"n23m0164.hpc.itc.rwth-aachen.de",61,"61","uds",unix,64,4194304,10,50,114.908,22.279,26.7475,26.337,38.375,4.95087,4.91493
60,"n23m0164.hpc.itc.rwth-aachen.de",60,"60","uds",62,"n23m0164.hpc.itc.rwth-aachen.de",62,"62","uds",unix,64,4194304,10,50,52.017,21.718,28.0803,27.967,37.839,4.11524,4.16667
60,"n23m0164.hpc.itc.rwth-aachen.de",60,"60","uds",63,"n23m0164.hpc.itc.rwth-aachen.de",63,"63","uds",unix,64,4194304,10,50,54.337,21.723,28.9248,27.9795,44.795,3.94296,3.95493
60,"n23m0164.hpc.itc.rwth-aachen.de",60,"60","uds",64,"n23m0164.hpc.itc.rwth-aachen.de",64,"64","uds",unix,64,4194304,10,50,52.889,22.29,29.4152,29.1075,44.543,5.04981,5.05686
60,"n23m0164.hpc.itc.rwth-aachen.de",60,"60","uds",65,"n23m0164.hpc.itc.rwth-aachen.de",65,"65","uds",unix,64,4194304,10,50,52.088,20.454,26.4113,25.882,43.151,4.47792,4.49054
60,"n23m0164.hpc.itc.rwth-aachen.de",60,"60","uds",66,"n23m0164.hpc.itc.rwth-aachen.de",66,"66","uds",unix,64,4194304,10,50,56.622,19.085,29.5142,28.586,43.182,4.98996,4.96032
60,"n23m0164.hpc.itc.rwth-aachen.de",60,"60","uds",67,"n23m0164.hpc.itc.rwth-aachen.de",67,"67","uds",unix,64,4194304,10,50,46.124,16.584,27.1601,27.0305,45.433,5.35421,5.3514
60,"n23m0164.hpc.itc.rwth-aachen.de",60,"60","uds",68,"n23m0164.hpc.itc.rwth-aachen.de",68,"68","uds",unix,64,4194304,10,50,43.213,23.268,26.6225,26.31,33.305,4.41672,4.42474
60,"n23m0164.hpc.itc.rwth-aachen.de",60,"60","uds",69,"n23m0164.hpc.itc.rwth-aachen.de",69,"69","uds",unix,64,4194304,10,50,56.895,22.742,28.7932,29.112,44.325,4.20305,4.22025
60,"n23m0164.hpc.itc.rwth-aachen.de",60,"60","uds",70,"n23m0164.hpc.itc.rwth-aachen.de",70,"70","uds",unix,64,4194304,10,50,52.494,23.235,29.592,29.3305,46.327,4.94057,4.93943
60,"n23m0164.hpc.itc.rwth-aachen.de",60,"60","uds",71,"n23m0164.hpc.itc.rwth-aachen.de",71,"71","uds",unix,64,4194304,10,50,52.367,21.649,27.918,27.729,38.819,4.87841,4.83157
60,"n23m0164.hpc.itc.rwth-aachen.de",60,"60","uds",72,"n23m0164.hpc.itc.rwth-aachen.de",72,"72","uds",unix,64,4194304,10,50,49.542,19.789,24.9768,24.394,38.046,4.76999,4.75254
60,"n23m0164.hpc.itc.rwth-aachen.de",60,"60","uds",73,"n23m0164.hpc.itc.rwth-aachen.de",73,"73","uds",unix,64,4194304,10,50,45.943,19.934,23.9303,23.5935,28.909,4.80176,4.80443
60,"n23m0164.hpc.itc.rwth-aachen.de",60,"60","uds",74,"n23m0164.hpc.itc.rwth-aachen.de",74,"74","uds",unix,64,4194304,10,50,52.299,21.311,24.7375,24.553,33.069,4.72583,4.71097
60,"n23m0164.hpc.itc.rwth-aachen.de",60,"60","uds",75,"n23m0164.hpc.itc.rwth-aachen.de",75,"75","uds",unix,64,4194304,10,50,48.542,19.993,23.7414,23.576,29.925,4.82645,4.82234
60,"n23m0164.hpc.itc.rwth-aachen.de",60,"60","uds",76,"n23m0164.hpc.itc.rwth-aachen.de",76,"76","uds",unix,64,4194304,10,50,43.356,16.121,24.079,23.9995,30.976,4.81811,4.8113
60,"n23m0164.hpc.itc.rwth-aachen.de",60,"60","uds",77,"n23m0164.hpc.itc.rwth-aachen.de",77,"77","uds",unix,64,4194304,10,50,41.967,19.658,24.2392,24.294,30.874,4.74746,4.74201
60,"n23m0164.hpc.itc.rwth-aachen.de",60,"60","uds",78,"n23m0164.hpc.itc.rwth-aachen.de",78,"78","uds",unix,64,4194304,10,50,39.839,19.808,23.8127,23.3135,35.812,4.82663,4.82512
60,"n23m0164.hpc.itc.rwth-aachen.de",60,"60","uds",79,"n23m0164.hpc.itc.rwth-aachen.de",79,"79","uds",unix,64,4194304,10,50,38.945,20.597,23.3605,23.119,35.946,4.81955,4.8249
60,"n23m0164.hpc.itc.rwth-aachen.de",60,"60","uds",80,"n23m0164.hpc.itc.rwth-aachen.de",80,"80","uds",unix,64,4194304,10,50,44.6,21.166,24.4692,24.1705,32.32,4.72567,4.73107
60,"n23m0164.hpc.itc.rwth-aachen.de",60,"60","uds",81,"n23m0164.hpc.itc.rwth-aachen.de",81,"81","uds",unix,64,4194304,10,50,41.915,20.723,24.1575,23.8405,34.902,4.7983,4.76331
60,"n23m0164.hpc.itc.rwth-aachen.de",60,"60","uds",82,"n23m0164.hpc.itc.rwth-aachen.de",82,"82","uds",unix,64,4194304,10,50,52.923,19.903,24.0885,23.636,39.203,4.80696,4.8068
60,"n23m0164.hpc.itc.rwth-aachen.de",60,"60","uds",83,"n23m0164.hpc.itc.rwth-aachen.de",83,"83","uds",unix,64,4194304,10,50,49.535,20.645,25.2765,24.9205,36.79,4.69399,4.69396
60,"n23m0164.hpc.itc.rwth-aachen.de",60,"60","uds",84,"n23m0164.hpc.itc.rwth-aachen.de",84,"84","uds",unix,64,4194304,10,50,59.133,15.649,23.535,23.276,44.62,5.11809,5.11768
60,"n23m0164.hpc.itc.rwth-aachen.de",60,"60","uds",85,"n23m0164.hpc.itc.rwth-aachen.de",85,"85","uds",unix,64,4194304,10,50,44.237,20.394,23.8615,23.6285,31.544,5.07262,5.0776
60,"n23m0164.hpc.itc.rwth-aachen.de",60,"60","uds",86,"n23m0164.hpc.itc.rwth-aachen.de",86,"86","uds",unix,64,4194304,10,50,48.142,20.359,23.5725,23.4215,31.709,5.01778,5.01508
60,"n23m0164.hpc.itc.rwth-aachen.de",60,"60","uds",87,"n23m0164.hpc.itc.rwth-aachen.de",87,"87","uds",unix,64,4194304,10,50,48.435,20.363,24.214,23.9355,32.331,5.13792,5.14889
60,"n23m0164.hpc.itc.rwth-aachen.de",60,"60","uds",88,"n23m0164.hpc.itc.rwth-aachen.de",88,"88","uds",unix,64,4194304,10,50,44.171,19.812,23.7041,23.5415,33.838,5.30718,5.30459
60,"n23m0164.hpc.itc.rwth-aachen.de",60,"60","uds",89,"n23m0164.hpc.itc.rwth-aachen.de",89,"89","uds",unix,64,4194304,10,50,42.177,17.359,23.9721,23.571,34.319,5.1988,5.18768
60,"n23m0164.hpc.itc.rwth-aachen.de",60,"60","uds",90,"n23m0164.hpc.itc.rwth-aachen.de",90,"90","uds",unix,64,4194304,10,50,49.556,19.906,23.1899,22.965,31.326,5.33211,5.33313
60,"n23m0164.hpc.itc.rwth-aachen.de",60,"60","uds",91,"n23m0164.hpc.itc.rwth-aachen.de",91,"91","uds",unix,64,4194304,10,50,44.992,19.39,23.2368,22.1915,51.196,5.24036,5.24167
60,"n23m0164.hpc.itc.rwth-aachen.de",60,"60","uds",92,"n23m0164.hpc.itc.rwth-aachen.de",92,"92","uds",unix,64,4194304,10,50,51.02,20.404,24.0509,23.3485,36.325,5.20281,5.20173
60,"n23m0164.hpc.itc.rwth-aachen.de",60,"60","uds",93,"n23m0164.hpc.itc.rwth-aachen.de",93,"93","uds",unix,64,4194304,10,50,42.554,18.296,22.7519,22.433,32.263,5.25484,5.26272
60,"n23m0164.hpc.itc.rwth-aachen.de",60,"60","uds",94,"n23m0164.hpc.itc.rwth-aachen.de",94,"94","uds",unix,64,4194304,10,50,1186.03,16.002,24.3884,23.161,55.199,5.21831,5.17956
60,"n23m0164.hpc.itc.rwth-aachen.de",60,"60","uds",95,"n23m0164.hpc.itc.rwth-aachen.de",95,"95","uds",unix,64,4194304,10,50,3890.15,16.988,25.0935,23.78,52.64,5.23219,5.23218
61,"n23m0164.hpc.itc.rwth-aachen.de",61,"61","uds",62,"n23m0164.hpc.itc.rwth-aachen.de",62,"62","uds",unix,64,4194304,10,50,111.16,22.552,26.5316,26.024,35.41,4.89741,4.89964
61,"n23m0164.hpc.itc.rwth-aachen.de",61,"61","uds",63,"n23m0164.hpc.itc.rwth-aachen.de",63,"63","uds",unix,64,4194304,10,50,62.965,21.275,31.1015,29.672,50.436,5.16598,5.14212
61,"n23m0164.hpc.itc.rwth-aachen.de",61,"61","uds",64,"n23m0164.hpc.itc.rwth-aachen.de",64,"64","uds",unix,64,4194304,10,50,52.526,21.008,25.5097,25.451,32.996,4.97746,5.03831
61,"n23m0164.hpc.itc.rwth-aachen.de",61,"61","uds",65,"n23m0164.hpc.itc.rwth-aachen.de",65,"65","uds",unix,64,4194304,10,50,55.309,24.216,28.8942,28.6505,38.823,4.64952,4.64056
61,"n23m0164.hpc.itc.rwth-aachen.de",61,"61","uds",66,"n23m0164.hpc.itc.rwth-aachen.de",66,"66","uds",unix,64,4194304,10,50,56.628,17.905,29.5739,29.7035,44.695,3.84981,3.88074
61,"n23m0164.hpc.itc.rwth-aachen.de",61,"61","uds",67,"n23m0164.hpc.itc.rwth-aachen.de",67,"67","uds",unix,64,4194304,10,50,69.553,22.885,35.0068,34.63,42.792,3.89839,3.89242
61,"n23m0164.hpc.itc.rwth-aachen.de",61,"61","uds",68,"n23m0164.hpc.itc.rwth-aachen.de",68,"68","uds",unix,64,4194304,10,50,86.461,17.167,34.8843,32.778,73.07,4.05457,3.99329
61,"n23m0164.hpc.itc.rwth-aachen.de",61,"61","uds",69,"n23m0164.hpc.itc.rwth-aachen.de",69,"69","uds",unix,64,4194304,10,50,62.712,18.064,32.1343,30.9025,59.362,5.03951,4.97574
61,"n23m0164.hpc.itc.rwth-aachen.de",61,"61","uds",70,"n23m0164.hpc.itc.rwth-aachen.de",70,"70","uds",unix,64,4194304,10,50,44.498,21.571,26.5362,26.3895,33.711,4.64883,4.58904
61,"n23m0164.hpc.itc.rwth-aachen.de",61,"61","uds",71,"n23m0164.hpc.itc.rwth-aachen.de",71,"71","uds",unix,64,4194304,10,50,58.303,31.252,35.0342,34.592,48.04,4.1284,4.14795
61,"n23m0164.hpc.itc.rwth-aachen.de",61,"61","uds",72,"n23m0164.hpc.itc.rwth-aachen.de",72,"72","uds",unix,64,4194304,10,50,54.256,17.899,26.5386,25.914,39.449,4.01587,4.01339
61,"n23m0164.hpc.itc.rwth-aachen.de",61,"61","uds",73,"n23m0164.hpc.itc.rwth-aachen.de",73,"73","uds",unix,64,4194304,10,50,55.728,20.909,26.0279,25.3425,39.195,3.9687,3.96841
61,"n23m0164.hpc.itc.rwth-aachen.de",61,"61","uds",74,"n23m0164.hpc.itc.rwth-aachen.de",74,"74","uds",unix,64,4194304,10,50,53.085,24.276,28.9328,28.5785,36.262,4.5639,4.5538
61,"n23m0164.hpc.itc.rwth-aachen.de",61,"61","uds",75,"n23m0164.hpc.itc.rwth-aachen.de",75,"75","uds",unix,64,4194304,10,50,44.509,20.206,23.9914,23.61,49.675,4.36428,4.44189
61,"n23m0164.hpc.itc.rwth-aachen.de",61,"61","uds",76,"n23m0164.hpc.itc.rwth-aachen.de",76,"76","uds",unix,64,4194304,10,50,44.113,20.93,26.2446,25.959,36.444,4.22998,4.23009
61,"n23m0164.hpc.itc.rwth-aachen.de",61,"61","uds",77,"n23m0164.hpc.itc.rwth-aachen.de",77,"77","uds",unix,64,4194304,10,50,49.319,19.852,26.3032,25.958,41.672,4.15445,4.1534
61,"n23m0164.hpc.itc.rwth-aachen.de",61,"61","uds",78,"n23m0164.hpc.itc.rwth-aachen.de",78,"78","uds",unix,64,4194304,10,50,54.946,20.549,26.4197,26.303,36.241,4.28069,4.2791
61,"n23m0164.hpc.itc.rwth-aachen.de",61,"61","uds",79,"n23m0164.hpc.itc.rwth-aachen.de",79,"79","uds",unix,64,4194304,10,50,48.38,21.475,25.9352,25.0995,41.769,4.24298,4.23787
61,"n23m0164.hpc.itc.rwth-aachen.de",61,"61","uds",80,"n23m0164.hpc.itc.rwth-aachen.de",80,"80","uds",unix,64,4194304,10,50,51.367,19.53,26.5055,26.5575,36.382,4.78161,4.73583
61,"n23m0164.hpc.itc.rwth-aachen.de",61,"61","uds",81,"n23m0164.hpc.itc.rwth-aachen.de",81,"81","uds",unix,64,4194304,10,50,41.175,20.563,23.2627,23.0895,28.492,4.48219,4.45792
61,"n23m0164.hpc.itc.rwth-aachen.de",61,"61","uds",82,"n23m0164.hpc.itc.rwth-aachen.de",82,"82","uds",unix,64,4194304,10,50,45.559,22.271,27.6301,27.34,38.308,4.02017,4.01935
61,"n23m0164.hpc.itc.rwth-aachen.de",61,"61","uds",83,"n23m0164.hpc.itc.rwth-aachen.de",83,"83","uds",unix,64,4194304,10,50,51.123,21.593,27.6662,27.043,41.789,4.65375,4.62436
61,"n23m0164.hpc.itc.rwth-aachen.de",61,"61","uds",84,"n23m0164.hpc.itc.rwth-aachen.de",84,"84","uds",unix,64,4194304,10,50,46.046,13.947,23.7198,23.388,43.545,4.7054,4.73234
61,"n23m0164.hpc.itc.rwth-aachen.de",61,"61","uds",85,"n23m0164.hpc.itc.rwth-aachen.de",85,"85","uds",unix,64,4194304,10,50,44.615,20.701,25.5257,25.446,34.683,4.37515,4.3702
61,"n23m0164.hpc.itc.rwth-aachen.de",61,"61","uds",86,"n23m0164.hpc.itc.rwth-aachen.de",86,"86","uds",unix,64,4194304,10,50,60.471,20.356,26.4778,26.2455,33.794,5.01896,4.93895
61,"n23m0164.hpc.itc.rwth-aachen.de",61,"61","uds",87,"n23m0164.hpc.itc.rwth-aachen.de",87,"87","uds",unix,64,4194304,10,50,43.645,18.635,22.9177,22.5415,30.621,4.9026,4.92321
61,"n23m0164.hpc.itc.rwth-aachen.de",61,"61","uds",88,"n23m0164.hpc.itc.rwth-aachen.de",88,"88","uds",unix,64,4194304,10,50,47.883,19.328,26.2643,25.6685,40.128,4.61863,4.61438
61,"n23m0164.hpc.itc.rwth-aachen.de",61,"61","uds",89,"n23m0164.hpc.itc.rwth-aachen.de",89,"89","uds",unix,64,4194304,10,50,44.851,19.962,25.4401,24.944,32.244,5.25161,5.19316
61,"n23m0164.hpc.itc.rwth-aachen.de",61,"61","uds",90,"n23m0164.hpc.itc.rwth-aachen.de",90,"90","uds",unix,64,4194304,10,50,38.265,20.448,22.6436,22.4445,29.602,5.05596,5.07702
61,"n23m0164.hpc.itc.rwth-aachen.de",61,"61","uds",91,"n23m0164.hpc.itc.rwth-aachen.de",91,"91","uds",unix,64,4194304,10,50,42.463,20.69,24.2824,24.5475,31.318,4.89768,4.90413
61,"n23m0164.hpc.itc.rwth-aachen.de",61,"61","uds",92,"n23m0164.hpc.itc.rwth-aachen.de",92,"92","uds",unix,64,4194304,10,50,43.914,20.881,25.2822,24.9635,30.398,4.5801,4.58155
61,"n23m0164.hpc.itc.rwth-aachen.de",61,"61","uds",93,"n23m0164.hpc.itc.rwth-aachen.de",93,"93","uds",unix,64,4194304,10,50,45.261,21.036,25.2393,25.1525,36.046,4.68518,4.68747
61,"n23m0164.hpc.itc.rwth-aachen.de",61,"61","uds",94,"n23m0164.hpc.itc.rwth-aachen.de",94,"94","uds",unix,64,4194304,10,50,46.755,20.949,25.3437,24.771,34.066,4.62032,4.62214
61,"n23m0164.hpc.itc.rwth-aachen.de",61,"61","uds",95,"n23m0164.hpc.itc.rwth-aachen.de",95,"95","uds",unix,64,4194304,10,50,54.002,21.144,25.2914,25.0655,33.374,5.18331,5.12455
62,"n23m0164.hpc.itc.rwth-aachen.de",62,"62","uds",63,"n23m0164.hpc.itc.rwth-aachen.de",63,"63","uds",unix,64,4194304,10,50,102.701,23.052,26.5892,26.4975,34.539,4.52053,4.5737
62,"n23m0164.hpc.itc.rwth-aachen.de",62,"62","uds",64,"n23m0164.hpc.itc.rwth-aachen.de",64,"64","uds",unix,64,4194304,10,50,51.582,22.159,28.0082,27.4525,41.98,4.60272,4.59532
62,"n23m0164.hpc.itc.rwth-aachen.de",62,"62","uds",65,"n23m0164.hpc.itc.rwth-aachen.de",65,"65","uds",unix,64,4194304,10,50,54.473,21.452,29.2486,29.0905,42.214,3.67064,3.73942
62,"n23m0164.hpc.itc.rwth-aachen.de",62,"62","uds",66,"n23m0164.hpc.itc.rwth-aachen.de",66,"66","uds",unix,64,4194304,10,50,55.732,25.068,31.9884,31.4115,38.508,3.92697,3.9128
62,"n23m0164.hpc.itc.rwth-aachen.de",62,"62","uds",67,"n23m0164.hpc.itc.rwth-aachen.de",67,"67","uds",unix,64,4194304,10,50,58.329,24.289,31.0439,30.439,40.591,4.30325,4.24411
62,"n23m0164.hpc.itc.rwth-aachen.de",62,"62","uds",68,"n23m0164.hpc.itc.rwth-aachen.de",68,"68","uds",unix,64,4194304,10,50,53.997,21.987,30.3555,30.2555,38.597,3.43828,3.46437
62,"n23m0164.hpc.itc.rwth-aachen.de",62,"62","uds",69,"n23m0164.hpc.itc.rwth-aachen.de",69,"69","uds",unix,64,4194304,10,50,56.976,24.683,32.4021,31.9305,43.371,3.47153,3.47707
62,"n23m0164.hpc.itc.rwth-aachen.de",62,"62","uds",70,"n23m0164.hpc.itc.rwth-aachen.de",70,"70","uds",unix,64,4194304,10,50,59.677,27.235,32.7335,32.544,41.498,3.78702,3.76138
62,"n23m0164.hpc.itc.rwth-aachen.de",62,"62","uds",71,"n23m0164.hpc.itc.rwth-aachen.de",71,"71","uds",unix,64,4194304,10,50,55.984,22.767,33.5094,32.822,49.214,2.97459,2.99801
62,"n23m0164.hpc.itc.rwth-aachen.de",62,"62","uds",72,"n23m0164.hpc.itc.rwth-aachen.de",72,"72","uds",unix,64,4194304,10,50,57.775,25.138,30.9677,30.5395,40.005,2.84903,2.84461
62,"n23m0164.hpc.itc.rwth-aachen.de",62,"62","uds",73,"n23m0164.hpc.itc.rwth-aachen.de",73,"73","uds",unix,64,4194304,10,50,62.393,26.108,31.9079,31.0955,44.422,2.83284,2.83354
62,"n23m0164.hpc.itc.rwth-aachen.de",62,"62","uds",74,"n23m0164.hpc.itc.rwth-aachen.de",74,"74","uds",unix,64,4194304,10,50,64.123,25.334,33.4213,32.664,45.616,4.15308,4.04344
62,"n23m0164.hpc.itc.rwth-aachen.de",62,"62","uds",75,"n23m0164.hpc.itc.rwth-aachen.de",75,"75","uds",unix,64,4194304,10,50,45.696,19.178,23.914,23.6405,30.076,3.92476,3.8285
62,"n23m0164.hpc.itc.rwth-aachen.de",62,"62","uds",76,"n23m0164.hpc.itc.rwth-aachen.de",76,"76","uds",unix,64,4194304,10,50,61.833,25.876,32.5668,32.4575,41.125,2.85573,2.85433
62,"n23m0164.hpc.itc.rwth-aachen.de",62,"62","uds",77,"n23m0164.hpc.itc.rwth-aachen.de",77,"77","uds",unix,64,4194304,10,50,63.658,25.378,32.7199,32.746,44.238,2.7631,2.76611
62,"n23m0164.hpc.itc.rwth-aachen.de",62,"62","uds",78,"n23m0164.hpc.itc.rwth-aachen.de",78,"78","uds",unix,64,4194304,10,50,61.673,22.541,31.6837,31.383,41.564,2.87067,2.87219
62,"n23m0164.hpc.itc.rwth-aachen.de",62,"62","uds",79,"n23m0164.hpc.itc.rwth-aachen.de",79,"79","uds",unix,64,4194304,10,50,62.284,22.617,31.177,30.8205,44.755,2.86575,2.86397
62,"n23m0164.hpc.itc.rwth-aachen.de",62,"62","uds",80,"n23m0164.hpc.itc.rwth-aachen.de",80,"80","uds",unix,64,4194304,10,50,80.722,25.526,33.1159,33.286,48.941,4.15573,4.06714
62,"n23m0164.hpc.itc.rwth-aachen.de",62,"62","uds",81,"n23m0164.hpc.itc.rwth-aachen.de",81,"81","uds",unix,64,4194304,10,50,41.033,19.165,24.0921,23.7995,34.243,3.95583,3.83959
62,"n23m0164.hpc.itc.rwth-aachen.de",62,"62","uds",82,"n23m0164.hpc.itc.rwth-aachen.de",82,"82","uds",unix,64,4194304,10,50,61.789,25.865,32.255,31.377,46.994,2.86563,2.86241
62,"n23m0164.hpc.itc.rwth-aachen.de",62,"62","uds",83,"n23m0164.hpc.itc.rwth-aachen.de",83,"83","uds",unix,64,4194304,10,50,63.872,25.12,32.5301,31.8775,42.96,4.13831,4.0667
62,"n23m0164.hpc.itc.rwth-aachen.de",62,"62","uds",84,"n23m0164.hpc.itc.rwth-aachen.de",84,"84","uds",unix,64,4194304,10,50,46.226,20.285,23.2044,22.6655,31.308,4.10894,4.02481
62,"n23m0164.hpc.itc.rwth-aachen.de",62,"62","uds",85,"n23m0164.hpc.itc.rwth-aachen.de",85,"85","uds",unix,64,4194304,10,50,58.4,23.813,32.5366,32.6395,39.573,3.20751,3.29449
62,"n23m0164.hpc.itc.rwth-aachen.de",62,"62","uds",86,"n23m0164.hpc.itc.rwth-aachen.de",86,"86","uds",unix,64,4194304,10,50,55.478,22.935,29.7145,29.2375,36.357,4.54369,4.46521
62,"n23m0164.hpc.itc.rwth-aachen.de",62,"62","uds",87,"n23m0164.hpc.itc.rwth-aachen.de",87,"87","uds",unix,64,4194304,10,50,42.045,19.635,22.944,22.6725,31.237,4.48772,4.40443
62,"n23m0164.hpc.itc.rwth-aachen.de",62,"62","uds",88,"n23m0164.hpc.itc.rwth-aachen.de",88,"88","uds",unix,64,4194304,10,50,52.79,26.469,30.645,29.922,36.854,3.22146,3.21996
62,"n23m0164.hpc.itc.rwth-aachen.de",62,"62","uds",89,"n23m0164.hpc.itc.rwth-aachen.de",89,"89","uds",unix,64,4194304,10,50,57.976,23.483,29.9027,29.5115,38.5,4.38601,4.37823
62,"n23m0164.hpc.itc.rwth-aachen.de",62,"62","uds",90,"n23m0164.hpc.itc.rwth-aachen.de",90,"90","uds",unix,64,4194304,10,50,44.854,20.362,23.1772,23.077,28.664,4.4459,4.36337
62,"n23m0164.hpc.itc.rwth-aachen.de",62,"62","uds",91,"n23m0164.hpc.itc.rwth-aachen.de",91,"91","uds",unix,64,4194304,10,50,60.885,23.986,30.9917,29.8955,44.477,3.0159,3.00915
62,"n23m0164.hpc.itc.rwth-aachen.de",62,"62","uds",92,"n23m0164.hpc.itc.rwth-aachen.de",92,"92","uds",unix,64,4194304,10,50,67.416,25.391,33.9851,33.126,44.383,2.86497,2.86598
62,"n23m0164.hpc.itc.rwth-aachen.de",62,"62","uds",93,"n23m0164.hpc.itc.rwth-aachen.de",93,"93","uds",unix,64,4194304,10,50,63.712,26.687,33.0333,32.5685,43.06,2.94993,2.94905
62,"n23m0164.hpc.itc.rwth-aachen.de",62,"62","uds",94,"n23m0164.hpc.itc.rwth-aachen.de",94,"94","uds",unix,64,4194304,10,50,75.256,23.548,33.2073,32.606,47.59,2.89886,2.88998
62,"n23m0164.hpc.itc.rwth-aachen.de",62,"62","uds",95,"n23m0164.hpc.itc.rwth-aachen.de",95,"95","uds",unix,64,4194304,10,50,70.461,24.609,32.6142,31.692,51.215,4.28344,4.15384
63,"n23m0164.hpc.itc.rwth-aachen.de",63,"63","uds",64,"n23m0164.hpc.itc.rwth-aachen.de",64,"64","uds",unix,64,4194304,10,50,115.98,20.951,27.7398,27.312,44.837,4.88747,4.88287
63,"n23m0164.hpc.itc.rwth-aachen.de",63,"63","uds",65,"n23m0164.hpc.itc.rwth-aachen.de",65,"65","uds",unix,64,4194304,10,50,51.217,22.223,27.331,27.32,31.434,4.22125,4.24066
63,"n23m0164.hpc.itc.rwth-aachen.de",63,"63","uds",66,"n23m0164.hpc.itc.rwth-aachen.de",66,"66","uds",unix,64,4194304,10,50,61.332,21.859,29.2883,29.0885,45.823,4.8236,4.8142
63,"n23m0164.hpc.itc.rwth-aachen.de",63,"63","uds",67,"n23m0164.hpc.itc.rwth-aachen.de",67,"67","uds",unix,64,4194304,10,50,47.392,20.688,27.2718,26.959,44.075,5.31414,5.24534
63,"n23m0164.hpc.itc.rwth-aachen.de",63,"63","uds",68,"n23m0164.hpc.itc.rwth-aachen.de",68,"68","uds",unix,64,4194304,10,50,47.421,22.204,27.4134,27.617,34.628,4.21061,4.22916
63,"n23m0164.hpc.itc.rwth-aachen.de",63,"63","uds",69,"n23m0164.hpc.itc.rwth-aachen.de",69,"69","uds",unix,64,4194304,10,50,55.313,23.057,29.4155,28.984,45.81,3.97264,3.97015
63,"n23m0164.hpc.itc.rwth-aachen.de",63,"63","uds",70,"n23m0164.hpc.itc.rwth-aachen.de",70,"70","uds",unix,64,4194304,10,50,59.599,21.031,30.9075,30.5545,46.049,4.79486,4.76965
63,"n23m0164.hpc.itc.rwth-aachen.de",63,"63","uds",71,"n23m0164.hpc.itc.rwth-aachen.de",71,"71","uds",unix,64,4194304,10,50,48.908,23.222,27.0929,27.192,34.653,4.49701,4.52516
63,"n23m0164.hpc.itc.rwth-aachen.de",63,"63","uds",72,"n23m0164.hpc.itc.rwth-aachen.de",72,"72","uds",unix,64,4194304,10,50,48.108,19.872,25.0094,24.779,40.193,4.62815,4.62681
63,"n23m0164.hpc.itc.rwth-aachen.de",63,"63","uds",73,"n23m0164.hpc.itc.rwth-aachen.de",73,"73","uds",unix,64,4194304,10,50,42.518,20.557,24.3207,24.2965,30.797,4.80148,4.81
63,"n23m0164.hpc.itc.rwth-aachen.de",63,"63","uds",74,"n23m0164.hpc.itc.rwth-aachen.de",74,"74","uds",unix,64,4194304,10,50,43.611,19.598,24.2831,23.8815,33.429,4.69438,4.68619
63,"n23m0164.hpc.itc.rwth-aachen.de",63,"63","uds",75,"n23m0164.hpc.itc.rwth-aachen.de",75,"75","uds",unix,64,4194304,10,50,47.855,19.68,24.4134,24.051,32.36,4.80191,4.79811
63,"n23m0164.hpc.itc.rwth-aachen.de",63,"63","uds",76,"n23m0164.hpc.itc.rwth-aachen.de",76,"76","uds",unix,64,4194304,10,50,43.811,20.166,23.5272,23.1905,32.536,4.7916,4.78732
63,"n23m0164.hpc.itc.rwth-aachen.de",63,"63","uds",77,"n23m0164.hpc.itc.rwth-aachen.de",77,"77","uds",unix,64,4194304,10,50,40.175,19.505,24.008,23.634,31.999,4.7231,4.71617
63,"n23m0164.hpc.itc.rwth-aachen.de",63,"63","uds",78,"n23m0164.hpc.itc.rwth-aachen.de",78,"78","uds",unix,64,4194304,10,50,43.295,17.802,24.0193,23.6685,37.578,4.80216,4.81787
63,"n23m0164.hpc.itc.rwth-aachen.de",63,"63","uds",79,"n23m0164.hpc.itc.rwth-aachen.de",79,"79","uds",unix,64,4194304,10,50,41.33,20.917,24.2507,24.041,31.754,4.80506,4.8072
63,"n23m0164.hpc.itc.rwth-aachen.de",63,"63","uds",80,"n23m0164.hpc.itc.rwth-aachen.de",80,"80","uds",unix,64,4194304,10,50,46.051,19.242,23.8442,23.2705,41.755,4.73187,4.73587
63,"n23m0164.hpc.itc.rwth-aachen.de",63,"63","uds",81,"n23m0164.hpc.itc.rwth-aachen.de",81,"81","uds",unix,64,4194304,10,50,44.926,20.609,23.844,23.6225,32.193,4.78889,4.78391
63,"n23m0164.hpc.itc.rwth-aachen.de",63,"63","uds",82,"n23m0164.hpc.itc.rwth-aachen.de",82,"82","uds",unix,64,4194304,10,50,42.451,19.612,23.8111,23.723,30.305,4.79852,4.79413
63,"n23m0164.hpc.itc.rwth-aachen.de",63,"63","uds",83,"n23m0164.hpc.itc.rwth-aachen.de",83,"83","uds",unix,64,4194304,10,50,48.893,21.501,24.6951,24.3955,31.311,4.6959,4.69987
63,"n23m0164.hpc.itc.rwth-aachen.de",63,"63","uds",84,"n23m0164.hpc.itc.rwth-aachen.de",84,"84","uds",unix,64,4194304,10,50,42.993,19.095,23.2398,22.857,42.314,5.22933,5.22479
63,"n23m0164.hpc.itc.rwth-aachen.de",63,"63","uds",85,"n23m0164.hpc.itc.rwth-aachen.de",85,"85","uds",unix,64,4194304,10,50,40.345,20.294,23.7315,23.2515,30.171,5.22412,5.23136
63,"n23m0164.hpc.itc.rwth-aachen.de",63,"63","uds",86,"n23m0164.hpc.itc.rwth-aachen.de",86,"86","uds",unix,64,4194304,10,50,43.582,19.306,23.1889,23.058,29.384,5.27944,5.28357
63,"n23m0164.hpc.itc.rwth-aachen.de",63,"63","uds",87,"n23m0164.hpc.itc.rwth-aachen.de",87,"87","uds",unix,64,4194304,10,50,41.746,18.935,23.1652,23.2395,27.691,5.26415,5.25516
63,"n23m0164.hpc.itc.rwth-aachen.de",63,"63","uds",88,"n23m0164.hpc.itc.rwth-aachen.de",88,"88","uds",unix,64,4194304,10,50,42.913,14.53,23.0566,22.5405,45.267,5.25399,5.25123
63,"n23m0164.hpc.itc.rwth-aachen.de",63,"63","uds",89,"n23m0164.hpc.itc.rwth-aachen.de",89,"89","uds",unix,64,4194304,10,50,37.555,14.237,22.656,22.398,37.851,5.24652,5.23828
63,"n23m0164.hpc.itc.rwth-aachen.de",63,"63","uds",90,"n23m0164.hpc.itc.rwth-aachen.de",90,"90","uds",unix,64,4194304,10,50,41.336,19.04,22.7649,22.6335,30.203,5.33495,5.32796
63,"n23m0164.hpc.itc.rwth-aachen.de",63,"63","uds",91,"n23m0164.hpc.itc.rwth-aachen.de",91,"91","uds",unix,64,4194304,10,50,41.951,19.81,23.0566,23.088,29.878,5.34472,5.33519
63,"n23m0164.hpc.itc.rwth-aachen.de",63,"63","uds",92,"n23m0164.hpc.itc.rwth-aachen.de",92,"92","uds",unix,64,4194304,10,50,41.521,20.313,23.727,23.4075,31.768,5.17898,5.18269
63,"n23m0164.hpc.itc.rwth-aachen.de",63,"63","uds",93,"n23m0164.hpc.itc.rwth-aachen.de",93,"93","uds",unix,64,4194304,10,50,41.423,18.091,23.0866,22.851,28.877,5.2825,5.28516
63,"n23m0164.hpc.itc.rwth-aachen.de",63,"63","uds",94,"n23m0164.hpc.itc.rwth-aachen.de",94,"94","uds",unix,64,4194304,10,50,43.287,21.546,24.0298,23.9715,31.869,5.21637,5.21903
63,"n23m0164.hpc.itc.rwth-aachen.de",63,"63","uds",95,"n23m0164.hpc.itc.rwth-aachen.de",95,"95","uds",unix,64,4194304,10,50,38.061,20.319,23.4161,22.9995,28.508,5.20976,5.20519
64,"n23m0164.hpc.itc.rwth-aachen.de",64,"64","uds",65,"n23m0164.hpc.itc.rwth-aachen.de",65,"65","uds",unix,64,4194304,10,50,103.663,21.981,25.361,24.7415,32.443,4.84475,4.93319
64,"n23m0164.hpc.itc.rwth-aachen.de",64,"64","uds",66,"n23m0164.hpc.itc.rwth-aachen.de",66,"66","uds",unix,64,4194304,10,50,58.683,22.76,29.4213,28.4725,53.664,3.79494,3.87993
64,"n23m0164.hpc.itc.rwth-aachen.de",64,"64","uds",67,"n23m0164.hpc.itc.rwth-aachen.de",67,"67","uds",unix,64,4194304,10,50,60.76,23.996,33.2097,33.595,44.331,3.33298,3.33494
64,"n23m0164.hpc.itc.rwth-aachen.de",64,"64","uds",68,"n23m0164.hpc.itc.rwth-aachen.de",68,"68","uds",unix,64,4194304,10,50,63.614,27.579,37.7215,36.846,57.585,3.92241,3.91421
64,"n23m0164.hpc.itc.rwth-aachen.de",64,"64","uds",69,"n23m0164.hpc.itc.rwth-aachen.de",69,"69","uds",unix,64,4194304,10,50,61.54,19.504,29.5938,29.968,39.267,5.13982,5.07127
64,"n23m0164.hpc.itc.rwth-aachen.de",64,"64","uds",70,"n23m0164.hpc.itc.rwth-aachen.de",70,"70","uds",unix,64,4194304,10,50,54.593,23.294,27.086,27.1485,33.768,4.66565,4.69068
64,"n23m0164.hpc.itc.rwth-aachen.de",64,"64","uds",71,"n23m0164.hpc.itc.rwth-aachen.de",71,"71","uds",unix,64,4194304,10,50,52.781,24.084,29.8593,29.524,46.374,4.33131,4.32562
64,"n23m0164.hpc.itc.rwth-aachen.de",64,"64","uds",72,"n23m0164.hpc.itc.rwth-aachen.de",72,"72","uds",unix,64,4194304,10,50,47.774,18.914,25.3888,25.4045,38.395,2.91794,3.0611
64,"n23m0164.hpc.itc.rwth-aachen.de",64,"64","uds",73,"n23m0164.hpc.itc.rwth-aachen.de",73,"73","uds",unix,64,4194304,10,50,59.514,26.096,32.0297,31.2585,50.693,2.89181,2.88921
64,"n23m0164.hpc.itc.rwth-aachen.de",64,"64","uds",74,"n23m0164.hpc.itc.rwth-aachen.de",74,"74","uds",unix,64,4194304,10,50,76.584,19.552,33.448,32.894,47.978,4.1947,4.13259
64,"n23m0164.hpc.itc.rwth-aachen.de",64,"64","uds",75,"n23m0164.hpc.itc.rwth-aachen.de",75,"75","uds",unix,64,4194304,10,50,46.31,18.068,24.0172,23.7485,40.323,3.9857,3.92582
64,"n23m0164.hpc.itc.rwth-aachen.de",64,"64","uds",76,"n23m0164.hpc.itc.rwth-aachen.de",76,"76","uds",unix,64,4194304,10,50,59.574,25.24,33.0671,32.6845,40.134,2.91236,2.91502
64,"n23m0164.hpc.itc.rwth-aachen.de",64,"64","uds",77,"n23m0164.hpc.itc.rwth-aachen.de",77,"77","uds",unix,64,4194304,10,50,59.614,26.728,32.5571,32.5805,49.659,3.3554,3.27254
64,"n23m0164.hpc.itc.rwth-aachen.de",64,"64","uds",78,"n23m0164.hpc.itc.rwth-aachen.de",78,"78","uds",unix,64,4194304,10,50,50.706,25.819,29.4483,28.4715,41.084,2.93241,2.95645
64,"n23m0164.hpc.itc.rwth-aachen.de",64,"64","uds",79,"n23m0164.hpc.itc.rwth-aachen.de",79,"79","uds",unix,64,4194304,10,50,60.926,26.15,33.0785,32.3535,44.996,2.914,2.91528
64,"n23m0164.hpc.itc.rwth-aachen.de",64,"64","uds",80,"n23m0164.hpc.itc.rwth-aachen.de",80,"80","uds",unix,64,4194304,10,50,58.844,23.543,32.2475,32.1295,39.027,4.19483,4.11475
64,"n23m0164.hpc.itc.rwth-aachen.de",64,"64","uds",81,"n23m0164.hpc.itc.rwth-aachen.de",81,"81","uds",unix,64,4194304,10,50,44.155,19.253,23.397,23.085,32.254,4.0889,4.00051
64,"n23m0164.hpc.itc.rwth-aachen.de",64,"64","uds",82,"n23m0164.hpc.itc.rwth-aachen.de",82,"82","uds",unix,64,4194304,10,50,58.103,25.455,31.9617,31.716,48.528,2.91129,2.91014
64,"n23m0164.hpc.itc.rwth-aachen.de",64,"64","uds",83,"n23m0164.hpc.itc.rwth-aachen.de",83,"83","uds",unix,64,4194304,10,50,61.66,25.627,32.8085,32.2775,41.108,4.23745,4.16112
64,"n23m0164.hpc.itc.rwth-aachen.de",64,"64","uds",84,"n23m0164.hpc.itc.rwth-aachen.de",84,"84","uds",unix,64,4194304,10,50,50.229,20.034,23.1099,22.69,31.257,4.32858,4.29165
64,"n23m0164.hpc.itc.rwth-aachen.de",64,"64","uds",85,"n23m0164.hpc.itc.rwth-aachen.de",85,"85","uds",unix,64,4194304,10,50,77.199,26.201,30.8423,30.5065,40.155,3.08959,3.09265
64,"n23m0164.hpc.itc.rwth-aachen.de",64,"64","uds",86,"n23m0164.hpc.itc.rwth-aachen.de",86,"86","uds",unix,64,4194304,10,50,60.63,26.82,32.0343,31.6255,43.256,4.47988,4.37105
64,"n23m0164.hpc.itc.rwth-aachen.de",64,"64","uds",87,"n23m0164.hpc.itc.rwth-aachen.de",87,"87","uds",unix,64,4194304,10,50,38.655,20.365,23.4454,23.3535,30.091,4.88235,4.84521
64,"n23m0164.hpc.itc.rwth-aachen.de",64,"64","uds",88,"n23m0164.hpc.itc.rwth-aachen.de",88,"88","uds",unix,64,4194304,10,50,44.385,15.71,25.2404,24.9875,42.546,3.87583,3.96755
64,"n23m0164.hpc.itc.rwth-aachen.de",64,"64","uds",89,"n23m0164.hpc.itc.rwth-aachen.de",89,"89","uds",unix,64,4194304,10,50,45.378,24.274,27.2332,26.9515,31.949,4.84967,4.80825
64,"n23m0164.hpc.itc.rwth-aachen.de",64,"64","uds",90,"n23m0164.hpc.itc.rwth-aachen.de",90,"90","uds",unix,64,4194304,10,50,40.477,19.7,22.1191,21.783,33.306,4.89675,4.8408
64,"n23m0164.hpc.itc.rwth-aachen.de",64,"64","uds",91,"n23m0164.hpc.itc.rwth-aachen.de",91,"91","uds",unix,64,4194304,10,50,47.241,21.871,26.91,26.5615,43.295,3.17182,3.23892
64,"n23m0164.hpc.itc.rwth-aachen.de",64,"64","uds",92,"n23m0164.hpc.itc.rwth-aachen.de",92,"92","uds",unix,64,4194304,10,50,61.572,23.87,31.5827,31.1765,45.548,3.30006,3.21934
64,"n23m0164.hpc.itc.rwth-aachen.de",64,"64","uds",93,"n23m0164.hpc.itc.rwth-aachen.de",93,"93","uds",unix,64,4194304,10,50,55.809,20.481,29.6975,29.011,50.828,3.16689,3.18322
64,"n23m0164.hpc.itc.rwth-aachen.de",64,"64","uds",94,"n23m0164.hpc.itc.rwth-aachen.de",94,"94","uds",unix,64,4194304,10,50,63.296,24.579,32.0941,31.4965,43.777,3.60266,3.52624
64,"n23m0164.hpc.itc.rwth-aachen.de",64,"64","uds",95,"n23m0164.hpc.itc.rwth-aachen.de",95,"95","uds",unix,64,4194304,10,50,50.115,24.73,29.0817,28.4465,39.591,4.62943,4.59305
65,"n23m0164.hpc.itc.rwth-aachen.de",65,"65","uds",66,"n23m0164.hpc.itc.rwth-aachen.de",66,"66","uds",unix,64,4194304,10,50,114.734,19.626,25.4941,25.1865,36.335,4.78716,4.76492
65,"n23m0164.hpc.itc.rwth-aachen.de",65,"65","uds",67,"n23m0164.hpc.itc.rwth-aachen.de",67,"67","uds",unix,64,4194304,10,50,58.457,22.534,28.4157,27.6165,45.809,4.68482,4.67829
65,"n23m0164.hpc.itc.rwth-aachen.de",65,"65","uds",68,"n23m0164.hpc.itc.rwth-aachen.de",68,"68","uds",unix,64,4194304,10,50,51.475,23.82,28.9739,28.8835,38.045,3.69338,3.70975
65,"n23m0164.hpc.itc.rwth-aachen.de",65,"65","uds",69,"n23m0164.hpc.itc.rwth-aachen.de",69,"69","uds",unix,64,4194304,10,50,62.053,22.628,32.3493,31.4595,51.665,3.50662,3.48614
65,"n23m0164.hpc.itc.rwth-aachen.de",65,"65","uds",70,"n23m0164.hpc.itc.rwth-aachen.de",70,"70","uds",unix,64,4194304,10,50,59.607,26.175,32.8526,32.73,47.505,3.96283,3.96046
65,"n23m0164.hpc.itc.rwth-aachen.de",65,"65","uds",71,"n23m0164.hpc.itc.rwth-aachen.de",71,"71","uds",unix,64,4194304,10,50,71.196,24.407,31.5484,31.715,46.342,3.28899,3.26487
65,"n23m0164.hpc.itc.rwth-aachen.de",65,"65","uds",72,"n23m0164.hpc.itc.rwth-aachen.de",72,"72","uds",unix,64,4194304,10,50,61.732,20.559,29.9243,29.8825,42.526,2.8352,2.8176
65,"n23m0164.hpc.itc.rwth-aachen.de",65,"65","uds",73,"n23m0164.hpc.itc.rwth-aachen.de",73,"73","uds",unix,64,4194304,10,50,63.243,27.58,32.6926,32.498,49.043,2.82755,2.82603
65,"n23m0164.hpc.itc.rwth-aachen.de",65,"65","uds",74,"n23m0164.hpc.itc.rwth-aachen.de",74,"74","uds",unix,64,4194304,10,50,82.138,26.495,33.8647,33.536,46.563,4.1258,4.06679
65,"n23m0164.hpc.itc.rwth-aachen.de",65,"65","uds",75,"n23m0164.hpc.itc.rwth-aachen.de",75,"75","uds",unix,64,4194304,10,50,45.972,15.559,23.6445,23.2525,47.589,3.91924,3.79989
65,"n23m0164.hpc.itc.rwth-aachen.de",65,"65","uds",76,"n23m0164.hpc.itc.rwth-aachen.de",76,"76","uds",unix,64,4194304,10,50,60.107,25.792,33.246,32.665,51.023,2.8495,2.85078
65,"n23m0164.hpc.itc.rwth-aachen.de",65,"65","uds",77,"n23m0164.hpc.itc.rwth-aachen.de",77,"77","uds",unix,64,4194304,10,50,59.937,24.701,32.415,31.765,46.893,2.80052,2.90378
65,"n23m0164.hpc.itc.rwth-aachen.de",65,"65","uds",78,"n23m0164.hpc.itc.rwth-aachen.de",78,"78","uds",unix,64,4194304,10,50,53.278,24.566,29.9497,29.665,37.876,2.87509,2.87405
65,"n23m0164.hpc.itc.rwth-aachen.de",65,"65","uds",79,"n23m0164.hpc.itc.rwth-aachen.de",79,"79","uds",unix,64,4194304,10,50,61.649,21.021,32.932,32.513,51.148,2.84705,2.84357
65,"n23m0164.hpc.itc.rwth-aachen.de",65,"65","uds",80,"n23m0164.hpc.itc.rwth-aachen.de",80,"80","uds",unix,64,4194304,10,50,61.762,26.615,32.696,32.2275,45.091,4.13552,4.05306
65,"n23m0164.hpc.itc.rwth-aachen.de",65,"65","uds",81,"n23m0164.hpc.itc.rwth-aachen.de",81,"81","uds",unix,64,4194304,10,50,38.52,21.444,24.0758,24.134,29.3,3.94131,3.85674
65,"n23m0164.hpc.itc.rwth-aachen.de",65,"65","uds",82,"n23m0164.hpc.itc.rwth-aachen.de",82,"82","uds",unix,64,4194304,10,50,57.117,23.207,32.9525,31.849,58.494,2.85508,2.85362
65,"n23m0164.hpc.itc.rwth-aachen.de",65,"65","uds",83,"n23m0164.hpc.itc.rwth-aachen.de",83,"83","uds",unix,64,4194304,10,50,59.281,24.421,32.1407,32.2825,41.311,4.10694,4.05184
65,"n23m0164.hpc.itc.rwth-aachen.de",65,"65","uds",84,"n23m0164.hpc.itc.rwth-aachen.de",84,"84","uds",unix,64,4194304,10,50,50.761,19.066,23.0353,22.8665,32.98,4.21918,4.16188
65,"n23m0164.hpc.itc.rwth-aachen.de",65,"65","uds",85,"n23m0164.hpc.itc.rwth-aachen.de",85,"85","uds",unix,64,4194304,10,50,59.44,23.728,32.5599,32.0425,60.11,2.98809,2.98615
65,"n23m0164.hpc.itc.rwth-aachen.de",65,"65","uds",86,"n23m0164.hpc.itc.rwth-aachen.de",86,"86","uds",unix,64,4194304,10,50,67.065,24.657,32.3077,32.125,42.32,4.33144,4.27274
65,"n23m0164.hpc.itc.rwth-aachen.de",65,"65","uds",87,"n23m0164.hpc.itc.rwth-aachen.de",87,"87","uds",unix,64,4194304,10,50,47.471,18.935,23.5328,23.582,30.788,4.0697,4.04259
65,"n23m0164.hpc.itc.rwth-aachen.de",65,"65","uds",88,"n23m0164.hpc.itc.rwth-aachen.de",88,"88","uds",unix,64,4194304,10,50,65.843,27.229,32.4986,32.0855,41.011,2.86917,2.86851
65,"n23m0164.hpc.itc.rwth-aachen.de",65,"65","uds",89,"n23m0164.hpc.itc.rwth-aachen.de",89,"89","uds",unix,64,4194304,10,50,67.206,23.527,31.1317,30.9825,45.533,4.26553,4.22796
65,"n23m0164.hpc.itc.rwth-aachen.de",65,"65","uds",90,"n23m0164.hpc.itc.rwth-aachen.de",90,"90","uds",unix,64,4194304,10,50,41.315,19.819,23.097,23.085,31.51,4.21304,4.15995
65,"n23m0164.hpc.itc.rwth-aachen.de",65,"65","uds",91,"n23m0164.hpc.itc.rwth-aachen.de",91,"91","uds",unix,64,4194304,10,50,57.989,26.555,31.171,30.8215,47.188,3.03399,3.03122
65,"n23m0164.hpc.itc.rwth-aachen.de",65,"65","uds",92,"n23m0164.hpc.itc.rwth-aachen.de",92,"92","uds",unix,64,4194304,10,50,64.613,27.115,32.8187,32.266,44.728,2.87881,2.88129
65,"n23m0164.hpc.itc.rwth-aachen.de",65,"65","uds",93,"n23m0164.hpc.itc.rwth-aachen.de",93,"93","uds",unix,64,4194304,10,50,59.059,19.678,30.9739,30.8905,38.402,3.02173,3.01932
65,"n23m0164.hpc.itc.rwth-aachen.de",65,"65","uds",94,"n23m0164.hpc.itc.rwth-aachen.de",94,"94","uds",unix,64,4194304,10,50,64.613,20.623,32.0438,31.9995,38.678,3.22139,3.1395
65,"n23m0164.hpc.itc.rwth-aachen.de",65,"65","uds",95,"n23m0164.hpc.itc.rwth-aachen.de",95,"95","uds",unix,64,4194304,10,50,57.708,24.028,30.2617,30.052,47.705,4.47468,4.37505
66,"n23m0164.hpc.itc.rwth-aachen.de",66,"66","uds",67,"n23m0164.hpc.itc.rwth-aachen.de",67,"67","uds",unix,64,4194304,10,50,108.46,18.286,25.9744,25.079,49.519,4.71819,4.68193
66,"n23m0164.hpc.itc.rwth-aachen.de",66,"66","uds",68,"n23m0164.hpc.itc.rwth-aachen.de",68,"68","uds",unix,64,4194304,10,50,62.427,24.609,33.8508,33.895,44.625,3.48373,3.46166
66,"n23m0164.hpc.itc.rwth-aachen.de",66,"66","uds",69,"n23m0164.hpc.itc.rwth-aachen.de",69,"69","uds",unix,64,4194304,10,50,67.144,17.109,34.4692,33.8275,65.34,4.70053,4.6472
66,"n23m0164.hpc.itc.rwth-aachen.de",66,"66","uds",70,"n23m0164.hpc.itc.rwth-aachen.de",70,"70","uds",unix,64,4194304,10,50,50.299,22.763,27.7548,26.9665,56.843,4.27974,4.22959
66,"n23m0164.hpc.itc.rwth-aachen.de",66,"66","uds",71,"n23m0164.hpc.itc.rwth-aachen.de",71,"71","uds",unix,64,4194304,10,50,67.468,20.54,36.9724,36.754,48.137,3.76618,3.80586
66,"n23m0164.hpc.itc.rwth-aachen.de",66,"66","uds",72,"n23m0164.hpc.itc.rwth-aachen.de",72,"72","uds",unix,64,4194304,10,50,60.77,22.552,28.7323,28.289,36.834,3.71048,3.71409
66,"n23m0164.hpc.itc.rwth-aachen.de",66,"66","uds",73,"n23m0164.hpc.itc.rwth-aachen.de",73,"73","uds",unix,64,4194304,10,50,52.862,23.116,28.7879,27.56,62.706,3.68011,3.68516
66,"n23m0164.hpc.itc.rwth-aachen.de",66,"66","uds",74,"n23m0164.hpc.itc.rwth-aachen.de",74,"74","uds",unix,64,4194304,10,50,54.554,17.704,28.695,28.202,59.319,4.48742,4.45976
66,"n23m0164.hpc.itc.rwth-aachen.de",66,"66","uds",75,"n23m0164.hpc.itc.rwth-aachen.de",75,"75","uds",unix,64,4194304,10,50,45.754,18.275,24.2955,23.8955,42.221,4.42338,4.43817
66,"n23m0164.hpc.itc.rwth-aachen.de",66,"66","uds",76,"n23m0164.hpc.itc.rwth-aachen.de",76,"76","uds",unix,64,4194304,10,50,45.718,21.037,25.1179,24.819,35.723,4.18965,4.19447
66,"n23m0164.hpc.itc.rwth-aachen.de",66,"66","uds",77,"n23m0164.hpc.itc.rwth-aachen.de",77,"77","uds",unix,64,4194304,10,50,46.597,20.409,26.0922,25.8095,32.617,4.10457,4.10684
66,"n23m0164.hpc.itc.rwth-aachen.de",66,"66","uds",78,"n23m0164.hpc.itc.rwth-aachen.de",78,"78","uds",unix,64,4194304,10,50,47.791,16.39,26.2822,25.4605,60.9,4.25821,4.24464
66,"n23m0164.hpc.itc.rwth-aachen.de",66,"66","uds",79,"n23m0164.hpc.itc.rwth-aachen.de",79,"79","uds",unix,64,4194304,10,50,45.01,21.253,25.6873,25.271,36.621,4.23431,4.23257
66,"n23m0164.hpc.itc.rwth-aachen.de",66,"66","uds",80,"n23m0164.hpc.itc.rwth-aachen.de",80,"80","uds",unix,64,4194304,10,50,71.736,16.228,25.6244,25.2465,35.977,4.78449,4.70771
66,"n23m0164.hpc.itc.rwth-aachen.de",66,"66","uds",81,"n23m0164.hpc.itc.rwth-aachen.de",81,"81","uds",unix,64,4194304,10,50,39.766,20.774,23.9474,23.681,33.566,4.33664,4.3545
66,"n23m0164.hpc.itc.rwth-aachen.de",66,"66","uds",82,"n23m0164.hpc.itc.rwth-aachen.de",82,"82","uds",unix,64,4194304,10,50,60.362,22.258,26.791,26.341,46.716,3.9671,3.96998
66,"n23m0164.hpc.itc.rwth-aachen.de",66,"66","uds",83,"n23m0164.hpc.itc.rwth-aachen.de",83,"83","uds",unix,64,4194304,10,50,46.32,24.648,27.7224,27.253,35.796,4.61606,4.59383
66,"n23m0164.hpc.itc.rwth-aachen.de",66,"66","uds",84,"n23m0164.hpc.itc.rwth-aachen.de",84,"84","uds",unix,64,4194304,10,50,50.578,20.004,23.1968,22.9595,30.607,4.92264,4.94864
66,"n23m0164.hpc.itc.rwth-aachen.de",66,"66","uds",85,"n23m0164.hpc.itc.rwth-aachen.de",85,"85","uds",unix,64,4194304,10,50,42.187,19.363,24.7053,24.2645,41.31,4.60311,4.60203
66,"n23m0164.hpc.itc.rwth-aachen.de",66,"66","uds",86,"n23m0164.hpc.itc.rwth-aachen.de",86,"86","uds",unix,64,4194304,10,50,50.625,16.642,26.2192,25.1185,48.719,5.0541,4.9754
66,"n23m0164.hpc.itc.rwth-aachen.de",66,"66","uds",87,"n23m0164.hpc.itc.rwth-aachen.de",87,"87","uds",unix,64,4194304,10,50,40.325,19.103,23.0674,22.803,28.226,4.89256,4.90132
66,"n23m0164.hpc.itc.rwth-aachen.de",66,"66","uds",88,"n23m0164.hpc.itc.rwth-aachen.de",88,"88","uds",unix,64,4194304,10,50,50.433,21.238,25.3383,24.687,39.701,4.53526,4.49272
66,"n23m0164.hpc.itc.rwth-aachen.de",66,"66","uds",89,"n23m0164.hpc.itc.rwth-aachen.de",89,"89","uds",unix,64,4194304,10,50,48.648,16.349,25.1609,25.172,37.935,5.0615,4.99668
66,"n23m0164.hpc.itc.rwth-aachen.de",66,"66","uds",90,"n23m0164.hpc.itc.rwth-aachen.de",90,"90","uds",unix,64,4194304,10,50,43.426,14.746,22.4002,21.8275,34.994,4.80749,4.84924
66,"n23m0164.hpc.itc.rwth-aachen.de",66,"66","uds",91,"n23m0164.hpc.itc.rwth-aachen.de",91,"91","uds",unix,64,4194304,10,50,41.81,20.914,25.6221,24.8385,44.228,4.63904,4.63684
66,"n23m0164.hpc.itc.rwth-aachen.de",66,"66","uds",92,"n23m0164.hpc.itc.rwth-aachen.de",92,"92","uds",unix,64,4194304,10,50,46.589,21.98,26.0535,25.7055,32.632,4.51745,4.5178
66,"n23m0164.hpc.itc.rwth-aachen.de",66,"66","uds",93,"n23m0164.hpc.itc.rwth-aachen.de",93,"93","uds",unix,64,4194304,10,50,48.883,20.942,25.5738,25.3425,33.001,4.68083,4.68957
66,"n23m0164.hpc.itc.rwth-aachen.de",66,"66","uds",94,"n23m0164.hpc.itc.rwth-aachen.de",94,"94","uds",unix,64,4194304,10,50,47.55,20.963,25.1799,25.241,33.508,4.62617,4.61872
66,"n23m0164.hpc.itc.rwth-aachen.de",66,"66","uds",95,"n23m0164.hpc.itc.rwth-aachen.de",95,"95","uds",unix,64,4194304,10,50,47.897,21.26,26.9484,25.5175,70.348,5.21347,5.12792
67,"n23m0164.hpc.itc.rwth-aachen.de",67,"67","uds",68,"n23m0164.hpc.itc.rwth-aachen.de",68,"68","uds",unix,64,4194304,10,50,98.632,21.319,25.6094,25.229,34.671,4.88446,4.8875
67,"n23m0164.hpc.itc.rwth-aachen.de",67,"67","uds",69,"n23m0164.hpc.itc.rwth-aachen.de",69,"69","uds",unix,64,4194304,10,50,53.281,21.937,29.3918,28.935,46.102,5.17915,5.20471
67,"n23m0164.hpc.itc.rwth-aachen.de",67,"67","uds",70,"n23m0164.hpc.itc.rwth-aachen.de",70,"70","uds",unix,64,4194304,10,50,52.045,21.355,25.199,24.4925,41.551,4.86063,4.92495
67,"n23m0164.hpc.itc.rwth-aachen.de",67,"67","uds",71,"n23m0164.hpc.itc.rwth-aachen.de",71,"71","uds",unix,64,4194304,10,50,51.752,23.935,28.5457,28.3815,36.726,4.57357,4.55522
67,"n23m0164.hpc.itc.rwth-aachen.de",67,"67","uds",72,"n23m0164.hpc.itc.rwth-aachen.de",72,"72","uds",unix,64,4194304,10,50,51.771,19.439,25.297,24.641,38.514,3.15618,3.27209
67,"n23m0164.hpc.itc.rwth-aachen.de",67,"67","uds",73,"n23m0164.hpc.itc.rwth-aachen.de",73,"73","uds",unix,64,4194304,10,50,66.653,25.209,32.9013,32.2275,52.129,2.86076,2.85971
67,"n23m0164.hpc.itc.rwth-aachen.de",67,"67","uds",74,"n23m0164.hpc.itc.rwth-aachen.de",74,"74","uds",unix,64,4194304,10,50,61.453,26.157,32.1969,32.2,41.882,4.16694,4.12179
67,"n23m0164.hpc.itc.rwth-aachen.de",67,"67","uds",75,"n23m0164.hpc.itc.rwth-aachen.de",75,"75","uds",unix,64,4194304,10,50,45.388,20.812,23.7067,23.2105,31.514,3.94081,3.88906
67,"n23m0164.hpc.itc.rwth-aachen.de",67,"67","uds",76,"n23m0164.hpc.itc.rwth-aachen.de",76,"76","uds",unix,64,4194304,10,50,62.536,25.804,31.8445,31.418,41.178,2.88332,2.88255
67,"n23m0164.hpc.itc.rwth-aachen.de",67,"67","uds",77,"n23m0164.hpc.itc.rwth-aachen.de",77,"77","uds",unix,64,4194304,10,50,58.178,24.847,32.6432,32.55,40.008,3.12465,3.12321
67,"n23m0164.hpc.itc.rwth-aachen.de",67,"67","uds",78,"n23m0164.hpc.itc.rwth-aachen.de",78,"78","uds",unix,64,4194304,10,50,54.983,21.614,29.739,29.225,42.095,2.92448,2.92071
67,"n23m0164.hpc.itc.rwth-aachen.de",67,"67","uds",79,"n23m0164.hpc.itc.rwth-aachen.de",79,"79","uds",unix,64,4194304,10,50,57.639,25.335,32.7646,32.554,47.8,2.89791,2.89636
67,"n23m0164.hpc.itc.rwth-aachen.de",67,"67","uds",80,"n23m0164.hpc.itc.rwth-aachen.de",80,"80","uds",unix,64,4194304,10,50,59.595,27.142,33.2619,32.6845,46.094,4.20015,4.11589
67,"n23m0164.hpc.itc.rwth-aachen.de",67,"67","uds",81,"n23m0164.hpc.itc.rwth-aachen.de",81,"81","uds",unix,64,4194304,10,50,37.65,20.516,23.8602,23.7505,28.238,4.04956,3.96352
67,"n23m0164.hpc.itc.rwth-aachen.de",67,"67","uds",82,"n23m0164.hpc.itc.rwth-aachen.de",82,"82","uds",unix,64,4194304,10,50,56.786,24.297,32.8654,32.332,41.61,2.89715,2.89544
67,"n23m0164.hpc.itc.rwth-aachen.de",67,"67","uds",83,"n23m0164.hpc.itc.rwth-aachen.de",83,"83","uds",unix,64,4194304,10,50,59.783,25.748,33.1534,32.421,53.137,4.19687,4.13905
67,"n23m0164.hpc.itc.rwth-aachen.de",67,"67","uds",84,"n23m0164.hpc.itc.rwth-aachen.de",84,"84","uds",unix,64,4194304,10,50,41.21,19.495,23.1631,22.962,31.456,4.33476,4.32989
67,"n23m0164.hpc.itc.rwth-aachen.de",67,"67","uds",85,"n23m0164.hpc.itc.rwth-aachen.de",85,"85","uds",unix,64,4194304,10,50,56.488,21.652,30.3914,30.053,45.538,3.07258,3.07477
67,"n23m0164.hpc.itc.rwth-aachen.de",67,"67","uds",86,"n23m0164.hpc.itc.rwth-aachen.de",86,"86","uds",unix,64,4194304,10,50,62.055,19.635,32.0461,31.6125,60.956,4.4996,4.41839
67,"n23m0164.hpc.itc.rwth-aachen.de",67,"67","uds",87,"n23m0164.hpc.itc.rwth-aachen.de",87,"87","uds",unix,64,4194304,10,50,41.21,20.597,23.7081,23.4905,28.631,4.29146,4.26783
67,"n23m0164.hpc.itc.rwth-aachen.de",67,"67","uds",88,"n23m0164.hpc.itc.rwth-aachen.de",88,"88","uds",unix,64,4194304,10,50,59.116,24.246,31.5355,30.854,50.048,3.2636,3.21546
67,"n23m0164.hpc.itc.rwth-aachen.de",67,"67","uds",89,"n23m0164.hpc.itc.rwth-aachen.de",89,"89","uds",unix,64,4194304,10,50,52.549,25.981,30.4818,30.5005,36.023,4.61303,4.54797
67,"n23m0164.hpc.itc.rwth-aachen.de",67,"67","uds",90,"n23m0164.hpc.itc.rwth-aachen.de",90,"90","uds",unix,64,4194304,10,50,42.608,20.189,23.5965,22.9575,36.766,4.87583,4.91327
67,"n23m0164.hpc.itc.rwth-aachen.de",67,"67","uds",91,"n23m0164.hpc.itc.rwth-aachen.de",91,"91","uds",unix,64,4194304,10,50,38.237,19.873,24.2322,23.839,42.006,3.90209,3.86959
67,"n23m0164.hpc.itc.rwth-aachen.de",67,"67","uds",92,"n23m0164.hpc.itc.rwth-aachen.de",92,"92","uds",unix,64,4194304,10,50,57.34,27.333,33.6489,32.61,47.424,2.91255,2.91345
67,"n23m0164.hpc.itc.rwth-aachen.de",67,"67","uds",93,"n23m0164.hpc.itc.rwth-aachen.de",93,"93","uds",unix,64,4194304,10,50,59.972,23.855,31.8339,31.405,45.217,3.14243,3.14318
67,"n23m0164.hpc.itc.rwth-aachen.de",67,"67","uds",94,"n23m0164.hpc.itc.rwth-aachen.de",94,"94","uds",unix,64,4194304,10,50,62.572,18.841,32.0682,31.4285,69.342,2.9977,3.01236
67,"n23m0164.hpc.itc.rwth-aachen.de",67,"67","uds",95,"n23m0164.hpc.itc.rwth-aachen.de",95,"95","uds",unix,64,4194304,10,50,55,22.971,31.2258,30.768,45.25,4.60305,4.51136
68,"n23m0164.hpc.itc.rwth-aachen.de",68,"68","uds",69,"n23m0164.hpc.itc.rwth-aachen.de",69,"69","uds",unix,64,4194304,10,50,104.898,23.334,27.7406,27.9575,35.267,4.34204,4.33753
68,"n23m0164.hpc.itc.rwth-aachen.de",68,"68","uds",70,"n23m0164.hpc.itc.rwth-aachen.de",70,"70","uds",unix,64,4194304,10,50,52.264,21.993,29.1807,28.1845,50.941,4.17151,4.15431
68,"n23m0164.hpc.itc.rwth-aachen.de",68,"68","uds",71,"n23m0164.hpc.itc.rwth-aachen.de",71,"71","uds",unix,64,4194304,10,50,58.69,22.492,30.8914,30.722,38.958,3.72795,3.73957
68,"n23m0164.hpc.itc.rwth-aachen.de",68,"68","uds",72,"n23m0164.hpc.itc.rwth-aachen.de",72,"72","uds",unix,64,4194304,10,50,54.165,20.736,26.0441,25.543,37.153,2.8366,3.00347
68,"n23m0164.hpc.itc.rwth-aachen.de",68,"68","uds",73,"n23m0164.hpc.itc.rwth-aachen.de",73,"73","uds",unix,64,4194304,10,50,63.06,26.851,32.2328,31.904,42.396,2.80216,2.80508
68,"n23m0164.hpc.itc.rwth-aachen.de",68,"68","uds",74,"n23m0164.hpc.itc.rwth-aachen.de",74,"74","uds",unix,64,4194304,10,50,66.82,25.362,32.7114,32.8085,40.993,4.1371,4.04029
68,"n23m0164.hpc.itc.rwth-aachen.de",68,"68","uds",75,"n23m0164.hpc.itc.rwth-aachen.de",75,"75","uds",unix,64,4194304,10,50,45.451,19.613,23.3255,23.408,32.104,3.87748,3.82258
68,"n23m0164.hpc.itc.rwth-aachen.de",68,"68","uds",76,"n23m0164.hpc.itc.rwth-aachen.de",76,"76","uds",unix,64,4194304,10,50,60.67,26.594,32.0998,31.503,42.414,2.82207,2.82251
68,"n23m0164.hpc.itc.rwth-aachen.de",68,"68","uds",77,"n23m0164.hpc.itc.rwth-aachen.de",77,"77","uds",unix,64,4194304,10,50,57.512,26.248,32.6844,31.8785,41.696,2.74524,2.74541
68,"n23m0164.hpc.itc.rwth-aachen.de",68,"68","uds",78,"n23m0164.hpc.itc.rwth-aachen.de",78,"78","uds",unix,64,4194304,10,50,60.488,25.655,33.021,32.519,44.77,2.83561,2.83869
68,"n23m0164.hpc.itc.rwth-aachen.de",68,"68","uds",79,"n23m0164.hpc.itc.rwth-aachen.de",79,"79","uds",unix,64,4194304,10,50,57.95,21.834,33.0616,32.6315,41.568,2.84038,2.84079
68,"n23m0164.hpc.itc.rwth-aachen.de",68,"68","uds",80,"n23m0164.hpc.itc.rwth-aachen.de",80,"80","uds",unix,64,4194304,10,50,59.334,27.119,33.4223,33.0845,58.437,4.10107,4.04518
68,"n23m0164.hpc.itc.rwth-aachen.de",68,"68","uds",81,"n23m0164.hpc.itc.rwth-aachen.de",81,"81","uds",unix,64,4194304,10,50,39.685,19.457,23.6119,23.2115,28.42,3.88399,3.77567
68,"n23m0164.hpc.itc.rwth-aachen.de",68,"68","uds",82,"n23m0164.hpc.itc.rwth-aachen.de",82,"82","uds",unix,64,4194304,10,50,57.09,24.998,32.2734,32.0035,44.204,2.82503,2.825
68,"n23m0164.hpc.itc.rwth-aachen.de",68,"68","uds",83,"n23m0164.hpc.itc.rwth-aachen.de",83,"83","uds",unix,64,4194304,10,50,60.273,24.503,33.6162,32.9755,49.812,4.09512,4.05517
68,"n23m0164.hpc.itc.rwth-aachen.de",68,"68","uds",84,"n23m0164.hpc.itc.rwth-aachen.de",84,"84","uds",unix,64,4194304,10,50,42.071,20.132,23.3794,23.0385,29.798,4.16355,4.1072
68,"n23m0164.hpc.itc.rwth-aachen.de",68,"68","uds",85,"n23m0164.hpc.itc.rwth-aachen.de",85,"85","uds",unix,64,4194304,10,50,58.307,26.155,31.5873,31.1285,40.284,2.93982,2.93984
68,"n23m0164.hpc.itc.rwth-aachen.de",68,"68","uds",86,"n23m0164.hpc.itc.rwth-aachen.de",86,"86","uds",unix,64,4194304,10,50,60.093,27.013,31.715,31.5815,42.264,4.38874,4.25707
68,"n23m0164.hpc.itc.rwth-aachen.de",68,"68","uds",87,"n23m0164.hpc.itc.rwth-aachen.de",87,"87","uds",unix,64,4194304,10,50,43.541,19.936,23.3558,22.7255,32.203,4.18784,4.14
68,"n23m0164.hpc.itc.rwth-aachen.de",68,"68","uds",88,"n23m0164.hpc.itc.rwth-aachen.de",88,"88","uds",unix,64,4194304,10,50,65.801,25.511,33.4948,32.933,52.592,2.8879,2.8521
68,"n23m0164.hpc.itc.rwth-aachen.de",68,"68","uds",89,"n23m0164.hpc.itc.rwth-aachen.de",89,"89","uds",unix,64,4194304,10,50,73.735,24.722,33.1971,32.732,42.119,4.36463,4.28006
68,"n23m0164.hpc.itc.rwth-aachen.de",68,"68","uds",90,"n23m0164.hpc.itc.rwth-aachen.de",90,"90","uds",unix,64,4194304,10,50,46.1,20.329,24.0104,23.8125,37.423,4.12319,4.04709
68,"n23m0164.hpc.itc.rwth-aachen.de",68,"68","uds",91,"n23m0164.hpc.itc.rwth-aachen.de",91,"91","uds",unix,64,4194304,10,50,60.567,24.758,32.181,31.881,51.565,3.46998,3.34639
68,"n23m0164.hpc.itc.rwth-aachen.de",68,"68","uds",92,"n23m0164.hpc.itc.rwth-aachen.de",92,"92","uds",unix,64,4194304,10,50,53.428,22.509,28.7051,28.713,35.849,3.1125,3.12914
68,"n23m0164.hpc.itc.rwth-aachen.de",68,"68","uds",93,"n23m0164.hpc.itc.rwth-aachen.de",93,"93","uds",unix,64,4194304,10,50,56.416,23.097,30.9175,30.6445,40.378,2.99713,2.99808
68,"n23m0164.hpc.itc.rwth-aachen.de",68,"68","uds",94,"n23m0164.hpc.itc.rwth-aachen.de",94,"94","uds",unix,64,4194304,10,50,71.842,26,32.9938,33.143,42.275,2.91343,2.91044
68,"n23m0164.hpc.itc.rwth-aachen.de",68,"68","uds",95,"n23m0164.hpc.itc.rwth-aachen.de",95,"95","uds",unix,64,4194304,10,50,62.558,25.539,33.3387,32.7275,48.342,4.21766,4.13575
69,"n23m0164.hpc.itc.rwth-aachen.de",69,"69","uds",70,"n23m0164.hpc.itc.rwth-aachen.de",70,"70","uds",unix,64,4194304,10,50,110.075,21.36,27.4095,26.623,36.91,4.92672,4.86538
69,"n23m0164.hpc.itc.rwth-aachen.de",69,"69","uds",71,"n23m0164.hpc.itc.rwth-aachen.de",71,"71","uds",unix,64,4194304,10,50,48.587,22.369,26.0388,25.3055,37.715,4.46103,4.45405
69,"n23m0164.hpc.itc.rwth-aachen.de",69,"69","uds",72,"n23m0164.hpc.itc.rwth-aachen.de",72,"72","uds",unix,64,4194304,10,50,50.664,21.412,25.223,24.787,34.35,4.5956,4.61858
69,"n23m0164.hpc.itc.rwth-aachen.de",69,"69","uds",73,"n23m0164.hpc.itc.rwth-aachen.de",73,"73","uds",unix,64,4194304,10,50,45.387,20.152,24.0535,23.94,29.869,4.73419,4.7345
69,"n23m0164.hpc.itc.rwth-aachen.de",69,"69","uds",74,"n23m0164.hpc.itc.rwth-aachen.de",74,"74","uds",unix,64,4194304,10,50,46.505,19.376,24.1559,23.901,32.741,4.6669,4.67449
69,"n23m0164.hpc.itc.rwth-aachen.de",69,"69","uds",75,"n23m0164.hpc.itc.rwth-aachen.de",75,"75","uds",unix,64,4194304,10,50,44.586,19.666,23.7389,23.3395,31.015,4.77586,4.77942
69,"n23m0164.hpc.itc.rwth-aachen.de",69,"69","uds",76,"n23m0164.hpc.itc.rwth-aachen.de",76,"76","uds",unix,64,4194304,10,50,38.53,21.321,24.3982,24.1565,32.329,4.78317,4.79257
69,"n23m0164.hpc.itc.rwth-aachen.de",69,"69","uds",77,"n23m0164.hpc.itc.rwth-aachen.de",77,"77","uds",unix,64,4194304,10,50,41.846,19.924,24.2162,23.713,46.571,4.67485,4.68254
69,"n23m0164.hpc.itc.rwth-aachen.de",69,"69","uds",78,"n23m0164.hpc.itc.rwth-aachen.de",78,"78","uds",unix,64,4194304,10,50,38.802,19.682,23.803,23.7615,29.155,4.7794,4.78168
69,"n23m0164.hpc.itc.rwth-aachen.de",69,"69","uds",79,"n23m0164.hpc.itc.rwth-aachen.de",79,"79","uds",unix,64,4194304,10,50,49.281,19.593,24.3893,24.2285,37.205,4.76281,4.77057
69,"n23m0164.hpc.itc.rwth-aachen.de",69,"69","uds",80,"n23m0164.hpc.itc.rwth-aachen.de",80,"80","uds",unix,64,4194304,10,50,37.815,18.547,24.0848,23.7175,32.033,4.72858,4.72868
69,"n23m0164.hpc.itc.rwth-aachen.de",69,"69","uds",81,"n23m0164.hpc.itc.rwth-aachen.de",81,"81","uds",unix,64,4194304,10,50,41.584,20.469,24.3367,23.9835,31.587,4.76355,4.76621
69,"n23m0164.hpc.itc.rwth-aachen.de",69,"69","uds",82,"n23m0164.hpc.itc.rwth-aachen.de",82,"82","uds",unix,64,4194304,10,50,38.823,16.772,23.8887,23.5665,29.369,4.78328,4.77322
69,"n23m0164.hpc.itc.rwth-aachen.de",69,"69","uds",83,"n23m0164.hpc.itc.rwth-aachen.de",83,"83","uds",unix,64,4194304,10,50,40.307,20.155,24.1161,23.422,34.686,4.68124,4.68265
69,"n23m0164.hpc.itc.rwth-aachen.de",69,"69","uds",84,"n23m0164.hpc.itc.rwth-aachen.de",84,"84","uds",unix,64,4194304,10,50,41.077,20.496,24.7542,24.2375,32.328,5.25061,5.289
69,"n23m0164.hpc.itc.rwth-aachen.de",69,"69","uds",85,"n23m0164.hpc.itc.rwth-aachen.de",85,"85","uds",unix,64,4194304,10,50,53.558,19.943,23.2509,22.6925,37.983,5.33917,5.32722
69,"n23m0164.hpc.itc.rwth-aachen.de",69,"69","uds",86,"n23m0164.hpc.itc.rwth-aachen.de",86,"86","uds",unix,64,4194304,10,50,40.93,15.316,23.1627,22.602,45.664,5.29548,5.30306
69,"n23m0164.hpc.itc.rwth-aachen.de",69,"69","uds",87,"n23m0164.hpc.itc.rwth-aachen.de",87,"87","uds",unix,64,4194304,10,50,42.452,19.136,23.1221,23.289,28.221,5.29976,5.30499
69,"n23m0164.hpc.itc.rwth-aachen.de",69,"69","uds",88,"n23m0164.hpc.itc.rwth-aachen.de",88,"88","uds",unix,64,4194304,10,50,46.658,19.703,23.5791,23.0515,38.658,5.21284,5.21788
69,"n23m0164.hpc.itc.rwth-aachen.de",69,"69","uds",89,"n23m0164.hpc.itc.rwth-aachen.de",89,"89","uds",unix,64,4194304,10,50,38.879,19.145,22.9569,22.8365,28.967,5.28542,5.2849
69,"n23m0164.hpc.itc.rwth-aachen.de",69,"69","uds",90,"n23m0164.hpc.itc.rwth-aachen.de",90,"90","uds",unix,64,4194304,10,50,40.183,18.871,22.7693,22.651,27.905,5.34582,5.34219
69,"n23m0164.hpc.itc.rwth-aachen.de",69,"69","uds",91,"n23m0164.hpc.itc.rwth-aachen.de",91,"91","uds",unix,64,4194304,10,50,36.347,19.965,22.8764,22.564,37.168,5.32997,5.3257
69,"n23m0164.hpc.itc.rwth-aachen.de",69,"69","uds",92,"n23m0164.hpc.itc.rwth-aachen.de",92,"92","uds",unix,64,4194304,10,50,41.759,18.95,23.087,23.146,29.947,5.24701,5.23755
69,"n23m0164.hpc.itc.rwth-aachen.de",69,"69","uds",93,"n23m0164.hpc.itc.rwth-aachen.de",93,"93","uds",unix,64,4194304,10,50,40.982,15.212,23.5294,23.1345,40.441,5.22552,5.21753
69,"n23m0164.hpc.itc.rwth-aachen.de",69,"69","uds",94,"n23m0164.hpc.itc.rwth-aachen.de",94,"94","uds",unix,64,4194304,10,50,47.948,20.59,23.3275,23.0975,30.181,5.21839,5.21616
69,"n23m0164.hpc.itc.rwth-aachen.de",69,"69","uds",95,"n23m0164.hpc.itc.rwth-aachen.de",95,"95","uds",unix,64,4194304,10,50,44.639,20.434,23.4323,23.05,30.591,5.11741,5.12506
70,"n23m0164.hpc.itc.rwth-aachen.de",70,"70","uds",71,"n23m0164.hpc.itc.rwth-aachen.de",71,"71","uds",unix,64,4194304,10,50,99.103,18.398,26.0182,25.747,47.537,4.77043,4.76518
70,"n23m0164.hpc.itc.rwth-aachen.de",70,"70","uds",72,"n23m0164.hpc.itc.rwth-aachen.de",72,"72","uds",unix,64,4194304,10,50,52.172,20.766,26.2497,25.45,41.28,3.94693,3.94489
70,"n23m0164.hpc.itc.rwth-aachen.de",70,"70","uds",73,"n23m0164.hpc.itc.rwth-aachen.de",73,"73","uds",unix,64,4194304,10,50,50.541,22.629,26.8127,26.4715,37.367,3.93958,3.93929
70,"n23m0164.hpc.itc.rwth-aachen.de",70,"70","uds",74,"n23m0164.hpc.itc.rwth-aachen.de",74,"74","uds",unix,64,4194304,10,50,45.933,21.887,27.3616,27.073,33.727,4.59932,4.56183
70,"n23m0164.hpc.itc.rwth-aachen.de",70,"70","uds",75,"n23m0164.hpc.itc.rwth-aachen.de",75,"75","uds",unix,64,4194304,10,50,48.966,18.346,23.45,23.0135,38.165,4.23039,4.26494
70,"n23m0164.hpc.itc.rwth-aachen.de",70,"70","uds",76,"n23m0164.hpc.itc.rwth-aachen.de",76,"76","uds",unix,64,4194304,10,50,47.585,23.269,27.6931,27.419,35.379,3.95307,3.95726
70,"n23m0164.hpc.itc.rwth-aachen.de",70,"70","uds",77,"n23m0164.hpc.itc.rwth-aachen.de",77,"77","uds",unix,64,4194304,10,50,47.64,21.399,26.9094,26.673,36.777,3.86655,3.86826
70,"n23m0164.hpc.itc.rwth-aachen.de",70,"70","uds",78,"n23m0164.hpc.itc.rwth-aachen.de",78,"78","uds",unix,64,4194304,10,50,47.52,15.376,27.0069,26.27,46.461,3.99565,3.99044
70,"n23m0164.hpc.itc.rwth-aachen.de",70,"70","uds",79,"n23m0164.hpc.itc.rwth-aachen.de",79,"79","uds",unix,64,4194304,10,50,48.322,21.525,26.6244,25.9635,38.526,3.97401,3.97165
70,"n23m0164.hpc.itc.rwth-aachen.de",70,"70","uds",80,"n23m0164.hpc.itc.rwth-aachen.de",80,"80","uds",unix,64,4194304,10,50,46.144,22.237,27.6943,27.103,42.626,4.73318,4.62584
70,"n23m0164.hpc.itc.rwth-aachen.de",70,"70","uds",81,"n23m0164.hpc.itc.rwth-aachen.de",81,"81","uds",unix,64,4194304,10,50,39.865,20.058,23.4094,23.2045,30.744,4.38682,4.3977
70,"n23m0164.hpc.itc.rwth-aachen.de",70,"70","uds",82,"n23m0164.hpc.itc.rwth-aachen.de",82,"82","uds",unix,64,4194304,10,50,50.728,17.072,26.4545,26.066,42.927,3.98211,3.98752
70,"n23m0164.hpc.itc.rwth-aachen.de",70,"70","uds",83,"n23m0164.hpc.itc.rwth-aachen.de",83,"83","uds",unix,64,4194304,10,50,52.06,23.062,28.1096,27.8885,33.012,4.66374,4.57945
70,"n23m0164.hpc.itc.rwth-aachen.de",70,"70","uds",84,"n23m0164.hpc.itc.rwth-aachen.de",84,"84","uds",unix,64,4194304,10,50,43.527,14.521,23.8187,23.406,35.507,4.71582,4.7929
70,"n23m0164.hpc.itc.rwth-aachen.de",70,"70","uds",85,"n23m0164.hpc.itc.rwth-aachen.de",85,"85","uds",unix,64,4194304,10,50,51.231,21.762,25.9892,25.733,36.39,4.60773,4.61078
70,"n23m0164.hpc.itc.rwth-aachen.de",70,"70","uds",86,"n23m0164.hpc.itc.rwth-aachen.de",86,"86","uds",unix,64,4194304,10,50,44.648,20.387,25.6499,25.751,33.598,5.17549,5.1275
70,"n23m0164.hpc.itc.rwth-aachen.de",70,"70","uds",87,"n23m0164.hpc.itc.rwth-aachen.de",87,"87","uds",unix,64,4194304,10,50,37.654,18.935,23.0037,22.8265,30.46,4.9572,4.98916
70,"n23m0164.hpc.itc.rwth-aachen.de",70,"70","uds",88,"n23m0164.hpc.itc.rwth-aachen.de",88,"88","uds",unix,64,4194304,10,50,50.245,19.91,25.263,25.0765,38.387,4.50417,4.48029
70,"n23m0164.hpc.itc.rwth-aachen.de",70,"70","uds",89,"n23m0164.hpc.itc.rwth-aachen.de",89,"89","uds",unix,64,4194304,10,50,46.945,21.115,25.5471,24.986,36.118,5.05854,5.04811
70,"n23m0164.hpc.itc.rwth-aachen.de",70,"70","uds",90,"n23m0164.hpc.itc.rwth-aachen.de",90,"90","uds",unix,64,4194304,10,50,39.534,18.808,22.7916,22.72,29.687,4.88312,4.94768
70,"n23m0164.hpc.itc.rwth-aachen.de",70,"70","uds",91,"n23m0164.hpc.itc.rwth-aachen.de",91,"91","uds",unix,64,4194304,10,50,41.58,20.223,24.6477,24.3195,32.949,4.70968,4.6851
70,"n23m0164.hpc.itc.rwth-aachen.de",70,"70","uds",92,"n23m0164.hpc.itc.rwth-aachen.de",92,"92","uds",unix,64,4194304,10,50,43.402,22.163,25.7285,25.2985,35.703,4.57615,4.57054
70,"n23m0164.hpc.itc.rwth-aachen.de",70,"70","uds",93,"n23m0164.hpc.itc.rwth-aachen.de",93,"93","uds",unix,64,4194304,10,50,43.793,20.703,25.9487,25.843,36.908,4.60233,4.60174
70,"n23m0164.hpc.itc.rwth-aachen.de",70,"70","uds",94,"n23m0164.hpc.itc.rwth-aachen.de",94,"94","uds",unix,64,4194304,10,50,51.5,20.849,25.856,25.5095,34.257,4.47867,4.48322
70,"n23m0164.hpc.itc.rwth-aachen.de",70,"70","uds",95,"n23m0164.hpc.itc.rwth-aachen.de",95,"95","uds",unix,64,4194304,10,50,43.13,22.747,26.3408,26.06,34.02,5.00102,4.95436
71,"n23m0164.hpc.itc.rwth-aachen.de",71,"71","uds",72,"n23m0164.hpc.itc.rwth-aachen.de",72,"72","uds",unix,64,4194304,10,50,99.172,19.383,23.1489,22.5255,36.339,4.36493,4.26038
71,"n23m0164.hpc.itc.rwth-aachen.de",71,"71","uds",73,"n23m0164.hpc.itc.rwth-aachen.de",73,"73","uds",unix,64,4194304,10,50,72.306,21.662,29.218,28.353,42.548,2.79375,2.79447
71,"n23m0164.hpc.itc.rwth-aachen.de",71,"71","uds",74,"n23m0164.hpc.itc.rwth-aachen.de",74,"74","uds",unix,64,4194304,10,50,66.931,23.543,33.1016,32.861,44.019,4.08354,4.02107
71,"n23m0164.hpc.itc.rwth-aachen.de",71,"71","uds",75,"n23m0164.hpc.itc.rwth-aachen.de",75,"75","uds",unix,64,4194304,10,50,42.931,19.945,24.4566,24.1385,35.83,3.83693,3.77067
71,"n23m0164.hpc.itc.rwth-aachen.de",71,"71","uds",76,"n23m0164.hpc.itc.rwth-aachen.de",76,"76","uds",unix,64,4194304,10,50,65.464,25.238,32.4652,32.165,45.245,2.80897,2.81254
71,"n23m0164.hpc.itc.rwth-aachen.de",71,"71","uds",77,"n23m0164.hpc.itc.rwth-aachen.de",77,"77","uds",unix,64,4194304,10,50,62.873,25.176,32.7098,31.9015,50.609,2.73143,2.72909
71,"n23m0164.hpc.itc.rwth-aachen.de",71,"71","uds",78,"n23m0164.hpc.itc.rwth-aachen.de",78,"78","uds",unix,64,4194304,10,50,57.96,24.778,31.9785,31.796,40.823,2.82817,2.8279
71,"n23m0164.hpc.itc.rwth-aachen.de",71,"71","uds",79,"n23m0164.hpc.itc.rwth-aachen.de",79,"79","uds",unix,64,4194304,10,50,60.779,19.822,33.6893,32.571,48.318,2.82332,2.82307
71,"n23m0164.hpc.itc.rwth-aachen.de",71,"71","uds",80,"n23m0164.hpc.itc.rwth-aachen.de",80,"80","uds",unix,64,4194304,10,50,58.707,25.096,32.475,32.771,39.05,4.09221,4.04036
71,"n23m0164.hpc.itc.rwth-aachen.de",71,"71","uds",81,"n23m0164.hpc.itc.rwth-aachen.de",81,"81","uds",unix,64,4194304,10,50,40.825,19.651,23.1156,22.7875,27.573,3.89215,3.83853
71,"n23m0164.hpc.itc.rwth-aachen.de",71,"71","uds",82,"n23m0164.hpc.itc.rwth-aachen.de",82,"82","uds",unix,64,4194304,10,50,60.162,24.861,32.8041,32.5305,39.086,2.82127,2.81952
71,"n23m0164.hpc.itc.rwth-aachen.de",71,"71","uds",83,"n23m0164.hpc.itc.rwth-aachen.de",83,"83","uds",unix,64,4194304,10,50,61.009,25.69,33.0593,32.708,42.787,4.1282,4.07998
71,"n23m0164.hpc.itc.rwth-aachen.de",71,"71","uds",84,"n23m0164.hpc.itc.rwth-aachen.de",84,"84","uds",unix,64,4194304,10,50,41.379,19.939,23.768,23.5235,29.023,4.15728,4.10346
71,"n23m0164.hpc.itc.rwth-aachen.de",71,"71","uds",85,"n23m0164.hpc.itc.rwth-aachen.de",85,"85","uds",unix,64,4194304,10,50,57.031,26.096,32.0774,31.954,42.198,2.98833,2.98649
71,"n23m0164.hpc.itc.rwth-aachen.de",71,"71","uds",86,"n23m0164.hpc.itc.rwth-aachen.de",86,"86","uds",unix,64,4194304,10,50,62.215,27.938,32.9448,32.0115,62.643,4.33619,4.24655
71,"n23m0164.hpc.itc.rwth-aachen.de",71,"71","uds",87,"n23m0164.hpc.itc.rwth-aachen.de",87,"87","uds",unix,64,4194304,10,50,39.204,19.045,23.7543,23.7485,29.028,4.18873,4.21732
71,"n23m0164.hpc.itc.rwth-aachen.de",71,"71","uds",88,"n23m0164.hpc.itc.rwth-aachen.de",88,"88","uds",unix,64,4194304,10,50,60.048,25.377,31.3172,30.765,42.363,2.91497,2.90686
71,"n23m0164.hpc.itc.rwth-aachen.de",71,"71","uds",89,"n23m0164.hpc.itc.rwth-aachen.de",89,"89","uds",unix,64,4194304,10,50,60.31,26.339,32.6229,32.177,43.253,4.37935,4.2692
71,"n23m0164.hpc.itc.rwth-aachen.de",71,"71","uds",90,"n23m0164.hpc.itc.rwth-aachen.de",90,"90","uds",unix,64,4194304,10,50,46.3,18.825,23.7765,23.691,30.388,4.14164,4.16062
71,"n23m0164.hpc.itc.rwth-aachen.de",71,"71","uds",91,"n23m0164.hpc.itc.rwth-aachen.de",91,"91","uds",unix,64,4194304,10,50,51.331,23.708,29.8225,29.11,47.695,3.01946,3.02078
71,"n23m0164.hpc.itc.rwth-aachen.de",71,"71","uds",92,"n23m0164.hpc.itc.rwth-aachen.de",92,"92","uds",unix,64,4194304,10,50,64.612,19.802,32.9753,32.5225,59.44,2.88398,2.88625
71,"n23m0164.hpc.itc.rwth-aachen.de",71,"71","uds",93,"n23m0164.hpc.itc.rwth-aachen.de",93,"93","uds",unix,64,4194304,10,50,62.022,24.094,32.3212,32.559,48.504,2.90046,2.90384
71,"n23m0164.hpc.itc.rwth-aachen.de",71,"71","uds",94,"n23m0164.hpc.itc.rwth-aachen.de",94,"94","uds",unix,64,4194304,10,50,67.796,23.128,32.3417,32.305,44.043,2.81968,2.81536
71,"n23m0164.hpc.itc.rwth-aachen.de",71,"71","uds",95,"n23m0164.hpc.itc.rwth-aachen.de",95,"95","uds",unix,64,4194304,10,50,61.976,25.534,32.1694,32.095,41.728,4.22171,4.16314
72,"n23m0164.hpc.itc.rwth-aachen.de",72,"72","uds",73,"n23m0164.hpc.itc.rwth-aachen.de",73,"73","uds",unix,64,4194304,10,50,96.175,20.967,25.2638,25.087,32.695,4.9407,4.92062
72,"n23m0164.hpc.itc.rwth-aachen.de",72,"72","uds",74,"n23m0164.hpc.itc.rwth-aachen.de",74,"74","uds",unix,64,4194304,10,50,48.795,21.633,27.2672,27.165,35.062,4.80212,4.82099
72,"n23m0164.hpc.itc.rwth-aachen.de",72,"72","uds",75,"n23m0164.hpc.itc.rwth-aachen.de",75,"75","uds",unix,64,4194304,10,50,48.346,21.298,27.1852,27.282,33.202,4.97062,4.97326
72,"n23m0164.hpc.itc.rwth-aachen.de",72,"72","uds",76,"n23m0164.hpc.itc.rwth-aachen.de",76,"76","uds",unix,64,4194304,10,50,50.042,20.452,28.0045,28.59,32.799,4.70164,4.728
72,"n23m0164.hpc.itc.rwth-aachen.de",72,"72","uds",77,"n23m0164.hpc.itc.rwth-aachen.de",77,"77","uds",unix,64,4194304,10,50,49.016,20.353,26.7998,26.924,34.338,4.58222,4.60338
72,"n23m0164.hpc.itc.rwth-aachen.de",72,"72","uds",78,"n23m0164.hpc.itc.rwth-aachen.de",78,"78","uds",unix,64,4194304,10,50,48.618,14.959,27.0631,26.9265,48.624,4.65043,4.65258
72,"n23m0164.hpc.itc.rwth-aachen.de",72,"72","uds",79,"n23m0164.hpc.itc.rwth-aachen.de",79,"79","uds",unix,64,4194304,10,50,52.426,20.393,26.8665,27.2015,36.137,4.74406,4.76185
72,"n23m0164.hpc.itc.rwth-aachen.de",72,"72","uds",80,"n23m0164.hpc.itc.rwth-aachen.de",80,"80","uds",unix,64,4194304,10,50,46.54,21.261,27.3333,27.3525,36.116,5.09226,5.11314
72,"n23m0164.hpc.itc.rwth-aachen.de",72,"72","uds",81,"n23m0164.hpc.itc.rwth-aachen.de",81,"81","uds",unix,64,4194304,10,50,42.772,22.118,26.7388,26.4635,38.079,5.25734,5.2633
72,"n23m0164.hpc.itc.rwth-aachen.de",72,"72","uds",82,"n23m0164.hpc.itc.rwth-aachen.de",82,"82","uds",unix,64,4194304,10,50,48.958,19.6,27.7011,27.7505,35.021,4.73122,4.74398
72,"n23m0164.hpc.itc.rwth-aachen.de",72,"72","uds",83,"n23m0164.hpc.itc.rwth-aachen.de",83,"83","uds",unix,64,4194304,10,50,51.98,21.675,27.4266,27.427,33.945,4.93963,4.92177
72,"n23m0164.hpc.itc.rwth-aachen.de",72,"72","uds",84,"n23m0164.hpc.itc.rwth-aachen.de",84,"84","uds",unix,64,4194304,10,50,48.86,19.269,23.7351,23.6515,29.113,4.72559,4.73648
72,"n23m0164.hpc.itc.rwth-aachen.de",72,"72","uds",85,"n23m0164.hpc.itc.rwth-aachen.de",85,"85","uds",unix,64,4194304,10,50,45.574,20.654,24.6361,24.636,30.598,4.52999,4.52585
72,"n23m0164.hpc.itc.rwth-aachen.de",72,"72","uds",86,"n23m0164.hpc.itc.rwth-aachen.de",86,"86","uds",unix,64,4194304,10,50,45.232,20.524,25.6259,25.216,31.437,5.13256,5.07806
72,"n23m0164.hpc.itc.rwth-aachen.de",72,"72","uds",87,"n23m0164.hpc.itc.rwth-aachen.de",87,"87","uds",unix,64,4194304,10,50,34.9,18.907,22.4464,21.7915,32.346,5.01017,5.0349
72,"n23m0164.hpc.itc.rwth-aachen.de",72,"72","uds",88,"n23m0164.hpc.itc.rwth-aachen.de",88,"88","uds",unix,64,4194304,10,50,40.194,19.299,23.5847,23.3545,34.257,4.64607,4.61075
72,"n23m0164.hpc.itc.rwth-aachen.de",72,"72","uds",89,"n23m0164.hpc.itc.rwth-aachen.de",89,"89","uds",unix,64,4194304,10,50,41.713,15.219,24.3861,24.069,35.915,5.20391,5.1671
72,"n23m0164.hpc.itc.rwth-aachen.de",72,"72","uds",90,"n23m0164.hpc.itc.rwth-aachen.de",90,"90","uds",unix,64,4194304,10,50,36.18,17.784,21.9183,21.889,28.281,4.9754,4.99848
72,"n23m0164.hpc.itc.rwth-aachen.de",72,"72","uds",91,"n23m0164.hpc.itc.rwth-aachen.de",91,"91","uds",unix,64,4194304,10,50,38.479,19.998,23.52,23.4095,30.098,4.80861,4.80634
72,"n23m0164.hpc.itc.rwth-aachen.de",72,"72","uds",92,"n23m0164.hpc.itc.rwth-aachen.de",92,"92","uds",unix,64,4194304,10,50,43.637,18.896,23.8003,23.866,31.521,4.71557,4.72327
72,"n23m0164.hpc.itc.rwth-aachen.de",72,"72","uds",93,"n23m0164.hpc.itc.rwth-aachen.de",93,"93","uds",unix,64,4194304,10,50,41.116,20.744,23.9505,23.718,28.969,4.80009,4.79304
72,"n23m0164.hpc.itc.rwth-aachen.de",72,"72","uds",94,"n23m0164.hpc.itc.rwth-aachen.de",94,"94","uds",unix,64,4194304,10,50,45.653,18.962,23.5189,23.199,30.991,4.76123,4.75463
72,"n23m0164.hpc.itc.rwth-aachen.de",72,"72","uds",95,"n23m0164.hpc.itc.rwth-aachen.de",95,"95","uds",unix,64,4194304,10,50,38.353,20.139,24.1792,24.0025,34.839,5.27575,5.22428
73,"n23m0164.hpc.itc.rwth-aachen.de",73,"73","uds",74,"n23m0164.hpc.itc.rwth-aachen.de",74,"74","uds",unix,64,4194304,10,50,89.48,20.435,26.0913,26.012,39.394,5.63775,5.58711
73,"n23m0164.hpc.itc.rwth-aachen.de",73,"73","uds",75,"n23m0164.hpc.itc.rwth-aachen.de",75,"75","uds",unix,64,4194304,10,50,49.003,21.856,26.0724,25.8855,34.083,5.06684,5.13485
73,"n23m0164.hpc.itc.rwth-aachen.de",73,"73","uds",76,"n23m0164.hpc.itc.rwth-aachen.de",76,"76","uds",unix,64,4194304,10,50,51.748,22.173,27.7082,27.0615,56.403,3.45052,3.598
73,"n23m0164.hpc.itc.rwth-aachen.de",73,"73","uds",77,"n23m0164.hpc.itc.rwth-aachen.de",77,"77","uds",unix,64,4194304,10,50,63.758,22.099,36.6751,36.958,57.432,3.07577,3.10482
73,"n23m0164.hpc.itc.rwth-aachen.de",73,"73","uds",78,"n23m0164.hpc.itc.rwth-aachen.de",78,"78","uds",unix,64,4194304,10,50,70.975,26.302,36.2219,36.151,48.686,4.19921,4.10352
73,"n23m0164.hpc.itc.rwth-aachen.de",73,"73","uds",79,"n23m0164.hpc.itc.rwth-aachen.de",79,"79","uds",unix,64,4194304,10,50,51.965,23.377,29.0505,28.6355,43.134,3.18923,3.37864
73,"n23m0164.hpc.itc.rwth-aachen.de",73,"73","uds",80,"n23m0164.hpc.itc.rwth-aachen.de",80,"80","uds",unix,64,4194304,10,50,62.066,19.926,37.1378,36.132,66.261,4.65123,4.67793
73,"n23m0164.hpc.itc.rwth-aachen.de",73,"73","uds",81,"n23m0164.hpc.itc.rwth-aachen.de",81,"81","uds",unix,64,4194304,10,50,41.602,20.626,25.1155,25.634,30.323,5.22979,5.25038
73,"n23m0164.hpc.itc.rwth-aachen.de",73,"73","uds",82,"n23m0164.hpc.itc.rwth-aachen.de",82,"82","uds",unix,64,4194304,10,50,44.488,22.037,27.7087,27.0895,40.987,3.65149,3.70182
73,"n23m0164.hpc.itc.rwth-aachen.de",73,"73","uds",83,"n23m0164.hpc.itc.rwth-aachen.de",83,"83","uds",unix,64,4194304,10,50,64.796,31.571,37.2269,36.6945,50.98,4.61045,4.49426
73,"n23m0164.hpc.itc.rwth-aachen.de",73,"73","uds",84,"n23m0164.hpc.itc.rwth-aachen.de",84,"84","uds",unix,64,4194304,10,50,45.045,20.607,23.3112,22.8645,29.222,4.7866,4.81298
73,"n23m0164.hpc.itc.rwth-aachen.de",73,"73","uds",85,"n23m0164.hpc.itc.rwth-aachen.de",85,"85","uds",unix,64,4194304,10,50,40.59,21.45,24.9465,24.422,31.732,3.7244,3.67727
73,"n23m0164.hpc.itc.rwth-aachen.de",73,"73","uds",86,"n23m0164.hpc.itc.rwth-aachen.de",86,"86","uds",unix,64,4194304,10,50,53.631,24.889,31.7722,31.532,39.707,4.45996,4.40395
73,"n23m0164.hpc.itc.rwth-aachen.de",73,"73","uds",87,"n23m0164.hpc.itc.rwth-aachen.de",87,"87","uds",unix,64,4194304,10,50,36.062,19.064,23.12,22.855,28.652,5.0068,5.00251
73,"n23m0164.hpc.itc.rwth-aachen.de",73,"73","uds",88,"n23m0164.hpc.itc.rwth-aachen.de",88,"88","uds",unix,64,4194304,10,50,42.696,18.556,24.2322,24.098,31.188,3.78421,3.88477
73,"n23m0164.hpc.itc.rwth-aachen.de",73,"73","uds",89,"n23m0164.hpc.itc.rwth-aachen.de",89,"89","uds",unix,64,4194304,10,50,53.115,21.217,31.3192,30.8355,42.253,4.45146,4.40181
73,"n23m0164.hpc.itc.rwth-aachen.de",73,"73","uds",90,"n23m0164.hpc.itc.rwth-aachen.de",90,"90","uds",unix,64,4194304,10,50,53.388,18.648,23.5083,23.5555,30.278,4.80913,4.84853
73,"n23m0164.hpc.itc.rwth-aachen.de",73,"73","uds",91,"n23m0164.hpc.itc.rwth-aachen.de",91,"91","uds",unix,64,4194304,10,50,39.154,15.7,24.2259,24.052,35.095,3.77047,3.73153
73,"n23m0164.hpc.itc.rwth-aachen.de",73,"73","uds",92,"n23m0164.hpc.itc.rwth-aachen.de",92,"92","uds",unix,64,4194304,10,50,59.86,20.985,30.6637,30.494,39.996,3.09979,3.09588
73,"n23m0164.hpc.itc.rwth-aachen.de",73,"73","uds",93,"n23m0164.hpc.itc.rwth-aachen.de",93,"93","uds",unix,64,4194304,10,50,53.983,24.358,31.0556,30.9755,38.89,4.34871,4.28915
73,"n23m0164.hpc.itc.rwth-aachen.de",73,"73","uds",94,"n23m0164.hpc.itc.rwth-aachen.de",94,"94","uds",unix,64,4194304,10,50,44.875,19.212,24.2206,23.822,37.335,3.62822,3.67637
73,"n23m0164.hpc.itc.rwth-aachen.de",73,"73","uds",95,"n23m0164.hpc.itc.rwth-aachen.de",95,"95","uds",unix,64,4194304,10,50,55.309,25.085,31.7597,31.6925,46.16,4.44627,4.40961
74,"n23m0164.hpc.itc.rwth-aachen.de",74,"74","uds",75,"n23m0164.hpc.itc.rwth-aachen.de",75,"75","uds",unix,64,4194304,10,50,104.316,21.187,25.1425,25.0715,31.039,5.48158,5.46168
74,"n23m0164.hpc.itc.rwth-aachen.de",74,"74","uds",76,"n23m0164.hpc.itc.rwth-aachen.de",76,"76","uds",unix,64,4194304,10,50,51.665,20.738,25.9464,25.2295,37.91,5.46125,5.49624
74,"n23m0164.hpc.itc.rwth-aachen.de",74,"74","uds",77,"n23m0164.hpc.itc.rwth-aachen.de",77,"77","uds",unix,64,4194304,10,50,44.215,22.582,25.663,25.5115,31.841,5.658,5.57091
74,"n23m0164.hpc.itc.rwth-aachen.de",74,"74","uds",78,"n23m0164.hpc.itc.rwth-aachen.de",78,"78","uds",unix,64,4194304,10,50,44.47,22.391,25.954,25.9955,32.166,5.54297,5.53481
74,"n23m0164.hpc.itc.rwth-aachen.de",74,"74","uds",79,"n23m0164.hpc.itc.rwth-aachen.de",79,"79","uds",unix,64,4194304,10,50,47.132,21.176,24.6075,24.301,29.657,5.58886,5.63864
74,"n23m0164.hpc.itc.rwth-aachen.de",74,"74","uds",80,"n23m0164.hpc.itc.rwth-aachen.de",80,"80","uds",unix,64,4194304,10,50,46.073,20.795,25.5365,25.6205,33.024,5.36926,5.36019
74,"n23m0164.hpc.itc.rwth-aachen.de",74,"74","uds",81,"n23m0164.hpc.itc.rwth-aachen.de",81,"81","uds",unix,64,4194304,10,50,45.669,21.783,25.6412,25.28,35.137,5.69764,5.65122
74,"n23m0164.hpc.itc.rwth-aachen.de",74,"74","uds",82,"n23m0164.hpc.itc.rwth-aachen.de",82,"82","uds",unix,64,4194304,10,50,43.649,22.392,25.8829,25.362,37.924,5.74964,5.70657
74,"n23m0164.hpc.itc.rwth-aachen.de",74,"74","uds",83,"n23m0164.hpc.itc.rwth-aachen.de",83,"83","uds",unix,64,4194304,10,50,47.331,19.105,25.4821,24.9075,40.623,5.20661,5.24203
74,"n23m0164.hpc.itc.rwth-aachen.de",74,"74","uds",84,"n23m0164.hpc.itc.rwth-aachen.de",84,"84","uds",unix,64,4194304,10,50,44.203,20.245,23.3962,23.122,30.635,5.30661,5.30468
74,"n23m0164.hpc.itc.rwth-aachen.de",74,"74","uds",85,"n23m0164.hpc.itc.rwth-aachen.de",85,"85","uds",unix,64,4194304,10,50,45.364,20.54,23.4279,22.966,33.403,5.35217,5.36171
74,"n23m0164.hpc.itc.rwth-aachen.de",74,"74","uds",86,"n23m0164.hpc.itc.rwth-aachen.de",86,"86","uds",unix,64,4194304,10,50,38.766,18.927,23.1048,22.7465,31.519,5.37092,5.37008
74,"n23m0164.hpc.itc.rwth-aachen.de",74,"74","uds",87,"n23m0164.hpc.itc.rwth-aachen.de",87,"87","uds",unix,64,4194304,10,50,37.122,16.722,22.8829,22.502,35.891,5.40885,5.39798
74,"n23m0164.hpc.itc.rwth-aachen.de",74,"74","uds",88,"n23m0164.hpc.itc.rwth-aachen.de",88,"88","uds",unix,64,4194304,10,50,37.022,19.557,22.4783,22.4185,27.117,5.3394,5.33972
74,"n23m0164.hpc.itc.rwth-aachen.de",74,"74","uds",89,"n23m0164.hpc.itc.rwth-aachen.de",89,"89","uds",unix,64,4194304,10,50,36.556,18.664,22.4878,22.1505,27.494,5.29644,5.31879
74,"n23m0164.hpc.itc.rwth-aachen.de",74,"74","uds",90,"n23m0164.hpc.itc.rwth-aachen.de",90,"90","uds",unix,64,4194304,10,50,38.132,17.764,22.727,22.524,33.443,5.42448,5.42202
74,"n23m0164.hpc.itc.rwth-aachen.de",74,"74","uds",91,"n23m0164.hpc.itc.rwth-aachen.de",91,"91","uds",unix,64,4194304,10,50,34.585,18.249,22.161,22.0805,32.104,5.51302,5.52219
74,"n23m0164.hpc.itc.rwth-aachen.de",74,"74","uds",92,"n23m0164.hpc.itc.rwth-aachen.de",92,"92","uds",unix,64,4194304,10,50,34.585,19.056,22.2186,21.9125,29.678,5.49156,5.44066
74,"n23m0164.hpc.itc.rwth-aachen.de",74,"74","uds",93,"n23m0164.hpc.itc.rwth-aachen.de",93,"93","uds",unix,64,4194304,10,50,45.013,18.412,22.0976,21.6195,28.099,5.55044,5.55272
74,"n23m0164.hpc.itc.rwth-aachen.de",74,"74","uds",94,"n23m0164.hpc.itc.rwth-aachen.de",94,"94","uds",unix,64,4194304,10,50,41.549,19.903,22.4021,22.132,28.252,5.55094,5.54336
74,"n23m0164.hpc.itc.rwth-aachen.de",74,"74","uds",95,"n23m0164.hpc.itc.rwth-aachen.de",95,"95","uds",unix,64,4194304,10,50,36.939,18.397,22.2616,21.82,29.926,5.46494,5.46147
75,"n23m0164.hpc.itc.rwth-aachen.de",75,"75","uds",76,"n23m0164.hpc.itc.rwth-aachen.de",76,"76","uds",unix,64,4194304,10,50,93.154,21.895,24.7922,24.1195,37.253,5.22552,5.24409
75,"n23m0164.hpc.itc.rwth-aachen.de",75,"75","uds",77,"n23m0164.hpc.itc.rwth-aachen.de",77,"77","uds",unix,64,4194304,10,50,52.102,22.256,27.7496,27.526,34.694,4.80395,4.83131
75,"n23m0164.hpc.itc.rwth-aachen.de",75,"75","uds",78,"n23m0164.hpc.itc.rwth-aachen.de",78,"78","uds",unix,64,4194304,10,50,150.318,20.952,26.1928,26.1835,32.637,4.94704,4.96766
75,"n23m0164.hpc.itc.rwth-aachen.de",75,"75","uds",79,"n23m0164.hpc.itc.rwth-aachen.de",79,"79","uds",unix,64,4194304,10,50,48.918,20.755,25.9381,25.8335,34.402,5.03565,5.0872
75,"n23m0164.hpc.itc.rwth-aachen.de",75,"75","uds",80,"n23m0164.hpc.itc.rwth-aachen.de",80,"80","uds",unix,64,4194304,10,50,56.064,22.163,27.6687,27.3525,45.735,5.43709,5.45773
75,"n23m0164.hpc.itc.rwth-aachen.de",75,"75","uds",81,"n23m0164.hpc.itc.rwth-aachen.de",81,"81","uds",unix,64,4194304,10,50,51.798,18.589,25.2077,25.211,33.977,5.25363,5.29832
75,"n23m0164.hpc.itc.rwth-aachen.de",75,"75","uds",82,"n23m0164.hpc.itc.rwth-aachen.de",82,"82","uds",unix,64,4194304,10,50,48.523,20.284,26.2573,26.217,33.468,5.13246,5.13395
75,"n23m0164.hpc.itc.rwth-aachen.de",75,"75","uds",83,"n23m0164.hpc.itc.rwth-aachen.de",83,"83","uds",unix,64,4194304,10,50,51.193,22.248,27.4711,27.186,36.805,5.31705,5.30963
75,"n23m0164.hpc.itc.rwth-aachen.de",75,"75","uds",84,"n23m0164.hpc.itc.rwth-aachen.de",84,"84","uds",unix,64,4194304,10,50,51.315,20.934,23.4829,23.425,31.693,5.07855,5.09288
75,"n23m0164.hpc.itc.rwth-aachen.de",75,"75","uds",85,"n23m0164.hpc.itc.rwth-aachen.de",85,"85","uds",unix,64,4194304,10,50,50.695,21.152,24.4336,24.2015,30.411,4.84822,4.84445
75,"n23m0164.hpc.itc.rwth-aachen.de",75,"75","uds",86,"n23m0164.hpc.itc.rwth-aachen.de",86,"86","uds",unix,64,4194304,10,50,44.41,18.009,24.5727,24.3565,31.546,5.43734,5.43991
75,"n23m0164.hpc.itc.rwth-aachen.de",75,"75","uds",87,"n23m0164.hpc.itc.rwth-aachen.de",87,"87","uds",unix,64,4194304,10,50,36.282,19.203,22.2776,21.854,27.518,5.147,5.1788
75,"n23m0164.hpc.itc.rwth-aachen.de",75,"75","uds",88,"n23m0164.hpc.itc.rwth-aachen.de",88,"88","uds",unix,64,4194304,10,50,41.231,18.925,23.2647,22.8515,35.64,5.05579,5.06266
75,"n23m0164.hpc.itc.rwth-aachen.de",75,"75","uds",89,"n23m0164.hpc.itc.rwth-aachen.de",89,"89","uds",unix,64,4194304,10,50,39.848,19.365,23.1824,22.8885,32.188,5.5216,5.49475
75,"n23m0164.hpc.itc.rwth-aachen.de",75,"75","uds",90,"n23m0164.hpc.itc.rwth-aachen.de",90,"90","uds",unix,64,4194304,10,50,37.615,19.636,21.8898,21.892,30.247,5.26932,5.28745
75,"n23m0164.hpc.itc.rwth-aachen.de",75,"75","uds",91,"n23m0164.hpc.itc.rwth-aachen.de",91,"91","uds",unix,64,4194304,10,50,39.68,20.358,23.616,23.2485,33.857,5.09501,5.09358
75,"n23m0164.hpc.itc.rwth-aachen.de",75,"75","uds",92,"n23m0164.hpc.itc.rwth-aachen.de",92,"92","uds",unix,64,4194304,10,50,43.476,19.316,23.2472,23.2025,29.99,5.07476,5.06707
75,"n23m0164.hpc.itc.rwth-aachen.de",75,"75","uds",93,"n23m0164.hpc.itc.rwth-aachen.de",93,"93","uds",unix,64,4194304,10,50,40.453,19.019,23.4113,23.3425,27.908,5.09546,5.09527
75,"n23m0164.hpc.itc.rwth-aachen.de",75,"75","uds",94,"n23m0164.hpc.itc.rwth-aachen.de",94,"94","uds",unix,64,4194304,10,50,44.532,18.862,23.3848,23.391,30.41,5.05112,5.06011
75,"n23m0164.hpc.itc.rwth-aachen.de",75,"75","uds",95,"n23m0164.hpc.itc.rwth-aachen.de",95,"95","uds",unix,64,4194304,10,50,40.248,19.559,23.5526,23.2715,33.976,5.52696,5.46287
76,"n23m0164.hpc.itc.rwth-aachen.de",76,"76","uds",77,"n23m0164.hpc.itc.rwth-aachen.de",77,"77","uds",unix,64,4194304,10,50,95.676,21.073,24.7161,24.218,33.504,4.97984,4.90197
76,"n23m0164.hpc.itc.rwth-aachen.de",76,"76","uds",78,"n23m0164.hpc.itc.rwth-aachen.de",78,"78","uds",unix,64,4194304,10,50,56.717,23.165,29.4087,28.586,39.168,4.34454,4.36202
76,"n23m0164.hpc.itc.rwth-aachen.de",76,"76","uds",79,"n23m0164.hpc.itc.rwth-aachen.de",79,"79","uds",unix,64,4194304,10,50,51.826,21.679,28.6358,28.4815,36.068,3.19248,3.34135
76,"n23m0164.hpc.itc.rwth-aachen.de",76,"76","uds",80,"n23m0164.hpc.itc.rwth-aachen.de",80,"80","uds",unix,64,4194304,10,50,62.714,28.4,35.092,34.708,44.289,4.61947,4.60286
76,"n23m0164.hpc.itc.rwth-aachen.de",76,"76","uds",81,"n23m0164.hpc.itc.rwth-aachen.de",81,"81","uds",unix,64,4194304,10,50,48.765,19.005,26.28,26.1975,35.109,4.95429,5.0005
76,"n23m0164.hpc.itc.rwth-aachen.de",76,"76","uds",82,"n23m0164.hpc.itc.rwth-aachen.de",82,"82","uds",unix,64,4194304,10,50,48.412,21.55,28.674,28.2535,44.038,3.67004,3.69739
76,"n23m0164.hpc.itc.rwth-aachen.de",76,"76","uds",83,"n23m0164.hpc.itc.rwth-aachen.de",83,"83","uds",unix,64,4194304,10,50,70.591,27.197,36.901,36.346,58.939,4.5151,4.46022
76,"n23m0164.hpc.itc.rwth-aachen.de",76,"76","uds",84,"n23m0164.hpc.itc.rwth-aachen.de",84,"84","uds",unix,64,4194304,10,50,47.247,17.245,22.9778,23.1475,28.497,4.56663,4.62379
76,"n23m0164.hpc.itc.rwth-aachen.de",76,"76","uds",85,"n23m0164.hpc.itc.rwth-aachen.de",85,"85","uds",unix,64,4194304,10,50,44.487,20.474,25.4671,25.1505,34.631,3.49511,3.61952
76,"n23m0164.hpc.itc.rwth-aachen.de",76,"76","uds",86,"n23m0164.hpc.itc.rwth-aachen.de",86,"86","uds",unix,64,4194304,10,50,51.558,22.876,30.9787,30.8645,38.551,4.48186,4.45844
76,"n23m0164.hpc.itc.rwth-aachen.de",76,"76","uds",87,"n23m0164.hpc.itc.rwth-aachen.de",87,"87","uds",unix,64,4194304,10,50,33.609,18.738,22.4247,22.163,27.613,4.93539,4.91795
76,"n23m0164.hpc.itc.rwth-aachen.de",76,"76","uds",88,"n23m0164.hpc.itc.rwth-aachen.de",88,"88","uds",unix,64,4194304,10,50,40.072,18.794,24.3642,23.6575,32.882,3.4162,3.56663
76,"n23m0164.hpc.itc.rwth-aachen.de",76,"76","uds",89,"n23m0164.hpc.itc.rwth-aachen.de",89,"89","uds",unix,64,4194304,10,50,51.584,24.037,30.5446,29.7725,43.614,4.34691,4.31682
76,"n23m0164.hpc.itc.rwth-aachen.de",76,"76","uds",90,"n23m0164.hpc.itc.rwth-aachen.de",90,"90","uds",unix,64,4194304,10,50,41.307,19.26,22.693,22.312,27.983,5.03819,5.04134
76,"n23m0164.hpc.itc.rwth-aachen.de",76,"76","uds",91,"n23m0164.hpc.itc.rwth-aachen.de",91,"91","uds",unix,64,4194304,10,50,37.478,21.402,24.5953,24.315,38.615,4.03756,4.00443
76,"n23m0164.hpc.itc.rwth-aachen.de",76,"76","uds",92,"n23m0164.hpc.itc.rwth-aachen.de",92,"92","uds",unix,64,4194304,10,50,54.394,23.548,31.196,31.0305,44.372,3.1651,3.16513
76,"n23m0164.hpc.itc.rwth-aachen.de",76,"76","uds",93,"n23m0164.hpc.itc.rwth-aachen.de",93,"93","uds",unix,64,4194304,10,50,51.967,23.803,30.1557,30.106,40.897,4.44119,4.38386
76,"n23m0164.hpc.itc.rwth-aachen.de",76,"76","uds",94,"n23m0164.hpc.itc.rwth-aachen.de",94,"94","uds",unix,64,4194304,10,50,43.473,19.118,23.5343,23.268,26.567,3.75992,3.77217
76,"n23m0164.hpc.itc.rwth-aachen.de",76,"76","uds",95,"n23m0164.hpc.itc.rwth-aachen.de",95,"95","uds",unix,64,4194304,10,50,51.994,24.818,31.0676,30.491,39.217,4.51556,4.44037
77,"n23m0164.hpc.itc.rwth-aachen.de",77,"77","uds",78,"n23m0164.hpc.itc.rwth-aachen.de",78,"78","uds",unix,64,4194304,10,50,97.171,22.348,26.4485,26.3145,30.539,4.51852,4.54802
77,"n23m0164.hpc.itc.rwth-aachen.de",77,"77","uds",79,"n23m0164.hpc.itc.rwth-aachen.de",79,"79","uds",unix,64,4194304,10,50,51.524,21.99,27.6096,27.1095,40.853,3.40974,3.54953
77,"n23m0164.hpc.itc.rwth-aachen.de",77,"77","uds",80,"n23m0164.hpc.itc.rwth-aachen.de",80,"80","uds",unix,64,4194304,10,50,67.121,20.692,35.9793,35.5295,70.951,4.61527,4.47144
77,"n23m0164.hpc.itc.rwth-aachen.de",77,"77","uds",81,"n23m0164.hpc.itc.rwth-aachen.de",81,"81","uds",unix,64,4194304,10,50,42.552,21.675,25.8018,25.9645,38.84,4.86067,4.87633
77,"n23m0164.hpc.itc.rwth-aachen.de",77,"77","uds",82,"n23m0164.hpc.itc.rwth-aachen.de",82,"82","uds",unix,64,4194304,10,50,50.762,23.523,27.8724,27.5065,37.43,4.08092,4.10998
77,"n23m0164.hpc.itc.rwth-aachen.de",77,"77","uds",83,"n23m0164.hpc.itc.rwth-aachen.de",83,"83","uds",unix,64,4194304,10,50,59.248,26.926,34.38,33.922,46.746,4.55963,4.57787
77,"n23m0164.hpc.itc.rwth-aachen.de",77,"77","uds",84,"n23m0164.hpc.itc.rwth-aachen.de",84,"84","uds",unix,64,4194304,10,50,46.118,18.979,23.206,23.0375,31.926,4.469,4.56907
77,"n23m0164.hpc.itc.rwth-aachen.de",77,"77","uds",85,"n23m0164.hpc.itc.rwth-aachen.de",85,"85","uds",unix,64,4194304,10,50,43.035,17.982,24.9391,24.7225,43.536,3.75499,3.80829
77,"n23m0164.hpc.itc.rwth-aachen.de",77,"77","uds",86,"n23m0164.hpc.itc.rwth-aachen.de",86,"86","uds",unix,64,4194304,10,50,47.145,23.877,29.1563,29.0005,33.757,4.54769,4.49941
77,"n23m0164.hpc.itc.rwth-aachen.de",77,"77","uds",87,"n23m0164.hpc.itc.rwth-aachen.de",87,"87","uds",unix,64,4194304,10,50,36.045,19.093,23.2051,22.943,33.165,4.77278,4.80152
77,"n23m0164.hpc.itc.rwth-aachen.de",77,"77","uds",88,"n23m0164.hpc.itc.rwth-aachen.de",88,"88","uds",unix,64,4194304,10,50,43.45,19.323,24.6235,24.367,35.299,3.66055,3.68911
77,"n23m0164.hpc.itc.rwth-aachen.de",77,"77","uds",89,"n23m0164.hpc.itc.rwth-aachen.de",89,"89","uds",unix,64,4194304,10,50,49.678,23.313,31.5863,30.98,44.164,4.41328,4.36322
77,"n23m0164.hpc.itc.rwth-aachen.de",77,"77","uds",90,"n23m0164.hpc.itc.rwth-aachen.de",90,"90","uds",unix,64,4194304,10,50,38.81,19.654,22.5732,22.559,27.15,5.02628,5.0213
77,"n23m0164.hpc.itc.rwth-aachen.de",77,"77","uds",91,"n23m0164.hpc.itc.rwth-aachen.de",91,"91","uds",unix,64,4194304,10,50,36.24,19.383,24.2561,24.2335,37.205,3.98014,4.00451
77,"n23m0164.hpc.itc.rwth-aachen.de",77,"77","uds",92,"n23m0164.hpc.itc.rwth-aachen.de",92,"92","uds",unix,64,4194304,10,50,50.555,23.958,28.7716,28.1055,37.006,3.37857,3.37777
77,"n23m0164.hpc.itc.rwth-aachen.de",77,"77","uds",93,"n23m0164.hpc.itc.rwth-aachen.de",93,"93","uds",unix,64,4194304,10,50,52.713,22.736,28.4981,28.4425,38.186,4.53801,4.39211
77,"n23m0164.hpc.itc.rwth-aachen.de",77,"77","uds",94,"n23m0164.hpc.itc.rwth-aachen.de",94,"94","uds",unix,64,4194304,10,50,42.846,21.663,24.7263,24.23,33.069,3.39475,3.50161
77,"n23m0164.hpc.itc.rwth-aachen.de",77,"77","uds",95,"n23m0164.hpc.itc.rwth-aachen.de",95,"95","uds",unix,64,4194304,10,50,51.882,25.236,31.1782,30.913,38.547,4.43892,4.36086
78,"n23m0164.hpc.itc.rwth-aachen.de",78,"78","uds",79,"n23m0164.hpc.itc.rwth-aachen.de",79,"79","uds",unix,64,4194304,10,50,96.13,20.336,24.8286,24.3265,31.616,5.11438,5.15514
78,"n23m0164.hpc.itc.rwth-aachen.de",78,"78","uds",80,"n23m0164.hpc.itc.rwth-aachen.de",80,"80","uds",unix,64,4194304,10,50,48.36,19.78,26.5365,26.273,40.253,5.20243,5.1857
78,"n23m0164.hpc.itc.rwth-aachen.de",78,"78","uds",81,"n23m0164.hpc.itc.rwth-aachen.de",81,"81","uds",unix,64,4194304,10,50,45.002,21.794,25.7615,25.452,34.325,5.38542,5.41409
78,"n23m0164.hpc.itc.rwth-aachen.de",78,"78","uds",82,"n23m0164.hpc.itc.rwth-aachen.de",82,"82","uds",unix,64,4194304,10,50,42.193,22.081,27.289,27.2615,38.147,5.19873,5.19006
78,"n23m0164.hpc.itc.rwth-aachen.de",78,"78","uds",83,"n23m0164.hpc.itc.rwth-aachen.de",83,"83","uds",unix,64,4194304,10,50,53.788,22.752,27.8485,27.18,47.058,5.24664,5.27801
78,"n23m0164.hpc.itc.rwth-aachen.de",78,"78","uds",84,"n23m0164.hpc.itc.rwth-aachen.de",84,"84","uds",unix,64,4194304,10,50,51.332,19.672,22.7867,22.6835,30.605,5.14373,5.15749
78,"n23m0164.hpc.itc.rwth-aachen.de",78,"78","uds",85,"n23m0164.hpc.itc.rwth-aachen.de",85,"85","uds",unix,64,4194304,10,50,40.685,20.451,23.7538,23.7255,29.191,5.06975,5.06929
78,"n23m0164.hpc.itc.rwth-aachen.de",78,"78","uds",86,"n23m0164.hpc.itc.rwth-aachen.de",86,"86","uds",unix,64,4194304,10,50,38.028,18.967,23.9412,23.685,36.128,5.44392,5.398
78,"n23m0164.hpc.itc.rwth-aachen.de",78,"78","uds",87,"n23m0164.hpc.itc.rwth-aachen.de",87,"87","uds",unix,64,4194304,10,50,36.616,19.246,22.4155,22.096,29.491,5.14842,5.16577
78,"n23m0164.hpc.itc.rwth-aachen.de",78,"78","uds",88,"n23m0164.hpc.itc.rwth-aachen.de",88,"88","uds",unix,64,4194304,10,50,42.758,19.725,23.8169,23.5275,30.279,5.06051,5.06083
78,"n23m0164.hpc.itc.rwth-aachen.de",78,"78","uds",89,"n23m0164.hpc.itc.rwth-aachen.de",89,"89","uds",unix,64,4194304,10,50,38.734,20.694,23.6457,22.968,30.404,5.49138,5.45036
78,"n23m0164.hpc.itc.rwth-aachen.de",78,"78","uds",90,"n23m0164.hpc.itc.rwth-aachen.de",90,"90","uds",unix,64,4194304,10,50,39.69,18.824,22.4818,22.0535,27.552,5.1698,5.19266
78,"n23m0164.hpc.itc.rwth-aachen.de",78,"78","uds",91,"n23m0164.hpc.itc.rwth-aachen.de",91,"91","uds",unix,64,4194304,10,50,34.887,18.607,23.5178,23.059,45.635,5.12388,5.13137
78,"n23m0164.hpc.itc.rwth-aachen.de",78,"78","uds",92,"n23m0164.hpc.itc.rwth-aachen.de",92,"92","uds",unix,64,4194304,10,50,38.915,19.586,23.5611,23.2955,33.357,5.07251,5.06695
78,"n23m0164.hpc.itc.rwth-aachen.de",78,"78","uds",93,"n23m0164.hpc.itc.rwth-aachen.de",93,"93","uds",unix,64,4194304,10,50,37.164,19.1,23.3224,23.3605,28.857,5.12958,5.12782
78,"n23m0164.hpc.itc.rwth-aachen.de",78,"78","uds",94,"n23m0164.hpc.itc.rwth-aachen.de",94,"94","uds",unix,64,4194304,10,50,39.301,19.102,23.2072,22.9195,38.309,5.04822,5.05598
78,"n23m0164.hpc.itc.rwth-aachen.de",78,"78","uds",95,"n23m0164.hpc.itc.rwth-aachen.de",95,"95","uds",unix,64,4194304,10,50,35.876,20.474,23.9813,23.8435,32.771,5.41241,5.37812
79,"n23m0164.hpc.itc.rwth-aachen.de",79,"79","uds",80,"n23m0164.hpc.itc.rwth-aachen.de",80,"80","uds",unix,64,4194304,10,50,87.435,20.887,24.2045,23.661,33.962,5.53617,5.55741
79,"n23m0164.hpc.itc.rwth-aachen.de",79,"79","uds",81,"n23m0164.hpc.itc.rwth-aachen.de",81,"81","uds",unix,64,4194304,10,50,42.437,22.069,24.4852,23.6035,33.63,5.27711,5.27253
79,"n23m0164.hpc.itc.rwth-aachen.de",79,"79","uds",82,"n23m0164.hpc.itc.rwth-aachen.de",82,"82","uds",unix,64,4194304,10,50,51.812,22.412,26.8818,26.442,37.539,4.26252,4.18876
79,"n23m0164.hpc.itc.rwth-aachen.de",79,"79","uds",83,"n23m0164.hpc.itc.rwth-aachen.de",83,"83","uds",unix,64,4194304,10,50,55.268,19.406,34.4629,33.452,67.681,4.56314,4.514
79,"n23m0164.hpc.itc.rwth-aachen.de",79,"79","uds",84,"n23m0164.hpc.itc.rwth-aachen.de",84,"84","uds",unix,64,4194304,10,50,50.467,18.683,23.3496,22.6985,35.733,5.27485,5.25721
79,"n23m0164.hpc.itc.rwth-aachen.de",79,"79","uds",85,"n23m0164.hpc.itc.rwth-aachen.de",85,"85","uds",unix,64,4194304,10,50,42.524,19.577,23.4171,22.9325,28.73,4.04125,4.04327
79,"n23m0164.hpc.itc.rwth-aachen.de",79,"79","uds",86,"n23m0164.hpc.itc.rwth-aachen.de",86,"86","uds",unix,64,4194304,10,50,49.183,24.479,30.5845,30.3115,41.073,4.55371,4.51355
79,"n23m0164.hpc.itc.rwth-aachen.de",79,"79","uds",87,"n23m0164.hpc.itc.rwth-aachen.de",87,"87","uds",unix,64,4194304,10,50,33.069,18.833,22.6044,22.3065,32.466,5.11514,5.1595
79,"n23m0164.hpc.itc.rwth-aachen.de",79,"79","uds",88,"n23m0164.hpc.itc.rwth-aachen.de",88,"88","uds",unix,64,4194304,10,50,37.558,19.374,23.1769,23.0975,28.352,4.09847,4.10099
79,"n23m0164.hpc.itc.rwth-aachen.de",79,"79","uds",89,"n23m0164.hpc.itc.rwth-aachen.de",89,"89","uds",unix,64,4194304,10,50,46.787,22.46,28.5948,27.9265,39.389,4.59473,4.58198
79,"n23m0164.hpc.itc.rwth-aachen.de",79,"79","uds",90,"n23m0164.hpc.itc.rwth-aachen.de",90,"90","uds",unix,64,4194304,10,50,37.315,16.707,22.1365,22.3325,27.298,4.86322,4.88158
79,"n23m0164.hpc.itc.rwth-aachen.de",79,"79","uds",91,"n23m0164.hpc.itc.rwth-aachen.de",91,"91","uds",unix,64,4194304,10,50,36.32,19.68,23.2329,23.111,34.541,3.70438,3.7288
79,"n23m0164.hpc.itc.rwth-aachen.de",79,"79","uds",92,"n23m0164.hpc.itc.rwth-aachen.de",92,"92","uds",unix,64,4194304,10,50,50.439,24.213,29.8791,29.387,39.694,3.19896,3.20025
79,"n23m0164.hpc.itc.rwth-aachen.de",79,"79","uds",93,"n23m0164.hpc.itc.rwth-aachen.de",93,"93","uds",unix,64,4194304,10,50,53.818,24.541,30.1589,30.384,37.533,4.63669,4.46198
79,"n23m0164.hpc.itc.rwth-aachen.de",79,"79","uds",94,"n23m0164.hpc.itc.rwth-aachen.de",94,"94","uds",unix,64,4194304,10,50,41.822,19.184,23.1531,22.986,26.971,3.87486,3.87403
79,"n23m0164.hpc.itc.rwth-aachen.de",79,"79","uds",95,"n23m0164.hpc.itc.rwth-aachen.de",95,"95","uds",unix,64,4194304,10,50,52.103,26.426,30.9011,30.424,37.295,4.61728,4.50285
80,"n23m0164.hpc.itc.rwth-aachen.de",80,"80","uds",81,"n23m0164.hpc.itc.rwth-aachen.de",81,"81","uds",unix,64,4194304,10,50,94.384,20.612,25.8622,25.783,34.127,5.72761,5.68089
80,"n23m0164.hpc.itc.rwth-aachen.de",80,"80","uds",82,"n23m0164.hpc.itc.rwth-aachen.de",82,"82","uds",unix,64,4194304,10,50,44.238,19.96,25.8397,25.598,34.889,5.68839,5.64659
80,"n23m0164.hpc.itc.rwth-aachen.de",80,"80","uds",83,"n23m0164.hpc.itc.rwth-aachen.de",83,"83","uds",unix,64,4194304,10,50,42.888,22.909,26.6372,26.1325,39.146,5.37989,5.37782
80,"n23m0164.hpc.itc.rwth-aachen.de",80,"80","uds",84,"n23m0164.hpc.itc.rwth-aachen.de",84,"84","uds",unix,64,4194304,10,50,45.28,19.72,23.3184,23.247,31.904,5.45836,5.4558
80,"n23m0164.hpc.itc.rwth-aachen.de",80,"80","uds",85,"n23m0164.hpc.itc.rwth-aachen.de",85,"85","uds",unix,64,4194304,10,50,43.584,20.268,22.8255,22.4465,28.417,5.42173,5.42236
80,"n23m0164.hpc.itc.rwth-aachen.de",80,"80","uds",86,"n23m0164.hpc.itc.rwth-aachen.de",86,"86","uds",unix,64,4194304,10,50,37.059,19.426,23.112,22.929,32.523,5.38143,5.39244
80,"n23m0164.hpc.itc.rwth-aachen.de",80,"80","uds",87,"n23m0164.hpc.itc.rwth-aachen.de",87,"87","uds",unix,64,4194304,10,50,40.784,16.973,22.992,22.553,29.168,5.4429,5.45295
80,"n23m0164.hpc.itc.rwth-aachen.de",80,"80","uds",88,"n23m0164.hpc.itc.rwth-aachen.de",88,"88","uds",unix,64,4194304,10,50,36.327,17.64,22.6363,22.2,34.161,5.51679,5.52221
80,"n23m0164.hpc.itc.rwth-aachen.de",80,"80","uds",89,"n23m0164.hpc.itc.rwth-aachen.de",89,"89","uds",unix,64,4194304,10,50,34.009,19.202,22.2573,21.668,32.482,5.56849,5.55555
80,"n23m0164.hpc.itc.rwth-aachen.de",80,"80","uds",90,"n23m0164.hpc.itc.rwth-aachen.de",90,"90","uds",unix,64,4194304,10,50,38.931,19.07,23.0226,22.6025,38.206,5.56566,5.56425
80,"n23m0164.hpc.itc.rwth-aachen.de",80,"80","uds",91,"n23m0164.hpc.itc.rwth-aachen.de",91,"91","uds",unix,64,4194304,10,50,31.915,19.957,23.355,22.695,39.62,5.61102,5.60567
80,"n23m0164.hpc.itc.rwth-aachen.de",80,"80","uds",92,"n23m0164.hpc.itc.rwth-aachen.de",92,"92","uds",unix,64,4194304,10,50,34.005,18.296,22.7188,22.4555,31.258,5.59242,5.5987
80,"n23m0164.hpc.itc.rwth-aachen.de",80,"80","uds",93,"n23m0164.hpc.itc.rwth-aachen.de",93,"93","uds",unix,64,4194304,10,50,35.944,18.595,21.7536,21.4305,31.521,5.62396,5.61912
80,"n23m0164.hpc.itc.rwth-aachen.de",80,"80","uds",94,"n23m0164.hpc.itc.rwth-aachen.de",94,"94","uds",unix,64,4194304,10,50,36.246,14.92,22.8269,22.2395,34.899,5.57286,5.57391
80,"n23m0164.hpc.itc.rwth-aachen.de",80,"80","uds",95,"n23m0164.hpc.itc.rwth-aachen.de",95,"95","uds",unix,64,4194304,10,50,34.418,19.602,22.639,22.442,29.408,5.47477,5.48778
81,"n23m0164.hpc.itc.rwth-aachen.de",81,"81","uds",82,"n23m0164.hpc.itc.rwth-aachen.de",82,"82","uds",unix,64,4194304,10,50,91.965,20.885,24.6764,24.736,32.434,5.13513,5.18641
81,"n23m0164.hpc.itc.rwth-aachen.de",81,"81","uds",83,"n23m0164.hpc.itc.rwth-aachen.de",83,"83","uds",unix,64,4194304,10,50,49.625,22.58,28.0327,27.9025,39.773,5.21685,5.19119
81,"n23m0164.hpc.itc.rwth-aachen.de",81,"81","uds",84,"n23m0164.hpc.itc.rwth-aachen.de",84,"84","uds",unix,64,4194304,10,50,49.014,18.904,22.3074,21.7815,30.923,5.12332,5.1468
81,"n23m0164.hpc.itc.rwth-aachen.de",81,"81","uds",85,"n23m0164.hpc.itc.rwth-aachen.de",85,"85","uds",unix,64,4194304,10,50,39.778,19.927,23.2901,23.281,28.449,5.05659,5.05608
81,"n23m0164.hpc.itc.rwth-aachen.de",81,"81","uds",86,"n23m0164.hpc.itc.rwth-aachen.de",86,"86","uds",unix,64,4194304,10,50,40.887,20.421,23.0904,22.4925,29.772,5.39785,5.3684
81,"n23m0164.hpc.itc.rwth-aachen.de",81,"81","uds",87,"n23m0164.hpc.itc.rwth-aachen.de",87,"87","uds",unix,64,4194304,10,50,37.566,18.692,22.6148,22.266,39.89,5.2016,5.19233
81,"n23m0164.hpc.itc.rwth-aachen.de",81,"81","uds",88,"n23m0164.hpc.itc.rwth-aachen.de",88,"88","uds",unix,64,4194304,10,50,39.613,19.681,22.9289,22.755,29.188,5.05782,5.05905
81,"n23m0164.hpc.itc.rwth-aachen.de",81,"81","uds",89,"n23m0164.hpc.itc.rwth-aachen.de",89,"89","uds",unix,64,4194304,10,50,35.526,19.405,22.9483,22.675,27.888,5.57933,5.50053
81,"n23m0164.hpc.itc.rwth-aachen.de",81,"81","uds",90,"n23m0164.hpc.itc.rwth-aachen.de",90,"90","uds",unix,64,4194304,10,50,35.751,15.593,21.949,21.7285,35.361,5.25806,5.29234
81,"n23m0164.hpc.itc.rwth-aachen.de",81,"81","uds",91,"n23m0164.hpc.itc.rwth-aachen.de",91,"91","uds",unix,64,4194304,10,50,38.272,19.04,23.5977,23.613,27.774,5.12117,5.13106
81,"n23m0164.hpc.itc.rwth-aachen.de",81,"81","uds",92,"n23m0164.hpc.itc.rwth-aachen.de",92,"92","uds",unix,64,4194304,10,50,38.801,19.088,23.1716,22.8335,33.874,5.07047,5.07081
81,"n23m0164.hpc.itc.rwth-aachen.de",81,"81","uds",93,"n23m0164.hpc.itc.rwth-aachen.de",93,"93","uds",unix,64,4194304,10,50,37.882,18.76,23.3297,23.4145,28.594,5.07912,5.07788
81,"n23m0164.hpc.itc.rwth-aachen.de",81,"81","uds",94,"n23m0164.hpc.itc.rwth-aachen.de",94,"94","uds",unix,64,4194304,10,50,37.028,19.407,23.1341,23.0275,35.831,5.06023,5.06903
81,"n23m0164.hpc.itc.rwth-aachen.de",81,"81","uds",95,"n23m0164.hpc.itc.rwth-aachen.de",95,"95","uds",unix,64,4194304,10,50,35.234,19.343,23.1854,22.83,35.074,5.51793,5.4496
82,"n23m0164.hpc.itc.rwth-aachen.de",82,"82","uds",83,"n23m0164.hpc.itc.rwth-aachen.de",83,"83","uds",unix,64,4194304,10,50,86.799,19.298,25.5982,24.973,40.141,5.41539,5.3847
82,"n23m0164.hpc.itc.rwth-aachen.de",82,"82","uds",84,"n23m0164.hpc.itc.rwth-aachen.de",84,"84","uds",unix,64,4194304,10,50,55.879,20.367,23.3405,22.7555,32.958,5.0928,5.10228
82,"n23m0164.hpc.itc.rwth-aachen.de",82,"82","uds",85,"n23m0164.hpc.itc.rwth-aachen.de",85,"85","uds",unix,64,4194304,10,50,43.239,19.197,24.0001,23.8235,30,4.06211,3.98929
82,"n23m0164.hpc.itc.rwth-aachen.de",82,"82","uds",86,"n23m0164.hpc.itc.rwth-aachen.de",86,"86","uds",unix,64,4194304,10,50,48.24,18.858,31.8242,30.8655,54.201,4.53419,4.4372
82,"n23m0164.hpc.itc.rwth-aachen.de",82,"82","uds",87,"n23m0164.hpc.itc.rwth-aachen.de",87,"87","uds",unix,64,4194304,10,50,37.047,18.556,22.8222,22.5455,26.477,4.83154,4.86554
82,"n23m0164.hpc.itc.rwth-aachen.de",82,"82","uds",88,"n23m0164.hpc.itc.rwth-aachen.de",88,"88","uds",unix,64,4194304,10,50,39.059,20.511,24.5646,24.1905,30.323,3.79885,3.88907
82,"n23m0164.hpc.itc.rwth-aachen.de",82,"82","uds",89,"n23m0164.hpc.itc.rwth-aachen.de",89,"89","uds",unix,64,4194304,10,50,47.293,23.219,29.4552,29.0255,45.834,4.61974,4.62158
82,"n23m0164.hpc.itc.rwth-aachen.de",82,"82","uds",90,"n23m0164.hpc.itc.rwth-aachen.de",90,"90","uds",unix,64,4194304,10,50,39.312,17.645,23.6692,23.1545,34.221,5.01417,5.03534
82,"n23m0164.hpc.itc.rwth-aachen.de",82,"82","uds",91,"n23m0164.hpc.itc.rwth-aachen.de",91,"91","uds",unix,64,4194304,10,50,43.007,19.2,23.6914,23.079,32.815,3.77418,3.76235
82,"n23m0164.hpc.itc.rwth-aachen.de",82,"82","uds",92,"n23m0164.hpc.itc.rwth-aachen.de",92,"92","uds",unix,64,4194304,10,50,58.479,26.542,30.875,29.699,41.53,3.18913,3.18177
82,"n23m0164.hpc.itc.rwth-aachen.de",82,"82","uds",93,"n23m0164.hpc.itc.rwth-aachen.de",93,"93","uds",unix,64,4194304,10,50,52.697,25.246,31.0137,30.934,41.885,4.10555,4.11648
82,"n23m0164.hpc.itc.rwth-aachen.de",82,"82","uds",94,"n23m0164.hpc.itc.rwth-aachen.de",94,"94","uds",unix,64,4194304,10,50,56.868,17.087,26.202,25.05,43.819,3.45848,3.53821
82,"n23m0164.hpc.itc.rwth-aachen.de",82,"82","uds",95,"n23m0164.hpc.itc.rwth-aachen.de",95,"95","uds",unix,64,4194304,10,50,62.945,24.027,31.9508,32.0255,45.804,4.07583,3.94623
83,"n23m0164.hpc.itc.rwth-aachen.de",83,"83","uds",84,"n23m0164.hpc.itc.rwth-aachen.de",84,"84","uds",unix,64,4194304,10,50,104.079,21.457,24.962,24.4235,31.698,5.44428,5.4164
83,"n23m0164.hpc.itc.rwth-aachen.de",83,"83","uds",85,"n23m0164.hpc.itc.rwth-aachen.de",85,"85","uds",unix,64,4194304,10,50,42.342,18.413,22.9876,22.599,28.634,5.36772,5.34183
83,"n23m0164.hpc.itc.rwth-aachen.de",83,"83","uds",86,"n23m0164.hpc.itc.rwth-aachen.de",86,"86","uds",unix,64,4194304,10,50,44.445,19.516,23.7602,23.2795,33.869,5.383,5.38071
83,"n23m0164.hpc.itc.rwth-aachen.de",83,"83","uds",87,"n23m0164.hpc.itc.rwth-aachen.de",87,"87","uds",unix,64,4194304,10,50,46.32,20.603,23.1518,22.951,29.927,5.41279,5.41536
83,"n23m0164.hpc.itc.rwth-aachen.de",83,"83","uds",88,"n23m0164.hpc.itc.rwth-aachen.de",88,"88","uds",unix,64,4194304,10,50,37.88,19.046,23.1409,22.4765,44.266,5.44186,5.44938
83,"n23m0164.hpc.itc.rwth-aachen.de",83,"83","uds",89,"n23m0164.hpc.itc.rwth-aachen.de",89,"89","uds",unix,64,4194304,10,50,36.959,18.962,22.7309,22.318,31.918,5.40911,5.41011
83,"n23m0164.hpc.itc.rwth-aachen.de",83,"83","uds",90,"n23m0164.hpc.itc.rwth-aachen.de",90,"90","uds",unix,64,4194304,10,50,39.247,19.46,22.8243,22.4685,28.31,5.44201,5.45623
83,"n23m0164.hpc.itc.rwth-aachen.de",83,"83","uds",91,"n23m0164.hpc.itc.rwth-aachen.de",91,"91","uds",unix,64,4194304,10,50,34.588,17.772,23.6041,22.537,53.065,5.58391,5.39686
83,"n23m0164.hpc.itc.rwth-aachen.de",83,"83","uds",92,"n23m0164.hpc.itc.rwth-aachen.de",92,"92","uds",unix,64,4194304,10,50,44.595,19.517,22.8532,22.3635,36.206,5.53457,5.48281
83,"n23m0164.hpc.itc.rwth-aachen.de",83,"83","uds",93,"n23m0164.hpc.itc.rwth-aachen.de",93,"93","uds",unix,64,4194304,10,50,49.507,19.947,22.8668,22.45,31.298,5.56724,5.56569
83,"n23m0164.hpc.itc.rwth-aachen.de",83,"83","uds",94,"n23m0164.hpc.itc.rwth-aachen.de",94,"94","uds",unix,64,4194304,10,50,51.309,15.715,23.1709,22.793,43.417,5.55549,5.55112
83,"n23m0164.hpc.itc.rwth-aachen.de",83,"83","uds",95,"n23m0164.hpc.itc.rwth-aachen.de",95,"95","uds",unix,64,4194304,10,50,49.393,21.182,24.0023,23.245,40.117,5.4678,5.46914
84,"n23m0164.hpc.itc.rwth-aachen.de",84,"84","uds",85,"n23m0164.hpc.itc.rwth-aachen.de",85,"85","uds",unix,64,4194304,10,50,95.714,22.789,25.568,24.614,33.26,5.15999,5.20224
84,"n23m0164.hpc.itc.rwth-aachen.de",84,"84","uds",86,"n23m0164.hpc.itc.rwth-aachen.de",86,"86","uds",unix,64,4194304,10,50,56.702,18.363,29.0261,28.5045,48.314,5.06184,5.00788
84,"n23m0164.hpc.itc.rwth-aachen.de",84,"84","uds",87,"n23m0164.hpc.itc.rwth-aachen.de",87,"87","uds",unix,64,4194304,10,50,50.095,22.919,25.5649,24.7905,31.748,4.9429,4.97234
84,"n23m0164.hpc.itc.rwth-aachen.de",84,"84","uds",88,"n23m0164.hpc.itc.rwth-aachen.de",88,"88","uds",unix,64,4194304,10,50,57.355,23.311,27.7363,27.3415,35.159,4.7963,4.78486
84,"n23m0164.hpc.itc.rwth-aachen.de",84,"84","uds",89,"n23m0164.hpc.itc.rwth-aachen.de",89,"89","uds",unix,64,4194304,10,50,48.894,21.181,27.635,27.593,44.622,5.31498,5.27531
84,"n23m0164.hpc.itc.rwth-aachen.de",84,"84","uds",90,"n23m0164.hpc.itc.rwth-aachen.de",90,"90","uds",unix,64,4194304,10,50,53.24,22.073,26.0055,25.858,35.026,4.96862,4.99662
84,"n23m0164.hpc.itc.rwth-aachen.de",84,"84","uds",91,"n23m0164.hpc.itc.rwth-aachen.de",91,"91","uds",unix,64,4194304,10,50,48.887,23.51,28.0523,27.539,36.87,4.51357,4.53553
84,"n23m0164.hpc.itc.rwth-aachen.de",84,"84","uds",92,"n23m0164.hpc.itc.rwth-aachen.de",92,"92","uds",unix,64,4194304,10,50,54.102,22.34,29.7162,29.4775,44.126,4.26656,4.27455
84,"n23m0164.hpc.itc.rwth-aachen.de",84,"84","uds",93,"n23m0164.hpc.itc.rwth-aachen.de",93,"93","uds",unix,64,4194304,10,50,51.919,23.371,29.0015,29.2195,35.49,4.37072,4.38569
84,"n23m0164.hpc.itc.rwth-aachen.de",84,"84","uds",94,"n23m0164.hpc.itc.rwth-aachen.de",94,"94","uds",unix,64,4194304,10,50,51.56,22.798,29.0231,28.437,42.142,4.27582,4.29181
84,"n23m0164.hpc.itc.rwth-aachen.de",84,"84","uds",95,"n23m0164.hpc.itc.rwth-aachen.de",95,"95","uds",unix,64,4194304,10,50,54.133,22.94,29.3278,28.949,37.639,4.89036,4.86052
85,"n23m0164.hpc.itc.rwth-aachen.de",85,"85","uds",86,"n23m0164.hpc.itc.rwth-aachen.de",86,"86","uds",unix,64,4194304,10,50,104.291,19.129,26.6802,26.422,48.278,5.60124,5.56819
85,"n23m0164.hpc.itc.rwth-aachen.de",85,"85","uds",87,"n23m0164.hpc.itc.rwth-aachen.de",87,"87","uds",unix,64,4194304,10,50,46.126,21.571,26.6807,26.1175,38.276,5.35785,5.35937
85,"n23m0164.hpc.itc.rwth-aachen.de",85,"85","uds",88,"n23m0164.hpc.itc.rwth-aachen.de",88,"88","uds",unix,64,4194304,10,50,50.041,16.875,26.7028,26.04,49.563,4.1747,4.24897
85,"n23m0164.hpc.itc.rwth-aachen.de",85,"85","uds",89,"n23m0164.hpc.itc.rwth-aachen.de",89,"89","uds",unix,64,4194304,10,50,56.438,24.674,31.1726,31.2225,40.64,5.04173,4.98842
85,"n23m0164.hpc.itc.rwth-aachen.de",85,"85","uds",90,"n23m0164.hpc.itc.rwth-aachen.de",90,"90","uds",unix,64,4194304,10,50,80.388,22.831,26.4634,26.3055,37.628,5.41763,5.38532
85,"n23m0164.hpc.itc.rwth-aachen.de",85,"85","uds",91,"n23m0164.hpc.itc.rwth-aachen.de",91,"91","uds",unix,64,4194304,10,50,49.167,20.474,27.0326,27.1335,38.324,3.80826,3.83975
85,"n23m0164.hpc.itc.rwth-aachen.de",85,"85","uds",92,"n23m0164.hpc.itc.rwth-aachen.de",92,"92","uds",unix,64,4194304,10,50,69.991,28.182,36.8522,36.1955,47.562,3.12443,3.12916
85,"n23m0164.hpc.itc.rwth-aachen.de",85,"85","uds",93,"n23m0164.hpc.itc.rwth-aachen.de",93,"93","uds",unix,64,4194304,10,50,66.387,27.132,35.7274,35.628,46.638,3.74172,3.73892
85,"n23m0164.hpc.itc.rwth-aachen.de",85,"85","uds",94,"n23m0164.hpc.itc.rwth-aachen.de",94,"94","uds",unix,64,4194304,10,50,55.898,23.316,31.0558,31.211,40.972,3.22851,3.26256
85,"n23m0164.hpc.itc.rwth-aachen.de",85,"85","uds",95,"n23m0164.hpc.itc.rwth-aachen.de",95,"95","uds",unix,64,4194304,10,50,75.006,27.619,37.0003,36.3545,62.201,4.59865,4.5423
86,"n23m0164.hpc.itc.rwth-aachen.de",86,"86","uds",87,"n23m0164.hpc.itc.rwth-aachen.de",87,"87","uds",unix,64,4194304,10,50,106.645,21.131,26.687,26.41,36.358,5.18303,5.18951
86,"n23m0164.hpc.itc.rwth-aachen.de",86,"86","uds",88,"n23m0164.hpc.itc.rwth-aachen.de",88,"88","uds",unix,64,4194304,10,50,47.716,20.986,26.4414,26.4485,35.144,5.26188,5.29494
86,"n23m0164.hpc.itc.rwth-aachen.de",86,"86","uds",89,"n23m0164.hpc.itc.rwth-aachen.de",89,"89","uds",unix,64,4194304,10,50,46.385,21.169,26.5562,26.723,33.646,5.22628,5.23593
86,"n23m0164.hpc.itc.rwth-aachen.de",86,"86","uds",90,"n23m0164.hpc.itc.rwth-aachen.de",90,"90","uds",unix,64,4194304,10,50,49.305,21.558,26.7674,26.4795,35.832,5.24976,5.29848
86,"n23m0164.hpc.itc.rwth-aachen.de",86,"86","uds",91,"n23m0164.hpc.itc.rwth-aachen.de",91,"91","uds",unix,64,4194304,10,50,45.526,23.647,27.5632,27.752,32.985,5.36383,5.39282
86,"n23m0164.hpc.itc.rwth-aachen.de",86,"86","uds",92,"n23m0164.hpc.itc.rwth-aachen.de",92,"92","uds",unix,64,4194304,10,50,44.445,21.05,26.9579,26.748,40.079,5.59993,5.5496
86,"n23m0164.hpc.itc.rwth-aachen.de",86,"86","uds",93,"n23m0164.hpc.itc.rwth-aachen.de",93,"93","uds",unix,64,4194304,10,50,40.913,20.636,25.882,26.0985,32.172,5.59746,5.66163
86,"n23m0164.hpc.itc.rwth-aachen.de",86,"86","uds",94,"n23m0164.hpc.itc.rwth-aachen.de",94,"94","uds",unix,64,4194304,10,50,42.631,20.004,25.7577,25.8275,34.925,5.73654,5.7155
86,"n23m0164.hpc.itc.rwth-aachen.de",86,"86","uds",95,"n23m0164.hpc.itc.rwth-aachen.de",95,"95","uds",unix,64,4194304,10,50,42.069,17.89,25.5088,25.4915,36.383,5.34791,5.35599
87,"n23m0164.hpc.itc.rwth-aachen.de",87,"87","uds",88,"n23m0164.hpc.itc.rwth-aachen.de",88,"88","uds",unix,64,4194304,10,50,92.932,22.958,26.5672,25.874,35.932,4.76996,4.74426
87,"n23m0164.hpc.itc.rwth-aachen.de",87,"87","uds",89,"n23m0164.hpc.itc.rwth-aachen.de",89,"89","uds",unix,64,4194304,10,50,49.608,22.533,27.306,26.9035,35.558,5.08026,5.04394
87,"n23m0164.hpc.itc.rwth-aachen.de",87,"87","uds",90,"n23m0164.hpc.itc.rwth-aachen.de",90,"90","uds",unix,64,4194304,10,50,49.853,19.967,25.786,25.191,34.306,4.9088,4.91322
87,"n23m0164.hpc.itc.rwth-aachen.de",87,"87","uds",91,"n23m0164.hpc.itc.rwth-aachen.de",91,"91","uds",unix,64,4194304,10,50,46.366,22.594,28.0204,27.626,36.215,4.89312,4.88381
87,"n23m0164.hpc.itc.rwth-aachen.de",87,"87","uds",92,"n23m0164.hpc.itc.rwth-aachen.de",92,"92","uds",unix,64,4194304,10,50,49.37,21.989,27.7742,27.265,38.256,4.72409,4.7279
87,"n23m0164.hpc.itc.rwth-aachen.de",87,"87","uds",93,"n23m0164.hpc.itc.rwth-aachen.de",93,"93","uds",unix,64,4194304,10,50,51.608,20.659,28.4273,28.479,37.689,4.64072,4.68647
87,"n23m0164.hpc.itc.rwth-aachen.de",87,"87","uds",94,"n23m0164.hpc.itc.rwth-aachen.de",94,"94","uds",unix,64,4194304,10,50,48.493,22.331,28.4753,28.3805,37.511,4.56092,4.56379
87,"n23m0164.hpc.itc.rwth-aachen.de",87,"87","uds",95,"n23m0164.hpc.itc.rwth-aachen.de",95,"95","uds",unix,64,4194304,10,50,47.07,21.571,28.6726,28.344,37.094,5.15298,5.14723
88,"n23m0164.hpc.itc.rwth-aachen.de",88,"88","uds",89,"n23m0164.hpc.itc.rwth-aachen.de",89,"89","uds",unix,64,4194304,10,50,96.002,19.504,25.4275,25.442,33.28,5.30751,5.31318
88,"n23m0164.hpc.itc.rwth-aachen.de",88,"88","uds",90,"n23m0164.hpc.itc.rwth-aachen.de",90,"90","uds",unix,64,4194304,10,50,50.898,19.931,25.692,24.8725,34.667,4.92577,4.95731
88,"n23m0164.hpc.itc.rwth-aachen.de",88,"88","uds",91,"n23m0164.hpc.itc.rwth-aachen.de",91,"91","uds",unix,64,4194304,10,50,44.219,21.513,28.0991,28.159,36.956,3.24654,3.39623
88,"n23m0164.hpc.itc.rwth-aachen.de",88,"88","uds",92,"n23m0164.hpc.itc.rwth-aachen.de",92,"92","uds",unix,64,4194304,10,50,65.18,25.417,36.1456,36.1045,58.147,2.94679,2.97171
88,"n23m0164.hpc.itc.rwth-aachen.de",88,"88","uds",93,"n23m0164.hpc.itc.rwth-aachen.de",93,"93","uds",unix,64,4194304,10,50,71.396,24.475,35.8092,36.186,50.563,3.92063,3.87866
88,"n23m0164.hpc.itc.rwth-aachen.de",88,"88","uds",94,"n23m0164.hpc.itc.rwth-aachen.de",94,"94","uds",unix,64,4194304,10,50,57.869,22.1,29.6725,29.482,41.338,3.16569,3.23418
88,"n23m0164.hpc.itc.rwth-aachen.de",88,"88","uds",95,"n23m0164.hpc.itc.rwth-aachen.de",95,"95","uds",unix,64,4194304,10,50,69.068,23.365,36.7783,36.312,49.155,4.5424,4.45292
89,"n23m0164.hpc.itc.rwth-aachen.de",89,"89","uds",90,"n23m0164.hpc.itc.rwth-aachen.de",90,"90","uds",unix,64,4194304,10,50,111.984,20.612,26.2049,26.327,36.05,5.39546,5.38261
89,"n23m0164.hpc.itc.rwth-aachen.de",89,"89","uds",91,"n23m0164.hpc.itc.rwth-aachen.de",91,"91","uds",unix,64,4194304,10,50,52.781,20.51,27.5686,26.8805,55.425,5.49621,5.4717
89,"n23m0164.hpc.itc.rwth-aachen.de",89,"89","uds",92,"n23m0164.hpc.itc.rwth-aachen.de",92,"92","uds",unix,64,4194304,10,50,44.326,20.987,25.7251,25.2585,42.73,5.70167,5.64739
89,"n23m0164.hpc.itc.rwth-aachen.de",89,"89","uds",93,"n23m0164.hpc.itc.rwth-aachen.de",93,"93","uds",unix,64,4194304,10,50,39.205,20.46,25.1251,25.0665,31.528,5.74075,5.71517
89,"n23m0164.hpc.itc.rwth-aachen.de",89,"89","uds",94,"n23m0164.hpc.itc.rwth-aachen.de",94,"94","uds",unix,64,4194304,10,50,43.269,22.647,26.105,25.6125,36.608,5.90268,5.87459
89,"n23m0164.hpc.itc.rwth-aachen.de",89,"89","uds",95,"n23m0164.hpc.itc.rwth-aachen.de",95,"95","uds",unix,64,4194304,10,50,42.369,18.945,25.2788,25.0435,31.238,5.26664,5.27009
90,"n23m0164.hpc.itc.rwth-aachen.de",90,"90","uds",91,"n23m0164.hpc.itc.rwth-aachen.de",91,"91","uds",unix,64,4194304,10,50,107.072,21.456,27.0268,26.595,37.113,4.88458,4.88977
90,"n23m0164.hpc.itc.rwth-aachen.de",90,"90","uds",92,"n23m0164.hpc.itc.rwth-aachen.de",92,"92","uds",unix,64,4194304,10,50,49.452,20.624,27.2095,26.5395,45.973,4.73855,4.76458
90,"n23m0164.hpc.itc.rwth-aachen.de",90,"90","uds",93,"n23m0164.hpc.itc.rwth-aachen.de",93,"93","uds",unix,64,4194304,10,50,48.932,21.777,25.776,25.057,33.445,4.86357,4.92322
90,"n23m0164.hpc.itc.rwth-aachen.de",90,"90","uds",94,"n23m0164.hpc.itc.rwth-aachen.de",94,"94","uds",unix,64,4194304,10,50,45.372,21.062,25.5035,25.287,33.526,4.8504,4.89512
90,"n23m0164.hpc.itc.rwth-aachen.de",90,"90","uds",95,"n23m0164.hpc.itc.rwth-aachen.de",95,"95","uds",unix,64,4194304,10,50,46.127,23.998,26.6584,26.229,36.077,5.39699,5.36245
91,"n23m0164.hpc.itc.rwth-aachen.de",91,"91","uds",92,"n23m0164.hpc.itc.rwth-aachen.de",92,"92","uds",unix,64,4194304,10,50,108.516,18.678,26.2895,25.954,49.525,4.46459,4.42429
91,"n23m0164.hpc.itc.rwth-aachen.de",91,"91","uds",93,"n23m0164.hpc.itc.rwth-aachen.de",93,"93","uds",unix,64,4194304,10,50,59.481,23.537,31.8804,31.9405,46.256,4.32118,4.32393
91,"n23m0164.hpc.itc.rwth-aachen.de",91,"91","uds",94,"n23m0164.hpc.itc.rwth-aachen.de",94,"94","uds",unix,64,4194304,10,50,53.558,22.523,27.865,27.6415,37.808,3.52671,3.5818
91,"n23m0164.hpc.itc.rwth-aachen.de",91,"91","uds",95,"n23m0164.hpc.itc.rwth-aachen.de",95,"95","uds",unix,64,4194304,10,50,59.061,24.747,36.6379,36.117,51.35,4.67314,4.57139
92,"n23m0164.hpc.itc.rwth-aachen.de",92,"92","uds",93,"n23m0164.hpc.itc.rwth-aachen.de",93,"93","uds",unix,64,4194304,10,50,95.116,21.703,26.4526,26.472,34.313,4.78966,4.8205
92,"n23m0164.hpc.itc.rwth-aachen.de",92,"92","uds",94,"n23m0164.hpc.itc.rwth-aachen.de",94,"94","uds",unix,64,4194304,10,50,49.653,20.429,26.8474,26.859,40.457,4.28106,4.27722
92,"n23m0164.hpc.itc.rwth-aachen.de",92,"92","uds",95,"n23m0164.hpc.itc.rwth-aachen.de",95,"95","uds",unix,64,4194304,10,50,51.847,23.589,28.9157,28.821,39.974,5.16074,5.128
93,"n23m0164.hpc.itc.rwth-aachen.de",93,"93","uds",94,"n23m0164.hpc.itc.rwth-aachen.de",94,"94","uds",unix,64,4194304,10,50,100.179,21.682,25.619,25.666,33.005,5.04281,5.05907
93,"n23m0164.hpc.itc.rwth-aachen.de",93,"93","uds",95,"n23m0164.hpc.itc.rwth-aachen.de",95,"95","uds",unix,64,4194304,10,50,46.032,20.875,27.2549,27.063,39.74,5.31155,5.32128
94,"n23m0164.hpc.itc.rwth-aachen.de",94,"94","uds",95,"n23m0164.hpc.itc.rwth-aachen.de",95,"95","uds",unix,64,4194304,10,50,93.924,19.3,26.1336,26.3985,35.903,5.55742,5.48983
