target_rank,target_host,target_cpu,sender_rank,sender_host,sender_cpu,sender_affinity,ip,iface,payload_bytes,iters,sender_lat_min_us,sender_lat_p25_us,sender_lat_median_us,sender_lat_mean_us,sender_lat_p75_us,sender_lat_p95_us,sender_lat_max_us
0,"n23m0123.hpc.itc.rwth-aachen.de",0,1,"n23m0123.hpc.itc.rwth-aachen.de",1,"1","uds",unix,64,20,2039.23,2108.48,2178.46,2328.78,2580.2,2814.71,2886.22
0,"n23m0123.hpc.itc.rwth-aachen.de",0,2,"n23m0123.hpc.itc.rwth-aachen.de",2,"2","uds",unix,64,20,2026.02,2094.49,2163.67,2314.76,2565.33,2798.19,2874.23
0,"n23m0123.hpc.itc.rwth-aachen.de",0,3,"n23m0123.hpc.itc.rwth-aachen.de",3,"3","uds",unix,64,20,2017.7,2086.16,2154.77,2304.87,2555.2,2788.76,2864.41
0,"n23m0123.hpc.itc.rwth-aachen.de",0,4,"n23m0123.hpc.itc.rwth-aachen.de",4,"4","uds",unix,64,20,2006.63,2074.29,2143.03,2293.03,2544.07,2775.61,2852.08
0,"n23m0123.hpc.itc.rwth-aachen.de",0,5,"n23m0123.hpc.itc.rwth-aachen.de",5,"5","uds",unix,64,20,1996.92,2064.46,2133.23,2282.13,2533.62,2765.25,2840.84
0,"n23m0123.hpc.itc.rwth-aachen.de",0,6,"n23m0123.hpc.itc.rwth-aachen.de",6,"6","uds",unix,64,20,888.727,907.746,946.069,1007.84,991.195,1475.93,1570.94
0,"n23m0123.hpc.itc.rwth-aachen.de",0,7,"n23m0123.hpc.itc.rwth-aachen.de",7,"7","uds",unix,64,20,902.509,922.028,962.236,1022.88,1009.76,1491.09,1585.69
0,"n23m0123.hpc.itc.rwth-aachen.de",0,8,"n23m0123.hpc.itc.rwth-aachen.de",8,"8","uds",unix,64,20,914.857,931.507,974.418,1033.28,1020.41,1501.63,1596.25
0,"n23m0123.hpc.itc.rwth-aachen.de",0,9,"n23m0123.hpc.itc.rwth-aachen.de",9,"9","uds",unix,64,20,925.082,943.815,986.947,1046.51,1035.47,1514.27,1610.11
0,"n23m0123.hpc.itc.rwth-aachen.de",0,10,"n23m0123.hpc.itc.rwth-aachen.de",10,"10","uds",unix,64,20,934.281,952.957,995.808,1056.01,1042.88,1523.44,1620.17
0,"n23m0123.hpc.itc.rwth-aachen.de",0,11,"n23m0123.hpc.itc.rwth-aachen.de",11,"11","uds",unix,64,20,945.109,964.06,1006.65,1067.8,1054.18,1535.04,1632.64
0,"n23m0123.hpc.itc.rwth-aachen.de",0,12,"n23m0123.hpc.itc.rwth-aachen.de",12,"12","uds",unix,64,20,954.673,977.191,1018.01,1078.77,1070.97,1548.32,1642.92
0,"n23m0123.hpc.itc.rwth-aachen.de",0,13,"n23m0123.hpc.itc.rwth-aachen.de",13,"13","uds",unix,64,20,967.163,989.878,1029,1090.95,1081.31,1562.05,1652.74
0,"n23m0123.hpc.itc.rwth-aachen.de",0,14,"n23m0123.hpc.itc.rwth-aachen.de",14,"14","uds",unix,64,20,978.18,998.67,1037.87,1100.77,1090.89,1572.15,1665.27
0,"n23m0123.hpc.itc.rwth-aachen.de",0,15,"n23m0123.hpc.itc.rwth-aachen.de",15,"15","uds",unix,64,20,987.985,1010.1,1050.16,1113.15,1105.45,1584.47,1677.87
0,"n23m0123.hpc.itc.rwth-aachen.de",0,16,"n23m0123.hpc.itc.rwth-aachen.de",16,"16","uds",unix,64,20,997.43,1019.16,1060.16,1122.44,1117.27,1599.36,1689.36
0,"n23m0123.hpc.itc.rwth-aachen.de",0,17,"n23m0123.hpc.itc.rwth-aachen.de",17,"17","uds",unix,64,20,1008.61,1032.15,1072.76,1135.55,1130.13,1612.94,1701.99
0,"n23m0123.hpc.itc.rwth-aachen.de",0,18,"n23m0123.hpc.itc.rwth-aachen.de",18,"18","uds",unix,64,20,1017.95,1040.85,1083.85,1145.19,1142.14,1621.56,1712.22
0,"n23m0123.hpc.itc.rwth-aachen.de",0,19,"n23m0123.hpc.itc.rwth-aachen.de",19,"19","uds",unix,64,20,1029.7,1052.5,1095.16,1157.99,1152.4,1633.38,1725.18
0,"n23m0123.hpc.itc.rwth-aachen.de",0,20,"n23m0123.hpc.itc.rwth-aachen.de",20,"20","uds",unix,64,20,1039.99,1065.81,1108.77,1170.11,1164.42,1644.91,1737.77
0,"n23m0123.hpc.itc.rwth-aachen.de",0,21,"n23m0123.hpc.itc.rwth-aachen.de",21,"21","uds",unix,64,20,1052.91,1080.24,1122.52,1183.4,1177.03,1658.17,1748.43
0,"n23m0123.hpc.itc.rwth-aachen.de",0,22,"n23m0123.hpc.itc.rwth-aachen.de",22,"22","uds",unix,64,20,1062.58,1089.59,1135.13,1194.42,1188.1,1669.39,1759.41
0,"n23m0123.hpc.itc.rwth-aachen.de",0,23,"n23m0123.hpc.itc.rwth-aachen.de",23,"23","uds",unix,64,20,1077.11,1104.4,1148.44,1209,1201.06,1682.24,1772.01
0,"n23m0123.hpc.itc.rwth-aachen.de",0,24,"n23m0123.hpc.itc.rwth-aachen.de",24,"24","uds",unix,64,20,1087.19,1114.01,1159.95,1220.02,1213.14,1693.53,1785.38
0,"n23m0123.hpc.itc.rwth-aachen.de",0,25,"n23m0123.hpc.itc.rwth-aachen.de",25,"25","uds",unix,64,20,1100.29,1129.61,1172.47,1233.19,1226.44,1706.61,1796.52
0,"n23m0123.hpc.itc.rwth-aachen.de",0,26,"n23m0123.hpc.itc.rwth-aachen.de",26,"26","uds",unix,64,20,1110.64,1141.29,1183.55,1244.49,1238.82,1718.08,1811.07
0,"n23m0123.hpc.itc.rwth-aachen.de",0,27,"n23m0123.hpc.itc.rwth-aachen.de",27,"27","uds",unix,64,20,1122.77,1153.92,1195.72,1257.79,1251.97,1729.93,1824.68
0,"n23m0123.hpc.itc.rwth-aachen.de",0,28,"n23m0123.hpc.itc.rwth-aachen.de",28,"28","uds",unix,64,20,1132.76,1167.27,1206.37,1268.83,1264.02,1740.41,1837.03
0,"n23m0123.hpc.itc.rwth-aachen.de",0,29,"n23m0123.hpc.itc.rwth-aachen.de",29,"29","uds",unix,64,20,1146.06,1181.57,1218.49,1282.45,1278.13,1754.42,1849.9
0,"n23m0123.hpc.itc.rwth-aachen.de",0,30,"n23m0123.hpc.itc.rwth-aachen.de",30,"30","uds",unix,64,20,1156.18,1192.37,1229.18,1293.49,1290.6,1764.64,1861.38
0,"n23m0123.hpc.itc.rwth-aachen.de",0,31,"n23m0123.hpc.itc.rwth-aachen.de",31,"31","uds",unix,64,20,1168.17,1205.37,1242.58,1306.61,1303.43,1777.95,1875.08
0,"n23m0123.hpc.itc.rwth-aachen.de",0,32,"n23m0123.hpc.itc.rwth-aachen.de",32,"32","uds",unix,64,20,1179.65,1217.82,1254.2,1319.5,1316.91,1790.17,1888.82
0,"n23m0123.hpc.itc.rwth-aachen.de",0,33,"n23m0123.hpc.itc.rwth-aachen.de",33,"33","uds",unix,64,20,1192.58,1233.5,1269.12,1334.36,1332.85,1804.23,1902.76
0,"n23m0123.hpc.itc.rwth-aachen.de",0,34,"n23m0123.hpc.itc.rwth-aachen.de",34,"34","uds",unix,64,20,1202,1243.35,1279.23,1345.2,1343.31,1815.25,1914.22
0,"n23m0123.hpc.itc.rwth-aachen.de",0,35,"n23m0123.hpc.itc.rwth-aachen.de",35,"35","uds",unix,64,20,1214.62,1256.86,1292.04,1358.13,1356.51,1828.01,1927.02
0,"n23m0123.hpc.itc.rwth-aachen.de",0,36,"n23m0123.hpc.itc.rwth-aachen.de",36,"36","uds",unix,64,20,1224.6,1268.17,1302.74,1369.51,1368.91,1839.65,1938.7
0,"n23m0123.hpc.itc.rwth-aachen.de",0,37,"n23m0123.hpc.itc.rwth-aachen.de",37,"37","uds",unix,64,20,1236.25,1281.24,1315.65,1382.63,1382.25,1852.27,1953.05
0,"n23m0123.hpc.itc.rwth-aachen.de",0,38,"n23m0123.hpc.itc.rwth-aachen.de",38,"38","uds",unix,64,20,1246.99,1292.45,1326.86,1394.13,1395.12,1863.58,1963.95
0,"n23m0123.hpc.itc.rwth-aachen.de",0,39,"n23m0123.hpc.itc.rwth-aachen.de",39,"39","uds",unix,64,20,1259.04,1306.39,1339.94,1407.38,1408.13,1876.05,1978.65
0,"n23m0123.hpc.itc.rwth-aachen.de",0,40,"n23m0123.hpc.itc.rwth-aachen.de",40,"40","uds",unix,64,20,1269.29,1318.06,1351.11,1419.35,1419.2,1887.01,1991.3
0,"n23m0123.hpc.itc.rwth-aachen.de",0,41,"n23m0123.hpc.itc.rwth-aachen.de",41,"41","uds",unix,64,20,1281.22,1331.05,1365.96,1432.77,1432.8,1900.4,2005.94
0,"n23m0123.hpc.itc.rwth-aachen.de",0,42,"n23m0123.hpc.itc.rwth-aachen.de",42,"42","uds",unix,64,20,1294.3,1341.27,1376.77,1444.33,1450.38,1911.4,2017.34
0,"n23m0123.hpc.itc.rwth-aachen.de",0,43,"n23m0123.hpc.itc.rwth-aachen.de",43,"43","uds",unix,64,20,1304,1356.16,1389.52,1457.67,1463.28,1924.45,2030.93
0,"n23m0123.hpc.itc.rwth-aachen.de",0,44,"n23m0123.hpc.itc.rwth-aachen.de",44,"44","uds",unix,64,20,1314.04,1366.3,1400.24,1469.09,1474.5,1935.17,2041.71
0,"n23m0123.hpc.itc.rwth-aachen.de",0,45,"n23m0123.hpc.itc.rwth-aachen.de",45,"45","uds",unix,64,20,1326.03,1380.22,1412.66,1482.77,1489.4,1947.87,2054.88
0,"n23m0123.hpc.itc.rwth-aachen.de",0,46,"n23m0123.hpc.itc.rwth-aachen.de",46,"46","uds",unix,64,20,1336.57,1392.85,1425.13,1494.31,1500.41,1959.22,2066.55
0,"n23m0123.hpc.itc.rwth-aachen.de",0,47,"n23m0123.hpc.itc.rwth-aachen.de",47,"47","uds",unix,64,20,1348.07,1406.57,1437.37,1507.84,1518.17,1972.11,2079.17
0,"n23m0123.hpc.itc.rwth-aachen.de",0,48,"n23m0123.hpc.itc.rwth-aachen.de",48,"48","uds",unix,64,20,1362.69,1422.04,1453.48,1523.66,1534.29,1988.27,2095.32
0,"n23m0123.hpc.itc.rwth-aachen.de",0,49,"n23m0123.hpc.itc.rwth-aachen.de",49,"49","uds",unix,64,20,1376.78,1437.43,1467.31,1539.24,1550.15,2003.6,2113.39
0,"n23m0123.hpc.itc.rwth-aachen.de",0,50,"n23m0123.hpc.itc.rwth-aachen.de",50,"50","uds",unix,64,20,1388.82,1451.32,1480.57,1552.24,1563.16,2016.45,2125.74
0,"n23m0123.hpc.itc.rwth-aachen.de",0,51,"n23m0123.hpc.itc.rwth-aachen.de",51,"51","uds",unix,64,20,1405.29,1466.07,1495.04,1566.94,1577.21,2029.09,2138.81
0,"n23m0123.hpc.itc.rwth-aachen.de",0,52,"n23m0123.hpc.itc.rwth-aachen.de",52,"52","uds",unix,64,20,1420.02,1479.53,1509.56,1580.87,1590.59,2046.05,2160.49
0,"n23m0123.hpc.itc.rwth-aachen.de",0,53,"n23m0123.hpc.itc.rwth-aachen.de",53,"53","uds",unix,64,20,1434.81,1494.97,1524.45,1596.95,1607.63,2059.6,2169.6
0,"n23m0123.hpc.itc.rwth-aachen.de",0,54,"n23m0123.hpc.itc.rwth-aachen.de",54,"54","uds",unix,64,20,1448.81,1508.14,1538.51,1611.35,1620.28,2078.75,2182.18
0,"n23m0123.hpc.itc.rwth-aachen.de",0,55,"n23m0123.hpc.itc.rwth-aachen.de",55,"55","uds",unix,64,20,1464.08,1523.43,1553.23,1649.57,1676,2094.07,2195.31
0,"n23m0123.hpc.itc.rwth-aachen.de",0,56,"n23m0123.hpc.itc.rwth-aachen.de",56,"56","uds",unix,64,20,1477.25,1539.82,1574.76,1664.12,1691.03,2105.88,2209.09
0,"n23m0123.hpc.itc.rwth-aachen.de",0,57,"n23m0123.hpc.itc.rwth-aachen.de",57,"57","uds",unix,64,20,1492.8,1555.52,1589.64,1679.97,1706.02,2121.2,2222.87
0,"n23m0123.hpc.itc.rwth-aachen.de",0,58,"n23m0123.hpc.itc.rwth-aachen.de",58,"58","uds",unix,64,20,1506.06,1567.96,1604.94,1693.12,1720.24,2134.74,2235.39
0,"n23m0123.hpc.itc.rwth-aachen.de",0,59,"n23m0123.hpc.itc.rwth-aachen.de",59,"59","uds",unix,64,20,1519.38,1582.66,1620.23,1708.16,1735.49,2148.81,2249.36
0,"n23m0123.hpc.itc.rwth-aachen.de",0,60,"n23m0123.hpc.itc.rwth-aachen.de",60,"60","uds",unix,64,20,1532.15,1596.29,1635.75,1722.01,1747.28,2161.67,2261.86
0,"n23m0123.hpc.itc.rwth-aachen.de",0,61,"n23m0123.hpc.itc.rwth-aachen.de",61,"61","uds",unix,64,20,1547.52,1611.13,1653.31,1738.2,1766.32,2175.76,2276.28
0,"n23m0123.hpc.itc.rwth-aachen.de",0,62,"n23m0123.hpc.itc.rwth-aachen.de",62,"62","uds",unix,64,20,1559.78,1622.33,1666.41,1751.45,1780.89,2187.76,2290.18
0,"n23m0123.hpc.itc.rwth-aachen.de",0,63,"n23m0123.hpc.itc.rwth-aachen.de",63,"63","uds",unix,64,20,1576.06,1635.43,1681.26,1766.64,1802.35,2200.74,2304.81
0,"n23m0123.hpc.itc.rwth-aachen.de",0,64,"n23m0123.hpc.itc.rwth-aachen.de",64,"64","uds",unix,64,20,1589.24,1649.58,1695.59,1780.45,1818.37,2218.85,2319.27
0,"n23m0123.hpc.itc.rwth-aachen.de",0,65,"n23m0123.hpc.itc.rwth-aachen.de",65,"65","uds",unix,64,20,1605.37,1663.44,1711.21,1834.66,1867.02,2340.82,2505.99
0,"n23m0123.hpc.itc.rwth-aachen.de",0,66,"n23m0123.hpc.itc.rwth-aachen.de",66,"66","uds",unix,64,20,1618.12,1674.8,1728.55,1827.27,1879.28,2245.74,2348.57
0,"n23m0123.hpc.itc.rwth-aachen.de",0,67,"n23m0123.hpc.itc.rwth-aachen.de",67,"67","uds",unix,64,20,1635.82,1689.19,1743.11,1843.12,1895.8,2261.01,2365.15
0,"n23m0123.hpc.itc.rwth-aachen.de",0,68,"n23m0123.hpc.itc.rwth-aachen.de",68,"68","uds",unix,64,20,1648.48,1700.81,1754.97,1855.08,1907.56,2272.12,2380.21
0,"n23m0123.hpc.itc.rwth-aachen.de",0,69,"n23m0123.hpc.itc.rwth-aachen.de",69,"69","uds",unix,64,20,1661.6,1715.23,1769.54,1869.85,1922.47,2286.27,2395.73
0,"n23m0123.hpc.itc.rwth-aachen.de",0,70,"n23m0123.hpc.itc.rwth-aachen.de",70,"70","uds",unix,64,20,1672.91,1727.94,1781.76,1881.69,1935.02,2297.45,2409.29
0,"n23m0123.hpc.itc.rwth-aachen.de",0,71,"n23m0123.hpc.itc.rwth-aachen.de",71,"71","uds",unix,64,20,1685.18,1741.11,1795.97,1896.91,1951.18,2312.94,2427.76
0,"n23m0123.hpc.itc.rwth-aachen.de",0,72,"n23m0123.hpc.itc.rwth-aachen.de",72,"72","uds",unix,64,20,1696.76,1753.56,1809.27,1909.09,1964.3,2323.96,2441.8
0,"n23m0123.hpc.itc.rwth-aachen.de",0,73,"n23m0123.hpc.itc.rwth-aachen.de",73,"73","uds",unix,64,20,1712.15,1768.72,1825.17,1924.48,1977.5,2338.91,2457.36
0,"n23m0123.hpc.itc.rwth-aachen.de",0,74,"n23m0123.hpc.itc.rwth-aachen.de",74,"74","uds",unix,64,20,1721.97,1779.66,1836.11,1935.74,1990.67,2349.91,2470.85
0,"n23m0123.hpc.itc.rwth-aachen.de",0,75,"n23m0123.hpc.itc.rwth-aachen.de",75,"75","uds",unix,64,20,1736.76,1793,1850.9,1950,2004.02,2364.48,2483.73
0,"n23m0123.hpc.itc.rwth-aachen.de",0,76,"n23m0123.hpc.itc.rwth-aachen.de",76,"76","uds",unix,64,20,1749.11,1803.94,1864.15,1962.59,2018.73,2376.67,2498.53
0,"n23m0123.hpc.itc.rwth-aachen.de",0,77,"n23m0123.hpc.itc.rwth-aachen.de",77,"77","uds",unix,64,20,1761.21,1817.76,1879.67,1977.04,2033.29,2391.39,2514.37
0,"n23m0123.hpc.itc.rwth-aachen.de",0,78,"n23m0123.hpc.itc.rwth-aachen.de",78,"78","uds",unix,64,20,1778.83,1829.06,1896.17,1990.08,2046.08,2403.12,2525.38
0,"n23m0123.hpc.itc.rwth-aachen.de",0,79,"n23m0123.hpc.itc.rwth-aachen.de",79,"79","uds",unix,64,20,1784.36,1843.83,1910.34,2003.73,2060.27,2417.24,2543.82
0,"n23m0123.hpc.itc.rwth-aachen.de",0,80,"n23m0123.hpc.itc.rwth-aachen.de",80,"80","uds",unix,64,20,1798.01,1855.14,1923.74,2048.76,2183.8,2558,2598.98
0,"n23m0123.hpc.itc.rwth-aachen.de",0,81,"n23m0123.hpc.itc.rwth-aachen.de",81,"81","uds",unix,64,20,1813,1870.31,1939.39,2052.71,2198.41,2444.21,2568.5
0,"n23m0123.hpc.itc.rwth-aachen.de",0,82,"n23m0123.hpc.itc.rwth-aachen.de",82,"82","uds",unix,64,20,1824.38,1897.12,1952.57,2068.08,2212.05,2455.13,2583.43
0,"n23m0123.hpc.itc.rwth-aachen.de",0,83,"n23m0123.hpc.itc.rwth-aachen.de",83,"83","uds",unix,64,20,1838.78,1895.23,1966.93,2079.03,2225.24,2468.16,2595.78
0,"n23m0123.hpc.itc.rwth-aachen.de",0,84,"n23m0123.hpc.itc.rwth-aachen.de",84,"84","uds",unix,64,20,1849.73,1906.39,1979.27,2091.08,2238.43,2480.16,2607.13
0,"n23m0123.hpc.itc.rwth-aachen.de",0,85,"n23m0123.hpc.itc.rwth-aachen.de",85,"85","uds",unix,64,20,1864.81,1918.86,1993.89,2105.26,2250.52,2494.04,2619.16
0,"n23m0123.hpc.itc.rwth-aachen.de",0,86,"n23m0123.hpc.itc.rwth-aachen.de",86,"86","uds",unix,64,20,1872.47,1931.71,2005.7,2117.19,2262.69,2506.52,2633.29
0,"n23m0123.hpc.itc.rwth-aachen.de",0,87,"n23m0123.hpc.itc.rwth-aachen.de",87,"87","uds",unix,64,20,1885.91,1943.72,2020.07,2132.29,2275.78,2519.56,2648.48
0,"n23m0123.hpc.itc.rwth-aachen.de",0,88,"n23m0123.hpc.itc.rwth-aachen.de",88,"88","uds",unix,64,20,1898.5,1958.58,2032.45,2144.77,2289.81,2532.83,2660.62
0,"n23m0123.hpc.itc.rwth-aachen.de",0,89,"n23m0123.hpc.itc.rwth-aachen.de",89,"89","uds",unix,64,20,1911.36,1971.68,2047.74,2161.12,2301.45,2546.43,2674.94
0,"n23m0123.hpc.itc.rwth-aachen.de",0,90,"n23m0123.hpc.itc.rwth-aachen.de",90,"90","uds",unix,64,20,1924.4,1983.13,2059.03,2172.96,2316.04,2570.65,2689.1
0,"n23m0123.hpc.itc.rwth-aachen.de",0,91,"n23m0123.hpc.itc.rwth-aachen.de",91,"91","uds",unix,64,20,1938.3,2001.27,2072.57,2188.3,2327.22,2588.8,2703.22
0,"n23m0123.hpc.itc.rwth-aachen.de",0,92,"n23m0123.hpc.itc.rwth-aachen.de",92,"92","uds",unix,64,20,1947.5,2010.52,2085.89,2200.51,2340.65,2602.71,2715.22
0,"n23m0123.hpc.itc.rwth-aachen.de",0,93,"n23m0123.hpc.itc.rwth-aachen.de",93,"93","uds",unix,64,20,1960.58,2031.73,2099.8,2214.12,2352.88,2617.94,2727.59
0,"n23m0123.hpc.itc.rwth-aachen.de",0,94,"n23m0123.hpc.itc.rwth-aachen.de",94,"94","uds",unix,64,20,1971.53,2044.83,2112.44,2227.67,2365.48,2631.15,2740.46
0,"n23m0123.hpc.itc.rwth-aachen.de",0,95,"n23m0123.hpc.itc.rwth-aachen.de",95,"95","uds",unix,64,20,1984.94,2060.1,2125.73,2273.73,2517.24,2758.7,2827.42
0,"n23m0123.hpc.itc.rwth-aachen.de",0,1,"n23m0123.hpc.itc.rwth-aachen.de",1,"1","uds",unix,1024,20,2045.78,2097.97,2137.56,2264.25,2306.08,2846.55,2921.7
0,"n23m0123.hpc.itc.rwth-aachen.de",0,2,"n23m0123.hpc.itc.rwth-aachen.de",2,"2","uds",unix,1024,20,2034.73,2084.46,2124.37,2251.05,2292.99,2831.66,2899.43
0,"n23m0123.hpc.itc.rwth-aachen.de",0,3,"n23m0123.hpc.itc.rwth-aachen.de",3,"3","uds",unix,1024,20,2024.76,2074.02,2114.87,2240.51,2283.27,2822.5,2889.6
0,"n23m0123.hpc.itc.rwth-aachen.de",0,4,"n23m0123.hpc.itc.rwth-aachen.de",4,"4","uds",unix,1024,20,2013.21,2063.04,2102.87,2228.64,2272.4,2810.3,2876.87
0,"n23m0123.hpc.itc.rwth-aachen.de",0,5,"n23m0123.hpc.itc.rwth-aachen.de",5,"5","uds",unix,1024,20,2002.24,2052.31,2092.55,2217.84,2260.16,2799.73,2865.39
0,"n23m0123.hpc.itc.rwth-aachen.de",0,6,"n23m0123.hpc.itc.rwth-aachen.de",6,"6","uds",unix,1024,20,862.784,896.269,912.92,959.281,940.452,1035.71,1684.83
0,"n23m0123.hpc.itc.rwth-aachen.de",0,7,"n23m0123.hpc.itc.rwth-aachen.de",7,"7","uds",unix,1024,20,878.682,910.552,926.552,974.102,955.355,1049.6,1700.84
0,"n23m0123.hpc.itc.rwth-aachen.de",0,8,"n23m0123.hpc.itc.rwth-aachen.de",8,"8","uds",unix,1024,20,889.395,920.054,939.412,984.662,964.539,1059.93,1712.48
0,"n23m0123.hpc.itc.rwth-aachen.de",0,9,"n23m0123.hpc.itc.rwth-aachen.de",9,"9","uds",unix,1024,20,901.093,933.976,954.298,997.552,978.496,1076.02,1725.18
0,"n23m0123.hpc.itc.rwth-aachen.de",0,10,"n23m0123.hpc.itc.rwth-aachen.de",10,"10","uds",unix,1024,20,910.005,944.103,965.58,1008.04,988.02,1087.22,1734.62
0,"n23m0123.hpc.itc.rwth-aachen.de",0,11,"n23m0123.hpc.itc.rwth-aachen.de",11,"11","uds",unix,1024,20,921.479,956.748,978.196,1020.42,999.439,1100.5,1745.19
0,"n23m0123.hpc.itc.rwth-aachen.de",0,12,"n23m0123.hpc.itc.rwth-aachen.de",12,"12","uds",unix,1024,20,930.773,967.699,991.756,1030.69,1008.86,1108.64,1755.61
0,"n23m0123.hpc.itc.rwth-aachen.de",0,13,"n23m0123.hpc.itc.rwth-aachen.de",13,"13","uds",unix,1024,20,941.801,981,1003.05,1043.14,1021.49,1122.43,1768.18
0,"n23m0123.hpc.itc.rwth-aachen.de",0,14,"n23m0123.hpc.itc.rwth-aachen.de",14,"14","uds",unix,1024,20,950.92,992.359,1012.03,1053.15,1030.68,1132.43,1777.47
0,"n23m0123.hpc.itc.rwth-aachen.de",0,15,"n23m0123.hpc.itc.rwth-aachen.de",15,"15","uds",unix,1024,20,962.2,1004.44,1023.88,1065.1,1044.67,1144.03,1788.98
0,"n23m0123.hpc.itc.rwth-aachen.de",0,16,"n23m0123.hpc.itc.rwth-aachen.de",16,"16","uds",unix,1024,20,971.179,1014.23,1032.99,1075.12,1053.87,1156.47,1798.55
0,"n23m0123.hpc.itc.rwth-aachen.de",0,17,"n23m0123.hpc.itc.rwth-aachen.de",17,"17","uds",unix,1024,20,981.931,1026.26,1044.83,1087.16,1071.04,1167.06,1810.47
0,"n23m0123.hpc.itc.rwth-aachen.de",0,18,"n23m0123.hpc.itc.rwth-aachen.de",18,"18","uds",unix,1024,20,991.194,1035.18,1054.12,1096.59,1078.86,1179.4,1819.75
0,"n23m0123.hpc.itc.rwth-aachen.de",0,19,"n23m0123.hpc.itc.rwth-aachen.de",19,"19","uds",unix,1024,20,1001.93,1047.13,1066.3,1108.25,1090.28,1192.52,1830.21
0,"n23m0123.hpc.itc.rwth-aachen.de",0,20,"n23m0123.hpc.itc.rwth-aachen.de",20,"20","uds",unix,1024,20,1012.13,1057.64,1077.74,1119.34,1101.76,1201.95,1841.79
0,"n23m0123.hpc.itc.rwth-aachen.de",0,21,"n23m0123.hpc.itc.rwth-aachen.de",21,"21","uds",unix,1024,20,1024.5,1071.17,1091.76,1132.34,1114.94,1218.38,1854.61
0,"n23m0123.hpc.itc.rwth-aachen.de",0,22,"n23m0123.hpc.itc.rwth-aachen.de",22,"22","uds",unix,1024,20,1035.41,1083.36,1102.72,1143.46,1125.95,1230.64,1865.3
0,"n23m0123.hpc.itc.rwth-aachen.de",0,23,"n23m0123.hpc.itc.rwth-aachen.de",23,"23","uds",unix,1024,20,1046.69,1099.48,1115.51,1156.39,1140.47,1243.32,1877.96
0,"n23m0123.hpc.itc.rwth-aachen.de",0,24,"n23m0123.hpc.itc.rwth-aachen.de",24,"24","uds",unix,1024,20,1057.64,1108.2,1127.06,1167.15,1150.09,1255.3,1888.72
0,"n23m0123.hpc.itc.rwth-aachen.de",0,25,"n23m0123.hpc.itc.rwth-aachen.de",25,"25","uds",unix,1024,20,1074.65,1122.97,1139.56,1180.79,1164.88,1270.25,1902.07
0,"n23m0123.hpc.itc.rwth-aachen.de",0,26,"n23m0123.hpc.itc.rwth-aachen.de",26,"26","uds",unix,1024,20,1086.47,1133.8,1151.24,1191.76,1176.27,1282.26,1912.74
0,"n23m0123.hpc.itc.rwth-aachen.de",0,27,"n23m0123.hpc.itc.rwth-aachen.de",27,"27","uds",unix,1024,20,1098.74,1146.64,1163.39,1204.31,1188.17,1296.32,1924.78
0,"n23m0123.hpc.itc.rwth-aachen.de",0,28,"n23m0123.hpc.itc.rwth-aachen.de",28,"28","uds",unix,1024,20,1112.09,1157.21,1174.22,1215,1199.7,1307.58,1935.39
0,"n23m0123.hpc.itc.rwth-aachen.de",0,29,"n23m0123.hpc.itc.rwth-aachen.de",29,"29","uds",unix,1024,20,1124.7,1170.55,1186.55,1294.18,1239.8,1976.49,2512.23
0,"n23m0123.hpc.itc.rwth-aachen.de",0,30,"n23m0123.hpc.itc.rwth-aachen.de",30,"30","uds",unix,1024,20,1135.32,1181.12,1197.46,1260.25,1251.24,1642.3,1958.64
0,"n23m0123.hpc.itc.rwth-aachen.de",0,31,"n23m0123.hpc.itc.rwth-aachen.de",31,"31","uds",unix,1024,20,1148.23,1193.96,1209.84,1273.24,1264.02,1658.75,1971.39
0,"n23m0123.hpc.itc.rwth-aachen.de",0,32,"n23m0123.hpc.itc.rwth-aachen.de",32,"32","uds",unix,1024,20,1160.62,1206.39,1222.15,1285.6,1276.32,1670.49,1982.92
0,"n23m0123.hpc.itc.rwth-aachen.de",0,33,"n23m0123.hpc.itc.rwth-aachen.de",33,"33","uds",unix,1024,20,1178.56,1221.77,1236.69,1360.4,1294.19,2017.96,2444.69
0,"n23m0123.hpc.itc.rwth-aachen.de",0,34,"n23m0123.hpc.itc.rwth-aachen.de",34,"34","uds",unix,1024,20,1187.61,1231.93,1247.66,1329.58,1305.23,1696.2,2005.94
0,"n23m0123.hpc.itc.rwth-aachen.de",0,35,"n23m0123.hpc.itc.rwth-aachen.de",35,"35","uds",unix,1024,20,1200.1,1244.16,1262.92,1343.14,1319.79,1708.54,2017.12
0,"n23m0123.hpc.itc.rwth-aachen.de",0,36,"n23m0123.hpc.itc.rwth-aachen.de",36,"36","uds",unix,1024,20,1211.7,1255,1273.68,1354.74,1335.23,1719.22,2028.79
0,"n23m0123.hpc.itc.rwth-aachen.de",0,37,"n23m0123.hpc.itc.rwth-aachen.de",37,"37","uds",unix,1024,20,1224.82,1267.54,1288.88,1367.85,1349.02,1732.14,2040.89
0,"n23m0123.hpc.itc.rwth-aachen.de",0,38,"n23m0123.hpc.itc.rwth-aachen.de",38,"38","uds",unix,1024,20,1235.99,1278.51,1300.35,1379.37,1360.61,1743.8,2052.02
0,"n23m0123.hpc.itc.rwth-aachen.de",0,39,"n23m0123.hpc.itc.rwth-aachen.de",39,"39","uds",unix,1024,20,1248.69,1291.25,1312.98,1392.01,1373.73,1756.28,2065.17
0,"n23m0123.hpc.itc.rwth-aachen.de",0,40,"n23m0123.hpc.itc.rwth-aachen.de",40,"40","uds",unix,1024,20,1260.79,1303.72,1326.68,1403.49,1384.55,1767.71,2075.65
0,"n23m0123.hpc.itc.rwth-aachen.de",0,41,"n23m0123.hpc.itc.rwth-aachen.de",41,"41","uds",unix,1024,20,1273.95,1316.37,1338.48,1416.55,1400.23,1780.57,2087.99
0,"n23m0123.hpc.itc.rwth-aachen.de",0,42,"n23m0123.hpc.itc.rwth-aachen.de",42,"42","uds",unix,1024,20,1284.69,1326.42,1349.03,1427.47,1412.73,1790.42,2098.4
0,"n23m0123.hpc.itc.rwth-aachen.de",0,43,"n23m0123.hpc.itc.rwth-aachen.de",43,"43","uds",unix,1024,20,1298.74,1339.01,1361.34,1441.23,1425.71,1803.02,2116.69
0,"n23m0123.hpc.itc.rwth-aachen.de",0,44,"n23m0123.hpc.itc.rwth-aachen.de",44,"44","uds",unix,1024,20,1309.64,1349.42,1372.09,1452.68,1437.13,1813.11,2127.82
0,"n23m0123.hpc.itc.rwth-aachen.de",0,45,"n23m0123.hpc.itc.rwth-aachen.de",45,"45","uds",unix,1024,20,1321.99,1361.92,1384.96,1533.72,1451.11,2176.93,2856.21
0,"n23m0123.hpc.itc.rwth-aachen.de",0,46,"n23m0123.hpc.itc.rwth-aachen.de",46,"46","uds",unix,1024,20,1332.71,1372.32,1395.46,1507.03,1462.06,2113.63,2152.08
0,"n23m0123.hpc.itc.rwth-aachen.de",0,47,"n23m0123.hpc.itc.rwth-aachen.de",47,"47","uds",unix,1024,20,1345.27,1385.11,1408.07,1520.25,1475.66,2131.91,2164.26
0,"n23m0123.hpc.itc.rwth-aachen.de",0,48,"n23m0123.hpc.itc.rwth-aachen.de",48,"48","uds",unix,1024,20,1367.27,1400.86,1423.07,1537.59,1491.72,2149.39,2180.78
0,"n23m0123.hpc.itc.rwth-aachen.de",0,49,"n23m0123.hpc.itc.rwth-aachen.de",49,"49","uds",unix,1024,20,1377.22,1414.41,1437.25,1552.57,1507.82,2167.34,2203.97
0,"n23m0123.hpc.itc.rwth-aachen.de",0,50,"n23m0123.hpc.itc.rwth-aachen.de",50,"50","uds",unix,1024,20,1390.54,1426.96,1449.56,1566.16,1531.21,2181.33,2214.1
0,"n23m0123.hpc.itc.rwth-aachen.de",0,51,"n23m0123.hpc.itc.rwth-aachen.de",51,"51","uds",unix,1024,20,1402.04,1444,1463.53,1580.68,1545.67,2196.27,2228.73
0,"n23m0123.hpc.itc.rwth-aachen.de",0,52,"n23m0123.hpc.itc.rwth-aachen.de",52,"52","uds",unix,1024,20,1414.9,1457.21,1475.14,1593.2,1558.64,2209.91,2240.8
0,"n23m0123.hpc.itc.rwth-aachen.de",0,53,"n23m0123.hpc.itc.rwth-aachen.de",53,"53","uds",unix,1024,20,1428.57,1474.05,1488.92,1608.33,1573.89,2225.92,2254.07
0,"n23m0123.hpc.itc.rwth-aachen.de",0,54,"n23m0123.hpc.itc.rwth-aachen.de",54,"54","uds",unix,1024,20,1439.51,1487.73,1501.32,1621.25,1588.76,2239.73,2269.19
0,"n23m0123.hpc.itc.rwth-aachen.de",0,55,"n23m0123.hpc.itc.rwth-aachen.de",55,"55","uds",unix,1024,20,1456.78,1501.68,1517.47,1636.7,1603.49,2254.75,2280.77
0,"n23m0123.hpc.itc.rwth-aachen.de",0,56,"n23m0123.hpc.itc.rwth-aachen.de",56,"56","uds",unix,1024,20,1467.03,1515.16,1529.44,1649.71,1618.13,2267.75,2295.38
0,"n23m0123.hpc.itc.rwth-aachen.de",0,57,"n23m0123.hpc.itc.rwth-aachen.de",57,"57","uds",unix,1024,20,1481.8,1528.85,1545.88,1664.82,1634.02,2283.71,2309.95
0,"n23m0123.hpc.itc.rwth-aachen.de",0,58,"n23m0123.hpc.itc.rwth-aachen.de",58,"58","uds",unix,1024,20,1494.13,1542.66,1558.21,1677.47,1646.94,2295.9,2320.95
0,"n23m0123.hpc.itc.rwth-aachen.de",0,59,"n23m0123.hpc.itc.rwth-aachen.de",59,"59","uds",unix,1024,20,1508.58,1556.62,1572.16,1691.7,1661.28,2311.78,2334.01
0,"n23m0123.hpc.itc.rwth-aachen.de",0,60,"n23m0123.hpc.itc.rwth-aachen.de",60,"60","uds",unix,1024,20,1519.41,1569.76,1586.29,1705.39,1675.26,2323.63,2347.61
0,"n23m0123.hpc.itc.rwth-aachen.de",0,61,"n23m0123.hpc.itc.rwth-aachen.de",61,"61","uds",unix,1024,20,1535.64,1584.17,1602.65,1720.22,1690.56,2340.47,2361.35
0,"n23m0123.hpc.itc.rwth-aachen.de",0,62,"n23m0123.hpc.itc.rwth-aachen.de",62,"62","uds",unix,1024,20,1547.44,1598.45,1613.93,1732.53,1702.7,2354.5,2372.06
0,"n23m0123.hpc.itc.rwth-aachen.de",0,63,"n23m0123.hpc.itc.rwth-aachen.de",63,"63","uds",unix,1024,20,1562.78,1616.04,1630.64,1748.68,1718.94,2369.29,2385.78
0,"n23m0123.hpc.itc.rwth-aachen.de",0,64,"n23m0123.hpc.itc.rwth-aachen.de",64,"64","uds",unix,1024,20,1576.43,1631.34,1644.1,1763,1732.29,2383.84,2399.53
0,"n23m0123.hpc.itc.rwth-aachen.de",0,65,"n23m0123.hpc.itc.rwth-aachen.de",65,"65","uds",unix,1024,20,1593.62,1645.63,1659.19,1777.97,1747.77,2399.19,2412.91
0,"n23m0123.hpc.itc.rwth-aachen.de",0,66,"n23m0123.hpc.itc.rwth-aachen.de",66,"66","uds",unix,1024,20,1604.76,1658.37,1672.39,1790.95,1762.89,2411,2428.01
0,"n23m0123.hpc.itc.rwth-aachen.de",0,67,"n23m0123.hpc.itc.rwth-aachen.de",67,"67","uds",unix,1024,20,1619.33,1673.1,1687.76,1805.68,1776.4,2426.39,2438.08
0,"n23m0123.hpc.itc.rwth-aachen.de",0,68,"n23m0123.hpc.itc.rwth-aachen.de",68,"68","uds",unix,1024,20,1630.48,1684.65,1700.23,1817.95,1789.13,2439.69,2451.63
0,"n23m0123.hpc.itc.rwth-aachen.de",0,69,"n23m0123.hpc.itc.rwth-aachen.de",69,"69","uds",unix,1024,20,1644.34,1699.31,1716.27,1832.35,1803.01,2454.3,2462.87
0,"n23m0123.hpc.itc.rwth-aachen.de",0,70,"n23m0123.hpc.itc.rwth-aachen.de",70,"70","uds",unix,1024,20,1659.62,1711.98,1728.53,1844.94,1815.45,2466.09,2476.59
0,"n23m0123.hpc.itc.rwth-aachen.de",0,71,"n23m0123.hpc.itc.rwth-aachen.de",71,"71","uds",unix,1024,20,1671.64,1725.58,1742.39,1859.42,1830.93,2481.35,2490.14
0,"n23m0123.hpc.itc.rwth-aachen.de",0,72,"n23m0123.hpc.itc.rwth-aachen.de",72,"72","uds",unix,1024,20,1686.68,1738.63,1755.54,1871.59,1842.63,2497.3,2500.76
0,"n23m0123.hpc.itc.rwth-aachen.de",0,73,"n23m0123.hpc.itc.rwth-aachen.de",73,"73","uds",unix,1024,20,1698.36,1752.83,1770.74,1887.5,1857.34,2515.12,2517.19
0,"n23m0123.hpc.itc.rwth-aachen.de",0,74,"n23m0123.hpc.itc.rwth-aachen.de",74,"74","uds",unix,1024,20,1711.82,1763.26,1784.33,1899.76,1869.36,2525.17,2529.69
0,"n23m0123.hpc.itc.rwth-aachen.de",0,75,"n23m0123.hpc.itc.rwth-aachen.de",75,"75","uds",unix,1024,20,1725.25,1776.72,1800.05,1914.06,1884.29,2539.56,2544.57
0,"n23m0123.hpc.itc.rwth-aachen.de",0,76,"n23m0123.hpc.itc.rwth-aachen.de",76,"76","uds",unix,1024,20,1741.24,1788.41,1812.51,1926.97,1896.22,2553.74,2559.46
0,"n23m0123.hpc.itc.rwth-aachen.de",0,77,"n23m0123.hpc.itc.rwth-aachen.de",77,"77","uds",unix,1024,20,1757.13,1802.6,1831.19,1942.55,1910.19,2566.96,2575.69
0,"n23m0123.hpc.itc.rwth-aachen.de",0,78,"n23m0123.hpc.itc.rwth-aachen.de",78,"78","uds",unix,1024,20,1768.05,1813.76,1843.05,1954.11,1922.87,2577.57,2589.36
0,"n23m0123.hpc.itc.rwth-aachen.de",0,79,"n23m0123.hpc.itc.rwth-aachen.de",79,"79","uds",unix,1024,20,1782.62,1826.95,1856.2,1968.1,1937.09,2589.52,2605.12
0,"n23m0123.hpc.itc.rwth-aachen.de",0,80,"n23m0123.hpc.itc.rwth-aachen.de",80,"80","uds",unix,1024,20,1796.26,1840.59,1870.57,1981.06,1950.03,2601.96,2619.83
0,"n23m0123.hpc.itc.rwth-aachen.de",0,81,"n23m0123.hpc.itc.rwth-aachen.de",81,"81","uds",unix,1024,20,1813.75,1854.5,1885.44,1996.12,1964.77,2615.62,2637.17
0,"n23m0123.hpc.itc.rwth-aachen.de",0,82,"n23m0123.hpc.itc.rwth-aachen.de",82,"82","uds",unix,1024,20,1824.92,1868.08,1899.4,2008.83,1976.64,2627.75,2649.82
0,"n23m0123.hpc.itc.rwth-aachen.de",0,83,"n23m0123.hpc.itc.rwth-aachen.de",83,"83","uds",unix,1024,20,1840.01,1884.76,1918.1,2023.99,1991.55,2639.22,2664.76
0,"n23m0123.hpc.itc.rwth-aachen.de",0,84,"n23m0123.hpc.itc.rwth-aachen.de",84,"84","uds",unix,1024,20,1850.96,1898.63,1940.48,2058.65,2079.25,2652.53,2685.99
0,"n23m0123.hpc.itc.rwth-aachen.de",0,85,"n23m0123.hpc.itc.rwth-aachen.de",85,"85","uds",unix,1024,20,1865.72,1911.71,1954.43,2073.63,2111.08,2665.65,2700.87
0,"n23m0123.hpc.itc.rwth-aachen.de",0,86,"n23m0123.hpc.itc.rwth-aachen.de",86,"86","uds",unix,1024,20,1877.91,1924.04,1967.04,2086.53,2124.38,2676.62,2714.65
0,"n23m0123.hpc.itc.rwth-aachen.de",0,87,"n23m0123.hpc.itc.rwth-aachen.de",87,"87","uds",unix,1024,20,1893.99,1938.04,1980.81,2101.01,2137.87,2692.17,2731.12
0,"n23m0123.hpc.itc.rwth-aachen.de",0,88,"n23m0123.hpc.itc.rwth-aachen.de",88,"88","uds",unix,1024,20,1904.63,1952.13,1993.07,2113.72,2150.53,2702.42,2743.56
0,"n23m0123.hpc.itc.rwth-aachen.de",0,89,"n23m0123.hpc.itc.rwth-aachen.de",89,"89","uds",unix,1024,20,1917.49,1966.28,2006.51,2128.13,2165.13,2716.37,2759.51
0,"n23m0123.hpc.itc.rwth-aachen.de",0,90,"n23m0123.hpc.itc.rwth-aachen.de",90,"90","uds",unix,1024,20,1930.09,1978.68,2018.52,2140.59,2180.04,2727.01,2772.38
0,"n23m0123.hpc.itc.rwth-aachen.de",0,91,"n23m0123.hpc.itc.rwth-aachen.de",91,"91","uds",unix,1024,20,1946.99,1991.89,2031.31,2155.58,2194.02,2740.19,2788.24
0,"n23m0123.hpc.itc.rwth-aachen.de",0,92,"n23m0123.hpc.itc.rwth-aachen.de",92,"92","uds",unix,1024,20,1955.97,2005.55,2044.76,2167.81,2207.69,2751.51,2801.16
0,"n23m0123.hpc.itc.rwth-aachen.de",0,93,"n23m0123.hpc.itc.rwth-aachen.de",93,"93","uds",unix,1024,20,1969.48,2017.87,2058.13,2181.67,2221.67,2766.15,2816.74
0,"n23m0123.hpc.itc.rwth-aachen.de",0,94,"n23m0123.hpc.itc.rwth-aachen.de",94,"94","uds",unix,1024,20,1981.64,2029.84,2070.23,2194.04,2234.47,2777.73,2830.02
0,"n23m0123.hpc.itc.rwth-aachen.de",0,95,"n23m0123.hpc.itc.rwth-aachen.de",95,"95","uds",unix,1024,20,1995.06,2043.38,2084.39,2208.4,2248.38,2791.79,2845.85
0,"n23m0123.hpc.itc.rwth-aachen.de",0,1,"n23m0123.hpc.itc.rwth-aachen.de",1,"1","uds",unix,4096,20,2201.35,2214.68,2262.38,2384.09,2573.38,2802.01,2837.14
0,"n23m0123.hpc.itc.rwth-aachen.de",0,2,"n23m0123.hpc.itc.rwth-aachen.de",2,"2","uds",unix,4096,20,2181.41,2202.2,2249.18,2369.17,2548.01,2790.79,2826.42
0,"n23m0123.hpc.itc.rwth-aachen.de",0,3,"n23m0123.hpc.itc.rwth-aachen.de",3,"3","uds",unix,4096,20,2171.33,2192.23,2236.88,2357.52,2537.39,2779.92,2807.73
0,"n23m0123.hpc.itc.rwth-aachen.de",0,4,"n23m0123.hpc.itc.rwth-aachen.de",4,"4","uds",unix,4096,20,2159.31,2180.54,2223.91,2344.08,2524.16,2767.73,2793.43
0,"n23m0123.hpc.itc.rwth-aachen.de",0,5,"n23m0123.hpc.itc.rwth-aachen.de",5,"5","uds",unix,4096,20,2148.38,2170.05,2212.6,2332.97,2512.99,2754.11,2781.35
0,"n23m0123.hpc.itc.rwth-aachen.de",0,6,"n23m0123.hpc.itc.rwth-aachen.de",6,"6","uds",unix,4096,20,902.944,917.947,925.687,1007.27,955.291,1476.3,1540.39
0,"n23m0123.hpc.itc.rwth-aachen.de",0,7,"n23m0123.hpc.itc.rwth-aachen.de",7,"7","uds",unix,4096,20,919.406,934.245,940.856,1023.61,970.476,1491.09,1555.83
0,"n23m0123.hpc.itc.rwth-aachen.de",0,8,"n23m0123.hpc.itc.rwth-aachen.de",8,"8","uds",unix,4096,20,930.508,944.771,952.816,1035.59,981.132,1502.09,1567.39
0,"n23m0123.hpc.itc.rwth-aachen.de",0,9,"n23m0123.hpc.itc.rwth-aachen.de",9,"9","uds",unix,4096,20,941.454,958.401,965.198,1048.1,993.258,1513.83,1579.57
0,"n23m0123.hpc.itc.rwth-aachen.de",0,10,"n23m0123.hpc.itc.rwth-aachen.de",10,"10","uds",unix,4096,20,951.68,969.983,975.368,1059.23,1007.46,1526.38,1589.57
0,"n23m0123.hpc.itc.rwth-aachen.de",0,11,"n23m0123.hpc.itc.rwth-aachen.de",11,"11","uds",unix,4096,20,966.109,983.165,987.138,1071.79,1022.03,1535.91,1599.94
0,"n23m0123.hpc.itc.rwth-aachen.de",0,12,"n23m0123.hpc.itc.rwth-aachen.de",12,"12","uds",unix,4096,20,979.789,993.383,998.183,1083.3,1039.34,1546.52,1611.22
0,"n23m0123.hpc.itc.rwth-aachen.de",0,13,"n23m0123.hpc.itc.rwth-aachen.de",13,"13","uds",unix,4096,20,993.28,1006.37,1010.5,1096.02,1052.06,1558.32,1623.55
0,"n23m0123.hpc.itc.rwth-aachen.de",0,14,"n23m0123.hpc.itc.rwth-aachen.de",14,"14","uds",unix,4096,20,1002.97,1016.42,1021.51,1106.65,1061.83,1569.22,1639.46
0,"n23m0123.hpc.itc.rwth-aachen.de",0,15,"n23m0123.hpc.itc.rwth-aachen.de",15,"15","uds",unix,4096,20,1014.89,1030.04,1033.94,1119.02,1074.78,1580.57,1650.72
0,"n23m0123.hpc.itc.rwth-aachen.de",0,16,"n23m0123.hpc.itc.rwth-aachen.de",16,"16","uds",unix,4096,20,1027.91,1039.98,1045.96,1130.4,1087.33,1591.33,1661.84
0,"n23m0123.hpc.itc.rwth-aachen.de",0,17,"n23m0123.hpc.itc.rwth-aachen.de",17,"17","uds",unix,4096,20,1039.97,1051.4,1058.56,1143.2,1101.16,1603.49,1672.96
0,"n23m0123.hpc.itc.rwth-aachen.de",0,18,"n23m0123.hpc.itc.rwth-aachen.de",18,"18","uds",unix,4096,20,1050.1,1062.09,1069.13,1153.58,1111.3,1614.49,1683.24
0,"n23m0123.hpc.itc.rwth-aachen.de",0,19,"n23m0123.hpc.itc.rwth-aachen.de",19,"19","uds",unix,4096,20,1062.99,1074.67,1081.98,1166.14,1124.26,1626.83,1694.66
0,"n23m0123.hpc.itc.rwth-aachen.de",0,20,"n23m0123.hpc.itc.rwth-aachen.de",20,"20","uds",unix,4096,20,1075.62,1086.88,1095.52,1178.36,1135.99,1638.73,1707.13
0,"n23m0123.hpc.itc.rwth-aachen.de",0,21,"n23m0123.hpc.itc.rwth-aachen.de",21,"21","uds",unix,4096,20,1089.17,1101.3,1109.85,1192.43,1152.29,1652.07,1719.9
0,"n23m0123.hpc.itc.rwth-aachen.de",0,22,"n23m0123.hpc.itc.rwth-aachen.de",22,"22","uds",unix,4096,20,1103.62,1112.74,1121.2,1203.84,1162.64,1663.4,1731.8
0,"n23m0123.hpc.itc.rwth-aachen.de",0,23,"n23m0123.hpc.itc.rwth-aachen.de",23,"23","uds",unix,4096,20,1115.57,1125.98,1135.17,1217.64,1177.1,1676.36,1744.41
0,"n23m0123.hpc.itc.rwth-aachen.de",0,24,"n23m0123.hpc.itc.rwth-aachen.de",24,"24","uds",unix,4096,20,1127.58,1137.43,1148.68,1229.77,1189.31,1688.64,1756.95
0,"n23m0123.hpc.itc.rwth-aachen.de",0,25,"n23m0123.hpc.itc.rwth-aachen.de",25,"25","uds",unix,4096,20,1141.14,1150.62,1162.79,1243.4,1203.15,1702.27,1769.99
0,"n23m0123.hpc.itc.rwth-aachen.de",0,26,"n23m0123.hpc.itc.rwth-aachen.de",26,"26","uds",unix,4096,20,1153.04,1162.49,1174.35,1255.31,1214.57,1713.96,1781.78
0,"n23m0123.hpc.itc.rwth-aachen.de",0,27,"n23m0123.hpc.itc.rwth-aachen.de",27,"27","uds",unix,4096,20,1166.72,1175.44,1187.74,1268.62,1228.2,1726.65,1794.71
0,"n23m0123.hpc.itc.rwth-aachen.de",0,28,"n23m0123.hpc.itc.rwth-aachen.de",28,"28","uds",unix,4096,20,1179.3,1187.52,1199.4,1280.58,1239.74,1738.71,1807.1
0,"n23m0123.hpc.itc.rwth-aachen.de",0,29,"n23m0123.hpc.itc.rwth-aachen.de",29,"29","uds",unix,4096,20,1191.91,1201.63,1212.78,1294.11,1253.74,1752.51,1819.81
0,"n23m0123.hpc.itc.rwth-aachen.de",0,30,"n23m0123.hpc.itc.rwth-aachen.de",30,"30","uds",unix,4096,20,1181.72,1213.03,1224.01,1305.19,1268.71,1772.45,1831.16
0,"n23m0123.hpc.itc.rwth-aachen.de",0,31,"n23m0123.hpc.itc.rwth-aachen.de",31,"31","uds",unix,4096,20,1218.01,1225.88,1237.75,1320.09,1283.42,1789.66,1843.83
0,"n23m0123.hpc.itc.rwth-aachen.de",0,32,"n23m0123.hpc.itc.rwth-aachen.de",32,"32","uds",unix,4096,20,1231.12,1239.01,1249.88,1333.39,1296.66,1807.48,1857.17
0,"n23m0123.hpc.itc.rwth-aachen.de",0,33,"n23m0123.hpc.itc.rwth-aachen.de",33,"33","uds",unix,4096,20,1247.36,1253.33,1265.42,1348.01,1313.58,1825.66,1870.16
0,"n23m0123.hpc.itc.rwth-aachen.de",0,34,"n23m0123.hpc.itc.rwth-aachen.de",34,"34","uds",unix,4096,20,1256.72,1264.4,1275.86,1359.51,1324.4,1838.08,1881.61
0,"n23m0123.hpc.itc.rwth-aachen.de",0,35,"n23m0123.hpc.itc.rwth-aachen.de",35,"35","uds",unix,4096,20,1270.59,1277.6,1289.68,1373.47,1339.76,1852.77,1894.94
0,"n23m0123.hpc.itc.rwth-aachen.de",0,36,"n23m0123.hpc.itc.rwth-aachen.de",36,"36","uds",unix,4096,20,1282.41,1290.31,1300.83,1385.23,1352.4,1865.7,1906.37
0,"n23m0123.hpc.itc.rwth-aachen.de",0,37,"n23m0123.hpc.itc.rwth-aachen.de",37,"37","uds",unix,4096,20,1296.04,1303.51,1315.08,1399.34,1367.79,1880.61,1919.54
0,"n23m0123.hpc.itc.rwth-aachen.de",0,38,"n23m0123.hpc.itc.rwth-aachen.de",38,"38","uds",unix,4096,20,1307.35,1315.01,1327.17,1410.75,1378.79,1893.74,1931.17
0,"n23m0123.hpc.itc.rwth-aachen.de",0,39,"n23m0123.hpc.itc.rwth-aachen.de",39,"39","uds",unix,4096,20,1320.82,1327.69,1340.46,1424.68,1393.81,1907.9,1943.31
0,"n23m0123.hpc.itc.rwth-aachen.de",0,40,"n23m0123.hpc.itc.rwth-aachen.de",40,"40","uds",unix,4096,20,1333.09,1342.05,1352.48,1437.2,1406.46,1922.02,1955.81
0,"n23m0123.hpc.itc.rwth-aachen.de",0,41,"n23m0123.hpc.itc.rwth-aachen.de",41,"41","uds",unix,4096,20,1346.35,1355.1,1365.94,1451.46,1422.05,1936.67,1969.03
0,"n23m0123.hpc.itc.rwth-aachen.de",0,42,"n23m0123.hpc.itc.rwth-aachen.de",42,"42","uds",unix,4096,20,1358.03,1366.75,1377.96,1463.15,1433.99,1949.05,1980.03
0,"n23m0123.hpc.itc.rwth-aachen.de",0,43,"n23m0123.hpc.itc.rwth-aachen.de",43,"43","uds",unix,4096,20,1371.38,1378.84,1391.56,1476.52,1448.11,1962.92,1992.12
0,"n23m0123.hpc.itc.rwth-aachen.de",0,44,"n23m0123.hpc.itc.rwth-aachen.de",44,"44","uds",unix,4096,20,1382.84,1391.71,1402.93,1488.81,1460.07,1976.27,2007.41
0,"n23m0123.hpc.itc.rwth-aachen.de",0,45,"n23m0123.hpc.itc.rwth-aachen.de",45,"45","uds",unix,4096,20,1398.34,1407.45,1417.22,1503.52,1474.66,1992.9,2019.63
0,"n23m0123.hpc.itc.rwth-aachen.de",0,46,"n23m0123.hpc.itc.rwth-aachen.de",46,"46","uds",unix,4096,20,1409.44,1419.1,1428.71,1515.66,1486.43,2004.06,2031.77
0,"n23m0123.hpc.itc.rwth-aachen.de",0,47,"n23m0123.hpc.itc.rwth-aachen.de",47,"47","uds",unix,4096,20,1422.69,1432.39,1442.44,1529.29,1500.27,2017.86,2044.51
0,"n23m0123.hpc.itc.rwth-aachen.de",0,48,"n23m0123.hpc.itc.rwth-aachen.de",48,"48","uds",unix,4096,20,1440.12,1450.36,1460.16,1548.14,1519.76,2036.53,2063
0,"n23m0123.hpc.itc.rwth-aachen.de",0,49,"n23m0123.hpc.itc.rwth-aachen.de",49,"49","uds",unix,4096,20,1456.24,1464.83,1476.96,1590.04,1547.01,2052.83,2085.75
0,"n23m0123.hpc.itc.rwth-aachen.de",0,50,"n23m0123.hpc.itc.rwth-aachen.de",50,"50","uds",unix,4096,20,1469.21,1483.77,1491.5,1604.82,1559.82,2068.99,2098.28
0,"n23m0123.hpc.itc.rwth-aachen.de",0,51,"n23m0123.hpc.itc.rwth-aachen.de",51,"51","uds",unix,4096,20,1485.99,1499.69,1505.69,1620.65,1577.64,2085.04,2112.66
0,"n23m0123.hpc.itc.rwth-aachen.de",0,52,"n23m0123.hpc.itc.rwth-aachen.de",52,"52","uds",unix,4096,20,1500.48,1513.45,1519.68,1635.32,1591.62,2100.13,2126.78
0,"n23m0123.hpc.itc.rwth-aachen.de",0,53,"n23m0123.hpc.itc.rwth-aachen.de",53,"53","uds",unix,4096,20,1515.92,1527.56,1535.29,1650.73,1607.64,2115.8,2140.68
0,"n23m0123.hpc.itc.rwth-aachen.de",0,54,"n23m0123.hpc.itc.rwth-aachen.de",54,"54","uds",unix,4096,20,1531.27,1540.88,1552.45,1665.91,1622.79,2129.42,2155.62
0,"n23m0123.hpc.itc.rwth-aachen.de",0,55,"n23m0123.hpc.itc.rwth-aachen.de",55,"55","uds",unix,4096,20,1546.4,1556.68,1568.46,1681.5,1638.1,2145.68,2170.92
0,"n23m0123.hpc.itc.rwth-aachen.de",0,56,"n23m0123.hpc.itc.rwth-aachen.de",56,"56","uds",unix,4096,20,1561.54,1573,1582.57,1696.31,1652.81,2162.73,2184.14
0,"n23m0123.hpc.itc.rwth-aachen.de",0,57,"n23m0123.hpc.itc.rwth-aachen.de",57,"57","uds",unix,4096,20,1577.29,1594.53,1598.04,1713.29,1675.63,2182.49,2199.46
0,"n23m0123.hpc.itc.rwth-aachen.de",0,58,"n23m0123.hpc.itc.rwth-aachen.de",58,"58","uds",unix,4096,20,1596.38,1606.16,1613.38,1726.83,1686.08,2188.79,2215.67
0,"n23m0123.hpc.itc.rwth-aachen.de",0,59,"n23m0123.hpc.itc.rwth-aachen.de",59,"59","uds",unix,4096,20,1607.73,1623.88,1629.54,1743.18,1705.11,2205.15,2228.92
0,"n23m0123.hpc.itc.rwth-aachen.de",0,60,"n23m0123.hpc.itc.rwth-aachen.de",60,"60","uds",unix,4096,20,1621.46,1639.05,1648.88,1799.59,1811.14,2255.43,2475.41
0,"n23m0123.hpc.itc.rwth-aachen.de",0,61,"n23m0123.hpc.itc.rwth-aachen.de",61,"61","uds",unix,4096,20,1638.65,1654.48,1664.42,1788.14,1792.07,2232.44,2259.65
0,"n23m0123.hpc.itc.rwth-aachen.de",0,62,"n23m0123.hpc.itc.rwth-aachen.de",62,"62","uds",unix,4096,20,1650.96,1666.6,1677.88,1800.95,1806.07,2246.77,2271.33
0,"n23m0123.hpc.itc.rwth-aachen.de",0,63,"n23m0123.hpc.itc.rwth-aachen.de",63,"63","uds",unix,4096,20,1666.61,1684.47,1695.05,1817.97,1823.65,2262.72,2284.66
0,"n23m0123.hpc.itc.rwth-aachen.de",0,64,"n23m0123.hpc.itc.rwth-aachen.de",64,"64","uds",unix,4096,20,1682.51,1700.14,1710.36,1834.3,1841.21,2278.23,2301.11
0,"n23m0123.hpc.itc.rwth-aachen.de",0,65,"n23m0123.hpc.itc.rwth-aachen.de",65,"65","uds",unix,4096,20,1697.48,1715.41,1726.04,1849.54,1857.66,2293.35,2315.92
0,"n23m0123.hpc.itc.rwth-aachen.de",0,66,"n23m0123.hpc.itc.rwth-aachen.de",66,"66","uds",unix,4096,20,1711.66,1731.76,1741.59,1864.27,1874.33,2307.72,2330.16
0,"n23m0123.hpc.itc.rwth-aachen.de",0,67,"n23m0123.hpc.itc.rwth-aachen.de",67,"67","uds",unix,4096,20,1726.77,1747.75,1757.27,1879.93,1888.38,2325.34,2346.24
0,"n23m0123.hpc.itc.rwth-aachen.de",0,68,"n23m0123.hpc.itc.rwth-aachen.de",68,"68","uds",unix,4096,20,1744.57,1761.55,1773.02,1894.92,1903.08,2345.78,2360.32
0,"n23m0123.hpc.itc.rwth-aachen.de",0,69,"n23m0123.hpc.itc.rwth-aachen.de",69,"69","uds",unix,4096,20,1760.66,1777.14,1800.59,1912.21,1920.78,2352.96,2374.76
0,"n23m0123.hpc.itc.rwth-aachen.de",0,70,"n23m0123.hpc.itc.rwth-aachen.de",70,"70","uds",unix,4096,20,1772.95,1791.52,1812.34,1926.55,1933.75,2369.09,2391.97
0,"n23m0123.hpc.itc.rwth-aachen.de",0,71,"n23m0123.hpc.itc.rwth-aachen.de",71,"71","uds",unix,4096,20,1787.15,1809.04,1827.26,1944.38,1952.44,2393.93,2403.02
0,"n23m0123.hpc.itc.rwth-aachen.de",0,72,"n23m0123.hpc.itc.rwth-aachen.de",72,"72","uds",unix,4096,20,1799.69,1819.7,1844.01,1956.43,1967.64,2409.2,2417.95
0,"n23m0123.hpc.itc.rwth-aachen.de",0,73,"n23m0123.hpc.itc.rwth-aachen.de",73,"73","uds",unix,4096,20,1817.92,1835.48,1862.03,1973.13,1985.22,2426.42,2434.63
0,"n23m0123.hpc.itc.rwth-aachen.de",0,74,"n23m0123.hpc.itc.rwth-aachen.de",74,"74","uds",unix,4096,20,1829.69,1849.55,1875.83,1986.97,1999.79,2441.11,2445.39
0,"n23m0123.hpc.itc.rwth-aachen.de",0,75,"n23m0123.hpc.itc.rwth-aachen.de",75,"75","uds",unix,4096,20,1843.58,1863.36,1892.54,2001.86,2013.84,2455.94,2460.6
0,"n23m0123.hpc.itc.rwth-aachen.de",0,76,"n23m0123.hpc.itc.rwth-aachen.de",76,"76","uds",unix,4096,20,1858.17,1877.41,1905.59,2016.76,2027.55,2471.64,2477.66
0,"n23m0123.hpc.itc.rwth-aachen.de",0,77,"n23m0123.hpc.itc.rwth-aachen.de",77,"77","uds",unix,4096,20,1872.77,1893.94,1921.97,2031.88,2042.51,2487.29,2488.65
0,"n23m0123.hpc.itc.rwth-aachen.de",0,78,"n23m0123.hpc.itc.rwth-aachen.de",78,"78","uds",unix,4096,20,1885.97,1907.84,1934.4,2045.23,2056.09,2500.2,2502.88
0,"n23m0123.hpc.itc.rwth-aachen.de",0,79,"n23m0123.hpc.itc.rwth-aachen.de",79,"79","uds",unix,4096,20,1901.79,1929.32,1950.81,2063,2072.28,2516.66,2518.76
0,"n23m0123.hpc.itc.rwth-aachen.de",0,80,"n23m0123.hpc.itc.rwth-aachen.de",80,"80","uds",unix,4096,20,1914.12,1941.31,1962.77,2076.39,2086.73,2530.82,2531.32
0,"n23m0123.hpc.itc.rwth-aachen.de",0,81,"n23m0123.hpc.itc.rwth-aachen.de",81,"81","uds",unix,4096,20,1928.05,1957.31,1979.94,2092.88,2102.91,2546.46,2550.12
0,"n23m0123.hpc.itc.rwth-aachen.de",0,82,"n23m0123.hpc.itc.rwth-aachen.de",82,"82","uds",unix,4096,20,1942.49,1970.66,1995.01,2106.46,2115.56,2560.67,2564.95
0,"n23m0123.hpc.itc.rwth-aachen.de",0,83,"n23m0123.hpc.itc.rwth-aachen.de",83,"83","uds",unix,4096,20,1956.69,1985.71,2011.15,2122.62,2132.54,2577.06,2579.43
0,"n23m0123.hpc.itc.rwth-aachen.de",0,84,"n23m0123.hpc.itc.rwth-aachen.de",84,"84","uds",unix,4096,20,1980.59,1998.92,2025.13,2138.17,2149.31,2589.48,2594.81
0,"n23m0123.hpc.itc.rwth-aachen.de",0,85,"n23m0123.hpc.itc.rwth-aachen.de",85,"85","uds",unix,4096,20,1990.73,2013.84,2039.1,2152.41,2162.88,2603.59,2608.48
0,"n23m0123.hpc.itc.rwth-aachen.de",0,86,"n23m0123.hpc.itc.rwth-aachen.de",86,"86","uds",unix,4096,20,2008.73,2027.2,2052.59,2166.18,2174.62,2615.23,2622.74
0,"n23m0123.hpc.itc.rwth-aachen.de",0,87,"n23m0123.hpc.itc.rwth-aachen.de",87,"87","uds",unix,4096,20,2027.48,2043.04,2071.86,2183.34,2193.51,2629.95,2640.49
0,"n23m0123.hpc.itc.rwth-aachen.de",0,88,"n23m0123.hpc.itc.rwth-aachen.de",88,"88","uds",unix,4096,20,2041.88,2057.84,2092.48,2224.68,2400.23,2644.29,2656.11
0,"n23m0123.hpc.itc.rwth-aachen.de",0,89,"n23m0123.hpc.itc.rwth-aachen.de",89,"89","uds",unix,4096,20,2053.96,2072.03,2108.39,2234.17,2411.51,2659.34,2675.12
0,"n23m0123.hpc.itc.rwth-aachen.de",0,90,"n23m0123.hpc.itc.rwth-aachen.de",90,"90","uds",unix,4096,20,2068.58,2087.68,2122.52,2247.61,2424.76,2671.62,2685.28
0,"n23m0123.hpc.itc.rwth-aachen.de",0,91,"n23m0123.hpc.itc.rwth-aachen.de",91,"91","uds",unix,4096,20,2082.69,2101.31,2145.1,2264.25,2441.31,2685.56,2701.82
0,"n23m0123.hpc.itc.rwth-aachen.de",0,92,"n23m0123.hpc.itc.rwth-aachen.de",92,"92","uds",unix,4096,20,2095.61,2116.92,2159.78,2277.98,2454.7,2702.26,2715.81
0,"n23m0123.hpc.itc.rwth-aachen.de",0,93,"n23m0123.hpc.itc.rwth-aachen.de",93,"93","uds",unix,4096,20,2113.92,2131.83,2175.62,2293.94,2469.6,2717.35,2733.39
0,"n23m0123.hpc.itc.rwth-aachen.de",0,94,"n23m0123.hpc.itc.rwth-aachen.de",94,"94","uds",unix,4096,20,2125.18,2145.57,2193.82,2308.44,2483.26,2734.84,2751.46
0,"n23m0123.hpc.itc.rwth-aachen.de",0,95,"n23m0123.hpc.itc.rwth-aachen.de",95,"95","uds",unix,4096,20,2139.72,2159.94,2205.57,2324.31,2499.86,2745.92,2776.31
0,"n23m0123.hpc.itc.rwth-aachen.de",0,1,"n23m0123.hpc.itc.rwth-aachen.de",1,"1","uds",unix,16384,20,2295.11,2325.26,2371.04,2600.63,2923.6,3032.36,3063.3
0,"n23m0123.hpc.itc.rwth-aachen.de",0,2,"n23m0123.hpc.itc.rwth-aachen.de",2,"2","uds",unix,16384,20,2283.36,2308.48,2359.16,2585.92,2907.27,3005.42,3050.28
0,"n23m0123.hpc.itc.rwth-aachen.de",0,3,"n23m0123.hpc.itc.rwth-aachen.de",3,"3","uds",unix,16384,20,2269.61,2297.49,2347.59,2550.06,2897.07,2992.07,3031.57
0,"n23m0123.hpc.itc.rwth-aachen.de",0,4,"n23m0123.hpc.itc.rwth-aachen.de",4,"4","uds",unix,16384,20,2256.52,2283.8,2331.04,2536.07,2882.95,2977.87,3018.71
0,"n23m0123.hpc.itc.rwth-aachen.de",0,5,"n23m0123.hpc.itc.rwth-aachen.de",5,"5","uds",unix,16384,20,2245.11,2272.49,2318.3,2524.82,2871.79,2966.61,3007.26
0,"n23m0123.hpc.itc.rwth-aachen.de",0,6,"n23m0123.hpc.itc.rwth-aachen.de",6,"6","uds",unix,16384,20,896.642,907.647,926.279,972.956,944.264,1311.62,1486.93
0,"n23m0123.hpc.itc.rwth-aachen.de",0,7,"n23m0123.hpc.itc.rwth-aachen.de",7,"7","uds",unix,16384,20,912.134,923.163,940.38,988.554,959.063,1329.17,1504.18
0,"n23m0123.hpc.itc.rwth-aachen.de",0,8,"n23m0123.hpc.itc.rwth-aachen.de",8,"8","uds",unix,16384,20,922.895,936.097,951.715,1000.98,975.055,1340.3,1515.81
0,"n23m0123.hpc.itc.rwth-aachen.de",0,9,"n23m0123.hpc.itc.rwth-aachen.de",9,"9","uds",unix,16384,20,935.709,949.626,964.539,1014.3,986.914,1354.29,1529.15
0,"n23m0123.hpc.itc.rwth-aachen.de",0,10,"n23m0123.hpc.itc.rwth-aachen.de",10,"10","uds",unix,16384,20,946.185,962.962,975.389,1025.92,1002.25,1364.69,1539.06
0,"n23m0123.hpc.itc.rwth-aachen.de",0,11,"n23m0123.hpc.itc.rwth-aachen.de",11,"11","uds",unix,16384,20,958.106,976.312,987.674,1038.83,1013.35,1378.07,1552.23
0,"n23m0123.hpc.itc.rwth-aachen.de",0,12,"n23m0123.hpc.itc.rwth-aachen.de",12,"12","uds",unix,16384,20,970.032,988.856,999.535,1050.7,1026.3,1389.41,1562.52
0,"n23m0123.hpc.itc.rwth-aachen.de",0,13,"n23m0123.hpc.itc.rwth-aachen.de",13,"13","uds",unix,16384,20,983.021,1000.87,1014.95,1065.03,1042.47,1402.57,1575.47
0,"n23m0123.hpc.itc.rwth-aachen.de",0,14,"n23m0123.hpc.itc.rwth-aachen.de",14,"14","uds",unix,16384,20,994.315,1011.56,1025.22,1076.16,1056.78,1413.35,1585.76
0,"n23m0123.hpc.itc.rwth-aachen.de",0,15,"n23m0123.hpc.itc.rwth-aachen.de",15,"15","uds",unix,16384,20,1005.82,1024.24,1040.63,1121.14,1081.68,1603.47,1690.76
0,"n23m0123.hpc.itc.rwth-aachen.de",0,16,"n23m0123.hpc.itc.rwth-aachen.de",16,"16","uds",unix,16384,20,1017.35,1035.56,1052.51,1133.57,1093.12,1617.58,1704.92
0,"n23m0123.hpc.itc.rwth-aachen.de",0,17,"n23m0123.hpc.itc.rwth-aachen.de",17,"17","uds",unix,16384,20,1029.97,1048.15,1067.26,1243.46,1125.26,1781.76,2995.21
0,"n23m0123.hpc.itc.rwth-aachen.de",0,18,"n23m0123.hpc.itc.rwth-aachen.de",18,"18","uds",unix,16384,20,1040.39,1058.52,1077.38,1191.11,1136.58,1729.09,1741.26
0,"n23m0123.hpc.itc.rwth-aachen.de",0,19,"n23m0123.hpc.itc.rwth-aachen.de",19,"19","uds",unix,16384,20,1054.04,1073.85,1092.52,1205.28,1149.4,1742.96,1755.55
0,"n23m0123.hpc.itc.rwth-aachen.de",0,20,"n23m0123.hpc.itc.rwth-aachen.de",20,"20","uds",unix,16384,20,1066.33,1086.04,1105.17,1218.04,1162.07,1757.23,1771.32
0,"n23m0123.hpc.itc.rwth-aachen.de",0,21,"n23m0123.hpc.itc.rwth-aachen.de",21,"21","uds",unix,16384,20,1083.63,1100.52,1122.31,1233.75,1177.69,1772.33,1786.22
0,"n23m0123.hpc.itc.rwth-aachen.de",0,22,"n23m0123.hpc.itc.rwth-aachen.de",22,"22","uds",unix,16384,20,1093.9,1112.38,1135.33,1245.27,1188.68,1784.71,1799.71
0,"n23m0123.hpc.itc.rwth-aachen.de",0,23,"n23m0123.hpc.itc.rwth-aachen.de",23,"23","uds",unix,16384,20,1107.82,1126.01,1151.4,1260.54,1203.04,1799.14,1814.04
0,"n23m0123.hpc.itc.rwth-aachen.de",0,24,"n23m0123.hpc.itc.rwth-aachen.de",24,"24","uds",unix,16384,20,1119.73,1139.94,1163.57,1272.81,1215.85,1811.34,1827.54
0,"n23m0123.hpc.itc.rwth-aachen.de",0,25,"n23m0123.hpc.itc.rwth-aachen.de",25,"25","uds",unix,16384,20,1132.93,1154.76,1177.68,1288.14,1234.04,1826.85,1843.16
0,"n23m0123.hpc.itc.rwth-aachen.de",0,26,"n23m0123.hpc.itc.rwth-aachen.de",26,"26","uds",unix,16384,20,1148.3,1166.78,1192.91,1301.59,1248.52,1839.58,1856.03
0,"n23m0123.hpc.itc.rwth-aachen.de",0,27,"n23m0123.hpc.itc.rwth-aachen.de",27,"27","uds",unix,16384,20,1160.03,1180.29,1205.35,1315.72,1263.98,1854.25,1870.73
0,"n23m0123.hpc.itc.rwth-aachen.de",0,28,"n23m0123.hpc.itc.rwth-aachen.de",28,"28","uds",unix,16384,20,1172.55,1192.81,1219.02,1328.5,1276.81,1867.6,1883.26
0,"n23m0123.hpc.itc.rwth-aachen.de",0,29,"n23m0123.hpc.itc.rwth-aachen.de",29,"29","uds",unix,16384,20,1185.76,1206.65,1231.89,1342.61,1291.16,1881.43,1897.16
0,"n23m0123.hpc.itc.rwth-aachen.de",0,30,"n23m0123.hpc.itc.rwth-aachen.de",30,"30","uds",unix,16384,20,1207.81,1220.01,1245.99,1356.2,1303.83,1895.11,1910.04
0,"n23m0123.hpc.itc.rwth-aachen.de",0,31,"n23m0123.hpc.itc.rwth-aachen.de",31,"31","uds",unix,16384,20,1219.07,1232.93,1259.49,1451.91,1406,1976.01,2950.44
0,"n23m0123.hpc.itc.rwth-aachen.de",0,32,"n23m0123.hpc.itc.rwth-aachen.de",32,"32","uds",unix,16384,20,1233.4,1246.03,1273.15,1412.27,1421.04,1923.65,1938.79
0,"n23m0123.hpc.itc.rwth-aachen.de",0,33,"n23m0123.hpc.itc.rwth-aachen.de",33,"33","uds",unix,16384,20,1251.63,1260.69,1289.65,1427.66,1436.72,1938.72,1953.89
0,"n23m0123.hpc.itc.rwth-aachen.de",0,34,"n23m0123.hpc.itc.rwth-aachen.de",34,"34","uds",unix,16384,20,1265.64,1274.41,1303.56,1441.58,1451.17,1952.07,1967.57
0,"n23m0123.hpc.itc.rwth-aachen.de",0,35,"n23m0123.hpc.itc.rwth-aachen.de",35,"35","uds",unix,16384,20,1280.16,1289.19,1318.76,1457.86,1471.84,1968.62,1987.83
0,"n23m0123.hpc.itc.rwth-aachen.de",0,36,"n23m0123.hpc.itc.rwth-aachen.de",36,"36","uds",unix,16384,20,1293.16,1302.53,1331.93,1469.78,1483.79,1980.3,1999.19
0,"n23m0123.hpc.itc.rwth-aachen.de",0,37,"n23m0123.hpc.itc.rwth-aachen.de",37,"37","uds",unix,16384,20,1307.17,1317.22,1346.75,1484.86,1499.36,1996.48,2013.48
0,"n23m0123.hpc.itc.rwth-aachen.de",0,38,"n23m0123.hpc.itc.rwth-aachen.de",38,"38","uds",unix,16384,20,1318.94,1329.35,1360.29,1497.44,1512.7,2009.36,2025.59
0,"n23m0123.hpc.itc.rwth-aachen.de",0,39,"n23m0123.hpc.itc.rwth-aachen.de",39,"39","uds",unix,16384,20,1335.77,1344.16,1376.64,1513.57,1529,2026.62,2040.39
0,"n23m0123.hpc.itc.rwth-aachen.de",0,40,"n23m0123.hpc.itc.rwth-aachen.de",40,"40","uds",unix,16384,20,1348.77,1359.62,1389.58,1527.33,1541.9,2045.76,2054.11
0,"n23m0123.hpc.itc.rwth-aachen.de",0,41,"n23m0123.hpc.itc.rwth-aachen.de",41,"41","uds",unix,16384,20,1364.62,1374.33,1404.08,1542.19,1557.06,2060.34,2071.3
0,"n23m0123.hpc.itc.rwth-aachen.de",0,42,"n23m0123.hpc.itc.rwth-aachen.de",42,"42","uds",unix,16384,20,1376.6,1386.1,1417.49,1554.8,1570.51,2073.45,2086.3
0,"n23m0123.hpc.itc.rwth-aachen.de",0,43,"n23m0123.hpc.itc.rwth-aachen.de",43,"43","uds",unix,16384,20,1390.06,1399.67,1431.55,1569.61,1585.96,2087.78,2101.3
0,"n23m0123.hpc.itc.rwth-aachen.de",0,44,"n23m0123.hpc.itc.rwth-aachen.de",44,"44","uds",unix,16384,20,1401.82,1416.54,1444.07,1582.46,1599.7,2100.41,2113.45
0,"n23m0123.hpc.itc.rwth-aachen.de",0,45,"n23m0123.hpc.itc.rwth-aachen.de",45,"45","uds",unix,16384,20,1415.59,1430.67,1458.73,1597.84,1619.02,2115.07,2127.83
0,"n23m0123.hpc.itc.rwth-aachen.de",0,46,"n23m0123.hpc.itc.rwth-aachen.de",46,"46","uds",unix,16384,20,1426.95,1443.27,1470.93,1610.03,1631.11,2127.76,2140.32
0,"n23m0123.hpc.itc.rwth-aachen.de",0,47,"n23m0123.hpc.itc.rwth-aachen.de",47,"47","uds",unix,16384,20,1441.41,1458.41,1485.38,1625.14,1646.72,2141.68,2154.83
0,"n23m0123.hpc.itc.rwth-aachen.de",0,48,"n23m0123.hpc.itc.rwth-aachen.de",48,"48","uds",unix,16384,20,1460.92,1477.33,1504.24,1645.27,1667.49,2163.32,2175.46
0,"n23m0123.hpc.itc.rwth-aachen.de",0,49,"n23m0123.hpc.itc.rwth-aachen.de",49,"49","uds",unix,16384,20,1476.54,1495.46,1526.95,1663.67,1683.58,2182.99,2192.31
0,"n23m0123.hpc.itc.rwth-aachen.de",0,50,"n23m0123.hpc.itc.rwth-aachen.de",50,"50","uds",unix,16384,20,1491.52,1508.28,1541.57,1678.63,1699.87,2195.07,2210.46
0,"n23m0123.hpc.itc.rwth-aachen.de",0,51,"n23m0123.hpc.itc.rwth-aachen.de",51,"51","uds",unix,16384,20,1509.36,1524.37,1557.07,1695.28,1715.63,2212.39,2225.86
0,"n23m0123.hpc.itc.rwth-aachen.de",0,52,"n23m0123.hpc.itc.rwth-aachen.de",52,"52","uds",unix,16384,20,1523.23,1540.73,1573.21,1710.59,1731.78,2226.42,2240.69
0,"n23m0123.hpc.itc.rwth-aachen.de",0,53,"n23m0123.hpc.itc.rwth-aachen.de",53,"53","uds",unix,16384,20,1540.61,1558.51,1591.67,1728.65,1750.01,2242.18,2271.75
0,"n23m0123.hpc.itc.rwth-aachen.de",0,54,"n23m0123.hpc.itc.rwth-aachen.de",54,"54","uds",unix,16384,20,1555.99,1576.37,1610.28,1744.42,1766.74,2258.6,2271.82
0,"n23m0123.hpc.itc.rwth-aachen.de",0,55,"n23m0123.hpc.itc.rwth-aachen.de",55,"55","uds",unix,16384,20,1574.74,1595.71,1627.11,1761.83,1782.77,2274.56,2287.36
0,"n23m0123.hpc.itc.rwth-aachen.de",0,56,"n23m0123.hpc.itc.rwth-aachen.de",56,"56","uds",unix,16384,20,1588.96,1611.18,1642.78,1777.38,1797.68,2290.92,2302.28
0,"n23m0123.hpc.itc.rwth-aachen.de",0,57,"n23m0123.hpc.itc.rwth-aachen.de",57,"57","uds",unix,16384,20,1604.75,1630.38,1660.68,1795.99,1815.26,2307.78,2331.86
0,"n23m0123.hpc.itc.rwth-aachen.de",0,58,"n23m0123.hpc.itc.rwth-aachen.de",58,"58","uds",unix,16384,20,1621.49,1644.86,1676.55,1810.88,1829.48,2324.38,2348.98
0,"n23m0123.hpc.itc.rwth-aachen.de",0,59,"n23m0123.hpc.itc.rwth-aachen.de",59,"59","uds",unix,16384,20,1638.28,1660.35,1693.12,1828.57,1848.65,2341.38,2366.15
0,"n23m0123.hpc.itc.rwth-aachen.de",0,60,"n23m0123.hpc.itc.rwth-aachen.de",60,"60","uds",unix,16384,20,1654.39,1675.5,1709.19,1844.64,1864.04,2358.26,2387.24
0,"n23m0123.hpc.itc.rwth-aachen.de",0,61,"n23m0123.hpc.itc.rwth-aachen.de",61,"61","uds",unix,16384,20,1671.53,1692.53,1734.32,1863.37,1879.57,2378.85,2403.95
0,"n23m0123.hpc.itc.rwth-aachen.de",0,62,"n23m0123.hpc.itc.rwth-aachen.de",62,"62","uds",unix,16384,20,1688.2,1720.38,1751.86,1881.76,1894.84,2394.78,2420.08
0,"n23m0123.hpc.itc.rwth-aachen.de",0,63,"n23m0123.hpc.itc.rwth-aachen.de",63,"63","uds",unix,16384,20,1710.08,1731.48,1769.86,1898.23,1912.68,2412.44,2438.83
0,"n23m0123.hpc.itc.rwth-aachen.de",0,64,"n23m0123.hpc.itc.rwth-aachen.de",64,"64","uds",unix,16384,20,1725.85,1749.05,1787.76,1915.5,1928.94,2428.59,2455.58
0,"n23m0123.hpc.itc.rwth-aachen.de",0,65,"n23m0123.hpc.itc.rwth-aachen.de",65,"65","uds",unix,16384,20,1742.11,1765.3,1806.09,1932.94,1946.65,2445.77,2473.89
0,"n23m0123.hpc.itc.rwth-aachen.de",0,66,"n23m0123.hpc.itc.rwth-aachen.de",66,"66","uds",unix,16384,20,1758.76,1783.73,1823.74,1949.84,1963.16,2465.14,2490.93
0,"n23m0123.hpc.itc.rwth-aachen.de",0,67,"n23m0123.hpc.itc.rwth-aachen.de",67,"67","uds",unix,16384,20,1774.31,1802.32,1840.86,1967.25,1981.01,2481.83,2508.68
0,"n23m0123.hpc.itc.rwth-aachen.de",0,68,"n23m0123.hpc.itc.rwth-aachen.de",68,"68","uds",unix,16384,20,1786.6,1816.14,1856.65,1983.2,1995.35,2497.87,2527.16
0,"n23m0123.hpc.itc.rwth-aachen.de",0,69,"n23m0123.hpc.itc.rwth-aachen.de",69,"69","uds",unix,16384,20,1807.47,1832.23,1874.6,2000.18,2011.64,2514.64,2541.78
0,"n23m0123.hpc.itc.rwth-aachen.de",0,70,"n23m0123.hpc.itc.rwth-aachen.de",70,"70","uds",unix,16384,20,1824.35,1847.89,1890.65,2015.79,2028.63,2530.25,2558.44
0,"n23m0123.hpc.itc.rwth-aachen.de",0,71,"n23m0123.hpc.itc.rwth-aachen.de",71,"71","uds",unix,16384,20,1841.92,1864.18,1908.85,2033.06,2046.39,2546.06,2575.98
0,"n23m0123.hpc.itc.rwth-aachen.de",0,72,"n23m0123.hpc.itc.rwth-aachen.de",72,"72","uds",unix,16384,20,1856.12,1879.74,1923.25,2048.8,2060.79,2561.51,2592.89
0,"n23m0123.hpc.itc.rwth-aachen.de",0,73,"n23m0123.hpc.itc.rwth-aachen.de",73,"73","uds",unix,16384,20,1876.08,1897.29,1940.48,2094.9,2345.88,2581.44,2614.29
0,"n23m0123.hpc.itc.rwth-aachen.de",0,74,"n23m0123.hpc.itc.rwth-aachen.de",74,"74","uds",unix,16384,20,1889.82,1912.91,1959.07,2156.07,2505.87,2646.55,2949.61
0,"n23m0123.hpc.itc.rwth-aachen.de",0,75,"n23m0123.hpc.itc.rwth-aachen.de",75,"75","uds",unix,16384,20,1906.92,1929.12,1975.04,2155.21,2523.48,2617.92,2648.85
0,"n23m0123.hpc.itc.rwth-aachen.de",0,76,"n23m0123.hpc.itc.rwth-aachen.de",76,"76","uds",unix,16384,20,1922.89,1947.38,1993.53,2173.24,2542.23,2634.56,2664.73
0,"n23m0123.hpc.itc.rwth-aachen.de",0,77,"n23m0123.hpc.itc.rwth-aachen.de",77,"77","uds",unix,16384,20,1939.39,1962.7,2008.71,2189.18,2557.13,2653.05,2681.15
0,"n23m0123.hpc.itc.rwth-aachen.de",0,78,"n23m0123.hpc.itc.rwth-aachen.de",78,"78","uds",unix,16384,20,1954.74,1978.3,2024.16,2204.73,2572.57,2672.03,2697.69
0,"n23m0123.hpc.itc.rwth-aachen.de",0,79,"n23m0123.hpc.itc.rwth-aachen.de",79,"79","uds",unix,16384,20,1972.32,1996.07,2042.27,2222.48,2590.8,2687.68,2716.09
0,"n23m0123.hpc.itc.rwth-aachen.de",0,80,"n23m0123.hpc.itc.rwth-aachen.de",80,"80","uds",unix,16384,20,1987.24,2011.28,2059.43,2239.02,2606.46,2704.34,2731.95
0,"n23m0123.hpc.itc.rwth-aachen.de",0,81,"n23m0123.hpc.itc.rwth-aachen.de",81,"81","uds",unix,16384,20,2006.37,2028.61,2077.57,2258.01,2625.4,2723.96,2750.82
0,"n23m0123.hpc.itc.rwth-aachen.de",0,82,"n23m0123.hpc.itc.rwth-aachen.de",82,"82","uds",unix,16384,20,2017.84,2043.61,2092.94,2274.23,2640.56,2737.95,2766.35
0,"n23m0123.hpc.itc.rwth-aachen.de",0,83,"n23m0123.hpc.itc.rwth-aachen.de",83,"83","uds",unix,16384,20,2040.01,2064.67,2109.22,2313.61,2660.53,2755.51,2787.72
0,"n23m0123.hpc.itc.rwth-aachen.de",0,84,"n23m0123.hpc.itc.rwth-aachen.de",84,"84","uds",unix,16384,20,2056.31,2081.9,2125.64,2330.57,2677.3,2772.47,2807.53
0,"n23m0123.hpc.itc.rwth-aachen.de",0,85,"n23m0123.hpc.itc.rwth-aachen.de",85,"85","uds",unix,16384,20,2071.35,2100.9,2142.87,2347.34,2693.93,2790.18,2825.27
0,"n23m0123.hpc.itc.rwth-aachen.de",0,86,"n23m0123.hpc.itc.rwth-aachen.de",86,"86","uds",unix,16384,20,2083.23,2114.15,2159.1,2362.84,2709.2,2807.11,2839.7
0,"n23m0123.hpc.itc.rwth-aachen.de",0,87,"n23m0123.hpc.itc.rwth-aachen.de",87,"87","uds",unix,16384,20,2101.56,2131.38,2176.78,2380.81,2727.34,2824.29,2857.91
0,"n23m0123.hpc.itc.rwth-aachen.de",0,88,"n23m0123.hpc.itc.rwth-aachen.de",88,"88","uds",unix,16384,20,2118.33,2147.55,2194.44,2396.48,2743.75,2840.94,2876.44
0,"n23m0123.hpc.itc.rwth-aachen.de",0,89,"n23m0123.hpc.itc.rwth-aachen.de",89,"89","uds",unix,16384,20,2134.25,2166.44,2209.91,2413.72,2757.99,2858.03,2893.54
0,"n23m0123.hpc.itc.rwth-aachen.de",0,90,"n23m0123.hpc.itc.rwth-aachen.de",90,"90","uds",unix,16384,20,2150.5,2180.59,2228.36,2429.03,2772.37,2873.39,2906.36
0,"n23m0123.hpc.itc.rwth-aachen.de",0,91,"n23m0123.hpc.itc.rwth-aachen.de",91,"91","uds",unix,16384,20,2164.51,2196.67,2245.44,2446.09,2789.36,2890.79,2923
0,"n23m0123.hpc.itc.rwth-aachen.de",0,92,"n23m0123.hpc.itc.rwth-aachen.de",92,"92","uds",unix,16384,20,2179.43,2212.97,2260.1,2460.92,2803.23,2905.67,2936.58
0,"n23m0123.hpc.itc.rwth-aachen.de",0,93,"n23m0123.hpc.itc.rwth-aachen.de",93,"93","uds",unix,16384,20,2193.82,2228.34,2277.1,2477.91,2828.48,2922.59,2954.04
0,"n23m0123.hpc.itc.rwth-aachen.de",0,94,"n23m0123.hpc.itc.rwth-aachen.de",94,"94","uds",unix,16384,20,2220.72,2244.77,2292.33,2494.86,2843.08,2937.41,2969.56
0,"n23m0123.hpc.itc.rwth-aachen.de",0,95,"n23m0123.hpc.itc.rwth-aachen.de",95,"95","uds",unix,16384,20,2236.23,2262.8,2309.91,2512.36,2864.16,2954.67,2989.51
0,"n23m0123.hpc.itc.rwth-aachen.de",0,1,"n23m0123.hpc.itc.rwth-aachen.de",1,"1","uds",unix,65536,20,3406.94,3482.2,3634.19,3704.87,3963.39,4090.98,4129.26
0,"n23m0123.hpc.itc.rwth-aachen.de",0,2,"n23m0123.hpc.itc.rwth-aachen.de",2,"2","uds",unix,65536,20,3378.56,3460.12,3604.9,3679.11,3940.48,4064.61,4098.19
0,"n23m0123.hpc.itc.rwth-aachen.de",0,3,"n23m0123.hpc.itc.rwth-aachen.de",3,"3","uds",unix,65536,20,3365.65,3443.39,3587.83,3662.41,3921.78,4048.82,4079.06
0,"n23m0123.hpc.itc.rwth-aachen.de",0,4,"n23m0123.hpc.itc.rwth-aachen.de",4,"4","uds",unix,65536,20,3340.61,3421.99,3565.36,3638.43,3895.67,4028.13,4057.09
0,"n23m0123.hpc.itc.rwth-aachen.de",0,5,"n23m0123.hpc.itc.rwth-aachen.de",5,"5","uds",unix,65536,20,3323.47,3402.45,3547.1,3619.22,3877.1,4010.18,4037.73
0,"n23m0123.hpc.itc.rwth-aachen.de",0,6,"n23m0123.hpc.itc.rwth-aachen.de",6,"6","uds",unix,65536,20,985.138,995.75,1013.94,1039.73,1025.76,1254.24,1372.35
0,"n23m0123.hpc.itc.rwth-aachen.de",0,7,"n23m0123.hpc.itc.rwth-aachen.de",7,"7","uds",unix,65536,20,1006.64,1025.78,1035.46,1063.73,1046.72,1278.14,1401.36
0,"n23m0123.hpc.itc.rwth-aachen.de",0,8,"n23m0123.hpc.itc.rwth-aachen.de",8,"8","uds",unix,65536,20,1023.96,1045.72,1057.46,1082.81,1063.62,1295.89,1416.69
0,"n23m0123.hpc.itc.rwth-aachen.de",0,9,"n23m0123.hpc.itc.rwth-aachen.de",9,"9","uds",unix,65536,20,1044.38,1065.73,1078.86,1103.49,1087.12,1315.2,1437.28
0,"n23m0123.hpc.itc.rwth-aachen.de",0,10,"n23m0123.hpc.itc.rwth-aachen.de",10,"10","uds",unix,65536,20,1065.34,1086.79,1099.29,1124.47,1109.48,1335.99,1457.8
0,"n23m0123.hpc.itc.rwth-aachen.de",0,11,"n23m0123.hpc.itc.rwth-aachen.de",11,"11","uds",unix,65536,20,1086.69,1108.85,1122.83,1147.4,1132.04,1357.66,1480.22
0,"n23m0123.hpc.itc.rwth-aachen.de",0,12,"n23m0123.hpc.itc.rwth-aachen.de",12,"12","uds",unix,65536,20,1106.52,1126.93,1142.99,1194.26,1156.36,1508.72,1691.61
0,"n23m0123.hpc.itc.rwth-aachen.de",0,13,"n23m0123.hpc.itc.rwth-aachen.de",13,"13","uds",unix,65536,20,1125.21,1148.77,1165.23,1215.86,1177.27,1531.28,1718.77
0,"n23m0123.hpc.itc.rwth-aachen.de",0,14,"n23m0123.hpc.itc.rwth-aachen.de",14,"14","uds",unix,65536,20,1142.05,1166.81,1182.66,1234.13,1195.62,1548.03,1737.28
0,"n23m0123.hpc.itc.rwth-aachen.de",0,15,"n23m0123.hpc.itc.rwth-aachen.de",15,"15","uds",unix,65536,20,1161.26,1188.81,1206.65,1256.06,1217,1568.24,1756.25
0,"n23m0123.hpc.itc.rwth-aachen.de",0,16,"n23m0123.hpc.itc.rwth-aachen.de",16,"16","uds",unix,65536,20,1179.73,1207.16,1225.12,1274.31,1235.34,1585.68,1774.14
0,"n23m0123.hpc.itc.rwth-aachen.de",0,17,"n23m0123.hpc.itc.rwth-aachen.de",17,"17","uds",unix,65536,20,1197.19,1226.92,1246.99,1295.77,1257.49,1605.88,1796.76
0,"n23m0123.hpc.itc.rwth-aachen.de",0,18,"n23m0123.hpc.itc.rwth-aachen.de",18,"18","uds",unix,65536,20,1216.25,1247.81,1269.51,1315.12,1276.85,1624.32,1816.31
0,"n23m0123.hpc.itc.rwth-aachen.de",0,19,"n23m0123.hpc.itc.rwth-aachen.de",19,"19","uds",unix,65536,20,1235.41,1267.78,1291.22,1337.22,1297.28,1645.58,1838.57
0,"n23m0123.hpc.itc.rwth-aachen.de",0,20,"n23m0123.hpc.itc.rwth-aachen.de",20,"20","uds",unix,65536,20,1254.05,1287.71,1314.84,1357.26,1319.96,1664.58,1858.53
0,"n23m0123.hpc.itc.rwth-aachen.de",0,21,"n23m0123.hpc.itc.rwth-aachen.de",21,"21","uds",unix,65536,20,1276.17,1310.32,1337.97,1380.11,1341.88,1692.91,1880.53
0,"n23m0123.hpc.itc.rwth-aachen.de",0,22,"n23m0123.hpc.itc.rwth-aachen.de",22,"22","uds",unix,65536,20,1300.72,1330.22,1356.71,1400.69,1363.59,1709.65,1902.2
0,"n23m0123.hpc.itc.rwth-aachen.de",0,23,"n23m0123.hpc.itc.rwth-aachen.de",23,"23","uds",unix,65536,20,1325.04,1353.48,1380.19,1424.68,1390.14,1739.02,1924.54
0,"n23m0123.hpc.itc.rwth-aachen.de",0,24,"n23m0123.hpc.itc.rwth-aachen.de",24,"24","uds",unix,65536,20,1344.83,1372.42,1399.85,1444.84,1410.84,1759.23,1944.56
0,"n23m0123.hpc.itc.rwth-aachen.de",0,25,"n23m0123.hpc.itc.rwth-aachen.de",25,"25","uds",unix,65536,20,1370,1397.21,1422.66,1468.49,1434.9,1781.62,1968.4
0,"n23m0123.hpc.itc.rwth-aachen.de",0,26,"n23m0123.hpc.itc.rwth-aachen.de",26,"26","uds",unix,65536,20,1394.12,1416.5,1442.16,1488.28,1453.87,1802.41,1988.11
0,"n23m0123.hpc.itc.rwth-aachen.de",0,27,"n23m0123.hpc.itc.rwth-aachen.de",27,"27","uds",unix,65536,20,1419.53,1438.23,1465,1511.62,1482.14,1823.9,2009.94
0,"n23m0123.hpc.itc.rwth-aachen.de",0,28,"n23m0123.hpc.itc.rwth-aachen.de",28,"28","uds",unix,65536,20,1441.53,1459.28,1483.71,1531.75,1502.23,1844.06,2032.03
0,"n23m0123.hpc.itc.rwth-aachen.de",0,29,"n23m0123.hpc.itc.rwth-aachen.de",29,"29","uds",unix,65536,20,1461.99,1481.93,1506.05,1554.26,1525.06,1866.19,2053.39
0,"n23m0123.hpc.itc.rwth-aachen.de",0,30,"n23m0123.hpc.itc.rwth-aachen.de",30,"30","uds",unix,65536,20,1485.1,1503.27,1524.25,1584.99,1547.91,1884.6,2071.29
0,"n23m0123.hpc.itc.rwth-aachen.de",0,31,"n23m0123.hpc.itc.rwth-aachen.de",31,"31","uds",unix,65536,20,1506.37,1527.18,1547.39,1625.69,1573.57,2096.27,2132.53
0,"n23m0123.hpc.itc.rwth-aachen.de",0,32,"n23m0123.hpc.itc.rwth-aachen.de",32,"32","uds",unix,65536,20,1527.44,1547.74,1567.6,1647.67,1595.48,2126.3,2156.66
0,"n23m0123.hpc.itc.rwth-aachen.de",0,33,"n23m0123.hpc.itc.rwth-aachen.de",33,"33","uds",unix,65536,20,1550.55,1571.16,1590.37,1671.92,1622.44,2149.83,2180.3
0,"n23m0123.hpc.itc.rwth-aachen.de",0,34,"n23m0123.hpc.itc.rwth-aachen.de",34,"34","uds",unix,65536,20,1570.51,1590.89,1611.86,1691.85,1639.18,2171.42,2201.44
0,"n23m0123.hpc.itc.rwth-aachen.de",0,35,"n23m0123.hpc.itc.rwth-aachen.de",35,"35","uds",unix,65536,20,1596.33,1613.77,1635.06,1714.56,1663.93,2192.71,2224.41
0,"n23m0123.hpc.itc.rwth-aachen.de",0,36,"n23m0123.hpc.itc.rwth-aachen.de",36,"36","uds",unix,65536,20,1614.86,1635.2,1655.63,1735.35,1683.67,2215.58,2246.1
0,"n23m0123.hpc.itc.rwth-aachen.de",0,37,"n23m0123.hpc.itc.rwth-aachen.de",37,"37","uds",unix,65536,20,1638.22,1658.49,1678.78,1758.8,1708.04,2239.26,2268.5
0,"n23m0123.hpc.itc.rwth-aachen.de",0,38,"n23m0123.hpc.itc.rwth-aachen.de",38,"38","uds",unix,65536,20,1658.85,1678.39,1701.43,1780.15,1730.84,2260.39,2290.84
0,"n23m0123.hpc.itc.rwth-aachen.de",0,39,"n23m0123.hpc.itc.rwth-aachen.de",39,"39","uds",unix,65536,20,1682.92,1701.38,1723.18,1803.55,1753.47,2285.89,2314.46
0,"n23m0123.hpc.itc.rwth-aachen.de",0,40,"n23m0123.hpc.itc.rwth-aachen.de",40,"40","uds",unix,65536,20,1703.67,1722.36,1744.27,1824.78,1775.74,2305.43,2337.56
0,"n23m0123.hpc.itc.rwth-aachen.de",0,41,"n23m0123.hpc.itc.rwth-aachen.de",41,"41","uds",unix,65536,20,1724.77,1749.1,1769.97,1849.65,1798.73,2334.9,2358.62
0,"n23m0123.hpc.itc.rwth-aachen.de",0,42,"n23m0123.hpc.itc.rwth-aachen.de",42,"42","uds",unix,65536,20,1746.34,1769.37,1790.24,1973.24,1879.7,2455.26,3861.05
0,"n23m0123.hpc.itc.rwth-aachen.de",0,43,"n23m0123.hpc.itc.rwth-aachen.de",43,"43","uds",unix,65536,20,1770.48,1788.76,1813.08,1916.88,1903.2,2381.07,2404.62
0,"n23m0123.hpc.itc.rwth-aachen.de",0,44,"n23m0123.hpc.itc.rwth-aachen.de",44,"44","uds",unix,65536,20,1787.4,1818.34,1837.17,1968.65,2088.03,2412.59,2425.22
0,"n23m0123.hpc.itc.rwth-aachen.de",0,45,"n23m0123.hpc.itc.rwth-aachen.de",45,"45","uds",unix,65536,20,1811.77,1839.98,1860.97,1992.18,2111.23,2437.64,2448.77
0,"n23m0123.hpc.itc.rwth-aachen.de",0,46,"n23m0123.hpc.itc.rwth-aachen.de",46,"46","uds",unix,65536,20,1830.12,1861.09,1882.2,2013.92,2132.75,2458.34,2470.14
0,"n23m0123.hpc.itc.rwth-aachen.de",0,47,"n23m0123.hpc.itc.rwth-aachen.de",47,"47","uds",unix,65536,20,1851.88,1883.48,1908.74,2038.28,2156.02,2483.55,2494.38
0,"n23m0123.hpc.itc.rwth-aachen.de",0,48,"n23m0123.hpc.itc.rwth-aachen.de",48,"48","uds",unix,65536,20,1877.89,1916.23,1941.74,2069.75,2186.87,2513.68,2528.27
0,"n23m0123.hpc.itc.rwth-aachen.de",0,49,"n23m0123.hpc.itc.rwth-aachen.de",49,"49","uds",unix,65536,20,1911.1,1946.92,1974.95,2102.16,2217.08,2546.1,2565.7
0,"n23m0123.hpc.itc.rwth-aachen.de",0,50,"n23m0123.hpc.itc.rwth-aachen.de",50,"50","uds",unix,65536,20,1936.04,1985.19,2009.63,2132.53,2247.85,2574.13,2597.42
0,"n23m0123.hpc.itc.rwth-aachen.de",0,51,"n23m0123.hpc.itc.rwth-aachen.de",51,"51","uds",unix,65536,20,1970.75,2008.91,2041.2,2162.58,2277.06,2606.6,2627.32
0,"n23m0123.hpc.itc.rwth-aachen.de",0,52,"n23m0123.hpc.itc.rwth-aachen.de",52,"52","uds",unix,65536,20,1994.63,2038.27,2069.33,2191.87,2307.22,2634.65,2659.36
0,"n23m0123.hpc.itc.rwth-aachen.de",0,53,"n23m0123.hpc.itc.rwth-aachen.de",53,"53","uds",unix,65536,20,2023.85,2074.19,2099.7,2225.35,2336.42,2664.85,2686.91
0,"n23m0123.hpc.itc.rwth-aachen.de",0,54,"n23m0123.hpc.itc.rwth-aachen.de",54,"54","uds",unix,65536,20,2052.58,2110.47,2134.74,2333.13,2490.31,2764.49,3683.28
0,"n23m0123.hpc.itc.rwth-aachen.de",0,55,"n23m0123.hpc.itc.rwth-aachen.de",55,"55","uds",unix,65536,20,2081.75,2139.3,2166.17,2300.99,2449.98,2725.49,2751.36
0,"n23m0123.hpc.itc.rwth-aachen.de",0,56,"n23m0123.hpc.itc.rwth-aachen.de",56,"56","uds",unix,65536,20,2112.56,2164.97,2196.94,2330.64,2480.02,2757.54,2780.75
0,"n23m0123.hpc.itc.rwth-aachen.de",0,57,"n23m0123.hpc.itc.rwth-aachen.de",57,"57","uds",unix,65536,20,2142.08,2198.64,2231.74,2386.88,2575.57,2804.13,2812.76
0,"n23m0123.hpc.itc.rwth-aachen.de",0,58,"n23m0123.hpc.itc.rwth-aachen.de",58,"58","uds",unix,65536,20,2170.09,2226.17,2259.26,2414.84,2603.65,2829.04,2846.58
0,"n23m0123.hpc.itc.rwth-aachen.de",0,59,"n23m0123.hpc.itc.rwth-aachen.de",59,"59","uds",unix,65536,20,2197.7,2263.64,2289.54,2447.37,2632.32,2861.25,2872.85
0,"n23m0123.hpc.itc.rwth-aachen.de",0,60,"n23m0123.hpc.itc.rwth-aachen.de",60,"60","uds",unix,65536,20,2222.18,2299.52,2340.11,2552.33,2786,2948.94,3777.31
0,"n23m0123.hpc.itc.rwth-aachen.de",0,61,"n23m0123.hpc.itc.rwth-aachen.de",61,"61","uds",unix,65536,20,2253.96,2334.03,2373.36,2532.17,2753.16,2918.7,2936.2
0,"n23m0123.hpc.itc.rwth-aachen.de",0,62,"n23m0123.hpc.itc.rwth-aachen.de",62,"62","uds",unix,65536,20,2300.02,2360.84,2404.41,2562.99,2786.97,2959.51,2968.01
0,"n23m0123.hpc.itc.rwth-aachen.de",0,63,"n23m0123.hpc.itc.rwth-aachen.de",63,"63","uds",unix,65536,20,2325.44,2391.8,2440.83,2595.07,2819.38,2989.26,2998.48
0,"n23m0123.hpc.itc.rwth-aachen.de",0,64,"n23m0123.hpc.itc.rwth-aachen.de",64,"64","uds",unix,65536,20,2352.49,2431.07,2473.52,2626.29,2847.14,3020.15,3031.07
0,"n23m0123.hpc.itc.rwth-aachen.de",0,65,"n23m0123.hpc.itc.rwth-aachen.de",65,"65","uds",unix,65536,20,2404.36,2456.13,2506.93,2660.14,2882.33,3053.54,3067.95
0,"n23m0123.hpc.itc.rwth-aachen.de",0,66,"n23m0123.hpc.itc.rwth-aachen.de",66,"66","uds",unix,65536,20,2432.22,2488.08,2534.83,2690.41,2913.38,3084.01,3101.65
0,"n23m0123.hpc.itc.rwth-aachen.de",0,67,"n23m0123.hpc.itc.rwth-aachen.de",67,"67","uds",unix,65536,20,2470.9,2517.96,2567.56,2723.07,2944.25,3116.03,3131.67
0,"n23m0123.hpc.itc.rwth-aachen.de",0,68,"n23m0123.hpc.itc.rwth-aachen.de",68,"68","uds",unix,65536,20,2496.48,2559.2,2599.38,2753.64,2972.95,3144.38,3162.3
0,"n23m0123.hpc.itc.rwth-aachen.de",0,69,"n23m0123.hpc.itc.rwth-aachen.de",69,"69","uds",unix,65536,20,2525.53,2598.33,2734.07,2810.53,3076.15,3174.78,3194.07
0,"n23m0123.hpc.itc.rwth-aachen.de",0,70,"n23m0123.hpc.itc.rwth-aachen.de",70,"70","uds",unix,65536,20,2560.66,2626.12,2761.13,2839.56,3104.65,3202.85,3222.41
0,"n23m0123.hpc.itc.rwth-aachen.de",0,71,"n23m0123.hpc.itc.rwth-aachen.de",71,"71","uds",unix,65536,20,2593.16,2657.16,2793.88,2870.8,3133.4,3232.93,3259.83
0,"n23m0123.hpc.itc.rwth-aachen.de",0,72,"n23m0123.hpc.itc.rwth-aachen.de",72,"72","uds",unix,65536,20,2619.58,2685.97,2823.88,2899.47,3163.96,3261.9,3286.24
0,"n23m0123.hpc.itc.rwth-aachen.de",0,73,"n23m0123.hpc.itc.rwth-aachen.de",73,"73","uds",unix,65536,20,2652.89,2716.55,2860.97,2932.31,3194.04,3303.19,3321.6
0,"n23m0123.hpc.itc.rwth-aachen.de",0,74,"n23m0123.hpc.itc.rwth-aachen.de",74,"74","uds",unix,65536,20,2681.45,2748.78,2890.39,2961.26,3222.83,3329.89,3352.01
0,"n23m0123.hpc.itc.rwth-aachen.de",0,75,"n23m0123.hpc.itc.rwth-aachen.de",75,"75","uds",unix,65536,20,2708.31,2779.99,2919.35,2992.81,3257.42,3362.87,3382.06
0,"n23m0123.hpc.itc.rwth-aachen.de",0,76,"n23m0123.hpc.itc.rwth-aachen.de",76,"76","uds",unix,65536,20,2743.28,2807.45,2949.93,3022.5,3290.37,3394.92,3411.82
0,"n23m0123.hpc.itc.rwth-aachen.de",0,77,"n23m0123.hpc.itc.rwth-aachen.de",77,"77","uds",unix,65536,20,2771.42,2837.96,2980.84,3054.76,3320.47,3424.15,3444.92
0,"n23m0123.hpc.itc.rwth-aachen.de",0,78,"n23m0123.hpc.itc.rwth-aachen.de",78,"78","uds",unix,65536,20,2802.25,2864.68,3010.46,3084.01,3347.56,3454.66,3472.99
0,"n23m0123.hpc.itc.rwth-aachen.de",0,79,"n23m0123.hpc.itc.rwth-aachen.de",79,"79","uds",unix,65536,20,2833.31,2895.47,3040.24,3114.56,3378.83,3481.94,3505.03
0,"n23m0123.hpc.itc.rwth-aachen.de",0,80,"n23m0123.hpc.itc.rwth-aachen.de",80,"80","uds",unix,65536,20,2865.09,2924.09,3069.17,3144.13,3407.67,3513.15,3534.47
0,"n23m0123.hpc.itc.rwth-aachen.de",0,81,"n23m0123.hpc.itc.rwth-aachen.de",81,"81","uds",unix,65536,20,2894.75,2955.94,3099.49,3175.52,3436.02,3544.78,3579.32
0,"n23m0123.hpc.itc.rwth-aachen.de",0,82,"n23m0123.hpc.itc.rwth-aachen.de",82,"82","uds",unix,65536,20,2922.7,2981.85,3129.08,3203.52,3463.56,3575.68,3607.31
0,"n23m0123.hpc.itc.rwth-aachen.de",0,83,"n23m0123.hpc.itc.rwth-aachen.de",83,"83","uds",unix,65536,20,2954.95,3025.97,3157.92,3235.04,3492.73,3607.54,3640.32
0,"n23m0123.hpc.itc.rwth-aachen.de",0,84,"n23m0123.hpc.itc.rwth-aachen.de",84,"84","uds",unix,65536,20,2980.76,3049.45,3185.19,3263.73,3521.41,3634.91,3669.59
0,"n23m0123.hpc.itc.rwth-aachen.de",0,85,"n23m0123.hpc.itc.rwth-aachen.de",85,"85","uds",unix,65536,20,3012.89,3082.06,3217.31,3294.51,3547.37,3672.28,3699.41
0,"n23m0123.hpc.itc.rwth-aachen.de",0,86,"n23m0123.hpc.itc.rwth-aachen.de",86,"86","uds",unix,65536,20,3039.18,3106.55,3253.17,3323.71,3575.84,3700.58,3732.5
0,"n23m0123.hpc.itc.rwth-aachen.de",0,87,"n23m0123.hpc.itc.rwth-aachen.de",87,"87","uds",unix,65536,20,3071.77,3143.95,3282.65,3355.92,3606.1,3731.66,3763.82
0,"n23m0123.hpc.itc.rwth-aachen.de",0,88,"n23m0123.hpc.itc.rwth-aachen.de",88,"88","uds",unix,65536,20,3106.63,3174.59,3313.36,3385.27,3636.09,3761.93,3790.95
0,"n23m0123.hpc.itc.rwth-aachen.de",0,89,"n23m0123.hpc.itc.rwth-aachen.de",89,"89","uds",unix,65536,20,3136.31,3201.92,3342.28,3415.87,3664.23,3802.03,3826.68
0,"n23m0123.hpc.itc.rwth-aachen.de",0,90,"n23m0123.hpc.itc.rwth-aachen.de",90,"90","uds",unix,65536,20,3163.7,3231.26,3371.83,3444.55,3693.92,3832.55,3855.5
0,"n23m0123.hpc.itc.rwth-aachen.de",0,91,"n23m0123.hpc.itc.rwth-aachen.de",91,"91","uds",unix,65536,20,3190.5,3263.31,3400.59,3475.13,3721.75,3862.07,3887.91
0,"n23m0123.hpc.itc.rwth-aachen.de",0,92,"n23m0123.hpc.itc.rwth-aachen.de",92,"92","uds",unix,65536,20,3216.86,3288.92,3428.51,3503.22,3751.32,3891.91,3918.21
0,"n23m0123.hpc.itc.rwth-aachen.de",0,93,"n23m0123.hpc.itc.rwth-aachen.de",93,"93","uds",unix,65536,20,3250.69,3323.61,3463.63,3536.85,3784.49,3926.86,3945.7
0,"n23m0123.hpc.itc.rwth-aachen.de",0,94,"n23m0123.hpc.itc.rwth-aachen.de",94,"94","uds",unix,65536,20,3276.28,3349.92,3493.63,3565.1,3819.09,3959.17,3980.35
0,"n23m0123.hpc.itc.rwth-aachen.de",0,95,"n23m0123.hpc.itc.rwth-aachen.de",95,"95","uds",unix,65536,20,3306.12,3384.57,3523.65,3595.67,3850.61,3983.48,4011.08
0,"n23m0123.hpc.itc.rwth-aachen.de",0,1,"n23m0123.hpc.itc.rwth-aachen.de",1,"1","uds",unix,262144,20,6765.71,7140.38,7254.66,7208.82,7322.84,7371.12,7411.69
0,"n23m0123.hpc.itc.rwth-aachen.de",0,2,"n23m0123.hpc.itc.rwth-aachen.de",2,"2","uds",unix,262144,20,6715.3,7094.48,7207.53,7157.81,7265.93,7322.78,7363.78
0,"n23m0123.hpc.itc.rwth-aachen.de",0,3,"n23m0123.hpc.itc.rwth-aachen.de",3,"3","uds",unix,262144,20,6669.45,7045.86,7160.33,7108.62,7216.62,7272.6,7314.47
0,"n23m0123.hpc.itc.rwth-aachen.de",0,4,"n23m0123.hpc.itc.rwth-aachen.de",4,"4","uds",unix,262144,20,6617.6,6992.29,7102.42,7053.89,7158.04,7215.87,7242.56
0,"n23m0123.hpc.itc.rwth-aachen.de",0,5,"n23m0123.hpc.itc.rwth-aachen.de",5,"5","uds",unix,262144,20,6569.45,6933.36,7044.86,6994.33,7094.48,7152.72,7184.63
0,"n23m0123.hpc.itc.rwth-aachen.de",0,6,"n23m0123.hpc.itc.rwth-aachen.de",6,"6","uds",unix,262144,20,1163.78,1179.5,1183.31,1182.63,1189.98,1195.37,1196.12
0,"n23m0123.hpc.itc.rwth-aachen.de",0,7,"n23m0123.hpc.itc.rwth-aachen.de",7,"7","uds",unix,262144,20,1212.38,1232.53,1235.46,1235.07,1241.44,1250.44,1252.22
0,"n23m0123.hpc.itc.rwth-aachen.de",0,8,"n23m0123.hpc.itc.rwth-aachen.de",8,"8","uds",unix,262144,20,1255.54,1277.95,1280.94,1567.39,1287.56,1592.27,7006.65
0,"n23m0123.hpc.itc.rwth-aachen.de",0,9,"n23m0123.hpc.itc.rwth-aachen.de",9,"9","uds",unix,262144,20,1302.88,1323.61,1332.65,1345.13,1336.58,1373.13,1616.21
0,"n23m0123.hpc.itc.rwth-aachen.de",0,10,"n23m0123.hpc.itc.rwth-aachen.de",10,"10","uds",unix,262144,20,1346.58,1365.15,1374.23,1387.26,1378.52,1414.59,1660.48
0,"n23m0123.hpc.itc.rwth-aachen.de",0,11,"n23m0123.hpc.itc.rwth-aachen.de",11,"11","uds",unix,262144,20,1389.17,1407.46,1418.26,1430.5,1422.49,1456.54,1704.08
0,"n23m0123.hpc.itc.rwth-aachen.de",0,12,"n23m0123.hpc.itc.rwth-aachen.de",12,"12","uds",unix,262144,20,1432.3,1454.02,1461.67,1474.9,1466.52,1501.76,1749.05
0,"n23m0123.hpc.itc.rwth-aachen.de",0,13,"n23m0123.hpc.itc.rwth-aachen.de",13,"13","uds",unix,262144,20,1476.53,1501.78,1508.04,1521.86,1514.86,1559.53,1794.7
0,"n23m0123.hpc.itc.rwth-aachen.de",0,14,"n23m0123.hpc.itc.rwth-aachen.de",14,"14","uds",unix,262144,20,1516.21,1544.97,1550.15,1580.24,1562.44,1838.22,1886
0,"n23m0123.hpc.itc.rwth-aachen.de",0,15,"n23m0123.hpc.itc.rwth-aachen.de",15,"15","uds",unix,262144,20,1560.65,1592.62,1599.23,1897.63,1618.82,2188.66,7012.26
0,"n23m0123.hpc.itc.rwth-aachen.de",0,16,"n23m0123.hpc.itc.rwth-aachen.de",16,"16","uds",unix,262144,20,1600.98,1633.62,1639.66,1688.44,1664.8,1977.65,2009.78
0,"n23m0123.hpc.itc.rwth-aachen.de",0,17,"n23m0123.hpc.itc.rwth-aachen.de",17,"17","uds",unix,262144,20,1648.13,1681.14,1688.35,1999.13,1719.1,2300.8,6932.37
0,"n23m0123.hpc.itc.rwth-aachen.de",0,18,"n23m0123.hpc.itc.rwth-aachen.de",18,"18","uds",unix,262144,20,1686.49,1724.11,1743.18,2050.53,1828.97,2334.98,6845.68
0,"n23m0123.hpc.itc.rwth-aachen.de",0,19,"n23m0123.hpc.itc.rwth-aachen.de",19,"19","uds",unix,262144,20,1728.25,1767.92,1791.32,1850.93,1859.61,2114.34,2142.44
0,"n23m0123.hpc.itc.rwth-aachen.de",0,20,"n23m0123.hpc.itc.rwth-aachen.de",20,"20","uds",unix,262144,20,1771.54,1812.9,1840.22,2159.67,2061.92,2437.78,7076.52
0,"n23m0123.hpc.itc.rwth-aachen.de",0,21,"n23m0123.hpc.itc.rwth-aachen.de",21,"21","uds",unix,262144,20,1817.52,1861.49,1886.7,1961.18,2109.2,2210.66,2238.06
0,"n23m0123.hpc.itc.rwth-aachen.de",0,22,"n23m0123.hpc.itc.rwth-aachen.de",22,"22","uds",unix,262144,20,1867.53,1905.3,1936.63,2007.34,2151.65,2257.67,2279.97
0,"n23m0123.hpc.itc.rwth-aachen.de",0,23,"n23m0123.hpc.itc.rwth-aachen.de",23,"23","uds",unix,262144,20,1921.2,1968.5,1998.47,2069.27,2215.68,2320.26,2335.82
0,"n23m0123.hpc.itc.rwth-aachen.de",0,24,"n23m0123.hpc.itc.rwth-aachen.de",24,"24","uds",unix,262144,20,1968.8,2017.79,2046.38,2116.98,2258.99,2369.42,2380.17
0,"n23m0123.hpc.itc.rwth-aachen.de",0,25,"n23m0123.hpc.itc.rwth-aachen.de",25,"25","uds",unix,262144,20,2013.44,2066.43,2095.93,2166.36,2307.98,2421.11,2431.22
0,"n23m0123.hpc.itc.rwth-aachen.de",0,26,"n23m0123.hpc.itc.rwth-aachen.de",26,"26","uds",unix,262144,20,2057.03,2112.85,2142.74,2212.23,2353.23,2467.35,2477.13
0,"n23m0123.hpc.itc.rwth-aachen.de",0,27,"n23m0123.hpc.itc.rwth-aachen.de",27,"27","uds",unix,262144,20,2101.94,2162.27,2195.41,2262.35,2401.56,2516.02,2527.34
0,"n23m0123.hpc.itc.rwth-aachen.de",0,28,"n23m0123.hpc.itc.rwth-aachen.de",28,"28","uds",unix,262144,20,2145.04,2207.04,2238.68,2306.55,2444.29,2561.54,2575.33
0,"n23m0123.hpc.itc.rwth-aachen.de",0,29,"n23m0123.hpc.itc.rwth-aachen.de",29,"29","uds",unix,262144,20,2187.93,2254.62,2287.16,2595.87,2538.41,2849.57,7133.34
0,"n23m0123.hpc.itc.rwth-aachen.de",0,30,"n23m0123.hpc.itc.rwth-aachen.de",30,"30","uds",unix,262144,20,2231.65,2301.04,2333.25,2418.78,2583.96,2675.98,2718.44
0,"n23m0123.hpc.itc.rwth-aachen.de",0,31,"n23m0123.hpc.itc.rwth-aachen.de",31,"31","uds",unix,262144,20,2276.55,2347.69,2379.61,2466.64,2628.95,2725.46,2768.55
0,"n23m0123.hpc.itc.rwth-aachen.de",0,32,"n23m0123.hpc.itc.rwth-aachen.de",32,"32","uds",unix,262144,20,2323.57,2393.75,2426.51,2515.29,2681.15,2770.91,2816.84
0,"n23m0123.hpc.itc.rwth-aachen.de",0,33,"n23m0123.hpc.itc.rwth-aachen.de",33,"33","uds",unix,262144,20,2380.97,2456.78,2488.8,2578.21,2739.5,2844.79,2881.61
0,"n23m0123.hpc.itc.rwth-aachen.de",0,34,"n23m0123.hpc.itc.rwth-aachen.de",34,"34","uds",unix,262144,20,2424.97,2506.89,2538.93,2627.07,2787.35,2894.41,2928.45
0,"n23m0123.hpc.itc.rwth-aachen.de",0,35,"n23m0123.hpc.itc.rwth-aachen.de",35,"35","uds",unix,262144,20,2486.16,2557.37,2588.6,2678.85,2842.29,2946.49,2989.14
0,"n23m0123.hpc.itc.rwth-aachen.de",0,36,"n23m0123.hpc.itc.rwth-aachen.de",36,"36","uds",unix,262144,20,2532.7,2604.05,2635.56,2725.87,2890.32,2995.32,3037.35
0,"n23m0123.hpc.itc.rwth-aachen.de",0,37,"n23m0123.hpc.itc.rwth-aachen.de",37,"37","uds",unix,262144,20,2580.72,2656.62,2688.71,2776.87,2945.74,3046.88,3089.99
0,"n23m0123.hpc.itc.rwth-aachen.de",0,38,"n23m0123.hpc.itc.rwth-aachen.de",38,"38","uds",unix,262144,20,2625.38,2708.34,2736.85,2828.32,3010.18,3099.59,3140.69
0,"n23m0123.hpc.itc.rwth-aachen.de",0,39,"n23m0123.hpc.itc.rwth-aachen.de",39,"39","uds",unix,262144,20,2677.78,2762.75,2787.76,2880.68,3053.12,3149.72,3196.01
0,"n23m0123.hpc.itc.rwth-aachen.de",0,40,"n23m0123.hpc.itc.rwth-aachen.de",40,"40","uds",unix,262144,20,2723.85,2810.07,2838.1,2930.41,3102.96,3197.29,3245.97
0,"n23m0123.hpc.itc.rwth-aachen.de",0,41,"n23m0123.hpc.itc.rwth-aachen.de",41,"41","uds",unix,262144,20,2772.43,2862.63,2891.18,2983.11,3156.48,3250.08,3303.57
0,"n23m0123.hpc.itc.rwth-aachen.de",0,42,"n23m0123.hpc.itc.rwth-aachen.de",42,"42","uds",unix,262144,20,2818.33,2911.86,2938.39,3031.34,3203.21,3296.85,3354.13
0,"n23m0123.hpc.itc.rwth-aachen.de",0,43,"n23m0123.hpc.itc.rwth-aachen.de",43,"43","uds",unix,262144,20,2872.84,2965.42,2988.41,3084.67,3252.31,3348.41,3419.62
0,"n23m0123.hpc.itc.rwth-aachen.de",0,44,"n23m0123.hpc.itc.rwth-aachen.de",44,"44","uds",unix,262144,20,2921.43,3011.17,3035.24,3130.18,3297.49,3394.39,3463.18
0,"n23m0123.hpc.itc.rwth-aachen.de",0,45,"n23m0123.hpc.itc.rwth-aachen.de",45,"45","uds",unix,262144,20,2968.35,3061.53,3090.78,3181.43,3347.47,3444.76,3513.54
0,"n23m0123.hpc.itc.rwth-aachen.de",0,46,"n23m0123.hpc.itc.rwth-aachen.de",46,"46","uds",unix,262144,20,3029.8,3116.95,3145.03,3251.94,3426.64,3550.5,3562.04
0,"n23m0123.hpc.itc.rwth-aachen.de",0,47,"n23m0123.hpc.itc.rwth-aachen.de",47,"47","uds",unix,262144,20,3077.94,3169.89,3208.95,3490.01,3525.66,3787.07,6885.71
0,"n23m0123.hpc.itc.rwth-aachen.de",0,48,"n23m0123.hpc.itc.rwth-aachen.de",48,"48","uds",unix,262144,20,3147.07,3239.19,3279.81,3389.2,3548.46,3673.35,3692.39
0,"n23m0123.hpc.itc.rwth-aachen.de",0,49,"n23m0123.hpc.itc.rwth-aachen.de",49,"49","uds",unix,262144,20,3216.27,3312.06,3358.03,3464.34,3623.73,3756.21,3764.5
0,"n23m0123.hpc.itc.rwth-aachen.de",0,50,"n23m0123.hpc.itc.rwth-aachen.de",50,"50","uds",unix,262144,20,3284.4,3382.78,3425.85,3532.34,3697.36,3819.43,3829.23
0,"n23m0123.hpc.itc.rwth-aachen.de",0,51,"n23m0123.hpc.itc.rwth-aachen.de",51,"51","uds",unix,262144,20,3359.81,3457.75,3506.54,3607.77,3766.21,3887.3,3899.62
0,"n23m0123.hpc.itc.rwth-aachen.de",0,52,"n23m0123.hpc.itc.rwth-aachen.de",52,"52","uds",unix,262144,20,3426.97,3530.77,3574.56,3676.41,3833.89,3953.4,3965.41
0,"n23m0123.hpc.itc.rwth-aachen.de",0,53,"n23m0123.hpc.itc.rwth-aachen.de",53,"53","uds",unix,262144,20,3501.17,3603.24,3659.19,3756.93,3918.7,4046.33,4056.58
0,"n23m0123.hpc.itc.rwth-aachen.de",0,54,"n23m0123.hpc.itc.rwth-aachen.de",54,"54","uds",unix,262144,20,3567.65,3669.03,3721.99,3822.04,3987.95,4108.81,4122.76
0,"n23m0123.hpc.itc.rwth-aachen.de",0,55,"n23m0123.hpc.itc.rwth-aachen.de",55,"55","uds",unix,262144,20,3638.63,3745.61,3862.01,4059.87,4101.9,4339.83,7112.49
0,"n23m0123.hpc.itc.rwth-aachen.de",0,56,"n23m0123.hpc.itc.rwth-aachen.de",56,"56","uds",unix,262144,20,3715.48,3816.59,3929.93,3980.32,4167.88,4261.62,4266.69
0,"n23m0123.hpc.itc.rwth-aachen.de",0,57,"n23m0123.hpc.itc.rwth-aachen.de",57,"57","uds",unix,262144,20,3803.27,3905.75,4018.18,4065.18,4248.41,4350.29,4352.68
0,"n23m0123.hpc.itc.rwth-aachen.de",0,58,"n23m0123.hpc.itc.rwth-aachen.de",58,"58","uds",unix,262144,20,3888.48,3972.91,4098.82,4139.44,4326.02,4415.82,4427
0,"n23m0123.hpc.itc.rwth-aachen.de",0,59,"n23m0123.hpc.itc.rwth-aachen.de",59,"59","uds",unix,262144,20,3961.14,4047.21,4174.8,4211.42,4395.53,4485.3,4496.37
0,"n23m0123.hpc.itc.rwth-aachen.de",0,60,"n23m0123.hpc.itc.rwth-aachen.de",60,"60","uds",unix,262144,20,4030.12,4134.84,4251.79,4287.64,4469.07,4559.2,4588.8
0,"n23m0123.hpc.itc.rwth-aachen.de",0,61,"n23m0123.hpc.itc.rwth-aachen.de",61,"61","uds",unix,262144,20,4102.28,4205.28,4326.81,4360.39,4543.67,4628.64,4658.53
0,"n23m0123.hpc.itc.rwth-aachen.de",0,62,"n23m0123.hpc.itc.rwth-aachen.de",62,"62","uds",unix,262144,20,4172.43,4273.96,4391.02,4428.43,4610.05,4697.77,4725.05
0,"n23m0123.hpc.itc.rwth-aachen.de",0,63,"n23m0123.hpc.itc.rwth-aachen.de",63,"63","uds",unix,262144,20,4249.89,4345.09,4459.76,4500.16,4679.29,4773.97,4791.23
0,"n23m0123.hpc.itc.rwth-aachen.de",0,64,"n23m0123.hpc.itc.rwth-aachen.de",64,"64","uds",unix,262144,20,4321.51,4412.95,4523.3,4570.72,4744.67,4845.05,4856.31
0,"n23m0123.hpc.itc.rwth-aachen.de",0,65,"n23m0123.hpc.itc.rwth-aachen.de",65,"65","uds",unix,262144,20,4393.07,4492.84,4602.9,4647.24,4825.58,4922.24,4929.18
0,"n23m0123.hpc.itc.rwth-aachen.de",0,66,"n23m0123.hpc.itc.rwth-aachen.de",66,"66","uds",unix,262144,20,4459.7,4566.49,4776.35,4733.58,4899.09,4995.65,5017.64
0,"n23m0123.hpc.itc.rwth-aachen.de",0,67,"n23m0123.hpc.itc.rwth-aachen.de",67,"67","uds",unix,262144,20,4533.39,4639.2,4845.1,4804.36,4968.87,5068.12,5070.92
0,"n23m0123.hpc.itc.rwth-aachen.de",0,68,"n23m0123.hpc.itc.rwth-aachen.de",68,"68","uds",unix,262144,20,4597.7,4708.4,4912.34,4870.75,5033.63,5132.89,5137.81
0,"n23m0123.hpc.itc.rwth-aachen.de",0,69,"n23m0123.hpc.itc.rwth-aachen.de",69,"69","uds",unix,262144,20,4673.78,4778.82,4986.55,4945.42,5108.56,5209.38,5219.36
0,"n23m0123.hpc.itc.rwth-aachen.de",0,70,"n23m0123.hpc.itc.rwth-aachen.de",70,"70","uds",unix,262144,20,4736.76,4841.64,5053.89,5012.67,5175.15,5280.15,5291.63
0,"n23m0123.hpc.itc.rwth-aachen.de",0,71,"n23m0123.hpc.itc.rwth-aachen.de",71,"71","uds",unix,262144,20,4819.66,4931.39,5135.49,5096.9,5259.16,5376.51,5377.18
0,"n23m0123.hpc.itc.rwth-aachen.de",0,72,"n23m0123.hpc.itc.rwth-aachen.de",72,"72","uds",unix,262144,20,4888.99,4994.95,5211.11,5166.47,5323.88,5442.84,5446.38
0,"n23m0123.hpc.itc.rwth-aachen.de",0,73,"n23m0123.hpc.itc.rwth-aachen.de",73,"73","uds",unix,262144,20,4969.83,5069.36,5306.5,5336.63,5416.63,5596.32,7044.23
0,"n23m0123.hpc.itc.rwth-aachen.de",0,74,"n23m0123.hpc.itc.rwth-aachen.de",74,"74","uds",unix,262144,20,5033.68,5136.8,5376.74,5326.5,5487.79,5589.68,5599
0,"n23m0123.hpc.itc.rwth-aachen.de",0,75,"n23m0123.hpc.itc.rwth-aachen.de",75,"75","uds",unix,262144,20,5101.56,5210.71,5450.59,5398.88,5560.34,5662.67,5670.41
0,"n23m0123.hpc.itc.rwth-aachen.de",0,76,"n23m0123.hpc.itc.rwth-aachen.de",76,"76","uds",unix,262144,20,5181.33,5278.68,5526.17,5471.5,5633.1,5733.6,5738.53
0,"n23m0123.hpc.itc.rwth-aachen.de",0,77,"n23m0123.hpc.itc.rwth-aachen.de",77,"77","uds",unix,262144,20,5271.71,5352.37,5600.08,5548.25,5708.5,5805.82,5809.27
0,"n23m0123.hpc.itc.rwth-aachen.de",0,78,"n23m0123.hpc.itc.rwth-aachen.de",78,"78","uds",unix,262144,20,5334.19,5430.33,5734.71,5776.06,5819.08,6956.38,7039.8
0,"n23m0123.hpc.itc.rwth-aachen.de",0,79,"n23m0123.hpc.itc.rwth-aachen.de",79,"79","uds",unix,262144,20,5400.7,5511.61,5790.47,5728.04,5883.61,5950.85,5960.11
0,"n23m0123.hpc.itc.rwth-aachen.de",0,80,"n23m0123.hpc.itc.rwth-aachen.de",80,"80","uds",unix,262144,20,5467.18,5574.34,5862.97,5796.28,5953.94,6020.67,6028.1
0,"n23m0123.hpc.itc.rwth-aachen.de",0,81,"n23m0123.hpc.itc.rwth-aachen.de",81,"81","uds",unix,262144,20,5537.65,5644.37,5932.51,5867.91,6026.25,6094.46,6100.8
0,"n23m0123.hpc.itc.rwth-aachen.de",0,82,"n23m0123.hpc.itc.rwth-aachen.de",82,"82","uds",unix,262144,20,5607.69,5714.04,5998.81,5936.35,6099.65,6163.55,6166.71
0,"n23m0123.hpc.itc.rwth-aachen.de",0,83,"n23m0123.hpc.itc.rwth-aachen.de",83,"83","uds",unix,262144,20,5674.28,5789.56,6071.27,6014.26,6176.04,6241.04,6260.31
0,"n23m0123.hpc.itc.rwth-aachen.de",0,84,"n23m0123.hpc.itc.rwth-aachen.de",84,"84","uds",unix,262144,20,5740.59,5857.17,6140.12,6084.87,6247.05,6331.85,6335.06
0,"n23m0123.hpc.itc.rwth-aachen.de",0,85,"n23m0123.hpc.itc.rwth-aachen.de",85,"85","uds",unix,262144,20,5811.32,6145.41,6261.14,6265.87,6337.54,7005.9,7006.18
0,"n23m0123.hpc.itc.rwth-aachen.de",0,86,"n23m0123.hpc.itc.rwth-aachen.de",86,"86","uds",unix,262144,20,5887.28,6212.28,6324.44,6262.01,6385.21,6469.67,6472.63
0,"n23m0123.hpc.itc.rwth-aachen.de",0,87,"n23m0123.hpc.itc.rwth-aachen.de",87,"87","uds",unix,262144,20,5970.52,6283.29,6405.59,6337.78,6460.32,6540.78,6555.13
0,"n23m0123.hpc.itc.rwth-aachen.de",0,88,"n23m0123.hpc.itc.rwth-aachen.de",88,"88","uds",unix,262144,20,6036.43,6352.74,6472.61,6408.01,6531.71,6612.5,6628.62
0,"n23m0123.hpc.itc.rwth-aachen.de",0,89,"n23m0123.hpc.itc.rwth-aachen.de",89,"89","uds",unix,262144,20,6106.34,6420.71,6545.35,6480.48,6606.94,6687.27,6699.32
0,"n23m0123.hpc.itc.rwth-aachen.de",0,90,"n23m0123.hpc.itc.rwth-aachen.de",90,"90","uds",unix,262144,20,6173.06,6488.91,6621.62,6549.54,6675.31,6752.8,6768.14
0,"n23m0123.hpc.itc.rwth-aachen.de",0,91,"n23m0123.hpc.itc.rwth-aachen.de",91,"91","uds",unix,262144,20,6239.6,6584.72,6698.57,6651.89,6751.75,6844.51,6966.13
0,"n23m0123.hpc.itc.rwth-aachen.de",0,92,"n23m0123.hpc.itc.rwth-aachen.de",92,"92","uds",unix,262144,20,6314.94,6702.5,6766.05,6734.32,6824.01,6892.92,6903.53
0,"n23m0123.hpc.itc.rwth-aachen.de",0,93,"n23m0123.hpc.itc.rwth-aachen.de",93,"93","uds",unix,262144,20,6397.96,6744.13,6834.99,6799.04,6889.17,6964.38,6979.06
0,"n23m0123.hpc.itc.rwth-aachen.de",0,94,"n23m0123.hpc.itc.rwth-aachen.de",94,"94","uds",unix,262144,20,6458.74,6810.86,6903.58,6866.7,6956.45,7029.49,7050.88
0,"n23m0123.hpc.itc.rwth-aachen.de",0,95,"n23m0123.hpc.itc.rwth-aachen.de",95,"95","uds",unix,262144,20,6526.37,6880.85,6975.67,6937.64,7025.23,7100.17,7123.74
0,"n23m0123.hpc.itc.rwth-aachen.de",0,1,"n23m0123.hpc.itc.rwth-aachen.de",1,"1","uds",unix,1048576,20,19875.4,20299.7,20468.4,20683.7,20864.9,21959.5,22550.4
0,"n23m0123.hpc.itc.rwth-aachen.de",0,2,"n23m0123.hpc.itc.rwth-aachen.de",2,"2","uds",unix,1048576,20,19703.4,20136.7,20298.9,20513.5,20692.8,21783.9,22385.1
0,"n23m0123.hpc.itc.rwth-aachen.de",0,3,"n23m0123.hpc.itc.rwth-aachen.de",3,"3","uds",unix,1048576,20,19527.8,19961.3,20124.8,20338.4,20508.7,21607,22209
0,"n23m0123.hpc.itc.rwth-aachen.de",0,4,"n23m0123.hpc.itc.rwth-aachen.de",4,"4","uds",unix,1048576,20,19347.1,19802.5,19944.9,20170.6,20340.6,21419.3,22041.6
0,"n23m0123.hpc.itc.rwth-aachen.de",0,5,"n23m0123.hpc.itc.rwth-aachen.de",5,"5","uds",unix,1048576,20,19174.7,19618,19776.2,20001.1,20174.8,21228.5,21866.5
0,"n23m0123.hpc.itc.rwth-aachen.de",0,6,"n23m0123.hpc.itc.rwth-aachen.de",6,"6","uds",unix,1048576,20,1671.66,1707.27,1733.22,1785.15,1891.56,1921.31,1935.25
0,"n23m0123.hpc.itc.rwth-aachen.de",0,7,"n23m0123.hpc.itc.rwth-aachen.de",7,"7","uds",unix,1048576,20,1783.23,1848.23,1887.53,1928.93,2049.02,2065.45,2071.77
0,"n23m0123.hpc.itc.rwth-aachen.de",0,8,"n23m0123.hpc.itc.rwth-aachen.de",8,"8","uds",unix,1048576,20,1924.94,1991.78,2033.96,2071.32,2177.77,2211.49,2218.32
0,"n23m0123.hpc.itc.rwth-aachen.de",0,9,"n23m0123.hpc.itc.rwth-aachen.de",9,"9","uds",unix,1048576,20,2075.65,2126.99,2190.46,3119.71,2334.81,3260.58,20272.6
0,"n23m0123.hpc.itc.rwth-aachen.de",0,10,"n23m0123.hpc.itc.rwth-aachen.de",10,"10","uds",unix,1048576,20,2226.81,2278.49,2312.11,2360.19,2474.05,2508.52,2534.43
0,"n23m0123.hpc.itc.rwth-aachen.de",0,11,"n23m0123.hpc.itc.rwth-aachen.de",11,"11","uds",unix,1048576,20,2361.32,2423.11,2511.45,3364.94,2629.41,3537.71,19583.6
0,"n23m0123.hpc.itc.rwth-aachen.de",0,12,"n23m0123.hpc.itc.rwth-aachen.de",12,"12","uds",unix,1048576,20,2520.16,2565.69,2649.34,2661.32,2765.81,2811.05,2853.26
0,"n23m0123.hpc.itc.rwth-aachen.de",0,13,"n23m0123.hpc.itc.rwth-aachen.de",13,"13","uds",unix,1048576,20,2664.69,2723.38,2782.99,2802.36,2905.08,2947.93,2954.3
0,"n23m0123.hpc.itc.rwth-aachen.de",0,14,"n23m0123.hpc.itc.rwth-aachen.de",14,"14","uds",unix,1048576,20,2817.1,2866.69,2968.55,3786.69,3074.96,3981.04,19295.7
0,"n23m0123.hpc.itc.rwth-aachen.de",0,15,"n23m0123.hpc.itc.rwth-aachen.de",15,"15","uds",unix,1048576,20,2968.29,3053.36,3119.8,3957.59,3228.31,4173.05,19653
0,"n23m0123.hpc.itc.rwth-aachen.de",0,16,"n23m0123.hpc.itc.rwth-aachen.de",16,"16","uds",unix,1048576,20,3115.76,3166.83,3259.02,3277.16,3370.71,3485.18,3532.84
0,"n23m0123.hpc.itc.rwth-aachen.de",0,17,"n23m0123.hpc.itc.rwth-aachen.de",17,"17","uds",unix,1048576,20,3258.45,3335.87,3405.55,3433.93,3525.47,3654.85,3713.58
0,"n23m0123.hpc.itc.rwth-aachen.de",0,18,"n23m0123.hpc.itc.rwth-aachen.de",18,"18","uds",unix,1048576,20,3406.03,3485.1,3560.15,3582.32,3670.27,3814.36,3882.23
0,"n23m0123.hpc.itc.rwth-aachen.de",0,19,"n23m0123.hpc.itc.rwth-aachen.de",19,"19","uds",unix,1048576,20,3562.73,3634.7,3706.73,3738.91,3832.83,3986.35,4043.05
0,"n23m0123.hpc.itc.rwth-aachen.de",0,20,"n23m0123.hpc.itc.rwth-aachen.de",20,"20","uds",unix,1048576,20,3714.38,3778.79,3869.51,3892.57,3970.28,4148.12,4208.4
0,"n23m0123.hpc.itc.rwth-aachen.de",0,21,"n23m0123.hpc.itc.rwth-aachen.de",21,"21","uds",unix,1048576,20,3860.39,3940.15,4005.14,4046,4140.5,4314.22,4378.25
0,"n23m0123.hpc.itc.rwth-aachen.de",0,22,"n23m0123.hpc.itc.rwth-aachen.de",22,"22","uds",unix,1048576,20,4016.1,4072.96,4171.53,4196.67,4270.8,4486.34,4549.43
0,"n23m0123.hpc.itc.rwth-aachen.de",0,23,"n23m0123.hpc.itc.rwth-aachen.de",23,"23","uds",unix,1048576,20,4157.08,4212.71,4311.78,4350.76,4420.42,4654.36,4782.29
0,"n23m0123.hpc.itc.rwth-aachen.de",0,24,"n23m0123.hpc.itc.rwth-aachen.de",24,"24","uds",unix,1048576,20,4304.64,4389.79,4460.07,4498.42,4558.15,4809.21,4880.9
0,"n23m0123.hpc.itc.rwth-aachen.de",0,25,"n23m0123.hpc.itc.rwth-aachen.de",25,"25","uds",unix,1048576,20,4456.02,4574.55,4669.87,6173.46,4779.54,19376.4,19988.9
0,"n23m0123.hpc.itc.rwth-aachen.de",0,26,"n23m0123.hpc.itc.rwth-aachen.de",26,"26","uds",unix,1048576,20,4603.67,4708.39,4791.9,4821.25,4884.4,5162.24,5189.88
0,"n23m0123.hpc.itc.rwth-aachen.de",0,27,"n23m0123.hpc.itc.rwth-aachen.de",27,"27","uds",unix,1048576,20,4784.07,4866.51,4985.57,5823.25,5066.37,6150.31,21653.9
0,"n23m0123.hpc.itc.rwth-aachen.de",0,28,"n23m0123.hpc.itc.rwth-aachen.de",28,"28","uds",unix,1048576,20,4942.34,5016.74,5101.82,5913.17,5197.54,6272.05,20977.4
0,"n23m0123.hpc.itc.rwth-aachen.de",0,29,"n23m0123.hpc.itc.rwth-aachen.de",29,"29","uds",unix,1048576,20,5075.55,5170.38,5269.61,5291.8,5367.13,5513.09,5747.6
0,"n23m0123.hpc.itc.rwth-aachen.de",0,30,"n23m0123.hpc.itc.rwth-aachen.de",30,"30","uds",unix,1048576,20,5258.27,5310.21,5423.65,5454.84,5517.35,5807.26,5923.39
0,"n23m0123.hpc.itc.rwth-aachen.de",0,31,"n23m0123.hpc.itc.rwth-aachen.de",31,"31","uds",unix,1048576,20,5379.79,5484.93,5579.52,6333.99,5697.69,6758.25,19815.9
0,"n23m0123.hpc.itc.rwth-aachen.de",0,32,"n23m0123.hpc.itc.rwth-aachen.de",32,"32","uds",unix,1048576,20,5552.37,5634.35,5745.61,5776.12,5833.46,6134.85,6244.13
0,"n23m0123.hpc.itc.rwth-aachen.de",0,33,"n23m0123.hpc.itc.rwth-aachen.de",33,"33","uds",unix,1048576,20,5692.88,5802.91,5904.04,5938.65,5998.76,6293.15,6415.6
0,"n23m0123.hpc.itc.rwth-aachen.de",0,34,"n23m0123.hpc.itc.rwth-aachen.de",34,"34","uds",unix,1048576,20,5869.48,5972.75,6078.4,6099.12,6155.33,6492.32,6569.62
0,"n23m0123.hpc.itc.rwth-aachen.de",0,35,"n23m0123.hpc.itc.rwth-aachen.de",35,"35","uds",unix,1048576,20,5991.57,6114.5,6221,6257.7,6303.55,6619.73,6786.52
0,"n23m0123.hpc.itc.rwth-aachen.de",0,36,"n23m0123.hpc.itc.rwth-aachen.de",36,"36","uds",unix,1048576,20,6146.73,6278.69,6389.66,6414.77,6456.12,6789.67,6910.86
0,"n23m0123.hpc.itc.rwth-aachen.de",0,37,"n23m0123.hpc.itc.rwth-aachen.de",37,"37","uds",unix,1048576,20,6312.15,6444.05,6572.19,6591.07,6662.49,6948.23,7088.02
0,"n23m0123.hpc.itc.rwth-aachen.de",0,38,"n23m0123.hpc.itc.rwth-aachen.de",38,"38","uds",unix,1048576,20,6510.16,6676.08,6741.03,7377.63,6845.47,7850.54,19075.3
0,"n23m0123.hpc.itc.rwth-aachen.de",0,39,"n23m0123.hpc.itc.rwth-aachen.de",39,"39","uds",unix,1048576,20,6675.98,6842.77,6922.3,8189.65,7041.7,19438.8,19610.5
0,"n23m0123.hpc.itc.rwth-aachen.de",0,40,"n23m0123.hpc.itc.rwth-aachen.de",40,"40","uds",unix,1048576,20,6834.84,7003.3,7074.28,7102.52,7182.63,7453.85,7618.51
0,"n23m0123.hpc.itc.rwth-aachen.de",0,41,"n23m0123.hpc.itc.rwth-aachen.de",41,"41","uds",unix,1048576,20,7000.69,7170.64,7230.31,7269.67,7344.05,7626.32,7796.95
0,"n23m0123.hpc.itc.rwth-aachen.de",0,42,"n23m0123.hpc.itc.rwth-aachen.de",42,"42","uds",unix,1048576,20,7157.25,7328.56,7402.12,8061.86,7524.63,8562.68,19936.1
0,"n23m0123.hpc.itc.rwth-aachen.de",0,43,"n23m0123.hpc.itc.rwth-aachen.de",43,"43","uds",unix,1048576,20,7325.21,7500.9,7583.1,7613.76,7707.61,7962.78,8142.37
0,"n23m0123.hpc.itc.rwth-aachen.de",0,44,"n23m0123.hpc.itc.rwth-aachen.de",44,"44","uds",unix,1048576,20,7507.92,7673.86,7749.66,7782.64,7865.2,8125.75,8316.66
0,"n23m0123.hpc.itc.rwth-aachen.de",0,45,"n23m0123.hpc.itc.rwth-aachen.de",45,"45","uds",unix,1048576,20,7641.9,7849.38,7915.01,7941.48,8040.65,8133.3,8506.57
0,"n23m0123.hpc.itc.rwth-aachen.de",0,46,"n23m0123.hpc.itc.rwth-aachen.de",46,"46","uds",unix,1048576,20,7805.56,8007.69,8086.67,8122.35,8220.94,8457.4,8690.58
0,"n23m0123.hpc.itc.rwth-aachen.de",0,47,"n23m0123.hpc.itc.rwth-aachen.de",47,"47","uds",unix,1048576,20,7975.61,8182.35,8261.59,8851.05,8421.62,9401.91,19478.1
0,"n23m0123.hpc.itc.rwth-aachen.de",0,48,"n23m0123.hpc.itc.rwth-aachen.de",48,"48","uds",unix,1048576,20,8208.72,8411.39,8481.57,8521.52,8637.98,8879.25,9114.85
0,"n23m0123.hpc.itc.rwth-aachen.de",0,49,"n23m0123.hpc.itc.rwth-aachen.de",49,"49","uds",unix,1048576,20,8433.32,8637.91,8713.32,8753.04,8864.61,9117.56,9368.92
0,"n23m0123.hpc.itc.rwth-aachen.de",0,50,"n23m0123.hpc.itc.rwth-aachen.de",50,"50","uds",unix,1048576,20,8651.92,8856.34,8948.13,8978.62,9087.66,9338.68,9601.13
0,"n23m0123.hpc.itc.rwth-aachen.de",0,51,"n23m0123.hpc.itc.rwth-aachen.de",51,"51","uds",unix,1048576,20,8884.41,9090.13,9182.39,9224.82,9378.36,9573.52,9843.27
0,"n23m0123.hpc.itc.rwth-aachen.de",0,52,"n23m0123.hpc.itc.rwth-aachen.de",52,"52","uds",unix,1048576,20,9111.5,9320.97,9394.7,9445.21,9563.24,9812.22,10081
0,"n23m0123.hpc.itc.rwth-aachen.de",0,53,"n23m0123.hpc.itc.rwth-aachen.de",53,"53","uds",unix,1048576,20,9335.55,9542.14,9617.35,9673.39,9790.4,10039.4,10317.6
0,"n23m0123.hpc.itc.rwth-aachen.de",0,54,"n23m0123.hpc.itc.rwth-aachen.de",54,"54","uds",unix,1048576,20,9567.17,9764.79,9845.63,9901.92,10018.4,10276.7,10567.1
0,"n23m0123.hpc.itc.rwth-aachen.de",0,55,"n23m0123.hpc.itc.rwth-aachen.de",55,"55","uds",unix,1048576,20,9785.36,9990.79,10069.1,10132,10252.6,10520.1,10809.7
0,"n23m0123.hpc.itc.rwth-aachen.de",0,56,"n23m0123.hpc.itc.rwth-aachen.de",56,"56","uds",unix,1048576,20,9991.41,10245.4,10326.8,10826.8,10555.4,11475.8,19545.6
0,"n23m0123.hpc.itc.rwth-aachen.de",0,57,"n23m0123.hpc.itc.rwth-aachen.de",57,"57","uds",unix,1048576,20,10208.5,10446.1,10559.5,11951.9,10858.1,19678.1,19909.1
0,"n23m0123.hpc.itc.rwth-aachen.de",0,58,"n23m0123.hpc.itc.rwth-aachen.de",58,"58","uds",unix,1048576,20,10431.2,10672.3,10770.7,11294.8,10981.6,11692.9,20995.4
0,"n23m0123.hpc.itc.rwth-aachen.de",0,59,"n23m0123.hpc.itc.rwth-aachen.de",59,"59","uds",unix,1048576,20,10647.1,10896.5,11038.6,12819.6,11427.7,20242.7,20452.3
0,"n23m0123.hpc.itc.rwth-aachen.de",0,60,"n23m0123.hpc.itc.rwth-aachen.de",60,"60","uds",unix,1048576,20,10976.7,11188.9,11367.8,12553.6,11676.1,19402.9,19492.3
0,"n23m0123.hpc.itc.rwth-aachen.de",0,61,"n23m0123.hpc.itc.rwth-aachen.de",61,"61","uds",unix,1048576,20,11149.3,11340.2,11496.1,11540.6,11707.7,11901.1,12395.4
0,"n23m0123.hpc.itc.rwth-aachen.de",0,62,"n23m0123.hpc.itc.rwth-aachen.de",62,"62","uds",unix,1048576,20,11408.2,11675.7,11787.7,12548.7,12066.9,18998,19376.1
0,"n23m0123.hpc.itc.rwth-aachen.de",0,63,"n23m0123.hpc.itc.rwth-aachen.de",63,"63","uds",unix,1048576,20,11620.7,11796.1,11957.2,12012.6,12163.6,12426.6,12868.5
0,"n23m0123.hpc.itc.rwth-aachen.de",0,64,"n23m0123.hpc.itc.rwth-aachen.de",64,"64","uds",unix,1048576,20,11873.2,12087.3,12211.9,12728.5,12472,13524.5,21618.9
0,"n23m0123.hpc.itc.rwth-aachen.de",0,65,"n23m0123.hpc.itc.rwth-aachen.de",65,"65","uds",unix,1048576,20,12093.2,12315.2,12447.5,12961.8,12729.7,13759.7,21668
0,"n23m0123.hpc.itc.rwth-aachen.de",0,66,"n23m0123.hpc.itc.rwth-aachen.de",66,"66","uds",unix,1048576,20,12327.4,12465.4,12650.4,12705.7,12864.4,13111.6,13615.9
0,"n23m0123.hpc.itc.rwth-aachen.de",0,67,"n23m0123.hpc.itc.rwth-aachen.de",67,"67","uds",unix,1048576,20,12553.7,12705,12882.6,12947.6,13100.6,13358.5,13880.3
0,"n23m0123.hpc.itc.rwth-aachen.de",0,68,"n23m0123.hpc.itc.rwth-aachen.de",68,"68","uds",unix,1048576,20,12804.4,12945.6,13115.2,13189.6,13341.6,13621.9,14123.3
0,"n23m0123.hpc.itc.rwth-aachen.de",0,69,"n23m0123.hpc.itc.rwth-aachen.de",69,"69","uds",unix,1048576,20,13051.2,13198.1,13367.6,13765.4,13721.2,14670.5,19844.5
0,"n23m0123.hpc.itc.rwth-aachen.de",0,70,"n23m0123.hpc.itc.rwth-aachen.de",70,"70","uds",unix,1048576,20,13287.2,13444.1,13622.1,13687.5,13836.9,14123.7,14658
0,"n23m0123.hpc.itc.rwth-aachen.de",0,71,"n23m0123.hpc.itc.rwth-aachen.de",71,"71","uds",unix,1048576,20,13529.2,13675.1,13869.5,14490.9,14239.2,19448.1,19599.6
0,"n23m0123.hpc.itc.rwth-aachen.de",0,72,"n23m0123.hpc.itc.rwth-aachen.de",72,"72","uds",unix,1048576,20,13753.2,13919.5,14118,14463.7,14364.9,15409.5,19836.7
0,"n23m0123.hpc.itc.rwth-aachen.de",0,73,"n23m0123.hpc.itc.rwth-aachen.de",73,"73","uds",unix,1048576,20,13979.5,14168.5,14342.2,14417.4,14576.5,14880.8,15416.4
0,"n23m0123.hpc.itc.rwth-aachen.de",0,74,"n23m0123.hpc.itc.rwth-aachen.de",74,"74","uds",unix,1048576,20,14208.9,14385.3,14574.5,14647.8,14811.6,15109.9,15665.6
0,"n23m0123.hpc.itc.rwth-aachen.de",0,75,"n23m0123.hpc.itc.rwth-aachen.de",75,"75","uds",unix,1048576,20,14442.8,14609.3,14808,14883.4,15055.4,15329.4,15906.5
0,"n23m0123.hpc.itc.rwth-aachen.de",0,76,"n23m0123.hpc.itc.rwth-aachen.de",76,"76","uds",unix,1048576,20,14674.2,14849.6,15030,15120.3,15301,15580.5,16169.5
0,"n23m0123.hpc.itc.rwth-aachen.de",0,77,"n23m0123.hpc.itc.rwth-aachen.de",77,"77","uds",unix,1048576,20,14927,15097.3,15289.2,15569.3,15566.6,16590.4,19575.6
0,"n23m0123.hpc.itc.rwth-aachen.de",0,78,"n23m0123.hpc.itc.rwth-aachen.de",78,"78","uds",unix,1048576,20,15162.8,15336.4,15485.1,15592.6,15786.7,16061.7,16668.5
0,"n23m0123.hpc.itc.rwth-aachen.de",0,79,"n23m0123.hpc.itc.rwth-aachen.de",79,"79","uds",unix,1048576,20,15382.4,15557.2,15706.2,15819.4,16024,16303.4,16908.5
0,"n23m0123.hpc.itc.rwth-aachen.de",0,80,"n23m0123.hpc.itc.rwth-aachen.de",80,"80","uds",unix,1048576,20,15598.9,15775.1,15933.5,16051.3,16248.9,16702.5,17143.7
0,"n23m0123.hpc.itc.rwth-aachen.de",0,81,"n23m0123.hpc.itc.rwth-aachen.de",81,"81","uds",unix,1048576,20,15827.7,15995.7,16163.2,16271.3,16482.3,16775.9,17395.1
0,"n23m0123.hpc.itc.rwth-aachen.de",0,82,"n23m0123.hpc.itc.rwth-aachen.de",82,"82","uds",unix,1048576,20,16074.3,16281.5,16445.9,16676.5,16788.7,17735.1,19492.1
0,"n23m0123.hpc.itc.rwth-aachen.de",0,83,"n23m0123.hpc.itc.rwth-aachen.de",83,"83","uds",unix,1048576,20,16293,16512.9,16685.3,16902.3,17031.5,17978.8,19495.1
0,"n23m0123.hpc.itc.rwth-aachen.de",0,84,"n23m0123.hpc.itc.rwth-aachen.de",84,"84","uds",unix,1048576,20,16508.9,16740.3,16914.8,17154.3,17198,18255,20417.7
0,"n23m0123.hpc.itc.rwth-aachen.de",0,85,"n23m0123.hpc.itc.rwth-aachen.de",85,"85","uds",unix,1048576,20,16735.7,17011.6,17182.3,17361.4,17531.5,18442.7,19334.2
0,"n23m0123.hpc.itc.rwth-aachen.de",0,86,"n23m0123.hpc.itc.rwth-aachen.de",86,"86","uds",unix,1048576,20,16961.3,17222.9,17357.7,17469,17657,18019.9,18618.9
0,"n23m0123.hpc.itc.rwth-aachen.de",0,87,"n23m0123.hpc.itc.rwth-aachen.de",87,"87","uds",unix,1048576,20,17183,17441.8,17576,17693.9,17883.8,18269.2,18865.5
0,"n23m0123.hpc.itc.rwth-aachen.de",0,88,"n23m0123.hpc.itc.rwth-aachen.de",88,"88","uds",unix,1048576,20,17394.9,17650.1,17803.3,17920.7,18114.9,18505.2,19097.5
0,"n23m0123.hpc.itc.rwth-aachen.de",0,89,"n23m0123.hpc.itc.rwth-aachen.de",89,"89","uds",unix,1048576,20,17611.2,17893.6,18038,18148.1,18340,18728.9,19336.5
0,"n23m0123.hpc.itc.rwth-aachen.de",0,90,"n23m0123.hpc.itc.rwth-aachen.de",90,"90","uds",unix,1048576,20,17830.7,18149.4,18298.4,18766.5,18887.7,21001.7,21637.7
0,"n23m0123.hpc.itc.rwth-aachen.de",0,91,"n23m0123.hpc.itc.rwth-aachen.de",91,"91","uds",unix,1048576,20,18043.1,18372.6,18596.4,18817.6,19067.7,20002.6,20618.6
0,"n23m0123.hpc.itc.rwth-aachen.de",0,92,"n23m0123.hpc.itc.rwth-aachen.de",92,"92","uds",unix,1048576,20,18254.3,18618.9,18900.9,19028.8,19302.6,20239.4,20868
0,"n23m0123.hpc.itc.rwth-aachen.de",0,93,"n23m0123.hpc.itc.rwth-aachen.de",93,"93","uds",unix,1048576,20,18478.8,18849.3,19046.2,19249.2,19439.8,20482.8,21106.5
0,"n23m0123.hpc.itc.rwth-aachen.de",0,94,"n23m0123.hpc.itc.rwth-aachen.de",94,"94","uds",unix,1048576,20,18697.8,19068.7,19265.5,19458,19674.9,20710.5,21343.8
0,"n23m0123.hpc.itc.rwth-aachen.de",0,95,"n23m0123.hpc.itc.rwth-aachen.de",95,"95","uds",unix,1048576,20,18941,19327,19549.5,19756.7,19932.3,20979.9,21597.5
0,"n23m0123.hpc.itc.rwth-aachen.de",0,1,"n23m0123.hpc.itc.rwth-aachen.de",1,"1","uds",unix,4194304,20,80152.8,80367.4,80696.4,81081.5,81535.3,83352.6,83497.3
0,"n23m0123.hpc.itc.rwth-aachen.de",0,2,"n23m0123.hpc.itc.rwth-aachen.de",2,"2","uds",unix,4194304,20,79460.1,79655.6,79970,80364.5,80808.8,82643.9,82787.7
0,"n23m0123.hpc.itc.rwth-aachen.de",0,3,"n23m0123.hpc.itc.rwth-aachen.de",3,"3","uds",unix,4194304,20,78752.2,78953.7,79263.2,79666.6,80100.1,81928.4,82079.6
0,"n23m0123.hpc.itc.rwth-aachen.de",0,4,"n23m0123.hpc.itc.rwth-aachen.de",4,"4","uds",unix,4194304,20,78054.6,78241.1,78561.9,78959,79378.5,81229.6,81377.7
0,"n23m0123.hpc.itc.rwth-aachen.de",0,5,"n23m0123.hpc.itc.rwth-aachen.de",5,"5","uds",unix,4194304,20,77195.7,77488.9,77785.7,78200.6,78562.5,80438.3,80546.5
0,"n23m0123.hpc.itc.rwth-aachen.de",0,6,"n23m0123.hpc.itc.rwth-aachen.de",6,"6","uds",unix,4194304,20,4200.39,4361.92,4456.44,19110.5,4522.71,77760.2,79033
0,"n23m0123.hpc.itc.rwth-aachen.de",0,7,"n23m0123.hpc.itc.rwth-aachen.de",7,"7","uds",unix,4194304,20,4750.21,5020.78,5116.97,5074.12,5148.51,5197.76,5200.17
0,"n23m0123.hpc.itc.rwth-aachen.de",0,8,"n23m0123.hpc.itc.rwth-aachen.de",8,"8","uds",unix,4194304,20,5371.53,5690.26,5785.75,16576.5,5848.76,77952.2,78591.2
0,"n23m0123.hpc.itc.rwth-aachen.de",0,9,"n23m0123.hpc.itc.rwth-aachen.de",9,"9","uds",unix,4194304,20,6100.57,6395.8,6458.13,20601.6,6544.16,77488.6,78093.1
0,"n23m0123.hpc.itc.rwth-aachen.de",0,10,"n23m0123.hpc.itc.rwth-aachen.de",10,"10","uds",unix,4194304,20,6701.35,7040.85,7146.39,17786,7196.17,77982.2,79880.3
0,"n23m0123.hpc.itc.rwth-aachen.de",0,11,"n23m0123.hpc.itc.rwth-aachen.de",11,"11","uds",unix,4194304,20,7453.05,7684.91,7770.27,7742.28,7823.83,7887.11,7913.27
0,"n23m0123.hpc.itc.rwth-aachen.de",0,12,"n23m0123.hpc.itc.rwth-aachen.de",12,"12","uds",unix,4194304,20,8042.03,8352.03,8428.68,8417.72,8499.67,8589.05,8600.88
0,"n23m0123.hpc.itc.rwth-aachen.de",0,13,"n23m0123.hpc.itc.rwth-aachen.de",13,"13","uds",unix,4194304,20,8761.4,9012.29,9063.8,9075.41,9168.82,9264.54,9309.67
0,"n23m0123.hpc.itc.rwth-aachen.de",0,14,"n23m0123.hpc.itc.rwth-aachen.de",14,"14","uds",unix,4194304,20,9481.66,9685.13,9741.27,13101.9,9876.95,13331.8,76642.9
0,"n23m0123.hpc.itc.rwth-aachen.de",0,15,"n23m0123.hpc.itc.rwth-aachen.de",15,"15","uds",unix,4194304,20,10142.9,10326.8,10384.2,13718.5,10552,13966.4,76571.6
0,"n23m0123.hpc.itc.rwth-aachen.de",0,16,"n23m0123.hpc.itc.rwth-aachen.de",16,"16","uds",unix,4194304,20,10766.5,10968.2,11031.9,14368.3,11236.6,14630.4,77103.7
0,"n23m0123.hpc.itc.rwth-aachen.de",0,17,"n23m0123.hpc.itc.rwth-aachen.de",17,"17","uds",unix,4194304,20,11434.9,11576.3,11678.2,11714.5,11796.9,11995.3,12044.6
0,"n23m0123.hpc.itc.rwth-aachen.de",0,18,"n23m0123.hpc.itc.rwth-aachen.de",18,"18","uds",unix,4194304,20,12074.3,12207.1,12321.7,15602.4,12617.5,15929.4,77246.9
0,"n23m0123.hpc.itc.rwth-aachen.de",0,19,"n23m0123.hpc.itc.rwth-aachen.de",19,"19","uds",unix,4194304,20,12735.9,12893,12988.1,26052.8,13341.8,79125.3,79904.4
0,"n23m0123.hpc.itc.rwth-aachen.de",0,20,"n23m0123.hpc.itc.rwth-aachen.de",20,"20","uds",unix,4194304,20,13366,13526.9,13632.3,20103,14111.3,77099.5,78638.7
0,"n23m0123.hpc.itc.rwth-aachen.de",0,21,"n23m0123.hpc.itc.rwth-aachen.de",21,"21","uds",unix,4194304,20,14052.9,14172.9,14548.6,30203.1,30444.4,77888.2,78017.2
0,"n23m0123.hpc.itc.rwth-aachen.de",0,22,"n23m0123.hpc.itc.rwth-aachen.de",22,"22","uds",unix,4194304,20,14687.5,14846.9,15023.9,21286.4,15457.7,77094.9,77391.4
0,"n23m0123.hpc.itc.rwth-aachen.de",0,23,"n23m0123.hpc.itc.rwth-aachen.de",23,"23","uds",unix,4194304,20,15379,15567.4,15757.3,21882.1,16171.8,76556.5,76675.2
0,"n23m0123.hpc.itc.rwth-aachen.de",0,24,"n23m0123.hpc.itc.rwth-aachen.de",24,"24","uds",unix,4194304,20,16031.7,16230.3,16377.5,22466.6,16773.5,76705,76814.8
0,"n23m0123.hpc.itc.rwth-aachen.de",0,25,"n23m0123.hpc.itc.rwth-aachen.de",25,"25","uds",unix,4194304,20,16750.8,16908.2,17014.1,20179.3,17450.2,20699,77778.5
0,"n23m0123.hpc.itc.rwth-aachen.de",0,26,"n23m0123.hpc.itc.rwth-aachen.de",26,"26","uds",unix,4194304,20,17326.7,17558.5,17920.6,32859.6,32911,79669.9,79951.3
0,"n23m0123.hpc.itc.rwth-aachen.de",0,27,"n23m0123.hpc.itc.rwth-aachen.de",27,"27","uds",unix,4194304,20,18116.9,18251.7,18376.4,21464.2,18796.7,22112.1,77486.6
0,"n23m0123.hpc.itc.rwth-aachen.de",0,28,"n23m0123.hpc.itc.rwth-aachen.de",28,"28","uds",unix,4194304,20,18688.5,18873.3,19028.3,25000.3,19581.6,76851.8,78586.7
0,"n23m0123.hpc.itc.rwth-aachen.de",0,29,"n23m0123.hpc.itc.rwth-aachen.de",29,"29","uds",unix,4194304,20,19400.9,19552.4,19692.9,22694.6,20138.2,23411.9,76975.8
0,"n23m0123.hpc.itc.rwth-aachen.de",0,30,"n23m0123.hpc.itc.rwth-aachen.de",30,"30","uds",unix,4194304,20,20012.1,20207.6,20333,23368.4,20743,24139.6,78442
0,"n23m0123.hpc.itc.rwth-aachen.de",0,31,"n23m0123.hpc.itc.rwth-aachen.de",31,"31","uds",unix,4194304,20,20716.5,20910.7,21006.9,23987.2,21504.1,24758.8,77249.6
0,"n23m0123.hpc.itc.rwth-aachen.de",0,32,"n23m0123.hpc.itc.rwth-aachen.de",32,"32","uds",unix,4194304,20,21335.9,21610.3,21748,33094.8,22636.6,78139.8,78767.2
0,"n23m0123.hpc.itc.rwth-aachen.de",0,33,"n23m0123.hpc.itc.rwth-aachen.de",33,"33","uds",unix,4194304,20,22113.1,22267.1,22370.1,30854.5,23066.9,77448.6,79696.9
0,"n23m0123.hpc.itc.rwth-aachen.de",0,34,"n23m0123.hpc.itc.rwth-aachen.de",34,"34","uds",unix,4194304,20,22726.4,22960,23045.4,28654,23745,77092.6,77520.9
0,"n23m0123.hpc.itc.rwth-aachen.de",0,35,"n23m0123.hpc.itc.rwth-aachen.de",35,"35","uds",unix,4194304,20,23468.8,23643.4,23997.3,34698.7,24796.7,77243.4,80647.9
0,"n23m0123.hpc.itc.rwth-aachen.de",0,36,"n23m0123.hpc.itc.rwth-aachen.de",36,"36","uds",unix,4194304,20,24094.6,24346,24427.4,24644.2,24881.5,25555.3,25699.2
0,"n23m0123.hpc.itc.rwth-aachen.de",0,37,"n23m0123.hpc.itc.rwth-aachen.de",37,"37","uds",unix,4194304,20,24840.7,25077,25364.2,41262.3,77696.6,79827.8,79846.8
0,"n23m0123.hpc.itc.rwth-aachen.de",0,38,"n23m0123.hpc.itc.rwth-aachen.de",38,"38","uds",unix,4194304,20,25568.3,25775.1,25892.2,31200.5,26611.3,76767.1,77340.8
0,"n23m0123.hpc.itc.rwth-aachen.de",0,39,"n23m0123.hpc.itc.rwth-aachen.de",39,"39","uds",unix,4194304,20,26245.1,26419.5,26519.9,29343.2,27034.3,30471.1,78708.3
0,"n23m0123.hpc.itc.rwth-aachen.de",0,40,"n23m0123.hpc.itc.rwth-aachen.de",40,"40","uds",unix,4194304,20,26883.4,27156.5,27447,35014.6,28499.1,77376.3,77580.6
0,"n23m0123.hpc.itc.rwth-aachen.de",0,41,"n23m0123.hpc.itc.rwth-aachen.de",41,"41","uds",unix,4194304,20,27641.7,27851.7,27944.8,38196.8,29245.6,79309.1,80685.5
0,"n23m0123.hpc.itc.rwth-aachen.de",0,42,"n23m0123.hpc.itc.rwth-aachen.de",42,"42","uds",unix,4194304,20,28311.1,28509.8,28733.2,33770.4,29485,77144.6,77510.5
0,"n23m0123.hpc.itc.rwth-aachen.de",0,43,"n23m0123.hpc.itc.rwth-aachen.de",43,"43","uds",unix,4194304,20,29008.4,29220.9,29297.1,32092.4,29877.2,33444.1,80454.5
0,"n23m0123.hpc.itc.rwth-aachen.de",0,44,"n23m0123.hpc.itc.rwth-aachen.de",44,"44","uds",unix,4194304,20,29729.3,29902,30005.8,32747.4,30614.8,34152.3,79670.6
0,"n23m0123.hpc.itc.rwth-aachen.de",0,45,"n23m0123.hpc.itc.rwth-aachen.de",45,"45","uds",unix,4194304,20,30457.5,30620.2,30729.7,31061.5,31331.5,32428.9,32519.4
0,"n23m0123.hpc.itc.rwth-aachen.de",0,46,"n23m0123.hpc.itc.rwth-aachen.de",46,"46","uds",unix,4194304,20,31169.5,31369.5,31577.4,36390,32497.2,77304.5,77536
0,"n23m0123.hpc.itc.rwth-aachen.de",0,47,"n23m0123.hpc.itc.rwth-aachen.de",47,"47","uds",unix,4194304,20,31890.3,32150.3,32517.9,41619.8,33805.8,77613.2,80591.9
0,"n23m0123.hpc.itc.rwth-aachen.de",0,48,"n23m0123.hpc.itc.rwth-aachen.de",48,"48","uds",unix,4194304,20,32811.8,33008.9,33201.1,42442.6,34983.6,78636.5,79207.4
0,"n23m0123.hpc.itc.rwth-aachen.de",0,49,"n23m0123.hpc.itc.rwth-aachen.de",49,"49","uds",unix,4194304,20,33705.1,33916.4,34025.4,38714.8,35118.7,76751.8,78179.4
0,"n23m0123.hpc.itc.rwth-aachen.de",0,50,"n23m0123.hpc.itc.rwth-aachen.de",50,"50","uds",unix,4194304,20,34603.6,34754.8,34927.1,39555.4,36059.5,77179.6,78925
0,"n23m0123.hpc.itc.rwth-aachen.de",0,51,"n23m0123.hpc.itc.rwth-aachen.de",51,"51","uds",unix,4194304,20,35506,35724,35999.9,42497.6,37646.7,77822.3,78033.8
0,"n23m0123.hpc.itc.rwth-aachen.de",0,52,"n23m0123.hpc.itc.rwth-aachen.de",52,"52","uds",unix,4194304,20,36400.2,36585.5,36739.2,39136.2,37732.3,40832.3,76764.1
0,"n23m0123.hpc.itc.rwth-aachen.de",0,53,"n23m0123.hpc.itc.rwth-aachen.de",53,"53","uds",unix,4194304,20,37311.2,37553.1,37810.6,46118.9,38884.9,80494.4,80683.9
0,"n23m0123.hpc.itc.rwth-aachen.de",0,54,"n23m0123.hpc.itc.rwth-aachen.de",54,"54","uds",unix,4194304,20,38206.4,38416.1,38541.7,42889.7,39600.9,77613.8,79697.1
0,"n23m0123.hpc.itc.rwth-aachen.de",0,55,"n23m0123.hpc.itc.rwth-aachen.de",55,"55","uds",unix,4194304,20,39239.9,39364.7,41603.2,55129.8,77548.6,78025.3,78651.1
0,"n23m0123.hpc.itc.rwth-aachen.de",0,56,"n23m0123.hpc.itc.rwth-aachen.de",56,"56","uds",unix,4194304,20,40131.4,40275.9,40799.6,48318.4,42481.6,78008.6,79381
0,"n23m0123.hpc.itc.rwth-aachen.de",0,57,"n23m0123.hpc.itc.rwth-aachen.de",57,"57","uds",unix,4194304,20,40929.4,41120.4,41232.8,43582.5,42146.4,45632.2,80503.4
0,"n23m0123.hpc.itc.rwth-aachen.de",0,58,"n23m0123.hpc.itc.rwth-aachen.de",58,"58","uds",unix,4194304,20,41952.6,42043.9,42221.7,46254.4,43606.9,77967.2,78617.1
0,"n23m0123.hpc.itc.rwth-aachen.de",0,59,"n23m0123.hpc.itc.rwth-aachen.de",59,"59","uds",unix,4194304,20,42795.3,43006.9,43337.6,48819.9,44551.3,78124.7,80634.4
0,"n23m0123.hpc.itc.rwth-aachen.de",0,60,"n23m0123.hpc.itc.rwth-aachen.de",60,"60","uds",unix,4194304,20,43727.3,43911.5,44252.6,49515.4,46242.8,77602.4,78739.2
0,"n23m0123.hpc.itc.rwth-aachen.de",0,61,"n23m0123.hpc.itc.rwth-aachen.de",61,"61","uds",unix,4194304,20,44653.1,44789,44954.8,47086.2,46189.8,49173.7,77527.4
0,"n23m0123.hpc.itc.rwth-aachen.de",0,62,"n23m0123.hpc.itc.rwth-aachen.de",62,"62","uds",unix,4194304,20,45556.7,45676.3,46022.6,49485.3,47371,76969.6,77209.4
0,"n23m0123.hpc.itc.rwth-aachen.de",0,63,"n23m0123.hpc.itc.rwth-aachen.de",63,"63","uds",unix,4194304,20,45981.5,46594,46726.8,51785.5,48403.9,78579.9,78897.9
0,"n23m0123.hpc.itc.rwth-aachen.de",0,64,"n23m0123.hpc.itc.rwth-aachen.de",64,"64","uds",unix,4194304,20,46883.3,47514.2,48172.1,55582.5,57143,78299.1,79745.1
0,"n23m0123.hpc.itc.rwth-aachen.de",0,65,"n23m0123.hpc.itc.rwth-aachen.de",65,"65","uds",unix,4194304,20,47813.6,48518.8,49116.2,54919.7,51018.7,78011.7,80608.4
0,"n23m0123.hpc.itc.rwth-aachen.de",0,66,"n23m0123.hpc.itc.rwth-aachen.de",66,"66","uds",unix,4194304,20,48744,49382.9,49783,54263.3,51959.1,77714.6,78675.2
0,"n23m0123.hpc.itc.rwth-aachen.de",0,67,"n23m0123.hpc.itc.rwth-aachen.de",67,"67","uds",unix,4194304,20,49676.7,50302,50664.1,55111.6,52904.5,78096.7,78756.2
0,"n23m0123.hpc.itc.rwth-aachen.de",0,68,"n23m0123.hpc.itc.rwth-aachen.de",68,"68","uds",unix,4194304,20,50599,51246,51395.6,53203.3,52717.4,55504.3,76853.3
0,"n23m0123.hpc.itc.rwth-aachen.de",0,69,"n23m0123.hpc.itc.rwth-aachen.de",69,"69","uds",unix,4194304,20,52052.5,52189.9,52633.6,56677.9,54820.8,77641.4,78126.8
0,"n23m0123.hpc.itc.rwth-aachen.de",0,70,"n23m0123.hpc.itc.rwth-aachen.de",70,"70","uds",unix,4194304,20,52481.8,53082.6,53203.9,55017.5,54344.1,57351.3,80567.5
0,"n23m0123.hpc.itc.rwth-aachen.de",0,71,"n23m0123.hpc.itc.rwth-aachen.de",71,"71","uds",unix,4194304,20,53410.4,54098.8,54715.8,61771.2,77582.2,79273.8,79688.6
0,"n23m0123.hpc.itc.rwth-aachen.de",0,72,"n23m0123.hpc.itc.rwth-aachen.de",72,"72","uds",unix,4194304,20,54332.6,54987.3,55412.1,59052.3,56837.6,77600.3,80468.8
0,"n23m0123.hpc.itc.rwth-aachen.de",0,73,"n23m0123.hpc.itc.rwth-aachen.de",73,"73","uds",unix,4194304,20,55243.4,55957.4,56379.5,59803.4,58586.9,77456.1,77647.2
0,"n23m0123.hpc.itc.rwth-aachen.de",0,74,"n23m0123.hpc.itc.rwth-aachen.de",74,"74","uds",unix,4194304,20,56657.1,56840.5,57049.4,61661.4,59508.6,78809.3,80623.3
0,"n23m0123.hpc.itc.rwth-aachen.de",0,75,"n23m0123.hpc.itc.rwth-aachen.de",75,"75","uds",unix,4194304,20,57126.9,57785.9,58231.6,60455.8,59630.1,77504,77572.2
0,"n23m0123.hpc.itc.rwth-aachen.de",0,76,"n23m0123.hpc.itc.rwth-aachen.de",76,"76","uds",unix,4194304,20,58073,58710.1,59159,63106.7,61834.2,78064.2,78415.3
0,"n23m0123.hpc.itc.rwth-aachen.de",0,77,"n23m0123.hpc.itc.rwth-aachen.de",77,"77","uds",unix,4194304,20,58989.3,59665.4,60048.6,62125.7,61538.7,77121.2,77895.8
0,"n23m0123.hpc.itc.rwth-aachen.de",0,78,"n23m0123.hpc.itc.rwth-aachen.de",78,"78","uds",unix,4194304,20,59913.5,60626.5,61509,65467.3,66942.6,77926,80769.7
0,"n23m0123.hpc.itc.rwth-aachen.de",0,79,"n23m0123.hpc.itc.rwth-aachen.de",79,"79","uds",unix,4194304,20,60851.4,61512.9,61679.8,63020.4,62910.6,65505.5,78153.8
0,"n23m0123.hpc.itc.rwth-aachen.de",0,80,"n23m0123.hpc.itc.rwth-aachen.de",80,"80","uds",unix,4194304,20,61788.8,62459.6,62774,65357.5,64479.7,78808.5,78910.9
0,"n23m0123.hpc.itc.rwth-aachen.de",0,81,"n23m0123.hpc.itc.rwth-aachen.de",81,"81","uds",unix,4194304,20,63198.1,63401.2,63847.2,65511.7,65282.6,77030.2,77372.5
0,"n23m0123.hpc.itc.rwth-aachen.de",0,82,"n23m0123.hpc.itc.rwth-aachen.de",82,"82","uds",unix,4194304,20,63716.7,64319.8,64706.4,66306.1,66228.2,76802.4,78661.8
0,"n23m0123.hpc.itc.rwth-aachen.de",0,83,"n23m0123.hpc.itc.rwth-aachen.de",83,"83","uds",unix,4194304,20,64670.6,65320.6,66500.1,69062.9,70750.7,77857.5,77860.3
0,"n23m0123.hpc.itc.rwth-aachen.de",0,84,"n23m0123.hpc.itc.rwth-aachen.de",84,"84","uds",unix,4194304,20,65618.1,66216.9,67430.7,70180.1,76736.9,78080.6,79223.7
0,"n23m0123.hpc.itc.rwth-aachen.de",0,85,"n23m0123.hpc.itc.rwth-aachen.de",85,"85","uds",unix,4194304,20,66568.3,67164.1,67387.7,68376.9,68329,70702.3,80676.6
0,"n23m0123.hpc.itc.rwth-aachen.de",0,86,"n23m0123.hpc.itc.rwth-aachen.de",86,"86","uds",unix,4194304,20,67897.7,68123,68549.1,69780.8,70016.4,77475.7,77766.2
0,"n23m0123.hpc.itc.rwth-aachen.de",0,87,"n23m0123.hpc.itc.rwth-aachen.de",87,"87","uds",unix,4194304,20,68467.4,69039.9,69256.8,70162.4,70189.7,72755.6,80518.3
0,"n23m0123.hpc.itc.rwth-aachen.de",0,88,"n23m0123.hpc.itc.rwth-aachen.de",88,"88","uds",unix,4194304,20,69397.6,69955.1,70341,72149.9,72800,78806,79726.5
0,"n23m0123.hpc.itc.rwth-aachen.de",0,89,"n23m0123.hpc.itc.rwth-aachen.de",89,"89","uds",unix,4194304,20,70345.1,70927.4,71739.7,72938.2,74046.5,77933.8,78226.6
0,"n23m0123.hpc.itc.rwth-aachen.de",0,90,"n23m0123.hpc.itc.rwth-aachen.de",90,"90","uds",unix,4194304,20,71268.2,71937.2,72448.1,73362.2,74385.5,77281,77546.1
0,"n23m0123.hpc.itc.rwth-aachen.de",0,91,"n23m0123.hpc.itc.rwth-aachen.de",91,"91","uds",unix,4194304,20,72217.1,72841,73323.5,74237.8,75327.4,77835.1,78077.6
0,"n23m0123.hpc.itc.rwth-aachen.de",0,92,"n23m0123.hpc.itc.rwth-aachen.de",92,"92","uds",unix,4194304,20,73613.7,73764,74124.7,75065.5,76240.4,78809.2,79271.4
0,"n23m0123.hpc.itc.rwth-aachen.de",0,93,"n23m0123.hpc.itc.rwth-aachen.de",93,"93","uds",unix,4194304,20,74155.6,74718.7,74925.3,75420.2,75872.9,77780.7,77927.9
0,"n23m0123.hpc.itc.rwth-aachen.de",0,94,"n23m0123.hpc.itc.rwth-aachen.de",94,"94","uds",unix,4194304,20,75096.4,75734.6,76483.2,76750.3,77634.3,78714.3,78828.4
0,"n23m0123.hpc.itc.rwth-aachen.de",0,95,"n23m0123.hpc.itc.rwth-aachen.de",95,"95","uds",unix,4194304,20,76034.3,76678.8,77130.6,77509.6,77963.3,79808.8,80519.3
