rank_i,host_i,cpu_i,affinity_i,ip_i,rank_j,host_j,cpu_j,affinity_j,ip_j,iface,small_bytes,large_bytes,warmup,iters,connect_us,latency_min_us,latency_mean_us,latency_median_us,latency_max_us,bandwidth_median_gibs,bandwidth_mean_gibs
0,"n23m0123.hpc.itc.rwth-aachen.de",0,"0","uds",1,"n23m0123.hpc.itc.rwth-aachen.de",1,"1","uds",unix,64,4194304,10,50,123.403,2.318,3.81681,3.39525,7.1705,7.88131,7.82739
0,"n23m0123.hpc.itc.rwth-aachen.de",0,"0","uds",2,"n23m0123.hpc.itc.rwth-aachen.de",2,"2","uds",unix,64,4194304,10,50,62.261,2.2665,2.95899,2.51675,7.043,7.55268,7.46457
0,"n23m0123.hpc.itc.rwth-aachen.de",0,"0","uds",3,"n23m0123.hpc.itc.rwth-aachen.de",3,"3","uds",unix,64,4194304,10,50,50.724,2.353,3.27677,3.32175,5.523,8.05896,7.98616
0,"n23m0123.hpc.itc.rwth-aachen.de",0,"0","uds",4,"n23m0123.hpc.itc.rwth-aachen.de",4,"4","uds",unix,64,4194304,10,50,49.747,2.4,3.32511,3.411,5.0805,7.93807,7.89402
0,"n23m0123.hpc.itc.rwth-aachen.de",0,"0","uds",5,"n23m0123.hpc.itc.rwth-aachen.de",5,"5","uds",unix,64,4194304,10,50,47.796,2.3205,3.63411,3.42125,8.3445,7.69992,7.61661
0,"n23m0123.hpc.itc.rwth-aachen.de",0,"0","uds",6,"n23m0123.hpc.itc.rwth-aachen.de",6,"6","uds",unix,64,4194304,10,50,49.526,2.412,3.69869,3.604,7.172,7.60847,7.5273
0,"n23m0123.hpc.itc.rwth-aachen.de",0,"0","uds",7,"n23m0123.hpc.itc.rwth-aachen.de",7,"7","uds",unix,64,4194304,10,50,47.734,2.201,2.75404,2.39375,5.5725,8.07494,7.97944
0,"n23m0123.hpc.itc.rwth-aachen.de",0,"0","uds",8,"n23m0123.hpc.itc.rwth-aachen.de",8,"8","uds",unix,64,4194304,10,50,44.319,2.4585,3.76335,3.612,5.188,7.5968,7.51826
0,"n23m0123.hpc.itc.rwth-aachen.de",0,"0","uds",9,"n23m0123.hpc.itc.rwth-aachen.de",9,"9","uds",unix,64,4194304,10,50,52.198,2.4785,4.32734,3.633,7.4025,7.86987,7.80879
0,"n23m0123.hpc.itc.rwth-aachen.de",0,"0","uds",10,"n23m0123.hpc.itc.rwth-aachen.de",10,"10","uds",unix,64,4194304,10,50,44.524,4.052,4.4753,4.435,5.338,7.89149,7.85427
0,"n23m0123.hpc.itc.rwth-aachen.de",0,"0","uds",11,"n23m0123.hpc.itc.rwth-aachen.de",11,"11","uds",unix,64,4194304,10,50,51.447,2.5855,4.21609,4.2415,10.4705,7.58194,7.57583
0,"n23m0123.hpc.itc.rwth-aachen.de",0,"0","uds",12,"n23m0123.hpc.itc.rwth-aachen.de",12,"12","uds",unix,64,4194304,10,50,50.414,3.601,4.58825,4.6985,5.1675,7.18407,7.14755
0,"n23m0123.hpc.itc.rwth-aachen.de",0,"0","uds",13,"n23m0123.hpc.itc.rwth-aachen.de",13,"13","uds",unix,64,4194304,10,50,44.196,2.344,3.07759,2.95125,4.461,7.1956,7.20401
0,"n23m0123.hpc.itc.rwth-aachen.de",0,"0","uds",14,"n23m0123.hpc.itc.rwth-aachen.de",14,"14","uds",unix,64,4194304,10,50,42.848,2.5705,3.40916,3.44075,4.9165,7.08204,7.11681
0,"n23m0123.hpc.itc.rwth-aachen.de",0,"0","uds",15,"n23m0123.hpc.itc.rwth-aachen.de",15,"15","uds",unix,64,4194304,10,50,41.189,2.534,3.55072,3.50075,4.6815,7.3119,7.30617
0,"n23m0123.hpc.itc.rwth-aachen.de",0,"0","uds",16,"n23m0123.hpc.itc.rwth-aachen.de",16,"16","uds",unix,64,4194304,10,50,59.128,2.687,4.07184,3.8975,9.8655,7.27601,7.27104
0,"n23m0123.hpc.itc.rwth-aachen.de",0,"0","uds",17,"n23m0123.hpc.itc.rwth-aachen.de",17,"17","uds",unix,64,4194304,10,50,60.975,2.4105,3.08443,2.99025,4.455,7.0693,7.10629
0,"n23m0123.hpc.itc.rwth-aachen.de",0,"0","uds",18,"n23m0123.hpc.itc.rwth-aachen.de",18,"18","uds",unix,64,4194304,10,50,45.287,2.427,3.15882,3.0125,5.107,7.30116,7.34967
0,"n23m0123.hpc.itc.rwth-aachen.de",0,"0","uds",19,"n23m0123.hpc.itc.rwth-aachen.de",19,"19","uds",unix,64,4194304,10,50,74.195,2.63,3.73912,3.68125,4.9185,7.28246,7.35593
0,"n23m0123.hpc.itc.rwth-aachen.de",0,"0","uds",20,"n23m0123.hpc.itc.rwth-aachen.de",20,"20","uds",unix,64,4194304,10,50,45.313,2.684,4.12171,3.74275,10.937,7.02879,7.07195
0,"n23m0123.hpc.itc.rwth-aachen.de",0,"0","uds",21,"n23m0123.hpc.itc.rwth-aachen.de",21,"21","uds",unix,64,4194304,10,50,72.762,2.553,3.44162,2.9315,8.2305,7.02132,7.07855
0,"n23m0123.hpc.itc.rwth-aachen.de",0,"0","uds",22,"n23m0123.hpc.itc.rwth-aachen.de",22,"22","uds",unix,64,4194304,10,50,45.041,2.4745,3.33292,3.46775,5.493,7.24621,7.31432
0,"n23m0123.hpc.itc.rwth-aachen.de",0,"0","uds",23,"n23m0123.hpc.itc.rwth-aachen.de",23,"23","uds",unix,64,4194304,10,50,68.239,2.6415,3.93715,3.773,6.083,7.01239,7.03976
0,"n23m0123.hpc.itc.rwth-aachen.de",0,"0","uds",24,"n23m0123.hpc.itc.rwth-aachen.de",24,"24","uds",unix,64,4194304,10,50,48.713,2.572,3.4805,3.54475,4.886,6.97311,7.0369
0,"n23m0123.hpc.itc.rwth-aachen.de",0,"0","uds",25,"n23m0123.hpc.itc.rwth-aachen.de",25,"25","uds",unix,64,4194304,10,50,68.549,2.6845,4.24912,4.481,5.4205,6.99763,7.0556
0,"n23m0123.hpc.itc.rwth-aachen.de",0,"0","uds",26,"n23m0123.hpc.itc.rwth-aachen.de",26,"26","uds",unix,64,4194304,10,50,46.504,2.7035,4.37348,4.5805,6.2575,6.86427,6.93654
0,"n23m0123.hpc.itc.rwth-aachen.de",0,"0","uds",27,"n23m0123.hpc.itc.rwth-aachen.de",27,"27","uds",unix,64,4194304,10,50,63.618,2.7295,4.42216,4.7155,5.1025,6.8722,6.9403
0,"n23m0123.hpc.itc.rwth-aachen.de",0,"0","uds",28,"n23m0123.hpc.itc.rwth-aachen.de",28,"28","uds",unix,64,4194304,10,50,43.748,2.533,3.76054,3.6755,9.634,7.11508,7.19261
0,"n23m0123.hpc.itc.rwth-aachen.de",0,"0","uds",29,"n23m0123.hpc.itc.rwth-aachen.de",29,"29","uds",unix,64,4194304,10,50,81.328,2.596,3.84408,3.79275,5.142,7.02032,7.09577
0,"n23m0123.hpc.itc.rwth-aachen.de",0,"0","uds",30,"n23m0123.hpc.itc.rwth-aachen.de",30,"30","uds",unix,64,4194304,10,50,42.608,2.5815,4.12145,4.07125,4.9995,6.91397,6.893
0,"n23m0123.hpc.itc.rwth-aachen.de",0,"0","uds",31,"n23m0123.hpc.itc.rwth-aachen.de",31,"31","uds",unix,64,4194304,10,50,72.959,2.8495,4.22615,3.95175,9.953,6.45909,6.44784
0,"n23m0123.hpc.itc.rwth-aachen.de",0,"0","uds",32,"n23m0123.hpc.itc.rwth-aachen.de",32,"32","uds",unix,64,4194304,10,50,44.128,4.813,5.22206,5.1385,9.2905,6.61416,6.60677
0,"n23m0123.hpc.itc.rwth-aachen.de",0,"0","uds",33,"n23m0123.hpc.itc.rwth-aachen.de",33,"33","uds",unix,64,4194304,10,50,70.088,2.9215,4.3581,4.2595,5.464,6.7837,6.74028
0,"n23m0123.hpc.itc.rwth-aachen.de",0,"0","uds",34,"n23m0123.hpc.itc.rwth-aachen.de",34,"34","uds",unix,64,4194304,10,50,49.684,2.845,4.32518,4.123,8.9355,6.79436,6.74005
0,"n23m0123.hpc.itc.rwth-aachen.de",0,"0","uds",35,"n23m0123.hpc.itc.rwth-aachen.de",35,"35","uds",unix,64,4194304,10,50,62.944,2.7625,3.73228,3.74675,5.46,6.80914,6.74162
0,"n23m0123.hpc.itc.rwth-aachen.de",0,"0","uds",36,"n23m0123.hpc.itc.rwth-aachen.de",36,"36","uds",unix,64,4194304,10,50,43.099,2.8205,4.40777,4.48225,6.824,6.5398,6.47449
0,"n23m0123.hpc.itc.rwth-aachen.de",0,"0","uds",37,"n23m0123.hpc.itc.rwth-aachen.de",37,"37","uds",unix,64,4194304,10,50,68.289,3.1745,4.92977,5.038,9.836,6.42336,6.3533
0,"n23m0123.hpc.itc.rwth-aachen.de",0,"0","uds",38,"n23m0123.hpc.itc.rwth-aachen.de",38,"38","uds",unix,64,4194304,10,50,52.429,2.8885,4.60872,4.36075,10.489,6.44681,6.39659
0,"n23m0123.hpc.itc.rwth-aachen.de",0,"0","uds",39,"n23m0123.hpc.itc.rwth-aachen.de",39,"39","uds",unix,64,4194304,10,50,72.242,2.824,4.28198,4.129,5.7275,6.49644,6.44816
0,"n23m0123.hpc.itc.rwth-aachen.de",0,"0","uds",40,"n23m0123.hpc.itc.rwth-aachen.de",40,"40","uds",unix,64,4194304,10,50,46.701,2.8515,4.33055,4.2225,5.4225,6.41774,6.36246
0,"n23m0123.hpc.itc.rwth-aachen.de",0,"0","uds",41,"n23m0123.hpc.itc.rwth-aachen.de",41,"41","uds",unix,64,4194304,10,50,79.526,2.958,4.58634,4.381,9.432,6.5089,6.45189
0,"n23m0123.hpc.itc.rwth-aachen.de",0,"0","uds",42,"n23m0123.hpc.itc.rwth-aachen.de",42,"42","uds",unix,64,4194304,10,50,44.665,2.8625,4.26873,4.05475,10.349,6.49597,6.43493
0,"n23m0123.hpc.itc.rwth-aachen.de",0,"0","uds",43,"n23m0123.hpc.itc.rwth-aachen.de",43,"43","uds",unix,64,4194304,10,50,68.888,2.9355,4.42048,4.3215,5.4095,6.409,6.34766
0,"n23m0123.hpc.itc.rwth-aachen.de",0,"0","uds",44,"n23m0123.hpc.itc.rwth-aachen.de",44,"44","uds",unix,64,4194304,10,50,45.795,3.2295,4.82272,5.06525,6.441,6.48143,6.43129
0,"n23m0123.hpc.itc.rwth-aachen.de",0,"0","uds",45,"n23m0123.hpc.itc.rwth-aachen.de",45,"45","uds",unix,64,4194304,10,50,92.026,2.873,4.46981,4.19775,8.062,6.45334,6.40684
0,"n23m0123.hpc.itc.rwth-aachen.de",0,"0","uds",46,"n23m0123.hpc.itc.rwth-aachen.de",46,"46","uds",unix,64,4194304,10,50,45.415,2.8825,4.47883,4.12625,11.9385,6.38851,6.33353
0,"n23m0123.hpc.itc.rwth-aachen.de",0,"0","uds",47,"n23m0123.hpc.itc.rwth-aachen.de",47,"47","uds",unix,64,4194304,10,50,67.81,3.08,4.76352,5.037,7.671,6.36061,6.29098
0,"n23m0123.hpc.itc.rwth-aachen.de",0,"0","uds",48,"n23m0123.hpc.itc.rwth-aachen.de",48,"48","uds",unix,64,4194304,10,50,52.537,5.3005,7.30309,7.2245,9.411,3.32646,3.30428
0,"n23m0123.hpc.itc.rwth-aachen.de",0,"0","uds",49,"n23m0123.hpc.itc.rwth-aachen.de",49,"49","uds",unix,64,4194304,10,50,68.877,7.0435,8.28394,7.89625,11.4025,2.58495,2.52851
0,"n23m0123.hpc.itc.rwth-aachen.de",0,"0","uds",50,"n23m0123.hpc.itc.rwth-aachen.de",50,"50","uds",unix,64,4194304,10,50,95.485,10.36,13.0331,12.6073,20.0895,1.65304,1.65279
0,"n23m0123.hpc.itc.rwth-aachen.de",0,"0","uds",51,"n23m0123.hpc.itc.rwth-aachen.de",51,"51","uds",unix,64,4194304,10,50,114.722,9.8865,12.7532,12.2782,19.629,1.63827,1.63194
0,"n23m0123.hpc.itc.rwth-aachen.de",0,"0","uds",52,"n23m0123.hpc.itc.rwth-aachen.de",52,"52","uds",unix,64,4194304,10,50,109.777,11.1955,13.7614,13.329,24.9375,1.67027,1.66848
0,"n23m0123.hpc.itc.rwth-aachen.de",0,"0","uds",53,"n23m0123.hpc.itc.rwth-aachen.de",53,"53","uds",unix,64,4194304,10,50,128.388,10.36,13.5829,13.3133,23.871,1.63839,1.63807
0,"n23m0123.hpc.itc.rwth-aachen.de",0,"0","uds",54,"n23m0123.hpc.itc.rwth-aachen.de",54,"54","uds",unix,64,4194304,10,50,94.634,11.1335,13.3762,13.0057,25.8235,1.63779,1.63785
0,"n23m0123.hpc.itc.rwth-aachen.de",0,"0","uds",55,"n23m0123.hpc.itc.rwth-aachen.de",55,"55","uds",unix,64,4194304,10,50,123.194,10.054,12.9976,12.715,17.0765,1.65948,1.65525
0,"n23m0123.hpc.itc.rwth-aachen.de",0,"0","uds",56,"n23m0123.hpc.itc.rwth-aachen.de",56,"56","uds",unix,64,4194304,10,50,89.327,10.3225,13.1845,13.3598,19.7065,1.64108,1.63619
0,"n23m0123.hpc.itc.rwth-aachen.de",0,"0","uds",57,"n23m0123.hpc.itc.rwth-aachen.de",57,"57","uds",unix,64,4194304,10,50,160.952,12.4125,16.8973,16.8383,22.8435,1.62989,1.63058
0,"n23m0123.hpc.itc.rwth-aachen.de",0,"0","uds",58,"n23m0123.hpc.itc.rwth-aachen.de",58,"58","uds",unix,64,4194304,10,50,93.818,10.31,13.2478,12.7787,25.225,1.65133,1.64994
0,"n23m0123.hpc.itc.rwth-aachen.de",0,"0","uds",59,"n23m0123.hpc.itc.rwth-aachen.de",59,"59","uds",unix,64,4194304,10,50,120.85,10.079,13.5112,13.1248,24.19,1.6458,1.64186
0,"n23m0123.hpc.itc.rwth-aachen.de",0,"0","uds",60,"n23m0123.hpc.itc.rwth-aachen.de",60,"60","uds",unix,64,4194304,10,50,99.258,10.289,12.8332,12.4625,22.3055,1.64605,1.6442
0,"n23m0123.hpc.itc.rwth-aachen.de",0,"0","uds",61,"n23m0123.hpc.itc.rwth-aachen.de",61,"61","uds",unix,64,4194304,10,50,110.008,10.973,14.329,13.8972,23.1775,1.65961,1.65804
0,"n23m0123.hpc.itc.rwth-aachen.de",0,"0","uds",62,"n23m0123.hpc.itc.rwth-aachen.de",62,"62","uds",unix,64,4194304,10,50,89.002,10.1085,12.8558,12.7093,19.314,1.65448,1.6554
0,"n23m0123.hpc.itc.rwth-aachen.de",0,"0","uds",63,"n23m0123.hpc.itc.rwth-aachen.de",63,"63","uds",unix,64,4194304,10,50,134.101,10.308,13.2699,12.9067,30.566,1.64523,1.64529
0,"n23m0123.hpc.itc.rwth-aachen.de",0,"0","uds",64,"n23m0123.hpc.itc.rwth-aachen.de",64,"64","uds",unix,64,4194304,10,50,90.72,10.714,13.9658,13.481,23.038,1.66852,1.67088
0,"n23m0123.hpc.itc.rwth-aachen.de",0,"0","uds",65,"n23m0123.hpc.itc.rwth-aachen.de",65,"65","uds",unix,64,4194304,10,50,114.37,10.7765,13.3287,13.1017,21.0415,1.67875,1.67891
0,"n23m0123.hpc.itc.rwth-aachen.de",0,"0","uds",66,"n23m0123.hpc.itc.rwth-aachen.de",66,"66","uds",unix,64,4194304,10,50,92.235,10.824,13.6913,13.5017,21.7375,1.65399,1.64935
0,"n23m0123.hpc.itc.rwth-aachen.de",0,"0","uds",67,"n23m0123.hpc.itc.rwth-aachen.de",67,"67","uds",unix,64,4194304,10,50,104.935,10.245,12.7535,12.4275,26.1015,1.67302,1.67088
0,"n23m0123.hpc.itc.rwth-aachen.de",0,"0","uds",68,"n23m0123.hpc.itc.rwth-aachen.de",68,"68","uds",unix,64,4194304,10,50,94.392,10.59,13.6249,13.538,21.07,1.66297,1.66002
0,"n23m0123.hpc.itc.rwth-aachen.de",0,"0","uds",69,"n23m0123.hpc.itc.rwth-aachen.de",69,"69","uds",unix,64,4194304,10,50,118.146,10.7975,13.0219,12.8155,30.656,1.6426,1.64318
0,"n23m0123.hpc.itc.rwth-aachen.de",0,"0","uds",70,"n23m0123.hpc.itc.rwth-aachen.de",70,"70","uds",unix,64,4194304,10,50,93.863,10.172,12.5792,12.7487,19.183,1.66263,1.66134
0,"n23m0123.hpc.itc.rwth-aachen.de",0,"0","uds",71,"n23m0123.hpc.itc.rwth-aachen.de",71,"71","uds",unix,64,4194304,10,50,117.169,10.0745,12.6709,12.3008,25.6815,1.64514,1.64603
0,"n23m0123.hpc.itc.rwth-aachen.de",0,"0","uds",72,"n23m0123.hpc.itc.rwth-aachen.de",72,"72","uds",unix,64,4194304,10,50,89.76,10.313,12.8976,12.7037,20.035,1.65004,1.64909
0,"n23m0123.hpc.itc.rwth-aachen.de",0,"0","uds",73,"n23m0123.hpc.itc.rwth-aachen.de",73,"73","uds",unix,64,4194304,10,50,130.381,10.912,13.5172,13.553,19.564,1.65354,1.65309
0,"n23m0123.hpc.itc.rwth-aachen.de",0,"0","uds",74,"n23m0123.hpc.itc.rwth-aachen.de",74,"74","uds",unix,64,4194304,10,50,97.661,9.78,12.7948,12.7927,18.2235,1.66487,1.66489
0,"n23m0123.hpc.itc.rwth-aachen.de",0,"0","uds",75,"n23m0123.hpc.itc.rwth-aachen.de",75,"75","uds",unix,64,4194304,10,50,145.748,10.395,13.1493,12.8615,19.1425,1.63248,1.62647
0,"n23m0123.hpc.itc.rwth-aachen.de",0,"0","uds",76,"n23m0123.hpc.itc.rwth-aachen.de",76,"76","uds",unix,64,4194304,10,50,91.132,10.1505,12.8059,12.0715,26.6215,1.65984,1.65943
0,"n23m0123.hpc.itc.rwth-aachen.de",0,"0","uds",77,"n23m0123.hpc.itc.rwth-aachen.de",77,"77","uds",unix,64,4194304,10,50,143.78,9.6825,12.8695,12.5095,25.008,1.65678,1.65503
0,"n23m0123.hpc.itc.rwth-aachen.de",0,"0","uds",78,"n23m0123.hpc.itc.rwth-aachen.de",78,"78","uds",unix,64,4194304,10,50,90.718,10.488,13.399,13.0338,23.12,1.66707,1.66537
0,"n23m0123.hpc.itc.rwth-aachen.de",0,"0","uds",79,"n23m0123.hpc.itc.rwth-aachen.de",79,"79","uds",unix,64,4194304,10,50,134.999,10.0745,12.8482,12.653,19.116,1.66248,1.66245
0,"n23m0123.hpc.itc.rwth-aachen.de",0,"0","uds",80,"n23m0123.hpc.itc.rwth-aachen.de",80,"80","uds",unix,64,4194304,10,50,105.793,10.307,12.9553,12.662,27.108,1.65858,1.65708
0,"n23m0123.hpc.itc.rwth-aachen.de",0,"0","uds",81,"n23m0123.hpc.itc.rwth-aachen.de",81,"81","uds",unix,64,4194304,10,50,108.716,10.141,13.0845,12.6685,22.5385,1.66113,1.66117
0,"n23m0123.hpc.itc.rwth-aachen.de",0,"0","uds",82,"n23m0123.hpc.itc.rwth-aachen.de",82,"82","uds",unix,64,4194304,10,50,95.723,10.254,13.3773,13.1627,22.3735,1.6622,1.6627
0,"n23m0123.hpc.itc.rwth-aachen.de",0,"0","uds",83,"n23m0123.hpc.itc.rwth-aachen.de",83,"83","uds",unix,64,4194304,10,50,114.218,10.0525,12.8513,12.1675,26.251,1.66085,1.66065
0,"n23m0123.hpc.itc.rwth-aachen.de",0,"0","uds",84,"n23m0123.hpc.itc.rwth-aachen.de",84,"84","uds",unix,64,4194304,10,50,96.532,11.0845,13.936,13.369,26.7875,1.67744,1.67249
0,"n23m0123.hpc.itc.rwth-aachen.de",0,"0","uds",85,"n23m0123.hpc.itc.rwth-aachen.de",85,"85","uds",unix,64,4194304,10,50,96.128,10.734,13.309,12.4447,21.271,1.67594,1.67596
0,"n23m0123.hpc.itc.rwth-aachen.de",0,"0","uds",86,"n23m0123.hpc.itc.rwth-aachen.de",86,"86","uds",unix,64,4194304,10,50,97.027,10.409,13.0835,12.953,18.4185,1.66492,1.6639
0,"n23m0123.hpc.itc.rwth-aachen.de",0,"0","uds",87,"n23m0123.hpc.itc.rwth-aachen.de",87,"87","uds",unix,64,4194304,10,50,120.057,10.5715,13.1039,12.5177,32.805,1.65173,1.6515
0,"n23m0123.hpc.itc.rwth-aachen.de",0,"0","uds",88,"n23m0123.hpc.itc.rwth-aachen.de",88,"88","uds",unix,64,4194304,10,50,90.493,10.363,13.2066,13.1608,21.4,1.68302,1.6853
0,"n23m0123.hpc.itc.rwth-aachen.de",0,"0","uds",89,"n23m0123.hpc.itc.rwth-aachen.de",89,"89","uds",unix,64,4194304,10,50,115.434,10.505,13.2858,12.4422,20.112,1.6687,1.66874
0,"n23m0123.hpc.itc.rwth-aachen.de",0,"0","uds",90,"n23m0123.hpc.itc.rwth-aachen.de",90,"90","uds",unix,64,4194304,10,50,91.953,10.5095,13.4561,12.6707,29.6955,1.67387,1.67252
0,"n23m0123.hpc.itc.rwth-aachen.de",0,"0","uds",91,"n23m0123.hpc.itc.rwth-aachen.de",91,"91","uds",unix,64,4194304,10,50,118.993,11.2715,13.9829,13.7432,25.1985,1.66806,1.66563
0,"n23m0123.hpc.itc.rwth-aachen.de",0,"0","uds",92,"n23m0123.hpc.itc.rwth-aachen.de",92,"92","uds",unix,64,4194304,10,50,94.774,10.0955,13.0024,12.9535,18.494,1.66468,1.66534
0,"n23m0123.hpc.itc.rwth-aachen.de",0,"0","uds",93,"n23m0123.hpc.itc.rwth-aachen.de",93,"93","uds",unix,64,4194304,10,50,113.099,10.5535,13.1576,12.4325,20.477,1.66572,1.66578
0,"n23m0123.hpc.itc.rwth-aachen.de",0,"0","uds",94,"n23m0123.hpc.itc.rwth-aachen.de",94,"94","uds",unix,64,4194304,10,50,117.182,10.4635,13.2924,12.9907,25.0495,1.65568,1.65282
0,"n23m0123.hpc.itc.rwth-aachen.de",0,"0","uds",95,"n23m0123.hpc.itc.rwth-aachen.de",95,"95","uds",unix,64,4194304,10,50,113.913,9.694,12.3927,11.835,22.5895,1.66282,1.66178
1,"n23m0123.hpc.itc.rwth-aachen.de",1,"1","uds",2,"n23m0123.hpc.itc.rwth-aachen.de",2,"2","uds",unix,64,4194304,10,50,144.246,3.748,5.34546,5.47225,7.5925,5.31341,5.20403
1,"n23m0123.hpc.itc.rwth-aachen.de",1,"1","uds",3,"n23m0123.hpc.itc.rwth-aachen.de",3,"3","uds",unix,64,4194304,10,50,78.181,2.521,3.99323,3.97375,5.6465,7.37184,7.332
1,"n23m0123.hpc.itc.rwth-aachen.de",1,"1","uds",4,"n23m0123.hpc.itc.rwth-aachen.de",4,"4","uds",unix,64,4194304,10,50,57.791,3.689,4.79192,4.9255,5.6515,7.07344,7.06445
1,"n23m0123.hpc.itc.rwth-aachen.de",1,"1","uds",5,"n23m0123.hpc.itc.rwth-aachen.de",5,"5","uds",unix,64,4194304,10,50,51.876,2.8755,4.86887,4.3595,19.5015,6.66784,6.60867
1,"n23m0123.hpc.itc.rwth-aachen.de",1,"1","uds",6,"n23m0123.hpc.itc.rwth-aachen.de",6,"6","uds",unix,64,4194304,10,50,52.99,2.5415,3.52946,3.5075,5.352,7.48783,7.46156
1,"n23m0123.hpc.itc.rwth-aachen.de",1,"1","uds",7,"n23m0123.hpc.itc.rwth-aachen.de",7,"7","uds",unix,64,4194304,10,50,51.532,2.3175,2.83593,2.52975,4.7255,7.70993,7.75017
1,"n23m0123.hpc.itc.rwth-aachen.de",1,"1","uds",8,"n23m0123.hpc.itc.rwth-aachen.de",8,"8","uds",unix,64,4194304,10,50,48.31,2.627,3.9186,3.87825,5.267,7.42903,7.37738
1,"n23m0123.hpc.itc.rwth-aachen.de",1,"1","uds",9,"n23m0123.hpc.itc.rwth-aachen.de",9,"9","uds",unix,64,4194304,10,50,49.08,2.782,4.27081,4.0265,7.2145,7.69706,7.64971
1,"n23m0123.hpc.itc.rwth-aachen.de",1,"1","uds",10,"n23m0123.hpc.itc.rwth-aachen.de",10,"10","uds",unix,64,4194304,10,50,47.247,2.5205,3.19565,2.809,6.9795,7.75778,7.71522
1,"n23m0123.hpc.itc.rwth-aachen.de",1,"1","uds",11,"n23m0123.hpc.itc.rwth-aachen.de",11,"11","uds",unix,64,4194304,10,50,55.186,2.5955,3.94215,3.7995,5.099,7.55291,7.47691
1,"n23m0123.hpc.itc.rwth-aachen.de",1,"1","uds",12,"n23m0123.hpc.itc.rwth-aachen.de",12,"12","uds",unix,64,4194304,10,50,45.372,2.589,3.40662,3.47375,8.3305,7.10195,7.03141
1,"n23m0123.hpc.itc.rwth-aachen.de",1,"1","uds",13,"n23m0123.hpc.itc.rwth-aachen.de",13,"13","uds",unix,64,4194304,10,50,38.605,2.524,3.38586,3.2425,6.271,7.14725,7.08734
1,"n23m0123.hpc.itc.rwth-aachen.de",1,"1","uds",14,"n23m0123.hpc.itc.rwth-aachen.de",14,"14","uds",unix,64,4194304,10,50,51.113,2.557,3.36082,3.30875,5,6.97889,6.86548
1,"n23m0123.hpc.itc.rwth-aachen.de",1,"1","uds",15,"n23m0123.hpc.itc.rwth-aachen.de",15,"15","uds",unix,64,4194304,10,50,46.031,2.572,3.54406,2.94075,7.759,7.3095,7.24032
1,"n23m0123.hpc.itc.rwth-aachen.de",1,"1","uds",16,"n23m0123.hpc.itc.rwth-aachen.de",16,"16","uds",unix,64,4194304,10,50,40.215,2.764,3.84979,3.81175,5.2225,7.24787,7.18136
1,"n23m0123.hpc.itc.rwth-aachen.de",1,"1","uds",17,"n23m0123.hpc.itc.rwth-aachen.de",17,"17","uds",unix,64,4194304,10,50,35.56,2.618,3.39323,3.51425,6.025,7.0036,6.95969
1,"n23m0123.hpc.itc.rwth-aachen.de",1,"1","uds",18,"n23m0123.hpc.itc.rwth-aachen.de",18,"18","uds",unix,64,4194304,10,50,43.53,2.471,3.30639,3.39825,4.8875,7.29589,7.24389
1,"n23m0123.hpc.itc.rwth-aachen.de",1,"1","uds",19,"n23m0123.hpc.itc.rwth-aachen.de",19,"19","uds",unix,64,4194304,10,50,38.995,2.763,3.90851,3.9265,6.492,7.28355,7.22609
1,"n23m0123.hpc.itc.rwth-aachen.de",1,"1","uds",20,"n23m0123.hpc.itc.rwth-aachen.de",20,"20","uds",unix,64,4194304,10,50,38.887,2.6925,3.81362,3.662,8.724,7.00363,6.9543
1,"n23m0123.hpc.itc.rwth-aachen.de",1,"1","uds",21,"n23m0123.hpc.itc.rwth-aachen.de",21,"21","uds",unix,64,4194304,10,50,44.093,4.654,5.15731,5.12875,7.494,7.01566,6.94496
1,"n23m0123.hpc.itc.rwth-aachen.de",1,"1","uds",22,"n23m0123.hpc.itc.rwth-aachen.de",22,"22","uds",unix,64,4194304,10,50,39.878,2.5395,3.37509,3.478,6.402,7.27641,7.19952
1,"n23m0123.hpc.itc.rwth-aachen.de",1,"1","uds",23,"n23m0123.hpc.itc.rwth-aachen.de",23,"23","uds",unix,64,4194304,10,50,56.145,2.841,4.0071,3.906,5.25,7.02407,6.96854
1,"n23m0123.hpc.itc.rwth-aachen.de",1,"1","uds",24,"n23m0123.hpc.itc.rwth-aachen.de",24,"24","uds",unix,64,4194304,10,50,40.278,2.662,3.35221,2.87675,4.832,6.96109,6.89391
1,"n23m0123.hpc.itc.rwth-aachen.de",1,"1","uds",25,"n23m0123.hpc.itc.rwth-aachen.de",25,"25","uds",unix,64,4194304,10,50,40.861,2.7065,3.75874,3.7715,6.0265,7.01074,6.93236
1,"n23m0123.hpc.itc.rwth-aachen.de",1,"1","uds",26,"n23m0123.hpc.itc.rwth-aachen.de",26,"26","uds",unix,64,4194304,10,50,39.056,2.7865,4.07907,3.99275,5.2075,6.81626,6.76493
1,"n23m0123.hpc.itc.rwth-aachen.de",1,"1","uds",27,"n23m0123.hpc.itc.rwth-aachen.de",27,"27","uds",unix,64,4194304,10,50,42.732,2.645,3.80182,3.83575,5.2595,6.84388,6.78547
1,"n23m0123.hpc.itc.rwth-aachen.de",1,"1","uds",28,"n23m0123.hpc.itc.rwth-aachen.de",28,"28","uds",unix,64,4194304,10,50,37.968,2.802,4.17288,3.98525,8.0765,7.1781,7.1006
1,"n23m0123.hpc.itc.rwth-aachen.de",1,"1","uds",29,"n23m0123.hpc.itc.rwth-aachen.de",29,"29","uds",unix,64,4194304,10,50,39.251,2.875,4.37162,3.947,11.758,7.02832,6.99018
1,"n23m0123.hpc.itc.rwth-aachen.de",1,"1","uds",30,"n23m0123.hpc.itc.rwth-aachen.de",30,"30","uds",unix,64,4194304,10,50,38.286,2.686,3.5716,3.656,5.1395,7.13108,7.06235
1,"n23m0123.hpc.itc.rwth-aachen.de",1,"1","uds",31,"n23m0123.hpc.itc.rwth-aachen.de",31,"31","uds",unix,64,4194304,10,50,38.844,2.6715,3.60877,3.72325,5.7095,7.02065,6.95508
1,"n23m0123.hpc.itc.rwth-aachen.de",1,"1","uds",32,"n23m0123.hpc.itc.rwth-aachen.de",32,"32","uds",unix,64,4194304,10,50,36.099,2.7795,3.74862,3.7215,7.0185,7.06436,7.00331
1,"n23m0123.hpc.itc.rwth-aachen.de",1,"1","uds",33,"n23m0123.hpc.itc.rwth-aachen.de",33,"33","uds",unix,64,4194304,10,50,35.827,2.8215,4.62378,4.85725,7.7085,6.9453,6.87311
1,"n23m0123.hpc.itc.rwth-aachen.de",1,"1","uds",34,"n23m0123.hpc.itc.rwth-aachen.de",34,"34","uds",unix,64,4194304,10,50,46.98,2.978,4.65189,4.7825,10.3165,6.9906,6.92899
1,"n23m0123.hpc.itc.rwth-aachen.de",1,"1","uds",35,"n23m0123.hpc.itc.rwth-aachen.de",35,"35","uds",unix,64,4194304,10,50,36.041,2.9725,4.46497,4.73775,5.3125,6.97041,6.90434
1,"n23m0123.hpc.itc.rwth-aachen.de",1,"1","uds",36,"n23m0123.hpc.itc.rwth-aachen.de",36,"36","uds",unix,64,4194304,10,50,40.724,2.7925,3.81339,3.8295,5.288,6.64162,6.58442
1,"n23m0123.hpc.itc.rwth-aachen.de",1,"1","uds",37,"n23m0123.hpc.itc.rwth-aachen.de",37,"37","uds",unix,64,4194304,10,50,43.052,2.845,15.8537,4.8795,380.935,6.56561,6.50305
1,"n23m0123.hpc.itc.rwth-aachen.de",1,"1","uds",38,"n23m0123.hpc.itc.rwth-aachen.de",38,"38","uds",unix,64,4194304,10,50,57.517,3.052,4.63181,4.564,8.542,6.5137,6.44791
1,"n23m0123.hpc.itc.rwth-aachen.de",1,"1","uds",39,"n23m0123.hpc.itc.rwth-aachen.de",39,"39","uds",unix,64,4194304,10,50,51.745,2.7975,4.65466,4.054,18.6375,6.59156,6.52559
1,"n23m0123.hpc.itc.rwth-aachen.de",1,"1","uds",40,"n23m0123.hpc.itc.rwth-aachen.de",40,"40","uds",unix,64,4194304,10,50,46.753,3.011,4.71252,4.92025,7.6115,6.44959,6.38783
1,"n23m0123.hpc.itc.rwth-aachen.de",1,"1","uds",41,"n23m0123.hpc.itc.rwth-aachen.de",41,"41","uds",unix,64,4194304,10,50,43.386,2.828,4.44275,4.84925,5.393,6.56058,6.50097
1,"n23m0123.hpc.itc.rwth-aachen.de",1,"1","uds",42,"n23m0123.hpc.itc.rwth-aachen.de",42,"42","uds",unix,64,4194304,10,50,38.064,2.924,4.61955,4.8585,12.354,6.53736,6.48619
1,"n23m0123.hpc.itc.rwth-aachen.de",1,"1","uds",43,"n23m0123.hpc.itc.rwth-aachen.de",43,"43","uds",unix,64,4194304,10,50,36.814,4.8015,5.1683,5.14825,5.5845,6.51612,6.4575
1,"n23m0123.hpc.itc.rwth-aachen.de",1,"1","uds",44,"n23m0123.hpc.itc.rwth-aachen.de",44,"44","uds",unix,64,4194304,10,50,35.758,2.8365,4.29747,4.7025,7.28,6.56173,6.51159
1,"n23m0123.hpc.itc.rwth-aachen.de",1,"1","uds",45,"n23m0123.hpc.itc.rwth-aachen.de",45,"45","uds",unix,64,4194304,10,50,43.91,2.9565,4.70873,5.019,5.3405,6.52455,6.4566
1,"n23m0123.hpc.itc.rwth-aachen.de",1,"1","uds",46,"n23m0123.hpc.itc.rwth-aachen.de",46,"46","uds",unix,64,4194304,10,50,38.5,2.8765,4.5815,4.3655,8.878,6.49089,6.42908
1,"n23m0123.hpc.itc.rwth-aachen.de",1,"1","uds",47,"n23m0123.hpc.itc.rwth-aachen.de",47,"47","uds",unix,64,4194304,10,50,45.424,2.945,4.53147,4.33025,7.4335,6.41969,6.37889
1,"n23m0123.hpc.itc.rwth-aachen.de",1,"1","uds",48,"n23m0123.hpc.itc.rwth-aachen.de",48,"48","uds",unix,64,4194304,10,50,46.316,5.0725,6.82429,7.1135,10.1045,3.31773,3.31737
1,"n23m0123.hpc.itc.rwth-aachen.de",1,"1","uds",49,"n23m0123.hpc.itc.rwth-aachen.de",49,"49","uds",unix,64,4194304,10,50,49.5,5.1155,7.00457,6.98625,12.565,3.33427,3.26046
1,"n23m0123.hpc.itc.rwth-aachen.de",1,"1","uds",50,"n23m0123.hpc.itc.rwth-aachen.de",50,"50","uds",unix,64,4194304,10,50,60.36,4.9185,7.54935,7.22075,20.612,3.32981,3.31318
1,"n23m0123.hpc.itc.rwth-aachen.de",1,"1","uds",51,"n23m0123.hpc.itc.rwth-aachen.de",51,"51","uds",unix,64,4194304,10,50,53.991,5.162,6.84228,6.97825,9.4165,3.37262,3.36328
1,"n23m0123.hpc.itc.rwth-aachen.de",1,"1","uds",52,"n23m0123.hpc.itc.rwth-aachen.de",52,"52","uds",unix,64,4194304,10,50,59.872,4.9455,6.44957,6.70925,9.4785,3.39358,3.39529
1,"n23m0123.hpc.itc.rwth-aachen.de",1,"1","uds",53,"n23m0123.hpc.itc.rwth-aachen.de",53,"53","uds",unix,64,4194304,10,50,51.395,5.1955,7.22572,7.1065,12.57,3.39584,3.38336
1,"n23m0123.hpc.itc.rwth-aachen.de",1,"1","uds",54,"n23m0123.hpc.itc.rwth-aachen.de",54,"54","uds",unix,64,4194304,10,50,42.7,5.5705,7.63204,7.439,14.525,3.35297,3.33327
1,"n23m0123.hpc.itc.rwth-aachen.de",1,"1","uds",55,"n23m0123.hpc.itc.rwth-aachen.de",55,"55","uds",unix,64,4194304,10,50,53.738,4.9565,7.29821,7.186,10.6475,3.35607,3.35644
1,"n23m0123.hpc.itc.rwth-aachen.de",1,"1","uds",56,"n23m0123.hpc.itc.rwth-aachen.de",56,"56","uds",unix,64,4194304,10,50,44.581,5.4095,7.24105,7.0485,9.8765,3.35879,3.34967
1,"n23m0123.hpc.itc.rwth-aachen.de",1,"1","uds",57,"n23m0123.hpc.itc.rwth-aachen.de",57,"57","uds",unix,64,4194304,10,50,44.415,4.9715,7.44042,7.27525,10.2845,3.30003,3.29795
1,"n23m0123.hpc.itc.rwth-aachen.de",1,"1","uds",58,"n23m0123.hpc.itc.rwth-aachen.de",58,"58","uds",unix,64,4194304,10,50,49.489,5.039,7.75491,7.51575,12.3825,3.36479,3.3607
1,"n23m0123.hpc.itc.rwth-aachen.de",1,"1","uds",59,"n23m0123.hpc.itc.rwth-aachen.de",59,"59","uds",unix,64,4194304,10,50,45.731,7.084,8.93096,8.84,12.2715,3.36692,3.35818
1,"n23m0123.hpc.itc.rwth-aachen.de",1,"1","uds",60,"n23m0123.hpc.itc.rwth-aachen.de",60,"60","uds",unix,64,4194304,10,50,44.687,4.934,6.83298,6.8035,19.425,3.34987,3.34804
1,"n23m0123.hpc.itc.rwth-aachen.de",1,"1","uds",61,"n23m0123.hpc.itc.rwth-aachen.de",61,"61","uds",unix,64,4194304,10,50,56.542,5.965,8.49627,8.52875,15.9625,3.39983,3.38081
1,"n23m0123.hpc.itc.rwth-aachen.de",1,"1","uds",62,"n23m0123.hpc.itc.rwth-aachen.de",62,"62","uds",unix,64,4194304,10,50,59.521,5.1225,6.797,6.896,9.1505,3.35547,3.35064
1,"n23m0123.hpc.itc.rwth-aachen.de",1,"1","uds",63,"n23m0123.hpc.itc.rwth-aachen.de",63,"63","uds",unix,64,4194304,10,50,49.919,5.054,6.55035,6.748,9.1825,3.34416,3.33904
1,"n23m0123.hpc.itc.rwth-aachen.de",1,"1","uds",64,"n23m0123.hpc.itc.rwth-aachen.de",64,"64","uds",unix,64,4194304,10,50,39.955,4.962,7.03326,6.9925,12.1785,3.36811,3.36123
1,"n23m0123.hpc.itc.rwth-aachen.de",1,"1","uds",65,"n23m0123.hpc.itc.rwth-aachen.de",65,"65","uds",unix,64,4194304,10,50,40.884,5.012,7.19201,7.11925,11.599,3.35611,3.34914
1,"n23m0123.hpc.itc.rwth-aachen.de",1,"1","uds",66,"n23m0123.hpc.itc.rwth-aachen.de",66,"66","uds",unix,64,4194304,10,50,50.12,5.2935,8.37244,8.40025,12.3035,3.39723,3.38995
1,"n23m0123.hpc.itc.rwth-aachen.de",1,"1","uds",67,"n23m0123.hpc.itc.rwth-aachen.de",67,"67","uds",unix,64,4194304,10,50,40.736,5.0525,7.24088,7.0045,11.186,3.41486,3.4019
1,"n23m0123.hpc.itc.rwth-aachen.de",1,"1","uds",68,"n23m0123.hpc.itc.rwth-aachen.de",68,"68","uds",unix,64,4194304,10,50,47.855,5.0965,7.36,7.08075,12.9015,3.37949,3.37829
1,"n23m0123.hpc.itc.rwth-aachen.de",1,"1","uds",69,"n23m0123.hpc.itc.rwth-aachen.de",69,"69","uds",unix,64,4194304,10,50,47.267,5.039,7.26071,7.246,10.3535,3.34425,3.33284
1,"n23m0123.hpc.itc.rwth-aachen.de",1,"1","uds",70,"n23m0123.hpc.itc.rwth-aachen.de",70,"70","uds",unix,64,4194304,10,50,41.124,5.058,7.45488,7.297,11.138,3.39321,3.38539
1,"n23m0123.hpc.itc.rwth-aachen.de",1,"1","uds",71,"n23m0123.hpc.itc.rwth-aachen.de",71,"71","uds",unix,64,4194304,10,50,46.381,4.9915,6.77145,7.04525,11.1445,3.38353,3.37788
1,"n23m0123.hpc.itc.rwth-aachen.de",1,"1","uds",72,"n23m0123.hpc.itc.rwth-aachen.de",72,"72","uds",unix,64,4194304,10,50,43.896,5.3195,7.15569,7.0725,11.54,3.30742,3.29878
1,"n23m0123.hpc.itc.rwth-aachen.de",1,"1","uds",73,"n23m0123.hpc.itc.rwth-aachen.de",73,"73","uds",unix,64,4194304,10,50,51.502,6.871,8.37196,8.10475,11.909,3.34528,3.34103
1,"n23m0123.hpc.itc.rwth-aachen.de",1,"1","uds",74,"n23m0123.hpc.itc.rwth-aachen.de",74,"74","uds",unix,64,4194304,10,50,41.574,5.0005,6.95779,7.02275,11.2955,3.34689,3.33946
1,"n23m0123.hpc.itc.rwth-aachen.de",1,"1","uds",75,"n23m0123.hpc.itc.rwth-aachen.de",75,"75","uds",unix,64,4194304,10,50,51.118,5.4545,8.0235,7.7825,9.765,3.34974,3.34701
1,"n23m0123.hpc.itc.rwth-aachen.de",1,"1","uds",76,"n23m0123.hpc.itc.rwth-aachen.de",76,"76","uds",unix,64,4194304,10,50,44.024,5.2565,7.59846,7.51125,11.2895,3.37495,3.36104
1,"n23m0123.hpc.itc.rwth-aachen.de",1,"1","uds",77,"n23m0123.hpc.itc.rwth-aachen.de",77,"77","uds",unix,64,4194304,10,50,51.945,5.1005,7.36644,7.223,9.763,3.36171,3.35744
1,"n23m0123.hpc.itc.rwth-aachen.de",1,"1","uds",78,"n23m0123.hpc.itc.rwth-aachen.de",78,"78","uds",unix,64,4194304,10,50,41.574,5.8045,8.39506,8.24825,12.8015,3.36625,3.36247
1,"n23m0123.hpc.itc.rwth-aachen.de",1,"1","uds",79,"n23m0123.hpc.itc.rwth-aachen.de",79,"79","uds",unix,64,4194304,10,50,46.901,6.3625,8.00245,7.6065,12.4075,3.35161,3.34564
1,"n23m0123.hpc.itc.rwth-aachen.de",1,"1","uds",80,"n23m0123.hpc.itc.rwth-aachen.de",80,"80","uds",unix,64,4194304,10,50,42.164,5.1035,7.46603,7.4995,10.379,3.35409,3.34245
1,"n23m0123.hpc.itc.rwth-aachen.de",1,"1","uds",81,"n23m0123.hpc.itc.rwth-aachen.de",81,"81","uds",unix,64,4194304,10,50,47.706,5.54,7.84132,7.47825,12.264,3.36854,3.35549
1,"n23m0123.hpc.itc.rwth-aachen.de",1,"1","uds",82,"n23m0123.hpc.itc.rwth-aachen.de",82,"82","uds",unix,64,4194304,10,50,43.419,5.236,7.27791,7.38225,10.546,3.36939,3.3638
1,"n23m0123.hpc.itc.rwth-aachen.de",1,"1","uds",83,"n23m0123.hpc.itc.rwth-aachen.de",83,"83","uds",unix,64,4194304,10,50,41.901,5.2495,7.39658,7.3405,11.794,3.34199,3.34238
1,"n23m0123.hpc.itc.rwth-aachen.de",1,"1","uds",84,"n23m0123.hpc.itc.rwth-aachen.de",84,"84","uds",unix,64,4194304,10,50,60.418,5.0745,6.84355,6.8345,9.365,3.36795,3.36204
1,"n23m0123.hpc.itc.rwth-aachen.de",1,"1","uds",85,"n23m0123.hpc.itc.rwth-aachen.de",85,"85","uds",unix,64,4194304,10,50,45.267,5.268,8.21336,8.0065,11.882,3.37266,3.36601
1,"n23m0123.hpc.itc.rwth-aachen.de",1,"1","uds",86,"n23m0123.hpc.itc.rwth-aachen.de",86,"86","uds",unix,64,4194304,10,50,42.897,5.256,7.09707,7.26425,9.1315,3.3343,3.32655
1,"n23m0123.hpc.itc.rwth-aachen.de",1,"1","uds",87,"n23m0123.hpc.itc.rwth-aachen.de",87,"87","uds",unix,64,4194304,10,50,44.368,5.397,8.14282,7.73825,12.7965,3.36434,3.35122
1,"n23m0123.hpc.itc.rwth-aachen.de",1,"1","uds",88,"n23m0123.hpc.itc.rwth-aachen.de",88,"88","uds",unix,64,4194304,10,50,41.273,5.3675,7.77496,7.418,13.3155,3.38155,3.37421
1,"n23m0123.hpc.itc.rwth-aachen.de",1,"1","uds",89,"n23m0123.hpc.itc.rwth-aachen.de",89,"89","uds",unix,64,4194304,10,50,55.38,5.2865,7.63172,7.41375,10.695,3.34617,3.3383
1,"n23m0123.hpc.itc.rwth-aachen.de",1,"1","uds",90,"n23m0123.hpc.itc.rwth-aachen.de",90,"90","uds",unix,64,4194304,10,50,45.819,5.135,6.77427,6.6775,10.5755,3.38587,3.37104
1,"n23m0123.hpc.itc.rwth-aachen.de",1,"1","uds",91,"n23m0123.hpc.itc.rwth-aachen.de",91,"91","uds",unix,64,4194304,10,50,40.592,5.1545,7.07332,7.125,9.55,3.3654,3.3531
1,"n23m0123.hpc.itc.rwth-aachen.de",1,"1","uds",92,"n23m0123.hpc.itc.rwth-aachen.de",92,"92","uds",unix,64,4194304,10,50,43.69,5.445,7.92945,7.74175,9.863,3.37448,3.36232
1,"n23m0123.hpc.itc.rwth-aachen.de",1,"1","uds",93,"n23m0123.hpc.itc.rwth-aachen.de",93,"93","uds",unix,64,4194304,10,50,41.535,5.38,7.54237,7.43325,11.703,3.34297,3.33879
1,"n23m0123.hpc.itc.rwth-aachen.de",1,"1","uds",94,"n23m0123.hpc.itc.rwth-aachen.de",94,"94","uds",unix,64,4194304,10,50,40.473,5.2375,6.86904,7.0395,11.4945,3.3693,3.35939
1,"n23m0123.hpc.itc.rwth-aachen.de",1,"1","uds",95,"n23m0123.hpc.itc.rwth-aachen.de",95,"95","uds",unix,64,4194304,10,50,53.397,5.037,6.52119,6.8315,9.3605,3.36807,3.36128
2,"n23m0123.hpc.itc.rwth-aachen.de",2,"2","uds",3,"n23m0123.hpc.itc.rwth-aachen.de",3,"3","uds",unix,64,4194304,10,50,93.317,2.2835,3.08041,2.63275,10.375,7.64719,7.56599
2,"n23m0123.hpc.itc.rwth-aachen.de",2,"2","uds",4,"n23m0123.hpc.itc.rwth-aachen.de",4,"4","uds",unix,64,4194304,10,50,68.122,2.553,3.6426,3.679,5.315,7.55981,7.48306
2,"n23m0123.hpc.itc.rwth-aachen.de",2,"2","uds",5,"n23m0123.hpc.itc.rwth-aachen.de",5,"5","uds",unix,64,4194304,10,50,48.482,2.4945,3.79251,3.6365,9.32,7.28505,7.18709
2,"n23m0123.hpc.itc.rwth-aachen.de",2,"2","uds",6,"n23m0123.hpc.itc.rwth-aachen.de",6,"6","uds",unix,64,4194304,10,50,42.131,2.445,4.23275,3.81575,6.6255,7.27539,7.19462
2,"n23m0123.hpc.itc.rwth-aachen.de",2,"2","uds",7,"n23m0123.hpc.itc.rwth-aachen.de",7,"7","uds",unix,64,4194304,10,50,44.974,2.3985,3.14935,2.68325,6.935,7.6545,7.57938
2,"n23m0123.hpc.itc.rwth-aachen.de",2,"2","uds",8,"n23m0123.hpc.itc.rwth-aachen.de",8,"8","uds",unix,64,4194304,10,50,48.658,2.6765,4.02343,3.81075,7.5925,7.22688,7.14821
2,"n23m0123.hpc.itc.rwth-aachen.de",2,"2","uds",9,"n23m0123.hpc.itc.rwth-aachen.de",9,"9","uds",unix,64,4194304,10,50,43.681,2.503,3.5288,3.677,5.122,7.501,7.42884
2,"n23m0123.hpc.itc.rwth-aachen.de",2,"2","uds",10,"n23m0123.hpc.itc.rwth-aachen.de",10,"10","uds",unix,64,4194304,10,50,41.204,2.394,2.94105,2.6345,3.857,7.5905,7.49478
2,"n23m0123.hpc.itc.rwth-aachen.de",2,"2","uds",11,"n23m0123.hpc.itc.rwth-aachen.de",11,"11","uds",unix,64,4194304,10,50,45.217,2.488,3.69726,3.6745,5.0335,7.24726,7.1791
2,"n23m0123.hpc.itc.rwth-aachen.de",2,"2","uds",12,"n23m0123.hpc.itc.rwth-aachen.de",12,"12","uds",unix,64,4194304,10,50,47.231,2.6035,3.36296,2.93175,6.313,6.8882,6.82118
2,"n23m0123.hpc.itc.rwth-aachen.de",2,"2","uds",13,"n23m0123.hpc.itc.rwth-aachen.de",13,"13","uds",unix,64,4194304,10,50,42.427,2.7895,3.85782,3.83775,4.912,6.95643,6.89994
2,"n23m0123.hpc.itc.rwth-aachen.de",2,"2","uds",14,"n23m0123.hpc.itc.rwth-aachen.de",14,"14","uds",unix,64,4194304,10,50,41.991,2.694,3.52623,3.611,5.6915,6.87683,6.81814
2,"n23m0123.hpc.itc.rwth-aachen.de",2,"2","uds",15,"n23m0123.hpc.itc.rwth-aachen.de",15,"15","uds",unix,64,4194304,10,50,36.059,2.4895,3.51186,3.476,5.269,7.1016,7.0339
2,"n23m0123.hpc.itc.rwth-aachen.de",2,"2","uds",16,"n23m0123.hpc.itc.rwth-aachen.de",16,"16","uds",unix,64,4194304,10,50,34.762,2.531,3.24112,2.78425,6.3275,7.05098,7.01156
2,"n23m0123.hpc.itc.rwth-aachen.de",2,"2","uds",17,"n23m0123.hpc.itc.rwth-aachen.de",17,"17","uds",unix,64,4194304,10,50,32.093,2.734,3.38046,3.06175,6.454,6.89948,6.77815
2,"n23m0123.hpc.itc.rwth-aachen.de",2,"2","uds",18,"n23m0123.hpc.itc.rwth-aachen.de",18,"18","uds",unix,64,4194304,10,50,44.675,2.754,3.92386,3.937,5.2615,7.11561,7.04513
2,"n23m0123.hpc.itc.rwth-aachen.de",2,"2","uds",19,"n23m0123.hpc.itc.rwth-aachen.de",19,"19","uds",unix,64,4194304,10,50,37.412,2.807,4.12171,3.89725,8.5575,7.12074,7.05184
2,"n23m0123.hpc.itc.rwth-aachen.de",2,"2","uds",20,"n23m0123.hpc.itc.rwth-aachen.de",20,"20","uds",unix,64,4194304,10,50,54.223,2.542,3.39729,3.46875,5.758,6.8305,6.77685
2,"n23m0123.hpc.itc.rwth-aachen.de",2,"2","uds",21,"n23m0123.hpc.itc.rwth-aachen.de",21,"21","uds",unix,64,4194304,10,50,33.664,2.5175,3.09476,2.7565,4.7045,6.81521,6.7751
2,"n23m0123.hpc.itc.rwth-aachen.de",2,"2","uds",22,"n23m0123.hpc.itc.rwth-aachen.de",22,"22","uds",unix,64,4194304,10,50,43.071,2.6835,3.33292,2.96175,4.9005,7.08649,7.02033
2,"n23m0123.hpc.itc.rwth-aachen.de",2,"2","uds",23,"n23m0123.hpc.itc.rwth-aachen.de",23,"23","uds",unix,64,4194304,10,50,32.65,2.764,3.88623,3.80825,4.9355,6.80245,6.74956
2,"n23m0123.hpc.itc.rwth-aachen.de",2,"2","uds",24,"n23m0123.hpc.itc.rwth-aachen.de",24,"24","uds",unix,64,4194304,10,50,41.238,2.6245,3.52909,3.4815,5.0505,6.86888,6.79422
2,"n23m0123.hpc.itc.rwth-aachen.de",2,"2","uds",25,"n23m0123.hpc.itc.rwth-aachen.de",25,"25","uds",unix,64,4194304,10,50,35.907,3.7685,4.73788,4.73225,5.2905,6.79399,6.74044
2,"n23m0123.hpc.itc.rwth-aachen.de",2,"2","uds",26,"n23m0123.hpc.itc.rwth-aachen.de",26,"26","uds",unix,64,4194304,10,50,40.265,2.897,4.75316,4.866,5.4925,6.76641,6.71467
2,"n23m0123.hpc.itc.rwth-aachen.de",2,"2","uds",27,"n23m0123.hpc.itc.rwth-aachen.de",27,"27","uds",unix,64,4194304,10,50,36.194,2.8625,4.19173,4.3715,5.2855,6.74954,6.68202
2,"n23m0123.hpc.itc.rwth-aachen.de",2,"2","uds",28,"n23m0123.hpc.itc.rwth-aachen.de",28,"28","uds",unix,64,4194304,10,50,33.807,2.576,3.18064,2.8625,4.3615,7.05429,6.97485
2,"n23m0123.hpc.itc.rwth-aachen.de",2,"2","uds",29,"n23m0123.hpc.itc.rwth-aachen.de",29,"29","uds",unix,64,4194304,10,50,34.611,2.8025,4.02508,3.87475,7.2295,6.91271,6.86975
2,"n23m0123.hpc.itc.rwth-aachen.de",2,"2","uds",30,"n23m0123.hpc.itc.rwth-aachen.de",30,"30","uds",unix,64,4194304,10,50,33.529,2.95,4.31423,4.4835,6.4795,7.01771,6.93268
2,"n23m0123.hpc.itc.rwth-aachen.de",2,"2","uds",31,"n23m0123.hpc.itc.rwth-aachen.de",31,"31","uds",unix,64,4194304,10,50,33.624,2.6235,3.67643,3.61375,4.879,6.92333,6.85064
2,"n23m0123.hpc.itc.rwth-aachen.de",2,"2","uds",32,"n23m0123.hpc.itc.rwth-aachen.de",32,"32","uds",unix,64,4194304,10,50,32.067,2.6495,4.02096,3.8305,8.586,6.91706,6.85367
2,"n23m0123.hpc.itc.rwth-aachen.de",2,"2","uds",33,"n23m0123.hpc.itc.rwth-aachen.de",33,"33","uds",unix,64,4194304,10,50,45.189,2.9145,4.71429,4.878,5.3055,6.80057,6.7521
2,"n23m0123.hpc.itc.rwth-aachen.de",2,"2","uds",34,"n23m0123.hpc.itc.rwth-aachen.de",34,"34","uds",unix,64,4194304,10,50,33.019,2.8175,4.76109,4.72175,8.086,6.87129,6.80604
2,"n23m0123.hpc.itc.rwth-aachen.de",2,"2","uds",35,"n23m0123.hpc.itc.rwth-aachen.de",35,"35","uds",unix,64,4194304,10,50,36.431,2.6735,3.56622,3.2255,5.2035,6.86756,6.79291
2,"n23m0123.hpc.itc.rwth-aachen.de",2,"2","uds",36,"n23m0123.hpc.itc.rwth-aachen.de",36,"36","uds",unix,64,4194304,10,50,40.209,2.7955,3.86503,3.84375,5.087,6.59852,6.5192
2,"n23m0123.hpc.itc.rwth-aachen.de",2,"2","uds",37,"n23m0123.hpc.itc.rwth-aachen.de",37,"37","uds",unix,64,4194304,10,50,40.61,3.0545,4.63238,4.869,5.8735,6.55347,6.48692
2,"n23m0123.hpc.itc.rwth-aachen.de",2,"2","uds",38,"n23m0123.hpc.itc.rwth-aachen.de",38,"38","uds",unix,64,4194304,10,50,39.862,2.865,4.06449,3.95075,5.271,6.47253,6.39514
2,"n23m0123.hpc.itc.rwth-aachen.de",2,"2","uds",39,"n23m0123.hpc.itc.rwth-aachen.de",39,"39","uds",unix,64,4194304,10,50,47.707,2.76,4.09608,3.96375,5.2895,6.53405,6.48002
2,"n23m0123.hpc.itc.rwth-aachen.de",2,"2","uds",40,"n23m0123.hpc.itc.rwth-aachen.de",40,"40","uds",unix,64,4194304,10,50,35.723,3.0945,4.81605,5.02025,5.5715,6.47176,6.40503
2,"n23m0123.hpc.itc.rwth-aachen.de",2,"2","uds",41,"n23m0123.hpc.itc.rwth-aachen.de",41,"41","uds",unix,64,4194304,10,50,34.244,2.895,4.24606,4.15275,8.611,6.50146,6.44084
2,"n23m0123.hpc.itc.rwth-aachen.de",2,"2","uds",42,"n23m0123.hpc.itc.rwth-aachen.de",42,"42","uds",unix,64,4194304,10,50,33.343,2.728,3.82343,3.9935,5.2945,6.53009,6.45307
2,"n23m0123.hpc.itc.rwth-aachen.de",2,"2","uds",43,"n23m0123.hpc.itc.rwth-aachen.de",43,"43","uds",unix,64,4194304,10,50,36.914,2.838,4.10467,4.12075,5.2955,6.48273,6.40585
2,"n23m0123.hpc.itc.rwth-aachen.de",2,"2","uds",44,"n23m0123.hpc.itc.rwth-aachen.de",44,"44","uds",unix,64,4194304,10,50,33.536,4.63,5.13612,5.14225,5.4985,6.47827,6.41933
2,"n23m0123.hpc.itc.rwth-aachen.de",2,"2","uds",45,"n23m0123.hpc.itc.rwth-aachen.de",45,"45","uds",unix,64,4194304,10,50,32.647,2.934,4.37396,4.171,5.428,6.44458,6.37091
2,"n23m0123.hpc.itc.rwth-aachen.de",2,"2","uds",46,"n23m0123.hpc.itc.rwth-aachen.de",46,"46","uds",unix,64,4194304,10,50,34.093,3.002,4.63868,4.572,7.1575,6.42929,6.36956
2,"n23m0123.hpc.itc.rwth-aachen.de",2,"2","uds",47,"n23m0123.hpc.itc.rwth-aachen.de",47,"47","uds",unix,64,4194304,10,50,33.988,2.81,4.35904,4.19825,7.03,6.38209,6.33031
2,"n23m0123.hpc.itc.rwth-aachen.de",2,"2","uds",48,"n23m0123.hpc.itc.rwth-aachen.de",48,"48","uds",unix,64,4194304,10,50,44.36,5.0575,7.09983,6.9185,12.3885,3.31157,3.30442
2,"n23m0123.hpc.itc.rwth-aachen.de",2,"2","uds",49,"n23m0123.hpc.itc.rwth-aachen.de",49,"49","uds",unix,64,4194304,10,50,44.414,5.831,8.15715,7.8175,11.1185,3.37263,3.36287
2,"n23m0123.hpc.itc.rwth-aachen.de",2,"2","uds",50,"n23m0123.hpc.itc.rwth-aachen.de",50,"50","uds",unix,64,4194304,10,50,44.213,4.9805,7.54972,7.278,13.462,3.34588,3.34539
2,"n23m0123.hpc.itc.rwth-aachen.de",2,"2","uds",51,"n23m0123.hpc.itc.rwth-aachen.de",51,"51","uds",unix,64,4194304,10,50,51.824,5.1015,6.89967,6.9485,9.533,3.37263,3.36211
2,"n23m0123.hpc.itc.rwth-aachen.de",2,"2","uds",52,"n23m0123.hpc.itc.rwth-aachen.de",52,"52","uds",unix,64,4194304,10,50,47.191,5.0815,7.04614,6.96425,12.4125,3.37544,3.37253
2,"n23m0123.hpc.itc.rwth-aachen.de",2,"2","uds",53,"n23m0123.hpc.itc.rwth-aachen.de",53,"53","uds",unix,64,4194304,10,50,41.611,5.012,7.64931,7.4065,12.7945,3.35309,3.33877
2,"n23m0123.hpc.itc.rwth-aachen.de",2,"2","uds",54,"n23m0123.hpc.itc.rwth-aachen.de",54,"54","uds",unix,64,4194304,10,50,38.674,6.772,8.44409,8.55575,12.4155,3.35681,3.35566
2,"n23m0123.hpc.itc.rwth-aachen.de",2,"2","uds",55,"n23m0123.hpc.itc.rwth-aachen.de",55,"55","uds",unix,64,4194304,10,50,39.342,5.0535,6.90243,6.83625,10.249,3.37376,3.36236
2,"n23m0123.hpc.itc.rwth-aachen.de",2,"2","uds",56,"n23m0123.hpc.itc.rwth-aachen.de",56,"56","uds",unix,64,4194304,10,50,40.59,6.781,8.27605,8.2995,11.7535,3.37504,3.35952
2,"n23m0123.hpc.itc.rwth-aachen.de",2,"2","uds",57,"n23m0123.hpc.itc.rwth-aachen.de",57,"57","uds",unix,64,4194304,10,50,41.821,5.3045,8.05832,7.615,11.4955,3.3205,3.31914
2,"n23m0123.hpc.itc.rwth-aachen.de",2,"2","uds",58,"n23m0123.hpc.itc.rwth-aachen.de",58,"58","uds",unix,64,4194304,10,50,44.499,5.0365,7.03981,7.191,9.6355,3.31642,3.31441
2,"n23m0123.hpc.itc.rwth-aachen.de",2,"2","uds",59,"n23m0123.hpc.itc.rwth-aachen.de",59,"59","uds",unix,64,4194304,10,50,43.354,4.873,6.68951,6.895,10.1835,3.32919,3.30878
2,"n23m0123.hpc.itc.rwth-aachen.de",2,"2","uds",60,"n23m0123.hpc.itc.rwth-aachen.de",60,"60","uds",unix,64,4194304,10,50,47.911,5.1835,6.88233,6.89125,10.693,3.34251,3.33827
2,"n23m0123.hpc.itc.rwth-aachen.de",2,"2","uds",61,"n23m0123.hpc.itc.rwth-aachen.de",61,"61","uds",unix,64,4194304,10,50,43.68,5.0755,6.88315,7.01225,9.519,3.32684,3.32894
2,"n23m0123.hpc.itc.rwth-aachen.de",2,"2","uds",62,"n23m0123.hpc.itc.rwth-aachen.de",62,"62","uds",unix,64,4194304,10,50,40.606,5.069,6.89617,7.0815,9.258,3.34357,3.34104
2,"n23m0123.hpc.itc.rwth-aachen.de",2,"2","uds",63,"n23m0123.hpc.itc.rwth-aachen.de",63,"63","uds",unix,64,4194304,10,50,47.471,5.406,7.66651,7.43125,10.025,3.32419,3.3198
2,"n23m0123.hpc.itc.rwth-aachen.de",2,"2","uds",64,"n23m0123.hpc.itc.rwth-aachen.de",64,"64","uds",unix,64,4194304,10,50,40.173,5.026,6.72421,6.82175,11.8295,3.30029,3.27771
2,"n23m0123.hpc.itc.rwth-aachen.de",2,"2","uds",65,"n23m0123.hpc.itc.rwth-aachen.de",65,"65","uds",unix,64,4194304,10,50,69.703,10.021,14.0354,11.3343,24.8865,3.28019,3.18984
2,"n23m0123.hpc.itc.rwth-aachen.de",2,"2","uds",66,"n23m0123.hpc.itc.rwth-aachen.de",66,"66","uds",unix,64,4194304,10,50,62.898,5.137,6.95433,6.99125,13.994,3.32081,3.3152
2,"n23m0123.hpc.itc.rwth-aachen.de",2,"2","uds",67,"n23m0123.hpc.itc.rwth-aachen.de",67,"67","uds",unix,64,4194304,10,50,59.979,5.63,8.49016,8.37475,25.6215,3.36893,3.361
2,"n23m0123.hpc.itc.rwth-aachen.de",2,"2","uds",68,"n23m0123.hpc.itc.rwth-aachen.de",68,"68","uds",unix,64,4194304,10,50,50.515,5.2445,8.21941,7.53475,19.0035,3.34965,3.34768
2,"n23m0123.hpc.itc.rwth-aachen.de",2,"2","uds",69,"n23m0123.hpc.itc.rwth-aachen.de",69,"69","uds",unix,64,4194304,10,50,60.303,4.892,7.29023,6.81525,15.2365,3.31,3.30915
2,"n23m0123.hpc.itc.rwth-aachen.de",2,"2","uds",70,"n23m0123.hpc.itc.rwth-aachen.de",70,"70","uds",unix,64,4194304,10,50,48.537,5.2075,7.90529,7.344,21.8375,3.3867,3.3802
2,"n23m0123.hpc.itc.rwth-aachen.de",2,"2","uds",71,"n23m0123.hpc.itc.rwth-aachen.de",71,"71","uds",unix,64,4194304,10,50,48.818,5.0435,7.20461,7.217,17.5885,3.34134,3.32045
2,"n23m0123.hpc.itc.rwth-aachen.de",2,"2","uds",72,"n23m0123.hpc.itc.rwth-aachen.de",72,"72","uds",unix,64,4194304,10,50,55.505,5.109,6.82804,7.11175,9.013,3.32456,3.25192
2,"n23m0123.hpc.itc.rwth-aachen.de",2,"2","uds",73,"n23m0123.hpc.itc.rwth-aachen.de",73,"73","uds",unix,64,4194304,10,50,58.343,5.3285,7.53719,7.35775,12.3245,3.35504,3.34849
2,"n23m0123.hpc.itc.rwth-aachen.de",2,"2","uds",74,"n23m0123.hpc.itc.rwth-aachen.de",74,"74","uds",unix,64,4194304,10,50,53.829,4.973,6.97408,6.88325,12.3915,3.32961,3.31487
2,"n23m0123.hpc.itc.rwth-aachen.de",2,"2","uds",75,"n23m0123.hpc.itc.rwth-aachen.de",75,"75","uds",unix,64,4194304,10,50,62.891,6.659,8.18715,8.46775,9.7885,3.34598,3.34034
2,"n23m0123.hpc.itc.rwth-aachen.de",2,"2","uds",76,"n23m0123.hpc.itc.rwth-aachen.de",76,"76","uds",unix,64,4194304,10,50,51.505,4.966,7.33474,7.25925,12.134,3.33904,3.23789
2,"n23m0123.hpc.itc.rwth-aachen.de",2,"2","uds",77,"n23m0123.hpc.itc.rwth-aachen.de",77,"77","uds",unix,64,4194304,10,50,58.363,5.188,7.178,7.10025,10.776,3.32167,3.31203
2,"n23m0123.hpc.itc.rwth-aachen.de",2,"2","uds",78,"n23m0123.hpc.itc.rwth-aachen.de",78,"78","uds",unix,64,4194304,10,50,58.571,5.6485,8.22483,8.5995,10.3555,3.36445,3.35489
2,"n23m0123.hpc.itc.rwth-aachen.de",2,"2","uds",79,"n23m0123.hpc.itc.rwth-aachen.de",79,"79","uds",unix,64,4194304,10,50,46.412,5.406,8.01769,8.30925,9.707,3.40007,3.39673
2,"n23m0123.hpc.itc.rwth-aachen.de",2,"2","uds",80,"n23m0123.hpc.itc.rwth-aachen.de",80,"80","uds",unix,64,4194304,10,50,52.46,5.2805,8.02677,7.363,19.393,3.31322,3.23278
2,"n23m0123.hpc.itc.rwth-aachen.de",2,"2","uds",81,"n23m0123.hpc.itc.rwth-aachen.de",81,"81","uds",unix,64,4194304,10,50,56.121,5.324,7.35398,7.284,11.095,3.37557,3.37082
2,"n23m0123.hpc.itc.rwth-aachen.de",2,"2","uds",82,"n23m0123.hpc.itc.rwth-aachen.de",82,"82","uds",unix,64,4194304,10,50,46.45,5.2165,7.36241,7.27625,12.445,3.37092,3.37287
2,"n23m0123.hpc.itc.rwth-aachen.de",2,"2","uds",83,"n23m0123.hpc.itc.rwth-aachen.de",83,"83","uds",unix,64,4194304,10,50,45.203,5.279,7.18889,7.046,9.3935,3.35589,3.32854
2,"n23m0123.hpc.itc.rwth-aachen.de",2,"2","uds",84,"n23m0123.hpc.itc.rwth-aachen.de",84,"84","uds",unix,64,4194304,10,50,56.83,5.135,6.93433,6.6755,9.508,3.34838,3.34945
2,"n23m0123.hpc.itc.rwth-aachen.de",2,"2","uds",85,"n23m0123.hpc.itc.rwth-aachen.de",85,"85","uds",unix,64,4194304,10,50,44.446,5.1545,7.13668,7.07825,9.7535,3.36442,3.23431
2,"n23m0123.hpc.itc.rwth-aachen.de",2,"2","uds",86,"n23m0123.hpc.itc.rwth-aachen.de",86,"86","uds",unix,64,4194304,10,50,57.58,5.8525,8.0953,8.00175,12.9975,1.86231,2.03224
2,"n23m0123.hpc.itc.rwth-aachen.de",2,"2","uds",87,"n23m0123.hpc.itc.rwth-aachen.de",87,"87","uds",unix,64,4194304,10,50,89.556,10.686,13.901,13.8528,25.241,1.67587,1.67646
2,"n23m0123.hpc.itc.rwth-aachen.de",2,"2","uds",88,"n23m0123.hpc.itc.rwth-aachen.de",88,"88","uds",unix,64,4194304,10,50,73.924,9.485,12.7788,12.649,17.978,1.68484,1.68568
2,"n23m0123.hpc.itc.rwth-aachen.de",2,"2","uds",89,"n23m0123.hpc.itc.rwth-aachen.de",89,"89","uds",unix,64,4194304,10,50,80.752,10.058,12.9972,12.9605,19.844,1.65957,1.63001
2,"n23m0123.hpc.itc.rwth-aachen.de",2,"2","uds",90,"n23m0123.hpc.itc.rwth-aachen.de",90,"90","uds",unix,64,4194304,10,50,78.337,10.5165,12.8129,12.6315,18.688,1.6847,1.67728
2,"n23m0123.hpc.itc.rwth-aachen.de",2,"2","uds",91,"n23m0123.hpc.itc.rwth-aachen.de",91,"91","uds",unix,64,4194304,10,50,70.291,9.916,12.961,12.78,20.9485,1.68884,1.68804
2,"n23m0123.hpc.itc.rwth-aachen.de",2,"2","uds",92,"n23m0123.hpc.itc.rwth-aachen.de",92,"92","uds",unix,64,4194304,10,50,70.921,10.1135,13.098,13.0233,22.2845,1.67878,1.67909
2,"n23m0123.hpc.itc.rwth-aachen.de",2,"2","uds",93,"n23m0123.hpc.itc.rwth-aachen.de",93,"93","uds",unix,64,4194304,10,50,70.42,9.193,12.6022,12.5687,21.0095,1.6816,1.68042
2,"n23m0123.hpc.itc.rwth-aachen.de",2,"2","uds",94,"n23m0123.hpc.itc.rwth-aachen.de",94,"94","uds",unix,64,4194304,10,50,75.769,12.4475,15.8629,15.033,21.8915,1.6594,1.65877
2,"n23m0123.hpc.itc.rwth-aachen.de",2,"2","uds",95,"n23m0123.hpc.itc.rwth-aachen.de",95,"95","uds",unix,64,4194304,10,50,71.456,9.364,12.1855,12.3505,15.5225,1.6637,1.66459
3,"n23m0123.hpc.itc.rwth-aachen.de",3,"3","uds",4,"n23m0123.hpc.itc.rwth-aachen.de",4,"4","uds",unix,64,4194304,10,50,133.255,3.7495,5.43904,5.38675,7.864,5.74421,5.72118
3,"n23m0123.hpc.itc.rwth-aachen.de",3,"3","uds",5,"n23m0123.hpc.itc.rwth-aachen.de",5,"5","uds",unix,64,4194304,10,50,58.759,2.7475,4.17204,4.042,6.5085,6.78915,6.71515
3,"n23m0123.hpc.itc.rwth-aachen.de",3,"3","uds",6,"n23m0123.hpc.itc.rwth-aachen.de",6,"6","uds",unix,64,4194304,10,50,44.638,2.5225,3.81459,3.6435,5.0655,7.49264,7.45731
3,"n23m0123.hpc.itc.rwth-aachen.de",3,"3","uds",7,"n23m0123.hpc.itc.rwth-aachen.de",7,"7","uds",unix,64,4194304,10,50,41.804,2.406,3.07594,2.768,6.471,7.70941,7.70371
3,"n23m0123.hpc.itc.rwth-aachen.de",3,"3","uds",8,"n23m0123.hpc.itc.rwth-aachen.de",8,"8","uds",unix,64,4194304,10,50,50.356,2.6395,4.11658,3.85075,8.862,7.43053,7.42493
3,"n23m0123.hpc.itc.rwth-aachen.de",3,"3","uds",9,"n23m0123.hpc.itc.rwth-aachen.de",9,"9","uds",unix,64,4194304,10,50,47.144,2.6325,3.59129,3.63575,5.68,7.66929,7.65631
3,"n23m0123.hpc.itc.rwth-aachen.de",3,"3","uds",10,"n23m0123.hpc.itc.rwth-aachen.de",10,"10","uds",unix,64,4194304,10,50,42.128,2.478,3.13816,2.67625,8.555,7.8015,7.74449
3,"n23m0123.hpc.itc.rwth-aachen.de",3,"3","uds",11,"n23m0123.hpc.itc.rwth-aachen.de",11,"11","uds",unix,64,4194304,10,50,41.682,2.756,4.08132,3.9445,7.0675,7.5668,7.48984
3,"n23m0123.hpc.itc.rwth-aachen.de",3,"3","uds",12,"n23m0123.hpc.itc.rwth-aachen.de",12,"12","uds",unix,64,4194304,10,50,43.837,2.6795,3.62608,3.694,5.1555,7.11847,7.06231
3,"n23m0123.hpc.itc.rwth-aachen.de",3,"3","uds",13,"n23m0123.hpc.itc.rwth-aachen.de",13,"13","uds",unix,64,4194304,10,50,39.806,2.67,3.49728,3.4825,9.481,7.18999,7.10097
3,"n23m0123.hpc.itc.rwth-aachen.de",3,"3","uds",14,"n23m0123.hpc.itc.rwth-aachen.de",14,"14","uds",unix,64,4194304,10,50,39.4,2.6175,3.63556,3.6095,7.807,7.02853,6.95734
3,"n23m0123.hpc.itc.rwth-aachen.de",3,"3","uds",15,"n23m0123.hpc.itc.rwth-aachen.de",15,"15","uds",unix,64,4194304,10,50,41.896,2.6755,3.39067,3.0515,4.796,7.3372,7.26707
3,"n23m0123.hpc.itc.rwth-aachen.de",3,"3","uds",16,"n23m0123.hpc.itc.rwth-aachen.de",16,"16","uds",unix,64,4194304,10,50,36.876,2.6585,3.6507,3.66725,8.162,7.31648,7.24259
3,"n23m0123.hpc.itc.rwth-aachen.de",3,"3","uds",17,"n23m0123.hpc.itc.rwth-aachen.de",17,"17","uds",unix,64,4194304,10,50,33.945,2.638,3.33925,2.91825,4.906,7.11239,7.05784
3,"n23m0123.hpc.itc.rwth-aachen.de",3,"3","uds",18,"n23m0123.hpc.itc.rwth-aachen.de",18,"18","uds",unix,64,4194304,10,50,38.641,2.7725,4.00892,3.9375,7.1505,7.32095,7.25038
3,"n23m0123.hpc.itc.rwth-aachen.de",3,"3","uds",19,"n23m0123.hpc.itc.rwth-aachen.de",19,"19","uds",unix,64,4194304,10,50,34.054,2.592,3.74839,3.661,4.8715,7.34229,7.26574
3,"n23m0123.hpc.itc.rwth-aachen.de",3,"3","uds",20,"n23m0123.hpc.itc.rwth-aachen.de",20,"20","uds",unix,64,4194304,10,50,35.764,2.537,3.51766,3.49425,5.1395,7.04209,6.98694
3,"n23m0123.hpc.itc.rwth-aachen.de",3,"3","uds",21,"n23m0123.hpc.itc.rwth-aachen.de",21,"21","uds",unix,64,4194304,10,50,36.858,2.6215,3.44768,2.98025,6.0585,7.02544,6.97473
3,"n23m0123.hpc.itc.rwth-aachen.de",3,"3","uds",22,"n23m0123.hpc.itc.rwth-aachen.de",22,"22","uds",unix,64,4194304,10,50,40.786,2.54,3.32814,3.00625,4.6215,7.31095,7.25393
3,"n23m0123.hpc.itc.rwth-aachen.de",3,"3","uds",23,"n23m0123.hpc.itc.rwth-aachen.de",23,"23","uds",unix,64,4194304,10,50,38.34,2.8425,4.09886,3.9745,6.91,7.0353,6.98595
3,"n23m0123.hpc.itc.rwth-aachen.de",3,"3","uds",24,"n23m0123.hpc.itc.rwth-aachen.de",24,"24","uds",unix,64,4194304,10,50,50.899,2.763,3.52343,3.37075,5.1325,7.05043,6.9898
3,"n23m0123.hpc.itc.rwth-aachen.de",3,"3","uds",25,"n23m0123.hpc.itc.rwth-aachen.de",25,"25","uds",unix,64,4194304,10,50,39.106,2.8245,4.17723,4.03275,5.1965,7.04222,6.96314
3,"n23m0123.hpc.itc.rwth-aachen.de",3,"3","uds",26,"n23m0123.hpc.itc.rwth-aachen.de",26,"26","uds",unix,64,4194304,10,50,37.441,2.756,4.28758,4.4465,8.7925,6.93393,6.87305
3,"n23m0123.hpc.itc.rwth-aachen.de",3,"3","uds",27,"n23m0123.hpc.itc.rwth-aachen.de",27,"27","uds",unix,64,4194304,10,50,35.581,2.7455,4.01964,3.85275,8.149,6.9227,6.84738
3,"n23m0123.hpc.itc.rwth-aachen.de",3,"3","uds",28,"n23m0123.hpc.itc.rwth-aachen.de",28,"28","uds",unix,64,4194304,10,50,38.454,2.6375,3.36784,2.9685,4.9085,7.00555,6.93172
3,"n23m0123.hpc.itc.rwth-aachen.de",3,"3","uds",29,"n23m0123.hpc.itc.rwth-aachen.de",29,"29","uds",unix,64,4194304,10,50,34.055,2.6225,3.42996,2.93225,5.369,6.93396,6.86326
3,"n23m0123.hpc.itc.rwth-aachen.de",3,"3","uds",30,"n23m0123.hpc.itc.rwth-aachen.de",30,"30","uds",unix,64,4194304,10,50,37.314,2.9105,4.29034,4.1925,6.907,7.0788,7.03349
3,"n23m0123.hpc.itc.rwth-aachen.de",3,"3","uds",31,"n23m0123.hpc.itc.rwth-aachen.de",31,"31","uds",unix,64,4194304,10,50,37.949,2.814,3.79292,3.85575,5.188,6.97125,6.9183
3,"n23m0123.hpc.itc.rwth-aachen.de",3,"3","uds",32,"n23m0123.hpc.itc.rwth-aachen.de",32,"32","uds",unix,64,4194304,10,50,35.763,2.7015,3.42517,3.5695,6.537,7.04217,6.96508
3,"n23m0123.hpc.itc.rwth-aachen.de",3,"3","uds",33,"n23m0123.hpc.itc.rwth-aachen.de",33,"33","uds",unix,64,4194304,10,50,36.797,2.8425,4.08471,3.9925,5.6705,6.92954,6.87608
3,"n23m0123.hpc.itc.rwth-aachen.de",3,"3","uds",34,"n23m0123.hpc.itc.rwth-aachen.de",34,"34","uds",unix,64,4194304,10,50,35.469,2.7295,3.65726,3.70275,5.0775,6.94658,6.87954
3,"n23m0123.hpc.itc.rwth-aachen.de",3,"3","uds",35,"n23m0123.hpc.itc.rwth-aachen.de",35,"35","uds",unix,64,4194304,10,50,34.286,2.609,3.75079,3.743,6.4355,6.95013,6.8748
3,"n23m0123.hpc.itc.rwth-aachen.de",3,"3","uds",36,"n23m0123.hpc.itc.rwth-aachen.de",36,"36","uds",unix,64,4194304,10,50,35.239,2.775,4.06834,3.9705,7.933,6.57305,6.53321
3,"n23m0123.hpc.itc.rwth-aachen.de",3,"3","uds",37,"n23m0123.hpc.itc.rwth-aachen.de",37,"37","uds",unix,64,4194304,10,50,41.602,3.7445,4.72054,4.89275,7.8235,6.55178,6.49154
3,"n23m0123.hpc.itc.rwth-aachen.de",3,"3","uds",38,"n23m0123.hpc.itc.rwth-aachen.de",38,"38","uds",unix,64,4194304,10,50,45.451,3.0075,4.55712,4.3625,8.0645,6.48117,6.42101
3,"n23m0123.hpc.itc.rwth-aachen.de",3,"3","uds",39,"n23m0123.hpc.itc.rwth-aachen.de",39,"39","uds",unix,64,4194304,10,50,40.209,2.872,4.15611,4.1545,8.085,6.57219,6.49932
3,"n23m0123.hpc.itc.rwth-aachen.de",3,"3","uds",40,"n23m0123.hpc.itc.rwth-aachen.de",40,"40","uds",unix,64,4194304,10,50,40.787,2.8335,4.23873,4.0295,6.2785,6.46591,6.39127
3,"n23m0123.hpc.itc.rwth-aachen.de",3,"3","uds",41,"n23m0123.hpc.itc.rwth-aachen.de",41,"41","uds",unix,64,4194304,10,50,35.46,2.782,4.37665,4.4765,5.374,6.53214,6.48132
3,"n23m0123.hpc.itc.rwth-aachen.de",3,"3","uds",42,"n23m0123.hpc.itc.rwth-aachen.de",42,"42","uds",unix,64,4194304,10,50,36.484,3.2725,4.86705,5.02925,9.3095,6.53166,6.46512
3,"n23m0123.hpc.itc.rwth-aachen.de",3,"3","uds",43,"n23m0123.hpc.itc.rwth-aachen.de",43,"43","uds",unix,64,4194304,10,50,34.852,2.8105,4.30645,4.09875,6.3525,6.46136,6.41257
3,"n23m0123.hpc.itc.rwth-aachen.de",3,"3","uds",44,"n23m0123.hpc.itc.rwth-aachen.de",44,"44","uds",unix,64,4194304,10,50,39.371,2.78,4.27556,4.75175,5.325,6.51142,6.4474
3,"n23m0123.hpc.itc.rwth-aachen.de",3,"3","uds",45,"n23m0123.hpc.itc.rwth-aachen.de",45,"45","uds",unix,64,4194304,10,50,36.446,2.892,4.31823,4.08675,5.693,6.48366,6.43613
3,"n23m0123.hpc.itc.rwth-aachen.de",3,"3","uds",46,"n23m0123.hpc.itc.rwth-aachen.de",46,"46","uds",unix,64,4194304,10,50,35.786,2.809,4.32968,4.16225,8.8405,6.44447,6.38608
3,"n23m0123.hpc.itc.rwth-aachen.de",3,"3","uds",47,"n23m0123.hpc.itc.rwth-aachen.de",47,"47","uds",unix,64,4194304,10,50,38.179,3.0635,4.44404,4.36175,5.8865,6.41902,6.36001
3,"n23m0123.hpc.itc.rwth-aachen.de",3,"3","uds",48,"n23m0123.hpc.itc.rwth-aachen.de",48,"48","uds",unix,64,4194304,10,50,49.456,5.0605,7.08942,7.247,9.806,3.26362,3.14666
3,"n23m0123.hpc.itc.rwth-aachen.de",3,"3","uds",49,"n23m0123.hpc.itc.rwth-aachen.de",49,"49","uds",unix,64,4194304,10,50,68.766,5.338,7.55754,7.38325,10.7705,3.29852,3.15137
3,"n23m0123.hpc.itc.rwth-aachen.de",3,"3","uds",50,"n23m0123.hpc.itc.rwth-aachen.de",50,"50","uds",unix,64,4194304,10,50,65.182,5.5825,7.71295,7.72425,11.625,1.85512,2.0101
3,"n23m0123.hpc.itc.rwth-aachen.de",3,"3","uds",51,"n23m0123.hpc.itc.rwth-aachen.de",51,"51","uds",unix,64,4194304,10,50,92.143,10.139,13.4405,13.3373,19.564,1.66299,1.66147
3,"n23m0123.hpc.itc.rwth-aachen.de",3,"3","uds",52,"n23m0123.hpc.itc.rwth-aachen.de",52,"52","uds",unix,64,4194304,10,50,85.407,10.1245,13.266,13.212,22.423,1.66952,1.67014
3,"n23m0123.hpc.itc.rwth-aachen.de",3,"3","uds",53,"n23m0123.hpc.itc.rwth-aachen.de",53,"53","uds",unix,64,4194304,10,50,83.625,10.208,13.3156,12.8102,23.7285,1.66476,1.66477
3,"n23m0123.hpc.itc.rwth-aachen.de",3,"3","uds",54,"n23m0123.hpc.itc.rwth-aachen.de",54,"54","uds",unix,64,4194304,10,50,76.637,10.491,13.5324,13.2175,28.8365,1.66839,1.66724
3,"n23m0123.hpc.itc.rwth-aachen.de",3,"3","uds",55,"n23m0123.hpc.itc.rwth-aachen.de",55,"55","uds",unix,64,4194304,10,50,74.104,10.165,12.9856,12.553,21.205,1.6709,1.67056
3,"n23m0123.hpc.itc.rwth-aachen.de",3,"3","uds",56,"n23m0123.hpc.itc.rwth-aachen.de",56,"56","uds",unix,64,4194304,10,50,78.134,10.2745,12.7318,12.5358,19.1035,1.66413,1.66337
3,"n23m0123.hpc.itc.rwth-aachen.de",3,"3","uds",57,"n23m0123.hpc.itc.rwth-aachen.de",57,"57","uds",unix,64,4194304,10,50,77.786,10.4285,14.1579,13.561,35.5015,1.66066,1.66033
3,"n23m0123.hpc.itc.rwth-aachen.de",3,"3","uds",58,"n23m0123.hpc.itc.rwth-aachen.de",58,"58","uds",unix,64,4194304,10,50,77.521,10.209,13.1234,12.9793,20.6655,1.67864,1.68015
3,"n23m0123.hpc.itc.rwth-aachen.de",3,"3","uds",59,"n23m0123.hpc.itc.rwth-aachen.de",59,"59","uds",unix,64,4194304,10,50,70.374,9.7425,12.6097,12.2643,17.5395,1.66835,1.66572
3,"n23m0123.hpc.itc.rwth-aachen.de",3,"3","uds",60,"n23m0123.hpc.itc.rwth-aachen.de",60,"60","uds",unix,64,4194304,10,50,98.595,10.27,12.5839,12.267,22.1245,1.66709,1.66461
3,"n23m0123.hpc.itc.rwth-aachen.de",3,"3","uds",61,"n23m0123.hpc.itc.rwth-aachen.de",61,"61","uds",unix,64,4194304,10,50,79.552,9.9955,13.4621,13.2395,20.235,1.67312,1.66931
3,"n23m0123.hpc.itc.rwth-aachen.de",3,"3","uds",62,"n23m0123.hpc.itc.rwth-aachen.de",62,"62","uds",unix,64,4194304,10,50,79.105,10.1945,12.7398,12.3063,20.7665,1.67481,1.67669
3,"n23m0123.hpc.itc.rwth-aachen.de",3,"3","uds",63,"n23m0123.hpc.itc.rwth-aachen.de",63,"63","uds",unix,64,4194304,10,50,81.531,10.4885,13.5834,13.314,25.346,1.67105,1.67137
3,"n23m0123.hpc.itc.rwth-aachen.de",3,"3","uds",64,"n23m0123.hpc.itc.rwth-aachen.de",64,"64","uds",unix,64,4194304,10,50,74.233,10.368,13.1414,12.7385,20.278,1.69733,1.69749
3,"n23m0123.hpc.itc.rwth-aachen.de",3,"3","uds",65,"n23m0123.hpc.itc.rwth-aachen.de",65,"65","uds",unix,64,4194304,10,50,80,9.5095,12.6519,12.5845,18.7885,1.66621,1.66702
3,"n23m0123.hpc.itc.rwth-aachen.de",3,"3","uds",66,"n23m0123.hpc.itc.rwth-aachen.de",66,"66","uds",unix,64,4194304,10,50,87.493,9.6185,13.0337,13.1762,18.6995,1.66701,1.66673
3,"n23m0123.hpc.itc.rwth-aachen.de",3,"3","uds",67,"n23m0123.hpc.itc.rwth-aachen.de",67,"67","uds",unix,64,4194304,10,50,75.655,9.7525,12.6863,12.464,15.826,1.67481,1.67521
3,"n23m0123.hpc.itc.rwth-aachen.de",3,"3","uds",68,"n23m0123.hpc.itc.rwth-aachen.de",68,"68","uds",unix,64,4194304,10,50,76.949,10.0255,12.6263,12.7265,16.7705,1.668,1.66804
3,"n23m0123.hpc.itc.rwth-aachen.de",3,"3","uds",69,"n23m0123.hpc.itc.rwth-aachen.de",69,"69","uds",unix,64,4194304,10,50,75.552,9.8,12.437,12.0845,19.161,1.65488,1.65393
3,"n23m0123.hpc.itc.rwth-aachen.de",3,"3","uds",70,"n23m0123.hpc.itc.rwth-aachen.de",70,"70","uds",unix,64,4194304,10,50,77.814,10.5305,13.7029,13.402,17.6075,1.66978,1.67023
3,"n23m0123.hpc.itc.rwth-aachen.de",3,"3","uds",71,"n23m0123.hpc.itc.rwth-aachen.de",71,"71","uds",unix,64,4194304,10,50,71.686,9.5815,13.0235,12.5527,24.3015,1.66455,1.66304
3,"n23m0123.hpc.itc.rwth-aachen.de",3,"3","uds",72,"n23m0123.hpc.itc.rwth-aachen.de",72,"72","uds",unix,64,4194304,10,50,82.829,9.767,12.7278,12.561,21.1135,1.67795,1.67795
3,"n23m0123.hpc.itc.rwth-aachen.de",3,"3","uds",73,"n23m0123.hpc.itc.rwth-aachen.de",73,"73","uds",unix,64,4194304,10,50,73.035,10.2095,13.6697,13.4335,25.741,1.67569,1.67487
3,"n23m0123.hpc.itc.rwth-aachen.de",3,"3","uds",74,"n23m0123.hpc.itc.rwth-aachen.de",74,"74","uds",unix,64,4194304,10,50,84.363,10.2105,12.8527,12.825,20.8975,1.65929,1.6593
3,"n23m0123.hpc.itc.rwth-aachen.de",3,"3","uds",75,"n23m0123.hpc.itc.rwth-aachen.de",75,"75","uds",unix,64,4194304,10,50,86.241,11.619,14.1027,13.8882,19.369,1.6489,1.64274
3,"n23m0123.hpc.itc.rwth-aachen.de",3,"3","uds",76,"n23m0123.hpc.itc.rwth-aachen.de",76,"76","uds",unix,64,4194304,10,50,76.47,9.8285,12.8189,12.5285,21.476,1.68333,1.68431
3,"n23m0123.hpc.itc.rwth-aachen.de",3,"3","uds",77,"n23m0123.hpc.itc.rwth-aachen.de",77,"77","uds",unix,64,4194304,10,50,80.509,11.1265,15.8618,15.6735,26.898,1.70336,1.70101
3,"n23m0123.hpc.itc.rwth-aachen.de",3,"3","uds",78,"n23m0123.hpc.itc.rwth-aachen.de",78,"78","uds",unix,64,4194304,10,50,81.638,9.6395,12.9675,12.526,19.824,1.67233,1.67247
3,"n23m0123.hpc.itc.rwth-aachen.de",3,"3","uds",79,"n23m0123.hpc.itc.rwth-aachen.de",79,"79","uds",unix,64,4194304,10,50,87.651,9.9155,13.3463,13.1193,26.8445,1.67241,1.67236
3,"n23m0123.hpc.itc.rwth-aachen.de",3,"3","uds",80,"n23m0123.hpc.itc.rwth-aachen.de",80,"80","uds",unix,64,4194304,10,50,91.976,10.3065,12.9525,12.9552,18.4355,1.66088,1.66096
3,"n23m0123.hpc.itc.rwth-aachen.de",3,"3","uds",81,"n23m0123.hpc.itc.rwth-aachen.de",81,"81","uds",unix,64,4194304,10,50,73.635,10.077,12.9369,12.899,22.011,1.68161,1.68197
3,"n23m0123.hpc.itc.rwth-aachen.de",3,"3","uds",82,"n23m0123.hpc.itc.rwth-aachen.de",82,"82","uds",unix,64,4194304,10,50,76.517,10.4695,13.6363,13.4515,18.332,1.67202,1.67164
3,"n23m0123.hpc.itc.rwth-aachen.de",3,"3","uds",83,"n23m0123.hpc.itc.rwth-aachen.de",83,"83","uds",unix,64,4194304,10,50,77.318,10.88,13.5524,13.3828,17.936,1.65991,1.65832
3,"n23m0123.hpc.itc.rwth-aachen.de",3,"3","uds",84,"n23m0123.hpc.itc.rwth-aachen.de",84,"84","uds",unix,64,4194304,10,50,70.982,10.055,12.6739,12.3803,22.195,1.69038,1.68898
3,"n23m0123.hpc.itc.rwth-aachen.de",3,"3","uds",85,"n23m0123.hpc.itc.rwth-aachen.de",85,"85","uds",unix,64,4194304,10,50,81.588,9.9185,12.5568,12.2837,16.9265,1.68396,1.68475
3,"n23m0123.hpc.itc.rwth-aachen.de",3,"3","uds",86,"n23m0123.hpc.itc.rwth-aachen.de",86,"86","uds",unix,64,4194304,10,50,74.714,10.152,13.4224,13.6047,18.6915,1.68041,1.68097
3,"n23m0123.hpc.itc.rwth-aachen.de",3,"3","uds",87,"n23m0123.hpc.itc.rwth-aachen.de",87,"87","uds",unix,64,4194304,10,50,82.909,10.093,13.0331,12.7108,25.6795,1.67844,1.67848
3,"n23m0123.hpc.itc.rwth-aachen.de",3,"3","uds",88,"n23m0123.hpc.itc.rwth-aachen.de",88,"88","uds",unix,64,4194304,10,50,77.959,9.5905,12.6717,12.3558,20.612,1.69081,1.68982
3,"n23m0123.hpc.itc.rwth-aachen.de",3,"3","uds",89,"n23m0123.hpc.itc.rwth-aachen.de",89,"89","uds",unix,64,4194304,10,50,69.116,9.969,13.0079,12.6508,22.9485,1.67792,1.67713
3,"n23m0123.hpc.itc.rwth-aachen.de",3,"3","uds",90,"n23m0123.hpc.itc.rwth-aachen.de",90,"90","uds",unix,64,4194304,10,50,67.425,10.4965,13.1579,12.7742,18.2655,1.69251,1.69171
3,"n23m0123.hpc.itc.rwth-aachen.de",3,"3","uds",91,"n23m0123.hpc.itc.rwth-aachen.de",91,"91","uds",unix,64,4194304,10,50,74.904,9.982,13.4965,13.0817,36.062,1.67845,1.67689
3,"n23m0123.hpc.itc.rwth-aachen.de",3,"3","uds",92,"n23m0123.hpc.itc.rwth-aachen.de",92,"92","uds",unix,64,4194304,10,50,67.919,9.927,12.9375,12.79,20.371,1.68969,1.68986
3,"n23m0123.hpc.itc.rwth-aachen.de",3,"3","uds",93,"n23m0123.hpc.itc.rwth-aachen.de",93,"93","uds",unix,64,4194304,10,50,67.561,10.233,13.3599,13.1865,18.368,1.67959,1.67988
3,"n23m0123.hpc.itc.rwth-aachen.de",3,"3","uds",94,"n23m0123.hpc.itc.rwth-aachen.de",94,"94","uds",unix,64,4194304,10,50,86.436,9.7825,12.5747,12.4295,18.413,1.67382,1.67456
3,"n23m0123.hpc.itc.rwth-aachen.de",3,"3","uds",95,"n23m0123.hpc.itc.rwth-aachen.de",95,"95","uds",unix,64,4194304,10,50,93.88,10.336,13.0532,13.037,19.2675,1.67788,1.67667
4,"n23m0123.hpc.itc.rwth-aachen.de",4,"4","uds",5,"n23m0123.hpc.itc.rwth-aachen.de",5,"5","uds",unix,64,4194304,10,50,156.419,4.204,6.77225,6.89125,16.335,5.20898,5.11808
4,"n23m0123.hpc.itc.rwth-aachen.de",4,"4","uds",6,"n23m0123.hpc.itc.rwth-aachen.de",6,"6","uds",unix,64,4194304,10,50,62.426,2.7205,4.31079,4.15025,5.9925,7.02094,7.0545
4,"n23m0123.hpc.itc.rwth-aachen.de",4,"4","uds",7,"n23m0123.hpc.itc.rwth-aachen.de",7,"7","uds",unix,64,4194304,10,50,38.652,2.417,3.32004,3.42425,5.027,7.63053,7.63332
4,"n23m0123.hpc.itc.rwth-aachen.de",4,"4","uds",8,"n23m0123.hpc.itc.rwth-aachen.de",8,"8","uds",unix,64,4194304,10,50,46.906,2.827,4.18851,4.09925,5.6145,7.01776,6.98056
4,"n23m0123.hpc.itc.rwth-aachen.de",4,"4","uds",9,"n23m0123.hpc.itc.rwth-aachen.de",9,"9","uds",unix,64,4194304,10,50,42.153,2.5215,3.64501,3.71225,7.3345,7.72718,7.72691
4,"n23m0123.hpc.itc.rwth-aachen.de",4,"4","uds",10,"n23m0123.hpc.itc.rwth-aachen.de",10,"10","uds",unix,64,4194304,10,50,43.065,2.4075,3.0494,2.69125,4.9885,7.51245,7.50999
4,"n23m0123.hpc.itc.rwth-aachen.de",4,"4","uds",11,"n23m0123.hpc.itc.rwth-aachen.de",11,"11","uds",unix,64,4194304,10,50,45.496,2.8945,4.67726,4.4035,6.0845,7.09418,7.08281
4,"n23m0123.hpc.itc.rwth-aachen.de",4,"4","uds",12,"n23m0123.hpc.itc.rwth-aachen.de",12,"12","uds",unix,64,4194304,10,50,50.269,2.645,4.67993,3.826,23.9205,7.16573,7.14142
4,"n23m0123.hpc.itc.rwth-aachen.de",4,"4","uds",13,"n23m0123.hpc.itc.rwth-aachen.de",13,"13","uds",unix,64,4194304,10,50,37.857,2.6735,3.28202,2.88725,4.727,6.99125,7.05461
4,"n23m0123.hpc.itc.rwth-aachen.de",4,"4","uds",14,"n23m0123.hpc.itc.rwth-aachen.de",14,"14","uds",unix,64,4194304,10,50,45.065,2.6925,3.81385,3.7665,5.6875,6.9031,6.9317
4,"n23m0123.hpc.itc.rwth-aachen.de",4,"4","uds",15,"n23m0123.hpc.itc.rwth-aachen.de",15,"15","uds",unix,64,4194304,10,50,42.683,2.549,3.11872,2.733,5.013,7.37152,7.32213
4,"n23m0123.hpc.itc.rwth-aachen.de",4,"4","uds",16,"n23m0123.hpc.itc.rwth-aachen.de",16,"16","uds",unix,64,4194304,10,50,37.257,2.706,3.4315,2.96125,5.2245,7.25171,7.26035
4,"n23m0123.hpc.itc.rwth-aachen.de",4,"4","uds",17,"n23m0123.hpc.itc.rwth-aachen.de",17,"17","uds",unix,64,4194304,10,50,36.628,2.508,3.29647,3.41475,4.8865,7.1366,7.07298
4,"n23m0123.hpc.itc.rwth-aachen.de",4,"4","uds",18,"n23m0123.hpc.itc.rwth-aachen.de",18,"18","uds",unix,64,4194304,10,50,35.877,2.518,3.19572,2.82875,4.8785,7.38345,7.32416
4,"n23m0123.hpc.itc.rwth-aachen.de",4,"4","uds",19,"n23m0123.hpc.itc.rwth-aachen.de",19,"19","uds",unix,64,4194304,10,50,34.523,3.005,4.48513,4.134,9.558,7.38105,7.30644
4,"n23m0123.hpc.itc.rwth-aachen.de",4,"4","uds",20,"n23m0123.hpc.itc.rwth-aachen.de",20,"20","uds",unix,64,4194304,10,50,36.223,2.56,3.16051,2.9495,4.886,7.07934,7.02304
4,"n23m0123.hpc.itc.rwth-aachen.de",4,"4","uds",21,"n23m0123.hpc.itc.rwth-aachen.de",21,"21","uds",unix,64,4194304,10,50,36.616,2.5,4.54833,3.68225,31.093,7.03918,6.99482
4,"n23m0123.hpc.itc.rwth-aachen.de",4,"4","uds",22,"n23m0123.hpc.itc.rwth-aachen.de",22,"22","uds",unix,64,4194304,10,50,44.392,2.4905,3.34606,2.85525,8.2005,7.32887,7.28025
4,"n23m0123.hpc.itc.rwth-aachen.de",4,"4","uds",23,"n23m0123.hpc.itc.rwth-aachen.de",23,"23","uds",unix,64,4194304,10,50,33.907,2.5325,3.33187,3.15075,5.0045,7.07328,7.00891
4,"n23m0123.hpc.itc.rwth-aachen.de",4,"4","uds",24,"n23m0123.hpc.itc.rwth-aachen.de",24,"24","uds",unix,64,4194304,10,50,40.099,2.716,4.00586,3.917,5.2505,7.2006,7.11186
4,"n23m0123.hpc.itc.rwth-aachen.de",4,"4","uds",25,"n23m0123.hpc.itc.rwth-aachen.de",25,"25","uds",unix,64,4194304,10,50,38.578,2.6775,3.46179,3.05725,6.1675,7.12003,7.05129
4,"n23m0123.hpc.itc.rwth-aachen.de",4,"4","uds",26,"n23m0123.hpc.itc.rwth-aachen.de",26,"26","uds",unix,64,4194304,10,50,38.56,2.946,4.53256,4.404,10.2375,7.05011,6.97892
4,"n23m0123.hpc.itc.rwth-aachen.de",4,"4","uds",27,"n23m0123.hpc.itc.rwth-aachen.de",27,"27","uds",unix,64,4194304,10,50,38.415,2.7825,4.31304,4.3175,7.852,7.02772,6.94866
4,"n23m0123.hpc.itc.rwth-aachen.de",4,"4","uds",28,"n23m0123.hpc.itc.rwth-aachen.de",28,"28","uds",unix,64,4194304,10,50,36.829,2.6785,3.52485,3.61625,5.0415,7.08902,7.00861
4,"n23m0123.hpc.itc.rwth-aachen.de",4,"4","uds",29,"n23m0123.hpc.itc.rwth-aachen.de",29,"29","uds",unix,64,4194304,10,50,34.978,2.6725,3.44685,3.37175,6.357,7.03675,6.95177
4,"n23m0123.hpc.itc.rwth-aachen.de",4,"4","uds",30,"n23m0123.hpc.itc.rwth-aachen.de",30,"30","uds",unix,64,4194304,10,50,35.76,2.784,3.93652,3.83775,7.0545,7.18523,7.10746
4,"n23m0123.hpc.itc.rwth-aachen.de",4,"4","uds",31,"n23m0123.hpc.itc.rwth-aachen.de",31,"31","uds",unix,64,4194304,10,50,34.768,2.9045,4.09164,3.971,7.6905,7.09345,7.01135
4,"n23m0123.hpc.itc.rwth-aachen.de",4,"4","uds",32,"n23m0123.hpc.itc.rwth-aachen.de",32,"32","uds",unix,64,4194304,10,50,34.198,2.719,3.66229,3.67225,8.1155,7.13106,7.06743
4,"n23m0123.hpc.itc.rwth-aachen.de",4,"4","uds",33,"n23m0123.hpc.itc.rwth-aachen.de",33,"33","uds",unix,64,4194304,10,50,33.505,2.768,4.2001,4.42925,5.1945,7.02462,6.9516
4,"n23m0123.hpc.itc.rwth-aachen.de",4,"4","uds",34,"n23m0123.hpc.itc.rwth-aachen.de",34,"34","uds",unix,64,4194304,10,50,33.345,2.665,3.73855,3.7115,5.053,7.05223,6.98318
4,"n23m0123.hpc.itc.rwth-aachen.de",4,"4","uds",35,"n23m0123.hpc.itc.rwth-aachen.de",35,"35","uds",unix,64,4194304,10,50,33.515,2.715,3.79637,3.83475,8.086,7.02052,6.9458
4,"n23m0123.hpc.itc.rwth-aachen.de",4,"4","uds",36,"n23m0123.hpc.itc.rwth-aachen.de",36,"36","uds",unix,64,4194304,10,50,40.018,2.7435,3.86753,3.8315,5.14,6.72501,6.65087
4,"n23m0123.hpc.itc.rwth-aachen.de",4,"4","uds",37,"n23m0123.hpc.itc.rwth-aachen.de",37,"37","uds",unix,64,4194304,10,50,39.998,3.027,4.40686,4.2875,6.5245,6.65719,6.57642
4,"n23m0123.hpc.itc.rwth-aachen.de",4,"4","uds",38,"n23m0123.hpc.itc.rwth-aachen.de",38,"38","uds",unix,64,4194304,10,50,46.959,3.158,4.63162,4.87625,7.8645,6.58276,6.51294
4,"n23m0123.hpc.itc.rwth-aachen.de",4,"4","uds",39,"n23m0123.hpc.itc.rwth-aachen.de",39,"39","uds",unix,64,4194304,10,50,41.57,2.7915,4.17987,4.0545,6.9105,6.64551,6.5754
4,"n23m0123.hpc.itc.rwth-aachen.de",4,"4","uds",40,"n23m0123.hpc.itc.rwth-aachen.de",40,"40","uds",unix,64,4194304,10,50,35.388,2.9065,4.27821,4.16525,5.399,6.53579,6.47082
4,"n23m0123.hpc.itc.rwth-aachen.de",4,"4","uds",41,"n23m0123.hpc.itc.rwth-aachen.de",41,"41","uds",unix,64,4194304,10,50,34.354,2.758,4.08115,4.011,7.3185,6.63861,6.57356
4,"n23m0123.hpc.itc.rwth-aachen.de",4,"4","uds",42,"n23m0123.hpc.itc.rwth-aachen.de",42,"42","uds",unix,64,4194304,10,50,32.32,2.8485,4.39172,4.3225,7.2135,6.61666,6.53908
4,"n23m0123.hpc.itc.rwth-aachen.de",4,"4","uds",43,"n23m0123.hpc.itc.rwth-aachen.de",43,"43","uds",unix,64,4194304,10,50,40.767,3.3105,4.98821,5.102,9.5265,6.55211,6.49873
4,"n23m0123.hpc.itc.rwth-aachen.de",4,"4","uds",44,"n23m0123.hpc.itc.rwth-aachen.de",44,"44","uds",unix,64,4194304,10,50,33.612,2.796,4.04883,3.9675,8.211,6.60916,6.51589
4,"n23m0123.hpc.itc.rwth-aachen.de",4,"4","uds",45,"n23m0123.hpc.itc.rwth-aachen.de",45,"45","uds",unix,64,4194304,10,50,34.358,2.9495,4.59772,4.70475,6.018,6.5585,6.49875
4,"n23m0123.hpc.itc.rwth-aachen.de",4,"4","uds",46,"n23m0123.hpc.itc.rwth-aachen.de",46,"46","uds",unix,64,4194304,10,50,33.206,2.891,4.30279,4.12425,11.798,6.51411,6.46342
4,"n23m0123.hpc.itc.rwth-aachen.de",4,"4","uds",47,"n23m0123.hpc.itc.rwth-aachen.de",47,"47","uds",unix,64,4194304,10,50,38.905,2.897,4.40032,4.35775,5.652,6.5163,6.43889
4,"n23m0123.hpc.itc.rwth-aachen.de",4,"4","uds",48,"n23m0123.hpc.itc.rwth-aachen.de",48,"48","uds",unix,64,4194304,10,50,48.908,4.9675,7.22699,7.1,10.4135,3.36256,3.35831
4,"n23m0123.hpc.itc.rwth-aachen.de",4,"4","uds",49,"n23m0123.hpc.itc.rwth-aachen.de",49,"49","uds",unix,64,4194304,10,50,48.999,5.8855,8.15641,7.83775,11.516,3.41209,3.38942
4,"n23m0123.hpc.itc.rwth-aachen.de",4,"4","uds",50,"n23m0123.hpc.itc.rwth-aachen.de",50,"50","uds",unix,64,4194304,10,50,64.725,5.164,7.69137,7.55775,10.167,3.41411,3.40552
4,"n23m0123.hpc.itc.rwth-aachen.de",4,"4","uds",51,"n23m0123.hpc.itc.rwth-aachen.de",51,"51","uds",unix,64,4194304,10,50,54.722,5.404,7.16739,7.17125,12.5065,3.40361,3.39363
4,"n23m0123.hpc.itc.rwth-aachen.de",4,"4","uds",52,"n23m0123.hpc.itc.rwth-aachen.de",52,"52","uds",unix,64,4194304,10,50,48.675,5.0865,6.96482,6.76125,11.515,3.41639,3.40764
4,"n23m0123.hpc.itc.rwth-aachen.de",4,"4","uds",53,"n23m0123.hpc.itc.rwth-aachen.de",53,"53","uds",unix,64,4194304,10,50,49.3,5.238,7.63621,7.361,13.121,3.37594,3.36767
4,"n23m0123.hpc.itc.rwth-aachen.de",4,"4","uds",54,"n23m0123.hpc.itc.rwth-aachen.de",54,"54","uds",unix,64,4194304,10,50,51.685,5.1235,6.91646,6.99025,9.252,3.3856,3.37482
4,"n23m0123.hpc.itc.rwth-aachen.de",4,"4","uds",55,"n23m0123.hpc.itc.rwth-aachen.de",55,"55","uds",unix,64,4194304,10,50,47.133,5.3835,8.14193,8.104,12.396,3.38321,3.38421
4,"n23m0123.hpc.itc.rwth-aachen.de",4,"4","uds",56,"n23m0123.hpc.itc.rwth-aachen.de",56,"56","uds",unix,64,4194304,10,50,44.349,5.3815,7.1438,7.2435,9.519,3.38211,3.37483
4,"n23m0123.hpc.itc.rwth-aachen.de",4,"4","uds",57,"n23m0123.hpc.itc.rwth-aachen.de",57,"57","uds",unix,64,4194304,10,50,43.437,5.462,7.92088,7.548,11.639,3.3733,3.36213
4,"n23m0123.hpc.itc.rwth-aachen.de",4,"4","uds",58,"n23m0123.hpc.itc.rwth-aachen.de",58,"58","uds",unix,64,4194304,10,50,45.984,5.042,7.03347,7.06825,9.3545,3.39613,3.38634
4,"n23m0123.hpc.itc.rwth-aachen.de",4,"4","uds",59,"n23m0123.hpc.itc.rwth-aachen.de",59,"59","uds",unix,64,4194304,10,50,41.374,4.739,6.7226,6.90025,10.191,3.39342,3.38215
4,"n23m0123.hpc.itc.rwth-aachen.de",4,"4","uds",60,"n23m0123.hpc.itc.rwth-aachen.de",60,"60","uds",unix,64,4194304,10,50,45.893,5.4835,7.56351,7.44725,9.7555,3.33344,3.33051
4,"n23m0123.hpc.itc.rwth-aachen.de",4,"4","uds",61,"n23m0123.hpc.itc.rwth-aachen.de",61,"61","uds",unix,64,4194304,10,50,48.055,5.2895,7.34363,7.49375,9.533,3.36511,3.35858
4,"n23m0123.hpc.itc.rwth-aachen.de",4,"4","uds",62,"n23m0123.hpc.itc.rwth-aachen.de",62,"62","uds",unix,64,4194304,10,50,45.139,5.6445,7.88709,7.574,11.399,3.36928,3.36507
4,"n23m0123.hpc.itc.rwth-aachen.de",4,"4","uds",63,"n23m0123.hpc.itc.rwth-aachen.de",63,"63","uds",unix,64,4194304,10,50,44.817,4.934,6.8297,6.8885,9.5905,3.35771,3.34497
4,"n23m0123.hpc.itc.rwth-aachen.de",4,"4","uds",64,"n23m0123.hpc.itc.rwth-aachen.de",64,"64","uds",unix,64,4194304,10,50,46.831,5.1175,7.13388,7.08,9.164,3.3964,3.40001
4,"n23m0123.hpc.itc.rwth-aachen.de",4,"4","uds",65,"n23m0123.hpc.itc.rwth-aachen.de",65,"65","uds",unix,64,4194304,10,50,41.354,4.8565,6.72616,6.78725,12.5085,3.39229,3.38259
4,"n23m0123.hpc.itc.rwth-aachen.de",4,"4","uds",66,"n23m0123.hpc.itc.rwth-aachen.de",66,"66","uds",unix,64,4194304,10,50,45.573,4.9215,7.20228,7.02125,10.681,3.38781,3.37679
4,"n23m0123.hpc.itc.rwth-aachen.de",4,"4","uds",67,"n23m0123.hpc.itc.rwth-aachen.de",67,"67","uds",unix,64,4194304,10,50,40.443,5.074,6.89636,7.05425,9.4935,3.41063,3.40161
4,"n23m0123.hpc.itc.rwth-aachen.de",4,"4","uds",68,"n23m0123.hpc.itc.rwth-aachen.de",68,"68","uds",unix,64,4194304,10,50,42.611,5.419,7.34635,7.32275,12.587,3.37886,3.37441
4,"n23m0123.hpc.itc.rwth-aachen.de",4,"4","uds",69,"n23m0123.hpc.itc.rwth-aachen.de",69,"69","uds",unix,64,4194304,10,50,40.639,5.4595,7.63753,7.48475,10.387,3.33883,3.33671
4,"n23m0123.hpc.itc.rwth-aachen.de",4,"4","uds",70,"n23m0123.hpc.itc.rwth-aachen.de",70,"70","uds",unix,64,4194304,10,50,39.919,5.171,7.67474,7.30225,12.877,3.37937,3.37056
4,"n23m0123.hpc.itc.rwth-aachen.de",4,"4","uds",71,"n23m0123.hpc.itc.rwth-aachen.de",71,"71","uds",unix,64,4194304,10,50,47.472,5.3815,7.69778,7.451,9.8865,3.38152,3.37707
4,"n23m0123.hpc.itc.rwth-aachen.de",4,"4","uds",72,"n23m0123.hpc.itc.rwth-aachen.de",72,"72","uds",unix,64,4194304,10,50,48.078,5.3285,7.1018,7.18475,11.7255,3.3521,3.34379
4,"n23m0123.hpc.itc.rwth-aachen.de",4,"4","uds",73,"n23m0123.hpc.itc.rwth-aachen.de",73,"73","uds",unix,64,4194304,10,50,57.592,5.3715,8.06256,8.06575,12.527,3.37913,3.3807
4,"n23m0123.hpc.itc.rwth-aachen.de",4,"4","uds",74,"n23m0123.hpc.itc.rwth-aachen.de",74,"74","uds",unix,64,4194304,10,50,48.633,5.759,8.31427,7.89875,11.5515,3.36022,3.35437
4,"n23m0123.hpc.itc.rwth-aachen.de",4,"4","uds",75,"n23m0123.hpc.itc.rwth-aachen.de",75,"75","uds",unix,64,4194304,10,50,44.457,5.4,7.73958,7.5135,13.572,3.33704,3.32901
4,"n23m0123.hpc.itc.rwth-aachen.de",4,"4","uds",76,"n23m0123.hpc.itc.rwth-aachen.de",76,"76","uds",unix,64,4194304,10,50,46.075,5.2235,7.94273,7.73975,9.9,3.40308,3.39283
4,"n23m0123.hpc.itc.rwth-aachen.de",4,"4","uds",77,"n23m0123.hpc.itc.rwth-aachen.de",77,"77","uds",unix,64,4194304,10,50,49.561,5.4345,7.51579,7.445,11.9195,3.40063,3.40011
4,"n23m0123.hpc.itc.rwth-aachen.de",4,"4","uds",78,"n23m0123.hpc.itc.rwth-aachen.de",78,"78","uds",unix,64,4194304,10,50,42.561,5.11,7.21892,7.12375,10.277,3.38473,3.3701
4,"n23m0123.hpc.itc.rwth-aachen.de",4,"4","uds",79,"n23m0123.hpc.itc.rwth-aachen.de",79,"79","uds",unix,64,4194304,10,50,40.513,5.048,7.08916,7.10275,9.6315,3.38449,3.38355
4,"n23m0123.hpc.itc.rwth-aachen.de",4,"4","uds",80,"n23m0123.hpc.itc.rwth-aachen.de",80,"80","uds",unix,64,4194304,10,50,38.872,5.1755,7.41278,7.33575,10.495,3.347,3.34528
4,"n23m0123.hpc.itc.rwth-aachen.de",4,"4","uds",81,"n23m0123.hpc.itc.rwth-aachen.de",81,"81","uds",unix,64,4194304,10,50,44.685,5.717,8.17129,7.8325,12.23,3.38181,3.3729
4,"n23m0123.hpc.itc.rwth-aachen.de",4,"4","uds",82,"n23m0123.hpc.itc.rwth-aachen.de",82,"82","uds",unix,64,4194304,10,50,41.229,5.1935,7.44715,7.239,10.539,3.37632,3.37282
4,"n23m0123.hpc.itc.rwth-aachen.de",4,"4","uds",83,"n23m0123.hpc.itc.rwth-aachen.de",83,"83","uds",unix,64,4194304,10,50,39.055,5.593,8.05207,7.841,11.2625,3.35298,3.34493
4,"n23m0123.hpc.itc.rwth-aachen.de",4,"4","uds",84,"n23m0123.hpc.itc.rwth-aachen.de",84,"84","uds",unix,64,4194304,10,50,39.097,5.138,7.23428,7.24725,9.931,3.37265,3.36902
4,"n23m0123.hpc.itc.rwth-aachen.de",4,"4","uds",85,"n23m0123.hpc.itc.rwth-aachen.de",85,"85","uds",unix,64,4194304,10,50,38.115,5.2315,7.58524,7.34625,10.7045,3.39314,3.38997
4,"n23m0123.hpc.itc.rwth-aachen.de",4,"4","uds",86,"n23m0123.hpc.itc.rwth-aachen.de",86,"86","uds",unix,64,4194304,10,50,39.842,5.552,7.97208,7.60075,12.6805,3.34749,3.34882
4,"n23m0123.hpc.itc.rwth-aachen.de",4,"4","uds",87,"n23m0123.hpc.itc.rwth-aachen.de",87,"87","uds",unix,64,4194304,10,50,43.716,5.4285,7.68503,7.4175,10.4205,3.33481,3.33639
4,"n23m0123.hpc.itc.rwth-aachen.de",4,"4","uds",88,"n23m0123.hpc.itc.rwth-aachen.de",88,"88","uds",unix,64,4194304,10,50,42.436,5.6115,8.2279,8.26725,12.5685,3.37866,3.38268
4,"n23m0123.hpc.itc.rwth-aachen.de",4,"4","uds",89,"n23m0123.hpc.itc.rwth-aachen.de",89,"89","uds",unix,64,4194304,10,50,43.028,5.1315,7.15914,7.13575,10.6435,3.38271,3.36641
4,"n23m0123.hpc.itc.rwth-aachen.de",4,"4","uds",90,"n23m0123.hpc.itc.rwth-aachen.de",90,"90","uds",unix,64,4194304,10,50,38.127,5.2995,7.35857,7.27175,11.326,3.41392,3.40147
4,"n23m0123.hpc.itc.rwth-aachen.de",4,"4","uds",91,"n23m0123.hpc.itc.rwth-aachen.de",91,"91","uds",unix,64,4194304,10,50,37.237,5.3285,7.30912,7.2645,10.8245,3.3963,3.39078
4,"n23m0123.hpc.itc.rwth-aachen.de",4,"4","uds",92,"n23m0123.hpc.itc.rwth-aachen.de",92,"92","uds",unix,64,4194304,10,50,36.367,5.265,7.31551,7.18825,11.712,3.38488,3.38037
4,"n23m0123.hpc.itc.rwth-aachen.de",4,"4","uds",93,"n23m0123.hpc.itc.rwth-aachen.de",93,"93","uds",unix,64,4194304,10,50,36.653,6.9,8.50706,8.3475,13.1625,3.39288,3.3921
4,"n23m0123.hpc.itc.rwth-aachen.de",4,"4","uds",94,"n23m0123.hpc.itc.rwth-aachen.de",94,"94","uds",unix,64,4194304,10,50,38.835,4.813,7.12914,7.101,10.8985,3.35341,3.33949
4,"n23m0123.hpc.itc.rwth-aachen.de",4,"4","uds",95,"n23m0123.hpc.itc.rwth-aachen.de",95,"95","uds",unix,64,4194304,10,50,38.605,5.2065,6.89862,6.88075,10.448,3.33641,3.3038
5,"n23m0123.hpc.itc.rwth-aachen.de",5,"5","uds",6,"n23m0123.hpc.itc.rwth-aachen.de",6,"6","uds",unix,64,4194304,10,50,87.686,2.535,3.88113,3.71225,5.612,7.18568,7.10418
5,"n23m0123.hpc.itc.rwth-aachen.de",5,"5","uds",7,"n23m0123.hpc.itc.rwth-aachen.de",7,"7","uds",unix,64,4194304,10,50,56.701,2.458,3.93161,3.50675,16.8815,7.58427,7.50511
5,"n23m0123.hpc.itc.rwth-aachen.de",5,"5","uds",8,"n23m0123.hpc.itc.rwth-aachen.de",8,"8","uds",unix,64,4194304,10,50,59.916,2.685,4.81176,4.68375,14.998,7.20238,7.12249
5,"n23m0123.hpc.itc.rwth-aachen.de",5,"5","uds",9,"n23m0123.hpc.itc.rwth-aachen.de",9,"9","uds",unix,64,4194304,10,50,51.761,2.6675,4.81145,4.72425,14.9795,7.47311,7.39717
5,"n23m0123.hpc.itc.rwth-aachen.de",5,"5","uds",10,"n23m0123.hpc.itc.rwth-aachen.de",10,"10","uds",unix,64,4194304,10,50,54.24,2.427,3.39945,2.998,14.108,7.59457,7.52089
5,"n23m0123.hpc.itc.rwth-aachen.de",5,"5","uds",11,"n23m0123.hpc.itc.rwth-aachen.de",11,"11","uds",unix,64,4194304,10,50,40.553,2.4315,3.77697,3.7485,5.422,7.28862,7.21144
5,"n23m0123.hpc.itc.rwth-aachen.de",5,"5","uds",12,"n23m0123.hpc.itc.rwth-aachen.de",12,"12","uds",unix,64,4194304,10,50,50.975,2.5855,3.81865,3.12375,14.893,6.73371,6.66968
5,"n23m0123.hpc.itc.rwth-aachen.de",5,"5","uds",13,"n23m0123.hpc.itc.rwth-aachen.de",13,"13","uds",unix,64,4194304,10,50,53.748,2.5855,3.38868,2.9445,6.471,6.92643,6.81843
5,"n23m0123.hpc.itc.rwth-aachen.de",5,"5","uds",14,"n23m0123.hpc.itc.rwth-aachen.de",14,"14","uds",unix,64,4194304,10,50,51.337,2.593,3.68202,3.59525,7.4665,6.83284,6.77623
5,"n23m0123.hpc.itc.rwth-aachen.de",5,"5","uds",15,"n23m0123.hpc.itc.rwth-aachen.de",15,"15","uds",unix,64,4194304,10,50,43.547,2.5015,3.11479,2.7495,4.876,7.0988,7.06348
5,"n23m0123.hpc.itc.rwth-aachen.de",5,"5","uds",16,"n23m0123.hpc.itc.rwth-aachen.de",16,"16","uds",unix,64,4194304,10,50,34.23,2.5055,3.72052,3.681,6.0065,7.05142,6.98604
5,"n23m0123.hpc.itc.rwth-aachen.de",5,"5","uds",17,"n23m0123.hpc.itc.rwth-aachen.de",17,"17","uds",unix,64,4194304,10,50,34.259,2.634,3.79389,3.7775,5.038,6.88641,6.83767
5,"n23m0123.hpc.itc.rwth-aachen.de",5,"5","uds",18,"n23m0123.hpc.itc.rwth-aachen.de",18,"18","uds",unix,64,4194304,10,50,35.186,2.6215,3.67585,3.65975,6.8125,7.09492,7.04303
5,"n23m0123.hpc.itc.rwth-aachen.de",5,"5","uds",19,"n23m0123.hpc.itc.rwth-aachen.de",19,"19","uds",unix,64,4194304,10,50,33.243,2.5425,3.66603,3.61525,5.0515,7.11823,7.04899
5,"n23m0123.hpc.itc.rwth-aachen.de",5,"5","uds",20,"n23m0123.hpc.itc.rwth-aachen.de",20,"20","uds",unix,64,4194304,10,50,33.936,2.5755,3.4334,2.98325,7.8485,6.78822,6.75909
5,"n23m0123.hpc.itc.rwth-aachen.de",5,"5","uds",21,"n23m0123.hpc.itc.rwth-aachen.de",21,"21","uds",unix,64,4194304,10,50,48.301,2.6965,3.45099,2.9185,5.602,6.78616,6.73262
5,"n23m0123.hpc.itc.rwth-aachen.de",5,"5","uds",22,"n23m0123.hpc.itc.rwth-aachen.de",22,"22","uds",unix,64,4194304,10,50,34.808,2.5595,3.21141,2.907,4.801,7.06005,6.99064
5,"n23m0123.hpc.itc.rwth-aachen.de",5,"5","uds",23,"n23m0123.hpc.itc.rwth-aachen.de",23,"23","uds",unix,64,4194304,10,50,38.408,2.733,3.61116,3.6845,4.989,6.82976,6.77044
5,"n23m0123.hpc.itc.rwth-aachen.de",5,"5","uds",24,"n23m0123.hpc.itc.rwth-aachen.de",24,"24","uds",unix,64,4194304,10,50,40.001,2.784,4.47449,4.64325,7.7355,6.92591,6.88499
5,"n23m0123.hpc.itc.rwth-aachen.de",5,"5","uds",25,"n23m0123.hpc.itc.rwth-aachen.de",25,"25","uds",unix,64,4194304,10,50,39.511,2.7525,4.21359,4.461,5.6125,6.94181,6.86318
5,"n23m0123.hpc.itc.rwth-aachen.de",5,"5","uds",26,"n23m0123.hpc.itc.rwth-aachen.de",26,"26","uds",unix,64,4194304,10,50,35.93,2.8275,4.55361,4.73975,5.1655,6.80128,6.75026
5,"n23m0123.hpc.itc.rwth-aachen.de",5,"5","uds",27,"n23m0123.hpc.itc.rwth-aachen.de",27,"27","uds",unix,64,4194304,10,50,34.041,2.817,4.70507,4.8735,7.9115,6.8275,6.75996
5,"n23m0123.hpc.itc.rwth-aachen.de",5,"5","uds",28,"n23m0123.hpc.itc.rwth-aachen.de",28,"28","uds",unix,64,4194304,10,50,30.63,2.715,4.02937,4.2025,5.0845,6.9117,6.83276
5,"n23m0123.hpc.itc.rwth-aachen.de",5,"5","uds",29,"n23m0123.hpc.itc.rwth-aachen.de",29,"29","uds",unix,64,4194304,10,50,31.825,3.567,4.80201,4.87925,7.492,6.83178,6.75625
5,"n23m0123.hpc.itc.rwth-aachen.de",5,"5","uds",30,"n23m0123.hpc.itc.rwth-aachen.de",30,"30","uds",unix,64,4194304,10,50,33.817,2.734,4.01364,3.96825,5.2205,7.02395,6.8701
5,"n23m0123.hpc.itc.rwth-aachen.de",5,"5","uds",31,"n23m0123.hpc.itc.rwth-aachen.de",31,"31","uds",unix,64,4194304,10,50,39.847,2.7295,3.95998,3.90775,5.941,6.95594,6.87888
5,"n23m0123.hpc.itc.rwth-aachen.de",5,"5","uds",32,"n23m0123.hpc.itc.rwth-aachen.de",32,"32","uds",unix,64,4194304,10,50,34.882,2.889,4.30357,4.1585,5.312,6.98237,6.90692
5,"n23m0123.hpc.itc.rwth-aachen.de",5,"5","uds",33,"n23m0123.hpc.itc.rwth-aachen.de",33,"33","uds",unix,64,4194304,10,50,32.222,2.866,4.29818,4.139,5.5025,6.88213,6.81866
5,"n23m0123.hpc.itc.rwth-aachen.de",5,"5","uds",34,"n23m0123.hpc.itc.rwth-aachen.de",34,"34","uds",unix,64,4194304,10,50,34.013,2.6245,3.82265,3.74825,5.929,6.88518,6.82395
5,"n23m0123.hpc.itc.rwth-aachen.de",5,"5","uds",35,"n23m0123.hpc.itc.rwth-aachen.de",35,"35","uds",unix,64,4194304,10,50,33.495,2.7975,3.8875,3.836,6.415,6.89832,6.82644
5,"n23m0123.hpc.itc.rwth-aachen.de",5,"5","uds",36,"n23m0123.hpc.itc.rwth-aachen.de",36,"36","uds",unix,64,4194304,10,50,38.242,2.844,4.2814,4.149,8.56,6.61318,6.5433
5,"n23m0123.hpc.itc.rwth-aachen.de",5,"5","uds",37,"n23m0123.hpc.itc.rwth-aachen.de",37,"37","uds",unix,64,4194304,10,50,35.797,3.961,4.81674,4.8465,7.777,6.5694,6.50268
5,"n23m0123.hpc.itc.rwth-aachen.de",5,"5","uds",38,"n23m0123.hpc.itc.rwth-aachen.de",38,"38","uds",unix,64,4194304,10,50,39.753,2.772,4.13881,4.03325,7.442,6.50327,6.44198
5,"n23m0123.hpc.itc.rwth-aachen.de",5,"5","uds",39,"n23m0123.hpc.itc.rwth-aachen.de",39,"39","uds",unix,64,4194304,10,50,40.087,2.91,4.17948,4.14375,5.505,6.55493,6.4879
5,"n23m0123.hpc.itc.rwth-aachen.de",5,"5","uds",40,"n23m0123.hpc.itc.rwth-aachen.de",40,"40","uds",unix,64,4194304,10,50,32.864,2.8575,4.20799,4.1235,6.3725,6.45715,6.38936
5,"n23m0123.hpc.itc.rwth-aachen.de",5,"5","uds",41,"n23m0123.hpc.itc.rwth-aachen.de",41,"41","uds",unix,64,4194304,10,50,34.22,2.7965,3.89702,3.84025,5.2725,6.48594,6.45924
5,"n23m0123.hpc.itc.rwth-aachen.de",5,"5","uds",42,"n23m0123.hpc.itc.rwth-aachen.de",42,"42","uds",unix,64,4194304,10,50,31.136,2.815,4.33096,4.42375,6.343,6.5093,6.45719
5,"n23m0123.hpc.itc.rwth-aachen.de",5,"5","uds",43,"n23m0123.hpc.itc.rwth-aachen.de",43,"43","uds",unix,64,4194304,10,50,33.259,2.9605,4.67404,4.6735,5.6985,6.44386,6.39935
5,"n23m0123.hpc.itc.rwth-aachen.de",5,"5","uds",44,"n23m0123.hpc.itc.rwth-aachen.de",44,"44","uds",unix,64,4194304,10,50,31.46,3.067,4.46998,4.779,5.3105,6.54231,6.46205
5,"n23m0123.hpc.itc.rwth-aachen.de",5,"5","uds",45,"n23m0123.hpc.itc.rwth-aachen.de",45,"45","uds",unix,64,4194304,10,50,32.152,2.827,4.0737,3.9695,5.3005,6.53221,6.44252
5,"n23m0123.hpc.itc.rwth-aachen.de",5,"5","uds",46,"n23m0123.hpc.itc.rwth-aachen.de",46,"46","uds",unix,64,4194304,10,50,31.848,2.96,4.4147,4.221,8.069,6.45742,6.39519
5,"n23m0123.hpc.itc.rwth-aachen.de",5,"5","uds",47,"n23m0123.hpc.itc.rwth-aachen.de",47,"47","uds",unix,64,4194304,10,50,34.713,2.884,4.24692,4.07225,6.602,6.4421,6.37629
5,"n23m0123.hpc.itc.rwth-aachen.de",5,"5","uds",48,"n23m0123.hpc.itc.rwth-aachen.de",48,"48","uds",unix,64,4194304,10,50,50.488,4.9025,7.0412,6.99075,10.831,3.31113,3.30264
5,"n23m0123.hpc.itc.rwth-aachen.de",5,"5","uds",49,"n23m0123.hpc.itc.rwth-aachen.de",49,"49","uds",unix,64,4194304,10,50,54.234,5.658,8.31326,8.07125,12.437,3.3742,3.37023
5,"n23m0123.hpc.itc.rwth-aachen.de",5,"5","uds",50,"n23m0123.hpc.itc.rwth-aachen.de",50,"50","uds",unix,64,4194304,10,50,48.171,4.822,6.67546,6.84875,10.7175,3.3748,3.3638
5,"n23m0123.hpc.itc.rwth-aachen.de",5,"5","uds",51,"n23m0123.hpc.itc.rwth-aachen.de",51,"51","uds",unix,64,4194304,10,50,47.754,4.964,6.96928,7.0025,12.185,3.39324,3.38487
5,"n23m0123.hpc.itc.rwth-aachen.de",5,"5","uds",52,"n23m0123.hpc.itc.rwth-aachen.de",52,"52","uds",unix,64,4194304,10,50,47.144,5.003,6.73134,6.95925,9.996,3.39023,3.38683
5,"n23m0123.hpc.itc.rwth-aachen.de",5,"5","uds",53,"n23m0123.hpc.itc.rwth-aachen.de",53,"53","uds",unix,64,4194304,10,50,42.351,5.1265,7.1173,7.193,12.817,3.35733,3.35767
5,"n23m0123.hpc.itc.rwth-aachen.de",5,"5","uds",54,"n23m0123.hpc.itc.rwth-aachen.de",54,"54","uds",unix,64,4194304,10,50,45.873,5.1035,7.75513,7.38375,12.5725,3.3498,3.33496
5,"n23m0123.hpc.itc.rwth-aachen.de",5,"5","uds",55,"n23m0123.hpc.itc.rwth-aachen.de",55,"55","uds",unix,64,4194304,10,50,45.398,4.9805,7.02004,6.9725,12.21,3.37685,3.3694
5,"n23m0123.hpc.itc.rwth-aachen.de",5,"5","uds",56,"n23m0123.hpc.itc.rwth-aachen.de",56,"56","uds",unix,64,4194304,10,50,46.016,5.4595,8.24724,8.46475,12.623,3.37273,3.36178
5,"n23m0123.hpc.itc.rwth-aachen.de",5,"5","uds",57,"n23m0123.hpc.itc.rwth-aachen.de",57,"57","uds",unix,64,4194304,10,50,38.36,5.0365,7.47361,7.36175,11.292,3.33838,3.33329
5,"n23m0123.hpc.itc.rwth-aachen.de",5,"5","uds",58,"n23m0123.hpc.itc.rwth-aachen.de",58,"58","uds",unix,64,4194304,10,50,41.82,4.9705,7.26321,7.2565,12.399,3.40011,3.38852
5,"n23m0123.hpc.itc.rwth-aachen.de",5,"5","uds",59,"n23m0123.hpc.itc.rwth-aachen.de",59,"59","uds",unix,64,4194304,10,50,40.761,4.9,6.38132,6.6595,12.684,3.37749,3.36688
5,"n23m0123.hpc.itc.rwth-aachen.de",5,"5","uds",60,"n23m0123.hpc.itc.rwth-aachen.de",60,"60","uds",unix,64,4194304,10,50,42.804,5.2725,7.03397,7.0925,10.702,3.36219,3.35984
5,"n23m0123.hpc.itc.rwth-aachen.de",5,"5","uds",61,"n23m0123.hpc.itc.rwth-aachen.de",61,"61","uds",unix,64,4194304,10,50,50.038,6.5785,8.25872,8.37,9.755,3.37402,3.37589
5,"n23m0123.hpc.itc.rwth-aachen.de",5,"5","uds",62,"n23m0123.hpc.itc.rwth-aachen.de",62,"62","uds",unix,64,4194304,10,50,37.145,4.8665,7.1668,7.08,11.9415,3.39333,3.39119
5,"n23m0123.hpc.itc.rwth-aachen.de",5,"5","uds",63,"n23m0123.hpc.itc.rwth-aachen.de",63,"63","uds",unix,64,4194304,10,50,40.413,5.436,7.82077,7.69425,10.1395,3.42303,3.41711
5,"n23m0123.hpc.itc.rwth-aachen.de",5,"5","uds",64,"n23m0123.hpc.itc.rwth-aachen.de",64,"64","uds",unix,64,4194304,10,50,38.394,5.157,7.21947,7.2525,9.5255,3.42734,3.41709
5,"n23m0123.hpc.itc.rwth-aachen.de",5,"5","uds",65,"n23m0123.hpc.itc.rwth-aachen.de",65,"65","uds",unix,64,4194304,10,50,39.44,4.837,6.66987,6.7895,9.1995,3.40717,3.39992
5,"n23m0123.hpc.itc.rwth-aachen.de",5,"5","uds",66,"n23m0123.hpc.itc.rwth-aachen.de",66,"66","uds",unix,64,4194304,10,50,46.506,5.168,6.84686,6.9525,10.108,3.40239,3.39497
5,"n23m0123.hpc.itc.rwth-aachen.de",5,"5","uds",67,"n23m0123.hpc.itc.rwth-aachen.de",67,"67","uds",unix,64,4194304,10,50,38.628,5.012,6.81413,6.91675,9.896,3.42535,3.42044
5,"n23m0123.hpc.itc.rwth-aachen.de",5,"5","uds",68,"n23m0123.hpc.itc.rwth-aachen.de",68,"68","uds",unix,64,4194304,10,50,42.481,5.439,8.3324,8.49125,10.8865,3.39922,3.40003
5,"n23m0123.hpc.itc.rwth-aachen.de",5,"5","uds",69,"n23m0123.hpc.itc.rwth-aachen.de",69,"69","uds",unix,64,4194304,10,50,38.349,4.9695,6.59769,6.58775,11.104,3.40116,3.39024
5,"n23m0123.hpc.itc.rwth-aachen.de",5,"5","uds",70,"n23m0123.hpc.itc.rwth-aachen.de",70,"70","uds",unix,64,4194304,10,50,42.708,5.2125,7.39802,7.283,10.796,3.36517,3.36341
5,"n23m0123.hpc.itc.rwth-aachen.de",5,"5","uds",71,"n23m0123.hpc.itc.rwth-aachen.de",71,"71","uds",unix,64,4194304,10,50,44.824,4.9035,7.08699,7.0955,12.1695,3.38647,3.39159
5,"n23m0123.hpc.itc.rwth-aachen.de",5,"5","uds",72,"n23m0123.hpc.itc.rwth-aachen.de",72,"72","uds",unix,64,4194304,10,50,45.181,5.1025,6.86168,6.9515,11.855,3.35402,3.35361
5,"n23m0123.hpc.itc.rwth-aachen.de",5,"5","uds",73,"n23m0123.hpc.itc.rwth-aachen.de",73,"73","uds",unix,64,4194304,10,50,49.565,5.253,7.98104,7.65725,12.791,3.41149,3.40386
5,"n23m0123.hpc.itc.rwth-aachen.de",5,"5","uds",74,"n23m0123.hpc.itc.rwth-aachen.de",74,"74","uds",unix,64,4194304,10,50,48.043,5.2055,7.27447,7.33075,14.0615,3.36225,3.35165
5,"n23m0123.hpc.itc.rwth-aachen.de",5,"5","uds",75,"n23m0123.hpc.itc.rwth-aachen.de",75,"75","uds",unix,64,4194304,10,50,44.419,5.7525,8.36385,8.50525,11.588,3.37539,3.36484
5,"n23m0123.hpc.itc.rwth-aachen.de",5,"5","uds",76,"n23m0123.hpc.itc.rwth-aachen.de",76,"76","uds",unix,64,4194304,10,50,45.26,5.1185,6.9663,7.055,11.3435,3.38901,3.29114
5,"n23m0123.hpc.itc.rwth-aachen.de",5,"5","uds",77,"n23m0123.hpc.itc.rwth-aachen.de",77,"77","uds",unix,64,4194304,10,50,67.761,5.387,7.30578,7.388,9.624,2.2214,2.20974
5,"n23m0123.hpc.itc.rwth-aachen.de",5,"5","uds",78,"n23m0123.hpc.itc.rwth-aachen.de",78,"78","uds",unix,64,4194304,10,50,79.911,9.837,12.4514,11.9663,21.3255,1.67977,1.67047
5,"n23m0123.hpc.itc.rwth-aachen.de",5,"5","uds",79,"n23m0123.hpc.itc.rwth-aachen.de",79,"79","uds",unix,64,4194304,10,50,92.843,9.4145,12.3051,12.1905,20.9845,1.6889,1.68625
5,"n23m0123.hpc.itc.rwth-aachen.de",5,"5","uds",80,"n23m0123.hpc.itc.rwth-aachen.de",80,"80","uds",unix,64,4194304,10,50,76.467,9.854,13.0287,12.4083,23.723,1.6875,1.68685
5,"n23m0123.hpc.itc.rwth-aachen.de",5,"5","uds",81,"n23m0123.hpc.itc.rwth-aachen.de",81,"81","uds",unix,64,4194304,10,50,66.446,9.782,12.5181,12.36,18.0865,1.69114,1.6927
5,"n23m0123.hpc.itc.rwth-aachen.de",5,"5","uds",82,"n23m0123.hpc.itc.rwth-aachen.de",82,"82","uds",unix,64,4194304,10,50,76.404,10.093,12.7409,12.312,22.65,1.69421,1.69342
5,"n23m0123.hpc.itc.rwth-aachen.de",5,"5","uds",83,"n23m0123.hpc.itc.rwth-aachen.de",83,"83","uds",unix,64,4194304,10,50,64.892,9.5085,12.227,11.6603,22.2925,1.67354,1.67414
5,"n23m0123.hpc.itc.rwth-aachen.de",5,"5","uds",84,"n23m0123.hpc.itc.rwth-aachen.de",84,"84","uds",unix,64,4194304,10,50,66.892,9.015,11.6617,10.9115,22.0125,1.68672,1.68747
5,"n23m0123.hpc.itc.rwth-aachen.de",5,"5","uds",85,"n23m0123.hpc.itc.rwth-aachen.de",85,"85","uds",unix,64,4194304,10,50,79.561,9.736,13.1368,12.9195,24.1745,1.70106,1.70032
5,"n23m0123.hpc.itc.rwth-aachen.de",5,"5","uds",86,"n23m0123.hpc.itc.rwth-aachen.de",86,"86","uds",unix,64,4194304,10,50,76.018,10.219,12.6925,12.4348,23.916,1.68201,1.68218
5,"n23m0123.hpc.itc.rwth-aachen.de",5,"5","uds",87,"n23m0123.hpc.itc.rwth-aachen.de",87,"87","uds",unix,64,4194304,10,50,66.927,10.0445,13.2153,13.001,24.7485,1.67341,1.67235
5,"n23m0123.hpc.itc.rwth-aachen.de",5,"5","uds",88,"n23m0123.hpc.itc.rwth-aachen.de",88,"88","uds",unix,64,4194304,10,50,66.142,9.6725,12.3952,12.116,20.348,1.69738,1.6979
5,"n23m0123.hpc.itc.rwth-aachen.de",5,"5","uds",89,"n23m0123.hpc.itc.rwth-aachen.de",89,"89","uds",unix,64,4194304,10,50,87.378,9.7065,12.5339,11.9705,23.3225,1.68465,1.68447
5,"n23m0123.hpc.itc.rwth-aachen.de",5,"5","uds",90,"n23m0123.hpc.itc.rwth-aachen.de",90,"90","uds",unix,64,4194304,10,50,74.928,9.655,12.4048,12.2685,19.5615,1.69287,1.69249
5,"n23m0123.hpc.itc.rwth-aachen.de",5,"5","uds",91,"n23m0123.hpc.itc.rwth-aachen.de",91,"91","uds",unix,64,4194304,10,50,67.702,9.879,12.3191,12.3813,15.9265,1.69611,1.69506
5,"n23m0123.hpc.itc.rwth-aachen.de",5,"5","uds",92,"n23m0123.hpc.itc.rwth-aachen.de",92,"92","uds",unix,64,4194304,10,50,67.849,10.299,13.4613,13.2188,20.2615,1.6957,1.69527
5,"n23m0123.hpc.itc.rwth-aachen.de",5,"5","uds",93,"n23m0123.hpc.itc.rwth-aachen.de",93,"93","uds",unix,64,4194304,10,50,69.258,9.8665,13.0994,13.186,17.4105,1.68071,1.67602
5,"n23m0123.hpc.itc.rwth-aachen.de",5,"5","uds",94,"n23m0123.hpc.itc.rwth-aachen.de",94,"94","uds",unix,64,4194304,10,50,66.78,10.152,12.3461,12.01,19.3465,1.68459,1.68615
5,"n23m0123.hpc.itc.rwth-aachen.de",5,"5","uds",95,"n23m0123.hpc.itc.rwth-aachen.de",95,"95","uds",unix,64,4194304,10,50,70.249,9.35,12.581,12.208,23.643,1.67692,1.67802
6,"n23m0123.hpc.itc.rwth-aachen.de",6,"6","uds",7,"n23m0123.hpc.itc.rwth-aachen.de",7,"7","uds",unix,64,4194304,10,50,154.832,3.9535,5.86048,5.56675,18.5545,5.25616,5.10927
6,"n23m0123.hpc.itc.rwth-aachen.de",6,"6","uds",8,"n23m0123.hpc.itc.rwth-aachen.de",8,"8","uds",unix,64,4194304,10,50,62.203,3.019,4.83304,4.95475,10.57,6.43108,6.47349
6,"n23m0123.hpc.itc.rwth-aachen.de",6,"6","uds",9,"n23m0123.hpc.itc.rwth-aachen.de",9,"9","uds",unix,64,4194304,10,50,49.716,2.649,3.80597,3.721,5.358,7.24034,7.31819
6,"n23m0123.hpc.itc.rwth-aachen.de",6,"6","uds",10,"n23m0123.hpc.itc.rwth-aachen.de",10,"10","uds",unix,64,4194304,10,50,45.277,2.361,3.1533,2.61575,6.628,7.38197,7.41439
6,"n23m0123.hpc.itc.rwth-aachen.de",6,"6","uds",11,"n23m0123.hpc.itc.rwth-aachen.de",11,"11","uds",unix,64,4194304,10,50,44.259,2.658,3.77148,3.82675,5.333,7.28038,7.19492
6,"n23m0123.hpc.itc.rwth-aachen.de",6,"6","uds",12,"n23m0123.hpc.itc.rwth-aachen.de",12,"12","uds",unix,64,4194304,10,50,47.875,2.529,3.1247,2.73475,4.85,6.82131,6.78586
6,"n23m0123.hpc.itc.rwth-aachen.de",6,"6","uds",13,"n23m0123.hpc.itc.rwth-aachen.de",13,"13","uds",unix,64,4194304,10,50,39.515,2.4615,3.21035,3.27925,4.7825,6.89216,6.83444
6,"n23m0123.hpc.itc.rwth-aachen.de",6,"6","uds",14,"n23m0123.hpc.itc.rwth-aachen.de",14,"14","uds",unix,64,4194304,10,50,34.461,2.6995,3.92782,3.741,8.7045,6.79327,6.71667
6,"n23m0123.hpc.itc.rwth-aachen.de",6,"6","uds",15,"n23m0123.hpc.itc.rwth-aachen.de",15,"15","uds",unix,64,4194304,10,50,37.132,2.505,3.19806,2.75325,4.718,7.10963,7.02736
6,"n23m0123.hpc.itc.rwth-aachen.de",6,"6","uds",16,"n23m0123.hpc.itc.rwth-aachen.de",16,"16","uds",unix,64,4194304,10,50,38.917,2.6025,3.32556,2.8315,5.1475,7.07959,7.00288
6,"n23m0123.hpc.itc.rwth-aachen.de",6,"6","uds",17,"n23m0123.hpc.itc.rwth-aachen.de",17,"17","uds",unix,64,4194304,10,50,33.339,2.5435,3.31236,2.88025,5.674,6.87262,6.7955
6,"n23m0123.hpc.itc.rwth-aachen.de",6,"6","uds",18,"n23m0123.hpc.itc.rwth-aachen.de",18,"18","uds",unix,64,4194304,10,50,34.356,2.6025,3.25784,2.90425,5.2705,7.1223,7.0506
6,"n23m0123.hpc.itc.rwth-aachen.de",6,"6","uds",19,"n23m0123.hpc.itc.rwth-aachen.de",19,"19","uds",unix,64,4194304,10,50,34.328,2.844,4.02318,3.97325,6.335,7.12147,7.03988
6,"n23m0123.hpc.itc.rwth-aachen.de",6,"6","uds",20,"n23m0123.hpc.itc.rwth-aachen.de",20,"20","uds",unix,64,4194304,10,50,34.202,2.5255,3.02684,2.7935,4.0545,6.78759,6.7409
6,"n23m0123.hpc.itc.rwth-aachen.de",6,"6","uds",21,"n23m0123.hpc.itc.rwth-aachen.de",21,"21","uds",unix,64,4194304,10,50,33.604,2.6675,3.96512,3.80625,8.842,6.79026,6.72009
6,"n23m0123.hpc.itc.rwth-aachen.de",6,"6","uds",22,"n23m0123.hpc.itc.rwth-aachen.de",22,"22","uds",unix,64,4194304,10,50,38.92,2.6675,3.34882,2.9425,5.244,7.07127,7.01464
6,"n23m0123.hpc.itc.rwth-aachen.de",6,"6","uds",23,"n23m0123.hpc.itc.rwth-aachen.de",23,"23","uds",unix,64,4194304,10,50,37.751,2.6705,3.5054,3.17775,5.3615,6.80608,6.73867
6,"n23m0123.hpc.itc.rwth-aachen.de",6,"6","uds",24,"n23m0123.hpc.itc.rwth-aachen.de",24,"24","uds",unix,64,4194304,10,50,38.766,2.7685,3.82786,3.869,5.9395,6.94473,6.86306
6,"n23m0123.hpc.itc.rwth-aachen.de",6,"6","uds",25,"n23m0123.hpc.itc.rwth-aachen.de",25,"25","uds",unix,64,4194304,10,50,39.776,2.6175,3.85477,3.88825,5.778,6.91685,6.82703
6,"n23m0123.hpc.itc.rwth-aachen.de",6,"6","uds",26,"n23m0123.hpc.itc.rwth-aachen.de",26,"26","uds",unix,64,4194304,10,50,34.553,2.9745,4.42278,4.42175,6.268,6.77451,6.70642
6,"n23m0123.hpc.itc.rwth-aachen.de",6,"6","uds",27,"n23m0123.hpc.itc.rwth-aachen.de",27,"27","uds",unix,64,4194304,10,50,36.871,2.7255,4.07047,3.933,7.188,6.79459,6.71675
6,"n23m0123.hpc.itc.rwth-aachen.de",6,"6","uds",28,"n23m0123.hpc.itc.rwth-aachen.de",28,"28","uds",unix,64,4194304,10,50,33.98,2.7115,3.98843,3.80425,5.064,6.96491,6.87715
6,"n23m0123.hpc.itc.rwth-aachen.de",6,"6","uds",29,"n23m0123.hpc.itc.rwth-aachen.de",29,"29","uds",unix,64,4194304,10,50,31.753,2.648,3.38796,3.55,4.9695,6.8529,6.7915
6,"n23m0123.hpc.itc.rwth-aachen.de",6,"6","uds",30,"n23m0123.hpc.itc.rwth-aachen.de",30,"30","uds",unix,64,4194304,10,50,39.83,2.801,3.74737,3.758,5.252,6.79302,6.71392
6,"n23m0123.hpc.itc.rwth-aachen.de",6,"6","uds",31,"n23m0123.hpc.itc.rwth-aachen.de",31,"31","uds",unix,64,4194304,10,50,31.931,2.662,3.54045,3.6,4.948,6.75045,6.68429
6,"n23m0123.hpc.itc.rwth-aachen.de",6,"6","uds",32,"n23m0123.hpc.itc.rwth-aachen.de",32,"32","uds",unix,64,4194304,10,50,32.077,2.763,3.63224,3.705,4.828,6.90891,6.8153
6,"n23m0123.hpc.itc.rwth-aachen.de",6,"6","uds",33,"n23m0123.hpc.itc.rwth-aachen.de",33,"33","uds",unix,64,4194304,10,50,33.079,3.837,4.60302,4.8465,5.238,6.7769,6.70271
6,"n23m0123.hpc.itc.rwth-aachen.de",6,"6","uds",34,"n23m0123.hpc.itc.rwth-aachen.de",34,"34","uds",unix,64,4194304,10,50,33.547,2.813,4.17426,4.03275,7.679,6.76561,6.70572
6,"n23m0123.hpc.itc.rwth-aachen.de",6,"6","uds",35,"n23m0123.hpc.itc.rwth-aachen.de",35,"35","uds",unix,64,4194304,10,50,33.528,2.8055,3.63141,3.69625,5.3365,6.8003,6.71801
6,"n23m0123.hpc.itc.rwth-aachen.de",6,"6","uds",36,"n23m0123.hpc.itc.rwth-aachen.de",36,"36","uds",unix,64,4194304,10,50,37.953,2.8285,4.16095,3.9635,8.0065,6.54048,6.45835
6,"n23m0123.hpc.itc.rwth-aachen.de",6,"6","uds",37,"n23m0123.hpc.itc.rwth-aachen.de",37,"37","uds",unix,64,4194304,10,50,33.886,2.899,4.41343,4.71,5.2555,6.51068,6.43777
6,"n23m0123.hpc.itc.rwth-aachen.de",6,"6","uds",38,"n23m0123.hpc.itc.rwth-aachen.de",38,"38","uds",unix,64,4194304,10,50,42.597,2.814,4.00991,4.019,5.333,6.4038,6.36673
6,"n23m0123.hpc.itc.rwth-aachen.de",6,"6","uds",39,"n23m0123.hpc.itc.rwth-aachen.de",39,"39","uds",unix,64,4194304,10,50,37.046,2.7915,4.01166,3.99475,6.103,6.51015,6.44698
6,"n23m0123.hpc.itc.rwth-aachen.de",6,"6","uds",40,"n23m0123.hpc.itc.rwth-aachen.de",40,"40","uds",unix,64,4194304,10,50,34.074,3.835,4.59979,4.83675,5.45,6.42351,6.36507
6,"n23m0123.hpc.itc.rwth-aachen.de",6,"6","uds",41,"n23m0123.hpc.itc.rwth-aachen.de",41,"41","uds",unix,64,4194304,10,50,32.587,2.81,4.0088,4.0175,9.927,6.47768,6.41407
6,"n23m0123.hpc.itc.rwth-aachen.de",6,"6","uds",42,"n23m0123.hpc.itc.rwth-aachen.de",42,"42","uds",unix,64,4194304,10,50,33.672,2.935,4.27999,4.2715,5.54,6.49107,6.4059
6,"n23m0123.hpc.itc.rwth-aachen.de",6,"6","uds",43,"n23m0123.hpc.itc.rwth-aachen.de",43,"43","uds",unix,64,4194304,10,50,32.448,2.835,4.33582,4.65475,5.4095,6.4557,6.38823
6,"n23m0123.hpc.itc.rwth-aachen.de",6,"6","uds",44,"n23m0123.hpc.itc.rwth-aachen.de",44,"44","uds",unix,64,4194304,10,50,36.258,2.964,4.29653,4.21125,6.2525,6.46762,6.38988
6,"n23m0123.hpc.itc.rwth-aachen.de",6,"6","uds",45,"n23m0123.hpc.itc.rwth-aachen.de",45,"45","uds",unix,64,4194304,10,50,32.511,3.6645,4.62081,4.7975,5.4505,6.43956,6.38214
6,"n23m0123.hpc.itc.rwth-aachen.de",6,"6","uds",46,"n23m0123.hpc.itc.rwth-aachen.de",46,"46","uds",unix,64,4194304,10,50,51.649,2.8845,4.29021,4.0005,11.6685,6.38459,6.33132
6,"n23m0123.hpc.itc.rwth-aachen.de",6,"6","uds",47,"n23m0123.hpc.itc.rwth-aachen.de",47,"47","uds",unix,64,4194304,10,50,50.628,2.796,4.38742,3.98025,12.2145,6.30119,6.29045
6,"n23m0123.hpc.itc.rwth-aachen.de",6,"6","uds",48,"n23m0123.hpc.itc.rwth-aachen.de",48,"48","uds",unix,64,4194304,10,50,51.419,4.979,7.99575,6.87025,23.554,3.34695,3.34288
6,"n23m0123.hpc.itc.rwth-aachen.de",6,"6","uds",49,"n23m0123.hpc.itc.rwth-aachen.de",49,"49","uds",unix,64,4194304,10,50,51.564,4.967,6.99111,7.04325,12.175,3.28703,3.25459
6,"n23m0123.hpc.itc.rwth-aachen.de",6,"6","uds",50,"n23m0123.hpc.itc.rwth-aachen.de",50,"50","uds",unix,64,4194304,10,50,61.21,4.948,6.68731,6.69625,10.942,3.33914,3.32669
6,"n23m0123.hpc.itc.rwth-aachen.de",6,"6","uds",51,"n23m0123.hpc.itc.rwth-aachen.de",51,"51","uds",unix,64,4194304,10,50,51.456,5.0495,6.93767,7.00125,10.725,3.34621,3.34372
6,"n23m0123.hpc.itc.rwth-aachen.de",6,"6","uds",52,"n23m0123.hpc.itc.rwth-aachen.de",52,"52","uds",unix,64,4194304,10,50,49.235,5.032,9.77689,7.062,114.319,3.31633,2.99777
6,"n23m0123.hpc.itc.rwth-aachen.de",6,"6","uds",53,"n23m0123.hpc.itc.rwth-aachen.de",53,"53","uds",unix,64,4194304,10,50,58.917,4.9455,6.89182,6.76025,9.8105,3.33489,3.32141
6,"n23m0123.hpc.itc.rwth-aachen.de",6,"6","uds",54,"n23m0123.hpc.itc.rwth-aachen.de",54,"54","uds",unix,64,4194304,10,50,51.502,5.1395,7.16008,7.244,9.866,3.33671,3.33956
6,"n23m0123.hpc.itc.rwth-aachen.de",6,"6","uds",55,"n23m0123.hpc.itc.rwth-aachen.de",55,"55","uds",unix,64,4194304,10,50,48.132,4.8475,6.49061,6.67275,9.2775,3.37434,3.37505
6,"n23m0123.hpc.itc.rwth-aachen.de",6,"6","uds",56,"n23m0123.hpc.itc.rwth-aachen.de",56,"56","uds",unix,64,4194304,10,50,48.117,5.5055,8.15733,7.81,15.4055,3.37468,3.36436
6,"n23m0123.hpc.itc.rwth-aachen.de",6,"6","uds",57,"n23m0123.hpc.itc.rwth-aachen.de",57,"57","uds",unix,64,4194304,10,50,50.031,6.6165,8.20019,8.38025,9.9425,3.34714,3.31554
6,"n23m0123.hpc.itc.rwth-aachen.de",6,"6","uds",58,"n23m0123.hpc.itc.rwth-aachen.de",58,"58","uds",unix,64,4194304,10,50,53.942,5.2105,7.24247,7.22575,9.7765,3.39614,3.38507
6,"n23m0123.hpc.itc.rwth-aachen.de",6,"6","uds",59,"n23m0123.hpc.itc.rwth-aachen.de",59,"59","uds",unix,64,4194304,10,50,49.745,5.0945,6.68039,6.75125,9.219,3.34548,3.33127
6,"n23m0123.hpc.itc.rwth-aachen.de",6,"6","uds",60,"n23m0123.hpc.itc.rwth-aachen.de",60,"60","uds",unix,64,4194304,10,50,64.389,5.2635,6.89926,6.9705,11.0425,3.29954,3.30201
6,"n23m0123.hpc.itc.rwth-aachen.de",6,"6","uds",61,"n23m0123.hpc.itc.rwth-aachen.de",61,"61","uds",unix,64,4194304,10,50,48.128,5.1685,7.38677,7.3605,11.467,3.30528,3.30065
6,"n23m0123.hpc.itc.rwth-aachen.de",6,"6","uds",62,"n23m0123.hpc.itc.rwth-aachen.de",62,"62","uds",unix,64,4194304,10,50,47.355,5.8005,8.16442,7.9405,11.918,3.29941,3.29895
6,"n23m0123.hpc.itc.rwth-aachen.de",6,"6","uds",63,"n23m0123.hpc.itc.rwth-aachen.de",63,"63","uds",unix,64,4194304,10,50,61.478,5.2165,7.21998,7.27,9.86,3.30762,3.30383
6,"n23m0123.hpc.itc.rwth-aachen.de",6,"6","uds",64,"n23m0123.hpc.itc.rwth-aachen.de",64,"64","uds",unix,64,4194304,10,50,41.096,5.232,6.82941,7.0345,9.168,3.33818,3.3383
6,"n23m0123.hpc.itc.rwth-aachen.de",6,"6","uds",65,"n23m0123.hpc.itc.rwth-aachen.de",65,"65","uds",unix,64,4194304,10,50,43.023,4.912,7.06521,7.09925,12.0465,3.35679,3.34785
6,"n23m0123.hpc.itc.rwth-aachen.de",6,"6","uds",66,"n23m0123.hpc.itc.rwth-aachen.de",66,"66","uds",unix,64,4194304,10,50,46.056,5.1515,7.18467,7.155,11.909,3.34474,3.34049
6,"n23m0123.hpc.itc.rwth-aachen.de",6,"6","uds",67,"n23m0123.hpc.itc.rwth-aachen.de",67,"67","uds",unix,64,4194304,10,50,37.112,5.107,6.90151,6.97,10.385,3.37421,3.36114
6,"n23m0123.hpc.itc.rwth-aachen.de",6,"6","uds",68,"n23m0123.hpc.itc.rwth-aachen.de",68,"68","uds",unix,64,4194304,10,50,45.504,5.255,7.46437,7.306,10.018,3.35678,3.34549
6,"n23m0123.hpc.itc.rwth-aachen.de",6,"6","uds",69,"n23m0123.hpc.itc.rwth-aachen.de",69,"69","uds",unix,64,4194304,10,50,41.261,5.2965,7.49346,7.35075,10.2855,3.31728,3.30827
6,"n23m0123.hpc.itc.rwth-aachen.de",6,"6","uds",70,"n23m0123.hpc.itc.rwth-aachen.de",70,"70","uds",unix,64,4194304,10,50,38.834,5.155,7.18033,7.142,12.2475,3.328,3.32714
6,"n23m0123.hpc.itc.rwth-aachen.de",6,"6","uds",71,"n23m0123.hpc.itc.rwth-aachen.de",71,"71","uds",unix,64,4194304,10,50,49.999,5.311,6.88534,7.037,9.4545,3.35787,3.34971
6,"n23m0123.hpc.itc.rwth-aachen.de",6,"6","uds",72,"n23m0123.hpc.itc.rwth-aachen.de",72,"72","uds",unix,64,4194304,10,50,47.781,5.255,7.40954,7.37,11.22,3.31299,3.3083
6,"n23m0123.hpc.itc.rwth-aachen.de",6,"6","uds",73,"n23m0123.hpc.itc.rwth-aachen.de",73,"73","uds",unix,64,4194304,10,50,46.732,5.292,7.52412,7.41875,10.5155,3.32967,3.32041
6,"n23m0123.hpc.itc.rwth-aachen.de",6,"6","uds",74,"n23m0123.hpc.itc.rwth-aachen.de",74,"74","uds",unix,64,4194304,10,50,48.225,6.715,8.18823,7.8085,10.168,3.32645,3.31798
6,"n23m0123.hpc.itc.rwth-aachen.de",6,"6","uds",75,"n23m0123.hpc.itc.rwth-aachen.de",75,"75","uds",unix,64,4194304,10,50,50.787,5.3145,7.37829,7.32175,10.1935,3.29333,3.28895
6,"n23m0123.hpc.itc.rwth-aachen.de",6,"6","uds",76,"n23m0123.hpc.itc.rwth-aachen.de",76,"76","uds",unix,64,4194304,10,50,47.04,5.558,8.15057,7.92425,11.3645,3.32843,3.31748
6,"n23m0123.hpc.itc.rwth-aachen.de",6,"6","uds",77,"n23m0123.hpc.itc.rwth-aachen.de",77,"77","uds",unix,64,4194304,10,50,46.2,5.436,7.70116,7.46375,10.993,3.33739,3.33032
6,"n23m0123.hpc.itc.rwth-aachen.de",6,"6","uds",78,"n23m0123.hpc.itc.rwth-aachen.de",78,"78","uds",unix,64,4194304,10,50,43.029,5.601,7.86886,7.6505,9.336,3.34836,3.34464
6,"n23m0123.hpc.itc.rwth-aachen.de",6,"6","uds",79,"n23m0123.hpc.itc.rwth-aachen.de",79,"79","uds",unix,64,4194304,10,50,38.344,5.0695,7.46002,7.56625,9.9015,3.35605,3.35182
6,"n23m0123.hpc.itc.rwth-aachen.de",6,"6","uds",80,"n23m0123.hpc.itc.rwth-aachen.de",80,"80","uds",unix,64,4194304,10,50,42.183,5.024,7.75103,7.542,10.7265,3.3295,3.31958
6,"n23m0123.hpc.itc.rwth-aachen.de",6,"6","uds",81,"n23m0123.hpc.itc.rwth-aachen.de",81,"81","uds",unix,64,4194304,10,50,41.275,5.654,8.44534,8.3835,12.0355,3.36046,3.36177
6,"n23m0123.hpc.itc.rwth-aachen.de",6,"6","uds",82,"n23m0123.hpc.itc.rwth-aachen.de",82,"82","uds",unix,64,4194304,10,50,45.23,5.6645,7.86244,7.80625,9.8975,3.3339,3.3314
6,"n23m0123.hpc.itc.rwth-aachen.de",6,"6","uds",83,"n23m0123.hpc.itc.rwth-aachen.de",83,"83","uds",unix,64,4194304,10,50,39.634,5.2705,7.57415,7.47725,12.381,3.29229,3.08435
6,"n23m0123.hpc.itc.rwth-aachen.de",6,"6","uds",84,"n23m0123.hpc.itc.rwth-aachen.de",84,"84","uds",unix,64,4194304,10,50,63.155,5.9165,8.14094,8.1075,11.48,1.69372,1.91563
6,"n23m0123.hpc.itc.rwth-aachen.de",6,"6","uds",85,"n23m0123.hpc.itc.rwth-aachen.de",85,"85","uds",unix,64,4194304,10,50,85.359,9.678,12.754,12.7293,21.3275,1.68113,1.68041
6,"n23m0123.hpc.itc.rwth-aachen.de",6,"6","uds",86,"n23m0123.hpc.itc.rwth-aachen.de",86,"86","uds",unix,64,4194304,10,50,73.325,10.445,13.162,13.2058,18.41,1.66253,1.66092
6,"n23m0123.hpc.itc.rwth-aachen.de",6,"6","uds",87,"n23m0123.hpc.itc.rwth-aachen.de",87,"87","uds",unix,64,4194304,10,50,76.401,9.89,13.3332,12.9935,23.262,1.66865,1.66921
6,"n23m0123.hpc.itc.rwth-aachen.de",6,"6","uds",88,"n23m0123.hpc.itc.rwth-aachen.de",88,"88","uds",unix,64,4194304,10,50,75.211,10.1385,13.0502,12.8275,26.3475,1.69164,1.69153
6,"n23m0123.hpc.itc.rwth-aachen.de",6,"6","uds",89,"n23m0123.hpc.itc.rwth-aachen.de",89,"89","uds",unix,64,4194304,10,50,69.446,9.839,12.7576,12.9187,17.502,1.65862,1.65957
6,"n23m0123.hpc.itc.rwth-aachen.de",6,"6","uds",90,"n23m0123.hpc.itc.rwth-aachen.de",90,"90","uds",unix,64,4194304,10,50,71.743,10.189,12.5616,12.042,23.51,1.67928,1.67921
6,"n23m0123.hpc.itc.rwth-aachen.de",6,"6","uds",91,"n23m0123.hpc.itc.rwth-aachen.de",91,"91","uds",unix,64,4194304,10,50,64.162,9.8495,12.8087,12.7033,20.077,1.66957,1.67022
6,"n23m0123.hpc.itc.rwth-aachen.de",6,"6","uds",92,"n23m0123.hpc.itc.rwth-aachen.de",92,"92","uds",unix,64,4194304,10,50,65.345,10.141,13.2202,13.2508,17.524,1.67176,1.67046
6,"n23m0123.hpc.itc.rwth-aachen.de",6,"6","uds",93,"n23m0123.hpc.itc.rwth-aachen.de",93,"93","uds",unix,64,4194304,10,50,67.358,10.6195,13.8686,13.7623,18.765,1.66144,1.66154
6,"n23m0123.hpc.itc.rwth-aachen.de",6,"6","uds",94,"n23m0123.hpc.itc.rwth-aachen.de",94,"94","uds",unix,64,4194304,10,50,67.26,9.3795,12.2452,11.6952,20.1795,1.66216,1.66241
6,"n23m0123.hpc.itc.rwth-aachen.de",6,"6","uds",95,"n23m0123.hpc.itc.rwth-aachen.de",95,"95","uds",unix,64,4194304,10,50,65.653,10.029,13.1319,12.1275,24.1085,1.66615,1.66167
7,"n23m0123.hpc.itc.rwth-aachen.de",7,"7","uds",8,"n23m0123.hpc.itc.rwth-aachen.de",8,"8","uds",unix,64,4194304,10,50,148.799,4.1475,6.52102,6.55425,13.95,5.27106,5.15134
7,"n23m0123.hpc.itc.rwth-aachen.de",7,"7","uds",9,"n23m0123.hpc.itc.rwth-aachen.de",9,"9","uds",unix,64,4194304,10,50,53.159,3.003,4.67985,4.3385,8.462,7.46415,7.40926
7,"n23m0123.hpc.itc.rwth-aachen.de",7,"7","uds",10,"n23m0123.hpc.itc.rwth-aachen.de",10,"10","uds",unix,64,4194304,10,50,43.153,2.411,3.57735,3.57625,5.344,7.33261,7.3588
7,"n23m0123.hpc.itc.rwth-aachen.de",7,"7","uds",11,"n23m0123.hpc.itc.rwth-aachen.de",11,"11","uds",unix,64,4194304,10,50,44.063,2.9615,4.60151,4.284,7.832,6.83512,6.84694
7,"n23m0123.hpc.itc.rwth-aachen.de",7,"7","uds",12,"n23m0123.hpc.itc.rwth-aachen.de",12,"12","uds",unix,64,4194304,10,50,54.842,2.673,3.96652,3.9085,5.7895,7.14061,7.07363
7,"n23m0123.hpc.itc.rwth-aachen.de",7,"7","uds",13,"n23m0123.hpc.itc.rwth-aachen.de",13,"13","uds",unix,64,4194304,10,50,42.547,2.558,3.24803,2.76475,6.486,6.97985,7.06141
7,"n23m0123.hpc.itc.rwth-aachen.de",7,"7","uds",14,"n23m0123.hpc.itc.rwth-aachen.de",14,"14","uds",unix,64,4194304,10,50,34.313,2.631,3.70049,3.57325,6.852,6.90564,6.94219
7,"n23m0123.hpc.itc.rwth-aachen.de",7,"7","uds",15,"n23m0123.hpc.itc.rwth-aachen.de",15,"15","uds",unix,64,4194304,10,50,33.465,2.5115,3.285,2.959,7.264,7.3788,7.33366
7,"n23m0123.hpc.itc.rwth-aachen.de",7,"7","uds",16,"n23m0123.hpc.itc.rwth-aachen.de",16,"16","uds",unix,64,4194304,10,50,31.606,2.646,3.84396,3.768,5.1415,7.33459,7.27278
7,"n23m0123.hpc.itc.rwth-aachen.de",7,"7","uds",17,"n23m0123.hpc.itc.rwth-aachen.de",17,"17","uds",unix,64,4194304,10,50,34.868,2.672,3.58475,3.306,6.7075,7.11482,7.06659
7,"n23m0123.hpc.itc.rwth-aachen.de",7,"7","uds",18,"n23m0123.hpc.itc.rwth-aachen.de",18,"18","uds",unix,64,4194304,10,50,43.545,2.6965,3.51217,3.499,5.2125,7.39165,7.32324
7,"n23m0123.hpc.itc.rwth-aachen.de",7,"7","uds",19,"n23m0123.hpc.itc.rwth-aachen.de",19,"19","uds",unix,64,4194304,10,50,30.89,2.6335,3.59966,3.63875,5.0515,7.36681,7.30258
7,"n23m0123.hpc.itc.rwth-aachen.de",7,"7","uds",20,"n23m0123.hpc.itc.rwth-aachen.de",20,"20","uds",unix,64,4194304,10,50,34.601,2.5805,3.27478,2.8425,5.6085,7.11927,7.06386
7,"n23m0123.hpc.itc.rwth-aachen.de",7,"7","uds",21,"n23m0123.hpc.itc.rwth-aachen.de",21,"21","uds",unix,64,4194304,10,50,34.503,2.926,4.07102,3.939,6.71,7.04648,6.98818
7,"n23m0123.hpc.itc.rwth-aachen.de",7,"7","uds",22,"n23m0123.hpc.itc.rwth-aachen.de",22,"22","uds",unix,64,4194304,10,50,37.625,2.5625,3.2943,2.9655,6.7845,7.34526,7.28745
7,"n23m0123.hpc.itc.rwth-aachen.de",7,"7","uds",23,"n23m0123.hpc.itc.rwth-aachen.de",23,"23","uds",unix,64,4194304,10,50,32.574,2.7005,3.99393,3.77025,7.9725,7.06553,6.99517
7,"n23m0123.hpc.itc.rwth-aachen.de",7,"7","uds",24,"n23m0123.hpc.itc.rwth-aachen.de",24,"24","uds",unix,64,4194304,10,50,36.283,2.567,3.62112,3.1275,8.814,7.1393,7.07552
7,"n23m0123.hpc.itc.rwth-aachen.de",7,"7","uds",25,"n23m0123.hpc.itc.rwth-aachen.de",25,"25","uds",unix,64,4194304,10,50,39.542,2.742,3.77171,3.84325,5.0505,7.1408,7.06696
7,"n23m0123.hpc.itc.rwth-aachen.de",7,"7","uds",26,"n23m0123.hpc.itc.rwth-aachen.de",26,"26","uds",unix,64,4194304,10,50,36.205,2.751,3.86901,3.752,5.046,7.02845,6.9464
7,"n23m0123.hpc.itc.rwth-aachen.de",7,"7","uds",27,"n23m0123.hpc.itc.rwth-aachen.de",27,"27","uds",unix,64,4194304,10,50,41.6,2.5865,3.87256,3.91625,5.347,7.02847,6.95219
7,"n23m0123.hpc.itc.rwth-aachen.de",7,"7","uds",28,"n23m0123.hpc.itc.rwth-aachen.de",28,"28","uds",unix,64,4194304,10,50,39.113,2.8475,4.14471,4.108,5.455,7.18587,7.10413
7,"n23m0123.hpc.itc.rwth-aachen.de",7,"7","uds",29,"n23m0123.hpc.itc.rwth-aachen.de",29,"29","uds",unix,64,4194304,10,50,32.633,2.7055,3.56839,3.6905,4.9955,7.14263,7.05878
7,"n23m0123.hpc.itc.rwth-aachen.de",7,"7","uds",30,"n23m0123.hpc.itc.rwth-aachen.de",30,"30","uds",unix,64,4194304,10,50,33.122,2.6865,3.65082,3.62125,6.7965,7.03765,6.95869
7,"n23m0123.hpc.itc.rwth-aachen.de",7,"7","uds",31,"n23m0123.hpc.itc.rwth-aachen.de",31,"31","uds",unix,64,4194304,10,50,32.616,2.5925,3.23495,2.837,4.7855,6.95574,6.88756
7,"n23m0123.hpc.itc.rwth-aachen.de",7,"7","uds",32,"n23m0123.hpc.itc.rwth-aachen.de",32,"32","uds",unix,64,4194304,10,50,30.115,2.5785,3.41641,3.424,4.8195,7.15209,7.07147
7,"n23m0123.hpc.itc.rwth-aachen.de",7,"7","uds",33,"n23m0123.hpc.itc.rwth-aachen.de",33,"33","uds",unix,64,4194304,10,50,33.904,2.6665,3.7525,3.6985,5.0595,7.01397,6.95175
7,"n23m0123.hpc.itc.rwth-aachen.de",7,"7","uds",34,"n23m0123.hpc.itc.rwth-aachen.de",34,"34","uds",unix,64,4194304,10,50,36.057,2.704,3.97324,3.88525,5.327,7.00559,6.95649
7,"n23m0123.hpc.itc.rwth-aachen.de",7,"7","uds",35,"n23m0123.hpc.itc.rwth-aachen.de",35,"35","uds",unix,64,4194304,10,50,31.487,2.7255,4.00124,3.9665,5.1935,7.02151,6.94958
7,"n23m0123.hpc.itc.rwth-aachen.de",7,"7","uds",36,"n23m0123.hpc.itc.rwth-aachen.de",36,"36","uds",unix,64,4194304,10,50,39.017,2.7625,3.69831,3.7235,5.0565,6.71955,6.65865
7,"n23m0123.hpc.itc.rwth-aachen.de",7,"7","uds",37,"n23m0123.hpc.itc.rwth-aachen.de",37,"37","uds",unix,64,4194304,10,50,43.718,2.9995,4.31154,4.19575,5.6145,6.67626,6.60325
7,"n23m0123.hpc.itc.rwth-aachen.de",7,"7","uds",38,"n23m0123.hpc.itc.rwth-aachen.de",38,"38","uds",unix,64,4194304,10,50,33.899,2.7745,3.93185,3.87125,6.572,6.59936,6.5345
7,"n23m0123.hpc.itc.rwth-aachen.de",7,"7","uds",39,"n23m0123.hpc.itc.rwth-aachen.de",39,"39","uds",unix,64,4194304,10,50,39.521,2.777,3.95883,3.9225,8.051,6.67786,6.61133
7,"n23m0123.hpc.itc.rwth-aachen.de",7,"7","uds",40,"n23m0123.hpc.itc.rwth-aachen.de",40,"40","uds",unix,64,4194304,10,50,33.063,3.661,4.60106,4.392,9.5665,6.57589,6.50874
7,"n23m0123.hpc.itc.rwth-aachen.de",7,"7","uds",41,"n23m0123.hpc.itc.rwth-aachen.de",41,"41","uds",unix,64,4194304,10,50,33.402,2.778,4.07684,4.0745,7.1795,6.6303,6.57481
7,"n23m0123.hpc.itc.rwth-aachen.de",7,"7","uds",42,"n23m0123.hpc.itc.rwth-aachen.de",42,"42","uds",unix,64,4194304,10,50,45.022,2.735,3.99454,3.8125,5.237,6.64179,6.57365
7,"n23m0123.hpc.itc.rwth-aachen.de",7,"7","uds",43,"n23m0123.hpc.itc.rwth-aachen.de",43,"43","uds",unix,64,4194304,10,50,31.637,2.849,4.02739,3.97075,5.2815,6.58455,6.51396
7,"n23m0123.hpc.itc.rwth-aachen.de",7,"7","uds",44,"n23m0123.hpc.itc.rwth-aachen.de",44,"44","uds",unix,64,4194304,10,50,45.722,2.8455,3.91322,3.984,5.178,6.62542,6.55894
7,"n23m0123.hpc.itc.rwth-aachen.de",7,"7","uds",45,"n23m0123.hpc.itc.rwth-aachen.de",45,"45","uds",unix,64,4194304,10,50,33.424,2.871,4.49888,4.67975,6.9545,6.54817,6.49426
7,"n23m0123.hpc.itc.rwth-aachen.de",7,"7","uds",46,"n23m0123.hpc.itc.rwth-aachen.de",46,"46","uds",unix,64,4194304,10,50,32.097,2.7795,3.91298,3.79675,9.2105,6.54345,6.4971
7,"n23m0123.hpc.itc.rwth-aachen.de",7,"7","uds",47,"n23m0123.hpc.itc.rwth-aachen.de",47,"47","uds",unix,64,4194304,10,50,36.061,2.969,4.43429,4.21675,5.351,6.52294,6.44765
7,"n23m0123.hpc.itc.rwth-aachen.de",7,"7","uds",48,"n23m0123.hpc.itc.rwth-aachen.de",48,"48","uds",unix,64,4194304,10,50,44.321,4.875,6.69418,6.66975,11.149,3.35483,3.35103
7,"n23m0123.hpc.itc.rwth-aachen.de",7,"7","uds",49,"n23m0123.hpc.itc.rwth-aachen.de",49,"49","uds",unix,64,4194304,10,50,52.406,5.1855,7.31523,7.08875,10.2255,3.39205,3.39315
7,"n23m0123.hpc.itc.rwth-aachen.de",7,"7","uds",50,"n23m0123.hpc.itc.rwth-aachen.de",50,"50","uds",unix,64,4194304,10,50,44.643,5.2835,6.89217,7.09075,13.469,3.43883,3.42034
7,"n23m0123.hpc.itc.rwth-aachen.de",7,"7","uds",51,"n23m0123.hpc.itc.rwth-aachen.de",51,"51","uds",unix,64,4194304,10,50,50.57,5.1465,7.279,7.248,12.1965,3.39592,3.3888
7,"n23m0123.hpc.itc.rwth-aachen.de",7,"7","uds",52,"n23m0123.hpc.itc.rwth-aachen.de",52,"52","uds",unix,64,4194304,10,50,51.239,5.365,7.64172,7.31675,19.3555,3.41265,3.40401
7,"n23m0123.hpc.itc.rwth-aachen.de",7,"7","uds",53,"n23m0123.hpc.itc.rwth-aachen.de",53,"53","uds",unix,64,4194304,10,50,47.44,5.0125,7.36225,7.30175,10.0285,3.39762,3.39271
7,"n23m0123.hpc.itc.rwth-aachen.de",7,"7","uds",54,"n23m0123.hpc.itc.rwth-aachen.de",54,"54","uds",unix,64,4194304,10,50,43.212,5.572,7.77978,7.506,9.72,3.40301,3.40221
7,"n23m0123.hpc.itc.rwth-aachen.de",7,"7","uds",55,"n23m0123.hpc.itc.rwth-aachen.de",55,"55","uds",unix,64,4194304,10,50,44.35,5.207,7.11547,7.17275,10.3695,3.4488,3.43395
7,"n23m0123.hpc.itc.rwth-aachen.de",7,"7","uds",56,"n23m0123.hpc.itc.rwth-aachen.de",56,"56","uds",unix,64,4194304,10,50,40.033,5.1435,7.08055,7.042,14.229,3.38296,3.38348
7,"n23m0123.hpc.itc.rwth-aachen.de",7,"7","uds",57,"n23m0123.hpc.itc.rwth-aachen.de",57,"57","uds",unix,64,4194304,10,50,51.211,5.289,7.50973,7.33175,12.519,3.33067,3.32516
7,"n23m0123.hpc.itc.rwth-aachen.de",7,"7","uds",58,"n23m0123.hpc.itc.rwth-aachen.de",58,"58","uds",unix,64,4194304,10,50,38.706,5.047,6.9233,7.1425,12.4945,3.3087,3.25913
7,"n23m0123.hpc.itc.rwth-aachen.de",7,"7","uds",59,"n23m0123.hpc.itc.rwth-aachen.de",59,"59","uds",unix,64,4194304,10,50,67.114,4.787,6.90305,7.055,9.224,3.30843,3.20714
7,"n23m0123.hpc.itc.rwth-aachen.de",7,"7","uds",60,"n23m0123.hpc.itc.rwth-aachen.de",60,"60","uds",unix,64,4194304,10,50,64.998,5.1545,7.427,7.21475,12.885,3.33965,3.33859
7,"n23m0123.hpc.itc.rwth-aachen.de",7,"7","uds",61,"n23m0123.hpc.itc.rwth-aachen.de",61,"61","uds",unix,64,4194304,10,50,50.453,5.085,7.56978,7.3965,9.773,3.34802,3.34669
7,"n23m0123.hpc.itc.rwth-aachen.de",7,"7","uds",62,"n23m0123.hpc.itc.rwth-aachen.de",62,"62","uds",unix,64,4194304,10,50,47.645,5.1315,7.30401,7.1855,10.083,3.37226,3.37318
7,"n23m0123.hpc.itc.rwth-aachen.de",7,"7","uds",63,"n23m0123.hpc.itc.rwth-aachen.de",63,"63","uds",unix,64,4194304,10,50,52.186,5.2545,7.36087,7.32425,10.1855,3.32593,3.2291
7,"n23m0123.hpc.itc.rwth-aachen.de",7,"7","uds",64,"n23m0123.hpc.itc.rwth-aachen.de",64,"64","uds",unix,64,4194304,10,50,63.382,5.1365,7.57041,7.179,17.638,3.37823,3.34829
7,"n23m0123.hpc.itc.rwth-aachen.de",7,"7","uds",65,"n23m0123.hpc.itc.rwth-aachen.de",65,"65","uds",unix,64,4194304,10,50,53.717,5.053,6.90996,6.9495,9.5465,3.37687,3.37131
7,"n23m0123.hpc.itc.rwth-aachen.de",7,"7","uds",66,"n23m0123.hpc.itc.rwth-aachen.de",66,"66","uds",unix,64,4194304,10,50,50.928,5.153,7.29359,7.25075,9.9885,3.38877,3.3782
7,"n23m0123.hpc.itc.rwth-aachen.de",7,"7","uds",67,"n23m0123.hpc.itc.rwth-aachen.de",67,"67","uds",unix,64,4194304,10,50,44.391,4.842,6.94816,7.044,9.3665,3.39475,3.38258
7,"n23m0123.hpc.itc.rwth-aachen.de",7,"7","uds",68,"n23m0123.hpc.itc.rwth-aachen.de",68,"68","uds",unix,64,4194304,10,50,43.944,5.223,7.70227,7.5475,13.343,3.37849,3.36971
7,"n23m0123.hpc.itc.rwth-aachen.de",7,"7","uds",69,"n23m0123.hpc.itc.rwth-aachen.de",69,"69","uds",unix,64,4194304,10,50,41.159,5.3015,6.91755,6.9435,9.9355,3.34236,3.33438
7,"n23m0123.hpc.itc.rwth-aachen.de",7,"7","uds",70,"n23m0123.hpc.itc.rwth-aachen.de",70,"70","uds",unix,64,4194304,10,50,48.113,5.491,7.81144,7.55275,10.946,3.36075,3.35621
7,"n23m0123.hpc.itc.rwth-aachen.de",7,"7","uds",71,"n23m0123.hpc.itc.rwth-aachen.de",71,"71","uds",unix,64,4194304,10,50,43.119,5.7015,8.11742,7.9295,13.613,3.31412,3.20074
7,"n23m0123.hpc.itc.rwth-aachen.de",7,"7","uds",72,"n23m0123.hpc.itc.rwth-aachen.de",72,"72","uds",unix,64,4194304,10,50,58.413,5.4275,7.60462,7.437,16.275,3.35797,3.35212
7,"n23m0123.hpc.itc.rwth-aachen.de",7,"7","uds",73,"n23m0123.hpc.itc.rwth-aachen.de",73,"73","uds",unix,64,4194304,10,50,50.672,5.3345,7.85812,7.458,12.89,3.38979,3.36888
7,"n23m0123.hpc.itc.rwth-aachen.de",7,"7","uds",74,"n23m0123.hpc.itc.rwth-aachen.de",74,"74","uds",unix,64,4194304,10,50,60.325,5.3275,15.0143,7.14125,305.529,3.34965,3.34003
7,"n23m0123.hpc.itc.rwth-aachen.de",7,"7","uds",75,"n23m0123.hpc.itc.rwth-aachen.de",75,"75","uds",unix,64,4194304,10,50,60.339,5.2535,7.86795,7.59775,10.931,3.3472,3.34319
7,"n23m0123.hpc.itc.rwth-aachen.de",7,"7","uds",76,"n23m0123.hpc.itc.rwth-aachen.de",76,"76","uds",unix,64,4194304,10,50,51.983,5.1135,7.17228,7.173,12.129,3.38953,3.38506
7,"n23m0123.hpc.itc.rwth-aachen.de",7,"7","uds",77,"n23m0123.hpc.itc.rwth-aachen.de",77,"77","uds",unix,64,4194304,10,50,50.737,5.1325,7.08345,7.05575,9.2505,3.40146,3.40292
7,"n23m0123.hpc.itc.rwth-aachen.de",7,"7","uds",78,"n23m0123.hpc.itc.rwth-aachen.de",78,"78","uds",unix,64,4194304,10,50,47.127,5.3095,8.1833,8.02175,11.846,3.379,3.38263
7,"n23m0123.hpc.itc.rwth-aachen.de",7,"7","uds",79,"n23m0123.hpc.itc.rwth-aachen.de",79,"79","uds",unix,64,4194304,10,50,43.348,5.2915,7.07231,7.1945,9.938,3.449,3.41199
7,"n23m0123.hpc.itc.rwth-aachen.de",7,"7","uds",80,"n23m0123.hpc.itc.rwth-aachen.de",80,"80","uds",unix,64,4194304,10,50,46.018,5.0525,7.20173,7.21525,11.423,3.41119,3.41331
7,"n23m0123.hpc.itc.rwth-aachen.de",7,"7","uds",81,"n23m0123.hpc.itc.rwth-aachen.de",81,"81","uds",unix,64,4194304,10,50,43.983,5.3285,7.28603,7.23275,9.5285,3.42099,3.41234
7,"n23m0123.hpc.itc.rwth-aachen.de",7,"7","uds",82,"n23m0123.hpc.itc.rwth-aachen.de",82,"82","uds",unix,64,4194304,10,50,48.151,5.3725,7.37174,7.2515,11.0765,3.35375,3.35148
7,"n23m0123.hpc.itc.rwth-aachen.de",7,"7","uds",83,"n23m0123.hpc.itc.rwth-aachen.de",83,"83","uds",unix,64,4194304,10,50,46.588,5.369,8.36124,8.47225,10.472,3.3843,3.37423
7,"n23m0123.hpc.itc.rwth-aachen.de",7,"7","uds",84,"n23m0123.hpc.itc.rwth-aachen.de",84,"84","uds",unix,64,4194304,10,50,44.916,5.11,6.9506,7.10575,9.988,3.36623,3.35807
7,"n23m0123.hpc.itc.rwth-aachen.de",7,"7","uds",85,"n23m0123.hpc.itc.rwth-aachen.de",85,"85","uds",unix,64,4194304,10,50,53.66,5.045,7.08361,7.239,10.773,3.3304,3.33848
7,"n23m0123.hpc.itc.rwth-aachen.de",7,"7","uds",86,"n23m0123.hpc.itc.rwth-aachen.de",86,"86","uds",unix,64,4194304,10,50,47.075,5.197,7.23032,7.0425,12.948,3.33803,3.33249
7,"n23m0123.hpc.itc.rwth-aachen.de",7,"7","uds",87,"n23m0123.hpc.itc.rwth-aachen.de",87,"87","uds",unix,64,4194304,10,50,46.577,5.375,8.08101,7.82125,12.599,3.31994,3.31447
7,"n23m0123.hpc.itc.rwth-aachen.de",7,"7","uds",88,"n23m0123.hpc.itc.rwth-aachen.de",88,"88","uds",unix,64,4194304,10,50,47.223,5.7615,7.96415,7.82825,9.6175,3.39084,3.38371
7,"n23m0123.hpc.itc.rwth-aachen.de",7,"7","uds",89,"n23m0123.hpc.itc.rwth-aachen.de",89,"89","uds",unix,64,4194304,10,50,46.117,5.1235,6.75535,6.8955,10.3385,3.35335,3.34626
7,"n23m0123.hpc.itc.rwth-aachen.de",7,"7","uds",90,"n23m0123.hpc.itc.rwth-aachen.de",90,"90","uds",unix,64,4194304,10,50,46.631,5.096,7.18024,7.12725,10.9825,3.37786,3.37451
7,"n23m0123.hpc.itc.rwth-aachen.de",7,"7","uds",91,"n23m0123.hpc.itc.rwth-aachen.de",91,"91","uds",unix,64,4194304,10,50,36.967,5.2595,7.10274,7.06125,10.8735,3.31329,3.25112
7,"n23m0123.hpc.itc.rwth-aachen.de",7,"7","uds",92,"n23m0123.hpc.itc.rwth-aachen.de",92,"92","uds",unix,64,4194304,10,50,58.994,5.2285,7.83887,7.7105,11.141,3.3463,3.33889
7,"n23m0123.hpc.itc.rwth-aachen.de",7,"7","uds",93,"n23m0123.hpc.itc.rwth-aachen.de",93,"93","uds",unix,64,4194304,10,50,45.646,5.2895,7.28894,7.1335,15.1205,3.39128,3.38342
7,"n23m0123.hpc.itc.rwth-aachen.de",7,"7","uds",94,"n23m0123.hpc.itc.rwth-aachen.de",94,"94","uds",unix,64,4194304,10,50,56.863,5.346,7.33685,7.17375,9.486,2.97025,2.90858
7,"n23m0123.hpc.itc.rwth-aachen.de",7,"7","uds",95,"n23m0123.hpc.itc.rwth-aachen.de",95,"95","uds",unix,64,4194304,10,50,71.396,7.427,9.96279,9.57225,16.368,1.69307,1.69375
8,"n23m0123.hpc.itc.rwth-aachen.de",8,"8","uds",9,"n23m0123.hpc.itc.rwth-aachen.de",9,"9","uds",unix,64,4194304,10,50,133.462,6.466,7.36458,7.0925,13.5795,5.31593,5.18025
8,"n23m0123.hpc.itc.rwth-aachen.de",8,"8","uds",10,"n23m0123.hpc.itc.rwth-aachen.de",10,"10","uds",unix,64,4194304,10,50,55.073,2.939,4.74271,4.88875,5.6735,7.08375,7.13254
8,"n23m0123.hpc.itc.rwth-aachen.de",8,"8","uds",11,"n23m0123.hpc.itc.rwth-aachen.de",11,"11","uds",unix,64,4194304,10,50,39.97,2.674,4.49597,4.00925,8.7625,7.01556,7.1174
8,"n23m0123.hpc.itc.rwth-aachen.de",8,"8","uds",12,"n23m0123.hpc.itc.rwth-aachen.de",12,"12","uds",unix,64,4194304,10,50,45.6,2.65,3.55645,3.39025,5.0885,6.67018,6.72457
8,"n23m0123.hpc.itc.rwth-aachen.de",8,"8","uds",13,"n23m0123.hpc.itc.rwth-aachen.de",13,"13","uds",unix,64,4194304,10,50,41.964,2.561,3.15304,2.8135,4.4535,6.85349,6.86592
8,"n23m0123.hpc.itc.rwth-aachen.de",8,"8","uds",14,"n23m0123.hpc.itc.rwth-aachen.de",14,"14","uds",unix,64,4194304,10,50,45.189,2.5195,3.37266,3.33575,4.8835,6.85407,6.79718
8,"n23m0123.hpc.itc.rwth-aachen.de",8,"8","uds",15,"n23m0123.hpc.itc.rwth-aachen.de",15,"15","uds",unix,64,4194304,10,50,41.159,2.485,2.95843,2.63325,4.7675,7.13887,7.08077
8,"n23m0123.hpc.itc.rwth-aachen.de",8,"8","uds",16,"n23m0123.hpc.itc.rwth-aachen.de",16,"16","uds",unix,64,4194304,10,50,34.869,2.812,4.16719,4.077,5.0825,7.09868,7.03947
8,"n23m0123.hpc.itc.rwth-aachen.de",8,"8","uds",17,"n23m0123.hpc.itc.rwth-aachen.de",17,"17","uds",unix,64,4194304,10,50,43.414,2.6385,3.18818,2.91025,4.6865,6.8881,6.83811
8,"n23m0123.hpc.itc.rwth-aachen.de",8,"8","uds",18,"n23m0123.hpc.itc.rwth-aachen.de",18,"18","uds",unix,64,4194304,10,50,39.188,2.6345,3.64222,3.377,9.931,7.17784,7.10506
8,"n23m0123.hpc.itc.rwth-aachen.de",8,"8","uds",19,"n23m0123.hpc.itc.rwth-aachen.de",19,"19","uds",unix,64,4194304,10,50,34.146,2.712,3.87502,3.799,5.1115,7.16628,7.0962
8,"n23m0123.hpc.itc.rwth-aachen.de",8,"8","uds",20,"n23m0123.hpc.itc.rwth-aachen.de",20,"20","uds",unix,64,4194304,10,50,35.239,2.61,3.37061,2.8475,4.842,6.85391,6.804
8,"n23m0123.hpc.itc.rwth-aachen.de",8,"8","uds",21,"n23m0123.hpc.itc.rwth-aachen.de",21,"21","uds",unix,64,4194304,10,50,34.306,2.6045,3.35104,3.39125,4.7745,6.87467,6.79923
8,"n23m0123.hpc.itc.rwth-aachen.de",8,"8","uds",22,"n23m0123.hpc.itc.rwth-aachen.de",22,"22","uds",unix,64,4194304,10,50,36.102,2.5085,3.16297,2.914,4.905,7.10836,7.06226
8,"n23m0123.hpc.itc.rwth-aachen.de",8,"8","uds",23,"n23m0123.hpc.itc.rwth-aachen.de",23,"23","uds",unix,64,4194304,10,50,34.86,2.682,3.90101,3.83375,6.3795,6.86695,6.81818
8,"n23m0123.hpc.itc.rwth-aachen.de",8,"8","uds",24,"n23m0123.hpc.itc.rwth-aachen.de",24,"24","uds",unix,64,4194304,10,50,38.423,2.7355,3.45604,3.027,5.1855,7.04369,6.96379
8,"n23m0123.hpc.itc.rwth-aachen.de",8,"8","uds",25,"n23m0123.hpc.itc.rwth-aachen.de",25,"25","uds",unix,64,4194304,10,50,40.608,2.597,3.94262,3.8495,6.0565,7.02586,6.95178
8,"n23m0123.hpc.itc.rwth-aachen.de",8,"8","uds",26,"n23m0123.hpc.itc.rwth-aachen.de",26,"26","uds",unix,64,4194304,10,50,38.879,2.7815,3.89897,3.711,5.2355,6.94536,6.86116
8,"n23m0123.hpc.itc.rwth-aachen.de",8,"8","uds",27,"n23m0123.hpc.itc.rwth-aachen.de",27,"27","uds",unix,64,4194304,10,50,39.54,2.631,4.01364,3.89425,7.4695,6.92926,6.85459
8,"n23m0123.hpc.itc.rwth-aachen.de",8,"8","uds",28,"n23m0123.hpc.itc.rwth-aachen.de",28,"28","uds",unix,64,4194304,10,50,39.107,2.676,3.74064,3.72275,5.288,7.08776,6.99922
8,"n23m0123.hpc.itc.rwth-aachen.de",8,"8","uds",29,"n23m0123.hpc.itc.rwth-aachen.de",29,"29","uds",unix,64,4194304,10,50,40.788,2.6515,3.56559,3.5595,4.7405,6.99404,6.91869
8,"n23m0123.hpc.itc.rwth-aachen.de",8,"8","uds",30,"n23m0123.hpc.itc.rwth-aachen.de",30,"30","uds",unix,64,4194304,10,50,38.82,2.8115,4.08983,3.899,5.253,6.9221,6.86839
8,"n23m0123.hpc.itc.rwth-aachen.de",8,"8","uds",31,"n23m0123.hpc.itc.rwth-aachen.de",31,"31","uds",unix,64,4194304,10,50,38.483,2.6295,3.2652,2.8815,4.5045,6.77929,6.74604
8,"n23m0123.hpc.itc.rwth-aachen.de",8,"8","uds",32,"n23m0123.hpc.itc.rwth-aachen.de",32,"32","uds",unix,64,4194304,10,50,37.907,2.727,3.59909,3.573,5.477,7.01128,6.93536
8,"n23m0123.hpc.itc.rwth-aachen.de",8,"8","uds",33,"n23m0123.hpc.itc.rwth-aachen.de",33,"33","uds",unix,64,4194304,10,50,34.183,2.7425,4.12632,4.005,5.2035,6.91717,6.84954
8,"n23m0123.hpc.itc.rwth-aachen.de",8,"8","uds",34,"n23m0123.hpc.itc.rwth-aachen.de",34,"34","uds",unix,64,4194304,10,50,36.631,2.824,4.01132,3.97125,6.859,6.90922,6.84902
8,"n23m0123.hpc.itc.rwth-aachen.de",8,"8","uds",35,"n23m0123.hpc.itc.rwth-aachen.de",35,"35","uds",unix,64,4194304,10,50,36.374,2.949,4.24067,4.133,5.563,6.93773,6.85777
8,"n23m0123.hpc.itc.rwth-aachen.de",8,"8","uds",36,"n23m0123.hpc.itc.rwth-aachen.de",36,"36","uds",unix,64,4194304,10,50,38.565,2.84,3.82925,3.868,6.5355,6.64545,6.56549
8,"n23m0123.hpc.itc.rwth-aachen.de",8,"8","uds",37,"n23m0123.hpc.itc.rwth-aachen.de",37,"37","uds",unix,64,4194304,10,50,38.845,2.8165,4.12089,4.02175,5.4245,6.57929,6.51003
8,"n23m0123.hpc.itc.rwth-aachen.de",8,"8","uds",38,"n23m0123.hpc.itc.rwth-aachen.de",38,"38","uds",unix,64,4194304,10,50,39.202,2.7905,3.97787,3.9095,5.1615,6.53871,6.45802
8,"n23m0123.hpc.itc.rwth-aachen.de",8,"8","uds",39,"n23m0123.hpc.itc.rwth-aachen.de",39,"39","uds",unix,64,4194304,10,50,39.572,2.8135,4.21403,4.04375,7.248,6.57274,6.49671
8,"n23m0123.hpc.itc.rwth-aachen.de",8,"8","uds",40,"n23m0123.hpc.itc.rwth-aachen.de",40,"40","uds",unix,64,4194304,10,50,37.646,2.8215,3.99374,3.9565,5.299,6.44914,6.40856
8,"n23m0123.hpc.itc.rwth-aachen.de",8,"8","uds",41,"n23m0123.hpc.itc.rwth-aachen.de",41,"41","uds",unix,64,4194304,10,50,40.37,2.8815,3.94385,3.94425,5.408,6.56078,6.49322
8,"n23m0123.hpc.itc.rwth-aachen.de",8,"8","uds",42,"n23m0123.hpc.itc.rwth-aachen.de",42,"42","uds",unix,64,4194304,10,50,34.459,2.9615,4.24749,4.0515,5.4495,6.57762,6.512
8,"n23m0123.hpc.itc.rwth-aachen.de",8,"8","uds",43,"n23m0123.hpc.itc.rwth-aachen.de",43,"43","uds",unix,64,4194304,10,50,36.849,2.88,4.21151,4.18375,5.499,6.52033,6.44623
8,"n23m0123.hpc.itc.rwth-aachen.de",8,"8","uds",44,"n23m0123.hpc.itc.rwth-aachen.de",44,"44","uds",unix,64,4194304,10,50,37.114,2.9135,4.0251,4.01275,5.189,6.50244,6.46252
8,"n23m0123.hpc.itc.rwth-aachen.de",8,"8","uds",45,"n23m0123.hpc.itc.rwth-aachen.de",45,"45","uds",unix,64,4194304,10,50,35.758,2.8205,4.16695,4.0645,5.322,6.49451,6.43586
8,"n23m0123.hpc.itc.rwth-aachen.de",8,"8","uds",46,"n23m0123.hpc.itc.rwth-aachen.de",46,"46","uds",unix,64,4194304,10,50,38.352,2.957,4.27805,4.2115,5.4585,6.49161,6.41989
8,"n23m0123.hpc.itc.rwth-aachen.de",8,"8","uds",47,"n23m0123.hpc.itc.rwth-aachen.de",47,"47","uds",unix,64,4194304,10,50,36.786,3.2255,4.65997,4.92475,5.3635,6.42658,6.36619
8,"n23m0123.hpc.itc.rwth-aachen.de",8,"8","uds",48,"n23m0123.hpc.itc.rwth-aachen.de",48,"48","uds",unix,64,4194304,10,50,46.891,5.3665,7.38365,7.286,9.4,3.35005,3.34339
8,"n23m0123.hpc.itc.rwth-aachen.de",8,"8","uds",49,"n23m0123.hpc.itc.rwth-aachen.de",49,"49","uds",unix,64,4194304,10,50,54.581,5.3375,7.81136,7.471,14.6065,3.39778,3.39634
8,"n23m0123.hpc.itc.rwth-aachen.de",8,"8","uds",50,"n23m0123.hpc.itc.rwth-aachen.de",50,"50","uds",unix,64,4194304,10,50,45.851,5.0215,6.77967,6.7825,9.14,3.38573,3.37679
8,"n23m0123.hpc.itc.rwth-aachen.de",8,"8","uds",51,"n23m0123.hpc.itc.rwth-aachen.de",51,"51","uds",unix,64,4194304,10,50,49.909,5.194,6.89439,6.828,10.039,3.40841,3.39624
8,"n23m0123.hpc.itc.rwth-aachen.de",8,"8","uds",52,"n23m0123.hpc.itc.rwth-aachen.de",52,"52","uds",unix,64,4194304,10,50,43.276,5.0575,7.13357,7.10675,11.6065,3.39152,3.25176
8,"n23m0123.hpc.itc.rwth-aachen.de",8,"8","uds",53,"n23m0123.hpc.itc.rwth-aachen.de",53,"53","uds",unix,64,4194304,10,50,59.821,5.35,8.14625,8.2785,12.6835,2.26635,2.21184
8,"n23m0123.hpc.itc.rwth-aachen.de",8,"8","uds",54,"n23m0123.hpc.itc.rwth-aachen.de",54,"54","uds",unix,64,4194304,10,50,86.495,10.1925,13.0331,13.0288,17.9775,1.68365,1.68227
8,"n23m0123.hpc.itc.rwth-aachen.de",8,"8","uds",55,"n23m0123.hpc.itc.rwth-aachen.de",55,"55","uds",unix,64,4194304,10,50,79.503,10.089,12.541,12.1975,19.383,1.68631,1.68728
8,"n23m0123.hpc.itc.rwth-aachen.de",8,"8","uds",56,"n23m0123.hpc.itc.rwth-aachen.de",56,"56","uds",unix,64,4194304,10,50,80.095,9.7675,12.8406,12.658,20.5335,1.68093,1.68054
8,"n23m0123.hpc.itc.rwth-aachen.de",8,"8","uds",57,"n23m0123.hpc.itc.rwth-aachen.de",57,"57","uds",unix,64,4194304,10,50,79.593,10.2525,13.3264,13.3403,22.0495,1.65439,1.65562
8,"n23m0123.hpc.itc.rwth-aachen.de",8,"8","uds",58,"n23m0123.hpc.itc.rwth-aachen.de",58,"58","uds",unix,64,4194304,10,50,85.198,10.27,12.9227,12.9047,16.018,1.69558,1.6949
8,"n23m0123.hpc.itc.rwth-aachen.de",8,"8","uds",59,"n23m0123.hpc.itc.rwth-aachen.de",59,"59","uds",unix,64,4194304,10,50,75.221,10.134,13.5171,13.3953,20.1535,1.67963,1.67877
8,"n23m0123.hpc.itc.rwth-aachen.de",8,"8","uds",60,"n23m0123.hpc.itc.rwth-aachen.de",60,"60","uds",unix,64,4194304,10,50,72.644,9.8695,12.7679,12.815,23.136,1.67005,1.66955
8,"n23m0123.hpc.itc.rwth-aachen.de",8,"8","uds",61,"n23m0123.hpc.itc.rwth-aachen.de",61,"61","uds",unix,64,4194304,10,50,92.926,10.6145,12.7636,11.7072,24.632,1.68584,1.68486
8,"n23m0123.hpc.itc.rwth-aachen.de",8,"8","uds",62,"n23m0123.hpc.itc.rwth-aachen.de",62,"62","uds",unix,64,4194304,10,50,90.192,9.9635,13.1512,12.607,28.828,1.69089,1.69116
8,"n23m0123.hpc.itc.rwth-aachen.de",8,"8","uds",63,"n23m0123.hpc.itc.rwth-aachen.de",63,"63","uds",unix,64,4194304,10,50,79.974,10.3315,12.5286,12.4913,21.144,1.66483,1.66414
8,"n23m0123.hpc.itc.rwth-aachen.de",8,"8","uds",64,"n23m0123.hpc.itc.rwth-aachen.de",64,"64","uds",unix,64,4194304,10,50,73.291,9.7875,12.6312,12.428,20.718,1.6803,1.68074
8,"n23m0123.hpc.itc.rwth-aachen.de",8,"8","uds",65,"n23m0123.hpc.itc.rwth-aachen.de",65,"65","uds",unix,64,4194304,10,50,74.55,9.9265,12.7621,12.1925,17.0565,1.67339,1.6712
8,"n23m0123.hpc.itc.rwth-aachen.de",8,"8","uds",66,"n23m0123.hpc.itc.rwth-aachen.de",66,"66","uds",unix,64,4194304,10,50,91.648,10.733,13.4927,13.2065,20.8815,1.67571,1.67485
8,"n23m0123.hpc.itc.rwth-aachen.de",8,"8","uds",67,"n23m0123.hpc.itc.rwth-aachen.de",67,"67","uds",unix,64,4194304,10,50,74.7,9.339,12.3531,12.0905,18.366,1.68407,1.68424
8,"n23m0123.hpc.itc.rwth-aachen.de",8,"8","uds",68,"n23m0123.hpc.itc.rwth-aachen.de",68,"68","uds",unix,64,4194304,10,50,80.511,10.6705,12.7479,12.7123,15.1595,1.6853,1.68677
8,"n23m0123.hpc.itc.rwth-aachen.de",8,"8","uds",69,"n23m0123.hpc.itc.rwth-aachen.de",69,"69","uds",unix,64,4194304,10,50,77.514,10.016,12.6014,12.2925,18.0195,1.65458,1.653
8,"n23m0123.hpc.itc.rwth-aachen.de",8,"8","uds",70,"n23m0123.hpc.itc.rwth-aachen.de",70,"70","uds",unix,64,4194304,10,50,75.005,10.157,13.2477,13.0615,23.13,1.66476,1.66105
8,"n23m0123.hpc.itc.rwth-aachen.de",8,"8","uds",71,"n23m0123.hpc.itc.rwth-aachen.de",71,"71","uds",unix,64,4194304,10,50,90.766,10.93,13.4479,13.2995,17.254,1.67431,1.67447
8,"n23m0123.hpc.itc.rwth-aachen.de",8,"8","uds",72,"n23m0123.hpc.itc.rwth-aachen.de",72,"72","uds",unix,64,4194304,10,50,82.327,9.838,12.9661,12.6875,16.673,1.67589,1.67524
8,"n23m0123.hpc.itc.rwth-aachen.de",8,"8","uds",73,"n23m0123.hpc.itc.rwth-aachen.de",73,"73","uds",unix,64,4194304,10,50,80.948,10.325,13.7308,13.4533,28.3315,1.66756,1.66793
8,"n23m0123.hpc.itc.rwth-aachen.de",8,"8","uds",74,"n23m0123.hpc.itc.rwth-aachen.de",74,"74","uds",unix,64,4194304,10,50,77.528,10.4145,12.8128,12.7483,20.8065,1.68475,1.68437
8,"n23m0123.hpc.itc.rwth-aachen.de",8,"8","uds",75,"n23m0123.hpc.itc.rwth-aachen.de",75,"75","uds",unix,64,4194304,10,50,79.701,10.6735,13.6341,13.2733,19.8135,1.66671,1.66648
8,"n23m0123.hpc.itc.rwth-aachen.de",8,"8","uds",76,"n23m0123.hpc.itc.rwth-aachen.de",76,"76","uds",unix,64,4194304,10,50,68.064,10.481,13.3344,12.9025,22.7665,1.68808,1.68866
8,"n23m0123.hpc.itc.rwth-aachen.de",8,"8","uds",77,"n23m0123.hpc.itc.rwth-aachen.de",77,"77","uds",unix,64,4194304,10,50,96.159,10.046,13.4824,13.379,17.118,1.68029,1.68105
8,"n23m0123.hpc.itc.rwth-aachen.de",8,"8","uds",78,"n23m0123.hpc.itc.rwth-aachen.de",78,"78","uds",unix,64,4194304,10,50,70.747,11.382,13.7251,13.3863,19.7825,1.68024,1.68085
8,"n23m0123.hpc.itc.rwth-aachen.de",8,"8","uds",79,"n23m0123.hpc.itc.rwth-aachen.de",79,"79","uds",unix,64,4194304,10,50,69.374,10.437,13.044,13.051,20.7355,1.68399,1.68362
8,"n23m0123.hpc.itc.rwth-aachen.de",8,"8","uds",80,"n23m0123.hpc.itc.rwth-aachen.de",80,"80","uds",unix,64,4194304,10,50,75.317,9.74,12.9842,13.002,17.4155,1.68209,1.68001
8,"n23m0123.hpc.itc.rwth-aachen.de",8,"8","uds",81,"n23m0123.hpc.itc.rwth-aachen.de",81,"81","uds",unix,64,4194304,10,50,71.791,9.8665,12.8762,12.5905,24.0885,1.67165,1.65673
8,"n23m0123.hpc.itc.rwth-aachen.de",8,"8","uds",82,"n23m0123.hpc.itc.rwth-aachen.de",82,"82","uds",unix,64,4194304,10,50,86.765,10.146,13.7962,12.876,26.019,1.68698,1.68252
8,"n23m0123.hpc.itc.rwth-aachen.de",8,"8","uds",83,"n23m0123.hpc.itc.rwth-aachen.de",83,"83","uds",unix,64,4194304,10,50,79.735,10.369,13.7441,13.3965,26.435,1.66442,1.65498
8,"n23m0123.hpc.itc.rwth-aachen.de",8,"8","uds",84,"n23m0123.hpc.itc.rwth-aachen.de",84,"84","uds",unix,64,4194304,10,50,83.89,9.9275,12.6848,12.7192,20.441,1.68148,1.68001
8,"n23m0123.hpc.itc.rwth-aachen.de",8,"8","uds",85,"n23m0123.hpc.itc.rwth-aachen.de",85,"85","uds",unix,64,4194304,10,50,84.201,9.8155,12.7353,13.0248,16.511,1.68956,1.68843
8,"n23m0123.hpc.itc.rwth-aachen.de",8,"8","uds",86,"n23m0123.hpc.itc.rwth-aachen.de",86,"86","uds",unix,64,4194304,10,50,77.196,11.451,13.8064,13.4515,19.2585,1.67567,1.67504
8,"n23m0123.hpc.itc.rwth-aachen.de",8,"8","uds",87,"n23m0123.hpc.itc.rwth-aachen.de",87,"87","uds",unix,64,4194304,10,50,75.375,9.6645,12.6914,12.6743,17.7755,1.67983,1.67982
8,"n23m0123.hpc.itc.rwth-aachen.de",8,"8","uds",88,"n23m0123.hpc.itc.rwth-aachen.de",88,"88","uds",unix,64,4194304,10,50,77.616,9.925,12.907,12.4865,18.7775,1.70013,1.70059
8,"n23m0123.hpc.itc.rwth-aachen.de",8,"8","uds",89,"n23m0123.hpc.itc.rwth-aachen.de",89,"89","uds",unix,64,4194304,10,50,74.359,10.381,12.6404,12.608,16.408,1.69772,1.69612
8,"n23m0123.hpc.itc.rwth-aachen.de",8,"8","uds",90,"n23m0123.hpc.itc.rwth-aachen.de",90,"90","uds",unix,64,4194304,10,50,80.284,10.0765,12.2815,11.9985,18.009,1.69519,1.69511
8,"n23m0123.hpc.itc.rwth-aachen.de",8,"8","uds",91,"n23m0123.hpc.itc.rwth-aachen.de",91,"91","uds",unix,64,4194304,10,50,98.897,10.3855,13.9927,13.3137,25.8675,1.68299,1.61395
8,"n23m0123.hpc.itc.rwth-aachen.de",8,"8","uds",92,"n23m0123.hpc.itc.rwth-aachen.de",92,"92","uds",unix,64,4194304,10,50,93.772,9.6555,12.2525,11.9443,17.845,1.69167,1.6925
8,"n23m0123.hpc.itc.rwth-aachen.de",8,"8","uds",93,"n23m0123.hpc.itc.rwth-aachen.de",93,"93","uds",unix,64,4194304,10,50,74.432,10.313,12.5945,12.236,22.8915,1.69146,1.69153
8,"n23m0123.hpc.itc.rwth-aachen.de",8,"8","uds",94,"n23m0123.hpc.itc.rwth-aachen.de",94,"94","uds",unix,64,4194304,10,50,72.804,10.6635,13.1089,12.7792,23.129,1.6933,1.69431
8,"n23m0123.hpc.itc.rwth-aachen.de",8,"8","uds",95,"n23m0123.hpc.itc.rwth-aachen.de",95,"95","uds",unix,64,4194304,10,50,70.069,10.07,12.8096,12.0873,23.1745,1.69002,1.6897
9,"n23m0123.hpc.itc.rwth-aachen.de",9,"9","uds",10,"n23m0123.hpc.itc.rwth-aachen.de",10,"10","uds",unix,64,4194304,10,50,158.636,4.023,6.53297,6.82825,8.337,5.67537,5.6614
9,"n23m0123.hpc.itc.rwth-aachen.de",9,"9","uds",11,"n23m0123.hpc.itc.rwth-aachen.de",11,"11","uds",unix,64,4194304,10,50,52.128,3.027,4.91478,5.1035,5.7495,6.8008,6.74746
9,"n23m0123.hpc.itc.rwth-aachen.de",9,"9","uds",12,"n23m0123.hpc.itc.rwth-aachen.de",12,"12","uds",unix,64,4194304,10,50,46.886,2.6495,3.97964,4.2875,5.329,6.99754,7.02218
9,"n23m0123.hpc.itc.rwth-aachen.de",9,"9","uds",13,"n23m0123.hpc.itc.rwth-aachen.de",13,"13","uds",unix,64,4194304,10,50,41.137,2.5945,3.15728,2.81275,4.8615,6.98918,7.04288
9,"n23m0123.hpc.itc.rwth-aachen.de",9,"9","uds",14,"n23m0123.hpc.itc.rwth-aachen.de",14,"14","uds",unix,64,4194304,10,50,41.593,2.5945,4.05997,3.6535,21.4255,6.92197,6.91412
9,"n23m0123.hpc.itc.rwth-aachen.de",9,"9","uds",15,"n23m0123.hpc.itc.rwth-aachen.de",15,"15","uds",unix,64,4194304,10,50,45.065,2.6595,3.24219,2.80375,4.91,7.30887,7.27922
9,"n23m0123.hpc.itc.rwth-aachen.de",9,"9","uds",16,"n23m0123.hpc.itc.rwth-aachen.de",16,"16","uds",unix,64,4194304,10,50,33.005,2.584,3.38291,3.4365,6.285,7.3489,7.2784
9,"n23m0123.hpc.itc.rwth-aachen.de",9,"9","uds",17,"n23m0123.hpc.itc.rwth-aachen.de",17,"17","uds",unix,64,4194304,10,50,38.13,2.8565,4.23219,4.4275,5.2615,7.08652,7.06169
9,"n23m0123.hpc.itc.rwth-aachen.de",9,"9","uds",18,"n23m0123.hpc.itc.rwth-aachen.de",18,"18","uds",unix,64,4194304,10,50,35.514,2.5515,3.44554,3.45,7.209,7.36823,7.31353
9,"n23m0123.hpc.itc.rwth-aachen.de",9,"9","uds",19,"n23m0123.hpc.itc.rwth-aachen.de",19,"19","uds",unix,64,4194304,10,50,33.734,2.6295,4.07689,4.326,8.046,7.3714,7.32715
9,"n23m0123.hpc.itc.rwth-aachen.de",9,"9","uds",20,"n23m0123.hpc.itc.rwth-aachen.de",20,"20","uds",unix,64,4194304,10,50,34.255,2.6375,3.36796,2.90075,6.425,7.05554,7.00047
9,"n23m0123.hpc.itc.rwth-aachen.de",9,"9","uds",21,"n23m0123.hpc.itc.rwth-aachen.de",21,"21","uds",unix,64,4194304,10,50,36.55,2.642,3.47895,2.9125,5.966,7.03403,6.9607
9,"n23m0123.hpc.itc.rwth-aachen.de",9,"9","uds",22,"n23m0123.hpc.itc.rwth-aachen.de",22,"22","uds",unix,64,4194304,10,50,44.998,2.601,3.3587,3.1545,6.512,7.27935,7.24031
9,"n23m0123.hpc.itc.rwth-aachen.de",9,"9","uds",23,"n23m0123.hpc.itc.rwth-aachen.de",23,"23","uds",unix,64,4194304,10,50,34.222,2.512,3.28651,2.9015,5.945,7.04786,6.98107
9,"n23m0123.hpc.itc.rwth-aachen.de",9,"9","uds",24,"n23m0123.hpc.itc.rwth-aachen.de",24,"24","uds",unix,64,4194304,10,50,38.871,2.844,4.42246,4.164,7.9615,6.99594,6.92399
9,"n23m0123.hpc.itc.rwth-aachen.de",9,"9","uds",25,"n23m0123.hpc.itc.rwth-aachen.de",25,"25","uds",unix,64,4194304,10,50,38.428,2.645,3.88892,3.8055,5.9965,6.98575,6.92874
9,"n23m0123.hpc.itc.rwth-aachen.de",9,"9","uds",26,"n23m0123.hpc.itc.rwth-aachen.de",26,"26","uds",unix,64,4194304,10,50,41.323,2.791,4.11443,3.98625,5.2115,6.92875,6.86431
9,"n23m0123.hpc.itc.rwth-aachen.de",9,"9","uds",27,"n23m0123.hpc.itc.rwth-aachen.de",27,"27","uds",unix,64,4194304,10,50,43.105,2.817,3.92984,3.869,5.8175,6.86096,6.81349
9,"n23m0123.hpc.itc.rwth-aachen.de",9,"9","uds",28,"n23m0123.hpc.itc.rwth-aachen.de",28,"28","uds",unix,64,4194304,10,50,38.226,2.7185,3.63285,3.6565,5.232,7.07836,6.99752
9,"n23m0123.hpc.itc.rwth-aachen.de",9,"9","uds",29,"n23m0123.hpc.itc.rwth-aachen.de",29,"29","uds",unix,64,4194304,10,50,36.203,2.9965,4.42093,4.19225,7.546,6.9964,6.93358
9,"n23m0123.hpc.itc.rwth-aachen.de",9,"9","uds",30,"n23m0123.hpc.itc.rwth-aachen.de",30,"30","uds",unix,64,4194304,10,50,32.539,2.647,3.52699,3.62175,5.024,7.07931,7.02374
9,"n23m0123.hpc.itc.rwth-aachen.de",9,"9","uds",31,"n23m0123.hpc.itc.rwth-aachen.de",31,"31","uds",unix,64,4194304,10,50,33.966,3.0255,4.31335,4.18425,5.503,6.93314,6.87433
9,"n23m0123.hpc.itc.rwth-aachen.de",9,"9","uds",32,"n23m0123.hpc.itc.rwth-aachen.de",32,"32","uds",unix,64,4194304,10,50,34.904,2.811,3.85188,3.878,5.1555,6.84143,6.80497
9,"n23m0123.hpc.itc.rwth-aachen.de",9,"9","uds",33,"n23m0123.hpc.itc.rwth-aachen.de",33,"33","uds",unix,64,4194304,10,50,33.11,2.883,4.20241,4.11375,5.2245,6.83671,6.76407
9,"n23m0123.hpc.itc.rwth-aachen.de",9,"9","uds",34,"n23m0123.hpc.itc.rwth-aachen.de",34,"34","uds",unix,64,4194304,10,50,36.163,2.758,4.23771,4.2215,7.023,6.84157,6.76407
9,"n23m0123.hpc.itc.rwth-aachen.de",9,"9","uds",35,"n23m0123.hpc.itc.rwth-aachen.de",35,"35","uds",unix,64,4194304,10,50,33.577,2.657,3.5504,3.722,5.0435,6.7908,6.74152
9,"n23m0123.hpc.itc.rwth-aachen.de",9,"9","uds",36,"n23m0123.hpc.itc.rwth-aachen.de",36,"36","uds",unix,64,4194304,10,50,43.129,2.974,4.76835,4.963,7.734,6.63454,6.57816
9,"n23m0123.hpc.itc.rwth-aachen.de",9,"9","uds",37,"n23m0123.hpc.itc.rwth-aachen.de",37,"37","uds",unix,64,4194304,10,50,38.523,2.876,4.30326,4.07375,7.7185,6.58393,6.51904
9,"n23m0123.hpc.itc.rwth-aachen.de",9,"9","uds",38,"n23m0123.hpc.itc.rwth-aachen.de",38,"38","uds",unix,64,4194304,10,50,38.399,2.8365,4.122,4.0055,7.161,6.50228,6.44746
9,"n23m0123.hpc.itc.rwth-aachen.de",9,"9","uds",39,"n23m0123.hpc.itc.rwth-aachen.de",39,"39","uds",unix,64,4194304,10,50,39.045,2.789,3.93567,3.953,5.3335,6.53605,6.50436
9,"n23m0123.hpc.itc.rwth-aachen.de",9,"9","uds",40,"n23m0123.hpc.itc.rwth-aachen.de",40,"40","uds",unix,64,4194304,10,50,39.375,2.827,4.22125,4.09775,5.379,6.51303,6.44181
9,"n23m0123.hpc.itc.rwth-aachen.de",9,"9","uds",41,"n23m0123.hpc.itc.rwth-aachen.de",41,"41","uds",unix,64,4194304,10,50,32.096,2.864,4.27396,4.001,7.0595,6.59095,6.50384
9,"n23m0123.hpc.itc.rwth-aachen.de",9,"9","uds",42,"n23m0123.hpc.itc.rwth-aachen.de",42,"42","uds",unix,64,4194304,10,50,33.715,2.948,4.20235,4.09225,5.5765,6.5844,6.51666
9,"n23m0123.hpc.itc.rwth-aachen.de",9,"9","uds",43,"n23m0123.hpc.itc.rwth-aachen.de",43,"43","uds",unix,64,4194304,10,50,37.93,3.792,4.74853,4.87675,5.4245,6.50784,6.44016
9,"n23m0123.hpc.itc.rwth-aachen.de",9,"9","uds",44,"n23m0123.hpc.itc.rwth-aachen.de",44,"44","uds",unix,64,4194304,10,50,47.092,2.973,4.45213,4.8935,6.3815,6.53446,6.46395
9,"n23m0123.hpc.itc.rwth-aachen.de",9,"9","uds",45,"n23m0123.hpc.itc.rwth-aachen.de",45,"45","uds",unix,64,4194304,10,50,33.037,2.809,4.31972,4.12275,5.4095,6.5158,6.4573
9,"n23m0123.hpc.itc.rwth-aachen.de",9,"9","uds",46,"n23m0123.hpc.itc.rwth-aachen.de",46,"46","uds",unix,64,4194304,10,50,32.849,2.8805,4.10075,4.12625,5.4935,6.48584,6.41075
9,"n23m0123.hpc.itc.rwth-aachen.de",9,"9","uds",47,"n23m0123.hpc.itc.rwth-aachen.de",47,"47","uds",unix,64,4194304,10,50,34.925,2.884,4.25977,4.1095,5.4915,6.46593,6.4098
9,"n23m0123.hpc.itc.rwth-aachen.de",9,"9","uds",48,"n23m0123.hpc.itc.rwth-aachen.de",48,"48","uds",unix,64,4194304,10,50,50.958,5.255,8.33526,8.76675,10.047,3.31473,3.31396
9,"n23m0123.hpc.itc.rwth-aachen.de",9,"9","uds",49,"n23m0123.hpc.itc.rwth-aachen.de",49,"49","uds",unix,64,4194304,10,50,66.507,5.093,7.259,7.05725,10.2835,3.35008,3.33047
9,"n23m0123.hpc.itc.rwth-aachen.de",9,"9","uds",50,"n23m0123.hpc.itc.rwth-aachen.de",50,"50","uds",unix,64,4194304,10,50,48.023,5.0435,7.73765,7.54025,11.703,3.34125,3.33686
9,"n23m0123.hpc.itc.rwth-aachen.de",9,"9","uds",51,"n23m0123.hpc.itc.rwth-aachen.de",51,"51","uds",unix,64,4194304,10,50,53.842,5.128,7.95524,7.18575,16.492,3.35151,3.34226
9,"n23m0123.hpc.itc.rwth-aachen.de",9,"9","uds",52,"n23m0123.hpc.itc.rwth-aachen.de",52,"52","uds",unix,64,4194304,10,50,53.628,5.0775,7.3306,7.17775,10.5305,3.37361,3.36843
9,"n23m0123.hpc.itc.rwth-aachen.de",9,"9","uds",53,"n23m0123.hpc.itc.rwth-aachen.de",53,"53","uds",unix,64,4194304,10,50,52.186,5.2555,7.79043,7.656,13.5945,3.3341,3.3266
9,"n23m0123.hpc.itc.rwth-aachen.de",9,"9","uds",54,"n23m0123.hpc.itc.rwth-aachen.de",54,"54","uds",unix,64,4194304,10,50,48.754,5.233,7.3797,7.15825,10.722,3.34363,3.33375
9,"n23m0123.hpc.itc.rwth-aachen.de",9,"9","uds",55,"n23m0123.hpc.itc.rwth-aachen.de",55,"55","uds",unix,64,4194304,10,50,49.654,5.631,8.14879,7.662,12.5625,3.34147,3.33057
9,"n23m0123.hpc.itc.rwth-aachen.de",9,"9","uds",56,"n23m0123.hpc.itc.rwth-aachen.de",56,"56","uds",unix,64,4194304,10,50,43.667,5.49,8.29035,8.00325,12.625,3.32862,3.32247
9,"n23m0123.hpc.itc.rwth-aachen.de",9,"9","uds",57,"n23m0123.hpc.itc.rwth-aachen.de",57,"57","uds",unix,64,4194304,10,50,48.228,5.1185,7.87737,7.97925,9.718,3.30553,3.30236
9,"n23m0123.hpc.itc.rwth-aachen.de",9,"9","uds",58,"n23m0123.hpc.itc.rwth-aachen.de",58,"58","uds",unix,64,4194304,10,50,59.099,5.1695,7.04646,7.067,9.979,3.36666,3.35891
9,"n23m0123.hpc.itc.rwth-aachen.de",9,"9","uds",59,"n23m0123.hpc.itc.rwth-aachen.de",59,"59","uds",unix,64,4194304,10,50,43.341,5.0455,7.49494,7.201,10.4505,3.3532,3.35077
9,"n23m0123.hpc.itc.rwth-aachen.de",9,"9","uds",60,"n23m0123.hpc.itc.rwth-aachen.de",60,"60","uds",unix,64,4194304,10,50,47.595,5.607,8.17869,8.47075,12.161,3.34814,3.33966
9,"n23m0123.hpc.itc.rwth-aachen.de",9,"9","uds",61,"n23m0123.hpc.itc.rwth-aachen.de",61,"61","uds",unix,64,4194304,10,50,49.824,5.424,8.14865,7.84175,17.7495,3.39755,3.386
9,"n23m0123.hpc.itc.rwth-aachen.de",9,"9","uds",62,"n23m0123.hpc.itc.rwth-aachen.de",62,"62","uds",unix,64,4194304,10,50,48.606,5.608,8.24853,8.631,10.628,3.39669,3.38804
9,"n23m0123.hpc.itc.rwth-aachen.de",9,"9","uds",63,"n23m0123.hpc.itc.rwth-aachen.de",63,"63","uds",unix,64,4194304,10,50,45.058,5.358,7.158,7.2575,9.8265,3.35827,3.35362
9,"n23m0123.hpc.itc.rwth-aachen.de",9,"9","uds",64,"n23m0123.hpc.itc.rwth-aachen.de",64,"64","uds",unix,64,4194304,10,50,50.834,5.159,7.2647,7.12825,13.194,3.37451,3.37108
9,"n23m0123.hpc.itc.rwth-aachen.de",9,"9","uds",65,"n23m0123.hpc.itc.rwth-aachen.de",65,"65","uds",unix,64,4194304,10,50,45.231,5.124,7.26458,7.22575,10.191,3.36526,3.35808
9,"n23m0123.hpc.itc.rwth-aachen.de",9,"9","uds",66,"n23m0123.hpc.itc.rwth-aachen.de",66,"66","uds",unix,64,4194304,10,50,43.928,5.42,7.90663,7.8145,10.624,3.33364,3.32792
9,"n23m0123.hpc.itc.rwth-aachen.de",9,"9","uds",67,"n23m0123.hpc.itc.rwth-aachen.de",67,"67","uds",unix,64,4194304,10,50,41.928,5.466,8.2345,8.4985,11.272,3.3802,3.37074
9,"n23m0123.hpc.itc.rwth-aachen.de",9,"9","uds",68,"n23m0123.hpc.itc.rwth-aachen.de",68,"68","uds",unix,64,4194304,10,50,43.357,5.2815,7.38253,7.14825,12.1105,3.36171,3.36407
9,"n23m0123.hpc.itc.rwth-aachen.de",9,"9","uds",69,"n23m0123.hpc.itc.rwth-aachen.de",69,"69","uds",unix,64,4194304,10,50,56.612,5.268,7.45136,7.348,10.4335,3.31286,3.30255
9,"n23m0123.hpc.itc.rwth-aachen.de",9,"9","uds",70,"n23m0123.hpc.itc.rwth-aachen.de",70,"70","uds",unix,64,4194304,10,50,41.515,5.337,8.18788,7.848,13.0465,3.33356,3.32243
9,"n23m0123.hpc.itc.rwth-aachen.de",9,"9","uds",71,"n23m0123.hpc.itc.rwth-aachen.de",71,"71","uds",unix,64,4194304,10,50,40.174,5.0425,7.82344,7.40425,10.969,3.35378,3.34728
9,"n23m0123.hpc.itc.rwth-aachen.de",9,"9","uds",72,"n23m0123.hpc.itc.rwth-aachen.de",72,"72","uds",unix,64,4194304,10,50,43.93,5.277,7.4077,7.442,9.891,3.34175,3.33301
9,"n23m0123.hpc.itc.rwth-aachen.de",9,"9","uds",73,"n23m0123.hpc.itc.rwth-aachen.de",73,"73","uds",unix,64,4194304,10,50,41.962,5.313,7.86519,7.35375,12.7035,3.38235,3.3757
9,"n23m0123.hpc.itc.rwth-aachen.de",9,"9","uds",74,"n23m0123.hpc.itc.rwth-aachen.de",74,"74","uds",unix,64,4194304,10,50,46.477,5.358,7.7321,7.4465,12.117,3.35757,3.3505
9,"n23m0123.hpc.itc.rwth-aachen.de",9,"9","uds",75,"n23m0123.hpc.itc.rwth-aachen.de",75,"75","uds",unix,64,4194304,10,50,45.154,4.9715,7.21921,7.24075,9.754,3.34386,3.32913
9,"n23m0123.hpc.itc.rwth-aachen.de",9,"9","uds",76,"n23m0123.hpc.itc.rwth-aachen.de",76,"76","uds",unix,64,4194304,10,50,48.697,5.097,7.27884,7.08275,13.601,3.37177,3.36943
9,"n23m0123.hpc.itc.rwth-aachen.de",9,"9","uds",77,"n23m0123.hpc.itc.rwth-aachen.de",77,"77","uds",unix,64,4194304,10,50,47.867,5.323,7.89091,7.65425,10.165,3.37299,3.36457
9,"n23m0123.hpc.itc.rwth-aachen.de",9,"9","uds",78,"n23m0123.hpc.itc.rwth-aachen.de",78,"78","uds",unix,64,4194304,10,50,38.981,4.9795,6.98598,6.89375,14.712,3.35905,3.34952
9,"n23m0123.hpc.itc.rwth-aachen.de",9,"9","uds",79,"n23m0123.hpc.itc.rwth-aachen.de",79,"79","uds",unix,64,4194304,10,50,38.067,5.4535,7.88562,7.65025,10.77,3.36474,3.35592
9,"n23m0123.hpc.itc.rwth-aachen.de",9,"9","uds",80,"n23m0123.hpc.itc.rwth-aachen.de",80,"80","uds",unix,64,4194304,10,50,41.489,5.2975,7.24252,7.1215,9.9645,3.32698,3.32883
9,"n23m0123.hpc.itc.rwth-aachen.de",9,"9","uds",81,"n23m0123.hpc.itc.rwth-aachen.de",81,"81","uds",unix,64,4194304,10,50,46.761,5.2295,7.62652,7.38075,11.631,3.35585,3.34522
9,"n23m0123.hpc.itc.rwth-aachen.de",9,"9","uds",82,"n23m0123.hpc.itc.rwth-aachen.de",82,"82","uds",unix,64,4194304,10,50,44.392,5.477,7.99891,7.61175,10.9055,3.38325,3.36904
9,"n23m0123.hpc.itc.rwth-aachen.de",9,"9","uds",83,"n23m0123.hpc.itc.rwth-aachen.de",83,"83","uds",unix,64,4194304,10,50,52.504,5.425,7.79638,7.6005,11.049,3.35263,3.34695
9,"n23m0123.hpc.itc.rwth-aachen.de",9,"9","uds",84,"n23m0123.hpc.itc.rwth-aachen.de",84,"84","uds",unix,64,4194304,10,50,46.926,5.0515,6.73479,6.91575,9.366,3.3527,3.35366
9,"n23m0123.hpc.itc.rwth-aachen.de",9,"9","uds",85,"n23m0123.hpc.itc.rwth-aachen.de",85,"85","uds",unix,64,4194304,10,50,39.922,5.409,8.04636,7.78275,12.684,3.37307,3.36236
9,"n23m0123.hpc.itc.rwth-aachen.de",9,"9","uds",86,"n23m0123.hpc.itc.rwth-aachen.de",86,"86","uds",unix,64,4194304,10,50,42.196,5.767,8.27446,8.391,11.5275,3.34552,3.34298
9,"n23m0123.hpc.itc.rwth-aachen.de",9,"9","uds",87,"n23m0123.hpc.itc.rwth-aachen.de",87,"87","uds",unix,64,4194304,10,50,39.898,5.366,7.83498,7.554,11.046,3.33422,3.34089
9,"n23m0123.hpc.itc.rwth-aachen.de",9,"9","uds",88,"n23m0123.hpc.itc.rwth-aachen.de",88,"88","uds",unix,64,4194304,10,50,43.309,5.1485,7.19143,7.12625,10.7325,3.38191,3.38156
9,"n23m0123.hpc.itc.rwth-aachen.de",9,"9","uds",89,"n23m0123.hpc.itc.rwth-aachen.de",89,"89","uds",unix,64,4194304,10,50,39.448,5.28,7.17948,7.2365,9.4155,3.35538,3.35263
9,"n23m0123.hpc.itc.rwth-aachen.de",9,"9","uds",90,"n23m0123.hpc.itc.rwth-aachen.de",90,"90","uds",unix,64,4194304,10,50,46.241,5.0735,7.2171,7.15875,12.792,3.38842,3.37673
9,"n23m0123.hpc.itc.rwth-aachen.de",9,"9","uds",91,"n23m0123.hpc.itc.rwth-aachen.de",91,"91","uds",unix,64,4194304,10,50,44.655,5.2465,7.11488,7.16875,10.201,3.36282,3.35001
9,"n23m0123.hpc.itc.rwth-aachen.de",9,"9","uds",92,"n23m0123.hpc.itc.rwth-aachen.de",92,"92","uds",unix,64,4194304,10,50,41.287,5.3405,7.34768,7.29325,9.377,3.36632,3.36879
9,"n23m0123.hpc.itc.rwth-aachen.de",9,"9","uds",93,"n23m0123.hpc.itc.rwth-aachen.de",93,"93","uds",unix,64,4194304,10,50,40.506,5.4735,7.97403,7.88625,11.2625,3.39459,3.38993
9,"n23m0123.hpc.itc.rwth-aachen.de",9,"9","uds",94,"n23m0123.hpc.itc.rwth-aachen.de",94,"94","uds",unix,64,4194304,10,50,57.006,5.208,7.08926,7.12025,10.545,3.36795,3.36114
9,"n23m0123.hpc.itc.rwth-aachen.de",9,"9","uds",95,"n23m0123.hpc.itc.rwth-aachen.de",95,"95","uds",unix,64,4194304,10,50,39.672,5.484,7.25707,7.1905,13.272,3.33663,3.33675
10,"n23m0123.hpc.itc.rwth-aachen.de",10,"10","uds",11,"n23m0123.hpc.itc.rwth-aachen.de",11,"11","uds",unix,64,4194304,10,50,87.461,2.56,3.85524,3.74725,7.007,7.39709,7.32417
10,"n23m0123.hpc.itc.rwth-aachen.de",10,"10","uds",12,"n23m0123.hpc.itc.rwth-aachen.de",12,"12","uds",unix,64,4194304,10,50,44.434,2.6515,4.05837,3.826,9.52,7.09493,7.05781
10,"n23m0123.hpc.itc.rwth-aachen.de",10,"10","uds",13,"n23m0123.hpc.itc.rwth-aachen.de",13,"13","uds",unix,64,4194304,10,50,40.369,2.4945,3.04885,2.68125,4.432,7.16981,7.12389
10,"n23m0123.hpc.itc.rwth-aachen.de",10,"10","uds",14,"n23m0123.hpc.itc.rwth-aachen.de",14,"14","uds",unix,64,4194304,10,50,38.337,2.7155,4.20703,4.3815,8.0635,7.04068,6.97882
10,"n23m0123.hpc.itc.rwth-aachen.de",10,"10","uds",15,"n23m0123.hpc.itc.rwth-aachen.de",15,"15","uds",unix,64,4194304,10,50,35.561,2.5815,3.38501,2.88825,5.4995,7.40898,7.34229
10,"n23m0123.hpc.itc.rwth-aachen.de",10,"10","uds",16,"n23m0123.hpc.itc.rwth-aachen.de",16,"16","uds",unix,64,4194304,10,50,34.213,2.551,3.64373,3.50525,12.118,7.34215,7.27037
10,"n23m0123.hpc.itc.rwth-aachen.de",10,"10","uds",17,"n23m0123.hpc.itc.rwth-aachen.de",17,"17","uds",unix,64,4194304,10,50,32.203,2.565,3.28705,3.39825,4.787,7.14396,7.08485
10,"n23m0123.hpc.itc.rwth-aachen.de",10,"10","uds",18,"n23m0123.hpc.itc.rwth-aachen.de",18,"18","uds",unix,64,4194304,10,50,31.955,2.537,3.19677,2.79225,4.879,7.38868,7.31786
10,"n23m0123.hpc.itc.rwth-aachen.de",10,"10","uds",19,"n23m0123.hpc.itc.rwth-aachen.de",19,"19","uds",unix,64,4194304,10,50,33.354,2.7585,4.26132,4.5925,5.0155,7.37685,7.31288
10,"n23m0123.hpc.itc.rwth-aachen.de",10,"10","uds",20,"n23m0123.hpc.itc.rwth-aachen.de",20,"20","uds",unix,64,4194304,10,50,31.485,2.5085,3.04519,2.75525,4.4475,7.08205,7.02692
10,"n23m0123.hpc.itc.rwth-aachen.de",10,"10","uds",21,"n23m0123.hpc.itc.rwth-aachen.de",21,"21","uds",unix,64,4194304,10,50,32.09,2.6965,3.94127,3.786,8.2765,7.02313,6.99165
10,"n23m0123.hpc.itc.rwth-aachen.de",10,"10","uds",22,"n23m0123.hpc.itc.rwth-aachen.de",22,"22","uds",unix,64,4194304,10,50,36.121,2.5835,3.38101,3.02,9.592,7.31511,7.27064
10,"n23m0123.hpc.itc.rwth-aachen.de",10,"10","uds",23,"n23m0123.hpc.itc.rwth-aachen.de",23,"23","uds",unix,64,4194304,10,50,31.517,2.5385,3.33578,3.11375,4.8385,7.00598,6.98602
10,"n23m0123.hpc.itc.rwth-aachen.de",10,"10","uds",24,"n23m0123.hpc.itc.rwth-aachen.de",24,"24","uds",unix,64,4194304,10,50,33.958,2.6205,3.66091,3.59525,6.746,7.07268,7.0139
10,"n23m0123.hpc.itc.rwth-aachen.de",10,"10","uds",25,"n23m0123.hpc.itc.rwth-aachen.de",25,"25","uds",unix,64,4194304,10,50,31.99,2.6315,3.57154,3.57525,5.0025,7.07707,7.01249
10,"n23m0123.hpc.itc.rwth-aachen.de",10,"10","uds",26,"n23m0123.hpc.itc.rwth-aachen.de",26,"26","uds",unix,64,4194304,10,50,34.879,2.8035,4.33109,4.585,5.4315,6.99858,6.94013
10,"n23m0123.hpc.itc.rwth-aachen.de",10,"10","uds",27,"n23m0123.hpc.itc.rwth-aachen.de",27,"27","uds",unix,64,4194304,10,50,32.756,2.6915,3.87737,3.911,5.099,6.97141,6.90619
10,"n23m0123.hpc.itc.rwth-aachen.de",10,"10","uds",28,"n23m0123.hpc.itc.rwth-aachen.de",28,"28","uds",unix,64,4194304,10,50,36.879,2.6425,3.43637,3.47525,4.913,7.17576,7.09884
10,"n23m0123.hpc.itc.rwth-aachen.de",10,"10","uds",29,"n23m0123.hpc.itc.rwth-aachen.de",29,"29","uds",unix,64,4194304,10,50,32.929,2.605,3.27827,2.80575,4.923,7.05544,7.00353
10,"n23m0123.hpc.itc.rwth-aachen.de",10,"10","uds",30,"n23m0123.hpc.itc.rwth-aachen.de",30,"30","uds",unix,64,4194304,10,50,33.868,2.6795,3.59012,3.574,5.083,7.14919,7.07421
10,"n23m0123.hpc.itc.rwth-aachen.de",10,"10","uds",31,"n23m0123.hpc.itc.rwth-aachen.de",31,"31","uds",unix,64,4194304,10,50,31.026,2.6805,3.59977,3.65325,5.1205,6.98403,6.9357
10,"n23m0123.hpc.itc.rwth-aachen.de",10,"10","uds",32,"n23m0123.hpc.itc.rwth-aachen.de",32,"32","uds",unix,64,4194304,10,50,31.384,2.635,3.44786,3.494,5.034,6.94674,6.87475
10,"n23m0123.hpc.itc.rwth-aachen.de",10,"10","uds",33,"n23m0123.hpc.itc.rwth-aachen.de",33,"33","uds",unix,64,4194304,10,50,34.326,3.0845,4.65008,4.9395,5.6335,6.91439,6.72418
10,"n23m0123.hpc.itc.rwth-aachen.de",10,"10","uds",34,"n23m0123.hpc.itc.rwth-aachen.de",34,"34","uds",unix,64,4194304,10,50,49.359,2.757,4.05009,4.08875,5.565,6.93087,6.85134
10,"n23m0123.hpc.itc.rwth-aachen.de",10,"10","uds",35,"n23m0123.hpc.itc.rwth-aachen.de",35,"35","uds",unix,64,4194304,10,50,38.737,2.758,3.6655,3.8075,5.2865,6.82652,6.81491
10,"n23m0123.hpc.itc.rwth-aachen.de",10,"10","uds",36,"n23m0123.hpc.itc.rwth-aachen.de",36,"36","uds",unix,64,4194304,10,50,39.182,2.9275,4.70915,5.01275,6.927,6.6735,6.64682
10,"n23m0123.hpc.itc.rwth-aachen.de",10,"10","uds",37,"n23m0123.hpc.itc.rwth-aachen.de",37,"37","uds",unix,64,4194304,10,50,37.838,2.8795,4.56569,4.5545,5.687,6.66243,6.58276
10,"n23m0123.hpc.itc.rwth-aachen.de",10,"10","uds",38,"n23m0123.hpc.itc.rwth-aachen.de",38,"38","uds",unix,64,4194304,10,50,34.367,2.776,3.78715,3.79175,5.826,6.54947,6.53879
10,"n23m0123.hpc.itc.rwth-aachen.de",10,"10","uds",39,"n23m0123.hpc.itc.rwth-aachen.de",39,"39","uds",unix,64,4194304,10,50,42.247,2.7465,4.29512,3.952,12.737,6.69473,6.61821
10,"n23m0123.hpc.itc.rwth-aachen.de",10,"10","uds",40,"n23m0123.hpc.itc.rwth-aachen.de",40,"40","uds",unix,64,4194304,10,50,35.845,2.759,4.17127,3.92025,11.823,6.5379,6.49582
10,"n23m0123.hpc.itc.rwth-aachen.de",10,"10","uds",41,"n23m0123.hpc.itc.rwth-aachen.de",41,"41","uds",unix,64,4194304,10,50,32.435,2.657,4.1919,3.88025,12.2055,6.61974,6.56992
10,"n23m0123.hpc.itc.rwth-aachen.de",10,"10","uds",42,"n23m0123.hpc.itc.rwth-aachen.de",42,"42","uds",unix,64,4194304,10,50,39.428,2.731,4.21471,3.82775,12.1655,6.55639,6.52257
10,"n23m0123.hpc.itc.rwth-aachen.de",10,"10","uds",43,"n23m0123.hpc.itc.rwth-aachen.de",43,"43","uds",unix,64,4194304,10,50,34.822,3.3595,5.29137,4.83725,12.386,6.57211,6.51077
10,"n23m0123.hpc.itc.rwth-aachen.de",10,"10","uds",44,"n23m0123.hpc.itc.rwth-aachen.de",44,"44","uds",unix,64,4194304,10,50,46.491,2.7925,4.22018,3.96525,11.5615,6.565,6.51717
10,"n23m0123.hpc.itc.rwth-aachen.de",10,"10","uds",45,"n23m0123.hpc.itc.rwth-aachen.de",45,"45","uds",unix,64,4194304,10,50,41.894,2.7705,4.40248,3.98675,13.2395,6.51594,6.47116
10,"n23m0123.hpc.itc.rwth-aachen.de",10,"10","uds",46,"n23m0123.hpc.itc.rwth-aachen.de",46,"46","uds",unix,64,4194304,10,50,35.586,2.9105,4.71336,4.436,12.5895,6.49201,6.45341
10,"n23m0123.hpc.itc.rwth-aachen.de",10,"10","uds",47,"n23m0123.hpc.itc.rwth-aachen.de",47,"47","uds",unix,64,4194304,10,50,33.805,2.8825,4.93809,4.604,14.9375,6.48862,6.4288
10,"n23m0123.hpc.itc.rwth-aachen.de",10,"10","uds",48,"n23m0123.hpc.itc.rwth-aachen.de",48,"48","uds",unix,64,4194304,10,50,50.119,5.8375,9.53018,9.26975,25.0135,3.32576,3.32142
10,"n23m0123.hpc.itc.rwth-aachen.de",10,"10","uds",49,"n23m0123.hpc.itc.rwth-aachen.de",49,"49","uds",unix,64,4194304,10,50,53.378,5.3805,7.9971,7.38575,15.2735,3.36462,3.35721
10,"n23m0123.hpc.itc.rwth-aachen.de",10,"10","uds",50,"n23m0123.hpc.itc.rwth-aachen.de",50,"50","uds",unix,64,4194304,10,50,44.882,5.8575,7.95558,7.556,12.7585,3.34713,3.34218
10,"n23m0123.hpc.itc.rwth-aachen.de",10,"10","uds",51,"n23m0123.hpc.itc.rwth-aachen.de",51,"51","uds",unix,64,4194304,10,50,48.724,5.8065,8.18185,7.84175,19.082,3.38128,3.33074
10,"n23m0123.hpc.itc.rwth-aachen.de",10,"10","uds",52,"n23m0123.hpc.itc.rwth-aachen.de",52,"52","uds",unix,64,4194304,10,50,64.755,5.1175,7.00825,7.224,9.2515,3.33714,3.31527
10,"n23m0123.hpc.itc.rwth-aachen.de",10,"10","uds",53,"n23m0123.hpc.itc.rwth-aachen.de",53,"53","uds",unix,64,4194304,10,50,57.455,5.469,8.2856,8.59475,12.0655,3.36901,3.36031
10,"n23m0123.hpc.itc.rwth-aachen.de",10,"10","uds",54,"n23m0123.hpc.itc.rwth-aachen.de",54,"54","uds",unix,64,4194304,10,50,50.456,5.496,7.76682,7.49475,11.5825,3.35228,3.34505
10,"n23m0123.hpc.itc.rwth-aachen.de",10,"10","uds",55,"n23m0123.hpc.itc.rwth-aachen.de",55,"55","uds",unix,64,4194304,10,50,44.331,5.1605,7.22353,7.143,12.6205,3.35844,3.35541
10,"n23m0123.hpc.itc.rwth-aachen.de",10,"10","uds",56,"n23m0123.hpc.itc.rwth-aachen.de",56,"56","uds",unix,64,4194304,10,50,44.631,5.5645,7.70042,7.53875,12.346,3.35764,3.35601
10,"n23m0123.hpc.itc.rwth-aachen.de",10,"10","uds",57,"n23m0123.hpc.itc.rwth-aachen.de",57,"57","uds",unix,64,4194304,10,50,42.835,5.8505,8.15785,7.95675,10.3895,3.36012,3.35928
10,"n23m0123.hpc.itc.rwth-aachen.de",10,"10","uds",58,"n23m0123.hpc.itc.rwth-aachen.de",58,"58","uds",unix,64,4194304,10,50,44.276,5.34,7.85889,7.72975,12.823,3.40955,3.39862
10,"n23m0123.hpc.itc.rwth-aachen.de",10,"10","uds",59,"n23m0123.hpc.itc.rwth-aachen.de",59,"59","uds",unix,64,4194304,10,50,40.798,5.172,7.32867,7.14775,12.864,3.37623,3.37695
10,"n23m0123.hpc.itc.rwth-aachen.de",10,"10","uds",60,"n23m0123.hpc.itc.rwth-aachen.de",60,"60","uds",unix,64,4194304,10,50,47.967,5.1985,7.10217,7.278,10.9525,3.3561,3.34964
10,"n23m0123.hpc.itc.rwth-aachen.de",10,"10","uds",61,"n23m0123.hpc.itc.rwth-aachen.de",61,"61","uds",unix,64,4194304,10,50,45.918,5.4345,7.80422,7.688,10.052,3.34097,3.33383
10,"n23m0123.hpc.itc.rwth-aachen.de",10,"10","uds",62,"n23m0123.hpc.itc.rwth-aachen.de",62,"62","uds",unix,64,4194304,10,50,44.76,5.642,8.13565,7.88075,12.5045,3.38124,3.37485
10,"n23m0123.hpc.itc.rwth-aachen.de",10,"10","uds",63,"n23m0123.hpc.itc.rwth-aachen.de",63,"63","uds",unix,64,4194304,10,50,43.661,5.23,6.96904,7.12975,11.383,3.35442,3.35133
10,"n23m0123.hpc.itc.rwth-aachen.de",10,"10","uds",64,"n23m0123.hpc.itc.rwth-aachen.de",64,"64","uds",unix,64,4194304,10,50,46.178,5.356,7.92496,7.59625,10.743,3.38337,3.37738
10,"n23m0123.hpc.itc.rwth-aachen.de",10,"10","uds",65,"n23m0123.hpc.itc.rwth-aachen.de",65,"65","uds",unix,64,4194304,10,50,45.911,5.005,7.44615,7.3335,9.8035,3.36964,3.37156
10,"n23m0123.hpc.itc.rwth-aachen.de",10,"10","uds",66,"n23m0123.hpc.itc.rwth-aachen.de",66,"66","uds",unix,64,4194304,10,50,42.812,5.337,7.7884,7.48025,12.7935,3.36956,3.3675
10,"n23m0123.hpc.itc.rwth-aachen.de",10,"10","uds",67,"n23m0123.hpc.itc.rwth-aachen.de",67,"67","uds",unix,64,4194304,10,50,39.317,5.315,7.13727,7.18775,10.4545,3.40101,3.39127
10,"n23m0123.hpc.itc.rwth-aachen.de",10,"10","uds",68,"n23m0123.hpc.itc.rwth-aachen.de",68,"68","uds",unix,64,4194304,10,50,42.435,5.3595,7.21615,7.083,11.176,3.36661,3.35945
10,"n23m0123.hpc.itc.rwth-aachen.de",10,"10","uds",69,"n23m0123.hpc.itc.rwth-aachen.de",69,"69","uds",unix,64,4194304,10,50,40.583,5.771,8.11809,7.801,11.4145,3.33839,3.33492
10,"n23m0123.hpc.itc.rwth-aachen.de",10,"10","uds",70,"n23m0123.hpc.itc.rwth-aachen.de",70,"70","uds",unix,64,4194304,10,50,37.65,5.231,7.55894,7.3415,11.461,3.33024,3.32155
10,"n23m0123.hpc.itc.rwth-aachen.de",10,"10","uds",71,"n23m0123.hpc.itc.rwth-aachen.de",71,"71","uds",unix,64,4194304,10,50,37.948,5.8965,8.32888,8.43375,10.5055,3.36394,3.36298
10,"n23m0123.hpc.itc.rwth-aachen.de",10,"10","uds",72,"n23m0123.hpc.itc.rwth-aachen.de",72,"72","uds",unix,64,4194304,10,50,46.009,5.363,7.77693,7.6415,12.307,3.35362,3.34573
10,"n23m0123.hpc.itc.rwth-aachen.de",10,"10","uds",73,"n23m0123.hpc.itc.rwth-aachen.de",73,"73","uds",unix,64,4194304,10,50,46.244,5.346,7.81509,7.48925,10.817,3.33672,3.33625
10,"n23m0123.hpc.itc.rwth-aachen.de",10,"10","uds",74,"n23m0123.hpc.itc.rwth-aachen.de",74,"74","uds",unix,64,4194304,10,50,45.499,5.0645,7.53092,7.2985,10.1615,3.33691,3.33643
10,"n23m0123.hpc.itc.rwth-aachen.de",10,"10","uds",75,"n23m0123.hpc.itc.rwth-aachen.de",75,"75","uds",unix,64,4194304,10,50,46.434,5.635,7.76053,7.49525,10.4375,3.32021,3.31266
10,"n23m0123.hpc.itc.rwth-aachen.de",10,"10","uds",76,"n23m0123.hpc.itc.rwth-aachen.de",76,"76","uds",unix,64,4194304,10,50,64.52,5.346,8.05004,7.77375,13.588,3.3927,3.38161
10,"n23m0123.hpc.itc.rwth-aachen.de",10,"10","uds",77,"n23m0123.hpc.itc.rwth-aachen.de",77,"77","uds",unix,64,4194304,10,50,66.494,5.439,7.18761,7.313,9.2475,3.36546,3.36398
10,"n23m0123.hpc.itc.rwth-aachen.de",10,"10","uds",78,"n23m0123.hpc.itc.rwth-aachen.de",78,"78","uds",unix,64,4194304,10,50,46.876,5.193,6.69505,6.8755,10.18,3.35441,3.3529
10,"n23m0123.hpc.itc.rwth-aachen.de",10,"10","uds",79,"n23m0123.hpc.itc.rwth-aachen.de",79,"79","uds",unix,64,4194304,10,50,40.395,5.2095,7.20242,7.36525,9.391,3.3805,3.38101
10,"n23m0123.hpc.itc.rwth-aachen.de",10,"10","uds",80,"n23m0123.hpc.itc.rwth-aachen.de",80,"80","uds",unix,64,4194304,10,50,37.682,5.022,7.22548,7.20875,9.9345,3.34175,3.3307
10,"n23m0123.hpc.itc.rwth-aachen.de",10,"10","uds",81,"n23m0123.hpc.itc.rwth-aachen.de",81,"81","uds",unix,64,4194304,10,50,38.888,5.224,7.09323,7.24775,9.877,3.38034,3.37106
10,"n23m0123.hpc.itc.rwth-aachen.de",10,"10","uds",82,"n23m0123.hpc.itc.rwth-aachen.de",82,"82","uds",unix,64,4194304,10,50,40.045,5.432,7.55249,7.5195,12.538,3.35499,3.35071
10,"n23m0123.hpc.itc.rwth-aachen.de",10,"10","uds",83,"n23m0123.hpc.itc.rwth-aachen.de",83,"83","uds",unix,64,4194304,10,50,41.613,5.6825,8.37679,7.986,13.1585,3.32533,3.3263
10,"n23m0123.hpc.itc.rwth-aachen.de",10,"10","uds",84,"n23m0123.hpc.itc.rwth-aachen.de",84,"84","uds",unix,64,4194304,10,50,42.364,4.947,6.80116,7.03075,10.5445,3.34542,3.33929
10,"n23m0123.hpc.itc.rwth-aachen.de",10,"10","uds",85,"n23m0123.hpc.itc.rwth-aachen.de",85,"85","uds",unix,64,4194304,10,50,48.296,5.094,7.08461,7.128,10.9045,3.34746,3.35298
10,"n23m0123.hpc.itc.rwth-aachen.de",10,"10","uds",86,"n23m0123.hpc.itc.rwth-aachen.de",86,"86","uds",unix,64,4194304,10,50,46.509,5.3885,7.6603,7.39175,13.3325,3.35304,3.33872
10,"n23m0123.hpc.itc.rwth-aachen.de",10,"10","uds",87,"n23m0123.hpc.itc.rwth-aachen.de",87,"87","uds",unix,64,4194304,10,50,42.142,5.4675,8.20222,7.92975,10.9055,3.36222,3.3475
10,"n23m0123.hpc.itc.rwth-aachen.de",10,"10","uds",88,"n23m0123.hpc.itc.rwth-aachen.de",88,"88","uds",unix,64,4194304,10,50,39.14,5.564,8.10394,7.81325,12.1745,3.36927,3.36822
10,"n23m0123.hpc.itc.rwth-aachen.de",10,"10","uds",89,"n23m0123.hpc.itc.rwth-aachen.de",89,"89","uds",unix,64,4194304,10,50,37.194,5.456,7.27133,7.4565,9.6795,3.37417,3.14681
10,"n23m0123.hpc.itc.rwth-aachen.de",10,"10","uds",90,"n23m0123.hpc.itc.rwth-aachen.de",90,"90","uds",unix,64,4194304,10,50,65.295,5.551,7.58243,7.7945,10.072,1.77525,1.98655
10,"n23m0123.hpc.itc.rwth-aachen.de",10,"10","uds",91,"n23m0123.hpc.itc.rwth-aachen.de",91,"91","uds",unix,64,4194304,10,50,79.231,9.601,20.1283,12.133,372.573,1.6869,1.68821
10,"n23m0123.hpc.itc.rwth-aachen.de",10,"10","uds",92,"n23m0123.hpc.itc.rwth-aachen.de",92,"92","uds",unix,64,4194304,10,50,83.96,9.71,12.7678,12.7573,20.6865,1.69345,1.69186
10,"n23m0123.hpc.itc.rwth-aachen.de",10,"10","uds",93,"n23m0123.hpc.itc.rwth-aachen.de",93,"93","uds",unix,64,4194304,10,50,80.227,10.162,16.9685,14.4967,58.099,1.69703,1.69824
10,"n23m0123.hpc.itc.rwth-aachen.de",10,"10","uds",94,"n23m0123.hpc.itc.rwth-aachen.de",94,"94","uds",unix,64,4194304,10,50,79.58,10.5045,16.8903,16.701,25.385,1.62364,1.57488
10,"n23m0123.hpc.itc.rwth-aachen.de",10,"10","uds",95,"n23m0123.hpc.itc.rwth-aachen.de",95,"95","uds",unix,64,4194304,10,50,79.279,10.354,16.2491,16.154,26.8615,1.67843,1.65574
11,"n23m0123.hpc.itc.rwth-aachen.de",11,"11","uds",12,"n23m0123.hpc.itc.rwth-aachen.de",12,"12","uds",unix,64,4194304,10,50,167.721,4.9355,7.04521,7.22025,8.2645,4.79026,4.7322
11,"n23m0123.hpc.itc.rwth-aachen.de",11,"11","uds",13,"n23m0123.hpc.itc.rwth-aachen.de",13,"13","uds",unix,64,4194304,10,50,55.696,2.8055,4.03336,3.99925,5.2075,6.54824,6.51785
11,"n23m0123.hpc.itc.rwth-aachen.de",11,"11","uds",14,"n23m0123.hpc.itc.rwth-aachen.de",14,"14","uds",unix,64,4194304,10,50,48.15,2.653,3.8684,3.761,7.345,6.68767,6.74594
11,"n23m0123.hpc.itc.rwth-aachen.de",11,"11","uds",15,"n23m0123.hpc.itc.rwth-aachen.de",15,"15","uds",unix,64,4194304,10,50,34.137,2.487,3.20938,3.33275,4.4065,6.979,7.03768
11,"n23m0123.hpc.itc.rwth-aachen.de",11,"11","uds",16,"n23m0123.hpc.itc.rwth-aachen.de",16,"16","uds",unix,64,4194304,10,50,35.102,2.807,4.12004,3.85475,9.8055,7.09141,7.0448
11,"n23m0123.hpc.itc.rwth-aachen.de",11,"11","uds",17,"n23m0123.hpc.itc.rwth-aachen.de",17,"17","uds",unix,64,4194304,10,50,34.946,2.5775,3.15185,2.807,4.686,6.94393,6.89729
11,"n23m0123.hpc.itc.rwth-aachen.de",11,"11","uds",18,"n23m0123.hpc.itc.rwth-aachen.de",18,"18","uds",unix,64,4194304,10,50,33.616,2.549,3.64804,3.611,4.9115,7.17409,7.10829
11,"n23m0123.hpc.itc.rwth-aachen.de",11,"11","uds",19,"n23m0123.hpc.itc.rwth-aachen.de",19,"19","uds",unix,64,4194304,10,50,32.349,2.6635,3.60299,3.72975,4.9625,7.20056,7.11923
11,"n23m0123.hpc.itc.rwth-aachen.de",11,"11","uds",20,"n23m0123.hpc.itc.rwth-aachen.de",20,"20","uds",unix,64,4194304,10,50,32.399,2.5105,3.30547,3.12975,5.4005,6.82549,6.78929
11,"n23m0123.hpc.itc.rwth-aachen.de",11,"11","uds",21,"n23m0123.hpc.itc.rwth-aachen.de",21,"21","uds",unix,64,4194304,10,50,31.721,2.553,3.31117,2.80325,5.8825,6.8458,6.79258
11,"n23m0123.hpc.itc.rwth-aachen.de",11,"11","uds",22,"n23m0123.hpc.itc.rwth-aachen.de",22,"22","uds",unix,64,4194304,10,50,33.491,2.55,3.32357,3.37725,8.0535,7.13379,7.06593
11,"n23m0123.hpc.itc.rwth-aachen.de",11,"11","uds",23,"n23m0123.hpc.itc.rwth-aachen.de",23,"23","uds",unix,64,4194304,10,50,33.479,2.745,4.20931,4.05025,5.6945,6.89764,6.82216
11,"n23m0123.hpc.itc.rwth-aachen.de",11,"11","uds",24,"n23m0123.hpc.itc.rwth-aachen.de",24,"24","uds",unix,64,4194304,10,50,37.279,2.719,3.82928,3.826,6.045,6.88541,6.88789
11,"n23m0123.hpc.itc.rwth-aachen.de",11,"11","uds",25,"n23m0123.hpc.itc.rwth-aachen.de",25,"25","uds",unix,64,4194304,10,50,40.076,2.8495,3.83024,3.755,5.4665,6.98964,6.91977
11,"n23m0123.hpc.itc.rwth-aachen.de",11,"11","uds",26,"n23m0123.hpc.itc.rwth-aachen.de",26,"26","uds",unix,64,4194304,10,50,39.761,2.704,4.14977,4.451,6.5585,6.89484,6.82993
11,"n23m0123.hpc.itc.rwth-aachen.de",11,"11","uds",27,"n23m0123.hpc.itc.rwth-aachen.de",27,"27","uds",unix,64,4194304,10,50,33.329,2.7695,4.04493,3.9725,5.7905,6.86677,6.78775
11,"n23m0123.hpc.itc.rwth-aachen.de",11,"11","uds",28,"n23m0123.hpc.itc.rwth-aachen.de",28,"28","uds",unix,64,4194304,10,50,32.122,2.6265,3.33103,2.8645,4.922,7.02266,6.96256
11,"n23m0123.hpc.itc.rwth-aachen.de",11,"11","uds",29,"n23m0123.hpc.itc.rwth-aachen.de",29,"29","uds",unix,64,4194304,10,50,35.549,2.787,3.86083,3.7735,7.5415,6.98924,6.92047
11,"n23m0123.hpc.itc.rwth-aachen.de",11,"11","uds",30,"n23m0123.hpc.itc.rwth-aachen.de",30,"30","uds",unix,64,4194304,10,50,36.119,2.7605,4.21065,4.0165,5.239,7.03668,6.95518
11,"n23m0123.hpc.itc.rwth-aachen.de",11,"11","uds",31,"n23m0123.hpc.itc.rwth-aachen.de",31,"31","uds",unix,64,4194304,10,50,31.132,2.637,3.60837,3.58,6.9695,6.92218,6.85004
11,"n23m0123.hpc.itc.rwth-aachen.de",11,"11","uds",32,"n23m0123.hpc.itc.rwth-aachen.de",32,"32","uds",unix,64,4194304,10,50,31.228,2.7405,3.8071,3.7555,5.0105,6.88194,6.80443
11,"n23m0123.hpc.itc.rwth-aachen.de",11,"11","uds",33,"n23m0123.hpc.itc.rwth-aachen.de",33,"33","uds",unix,64,4194304,10,50,35.456,2.6125,3.52885,3.58675,4.962,6.80945,6.75756
11,"n23m0123.hpc.itc.rwth-aachen.de",11,"11","uds",34,"n23m0123.hpc.itc.rwth-aachen.de",34,"34","uds",unix,64,4194304,10,50,31.436,2.7035,3.83732,3.87225,5.159,6.7631,6.73458
11,"n23m0123.hpc.itc.rwth-aachen.de",11,"11","uds",35,"n23m0123.hpc.itc.rwth-aachen.de",35,"35","uds",unix,64,4194304,10,50,34.304,2.9135,4.34622,4.12775,5.383,6.77151,6.69316
11,"n23m0123.hpc.itc.rwth-aachen.de",11,"11","uds",36,"n23m0123.hpc.itc.rwth-aachen.de",36,"36","uds",unix,64,4194304,10,50,35.661,2.7205,3.74086,3.7415,5.062,6.56229,6.54979
11,"n23m0123.hpc.itc.rwth-aachen.de",11,"11","uds",37,"n23m0123.hpc.itc.rwth-aachen.de",37,"37","uds",unix,64,4194304,10,50,39.135,2.857,4.24237,3.99075,13.504,6.60435,6.54478
11,"n23m0123.hpc.itc.rwth-aachen.de",11,"11","uds",38,"n23m0123.hpc.itc.rwth-aachen.de",38,"38","uds",unix,64,4194304,10,50,40.183,2.845,3.80949,3.804,5.384,6.50861,6.45859
11,"n23m0123.hpc.itc.rwth-aachen.de",11,"11","uds",39,"n23m0123.hpc.itc.rwth-aachen.de",39,"39","uds",unix,64,4194304,10,50,38.332,2.7665,4.17934,4.076,7.64,6.56529,6.52135
11,"n23m0123.hpc.itc.rwth-aachen.de",11,"11","uds",40,"n23m0123.hpc.itc.rwth-aachen.de",40,"40","uds",unix,64,4194304,10,50,36.75,2.8805,4.35812,4.191,8.494,6.48364,6.43753
11,"n23m0123.hpc.itc.rwth-aachen.de",11,"11","uds",41,"n23m0123.hpc.itc.rwth-aachen.de",41,"41","uds",unix,64,4194304,10,50,34.738,2.8545,3.83967,3.93875,7.1285,6.59758,6.53344
11,"n23m0123.hpc.itc.rwth-aachen.de",11,"11","uds",42,"n23m0123.hpc.itc.rwth-aachen.de",42,"42","uds",unix,64,4194304,10,50,34.505,2.922,4.23786,4.0905,5.241,6.56047,6.49626
11,"n23m0123.hpc.itc.rwth-aachen.de",11,"11","uds",43,"n23m0123.hpc.itc.rwth-aachen.de",43,"43","uds",unix,64,4194304,10,50,31.782,2.766,4.24298,4.111,5.348,6.5499,6.45791
11,"n23m0123.hpc.itc.rwth-aachen.de",11,"11","uds",44,"n23m0123.hpc.itc.rwth-aachen.de",44,"44","uds",unix,64,4194304,10,50,52.61,2.927,4.05114,3.977,5.27,6.51258,6.46594
11,"n23m0123.hpc.itc.rwth-aachen.de",11,"11","uds",45,"n23m0123.hpc.itc.rwth-aachen.de",45,"45","uds",unix,64,4194304,10,50,33.439,2.832,4.09297,4.004,5.3645,6.55261,6.48514
11,"n23m0123.hpc.itc.rwth-aachen.de",11,"11","uds",46,"n23m0123.hpc.itc.rwth-aachen.de",46,"46","uds",unix,64,4194304,10,50,34.84,2.749,3.8929,3.85875,5.581,6.49882,6.43166
11,"n23m0123.hpc.itc.rwth-aachen.de",11,"11","uds",47,"n23m0123.hpc.itc.rwth-aachen.de",47,"47","uds",unix,64,4194304,10,50,33.271,2.985,4.62678,4.759,8.219,6.47456,6.3934
11,"n23m0123.hpc.itc.rwth-aachen.de",11,"11","uds",48,"n23m0123.hpc.itc.rwth-aachen.de",48,"48","uds",unix,64,4194304,10,50,48.931,4.963,6.86395,6.92775,10.397,3.33165,3.32796
11,"n23m0123.hpc.itc.rwth-aachen.de",11,"11","uds",49,"n23m0123.hpc.itc.rwth-aachen.de",49,"49","uds",unix,64,4194304,10,50,63.258,5.536,8.14981,7.87075,10.16,3.38289,3.37183
11,"n23m0123.hpc.itc.rwth-aachen.de",11,"11","uds",50,"n23m0123.hpc.itc.rwth-aachen.de",50,"50","uds",unix,64,4194304,10,50,51.157,5.204,7.64227,7.46525,10.1185,3.36483,3.35381
11,"n23m0123.hpc.itc.rwth-aachen.de",11,"11","uds",51,"n23m0123.hpc.itc.rwth-aachen.de",51,"51","uds",unix,64,4194304,10,50,46.888,5.207,7.18876,7.3575,10.729,3.36861,3.3525
11,"n23m0123.hpc.itc.rwth-aachen.de",11,"11","uds",52,"n23m0123.hpc.itc.rwth-aachen.de",52,"52","uds",unix,64,4194304,10,50,45.153,5.1405,6.9384,7.06,10.0685,3.38853,3.39443
11,"n23m0123.hpc.itc.rwth-aachen.de",11,"11","uds",53,"n23m0123.hpc.itc.rwth-aachen.de",53,"53","uds",unix,64,4194304,10,50,39.765,5.35,7.16747,7.268,9.3525,3.34574,3.33832
11,"n23m0123.hpc.itc.rwth-aachen.de",11,"11","uds",54,"n23m0123.hpc.itc.rwth-aachen.de",54,"54","uds",unix,64,4194304,10,50,51.324,5.3595,8.02346,7.61375,12.479,3.34861,3.34375
11,"n23m0123.hpc.itc.rwth-aachen.de",11,"11","uds",55,"n23m0123.hpc.itc.rwth-aachen.de",55,"55","uds",unix,64,4194304,10,50,40.221,5.064,6.90863,6.81875,13.042,3.39049,3.38775
11,"n23m0123.hpc.itc.rwth-aachen.de",11,"11","uds",56,"n23m0123.hpc.itc.rwth-aachen.de",56,"56","uds",unix,64,4194304,10,50,43.226,5.4605,7.81179,7.6765,10.237,3.43678,3.42244
11,"n23m0123.hpc.itc.rwth-aachen.de",11,"11","uds",57,"n23m0123.hpc.itc.rwth-aachen.de",57,"57","uds",unix,64,4194304,10,50,39.406,5.257,7.60143,7.579,12.6905,3.37059,3.36343
11,"n23m0123.hpc.itc.rwth-aachen.de",11,"11","uds",58,"n23m0123.hpc.itc.rwth-aachen.de",58,"58","uds",unix,64,4194304,10,50,41.309,5.315,7.35827,7.42975,11.6555,3.41567,3.40816
11,"n23m0123.hpc.itc.rwth-aachen.de",11,"11","uds",59,"n23m0123.hpc.itc.rwth-aachen.de",59,"59","uds",unix,64,4194304,10,50,43.771,4.8505,7.2767,7.21275,12.7685,3.40209,3.39639
11,"n23m0123.hpc.itc.rwth-aachen.de",11,"11","uds",60,"n23m0123.hpc.itc.rwth-aachen.de",60,"60","uds",unix,64,4194304,10,50,49.184,5.397,7.81012,7.6445,14.7145,3.34255,3.32656
11,"n23m0123.hpc.itc.rwth-aachen.de",11,"11","uds",61,"n23m0123.hpc.itc.rwth-aachen.de",61,"61","uds",unix,64,4194304,10,50,51.922,6.7675,8.07841,7.8335,10.483,3.35439,3.35078
11,"n23m0123.hpc.itc.rwth-aachen.de",11,"11","uds",62,"n23m0123.hpc.itc.rwth-aachen.de",62,"62","uds",unix,64,4194304,10,50,48.377,5.3255,7.17251,7.2305,9.3155,3.38762,3.38933
11,"n23m0123.hpc.itc.rwth-aachen.de",11,"11","uds",63,"n23m0123.hpc.itc.rwth-aachen.de",63,"63","uds",unix,64,4194304,10,50,47.186,5.0845,7.06957,7.2365,9.6825,3.3728,3.36979
11,"n23m0123.hpc.itc.rwth-aachen.de",11,"11","uds",64,"n23m0123.hpc.itc.rwth-aachen.de",64,"64","uds",unix,64,4194304,10,50,40.946,5.0245,7.41503,7.32,10.218,3.38527,3.38638
11,"n23m0123.hpc.itc.rwth-aachen.de",11,"11","uds",65,"n23m0123.hpc.itc.rwth-aachen.de",65,"65","uds",unix,64,4194304,10,50,44.309,5.03,7.00611,7.162,9.5485,3.38884,3.38246
11,"n23m0123.hpc.itc.rwth-aachen.de",11,"11","uds",66,"n23m0123.hpc.itc.rwth-aachen.de",66,"66","uds",unix,64,4194304,10,50,45.625,5.655,8.1877,8.528,10.062,3.36453,3.36763
11,"n23m0123.hpc.itc.rwth-aachen.de",11,"11","uds",67,"n23m0123.hpc.itc.rwth-aachen.de",67,"67","uds",unix,64,4194304,10,50,40.269,5.33,7.04708,7.065,10.7645,3.41161,3.40782
11,"n23m0123.hpc.itc.rwth-aachen.de",11,"11","uds",68,"n23m0123.hpc.itc.rwth-aachen.de",68,"68","uds",unix,64,4194304,10,50,48.032,5.3685,7.30209,7.27075,11.547,3.4079,3.40002
11,"n23m0123.hpc.itc.rwth-aachen.de",11,"11","uds",69,"n23m0123.hpc.itc.rwth-aachen.de",69,"69","uds",unix,64,4194304,10,50,40.097,5.137,7.09329,7.26075,9.4625,3.36199,3.35199
11,"n23m0123.hpc.itc.rwth-aachen.de",11,"11","uds",70,"n23m0123.hpc.itc.rwth-aachen.de",70,"70","uds",unix,64,4194304,10,50,41.027,5.047,7.51353,7.21875,12.11,3.40678,3.39941
11,"n23m0123.hpc.itc.rwth-aachen.de",11,"11","uds",71,"n23m0123.hpc.itc.rwth-aachen.de",71,"71","uds",unix,64,4194304,10,50,46.18,5.189,7.44777,7.13125,13.0515,3.41114,3.40523
11,"n23m0123.hpc.itc.rwth-aachen.de",11,"11","uds",72,"n23m0123.hpc.itc.rwth-aachen.de",72,"72","uds",unix,64,4194304,10,50,50.43,5.1165,6.97521,7.15275,11.359,3.36384,3.35373
11,"n23m0123.hpc.itc.rwth-aachen.de",11,"11","uds",73,"n23m0123.hpc.itc.rwth-aachen.de",73,"73","uds",unix,64,4194304,10,50,47.782,6.8885,9.09917,9.252,13.2865,3.38779,3.39189
11,"n23m0123.hpc.itc.rwth-aachen.de",11,"11","uds",74,"n23m0123.hpc.itc.rwth-aachen.de",74,"74","uds",unix,64,4194304,10,50,48.881,5.0825,7.1881,7.38125,9.412,3.39688,3.39387
11,"n23m0123.hpc.itc.rwth-aachen.de",11,"11","uds",75,"n23m0123.hpc.itc.rwth-aachen.de",75,"75","uds",unix,64,4194304,10,50,48.801,5.347,7.8128,7.55125,9.965,3.27729,3.25797
11,"n23m0123.hpc.itc.rwth-aachen.de",11,"11","uds",76,"n23m0123.hpc.itc.rwth-aachen.de",76,"76","uds",unix,64,4194304,10,50,55.51,6.953,9.25752,8.88,16.1265,3.38317,3.3714
11,"n23m0123.hpc.itc.rwth-aachen.de",11,"11","uds",77,"n23m0123.hpc.itc.rwth-aachen.de",77,"77","uds",unix,64,4194304,10,50,54.57,5.374,8.63043,7.72275,19.1315,3.32168,3.24556
11,"n23m0123.hpc.itc.rwth-aachen.de",11,"11","uds",78,"n23m0123.hpc.itc.rwth-aachen.de",78,"78","uds",unix,64,4194304,10,50,61.989,5.0685,7.70403,7.591,13.5835,3.34692,3.34312
11,"n23m0123.hpc.itc.rwth-aachen.de",11,"11","uds",79,"n23m0123.hpc.itc.rwth-aachen.de",79,"79","uds",unix,64,4194304,10,50,50.367,5.6705,8.37464,8.39325,14.598,3.3782,3.36384
11,"n23m0123.hpc.itc.rwth-aachen.de",11,"11","uds",80,"n23m0123.hpc.itc.rwth-aachen.de",80,"80","uds",unix,64,4194304,10,50,41.134,5.2605,7.99466,8.42275,10.931,3.33378,3.32934
11,"n23m0123.hpc.itc.rwth-aachen.de",11,"11","uds",81,"n23m0123.hpc.itc.rwth-aachen.de",81,"81","uds",unix,64,4194304,10,50,41.523,5.3255,7.50111,7.47175,9.5915,3.36822,3.35305
11,"n23m0123.hpc.itc.rwth-aachen.de",11,"11","uds",82,"n23m0123.hpc.itc.rwth-aachen.de",82,"82","uds",unix,64,4194304,10,50,46.708,5.3685,7.9279,7.902,11.8425,3.3648,3.35384
11,"n23m0123.hpc.itc.rwth-aachen.de",11,"11","uds",83,"n23m0123.hpc.itc.rwth-aachen.de",83,"83","uds",unix,64,4194304,10,50,40.261,5.181,7.79649,7.7775,10.2335,3.33783,3.33195
11,"n23m0123.hpc.itc.rwth-aachen.de",11,"11","uds",84,"n23m0123.hpc.itc.rwth-aachen.de",84,"84","uds",unix,64,4194304,10,50,57.462,5.0795,6.85645,7.0215,9.413,3.3607,3.36101
11,"n23m0123.hpc.itc.rwth-aachen.de",11,"11","uds",85,"n23m0123.hpc.itc.rwth-aachen.de",85,"85","uds",unix,64,4194304,10,50,45.571,5.124,7.41645,7.332,9.8055,3.3943,3.39223
11,"n23m0123.hpc.itc.rwth-aachen.de",11,"11","uds",86,"n23m0123.hpc.itc.rwth-aachen.de",86,"86","uds",unix,64,4194304,10,50,48.349,5.8805,8.69911,8.926,10.872,3.34218,3.34112
11,"n23m0123.hpc.itc.rwth-aachen.de",11,"11","uds",87,"n23m0123.hpc.itc.rwth-aachen.de",87,"87","uds",unix,64,4194304,10,50,55.212,6.81,8.45909,8.58375,12.3,3.36338,3.35798
11,"n23m0123.hpc.itc.rwth-aachen.de",11,"11","uds",88,"n23m0123.hpc.itc.rwth-aachen.de",88,"88","uds",unix,64,4194304,10,50,43.123,5.3225,7.84584,7.54075,11.0975,3.40266,3.40537
11,"n23m0123.hpc.itc.rwth-aachen.de",11,"11","uds",89,"n23m0123.hpc.itc.rwth-aachen.de",89,"89","uds",unix,64,4194304,10,50,51.522,5.5465,7.94748,7.78525,10.3235,3.39381,3.3818
11,"n23m0123.hpc.itc.rwth-aachen.de",11,"11","uds",90,"n23m0123.hpc.itc.rwth-aachen.de",90,"90","uds",unix,64,4194304,10,50,46.333,5.2435,7.46844,7.30575,9.7415,3.41934,3.40049
11,"n23m0123.hpc.itc.rwth-aachen.de",11,"11","uds",91,"n23m0123.hpc.itc.rwth-aachen.de",91,"91","uds",unix,64,4194304,10,50,56.054,5.2885,7.69173,7.6185,9.6615,3.3911,3.38201
11,"n23m0123.hpc.itc.rwth-aachen.de",11,"11","uds",92,"n23m0123.hpc.itc.rwth-aachen.de",92,"92","uds",unix,64,4194304,10,50,45.439,5.361,7.87697,7.492,15.445,3.41257,3.40238
11,"n23m0123.hpc.itc.rwth-aachen.de",11,"11","uds",93,"n23m0123.hpc.itc.rwth-aachen.de",93,"93","uds",unix,64,4194304,10,50,46.331,5.4915,7.81408,7.67625,11.2025,3.3519,3.35405
11,"n23m0123.hpc.itc.rwth-aachen.de",11,"11","uds",94,"n23m0123.hpc.itc.rwth-aachen.de",94,"94","uds",unix,64,4194304,10,50,41.294,8.0105,9.32784,9.2895,14.189,3.32498,3.31833
11,"n23m0123.hpc.itc.rwth-aachen.de",11,"11","uds",95,"n23m0123.hpc.itc.rwth-aachen.de",95,"95","uds",unix,64,4194304,10,50,41.597,5.4685,7.4896,7.2825,10.1645,3.32805,3.31941
12,"n23m0123.hpc.itc.rwth-aachen.de",12,"12","uds",13,"n23m0123.hpc.itc.rwth-aachen.de",13,"13","uds",unix,64,4194304,10,50,98.612,2.474,3.06974,2.67825,4.703,7.15382,7.07234
12,"n23m0123.hpc.itc.rwth-aachen.de",12,"12","uds",14,"n23m0123.hpc.itc.rwth-aachen.de",14,"14","uds",unix,64,4194304,10,50,50.974,2.562,3.44179,3.44075,6.22,7.19114,7.11086
12,"n23m0123.hpc.itc.rwth-aachen.de",12,"12","uds",15,"n23m0123.hpc.itc.rwth-aachen.de",15,"15","uds",unix,64,4194304,10,50,38.744,2.4495,3.43834,3.4935,5.1015,7.60559,7.53734
12,"n23m0123.hpc.itc.rwth-aachen.de",12,"12","uds",16,"n23m0123.hpc.itc.rwth-aachen.de",16,"16","uds",unix,64,4194304,10,50,45.06,2.47,3.65067,3.558,6.968,7.52902,7.46475
12,"n23m0123.hpc.itc.rwth-aachen.de",12,"12","uds",17,"n23m0123.hpc.itc.rwth-aachen.de",17,"17","uds",unix,64,4194304,10,50,36.614,2.42,2.89557,2.60575,7.239,7.32839,7.2541
12,"n23m0123.hpc.itc.rwth-aachen.de",12,"12","uds",18,"n23m0123.hpc.itc.rwth-aachen.de",18,"18","uds",unix,64,4194304,10,50,39.36,2.373,3.55598,3.42175,10.8715,7.5872,7.52667
12,"n23m0123.hpc.itc.rwth-aachen.de",12,"12","uds",19,"n23m0123.hpc.itc.rwth-aachen.de",19,"19","uds",unix,64,4194304,10,50,34.489,2.5245,4.05522,4.563,7.1385,7.57273,7.50233
12,"n23m0123.hpc.itc.rwth-aachen.de",12,"12","uds",20,"n23m0123.hpc.itc.rwth-aachen.de",20,"20","uds",unix,64,4194304,10,50,36.633,2.562,3.30147,2.86825,4.976,7.27136,7.19833
12,"n23m0123.hpc.itc.rwth-aachen.de",12,"12","uds",21,"n23m0123.hpc.itc.rwth-aachen.de",21,"21","uds",unix,64,4194304,10,50,38.126,2.374,2.98772,2.6465,6.304,7.22985,7.14835
12,"n23m0123.hpc.itc.rwth-aachen.de",12,"12","uds",22,"n23m0123.hpc.itc.rwth-aachen.de",22,"22","uds",unix,64,4194304,10,50,40.338,2.4985,3.18737,2.757,7.882,7.58074,7.50515
12,"n23m0123.hpc.itc.rwth-aachen.de",12,"12","uds",23,"n23m0123.hpc.itc.rwth-aachen.de",23,"23","uds",unix,64,4194304,10,50,50.635,2.5645,3.44784,3.6145,4.9535,7.25963,7.15853
12,"n23m0123.hpc.itc.rwth-aachen.de",12,"12","uds",24,"n23m0123.hpc.itc.rwth-aachen.de",24,"24","uds",unix,64,4194304,10,50,38.443,2.849,4.17055,4.03825,5.367,6.45786,6.3733
12,"n23m0123.hpc.itc.rwth-aachen.de",12,"12","uds",25,"n23m0123.hpc.itc.rwth-aachen.de",25,"25","uds",unix,64,4194304,10,50,36.856,2.919,4.19909,4.1775,5.5835,6.41313,6.36864
12,"n23m0123.hpc.itc.rwth-aachen.de",12,"12","uds",26,"n23m0123.hpc.itc.rwth-aachen.de",26,"26","uds",unix,64,4194304,10,50,36.84,2.877,4.45478,4.90525,5.512,6.40168,6.3522
12,"n23m0123.hpc.itc.rwth-aachen.de",12,"12","uds",27,"n23m0123.hpc.itc.rwth-aachen.de",27,"27","uds",unix,64,4194304,10,50,38.074,3.358,5.01858,5.2775,5.8435,6.36628,6.29367
12,"n23m0123.hpc.itc.rwth-aachen.de",12,"12","uds",28,"n23m0123.hpc.itc.rwth-aachen.de",28,"28","uds",unix,64,4194304,10,50,41.188,2.81,4.28101,4.117,5.312,6.5113,6.45216
12,"n23m0123.hpc.itc.rwth-aachen.de",12,"12","uds",29,"n23m0123.hpc.itc.rwth-aachen.de",29,"29","uds",unix,64,4194304,10,50,36.433,2.905,4.56913,4.2495,7.6435,6.46133,6.37773
12,"n23m0123.hpc.itc.rwth-aachen.de",12,"12","uds",30,"n23m0123.hpc.itc.rwth-aachen.de",30,"30","uds",unix,64,4194304,10,50,38.087,3.221,4.85641,4.9525,8.017,6.51727,6.43876
12,"n23m0123.hpc.itc.rwth-aachen.de",12,"12","uds",31,"n23m0123.hpc.itc.rwth-aachen.de",31,"31","uds",unix,64,4194304,10,50,34.309,2.8165,4.26957,4.18275,5.3775,6.42247,6.33558
12,"n23m0123.hpc.itc.rwth-aachen.de",12,"12","uds",32,"n23m0123.hpc.itc.rwth-aachen.de",32,"32","uds",unix,64,4194304,10,50,33.412,3.024,4.75837,4.97225,5.631,6.50528,6.44097
12,"n23m0123.hpc.itc.rwth-aachen.de",12,"12","uds",33,"n23m0123.hpc.itc.rwth-aachen.de",33,"33","uds",unix,64,4194304,10,50,33.067,2.901,4.47144,4.825,5.3625,6.49167,6.43064
12,"n23m0123.hpc.itc.rwth-aachen.de",12,"12","uds",34,"n23m0123.hpc.itc.rwth-aachen.de",34,"34","uds",unix,64,4194304,10,50,34.293,3.2375,4.85923,5.071,5.674,6.40421,6.37685
12,"n23m0123.hpc.itc.rwth-aachen.de",12,"12","uds",35,"n23m0123.hpc.itc.rwth-aachen.de",35,"35","uds",unix,64,4194304,10,50,35.906,2.8835,4.33633,4.1085,6.631,6.42903,6.36076
12,"n23m0123.hpc.itc.rwth-aachen.de",12,"12","uds",36,"n23m0123.hpc.itc.rwth-aachen.de",36,"36","uds",unix,64,4194304,10,50,33.993,2.6375,3.50855,3.5785,4.9585,6.6866,6.63197
12,"n23m0123.hpc.itc.rwth-aachen.de",12,"12","uds",37,"n23m0123.hpc.itc.rwth-aachen.de",37,"37","uds",unix,64,4194304,10,50,35.29,2.713,3.95999,3.90075,5.411,6.75863,6.69442
12,"n23m0123.hpc.itc.rwth-aachen.de",12,"12","uds",38,"n23m0123.hpc.itc.rwth-aachen.de",38,"38","uds",unix,64,4194304,10,50,37.142,2.7925,3.93832,3.848,5.4215,6.72044,6.63448
12,"n23m0123.hpc.itc.rwth-aachen.de",12,"12","uds",39,"n23m0123.hpc.itc.rwth-aachen.de",39,"39","uds",unix,64,4194304,10,50,35.212,3.798,4.99903,5.07575,8.505,6.89659,6.83858
12,"n23m0123.hpc.itc.rwth-aachen.de",12,"12","uds",40,"n23m0123.hpc.itc.rwth-aachen.de",40,"40","uds",unix,64,4194304,10,50,33.896,2.693,3.7761,3.8115,5.2785,6.76702,6.71627
12,"n23m0123.hpc.itc.rwth-aachen.de",12,"12","uds",41,"n23m0123.hpc.itc.rwth-aachen.de",41,"41","uds",unix,64,4194304,10,50,32.985,2.7175,3.60431,3.64975,5.1745,6.91874,6.84644
12,"n23m0123.hpc.itc.rwth-aachen.de",12,"12","uds",42,"n23m0123.hpc.itc.rwth-aachen.de",42,"42","uds",unix,64,4194304,10,50,36.68,2.6185,4.01637,3.723,9.535,6.83064,6.78898
12,"n23m0123.hpc.itc.rwth-aachen.de",12,"12","uds",43,"n23m0123.hpc.itc.rwth-aachen.de",43,"43","uds",unix,64,4194304,10,50,33.563,2.634,3.80656,3.69425,7.0725,6.7977,6.73099
12,"n23m0123.hpc.itc.rwth-aachen.de",12,"12","uds",44,"n23m0123.hpc.itc.rwth-aachen.de",44,"44","uds",unix,64,4194304,10,50,33.736,2.7095,3.68501,3.75075,5.1935,6.90113,6.81994
12,"n23m0123.hpc.itc.rwth-aachen.de",12,"12","uds",45,"n23m0123.hpc.itc.rwth-aachen.de",45,"45","uds",unix,64,4194304,10,50,43.592,2.8905,4.19169,4.19325,5.379,6.82526,6.75007
12,"n23m0123.hpc.itc.rwth-aachen.de",12,"12","uds",46,"n23m0123.hpc.itc.rwth-aachen.de",46,"46","uds",unix,64,4194304,10,50,38.745,2.8755,4.37095,4.41425,7.3175,6.80646,6.73048
12,"n23m0123.hpc.itc.rwth-aachen.de",12,"12","uds",47,"n23m0123.hpc.itc.rwth-aachen.de",47,"47","uds",unix,64,4194304,10,50,33.596,2.704,3.76786,3.7945,5.3515,6.75958,6.69767
12,"n23m0123.hpc.itc.rwth-aachen.de",12,"12","uds",48,"n23m0123.hpc.itc.rwth-aachen.de",48,"48","uds",unix,64,4194304,10,50,47.859,5.212,6.84037,6.93,9.175,3.29963,3.29347
12,"n23m0123.hpc.itc.rwth-aachen.de",12,"12","uds",49,"n23m0123.hpc.itc.rwth-aachen.de",49,"49","uds",unix,64,4194304,10,50,49.582,5.203,7.23154,7.24425,11.6075,3.33873,3.32544
12,"n23m0123.hpc.itc.rwth-aachen.de",12,"12","uds",50,"n23m0123.hpc.itc.rwth-aachen.de",50,"50","uds",unix,64,4194304,10,50,53.191,5.15,7.11799,7.165,10.9735,3.35539,3.34952
12,"n23m0123.hpc.itc.rwth-aachen.de",12,"12","uds",51,"n23m0123.hpc.itc.rwth-aachen.de",51,"51","uds",unix,64,4194304,10,50,55.599,5.785,7.83383,7.50675,13.1835,3.36,3.35735
12,"n23m0123.hpc.itc.rwth-aachen.de",12,"12","uds",52,"n23m0123.hpc.itc.rwth-aachen.de",52,"52","uds",unix,64,4194304,10,50,47.81,5.344,7.09994,7.0955,9.676,3.38678,3.37893
12,"n23m0123.hpc.itc.rwth-aachen.de",12,"12","uds",53,"n23m0123.hpc.itc.rwth-aachen.de",53,"53","uds",unix,64,4194304,10,50,46.852,5.092,6.97491,7.12675,9.518,3.35033,3.3433
12,"n23m0123.hpc.itc.rwth-aachen.de",12,"12","uds",54,"n23m0123.hpc.itc.rwth-aachen.de",54,"54","uds",unix,64,4194304,10,50,46.557,5.0185,6.90514,7.00675,11.597,3.34551,3.33843
12,"n23m0123.hpc.itc.rwth-aachen.de",12,"12","uds",55,"n23m0123.hpc.itc.rwth-aachen.de",55,"55","uds",unix,64,4194304,10,50,48.732,5.0105,7.41859,7.278,12.5005,3.37665,3.36956
12,"n23m0123.hpc.itc.rwth-aachen.de",12,"12","uds",56,"n23m0123.hpc.itc.rwth-aachen.de",56,"56","uds",unix,64,4194304,10,50,42.784,5.5255,7.48117,7.26225,13.2215,3.38954,3.3825
12,"n23m0123.hpc.itc.rwth-aachen.de",12,"12","uds",57,"n23m0123.hpc.itc.rwth-aachen.de",57,"57","uds",unix,64,4194304,10,50,47.65,5.075,7.1372,7.188,9.874,3.33787,3.33352
12,"n23m0123.hpc.itc.rwth-aachen.de",12,"12","uds",58,"n23m0123.hpc.itc.rwth-aachen.de",58,"58","uds",unix,64,4194304,10,50,40.961,5.679,8.01707,7.70825,10.951,3.38001,3.37328
12,"n23m0123.hpc.itc.rwth-aachen.de",12,"12","uds",59,"n23m0123.hpc.itc.rwth-aachen.de",59,"59","uds",unix,64,4194304,10,50,39.639,5.397,7.53572,7.332,12.017,3.35237,3.33515
12,"n23m0123.hpc.itc.rwth-aachen.de",12,"12","uds",60,"n23m0123.hpc.itc.rwth-aachen.de",60,"60","uds",unix,64,4194304,10,50,45.602,5.2595,7.65044,7.5315,10.478,3.33452,3.32675
12,"n23m0123.hpc.itc.rwth-aachen.de",12,"12","uds",61,"n23m0123.hpc.itc.rwth-aachen.de",61,"61","uds",unix,64,4194304,10,50,50.403,5.2175,7.08748,7.1775,13.149,3.36086,3.36164
12,"n23m0123.hpc.itc.rwth-aachen.de",12,"12","uds",62,"n23m0123.hpc.itc.rwth-aachen.de",62,"62","uds",unix,64,4194304,10,50,52.006,5.05,6.64167,6.8605,12.2635,3.35534,3.35117
12,"n23m0123.hpc.itc.rwth-aachen.de",12,"12","uds",63,"n23m0123.hpc.itc.rwth-aachen.de",63,"63","uds",unix,64,4194304,10,50,42.768,6.698,7.89555,7.5565,12.048,3.29841,3.18108
12,"n23m0123.hpc.itc.rwth-aachen.de",12,"12","uds",64,"n23m0123.hpc.itc.rwth-aachen.de",64,"64","uds",unix,64,4194304,10,50,56.52,5.1985,7.21038,7.13925,11.9275,3.31679,3.31708
12,"n23m0123.hpc.itc.rwth-aachen.de",12,"12","uds",65,"n23m0123.hpc.itc.rwth-aachen.de",65,"65","uds",unix,64,4194304,10,50,51.672,5.4165,7.95492,7.6175,10.639,3.35003,3.33984
12,"n23m0123.hpc.itc.rwth-aachen.de",12,"12","uds",66,"n23m0123.hpc.itc.rwth-aachen.de",66,"66","uds",unix,64,4194304,10,50,44.319,5.3695,7.36148,7.241,9.4145,3.32082,3.31888
12,"n23m0123.hpc.itc.rwth-aachen.de",12,"12","uds",67,"n23m0123.hpc.itc.rwth-aachen.de",67,"67","uds",unix,64,4194304,10,50,41.565,5.0945,7.7169,7.5545,12.377,3.38901,3.38266
12,"n23m0123.hpc.itc.rwth-aachen.de",12,"12","uds",68,"n23m0123.hpc.itc.rwth-aachen.de",68,"68","uds",unix,64,4194304,10,50,44.356,5.437,7.28536,7.22575,9.9495,3.35577,3.34394
12,"n23m0123.hpc.itc.rwth-aachen.de",12,"12","uds",69,"n23m0123.hpc.itc.rwth-aachen.de",69,"69","uds",unix,64,4194304,10,50,43.276,5.3185,7.2186,7.34275,9.9535,3.32704,3.3188
12,"n23m0123.hpc.itc.rwth-aachen.de",12,"12","uds",70,"n23m0123.hpc.itc.rwth-aachen.de",70,"70","uds",unix,64,4194304,10,50,42.704,6.5835,8.30202,8.5615,10.858,3.35614,3.35188
12,"n23m0123.hpc.itc.rwth-aachen.de",12,"12","uds",71,"n23m0123.hpc.itc.rwth-aachen.de",71,"71","uds",unix,64,4194304,10,50,40.082,5.3045,7.49343,7.35475,11.9235,3.34466,3.34451
12,"n23m0123.hpc.itc.rwth-aachen.de",12,"12","uds",72,"n23m0123.hpc.itc.rwth-aachen.de",72,"72","uds",unix,64,4194304,10,50,46.906,5.1745,7.47449,7.4175,11.4115,3.31721,3.31753
12,"n23m0123.hpc.itc.rwth-aachen.de",12,"12","uds",73,"n23m0123.hpc.itc.rwth-aachen.de",73,"73","uds",unix,64,4194304,10,50,53.326,5.3595,7.66465,7.5675,12.9175,3.30396,3.29833
12,"n23m0123.hpc.itc.rwth-aachen.de",12,"12","uds",74,"n23m0123.hpc.itc.rwth-aachen.de",74,"74","uds",unix,64,4194304,10,50,47.802,5.2665,6.91502,7.1605,9.4445,3.31752,3.30843
12,"n23m0123.hpc.itc.rwth-aachen.de",12,"12","uds",75,"n23m0123.hpc.itc.rwth-aachen.de",75,"75","uds",unix,64,4194304,10,50,51.336,5.222,7.51325,7.519,12.7305,3.31598,3.31717
12,"n23m0123.hpc.itc.rwth-aachen.de",12,"12","uds",76,"n23m0123.hpc.itc.rwth-aachen.de",76,"76","uds",unix,64,4194304,10,50,43.8,5.2735,7.1002,7.16125,10.6105,3.33943,3.32364
12,"n23m0123.hpc.itc.rwth-aachen.de",12,"12","uds",77,"n23m0123.hpc.itc.rwth-aachen.de",77,"77","uds",unix,64,4194304,10,50,51.477,6.0655,8.2625,7.9695,13.6045,3.32375,3.31904
12,"n23m0123.hpc.itc.rwth-aachen.de",12,"12","uds",78,"n23m0123.hpc.itc.rwth-aachen.de",78,"78","uds",unix,64,4194304,10,50,42.139,5.332,7.10224,7.138,11.083,3.33119,3.32387
12,"n23m0123.hpc.itc.rwth-aachen.de",12,"12","uds",79,"n23m0123.hpc.itc.rwth-aachen.de",79,"79","uds",unix,64,4194304,10,50,48.324,5.538,7.52924,7.58375,9.955,3.36045,3.35176
12,"n23m0123.hpc.itc.rwth-aachen.de",12,"12","uds",80,"n23m0123.hpc.itc.rwth-aachen.de",80,"80","uds",unix,64,4194304,10,50,41.723,5.142,7.21849,7.24775,10.9135,3.32248,3.30707
12,"n23m0123.hpc.itc.rwth-aachen.de",12,"12","uds",81,"n23m0123.hpc.itc.rwth-aachen.de",81,"81","uds",unix,64,4194304,10,50,42.812,5.143,7.15891,7.08,12.8945,3.34897,3.34168
12,"n23m0123.hpc.itc.rwth-aachen.de",12,"12","uds",82,"n23m0123.hpc.itc.rwth-aachen.de",82,"82","uds",unix,64,4194304,10,50,43.557,6.1765,8.74754,9.18725,10.4215,3.32106,3.31619
12,"n23m0123.hpc.itc.rwth-aachen.de",12,"12","uds",83,"n23m0123.hpc.itc.rwth-aachen.de",83,"83","uds",unix,64,4194304,10,50,44.323,5.429,7.52437,7.609,9.9655,3.30515,3.29811
12,"n23m0123.hpc.itc.rwth-aachen.de",12,"12","uds",84,"n23m0123.hpc.itc.rwth-aachen.de",84,"84","uds",unix,64,4194304,10,50,39.874,5.2355,7.68345,7.35825,11.2875,3.3515,3.34747
12,"n23m0123.hpc.itc.rwth-aachen.de",12,"12","uds",85,"n23m0123.hpc.itc.rwth-aachen.de",85,"85","uds",unix,64,4194304,10,50,42.01,5.134,7.10076,7.131,9.403,3.33474,3.32711
12,"n23m0123.hpc.itc.rwth-aachen.de",12,"12","uds",86,"n23m0123.hpc.itc.rwth-aachen.de",86,"86","uds",unix,64,4194304,10,50,47.165,5.583,7.26122,7.3765,9.631,2.92735,2.76349
12,"n23m0123.hpc.itc.rwth-aachen.de",12,"12","uds",87,"n23m0123.hpc.itc.rwth-aachen.de",87,"87","uds",unix,64,4194304,10,50,76.113,7.4475,9.75562,9.71375,12.602,1.67184,1.6934
12,"n23m0123.hpc.itc.rwth-aachen.de",12,"12","uds",88,"n23m0123.hpc.itc.rwth-aachen.de",88,"88","uds",unix,64,4194304,10,50,73.634,9.932,12.642,12.4703,19.561,1.6791,1.68074
12,"n23m0123.hpc.itc.rwth-aachen.de",12,"12","uds",89,"n23m0123.hpc.itc.rwth-aachen.de",89,"89","uds",unix,64,4194304,10,50,75.18,10.1575,13.6664,13.395,22.159,1.6522,1.65169
12,"n23m0123.hpc.itc.rwth-aachen.de",12,"12","uds",90,"n23m0123.hpc.itc.rwth-aachen.de",90,"90","uds",unix,64,4194304,10,50,69.964,9.809,13.1471,12.9975,24.7275,1.69603,1.69484
12,"n23m0123.hpc.itc.rwth-aachen.de",12,"12","uds",91,"n23m0123.hpc.itc.rwth-aachen.de",91,"91","uds",unix,64,4194304,10,50,77.095,10.1835,13.4959,13.0835,21.2675,1.66771,1.66902
12,"n23m0123.hpc.itc.rwth-aachen.de",12,"12","uds",92,"n23m0123.hpc.itc.rwth-aachen.de",92,"92","uds",unix,64,4194304,10,50,71.756,10.0875,12.908,12.2733,19.837,1.68422,1.68424
12,"n23m0123.hpc.itc.rwth-aachen.de",12,"12","uds",93,"n23m0123.hpc.itc.rwth-aachen.de",93,"93","uds",unix,64,4194304,10,50,70.547,10.5035,13.164,12.6165,21.41,1.65416,1.61702
12,"n23m0123.hpc.itc.rwth-aachen.de",12,"12","uds",94,"n23m0123.hpc.itc.rwth-aachen.de",94,"94","uds",unix,64,4194304,10,50,93.879,9.6865,12.1007,11.8493,20.2025,1.67015,1.67268
12,"n23m0123.hpc.itc.rwth-aachen.de",12,"12","uds",95,"n23m0123.hpc.itc.rwth-aachen.de",95,"95","uds",unix,64,4194304,10,50,82.163,9.614,12.8701,13.1275,16.489,1.67682,1.67577
13,"n23m0123.hpc.itc.rwth-aachen.de",13,"13","uds",14,"n23m0123.hpc.itc.rwth-aachen.de",14,"14","uds",unix,64,4194304,10,50,134.401,3.878,5.93199,5.98975,10.836,5.00688,4.91446
13,"n23m0123.hpc.itc.rwth-aachen.de",13,"13","uds",15,"n23m0123.hpc.itc.rwth-aachen.de",15,"15","uds",unix,64,4194304,10,50,70.253,2.588,4.43232,3.795,14.8905,7.09909,7.08595
13,"n23m0123.hpc.itc.rwth-aachen.de",13,"13","uds",16,"n23m0123.hpc.itc.rwth-aachen.de",16,"16","uds",unix,64,4194304,10,50,48.435,2.5645,3.71199,3.66525,5.1695,7.35436,7.39456
13,"n23m0123.hpc.itc.rwth-aachen.de",13,"13","uds",17,"n23m0123.hpc.itc.rwth-aachen.de",17,"17","uds",unix,64,4194304,10,50,37.67,2.3705,3.97708,3.503,15.9655,7.00253,7.06558
13,"n23m0123.hpc.itc.rwth-aachen.de",13,"13","uds",18,"n23m0123.hpc.itc.rwth-aachen.de",18,"18","uds",unix,64,4194304,10,50,46.207,2.5315,3.3741,3.1405,5.016,7.45051,7.31973
13,"n23m0123.hpc.itc.rwth-aachen.de",13,"13","uds",19,"n23m0123.hpc.itc.rwth-aachen.de",19,"19","uds",unix,64,4194304,10,50,53.4,2.6945,4.4228,4.731,5.0785,7.46422,7.29882
13,"n23m0123.hpc.itc.rwth-aachen.de",13,"13","uds",20,"n23m0123.hpc.itc.rwth-aachen.de",20,"20","uds",unix,64,4194304,10,50,44.486,2.351,2.84715,2.5465,5.1485,7.30792,7.23296
13,"n23m0123.hpc.itc.rwth-aachen.de",13,"13","uds",21,"n23m0123.hpc.itc.rwth-aachen.de",21,"21","uds",unix,64,4194304,10,50,44.299,2.442,3.10651,2.7165,4.69,7.18405,7.05992
13,"n23m0123.hpc.itc.rwth-aachen.de",13,"13","uds",22,"n23m0123.hpc.itc.rwth-aachen.de",22,"22","uds",unix,64,4194304,10,50,59.396,2.4775,3.0388,2.63625,7.5175,7.5136,7.39954
13,"n23m0123.hpc.itc.rwth-aachen.de",13,"13","uds",23,"n23m0123.hpc.itc.rwth-aachen.de",23,"23","uds",unix,64,4194304,10,50,61.888,2.66,4.6897,4.3425,14.991,7.15536,7.10634
13,"n23m0123.hpc.itc.rwth-aachen.de",13,"13","uds",24,"n23m0123.hpc.itc.rwth-aachen.de",24,"24","uds",unix,64,4194304,10,50,54.573,2.8175,4.55677,3.88825,24.05,6.52515,6.48447
13,"n23m0123.hpc.itc.rwth-aachen.de",13,"13","uds",25,"n23m0123.hpc.itc.rwth-aachen.de",25,"25","uds",unix,64,4194304,10,50,44.082,2.9215,4.50816,4.2325,14.301,6.59222,6.53521
13,"n23m0123.hpc.itc.rwth-aachen.de",13,"13","uds",26,"n23m0123.hpc.itc.rwth-aachen.de",26,"26","uds",unix,64,4194304,10,50,49.041,2.8715,4.54683,4.06475,14.9465,6.52646,6.45826
13,"n23m0123.hpc.itc.rwth-aachen.de",13,"13","uds",27,"n23m0123.hpc.itc.rwth-aachen.de",27,"27","uds",unix,64,4194304,10,50,36.338,2.8785,4.22591,4.25525,5.271,6.42062,6.36682
13,"n23m0123.hpc.itc.rwth-aachen.de",13,"13","uds",28,"n23m0123.hpc.itc.rwth-aachen.de",28,"28","uds",unix,64,4194304,10,50,40.621,2.9665,4.43883,4.62825,5.2145,6.59369,6.51929
13,"n23m0123.hpc.itc.rwth-aachen.de",13,"13","uds",29,"n23m0123.hpc.itc.rwth-aachen.de",29,"29","uds",unix,64,4194304,10,50,33.981,2.715,3.68337,3.7445,5.431,6.51333,6.46832
13,"n23m0123.hpc.itc.rwth-aachen.de",13,"13","uds",30,"n23m0123.hpc.itc.rwth-aachen.de",30,"30","uds",unix,64,4194304,10,50,38.751,2.7605,3.96032,3.83175,5.252,6.65328,6.57026
13,"n23m0123.hpc.itc.rwth-aachen.de",13,"13","uds",31,"n23m0123.hpc.itc.rwth-aachen.de",31,"31","uds",unix,64,4194304,10,50,32.775,2.7505,3.866,3.8625,7.0685,6.47741,6.43185
13,"n23m0123.hpc.itc.rwth-aachen.de",13,"13","uds",32,"n23m0123.hpc.itc.rwth-aachen.de",32,"32","uds",unix,64,4194304,10,50,33.238,2.8705,3.93579,3.8325,10.3575,6.52099,6.37399
13,"n23m0123.hpc.itc.rwth-aachen.de",13,"13","uds",33,"n23m0123.hpc.itc.rwth-aachen.de",33,"33","uds",unix,64,4194304,10,50,49.907,2.9785,14.2234,4.56825,479.156,6.54435,6.41832
13,"n23m0123.hpc.itc.rwth-aachen.de",13,"13","uds",34,"n23m0123.hpc.itc.rwth-aachen.de",34,"34","uds",unix,64,4194304,10,50,50.288,3.0945,4.60784,4.82375,5.4675,6.56632,6.49337
13,"n23m0123.hpc.itc.rwth-aachen.de",13,"13","uds",35,"n23m0123.hpc.itc.rwth-aachen.de",35,"35","uds",unix,64,4194304,10,50,40.704,2.8915,4.34757,4.264,5.4975,6.49124,6.41928
13,"n23m0123.hpc.itc.rwth-aachen.de",13,"13","uds",36,"n23m0123.hpc.itc.rwth-aachen.de",36,"36","uds",unix,64,4194304,10,50,37.921,2.6475,3.74593,3.7065,4.8,6.78258,6.72778
13,"n23m0123.hpc.itc.rwth-aachen.de",13,"13","uds",37,"n23m0123.hpc.itc.rwth-aachen.de",37,"37","uds",unix,64,4194304,10,50,40.215,2.688,4.14357,4.58625,5.125,6.77613,6.72775
13,"n23m0123.hpc.itc.rwth-aachen.de",13,"13","uds",38,"n23m0123.hpc.itc.rwth-aachen.de",38,"38","uds",unix,64,4194304,10,50,40.268,2.8465,4.33047,4.594,7.2305,6.69457,6.64404
13,"n23m0123.hpc.itc.rwth-aachen.de",13,"13","uds",39,"n23m0123.hpc.itc.rwth-aachen.de",39,"39","uds",unix,64,4194304,10,50,42.853,3.8055,5.06894,4.9855,8.795,6.93018,6.8482
13,"n23m0123.hpc.itc.rwth-aachen.de",13,"13","uds",40,"n23m0123.hpc.itc.rwth-aachen.de",40,"40","uds",unix,64,4194304,10,50,36.629,2.8595,4.04937,4.01375,5.883,6.84468,6.77363
13,"n23m0123.hpc.itc.rwth-aachen.de",13,"13","uds",41,"n23m0123.hpc.itc.rwth-aachen.de",41,"41","uds",unix,64,4194304,10,50,35.098,3.966,4.87952,4.9545,6.915,6.94512,6.87341
13,"n23m0123.hpc.itc.rwth-aachen.de",13,"13","uds",42,"n23m0123.hpc.itc.rwth-aachen.de",42,"42","uds",unix,64,4194304,10,50,33.575,2.8585,3.98857,3.8765,5.264,6.94114,6.86939
13,"n23m0123.hpc.itc.rwth-aachen.de",13,"13","uds",43,"n23m0123.hpc.itc.rwth-aachen.de",43,"43","uds",unix,64,4194304,10,50,42.418,2.8115,4.02384,4.06975,5.252,6.92747,6.83954
13,"n23m0123.hpc.itc.rwth-aachen.de",13,"13","uds",44,"n23m0123.hpc.itc.rwth-aachen.de",44,"44","uds",unix,64,4194304,10,50,34.618,2.6525,3.93141,3.7695,5.0785,6.93183,6.86363
13,"n23m0123.hpc.itc.rwth-aachen.de",13,"13","uds",45,"n23m0123.hpc.itc.rwth-aachen.de",45,"45","uds",unix,64,4194304,10,50,33.278,2.853,4.34446,4.59725,5.151,6.88485,6.80435
13,"n23m0123.hpc.itc.rwth-aachen.de",13,"13","uds",46,"n23m0123.hpc.itc.rwth-aachen.de",46,"46","uds",unix,64,4194304,10,50,40.444,2.9245,4.59768,4.8015,5.445,6.87538,6.77129
13,"n23m0123.hpc.itc.rwth-aachen.de",13,"13","uds",47,"n23m0123.hpc.itc.rwth-aachen.de",47,"47","uds",unix,64,4194304,10,50,36.27,2.783,4.20657,4.34925,6.793,6.78228,6.74807
13,"n23m0123.hpc.itc.rwth-aachen.de",13,"13","uds",48,"n23m0123.hpc.itc.rwth-aachen.de",48,"48","uds",unix,64,4194304,10,50,46.53,5.4685,7.92347,7.7085,9.643,3.29929,3.2973
13,"n23m0123.hpc.itc.rwth-aachen.de",13,"13","uds",49,"n23m0123.hpc.itc.rwth-aachen.de",49,"49","uds",unix,64,4194304,10,50,45.615,5.3345,7.713,7.6645,13.191,3.33956,3.33687
13,"n23m0123.hpc.itc.rwth-aachen.de",13,"13","uds",50,"n23m0123.hpc.itc.rwth-aachen.de",50,"50","uds",unix,64,4194304,10,50,45.032,5.1395,7.06842,7.05525,10.5195,3.34899,3.34451
13,"n23m0123.hpc.itc.rwth-aachen.de",13,"13","uds",51,"n23m0123.hpc.itc.rwth-aachen.de",51,"51","uds",unix,64,4194304,10,50,55.524,5.2315,7.25071,7.27375,10.062,3.33125,3.33198
13,"n23m0123.hpc.itc.rwth-aachen.de",13,"13","uds",52,"n23m0123.hpc.itc.rwth-aachen.de",52,"52","uds",unix,64,4194304,10,50,45.593,5.096,7.17735,7.244,10.845,3.33012,3.3286
13,"n23m0123.hpc.itc.rwth-aachen.de",13,"13","uds",53,"n23m0123.hpc.itc.rwth-aachen.de",53,"53","uds",unix,64,4194304,10,50,45.199,5.6295,8.07155,7.54525,12.9525,3.28601,3.28318
13,"n23m0123.hpc.itc.rwth-aachen.de",13,"13","uds",54,"n23m0123.hpc.itc.rwth-aachen.de",54,"54","uds",unix,64,4194304,10,50,62.773,5.1615,7.02012,6.89325,11.5145,3.29975,3.28506
13,"n23m0123.hpc.itc.rwth-aachen.de",13,"13","uds",55,"n23m0123.hpc.itc.rwth-aachen.de",55,"55","uds",unix,64,4194304,10,50,47.051,5.2385,7.26522,7.33425,9.778,3.33656,3.34081
13,"n23m0123.hpc.itc.rwth-aachen.de",13,"13","uds",56,"n23m0123.hpc.itc.rwth-aachen.de",56,"56","uds",unix,64,4194304,10,50,46.849,5.543,7.79222,7.496,12.377,3.37088,3.36693
13,"n23m0123.hpc.itc.rwth-aachen.de",13,"13","uds",57,"n23m0123.hpc.itc.rwth-aachen.de",57,"57","uds",unix,64,4194304,10,50,46.471,5.218,7.39796,7.27625,12.1595,3.36033,3.35727
13,"n23m0123.hpc.itc.rwth-aachen.de",13,"13","uds",58,"n23m0123.hpc.itc.rwth-aachen.de",58,"58","uds",unix,64,4194304,10,50,47.478,5.2595,7.6191,7.394,11.9035,3.39095,3.39687
13,"n23m0123.hpc.itc.rwth-aachen.de",13,"13","uds",59,"n23m0123.hpc.itc.rwth-aachen.de",59,"59","uds",unix,64,4194304,10,50,43.917,5.139,7.50167,7.2525,13.031,3.3641,3.36495
13,"n23m0123.hpc.itc.rwth-aachen.de",13,"13","uds",60,"n23m0123.hpc.itc.rwth-aachen.de",60,"60","uds",unix,64,4194304,10,50,45.695,5.381,7.69899,7.43575,12.1805,3.31427,3.31312
13,"n23m0123.hpc.itc.rwth-aachen.de",13,"13","uds",61,"n23m0123.hpc.itc.rwth-aachen.de",61,"61","uds",unix,64,4194304,10,50,45.28,5.166,7.75791,7.4245,15.635,3.36017,3.35446
13,"n23m0123.hpc.itc.rwth-aachen.de",13,"13","uds",62,"n23m0123.hpc.itc.rwth-aachen.de",62,"62","uds",unix,64,4194304,10,50,44.798,4.9415,6.72849,6.96325,9.374,3.37853,3.37718
13,"n23m0123.hpc.itc.rwth-aachen.de",13,"13","uds",63,"n23m0123.hpc.itc.rwth-aachen.de",63,"63","uds",unix,64,4194304,10,50,50.332,4.881,6.7031,7.00175,9.146,3.38993,3.37924
13,"n23m0123.hpc.itc.rwth-aachen.de",13,"13","uds",64,"n23m0123.hpc.itc.rwth-aachen.de",64,"64","uds",unix,64,4194304,10,50,43.17,5.0235,6.87439,6.7775,12.7985,3.39869,3.39957
13,"n23m0123.hpc.itc.rwth-aachen.de",13,"13","uds",65,"n23m0123.hpc.itc.rwth-aachen.de",65,"65","uds",unix,64,4194304,10,50,46.623,5.3515,8.40261,7.79925,17.1045,3.36868,3.37117
13,"n23m0123.hpc.itc.rwth-aachen.de",13,"13","uds",66,"n23m0123.hpc.itc.rwth-aachen.de",66,"66","uds",unix,64,4194304,10,50,48.868,5.1015,7.26345,7.31825,11.5835,3.35032,3.35135
13,"n23m0123.hpc.itc.rwth-aachen.de",13,"13","uds",67,"n23m0123.hpc.itc.rwth-aachen.de",67,"67","uds",unix,64,4194304,10,50,41.291,5.688,7.93768,7.6105,11.054,3.35557,3.35364
13,"n23m0123.hpc.itc.rwth-aachen.de",13,"13","uds",68,"n23m0123.hpc.itc.rwth-aachen.de",68,"68","uds",unix,64,4194304,10,50,42.337,5.2905,7.15747,7.3235,11.1285,3.39002,3.37202
13,"n23m0123.hpc.itc.rwth-aachen.de",13,"13","uds",69,"n23m0123.hpc.itc.rwth-aachen.de",69,"69","uds",unix,64,4194304,10,50,48.81,4.9615,7.0617,7.1955,10.8665,3.3231,3.31704
13,"n23m0123.hpc.itc.rwth-aachen.de",13,"13","uds",70,"n23m0123.hpc.itc.rwth-aachen.de",70,"70","uds",unix,64,4194304,10,50,45.346,5.2425,7.38264,7.2985,11.363,3.36736,3.36214
13,"n23m0123.hpc.itc.rwth-aachen.de",13,"13","uds",71,"n23m0123.hpc.itc.rwth-aachen.de",71,"71","uds",unix,64,4194304,10,50,46.579,5.2015,7.01012,7.154,9.3215,3.38952,3.38576
13,"n23m0123.hpc.itc.rwth-aachen.de",13,"13","uds",72,"n23m0123.hpc.itc.rwth-aachen.de",72,"72","uds",unix,64,4194304,10,50,47.227,5.465,7.69175,7.494,10.8845,3.38068,3.35946
13,"n23m0123.hpc.itc.rwth-aachen.de",13,"13","uds",73,"n23m0123.hpc.itc.rwth-aachen.de",73,"73","uds",unix,64,4194304,10,50,47.573,5.3565,7.9554,7.67075,11.7625,3.35345,3.34724
13,"n23m0123.hpc.itc.rwth-aachen.de",13,"13","uds",74,"n23m0123.hpc.itc.rwth-aachen.de",74,"74","uds",unix,64,4194304,10,50,45.47,5.425,7.51596,7.48075,10.504,3.38895,3.37999
13,"n23m0123.hpc.itc.rwth-aachen.de",13,"13","uds",75,"n23m0123.hpc.itc.rwth-aachen.de",75,"75","uds",unix,64,4194304,10,50,52.309,5.0165,6.93119,7.281,10.634,3.36348,3.3633
13,"n23m0123.hpc.itc.rwth-aachen.de",13,"13","uds",76,"n23m0123.hpc.itc.rwth-aachen.de",76,"76","uds",unix,64,4194304,10,50,57.148,5.1215,6.73913,6.959,13.1335,3.36266,3.35745
13,"n23m0123.hpc.itc.rwth-aachen.de",13,"13","uds",77,"n23m0123.hpc.itc.rwth-aachen.de",77,"77","uds",unix,64,4194304,10,50,45.392,5.273,7.24072,7.2735,10.527,3.35838,3.34128
13,"n23m0123.hpc.itc.rwth-aachen.de",13,"13","uds",78,"n23m0123.hpc.itc.rwth-aachen.de",78,"78","uds",unix,64,4194304,10,50,48.534,4.891,6.94414,7.07825,11.5195,3.36306,3.36
13,"n23m0123.hpc.itc.rwth-aachen.de",13,"13","uds",79,"n23m0123.hpc.itc.rwth-aachen.de",79,"79","uds",unix,64,4194304,10,50,46.311,5.57,8.58743,8.892,12.3605,3.37091,3.36268
13,"n23m0123.hpc.itc.rwth-aachen.de",13,"13","uds",80,"n23m0123.hpc.itc.rwth-aachen.de",80,"80","uds",unix,64,4194304,10,50,61.412,5.345,7.71654,7.46325,10.3585,3.35789,3.34915
13,"n23m0123.hpc.itc.rwth-aachen.de",13,"13","uds",81,"n23m0123.hpc.itc.rwth-aachen.de",81,"81","uds",unix,64,4194304,10,50,43.921,5.1185,7.09561,7.28475,10.799,3.3689,3.36643
13,"n23m0123.hpc.itc.rwth-aachen.de",13,"13","uds",82,"n23m0123.hpc.itc.rwth-aachen.de",82,"82","uds",unix,64,4194304,10,50,48.553,5.4345,8.01263,7.9175,12.487,3.35486,3.34958
13,"n23m0123.hpc.itc.rwth-aachen.de",13,"13","uds",83,"n23m0123.hpc.itc.rwth-aachen.de",83,"83","uds",unix,64,4194304,10,50,44.295,5.1205,7.48064,7.331,10.273,3.3365,3.32651
13,"n23m0123.hpc.itc.rwth-aachen.de",13,"13","uds",84,"n23m0123.hpc.itc.rwth-aachen.de",84,"84","uds",unix,64,4194304,10,50,42.615,5.5365,8.21782,8.06775,14.142,3.40724,3.38754
13,"n23m0123.hpc.itc.rwth-aachen.de",13,"13","uds",85,"n23m0123.hpc.itc.rwth-aachen.de",85,"85","uds",unix,64,4194304,10,50,48.503,5.3265,7.55799,7.22625,12.723,3.41795,3.40511
13,"n23m0123.hpc.itc.rwth-aachen.de",13,"13","uds",86,"n23m0123.hpc.itc.rwth-aachen.de",86,"86","uds",unix,64,4194304,10,50,47.554,5.056,6.70603,6.9995,9.979,3.4158,3.40729
13,"n23m0123.hpc.itc.rwth-aachen.de",13,"13","uds",87,"n23m0123.hpc.itc.rwth-aachen.de",87,"87","uds",unix,64,4194304,10,50,52.252,5.461,8.07086,7.81175,10.5235,3.41073,3.39415
13,"n23m0123.hpc.itc.rwth-aachen.de",13,"13","uds",88,"n23m0123.hpc.itc.rwth-aachen.de",88,"88","uds",unix,64,4194304,10,50,44.316,5.286,7.38907,7.4455,10.0165,3.42751,3.42096
13,"n23m0123.hpc.itc.rwth-aachen.de",13,"13","uds",89,"n23m0123.hpc.itc.rwth-aachen.de",89,"89","uds",unix,64,4194304,10,50,45.382,5.37,8.05646,7.72525,11.3045,3.31977,3.27528
13,"n23m0123.hpc.itc.rwth-aachen.de",13,"13","uds",90,"n23m0123.hpc.itc.rwth-aachen.de",90,"90","uds",unix,64,4194304,10,50,62.89,5.116,7.55625,7.46925,10.61,3.37936,3.36835
13,"n23m0123.hpc.itc.rwth-aachen.de",13,"13","uds",91,"n23m0123.hpc.itc.rwth-aachen.de",91,"91","uds",unix,64,4194304,10,50,46.412,4.905,6.86568,6.9295,10.401,3.37388,3.36939
13,"n23m0123.hpc.itc.rwth-aachen.de",13,"13","uds",92,"n23m0123.hpc.itc.rwth-aachen.de",92,"92","uds",unix,64,4194304,10,50,46.983,5.1715,6.96525,7.028,9.488,3.37694,3.37217
13,"n23m0123.hpc.itc.rwth-aachen.de",13,"13","uds",93,"n23m0123.hpc.itc.rwth-aachen.de",93,"93","uds",unix,64,4194304,10,50,49.563,5.161,7.33535,7.29825,13.0165,3.38376,3.37052
13,"n23m0123.hpc.itc.rwth-aachen.de",13,"13","uds",94,"n23m0123.hpc.itc.rwth-aachen.de",94,"94","uds",unix,64,4194304,10,50,46.98,5.258,6.97584,7.142,11.9835,3.34578,3.34328
13,"n23m0123.hpc.itc.rwth-aachen.de",13,"13","uds",95,"n23m0123.hpc.itc.rwth-aachen.de",95,"95","uds",unix,64,4194304,10,50,47.128,5.6025,7.95857,7.55775,14.964,3.34169,3.3459
14,"n23m0123.hpc.itc.rwth-aachen.de",14,"14","uds",15,"n23m0123.hpc.itc.rwth-aachen.de",15,"15","uds",unix,64,4194304,10,50,94.344,2.629,4.11408,3.88625,8.5195,7.25755,7.20369
14,"n23m0123.hpc.itc.rwth-aachen.de",14,"14","uds",16,"n23m0123.hpc.itc.rwth-aachen.de",16,"16","uds",unix,64,4194304,10,50,60.271,2.5365,4.05082,3.8875,5.573,7.23917,7.17665
14,"n23m0123.hpc.itc.rwth-aachen.de",14,"14","uds",17,"n23m0123.hpc.itc.rwth-aachen.de",17,"17","uds",unix,64,4194304,10,50,45.117,2.798,4.12491,3.9785,5.5385,7.10322,7.01283
14,"n23m0123.hpc.itc.rwth-aachen.de",14,"14","uds",18,"n23m0123.hpc.itc.rwth-aachen.de",18,"18","uds",unix,64,4194304,10,50,40.07,2.4355,3.40689,3.54625,5.0115,7.44536,7.38202
14,"n23m0123.hpc.itc.rwth-aachen.de",14,"14","uds",19,"n23m0123.hpc.itc.rwth-aachen.de",19,"19","uds",unix,64,4194304,10,50,45.228,2.6425,4.37559,4.64975,6.182,7.46838,7.40566
14,"n23m0123.hpc.itc.rwth-aachen.de",14,"14","uds",20,"n23m0123.hpc.itc.rwth-aachen.de",20,"20","uds",unix,64,4194304,10,50,44.081,2.397,3.54098,3.06925,9.6405,7.25846,7.18088
14,"n23m0123.hpc.itc.rwth-aachen.de",14,"14","uds",21,"n23m0123.hpc.itc.rwth-aachen.de",21,"21","uds",unix,64,4194304,10,50,41.984,2.53,3.10651,2.721,4.765,7.14678,7.05331
14,"n23m0123.hpc.itc.rwth-aachen.de",14,"14","uds",22,"n23m0123.hpc.itc.rwth-aachen.de",22,"22","uds",unix,64,4194304,10,50,44.848,2.5915,3.63158,3.77975,5.379,7.53519,7.45199
14,"n23m0123.hpc.itc.rwth-aachen.de",14,"14","uds",23,"n23m0123.hpc.itc.rwth-aachen.de",23,"23","uds",unix,64,4194304,10,50,41.279,2.5855,3.89836,3.91,5.517,7.22136,7.1328
14,"n23m0123.hpc.itc.rwth-aachen.de",14,"14","uds",24,"n23m0123.hpc.itc.rwth-aachen.de",24,"24","uds",unix,64,4194304,10,50,42.066,2.942,4.52828,4.35,5.523,6.44356,6.38422
14,"n23m0123.hpc.itc.rwth-aachen.de",14,"14","uds",25,"n23m0123.hpc.itc.rwth-aachen.de",25,"25","uds",unix,64,4194304,10,50,39.94,2.926,4.26634,4.13775,5.5255,6.40683,6.3671
14,"n23m0123.hpc.itc.rwth-aachen.de",14,"14","uds",26,"n23m0123.hpc.itc.rwth-aachen.de",26,"26","uds",unix,64,4194304,10,50,41.286,2.82,4.22507,4.1965,5.326,6.42756,6.35147
14,"n23m0123.hpc.itc.rwth-aachen.de",14,"14","uds",27,"n23m0123.hpc.itc.rwth-aachen.de",27,"27","uds",unix,64,4194304,10,50,40.089,3.0655,4.29065,4.18925,5.648,6.36453,6.29955
14,"n23m0123.hpc.itc.rwth-aachen.de",14,"14","uds",28,"n23m0123.hpc.itc.rwth-aachen.de",28,"28","uds",unix,64,4194304,10,50,35.818,2.784,3.84117,3.8455,6.674,6.50725,6.42489
14,"n23m0123.hpc.itc.rwth-aachen.de",14,"14","uds",29,"n23m0123.hpc.itc.rwth-aachen.de",29,"29","uds",unix,64,4194304,10,50,37.273,3.273,5.13618,5.1975,12.4555,6.45229,6.39
14,"n23m0123.hpc.itc.rwth-aachen.de",14,"14","uds",30,"n23m0123.hpc.itc.rwth-aachen.de",30,"30","uds",unix,64,4194304,10,50,33.129,2.867,4.30061,4.12125,5.364,6.46571,6.42159
14,"n23m0123.hpc.itc.rwth-aachen.de",14,"14","uds",31,"n23m0123.hpc.itc.rwth-aachen.de",31,"31","uds",unix,64,4194304,10,50,41.53,2.9005,4.22186,4.06575,5.2555,6.38733,6.34554
14,"n23m0123.hpc.itc.rwth-aachen.de",14,"14","uds",32,"n23m0123.hpc.itc.rwth-aachen.de",32,"32","uds",unix,64,4194304,10,50,39.82,2.9245,4.23079,4.22225,5.5715,6.51493,6.44195
14,"n23m0123.hpc.itc.rwth-aachen.de",14,"14","uds",33,"n23m0123.hpc.itc.rwth-aachen.de",33,"33","uds",unix,64,4194304,10,50,40.005,2.818,4.31477,4.1485,9.0895,6.49233,6.4488
14,"n23m0123.hpc.itc.rwth-aachen.de",14,"14","uds",34,"n23m0123.hpc.itc.rwth-aachen.de",34,"34","uds",unix,64,4194304,10,50,35.651,3.8325,4.82805,5.0475,8.2785,6.43863,6.38446
14,"n23m0123.hpc.itc.rwth-aachen.de",14,"14","uds",35,"n23m0123.hpc.itc.rwth-aachen.de",35,"35","uds",unix,64,4194304,10,50,35.093,2.845,4.22355,4.12625,5.4215,6.44075,6.37478
14,"n23m0123.hpc.itc.rwth-aachen.de",14,"14","uds",36,"n23m0123.hpc.itc.rwth-aachen.de",36,"36","uds",unix,64,4194304,10,50,38.064,2.937,4.44324,4.1025,14.735,6.7734,6.72755
14,"n23m0123.hpc.itc.rwth-aachen.de",14,"14","uds",37,"n23m0123.hpc.itc.rwth-aachen.de",37,"37","uds",unix,64,4194304,10,50,36.609,2.8175,4.21309,4.09975,5.986,6.8449,6.79187
14,"n23m0123.hpc.itc.rwth-aachen.de",14,"14","uds",38,"n23m0123.hpc.itc.rwth-aachen.de",38,"38","uds",unix,64,4194304,10,50,37.06,2.678,3.53544,3.5995,5.0485,6.80201,6.7323
14,"n23m0123.hpc.itc.rwth-aachen.de",14,"14","uds",39,"n23m0123.hpc.itc.rwth-aachen.de",39,"39","uds",unix,64,4194304,10,50,38.847,2.7745,3.94456,3.94875,6.8235,6.69727,6.65445
14,"n23m0123.hpc.itc.rwth-aachen.de",14,"14","uds",40,"n23m0123.hpc.itc.rwth-aachen.de",40,"40","uds",unix,64,4194304,10,50,35.066,2.703,3.56478,3.6655,4.8085,6.73939,6.64682
14,"n23m0123.hpc.itc.rwth-aachen.de",14,"14","uds",41,"n23m0123.hpc.itc.rwth-aachen.de",41,"41","uds",unix,64,4194304,10,50,36.06,2.814,4.33284,4.25225,5.6785,6.93717,6.86638
14,"n23m0123.hpc.itc.rwth-aachen.de",14,"14","uds",42,"n23m0123.hpc.itc.rwth-aachen.de",42,"42","uds",unix,64,4194304,10,50,36.72,2.6965,3.7677,3.7735,5.158,6.88895,6.83201
14,"n23m0123.hpc.itc.rwth-aachen.de",14,"14","uds",43,"n23m0123.hpc.itc.rwth-aachen.de",43,"43","uds",unix,64,4194304,10,50,36.047,2.651,3.42139,3.05625,5.055,6.7896,6.73709
14,"n23m0123.hpc.itc.rwth-aachen.de",14,"14","uds",44,"n23m0123.hpc.itc.rwth-aachen.de",44,"44","uds",unix,64,4194304,10,50,37.376,2.7955,3.98988,3.836,5.0805,6.89658,6.82023
14,"n23m0123.hpc.itc.rwth-aachen.de",14,"14","uds",45,"n23m0123.hpc.itc.rwth-aachen.de",45,"45","uds",unix,64,4194304,10,50,35.974,2.732,3.8804,3.81975,5.1625,6.8032,6.75533
14,"n23m0123.hpc.itc.rwth-aachen.de",14,"14","uds",46,"n23m0123.hpc.itc.rwth-aachen.de",46,"46","uds",unix,64,4194304,10,50,33.98,2.677,3.72625,3.74525,6.69,6.77018,6.71696
14,"n23m0123.hpc.itc.rwth-aachen.de",14,"14","uds",47,"n23m0123.hpc.itc.rwth-aachen.de",47,"47","uds",unix,64,4194304,10,50,37.923,2.699,3.56293,3.66875,5.197,6.7221,6.68107
14,"n23m0123.hpc.itc.rwth-aachen.de",14,"14","uds",48,"n23m0123.hpc.itc.rwth-aachen.de",48,"48","uds",unix,64,4194304,10,50,49.989,5.841,8.31898,8.12475,11.4565,3.32226,3.31855
14,"n23m0123.hpc.itc.rwth-aachen.de",14,"14","uds",49,"n23m0123.hpc.itc.rwth-aachen.de",49,"49","uds",unix,64,4194304,10,50,45.903,5.208,7.05465,7.06475,9.376,3.38815,3.37993
14,"n23m0123.hpc.itc.rwth-aachen.de",14,"14","uds",50,"n23m0123.hpc.itc.rwth-aachen.de",50,"50","uds",unix,64,4194304,10,50,70.738,5.1185,6.54443,6.707,9.36,3.38091,3.37678
14,"n23m0123.hpc.itc.rwth-aachen.de",14,"14","uds",51,"n23m0123.hpc.itc.rwth-aachen.de",51,"51","uds",unix,64,4194304,10,50,46.189,5.289,6.84724,7.00825,11.2095,3.35728,3.35481
14,"n23m0123.hpc.itc.rwth-aachen.de",14,"14","uds",52,"n23m0123.hpc.itc.rwth-aachen.de",52,"52","uds",unix,64,4194304,10,50,52.312,5.155,6.75452,6.7785,9.5425,3.39511,3.38831
14,"n23m0123.hpc.itc.rwth-aachen.de",14,"14","uds",53,"n23m0123.hpc.itc.rwth-aachen.de",53,"53","uds",unix,64,4194304,10,50,46.67,5.6625,8.2128,8.09375,15.8165,3.3853,3.37254
14,"n23m0123.hpc.itc.rwth-aachen.de",14,"14","uds",54,"n23m0123.hpc.itc.rwth-aachen.de",54,"54","uds",unix,64,4194304,10,50,47.286,4.9005,7.80171,7.0715,35.1365,3.37787,3.37895
14,"n23m0123.hpc.itc.rwth-aachen.de",14,"14","uds",55,"n23m0123.hpc.itc.rwth-aachen.de",55,"55","uds",unix,64,4194304,10,50,51.848,5.3025,7.4455,7.38275,11.71,3.38907,3.37836
14,"n23m0123.hpc.itc.rwth-aachen.de",14,"14","uds",56,"n23m0123.hpc.itc.rwth-aachen.de",56,"56","uds",unix,64,4194304,10,50,47.591,5.375,7.9761,7.52725,16.408,3.36892,3.36166
14,"n23m0123.hpc.itc.rwth-aachen.de",14,"14","uds",57,"n23m0123.hpc.itc.rwth-aachen.de",57,"57","uds",unix,64,4194304,10,50,42.553,5.305,7.46076,7.42925,11.5425,3.34505,3.33859
14,"n23m0123.hpc.itc.rwth-aachen.de",14,"14","uds",58,"n23m0123.hpc.itc.rwth-aachen.de",58,"58","uds",unix,64,4194304,10,50,43.465,5.1745,7.3788,7.22775,11.319,3.40339,3.39809
14,"n23m0123.hpc.itc.rwth-aachen.de",14,"14","uds",59,"n23m0123.hpc.itc.rwth-aachen.de",59,"59","uds",unix,64,4194304,10,50,41.903,5.096,7.16988,6.89625,13.218,3.3886,3.38487
14,"n23m0123.hpc.itc.rwth-aachen.de",14,"14","uds",60,"n23m0123.hpc.itc.rwth-aachen.de",60,"60","uds",unix,64,4194304,10,50,54.218,5.598,8.01593,7.61375,15.667,3.31924,3.3244
14,"n23m0123.hpc.itc.rwth-aachen.de",14,"14","uds",61,"n23m0123.hpc.itc.rwth-aachen.de",61,"61","uds",unix,64,4194304,10,50,45.494,5.1205,7.16311,7.09425,9.7345,3.36848,3.36945
14,"n23m0123.hpc.itc.rwth-aachen.de",14,"14","uds",62,"n23m0123.hpc.itc.rwth-aachen.de",62,"62","uds",unix,64,4194304,10,50,46.324,5.1215,7.45376,7.05475,11.0005,3.42167,3.40112
14,"n23m0123.hpc.itc.rwth-aachen.de",14,"14","uds",63,"n23m0123.hpc.itc.rwth-aachen.de",63,"63","uds",unix,64,4194304,10,50,122.522,5.2255,7.14211,7.06675,10.0435,3.40186,3.39278
14,"n23m0123.hpc.itc.rwth-aachen.de",14,"14","uds",64,"n23m0123.hpc.itc.rwth-aachen.de",64,"64","uds",unix,64,4194304,10,50,51.463,5.272,6.94539,6.9605,9.409,3.41359,3.40625
14,"n23m0123.hpc.itc.rwth-aachen.de",14,"14","uds",65,"n23m0123.hpc.itc.rwth-aachen.de",65,"65","uds",unix,64,4194304,10,50,44.97,5.24,7.94041,7.8565,10.8225,3.40377,3.40279
14,"n23m0123.hpc.itc.rwth-aachen.de",14,"14","uds",66,"n23m0123.hpc.itc.rwth-aachen.de",66,"66","uds",unix,64,4194304,10,50,50.036,5.1915,7.38201,7.40025,9.5075,3.42024,3.40752
14,"n23m0123.hpc.itc.rwth-aachen.de",14,"14","uds",67,"n23m0123.hpc.itc.rwth-aachen.de",67,"67","uds",unix,64,4194304,10,50,40.316,5.431,7.93745,7.64925,10.8735,3.41061,3.40506
14,"n23m0123.hpc.itc.rwth-aachen.de",14,"14","uds",68,"n23m0123.hpc.itc.rwth-aachen.de",68,"68","uds",unix,64,4194304,10,50,46.774,5.3775,7.47245,7.3485,10.871,3.41175,3.40627
14,"n23m0123.hpc.itc.rwth-aachen.de",14,"14","uds",69,"n23m0123.hpc.itc.rwth-aachen.de",69,"69","uds",unix,64,4194304,10,50,46.547,5.39,6.7415,6.89725,9.132,3.36422,3.36062
14,"n23m0123.hpc.itc.rwth-aachen.de",14,"14","uds",70,"n23m0123.hpc.itc.rwth-aachen.de",70,"70","uds",unix,64,4194304,10,50,45.519,4.9075,7.3166,7.1735,11.119,3.39767,3.39447
14,"n23m0123.hpc.itc.rwth-aachen.de",14,"14","uds",71,"n23m0123.hpc.itc.rwth-aachen.de",71,"71","uds",unix,64,4194304,10,50,41.924,5.1855,7.37043,7.377,12.8725,3.35118,3.34669
14,"n23m0123.hpc.itc.rwth-aachen.de",14,"14","uds",72,"n23m0123.hpc.itc.rwth-aachen.de",72,"72","uds",unix,64,4194304,10,50,45.198,6.8335,7.94724,7.85825,11.3125,3.33374,3.33608
14,"n23m0123.hpc.itc.rwth-aachen.de",14,"14","uds",73,"n23m0123.hpc.itc.rwth-aachen.de",73,"73","uds",unix,64,4194304,10,50,50.747,5.4735,7.70205,7.446,10.2275,3.34711,3.34473
14,"n23m0123.hpc.itc.rwth-aachen.de",14,"14","uds",74,"n23m0123.hpc.itc.rwth-aachen.de",74,"74","uds",unix,64,4194304,10,50,44.19,4.93,7.32549,7.3485,12.283,3.36815,3.36192
14,"n23m0123.hpc.itc.rwth-aachen.de",14,"14","uds",75,"n23m0123.hpc.itc.rwth-aachen.de",75,"75","uds",unix,64,4194304,10,50,42.905,5.0845,7.43477,7.36925,11.437,3.34975,3.34215
14,"n23m0123.hpc.itc.rwth-aachen.de",14,"14","uds",76,"n23m0123.hpc.itc.rwth-aachen.de",76,"76","uds",unix,64,4194304,10,50,41.881,5.261,7.36393,7.292,12.058,3.36316,3.35796
14,"n23m0123.hpc.itc.rwth-aachen.de",14,"14","uds",77,"n23m0123.hpc.itc.rwth-aachen.de",77,"77","uds",unix,64,4194304,10,50,45.35,5.1215,7.1752,7.245,10.44,3.36193,3.35705
14,"n23m0123.hpc.itc.rwth-aachen.de",14,"14","uds",78,"n23m0123.hpc.itc.rwth-aachen.de",78,"78","uds",unix,64,4194304,10,50,41.742,5.385,7.62491,7.31,16.634,3.40686,3.3902
14,"n23m0123.hpc.itc.rwth-aachen.de",14,"14","uds",79,"n23m0123.hpc.itc.rwth-aachen.de",79,"79","uds",unix,64,4194304,10,50,45.643,5.5285,8.84637,8.644,16.0345,3.41958,3.37604
14,"n23m0123.hpc.itc.rwth-aachen.de",14,"14","uds",80,"n23m0123.hpc.itc.rwth-aachen.de",80,"80","uds",unix,64,4194304,10,50,56.018,5.426,7.41654,7.312,12.9945,3.26891,3.27132
14,"n23m0123.hpc.itc.rwth-aachen.de",14,"14","uds",81,"n23m0123.hpc.itc.rwth-aachen.de",81,"81","uds",unix,64,4194304,10,50,56.507,5.4735,7.17906,7.098,10.138,3.35009,3.35154
14,"n23m0123.hpc.itc.rwth-aachen.de",14,"14","uds",82,"n23m0123.hpc.itc.rwth-aachen.de",82,"82","uds",unix,64,4194304,10,50,50.802,5.754,8.33158,7.95425,12.37,3.36756,3.35244
14,"n23m0123.hpc.itc.rwth-aachen.de",14,"14","uds",83,"n23m0123.hpc.itc.rwth-aachen.de",83,"83","uds",unix,64,4194304,10,50,45.62,5.3505,8.05542,7.91025,14.6185,3.35281,3.34878
14,"n23m0123.hpc.itc.rwth-aachen.de",14,"14","uds",84,"n23m0123.hpc.itc.rwth-aachen.de",84,"84","uds",unix,64,4194304,10,50,45.873,5.209,7.14829,7.0905,10.655,3.36784,3.36409
14,"n23m0123.hpc.itc.rwth-aachen.de",14,"14","uds",85,"n23m0123.hpc.itc.rwth-aachen.de",85,"85","uds",unix,64,4194304,10,50,48.215,6.467,8.34333,8.19275,11.397,3.35953,3.35683
14,"n23m0123.hpc.itc.rwth-aachen.de",14,"14","uds",86,"n23m0123.hpc.itc.rwth-aachen.de",86,"86","uds",unix,64,4194304,10,50,46.518,5.205,7.18029,7.196,10.8885,3.40829,3.39964
14,"n23m0123.hpc.itc.rwth-aachen.de",14,"14","uds",87,"n23m0123.hpc.itc.rwth-aachen.de",87,"87","uds",unix,64,4194304,10,50,42.742,5.4055,7.65133,7.54825,10.3905,3.36478,3.35873
14,"n23m0123.hpc.itc.rwth-aachen.de",14,"14","uds",88,"n23m0123.hpc.itc.rwth-aachen.de",88,"88","uds",unix,64,4194304,10,50,48.334,5.254,7.73666,7.589,12.3175,3.40406,3.39521
14,"n23m0123.hpc.itc.rwth-aachen.de",14,"14","uds",89,"n23m0123.hpc.itc.rwth-aachen.de",89,"89","uds",unix,64,4194304,10,50,50.114,6.5685,8.03582,7.68325,12.184,3.3565,3.3579
14,"n23m0123.hpc.itc.rwth-aachen.de",14,"14","uds",90,"n23m0123.hpc.itc.rwth-aachen.de",90,"90","uds",unix,64,4194304,10,50,41.45,5.623,7.63344,7.34875,12.37,3.40562,3.40515
14,"n23m0123.hpc.itc.rwth-aachen.de",14,"14","uds",91,"n23m0123.hpc.itc.rwth-aachen.de",91,"91","uds",unix,64,4194304,10,50,41.757,5.203,7.60446,7.3265,11.0645,3.39072,3.38859
14,"n23m0123.hpc.itc.rwth-aachen.de",14,"14","uds",92,"n23m0123.hpc.itc.rwth-aachen.de",92,"92","uds",unix,64,4194304,10,50,50.734,6.8165,8.62867,8.755,14.9075,3.39216,3.39359
14,"n23m0123.hpc.itc.rwth-aachen.de",14,"14","uds",93,"n23m0123.hpc.itc.rwth-aachen.de",93,"93","uds",unix,64,4194304,10,50,46.907,5.373,7.35542,7.0785,13.679,3.39545,3.39212
14,"n23m0123.hpc.itc.rwth-aachen.de",14,"14","uds",94,"n23m0123.hpc.itc.rwth-aachen.de",94,"94","uds",unix,64,4194304,10,50,43.946,5.262,7.28123,7.3455,9.3355,3.38216,3.37612
14,"n23m0123.hpc.itc.rwth-aachen.de",14,"14","uds",95,"n23m0123.hpc.itc.rwth-aachen.de",95,"95","uds",unix,64,4194304,10,50,40.892,5.4255,7.32473,7.32025,10.6515,3.35574,3.3539
15,"n23m0123.hpc.itc.rwth-aachen.de",15,"15","uds",16,"n23m0123.hpc.itc.rwth-aachen.de",16,"16","uds",unix,64,4194304,10,50,84.792,2.5185,4.05362,3.43325,22.9965,7.65411,7.57764
15,"n23m0123.hpc.itc.rwth-aachen.de",15,"15","uds",17,"n23m0123.hpc.itc.rwth-aachen.de",17,"17","uds",unix,64,4194304,10,50,43.122,2.467,3.53711,3.43875,5.2245,7.31711,7.24948
15,"n23m0123.hpc.itc.rwth-aachen.de",15,"15","uds",18,"n23m0123.hpc.itc.rwth-aachen.de",18,"18","uds",unix,64,4194304,10,50,42.287,2.595,4.00659,3.97475,6.9875,7.7237,7.66308
15,"n23m0123.hpc.itc.rwth-aachen.de",15,"15","uds",19,"n23m0123.hpc.itc.rwth-aachen.de",19,"19","uds",unix,64,4194304,10,50,38.709,4.0245,4.78188,4.6895,8.083,7.77755,7.70734
15,"n23m0123.hpc.itc.rwth-aachen.de",15,"15","uds",20,"n23m0123.hpc.itc.rwth-aachen.de",20,"20","uds",unix,64,4194304,10,50,43.781,2.5645,3.60236,3.61375,5.215,7.47373,7.41622
15,"n23m0123.hpc.itc.rwth-aachen.de",15,"15","uds",21,"n23m0123.hpc.itc.rwth-aachen.de",21,"21","uds",unix,64,4194304,10,50,40.696,2.575,3.7606,3.626,7.7815,7.44311,7.37504
15,"n23m0123.hpc.itc.rwth-aachen.de",15,"15","uds",22,"n23m0123.hpc.itc.rwth-aachen.de",22,"22","uds",unix,64,4194304,10,50,38.03,2.474,3.55219,3.5175,6.0385,7.79055,7.71973
15,"n23m0123.hpc.itc.rwth-aachen.de",15,"15","uds",23,"n23m0123.hpc.itc.rwth-aachen.de",23,"23","uds",unix,64,4194304,10,50,37.248,2.712,4.09102,3.9235,6.4825,7.43318,7.37042
15,"n23m0123.hpc.itc.rwth-aachen.de",15,"15","uds",24,"n23m0123.hpc.itc.rwth-aachen.de",24,"24","uds",unix,64,4194304,10,50,40.926,3.1825,4.80738,5.0185,5.3575,6.4979,6.43635
15,"n23m0123.hpc.itc.rwth-aachen.de",15,"15","uds",25,"n23m0123.hpc.itc.rwth-aachen.de",25,"25","uds",unix,64,4194304,10,50,39.458,2.866,4.54373,4.86925,5.4785,6.51645,6.44606
15,"n23m0123.hpc.itc.rwth-aachen.de",15,"15","uds",26,"n23m0123.hpc.itc.rwth-aachen.de",26,"26","uds",unix,64,4194304,10,50,40.291,3.9585,4.86549,5.002,6.9495,6.4052,6.37574
15,"n23m0123.hpc.itc.rwth-aachen.de",15,"15","uds",27,"n23m0123.hpc.itc.rwth-aachen.de",27,"27","uds",unix,64,4194304,10,50,36.916,2.8855,4.65877,4.9195,7.473,6.34069,6.31392
15,"n23m0123.hpc.itc.rwth-aachen.de",15,"15","uds",28,"n23m0123.hpc.itc.rwth-aachen.de",28,"28","uds",unix,64,4194304,10,50,36.484,2.828,4.08149,3.96025,5.971,6.54188,6.47337
15,"n23m0123.hpc.itc.rwth-aachen.de",15,"15","uds",29,"n23m0123.hpc.itc.rwth-aachen.de",29,"29","uds",unix,64,4194304,10,50,36.891,2.877,4.88304,5.16575,5.6525,6.4718,6.43233
15,"n23m0123.hpc.itc.rwth-aachen.de",15,"15","uds",30,"n23m0123.hpc.itc.rwth-aachen.de",30,"30","uds",unix,64,4194304,10,50,34.265,3.051,4.65792,4.97725,5.541,6.542,6.48221
15,"n23m0123.hpc.itc.rwth-aachen.de",15,"15","uds",31,"n23m0123.hpc.itc.rwth-aachen.de",31,"31","uds",unix,64,4194304,10,50,33.543,3.027,4.80142,4.9415,9.953,6.43577,6.3942
15,"n23m0123.hpc.itc.rwth-aachen.de",15,"15","uds",32,"n23m0123.hpc.itc.rwth-aachen.de",32,"32","uds",unix,64,4194304,10,50,32.993,2.7925,3.78701,3.8315,7.7145,6.54079,6.46443
15,"n23m0123.hpc.itc.rwth-aachen.de",15,"15","uds",33,"n23m0123.hpc.itc.rwth-aachen.de",33,"33","uds",unix,64,4194304,10,50,35.988,2.9775,4.46622,4.9405,5.4315,6.57246,6.50211
15,"n23m0123.hpc.itc.rwth-aachen.de",15,"15","uds",34,"n23m0123.hpc.itc.rwth-aachen.de",34,"34","uds",unix,64,4194304,10,50,37.198,2.941,4.66957,4.8865,8.693,6.50011,6.44205
15,"n23m0123.hpc.itc.rwth-aachen.de",15,"15","uds",35,"n23m0123.hpc.itc.rwth-aachen.de",35,"35","uds",unix,64,4194304,10,50,30.856,2.931,4.44044,4.46775,6.931,6.45087,6.38466
15,"n23m0123.hpc.itc.rwth-aachen.de",15,"15","uds",36,"n23m0123.hpc.itc.rwth-aachen.de",36,"36","uds",unix,64,4194304,10,50,36.295,2.73,3.98584,3.9665,6.4835,6.93862,6.86945
15,"n23m0123.hpc.itc.rwth-aachen.de",15,"15","uds",37,"n23m0123.hpc.itc.rwth-aachen.de",37,"37","uds",unix,64,4194304,10,50,34.346,2.908,4.26863,4.1565,5.3705,7.03628,6.94607
15,"n23m0123.hpc.itc.rwth-aachen.de",15,"15","uds",38,"n23m0123.hpc.itc.rwth-aachen.de",38,"38","uds",unix,64,4194304,10,50,41.292,3.095,4.91142,4.8775,10.4365,6.87525,6.83409
15,"n23m0123.hpc.itc.rwth-aachen.de",15,"15","uds",39,"n23m0123.hpc.itc.rwth-aachen.de",39,"39","uds",unix,64,4194304,10,50,41.426,2.9975,4.67954,4.93525,8.5715,6.89932,6.82719
15,"n23m0123.hpc.itc.rwth-aachen.de",15,"15","uds",40,"n23m0123.hpc.itc.rwth-aachen.de",40,"40","uds",unix,64,4194304,10,50,35.533,2.838,4.40604,4.237,5.4365,6.78725,6.72502
15,"n23m0123.hpc.itc.rwth-aachen.de",15,"15","uds",41,"n23m0123.hpc.itc.rwth-aachen.de",41,"41","uds",unix,64,4194304,10,50,47.379,2.839,4.05876,4.02825,5.2905,6.94967,6.92101
15,"n23m0123.hpc.itc.rwth-aachen.de",15,"15","uds",42,"n23m0123.hpc.itc.rwth-aachen.de",42,"42","uds",unix,64,4194304,10,50,35.652,2.9175,4.32169,4.524,5.3995,6.9919,6.92337
15,"n23m0123.hpc.itc.rwth-aachen.de",15,"15","uds",43,"n23m0123.hpc.itc.rwth-aachen.de",43,"43","uds",unix,64,4194304,10,50,34.839,3.1215,5.06895,5.053,7.57,6.9382,6.86923
15,"n23m0123.hpc.itc.rwth-aachen.de",15,"15","uds",44,"n23m0123.hpc.itc.rwth-aachen.de",44,"44","uds",unix,64,4194304,10,50,31.945,2.763,4.1407,4.26425,5.1255,6.99262,6.89952
15,"n23m0123.hpc.itc.rwth-aachen.de",15,"15","uds",45,"n23m0123.hpc.itc.rwth-aachen.de",45,"45","uds",unix,64,4194304,10,50,35.147,2.9755,4.55835,4.953,5.5475,6.92939,6.86863
15,"n23m0123.hpc.itc.rwth-aachen.de",15,"15","uds",46,"n23m0123.hpc.itc.rwth-aachen.de",46,"46","uds",unix,64,4194304,10,50,33.473,2.8665,4.39546,4.79925,5.4115,6.83475,6.8207
15,"n23m0123.hpc.itc.rwth-aachen.de",15,"15","uds",47,"n23m0123.hpc.itc.rwth-aachen.de",47,"47","uds",unix,64,4194304,10,50,32.616,2.7455,4.028,4.03025,5.2675,6.83965,6.80496
15,"n23m0123.hpc.itc.rwth-aachen.de",15,"15","uds",48,"n23m0123.hpc.itc.rwth-aachen.de",48,"48","uds",unix,64,4194304,10,50,51.607,5.0605,7.04893,7.0025,10.0635,3.33909,3.31931
15,"n23m0123.hpc.itc.rwth-aachen.de",15,"15","uds",49,"n23m0123.hpc.itc.rwth-aachen.de",49,"49","uds",unix,64,4194304,10,50,49.459,5.06,7.01939,6.96575,9.6875,3.36923,3.36488
15,"n23m0123.hpc.itc.rwth-aachen.de",15,"15","uds",50,"n23m0123.hpc.itc.rwth-aachen.de",50,"50","uds",unix,64,4194304,10,50,50.135,5.553,7.86559,7.8885,9.6865,3.39442,3.38361
15,"n23m0123.hpc.itc.rwth-aachen.de",15,"15","uds",51,"n23m0123.hpc.itc.rwth-aachen.de",51,"51","uds",unix,64,4194304,10,50,66.121,5.1265,7.23811,7.09225,10.413,3.38369,3.38091
15,"n23m0123.hpc.itc.rwth-aachen.de",15,"15","uds",52,"n23m0123.hpc.itc.rwth-aachen.de",52,"52","uds",unix,64,4194304,10,50,66.037,5.139,7.22571,7.18075,11.926,3.40738,3.39451
15,"n23m0123.hpc.itc.rwth-aachen.de",15,"15","uds",53,"n23m0123.hpc.itc.rwth-aachen.de",53,"53","uds",unix,64,4194304,10,50,46.163,5.2315,7.56187,7.20925,13.156,3.39629,3.38725
15,"n23m0123.hpc.itc.rwth-aachen.de",15,"15","uds",54,"n23m0123.hpc.itc.rwth-aachen.de",54,"54","uds",unix,64,4194304,10,50,46.975,5.222,7.47869,7.35225,9.5535,3.39071,3.37793
15,"n23m0123.hpc.itc.rwth-aachen.de",15,"15","uds",55,"n23m0123.hpc.itc.rwth-aachen.de",55,"55","uds",unix,64,4194304,10,50,41.8,5.3075,7.70858,7.54325,9.8885,3.39324,3.39366
15,"n23m0123.hpc.itc.rwth-aachen.de",15,"15","uds",56,"n23m0123.hpc.itc.rwth-aachen.de",56,"56","uds",unix,64,4194304,10,50,41.262,5.541,8.04836,7.5885,17.2105,3.41383,3.39768
15,"n23m0123.hpc.itc.rwth-aachen.de",15,"15","uds",57,"n23m0123.hpc.itc.rwth-aachen.de",57,"57","uds",unix,64,4194304,10,50,40.693,5.6445,8.37058,8.553,10.084,3.35289,3.35229
15,"n23m0123.hpc.itc.rwth-aachen.de",15,"15","uds",58,"n23m0123.hpc.itc.rwth-aachen.de",58,"58","uds",unix,64,4194304,10,50,47.247,5.4975,7.88992,7.46875,12.247,3.38213,3.38736
15,"n23m0123.hpc.itc.rwth-aachen.de",15,"15","uds",59,"n23m0123.hpc.itc.rwth-aachen.de",59,"59","uds",unix,64,4194304,10,50,44.698,5.1965,7.51932,7.3005,12.525,3.39161,3.37844
15,"n23m0123.hpc.itc.rwth-aachen.de",15,"15","uds",60,"n23m0123.hpc.itc.rwth-aachen.de",60,"60","uds",unix,64,4194304,10,50,47.643,5.138,7.59465,7.4415,11.509,3.36818,3.35518
15,"n23m0123.hpc.itc.rwth-aachen.de",15,"15","uds",61,"n23m0123.hpc.itc.rwth-aachen.de",61,"61","uds",unix,64,4194304,10,50,47.957,5.166,7.3949,7.29375,11.225,3.40483,3.40404
15,"n23m0123.hpc.itc.rwth-aachen.de",15,"15","uds",62,"n23m0123.hpc.itc.rwth-aachen.de",62,"62","uds",unix,64,4194304,10,50,42.651,5.5885,8.30712,8.2805,11.57,3.39263,3.3908
15,"n23m0123.hpc.itc.rwth-aachen.de",15,"15","uds",63,"n23m0123.hpc.itc.rwth-aachen.de",63,"63","uds",unix,64,4194304,10,50,41.696,5.1125,7.06191,7.112,9.8175,3.3816,3.3754
15,"n23m0123.hpc.itc.rwth-aachen.de",15,"15","uds",64,"n23m0123.hpc.itc.rwth-aachen.de",64,"64","uds",unix,64,4194304,10,50,38.796,5.6015,7.59858,7.466,9.5605,3.39778,3.39542
15,"n23m0123.hpc.itc.rwth-aachen.de",15,"15","uds",65,"n23m0123.hpc.itc.rwth-aachen.de",65,"65","uds",unix,64,4194304,10,50,41.517,5.0925,6.98649,6.93225,11.907,3.36737,3.37539
15,"n23m0123.hpc.itc.rwth-aachen.de",15,"15","uds",66,"n23m0123.hpc.itc.rwth-aachen.de",66,"66","uds",unix,64,4194304,10,50,44.083,5.17,7.65303,7.4085,12.075,3.38356,3.37017
15,"n23m0123.hpc.itc.rwth-aachen.de",15,"15","uds",67,"n23m0123.hpc.itc.rwth-aachen.de",67,"67","uds",unix,64,4194304,10,50,36.277,5.1915,7.44219,7.265,12.7815,3.40131,3.39171
15,"n23m0123.hpc.itc.rwth-aachen.de",15,"15","uds",68,"n23m0123.hpc.itc.rwth-aachen.de",68,"68","uds",unix,64,4194304,10,50,42.472,5.4675,7.7499,7.5405,14.29,3.40683,3.39068
15,"n23m0123.hpc.itc.rwth-aachen.de",15,"15","uds",69,"n23m0123.hpc.itc.rwth-aachen.de",69,"69","uds",unix,64,4194304,10,50,40.741,5.294,8.14073,7.7965,12.9245,3.34538,3.33684
15,"n23m0123.hpc.itc.rwth-aachen.de",15,"15","uds",70,"n23m0123.hpc.itc.rwth-aachen.de",70,"70","uds",unix,64,4194304,10,50,42.693,5.4165,7.36597,7.24375,9.7315,3.38078,3.37645
15,"n23m0123.hpc.itc.rwth-aachen.de",15,"15","uds",71,"n23m0123.hpc.itc.rwth-aachen.de",71,"71","uds",unix,64,4194304,10,50,39.439,5.279,7.70409,7.22225,12.0065,3.41423,3.40464
15,"n23m0123.hpc.itc.rwth-aachen.de",15,"15","uds",72,"n23m0123.hpc.itc.rwth-aachen.de",72,"72","uds",unix,64,4194304,10,50,44.228,5.154,6.9513,7.201,10.587,3.36275,3.36229
15,"n23m0123.hpc.itc.rwth-aachen.de",15,"15","uds",73,"n23m0123.hpc.itc.rwth-aachen.de",73,"73","uds",unix,64,4194304,10,50,50.252,5.131,7.49298,7.35025,12.918,3.38085,3.37091
15,"n23m0123.hpc.itc.rwth-aachen.de",15,"15","uds",74,"n23m0123.hpc.itc.rwth-aachen.de",74,"74","uds",unix,64,4194304,10,50,43.134,5.9755,8.07211,7.81125,11.9755,3.4021,3.39476
15,"n23m0123.hpc.itc.rwth-aachen.de",15,"15","uds",75,"n23m0123.hpc.itc.rwth-aachen.de",75,"75","uds",unix,64,4194304,10,50,3046.59,5.2235,6.76922,7.09375,9.7005,3.3716,3.36516
15,"n23m0123.hpc.itc.rwth-aachen.de",15,"15","uds",76,"n23m0123.hpc.itc.rwth-aachen.de",76,"76","uds",unix,64,4194304,10,50,43.202,5.7905,8.16319,8.009,12.8135,3.40454,3.39947
15,"n23m0123.hpc.itc.rwth-aachen.de",15,"15","uds",77,"n23m0123.hpc.itc.rwth-aachen.de",77,"77","uds",unix,64,4194304,10,50,53.46,5.1745,6.85944,7.022,10.6635,3.39873,3.39314
15,"n23m0123.hpc.itc.rwth-aachen.de",15,"15","uds",78,"n23m0123.hpc.itc.rwth-aachen.de",78,"78","uds",unix,64,4194304,10,50,40.91,5.085,7.02796,7.07775,9.4805,3.41326,3.4067
15,"n23m0123.hpc.itc.rwth-aachen.de",15,"15","uds",79,"n23m0123.hpc.itc.rwth-aachen.de",79,"79","uds",unix,64,4194304,10,50,46.546,5.421,7.95353,7.72925,11.299,3.40782,3.40172
15,"n23m0123.hpc.itc.rwth-aachen.de",15,"15","uds",80,"n23m0123.hpc.itc.rwth-aachen.de",80,"80","uds",unix,64,4194304,10,50,52.042,5.2755,7.22757,7.27025,10.878,3.39508,3.39127
15,"n23m0123.hpc.itc.rwth-aachen.de",15,"15","uds",81,"n23m0123.hpc.itc.rwth-aachen.de",81,"81","uds",unix,64,4194304,10,50,38.62,5.1155,7.61399,7.4805,10.865,3.4342,3.42375
15,"n23m0123.hpc.itc.rwth-aachen.de",15,"15","uds",82,"n23m0123.hpc.itc.rwth-aachen.de",82,"82","uds",unix,64,4194304,10,50,44.816,5.349,7.80911,7.53525,15.0025,3.38499,3.38624
15,"n23m0123.hpc.itc.rwth-aachen.de",15,"15","uds",83,"n23m0123.hpc.itc.rwth-aachen.de",83,"83","uds",unix,64,4194304,10,50,40.87,5.003,6.93675,7.0545,9.279,3.40009,3.38978
15,"n23m0123.hpc.itc.rwth-aachen.de",15,"15","uds",84,"n23m0123.hpc.itc.rwth-aachen.de",84,"84","uds",unix,64,4194304,10,50,39.815,5.037,6.79667,6.873,9.678,3.41876,3.41871
15,"n23m0123.hpc.itc.rwth-aachen.de",15,"15","uds",85,"n23m0123.hpc.itc.rwth-aachen.de",85,"85","uds",unix,64,4194304,10,50,40.739,5.4705,7.78377,7.582,12.3445,3.40552,3.40062
15,"n23m0123.hpc.itc.rwth-aachen.de",15,"15","uds",86,"n23m0123.hpc.itc.rwth-aachen.de",86,"86","uds",unix,64,4194304,10,50,47.119,4.9395,6.61354,6.7345,10.421,3.41788,3.41607
15,"n23m0123.hpc.itc.rwth-aachen.de",15,"15","uds",87,"n23m0123.hpc.itc.rwth-aachen.de",87,"87","uds",unix,64,4194304,10,50,42.454,5.522,7.48895,7.48525,9.79,3.37976,3.37456
15,"n23m0123.hpc.itc.rwth-aachen.de",15,"15","uds",88,"n23m0123.hpc.itc.rwth-aachen.de",88,"88","uds",unix,64,4194304,10,50,45.7,6.807,8.41093,8.57,13.9255,3.41499,3.41233
15,"n23m0123.hpc.itc.rwth-aachen.de",15,"15","uds",89,"n23m0123.hpc.itc.rwth-aachen.de",89,"89","uds",unix,64,4194304,10,50,43.241,5.319,7.82425,7.6505,13.029,3.38871,3.38527
15,"n23m0123.hpc.itc.rwth-aachen.de",15,"15","uds",90,"n23m0123.hpc.itc.rwth-aachen.de",90,"90","uds",unix,64,4194304,10,50,41.253,5.076,7.33935,7.25775,9.5495,3.43315,3.42134
15,"n23m0123.hpc.itc.rwth-aachen.de",15,"15","uds",91,"n23m0123.hpc.itc.rwth-aachen.de",91,"91","uds",unix,64,4194304,10,50,40.144,4.989,6.09898,5.47225,9.0575,3.3848,3.38331
15,"n23m0123.hpc.itc.rwth-aachen.de",15,"15","uds",92,"n23m0123.hpc.itc.rwth-aachen.de",92,"92","uds",unix,64,4194304,10,50,41.121,5.3755,7.2341,7.208,11.287,3.3979,3.38647
15,"n23m0123.hpc.itc.rwth-aachen.de",15,"15","uds",93,"n23m0123.hpc.itc.rwth-aachen.de",93,"93","uds",unix,64,4194304,10,50,45.735,7.0725,9.24809,9.24875,12.3415,3.40117,3.39518
15,"n23m0123.hpc.itc.rwth-aachen.de",15,"15","uds",94,"n23m0123.hpc.itc.rwth-aachen.de",94,"94","uds",unix,64,4194304,10,50,39.485,5.1555,6.97663,6.7915,12.5615,3.3968,3.39108
15,"n23m0123.hpc.itc.rwth-aachen.de",15,"15","uds",95,"n23m0123.hpc.itc.rwth-aachen.de",95,"95","uds",unix,64,4194304,10,50,40.976,5.357,7.18934,7.31725,11.371,3.38267,3.38447
16,"n23m0123.hpc.itc.rwth-aachen.de",16,"16","uds",17,"n23m0123.hpc.itc.rwth-aachen.de",17,"17","uds",unix,64,4194304,10,50,86.64,2.763,5.00803,4.94425,10.431,7.36907,7.30263
16,"n23m0123.hpc.itc.rwth-aachen.de",16,"16","uds",18,"n23m0123.hpc.itc.rwth-aachen.de",18,"18","uds",unix,64,4194304,10,50,43.354,2.595,3.61246,3.75825,5.406,7.70899,7.65227
16,"n23m0123.hpc.itc.rwth-aachen.de",16,"16","uds",19,"n23m0123.hpc.itc.rwth-aachen.de",19,"19","uds",unix,64,4194304,10,50,36.276,2.6635,4.64295,4.77425,6.6255,7.69316,7.63495
16,"n23m0123.hpc.itc.rwth-aachen.de",16,"16","uds",20,"n23m0123.hpc.itc.rwth-aachen.de",20,"20","uds",unix,64,4194304,10,50,37.049,2.6145,3.93583,3.72825,15.4845,7.42202,7.37247
16,"n23m0123.hpc.itc.rwth-aachen.de",16,"16","uds",21,"n23m0123.hpc.itc.rwth-aachen.de",21,"21","uds",unix,64,4194304,10,50,40.589,2.6635,4.03837,3.9515,8.0895,7.42697,7.34666
16,"n23m0123.hpc.itc.rwth-aachen.de",16,"16","uds",22,"n23m0123.hpc.itc.rwth-aachen.de",22,"22","uds",unix,64,4194304,10,50,40.031,2.48,3.52048,3.17925,5.454,7.76133,7.70476
16,"n23m0123.hpc.itc.rwth-aachen.de",16,"16","uds",23,"n23m0123.hpc.itc.rwth-aachen.de",23,"23","uds",unix,64,4194304,10,50,36.793,2.702,3.70617,3.851,5.427,7.4595,7.37693
16,"n23m0123.hpc.itc.rwth-aachen.de",16,"16","uds",24,"n23m0123.hpc.itc.rwth-aachen.de",24,"24","uds",unix,64,4194304,10,50,36.503,2.9525,4.28029,4.15175,7.387,6.5471,6.51064
16,"n23m0123.hpc.itc.rwth-aachen.de",16,"16","uds",25,"n23m0123.hpc.itc.rwth-aachen.de",25,"25","uds",unix,64,4194304,10,50,37.724,2.979,4.47545,4.279,9.84,6.56999,6.50842
16,"n23m0123.hpc.itc.rwth-aachen.de",16,"16","uds",26,"n23m0123.hpc.itc.rwth-aachen.de",26,"26","uds",unix,64,4194304,10,50,41.391,2.8265,4.52198,4.859,8.7295,6.47796,6.43218
16,"n23m0123.hpc.itc.rwth-aachen.de",16,"16","uds",27,"n23m0123.hpc.itc.rwth-aachen.de",27,"27","uds",unix,64,4194304,10,50,36.518,3.023,4.96467,5.24425,10.005,6.47023,6.39605
16,"n23m0123.hpc.itc.rwth-aachen.de",16,"16","uds",28,"n23m0123.hpc.itc.rwth-aachen.de",28,"28","uds",unix,64,4194304,10,50,30.974,2.8875,4.55259,4.8055,5.384,6.61222,6.54667
16,"n23m0123.hpc.itc.rwth-aachen.de",16,"16","uds",29,"n23m0123.hpc.itc.rwth-aachen.de",29,"29","uds",unix,64,4194304,10,50,33.214,2.9075,4.46348,4.54975,6.5125,6.54577,6.48776
16,"n23m0123.hpc.itc.rwth-aachen.de",16,"16","uds",30,"n23m0123.hpc.itc.rwth-aachen.de",30,"30","uds",unix,64,4194304,10,50,33.453,2.92,4.66332,4.856,9.1765,6.62962,6.54742
16,"n23m0123.hpc.itc.rwth-aachen.de",16,"16","uds",31,"n23m0123.hpc.itc.rwth-aachen.de",31,"31","uds",unix,64,4194304,10,50,34.973,2.8635,4.27198,4.1425,6.6155,6.54659,6.4804
16,"n23m0123.hpc.itc.rwth-aachen.de",16,"16","uds",32,"n23m0123.hpc.itc.rwth-aachen.de",32,"32","uds",unix,64,4194304,10,50,30.303,2.8325,4.35164,4.66,7.038,6.59515,6.52903
16,"n23m0123.hpc.itc.rwth-aachen.de",16,"16","uds",33,"n23m0123.hpc.itc.rwth-aachen.de",33,"33","uds",unix,64,4194304,10,50,37.073,2.9265,4.64251,4.78775,8.204,6.56398,6.52515
16,"n23m0123.hpc.itc.rwth-aachen.de",16,"16","uds",34,"n23m0123.hpc.itc.rwth-aachen.de",34,"34","uds",unix,64,4194304,10,50,33.225,2.9325,4.44255,4.1825,7.9405,6.56784,6.49809
16,"n23m0123.hpc.itc.rwth-aachen.de",16,"16","uds",35,"n23m0123.hpc.itc.rwth-aachen.de",35,"35","uds",unix,64,4194304,10,50,30.907,3.1015,4.76292,4.9015,8.589,6.49697,6.44592
16,"n23m0123.hpc.itc.rwth-aachen.de",16,"16","uds",36,"n23m0123.hpc.itc.rwth-aachen.de",36,"36","uds",unix,64,4194304,10,50,31.814,2.76,4.07744,4.115,6.1205,6.99868,6.9286
16,"n23m0123.hpc.itc.rwth-aachen.de",16,"16","uds",37,"n23m0123.hpc.itc.rwth-aachen.de",37,"37","uds",unix,64,4194304,10,50,32.821,2.646,4.24821,4.0925,5.302,7.05893,6.97196
16,"n23m0123.hpc.itc.rwth-aachen.de",16,"16","uds",38,"n23m0123.hpc.itc.rwth-aachen.de",38,"38","uds",unix,64,4194304,10,50,33.264,2.8525,4.23372,4.21825,7.45,6.98381,6.89046
16,"n23m0123.hpc.itc.rwth-aachen.de",16,"16","uds",39,"n23m0123.hpc.itc.rwth-aachen.de",39,"39","uds",unix,64,4194304,10,50,33.208,2.76,4.38603,4.507,7.721,6.86392,6.8089
16,"n23m0123.hpc.itc.rwth-aachen.de",16,"16","uds",40,"n23m0123.hpc.itc.rwth-aachen.de",40,"40","uds",unix,64,4194304,10,50,33.632,3.125,4.80155,4.9675,8.019,6.88045,6.80091
16,"n23m0123.hpc.itc.rwth-aachen.de",16,"16","uds",41,"n23m0123.hpc.itc.rwth-aachen.de",41,"41","uds",unix,64,4194304,10,50,32.403,2.7175,3.96946,3.94025,5.169,7.0735,6.99501
16,"n23m0123.hpc.itc.rwth-aachen.de",16,"16","uds",42,"n23m0123.hpc.itc.rwth-aachen.de",42,"42","uds",unix,64,4194304,10,50,32.7,2.775,4.09672,4.01525,5.3545,7.05022,6.98381
16,"n23m0123.hpc.itc.rwth-aachen.de",16,"16","uds",43,"n23m0123.hpc.itc.rwth-aachen.de",43,"43","uds",unix,64,4194304,10,50,32.571,2.769,4.04604,3.9425,6.025,6.98579,6.91598
16,"n23m0123.hpc.itc.rwth-aachen.de",16,"16","uds",44,"n23m0123.hpc.itc.rwth-aachen.de",44,"44","uds",unix,64,4194304,10,50,32.948,2.7385,3.8782,3.9175,5.0875,7.05261,6.97667
16,"n23m0123.hpc.itc.rwth-aachen.de",16,"16","uds",45,"n23m0123.hpc.itc.rwth-aachen.de",45,"45","uds",unix,64,4194304,10,50,32.271,2.876,4.29209,4.0915,8.2715,6.96922,6.90308
16,"n23m0123.hpc.itc.rwth-aachen.de",16,"16","uds",46,"n23m0123.hpc.itc.rwth-aachen.de",46,"46","uds",unix,64,4194304,10,50,31.994,2.731,3.95816,3.99375,5.153,6.94391,6.89027
16,"n23m0123.hpc.itc.rwth-aachen.de",16,"16","uds",47,"n23m0123.hpc.itc.rwth-aachen.de",47,"47","uds",unix,64,4194304,10,50,31.758,2.9145,4.79265,4.94125,8.571,6.91511,6.85355
16,"n23m0123.hpc.itc.rwth-aachen.de",16,"16","uds",48,"n23m0123.hpc.itc.rwth-aachen.de",48,"48","uds",unix,64,4194304,10,50,44.332,5.048,6.79669,7.006,9.4715,3.30681,3.3093
16,"n23m0123.hpc.itc.rwth-aachen.de",16,"16","uds",49,"n23m0123.hpc.itc.rwth-aachen.de",49,"49","uds",unix,64,4194304,10,50,48.92,5.1125,7.09114,7.22025,9.558,3.37781,3.37302
16,"n23m0123.hpc.itc.rwth-aachen.de",16,"16","uds",50,"n23m0123.hpc.itc.rwth-aachen.de",50,"50","uds",unix,64,4194304,10,50,65.096,5.169,6.69233,6.701,9.556,3.37024,3.35803
16,"n23m0123.hpc.itc.rwth-aachen.de",16,"16","uds",51,"n23m0123.hpc.itc.rwth-aachen.de",51,"51","uds",unix,64,4194304,10,50,44.562,5.021,7.12108,7.169,10.7215,3.37749,3.37195
16,"n23m0123.hpc.itc.rwth-aachen.de",16,"16","uds",52,"n23m0123.hpc.itc.rwth-aachen.de",52,"52","uds",unix,64,4194304,10,50,40.844,5.4065,8.06861,8.0235,11.1125,3.41693,3.40411
16,"n23m0123.hpc.itc.rwth-aachen.de",16,"16","uds",53,"n23m0123.hpc.itc.rwth-aachen.de",53,"53","uds",unix,64,4194304,10,50,41.598,5.3325,7.26728,7.3745,10.0595,3.38831,3.37701
16,"n23m0123.hpc.itc.rwth-aachen.de",16,"16","uds",54,"n23m0123.hpc.itc.rwth-aachen.de",54,"54","uds",unix,64,4194304,10,50,42.913,5.192,6.70065,7.005,9.6945,3.36817,3.36241
16,"n23m0123.hpc.itc.rwth-aachen.de",16,"16","uds",55,"n23m0123.hpc.itc.rwth-aachen.de",55,"55","uds",unix,64,4194304,10,50,39.54,5.4185,7.40742,7.30225,11.8045,3.39546,3.38891
16,"n23m0123.hpc.itc.rwth-aachen.de",16,"16","uds",56,"n23m0123.hpc.itc.rwth-aachen.de",56,"56","uds",unix,64,4194304,10,50,41.795,5.4335,8.24138,8.27675,12.2395,3.40364,3.3966
16,"n23m0123.hpc.itc.rwth-aachen.de",16,"16","uds",57,"n23m0123.hpc.itc.rwth-aachen.de",57,"57","uds",unix,64,4194304,10,50,43.424,5.2645,7.44955,7.307,13.484,3.31272,3.27936
16,"n23m0123.hpc.itc.rwth-aachen.de",16,"16","uds",58,"n23m0123.hpc.itc.rwth-aachen.de",58,"58","uds",unix,64,4194304,10,50,62.875,5.0535,7.23472,7.1155,10.9045,3.39789,3.39241
16,"n23m0123.hpc.itc.rwth-aachen.de",16,"16","uds",59,"n23m0123.hpc.itc.rwth-aachen.de",59,"59","uds",unix,64,4194304,10,50,66.907,5.371,8.05959,7.4545,17.9355,3.41898,3.42144
16,"n23m0123.hpc.itc.rwth-aachen.de",16,"16","uds",60,"n23m0123.hpc.itc.rwth-aachen.de",60,"60","uds",unix,64,4194304,10,50,63.8,5.3785,8.62952,7.042,31.791,3.32805,3.2647
16,"n23m0123.hpc.itc.rwth-aachen.de",16,"16","uds",61,"n23m0123.hpc.itc.rwth-aachen.de",61,"61","uds",unix,64,4194304,10,50,61.896,5.394,7.08533,7.2055,9.9025,3.37113,3.37052
16,"n23m0123.hpc.itc.rwth-aachen.de",16,"16","uds",62,"n23m0123.hpc.itc.rwth-aachen.de",62,"62","uds",unix,64,4194304,10,50,49.796,5.2305,6.71182,7.082,9.03,3.38303,3.37318
16,"n23m0123.hpc.itc.rwth-aachen.de",16,"16","uds",63,"n23m0123.hpc.itc.rwth-aachen.de",63,"63","uds",unix,64,4194304,10,50,41.441,5.135,7.28276,7.3625,12.2875,3.38873,3.3711
16,"n23m0123.hpc.itc.rwth-aachen.de",16,"16","uds",64,"n23m0123.hpc.itc.rwth-aachen.de",64,"64","uds",unix,64,4194304,10,50,47.314,5.267,6.63953,6.3575,10.2535,3.38247,3.38681
16,"n23m0123.hpc.itc.rwth-aachen.de",16,"16","uds",65,"n23m0123.hpc.itc.rwth-aachen.de",65,"65","uds",unix,64,4194304,10,50,39.998,6.041,8.07667,7.7605,11.1345,3.39133,3.39168
16,"n23m0123.hpc.itc.rwth-aachen.de",16,"16","uds",66,"n23m0123.hpc.itc.rwth-aachen.de",66,"66","uds",unix,64,4194304,10,50,51.288,5.1725,7.3273,7.25075,10.393,3.39346,3.39198
16,"n23m0123.hpc.itc.rwth-aachen.de",16,"16","uds",67,"n23m0123.hpc.itc.rwth-aachen.de",67,"67","uds",unix,64,4194304,10,50,39.102,5.437,7.70929,7.351,11.8805,3.43339,3.43188
16,"n23m0123.hpc.itc.rwth-aachen.de",16,"16","uds",68,"n23m0123.hpc.itc.rwth-aachen.de",68,"68","uds",unix,64,4194304,10,50,42.62,5.243,7.5659,7.5095,11.112,3.4101,3.40227
16,"n23m0123.hpc.itc.rwth-aachen.de",16,"16","uds",69,"n23m0123.hpc.itc.rwth-aachen.de",69,"69","uds",unix,64,4194304,10,50,39.684,5.031,7.02779,7.126,12.669,3.39724,3.38807
16,"n23m0123.hpc.itc.rwth-aachen.de",16,"16","uds",70,"n23m0123.hpc.itc.rwth-aachen.de",70,"70","uds",unix,64,4194304,10,50,40.644,5.1255,6.90581,7.006,9.7015,3.41368,3.41982
16,"n23m0123.hpc.itc.rwth-aachen.de",16,"16","uds",71,"n23m0123.hpc.itc.rwth-aachen.de",71,"71","uds",unix,64,4194304,10,50,37.961,5.2695,6.87558,7.151,9.2485,3.42116,3.40904
16,"n23m0123.hpc.itc.rwth-aachen.de",16,"16","uds",72,"n23m0123.hpc.itc.rwth-aachen.de",72,"72","uds",unix,64,4194304,10,50,41.907,5.697,7.9666,7.78775,9.757,3.36596,3.35273
16,"n23m0123.hpc.itc.rwth-aachen.de",16,"16","uds",73,"n23m0123.hpc.itc.rwth-aachen.de",73,"73","uds",unix,64,4194304,10,50,41.338,5.008,7.09565,7.1695,9.9575,3.34703,3.34735
16,"n23m0123.hpc.itc.rwth-aachen.de",16,"16","uds",74,"n23m0123.hpc.itc.rwth-aachen.de",74,"74","uds",unix,64,4194304,10,50,56.124,5.3955,7.16369,7.40525,9.5705,3.33018,3.32697
16,"n23m0123.hpc.itc.rwth-aachen.de",16,"16","uds",75,"n23m0123.hpc.itc.rwth-aachen.de",75,"75","uds",unix,64,4194304,10,50,45.617,5.234,6.76618,7.175,9.4645,3.29889,3.30012
16,"n23m0123.hpc.itc.rwth-aachen.de",16,"16","uds",76,"n23m0123.hpc.itc.rwth-aachen.de",76,"76","uds",unix,64,4194304,10,50,42.479,5.369,7.24481,7.4005,11.718,3.34109,3.33711
16,"n23m0123.hpc.itc.rwth-aachen.de",16,"16","uds",77,"n23m0123.hpc.itc.rwth-aachen.de",77,"77","uds",unix,64,4194304,10,50,44.239,5.3125,7.34786,7.33975,9.454,3.37781,3.37366
16,"n23m0123.hpc.itc.rwth-aachen.de",16,"16","uds",78,"n23m0123.hpc.itc.rwth-aachen.de",78,"78","uds",unix,64,4194304,10,50,40.409,5.2395,7.42792,7.364,14.6315,3.38036,3.36385
16,"n23m0123.hpc.itc.rwth-aachen.de",16,"16","uds",79,"n23m0123.hpc.itc.rwth-aachen.de",79,"79","uds",unix,64,4194304,10,50,42.524,6,8.56793,8.33925,13.9585,3.35466,3.35402
16,"n23m0123.hpc.itc.rwth-aachen.de",16,"16","uds",80,"n23m0123.hpc.itc.rwth-aachen.de",80,"80","uds",unix,64,4194304,10,50,38.318,5.436,7.28136,7.3155,10.74,3.35671,3.36072
16,"n23m0123.hpc.itc.rwth-aachen.de",16,"16","uds",81,"n23m0123.hpc.itc.rwth-aachen.de",81,"81","uds",unix,64,4194304,10,50,43.442,5.211,6.81107,6.82525,10.673,3.40295,3.39188
16,"n23m0123.hpc.itc.rwth-aachen.de",16,"16","uds",82,"n23m0123.hpc.itc.rwth-aachen.de",82,"82","uds",unix,64,4194304,10,50,41.858,5.4225,7.83337,7.6805,10.236,3.38162,3.37307
16,"n23m0123.hpc.itc.rwth-aachen.de",16,"16","uds",83,"n23m0123.hpc.itc.rwth-aachen.de",83,"83","uds",unix,64,4194304,10,50,45.973,5.233,6.97413,7.16425,9.5345,3.40625,3.40653
16,"n23m0123.hpc.itc.rwth-aachen.de",16,"16","uds",84,"n23m0123.hpc.itc.rwth-aachen.de",84,"84","uds",unix,64,4194304,10,50,40.635,5.4145,7.61619,7.44525,10.032,3.39792,3.3893
16,"n23m0123.hpc.itc.rwth-aachen.de",16,"16","uds",85,"n23m0123.hpc.itc.rwth-aachen.de",85,"85","uds",unix,64,4194304,10,50,45.414,5.558,7.518,7.3555,12.9705,3.40522,3.39731
16,"n23m0123.hpc.itc.rwth-aachen.de",16,"16","uds",86,"n23m0123.hpc.itc.rwth-aachen.de",86,"86","uds",unix,64,4194304,10,50,47.509,5.191,6.70231,6.90775,9.873,3.38384,3.37764
16,"n23m0123.hpc.itc.rwth-aachen.de",16,"16","uds",87,"n23m0123.hpc.itc.rwth-aachen.de",87,"87","uds",unix,64,4194304,10,50,40.815,5.364,7.3075,7.25575,12.089,3.36753,3.37055
16,"n23m0123.hpc.itc.rwth-aachen.de",16,"16","uds",88,"n23m0123.hpc.itc.rwth-aachen.de",88,"88","uds",unix,64,4194304,10,50,38.312,5.0825,7.25686,7.1915,13.304,3.41676,3.41932
16,"n23m0123.hpc.itc.rwth-aachen.de",16,"16","uds",89,"n23m0123.hpc.itc.rwth-aachen.de",89,"89","uds",unix,64,4194304,10,50,39.187,5.2165,7.33655,7.4635,9.996,3.40736,3.40355
16,"n23m0123.hpc.itc.rwth-aachen.de",16,"16","uds",90,"n23m0123.hpc.itc.rwth-aachen.de",90,"90","uds",unix,64,4194304,10,50,44.341,5.018,6.91272,7.0025,10.3795,3.43443,3.42355
16,"n23m0123.hpc.itc.rwth-aachen.de",16,"16","uds",91,"n23m0123.hpc.itc.rwth-aachen.de",91,"91","uds",unix,64,4194304,10,50,38.674,5.434,7.36142,7.3765,10.313,3.40236,3.40346
16,"n23m0123.hpc.itc.rwth-aachen.de",16,"16","uds",92,"n23m0123.hpc.itc.rwth-aachen.de",92,"92","uds",unix,64,4194304,10,50,39.068,5.1005,7.18248,7.257,10.576,3.39072,3.39045
16,"n23m0123.hpc.itc.rwth-aachen.de",16,"16","uds",93,"n23m0123.hpc.itc.rwth-aachen.de",93,"93","uds",unix,64,4194304,10,50,40.763,5.519,7.3135,7.2775,12.619,3.45227,3.44051
16,"n23m0123.hpc.itc.rwth-aachen.de",16,"16","uds",94,"n23m0123.hpc.itc.rwth-aachen.de",94,"94","uds",unix,64,4194304,10,50,39.851,5.469,7.38851,7.247,11.497,3.45231,3.44369
16,"n23m0123.hpc.itc.rwth-aachen.de",16,"16","uds",95,"n23m0123.hpc.itc.rwth-aachen.de",95,"95","uds",unix,64,4194304,10,50,37.077,5.126,7.00517,7.199,9.84,3.43935,3.43054
17,"n23m0123.hpc.itc.rwth-aachen.de",17,"17","uds",18,"n23m0123.hpc.itc.rwth-aachen.de",18,"18","uds",unix,64,4194304,10,50,78.477,2.457,3.34756,3.13325,7.044,7.53748,7.47495
17,"n23m0123.hpc.itc.rwth-aachen.de",17,"17","uds",19,"n23m0123.hpc.itc.rwth-aachen.de",19,"19","uds",unix,64,4194304,10,50,37.42,2.6015,4.58713,4.73675,10.0775,7.54452,7.4789
17,"n23m0123.hpc.itc.rwth-aachen.de",17,"17","uds",20,"n23m0123.hpc.itc.rwth-aachen.de",20,"20","uds",unix,64,4194304,10,50,39.574,2.359,2.99914,2.668,5.5855,7.23079,7.12394
17,"n23m0123.hpc.itc.rwth-aachen.de",17,"17","uds",21,"n23m0123.hpc.itc.rwth-aachen.de",21,"21","uds",unix,64,4194304,10,50,41.136,2.5625,3.53804,3.5175,8.1265,7.24694,7.15609
17,"n23m0123.hpc.itc.rwth-aachen.de",17,"17","uds",22,"n23m0123.hpc.itc.rwth-aachen.de",22,"22","uds",unix,64,4194304,10,50,41.542,2.3725,3.13347,2.72575,6.313,7.52102,7.50004
17,"n23m0123.hpc.itc.rwth-aachen.de",17,"17","uds",23,"n23m0123.hpc.itc.rwth-aachen.de",23,"23","uds",unix,64,4194304,10,50,38.809,2.5505,3.69604,3.7275,6.959,7.17557,7.1076
17,"n23m0123.hpc.itc.rwth-aachen.de",17,"17","uds",24,"n23m0123.hpc.itc.rwth-aachen.de",24,"24","uds",unix,64,4194304,10,50,38.34,2.818,4.13078,4.04325,6.352,6.51028,6.45599
17,"n23m0123.hpc.itc.rwth-aachen.de",17,"17","uds",25,"n23m0123.hpc.itc.rwth-aachen.de",25,"25","uds",unix,64,4194304,10,50,42.745,3.1305,4.8107,5.08725,5.7315,6.51622,6.4631
17,"n23m0123.hpc.itc.rwth-aachen.de",17,"17","uds",26,"n23m0123.hpc.itc.rwth-aachen.de",26,"26","uds",unix,64,4194304,10,50,38.962,2.8355,4.27932,4.15175,5.4765,6.47585,6.41032
17,"n23m0123.hpc.itc.rwth-aachen.de",17,"17","uds",27,"n23m0123.hpc.itc.rwth-aachen.de",27,"27","uds",unix,64,4194304,10,50,33.484,2.952,4.57682,4.88975,5.3895,6.41097,6.35384
17,"n23m0123.hpc.itc.rwth-aachen.de",17,"17","uds",28,"n23m0123.hpc.itc.rwth-aachen.de",28,"28","uds",unix,64,4194304,10,50,31.934,2.907,3.97547,3.9485,5.406,6.56089,6.50788
17,"n23m0123.hpc.itc.rwth-aachen.de",17,"17","uds",29,"n23m0123.hpc.itc.rwth-aachen.de",29,"29","uds",unix,64,4194304,10,50,45.224,2.88,4.19456,4.10275,5.3505,6.49076,6.43564
17,"n23m0123.hpc.itc.rwth-aachen.de",17,"17","uds",30,"n23m0123.hpc.itc.rwth-aachen.de",30,"30","uds",unix,64,4194304,10,50,33.857,2.949,4.4948,4.23125,6.625,6.59183,6.51002
17,"n23m0123.hpc.itc.rwth-aachen.de",17,"17","uds",31,"n23m0123.hpc.itc.rwth-aachen.de",31,"31","uds",unix,64,4194304,10,50,30.728,2.757,4.11247,3.9575,8.8635,6.44877,6.40329
17,"n23m0123.hpc.itc.rwth-aachen.de",17,"17","uds",32,"n23m0123.hpc.itc.rwth-aachen.de",32,"32","uds",unix,64,4194304,10,50,42.542,2.9715,4.3179,4.06225,5.385,6.57781,6.51184
17,"n23m0123.hpc.itc.rwth-aachen.de",17,"17","uds",33,"n23m0123.hpc.itc.rwth-aachen.de",33,"33","uds",unix,64,4194304,10,50,38.261,2.8775,4.1345,4.1495,5.581,6.58628,6.52679
17,"n23m0123.hpc.itc.rwth-aachen.de",17,"17","uds",34,"n23m0123.hpc.itc.rwth-aachen.de",34,"34","uds",unix,64,4194304,10,50,32.86,2.904,4.54171,4.71575,7.7905,6.52459,6.45467
17,"n23m0123.hpc.itc.rwth-aachen.de",17,"17","uds",35,"n23m0123.hpc.itc.rwth-aachen.de",35,"35","uds",unix,64,4194304,10,50,38.741,2.7845,3.71838,3.75925,5.5175,6.5017,6.42593
17,"n23m0123.hpc.itc.rwth-aachen.de",17,"17","uds",36,"n23m0123.hpc.itc.rwth-aachen.de",36,"36","uds",unix,64,4194304,10,50,34.638,2.5565,3.3897,3.5055,5.084,6.94181,6.86076
17,"n23m0123.hpc.itc.rwth-aachen.de",17,"17","uds",37,"n23m0123.hpc.itc.rwth-aachen.de",37,"37","uds",unix,64,4194304,10,50,40.862,3.0235,4.43858,4.09025,10.5565,6.95265,6.89963
17,"n23m0123.hpc.itc.rwth-aachen.de",17,"17","uds",38,"n23m0123.hpc.itc.rwth-aachen.de",38,"38","uds",unix,64,4194304,10,50,41.432,2.7095,3.67448,3.779,7.5035,6.90986,6.83789
17,"n23m0123.hpc.itc.rwth-aachen.de",17,"17","uds",39,"n23m0123.hpc.itc.rwth-aachen.de",39,"39","uds",unix,64,4194304,10,50,38.099,2.742,4.01507,3.95675,5.2115,6.80491,6.77891
17,"n23m0123.hpc.itc.rwth-aachen.de",17,"17","uds",40,"n23m0123.hpc.itc.rwth-aachen.de",40,"40","uds",unix,64,4194304,10,50,30.79,2.615,3.55564,3.62275,5.093,6.77958,6.70868
17,"n23m0123.hpc.itc.rwth-aachen.de",17,"17","uds",41,"n23m0123.hpc.itc.rwth-aachen.de",41,"41","uds",unix,64,4194304,10,50,29.948,2.5885,3.30505,2.83825,4.882,7.03144,6.95325
17,"n23m0123.hpc.itc.rwth-aachen.de",17,"17","uds",42,"n23m0123.hpc.itc.rwth-aachen.de",42,"42","uds",unix,64,4194304,10,50,30.386,2.6815,3.74735,3.79475,5.064,7.00776,6.92631
17,"n23m0123.hpc.itc.rwth-aachen.de",17,"17","uds",43,"n23m0123.hpc.itc.rwth-aachen.de",43,"43","uds",unix,64,4194304,10,50,33.483,2.758,3.85669,3.81175,6.6245,6.94159,6.88396
17,"n23m0123.hpc.itc.rwth-aachen.de",17,"17","uds",44,"n23m0123.hpc.itc.rwth-aachen.de",44,"44","uds",unix,64,4194304,10,50,32.206,2.8535,4.07442,4.09325,5.3975,6.97156,6.88738
17,"n23m0123.hpc.itc.rwth-aachen.de",17,"17","uds",45,"n23m0123.hpc.itc.rwth-aachen.de",45,"45","uds",unix,64,4194304,10,50,33.072,2.682,3.71115,3.8445,5.038,6.92712,6.86698
17,"n23m0123.hpc.itc.rwth-aachen.de",17,"17","uds",46,"n23m0123.hpc.itc.rwth-aachen.de",46,"46","uds",unix,64,4194304,10,50,30.719,2.657,3.37492,2.9425,5.0315,6.90517,6.84493
17,"n23m0123.hpc.itc.rwth-aachen.de",17,"17","uds",47,"n23m0123.hpc.itc.rwth-aachen.de",47,"47","uds",unix,64,4194304,10,50,32.874,2.671,3.70692,3.73,5.821,6.84354,6.78236
17,"n23m0123.hpc.itc.rwth-aachen.de",17,"17","uds",48,"n23m0123.hpc.itc.rwth-aachen.de",48,"48","uds",unix,64,4194304,10,50,49.563,5.0955,7.24261,7.15925,11.447,3.27523,3.16177
17,"n23m0123.hpc.itc.rwth-aachen.de",17,"17","uds",49,"n23m0123.hpc.itc.rwth-aachen.de",49,"49","uds",unix,64,4194304,10,50,57.37,5.19,7.57663,7.32725,12.985,3.33464,3.33024
17,"n23m0123.hpc.itc.rwth-aachen.de",17,"17","uds",50,"n23m0123.hpc.itc.rwth-aachen.de",50,"50","uds",unix,64,4194304,10,50,53.55,5.232,7.6976,7.46975,14.236,3.29811,3.29244
17,"n23m0123.hpc.itc.rwth-aachen.de",17,"17","uds",51,"n23m0123.hpc.itc.rwth-aachen.de",51,"51","uds",unix,64,4194304,10,50,66.34,5.2275,7.09483,7.15475,9.519,3.33858,3.34004
17,"n23m0123.hpc.itc.rwth-aachen.de",17,"17","uds",52,"n23m0123.hpc.itc.rwth-aachen.de",52,"52","uds",unix,64,4194304,10,50,45.938,5.295,7.62438,7.41925,10.841,3.37163,3.36404
17,"n23m0123.hpc.itc.rwth-aachen.de",17,"17","uds",53,"n23m0123.hpc.itc.rwth-aachen.de",53,"53","uds",unix,64,4194304,10,50,49.424,6.7725,8.32479,7.92775,11.624,3.32246,3.31956
17,"n23m0123.hpc.itc.rwth-aachen.de",17,"17","uds",54,"n23m0123.hpc.itc.rwth-aachen.de",54,"54","uds",unix,64,4194304,10,50,40.071,4.977,7.01206,6.8705,10.1885,3.34229,3.33439
17,"n23m0123.hpc.itc.rwth-aachen.de",17,"17","uds",55,"n23m0123.hpc.itc.rwth-aachen.de",55,"55","uds",unix,64,4194304,10,50,48.828,5.345,7.59673,7.43725,9.83,3.34978,3.33946
17,"n23m0123.hpc.itc.rwth-aachen.de",17,"17","uds",56,"n23m0123.hpc.itc.rwth-aachen.de",56,"56","uds",unix,64,4194304,10,50,38.264,5.2565,7.73927,7.6105,13.284,3.36514,3.3684
17,"n23m0123.hpc.itc.rwth-aachen.de",17,"17","uds",57,"n23m0123.hpc.itc.rwth-aachen.de",57,"57","uds",unix,64,4194304,10,50,54.744,5.337,7.71227,7.55725,16.4745,3.34386,3.33986
17,"n23m0123.hpc.itc.rwth-aachen.de",17,"17","uds",58,"n23m0123.hpc.itc.rwth-aachen.de",58,"58","uds",unix,64,4194304,10,50,42.115,5.472,7.8042,7.631,12.9835,3.41063,3.40682
17,"n23m0123.hpc.itc.rwth-aachen.de",17,"17","uds",59,"n23m0123.hpc.itc.rwth-aachen.de",59,"59","uds",unix,64,4194304,10,50,38.737,5.156,7.8982,7.636,12.617,3.3914,3.38522
17,"n23m0123.hpc.itc.rwth-aachen.de",17,"17","uds",60,"n23m0123.hpc.itc.rwth-aachen.de",60,"60","uds",unix,64,4194304,10,50,53.755,5.6565,7.92117,7.615,11.773,3.35958,3.35261
17,"n23m0123.hpc.itc.rwth-aachen.de",17,"17","uds",61,"n23m0123.hpc.itc.rwth-aachen.de",61,"61","uds",unix,64,4194304,10,50,49.749,5.3505,7.63148,7.4995,11.972,3.40868,3.39526
17,"n23m0123.hpc.itc.rwth-aachen.de",17,"17","uds",62,"n23m0123.hpc.itc.rwth-aachen.de",62,"62","uds",unix,64,4194304,10,50,45.253,5.176,7.73755,7.55075,11.835,3.41535,3.4088
17,"n23m0123.hpc.itc.rwth-aachen.de",17,"17","uds",63,"n23m0123.hpc.itc.rwth-aachen.de",63,"63","uds",unix,64,4194304,10,50,48.615,5.625,7.86758,7.5405,10.139,3.37863,3.38256
17,"n23m0123.hpc.itc.rwth-aachen.de",17,"17","uds",64,"n23m0123.hpc.itc.rwth-aachen.de",64,"64","uds",unix,64,4194304,10,50,42.078,5.2275,7.24422,7.22825,11.1615,3.43027,3.42198
17,"n23m0123.hpc.itc.rwth-aachen.de",17,"17","uds",65,"n23m0123.hpc.itc.rwth-aachen.de",65,"65","uds",unix,64,4194304,10,50,40.096,5.365,7.96079,8.03675,10.3245,3.42569,3.4183
17,"n23m0123.hpc.itc.rwth-aachen.de",17,"17","uds",66,"n23m0123.hpc.itc.rwth-aachen.de",66,"66","uds",unix,64,4194304,10,50,44.38,5.3455,7.51899,7.44475,9.5465,3.40208,3.40187
17,"n23m0123.hpc.itc.rwth-aachen.de",17,"17","uds",67,"n23m0123.hpc.itc.rwth-aachen.de",67,"67","uds",unix,64,4194304,10,50,43.571,5.211,7.23141,7.135,11.55,3.40952,3.41544
17,"n23m0123.hpc.itc.rwth-aachen.de",17,"17","uds",68,"n23m0123.hpc.itc.rwth-aachen.de",68,"68","uds",unix,64,4194304,10,50,42.65,5.5205,7.48111,7.287,9.9865,3.39746,3.40098
17,"n23m0123.hpc.itc.rwth-aachen.de",17,"17","uds",69,"n23m0123.hpc.itc.rwth-aachen.de",69,"69","uds",unix,64,4194304,10,50,40.114,5.4495,7.32006,7.42875,9.642,3.37603,3.36262
17,"n23m0123.hpc.itc.rwth-aachen.de",17,"17","uds",70,"n23m0123.hpc.itc.rwth-aachen.de",70,"70","uds",unix,64,4194304,10,50,41.318,5.4305,7.8248,7.50575,12.753,3.37438,3.37138
17,"n23m0123.hpc.itc.rwth-aachen.de",17,"17","uds",71,"n23m0123.hpc.itc.rwth-aachen.de",71,"71","uds",unix,64,4194304,10,50,41.572,5.318,7.49648,7.417,9.405,3.41295,3.40517
17,"n23m0123.hpc.itc.rwth-aachen.de",17,"17","uds",72,"n23m0123.hpc.itc.rwth-aachen.de",72,"72","uds",unix,64,4194304,10,50,45.896,5.3855,7.62688,7.48825,12.1405,3.38679,3.38049
17,"n23m0123.hpc.itc.rwth-aachen.de",17,"17","uds",73,"n23m0123.hpc.itc.rwth-aachen.de",73,"73","uds",unix,64,4194304,10,50,48.603,5.6455,8.2329,8.27775,12.6665,3.38869,3.383
17,"n23m0123.hpc.itc.rwth-aachen.de",17,"17","uds",74,"n23m0123.hpc.itc.rwth-aachen.de",74,"74","uds",unix,64,4194304,10,50,47.43,5.1995,7.07549,7.28825,9.2915,3.41368,3.4039
17,"n23m0123.hpc.itc.rwth-aachen.de",17,"17","uds",75,"n23m0123.hpc.itc.rwth-aachen.de",75,"75","uds",unix,64,4194304,10,50,42.356,5.322,7.0425,7.20675,9.4165,3.38759,3.38085
17,"n23m0123.hpc.itc.rwth-aachen.de",17,"17","uds",76,"n23m0123.hpc.itc.rwth-aachen.de",76,"76","uds",unix,64,4194304,10,50,42.218,5.2825,7.10008,7.17175,16.1875,3.41495,3.40917
17,"n23m0123.hpc.itc.rwth-aachen.de",17,"17","uds",77,"n23m0123.hpc.itc.rwth-aachen.de",77,"77","uds",unix,64,4194304,10,50,47.989,6.427,8.47914,8.049,12.5115,3.39764,3.40474
17,"n23m0123.hpc.itc.rwth-aachen.de",17,"17","uds",78,"n23m0123.hpc.itc.rwth-aachen.de",78,"78","uds",unix,64,4194304,10,50,40.107,5.2635,7.69769,7.61975,11.543,3.39188,3.39515
17,"n23m0123.hpc.itc.rwth-aachen.de",17,"17","uds",79,"n23m0123.hpc.itc.rwth-aachen.de",79,"79","uds",unix,64,4194304,10,50,38.05,5.7415,8.53112,8.88925,11.475,3.37294,3.37006
17,"n23m0123.hpc.itc.rwth-aachen.de",17,"17","uds",80,"n23m0123.hpc.itc.rwth-aachen.de",80,"80","uds",unix,64,4194304,10,50,54.529,6.827,8.34716,7.8375,12.1575,3.37017,3.36129
17,"n23m0123.hpc.itc.rwth-aachen.de",17,"17","uds",81,"n23m0123.hpc.itc.rwth-aachen.de",81,"81","uds",unix,64,4194304,10,50,41.887,5.539,7.095,7.25125,9.7905,3.36875,3.36736
17,"n23m0123.hpc.itc.rwth-aachen.de",17,"17","uds",82,"n23m0123.hpc.itc.rwth-aachen.de",82,"82","uds",unix,64,4194304,10,50,40.613,5.4385,7.95874,7.7235,12.0795,3.34187,3.33781
17,"n23m0123.hpc.itc.rwth-aachen.de",17,"17","uds",83,"n23m0123.hpc.itc.rwth-aachen.de",83,"83","uds",unix,64,4194304,10,50,40.144,5.4585,7.3482,7.28975,9.846,3.37172,3.36632
17,"n23m0123.hpc.itc.rwth-aachen.de",17,"17","uds",84,"n23m0123.hpc.itc.rwth-aachen.de",84,"84","uds",unix,64,4194304,10,50,51.816,5.4265,8.04669,7.957,13.966,3.37931,3.37585
17,"n23m0123.hpc.itc.rwth-aachen.de",17,"17","uds",85,"n23m0123.hpc.itc.rwth-aachen.de",85,"85","uds",unix,64,4194304,10,50,48.166,5.2025,7.35398,7.398,10.666,3.39162,3.38707
17,"n23m0123.hpc.itc.rwth-aachen.de",17,"17","uds",86,"n23m0123.hpc.itc.rwth-aachen.de",86,"86","uds",unix,64,4194304,10,50,43.255,5.1175,7.18196,7.11825,12.7395,3.42214,3.41567
17,"n23m0123.hpc.itc.rwth-aachen.de",17,"17","uds",87,"n23m0123.hpc.itc.rwth-aachen.de",87,"87","uds",unix,64,4194304,10,50,42.026,5.398,7.54118,7.481,12.7925,3.41576,3.40807
17,"n23m0123.hpc.itc.rwth-aachen.de",17,"17","uds",88,"n23m0123.hpc.itc.rwth-aachen.de",88,"88","uds",unix,64,4194304,10,50,37.592,5.393,7.34416,7.2895,11.394,3.42656,3.42304
17,"n23m0123.hpc.itc.rwth-aachen.de",17,"17","uds",89,"n23m0123.hpc.itc.rwth-aachen.de",89,"89","uds",unix,64,4194304,10,50,40.404,5.5045,7.9908,7.455,13.303,3.40427,3.396
17,"n23m0123.hpc.itc.rwth-aachen.de",17,"17","uds",90,"n23m0123.hpc.itc.rwth-aachen.de",90,"90","uds",unix,64,4194304,10,50,42.138,5.5215,7.40721,7.19475,9.4895,3.39549,3.39516
17,"n23m0123.hpc.itc.rwth-aachen.de",17,"17","uds",91,"n23m0123.hpc.itc.rwth-aachen.de",91,"91","uds",unix,64,4194304,10,50,41.936,7.38,9.28765,9.224,12.323,3.42126,3.41126
17,"n23m0123.hpc.itc.rwth-aachen.de",17,"17","uds",92,"n23m0123.hpc.itc.rwth-aachen.de",92,"92","uds",unix,64,4194304,10,50,41.286,5.436,7.71006,7.52875,9.3275,3.42238,3.42662
17,"n23m0123.hpc.itc.rwth-aachen.de",17,"17","uds",93,"n23m0123.hpc.itc.rwth-aachen.de",93,"93","uds",unix,64,4194304,10,50,41.261,5.372,7.78896,7.659,11.538,3.43722,3.44474
17,"n23m0123.hpc.itc.rwth-aachen.de",17,"17","uds",94,"n23m0123.hpc.itc.rwth-aachen.de",94,"94","uds",unix,64,4194304,10,50,42.017,4.929,7.26622,7.1835,12.2655,3.42272,3.4175
17,"n23m0123.hpc.itc.rwth-aachen.de",17,"17","uds",95,"n23m0123.hpc.itc.rwth-aachen.de",95,"95","uds",unix,64,4194304,10,50,41.212,5.146,7.97865,7.60025,11.3975,3.41352,3.40875
18,"n23m0123.hpc.itc.rwth-aachen.de",18,"18","uds",19,"n23m0123.hpc.itc.rwth-aachen.de",19,"19","uds",unix,64,4194304,10,50,82.118,2.7505,4.59996,4.74125,8.4915,7.63077,7.57057
18,"n23m0123.hpc.itc.rwth-aachen.de",18,"18","uds",20,"n23m0123.hpc.itc.rwth-aachen.de",20,"20","uds",unix,64,4194304,10,50,47.443,2.6645,4.10725,4.0665,5.494,7.27091,7.22036
18,"n23m0123.hpc.itc.rwth-aachen.de",18,"18","uds",21,"n23m0123.hpc.itc.rwth-aachen.de",21,"21","uds",unix,64,4194304,10,50,40.839,2.5625,3.717,3.679,7.781,7.39203,7.35157
18,"n23m0123.hpc.itc.rwth-aachen.de",18,"18","uds",22,"n23m0123.hpc.itc.rwth-aachen.de",22,"22","uds",unix,64,4194304,10,50,40.108,2.487,3.38683,3.51825,5.531,7.77678,7.71156
18,"n23m0123.hpc.itc.rwth-aachen.de",18,"18","uds",23,"n23m0123.hpc.itc.rwth-aachen.de",23,"23","uds",unix,64,4194304,10,50,40.378,2.5155,3.54183,3.72475,5.23,7.43846,7.36707
18,"n23m0123.hpc.itc.rwth-aachen.de",18,"18","uds",24,"n23m0123.hpc.itc.rwth-aachen.de",24,"24","uds",unix,64,4194304,10,50,40.883,2.8635,4.30059,4.12525,9.526,6.51744,6.46652
18,"n23m0123.hpc.itc.rwth-aachen.de",18,"18","uds",25,"n23m0123.hpc.itc.rwth-aachen.de",25,"25","uds",unix,64,4194304,10,50,37.127,2.8575,4.2391,4.1325,5.5355,6.46968,6.40834
18,"n23m0123.hpc.itc.rwth-aachen.de",18,"18","uds",26,"n23m0123.hpc.itc.rwth-aachen.de",26,"26","uds",unix,64,4194304,10,50,37.965,2.8575,4.43702,4.78225,6.3685,6.44778,6.39924
18,"n23m0123.hpc.itc.rwth-aachen.de",18,"18","uds",27,"n23m0123.hpc.itc.rwth-aachen.de",27,"27","uds",unix,64,4194304,10,50,39.543,3.975,4.9898,5.25775,5.8985,6.38784,6.34062
18,"n23m0123.hpc.itc.rwth-aachen.de",18,"18","uds",28,"n23m0123.hpc.itc.rwth-aachen.de",28,"28","uds",unix,64,4194304,10,50,31.848,2.8435,4.13135,4.11075,5.295,6.52785,6.48335
18,"n23m0123.hpc.itc.rwth-aachen.de",18,"18","uds",29,"n23m0123.hpc.itc.rwth-aachen.de",29,"29","uds",unix,64,4194304,10,50,34.524,3.0055,4.5402,4.9095,5.3825,6.47756,6.42543
18,"n23m0123.hpc.itc.rwth-aachen.de",18,"18","uds",30,"n23m0123.hpc.itc.rwth-aachen.de",30,"30","uds",unix,64,4194304,10,50,32.858,2.8195,4.23007,4.63125,5.273,6.56127,6.36381
18,"n23m0123.hpc.itc.rwth-aachen.de",18,"18","uds",31,"n23m0123.hpc.itc.rwth-aachen.de",31,"31","uds",unix,64,4194304,10,50,50.58,2.881,4.44415,4.50925,5.7625,6.4526,6.40578
18,"n23m0123.hpc.itc.rwth-aachen.de",18,"18","uds",32,"n23m0123.hpc.itc.rwth-aachen.de",32,"32","uds",unix,64,4194304,10,50,58.907,2.907,4.44517,4.095,15.113,6.59297,6.54483
18,"n23m0123.hpc.itc.rwth-aachen.de",18,"18","uds",33,"n23m0123.hpc.itc.rwth-aachen.de",33,"33","uds",unix,64,4194304,10,50,51.034,2.8675,5.16899,4.92175,16.729,6.58529,6.55327
18,"n23m0123.hpc.itc.rwth-aachen.de",18,"18","uds",34,"n23m0123.hpc.itc.rwth-aachen.de",34,"34","uds",unix,64,4194304,10,50,50.478,2.962,4.97998,4.1235,16.5555,6.49265,6.45446
18,"n23m0123.hpc.itc.rwth-aachen.de",18,"18","uds",35,"n23m0123.hpc.itc.rwth-aachen.de",35,"35","uds",unix,64,4194304,10,50,49.437,3.222,4.9981,4.82975,13.6825,6.4315,6.40475
18,"n23m0123.hpc.itc.rwth-aachen.de",18,"18","uds",36,"n23m0123.hpc.itc.rwth-aachen.de",36,"36","uds",unix,64,4194304,10,50,45.718,2.7875,3.97419,3.65575,13.987,7.02985,6.97764
18,"n23m0123.hpc.itc.rwth-aachen.de",18,"18","uds",37,"n23m0123.hpc.itc.rwth-aachen.de",37,"37","uds",unix,64,4194304,10,50,55.888,2.8445,4.3403,3.856,16.341,6.97092,6.91547
18,"n23m0123.hpc.itc.rwth-aachen.de",18,"18","uds",38,"n23m0123.hpc.itc.rwth-aachen.de",38,"38","uds",unix,64,4194304,10,50,42.404,2.624,4.12996,3.7565,12.6965,6.92578,6.87215
18,"n23m0123.hpc.itc.rwth-aachen.de",18,"18","uds",39,"n23m0123.hpc.itc.rwth-aachen.de",39,"39","uds",unix,64,4194304,10,50,43.268,2.859,4.28729,4.045,10.714,6.95555,6.92208
18,"n23m0123.hpc.itc.rwth-aachen.de",18,"18","uds",40,"n23m0123.hpc.itc.rwth-aachen.de",40,"40","uds",unix,64,4194304,10,50,42.626,2.8315,4.51796,4.18975,14.0355,6.91672,6.88691
18,"n23m0123.hpc.itc.rwth-aachen.de",18,"18","uds",41,"n23m0123.hpc.itc.rwth-aachen.de",41,"41","uds",unix,64,4194304,10,50,43.101,2.7405,4.05756,3.7205,11.605,6.87253,6.89465
18,"n23m0123.hpc.itc.rwth-aachen.de",18,"18","uds",42,"n23m0123.hpc.itc.rwth-aachen.de",42,"42","uds",unix,64,4194304,10,50,49.1,2.6645,4.63012,3.8345,30.1525,6.94305,6.68535
18,"n23m0123.hpc.itc.rwth-aachen.de",18,"18","uds",43,"n23m0123.hpc.itc.rwth-aachen.de",43,"43","uds",unix,64,4194304,10,50,52.49,2.788,3.84458,3.89225,5.47,6.88863,6.71049
18,"n23m0123.hpc.itc.rwth-aachen.de",18,"18","uds",44,"n23m0123.hpc.itc.rwth-aachen.de",44,"44","uds",unix,64,4194304,10,50,50.418,2.7395,3.8267,3.73925,7.1115,7.02815,6.94892
18,"n23m0123.hpc.itc.rwth-aachen.de",18,"18","uds",45,"n23m0123.hpc.itc.rwth-aachen.de",45,"45","uds",unix,64,4194304,10,50,37.762,2.925,4.56368,4.797,5.403,6.97353,6.91873
18,"n23m0123.hpc.itc.rwth-aachen.de",18,"18","uds",46,"n23m0123.hpc.itc.rwth-aachen.de",46,"46","uds",unix,64,4194304,10,50,42.293,2.8065,3.71815,3.8205,4.908,6.95408,6.87939
18,"n23m0123.hpc.itc.rwth-aachen.de",18,"18","uds",47,"n23m0123.hpc.itc.rwth-aachen.de",47,"47","uds",unix,64,4194304,10,50,34.126,2.6535,3.35726,3.00525,5.0555,6.9381,6.88097
18,"n23m0123.hpc.itc.rwth-aachen.de",18,"18","uds",48,"n23m0123.hpc.itc.rwth-aachen.de",48,"48","uds",unix,64,4194304,10,50,50.206,5.8755,8.15857,8.03625,13.118,3.33476,3.32256
18,"n23m0123.hpc.itc.rwth-aachen.de",18,"18","uds",49,"n23m0123.hpc.itc.rwth-aachen.de",49,"49","uds",unix,64,4194304,10,50,51.428,5.31,7.27783,7.19575,9.9365,3.33637,3.33163
18,"n23m0123.hpc.itc.rwth-aachen.de",18,"18","uds",50,"n23m0123.hpc.itc.rwth-aachen.de",50,"50","uds",unix,64,4194304,10,50,50.69,5.247,7.33036,7.229,13.1385,3.34673,3.34129
18,"n23m0123.hpc.itc.rwth-aachen.de",18,"18","uds",51,"n23m0123.hpc.itc.rwth-aachen.de",51,"51","uds",unix,64,4194304,10,50,53.659,5.266,7.00894,7,12.0095,3.37263,3.36559
18,"n23m0123.hpc.itc.rwth-aachen.de",18,"18","uds",52,"n23m0123.hpc.itc.rwth-aachen.de",52,"52","uds",unix,64,4194304,10,50,43.785,5.2615,7.00769,7.10625,9.394,3.39008,3.38256
18,"n23m0123.hpc.itc.rwth-aachen.de",18,"18","uds",53,"n23m0123.hpc.itc.rwth-aachen.de",53,"53","uds",unix,64,4194304,10,50,46.739,6.9545,8.51364,8.01125,13.703,3.3569,3.34765
18,"n23m0123.hpc.itc.rwth-aachen.de",18,"18","uds",54,"n23m0123.hpc.itc.rwth-aachen.de",54,"54","uds",unix,64,4194304,10,50,42.658,5.3185,6.73867,6.939,9.4575,3.35143,3.35573
18,"n23m0123.hpc.itc.rwth-aachen.de",18,"18","uds",55,"n23m0123.hpc.itc.rwth-aachen.de",55,"55","uds",unix,64,4194304,10,50,47.895,5.5095,7.64929,7.6105,10.509,3.36603,3.36612
18,"n23m0123.hpc.itc.rwth-aachen.de",18,"18","uds",56,"n23m0123.hpc.itc.rwth-aachen.de",56,"56","uds",unix,64,4194304,10,50,42.821,5.5365,7.8096,7.49575,11.445,3.38138,3.3785
18,"n23m0123.hpc.itc.rwth-aachen.de",18,"18","uds",57,"n23m0123.hpc.itc.rwth-aachen.de",57,"57","uds",unix,64,4194304,10,50,48.527,5.25,7.54208,7.40625,11.133,3.31391,3.30418
18,"n23m0123.hpc.itc.rwth-aachen.de",18,"18","uds",58,"n23m0123.hpc.itc.rwth-aachen.de",58,"58","uds",unix,64,4194304,10,50,43.475,5.442,7.40681,7.349,9.9485,3.35507,3.35595
18,"n23m0123.hpc.itc.rwth-aachen.de",18,"18","uds",59,"n23m0123.hpc.itc.rwth-aachen.de",59,"59","uds",unix,64,4194304,10,50,43.979,5.356,7.52735,7.424,11.7565,3.34222,3.33633
18,"n23m0123.hpc.itc.rwth-aachen.de",18,"18","uds",60,"n23m0123.hpc.itc.rwth-aachen.de",60,"60","uds",unix,64,4194304,10,50,43.522,5.5915,7.87001,7.69325,9.8875,3.34897,3.34582
18,"n23m0123.hpc.itc.rwth-aachen.de",18,"18","uds",61,"n23m0123.hpc.itc.rwth-aachen.de",61,"61","uds",unix,64,4194304,10,50,47.517,5.243,7.83538,7.52225,11.513,3.38323,3.37988
18,"n23m0123.hpc.itc.rwth-aachen.de",18,"18","uds",62,"n23m0123.hpc.itc.rwth-aachen.de",62,"62","uds",unix,64,4194304,10,50,39.126,5.294,7.05412,7.16475,10.025,3.36524,3.35674
18,"n23m0123.hpc.itc.rwth-aachen.de",18,"18","uds",63,"n23m0123.hpc.itc.rwth-aachen.de",63,"63","uds",unix,64,4194304,10,50,40.686,5.018,6.96732,6.99175,11.116,3.319,3.31871
18,"n23m0123.hpc.itc.rwth-aachen.de",18,"18","uds",64,"n23m0123.hpc.itc.rwth-aachen.de",64,"64","uds",unix,64,4194304,10,50,40.673,5.311,7.83363,7.54475,10.992,3.38009,3.37757
18,"n23m0123.hpc.itc.rwth-aachen.de",18,"18","uds",65,"n23m0123.hpc.itc.rwth-aachen.de",65,"65","uds",unix,64,4194304,10,50,42.123,4.991,6.90268,6.847,12.393,3.37102,3.36631
18,"n23m0123.hpc.itc.rwth-aachen.de",18,"18","uds",66,"n23m0123.hpc.itc.rwth-aachen.de",66,"66","uds",unix,64,4194304,10,50,44.366,5.1775,7.50919,7.273,10.9855,3.35872,3.35728
18,"n23m0123.hpc.itc.rwth-aachen.de",18,"18","uds",67,"n23m0123.hpc.itc.rwth-aachen.de",67,"67","uds",unix,64,4194304,10,50,36.67,7.5745,9.21157,9.0365,15.1615,3.35832,3.35218
18,"n23m0123.hpc.itc.rwth-aachen.de",18,"18","uds",68,"n23m0123.hpc.itc.rwth-aachen.de",68,"68","uds",unix,64,4194304,10,50,44.967,5.4805,7.64622,7.4875,13.7,3.37971,3.373
18,"n23m0123.hpc.itc.rwth-aachen.de",18,"18","uds",69,"n23m0123.hpc.itc.rwth-aachen.de",69,"69","uds",unix,64,4194304,10,50,40.358,5.578,8.27166,7.9115,13.6935,3.34475,3.34151
18,"n23m0123.hpc.itc.rwth-aachen.de",18,"18","uds",70,"n23m0123.hpc.itc.rwth-aachen.de",70,"70","uds",unix,64,4194304,10,50,38.72,5.981,8.66269,7.89475,31.658,3.35346,3.3483
18,"n23m0123.hpc.itc.rwth-aachen.de",18,"18","uds",71,"n23m0123.hpc.itc.rwth-aachen.de",71,"71","uds",unix,64,4194304,10,50,36.97,5.153,7.00687,7.01825,9.534,3.37815,3.36914
18,"n23m0123.hpc.itc.rwth-aachen.de",18,"18","uds",72,"n23m0123.hpc.itc.rwth-aachen.de",72,"72","uds",unix,64,4194304,10,50,44.034,7.864,9.54804,9.36225,19.737,3.34882,3.33249
18,"n23m0123.hpc.itc.rwth-aachen.de",18,"18","uds",73,"n23m0123.hpc.itc.rwth-aachen.de",73,"73","uds",unix,64,4194304,10,50,48.529,5.4695,7.51043,7.361,12.6125,3.33749,3.32888
18,"n23m0123.hpc.itc.rwth-aachen.de",18,"18","uds",74,"n23m0123.hpc.itc.rwth-aachen.de",74,"74","uds",unix,64,4194304,10,50,45.104,5.1885,7.014,7.1885,10.847,3.34579,3.33992
18,"n23m0123.hpc.itc.rwth-aachen.de",18,"18","uds",75,"n23m0123.hpc.itc.rwth-aachen.de",75,"75","uds",unix,64,4194304,10,50,40.538,5.7135,7.60118,7.327,12.024,3.34018,3.32836
18,"n23m0123.hpc.itc.rwth-aachen.de",18,"18","uds",76,"n23m0123.hpc.itc.rwth-aachen.de",76,"76","uds",unix,64,4194304,10,50,41.882,5.2345,7.3234,7.3285,11.5785,3.3823,3.37487
18,"n23m0123.hpc.itc.rwth-aachen.de",18,"18","uds",77,"n23m0123.hpc.itc.rwth-aachen.de",77,"77","uds",unix,64,4194304,10,50,46.395,5.446,7.31909,7.45375,10.242,3.35801,3.35596
18,"n23m0123.hpc.itc.rwth-aachen.de",18,"18","uds",78,"n23m0123.hpc.itc.rwth-aachen.de",78,"78","uds",unix,64,4194304,10,50,41.442,6.1265,8.25335,7.73975,11.401,3.38393,3.38382
18,"n23m0123.hpc.itc.rwth-aachen.de",18,"18","uds",79,"n23m0123.hpc.itc.rwth-aachen.de",79,"79","uds",unix,64,4194304,10,50,43.592,6.1615,8.57568,8.63725,10.7275,3.3644,3.35514
18,"n23m0123.hpc.itc.rwth-aachen.de",18,"18","uds",80,"n23m0123.hpc.itc.rwth-aachen.de",80,"80","uds",unix,64,4194304,10,50,39.176,5.3875,7.31878,7.432,10.348,3.36311,3.3572
18,"n23m0123.hpc.itc.rwth-aachen.de",18,"18","uds",81,"n23m0123.hpc.itc.rwth-aachen.de",81,"81","uds",unix,64,4194304,10,50,40.322,5.296,7.34645,7.4245,10.296,3.38289,3.37801
18,"n23m0123.hpc.itc.rwth-aachen.de",18,"18","uds",82,"n23m0123.hpc.itc.rwth-aachen.de",82,"82","uds",unix,64,4194304,10,50,46.256,5.8845,8.17251,7.895,10.506,3.35459,3.34614
18,"n23m0123.hpc.itc.rwth-aachen.de",18,"18","uds",83,"n23m0123.hpc.itc.rwth-aachen.de",83,"83","uds",unix,64,4194304,10,50,44.89,5.3615,7.66301,7.42225,13.9265,3.34489,3.33707
18,"n23m0123.hpc.itc.rwth-aachen.de",18,"18","uds",84,"n23m0123.hpc.itc.rwth-aachen.de",84,"84","uds",unix,64,4194304,10,50,44.437,5.3045,8.31246,8.1195,12.228,3.34868,3.34238
18,"n23m0123.hpc.itc.rwth-aachen.de",18,"18","uds",85,"n23m0123.hpc.itc.rwth-aachen.de",85,"85","uds",unix,64,4194304,10,50,42.663,5.2765,7.39888,7.40725,11.2575,3.35366,3.35707
18,"n23m0123.hpc.itc.rwth-aachen.de",18,"18","uds",86,"n23m0123.hpc.itc.rwth-aachen.de",86,"86","uds",unix,64,4194304,10,50,47.323,5.3675,8.18071,7.83225,20.2565,3.37039,3.36869
18,"n23m0123.hpc.itc.rwth-aachen.de",18,"18","uds",87,"n23m0123.hpc.itc.rwth-aachen.de",87,"87","uds",unix,64,4194304,10,50,40.911,5.6945,8.35072,8.44425,12.379,3.3505,3.3426
18,"n23m0123.hpc.itc.rwth-aachen.de",18,"18","uds",88,"n23m0123.hpc.itc.rwth-aachen.de",88,"88","uds",unix,64,4194304,10,50,39.152,5.536,7.915,7.60125,11.6085,3.38802,3.3759
18,"n23m0123.hpc.itc.rwth-aachen.de",18,"18","uds",89,"n23m0123.hpc.itc.rwth-aachen.de",89,"89","uds",unix,64,4194304,10,50,39.573,5.4365,7.9773,7.56525,15.108,3.36303,3.35786
18,"n23m0123.hpc.itc.rwth-aachen.de",18,"18","uds",90,"n23m0123.hpc.itc.rwth-aachen.de",90,"90","uds",unix,64,4194304,10,50,42.375,5.4955,7.43178,7.39575,12.639,3.38742,3.38339
18,"n23m0123.hpc.itc.rwth-aachen.de",18,"18","uds",91,"n23m0123.hpc.itc.rwth-aachen.de",91,"91","uds",unix,64,4194304,10,50,39.571,5.5255,8.10672,7.96125,13.3305,3.37321,3.36955
18,"n23m0123.hpc.itc.rwth-aachen.de",18,"18","uds",92,"n23m0123.hpc.itc.rwth-aachen.de",92,"92","uds",unix,64,4194304,10,50,38.98,6.745,7.98206,7.611,11.7615,3.37809,3.36965
18,"n23m0123.hpc.itc.rwth-aachen.de",18,"18","uds",93,"n23m0123.hpc.itc.rwth-aachen.de",93,"93","uds",unix,64,4194304,10,50,40.729,6.196,8.54603,8.58225,11.901,3.41197,3.40273
18,"n23m0123.hpc.itc.rwth-aachen.de",18,"18","uds",94,"n23m0123.hpc.itc.rwth-aachen.de",94,"94","uds",unix,64,4194304,10,50,39.914,5.2965,7.7767,7.4735,16.5105,3.38982,3.37273
18,"n23m0123.hpc.itc.rwth-aachen.de",18,"18","uds",95,"n23m0123.hpc.itc.rwth-aachen.de",95,"95","uds",unix,64,4194304,10,50,41.591,5.77,8.07643,7.59075,12.7325,3.39307,3.38066
19,"n23m0123.hpc.itc.rwth-aachen.de",19,"19","uds",20,"n23m0123.hpc.itc.rwth-aachen.de",20,"20","uds",unix,64,4194304,10,50,88.484,4.304,4.71782,4.71575,5.3845,7.24982,7.22468
19,"n23m0123.hpc.itc.rwth-aachen.de",19,"19","uds",21,"n23m0123.hpc.itc.rwth-aachen.de",21,"21","uds",unix,64,4194304,10,50,41.022,2.9385,4.83272,4.88575,5.4095,7.44661,7.36193
19,"n23m0123.hpc.itc.rwth-aachen.de",19,"19","uds",22,"n23m0123.hpc.itc.rwth-aachen.de",22,"22","uds",unix,64,4194304,10,50,40.832,4.1035,4.82724,4.75925,7.9375,7.76577,7.72601
19,"n23m0123.hpc.itc.rwth-aachen.de",19,"19","uds",23,"n23m0123.hpc.itc.rwth-aachen.de",23,"23","uds",unix,64,4194304,10,50,36.834,3.771,4.84267,4.88225,6.33,7.46789,7.39602
19,"n23m0123.hpc.itc.rwth-aachen.de",19,"19","uds",24,"n23m0123.hpc.itc.rwth-aachen.de",24,"24","uds",unix,64,4194304,10,50,42.214,3.139,4.76212,5.074,5.458,6.55405,6.45472
19,"n23m0123.hpc.itc.rwth-aachen.de",19,"19","uds",25,"n23m0123.hpc.itc.rwth-aachen.de",25,"25","uds",unix,64,4194304,10,50,52.863,2.9295,4.68997,4.96725,5.4075,6.54843,6.49059
19,"n23m0123.hpc.itc.rwth-aachen.de",19,"19","uds",26,"n23m0123.hpc.itc.rwth-aachen.de",26,"26","uds",unix,64,4194304,10,50,40.226,2.8975,3.98453,4.0425,7.968,6.48806,6.44132
19,"n23m0123.hpc.itc.rwth-aachen.de",19,"19","uds",27,"n23m0123.hpc.itc.rwth-aachen.de",27,"27","uds",unix,64,4194304,10,50,36.836,2.8335,4.33736,4.154,5.7235,6.4043,6.37007
19,"n23m0123.hpc.itc.rwth-aachen.de",19,"19","uds",28,"n23m0123.hpc.itc.rwth-aachen.de",28,"28","uds",unix,64,4194304,10,50,32.058,2.8755,4.36436,4.40325,9.5215,6.59303,6.53114
19,"n23m0123.hpc.itc.rwth-aachen.de",19,"19","uds",29,"n23m0123.hpc.itc.rwth-aachen.de",29,"29","uds",unix,64,4194304,10,50,34.799,3.0535,4.64537,4.98,5.488,6.546,6.4826
19,"n23m0123.hpc.itc.rwth-aachen.de",19,"19","uds",30,"n23m0123.hpc.itc.rwth-aachen.de",30,"30","uds",unix,64,4194304,10,50,41.124,2.8425,3.95106,3.86925,5.7975,6.59653,6.53556
19,"n23m0123.hpc.itc.rwth-aachen.de",19,"19","uds",31,"n23m0123.hpc.itc.rwth-aachen.de",31,"31","uds",unix,64,4194304,10,50,37.971,2.625,3.96213,3.88925,9.0565,6.4908,6.42325
19,"n23m0123.hpc.itc.rwth-aachen.de",19,"19","uds",32,"n23m0123.hpc.itc.rwth-aachen.de",32,"32","uds",unix,64,4194304,10,50,34.714,4.9625,5.31779,5.22325,9.0695,6.59931,6.55047
19,"n23m0123.hpc.itc.rwth-aachen.de",19,"19","uds",33,"n23m0123.hpc.itc.rwth-aachen.de",33,"33","uds",unix,64,4194304,10,50,33.148,3.11,4.62349,4.7815,7.9615,6.62228,6.54787
19,"n23m0123.hpc.itc.rwth-aachen.de",19,"19","uds",34,"n23m0123.hpc.itc.rwth-aachen.de",34,"34","uds",unix,64,4194304,10,50,43.481,2.9285,4.57247,4.933,5.357,6.57848,6.50829
19,"n23m0123.hpc.itc.rwth-aachen.de",19,"19","uds",35,"n23m0123.hpc.itc.rwth-aachen.de",35,"35","uds",unix,64,4194304,10,50,31.832,3.012,4.84928,5.03525,7.9005,6.49221,6.45981
19,"n23m0123.hpc.itc.rwth-aachen.de",19,"19","uds",36,"n23m0123.hpc.itc.rwth-aachen.de",36,"36","uds",unix,64,4194304,10,50,36.577,2.9315,4.42067,4.5585,7.4115,7.05593,6.9906
19,"n23m0123.hpc.itc.rwth-aachen.de",19,"19","uds",37,"n23m0123.hpc.itc.rwth-aachen.de",37,"37","uds",unix,64,4194304,10,50,38.74,3.829,4.70678,4.83675,5.33,7.03887,6.98841
19,"n23m0123.hpc.itc.rwth-aachen.de",19,"19","uds",38,"n23m0123.hpc.itc.rwth-aachen.de",38,"38","uds",unix,64,4194304,10,50,42.714,2.838,4.18414,4.63875,5.729,6.96697,6.88629
19,"n23m0123.hpc.itc.rwth-aachen.de",19,"19","uds",39,"n23m0123.hpc.itc.rwth-aachen.de",39,"39","uds",unix,64,4194304,10,50,40.846,2.8205,4.71157,4.8585,9.323,6.9534,6.93631
19,"n23m0123.hpc.itc.rwth-aachen.de",19,"19","uds",40,"n23m0123.hpc.itc.rwth-aachen.de",40,"40","uds",unix,64,4194304,10,50,33.248,3.018,4.57886,4.797,5.2865,6.95863,6.88794
19,"n23m0123.hpc.itc.rwth-aachen.de",19,"19","uds",41,"n23m0123.hpc.itc.rwth-aachen.de",41,"41","uds",unix,64,4194304,10,50,31.536,2.842,4.28418,4.5415,6.991,6.95572,6.87921
19,"n23m0123.hpc.itc.rwth-aachen.de",19,"19","uds",42,"n23m0123.hpc.itc.rwth-aachen.de",42,"42","uds",unix,64,4194304,10,50,40.052,3.581,4.70899,4.791,9.074,6.90749,6.86042
19,"n23m0123.hpc.itc.rwth-aachen.de",19,"19","uds",43,"n23m0123.hpc.itc.rwth-aachen.de",43,"43","uds",unix,64,4194304,10,50,38.954,2.756,4.38672,4.66925,5.2605,6.87257,6.80807
19,"n23m0123.hpc.itc.rwth-aachen.de",19,"19","uds",44,"n23m0123.hpc.itc.rwth-aachen.de",44,"44","uds",unix,64,4194304,10,50,31.585,3.6945,4.64588,4.759,5.1895,7.06105,6.98139
19,"n23m0123.hpc.itc.rwth-aachen.de",19,"19","uds",45,"n23m0123.hpc.itc.rwth-aachen.de",45,"45","uds",unix,64,4194304,10,50,32.321,2.83,4.33195,4.6875,5.165,7.02274,6.93459
19,"n23m0123.hpc.itc.rwth-aachen.de",19,"19","uds",46,"n23m0123.hpc.itc.rwth-aachen.de",46,"46","uds",unix,64,4194304,10,50,31.888,3.777,4.58,4.6675,5.352,6.95586,6.90768
19,"n23m0123.hpc.itc.rwth-aachen.de",19,"19","uds",47,"n23m0123.hpc.itc.rwth-aachen.de",47,"47","uds",unix,64,4194304,10,50,32.204,3.058,4.56184,4.78125,5.3205,6.95732,6.87472
19,"n23m0123.hpc.itc.rwth-aachen.de",19,"19","uds",48,"n23m0123.hpc.itc.rwth-aachen.de",48,"48","uds",unix,64,4194304,10,50,45.47,6.3185,8.35263,8.26625,12.483,3.34762,3.34001
19,"n23m0123.hpc.itc.rwth-aachen.de",19,"19","uds",49,"n23m0123.hpc.itc.rwth-aachen.de",49,"49","uds",unix,64,4194304,10,50,46.086,5.465,8.28627,8.54375,12.42,3.3782,3.3722
19,"n23m0123.hpc.itc.rwth-aachen.de",19,"19","uds",50,"n23m0123.hpc.itc.rwth-aachen.de",50,"50","uds",unix,64,4194304,10,50,48.879,5.0165,7.00343,7.13325,9.5725,3.37542,3.37374
19,"n23m0123.hpc.itc.rwth-aachen.de",19,"19","uds",51,"n23m0123.hpc.itc.rwth-aachen.de",51,"51","uds",unix,64,4194304,10,50,44.35,5.3035,7.80197,7.64675,10.083,3.41382,3.40804
19,"n23m0123.hpc.itc.rwth-aachen.de",19,"19","uds",52,"n23m0123.hpc.itc.rwth-aachen.de",52,"52","uds",unix,64,4194304,10,50,45.272,5.207,7.82708,7.454,16.3615,3.40237,3.40434
19,"n23m0123.hpc.itc.rwth-aachen.de",19,"19","uds",53,"n23m0123.hpc.itc.rwth-aachen.de",53,"53","uds",unix,64,4194304,10,50,44.507,5.3645,7.65142,7.43875,9.7715,3.40706,3.3957
19,"n23m0123.hpc.itc.rwth-aachen.de",19,"19","uds",54,"n23m0123.hpc.itc.rwth-aachen.de",54,"54","uds",unix,64,4194304,10,50,40.885,5.446,7.76894,7.52675,10.176,3.38468,3.3775
19,"n23m0123.hpc.itc.rwth-aachen.de",19,"19","uds",55,"n23m0123.hpc.itc.rwth-aachen.de",55,"55","uds",unix,64,4194304,10,50,40.165,5.2885,7.72623,7.328,12.4765,3.39143,3.38157
19,"n23m0123.hpc.itc.rwth-aachen.de",19,"19","uds",56,"n23m0123.hpc.itc.rwth-aachen.de",56,"56","uds",unix,64,4194304,10,50,39.06,7.825,9.19096,9.09025,11.747,3.4073,3.40081
19,"n23m0123.hpc.itc.rwth-aachen.de",19,"19","uds",57,"n23m0123.hpc.itc.rwth-aachen.de",57,"57","uds",unix,64,4194304,10,50,40.695,5.3675,8.00734,7.57975,13.5345,3.39414,3.37444
19,"n23m0123.hpc.itc.rwth-aachen.de",19,"19","uds",58,"n23m0123.hpc.itc.rwth-aachen.de",58,"58","uds",unix,64,4194304,10,50,41.343,5.261,7.4997,7.36925,10.01,3.40236,3.39101
19,"n23m0123.hpc.itc.rwth-aachen.de",19,"19","uds",59,"n23m0123.hpc.itc.rwth-aachen.de",59,"59","uds",unix,64,4194304,10,50,40.377,5.25,7.84427,7.573,12.1565,3.36901,3.36226
19,"n23m0123.hpc.itc.rwth-aachen.de",19,"19","uds",60,"n23m0123.hpc.itc.rwth-aachen.de",60,"60","uds",unix,64,4194304,10,50,49.516,5.196,7.28584,7.204,10.1645,3.35195,3.34678
19,"n23m0123.hpc.itc.rwth-aachen.de",19,"19","uds",61,"n23m0123.hpc.itc.rwth-aachen.de",61,"61","uds",unix,64,4194304,10,50,45.305,5.4375,8.15678,7.91775,10.9405,3.38063,3.37465
19,"n23m0123.hpc.itc.rwth-aachen.de",19,"19","uds",62,"n23m0123.hpc.itc.rwth-aachen.de",62,"62","uds",unix,64,4194304,10,50,38.331,5.347,7.3859,7.45975,10.927,3.37825,3.37765
19,"n23m0123.hpc.itc.rwth-aachen.de",19,"19","uds",63,"n23m0123.hpc.itc.rwth-aachen.de",63,"63","uds",unix,64,4194304,10,50,48.047,6.9025,8.60155,8.75175,12.2445,3.36421,3.35906
19,"n23m0123.hpc.itc.rwth-aachen.de",19,"19","uds",64,"n23m0123.hpc.itc.rwth-aachen.de",64,"64","uds",unix,64,4194304,10,50,46.323,5.2655,7.30948,7.2825,9.533,3.38768,3.38715
19,"n23m0123.hpc.itc.rwth-aachen.de",19,"19","uds",65,"n23m0123.hpc.itc.rwth-aachen.de",65,"65","uds",unix,64,4194304,10,50,42.836,5.2325,7.77046,7.5445,10.257,3.39024,3.38191
19,"n23m0123.hpc.itc.rwth-aachen.de",19,"19","uds",66,"n23m0123.hpc.itc.rwth-aachen.de",66,"66","uds",unix,64,4194304,10,50,42.269,5.788,7.99852,7.79325,9.6775,3.37582,3.37606
19,"n23m0123.hpc.itc.rwth-aachen.de",19,"19","uds",67,"n23m0123.hpc.itc.rwth-aachen.de",67,"67","uds",unix,64,4194304,10,50,39.783,5.32,7.49013,7.485,11.029,3.31028,3.30894
19,"n23m0123.hpc.itc.rwth-aachen.de",19,"19","uds",68,"n23m0123.hpc.itc.rwth-aachen.de",68,"68","uds",unix,64,4194304,10,50,41.219,5.537,8.05036,8.14575,10.1585,3.35936,3.35896
19,"n23m0123.hpc.itc.rwth-aachen.de",19,"19","uds",69,"n23m0123.hpc.itc.rwth-aachen.de",69,"69","uds",unix,64,4194304,10,50,43.72,5.2445,7.30325,7.41575,9.955,3.33107,3.32737
19,"n23m0123.hpc.itc.rwth-aachen.de",19,"19","uds",70,"n23m0123.hpc.itc.rwth-aachen.de",70,"70","uds",unix,64,4194304,10,50,38.778,5.3605,7.55538,7.38175,10.129,3.36525,3.35874
19,"n23m0123.hpc.itc.rwth-aachen.de",19,"19","uds",71,"n23m0123.hpc.itc.rwth-aachen.de",71,"71","uds",unix,64,4194304,10,50,38.549,5.192,7.66657,7.317,11.6225,3.36641,3.36984
19,"n23m0123.hpc.itc.rwth-aachen.de",19,"19","uds",72,"n23m0123.hpc.itc.rwth-aachen.de",72,"72","uds",unix,64,4194304,10,50,43.036,5.3295,8.00033,7.54175,11.0905,3.33976,3.31472
19,"n23m0123.hpc.itc.rwth-aachen.de",19,"19","uds",73,"n23m0123.hpc.itc.rwth-aachen.de",73,"73","uds",unix,64,4194304,10,50,50.369,5.4855,8.00248,7.58075,12.325,3.32055,3.30324
19,"n23m0123.hpc.itc.rwth-aachen.de",19,"19","uds",74,"n23m0123.hpc.itc.rwth-aachen.de",74,"74","uds",unix,64,4194304,10,50,48.155,5.3905,7.53469,7.39475,10.934,3.31758,3.3047
19,"n23m0123.hpc.itc.rwth-aachen.de",19,"19","uds",75,"n23m0123.hpc.itc.rwth-aachen.de",75,"75","uds",unix,64,4194304,10,50,64.107,5.6135,7.45731,7.185,22.424,3.31168,3.29736
19,"n23m0123.hpc.itc.rwth-aachen.de",19,"19","uds",76,"n23m0123.hpc.itc.rwth-aachen.de",76,"76","uds",unix,64,4194304,10,50,57.41,5.257,7.39648,7.29725,12.453,3.3552,3.3441
19,"n23m0123.hpc.itc.rwth-aachen.de",19,"19","uds",77,"n23m0123.hpc.itc.rwth-aachen.de",77,"77","uds",unix,64,4194304,10,50,58.595,5.8995,8.51171,8.615,11.0435,3.35038,3.35003
19,"n23m0123.hpc.itc.rwth-aachen.de",19,"19","uds",78,"n23m0123.hpc.itc.rwth-aachen.de",78,"78","uds",unix,64,4194304,10,50,56.705,5.3225,8.27774,7.53275,16.613,3.36502,3.36893
19,"n23m0123.hpc.itc.rwth-aachen.de",19,"19","uds",79,"n23m0123.hpc.itc.rwth-aachen.de",79,"79","uds",unix,64,4194304,10,50,46.215,5.5365,8.41503,8.76325,12.9005,3.35171,3.20064
19,"n23m0123.hpc.itc.rwth-aachen.de",19,"19","uds",80,"n23m0123.hpc.itc.rwth-aachen.de",80,"80","uds",unix,64,4194304,10,50,58.34,5.396,8.36909,7.879,16.9135,3.35043,3.31645
19,"n23m0123.hpc.itc.rwth-aachen.de",19,"19","uds",81,"n23m0123.hpc.itc.rwth-aachen.de",81,"81","uds",unix,64,4194304,10,50,59.478,5.2605,7.58062,7.45625,11.349,3.32786,3.2755
19,"n23m0123.hpc.itc.rwth-aachen.de",19,"19","uds",82,"n23m0123.hpc.itc.rwth-aachen.de",82,"82","uds",unix,64,4194304,10,50,57.817,5.387,7.88128,7.70175,11.2985,3.3734,3.36797
19,"n23m0123.hpc.itc.rwth-aachen.de",19,"19","uds",83,"n23m0123.hpc.itc.rwth-aachen.de",83,"83","uds",unix,64,4194304,10,50,48.164,5.5485,8.11118,7.79725,11.304,3.38396,3.37861
19,"n23m0123.hpc.itc.rwth-aachen.de",19,"19","uds",84,"n23m0123.hpc.itc.rwth-aachen.de",84,"84","uds",unix,64,4194304,10,50,49.543,5.441,9.10253,8.20275,24.0245,3.37738,3.37327
19,"n23m0123.hpc.itc.rwth-aachen.de",19,"19","uds",85,"n23m0123.hpc.itc.rwth-aachen.de",85,"85","uds",unix,64,4194304,10,50,46.797,5.4665,7.57922,7.3855,9.727,3.36116,3.30986
19,"n23m0123.hpc.itc.rwth-aachen.de",19,"19","uds",86,"n23m0123.hpc.itc.rwth-aachen.de",86,"86","uds",unix,64,4194304,10,50,58.575,5.5325,7.7498,7.53825,18.515,3.36517,3.36648
19,"n23m0123.hpc.itc.rwth-aachen.de",19,"19","uds",87,"n23m0123.hpc.itc.rwth-aachen.de",87,"87","uds",unix,64,4194304,10,50,44.312,6.678,8.33075,8.4855,9.794,3.15085,2.99021
19,"n23m0123.hpc.itc.rwth-aachen.de",19,"19","uds",88,"n23m0123.hpc.itc.rwth-aachen.de",88,"88","uds",unix,64,4194304,10,50,69.221,6.593,8.86488,8.8145,11.5265,1.6848,1.76479
19,"n23m0123.hpc.itc.rwth-aachen.de",19,"19","uds",89,"n23m0123.hpc.itc.rwth-aachen.de",89,"89","uds",unix,64,4194304,10,50,79.5,10.935,13.3527,13.4015,18.219,1.65711,1.65775
19,"n23m0123.hpc.itc.rwth-aachen.de",19,"19","uds",90,"n23m0123.hpc.itc.rwth-aachen.de",90,"90","uds",unix,64,4194304,10,50,77.995,10.7345,14.3959,13.9677,25.578,1.66737,1.6694
19,"n23m0123.hpc.itc.rwth-aachen.de",19,"19","uds",91,"n23m0123.hpc.itc.rwth-aachen.de",91,"91","uds",unix,64,4194304,10,50,69.575,10.1695,13.0528,12.7602,23.8805,1.65461,1.65474
19,"n23m0123.hpc.itc.rwth-aachen.de",19,"19","uds",92,"n23m0123.hpc.itc.rwth-aachen.de",92,"92","uds",unix,64,4194304,10,50,70.616,11.795,17.0653,17.4423,31.404,1.68455,1.6848
19,"n23m0123.hpc.itc.rwth-aachen.de",19,"19","uds",93,"n23m0123.hpc.itc.rwth-aachen.de",93,"93","uds",unix,64,4194304,10,50,68.947,10.286,12.7845,12.5915,16.119,1.68218,1.68124
19,"n23m0123.hpc.itc.rwth-aachen.de",19,"19","uds",94,"n23m0123.hpc.itc.rwth-aachen.de",94,"94","uds",unix,64,4194304,10,50,72.948,10.2665,12.7897,12.9578,16.4135,1.67552,1.67639
19,"n23m0123.hpc.itc.rwth-aachen.de",19,"19","uds",95,"n23m0123.hpc.itc.rwth-aachen.de",95,"95","uds",unix,64,4194304,10,50,80.144,11.086,13.9347,13.7115,19.402,1.66694,1.66782
20,"n23m0123.hpc.itc.rwth-aachen.de",20,"20","uds",21,"n23m0123.hpc.itc.rwth-aachen.de",21,"21","uds",unix,64,4194304,10,50,135.688,3.977,5.59667,5.611,7.9605,4.91232,4.9118
20,"n23m0123.hpc.itc.rwth-aachen.de",20,"20","uds",22,"n23m0123.hpc.itc.rwth-aachen.de",22,"22","uds",unix,64,4194304,10,50,53.756,2.5145,3.55468,3.74575,6.144,7.09667,6.99572
20,"n23m0123.hpc.itc.rwth-aachen.de",20,"20","uds",23,"n23m0123.hpc.itc.rwth-aachen.de",23,"23","uds",unix,64,4194304,10,50,38.395,2.727,4.31231,4.71325,6.612,6.78923,6.86288
20,"n23m0123.hpc.itc.rwth-aachen.de",20,"20","uds",24,"n23m0123.hpc.itc.rwth-aachen.de",24,"24","uds",unix,64,4194304,10,50,42.315,2.949,4.11273,4.143,5.5995,6.30617,6.38582
20,"n23m0123.hpc.itc.rwth-aachen.de",20,"20","uds",25,"n23m0123.hpc.itc.rwth-aachen.de",25,"25","uds",unix,64,4194304,10,50,44.593,2.969,4.57029,4.4535,5.7235,6.39928,6.38121
20,"n23m0123.hpc.itc.rwth-aachen.de",20,"20","uds",26,"n23m0123.hpc.itc.rwth-aachen.de",26,"26","uds",unix,64,4194304,10,50,42.239,2.9225,4.46975,4.30375,9.37,6.40939,6.34814
20,"n23m0123.hpc.itc.rwth-aachen.de",20,"20","uds",27,"n23m0123.hpc.itc.rwth-aachen.de",27,"27","uds",unix,64,4194304,10,50,38.918,3.008,4.68196,4.5525,10.9375,6.34481,6.29331
20,"n23m0123.hpc.itc.rwth-aachen.de",20,"20","uds",28,"n23m0123.hpc.itc.rwth-aachen.de",28,"28","uds",unix,64,4194304,10,50,38.64,3.032,4.51892,4.76275,6.9435,6.49001,6.44335
20,"n23m0123.hpc.itc.rwth-aachen.de",20,"20","uds",29,"n23m0123.hpc.itc.rwth-aachen.de",29,"29","uds",unix,64,4194304,10,50,38.29,2.984,4.42257,4.22675,7.874,6.44266,6.40098
20,"n23m0123.hpc.itc.rwth-aachen.de",20,"20","uds",30,"n23m0123.hpc.itc.rwth-aachen.de",30,"30","uds",unix,64,4194304,10,50,41.773,2.956,4.49664,4.8925,5.5205,6.52705,6.45391
20,"n23m0123.hpc.itc.rwth-aachen.de",20,"20","uds",31,"n23m0123.hpc.itc.rwth-aachen.de",31,"31","uds",unix,64,4194304,10,50,37.192,3.8375,4.89626,5.01775,7.7865,6.39953,6.33837
20,"n23m0123.hpc.itc.rwth-aachen.de",20,"20","uds",32,"n23m0123.hpc.itc.rwth-aachen.de",32,"32","uds",unix,64,4194304,10,50,43.985,2.9035,4.25637,4.19175,7.043,6.53009,6.45652
20,"n23m0123.hpc.itc.rwth-aachen.de",20,"20","uds",33,"n23m0123.hpc.itc.rwth-aachen.de",33,"33","uds",unix,64,4194304,10,50,38.417,2.9305,4.55436,4.81775,6.1145,6.50801,6.45983
20,"n23m0123.hpc.itc.rwth-aachen.de",20,"20","uds",34,"n23m0123.hpc.itc.rwth-aachen.de",34,"34","uds",unix,64,4194304,10,50,34.004,2.96,4.73222,4.96275,5.468,6.44182,6.40221
20,"n23m0123.hpc.itc.rwth-aachen.de",20,"20","uds",35,"n23m0123.hpc.itc.rwth-aachen.de",35,"35","uds",unix,64,4194304,10,50,33.501,3.7005,4.73287,4.94725,6.698,6.3959,6.36091
20,"n23m0123.hpc.itc.rwth-aachen.de",20,"20","uds",36,"n23m0123.hpc.itc.rwth-aachen.de",36,"36","uds",unix,64,4194304,10,50,36.281,2.7375,3.7966,3.70475,5.1665,6.94796,6.86103
20,"n23m0123.hpc.itc.rwth-aachen.de",20,"20","uds",37,"n23m0123.hpc.itc.rwth-aachen.de",37,"37","uds",unix,64,4194304,10,50,40.442,2.845,4.06445,4.005,5.4805,6.94909,6.85988
20,"n23m0123.hpc.itc.rwth-aachen.de",20,"20","uds",38,"n23m0123.hpc.itc.rwth-aachen.de",38,"38","uds",unix,64,4194304,10,50,38.221,2.842,4.20012,4.04325,5.38,6.87142,6.78689
20,"n23m0123.hpc.itc.rwth-aachen.de",20,"20","uds",39,"n23m0123.hpc.itc.rwth-aachen.de",39,"39","uds",unix,64,4194304,10,50,39.55,3.002,4.84342,5.043,7.843,6.87815,6.81842
20,"n23m0123.hpc.itc.rwth-aachen.de",20,"20","uds",40,"n23m0123.hpc.itc.rwth-aachen.de",40,"40","uds",unix,64,4194304,10,50,38.525,2.85,4.58604,4.80675,8.089,6.86447,6.78418
20,"n23m0123.hpc.itc.rwth-aachen.de",20,"20","uds",41,"n23m0123.hpc.itc.rwth-aachen.de",41,"41","uds",unix,64,4194304,10,50,32.711,2.657,3.6348,3.483,8.481,6.85079,6.77639
20,"n23m0123.hpc.itc.rwth-aachen.de",20,"20","uds",42,"n23m0123.hpc.itc.rwth-aachen.de",42,"42","uds",unix,64,4194304,10,50,39.259,3.6745,4.60123,4.75975,8.2295,6.75058,6.66122
20,"n23m0123.hpc.itc.rwth-aachen.de",20,"20","uds",43,"n23m0123.hpc.itc.rwth-aachen.de",43,"43","uds",unix,64,4194304,10,50,39.729,2.838,4.21011,3.9735,7.907,6.6698,6.64645
20,"n23m0123.hpc.itc.rwth-aachen.de",20,"20","uds",44,"n23m0123.hpc.itc.rwth-aachen.de",44,"44","uds",unix,64,4194304,10,50,34.082,2.6725,3.92997,3.90375,5.134,6.97596,6.87735
20,"n23m0123.hpc.itc.rwth-aachen.de",20,"20","uds",45,"n23m0123.hpc.itc.rwth-aachen.de",45,"45","uds",unix,64,4194304,10,50,34.145,2.759,4.2626,4.158,7.536,6.88212,6.80922
20,"n23m0123.hpc.itc.rwth-aachen.de",20,"20","uds",46,"n23m0123.hpc.itc.rwth-aachen.de",46,"46","uds",unix,64,4194304,10,50,33.103,2.7745,4.04532,3.92475,5.181,6.79841,6.75438
20,"n23m0123.hpc.itc.rwth-aachen.de",20,"20","uds",47,"n23m0123.hpc.itc.rwth-aachen.de",47,"47","uds",unix,64,4194304,10,50,33.41,3.7185,4.8333,4.93275,7.611,6.75933,6.7194
20,"n23m0123.hpc.itc.rwth-aachen.de",20,"20","uds",48,"n23m0123.hpc.itc.rwth-aachen.de",48,"48","uds",unix,64,4194304,10,50,47.82,5.196,7.19741,7.03875,15.752,3.28236,3.27613
20,"n23m0123.hpc.itc.rwth-aachen.de",20,"20","uds",49,"n23m0123.hpc.itc.rwth-aachen.de",49,"49","uds",unix,64,4194304,10,50,46.734,5.187,7.83438,7.551,13.147,3.31277,3.30787
20,"n23m0123.hpc.itc.rwth-aachen.de",20,"20","uds",50,"n23m0123.hpc.itc.rwth-aachen.de",50,"50","uds",unix,64,4194304,10,50,46.781,4.967,6.90905,6.9805,9.436,3.32462,3.31508
20,"n23m0123.hpc.itc.rwth-aachen.de",20,"20","uds",51,"n23m0123.hpc.itc.rwth-aachen.de",51,"51","uds",unix,64,4194304,10,50,47.675,5.1575,7.38515,7.0545,12.096,3.34599,3.34613
20,"n23m0123.hpc.itc.rwth-aachen.de",20,"20","uds",52,"n23m0123.hpc.itc.rwth-aachen.de",52,"52","uds",unix,64,4194304,10,50,65.479,5.2,7.15302,7.20725,9.231,3.37537,3.36756
20,"n23m0123.hpc.itc.rwth-aachen.de",20,"20","uds",53,"n23m0123.hpc.itc.rwth-aachen.de",53,"53","uds",unix,64,4194304,10,50,47.899,5.1265,7.22853,7.215,9.7945,3.34911,3.34842
20,"n23m0123.hpc.itc.rwth-aachen.de",20,"20","uds",54,"n23m0123.hpc.itc.rwth-aachen.de",54,"54","uds",unix,64,4194304,10,50,45.705,6.17,7.76123,7.51775,11.8815,3.32066,3.31408
20,"n23m0123.hpc.itc.rwth-aachen.de",20,"20","uds",55,"n23m0123.hpc.itc.rwth-aachen.de",55,"55","uds",unix,64,4194304,10,50,44.855,5.598,7.94549,7.70375,12.5185,3.30782,3.3015
20,"n23m0123.hpc.itc.rwth-aachen.de",20,"20","uds",56,"n23m0123.hpc.itc.rwth-aachen.de",56,"56","uds",unix,64,4194304,10,50,47.346,5.4335,7.75523,7.5935,10.2675,3.36181,3.35662
20,"n23m0123.hpc.itc.rwth-aachen.de",20,"20","uds",57,"n23m0123.hpc.itc.rwth-aachen.de",57,"57","uds",unix,64,4194304,10,50,52.501,5.334,7.90392,7.75525,12.475,3.33601,3.3217
20,"n23m0123.hpc.itc.rwth-aachen.de",20,"20","uds",58,"n23m0123.hpc.itc.rwth-aachen.de",58,"58","uds",unix,64,4194304,10,50,42.568,5.3305,7.67902,7.6005,9.7115,3.36681,3.36335
20,"n23m0123.hpc.itc.rwth-aachen.de",20,"20","uds",59,"n23m0123.hpc.itc.rwth-aachen.de",59,"59","uds",unix,64,4194304,10,50,42.612,6.5635,8.45575,8.6455,11.7575,3.33643,3.3305
20,"n23m0123.hpc.itc.rwth-aachen.de",20,"20","uds",60,"n23m0123.hpc.itc.rwth-aachen.de",60,"60","uds",unix,64,4194304,10,50,46.856,5.3055,7.34591,7.0525,12.171,3.33833,3.33968
20,"n23m0123.hpc.itc.rwth-aachen.de",20,"20","uds",61,"n23m0123.hpc.itc.rwth-aachen.de",61,"61","uds",unix,64,4194304,10,50,50.294,5.074,7.5921,7.3255,12.441,3.36187,3.35655
20,"n23m0123.hpc.itc.rwth-aachen.de",20,"20","uds",62,"n23m0123.hpc.itc.rwth-aachen.de",62,"62","uds",unix,64,4194304,10,50,46.085,5.2345,6.85775,7.14425,9.0475,3.33823,3.33663
20,"n23m0123.hpc.itc.rwth-aachen.de",20,"20","uds",63,"n23m0123.hpc.itc.rwth-aachen.de",63,"63","uds",unix,64,4194304,10,50,46.149,5.148,7.1093,7.21025,9.424,3.3618,3.35318
20,"n23m0123.hpc.itc.rwth-aachen.de",20,"20","uds",64,"n23m0123.hpc.itc.rwth-aachen.de",64,"64","uds",unix,64,4194304,10,50,41.755,5.265,6.87644,7.03225,9.6145,3.33159,3.33884
20,"n23m0123.hpc.itc.rwth-aachen.de",20,"20","uds",65,"n23m0123.hpc.itc.rwth-aachen.de",65,"65","uds",unix,64,4194304,10,50,43.487,5.0165,7.15034,7.15925,12.7465,3.34143,3.34424
20,"n23m0123.hpc.itc.rwth-aachen.de",20,"20","uds",66,"n23m0123.hpc.itc.rwth-aachen.de",66,"66","uds",unix,64,4194304,10,50,46.799,6.0045,8.54914,8.789,12.9275,3.30736,3.18417
20,"n23m0123.hpc.itc.rwth-aachen.de",20,"20","uds",67,"n23m0123.hpc.itc.rwth-aachen.de",67,"67","uds",unix,64,4194304,10,50,56.578,5.2185,7.71163,7.55225,11.711,3.32484,3.06004
20,"n23m0123.hpc.itc.rwth-aachen.de",20,"20","uds",68,"n23m0123.hpc.itc.rwth-aachen.de",68,"68","uds",unix,64,4194304,10,50,55.712,5.228,6.64565,6.94575,11.0465,3.36411,3.31072
20,"n23m0123.hpc.itc.rwth-aachen.de",20,"20","uds",69,"n23m0123.hpc.itc.rwth-aachen.de",69,"69","uds",unix,64,4194304,10,50,67.147,5.1705,6.6385,6.6115,9.3445,3.29638,3.29932
20,"n23m0123.hpc.itc.rwth-aachen.de",20,"20","uds",70,"n23m0123.hpc.itc.rwth-aachen.de",70,"70","uds",unix,64,4194304,10,50,66.015,5.9885,8.15521,8.1945,11.4475,3.34946,3.33574
20,"n23m0123.hpc.itc.rwth-aachen.de",20,"20","uds",71,"n23m0123.hpc.itc.rwth-aachen.de",71,"71","uds",unix,64,4194304,10,50,46.33,5.3285,7.1645,7.11775,9.504,3.37323,3.36117
20,"n23m0123.hpc.itc.rwth-aachen.de",20,"20","uds",72,"n23m0123.hpc.itc.rwth-aachen.de",72,"72","uds",unix,64,4194304,10,50,47.583,5.6305,7.93144,7.58275,10.722,3.33008,3.3273
20,"n23m0123.hpc.itc.rwth-aachen.de",20,"20","uds",73,"n23m0123.hpc.itc.rwth-aachen.de",73,"73","uds",unix,64,4194304,10,50,58.828,5.297,7.73104,7.52325,12.26,3.32124,3.31683
20,"n23m0123.hpc.itc.rwth-aachen.de",20,"20","uds",74,"n23m0123.hpc.itc.rwth-aachen.de",74,"74","uds",unix,64,4194304,10,50,51.335,5.1525,7.14977,7.2945,13.8775,3.33711,3.32819
20,"n23m0123.hpc.itc.rwth-aachen.de",20,"20","uds",75,"n23m0123.hpc.itc.rwth-aachen.de",75,"75","uds",unix,64,4194304,10,50,51.142,4.9655,6.68439,7.001,9.5485,3.30141,3.29558
20,"n23m0123.hpc.itc.rwth-aachen.de",20,"20","uds",76,"n23m0123.hpc.itc.rwth-aachen.de",76,"76","uds",unix,64,4194304,10,50,45.533,5.2525,7.48802,7.2675,12.711,3.33965,3.32665
20,"n23m0123.hpc.itc.rwth-aachen.de",20,"20","uds",77,"n23m0123.hpc.itc.rwth-aachen.de",77,"77","uds",unix,64,4194304,10,50,45.374,5.808,8.14136,7.769,13.5155,3.34956,3.34695
20,"n23m0123.hpc.itc.rwth-aachen.de",20,"20","uds",78,"n23m0123.hpc.itc.rwth-aachen.de",78,"78","uds",unix,64,4194304,10,50,43.359,5.2405,7.3873,7.1675,10.084,3.34343,3.33789
20,"n23m0123.hpc.itc.rwth-aachen.de",20,"20","uds",79,"n23m0123.hpc.itc.rwth-aachen.de",79,"79","uds",unix,64,4194304,10,50,45.203,5.365,7.63931,7.43625,9.4415,3.34646,3.33997
20,"n23m0123.hpc.itc.rwth-aachen.de",20,"20","uds",80,"n23m0123.hpc.itc.rwth-aachen.de",80,"80","uds",unix,64,4194304,10,50,46.892,4.8715,6.93859,7.108,10.2535,3.34223,3.33712
20,"n23m0123.hpc.itc.rwth-aachen.de",20,"20","uds",81,"n23m0123.hpc.itc.rwth-aachen.de",81,"81","uds",unix,64,4194304,10,50,48.225,5.362,7.42743,7.32775,10.2325,3.35988,3.35579
20,"n23m0123.hpc.itc.rwth-aachen.de",20,"20","uds",82,"n23m0123.hpc.itc.rwth-aachen.de",82,"82","uds",unix,64,4194304,10,50,41.558,5.59,7.64216,7.44725,10.7175,3.31957,3.31291
20,"n23m0123.hpc.itc.rwth-aachen.de",20,"20","uds",83,"n23m0123.hpc.itc.rwth-aachen.de",83,"83","uds",unix,64,4194304,10,50,41.96,5.1425,7.27435,7.26225,10.764,3.33082,3.32561
20,"n23m0123.hpc.itc.rwth-aachen.de",20,"20","uds",84,"n23m0123.hpc.itc.rwth-aachen.de",84,"84","uds",unix,64,4194304,10,50,47.49,5.3975,8.15792,7.665,12.7125,3.3438,3.33861
20,"n23m0123.hpc.itc.rwth-aachen.de",20,"20","uds",85,"n23m0123.hpc.itc.rwth-aachen.de",85,"85","uds",unix,64,4194304,10,50,49.779,5.151,7.20465,7.239,9.5645,3.361,3.35312
20,"n23m0123.hpc.itc.rwth-aachen.de",20,"20","uds",86,"n23m0123.hpc.itc.rwth-aachen.de",86,"86","uds",unix,64,4194304,10,50,48.848,5.321,6.83719,7.13025,9.5865,3.36229,3.35692
20,"n23m0123.hpc.itc.rwth-aachen.de",20,"20","uds",87,"n23m0123.hpc.itc.rwth-aachen.de",87,"87","uds",unix,64,4194304,10,50,43.007,5.2195,7.40536,7.43475,9.655,3.34968,3.34432
20,"n23m0123.hpc.itc.rwth-aachen.de",20,"20","uds",88,"n23m0123.hpc.itc.rwth-aachen.de",88,"88","uds",unix,64,4194304,10,50,44.265,5.069,7.00006,7.08875,9.8895,3.39578,3.38985
20,"n23m0123.hpc.itc.rwth-aachen.de",20,"20","uds",89,"n23m0123.hpc.itc.rwth-aachen.de",89,"89","uds",unix,64,4194304,10,50,44.618,6.763,8.40628,8.68675,10.1115,3.33898,3.33798
20,"n23m0123.hpc.itc.rwth-aachen.de",20,"20","uds",90,"n23m0123.hpc.itc.rwth-aachen.de",90,"90","uds",unix,64,4194304,10,50,40.808,5.267,7.21155,7.1215,11.1275,3.34646,3.3325
20,"n23m0123.hpc.itc.rwth-aachen.de",20,"20","uds",91,"n23m0123.hpc.itc.rwth-aachen.de",91,"91","uds",unix,64,4194304,10,50,41.941,5.3545,7.16614,7.218,10.9015,3.34078,3.33694
20,"n23m0123.hpc.itc.rwth-aachen.de",20,"20","uds",92,"n23m0123.hpc.itc.rwth-aachen.de",92,"92","uds",unix,64,4194304,10,50,41.497,5.4415,7.56118,7.433,12.723,3.37342,3.36539
20,"n23m0123.hpc.itc.rwth-aachen.de",20,"20","uds",93,"n23m0123.hpc.itc.rwth-aachen.de",93,"93","uds",unix,64,4194304,10,50,45.485,5.431,7.64221,7.585,12.707,3.36003,3.35852
20,"n23m0123.hpc.itc.rwth-aachen.de",20,"20","uds",94,"n23m0123.hpc.itc.rwth-aachen.de",94,"94","uds",unix,64,4194304,10,50,46.805,5.1515,7.43934,7.3685,11.5445,3.35928,3.35402
20,"n23m0123.hpc.itc.rwth-aachen.de",20,"20","uds",95,"n23m0123.hpc.itc.rwth-aachen.de",95,"95","uds",unix,64,4194304,10,50,41.954,5.2865,6.9462,7.0825,10.319,3.33386,3.33118
21,"n23m0123.hpc.itc.rwth-aachen.de",21,"21","uds",22,"n23m0123.hpc.itc.rwth-aachen.de",22,"22","uds",unix,64,4194304,10,50,88.432,2.4435,3.30395,2.81025,5.3305,7.26837,7.21214
21,"n23m0123.hpc.itc.rwth-aachen.de",21,"21","uds",23,"n23m0123.hpc.itc.rwth-aachen.de",23,"23","uds",unix,64,4194304,10,50,44.126,2.554,3.7731,3.77825,5.9485,6.95029,6.87028
21,"n23m0123.hpc.itc.rwth-aachen.de",21,"21","uds",24,"n23m0123.hpc.itc.rwth-aachen.de",24,"24","uds",unix,64,4194304,10,50,48.16,2.867,4.32585,4.17275,5.518,6.37427,6.3218
21,"n23m0123.hpc.itc.rwth-aachen.de",21,"21","uds",25,"n23m0123.hpc.itc.rwth-aachen.de",25,"25","uds",unix,64,4194304,10,50,39.807,3.1355,4.95127,5.15625,7.722,6.38545,6.3084
21,"n23m0123.hpc.itc.rwth-aachen.de",21,"21","uds",26,"n23m0123.hpc.itc.rwth-aachen.de",26,"26","uds",unix,64,4194304,10,50,40.253,2.963,4.68007,4.436,9.837,6.28749,6.24656
21,"n23m0123.hpc.itc.rwth-aachen.de",21,"21","uds",27,"n23m0123.hpc.itc.rwth-aachen.de",27,"27","uds",unix,64,4194304,10,50,39.698,2.8765,4.69141,4.85275,8.557,6.2731,6.21559
21,"n23m0123.hpc.itc.rwth-aachen.de",21,"21","uds",28,"n23m0123.hpc.itc.rwth-aachen.de",28,"28","uds",unix,64,4194304,10,50,40.661,3.0555,4.51897,4.38025,5.682,6.43364,6.36685
21,"n23m0123.hpc.itc.rwth-aachen.de",21,"21","uds",29,"n23m0123.hpc.itc.rwth-aachen.de",29,"29","uds",unix,64,4194304,10,50,36.39,2.963,4.87543,4.912,13.915,6.38432,6.31254
21,"n23m0123.hpc.itc.rwth-aachen.de",21,"21","uds",30,"n23m0123.hpc.itc.rwth-aachen.de",30,"30","uds",unix,64,4194304,10,50,37.211,3.2725,5.01706,5.28475,7.2595,6.41802,6.35332
21,"n23m0123.hpc.itc.rwth-aachen.de",21,"21","uds",31,"n23m0123.hpc.itc.rwth-aachen.de",31,"31","uds",unix,64,4194304,10,50,35.296,3.009,4.53871,4.41725,6.986,6.32774,6.25848
21,"n23m0123.hpc.itc.rwth-aachen.de",21,"21","uds",32,"n23m0123.hpc.itc.rwth-aachen.de",32,"32","uds",unix,64,4194304,10,50,35.261,3.2295,4.813,5.105,6.036,6.42256,6.36116
21,"n23m0123.hpc.itc.rwth-aachen.de",21,"21","uds",33,"n23m0123.hpc.itc.rwth-aachen.de",33,"33","uds",unix,64,4194304,10,50,34.81,2.917,4.13133,4.084,5.4015,6.39064,6.35194
21,"n23m0123.hpc.itc.rwth-aachen.de",21,"21","uds",34,"n23m0123.hpc.itc.rwth-aachen.de",34,"34","uds",unix,64,4194304,10,50,35.275,2.926,4.54149,4.60775,6.2615,6.36588,6.30769
21,"n23m0123.hpc.itc.rwth-aachen.de",21,"21","uds",35,"n23m0123.hpc.itc.rwth-aachen.de",35,"35","uds",unix,64,4194304,10,50,33.779,2.954,4.47529,4.56425,5.4855,6.32047,6.26813
21,"n23m0123.hpc.itc.rwth-aachen.de",21,"21","uds",36,"n23m0123.hpc.itc.rwth-aachen.de",36,"36","uds",unix,64,4194304,10,50,37.052,2.7815,3.95422,3.914,4.9905,6.82997,6.74473
21,"n23m0123.hpc.itc.rwth-aachen.de",21,"21","uds",37,"n23m0123.hpc.itc.rwth-aachen.de",37,"37","uds",unix,64,4194304,10,50,35.501,2.9955,4.43126,4.3255,8.007,6.74368,6.6926
21,"n23m0123.hpc.itc.rwth-aachen.de",21,"21","uds",38,"n23m0123.hpc.itc.rwth-aachen.de",38,"38","uds",unix,64,4194304,10,50,38.448,2.795,4.15557,4.04525,5.1605,6.70252,6.6467
21,"n23m0123.hpc.itc.rwth-aachen.de",21,"21","uds",39,"n23m0123.hpc.itc.rwth-aachen.de",39,"39","uds",unix,64,4194304,10,50,39.201,2.973,5.14115,5.0725,19.189,6.75392,6.68963
21,"n23m0123.hpc.itc.rwth-aachen.de",21,"21","uds",40,"n23m0123.hpc.itc.rwth-aachen.de",40,"40","uds",unix,64,4194304,10,50,39.056,2.876,4.46925,4.775,5.6,6.72971,6.65258
21,"n23m0123.hpc.itc.rwth-aachen.de",21,"21","uds",41,"n23m0123.hpc.itc.rwth-aachen.de",41,"41","uds",unix,64,4194304,10,50,32.313,2.71,3.79056,3.84025,5.189,6.76813,6.75304
21,"n23m0123.hpc.itc.rwth-aachen.de",21,"21","uds",42,"n23m0123.hpc.itc.rwth-aachen.de",42,"42","uds",unix,64,4194304,10,50,36.435,2.973,4.92816,5.1055,7.3415,6.73342,6.6527
21,"n23m0123.hpc.itc.rwth-aachen.de",21,"21","uds",43,"n23m0123.hpc.itc.rwth-aachen.de",43,"43","uds",unix,64,4194304,10,50,36.369,3.007,4.36063,4.22725,5.4815,6.68451,6.6485
21,"n23m0123.hpc.itc.rwth-aachen.de",21,"21","uds",44,"n23m0123.hpc.itc.rwth-aachen.de",44,"44","uds",unix,64,4194304,10,50,33.796,2.997,4.84789,5.06375,6.7685,6.65883,6.62615
21,"n23m0123.hpc.itc.rwth-aachen.de",21,"21","uds",45,"n23m0123.hpc.itc.rwth-aachen.de",45,"45","uds",unix,64,4194304,10,50,33.686,2.803,4.31105,4.30575,5.377,6.65282,6.58531
21,"n23m0123.hpc.itc.rwth-aachen.de",21,"21","uds",46,"n23m0123.hpc.itc.rwth-aachen.de",46,"46","uds",unix,64,4194304,10,50,33.237,2.829,4.19812,4.02075,6.5355,6.63315,6.5477
21,"n23m0123.hpc.itc.rwth-aachen.de",21,"21","uds",47,"n23m0123.hpc.itc.rwth-aachen.de",47,"47","uds",unix,64,4194304,10,50,35.789,2.977,4.46289,4.28025,5.663,6.57561,6.50234
21,"n23m0123.hpc.itc.rwth-aachen.de",21,"21","uds",48,"n23m0123.hpc.itc.rwth-aachen.de",48,"48","uds",unix,64,4194304,10,50,49.187,5.3695,7.42426,7.262,10.7785,3.28227,3.27752
21,"n23m0123.hpc.itc.rwth-aachen.de",21,"21","uds",49,"n23m0123.hpc.itc.rwth-aachen.de",49,"49","uds",unix,64,4194304,10,50,47.662,5.5705,8.48346,8.591,11.8845,3.32903,3.32055
21,"n23m0123.hpc.itc.rwth-aachen.de",21,"21","uds",50,"n23m0123.hpc.itc.rwth-aachen.de",50,"50","uds",unix,64,4194304,10,50,46.701,4.7635,6.91863,6.98375,9.5865,3.30049,3.29897
21,"n23m0123.hpc.itc.rwth-aachen.de",21,"21","uds",51,"n23m0123.hpc.itc.rwth-aachen.de",51,"51","uds",unix,64,4194304,10,50,45.689,5.649,7.86227,7.70675,10.1885,3.31726,3.3126
21,"n23m0123.hpc.itc.rwth-aachen.de",21,"21","uds",52,"n23m0123.hpc.itc.rwth-aachen.de",52,"52","uds",unix,64,4194304,10,50,43.746,5.64,7.58403,7.30975,11.1535,3.33057,3.32705
21,"n23m0123.hpc.itc.rwth-aachen.de",21,"21","uds",53,"n23m0123.hpc.itc.rwth-aachen.de",53,"53","uds",unix,64,4194304,10,50,38.275,5.4245,7.70054,7.371,10.9855,3.31152,3.30932
21,"n23m0123.hpc.itc.rwth-aachen.de",21,"21","uds",54,"n23m0123.hpc.itc.rwth-aachen.de",54,"54","uds",unix,64,4194304,10,50,48.465,5.461,7.61398,7.44525,9.78,3.29833,3.28674
21,"n23m0123.hpc.itc.rwth-aachen.de",21,"21","uds",55,"n23m0123.hpc.itc.rwth-aachen.de",55,"55","uds",unix,64,4194304,10,50,40.83,5.469,7.79628,7.61925,10.6535,3.33088,3.2972
21,"n23m0123.hpc.itc.rwth-aachen.de",21,"21","uds",56,"n23m0123.hpc.itc.rwth-aachen.de",56,"56","uds",unix,64,4194304,10,50,60.639,5.5885,15.229,8.74225,319.889,3.36026,3.3621
21,"n23m0123.hpc.itc.rwth-aachen.de",21,"21","uds",57,"n23m0123.hpc.itc.rwth-aachen.de",57,"57","uds",unix,64,4194304,10,50,61.122,5.4065,8.30001,7.59375,20.123,3.33868,3.33562
21,"n23m0123.hpc.itc.rwth-aachen.de",21,"21","uds",58,"n23m0123.hpc.itc.rwth-aachen.de",58,"58","uds",unix,64,4194304,10,50,47.124,5.077,7.23323,7.361,9.7415,3.31454,3.27402
21,"n23m0123.hpc.itc.rwth-aachen.de",21,"21","uds",59,"n23m0123.hpc.itc.rwth-aachen.de",59,"59","uds",unix,64,4194304,10,50,61.515,6.435,7.83593,7.42475,11.7545,3.3669,3.3595
21,"n23m0123.hpc.itc.rwth-aachen.de",21,"21","uds",60,"n23m0123.hpc.itc.rwth-aachen.de",60,"60","uds",unix,64,4194304,10,50,54.794,5.14,7.26698,7.2095,12.0325,3.32433,3.31444
21,"n23m0123.hpc.itc.rwth-aachen.de",21,"21","uds",61,"n23m0123.hpc.itc.rwth-aachen.de",61,"61","uds",unix,64,4194304,10,50,52.745,5.485,7.33088,7.4635,10.128,3.36176,3.3448
21,"n23m0123.hpc.itc.rwth-aachen.de",21,"21","uds",62,"n23m0123.hpc.itc.rwth-aachen.de",62,"62","uds",unix,64,4194304,10,50,51.002,4.886,6.70489,7.04675,8.9585,3.36503,3.35238
21,"n23m0123.hpc.itc.rwth-aachen.de",21,"21","uds",63,"n23m0123.hpc.itc.rwth-aachen.de",63,"63","uds",unix,64,4194304,10,50,45.876,5.021,6.89984,7.08675,13.2815,3.37592,3.36387
21,"n23m0123.hpc.itc.rwth-aachen.de",21,"21","uds",64,"n23m0123.hpc.itc.rwth-aachen.de",64,"64","uds",unix,64,4194304,10,50,41.113,5.4275,7.7861,7.3835,9.8965,3.37912,3.37596
21,"n23m0123.hpc.itc.rwth-aachen.de",21,"21","uds",65,"n23m0123.hpc.itc.rwth-aachen.de",65,"65","uds",unix,64,4194304,10,50,46.159,5.0525,6.77757,6.91825,11.057,3.36377,3.35796
21,"n23m0123.hpc.itc.rwth-aachen.de",21,"21","uds",66,"n23m0123.hpc.itc.rwth-aachen.de",66,"66","uds",unix,64,4194304,10,50,49.585,5.7205,8.36053,8.56025,12.296,3.38864,3.39201
21,"n23m0123.hpc.itc.rwth-aachen.de",21,"21","uds",67,"n23m0123.hpc.itc.rwth-aachen.de",67,"67","uds",unix,64,4194304,10,50,51.104,5.064,7.42341,7.37675,12.893,3.40581,3.39831
21,"n23m0123.hpc.itc.rwth-aachen.de",21,"21","uds",68,"n23m0123.hpc.itc.rwth-aachen.de",68,"68","uds",unix,64,4194304,10,50,50.334,5.145,7.52193,7.433,10.861,3.38659,3.38025
21,"n23m0123.hpc.itc.rwth-aachen.de",21,"21","uds",69,"n23m0123.hpc.itc.rwth-aachen.de",69,"69","uds",unix,64,4194304,10,50,45.422,5.4115,7.39244,7.346,10.53,3.34486,3.34582
21,"n23m0123.hpc.itc.rwth-aachen.de",21,"21","uds",70,"n23m0123.hpc.itc.rwth-aachen.de",70,"70","uds",unix,64,4194304,10,50,45.352,5.025,7.47735,7.30775,9.954,3.3633,3.36662
21,"n23m0123.hpc.itc.rwth-aachen.de",21,"21","uds",71,"n23m0123.hpc.itc.rwth-aachen.de",71,"71","uds",unix,64,4194304,10,50,46.537,5.7825,8.29788,8.09075,12.2045,3.37454,3.36827
21,"n23m0123.hpc.itc.rwth-aachen.de",21,"21","uds",72,"n23m0123.hpc.itc.rwth-aachen.de",72,"72","uds",unix,64,4194304,10,50,55.831,5.1595,6.87198,6.9215,9.7705,3.32676,3.31785
21,"n23m0123.hpc.itc.rwth-aachen.de",21,"21","uds",73,"n23m0123.hpc.itc.rwth-aachen.de",73,"73","uds",unix,64,4194304,10,50,49.823,5.231,7.25257,7.28575,10.036,3.34086,3.34432
21,"n23m0123.hpc.itc.rwth-aachen.de",21,"21","uds",74,"n23m0123.hpc.itc.rwth-aachen.de",74,"74","uds",unix,64,4194304,10,50,48.886,5.315,6.94342,6.9485,9.6815,3.34385,3.34335
21,"n23m0123.hpc.itc.rwth-aachen.de",21,"21","uds",75,"n23m0123.hpc.itc.rwth-aachen.de",75,"75","uds",unix,64,4194304,10,50,51.749,5.1695,7.47952,7.3245,10.36,3.32819,3.31994
21,"n23m0123.hpc.itc.rwth-aachen.de",21,"21","uds",76,"n23m0123.hpc.itc.rwth-aachen.de",76,"76","uds",unix,64,4194304,10,50,47.878,5.3005,7.1428,7.191,11.643,3.34667,3.33702
21,"n23m0123.hpc.itc.rwth-aachen.de",21,"21","uds",77,"n23m0123.hpc.itc.rwth-aachen.de",77,"77","uds",unix,64,4194304,10,50,46.751,5.276,7.48656,7.41125,11.6105,3.35746,3.34939
21,"n23m0123.hpc.itc.rwth-aachen.de",21,"21","uds",78,"n23m0123.hpc.itc.rwth-aachen.de",78,"78","uds",unix,64,4194304,10,50,40.069,5.34,7.92079,7.63575,13.041,3.35548,3.34885
21,"n23m0123.hpc.itc.rwth-aachen.de",21,"21","uds",79,"n23m0123.hpc.itc.rwth-aachen.de",79,"79","uds",unix,64,4194304,10,50,40.64,5.074,7.2498,7.16325,9.862,3.35336,3.35378
21,"n23m0123.hpc.itc.rwth-aachen.de",21,"21","uds",80,"n23m0123.hpc.itc.rwth-aachen.de",80,"80","uds",unix,64,4194304,10,50,47.441,5.22,7.02313,7.04425,9.413,3.34244,3.33158
21,"n23m0123.hpc.itc.rwth-aachen.de",21,"21","uds",81,"n23m0123.hpc.itc.rwth-aachen.de",81,"81","uds",unix,64,4194304,10,50,40.549,5.2735,6.84379,6.88775,9.803,3.35998,3.36221
21,"n23m0123.hpc.itc.rwth-aachen.de",21,"21","uds",82,"n23m0123.hpc.itc.rwth-aachen.de",82,"82","uds",unix,64,4194304,10,50,42.109,5.5185,7.52838,7.45575,9.664,3.33381,3.33284
21,"n23m0123.hpc.itc.rwth-aachen.de",21,"21","uds",83,"n23m0123.hpc.itc.rwth-aachen.de",83,"83","uds",unix,64,4194304,10,50,42.031,6.1,8.5203,8.3895,13.7825,3.33753,3.32216
21,"n23m0123.hpc.itc.rwth-aachen.de",21,"21","uds",84,"n23m0123.hpc.itc.rwth-aachen.de",84,"84","uds",unix,64,4194304,10,50,49.638,4.936,7.34057,7.2235,12.9655,3.34855,3.34509
21,"n23m0123.hpc.itc.rwth-aachen.de",21,"21","uds",85,"n23m0123.hpc.itc.rwth-aachen.de",85,"85","uds",unix,64,4194304,10,50,48.953,5.8405,8.17262,7.883,10.2865,3.35072,3.3437
21,"n23m0123.hpc.itc.rwth-aachen.de",21,"21","uds",86,"n23m0123.hpc.itc.rwth-aachen.de",86,"86","uds",unix,64,4194304,10,50,50.355,5.358,7.10701,7.12075,9.3885,3.38887,3.37324
21,"n23m0123.hpc.itc.rwth-aachen.de",21,"21","uds",87,"n23m0123.hpc.itc.rwth-aachen.de",87,"87","uds",unix,64,4194304,10,50,41.579,5.3125,7.60863,7.6295,9.6955,3.37607,3.37038
21,"n23m0123.hpc.itc.rwth-aachen.de",21,"21","uds",88,"n23m0123.hpc.itc.rwth-aachen.de",88,"88","uds",unix,64,4194304,10,50,43.417,5.3335,7.61924,7.52525,9.393,3.39842,3.39804
21,"n23m0123.hpc.itc.rwth-aachen.de",21,"21","uds",89,"n23m0123.hpc.itc.rwth-aachen.de",89,"89","uds",unix,64,4194304,10,50,41.509,5.281,7.79414,7.59675,10.685,3.37414,3.36939
21,"n23m0123.hpc.itc.rwth-aachen.de",21,"21","uds",90,"n23m0123.hpc.itc.rwth-aachen.de",90,"90","uds",unix,64,4194304,10,50,39.699,5.157,7.97548,7.87025,12.892,3.39051,3.3808
21,"n23m0123.hpc.itc.rwth-aachen.de",21,"21","uds",91,"n23m0123.hpc.itc.rwth-aachen.de",91,"91","uds",unix,64,4194304,10,50,42.219,5.2145,6.95863,7.0885,10.227,3.36705,3.36066
21,"n23m0123.hpc.itc.rwth-aachen.de",21,"21","uds",92,"n23m0123.hpc.itc.rwth-aachen.de",92,"92","uds",unix,64,4194304,10,50,41.492,5.3135,7.25572,7.205,9.953,3.37417,3.36551
21,"n23m0123.hpc.itc.rwth-aachen.de",21,"21","uds",93,"n23m0123.hpc.itc.rwth-aachen.de",93,"93","uds",unix,64,4194304,10,50,42.018,5.3545,7.44702,7.229,10.053,3.39035,3.38987
21,"n23m0123.hpc.itc.rwth-aachen.de",21,"21","uds",94,"n23m0123.hpc.itc.rwth-aachen.de",94,"94","uds",unix,64,4194304,10,50,42.925,4.986,7.08118,7.276,9.468,3.3828,3.3744
21,"n23m0123.hpc.itc.rwth-aachen.de",21,"21","uds",95,"n23m0123.hpc.itc.rwth-aachen.de",95,"95","uds",unix,64,4194304,10,50,40.174,5.4745,7.39024,7.15075,10.213,3.3563,3.35276
22,"n23m0123.hpc.itc.rwth-aachen.de",22,"22","uds",23,"n23m0123.hpc.itc.rwth-aachen.de",23,"23","uds",unix,64,4194304,10,50,83.994,2.5185,3.82722,3.7585,8.744,7.31357,7.22993
22,"n23m0123.hpc.itc.rwth-aachen.de",22,"22","uds",24,"n23m0123.hpc.itc.rwth-aachen.de",24,"24","uds",unix,64,4194304,10,50,46.845,2.9145,4.38346,4.11075,6.8645,6.45956,6.41821
22,"n23m0123.hpc.itc.rwth-aachen.de",22,"22","uds",25,"n23m0123.hpc.itc.rwth-aachen.de",25,"25","uds",unix,64,4194304,10,50,43.049,3.0245,4.6104,4.38525,8.6085,6.47125,6.42592
22,"n23m0123.hpc.itc.rwth-aachen.de",22,"22","uds",26,"n23m0123.hpc.itc.rwth-aachen.de",26,"26","uds",unix,64,4194304,10,50,40.473,3.406,4.93885,5.024,8.3385,6.3975,6.35834
22,"n23m0123.hpc.itc.rwth-aachen.de",22,"22","uds",27,"n23m0123.hpc.itc.rwth-aachen.de",27,"27","uds",unix,64,4194304,10,50,36.919,2.882,4.31785,4.184,8.21,6.30171,6.27771
22,"n23m0123.hpc.itc.rwth-aachen.de",22,"22","uds",28,"n23m0123.hpc.itc.rwth-aachen.de",28,"28","uds",unix,64,4194304,10,50,36.891,2.933,4.38817,4.28475,10.9005,6.56596,6.49321
22,"n23m0123.hpc.itc.rwth-aachen.de",22,"22","uds",29,"n23m0123.hpc.itc.rwth-aachen.de",29,"29","uds",unix,64,4194304,10,50,35.179,2.82,4.10408,4.0395,6.082,6.40647,6.37371
22,"n23m0123.hpc.itc.rwth-aachen.de",22,"22","uds",30,"n23m0123.hpc.itc.rwth-aachen.de",30,"30","uds",unix,64,4194304,10,50,33.725,2.838,4.17827,4.00675,5.4985,6.49498,6.42938
22,"n23m0123.hpc.itc.rwth-aachen.de",22,"22","uds",31,"n23m0123.hpc.itc.rwth-aachen.de",31,"31","uds",unix,64,4194304,10,50,35.836,3.016,4.77628,4.963,8.828,6.37782,6.33394
22,"n23m0123.hpc.itc.rwth-aachen.de",22,"22","uds",32,"n23m0123.hpc.itc.rwth-aachen.de",32,"32","uds",unix,64,4194304,10,50,34.03,2.8425,4.40728,4.0475,11.1585,6.49126,6.45832
22,"n23m0123.hpc.itc.rwth-aachen.de",22,"22","uds",33,"n23m0123.hpc.itc.rwth-aachen.de",33,"33","uds",unix,64,4194304,10,50,34.97,3.136,4.62321,4.4,8.705,6.52205,6.47418
22,"n23m0123.hpc.itc.rwth-aachen.de",22,"22","uds",34,"n23m0123.hpc.itc.rwth-aachen.de",34,"34","uds",unix,64,4194304,10,50,33.613,2.851,4.10433,4.0255,5.53,6.45676,6.41093
22,"n23m0123.hpc.itc.rwth-aachen.de",22,"22","uds",35,"n23m0123.hpc.itc.rwth-aachen.de",35,"35","uds",unix,64,4194304,10,50,34.274,2.836,4.02425,4.1375,5.3895,6.41254,6.36092
22,"n23m0123.hpc.itc.rwth-aachen.de",22,"22","uds",36,"n23m0123.hpc.itc.rwth-aachen.de",36,"36","uds",unix,64,4194304,10,50,40.54,2.7875,3.58932,3.69625,5.982,7.04114,6.95377
22,"n23m0123.hpc.itc.rwth-aachen.de",22,"22","uds",37,"n23m0123.hpc.itc.rwth-aachen.de",37,"37","uds",unix,64,4194304,10,50,39.971,2.645,3.71492,3.75025,5.2955,6.99347,6.93396
22,"n23m0123.hpc.itc.rwth-aachen.de",22,"22","uds",38,"n23m0123.hpc.itc.rwth-aachen.de",38,"38","uds",unix,64,4194304,10,50,34.42,3.065,4.53357,4.2035,11.3765,6.93686,6.87805
22,"n23m0123.hpc.itc.rwth-aachen.de",22,"22","uds",39,"n23m0123.hpc.itc.rwth-aachen.de",39,"39","uds",unix,64,4194304,10,50,36.601,2.726,4.25273,4.1125,8.778,6.99313,6.92454
22,"n23m0123.hpc.itc.rwth-aachen.de",22,"22","uds",40,"n23m0123.hpc.itc.rwth-aachen.de",40,"40","uds",unix,64,4194304,10,50,35.483,2.605,3.56056,2.9115,7.437,6.91121,6.85691
22,"n23m0123.hpc.itc.rwth-aachen.de",22,"22","uds",41,"n23m0123.hpc.itc.rwth-aachen.de",41,"41","uds",unix,64,4194304,10,50,34.902,2.749,3.54987,3.01025,5.5235,7.0252,6.95607
22,"n23m0123.hpc.itc.rwth-aachen.de",22,"22","uds",42,"n23m0123.hpc.itc.rwth-aachen.de",42,"42","uds",unix,64,4194304,10,50,36.441,2.7525,4.12184,3.947,5.193,6.93801,6.88549
22,"n23m0123.hpc.itc.rwth-aachen.de",22,"22","uds",43,"n23m0123.hpc.itc.rwth-aachen.de",43,"43","uds",unix,64,4194304,10,50,35.325,2.7415,3.57839,3.3095,5.2195,6.91107,6.8562
22,"n23m0123.hpc.itc.rwth-aachen.de",22,"22","uds",44,"n23m0123.hpc.itc.rwth-aachen.de",44,"44","uds",unix,64,4194304,10,50,32.561,2.652,3.91285,3.6105,11.088,6.89185,6.83127
22,"n23m0123.hpc.itc.rwth-aachen.de",22,"22","uds",45,"n23m0123.hpc.itc.rwth-aachen.de",45,"45","uds",unix,64,4194304,10,50,32.685,2.822,4.34301,4.16025,5.3685,6.85704,6.80268
22,"n23m0123.hpc.itc.rwth-aachen.de",22,"22","uds",46,"n23m0123.hpc.itc.rwth-aachen.de",46,"46","uds",unix,64,4194304,10,50,33.439,2.6595,3.60305,3.6895,5.0535,6.84827,6.77986
22,"n23m0123.hpc.itc.rwth-aachen.de",22,"22","uds",47,"n23m0123.hpc.itc.rwth-aachen.de",47,"47","uds",unix,64,4194304,10,50,34.434,2.646,3.54809,3.654,5.1345,6.73941,6.72001
22,"n23m0123.hpc.itc.rwth-aachen.de",22,"22","uds",48,"n23m0123.hpc.itc.rwth-aachen.de",48,"48","uds",unix,64,4194304,10,50,47.872,5.2285,6.88876,7.02875,11.4645,3.33365,3.32295
22,"n23m0123.hpc.itc.rwth-aachen.de",22,"22","uds",49,"n23m0123.hpc.itc.rwth-aachen.de",49,"49","uds",unix,64,4194304,10,50,45.911,5.4005,7.22355,7.30175,10.2785,3.35824,3.351
22,"n23m0123.hpc.itc.rwth-aachen.de",22,"22","uds",50,"n23m0123.hpc.itc.rwth-aachen.de",50,"50","uds",unix,64,4194304,10,50,50.02,5.5345,7.73876,7.593,11.3,3.34185,3.3415
22,"n23m0123.hpc.itc.rwth-aachen.de",22,"22","uds",51,"n23m0123.hpc.itc.rwth-aachen.de",51,"51","uds",unix,64,4194304,10,50,50.698,5.43,7.08114,7.269,9.457,3.34264,3.33415
22,"n23m0123.hpc.itc.rwth-aachen.de",22,"22","uds",52,"n23m0123.hpc.itc.rwth-aachen.de",52,"52","uds",unix,64,4194304,10,50,45.372,5.122,6.92522,7.00025,10.466,3.35937,3.35043
22,"n23m0123.hpc.itc.rwth-aachen.de",22,"22","uds",53,"n23m0123.hpc.itc.rwth-aachen.de",53,"53","uds",unix,64,4194304,10,50,45.766,5.2795,7.03277,7.10925,11.6555,3.34516,3.33341
22,"n23m0123.hpc.itc.rwth-aachen.de",22,"22","uds",54,"n23m0123.hpc.itc.rwth-aachen.de",54,"54","uds",unix,64,4194304,10,50,51.424,5.1435,6.70794,6.90825,9.237,3.35502,3.35094
22,"n23m0123.hpc.itc.rwth-aachen.de",22,"22","uds",55,"n23m0123.hpc.itc.rwth-aachen.de",55,"55","uds",unix,64,4194304,10,50,49.271,5.2945,7.7693,7.561,14.1315,3.34209,3.34397
22,"n23m0123.hpc.itc.rwth-aachen.de",22,"22","uds",56,"n23m0123.hpc.itc.rwth-aachen.de",56,"56","uds",unix,64,4194304,10,50,46.917,5.249,7.54562,7.485,10.544,3.36926,3.36593
22,"n23m0123.hpc.itc.rwth-aachen.de",22,"22","uds",57,"n23m0123.hpc.itc.rwth-aachen.de",57,"57","uds",unix,64,4194304,10,50,49.973,5.656,8.27127,8.02275,13.1405,3.33868,3.32838
22,"n23m0123.hpc.itc.rwth-aachen.de",22,"22","uds",58,"n23m0123.hpc.itc.rwth-aachen.de",58,"58","uds",unix,64,4194304,10,50,44.239,5.3225,7.69901,7.42475,14.718,3.37264,3.37347
22,"n23m0123.hpc.itc.rwth-aachen.de",22,"22","uds",59,"n23m0123.hpc.itc.rwth-aachen.de",59,"59","uds",unix,64,4194304,10,50,42.422,5.122,7.50758,7.488,10.1105,3.37843,3.37608
22,"n23m0123.hpc.itc.rwth-aachen.de",22,"22","uds",60,"n23m0123.hpc.itc.rwth-aachen.de",60,"60","uds",unix,64,4194304,10,50,42.864,5.331,7.17743,7.10275,17.563,3.34349,3.34226
22,"n23m0123.hpc.itc.rwth-aachen.de",22,"22","uds",61,"n23m0123.hpc.itc.rwth-aachen.de",61,"61","uds",unix,64,4194304,10,50,45.485,5.2365,6.86358,6.65725,9.6325,3.36796,3.36788
22,"n23m0123.hpc.itc.rwth-aachen.de",22,"22","uds",62,"n23m0123.hpc.itc.rwth-aachen.de",62,"62","uds",unix,64,4194304,10,50,41.37,5.0725,6.8757,6.9725,9.729,3.3688,3.36527
22,"n23m0123.hpc.itc.rwth-aachen.de",22,"22","uds",63,"n23m0123.hpc.itc.rwth-aachen.de",63,"63","uds",unix,64,4194304,10,50,47.273,5.297,7.29176,7.311,11.0445,3.36585,3.36282
22,"n23m0123.hpc.itc.rwth-aachen.de",22,"22","uds",64,"n23m0123.hpc.itc.rwth-aachen.de",64,"64","uds",unix,64,4194304,10,50,52.349,5.705,7.94607,7.7265,10.124,3.37182,3.3723
22,"n23m0123.hpc.itc.rwth-aachen.de",22,"22","uds",65,"n23m0123.hpc.itc.rwth-aachen.de",65,"65","uds",unix,64,4194304,10,50,48.422,5.146,7.03051,7.171,11.9775,3.39236,3.37827
22,"n23m0123.hpc.itc.rwth-aachen.de",22,"22","uds",66,"n23m0123.hpc.itc.rwth-aachen.de",66,"66","uds",unix,64,4194304,10,50,44.952,5.3845,7.4644,7.1725,12.424,3.37087,3.36911
22,"n23m0123.hpc.itc.rwth-aachen.de",22,"22","uds",67,"n23m0123.hpc.itc.rwth-aachen.de",67,"67","uds",unix,64,4194304,10,50,41.294,5.508,7.65989,7.50025,10.0055,3.40154,3.38907
22,"n23m0123.hpc.itc.rwth-aachen.de",22,"22","uds",68,"n23m0123.hpc.itc.rwth-aachen.de",68,"68","uds",unix,64,4194304,10,50,44.251,5.248,7.381,7.2805,11.1295,3.35386,3.34346
22,"n23m0123.hpc.itc.rwth-aachen.de",22,"22","uds",69,"n23m0123.hpc.itc.rwth-aachen.de",69,"69","uds",unix,64,4194304,10,50,43.285,6.026,8.31215,8.36925,10.7425,3.35114,3.34128
22,"n23m0123.hpc.itc.rwth-aachen.de",22,"22","uds",70,"n23m0123.hpc.itc.rwth-aachen.de",70,"70","uds",unix,64,4194304,10,50,42.786,5.3815,7.44488,7.4285,11.259,3.36585,3.35753
22,"n23m0123.hpc.itc.rwth-aachen.de",22,"22","uds",71,"n23m0123.hpc.itc.rwth-aachen.de",71,"71","uds",unix,64,4194304,10,50,38.793,5.3275,7.48785,7.38725,12.354,3.38812,3.38107
22,"n23m0123.hpc.itc.rwth-aachen.de",22,"22","uds",72,"n23m0123.hpc.itc.rwth-aachen.de",72,"72","uds",unix,64,4194304,10,50,44.956,5.0795,7.591,7.3785,13.6905,3.34374,3.34452
22,"n23m0123.hpc.itc.rwth-aachen.de",22,"22","uds",73,"n23m0123.hpc.itc.rwth-aachen.de",73,"73","uds",unix,64,4194304,10,50,47.369,5.3275,7.79185,7.41375,16.5195,3.34485,3.34107
22,"n23m0123.hpc.itc.rwth-aachen.de",22,"22","uds",74,"n23m0123.hpc.itc.rwth-aachen.de",74,"74","uds",unix,64,4194304,10,50,41.644,5.271,6.93294,6.932,10.8785,3.34178,3.34144
22,"n23m0123.hpc.itc.rwth-aachen.de",22,"22","uds",75,"n23m0123.hpc.itc.rwth-aachen.de",75,"75","uds",unix,64,4194304,10,50,42.553,5.399,7.69225,7.5445,11.2445,3.33399,3.33
22,"n23m0123.hpc.itc.rwth-aachen.de",22,"22","uds",76,"n23m0123.hpc.itc.rwth-aachen.de",76,"76","uds",unix,64,4194304,10,50,43.652,5.7745,8.09596,7.7635,10.767,3.3558,3.35118
22,"n23m0123.hpc.itc.rwth-aachen.de",22,"22","uds",77,"n23m0123.hpc.itc.rwth-aachen.de",77,"77","uds",unix,64,4194304,10,50,43.814,5.3645,7.79485,7.63025,13.3065,3.372,3.35863
22,"n23m0123.hpc.itc.rwth-aachen.de",22,"22","uds",78,"n23m0123.hpc.itc.rwth-aachen.de",78,"78","uds",unix,64,4194304,10,50,38.475,5.22,6.94126,7.2015,9.285,3.38066,3.37366
22,"n23m0123.hpc.itc.rwth-aachen.de",22,"22","uds",79,"n23m0123.hpc.itc.rwth-aachen.de",79,"79","uds",unix,64,4194304,10,50,39.898,5.4695,7.23992,7.436,9.728,3.37035,3.36491
22,"n23m0123.hpc.itc.rwth-aachen.de",22,"22","uds",80,"n23m0123.hpc.itc.rwth-aachen.de",80,"80","uds",unix,64,4194304,10,50,42.045,5.314,7.13298,7.1295,10.0595,3.33349,3.33451
22,"n23m0123.hpc.itc.rwth-aachen.de",22,"22","uds",81,"n23m0123.hpc.itc.rwth-aachen.de",81,"81","uds",unix,64,4194304,10,50,41.141,5.4835,7.80343,7.5515,11.1835,3.39442,3.38578
22,"n23m0123.hpc.itc.rwth-aachen.de",22,"22","uds",82,"n23m0123.hpc.itc.rwth-aachen.de",82,"82","uds",unix,64,4194304,10,50,41.064,5.4545,7.72067,7.5665,9.871,3.3592,3.3633
22,"n23m0123.hpc.itc.rwth-aachen.de",22,"22","uds",83,"n23m0123.hpc.itc.rwth-aachen.de",83,"83","uds",unix,64,4194304,10,50,47.491,5.276,8.12199,8.0765,11.1275,3.38052,3.37489
22,"n23m0123.hpc.itc.rwth-aachen.de",22,"22","uds",84,"n23m0123.hpc.itc.rwth-aachen.de",84,"84","uds",unix,64,4194304,10,50,42.812,5.1325,7.36493,7.2075,12.2755,3.41103,3.3956
22,"n23m0123.hpc.itc.rwth-aachen.de",22,"22","uds",85,"n23m0123.hpc.itc.rwth-aachen.de",85,"85","uds",unix,64,4194304,10,50,42.196,5.3025,7.37627,7.3105,9.92,3.39556,3.39026
22,"n23m0123.hpc.itc.rwth-aachen.de",22,"22","uds",86,"n23m0123.hpc.itc.rwth-aachen.de",86,"86","uds",unix,64,4194304,10,50,42.487,5.2915,6.97433,7.04075,11.6855,3.38118,3.38557
22,"n23m0123.hpc.itc.rwth-aachen.de",22,"22","uds",87,"n23m0123.hpc.itc.rwth-aachen.de",87,"87","uds",unix,64,4194304,10,50,54.218,5.3865,7.63508,7.56475,12.3915,3.36337,3.3592
22,"n23m0123.hpc.itc.rwth-aachen.de",22,"22","uds",88,"n23m0123.hpc.itc.rwth-aachen.de",88,"88","uds",unix,64,4194304,10,50,44.527,5.586,8.06538,8.07225,9.8295,3.39826,3.38879
22,"n23m0123.hpc.itc.rwth-aachen.de",22,"22","uds",89,"n23m0123.hpc.itc.rwth-aachen.de",89,"89","uds",unix,64,4194304,10,50,40.593,5.369,7.48983,7.323,10.632,3.36452,3.35884
22,"n23m0123.hpc.itc.rwth-aachen.de",22,"22","uds",90,"n23m0123.hpc.itc.rwth-aachen.de",90,"90","uds",unix,64,4194304,10,50,39.659,5.83,7.80488,7.49725,10.8185,3.38347,3.36127
22,"n23m0123.hpc.itc.rwth-aachen.de",22,"22","uds",91,"n23m0123.hpc.itc.rwth-aachen.de",91,"91","uds",unix,64,4194304,10,50,43.966,5.0145,6.98156,7.02925,9.964,3.36023,3.36055
22,"n23m0123.hpc.itc.rwth-aachen.de",22,"22","uds",92,"n23m0123.hpc.itc.rwth-aachen.de",92,"92","uds",unix,64,4194304,10,50,40.24,5.3485,7.34823,7.173,12.0885,3.40039,3.39626
22,"n23m0123.hpc.itc.rwth-aachen.de",22,"22","uds",93,"n23m0123.hpc.itc.rwth-aachen.de",93,"93","uds",unix,64,4194304,10,50,49.35,5.4285,7.28999,7.30825,10.3805,3.39347,3.39208
22,"n23m0123.hpc.itc.rwth-aachen.de",22,"22","uds",94,"n23m0123.hpc.itc.rwth-aachen.de",94,"94","uds",unix,64,4194304,10,50,41.229,5.2485,7.26222,7.2365,9.5215,3.41178,3.40259
22,"n23m0123.hpc.itc.rwth-aachen.de",22,"22","uds",95,"n23m0123.hpc.itc.rwth-aachen.de",95,"95","uds",unix,64,4194304,10,50,40.426,5.775,8.23746,8.197,10.807,3.3782,3.38479
23,"n23m0123.hpc.itc.rwth-aachen.de",23,"23","uds",24,"n23m0123.hpc.itc.rwth-aachen.de",24,"24","uds",unix,64,4194304,10,50,86.314,2.8135,4.20643,4.08875,5.147,6.44836,6.39058
23,"n23m0123.hpc.itc.rwth-aachen.de",23,"23","uds",25,"n23m0123.hpc.itc.rwth-aachen.de",25,"25","uds",unix,64,4194304,10,50,45.876,2.9535,4.40173,4.2395,5.4595,6.4549,6.38868
23,"n23m0123.hpc.itc.rwth-aachen.de",23,"23","uds",26,"n23m0123.hpc.itc.rwth-aachen.de",26,"26","uds",unix,64,4194304,10,50,44.618,2.9335,4.58791,4.91375,5.7025,6.40832,6.34974
23,"n23m0123.hpc.itc.rwth-aachen.de",23,"23","uds",27,"n23m0123.hpc.itc.rwth-aachen.de",27,"27","uds",unix,64,4194304,10,50,34.102,3.1235,4.79503,5.172,5.8435,6.3352,6.28871
23,"n23m0123.hpc.itc.rwth-aachen.de",23,"23","uds",28,"n23m0123.hpc.itc.rwth-aachen.de",28,"28","uds",unix,64,4194304,10,50,39.014,2.7305,4.3632,4.1055,9.376,6.48134,6.41045
23,"n23m0123.hpc.itc.rwth-aachen.de",23,"23","uds",29,"n23m0123.hpc.itc.rwth-aachen.de",29,"29","uds",unix,64,4194304,10,50,36.774,3.084,4.77818,5.005,5.383,6.425,6.38407
23,"n23m0123.hpc.itc.rwth-aachen.de",23,"23","uds",30,"n23m0123.hpc.itc.rwth-aachen.de",30,"30","uds",unix,64,4194304,10,50,40.87,2.927,4.64546,4.96975,6.885,6.48838,6.4167
23,"n23m0123.hpc.itc.rwth-aachen.de",23,"23","uds",31,"n23m0123.hpc.itc.rwth-aachen.de",31,"31","uds",unix,64,4194304,10,50,31.897,3.223,4.62538,4.346,7.7765,6.3838,6.32389
23,"n23m0123.hpc.itc.rwth-aachen.de",23,"23","uds",32,"n23m0123.hpc.itc.rwth-aachen.de",32,"32","uds",unix,64,4194304,10,50,34.64,2.9215,4.5171,4.441,7.895,6.52342,6.45244
23,"n23m0123.hpc.itc.rwth-aachen.de",23,"23","uds",33,"n23m0123.hpc.itc.rwth-aachen.de",33,"33","uds",unix,64,4194304,10,50,33.254,2.807,3.91742,3.9155,5.376,6.50824,6.45665
23,"n23m0123.hpc.itc.rwth-aachen.de",23,"23","uds",34,"n23m0123.hpc.itc.rwth-aachen.de",34,"34","uds",unix,64,4194304,10,50,34,2.9995,4.47287,4.25275,5.635,6.478,6.40577
23,"n23m0123.hpc.itc.rwth-aachen.de",23,"23","uds",35,"n23m0123.hpc.itc.rwth-aachen.de",35,"35","uds",unix,64,4194304,10,50,33.193,2.8245,4.32178,4.18175,6.0635,6.36237,6.28251
23,"n23m0123.hpc.itc.rwth-aachen.de",23,"23","uds",36,"n23m0123.hpc.itc.rwth-aachen.de",36,"36","uds",unix,64,4194304,10,50,47.845,2.6665,3.67262,3.64625,4.985,6.94347,6.85864
23,"n23m0123.hpc.itc.rwth-aachen.de",23,"23","uds",37,"n23m0123.hpc.itc.rwth-aachen.de",37,"37","uds",unix,64,4194304,10,50,41.41,2.742,4.42118,3.965,17.1065,6.76975,6.75975
23,"n23m0123.hpc.itc.rwth-aachen.de",23,"23","uds",38,"n23m0123.hpc.itc.rwth-aachen.de",38,"38","uds",unix,64,4194304,10,50,49.14,2.821,4.38655,3.9665,12.28,6.77697,6.73189
23,"n23m0123.hpc.itc.rwth-aachen.de",23,"23","uds",39,"n23m0123.hpc.itc.rwth-aachen.de",39,"39","uds",unix,64,4194304,10,50,60.869,3.266,5.28293,4.8295,14.742,6.86163,6.77207
23,"n23m0123.hpc.itc.rwth-aachen.de",23,"23","uds",40,"n23m0123.hpc.itc.rwth-aachen.de",40,"40","uds",unix,64,4194304,10,50,45.278,2.729,4.24402,4.04825,11.845,6.81168,6.74975
23,"n23m0123.hpc.itc.rwth-aachen.de",23,"23","uds",41,"n23m0123.hpc.itc.rwth-aachen.de",41,"41","uds",unix,64,4194304,10,50,34,2.8365,4.94271,4.097,18.849,6.92799,6.85272
23,"n23m0123.hpc.itc.rwth-aachen.de",23,"23","uds",42,"n23m0123.hpc.itc.rwth-aachen.de",42,"42","uds",unix,64,4194304,10,50,35.138,3.5185,4.62474,4.83925,5.756,6.81008,6.77779
23,"n23m0123.hpc.itc.rwth-aachen.de",23,"23","uds",43,"n23m0123.hpc.itc.rwth-aachen.de",43,"43","uds",unix,64,4194304,10,50,33.284,2.753,4.05698,4.05175,5.3795,6.82709,6.76728
23,"n23m0123.hpc.itc.rwth-aachen.de",23,"23","uds",44,"n23m0123.hpc.itc.rwth-aachen.de",44,"44","uds",unix,64,4194304,10,50,34.947,2.879,4.15154,4.01725,6.7665,6.78495,6.72601
23,"n23m0123.hpc.itc.rwth-aachen.de",23,"23","uds",45,"n23m0123.hpc.itc.rwth-aachen.de",45,"45","uds",unix,64,4194304,10,50,34.021,2.823,4.22405,4.07775,5.2655,6.71837,6.64924
23,"n23m0123.hpc.itc.rwth-aachen.de",23,"23","uds",46,"n23m0123.hpc.itc.rwth-aachen.de",46,"46","uds",unix,64,4194304,10,50,34.735,3.0705,4.74982,5.043,5.6375,6.73078,6.65468
23,"n23m0123.hpc.itc.rwth-aachen.de",23,"23","uds",47,"n23m0123.hpc.itc.rwth-aachen.de",47,"47","uds",unix,64,4194304,10,50,35.716,2.957,4.23874,4.151,10.2025,6.65851,6.58922
23,"n23m0123.hpc.itc.rwth-aachen.de",23,"23","uds",48,"n23m0123.hpc.itc.rwth-aachen.de",48,"48","uds",unix,64,4194304,10,50,46.676,5.112,7.20586,7.11525,9.431,3.34298,3.33524
23,"n23m0123.hpc.itc.rwth-aachen.de",23,"23","uds",49,"n23m0123.hpc.itc.rwth-aachen.de",49,"49","uds",unix,64,4194304,10,50,45.671,5.187,7.55832,7.2415,13.1095,3.28704,3.23039
23,"n23m0123.hpc.itc.rwth-aachen.de",23,"23","uds",50,"n23m0123.hpc.itc.rwth-aachen.de",50,"50","uds",unix,64,4194304,10,50,62.453,5.594,7.5488,7.35275,10.883,3.31196,3.31023
23,"n23m0123.hpc.itc.rwth-aachen.de",23,"23","uds",51,"n23m0123.hpc.itc.rwth-aachen.de",51,"51","uds",unix,64,4194304,10,50,55.623,5.463,7.81867,7.52525,13.356,3.36685,3.36715
23,"n23m0123.hpc.itc.rwth-aachen.de",23,"23","uds",52,"n23m0123.hpc.itc.rwth-aachen.de",52,"52","uds",unix,64,4194304,10,50,50.601,5.8255,8.13853,8.45225,11.3375,3.39244,3.38901
23,"n23m0123.hpc.itc.rwth-aachen.de",23,"23","uds",53,"n23m0123.hpc.itc.rwth-aachen.de",53,"53","uds",unix,64,4194304,10,50,49.683,5.467,7.51201,7.4405,9.875,3.37939,3.36666
23,"n23m0123.hpc.itc.rwth-aachen.de",23,"23","uds",54,"n23m0123.hpc.itc.rwth-aachen.de",54,"54","uds",unix,64,4194304,10,50,49.286,5.335,7.76516,7.89925,9.609,3.36405,3.35721
23,"n23m0123.hpc.itc.rwth-aachen.de",23,"23","uds",55,"n23m0123.hpc.itc.rwth-aachen.de",55,"55","uds",unix,64,4194304,10,50,46.631,5.5995,8.04133,7.90675,11.3215,3.36461,3.36293
23,"n23m0123.hpc.itc.rwth-aachen.de",23,"23","uds",56,"n23m0123.hpc.itc.rwth-aachen.de",56,"56","uds",unix,64,4194304,10,50,49.811,5.5445,7.91673,8.041,12.1085,3.39183,3.38187
23,"n23m0123.hpc.itc.rwth-aachen.de",23,"23","uds",57,"n23m0123.hpc.itc.rwth-aachen.de",57,"57","uds",unix,64,4194304,10,50,53.113,5.5745,8.1375,7.904,9.963,3.33565,3.32841
23,"n23m0123.hpc.itc.rwth-aachen.de",23,"23","uds",58,"n23m0123.hpc.itc.rwth-aachen.de",58,"58","uds",unix,64,4194304,10,50,48.552,6.796,8.73623,8.66,19.085,3.38263,3.38246
23,"n23m0123.hpc.itc.rwth-aachen.de",23,"23","uds",59,"n23m0123.hpc.itc.rwth-aachen.de",59,"59","uds",unix,64,4194304,10,50,41.009,5.7725,8.41751,8.68975,13.6545,3.34805,3.34138
23,"n23m0123.hpc.itc.rwth-aachen.de",23,"23","uds",60,"n23m0123.hpc.itc.rwth-aachen.de",60,"60","uds",unix,64,4194304,10,50,44.406,6.6275,8.22183,7.922,10.9955,3.31004,3.30712
23,"n23m0123.hpc.itc.rwth-aachen.de",23,"23","uds",61,"n23m0123.hpc.itc.rwth-aachen.de",61,"61","uds",unix,64,4194304,10,50,43.527,5.412,7.61648,7.42875,12.3505,3.37822,3.37569
23,"n23m0123.hpc.itc.rwth-aachen.de",23,"23","uds",62,"n23m0123.hpc.itc.rwth-aachen.de",62,"62","uds",unix,64,4194304,10,50,41.798,5.449,7.70203,7.49625,12.7965,3.37032,3.357
23,"n23m0123.hpc.itc.rwth-aachen.de",23,"23","uds",63,"n23m0123.hpc.itc.rwth-aachen.de",63,"63","uds",unix,64,4194304,10,50,42.697,5.321,7.5823,7.25975,12.456,3.37867,3.37539
23,"n23m0123.hpc.itc.rwth-aachen.de",23,"23","uds",64,"n23m0123.hpc.itc.rwth-aachen.de",64,"64","uds",unix,64,4194304,10,50,50.441,5.415,7.95597,7.9285,9.9105,3.41116,3.39328
23,"n23m0123.hpc.itc.rwth-aachen.de",23,"23","uds",65,"n23m0123.hpc.itc.rwth-aachen.de",65,"65","uds",unix,64,4194304,10,50,40.22,5.3015,7.40517,7.30825,11.6435,3.37993,3.37677
23,"n23m0123.hpc.itc.rwth-aachen.de",23,"23","uds",66,"n23m0123.hpc.itc.rwth-aachen.de",66,"66","uds",unix,64,4194304,10,50,47.079,6.037,8.3151,8.30775,12.635,3.40353,3.38327
23,"n23m0123.hpc.itc.rwth-aachen.de",23,"23","uds",67,"n23m0123.hpc.itc.rwth-aachen.de",67,"67","uds",unix,64,4194304,10,50,41.852,5.581,7.72483,7.53075,9.7585,3.38051,3.37528
23,"n23m0123.hpc.itc.rwth-aachen.de",23,"23","uds",68,"n23m0123.hpc.itc.rwth-aachen.de",68,"68","uds",unix,64,4194304,10,50,49.85,5.56,7.85422,7.52025,12.919,3.39437,3.38388
23,"n23m0123.hpc.itc.rwth-aachen.de",23,"23","uds",69,"n23m0123.hpc.itc.rwth-aachen.de",69,"69","uds",unix,64,4194304,10,50,41.13,5.514,7.46853,7.425,11.237,3.35164,3.34021
23,"n23m0123.hpc.itc.rwth-aachen.de",23,"23","uds",70,"n23m0123.hpc.itc.rwth-aachen.de",70,"70","uds",unix,64,4194304,10,50,43.3,5.6725,7.89006,7.6115,11.586,3.36564,3.36027
23,"n23m0123.hpc.itc.rwth-aachen.de",23,"23","uds",71,"n23m0123.hpc.itc.rwth-aachen.de",71,"71","uds",unix,64,4194304,10,50,37.809,7.004,8.39525,8.46675,12.86,3.36227,3.3598
23,"n23m0123.hpc.itc.rwth-aachen.de",23,"23","uds",72,"n23m0123.hpc.itc.rwth-aachen.de",72,"72","uds",unix,64,4194304,10,50,41.246,5.5295,7.43066,7.33175,11.64,3.33664,3.32948
23,"n23m0123.hpc.itc.rwth-aachen.de",23,"23","uds",73,"n23m0123.hpc.itc.rwth-aachen.de",73,"73","uds",unix,64,4194304,10,50,44.554,5.329,7.48461,7.35625,10.939,3.33034,3.32158
23,"n23m0123.hpc.itc.rwth-aachen.de",23,"23","uds",74,"n23m0123.hpc.itc.rwth-aachen.de",74,"74","uds",unix,64,4194304,10,50,42.67,5.3675,7.29732,7.257,11.4785,3.33332,3.33016
23,"n23m0123.hpc.itc.rwth-aachen.de",23,"23","uds",75,"n23m0123.hpc.itc.rwth-aachen.de",75,"75","uds",unix,64,4194304,10,50,60.332,5.446,7.24196,7.4345,9.6585,3.2949,3.29866
23,"n23m0123.hpc.itc.rwth-aachen.de",23,"23","uds",76,"n23m0123.hpc.itc.rwth-aachen.de",76,"76","uds",unix,64,4194304,10,50,43.425,5.253,7.35986,7.4525,9.815,3.37464,3.37004
23,"n23m0123.hpc.itc.rwth-aachen.de",23,"23","uds",77,"n23m0123.hpc.itc.rwth-aachen.de",77,"77","uds",unix,64,4194304,10,50,48.115,5.286,7.39703,7.33125,9.7175,3.38695,3.39078
23,"n23m0123.hpc.itc.rwth-aachen.de",23,"23","uds",78,"n23m0123.hpc.itc.rwth-aachen.de",78,"78","uds",unix,64,4194304,10,50,39.423,5.599,8.21864,7.995,12.159,3.37525,3.37752
23,"n23m0123.hpc.itc.rwth-aachen.de",23,"23","uds",79,"n23m0123.hpc.itc.rwth-aachen.de",79,"79","uds",unix,64,4194304,10,50,39.181,5.43,7.48789,7.45625,10.16,3.38669,3.37872
23,"n23m0123.hpc.itc.rwth-aachen.de",23,"23","uds",80,"n23m0123.hpc.itc.rwth-aachen.de",80,"80","uds",unix,64,4194304,10,50,41.718,5.2635,7.36804,7.20175,12.6355,3.34519,3.34857
23,"n23m0123.hpc.itc.rwth-aachen.de",23,"23","uds",81,"n23m0123.hpc.itc.rwth-aachen.de",81,"81","uds",unix,64,4194304,10,50,39.669,5.1545,7.1456,7.11175,11.8255,3.39469,3.3878
23,"n23m0123.hpc.itc.rwth-aachen.de",23,"23","uds",82,"n23m0123.hpc.itc.rwth-aachen.de",82,"82","uds",unix,64,4194304,10,50,43.304,5.6445,7.74097,7.723,12.183,3.3767,3.36586
23,"n23m0123.hpc.itc.rwth-aachen.de",23,"23","uds",83,"n23m0123.hpc.itc.rwth-aachen.de",83,"83","uds",unix,64,4194304,10,50,41.4,5.504,8.21182,8.3665,10.2245,3.37278,3.36133
23,"n23m0123.hpc.itc.rwth-aachen.de",23,"23","uds",84,"n23m0123.hpc.itc.rwth-aachen.de",84,"84","uds",unix,64,4194304,10,50,42.071,4.9745,7.56108,7.49175,11.032,3.38998,3.38502
23,"n23m0123.hpc.itc.rwth-aachen.de",23,"23","uds",85,"n23m0123.hpc.itc.rwth-aachen.de",85,"85","uds",unix,64,4194304,10,50,41.313,5.1635,7.39958,7.32175,13.153,3.3811,3.3752
23,"n23m0123.hpc.itc.rwth-aachen.de",23,"23","uds",86,"n23m0123.hpc.itc.rwth-aachen.de",86,"86","uds",unix,64,4194304,10,50,40.46,5.2585,7.07766,7.099,10.446,3.3531,3.36368
23,"n23m0123.hpc.itc.rwth-aachen.de",23,"23","uds",87,"n23m0123.hpc.itc.rwth-aachen.de",87,"87","uds",unix,64,4194304,10,50,40.301,5.3885,7.96066,7.61425,12.3375,3.34955,3.34187
23,"n23m0123.hpc.itc.rwth-aachen.de",23,"23","uds",88,"n23m0123.hpc.itc.rwth-aachen.de",88,"88","uds",unix,64,4194304,10,50,42.926,5.154,7.57483,7.24525,9.89,3.39161,3.39428
23,"n23m0123.hpc.itc.rwth-aachen.de",23,"23","uds",89,"n23m0123.hpc.itc.rwth-aachen.de",89,"89","uds",unix,64,4194304,10,50,40.795,5.469,7.81275,7.52175,9.641,3.39315,3.37667
23,"n23m0123.hpc.itc.rwth-aachen.de",23,"23","uds",90,"n23m0123.hpc.itc.rwth-aachen.de",90,"90","uds",unix,64,4194304,10,50,46.072,7.5035,9.23047,9.16625,13.1395,3.40453,3.40153
23,"n23m0123.hpc.itc.rwth-aachen.de",23,"23","uds",91,"n23m0123.hpc.itc.rwth-aachen.de",91,"91","uds",unix,64,4194304,10,50,37.65,5.255,7.08628,7.1765,10.885,3.38969,3.38275
23,"n23m0123.hpc.itc.rwth-aachen.de",23,"23","uds",92,"n23m0123.hpc.itc.rwth-aachen.de",92,"92","uds",unix,64,4194304,10,50,44.022,5.217,7.44467,7.44,11.4295,3.39991,3.39744
23,"n23m0123.hpc.itc.rwth-aachen.de",23,"23","uds",93,"n23m0123.hpc.itc.rwth-aachen.de",93,"93","uds",unix,64,4194304,10,50,42.706,5.7645,7.97239,7.7875,10.766,3.3899,3.38608
23,"n23m0123.hpc.itc.rwth-aachen.de",23,"23","uds",94,"n23m0123.hpc.itc.rwth-aachen.de",94,"94","uds",unix,64,4194304,10,50,48.409,5.3205,7.12616,7.10725,9.6625,3.38206,3.37431
23,"n23m0123.hpc.itc.rwth-aachen.de",23,"23","uds",95,"n23m0123.hpc.itc.rwth-aachen.de",95,"95","uds",unix,64,4194304,10,50,45.349,5.258,6.9961,7.25075,9.4755,3.35032,3.34396
24,"n23m0123.hpc.itc.rwth-aachen.de",24,"24","uds",25,"n23m0123.hpc.itc.rwth-aachen.de",25,"25","uds",unix,64,4194304,10,50,86.271,2.625,4.41205,4.0955,7.5415,7.65076,7.5966
24,"n23m0123.hpc.itc.rwth-aachen.de",24,"24","uds",26,"n23m0123.hpc.itc.rwth-aachen.de",26,"26","uds",unix,64,4194304,10,50,52.261,3.4035,1651.11,1999.6,7497.43,6.12487,6.07233
24,"n23m0123.hpc.itc.rwth-aachen.de",24,"24","uds",27,"n23m0123.hpc.itc.rwth-aachen.de",27,"27","uds",unix,64,4194304,10,50,59.92,2.881,5.89437,4.701,16.309,7.45927,7.25286
24,"n23m0123.hpc.itc.rwth-aachen.de",24,"24","uds",28,"n23m0123.hpc.itc.rwth-aachen.de",28,"28","uds",unix,64,4194304,10,50,42.887,2.8005,4.57477,4.391,8.5025,7.63363,7.67016
24,"n23m0123.hpc.itc.rwth-aachen.de",24,"24","uds",29,"n23m0123.hpc.itc.rwth-aachen.de",29,"29","uds",unix,64,4194304,10,50,45.746,2.4725,3.65888,3.26375,10.4325,7.60767,7.66821
24,"n23m0123.hpc.itc.rwth-aachen.de",24,"24","uds",30,"n23m0123.hpc.itc.rwth-aachen.de",30,"30","uds",unix,64,4194304,10,50,45.87,2.8185,4.52168,4.8105,8.1745,7.4964,7.57084
24,"n23m0123.hpc.itc.rwth-aachen.de",24,"24","uds",31,"n23m0123.hpc.itc.rwth-aachen.de",31,"31","uds",unix,64,4194304,10,50,39.836,2.543,3.57914,3.5225,7.381,7.61509,7.63714
24,"n23m0123.hpc.itc.rwth-aachen.de",24,"24","uds",32,"n23m0123.hpc.itc.rwth-aachen.de",32,"32","uds",unix,64,4194304,10,50,36.289,2.398,3.17356,3.04725,5.7165,7.7906,7.75051
24,"n23m0123.hpc.itc.rwth-aachen.de",24,"24","uds",33,"n23m0123.hpc.itc.rwth-aachen.de",33,"33","uds",unix,64,4194304,10,50,37.726,2.531,3.18762,2.8595,5.276,7.7638,7.73511
24,"n23m0123.hpc.itc.rwth-aachen.de",24,"24","uds",34,"n23m0123.hpc.itc.rwth-aachen.de",34,"34","uds",unix,64,4194304,10,50,38.834,2.4385,3.07116,2.72375,5.491,7.72457,7.67582
24,"n23m0123.hpc.itc.rwth-aachen.de",24,"24","uds",35,"n23m0123.hpc.itc.rwth-aachen.de",35,"35","uds",unix,64,4194304,10,50,51.034,2.699,3.74979,3.76625,5.6805,7.64473,7.60655
24,"n23m0123.hpc.itc.rwth-aachen.de",24,"24","uds",36,"n23m0123.hpc.itc.rwth-aachen.de",36,"36","uds",unix,64,4194304,10,50,43.302,2.6895,3.2835,2.9495,7.017,7.28472,7.23019
24,"n23m0123.hpc.itc.rwth-aachen.de",24,"24","uds",37,"n23m0123.hpc.itc.rwth-aachen.de",37,"37","uds",unix,64,4194304,10,50,38.941,3.0185,4.67576,4.7475,6.9465,7.25154,7.18257
24,"n23m0123.hpc.itc.rwth-aachen.de",24,"24","uds",38,"n23m0123.hpc.itc.rwth-aachen.de",38,"38","uds",unix,64,4194304,10,50,40.878,2.563,3.46349,3.4765,5.0275,7.23736,7.1816
24,"n23m0123.hpc.itc.rwth-aachen.de",24,"24","uds",39,"n23m0123.hpc.itc.rwth-aachen.de",39,"39","uds",unix,64,4194304,10,50,32.607,2.8685,4.2737,4.57875,5.087,7.16856,7.11543
24,"n23m0123.hpc.itc.rwth-aachen.de",24,"24","uds",40,"n23m0123.hpc.itc.rwth-aachen.de",40,"40","uds",unix,64,4194304,10,50,38.409,2.7295,3.47765,3.20125,5.394,7.23196,7.16392
24,"n23m0123.hpc.itc.rwth-aachen.de",24,"24","uds",41,"n23m0123.hpc.itc.rwth-aachen.de",41,"41","uds",unix,64,4194304,10,50,42.094,2.6455,3.76811,3.7595,8.2365,7.27332,7.21333
24,"n23m0123.hpc.itc.rwth-aachen.de",24,"24","uds",42,"n23m0123.hpc.itc.rwth-aachen.de",42,"42","uds",unix,64,4194304,10,50,37.802,3.04,4.45972,4.207,9.142,7.18837,7.12864
24,"n23m0123.hpc.itc.rwth-aachen.de",24,"24","uds",43,"n23m0123.hpc.itc.rwth-aachen.de",43,"43","uds",unix,64,4194304,10,50,32.812,2.821,4.32245,4.4105,6.914,7.12579,7.06335
24,"n23m0123.hpc.itc.rwth-aachen.de",24,"24","uds",44,"n23m0123.hpc.itc.rwth-aachen.de",44,"44","uds",unix,64,4194304,10,50,31.824,2.8275,3.7848,3.8435,5.322,7.26021,7.1931
24,"n23m0123.hpc.itc.rwth-aachen.de",24,"24","uds",45,"n23m0123.hpc.itc.rwth-aachen.de",45,"45","uds",unix,64,4194304,10,50,30.942,2.8145,3.75979,3.9145,5.4485,7.18289,7.13438
24,"n23m0123.hpc.itc.rwth-aachen.de",24,"24","uds",46,"n23m0123.hpc.itc.rwth-aachen.de",46,"46","uds",unix,64,4194304,10,50,37.65,2.7065,3.54847,3.07175,5.5015,7.17322,7.09708
24,"n23m0123.hpc.itc.rwth-aachen.de",24,"24","uds",47,"n23m0123.hpc.itc.rwth-aachen.de",47,"47","uds",unix,64,4194304,10,50,32.875,2.798,3.78552,3.86575,5.293,7.05355,7.00208
24,"n23m0123.hpc.itc.rwth-aachen.de",24,"24","uds",48,"n23m0123.hpc.itc.rwth-aachen.de",48,"48","uds",unix,64,4194304,10,50,47.245,5.3535,7.16338,7.246,9.9795,3.26812,3.26756
24,"n23m0123.hpc.itc.rwth-aachen.de",24,"24","uds",49,"n23m0123.hpc.itc.rwth-aachen.de",49,"49","uds",unix,64,4194304,10,50,43.53,5.5775,8.2968,8.1665,12.525,3.36145,3.35314
24,"n23m0123.hpc.itc.rwth-aachen.de",24,"24","uds",50,"n23m0123.hpc.itc.rwth-aachen.de",50,"50","uds",unix,64,4194304,10,50,46.632,5.374,7.43944,7.56925,12.251,3.33112,3.3298
24,"n23m0123.hpc.itc.rwth-aachen.de",24,"24","uds",51,"n23m0123.hpc.itc.rwth-aachen.de",51,"51","uds",unix,64,4194304,10,50,50.345,5.037,6.86766,6.90925,16.309,3.34879,3.34739
24,"n23m0123.hpc.itc.rwth-aachen.de",24,"24","uds",52,"n23m0123.hpc.itc.rwth-aachen.de",52,"52","uds",unix,64,4194304,10,50,45.22,5.1835,7.01679,7.04125,11.0615,3.3759,3.36848
24,"n23m0123.hpc.itc.rwth-aachen.de",24,"24","uds",53,"n23m0123.hpc.itc.rwth-aachen.de",53,"53","uds",unix,64,4194304,10,50,48.273,5.336,7.10355,7.33125,11.0405,3.37241,3.36943
24,"n23m0123.hpc.itc.rwth-aachen.de",24,"24","uds",54,"n23m0123.hpc.itc.rwth-aachen.de",54,"54","uds",unix,64,4194304,10,50,63.752,5.109,7.02072,6.97425,12.531,3.35898,3.34947
24,"n23m0123.hpc.itc.rwth-aachen.de",24,"24","uds",55,"n23m0123.hpc.itc.rwth-aachen.de",55,"55","uds",unix,64,4194304,10,50,37.778,5.446,7.61192,7.51875,9.6305,3.36662,3.35719
24,"n23m0123.hpc.itc.rwth-aachen.de",24,"24","uds",56,"n23m0123.hpc.itc.rwth-aachen.de",56,"56","uds",unix,64,4194304,10,50,39.717,5.5835,8.06388,7.68775,14.6685,3.35936,3.35963
24,"n23m0123.hpc.itc.rwth-aachen.de",24,"24","uds",57,"n23m0123.hpc.itc.rwth-aachen.de",57,"57","uds",unix,64,4194304,10,50,42.453,5.127,7.19438,7.2805,9.7385,3.32847,3.3289
24,"n23m0123.hpc.itc.rwth-aachen.de",24,"24","uds",58,"n23m0123.hpc.itc.rwth-aachen.de",58,"58","uds",unix,64,4194304,10,50,42.499,5.1225,7.40991,7.3915,11.7525,3.35875,3.36578
24,"n23m0123.hpc.itc.rwth-aachen.de",24,"24","uds",59,"n23m0123.hpc.itc.rwth-aachen.de",59,"59","uds",unix,64,4194304,10,50,40.382,5.0935,6.67034,6.84825,9.5505,3.36181,3.35379
24,"n23m0123.hpc.itc.rwth-aachen.de",24,"24","uds",60,"n23m0123.hpc.itc.rwth-aachen.de",60,"60","uds",unix,64,4194304,10,50,42.819,5.4125,6.71056,6.267,9.386,3.31858,3.31622
24,"n23m0123.hpc.itc.rwth-aachen.de",24,"24","uds",61,"n23m0123.hpc.itc.rwth-aachen.de",61,"61","uds",unix,64,4194304,10,50,43.436,5.988,8.39193,8.00325,12.332,3.36746,3.35877
24,"n23m0123.hpc.itc.rwth-aachen.de",24,"24","uds",62,"n23m0123.hpc.itc.rwth-aachen.de",62,"62","uds",unix,64,4194304,10,50,41.588,5.1675,7.41597,7.478,9.4535,3.34823,3.35222
24,"n23m0123.hpc.itc.rwth-aachen.de",24,"24","uds",63,"n23m0123.hpc.itc.rwth-aachen.de",63,"63","uds",unix,64,4194304,10,50,45.757,5.2415,7.47093,7.44,12.2565,3.34293,3.34091
24,"n23m0123.hpc.itc.rwth-aachen.de",24,"24","uds",64,"n23m0123.hpc.itc.rwth-aachen.de",64,"64","uds",unix,64,4194304,10,50,40.209,5.0165,7.02802,7.17475,9.255,3.35134,3.35795
24,"n23m0123.hpc.itc.rwth-aachen.de",24,"24","uds",65,"n23m0123.hpc.itc.rwth-aachen.de",65,"65","uds",unix,64,4194304,10,50,41.396,4.973,6.6651,7.04925,9.396,3.36213,3.35879
24,"n23m0123.hpc.itc.rwth-aachen.de",24,"24","uds",66,"n23m0123.hpc.itc.rwth-aachen.de",66,"66","uds",unix,64,4194304,10,50,42.85,5.377,7.23614,7.379,10.748,3.38311,3.37709
24,"n23m0123.hpc.itc.rwth-aachen.de",24,"24","uds",67,"n23m0123.hpc.itc.rwth-aachen.de",67,"67","uds",unix,64,4194304,10,50,38.827,5.0465,7.30988,7.39275,9.5805,3.39119,3.38652
24,"n23m0123.hpc.itc.rwth-aachen.de",24,"24","uds",68,"n23m0123.hpc.itc.rwth-aachen.de",68,"68","uds",unix,64,4194304,10,50,42.241,5.495,8.02149,7.59625,11.0045,3.36618,3.36504
24,"n23m0123.hpc.itc.rwth-aachen.de",24,"24","uds",69,"n23m0123.hpc.itc.rwth-aachen.de",69,"69","uds",unix,64,4194304,10,50,37.913,5.153,6.90132,7.24825,10.762,3.2735,3.27632
24,"n23m0123.hpc.itc.rwth-aachen.de",24,"24","uds",70,"n23m0123.hpc.itc.rwth-aachen.de",70,"70","uds",unix,64,4194304,10,50,52.497,5.431,7.38944,7.44575,9.82,3.34078,3.33229
24,"n23m0123.hpc.itc.rwth-aachen.de",24,"24","uds",71,"n23m0123.hpc.itc.rwth-aachen.de",71,"71","uds",unix,64,4194304,10,50,35.655,5.2135,6.92196,7.12175,10.287,3.35076,3.34731
24,"n23m0123.hpc.itc.rwth-aachen.de",24,"24","uds",72,"n23m0123.hpc.itc.rwth-aachen.de",72,"72","uds",unix,64,4194304,10,50,41.911,5.233,7.18193,7.358,9.6565,3.3185,3.30795
24,"n23m0123.hpc.itc.rwth-aachen.de",24,"24","uds",73,"n23m0123.hpc.itc.rwth-aachen.de",73,"73","uds",unix,64,4194304,10,50,42.423,6.7385,8.69027,8.96975,13.001,3.38112,3.37611
24,"n23m0123.hpc.itc.rwth-aachen.de",24,"24","uds",74,"n23m0123.hpc.itc.rwth-aachen.de",74,"74","uds",unix,64,4194304,10,50,42.085,5.3265,7.49261,7.41025,12.8325,3.36185,3.35261
24,"n23m0123.hpc.itc.rwth-aachen.de",24,"24","uds",75,"n23m0123.hpc.itc.rwth-aachen.de",75,"75","uds",unix,64,4194304,10,50,43.465,8.628,9.56582,9.5255,12.7655,3.30574,3.30905
24,"n23m0123.hpc.itc.rwth-aachen.de",24,"24","uds",76,"n23m0123.hpc.itc.rwth-aachen.de",76,"76","uds",unix,64,4194304,10,50,43.541,5.312,7.44211,7.63725,10.3895,3.40543,3.39832
24,"n23m0123.hpc.itc.rwth-aachen.de",24,"24","uds",77,"n23m0123.hpc.itc.rwth-aachen.de",77,"77","uds",unix,64,4194304,10,50,42.806,5.3325,7.56298,7.46875,12.5515,3.38499,3.38433
24,"n23m0123.hpc.itc.rwth-aachen.de",24,"24","uds",78,"n23m0123.hpc.itc.rwth-aachen.de",78,"78","uds",unix,64,4194304,10,50,39.479,5.4215,7.32088,7.40275,11.5815,3.36868,3.36224
24,"n23m0123.hpc.itc.rwth-aachen.de",24,"24","uds",79,"n23m0123.hpc.itc.rwth-aachen.de",79,"79","uds",unix,64,4194304,10,50,38.327,5.146,6.94931,7.07925,10.812,3.37906,3.37678
24,"n23m0123.hpc.itc.rwth-aachen.de",24,"24","uds",80,"n23m0123.hpc.itc.rwth-aachen.de",80,"80","uds",unix,64,4194304,10,50,38.057,5.465,7.81564,7.77,10.077,3.33909,3.33285
24,"n23m0123.hpc.itc.rwth-aachen.de",24,"24","uds",81,"n23m0123.hpc.itc.rwth-aachen.de",81,"81","uds",unix,64,4194304,10,50,37.86,5.172,7.41833,7.61975,11.2215,3.36522,3.36282
24,"n23m0123.hpc.itc.rwth-aachen.de",24,"24","uds",82,"n23m0123.hpc.itc.rwth-aachen.de",82,"82","uds",unix,64,4194304,10,50,39.585,5.4325,7.43489,7.36225,10.112,3.34258,3.33727
24,"n23m0123.hpc.itc.rwth-aachen.de",24,"24","uds",83,"n23m0123.hpc.itc.rwth-aachen.de",83,"83","uds",unix,64,4194304,10,50,36.71,5.123,7.30577,7.4505,10.4775,3.33778,3.32753
24,"n23m0123.hpc.itc.rwth-aachen.de",24,"24","uds",84,"n23m0123.hpc.itc.rwth-aachen.de",84,"84","uds",unix,64,4194304,10,50,37.34,5.1955,6.92381,7.17275,9.9285,3.36565,3.35906
24,"n23m0123.hpc.itc.rwth-aachen.de",24,"24","uds",85,"n23m0123.hpc.itc.rwth-aachen.de",85,"85","uds",unix,64,4194304,10,50,39.39,5.255,7.13591,7.35375,12.115,3.36406,3.35055
24,"n23m0123.hpc.itc.rwth-aachen.de",24,"24","uds",86,"n23m0123.hpc.itc.rwth-aachen.de",86,"86","uds",unix,64,4194304,10,50,45.536,5.366,7.36137,7.559,9.8365,3.36058,3.36138
24,"n23m0123.hpc.itc.rwth-aachen.de",24,"24","uds",87,"n23m0123.hpc.itc.rwth-aachen.de",87,"87","uds",unix,64,4194304,10,50,39.088,5.6765,8.16849,7.98775,10.297,3.34223,3.34161
24,"n23m0123.hpc.itc.rwth-aachen.de",24,"24","uds",88,"n23m0123.hpc.itc.rwth-aachen.de",88,"88","uds",unix,64,4194304,10,50,37.51,5.4865,7.7021,7.617,11.8345,3.36884,3.33975
24,"n23m0123.hpc.itc.rwth-aachen.de",24,"24","uds",89,"n23m0123.hpc.itc.rwth-aachen.de",89,"89","uds",unix,64,4194304,10,50,49.858,5.75,8.00306,7.822,16.8035,3.37548,3.37429
24,"n23m0123.hpc.itc.rwth-aachen.de",24,"24","uds",90,"n23m0123.hpc.itc.rwth-aachen.de",90,"90","uds",unix,64,4194304,10,50,40.031,5.0725,7.02131,7.0355,10.7655,3.37484,3.373
24,"n23m0123.hpc.itc.rwth-aachen.de",24,"24","uds",91,"n23m0123.hpc.itc.rwth-aachen.de",91,"91","uds",unix,64,4194304,10,50,39.929,5.4345,7.49635,7.5785,14.009,3.39721,3.39153
24,"n23m0123.hpc.itc.rwth-aachen.de",24,"24","uds",92,"n23m0123.hpc.itc.rwth-aachen.de",92,"92","uds",unix,64,4194304,10,50,40.94,5.2295,7.2512,7.36325,9.778,3.35921,3.35644
24,"n23m0123.hpc.itc.rwth-aachen.de",24,"24","uds",93,"n23m0123.hpc.itc.rwth-aachen.de",93,"93","uds",unix,64,4194304,10,50,42.344,5.347,7.27763,7.453,10.9465,3.40749,3.40044
24,"n23m0123.hpc.itc.rwth-aachen.de",24,"24","uds",94,"n23m0123.hpc.itc.rwth-aachen.de",94,"94","uds",unix,64,4194304,10,50,43.916,5.2115,7.27471,7.44575,10.4205,3.36556,3.36666
24,"n23m0123.hpc.itc.rwth-aachen.de",24,"24","uds",95,"n23m0123.hpc.itc.rwth-aachen.de",95,"95","uds",unix,64,4194304,10,50,46.235,5.851,8.35726,7.96675,11.88,3.37942,3.37384
25,"n23m0123.hpc.itc.rwth-aachen.de",25,"25","uds",26,"n23m0123.hpc.itc.rwth-aachen.de",26,"26","uds",unix,64,4194304,10,50,89.944,2.748,4.26855,4.104,7.1475,7.55011,7.47703
25,"n23m0123.hpc.itc.rwth-aachen.de",25,"25","uds",27,"n23m0123.hpc.itc.rwth-aachen.de",27,"27","uds",unix,64,4194304,10,50,46.916,2.65,4.05968,3.8455,5.372,7.50185,7.4361
25,"n23m0123.hpc.itc.rwth-aachen.de",25,"25","uds",28,"n23m0123.hpc.itc.rwth-aachen.de",28,"28","uds",unix,64,4194304,10,50,41.14,2.4065,3.23902,3.37275,4.9865,7.78335,7.75109
25,"n23m0123.hpc.itc.rwth-aachen.de",25,"25","uds",29,"n23m0123.hpc.itc.rwth-aachen.de",29,"29","uds",unix,64,4194304,10,50,37.98,2.485,3.66054,3.62125,5.825,7.78636,7.69274
25,"n23m0123.hpc.itc.rwth-aachen.de",25,"25","uds",30,"n23m0123.hpc.itc.rwth-aachen.de",30,"30","uds",unix,64,4194304,10,50,38.248,3.7735,4.9531,4.98075,5.6555,7.67085,7.59906
25,"n23m0123.hpc.itc.rwth-aachen.de",25,"25","uds",31,"n23m0123.hpc.itc.rwth-aachen.de",31,"31","uds",unix,64,4194304,10,50,61.248,2.9285,5.19719,4.972,12.04,7.67506,7.58146
25,"n23m0123.hpc.itc.rwth-aachen.de",25,"25","uds",32,"n23m0123.hpc.itc.rwth-aachen.de",32,"32","uds",unix,64,4194304,10,50,44.31,2.569,4.59759,4.37125,15.3235,7.75977,7.71144
25,"n23m0123.hpc.itc.rwth-aachen.de",25,"25","uds",33,"n23m0123.hpc.itc.rwth-aachen.de",33,"33","uds",unix,64,4194304,10,50,43.983,3.465,5.57127,4.93325,15.3545,7.75914,7.70475
25,"n23m0123.hpc.itc.rwth-aachen.de",25,"25","uds",34,"n23m0123.hpc.itc.rwth-aachen.de",34,"34","uds",unix,64,4194304,10,50,40.511,2.6435,3.77454,3.65825,16.779,7.78581,7.72651
25,"n23m0123.hpc.itc.rwth-aachen.de",25,"25","uds",35,"n23m0123.hpc.itc.rwth-aachen.de",35,"35","uds",unix,64,4194304,10,50,39.843,2.605,3.99822,3.94525,5.072,7.69588,7.62354
25,"n23m0123.hpc.itc.rwth-aachen.de",25,"25","uds",36,"n23m0123.hpc.itc.rwth-aachen.de",36,"36","uds",unix,64,4194304,10,50,39.828,2.6705,3.53535,3.043,11.618,7.26214,7.22373
25,"n23m0123.hpc.itc.rwth-aachen.de",25,"25","uds",37,"n23m0123.hpc.itc.rwth-aachen.de",37,"37","uds",unix,64,4194304,10,50,39.64,2.7835,4.47414,4.7895,8.615,7.26756,7.23635
25,"n23m0123.hpc.itc.rwth-aachen.de",25,"25","uds",38,"n23m0123.hpc.itc.rwth-aachen.de",38,"38","uds",unix,64,4194304,10,50,34.583,2.852,4.43028,4.323,6.1415,7.24618,7.18443
25,"n23m0123.hpc.itc.rwth-aachen.de",25,"25","uds",39,"n23m0123.hpc.itc.rwth-aachen.de",39,"39","uds",unix,64,4194304,10,50,32.826,3.023,4.84049,5.044,6.28,7.13661,7.1166
25,"n23m0123.hpc.itc.rwth-aachen.de",25,"25","uds",40,"n23m0123.hpc.itc.rwth-aachen.de",40,"40","uds",unix,64,4194304,10,50,33.284,2.9365,4.56133,4.80825,6.916,7.25548,7.18043
25,"n23m0123.hpc.itc.rwth-aachen.de",25,"25","uds",41,"n23m0123.hpc.itc.rwth-aachen.de",41,"41","uds",unix,64,4194304,10,50,32.753,2.672,3.43621,3.01025,5.0435,7.17583,6.74047
25,"n23m0123.hpc.itc.rwth-aachen.de",25,"25","uds",42,"n23m0123.hpc.itc.rwth-aachen.de",42,"42","uds",unix,64,4194304,10,50,64.425,2.9415,4.61563,4.7665,5.0955,7.18643,7.1351
25,"n23m0123.hpc.itc.rwth-aachen.de",25,"25","uds",43,"n23m0123.hpc.itc.rwth-aachen.de",43,"43","uds",unix,64,4194304,10,50,44.061,2.9955,4.84943,4.8885,7.684,7.05534,7.02937
25,"n23m0123.hpc.itc.rwth-aachen.de",25,"25","uds",44,"n23m0123.hpc.itc.rwth-aachen.de",44,"44","uds",unix,64,4194304,10,50,40.257,2.7235,3.91697,3.8715,5.56,7.23717,7.16786
25,"n23m0123.hpc.itc.rwth-aachen.de",25,"25","uds",45,"n23m0123.hpc.itc.rwth-aachen.de",45,"45","uds",unix,64,4194304,10,50,32.55,4.626,4.99352,4.961,5.526,7.18886,7.12742
25,"n23m0123.hpc.itc.rwth-aachen.de",25,"25","uds",46,"n23m0123.hpc.itc.rwth-aachen.de",46,"46","uds",unix,64,4194304,10,50,31.176,2.6785,3.68828,3.76075,5.2475,7.10564,7.07084
25,"n23m0123.hpc.itc.rwth-aachen.de",25,"25","uds",47,"n23m0123.hpc.itc.rwth-aachen.de",47,"47","uds",unix,64,4194304,10,50,32.669,2.6785,3.77593,3.66075,5.28,6.96053,6.98429
25,"n23m0123.hpc.itc.rwth-aachen.de",25,"25","uds",48,"n23m0123.hpc.itc.rwth-aachen.de",48,"48","uds",unix,64,4194304,10,50,46.395,5.4445,8.07658,7.85025,13.2555,3.30673,3.30014
25,"n23m0123.hpc.itc.rwth-aachen.de",25,"25","uds",49,"n23m0123.hpc.itc.rwth-aachen.de",49,"49","uds",unix,64,4194304,10,50,46.17,4.914,7.52903,7.32975,10.6625,3.37645,3.36927
25,"n23m0123.hpc.itc.rwth-aachen.de",25,"25","uds",50,"n23m0123.hpc.itc.rwth-aachen.de",50,"50","uds",unix,64,4194304,10,50,46.077,6.9815,8.4957,8.636,11.364,3.35717,3.34544
25,"n23m0123.hpc.itc.rwth-aachen.de",25,"25","uds",51,"n23m0123.hpc.itc.rwth-aachen.de",51,"51","uds",unix,64,4194304,10,50,48.584,5.318,7.31465,7.31275,12.695,3.36623,3.37179
25,"n23m0123.hpc.itc.rwth-aachen.de",25,"25","uds",52,"n23m0123.hpc.itc.rwth-aachen.de",52,"52","uds",unix,64,4194304,10,50,48.137,5.4305,7.84678,7.531,11.358,3.3667,3.37071
25,"n23m0123.hpc.itc.rwth-aachen.de",25,"25","uds",53,"n23m0123.hpc.itc.rwth-aachen.de",53,"53","uds",unix,64,4194304,10,50,42.584,5.107,7.1722,7.25125,12.343,3.38852,3.38556
25,"n23m0123.hpc.itc.rwth-aachen.de",25,"25","uds",54,"n23m0123.hpc.itc.rwth-aachen.de",54,"54","uds",unix,64,4194304,10,50,46.321,5.0605,7.23746,7.33375,9.8145,3.38176,3.36662
25,"n23m0123.hpc.itc.rwth-aachen.de",25,"25","uds",55,"n23m0123.hpc.itc.rwth-aachen.de",55,"55","uds",unix,64,4194304,10,50,42.735,5.1175,7.75208,7.4485,12.617,3.34817,3.34202
25,"n23m0123.hpc.itc.rwth-aachen.de",25,"25","uds",56,"n23m0123.hpc.itc.rwth-aachen.de",56,"56","uds",unix,64,4194304,10,50,50.205,5.256,7.36213,7.34575,10.46,3.3442,3.34649
25,"n23m0123.hpc.itc.rwth-aachen.de",25,"25","uds",57,"n23m0123.hpc.itc.rwth-aachen.de",57,"57","uds",unix,64,4194304,10,50,39.528,5.76,8.2726,8.333,10.977,3.33769,3.33225
25,"n23m0123.hpc.itc.rwth-aachen.de",25,"25","uds",58,"n23m0123.hpc.itc.rwth-aachen.de",58,"58","uds",unix,64,4194304,10,50,46.61,5.178,7.65956,7.38775,9.546,3.38664,3.38768
25,"n23m0123.hpc.itc.rwth-aachen.de",25,"25","uds",59,"n23m0123.hpc.itc.rwth-aachen.de",59,"59","uds",unix,64,4194304,10,50,38.439,5.162,7.0637,7.01475,11.0665,3.36872,3.3578
25,"n23m0123.hpc.itc.rwth-aachen.de",25,"25","uds",60,"n23m0123.hpc.itc.rwth-aachen.de",60,"60","uds",unix,64,4194304,10,50,48.36,5.1605,7.55022,7.6405,10.2815,3.3153,3.31762
25,"n23m0123.hpc.itc.rwth-aachen.de",25,"25","uds",61,"n23m0123.hpc.itc.rwth-aachen.de",61,"61","uds",unix,64,4194304,10,50,46.705,5.272,7.5381,7.38925,10.4585,3.34458,3.348
25,"n23m0123.hpc.itc.rwth-aachen.de",25,"25","uds",62,"n23m0123.hpc.itc.rwth-aachen.de",62,"62","uds",unix,64,4194304,10,50,43.693,5.3085,7.39694,7.319,10.6525,3.32185,3.3179
25,"n23m0123.hpc.itc.rwth-aachen.de",25,"25","uds",63,"n23m0123.hpc.itc.rwth-aachen.de",63,"63","uds",unix,64,4194304,10,50,40.097,5.313,8.02598,8.40425,10.299,3.32977,3.31614
25,"n23m0123.hpc.itc.rwth-aachen.de",25,"25","uds",64,"n23m0123.hpc.itc.rwth-aachen.de",64,"64","uds",unix,64,4194304,10,50,40.529,5.9345,8.47153,8.65625,14.789,3.34287,3.33758
25,"n23m0123.hpc.itc.rwth-aachen.de",25,"25","uds",65,"n23m0123.hpc.itc.rwth-aachen.de",65,"65","uds",unix,64,4194304,10,50,36.024,4.996,7.55907,7.3645,9.64,3.35462,3.35432
25,"n23m0123.hpc.itc.rwth-aachen.de",25,"25","uds",66,"n23m0123.hpc.itc.rwth-aachen.de",66,"66","uds",unix,64,4194304,10,50,47.785,5.1205,7.54496,7.1725,12.505,3.35011,3.35465
25,"n23m0123.hpc.itc.rwth-aachen.de",25,"25","uds",67,"n23m0123.hpc.itc.rwth-aachen.de",67,"67","uds",unix,64,4194304,10,50,37.273,5.119,7.16859,7.18275,9.593,3.36887,3.367
25,"n23m0123.hpc.itc.rwth-aachen.de",25,"25","uds",68,"n23m0123.hpc.itc.rwth-aachen.de",68,"68","uds",unix,64,4194304,10,50,39.479,5.4295,7.65884,7.46825,11.4755,3.33673,3.33346
25,"n23m0123.hpc.itc.rwth-aachen.de",25,"25","uds",69,"n23m0123.hpc.itc.rwth-aachen.de",69,"69","uds",unix,64,4194304,10,50,48.737,8.2005,9.53415,9.4595,12.558,3.31467,3.30573
25,"n23m0123.hpc.itc.rwth-aachen.de",25,"25","uds",70,"n23m0123.hpc.itc.rwth-aachen.de",70,"70","uds",unix,64,4194304,10,50,38.292,6.589,8.4583,8.64675,12.1595,3.36566,3.35612
25,"n23m0123.hpc.itc.rwth-aachen.de",25,"25","uds",71,"n23m0123.hpc.itc.rwth-aachen.de",71,"71","uds",unix,64,4194304,10,50,37.826,5.4775,7.9032,7.51575,11.5645,3.3443,3.33703
25,"n23m0123.hpc.itc.rwth-aachen.de",25,"25","uds",72,"n23m0123.hpc.itc.rwth-aachen.de",72,"72","uds",unix,64,4194304,10,50,42.61,5.335,7.14496,7.2625,9.705,3.30763,3.30375
25,"n23m0123.hpc.itc.rwth-aachen.de",25,"25","uds",73,"n23m0123.hpc.itc.rwth-aachen.de",73,"73","uds",unix,64,4194304,10,50,50.132,5.3585,7.33629,7.2845,10.839,3.37978,3.37135
25,"n23m0123.hpc.itc.rwth-aachen.de",25,"25","uds",74,"n23m0123.hpc.itc.rwth-aachen.de",74,"74","uds",unix,64,4194304,10,50,54.498,5.354,7.72971,7.5345,10.014,3.40148,3.39644
25,"n23m0123.hpc.itc.rwth-aachen.de",25,"25","uds",75,"n23m0123.hpc.itc.rwth-aachen.de",75,"75","uds",unix,64,4194304,10,50,43.814,5.232,7.48533,7.55975,10.123,3.33403,3.32403
25,"n23m0123.hpc.itc.rwth-aachen.de",25,"25","uds",76,"n23m0123.hpc.itc.rwth-aachen.de",76,"76","uds",unix,64,4194304,10,50,41.185,5.54,7.74179,7.53325,10.076,3.36852,3.36498
25,"n23m0123.hpc.itc.rwth-aachen.de",25,"25","uds",77,"n23m0123.hpc.itc.rwth-aachen.de",77,"77","uds",unix,64,4194304,10,50,47.496,5.0925,7.30577,7.335,10.4525,3.39531,3.39098
25,"n23m0123.hpc.itc.rwth-aachen.de",25,"25","uds",78,"n23m0123.hpc.itc.rwth-aachen.de",78,"78","uds",unix,64,4194304,10,50,40.732,5.252,7.15827,7.23275,10.641,3.42546,3.40765
25,"n23m0123.hpc.itc.rwth-aachen.de",25,"25","uds",79,"n23m0123.hpc.itc.rwth-aachen.de",79,"79","uds",unix,64,4194304,10,50,35.651,4.921,7.7941,7.52725,10.7215,3.42935,3.42076
25,"n23m0123.hpc.itc.rwth-aachen.de",25,"25","uds",80,"n23m0123.hpc.itc.rwth-aachen.de",80,"80","uds",unix,64,4194304,10,50,38.055,5.6115,7.79361,7.646,11.1825,3.38529,3.37772
25,"n23m0123.hpc.itc.rwth-aachen.de",25,"25","uds",81,"n23m0123.hpc.itc.rwth-aachen.de",81,"81","uds",unix,64,4194304,10,50,37.078,5.5815,7.79285,7.61925,9.981,3.39673,3.39382
25,"n23m0123.hpc.itc.rwth-aachen.de",25,"25","uds",82,"n23m0123.hpc.itc.rwth-aachen.de",82,"82","uds",unix,64,4194304,10,50,37.626,5.315,7.72213,7.61475,9.867,3.36609,3.36504
25,"n23m0123.hpc.itc.rwth-aachen.de",25,"25","uds",83,"n23m0123.hpc.itc.rwth-aachen.de",83,"83","uds",unix,64,4194304,10,50,39.893,5.353,8.27187,7.987,12.6575,3.38689,3.3812
25,"n23m0123.hpc.itc.rwth-aachen.de",25,"25","uds",84,"n23m0123.hpc.itc.rwth-aachen.de",84,"84","uds",unix,64,4194304,10,50,44.538,5.8915,8.02194,7.80525,11.7725,3.40554,3.39992
25,"n23m0123.hpc.itc.rwth-aachen.de",25,"25","uds",85,"n23m0123.hpc.itc.rwth-aachen.de",85,"85","uds",unix,64,4194304,10,50,43.768,5.2645,7.10258,7.1235,11.6525,3.42772,3.41645
25,"n23m0123.hpc.itc.rwth-aachen.de",25,"25","uds",86,"n23m0123.hpc.itc.rwth-aachen.de",86,"86","uds",unix,64,4194304,10,50,42.158,5.259,7.54011,7.33975,10.8345,3.40244,3.40451
25,"n23m0123.hpc.itc.rwth-aachen.de",25,"25","uds",87,"n23m0123.hpc.itc.rwth-aachen.de",87,"87","uds",unix,64,4194304,10,50,45.046,5.3695,7.75092,7.5885,10.4945,3.39129,3.38425
25,"n23m0123.hpc.itc.rwth-aachen.de",25,"25","uds",88,"n23m0123.hpc.itc.rwth-aachen.de",88,"88","uds",unix,64,4194304,10,50,45.622,6.5475,8.46737,8.935,11.0305,3.44798,3.44312
25,"n23m0123.hpc.itc.rwth-aachen.de",25,"25","uds",89,"n23m0123.hpc.itc.rwth-aachen.de",89,"89","uds",unix,64,4194304,10,50,40.262,6.508,8.19196,8.3505,10.078,3.39518,3.37835
25,"n23m0123.hpc.itc.rwth-aachen.de",25,"25","uds",90,"n23m0123.hpc.itc.rwth-aachen.de",90,"90","uds",unix,64,4194304,10,50,43.267,5.361,7.2911,7.152,12.831,3.38859,3.38156
25,"n23m0123.hpc.itc.rwth-aachen.de",25,"25","uds",91,"n23m0123.hpc.itc.rwth-aachen.de",91,"91","uds",unix,64,4194304,10,50,43.411,5.274,7.36461,7.1995,12.078,3.3706,3.36556
25,"n23m0123.hpc.itc.rwth-aachen.de",25,"25","uds",92,"n23m0123.hpc.itc.rwth-aachen.de",92,"92","uds",unix,64,4194304,10,50,39.837,5.8385,8.06215,7.77725,10.072,3.40335,3.40032
25,"n23m0123.hpc.itc.rwth-aachen.de",25,"25","uds",93,"n23m0123.hpc.itc.rwth-aachen.de",93,"93","uds",unix,64,4194304,10,50,38.307,5.1195,7.33458,7.29825,14.5895,3.43827,3.42455
25,"n23m0123.hpc.itc.rwth-aachen.de",25,"25","uds",94,"n23m0123.hpc.itc.rwth-aachen.de",94,"94","uds",unix,64,4194304,10,50,39.227,5.141,7.63174,7.35725,11.8135,3.39251,3.39746
25,"n23m0123.hpc.itc.rwth-aachen.de",25,"25","uds",95,"n23m0123.hpc.itc.rwth-aachen.de",95,"95","uds",unix,64,4194304,10,50,36.967,5.6455,8.25538,7.918,13.677,3.41243,3.39931
26,"n23m0123.hpc.itc.rwth-aachen.de",26,"26","uds",27,"n23m0123.hpc.itc.rwth-aachen.de",27,"27","uds",unix,64,4194304,10,50,86.704,3.018,4.71235,4.774,7.8635,7.39714,7.32853
26,"n23m0123.hpc.itc.rwth-aachen.de",26,"26","uds",28,"n23m0123.hpc.itc.rwth-aachen.de",28,"28","uds",unix,64,4194304,10,50,42.747,2.7475,4.32358,4.434,5.3345,7.70244,7.64338
26,"n23m0123.hpc.itc.rwth-aachen.de",26,"26","uds",29,"n23m0123.hpc.itc.rwth-aachen.de",29,"29","uds",unix,64,4194304,10,50,40.907,4.395,5.16054,4.89025,10.7545,7.56304,7.49082
26,"n23m0123.hpc.itc.rwth-aachen.de",26,"26","uds",30,"n23m0123.hpc.itc.rwth-aachen.de",30,"30","uds",unix,64,4194304,10,50,40.115,3.953,4.90912,4.9785,5.5775,7.4949,7.44177
26,"n23m0123.hpc.itc.rwth-aachen.de",26,"26","uds",31,"n23m0123.hpc.itc.rwth-aachen.de",31,"31","uds",unix,64,4194304,10,50,43.093,2.731,4.55135,4.7705,5.357,7.53252,7.45954
26,"n23m0123.hpc.itc.rwth-aachen.de",26,"26","uds",32,"n23m0123.hpc.itc.rwth-aachen.de",32,"32","uds",unix,64,4194304,10,50,41.328,2.6555,4.05186,3.84375,7.1755,7.7048,7.62244
26,"n23m0123.hpc.itc.rwth-aachen.de",26,"26","uds",33,"n23m0123.hpc.itc.rwth-aachen.de",33,"33","uds",unix,64,4194304,10,50,38.423,2.4635,3.81527,3.8075,5.6465,7.62953,7.58335
26,"n23m0123.hpc.itc.rwth-aachen.de",26,"26","uds",34,"n23m0123.hpc.itc.rwth-aachen.de",34,"34","uds",unix,64,4194304,10,50,40.839,2.701,4.07926,4.029,6.284,7.61242,7.5326
26,"n23m0123.hpc.itc.rwth-aachen.de",26,"26","uds",35,"n23m0123.hpc.itc.rwth-aachen.de",35,"35","uds",unix,64,4194304,10,50,37.58,2.779,4.39423,4.65975,7.31,7.52402,7.45695
26,"n23m0123.hpc.itc.rwth-aachen.de",26,"26","uds",36,"n23m0123.hpc.itc.rwth-aachen.de",36,"36","uds",unix,64,4194304,10,50,42.981,2.8075,3.83307,3.74425,6.8325,7.21202,7.16224
26,"n23m0123.hpc.itc.rwth-aachen.de",26,"26","uds",37,"n23m0123.hpc.itc.rwth-aachen.de",37,"37","uds",unix,64,4194304,10,50,41.024,2.6755,3.73608,3.7805,6.672,7.17522,7.14996
26,"n23m0123.hpc.itc.rwth-aachen.de",26,"26","uds",38,"n23m0123.hpc.itc.rwth-aachen.de",38,"38","uds",unix,64,4194304,10,50,33.216,2.7255,3.77583,3.38575,8.009,7.18708,7.11985
26,"n23m0123.hpc.itc.rwth-aachen.de",26,"26","uds",39,"n23m0123.hpc.itc.rwth-aachen.de",39,"39","uds",unix,64,4194304,10,50,41.052,2.8605,4.14814,3.9265,5.7775,7.0996,7.05954
26,"n23m0123.hpc.itc.rwth-aachen.de",26,"26","uds",40,"n23m0123.hpc.itc.rwth-aachen.de",40,"40","uds",unix,64,4194304,10,50,34.508,2.801,3.98843,3.9375,5.152,7.16384,7.09709
26,"n23m0123.hpc.itc.rwth-aachen.de",26,"26","uds",41,"n23m0123.hpc.itc.rwth-aachen.de",41,"41","uds",unix,64,4194304,10,50,39.473,2.898,4.06062,3.919,8.929,7.18909,7.14627
26,"n23m0123.hpc.itc.rwth-aachen.de",26,"26","uds",42,"n23m0123.hpc.itc.rwth-aachen.de",42,"42","uds",unix,64,4194304,10,50,33.843,2.569,3.15664,2.77225,5.036,7.19829,7.04987
26,"n23m0123.hpc.itc.rwth-aachen.de",26,"26","uds",43,"n23m0123.hpc.itc.rwth-aachen.de",43,"43","uds",unix,64,4194304,10,50,34.397,2.819,4.50863,4.61025,8.4215,7.02555,6.9772
26,"n23m0123.hpc.itc.rwth-aachen.de",26,"26","uds",44,"n23m0123.hpc.itc.rwth-aachen.de",44,"44","uds",unix,64,4194304,10,50,41.688,2.5575,3.26512,3.0455,5.305,7.15632,7.13528
26,"n23m0123.hpc.itc.rwth-aachen.de",26,"26","uds",45,"n23m0123.hpc.itc.rwth-aachen.de",45,"45","uds",unix,64,4194304,10,50,35.211,2.72,3.77609,3.80675,7.466,7.13626,7.09434
26,"n23m0123.hpc.itc.rwth-aachen.de",26,"26","uds",46,"n23m0123.hpc.itc.rwth-aachen.de",46,"46","uds",unix,64,4194304,10,50,30.387,2.7075,3.49048,3.02025,6.4045,7.06603,7.03249
26,"n23m0123.hpc.itc.rwth-aachen.de",26,"26","uds",47,"n23m0123.hpc.itc.rwth-aachen.de",47,"47","uds",unix,64,4194304,10,50,31.291,2.605,3.30879,2.93275,6.81,7.03989,6.96615
26,"n23m0123.hpc.itc.rwth-aachen.de",26,"26","uds",48,"n23m0123.hpc.itc.rwth-aachen.de",48,"48","uds",unix,64,4194304,10,50,47.372,5.638,7.76278,7.5485,10.1215,3.33802,3.33022
26,"n23m0123.hpc.itc.rwth-aachen.de",26,"26","uds",49,"n23m0123.hpc.itc.rwth-aachen.de",49,"49","uds",unix,64,4194304,10,50,46.026,5.3105,6.98016,7.28525,10.391,3.38257,3.38368
26,"n23m0123.hpc.itc.rwth-aachen.de",26,"26","uds",50,"n23m0123.hpc.itc.rwth-aachen.de",50,"50","uds",unix,64,4194304,10,50,44.281,5.105,7.23276,7.3285,10.4955,3.35435,3.34479
26,"n23m0123.hpc.itc.rwth-aachen.de",26,"26","uds",51,"n23m0123.hpc.itc.rwth-aachen.de",51,"51","uds",unix,64,4194304,10,50,44.609,5.5115,7.11773,7.3295,10.288,3.3418,3.33394
26,"n23m0123.hpc.itc.rwth-aachen.de",26,"26","uds",52,"n23m0123.hpc.itc.rwth-aachen.de",52,"52","uds",unix,64,4194304,10,50,43.285,5.2375,7.7157,7.57325,13.533,3.34513,3.34315
26,"n23m0123.hpc.itc.rwth-aachen.de",26,"26","uds",53,"n23m0123.hpc.itc.rwth-aachen.de",53,"53","uds",unix,64,4194304,10,50,39.927,5.128,7.33392,7.35325,10.855,3.37279,3.36462
26,"n23m0123.hpc.itc.rwth-aachen.de",26,"26","uds",54,"n23m0123.hpc.itc.rwth-aachen.de",54,"54","uds",unix,64,4194304,10,50,38.473,5.186,7.49529,7.389,9.5205,3.34714,3.34063
26,"n23m0123.hpc.itc.rwth-aachen.de",26,"26","uds",55,"n23m0123.hpc.itc.rwth-aachen.de",55,"55","uds",unix,64,4194304,10,50,41.286,6.811,8.23582,7.8655,14.9735,3.36103,3.35612
26,"n23m0123.hpc.itc.rwth-aachen.de",26,"26","uds",56,"n23m0123.hpc.itc.rwth-aachen.de",56,"56","uds",unix,64,4194304,10,50,47.994,5.4745,7.51083,7.48425,10.0525,3.36448,3.36608
26,"n23m0123.hpc.itc.rwth-aachen.de",26,"26","uds",57,"n23m0123.hpc.itc.rwth-aachen.de",57,"57","uds",unix,64,4194304,10,50,40.14,5.554,7.72542,7.6265,10.178,3.34503,3.33879
26,"n23m0123.hpc.itc.rwth-aachen.de",26,"26","uds",58,"n23m0123.hpc.itc.rwth-aachen.de",58,"58","uds",unix,64,4194304,10,50,39.369,5.3455,7.77808,7.652,12.793,3.39659,3.39365
26,"n23m0123.hpc.itc.rwth-aachen.de",26,"26","uds",59,"n23m0123.hpc.itc.rwth-aachen.de",59,"59","uds",unix,64,4194304,10,50,40.484,5.046,7.0265,7.2515,10.792,3.36813,3.36147
26,"n23m0123.hpc.itc.rwth-aachen.de",26,"26","uds",60,"n23m0123.hpc.itc.rwth-aachen.de",60,"60","uds",unix,64,4194304,10,50,46.871,7.542,9.39869,9.36325,10.81,3.31395,3.31359
26,"n23m0123.hpc.itc.rwth-aachen.de",26,"26","uds",61,"n23m0123.hpc.itc.rwth-aachen.de",61,"61","uds",unix,64,4194304,10,50,46.461,5.326,7.55928,7.50975,10.1875,3.35424,3.35349
26,"n23m0123.hpc.itc.rwth-aachen.de",26,"26","uds",62,"n23m0123.hpc.itc.rwth-aachen.de",62,"62","uds",unix,64,4194304,10,50,46.28,5.252,7.54427,7.58425,11.525,3.35759,3.35321
26,"n23m0123.hpc.itc.rwth-aachen.de",26,"26","uds",63,"n23m0123.hpc.itc.rwth-aachen.de",63,"63","uds",unix,64,4194304,10,50,44.536,5.358,7.77088,7.614,11.0485,3.3404,3.33564
26,"n23m0123.hpc.itc.rwth-aachen.de",26,"26","uds",64,"n23m0123.hpc.itc.rwth-aachen.de",64,"64","uds",unix,64,4194304,10,50,45.071,5.0955,7.31802,7.22125,13.69,3.33409,3.32724
26,"n23m0123.hpc.itc.rwth-aachen.de",26,"26","uds",65,"n23m0123.hpc.itc.rwth-aachen.de",65,"65","uds",unix,64,4194304,10,50,42.77,5.294,7.2762,7.3465,11.3095,3.3512,3.35113
26,"n23m0123.hpc.itc.rwth-aachen.de",26,"26","uds",66,"n23m0123.hpc.itc.rwth-aachen.de",66,"66","uds",unix,64,4194304,10,50,44.055,5.4665,8.05098,7.98025,12.5615,3.35113,3.34106
26,"n23m0123.hpc.itc.rwth-aachen.de",26,"26","uds",67,"n23m0123.hpc.itc.rwth-aachen.de",67,"67","uds",unix,64,4194304,10,50,36.716,7.7315,9.33629,9.3515,12.989,3.37417,3.36465
26,"n23m0123.hpc.itc.rwth-aachen.de",26,"26","uds",68,"n23m0123.hpc.itc.rwth-aachen.de",68,"68","uds",unix,64,4194304,10,50,40.462,5.682,7.58516,7.55325,11.181,3.287,3.12294
26,"n23m0123.hpc.itc.rwth-aachen.de",26,"26","uds",69,"n23m0123.hpc.itc.rwth-aachen.de",69,"69","uds",unix,64,4194304,10,50,57.565,5.6875,8.16263,7.876,12.886,3.27787,3.18137
26,"n23m0123.hpc.itc.rwth-aachen.de",26,"26","uds",70,"n23m0123.hpc.itc.rwth-aachen.de",70,"70","uds",unix,64,4194304,10,50,352.179,8.663,15.1587,13.092,29.5215,3.32235,3.32222
26,"n23m0123.hpc.itc.rwth-aachen.de",26,"26","uds",71,"n23m0123.hpc.itc.rwth-aachen.de",71,"71","uds",unix,64,4194304,10,50,57.956,5.6995,8.23767,8.146,10.129,3.33835,3.33952
26,"n23m0123.hpc.itc.rwth-aachen.de",26,"26","uds",72,"n23m0123.hpc.itc.rwth-aachen.de",72,"72","uds",unix,64,4194304,10,50,49.176,5.224,7.15176,7.2785,12.526,3.31097,3.31436
26,"n23m0123.hpc.itc.rwth-aachen.de",26,"26","uds",73,"n23m0123.hpc.itc.rwth-aachen.de",73,"73","uds",unix,64,4194304,10,50,49.684,5.692,7.99933,7.9595,11.436,3.29907,3.27977
26,"n23m0123.hpc.itc.rwth-aachen.de",26,"26","uds",74,"n23m0123.hpc.itc.rwth-aachen.de",74,"74","uds",unix,64,4194304,10,50,55.444,6.001,8.65345,8.019,20.2105,3.30677,3.27348
26,"n23m0123.hpc.itc.rwth-aachen.de",26,"26","uds",75,"n23m0123.hpc.itc.rwth-aachen.de",75,"75","uds",unix,64,4194304,10,50,57.551,5.1855,7.12224,7.2635,10.608,3.21731,3.06355
26,"n23m0123.hpc.itc.rwth-aachen.de",26,"26","uds",76,"n23m0123.hpc.itc.rwth-aachen.de",76,"76","uds",unix,64,4194304,10,50,66.81,6.5905,8.84589,9.13525,12.124,1.68363,1.77627
26,"n23m0123.hpc.itc.rwth-aachen.de",26,"26","uds",77,"n23m0123.hpc.itc.rwth-aachen.de",77,"77","uds",unix,64,4194304,10,50,83.434,10.395,13.4132,12.987,23.2435,1.66094,1.65756
26,"n23m0123.hpc.itc.rwth-aachen.de",26,"26","uds",78,"n23m0123.hpc.itc.rwth-aachen.de",78,"78","uds",unix,64,4194304,10,50,129.128,10.616,13.108,12.463,22.196,1.67553,1.67477
26,"n23m0123.hpc.itc.rwth-aachen.de",26,"26","uds",79,"n23m0123.hpc.itc.rwth-aachen.de",79,"79","uds",unix,64,4194304,10,50,73.4,11.2405,13.7397,13.3975,25.438,1.66704,1.66568
26,"n23m0123.hpc.itc.rwth-aachen.de",26,"26","uds",80,"n23m0123.hpc.itc.rwth-aachen.de",80,"80","uds",unix,64,4194304,10,50,83.463,10.2795,12.9186,12.718,16.816,1.6693,1.66822
26,"n23m0123.hpc.itc.rwth-aachen.de",26,"26","uds",81,"n23m0123.hpc.itc.rwth-aachen.de",81,"81","uds",unix,64,4194304,10,50,73.891,10.5525,12.6246,12.223,17.903,1.66861,1.66798
26,"n23m0123.hpc.itc.rwth-aachen.de",26,"26","uds",82,"n23m0123.hpc.itc.rwth-aachen.de",82,"82","uds",unix,64,4194304,10,50,78.368,10.7125,13.8493,13.268,22.374,1.66805,1.66856
26,"n23m0123.hpc.itc.rwth-aachen.de",26,"26","uds",83,"n23m0123.hpc.itc.rwth-aachen.de",83,"83","uds",unix,64,4194304,10,50,76.437,10.4485,13.038,12.8105,22.7525,1.65752,1.65699
26,"n23m0123.hpc.itc.rwth-aachen.de",26,"26","uds",84,"n23m0123.hpc.itc.rwth-aachen.de",84,"84","uds",unix,64,4194304,10,50,76.319,10.0705,13.1432,13.0695,21.6815,1.66899,1.66897
26,"n23m0123.hpc.itc.rwth-aachen.de",26,"26","uds",85,"n23m0123.hpc.itc.rwth-aachen.de",85,"85","uds",unix,64,4194304,10,50,70.399,10.6665,13.6017,13.442,20.172,1.6736,1.67391
26,"n23m0123.hpc.itc.rwth-aachen.de",26,"26","uds",86,"n23m0123.hpc.itc.rwth-aachen.de",86,"86","uds",unix,64,4194304,10,50,79.3,10.8575,13.5885,13.4555,22.1835,1.65454,1.63059
26,"n23m0123.hpc.itc.rwth-aachen.de",26,"26","uds",87,"n23m0123.hpc.itc.rwth-aachen.de",87,"87","uds",unix,64,4194304,10,50,80.991,10.348,13.8296,13.6327,21.09,1.63365,1.63319
26,"n23m0123.hpc.itc.rwth-aachen.de",26,"26","uds",88,"n23m0123.hpc.itc.rwth-aachen.de",88,"88","uds",unix,64,4194304,10,50,75.036,10.4905,13.0365,12.992,16.3155,1.6739,1.67465
26,"n23m0123.hpc.itc.rwth-aachen.de",26,"26","uds",89,"n23m0123.hpc.itc.rwth-aachen.de",89,"89","uds",unix,64,4194304,10,50,75.309,10.9625,13.3191,12.7162,19.4985,1.65231,1.65007
26,"n23m0123.hpc.itc.rwth-aachen.de",26,"26","uds",90,"n23m0123.hpc.itc.rwth-aachen.de",90,"90","uds",unix,64,4194304,10,50,64.133,11.407,13.8092,13.423,22.4235,1.6637,1.66407
26,"n23m0123.hpc.itc.rwth-aachen.de",26,"26","uds",91,"n23m0123.hpc.itc.rwth-aachen.de",91,"91","uds",unix,64,4194304,10,50,71.428,10.62,13.4122,12.5985,22.873,1.66121,1.66147
26,"n23m0123.hpc.itc.rwth-aachen.de",26,"26","uds",92,"n23m0123.hpc.itc.rwth-aachen.de",92,"92","uds",unix,64,4194304,10,50,68.614,10.3225,13.2024,13.075,20.983,1.65354,1.655
26,"n23m0123.hpc.itc.rwth-aachen.de",26,"26","uds",93,"n23m0123.hpc.itc.rwth-aachen.de",93,"93","uds",unix,64,4194304,10,50,67.854,10.4565,12.9584,12.8255,17.7405,1.65691,1.65639
26,"n23m0123.hpc.itc.rwth-aachen.de",26,"26","uds",94,"n23m0123.hpc.itc.rwth-aachen.de",94,"94","uds",unix,64,4194304,10,50,76.807,9.8945,13.1739,12.5742,21.433,1.65465,1.65469
26,"n23m0123.hpc.itc.rwth-aachen.de",26,"26","uds",95,"n23m0123.hpc.itc.rwth-aachen.de",95,"95","uds",unix,64,4194304,10,50,74.662,10.093,13.4256,13.0708,18.8515,1.64321,1.6453
27,"n23m0123.hpc.itc.rwth-aachen.de",27,"27","uds",28,"n23m0123.hpc.itc.rwth-aachen.de",28,"28","uds",unix,64,4194304,10,50,121.737,4.1865,6.80016,6.91475,18.7655,5.63888,5.66374
27,"n23m0123.hpc.itc.rwth-aachen.de",27,"27","uds",29,"n23m0123.hpc.itc.rwth-aachen.de",29,"29","uds",unix,64,4194304,10,50,57.225,2.913,4.59918,4.49,10.6845,7.27647,7.23578
27,"n23m0123.hpc.itc.rwth-aachen.de",27,"27","uds",30,"n23m0123.hpc.itc.rwth-aachen.de",30,"30","uds",unix,64,4194304,10,50,54.256,2.8485,4.64156,4.08375,7.501,7.55779,7.53786
27,"n23m0123.hpc.itc.rwth-aachen.de",27,"27","uds",31,"n23m0123.hpc.itc.rwth-aachen.de",31,"31","uds",unix,64,4194304,10,50,42.346,2.7295,3.89713,3.85,5.315,7.46464,7.50866
27,"n23m0123.hpc.itc.rwth-aachen.de",27,"27","uds",32,"n23m0123.hpc.itc.rwth-aachen.de",32,"32","uds",unix,64,4194304,10,50,42.121,2.342,3.32798,3.4455,4.995,7.5366,7.60624
27,"n23m0123.hpc.itc.rwth-aachen.de",27,"27","uds",33,"n23m0123.hpc.itc.rwth-aachen.de",33,"33","uds",unix,64,4194304,10,50,39.62,2.477,3.03222,2.7265,4.1625,7.68148,7.65603
27,"n23m0123.hpc.itc.rwth-aachen.de",27,"27","uds",34,"n23m0123.hpc.itc.rwth-aachen.de",34,"34","uds",unix,64,4194304,10,50,40.432,2.529,3.30782,3.021,5.2475,7.59592,7.56166
27,"n23m0123.hpc.itc.rwth-aachen.de",27,"27","uds",35,"n23m0123.hpc.itc.rwth-aachen.de",35,"35","uds",unix,64,4194304,10,50,42.593,2.8315,4.52189,4.73225,7.5835,7.55131,7.51076
27,"n23m0123.hpc.itc.rwth-aachen.de",27,"27","uds",36,"n23m0123.hpc.itc.rwth-aachen.de",36,"36","uds",unix,64,4194304,10,50,43.995,2.6405,3.43365,3.5285,4.664,7.18498,7.16293
27,"n23m0123.hpc.itc.rwth-aachen.de",27,"27","uds",37,"n23m0123.hpc.itc.rwth-aachen.de",37,"37","uds",unix,64,4194304,10,50,39.302,2.732,3.89802,3.7915,5.7155,7.19867,7.135
27,"n23m0123.hpc.itc.rwth-aachen.de",27,"27","uds",38,"n23m0123.hpc.itc.rwth-aachen.de",38,"38","uds",unix,64,4194304,10,50,36.19,2.6725,3.435,3.31725,4.7765,7.09208,7.09938
27,"n23m0123.hpc.itc.rwth-aachen.de",27,"27","uds",39,"n23m0123.hpc.itc.rwth-aachen.de",39,"39","uds",unix,64,4194304,10,50,40.863,2.9825,4.62177,4.81775,7.667,7.10454,7.05786
27,"n23m0123.hpc.itc.rwth-aachen.de",27,"27","uds",40,"n23m0123.hpc.itc.rwth-aachen.de",40,"40","uds",unix,64,4194304,10,50,36.972,2.5985,3.35865,2.85625,4.944,7.1276,7.10049
27,"n23m0123.hpc.itc.rwth-aachen.de",27,"27","uds",41,"n23m0123.hpc.itc.rwth-aachen.de",41,"41","uds",unix,64,4194304,10,50,40.387,2.7175,3.41423,2.88775,5.016,7.20616,7.13402
27,"n23m0123.hpc.itc.rwth-aachen.de",27,"27","uds",42,"n23m0123.hpc.itc.rwth-aachen.de",42,"42","uds",unix,64,4194304,10,50,39.426,2.747,3.92726,3.86175,5.082,7.10924,7.09441
27,"n23m0123.hpc.itc.rwth-aachen.de",27,"27","uds",43,"n23m0123.hpc.itc.rwth-aachen.de",43,"43","uds",unix,64,4194304,10,50,39.224,2.952,4.56348,4.811,5.4905,7.04524,6.97136
27,"n23m0123.hpc.itc.rwth-aachen.de",27,"27","uds",44,"n23m0123.hpc.itc.rwth-aachen.de",44,"44","uds",unix,64,4194304,10,50,38.346,2.609,3.25577,2.80575,5.047,7.16461,7.12962
27,"n23m0123.hpc.itc.rwth-aachen.de",27,"27","uds",45,"n23m0123.hpc.itc.rwth-aachen.de",45,"45","uds",unix,64,4194304,10,50,38.788,2.675,3.70766,3.682,5.0745,7.04211,7.07908
27,"n23m0123.hpc.itc.rwth-aachen.de",27,"27","uds",46,"n23m0123.hpc.itc.rwth-aachen.de",46,"46","uds",unix,64,4194304,10,50,36.896,2.688,3.45655,2.9335,4.9775,7.12962,7.06071
27,"n23m0123.hpc.itc.rwth-aachen.de",27,"27","uds",47,"n23m0123.hpc.itc.rwth-aachen.de",47,"47","uds",unix,64,4194304,10,50,33.076,2.7785,4.06519,4.00425,5.302,6.94228,6.9352
27,"n23m0123.hpc.itc.rwth-aachen.de",27,"27","uds",48,"n23m0123.hpc.itc.rwth-aachen.de",48,"48","uds",unix,64,4194304,10,50,42.747,5.4045,7.5784,7.416,10.7,3.28861,3.2886
27,"n23m0123.hpc.itc.rwth-aachen.de",27,"27","uds",49,"n23m0123.hpc.itc.rwth-aachen.de",49,"49","uds",unix,64,4194304,10,50,45.603,5.592,8.06371,7.99425,11.029,3.35501,3.34969
27,"n23m0123.hpc.itc.rwth-aachen.de",27,"27","uds",50,"n23m0123.hpc.itc.rwth-aachen.de",50,"50","uds",unix,64,4194304,10,50,63.893,5.255,6.75924,6.689,9.72,3.3421,3.3399
27,"n23m0123.hpc.itc.rwth-aachen.de",27,"27","uds",51,"n23m0123.hpc.itc.rwth-aachen.de",51,"51","uds",unix,64,4194304,10,50,48.991,5.193,6.71497,6.93875,9.194,3.35437,3.35148
27,"n23m0123.hpc.itc.rwth-aachen.de",27,"27","uds",52,"n23m0123.hpc.itc.rwth-aachen.de",52,"52","uds",unix,64,4194304,10,50,43.155,5.2895,7.07685,7.179,9.721,3.35373,3.35543
27,"n23m0123.hpc.itc.rwth-aachen.de",27,"27","uds",53,"n23m0123.hpc.itc.rwth-aachen.de",53,"53","uds",unix,64,4194304,10,50,43.96,4.967,6.95737,7.16375,10.5355,3.3544,3.34609
27,"n23m0123.hpc.itc.rwth-aachen.de",27,"27","uds",54,"n23m0123.hpc.itc.rwth-aachen.de",54,"54","uds",unix,64,4194304,10,50,53.622,5.845,8.17877,8.0485,10.232,3.27937,3.21826
27,"n23m0123.hpc.itc.rwth-aachen.de",27,"27","uds",55,"n23m0123.hpc.itc.rwth-aachen.de",55,"55","uds",unix,64,4194304,10,50,65.271,6.677,8.19675,8.1335,12.0995,3.32036,3.31318
27,"n23m0123.hpc.itc.rwth-aachen.de",27,"27","uds",56,"n23m0123.hpc.itc.rwth-aachen.de",56,"56","uds",unix,64,4194304,10,50,47.173,5.436,7.32069,7.42325,9.8475,3.32684,3.32787
27,"n23m0123.hpc.itc.rwth-aachen.de",27,"27","uds",57,"n23m0123.hpc.itc.rwth-aachen.de",57,"57","uds",unix,64,4194304,10,50,45.313,5.2705,7.21043,7.366,9.647,3.29928,3.29422
27,"n23m0123.hpc.itc.rwth-aachen.de",27,"27","uds",58,"n23m0123.hpc.itc.rwth-aachen.de",58,"58","uds",unix,64,4194304,10,50,45.863,5.356,7.38384,7.3875,10.774,3.347,3.34055
27,"n23m0123.hpc.itc.rwth-aachen.de",27,"27","uds",59,"n23m0123.hpc.itc.rwth-aachen.de",59,"59","uds",unix,64,4194304,10,50,49.617,4.894,6.48476,6.89525,9.335,3.31703,3.31545
27,"n23m0123.hpc.itc.rwth-aachen.de",27,"27","uds",60,"n23m0123.hpc.itc.rwth-aachen.de",60,"60","uds",unix,64,4194304,10,50,48.895,5.218,7.02995,7.1255,10.203,3.29279,3.28756
27,"n23m0123.hpc.itc.rwth-aachen.de",27,"27","uds",61,"n23m0123.hpc.itc.rwth-aachen.de",61,"61","uds",unix,64,4194304,10,50,46.925,5.2795,7.22083,7.06775,10.9825,3.34266,3.33779
27,"n23m0123.hpc.itc.rwth-aachen.de",27,"27","uds",62,"n23m0123.hpc.itc.rwth-aachen.de",62,"62","uds",unix,64,4194304,10,50,49.671,5.7795,8.18447,8.01075,10.7805,3.33283,3.32586
27,"n23m0123.hpc.itc.rwth-aachen.de",27,"27","uds",63,"n23m0123.hpc.itc.rwth-aachen.de",63,"63","uds",unix,64,4194304,10,50,49.336,5.4375,8.11607,7.7625,12.488,3.34156,3.33837
27,"n23m0123.hpc.itc.rwth-aachen.de",27,"27","uds",64,"n23m0123.hpc.itc.rwth-aachen.de",64,"64","uds",unix,64,4194304,10,50,45.535,4.971,7.18077,7.1635,10.4265,3.33481,3.33602
27,"n23m0123.hpc.itc.rwth-aachen.de",27,"27","uds",65,"n23m0123.hpc.itc.rwth-aachen.de",65,"65","uds",unix,64,4194304,10,50,43.149,5.21,7.35256,7.2605,10.2735,3.34626,3.34081
27,"n23m0123.hpc.itc.rwth-aachen.de",27,"27","uds",66,"n23m0123.hpc.itc.rwth-aachen.de",66,"66","uds",unix,64,4194304,10,50,48.519,5.638,7.56236,7.48375,10.5325,3.31258,3.3101
27,"n23m0123.hpc.itc.rwth-aachen.de",27,"27","uds",67,"n23m0123.hpc.itc.rwth-aachen.de",67,"67","uds",unix,64,4194304,10,50,41.951,5.0765,7.44272,7.361,13.7225,3.36362,3.36381
27,"n23m0123.hpc.itc.rwth-aachen.de",27,"27","uds",68,"n23m0123.hpc.itc.rwth-aachen.de",68,"68","uds",unix,64,4194304,10,50,48.567,5.306,7.5289,7.49575,10.748,3.35938,3.36035
27,"n23m0123.hpc.itc.rwth-aachen.de",27,"27","uds",69,"n23m0123.hpc.itc.rwth-aachen.de",69,"69","uds",unix,64,4194304,10,50,42.822,5.6015,7.67563,7.51175,10.5485,3.33478,3.33628
27,"n23m0123.hpc.itc.rwth-aachen.de",27,"27","uds",70,"n23m0123.hpc.itc.rwth-aachen.de",70,"70","uds",unix,64,4194304,10,50,46.91,5.2155,7.15639,7.161,11.4675,3.35652,3.35703
27,"n23m0123.hpc.itc.rwth-aachen.de",27,"27","uds",71,"n23m0123.hpc.itc.rwth-aachen.de",71,"71","uds",unix,64,4194304,10,50,43.905,5.2385,7.00012,7.17675,10.468,3.36153,3.35507
27,"n23m0123.hpc.itc.rwth-aachen.de",27,"27","uds",72,"n23m0123.hpc.itc.rwth-aachen.de",72,"72","uds",unix,64,4194304,10,50,45.878,5.146,6.85559,6.9715,15.034,3.29157,3.28241
27,"n23m0123.hpc.itc.rwth-aachen.de",27,"27","uds",73,"n23m0123.hpc.itc.rwth-aachen.de",73,"73","uds",unix,64,4194304,10,50,49.812,5.2125,7.21625,7.25575,10.175,3.34334,3.34024
27,"n23m0123.hpc.itc.rwth-aachen.de",27,"27","uds",74,"n23m0123.hpc.itc.rwth-aachen.de",74,"74","uds",unix,64,4194304,10,50,49.485,5.4235,7.70627,7.618,12.833,3.34732,3.33558
27,"n23m0123.hpc.itc.rwth-aachen.de",27,"27","uds",75,"n23m0123.hpc.itc.rwth-aachen.de",75,"75","uds",unix,64,4194304,10,50,57.542,5.297,6.94071,7.09425,9.8815,3.34492,3.34143
27,"n23m0123.hpc.itc.rwth-aachen.de",27,"27","uds",76,"n23m0123.hpc.itc.rwth-aachen.de",76,"76","uds",unix,64,4194304,10,50,46.535,5.0605,7.26895,7.146,11.2425,3.385,3.37289
27,"n23m0123.hpc.itc.rwth-aachen.de",27,"27","uds",77,"n23m0123.hpc.itc.rwth-aachen.de",77,"77","uds",unix,64,4194304,10,50,54.423,5.382,7.71227,7.6185,13.4865,3.35307,3.3577
27,"n23m0123.hpc.itc.rwth-aachen.de",27,"27","uds",78,"n23m0123.hpc.itc.rwth-aachen.de",78,"78","uds",unix,64,4194304,10,50,42.874,5.337,6.92353,6.971,9.688,3.36719,3.36251
27,"n23m0123.hpc.itc.rwth-aachen.de",27,"27","uds",79,"n23m0123.hpc.itc.rwth-aachen.de",79,"79","uds",unix,64,4194304,10,50,44.209,5.046,6.89108,7.09375,9.401,3.38556,3.38021
27,"n23m0123.hpc.itc.rwth-aachen.de",27,"27","uds",80,"n23m0123.hpc.itc.rwth-aachen.de",80,"80","uds",unix,64,4194304,10,50,39.994,5.236,7.19715,7.21375,9.864,3.33895,3.32996
27,"n23m0123.hpc.itc.rwth-aachen.de",27,"27","uds",81,"n23m0123.hpc.itc.rwth-aachen.de",81,"81","uds",unix,64,4194304,10,50,42.571,5.4615,7.55973,7.513,12.4025,3.36736,3.36784
27,"n23m0123.hpc.itc.rwth-aachen.de",27,"27","uds",82,"n23m0123.hpc.itc.rwth-aachen.de",82,"82","uds",unix,64,4194304,10,50,43.265,5.2165,7.11858,7.11025,9.759,3.34219,3.33511
27,"n23m0123.hpc.itc.rwth-aachen.de",27,"27","uds",83,"n23m0123.hpc.itc.rwth-aachen.de",83,"83","uds",unix,64,4194304,10,50,42.889,4.998,7.04868,7.02325,9.6405,3.33167,3.33016
27,"n23m0123.hpc.itc.rwth-aachen.de",27,"27","uds",84,"n23m0123.hpc.itc.rwth-aachen.de",84,"84","uds",unix,64,4194304,10,50,42.918,5.152,6.93573,7.15425,11.636,3.33997,3.33329
27,"n23m0123.hpc.itc.rwth-aachen.de",27,"27","uds",85,"n23m0123.hpc.itc.rwth-aachen.de",85,"85","uds",unix,64,4194304,10,50,40.496,5.1075,6.61277,6.722,9.9065,3.36095,3.36068
27,"n23m0123.hpc.itc.rwth-aachen.de",27,"27","uds",86,"n23m0123.hpc.itc.rwth-aachen.de",86,"86","uds",unix,64,4194304,10,50,43.116,5.648,8.04816,7.9695,11.954,3.33494,3.33139
27,"n23m0123.hpc.itc.rwth-aachen.de",27,"27","uds",87,"n23m0123.hpc.itc.rwth-aachen.de",87,"87","uds",unix,64,4194304,10,50,43.381,5.286,7.0587,7.265,9.6725,3.33217,3.32923
27,"n23m0123.hpc.itc.rwth-aachen.de",27,"27","uds",88,"n23m0123.hpc.itc.rwth-aachen.de",88,"88","uds",unix,64,4194304,10,50,39.705,5.3525,7.98057,7.702,12.5985,3.36807,3.36809
27,"n23m0123.hpc.itc.rwth-aachen.de",27,"27","uds",89,"n23m0123.hpc.itc.rwth-aachen.de",89,"89","uds",unix,64,4194304,10,50,41.632,5.465,7.16119,7.27075,9.691,3.34705,3.33789
27,"n23m0123.hpc.itc.rwth-aachen.de",27,"27","uds",90,"n23m0123.hpc.itc.rwth-aachen.de",90,"90","uds",unix,64,4194304,10,50,39.197,5.547,7.93863,7.69425,10.1125,3.38421,3.38063
27,"n23m0123.hpc.itc.rwth-aachen.de",27,"27","uds",91,"n23m0123.hpc.itc.rwth-aachen.de",91,"91","uds",unix,64,4194304,10,50,38.279,5.3715,7.12334,7.136,9.926,3.34178,3.33636
27,"n23m0123.hpc.itc.rwth-aachen.de",27,"27","uds",92,"n23m0123.hpc.itc.rwth-aachen.de",92,"92","uds",unix,64,4194304,10,50,40.52,5.1725,6.99738,7.1345,9.6555,3.36722,3.36487
27,"n23m0123.hpc.itc.rwth-aachen.de",27,"27","uds",93,"n23m0123.hpc.itc.rwth-aachen.de",93,"93","uds",unix,64,4194304,10,50,39.39,5.497,7.82328,7.653,10.0035,3.38716,3.38675
27,"n23m0123.hpc.itc.rwth-aachen.de",27,"27","uds",94,"n23m0123.hpc.itc.rwth-aachen.de",94,"94","uds",unix,64,4194304,10,50,39.648,5.1675,7.02423,6.884,9.9265,3.37942,3.37562
27,"n23m0123.hpc.itc.rwth-aachen.de",27,"27","uds",95,"n23m0123.hpc.itc.rwth-aachen.de",95,"95","uds",unix,64,4194304,10,50,41.951,5.368,7.46563,7.52625,12.1265,3.3888,3.38502
28,"n23m0123.hpc.itc.rwth-aachen.de",28,"28","uds",29,"n23m0123.hpc.itc.rwth-aachen.de",29,"29","uds",unix,64,4194304,10,50,76.647,2.274,3.10909,2.66825,5.455,7.61217,7.54138
28,"n23m0123.hpc.itc.rwth-aachen.de",28,"28","uds",30,"n23m0123.hpc.itc.rwth-aachen.de",30,"30","uds",unix,64,4194304,10,50,43.037,2.556,4.159,4.49475,9.1255,7.7221,7.67044
28,"n23m0123.hpc.itc.rwth-aachen.de",28,"28","uds",31,"n23m0123.hpc.itc.rwth-aachen.de",31,"31","uds",unix,64,4194304,10,50,35.248,2.477,3.57384,3.62525,5.0105,7.76372,7.66834
28,"n23m0123.hpc.itc.rwth-aachen.de",28,"28","uds",32,"n23m0123.hpc.itc.rwth-aachen.de",32,"32","uds",unix,64,4194304,10,50,51.169,2.591,3.46709,3.5465,4.9755,7.82433,7.77014
28,"n23m0123.hpc.itc.rwth-aachen.de",28,"28","uds",33,"n23m0123.hpc.itc.rwth-aachen.de",33,"33","uds",unix,64,4194304,10,50,41.197,2.3715,3.0242,2.59875,5.902,7.82037,7.7398
28,"n23m0123.hpc.itc.rwth-aachen.de",28,"28","uds",34,"n23m0123.hpc.itc.rwth-aachen.de",34,"34","uds",unix,64,4194304,10,50,40.038,2.573,3.28993,2.795,6.793,7.78494,7.72916
28,"n23m0123.hpc.itc.rwth-aachen.de",28,"28","uds",35,"n23m0123.hpc.itc.rwth-aachen.de",35,"35","uds",unix,64,4194304,10,50,39.148,2.5295,3.62918,3.6485,7.211,7.69686,7.6341
28,"n23m0123.hpc.itc.rwth-aachen.de",28,"28","uds",36,"n23m0123.hpc.itc.rwth-aachen.de",36,"36","uds",unix,64,4194304,10,50,41.224,2.642,3.21828,2.8565,4.921,7.38792,7.29963
28,"n23m0123.hpc.itc.rwth-aachen.de",28,"28","uds",37,"n23m0123.hpc.itc.rwth-aachen.de",37,"37","uds",unix,64,4194304,10,50,34.24,2.7975,4.12673,4.4245,4.981,7.28368,7.23666
28,"n23m0123.hpc.itc.rwth-aachen.de",28,"28","uds",38,"n23m0123.hpc.itc.rwth-aachen.de",38,"38","uds",unix,64,4194304,10,50,37.99,2.525,3.11518,2.95825,4.4185,7.22305,7.19084
28,"n23m0123.hpc.itc.rwth-aachen.de",28,"28","uds",39,"n23m0123.hpc.itc.rwth-aachen.de",39,"39","uds",unix,64,4194304,10,50,32.837,3.815,4.94514,4.9405,7.967,7.21102,7.15428
28,"n23m0123.hpc.itc.rwth-aachen.de",28,"28","uds",40,"n23m0123.hpc.itc.rwth-aachen.de",40,"40","uds",unix,64,4194304,10,50,32.711,2.598,3.47505,3.42675,4.778,7.27769,7.20242
28,"n23m0123.hpc.itc.rwth-aachen.de",28,"28","uds",41,"n23m0123.hpc.itc.rwth-aachen.de",41,"41","uds",unix,64,4194304,10,50,31.977,2.5415,3.10982,2.78775,4.669,7.30876,7.26129
28,"n23m0123.hpc.itc.rwth-aachen.de",28,"28","uds",42,"n23m0123.hpc.itc.rwth-aachen.de",42,"42","uds",unix,64,4194304,10,50,31.761,2.5225,3.15765,2.7095,4.9515,7.32163,7.2306
28,"n23m0123.hpc.itc.rwth-aachen.de",28,"28","uds",43,"n23m0123.hpc.itc.rwth-aachen.de",43,"43","uds",unix,64,4194304,10,50,32.101,2.634,4.08006,3.92075,5.213,7.13472,7.08652
28,"n23m0123.hpc.itc.rwth-aachen.de",28,"28","uds",44,"n23m0123.hpc.itc.rwth-aachen.de",44,"44","uds",unix,64,4194304,10,50,30.895,2.696,3.76217,3.7295,4.896,7.26787,7.21688
28,"n23m0123.hpc.itc.rwth-aachen.de",28,"28","uds",45,"n23m0123.hpc.itc.rwth-aachen.de",45,"45","uds",unix,64,4194304,10,50,36.301,2.6685,3.58871,3.5585,4.878,7.19842,7.16842
28,"n23m0123.hpc.itc.rwth-aachen.de",28,"28","uds",46,"n23m0123.hpc.itc.rwth-aachen.de",46,"46","uds",unix,64,4194304,10,50,32.148,2.5175,3.44685,3.06475,7.2065,7.25316,7.1657
28,"n23m0123.hpc.itc.rwth-aachen.de",28,"28","uds",47,"n23m0123.hpc.itc.rwth-aachen.de",47,"47","uds",unix,64,4194304,10,50,30.786,2.6295,3.41277,3.4515,4.834,7.11052,7.05548
28,"n23m0123.hpc.itc.rwth-aachen.de",28,"28","uds",48,"n23m0123.hpc.itc.rwth-aachen.de",48,"48","uds",unix,64,4194304,10,50,49.722,5.162,7.06247,7.09125,9.941,3.33155,3.32043
28,"n23m0123.hpc.itc.rwth-aachen.de",28,"28","uds",49,"n23m0123.hpc.itc.rwth-aachen.de",49,"49","uds",unix,64,4194304,10,50,45.607,5.14,6.79494,6.93175,11.552,3.37691,3.37503
28,"n23m0123.hpc.itc.rwth-aachen.de",28,"28","uds",50,"n23m0123.hpc.itc.rwth-aachen.de",50,"50","uds",unix,64,4194304,10,50,46.608,4.838,6.62042,6.99275,13.583,3.40647,3.39876
28,"n23m0123.hpc.itc.rwth-aachen.de",28,"28","uds",51,"n23m0123.hpc.itc.rwth-aachen.de",51,"51","uds",unix,64,4194304,10,50,45.274,5.3625,7.23455,7.039,9.6595,3.30019,3.28515
28,"n23m0123.hpc.itc.rwth-aachen.de",28,"28","uds",52,"n23m0123.hpc.itc.rwth-aachen.de",52,"52","uds",unix,64,4194304,10,50,52.922,5.022,6.84621,7.035,10.276,3.33509,3.34241
28,"n23m0123.hpc.itc.rwth-aachen.de",28,"28","uds",53,"n23m0123.hpc.itc.rwth-aachen.de",53,"53","uds",unix,64,4194304,10,50,54.387,4.913,6.45607,6.75675,9.2495,3.35269,3.35214
28,"n23m0123.hpc.itc.rwth-aachen.de",28,"28","uds",54,"n23m0123.hpc.itc.rwth-aachen.de",54,"54","uds",unix,64,4194304,10,50,47.813,5.12,7.97935,7.446,21.745,3.37865,3.37024
28,"n23m0123.hpc.itc.rwth-aachen.de",28,"28","uds",55,"n23m0123.hpc.itc.rwth-aachen.de",55,"55","uds",unix,64,4194304,10,50,44.809,5.339,9.38076,8.42625,34.836,3.33143,3.31412
28,"n23m0123.hpc.itc.rwth-aachen.de",28,"28","uds",56,"n23m0123.hpc.itc.rwth-aachen.de",56,"56","uds",unix,64,4194304,10,50,55.204,6.577,8.03625,7.49225,14.1685,3.37281,3.36915
28,"n23m0123.hpc.itc.rwth-aachen.de",28,"28","uds",57,"n23m0123.hpc.itc.rwth-aachen.de",57,"57","uds",unix,64,4194304,10,50,43.083,5.3055,7.13807,7.06875,10.3715,3.34082,3.33977
28,"n23m0123.hpc.itc.rwth-aachen.de",28,"28","uds",58,"n23m0123.hpc.itc.rwth-aachen.de",58,"58","uds",unix,64,4194304,10,50,42.344,5.4365,8.09232,7.90375,12.6245,3.40524,3.3954
28,"n23m0123.hpc.itc.rwth-aachen.de",28,"28","uds",59,"n23m0123.hpc.itc.rwth-aachen.de",59,"59","uds",unix,64,4194304,10,50,42.64,4.788,6.22057,5.93275,10.877,3.39062,3.38408
28,"n23m0123.hpc.itc.rwth-aachen.de",28,"28","uds",60,"n23m0123.hpc.itc.rwth-aachen.de",60,"60","uds",unix,64,4194304,10,50,44.596,5.0075,7.02464,7.08675,9.5175,3.35525,3.34715
28,"n23m0123.hpc.itc.rwth-aachen.de",28,"28","uds",61,"n23m0123.hpc.itc.rwth-aachen.de",61,"61","uds",unix,64,4194304,10,50,51.536,5.192,7.10922,7.1495,9.9275,3.35941,3.36212
28,"n23m0123.hpc.itc.rwth-aachen.de",28,"28","uds",62,"n23m0123.hpc.itc.rwth-aachen.de",62,"62","uds",unix,64,4194304,10,50,44.018,5.1135,7.21995,7.20125,9.899,3.3862,3.37683
28,"n23m0123.hpc.itc.rwth-aachen.de",28,"28","uds",63,"n23m0123.hpc.itc.rwth-aachen.de",63,"63","uds",unix,64,4194304,10,50,44.998,5.3075,7.91467,7.67225,13.2295,3.37752,3.37559
28,"n23m0123.hpc.itc.rwth-aachen.de",28,"28","uds",64,"n23m0123.hpc.itc.rwth-aachen.de",64,"64","uds",unix,64,4194304,10,50,40.239,4.6785,6.55762,6.686,12.603,3.40021,3.39628
28,"n23m0123.hpc.itc.rwth-aachen.de",28,"28","uds",65,"n23m0123.hpc.itc.rwth-aachen.de",65,"65","uds",unix,64,4194304,10,50,39.854,4.9775,7.04919,7.06425,12.2435,3.38853,3.38883
28,"n23m0123.hpc.itc.rwth-aachen.de",28,"28","uds",66,"n23m0123.hpc.itc.rwth-aachen.de",66,"66","uds",unix,64,4194304,10,50,40.686,5.087,6.76566,7.02375,9.189,3.38124,3.36951
28,"n23m0123.hpc.itc.rwth-aachen.de",28,"28","uds",67,"n23m0123.hpc.itc.rwth-aachen.de",67,"67","uds",unix,64,4194304,10,50,35.538,4.8695,6.30127,5.47625,11.194,3.40197,3.39875
28,"n23m0123.hpc.itc.rwth-aachen.de",28,"28","uds",68,"n23m0123.hpc.itc.rwth-aachen.de",68,"68","uds",unix,64,4194304,10,50,47.501,5.0225,7.09199,7.15575,11.0275,3.40658,3.39712
28,"n23m0123.hpc.itc.rwth-aachen.de",28,"28","uds",69,"n23m0123.hpc.itc.rwth-aachen.de",69,"69","uds",unix,64,4194304,10,50,44.68,5.1735,7.06055,7.12275,10.566,3.36092,3.35288
28,"n23m0123.hpc.itc.rwth-aachen.de",28,"28","uds",70,"n23m0123.hpc.itc.rwth-aachen.de",70,"70","uds",unix,64,4194304,10,50,41.977,5.22,7.36216,7.2555,14.5885,3.39971,3.39382
28,"n23m0123.hpc.itc.rwth-aachen.de",28,"28","uds",71,"n23m0123.hpc.itc.rwth-aachen.de",71,"71","uds",unix,64,4194304,10,50,39.881,5.3375,7.62271,7.46375,13.4365,3.40258,3.40269
28,"n23m0123.hpc.itc.rwth-aachen.de",28,"28","uds",72,"n23m0123.hpc.itc.rwth-aachen.de",72,"72","uds",unix,64,4194304,10,50,45.932,5.4175,7.21192,7.35125,11.798,3.34905,3.34329
28,"n23m0123.hpc.itc.rwth-aachen.de",28,"28","uds",73,"n23m0123.hpc.itc.rwth-aachen.de",73,"73","uds",unix,64,4194304,10,50,48.778,5.4845,7.5618,7.55725,12.7445,3.35954,3.35727
28,"n23m0123.hpc.itc.rwth-aachen.de",28,"28","uds",74,"n23m0123.hpc.itc.rwth-aachen.de",74,"74","uds",unix,64,4194304,10,50,45.75,5.238,6.95175,7.2205,10.6235,3.35746,3.35496
28,"n23m0123.hpc.itc.rwth-aachen.de",28,"28","uds",75,"n23m0123.hpc.itc.rwth-aachen.de",75,"75","uds",unix,64,4194304,10,50,45.144,5.106,7.76659,7.48175,13.2885,3.37653,3.36704
28,"n23m0123.hpc.itc.rwth-aachen.de",28,"28","uds",76,"n23m0123.hpc.itc.rwth-aachen.de",76,"76","uds",unix,64,4194304,10,50,46.194,5.1595,7.75608,7.4135,11.387,3.38964,3.39029
28,"n23m0123.hpc.itc.rwth-aachen.de",28,"28","uds",77,"n23m0123.hpc.itc.rwth-aachen.de",77,"77","uds",unix,64,4194304,10,50,48.926,5.3845,7.49835,7.49225,10.04,3.39996,3.39205
28,"n23m0123.hpc.itc.rwth-aachen.de",28,"28","uds",78,"n23m0123.hpc.itc.rwth-aachen.de",78,"78","uds",unix,64,4194304,10,50,42.154,6.5035,8.21325,7.63225,12.913,3.40848,3.40643
28,"n23m0123.hpc.itc.rwth-aachen.de",28,"28","uds",79,"n23m0123.hpc.itc.rwth-aachen.de",79,"79","uds",unix,64,4194304,10,50,37.279,5.151,7.18275,7.2485,9.401,3.42293,3.41472
28,"n23m0123.hpc.itc.rwth-aachen.de",28,"28","uds",80,"n23m0123.hpc.itc.rwth-aachen.de",80,"80","uds",unix,64,4194304,10,50,40.22,5.0345,6.7377,6.89525,9.81,3.41908,3.41546
28,"n23m0123.hpc.itc.rwth-aachen.de",28,"28","uds",81,"n23m0123.hpc.itc.rwth-aachen.de",81,"81","uds",unix,64,4194304,10,50,41.049,5.108,6.80065,7.20325,10.118,3.44101,3.43426
28,"n23m0123.hpc.itc.rwth-aachen.de",28,"28","uds",82,"n23m0123.hpc.itc.rwth-aachen.de",82,"82","uds",unix,64,4194304,10,50,42.84,5.1705,7.35271,7.3195,11.465,3.41804,3.41201
28,"n23m0123.hpc.itc.rwth-aachen.de",28,"28","uds",83,"n23m0123.hpc.itc.rwth-aachen.de",83,"83","uds",unix,64,4194304,10,50,40.86,5.4295,8.0744,7.7565,11.6825,3.40733,3.39776
28,"n23m0123.hpc.itc.rwth-aachen.de",28,"28","uds",84,"n23m0123.hpc.itc.rwth-aachen.de",84,"84","uds",unix,64,4194304,10,50,43.159,4.9375,6.63484,6.79575,9.356,3.39766,3.39719
28,"n23m0123.hpc.itc.rwth-aachen.de",28,"28","uds",85,"n23m0123.hpc.itc.rwth-aachen.de",85,"85","uds",unix,64,4194304,10,50,46.612,5.1175,7.27564,7.1605,10.468,3.40967,3.40249
28,"n23m0123.hpc.itc.rwth-aachen.de",28,"28","uds",86,"n23m0123.hpc.itc.rwth-aachen.de",86,"86","uds",unix,64,4194304,10,50,45.466,5.0965,7.04375,7.31625,9.6155,3.40376,3.40578
28,"n23m0123.hpc.itc.rwth-aachen.de",28,"28","uds",87,"n23m0123.hpc.itc.rwth-aachen.de",87,"87","uds",unix,64,4194304,10,50,40.896,5.1775,7.35111,7.3865,10.058,3.40691,3.39544
28,"n23m0123.hpc.itc.rwth-aachen.de",28,"28","uds",88,"n23m0123.hpc.itc.rwth-aachen.de",88,"88","uds",unix,64,4194304,10,50,39.724,5.0685,7.26584,7.3495,11.317,3.43948,3.43708
28,"n23m0123.hpc.itc.rwth-aachen.de",28,"28","uds",89,"n23m0123.hpc.itc.rwth-aachen.de",89,"89","uds",unix,64,4194304,10,50,38.597,5.151,7.39078,7.41075,10.1015,3.43332,3.42989
28,"n23m0123.hpc.itc.rwth-aachen.de",28,"28","uds",90,"n23m0123.hpc.itc.rwth-aachen.de",90,"90","uds",unix,64,4194304,10,50,37.032,5.257,7.62799,7.57825,9.6975,3.43076,3.43398
28,"n23m0123.hpc.itc.rwth-aachen.de",28,"28","uds",91,"n23m0123.hpc.itc.rwth-aachen.de",91,"91","uds",unix,64,4194304,10,50,37.942,5.1465,6.97583,7.4385,9.6625,3.43721,3.43553
28,"n23m0123.hpc.itc.rwth-aachen.de",28,"28","uds",92,"n23m0123.hpc.itc.rwth-aachen.de",92,"92","uds",unix,64,4194304,10,50,36.877,5.076,7.29973,7.16675,11.9925,3.45852,3.45811
28,"n23m0123.hpc.itc.rwth-aachen.de",28,"28","uds",93,"n23m0123.hpc.itc.rwth-aachen.de",93,"93","uds",unix,64,4194304,10,50,40.452,5.107,7.4309,7.463,10.843,3.45426,3.4486
28,"n23m0123.hpc.itc.rwth-aachen.de",28,"28","uds",94,"n23m0123.hpc.itc.rwth-aachen.de",94,"94","uds",unix,64,4194304,10,50,40.077,5.224,7.28126,7.331,11.453,3.4174,3.4152
28,"n23m0123.hpc.itc.rwth-aachen.de",28,"28","uds",95,"n23m0123.hpc.itc.rwth-aachen.de",95,"95","uds",unix,64,4194304,10,50,40.671,5.1215,7.72613,7.59225,9.921,3.44498,3.43481
29,"n23m0123.hpc.itc.rwth-aachen.de",29,"29","uds",30,"n23m0123.hpc.itc.rwth-aachen.de",30,"30","uds",unix,64,4194304,10,50,84.32,2.9035,4.76178,4.74225,8.057,7.56662,7.48955
29,"n23m0123.hpc.itc.rwth-aachen.de",29,"29","uds",31,"n23m0123.hpc.itc.rwth-aachen.de",31,"31","uds",unix,64,4194304,10,50,42.639,2.6815,4.56412,4.6555,7.5375,7.54578,7.51215
29,"n23m0123.hpc.itc.rwth-aachen.de",29,"29","uds",32,"n23m0123.hpc.itc.rwth-aachen.de",32,"32","uds",unix,64,4194304,10,50,40.035,2.4695,3.49396,3.51575,5.144,7.72773,7.67404
29,"n23m0123.hpc.itc.rwth-aachen.de",29,"29","uds",33,"n23m0123.hpc.itc.rwth-aachen.de",33,"33","uds",unix,64,4194304,10,50,34.646,2.582,3.74042,3.70875,4.9055,7.69763,7.61696
29,"n23m0123.hpc.itc.rwth-aachen.de",29,"29","uds",34,"n23m0123.hpc.itc.rwth-aachen.de",34,"34","uds",unix,64,4194304,10,50,39.942,2.6565,4.31319,3.71625,15.6275,7.61835,7.54474
29,"n23m0123.hpc.itc.rwth-aachen.de",29,"29","uds",35,"n23m0123.hpc.itc.rwth-aachen.de",35,"35","uds",unix,64,4194304,10,50,42.275,2.752,4.7291,4.9515,7.73,7.55909,7.4813
29,"n23m0123.hpc.itc.rwth-aachen.de",29,"29","uds",36,"n23m0123.hpc.itc.rwth-aachen.de",36,"36","uds",unix,64,4194304,10,50,45.505,2.761,4.09615,3.88625,9.4595,7.18617,7.12855
29,"n23m0123.hpc.itc.rwth-aachen.de",29,"29","uds",37,"n23m0123.hpc.itc.rwth-aachen.de",37,"37","uds",unix,64,4194304,10,50,42.677,2.7915,4.38814,4.62125,8.574,7.19519,7.13398
29,"n23m0123.hpc.itc.rwth-aachen.de",29,"29","uds",38,"n23m0123.hpc.itc.rwth-aachen.de",38,"38","uds",unix,64,4194304,10,50,34.179,2.93,4.42575,4.61,5.2415,7.12236,7.07596
29,"n23m0123.hpc.itc.rwth-aachen.de",29,"29","uds",39,"n23m0123.hpc.itc.rwth-aachen.de",39,"39","uds",unix,64,4194304,10,50,33.657,4.0365,5.13871,5.0645,8.861,7.01771,7.00286
29,"n23m0123.hpc.itc.rwth-aachen.de",29,"29","uds",40,"n23m0123.hpc.itc.rwth-aachen.de",40,"40","uds",unix,64,4194304,10,50,32.747,2.8145,4.26617,4.393,5.7335,7.08269,7.05275
29,"n23m0123.hpc.itc.rwth-aachen.de",29,"29","uds",41,"n23m0123.hpc.itc.rwth-aachen.de",41,"41","uds",unix,64,4194304,10,50,31.416,2.807,4.33513,4.49975,5.537,7.12124,7.09096
29,"n23m0123.hpc.itc.rwth-aachen.de",29,"29","uds",42,"n23m0123.hpc.itc.rwth-aachen.de",42,"42","uds",unix,64,4194304,10,50,32.778,2.99,4.40869,4.64375,5.2655,7.12848,7.06733
29,"n23m0123.hpc.itc.rwth-aachen.de",29,"29","uds",43,"n23m0123.hpc.itc.rwth-aachen.de",43,"43","uds",unix,64,4194304,10,50,31.877,3.733,4.87272,4.8575,7.387,6.99179,6.94036
29,"n23m0123.hpc.itc.rwth-aachen.de",29,"29","uds",44,"n23m0123.hpc.itc.rwth-aachen.de",44,"44","uds",unix,64,4194304,10,50,30.456,2.7515,4.02773,4.2785,5.218,7.15455,7.08842
29,"n23m0123.hpc.itc.rwth-aachen.de",29,"29","uds",45,"n23m0123.hpc.itc.rwth-aachen.de",45,"45","uds",unix,64,4194304,10,50,32.206,2.9305,4.62067,4.76,7.407,7.05954,7.02327
29,"n23m0123.hpc.itc.rwth-aachen.de",29,"29","uds",46,"n23m0123.hpc.itc.rwth-aachen.de",46,"46","uds",unix,64,4194304,10,50,31.983,2.8635,4.30987,4.13425,5.7245,7.0492,7.00458
29,"n23m0123.hpc.itc.rwth-aachen.de",29,"29","uds",47,"n23m0123.hpc.itc.rwth-aachen.de",47,"47","uds",unix,64,4194304,10,50,31.417,2.997,4.3514,4.492,5.5915,6.96572,6.89156
29,"n23m0123.hpc.itc.rwth-aachen.de",29,"29","uds",48,"n23m0123.hpc.itc.rwth-aachen.de",48,"48","uds",unix,64,4194304,10,50,49.133,5.317,7.73437,7.581,11.314,3.31279,3.31539
29,"n23m0123.hpc.itc.rwth-aachen.de",29,"29","uds",49,"n23m0123.hpc.itc.rwth-aachen.de",49,"49","uds",unix,64,4194304,10,50,48.575,5.2665,7.62092,7.575,9.9915,3.34998,3.35094
29,"n23m0123.hpc.itc.rwth-aachen.de",29,"29","uds",50,"n23m0123.hpc.itc.rwth-aachen.de",50,"50","uds",unix,64,4194304,10,50,65.94,5.1135,7.82892,7.69125,10.279,3.37421,3.3709
29,"n23m0123.hpc.itc.rwth-aachen.de",29,"29","uds",51,"n23m0123.hpc.itc.rwth-aachen.de",51,"51","uds",unix,64,4194304,10,50,47.181,5.512,7.97224,7.721,13.3065,3.35849,3.35301
29,"n23m0123.hpc.itc.rwth-aachen.de",29,"29","uds",52,"n23m0123.hpc.itc.rwth-aachen.de",52,"52","uds",unix,64,4194304,10,50,48.575,5.398,7.81844,7.76325,12.2745,2.82918,2.75221
29,"n23m0123.hpc.itc.rwth-aachen.de",29,"29","uds",53,"n23m0123.hpc.itc.rwth-aachen.de",53,"53","uds",unix,64,4194304,10,50,78.992,8.395,11.3752,11.1878,19.8415,1.65083,1.65216
29,"n23m0123.hpc.itc.rwth-aachen.de",29,"29","uds",54,"n23m0123.hpc.itc.rwth-aachen.de",54,"54","uds",unix,64,4194304,10,50,77.897,10.363,13.5758,13.5448,20.3545,1.64862,1.64774
29,"n23m0123.hpc.itc.rwth-aachen.de",29,"29","uds",55,"n23m0123.hpc.itc.rwth-aachen.de",55,"55","uds",unix,64,4194304,10,50,65.303,10.5615,13.2044,13.1677,20.813,1.6668,1.66515
29,"n23m0123.hpc.itc.rwth-aachen.de",29,"29","uds",56,"n23m0123.hpc.itc.rwth-aachen.de",56,"56","uds",unix,64,4194304,10,50,68.156,10.713,13.3213,13.2287,23.565,1.66374,1.66438
29,"n23m0123.hpc.itc.rwth-aachen.de",29,"29","uds",57,"n23m0123.hpc.itc.rwth-aachen.de",57,"57","uds",unix,64,4194304,10,50,64.527,10.7955,13.6569,13.7428,17.969,1.6426,1.64403
29,"n23m0123.hpc.itc.rwth-aachen.de",29,"29","uds",58,"n23m0123.hpc.itc.rwth-aachen.de",58,"58","uds",unix,64,4194304,10,50,67.411,10.4195,13.67,13.838,19.255,1.67407,1.67373
29,"n23m0123.hpc.itc.rwth-aachen.de",29,"29","uds",59,"n23m0123.hpc.itc.rwth-aachen.de",59,"59","uds",unix,64,4194304,10,50,68.47,11.922,15.9824,15.5463,20.5965,1.67221,1.67166
29,"n23m0123.hpc.itc.rwth-aachen.de",29,"29","uds",60,"n23m0123.hpc.itc.rwth-aachen.de",60,"60","uds",unix,64,4194304,10,50,64.511,10.5135,13.3546,13.027,21.011,1.63962,1.6387
29,"n23m0123.hpc.itc.rwth-aachen.de",29,"29","uds",61,"n23m0123.hpc.itc.rwth-aachen.de",61,"61","uds",unix,64,4194304,10,50,71.181,10.1435,12.9587,12.6973,18.123,1.66139,1.66106
29,"n23m0123.hpc.itc.rwth-aachen.de",29,"29","uds",62,"n23m0123.hpc.itc.rwth-aachen.de",62,"62","uds",unix,64,4194304,10,50,62.921,10.3765,13.4014,13.3515,25.025,1.65052,1.65137
29,"n23m0123.hpc.itc.rwth-aachen.de",29,"29","uds",63,"n23m0123.hpc.itc.rwth-aachen.de",63,"63","uds",unix,64,4194304,10,50,76.062,10.3625,13.4637,13.1,19.899,1.64479,1.64509
29,"n23m0123.hpc.itc.rwth-aachen.de",29,"29","uds",64,"n23m0123.hpc.itc.rwth-aachen.de",64,"64","uds",unix,64,4194304,10,50,72.38,9.6265,13.4289,13.6962,17.0715,1.66418,1.66509
29,"n23m0123.hpc.itc.rwth-aachen.de",29,"29","uds",65,"n23m0123.hpc.itc.rwth-aachen.de",65,"65","uds",unix,64,4194304,10,50,61.703,9.744,13.0174,12.1365,22.893,1.66401,1.66467
29,"n23m0123.hpc.itc.rwth-aachen.de",29,"29","uds",66,"n23m0123.hpc.itc.rwth-aachen.de",66,"66","uds",unix,64,4194304,10,50,71.085,9.849,14.0193,13.8345,21.108,1.65682,1.65467
29,"n23m0123.hpc.itc.rwth-aachen.de",29,"29","uds",67,"n23m0123.hpc.itc.rwth-aachen.de",67,"67","uds",unix,64,4194304,10,50,60.102,9.8655,13.0608,12.7903,24.207,1.67086,1.6704
29,"n23m0123.hpc.itc.rwth-aachen.de",29,"29","uds",68,"n23m0123.hpc.itc.rwth-aachen.de",68,"68","uds",unix,64,4194304,10,50,65.13,10.182,13.3112,13.2995,22.088,1.66366,1.66559
29,"n23m0123.hpc.itc.rwth-aachen.de",29,"29","uds",69,"n23m0123.hpc.itc.rwth-aachen.de",69,"69","uds",unix,64,4194304,10,50,82.776,10.472,12.9894,12.9848,22.352,1.63313,1.63307
29,"n23m0123.hpc.itc.rwth-aachen.de",29,"29","uds",70,"n23m0123.hpc.itc.rwth-aachen.de",70,"70","uds",unix,64,4194304,10,50,64.479,10.2875,13.0697,12.8397,25.8355,1.66137,1.66047
29,"n23m0123.hpc.itc.rwth-aachen.de",29,"29","uds",71,"n23m0123.hpc.itc.rwth-aachen.de",71,"71","uds",unix,64,4194304,10,50,63.516,10.0915,13.8529,13.696,22.334,1.66988,1.66908
29,"n23m0123.hpc.itc.rwth-aachen.de",29,"29","uds",72,"n23m0123.hpc.itc.rwth-aachen.de",72,"72","uds",unix,64,4194304,10,50,66.261,10.2165,13.7044,13.436,20.473,1.66436,1.66505
29,"n23m0123.hpc.itc.rwth-aachen.de",29,"29","uds",73,"n23m0123.hpc.itc.rwth-aachen.de",73,"73","uds",unix,64,4194304,10,50,69.896,11.194,14.1007,13.3465,37.156,1.67104,1.67044
29,"n23m0123.hpc.itc.rwth-aachen.de",29,"29","uds",74,"n23m0123.hpc.itc.rwth-aachen.de",74,"74","uds",unix,64,4194304,10,50,78.753,10.361,13.1004,13.0557,17.072,1.66306,1.66183
29,"n23m0123.hpc.itc.rwth-aachen.de",29,"29","uds",75,"n23m0123.hpc.itc.rwth-aachen.de",75,"75","uds",unix,64,4194304,10,50,67.947,10.423,13.251,13.0445,18.4775,1.65728,1.65819
29,"n23m0123.hpc.itc.rwth-aachen.de",29,"29","uds",76,"n23m0123.hpc.itc.rwth-aachen.de",76,"76","uds",unix,64,4194304,10,50,63.974,10.1725,13.2747,13.2912,23.627,1.67775,1.67648
29,"n23m0123.hpc.itc.rwth-aachen.de",29,"29","uds",77,"n23m0123.hpc.itc.rwth-aachen.de",77,"77","uds",unix,64,4194304,10,50,82.503,10.879,13.9141,13.4633,17.924,1.66824,1.66864
29,"n23m0123.hpc.itc.rwth-aachen.de",29,"29","uds",78,"n23m0123.hpc.itc.rwth-aachen.de",78,"78","uds",unix,64,4194304,10,50,62.993,11.1255,14.078,13.7402,19.1525,1.67692,1.67611
29,"n23m0123.hpc.itc.rwth-aachen.de",29,"29","uds",79,"n23m0123.hpc.itc.rwth-aachen.de",79,"79","uds",unix,64,4194304,10,50,64.174,10.374,13.9705,13.6475,24.906,1.66595,1.66617
29,"n23m0123.hpc.itc.rwth-aachen.de",29,"29","uds",80,"n23m0123.hpc.itc.rwth-aachen.de",80,"80","uds",unix,64,4194304,10,50,83.447,10.3705,13.5358,13.115,19.735,1.65473,1.65395
29,"n23m0123.hpc.itc.rwth-aachen.de",29,"29","uds",81,"n23m0123.hpc.itc.rwth-aachen.de",81,"81","uds",unix,64,4194304,10,50,75.26,10.2955,13.383,12.923,22.115,1.67649,1.67609
29,"n23m0123.hpc.itc.rwth-aachen.de",29,"29","uds",82,"n23m0123.hpc.itc.rwth-aachen.de",82,"82","uds",unix,64,4194304,10,50,68.004,10.7655,14.1639,13.7503,24.794,1.67287,1.67229
29,"n23m0123.hpc.itc.rwth-aachen.de",29,"29","uds",83,"n23m0123.hpc.itc.rwth-aachen.de",83,"83","uds",unix,64,4194304,10,50,65.454,10.016,13.3342,13.186,20.5485,1.66709,1.6684
29,"n23m0123.hpc.itc.rwth-aachen.de",29,"29","uds",84,"n23m0123.hpc.itc.rwth-aachen.de",84,"84","uds",unix,64,4194304,10,50,74.37,10.2495,12.9662,12.3567,21.044,1.67415,1.67444
29,"n23m0123.hpc.itc.rwth-aachen.de",29,"29","uds",85,"n23m0123.hpc.itc.rwth-aachen.de",85,"85","uds",unix,64,4194304,10,50,72.268,9.951,13.1495,12.7425,20.8735,1.66861,1.66893
29,"n23m0123.hpc.itc.rwth-aachen.de",29,"29","uds",86,"n23m0123.hpc.itc.rwth-aachen.de",86,"86","uds",unix,64,4194304,10,50,81.965,11.6845,17.1521,17.416,24.717,1.66261,1.66055
29,"n23m0123.hpc.itc.rwth-aachen.de",29,"29","uds",87,"n23m0123.hpc.itc.rwth-aachen.de",87,"87","uds",unix,64,4194304,10,50,77.731,10.896,13.4211,12.993,22.9085,1.6739,1.67389
29,"n23m0123.hpc.itc.rwth-aachen.de",29,"29","uds",88,"n23m0123.hpc.itc.rwth-aachen.de",88,"88","uds",unix,64,4194304,10,50,86.92,10.244,12.8735,12.6547,17.1465,1.68825,1.68755
29,"n23m0123.hpc.itc.rwth-aachen.de",29,"29","uds",89,"n23m0123.hpc.itc.rwth-aachen.de",89,"89","uds",unix,64,4194304,10,50,66.88,10.749,13.9111,13.6698,25.62,1.66452,1.66418
29,"n23m0123.hpc.itc.rwth-aachen.de",29,"29","uds",90,"n23m0123.hpc.itc.rwth-aachen.de",90,"90","uds",unix,64,4194304,10,50,64.326,10.573,13.0278,12.9383,15.8265,1.67695,1.67738
29,"n23m0123.hpc.itc.rwth-aachen.de",29,"29","uds",91,"n23m0123.hpc.itc.rwth-aachen.de",91,"91","uds",unix,64,4194304,10,50,61.662,11.2115,14.0715,13.8915,22.588,1.66928,1.66959
29,"n23m0123.hpc.itc.rwth-aachen.de",29,"29","uds",92,"n23m0123.hpc.itc.rwth-aachen.de",92,"92","uds",unix,64,4194304,10,50,61.93,10.4865,13.1362,12.951,18.628,1.67455,1.67458
29,"n23m0123.hpc.itc.rwth-aachen.de",29,"29","uds",93,"n23m0123.hpc.itc.rwth-aachen.de",93,"93","uds",unix,64,4194304,10,50,70.913,10.6875,13.2228,13.0625,20.989,1.68294,1.68376
29,"n23m0123.hpc.itc.rwth-aachen.de",29,"29","uds",94,"n23m0123.hpc.itc.rwth-aachen.de",94,"94","uds",unix,64,4194304,10,50,63.585,10.3415,13.6984,13.4073,18.5305,1.67775,1.67843
29,"n23m0123.hpc.itc.rwth-aachen.de",29,"29","uds",95,"n23m0123.hpc.itc.rwth-aachen.de",95,"95","uds",unix,64,4194304,10,50,65.636,10.711,13.6958,13.4868,24.614,1.66935,1.66817
30,"n23m0123.hpc.itc.rwth-aachen.de",30,"30","uds",31,"n23m0123.hpc.itc.rwth-aachen.de",31,"31","uds",unix,64,4194304,10,50,122.875,5.952,7.45136,7.20525,12.6945,5.50956,5.4444
30,"n23m0123.hpc.itc.rwth-aachen.de",30,"30","uds",32,"n23m0123.hpc.itc.rwth-aachen.de",32,"32","uds",unix,64,4194304,10,50,47.841,3.105,4.99447,5.03,9.3785,7.48427,7.48824
30,"n23m0123.hpc.itc.rwth-aachen.de",30,"30","uds",33,"n23m0123.hpc.itc.rwth-aachen.de",33,"33","uds",unix,64,4194304,10,50,39.589,2.4725,3.44141,3.47175,4.749,7.75734,7.71536
30,"n23m0123.hpc.itc.rwth-aachen.de",30,"30","uds",34,"n23m0123.hpc.itc.rwth-aachen.de",34,"34","uds",unix,64,4194304,10,50,41.038,2.5965,3.43598,2.796,5.376,7.53706,7.60925
30,"n23m0123.hpc.itc.rwth-aachen.de",30,"30","uds",35,"n23m0123.hpc.itc.rwth-aachen.de",35,"35","uds",unix,64,4194304,10,50,42.1,2.716,3.95505,3.85175,8.185,7.48322,7.54068
30,"n23m0123.hpc.itc.rwth-aachen.de",30,"30","uds",36,"n23m0123.hpc.itc.rwth-aachen.de",36,"36","uds",unix,64,4194304,10,50,42.598,2.6335,3.55132,3.591,5.587,7.28907,7.29221
30,"n23m0123.hpc.itc.rwth-aachen.de",30,"30","uds",37,"n23m0123.hpc.itc.rwth-aachen.de",37,"37","uds",unix,64,4194304,10,50,40.514,2.6745,3.8205,3.85375,4.984,7.26068,7.22096
30,"n23m0123.hpc.itc.rwth-aachen.de",30,"30","uds",38,"n23m0123.hpc.itc.rwth-aachen.de",38,"38","uds",unix,64,4194304,10,50,31.648,2.813,4.15513,3.99475,5.538,7.19533,7.21622
30,"n23m0123.hpc.itc.rwth-aachen.de",30,"30","uds",39,"n23m0123.hpc.itc.rwth-aachen.de",39,"39","uds",unix,64,4194304,10,50,44.595,2.863,4.26109,4.49525,6.5545,7.18657,7.15089
30,"n23m0123.hpc.itc.rwth-aachen.de",30,"30","uds",40,"n23m0123.hpc.itc.rwth-aachen.de",40,"40","uds",unix,64,4194304,10,50,30.676,2.5915,3.38431,2.96075,4.974,7.27338,7.2264
30,"n23m0123.hpc.itc.rwth-aachen.de",30,"30","uds",41,"n23m0123.hpc.itc.rwth-aachen.de",41,"41","uds",unix,64,4194304,10,50,31.019,2.5335,3.19713,2.78075,4.7105,7.38087,7.29114
30,"n23m0123.hpc.itc.rwth-aachen.de",30,"30","uds",42,"n23m0123.hpc.itc.rwth-aachen.de",42,"42","uds",unix,64,4194304,10,50,33.305,2.641,3.38977,2.91375,6.122,7.29267,7.23741
30,"n23m0123.hpc.itc.rwth-aachen.de",30,"30","uds",43,"n23m0123.hpc.itc.rwth-aachen.de",43,"43","uds",unix,64,4194304,10,50,30.446,2.787,4.39886,4.721,5.324,7.15942,7.10435
30,"n23m0123.hpc.itc.rwth-aachen.de",30,"30","uds",44,"n23m0123.hpc.itc.rwth-aachen.de",44,"44","uds",unix,64,4194304,10,50,30.035,2.5355,3.38487,3.205,6.544,7.30143,7.23347
30,"n23m0123.hpc.itc.rwth-aachen.de",30,"30","uds",45,"n23m0123.hpc.itc.rwth-aachen.de",45,"45","uds",unix,64,4194304,10,50,31.052,2.797,4.38652,4.73725,5.337,7.2422,7.2011
30,"n23m0123.hpc.itc.rwth-aachen.de",30,"30","uds",46,"n23m0123.hpc.itc.rwth-aachen.de",46,"46","uds",unix,64,4194304,10,50,31.373,2.6855,3.49617,3.244,5.234,7.19696,7.15855
30,"n23m0123.hpc.itc.rwth-aachen.de",30,"30","uds",47,"n23m0123.hpc.itc.rwth-aachen.de",47,"47","uds",unix,64,4194304,10,50,31.748,2.627,3.43601,2.93275,7.0995,7.14008,7.07895
30,"n23m0123.hpc.itc.rwth-aachen.de",30,"30","uds",48,"n23m0123.hpc.itc.rwth-aachen.de",48,"48","uds",unix,64,4194304,10,50,44.807,5.148,7.53319,7.41475,11.5045,3.35583,3.3482
30,"n23m0123.hpc.itc.rwth-aachen.de",30,"30","uds",49,"n23m0123.hpc.itc.rwth-aachen.de",49,"49","uds",unix,64,4194304,10,50,52.132,5.102,7.43319,7.31575,9.8625,3.41713,3.41947
30,"n23m0123.hpc.itc.rwth-aachen.de",30,"30","uds",50,"n23m0123.hpc.itc.rwth-aachen.de",50,"50","uds",unix,64,4194304,10,50,48.492,5.1615,7.73644,7.468,12.4335,3.39556,3.39893
30,"n23m0123.hpc.itc.rwth-aachen.de",30,"30","uds",51,"n23m0123.hpc.itc.rwth-aachen.de",51,"51","uds",unix,64,4194304,10,50,55.757,4.8685,6.93746,7.013,11.221,3.41536,3.40324
30,"n23m0123.hpc.itc.rwth-aachen.de",30,"30","uds",52,"n23m0123.hpc.itc.rwth-aachen.de",52,"52","uds",unix,64,4194304,10,50,41.21,5.3275,7.68578,7.4095,9.7665,3.42635,3.42051
30,"n23m0123.hpc.itc.rwth-aachen.de",30,"30","uds",53,"n23m0123.hpc.itc.rwth-aachen.de",53,"53","uds",unix,64,4194304,10,50,41.476,4.966,6.66478,6.926,10.3205,3.4229,3.41893
30,"n23m0123.hpc.itc.rwth-aachen.de",30,"30","uds",54,"n23m0123.hpc.itc.rwth-aachen.de",54,"54","uds",unix,64,4194304,10,50,44.113,5.153,7.74268,7.42675,10.5055,3.28659,3.16414
30,"n23m0123.hpc.itc.rwth-aachen.de",30,"30","uds",55,"n23m0123.hpc.itc.rwth-aachen.de",55,"55","uds",unix,64,4194304,10,50,52.233,5.106,7.12301,7.12775,9.3515,3.33445,3.33452
30,"n23m0123.hpc.itc.rwth-aachen.de",30,"30","uds",56,"n23m0123.hpc.itc.rwth-aachen.de",56,"56","uds",unix,64,4194304,10,50,48.123,5.371,7.98067,7.59275,11.971,3.3349,3.32842
30,"n23m0123.hpc.itc.rwth-aachen.de",30,"30","uds",57,"n23m0123.hpc.itc.rwth-aachen.de",57,"57","uds",unix,64,4194304,10,50,41.333,5.5345,7.91953,7.63025,9.724,3.30544,3.30401
30,"n23m0123.hpc.itc.rwth-aachen.de",30,"30","uds",58,"n23m0123.hpc.itc.rwth-aachen.de",58,"58","uds",unix,64,4194304,10,50,37.091,5.2385,7.35333,7.22025,11.693,3.3501,3.34164
30,"n23m0123.hpc.itc.rwth-aachen.de",30,"30","uds",59,"n23m0123.hpc.itc.rwth-aachen.de",59,"59","uds",unix,64,4194304,10,50,40.396,5.171,7.07114,6.91725,11.793,3.36019,3.32342
30,"n23m0123.hpc.itc.rwth-aachen.de",30,"30","uds",60,"n23m0123.hpc.itc.rwth-aachen.de",60,"60","uds",unix,64,4194304,10,50,57.255,5.2875,7.25236,7.2425,10.4785,3.35099,3.34929
30,"n23m0123.hpc.itc.rwth-aachen.de",30,"30","uds",61,"n23m0123.hpc.itc.rwth-aachen.de",61,"61","uds",unix,64,4194304,10,50,58.494,5.1585,6.94586,7.14625,9.383,3.38276,3.37284
30,"n23m0123.hpc.itc.rwth-aachen.de",30,"30","uds",62,"n23m0123.hpc.itc.rwth-aachen.de",62,"62","uds",unix,64,4194304,10,50,45.858,5.2255,6.98741,7.13,9.852,3.38723,3.38205
30,"n23m0123.hpc.itc.rwth-aachen.de",30,"30","uds",63,"n23m0123.hpc.itc.rwth-aachen.de",63,"63","uds",unix,64,4194304,10,50,63.616,5.1865,7.00226,7.25675,9.747,3.38399,3.38288
30,"n23m0123.hpc.itc.rwth-aachen.de",30,"30","uds",64,"n23m0123.hpc.itc.rwth-aachen.de",64,"64","uds",unix,64,4194304,10,50,40.39,5.01,6.77735,7.1435,9.5165,3.4098,3.39733
30,"n23m0123.hpc.itc.rwth-aachen.de",30,"30","uds",65,"n23m0123.hpc.itc.rwth-aachen.de",65,"65","uds",unix,64,4194304,10,50,45.634,5.093,6.9452,7.0715,9.289,3.42333,3.41656
30,"n23m0123.hpc.itc.rwth-aachen.de",30,"30","uds",66,"n23m0123.hpc.itc.rwth-aachen.de",66,"66","uds",unix,64,4194304,10,50,43.332,5.5285,7.94716,7.716,11.1305,3.40773,3.4013
30,"n23m0123.hpc.itc.rwth-aachen.de",30,"30","uds",67,"n23m0123.hpc.itc.rwth-aachen.de",67,"67","uds",unix,64,4194304,10,50,36.102,4.953,6.7646,6.9495,10.0495,3.43442,3.43236
30,"n23m0123.hpc.itc.rwth-aachen.de",30,"30","uds",68,"n23m0123.hpc.itc.rwth-aachen.de",68,"68","uds",unix,64,4194304,10,50,42.59,5.2345,7.33078,7.405,10.03,3.43379,3.42846
30,"n23m0123.hpc.itc.rwth-aachen.de",30,"30","uds",69,"n23m0123.hpc.itc.rwth-aachen.de",69,"69","uds",unix,64,4194304,10,50,41.73,5.2485,7.47083,7.47525,12.522,3.39085,3.38403
30,"n23m0123.hpc.itc.rwth-aachen.de",30,"30","uds",70,"n23m0123.hpc.itc.rwth-aachen.de",70,"70","uds",unix,64,4194304,10,50,53.417,5.0385,7.19844,7.18075,11.302,3.45228,3.4459
30,"n23m0123.hpc.itc.rwth-aachen.de",30,"30","uds",71,"n23m0123.hpc.itc.rwth-aachen.de",71,"71","uds",unix,64,4194304,10,50,39.885,4.895,7.11014,7.3365,9.637,3.38991,3.38893
30,"n23m0123.hpc.itc.rwth-aachen.de",30,"30","uds",72,"n23m0123.hpc.itc.rwth-aachen.de",72,"72","uds",unix,64,4194304,10,50,44.717,5.0135,7.20164,7.08925,12.312,3.39517,3.39388
30,"n23m0123.hpc.itc.rwth-aachen.de",30,"30","uds",73,"n23m0123.hpc.itc.rwth-aachen.de",73,"73","uds",unix,64,4194304,10,50,51.427,5.523,7.99054,7.67325,12.2935,3.40899,3.40469
30,"n23m0123.hpc.itc.rwth-aachen.de",30,"30","uds",74,"n23m0123.hpc.itc.rwth-aachen.de",74,"74","uds",unix,64,4194304,10,50,45.392,5.3265,7.26985,7.5095,10.5165,3.39529,3.39876
30,"n23m0123.hpc.itc.rwth-aachen.de",30,"30","uds",75,"n23m0123.hpc.itc.rwth-aachen.de",75,"75","uds",unix,64,4194304,10,50,42.522,5.1465,7.15646,7.4415,10.446,3.42229,3.41346
30,"n23m0123.hpc.itc.rwth-aachen.de",30,"30","uds",76,"n23m0123.hpc.itc.rwth-aachen.de",76,"76","uds",unix,64,4194304,10,50,48.325,5.3965,7.94447,7.856,13.7785,3.42717,3.42272
30,"n23m0123.hpc.itc.rwth-aachen.de",30,"30","uds",77,"n23m0123.hpc.itc.rwth-aachen.de",77,"77","uds",unix,64,4194304,10,50,51.173,5.386,7.33286,7.3785,10.4765,3.42808,3.42737
30,"n23m0123.hpc.itc.rwth-aachen.de",30,"30","uds",78,"n23m0123.hpc.itc.rwth-aachen.de",78,"78","uds",unix,64,4194304,10,50,38.106,6.6455,8.0255,7.61675,10.3415,3.45221,3.43674
30,"n23m0123.hpc.itc.rwth-aachen.de",30,"30","uds",79,"n23m0123.hpc.itc.rwth-aachen.de",79,"79","uds",unix,64,4194304,10,50,40.546,5.04,6.83076,7.02925,10.8665,3.46264,3.45902
30,"n23m0123.hpc.itc.rwth-aachen.de",30,"30","uds",80,"n23m0123.hpc.itc.rwth-aachen.de",80,"80","uds",unix,64,4194304,10,50,40.989,4.875,7.4046,7.3535,13.8215,3.39914,3.38919
30,"n23m0123.hpc.itc.rwth-aachen.de",30,"30","uds",81,"n23m0123.hpc.itc.rwth-aachen.de",81,"81","uds",unix,64,4194304,10,50,44.805,4.982,6.65682,6.785,9.2435,3.43405,3.42479
30,"n23m0123.hpc.itc.rwth-aachen.de",30,"30","uds",82,"n23m0123.hpc.itc.rwth-aachen.de",82,"82","uds",unix,64,4194304,10,50,40.313,5.51,7.17484,7.37825,9.7965,3.42099,3.42087
30,"n23m0123.hpc.itc.rwth-aachen.de",30,"30","uds",83,"n23m0123.hpc.itc.rwth-aachen.de",83,"83","uds",unix,64,4194304,10,50,37.916,5.266,7.25432,7.3715,10.1635,3.4132,3.40234
30,"n23m0123.hpc.itc.rwth-aachen.de",30,"30","uds",84,"n23m0123.hpc.itc.rwth-aachen.de",84,"84","uds",unix,64,4194304,10,50,41.753,5.061,6.9631,7.1015,9.386,3.42947,3.42465
30,"n23m0123.hpc.itc.rwth-aachen.de",30,"30","uds",85,"n23m0123.hpc.itc.rwth-aachen.de",85,"85","uds",unix,64,4194304,10,50,41.456,5.4555,7.86598,7.5195,10.299,3.43424,3.43436
30,"n23m0123.hpc.itc.rwth-aachen.de",30,"30","uds",86,"n23m0123.hpc.itc.rwth-aachen.de",86,"86","uds",unix,64,4194304,10,50,39.069,5.2245,7.11083,7.155,9.7515,3.40454,3.40103
30,"n23m0123.hpc.itc.rwth-aachen.de",30,"30","uds",87,"n23m0123.hpc.itc.rwth-aachen.de",87,"87","uds",unix,64,4194304,10,50,37.421,5.478,7.73647,7.53425,10.1485,3.381,3.38275
30,"n23m0123.hpc.itc.rwth-aachen.de",30,"30","uds",88,"n23m0123.hpc.itc.rwth-aachen.de",88,"88","uds",unix,64,4194304,10,50,38.306,5.212,7.27491,7.3195,9.6715,3.44875,3.44518
30,"n23m0123.hpc.itc.rwth-aachen.de",30,"30","uds",89,"n23m0123.hpc.itc.rwth-aachen.de",89,"89","uds",unix,64,4194304,10,50,36.234,5.4215,7.11628,7.28875,10.163,3.39084,3.39101
30,"n23m0123.hpc.itc.rwth-aachen.de",30,"30","uds",90,"n23m0123.hpc.itc.rwth-aachen.de",90,"90","uds",unix,64,4194304,10,50,41.394,5.2465,7.89156,7.58975,11.2885,3.40611,3.39957
30,"n23m0123.hpc.itc.rwth-aachen.de",30,"30","uds",91,"n23m0123.hpc.itc.rwth-aachen.de",91,"91","uds",unix,64,4194304,10,50,36.925,5.3515,7.5778,7.51975,11.0745,3.38133,3.37313
30,"n23m0123.hpc.itc.rwth-aachen.de",30,"30","uds",92,"n23m0123.hpc.itc.rwth-aachen.de",92,"92","uds",unix,64,4194304,10,50,36.411,5.5155,7.75248,7.54075,9.959,3.39525,3.40112
30,"n23m0123.hpc.itc.rwth-aachen.de",30,"30","uds",93,"n23m0123.hpc.itc.rwth-aachen.de",93,"93","uds",unix,64,4194304,10,50,43.974,5.6995,8.41921,7.90825,12.524,3.41636,3.41496
30,"n23m0123.hpc.itc.rwth-aachen.de",30,"30","uds",94,"n23m0123.hpc.itc.rwth-aachen.de",94,"94","uds",unix,64,4194304,10,50,37.513,5.5065,8.09007,7.82225,11.1445,3.41154,3.4071
30,"n23m0123.hpc.itc.rwth-aachen.de",30,"30","uds",95,"n23m0123.hpc.itc.rwth-aachen.de",95,"95","uds",unix,64,4194304,10,50,38.59,5.345,7.47728,7.515,9.775,3.39063,3.38866
31,"n23m0123.hpc.itc.rwth-aachen.de",31,"31","uds",32,"n23m0123.hpc.itc.rwth-aachen.de",32,"32","uds",unix,64,4194304,10,50,76.596,2.5285,3.82035,3.687,7.2625,7.69589,7.63567
31,"n23m0123.hpc.itc.rwth-aachen.de",31,"31","uds",33,"n23m0123.hpc.itc.rwth-aachen.de",33,"33","uds",unix,64,4194304,10,50,40.863,2.7945,4.26252,4.2015,7.207,7.67253,7.61322
31,"n23m0123.hpc.itc.rwth-aachen.de",31,"31","uds",34,"n23m0123.hpc.itc.rwth-aachen.de",34,"34","uds",unix,64,4194304,10,50,48.276,2.8375,4.16945,4.196,5.671,7.60102,7.53886
31,"n23m0123.hpc.itc.rwth-aachen.de",31,"31","uds",35,"n23m0123.hpc.itc.rwth-aachen.de",35,"35","uds",unix,64,4194304,10,50,37.499,2.7625,4.30659,4.64275,5.6275,7.50393,7.44856
31,"n23m0123.hpc.itc.rwth-aachen.de",31,"31","uds",36,"n23m0123.hpc.itc.rwth-aachen.de",36,"36","uds",unix,64,4194304,10,50,41.077,2.77,4.12872,3.907,6.511,7.17519,7.12504
31,"n23m0123.hpc.itc.rwth-aachen.de",31,"31","uds",37,"n23m0123.hpc.itc.rwth-aachen.de",37,"37","uds",unix,64,4194304,10,50,51.696,2.838,4.3245,4.752,5.33,7.13218,7.07393
31,"n23m0123.hpc.itc.rwth-aachen.de",31,"31","uds",38,"n23m0123.hpc.itc.rwth-aachen.de",38,"38","uds",unix,64,4194304,10,50,33.017,2.68,4.12804,4.07075,5.141,7.10045,7.06148
31,"n23m0123.hpc.itc.rwth-aachen.de",31,"31","uds",39,"n23m0123.hpc.itc.rwth-aachen.de",39,"39","uds",unix,64,4194304,10,50,30.838,3.0385,4.84228,4.82775,7.5835,7.0772,7.02482
31,"n23m0123.hpc.itc.rwth-aachen.de",31,"31","uds",40,"n23m0123.hpc.itc.rwth-aachen.de",40,"40","uds",unix,64,4194304,10,50,31.181,3.008,4.81354,4.88975,6.3545,7.07597,7.03819
31,"n23m0123.hpc.itc.rwth-aachen.de",31,"31","uds",41,"n23m0123.hpc.itc.rwth-aachen.de",41,"41","uds",unix,64,4194304,10,50,33.47,2.8045,3.85264,3.895,5.326,7.15906,7.10403
31,"n23m0123.hpc.itc.rwth-aachen.de",31,"31","uds",42,"n23m0123.hpc.itc.rwth-aachen.de",42,"42","uds",unix,64,4194304,10,50,31.037,2.76,4.154,4.56075,5.0555,7.07126,7.07235
31,"n23m0123.hpc.itc.rwth-aachen.de",31,"31","uds",43,"n23m0123.hpc.itc.rwth-aachen.de",43,"43","uds",unix,64,4194304,10,50,32.988,3.0415,5.08741,5.195,6.911,7.01644,6.97241
31,"n23m0123.hpc.itc.rwth-aachen.de",31,"31","uds",44,"n23m0123.hpc.itc.rwth-aachen.de",44,"44","uds",unix,64,4194304,10,50,30.377,2.6965,3.79719,3.806,5.3825,7.16555,7.09077
31,"n23m0123.hpc.itc.rwth-aachen.de",31,"31","uds",45,"n23m0123.hpc.itc.rwth-aachen.de",45,"45","uds",unix,64,4194304,10,50,31.609,3.028,4.75074,4.97175,5.4285,7.09264,7.0472
31,"n23m0123.hpc.itc.rwth-aachen.de",31,"31","uds",46,"n23m0123.hpc.itc.rwth-aachen.de",46,"46","uds",unix,64,4194304,10,50,31.363,2.87,4.38578,4.45975,5.712,7.04163,7.00361
31,"n23m0123.hpc.itc.rwth-aachen.de",31,"31","uds",47,"n23m0123.hpc.itc.rwth-aachen.de",47,"47","uds",unix,64,4194304,10,50,32.48,2.9525,4.98429,5.1225,7.978,6.92827,6.90441
31,"n23m0123.hpc.itc.rwth-aachen.de",31,"31","uds",48,"n23m0123.hpc.itc.rwth-aachen.de",48,"48","uds",unix,64,4194304,10,50,50.424,5.0945,7.40977,7.313,9.5625,3.32407,3.31841
31,"n23m0123.hpc.itc.rwth-aachen.de",31,"31","uds",49,"n23m0123.hpc.itc.rwth-aachen.de",49,"49","uds",unix,64,4194304,10,50,49.86,5.75,8.02516,7.8085,10.5295,3.35838,3.35395
31,"n23m0123.hpc.itc.rwth-aachen.de",31,"31","uds",50,"n23m0123.hpc.itc.rwth-aachen.de",50,"50","uds",unix,64,4194304,10,50,44.892,5.0945,7.04373,7.154,10.8215,3.34193,3.34267
31,"n23m0123.hpc.itc.rwth-aachen.de",31,"31","uds",51,"n23m0123.hpc.itc.rwth-aachen.de",51,"51","uds",unix,64,4194304,10,50,45.717,5.2565,7.25554,7.301,12.3495,3.36059,3.36582
31,"n23m0123.hpc.itc.rwth-aachen.de",31,"31","uds",52,"n23m0123.hpc.itc.rwth-aachen.de",52,"52","uds",unix,64,4194304,10,50,46.044,5.5605,8.25014,8.0435,10.2695,3.36858,3.3648
31,"n23m0123.hpc.itc.rwth-aachen.de",31,"31","uds",53,"n23m0123.hpc.itc.rwth-aachen.de",53,"53","uds",unix,64,4194304,10,50,45.679,5.3975,7.52189,7.394,12.8195,3.31853,3.27411
31,"n23m0123.hpc.itc.rwth-aachen.de",31,"31","uds",54,"n23m0123.hpc.itc.rwth-aachen.de",54,"54","uds",unix,64,4194304,10,50,63.941,5.183,7.09231,7.165,9.2655,3.34258,3.34691
31,"n23m0123.hpc.itc.rwth-aachen.de",31,"31","uds",55,"n23m0123.hpc.itc.rwth-aachen.de",55,"55","uds",unix,64,4194304,10,50,48.438,5.367,7.19471,7.311,9.61,3.34385,3.33966
31,"n23m0123.hpc.itc.rwth-aachen.de",31,"31","uds",56,"n23m0123.hpc.itc.rwth-aachen.de",56,"56","uds",unix,64,4194304,10,50,45.156,5.422,7.16569,6.89025,12.601,3.33823,3.33769
31,"n23m0123.hpc.itc.rwth-aachen.de",31,"31","uds",57,"n23m0123.hpc.itc.rwth-aachen.de",57,"57","uds",unix,64,4194304,10,50,39.749,5.3995,7.57917,7.56175,11.5085,3.29705,3.24555
31,"n23m0123.hpc.itc.rwth-aachen.de",31,"31","uds",58,"n23m0123.hpc.itc.rwth-aachen.de",58,"58","uds",unix,64,4194304,10,50,50.943,5.032,6.60251,6.6575,9.662,3.33272,3.32638
31,"n23m0123.hpc.itc.rwth-aachen.de",31,"31","uds",59,"n23m0123.hpc.itc.rwth-aachen.de",59,"59","uds",unix,64,4194304,10,50,56.147,5.0965,6.99642,7.023,10.0045,3.32154,3.31955
31,"n23m0123.hpc.itc.rwth-aachen.de",31,"31","uds",60,"n23m0123.hpc.itc.rwth-aachen.de",60,"60","uds",unix,64,4194304,10,50,45.456,5.16,6.87243,6.86925,11.1665,3.3076,3.30113
31,"n23m0123.hpc.itc.rwth-aachen.de",31,"31","uds",61,"n23m0123.hpc.itc.rwth-aachen.de",61,"61","uds",unix,64,4194304,10,50,47.173,5.7445,8.37888,8.60175,10.531,3.32516,3.31559
31,"n23m0123.hpc.itc.rwth-aachen.de",31,"31","uds",62,"n23m0123.hpc.itc.rwth-aachen.de",62,"62","uds",unix,64,4194304,10,50,45.19,5.1735,7.08017,7.2095,10.0295,3.33303,3.32152
31,"n23m0123.hpc.itc.rwth-aachen.de",31,"31","uds",63,"n23m0123.hpc.itc.rwth-aachen.de",63,"63","uds",unix,64,4194304,10,50,43.09,5.0345,7.21206,7.30075,10.1265,3.34972,3.34141
31,"n23m0123.hpc.itc.rwth-aachen.de",31,"31","uds",64,"n23m0123.hpc.itc.rwth-aachen.de",64,"64","uds",unix,64,4194304,10,50,39.648,4.95,6.88894,7.134,9.6145,3.33887,3.33782
31,"n23m0123.hpc.itc.rwth-aachen.de",31,"31","uds",65,"n23m0123.hpc.itc.rwth-aachen.de",65,"65","uds",unix,64,4194304,10,50,40.861,5.132,6.92325,7.11475,9.7025,3.35247,3.34745
31,"n23m0123.hpc.itc.rwth-aachen.de",31,"31","uds",66,"n23m0123.hpc.itc.rwth-aachen.de",66,"66","uds",unix,64,4194304,10,50,42.604,5.1015,7.35484,7.257,10.386,3.33993,3.33715
31,"n23m0123.hpc.itc.rwth-aachen.de",31,"31","uds",67,"n23m0123.hpc.itc.rwth-aachen.de",67,"67","uds",unix,64,4194304,10,50,40.101,5.1375,7.04258,7.112,11.867,3.33803,3.33152
31,"n23m0123.hpc.itc.rwth-aachen.de",31,"31","uds",68,"n23m0123.hpc.itc.rwth-aachen.de",68,"68","uds",unix,64,4194304,10,50,37.207,5.5135,8.21136,7.89525,9.896,3.35395,3.34472
31,"n23m0123.hpc.itc.rwth-aachen.de",31,"31","uds",69,"n23m0123.hpc.itc.rwth-aachen.de",69,"69","uds",unix,64,4194304,10,50,40.241,5.3885,7.34863,7.52725,11.3275,3.29406,3.28569
31,"n23m0123.hpc.itc.rwth-aachen.de",31,"31","uds",70,"n23m0123.hpc.itc.rwth-aachen.de",70,"70","uds",unix,64,4194304,10,50,37.058,5.015,7.22563,7.20575,10.9665,3.33317,3.32054
31,"n23m0123.hpc.itc.rwth-aachen.de",31,"31","uds",71,"n23m0123.hpc.itc.rwth-aachen.de",71,"71","uds",unix,64,4194304,10,50,40.283,5.167,7.37416,7.383,10.4975,3.34577,3.33657
31,"n23m0123.hpc.itc.rwth-aachen.de",31,"31","uds",72,"n23m0123.hpc.itc.rwth-aachen.de",72,"72","uds",unix,64,4194304,10,50,45.19,5.2215,7.13789,7.26625,9.589,3.37758,3.37226
31,"n23m0123.hpc.itc.rwth-aachen.de",31,"31","uds",73,"n23m0123.hpc.itc.rwth-aachen.de",73,"73","uds",unix,64,4194304,10,50,45.025,6.9425,8.51406,8.097,12.122,3.34056,3.33266
31,"n23m0123.hpc.itc.rwth-aachen.de",31,"31","uds",74,"n23m0123.hpc.itc.rwth-aachen.de",74,"74","uds",unix,64,4194304,10,50,45.513,4.8915,7.33045,7.26325,12.3755,3.38133,3.3716
31,"n23m0123.hpc.itc.rwth-aachen.de",31,"31","uds",75,"n23m0123.hpc.itc.rwth-aachen.de",75,"75","uds",unix,64,4194304,10,50,43.445,5.7415,8.46669,8.0815,11.876,3.34372,3.34062
31,"n23m0123.hpc.itc.rwth-aachen.de",31,"31","uds",76,"n23m0123.hpc.itc.rwth-aachen.de",76,"76","uds",unix,64,4194304,10,50,42.866,5.429,7.61288,7.54875,12.524,3.38259,3.37525
31,"n23m0123.hpc.itc.rwth-aachen.de",31,"31","uds",77,"n23m0123.hpc.itc.rwth-aachen.de",77,"77","uds",unix,64,4194304,10,50,52.096,5.2675,7.55976,7.675,12.199,3.40119,3.39612
31,"n23m0123.hpc.itc.rwth-aachen.de",31,"31","uds",78,"n23m0123.hpc.itc.rwth-aachen.de",78,"78","uds",unix,64,4194304,10,50,38.009,5.4545,7.30841,7.51,9.6205,3.40555,3.39099
31,"n23m0123.hpc.itc.rwth-aachen.de",31,"31","uds",79,"n23m0123.hpc.itc.rwth-aachen.de",79,"79","uds",unix,64,4194304,10,50,43.98,5.305,7.40221,7.43725,9.663,3.4081,3.40405
31,"n23m0123.hpc.itc.rwth-aachen.de",31,"31","uds",80,"n23m0123.hpc.itc.rwth-aachen.de",80,"80","uds",unix,64,4194304,10,50,38.892,5.7945,8.69221,8.584,10.3885,3.35762,3.34818
31,"n23m0123.hpc.itc.rwth-aachen.de",31,"31","uds",81,"n23m0123.hpc.itc.rwth-aachen.de",81,"81","uds",unix,64,4194304,10,50,43.046,5.1715,7.25126,7.19425,9.6905,3.40128,3.39985
31,"n23m0123.hpc.itc.rwth-aachen.de",31,"31","uds",82,"n23m0123.hpc.itc.rwth-aachen.de",82,"82","uds",unix,64,4194304,10,50,39.926,5.532,7.81115,7.84925,16.867,3.37229,3.36766
31,"n23m0123.hpc.itc.rwth-aachen.de",31,"31","uds",83,"n23m0123.hpc.itc.rwth-aachen.de",83,"83","uds",unix,64,4194304,10,50,48.209,5.3115,7.33555,7.3035,9.801,3.33533,3.33423
31,"n23m0123.hpc.itc.rwth-aachen.de",31,"31","uds",84,"n23m0123.hpc.itc.rwth-aachen.de",84,"84","uds",unix,64,4194304,10,50,47.051,5.003,7.21721,7.34175,9.8605,3.35104,3.35102
31,"n23m0123.hpc.itc.rwth-aachen.de",31,"31","uds",85,"n23m0123.hpc.itc.rwth-aachen.de",85,"85","uds",unix,64,4194304,10,50,43.007,5.2765,7.36227,7.34175,10.2045,3.35596,3.34902
31,"n23m0123.hpc.itc.rwth-aachen.de",31,"31","uds",86,"n23m0123.hpc.itc.rwth-aachen.de",86,"86","uds",unix,64,4194304,10,50,36.492,5.3475,6.90715,7.2005,10.0565,3.3312,3.33688
31,"n23m0123.hpc.itc.rwth-aachen.de",31,"31","uds",87,"n23m0123.hpc.itc.rwth-aachen.de",87,"87","uds",unix,64,4194304,10,50,42.644,5.541,8.4072,8.22675,12.338,3.32825,3.32913
31,"n23m0123.hpc.itc.rwth-aachen.de",31,"31","uds",88,"n23m0123.hpc.itc.rwth-aachen.de",88,"88","uds",unix,64,4194304,10,50,37.034,5.164,7.11688,7.31425,9.5795,3.40091,3.38807
31,"n23m0123.hpc.itc.rwth-aachen.de",31,"31","uds",89,"n23m0123.hpc.itc.rwth-aachen.de",89,"89","uds",unix,64,4194304,10,50,41.351,5.422,7.74019,7.79475,9.896,3.34155,3.3348
31,"n23m0123.hpc.itc.rwth-aachen.de",31,"31","uds",90,"n23m0123.hpc.itc.rwth-aachen.de",90,"90","uds",unix,64,4194304,10,50,49.377,5.1955,7.13033,7.10975,13.2645,3.36343,3.35459
31,"n23m0123.hpc.itc.rwth-aachen.de",31,"31","uds",91,"n23m0123.hpc.itc.rwth-aachen.de",91,"91","uds",unix,64,4194304,10,50,37.105,5.743,8.01129,7.793,12.511,3.36628,3.35588
31,"n23m0123.hpc.itc.rwth-aachen.de",31,"31","uds",92,"n23m0123.hpc.itc.rwth-aachen.de",92,"92","uds",unix,64,4194304,10,50,38.175,6.7425,8.35277,8.6565,10.166,3.38732,3.38925
31,"n23m0123.hpc.itc.rwth-aachen.de",31,"31","uds",93,"n23m0123.hpc.itc.rwth-aachen.de",93,"93","uds",unix,64,4194304,10,50,41.072,5.4525,7.40162,7.303,12.2805,3.3973,3.39397
31,"n23m0123.hpc.itc.rwth-aachen.de",31,"31","uds",94,"n23m0123.hpc.itc.rwth-aachen.de",94,"94","uds",unix,64,4194304,10,50,37.874,5.2635,7.52948,7.4385,10.9385,3.38062,3.37328
31,"n23m0123.hpc.itc.rwth-aachen.de",31,"31","uds",95,"n23m0123.hpc.itc.rwth-aachen.de",95,"95","uds",unix,64,4194304,10,50,43.369,5.3365,7.71484,7.55275,10.619,3.37311,3.36752
32,"n23m0123.hpc.itc.rwth-aachen.de",32,"32","uds",33,"n23m0123.hpc.itc.rwth-aachen.de",33,"33","uds",unix,64,4194304,10,50,72.876,4.4825,4.89471,4.88175,5.3615,7.70993,7.616
32,"n23m0123.hpc.itc.rwth-aachen.de",32,"32","uds",34,"n23m0123.hpc.itc.rwth-aachen.de",34,"34","uds",unix,64,4194304,10,50,38.671,2.49,3.26592,2.71675,4.9635,7.55428,7.50392
32,"n23m0123.hpc.itc.rwth-aachen.de",32,"32","uds",35,"n23m0123.hpc.itc.rwth-aachen.de",35,"35","uds",unix,64,4194304,10,50,35.929,4.275,4.79831,4.77,6.7975,7.55757,7.47561
32,"n23m0123.hpc.itc.rwth-aachen.de",32,"32","uds",36,"n23m0123.hpc.itc.rwth-aachen.de",36,"36","uds",unix,64,4194304,10,50,41.279,2.552,3.24625,2.87225,4.7215,7.32514,7.26523
32,"n23m0123.hpc.itc.rwth-aachen.de",32,"32","uds",37,"n23m0123.hpc.itc.rwth-aachen.de",37,"37","uds",unix,64,4194304,10,50,37.43,2.8085,4.24862,4.43775,5.021,7.31311,7.25661
32,"n23m0123.hpc.itc.rwth-aachen.de",32,"32","uds",38,"n23m0123.hpc.itc.rwth-aachen.de",38,"38","uds",unix,64,4194304,10,50,41.022,2.472,3.17827,2.91425,4.827,7.29562,7.2202
32,"n23m0123.hpc.itc.rwth-aachen.de",32,"32","uds",39,"n23m0123.hpc.itc.rwth-aachen.de",39,"39","uds",unix,64,4194304,10,50,29.311,2.978,4.60529,4.77525,5.2295,7.19117,7.16226
32,"n23m0123.hpc.itc.rwth-aachen.de",32,"32","uds",40,"n23m0123.hpc.itc.rwth-aachen.de",40,"40","uds",unix,64,4194304,10,50,30.208,2.738,4.2588,4.00075,8.2415,7.25273,7.20046
32,"n23m0123.hpc.itc.rwth-aachen.de",32,"32","uds",41,"n23m0123.hpc.itc.rwth-aachen.de",41,"41","uds",unix,64,4194304,10,50,33.125,2.639,3.81997,3.621,11.2615,7.31467,7.25786
32,"n23m0123.hpc.itc.rwth-aachen.de",32,"32","uds",42,"n23m0123.hpc.itc.rwth-aachen.de",42,"42","uds",unix,64,4194304,10,50,29.242,3.32,4.67197,4.68525,6.9035,7.27905,7.21763
32,"n23m0123.hpc.itc.rwth-aachen.de",32,"32","uds",43,"n23m0123.hpc.itc.rwth-aachen.de",43,"43","uds",unix,64,4194304,10,50,29.472,2.8665,4.77872,4.8395,8.213,7.14863,7.08471
32,"n23m0123.hpc.itc.rwth-aachen.de",32,"32","uds",44,"n23m0123.hpc.itc.rwth-aachen.de",44,"44","uds",unix,64,4194304,10,50,28.759,2.6975,3.84657,3.647,8.4325,7.21279,7.22253
32,"n23m0123.hpc.itc.rwth-aachen.de",32,"32","uds",45,"n23m0123.hpc.itc.rwth-aachen.de",45,"45","uds",unix,64,4194304,10,50,30.474,2.8725,4.71884,4.6225,7.9135,7.20841,7.17824
32,"n23m0123.hpc.itc.rwth-aachen.de",32,"32","uds",46,"n23m0123.hpc.itc.rwth-aachen.de",46,"46","uds",unix,64,4194304,10,50,30.486,2.8715,4.04123,3.91175,5.302,7.17449,7.12928
32,"n23m0123.hpc.itc.rwth-aachen.de",32,"32","uds",47,"n23m0123.hpc.itc.rwth-aachen.de",47,"47","uds",unix,64,4194304,10,50,29.097,2.715,3.90336,3.82375,6.149,7.08179,7.04434
32,"n23m0123.hpc.itc.rwth-aachen.de",32,"32","uds",48,"n23m0123.hpc.itc.rwth-aachen.de",48,"48","uds",unix,64,4194304,10,50,47.269,5.3745,7.44596,7.33575,10.0915,3.32973,3.32256
32,"n23m0123.hpc.itc.rwth-aachen.de",32,"32","uds",49,"n23m0123.hpc.itc.rwth-aachen.de",49,"49","uds",unix,64,4194304,10,50,51.921,4.997,7.76616,7.49225,11.7145,3.38562,3.38016
32,"n23m0123.hpc.itc.rwth-aachen.de",32,"32","uds",50,"n23m0123.hpc.itc.rwth-aachen.de",50,"50","uds",unix,64,4194304,10,50,50.029,5.0665,6.57663,5.61775,12.969,3.37713,3.36959
32,"n23m0123.hpc.itc.rwth-aachen.de",32,"32","uds",51,"n23m0123.hpc.itc.rwth-aachen.de",51,"51","uds",unix,64,4194304,10,50,48.844,5.18,7.4278,7.195,9.4535,3.39161,3.39578
32,"n23m0123.hpc.itc.rwth-aachen.de",32,"32","uds",52,"n23m0123.hpc.itc.rwth-aachen.de",52,"52","uds",unix,64,4194304,10,50,38.155,5.089,6.73803,6.95025,9.417,3.39557,3.38959
32,"n23m0123.hpc.itc.rwth-aachen.de",32,"32","uds",53,"n23m0123.hpc.itc.rwth-aachen.de",53,"53","uds",unix,64,4194304,10,50,49.684,5.149,7.17961,7.12225,13.0175,3.41403,3.40343
32,"n23m0123.hpc.itc.rwth-aachen.de",32,"32","uds",54,"n23m0123.hpc.itc.rwth-aachen.de",54,"54","uds",unix,64,4194304,10,50,43.677,5.5915,7.78845,7.52375,9.6565,3.38422,3.39116
32,"n23m0123.hpc.itc.rwth-aachen.de",32,"32","uds",55,"n23m0123.hpc.itc.rwth-aachen.de",55,"55","uds",unix,64,4194304,10,50,49.332,5.4065,7.4478,7.39175,12.4095,3.38956,3.38812
32,"n23m0123.hpc.itc.rwth-aachen.de",32,"32","uds",56,"n23m0123.hpc.itc.rwth-aachen.de",56,"56","uds",unix,64,4194304,10,50,52.122,5.3805,7.68404,7.575,12.492,3.39328,3.34158
32,"n23m0123.hpc.itc.rwth-aachen.de",32,"32","uds",57,"n23m0123.hpc.itc.rwth-aachen.de",57,"57","uds",unix,64,4194304,10,50,64.334,5.315,7.53338,7.3795,11.3005,3.33907,3.33726
32,"n23m0123.hpc.itc.rwth-aachen.de",32,"32","uds",58,"n23m0123.hpc.itc.rwth-aachen.de",58,"58","uds",unix,64,4194304,10,50,42.545,5.026,7.22891,7.266,11.7845,3.39646,3.38746
32,"n23m0123.hpc.itc.rwth-aachen.de",32,"32","uds",59,"n23m0123.hpc.itc.rwth-aachen.de",59,"59","uds",unix,64,4194304,10,50,43.062,5.1405,7.07927,7.00825,10.2755,3.39038,3.38862
32,"n23m0123.hpc.itc.rwth-aachen.de",32,"32","uds",60,"n23m0123.hpc.itc.rwth-aachen.de",60,"60","uds",unix,64,4194304,10,50,43.737,5.3975,7.56651,7.47275,10.2345,3.33918,3.33821
32,"n23m0123.hpc.itc.rwth-aachen.de",32,"32","uds",61,"n23m0123.hpc.itc.rwth-aachen.de",61,"61","uds",unix,64,4194304,10,50,43.25,5.985,7.99906,7.79275,11.313,3.40419,3.40433
32,"n23m0123.hpc.itc.rwth-aachen.de",32,"32","uds",62,"n23m0123.hpc.itc.rwth-aachen.de",62,"62","uds",unix,64,4194304,10,50,38.317,5.141,7.03759,7.0905,13.354,3.39945,3.38822
32,"n23m0123.hpc.itc.rwth-aachen.de",32,"32","uds",63,"n23m0123.hpc.itc.rwth-aachen.de",63,"63","uds",unix,64,4194304,10,50,43.687,5.2745,7.13501,7.20975,11.499,3.37422,3.37466
32,"n23m0123.hpc.itc.rwth-aachen.de",32,"32","uds",64,"n23m0123.hpc.itc.rwth-aachen.de",64,"64","uds",unix,64,4194304,10,50,42.083,4.9325,7.17594,7.11825,13.171,3.40205,3.39053
32,"n23m0123.hpc.itc.rwth-aachen.de",32,"32","uds",65,"n23m0123.hpc.itc.rwth-aachen.de",65,"65","uds",unix,64,4194304,10,50,40.4,5.062,6.60536,6.87825,8.983,3.40715,3.40376
32,"n23m0123.hpc.itc.rwth-aachen.de",32,"32","uds",66,"n23m0123.hpc.itc.rwth-aachen.de",66,"66","uds",unix,64,4194304,10,50,41.455,5.393,7.76283,7.625,9.8895,3.42855,3.41553
32,"n23m0123.hpc.itc.rwth-aachen.de",32,"32","uds",67,"n23m0123.hpc.itc.rwth-aachen.de",67,"67","uds",unix,64,4194304,10,50,36.896,5.2485,7.8168,7.6935,9.804,3.41858,3.414
32,"n23m0123.hpc.itc.rwth-aachen.de",32,"32","uds",68,"n23m0123.hpc.itc.rwth-aachen.de",68,"68","uds",unix,64,4194304,10,50,38.006,5.7545,8.05784,7.89975,10.593,3.39626,3.39541
32,"n23m0123.hpc.itc.rwth-aachen.de",32,"32","uds",69,"n23m0123.hpc.itc.rwth-aachen.de",69,"69","uds",unix,64,4194304,10,50,41.133,5.11,7.11219,7.312,10.6495,3.3628,3.35309
32,"n23m0123.hpc.itc.rwth-aachen.de",32,"32","uds",70,"n23m0123.hpc.itc.rwth-aachen.de",70,"70","uds",unix,64,4194304,10,50,39.417,5.4755,7.95601,7.8335,12.035,3.39618,3.3894
32,"n23m0123.hpc.itc.rwth-aachen.de",32,"32","uds",71,"n23m0123.hpc.itc.rwth-aachen.de",71,"71","uds",unix,64,4194304,10,50,37.414,5.2555,7.52127,7.46825,9.7755,3.36559,3.36728
32,"n23m0123.hpc.itc.rwth-aachen.de",32,"32","uds",72,"n23m0123.hpc.itc.rwth-aachen.de",72,"72","uds",unix,64,4194304,10,50,41.52,5.136,7.28272,7.356,10.96,3.39224,3.38534
32,"n23m0123.hpc.itc.rwth-aachen.de",32,"32","uds",73,"n23m0123.hpc.itc.rwth-aachen.de",73,"73","uds",unix,64,4194304,10,50,40.011,5.7365,8.33546,8.514,9.929,3.37466,3.36767
32,"n23m0123.hpc.itc.rwth-aachen.de",32,"32","uds",74,"n23m0123.hpc.itc.rwth-aachen.de",74,"74","uds",unix,64,4194304,10,50,41.041,4.945,7.13394,7.08575,9.9155,3.40893,3.40039
32,"n23m0123.hpc.itc.rwth-aachen.de",32,"32","uds",75,"n23m0123.hpc.itc.rwth-aachen.de",75,"75","uds",unix,64,4194304,10,50,40.343,5.19,7.21001,7.3915,9.908,3.38375,3.37571
32,"n23m0123.hpc.itc.rwth-aachen.de",32,"32","uds",76,"n23m0123.hpc.itc.rwth-aachen.de",76,"76","uds",unix,64,4194304,10,50,39.769,5.368,7.46754,7.44825,10.9505,3.41129,3.39355
32,"n23m0123.hpc.itc.rwth-aachen.de",32,"32","uds",77,"n23m0123.hpc.itc.rwth-aachen.de",77,"77","uds",unix,64,4194304,10,50,47.413,5.189,7.53325,7.3265,12.7515,3.41721,3.41594
32,"n23m0123.hpc.itc.rwth-aachen.de",32,"32","uds",78,"n23m0123.hpc.itc.rwth-aachen.de",78,"78","uds",unix,64,4194304,10,50,35.301,5.5215,7.68155,7.626,11.08,3.41937,3.41379
32,"n23m0123.hpc.itc.rwth-aachen.de",32,"32","uds",79,"n23m0123.hpc.itc.rwth-aachen.de",79,"79","uds",unix,64,4194304,10,50,34.259,5.09,7.15186,7.0375,11.43,3.42862,3.41872
32,"n23m0123.hpc.itc.rwth-aachen.de",32,"32","uds",80,"n23m0123.hpc.itc.rwth-aachen.de",80,"80","uds",unix,64,4194304,10,50,35.124,8.022,9.10476,9.03925,10.324,3.38727,3.38231
32,"n23m0123.hpc.itc.rwth-aachen.de",32,"32","uds",81,"n23m0123.hpc.itc.rwth-aachen.de",81,"81","uds",unix,64,4194304,10,50,35.45,5.0515,6.72986,6.7635,11.135,3.41162,3.4041
32,"n23m0123.hpc.itc.rwth-aachen.de",32,"32","uds",82,"n23m0123.hpc.itc.rwth-aachen.de",82,"82","uds",unix,64,4194304,10,50,41.471,5.2275,8.03158,8.322,11.666,3.39421,3.38445
32,"n23m0123.hpc.itc.rwth-aachen.de",32,"32","uds",83,"n23m0123.hpc.itc.rwth-aachen.de",83,"83","uds",unix,64,4194304,10,50,44.092,5.0125,6.94088,7.12525,10.8575,3.36713,3.36232
32,"n23m0123.hpc.itc.rwth-aachen.de",32,"32","uds",84,"n23m0123.hpc.itc.rwth-aachen.de",84,"84","uds",unix,64,4194304,10,50,40.213,5.025,6.56733,6.775,11.6095,3.39141,3.3908
32,"n23m0123.hpc.itc.rwth-aachen.de",32,"32","uds",85,"n23m0123.hpc.itc.rwth-aachen.de",85,"85","uds",unix,64,4194304,10,50,36.76,5.547,8.18885,8.04075,11.098,3.39525,3.38849
32,"n23m0123.hpc.itc.rwth-aachen.de",32,"32","uds",86,"n23m0123.hpc.itc.rwth-aachen.de",86,"86","uds",unix,64,4194304,10,50,40.129,5.564,7.71022,7.49875,11.7455,3.38107,3.375
32,"n23m0123.hpc.itc.rwth-aachen.de",32,"32","uds",87,"n23m0123.hpc.itc.rwth-aachen.de",87,"87","uds",unix,64,4194304,10,50,37.682,5.4445,8.1181,7.7685,12.6025,3.33517,3.34169
32,"n23m0123.hpc.itc.rwth-aachen.de",32,"32","uds",88,"n23m0123.hpc.itc.rwth-aachen.de",88,"88","uds",unix,64,4194304,10,50,34.672,5.181,7.15968,7.1075,12.3505,3.4007,3.40306
32,"n23m0123.hpc.itc.rwth-aachen.de",32,"32","uds",89,"n23m0123.hpc.itc.rwth-aachen.de",89,"89","uds",unix,64,4194304,10,50,39.8,5.226,7.44473,7.4355,12.129,3.37515,3.37131
32,"n23m0123.hpc.itc.rwth-aachen.de",32,"32","uds",90,"n23m0123.hpc.itc.rwth-aachen.de",90,"90","uds",unix,64,4194304,10,50,42.828,5.357,7.03545,6.979,11.763,3.39431,3.38866
32,"n23m0123.hpc.itc.rwth-aachen.de",32,"32","uds",91,"n23m0123.hpc.itc.rwth-aachen.de",91,"91","uds",unix,64,4194304,10,50,36.078,5.133,7.07871,7.01775,10.43,3.4013,3.39137
32,"n23m0123.hpc.itc.rwth-aachen.de",32,"32","uds",92,"n23m0123.hpc.itc.rwth-aachen.de",92,"92","uds",unix,64,4194304,10,50,36.885,7.765,9.15568,9.13725,10.8105,3.38006,3.36008
32,"n23m0123.hpc.itc.rwth-aachen.de",32,"32","uds",93,"n23m0123.hpc.itc.rwth-aachen.de",93,"93","uds",unix,64,4194304,10,50,51.858,5.09,7.37741,7.21025,10.033,3.34093,3.31246
32,"n23m0123.hpc.itc.rwth-aachen.de",32,"32","uds",94,"n23m0123.hpc.itc.rwth-aachen.de",94,"94","uds",unix,64,4194304,10,50,47.625,5.1545,6.70362,6.885,9.2765,3.33546,3.2644
32,"n23m0123.hpc.itc.rwth-aachen.de",32,"32","uds",95,"n23m0123.hpc.itc.rwth-aachen.de",95,"95","uds",unix,64,4194304,10,50,61.225,5.328,7.34294,7.4355,9.8665,3.35274,3.34326
33,"n23m0123.hpc.itc.rwth-aachen.de",33,"33","uds",34,"n23m0123.hpc.itc.rwth-aachen.de",34,"34","uds",unix,64,4194304,10,50,74.056,2.605,3.96328,3.8485,5.9985,7.54608,7.49419
33,"n23m0123.hpc.itc.rwth-aachen.de",33,"33","uds",35,"n23m0123.hpc.itc.rwth-aachen.de",35,"35","uds",unix,64,4194304,10,50,40.734,2.677,4.17602,4.14175,8.7325,7.49032,7.40505
33,"n23m0123.hpc.itc.rwth-aachen.de",33,"33","uds",36,"n23m0123.hpc.itc.rwth-aachen.de",36,"36","uds",unix,64,4194304,10,50,45.616,2.83,4.24732,4.01975,10.7915,7.31704,7.27391
33,"n23m0123.hpc.itc.rwth-aachen.de",33,"33","uds",37,"n23m0123.hpc.itc.rwth-aachen.de",37,"37","uds",unix,64,4194304,10,50,38.421,2.674,3.64903,3.548,5.0285,7.28651,7.23839
33,"n23m0123.hpc.itc.rwth-aachen.de",33,"33","uds",38,"n23m0123.hpc.itc.rwth-aachen.de",38,"38","uds",unix,64,4194304,10,50,36.466,2.5455,3.48317,3.4665,4.8095,7.25104,7.20709
33,"n23m0123.hpc.itc.rwth-aachen.de",33,"33","uds",39,"n23m0123.hpc.itc.rwth-aachen.de",39,"39","uds",unix,64,4194304,10,50,41.671,2.779,4.19805,4.5395,5.154,7.18643,7.13999
33,"n23m0123.hpc.itc.rwth-aachen.de",33,"33","uds",40,"n23m0123.hpc.itc.rwth-aachen.de",40,"40","uds",unix,64,4194304,10,50,35.546,2.6125,3.86162,3.79875,7.9855,7.25445,7.19073
33,"n23m0123.hpc.itc.rwth-aachen.de",33,"33","uds",41,"n23m0123.hpc.itc.rwth-aachen.de",41,"41","uds",unix,64,4194304,10,50,45.757,2.7485,4.5455,3.917,15.0645,7.2926,7.23459
33,"n23m0123.hpc.itc.rwth-aachen.de",33,"33","uds",42,"n23m0123.hpc.itc.rwth-aachen.de",42,"42","uds",unix,64,4194304,10,50,35.654,2.5295,3.72071,3.68,4.9445,7.26423,7.20134
33,"n23m0123.hpc.itc.rwth-aachen.de",33,"33","uds",43,"n23m0123.hpc.itc.rwth-aachen.de",43,"43","uds",unix,64,4194304,10,50,31.704,2.7205,4.33757,4.55575,5.2515,7.13175,7.02039
33,"n23m0123.hpc.itc.rwth-aachen.de",33,"33","uds",44,"n23m0123.hpc.itc.rwth-aachen.de",44,"44","uds",unix,64,4194304,10,50,32.979,2.7035,3.51359,3.59075,5.177,7.26756,7.19467
33,"n23m0123.hpc.itc.rwth-aachen.de",33,"33","uds",45,"n23m0123.hpc.itc.rwth-aachen.de",45,"45","uds",unix,64,4194304,10,50,32.312,2.64,3.50907,3.652,4.992,7.15717,7.14121
33,"n23m0123.hpc.itc.rwth-aachen.de",33,"33","uds",46,"n23m0123.hpc.itc.rwth-aachen.de",46,"46","uds",unix,64,4194304,10,50,31.995,2.644,3.18483,2.9505,4.7415,7.2058,7.12397
33,"n23m0123.hpc.itc.rwth-aachen.de",33,"33","uds",47,"n23m0123.hpc.itc.rwth-aachen.de",47,"47","uds",unix,64,4194304,10,50,32.71,2.6825,3.4589,3.44275,6.207,7.07403,7.02552
33,"n23m0123.hpc.itc.rwth-aachen.de",33,"33","uds",48,"n23m0123.hpc.itc.rwth-aachen.de",48,"48","uds",unix,64,4194304,10,50,43.818,6.682,8.14215,7.9065,11.393,3.30768,3.30926
33,"n23m0123.hpc.itc.rwth-aachen.de",33,"33","uds",49,"n23m0123.hpc.itc.rwth-aachen.de",49,"49","uds",unix,64,4194304,10,50,51.099,5.637,7.85634,7.7055,10.275,3.34856,3.2947
33,"n23m0123.hpc.itc.rwth-aachen.de",33,"33","uds",50,"n23m0123.hpc.itc.rwth-aachen.de",50,"50","uds",unix,64,4194304,10,50,52.543,5.08,6.85439,6.702,9.7265,3.29345,3.25157
33,"n23m0123.hpc.itc.rwth-aachen.de",33,"33","uds",51,"n23m0123.hpc.itc.rwth-aachen.de",51,"51","uds",unix,64,4194304,10,50,63.396,5.0665,7.99174,7.201,23.4,3.3356,3.34012
33,"n23m0123.hpc.itc.rwth-aachen.de",33,"33","uds",52,"n23m0123.hpc.itc.rwth-aachen.de",52,"52","uds",unix,64,4194304,10,50,50.477,4.9565,7.89661,7.2735,19.2805,3.39867,3.39369
33,"n23m0123.hpc.itc.rwth-aachen.de",33,"33","uds",53,"n23m0123.hpc.itc.rwth-aachen.de",53,"53","uds",unix,64,4194304,10,50,53.336,5.1995,7.65161,7.101,20.851,3.30607,3.23891
33,"n23m0123.hpc.itc.rwth-aachen.de",33,"33","uds",54,"n23m0123.hpc.itc.rwth-aachen.de",54,"54","uds",unix,64,4194304,10,50,57.239,5.153,6.7457,6.7845,9.125,3.34422,3.34213
33,"n23m0123.hpc.itc.rwth-aachen.de",33,"33","uds",55,"n23m0123.hpc.itc.rwth-aachen.de",55,"55","uds",unix,64,4194304,10,50,44.567,4.93,6.97708,7.13125,12.7715,3.37052,3.36772
33,"n23m0123.hpc.itc.rwth-aachen.de",33,"33","uds",56,"n23m0123.hpc.itc.rwth-aachen.de",56,"56","uds",unix,64,4194304,10,50,48.324,5.304,7.46138,7.38875,11.111,3.35001,3.34311
33,"n23m0123.hpc.itc.rwth-aachen.de",33,"33","uds",57,"n23m0123.hpc.itc.rwth-aachen.de",57,"57","uds",unix,64,4194304,10,50,43.514,5.5205,7.79991,7.593,11.329,3.3193,3.31373
33,"n23m0123.hpc.itc.rwth-aachen.de",33,"33","uds",58,"n23m0123.hpc.itc.rwth-aachen.de",58,"58","uds",unix,64,4194304,10,50,44.874,5.004,6.97966,6.96775,13.13,3.37718,3.36649
33,"n23m0123.hpc.itc.rwth-aachen.de",33,"33","uds",59,"n23m0123.hpc.itc.rwth-aachen.de",59,"59","uds",unix,64,4194304,10,50,45.627,5.7645,7.74361,7.4945,11.7385,3.3467,3.34393
33,"n23m0123.hpc.itc.rwth-aachen.de",33,"33","uds",60,"n23m0123.hpc.itc.rwth-aachen.de",60,"60","uds",unix,64,4194304,10,50,44.062,5.084,7.29573,7.358,9.5715,3.30781,3.30116
33,"n23m0123.hpc.itc.rwth-aachen.de",33,"33","uds",61,"n23m0123.hpc.itc.rwth-aachen.de",61,"61","uds",unix,64,4194304,10,50,44.327,5.2835,7.43921,7.4235,10.8875,3.3453,3.33165
33,"n23m0123.hpc.itc.rwth-aachen.de",33,"33","uds",62,"n23m0123.hpc.itc.rwth-aachen.de",62,"62","uds",unix,64,4194304,10,50,43.667,5.0495,6.92281,7.02625,9.3095,3.36962,3.36203
33,"n23m0123.hpc.itc.rwth-aachen.de",33,"33","uds",63,"n23m0123.hpc.itc.rwth-aachen.de",63,"63","uds",unix,64,4194304,10,50,46.931,5.106,7.10768,6.9715,10.451,3.33569,3.33247
33,"n23m0123.hpc.itc.rwth-aachen.de",33,"33","uds",64,"n23m0123.hpc.itc.rwth-aachen.de",64,"64","uds",unix,64,4194304,10,50,51.012,5.549,8.09304,7.8205,11.984,3.35968,3.34233
33,"n23m0123.hpc.itc.rwth-aachen.de",33,"33","uds",65,"n23m0123.hpc.itc.rwth-aachen.de",65,"65","uds",unix,64,4194304,10,50,45.219,5.181,7.10831,7.0785,10.424,3.37842,3.3709
33,"n23m0123.hpc.itc.rwth-aachen.de",33,"33","uds",66,"n23m0123.hpc.itc.rwth-aachen.de",66,"66","uds",unix,64,4194304,10,50,41.702,5.259,7.68292,7.571,9.7215,3.31294,3.31418
33,"n23m0123.hpc.itc.rwth-aachen.de",33,"33","uds",67,"n23m0123.hpc.itc.rwth-aachen.de",67,"67","uds",unix,64,4194304,10,50,42.048,5.039,7.19032,7.259,10.258,3.34071,3.33769
33,"n23m0123.hpc.itc.rwth-aachen.de",33,"33","uds",68,"n23m0123.hpc.itc.rwth-aachen.de",68,"68","uds",unix,64,4194304,10,50,42.828,5.3175,7.71434,7.4995,12.1305,3.36674,3.35659
33,"n23m0123.hpc.itc.rwth-aachen.de",33,"33","uds",69,"n23m0123.hpc.itc.rwth-aachen.de",69,"69","uds",unix,64,4194304,10,50,39.507,5.0355,7.65623,7.402,12.7025,3.32164,3.31236
33,"n23m0123.hpc.itc.rwth-aachen.de",33,"33","uds",70,"n23m0123.hpc.itc.rwth-aachen.de",70,"70","uds",unix,64,4194304,10,50,40.507,5.258,7.26463,7.29075,11.5125,3.35286,3.34809
33,"n23m0123.hpc.itc.rwth-aachen.de",33,"33","uds",71,"n23m0123.hpc.itc.rwth-aachen.de",71,"71","uds",unix,64,4194304,10,50,39.977,5.3195,8.03624,7.847,10.3995,3.35409,3.34823
33,"n23m0123.hpc.itc.rwth-aachen.de",33,"33","uds",72,"n23m0123.hpc.itc.rwth-aachen.de",72,"72","uds",unix,64,4194304,10,50,50.836,5.158,7.05496,7.3005,9.8085,3.31162,3.31563
33,"n23m0123.hpc.itc.rwth-aachen.de",33,"33","uds",73,"n23m0123.hpc.itc.rwth-aachen.de",73,"73","uds",unix,64,4194304,10,50,45.261,5.4015,7.85498,7.68275,13.5285,3.35147,3.34584
33,"n23m0123.hpc.itc.rwth-aachen.de",33,"33","uds",74,"n23m0123.hpc.itc.rwth-aachen.de",74,"74","uds",unix,64,4194304,10,50,46.54,5.2525,7.32018,7.42025,11.606,3.33403,3.33693
33,"n23m0123.hpc.itc.rwth-aachen.de",33,"33","uds",75,"n23m0123.hpc.itc.rwth-aachen.de",75,"75","uds",unix,64,4194304,10,50,47.534,5.3665,7.21686,7.1905,9.8085,3.31239,3.3111
33,"n23m0123.hpc.itc.rwth-aachen.de",33,"33","uds",76,"n23m0123.hpc.itc.rwth-aachen.de",76,"76","uds",unix,64,4194304,10,50,61.686,5.6585,8.46299,8.43425,17.461,3.34981,3.35392
33,"n23m0123.hpc.itc.rwth-aachen.de",33,"33","uds",77,"n23m0123.hpc.itc.rwth-aachen.de",77,"77","uds",unix,64,4194304,10,50,48.432,5.2995,7.47177,7.4925,11.1695,3.37715,3.35484
33,"n23m0123.hpc.itc.rwth-aachen.de",33,"33","uds",78,"n23m0123.hpc.itc.rwth-aachen.de",78,"78","uds",unix,64,4194304,10,50,41.642,6.2375,8.5295,7.92975,17.4,3.37883,3.36755
33,"n23m0123.hpc.itc.rwth-aachen.de",33,"33","uds",79,"n23m0123.hpc.itc.rwth-aachen.de",79,"79","uds",unix,64,4194304,10,50,40.757,5.293,7.27423,7.47625,10.133,3.37513,3.3711
33,"n23m0123.hpc.itc.rwth-aachen.de",33,"33","uds",80,"n23m0123.hpc.itc.rwth-aachen.de",80,"80","uds",unix,64,4194304,10,50,41.986,5.1135,7.4156,7.57325,9.9855,3.35684,3.34979
33,"n23m0123.hpc.itc.rwth-aachen.de",33,"33","uds",81,"n23m0123.hpc.itc.rwth-aachen.de",81,"81","uds",unix,64,4194304,10,50,40.947,5.3535,7.30145,7.59,9.851,3.36573,3.36421
33,"n23m0123.hpc.itc.rwth-aachen.de",33,"33","uds",82,"n23m0123.hpc.itc.rwth-aachen.de",82,"82","uds",unix,64,4194304,10,50,48.214,5.2145,7.47208,7.55975,10.5835,3.36558,3.3555
33,"n23m0123.hpc.itc.rwth-aachen.de",33,"33","uds",83,"n23m0123.hpc.itc.rwth-aachen.de",83,"83","uds",unix,64,4194304,10,50,46.106,5.7125,8.10547,7.694,11.9635,3.34214,3.32962
33,"n23m0123.hpc.itc.rwth-aachen.de",33,"33","uds",84,"n23m0123.hpc.itc.rwth-aachen.de",84,"84","uds",unix,64,4194304,10,50,44,4.986,6.98641,7.0395,11.574,3.36859,3.36704
33,"n23m0123.hpc.itc.rwth-aachen.de",33,"33","uds",85,"n23m0123.hpc.itc.rwth-aachen.de",85,"85","uds",unix,64,4194304,10,50,42.176,5.1005,7.08106,7.17425,12.195,3.35002,3.34189
33,"n23m0123.hpc.itc.rwth-aachen.de",33,"33","uds",86,"n23m0123.hpc.itc.rwth-aachen.de",86,"86","uds",unix,64,4194304,10,50,45.863,5.405,7.46284,7.467,11.3665,3.33677,3.32371
33,"n23m0123.hpc.itc.rwth-aachen.de",33,"33","uds",87,"n23m0123.hpc.itc.rwth-aachen.de",87,"87","uds",unix,64,4194304,10,50,43.261,5.38,7.28061,7.3415,10.027,3.36525,3.35075
33,"n23m0123.hpc.itc.rwth-aachen.de",33,"33","uds",88,"n23m0123.hpc.itc.rwth-aachen.de",88,"88","uds",unix,64,4194304,10,50,37.594,5.178,7.12952,7.16875,11.1515,3.40352,3.39741
33,"n23m0123.hpc.itc.rwth-aachen.de",33,"33","uds",89,"n23m0123.hpc.itc.rwth-aachen.de",89,"89","uds",unix,64,4194304,10,50,48.153,5.69,8.29201,7.951,13.738,3.34254,3.34179
33,"n23m0123.hpc.itc.rwth-aachen.de",33,"33","uds",90,"n23m0123.hpc.itc.rwth-aachen.de",90,"90","uds",unix,64,4194304,10,50,43.582,5.432,7.97071,7.9,11.9345,3.35706,3.35366
33,"n23m0123.hpc.itc.rwth-aachen.de",33,"33","uds",91,"n23m0123.hpc.itc.rwth-aachen.de",91,"91","uds",unix,64,4194304,10,50,38.504,5.3135,7.20591,7.16825,11.5045,3.34951,3.35609
33,"n23m0123.hpc.itc.rwth-aachen.de",33,"33","uds",92,"n23m0123.hpc.itc.rwth-aachen.de",92,"92","uds",unix,64,4194304,10,50,43.249,5.254,7.54772,7.47625,12.42,3.3683,3.35636
33,"n23m0123.hpc.itc.rwth-aachen.de",33,"33","uds",93,"n23m0123.hpc.itc.rwth-aachen.de",93,"93","uds",unix,64,4194304,10,50,45.183,5.3285,7.47784,7.33225,9.9535,3.38286,3.36431
33,"n23m0123.hpc.itc.rwth-aachen.de",33,"33","uds",94,"n23m0123.hpc.itc.rwth-aachen.de",94,"94","uds",unix,64,4194304,10,50,45.13,5.1185,7.22523,7.28825,9.9965,3.38334,3.37647
33,"n23m0123.hpc.itc.rwth-aachen.de",33,"33","uds",95,"n23m0123.hpc.itc.rwth-aachen.de",95,"95","uds",unix,64,4194304,10,50,44.836,5.522,8.09513,7.829,11.4215,3.38013,3.36126
34,"n23m0123.hpc.itc.rwth-aachen.de",34,"34","uds",35,"n23m0123.hpc.itc.rwth-aachen.de",35,"35","uds",unix,64,4194304,10,50,83.156,2.7495,4.29988,4.15875,7.628,7.46904,7.38374
34,"n23m0123.hpc.itc.rwth-aachen.de",34,"34","uds",36,"n23m0123.hpc.itc.rwth-aachen.de",36,"36","uds",unix,64,4194304,10,50,49.005,2.4955,3.25012,3.2385,4.627,7.28364,7.21294
34,"n23m0123.hpc.itc.rwth-aachen.de",34,"34","uds",37,"n23m0123.hpc.itc.rwth-aachen.de",37,"37","uds",unix,64,4194304,10,50,40.972,2.998,4.40598,4.61425,5.096,7.23889,7.18683
34,"n23m0123.hpc.itc.rwth-aachen.de",34,"34","uds",38,"n23m0123.hpc.itc.rwth-aachen.de",38,"38","uds",unix,64,4194304,10,50,35.674,2.548,3.54225,3.335,5.7375,7.18072,7.16437
34,"n23m0123.hpc.itc.rwth-aachen.de",34,"34","uds",39,"n23m0123.hpc.itc.rwth-aachen.de",39,"39","uds",unix,64,4194304,10,50,41.264,2.9595,4.67762,5.01725,6.645,7.11529,7.07515
34,"n23m0123.hpc.itc.rwth-aachen.de",34,"34","uds",40,"n23m0123.hpc.itc.rwth-aachen.de",40,"40","uds",unix,64,4194304,10,50,36.923,2.587,3.41215,2.943,5.06,7.19721,7.16153
34,"n23m0123.hpc.itc.rwth-aachen.de",34,"34","uds",41,"n23m0123.hpc.itc.rwth-aachen.de",41,"41","uds",unix,64,4194304,10,50,37.02,2.592,3.52749,3.5145,5.447,7.21247,7.18686
34,"n23m0123.hpc.itc.rwth-aachen.de",34,"34","uds",42,"n23m0123.hpc.itc.rwth-aachen.de",42,"42","uds",unix,64,4194304,10,50,45.454,2.8095,3.91266,3.87225,5.2875,7.17317,7.13516
34,"n23m0123.hpc.itc.rwth-aachen.de",34,"34","uds",43,"n23m0123.hpc.itc.rwth-aachen.de",43,"43","uds",unix,64,4194304,10,50,37.075,2.7315,4.09652,4.00675,5.1065,7.09211,7.02674
34,"n23m0123.hpc.itc.rwth-aachen.de",34,"34","uds",44,"n23m0123.hpc.itc.rwth-aachen.de",44,"44","uds",unix,64,4194304,10,50,32.171,2.563,3.17282,2.79025,4.8885,7.16896,7.14792
34,"n23m0123.hpc.itc.rwth-aachen.de",34,"34","uds",45,"n23m0123.hpc.itc.rwth-aachen.de",45,"45","uds",unix,64,4194304,10,50,33.672,2.729,3.83536,3.7825,6.432,7.16359,7.11704
34,"n23m0123.hpc.itc.rwth-aachen.de",34,"34","uds",46,"n23m0123.hpc.itc.rwth-aachen.de",46,"46","uds",unix,64,4194304,10,50,44.024,2.6995,3.53813,3.3975,5.024,7.09081,7.04017
34,"n23m0123.hpc.itc.rwth-aachen.de",34,"34","uds",47,"n23m0123.hpc.itc.rwth-aachen.de",47,"47","uds",unix,64,4194304,10,50,33.565,2.7025,3.42774,2.99775,5.27,7.10945,6.74708
34,"n23m0123.hpc.itc.rwth-aachen.de",34,"34","uds",48,"n23m0123.hpc.itc.rwth-aachen.de",48,"48","uds",unix,64,4194304,10,50,62.618,5.3165,11.8608,7.22725,233.622,2.21605,2.19756
34,"n23m0123.hpc.itc.rwth-aachen.de",34,"34","uds",49,"n23m0123.hpc.itc.rwth-aachen.de",49,"49","uds",unix,64,4194304,10,50,83.977,9.8605,13.3449,13.4618,19.3175,1.65019,1.65091
34,"n23m0123.hpc.itc.rwth-aachen.de",34,"34","uds",50,"n23m0123.hpc.itc.rwth-aachen.de",50,"50","uds",unix,64,4194304,10,50,98.055,10.275,13.4802,13.3555,21.756,1.6502,1.65023
34,"n23m0123.hpc.itc.rwth-aachen.de",34,"34","uds",51,"n23m0123.hpc.itc.rwth-aachen.de",51,"51","uds",unix,64,4194304,10,50,83.459,9.455,12.7531,12.695,17.323,1.66611,1.66388
34,"n23m0123.hpc.itc.rwth-aachen.de",34,"34","uds",52,"n23m0123.hpc.itc.rwth-aachen.de",52,"52","uds",unix,64,4194304,10,50,76.988,11.2875,14.1475,13.5343,19.093,1.66128,1.6619
34,"n23m0123.hpc.itc.rwth-aachen.de",34,"34","uds",53,"n23m0123.hpc.itc.rwth-aachen.de",53,"53","uds",unix,64,4194304,10,50,85.75,9.842,12.8295,12.811,16.8445,1.65926,1.65831
34,"n23m0123.hpc.itc.rwth-aachen.de",34,"34","uds",54,"n23m0123.hpc.itc.rwth-aachen.de",54,"54","uds",unix,64,4194304,10,50,73.893,9.998,13.3453,13.2012,24.7845,1.64532,1.64437
34,"n23m0123.hpc.itc.rwth-aachen.de",34,"34","uds",55,"n23m0123.hpc.itc.rwth-aachen.de",55,"55","uds",unix,64,4194304,10,50,90.708,10.4605,13.2791,12.8498,18.87,1.66046,1.66109
34,"n23m0123.hpc.itc.rwth-aachen.de",34,"34","uds",56,"n23m0123.hpc.itc.rwth-aachen.de",56,"56","uds",unix,64,4194304,10,50,78.791,10.008,12.7155,12.1098,18.01,1.66159,1.65918
34,"n23m0123.hpc.itc.rwth-aachen.de",34,"34","uds",57,"n23m0123.hpc.itc.rwth-aachen.de",57,"57","uds",unix,64,4194304,10,50,78.53,10.8685,13.7396,13.88,18.7675,1.64107,1.64115
34,"n23m0123.hpc.itc.rwth-aachen.de",34,"34","uds",58,"n23m0123.hpc.itc.rwth-aachen.de",58,"58","uds",unix,64,4194304,10,50,76.214,10.345,13.2772,12.7455,21.4015,1.67344,1.67379
34,"n23m0123.hpc.itc.rwth-aachen.de",34,"34","uds",59,"n23m0123.hpc.itc.rwth-aachen.de",59,"59","uds",unix,64,4194304,10,50,87.39,9.809,12.5989,12.3905,19.753,1.65421,1.65391
34,"n23m0123.hpc.itc.rwth-aachen.de",34,"34","uds",60,"n23m0123.hpc.itc.rwth-aachen.de",60,"60","uds",unix,64,4194304,10,50,76.918,10.149,13.2566,12.5338,23.072,1.64552,1.64427
34,"n23m0123.hpc.itc.rwth-aachen.de",34,"34","uds",61,"n23m0123.hpc.itc.rwth-aachen.de",61,"61","uds",unix,64,4194304,10,50,81.128,10.1285,12.5083,12.487,17.8455,1.6559,1.6549
34,"n23m0123.hpc.itc.rwth-aachen.de",34,"34","uds",62,"n23m0123.hpc.itc.rwth-aachen.de",62,"62","uds",unix,64,4194304,10,50,72.815,10.0585,12.774,12.1538,23.684,1.65782,1.65725
34,"n23m0123.hpc.itc.rwth-aachen.de",34,"34","uds",63,"n23m0123.hpc.itc.rwth-aachen.de",63,"63","uds",unix,64,4194304,10,50,88.305,10.0655,13.1696,13.1813,19.191,1.64492,1.64455
34,"n23m0123.hpc.itc.rwth-aachen.de",34,"34","uds",64,"n23m0123.hpc.itc.rwth-aachen.de",64,"64","uds",unix,64,4194304,10,50,72.107,10.059,12.6758,12.6547,16.035,1.66178,1.66128
34,"n23m0123.hpc.itc.rwth-aachen.de",34,"34","uds",65,"n23m0123.hpc.itc.rwth-aachen.de",65,"65","uds",unix,64,4194304,10,50,94.528,10.4415,12.8975,12.753,24.028,1.67226,1.67283
34,"n23m0123.hpc.itc.rwth-aachen.de",34,"34","uds",66,"n23m0123.hpc.itc.rwth-aachen.de",66,"66","uds",unix,64,4194304,10,50,78.658,10.4005,13.3394,13.2132,18.373,1.6434,1.64242
34,"n23m0123.hpc.itc.rwth-aachen.de",34,"34","uds",67,"n23m0123.hpc.itc.rwth-aachen.de",67,"67","uds",unix,64,4194304,10,50,69.048,10.138,13.2214,12.9108,21.177,1.66465,1.66574
34,"n23m0123.hpc.itc.rwth-aachen.de",34,"34","uds",68,"n23m0123.hpc.itc.rwth-aachen.de",68,"68","uds",unix,64,4194304,10,50,71.211,9.929,13.2443,13.3953,17.936,1.66671,1.66604
34,"n23m0123.hpc.itc.rwth-aachen.de",34,"34","uds",69,"n23m0123.hpc.itc.rwth-aachen.de",69,"69","uds",unix,64,4194304,10,50,69.268,10.423,13.4231,12.956,19.1325,1.63925,1.64024
34,"n23m0123.hpc.itc.rwth-aachen.de",34,"34","uds",70,"n23m0123.hpc.itc.rwth-aachen.de",70,"70","uds",unix,64,4194304,10,50,71.166,9.9235,13.0175,13.214,17.208,1.64162,1.61744
34,"n23m0123.hpc.itc.rwth-aachen.de",34,"34","uds",71,"n23m0123.hpc.itc.rwth-aachen.de",71,"71","uds",unix,64,4194304,10,50,93.924,10.225,12.9284,12.7628,18.4935,1.64876,1.63371
34,"n23m0123.hpc.itc.rwth-aachen.de",34,"34","uds",72,"n23m0123.hpc.itc.rwth-aachen.de",72,"72","uds",unix,64,4194304,10,50,89.409,10.043,12.6458,12.403,17.521,1.65659,1.65514
34,"n23m0123.hpc.itc.rwth-aachen.de",34,"34","uds",73,"n23m0123.hpc.itc.rwth-aachen.de",73,"73","uds",unix,64,4194304,10,50,95.914,10.1645,13.682,13.0228,23.6605,1.6533,1.65354
34,"n23m0123.hpc.itc.rwth-aachen.de",34,"34","uds",74,"n23m0123.hpc.itc.rwth-aachen.de",74,"74","uds",unix,64,4194304,10,50,79.953,10.3195,13.5169,12.92,21.2855,1.65166,1.64474
34,"n23m0123.hpc.itc.rwth-aachen.de",34,"34","uds",75,"n23m0123.hpc.itc.rwth-aachen.de",75,"75","uds",unix,64,4194304,10,50,84.148,10.46,13.4348,13.7233,21.6215,1.6472,1.64626
34,"n23m0123.hpc.itc.rwth-aachen.de",34,"34","uds",76,"n23m0123.hpc.itc.rwth-aachen.de",76,"76","uds",unix,64,4194304,10,50,87.146,10.063,12.7754,12.859,19.5975,1.69609,1.69782
34,"n23m0123.hpc.itc.rwth-aachen.de",34,"34","uds",77,"n23m0123.hpc.itc.rwth-aachen.de",77,"77","uds",unix,64,4194304,10,50,92.565,9.993,13.6403,13.1167,35.3545,1.67131,1.67145
34,"n23m0123.hpc.itc.rwth-aachen.de",34,"34","uds",78,"n23m0123.hpc.itc.rwth-aachen.de",78,"78","uds",unix,64,4194304,10,50,91.424,10.831,13.3036,13.2407,16.548,1.69639,1.68394
34,"n23m0123.hpc.itc.rwth-aachen.de",34,"34","uds",79,"n23m0123.hpc.itc.rwth-aachen.de",79,"79","uds",unix,64,4194304,10,50,128.523,10.035,13.4653,12.9375,21.9455,1.67153,1.66428
34,"n23m0123.hpc.itc.rwth-aachen.de",34,"34","uds",80,"n23m0123.hpc.itc.rwth-aachen.de",80,"80","uds",unix,64,4194304,10,50,82.924,10.5055,13.015,12.7927,19.2315,1.66214,1.64534
34,"n23m0123.hpc.itc.rwth-aachen.de",34,"34","uds",81,"n23m0123.hpc.itc.rwth-aachen.de",81,"81","uds",unix,64,4194304,10,50,82.809,10.8555,13.2446,12.7952,20.254,1.66828,1.66348
34,"n23m0123.hpc.itc.rwth-aachen.de",34,"34","uds",82,"n23m0123.hpc.itc.rwth-aachen.de",82,"82","uds",unix,64,4194304,10,50,90.043,10.4375,13.904,13.8797,21.6915,1.66087,1.61974
34,"n23m0123.hpc.itc.rwth-aachen.de",34,"34","uds",83,"n23m0123.hpc.itc.rwth-aachen.de",83,"83","uds",unix,64,4194304,10,50,89.138,10.636,17.3994,12.9095,207.073,1.65412,1.65059
34,"n23m0123.hpc.itc.rwth-aachen.de",34,"34","uds",84,"n23m0123.hpc.itc.rwth-aachen.de",84,"84","uds",unix,64,4194304,10,50,92.284,10.223,12.6978,12.6275,16.368,1.67627,1.6765
34,"n23m0123.hpc.itc.rwth-aachen.de",34,"34","uds",85,"n23m0123.hpc.itc.rwth-aachen.de",85,"85","uds",unix,64,4194304,10,50,82.306,10.3585,13.3683,13.3075,19.825,1.6653,1.64154
34,"n23m0123.hpc.itc.rwth-aachen.de",34,"34","uds",86,"n23m0123.hpc.itc.rwth-aachen.de",86,"86","uds",unix,64,4194304,10,50,87.617,9.985,13.2119,13.0922,18.798,1.65997,1.65827
34,"n23m0123.hpc.itc.rwth-aachen.de",34,"34","uds",87,"n23m0123.hpc.itc.rwth-aachen.de",87,"87","uds",unix,64,4194304,10,50,82.853,10.34,13.6207,13.308,22.255,1.65885,1.65684
34,"n23m0123.hpc.itc.rwth-aachen.de",34,"34","uds",88,"n23m0123.hpc.itc.rwth-aachen.de",88,"88","uds",unix,64,4194304,10,50,81.013,10.529,14.3592,14.1135,25.0295,1.68203,1.6762
34,"n23m0123.hpc.itc.rwth-aachen.de",34,"34","uds",89,"n23m0123.hpc.itc.rwth-aachen.de",89,"89","uds",unix,64,4194304,10,50,278.499,10.352,13.4675,13.81,16.4955,1.67861,1.67357
34,"n23m0123.hpc.itc.rwth-aachen.de",34,"34","uds",90,"n23m0123.hpc.itc.rwth-aachen.de",90,"90","uds",unix,64,4194304,10,50,82.41,9.828,12.4964,12.6133,16.161,1.672,1.65897
34,"n23m0123.hpc.itc.rwth-aachen.de",34,"34","uds",91,"n23m0123.hpc.itc.rwth-aachen.de",91,"91","uds",unix,64,4194304,10,50,83.284,10.4015,13.0988,12.8682,17.1285,1.66784,1.66196
34,"n23m0123.hpc.itc.rwth-aachen.de",34,"34","uds",92,"n23m0123.hpc.itc.rwth-aachen.de",92,"92","uds",unix,64,4194304,10,50,82.741,9.9425,12.3879,11.9343,20.928,1.68341,1.67822
34,"n23m0123.hpc.itc.rwth-aachen.de",34,"34","uds",93,"n23m0123.hpc.itc.rwth-aachen.de",93,"93","uds",unix,64,4194304,10,50,81.039,10.106,13.4833,13.0427,21.424,1.6731,1.64809
34,"n23m0123.hpc.itc.rwth-aachen.de",34,"34","uds",94,"n23m0123.hpc.itc.rwth-aachen.de",94,"94","uds",unix,64,4194304,10,50,3089.05,10.2085,13.3024,12.8827,19.9265,1.67904,1.67827
34,"n23m0123.hpc.itc.rwth-aachen.de",34,"34","uds",95,"n23m0123.hpc.itc.rwth-aachen.de",95,"95","uds",unix,64,4194304,10,50,78.699,10.122,13.2507,13.3125,20.311,1.67556,1.67444
35,"n23m0123.hpc.itc.rwth-aachen.de",35,"35","uds",36,"n23m0123.hpc.itc.rwth-aachen.de",36,"36","uds",unix,64,4194304,10,50,131.695,5.971,8.01016,8.08825,9.7805,5.35142,5.19368
35,"n23m0123.hpc.itc.rwth-aachen.de",35,"35","uds",37,"n23m0123.hpc.itc.rwth-aachen.de",37,"37","uds",unix,64,4194304,10,50,54.233,4.459,5.89688,5.87475,9.3955,6.80329,6.79034
35,"n23m0123.hpc.itc.rwth-aachen.de",35,"35","uds",38,"n23m0123.hpc.itc.rwth-aachen.de",38,"38","uds",unix,64,4194304,10,50,43.96,2.5745,3.5126,3.55975,4.999,7.0447,7.12814
35,"n23m0123.hpc.itc.rwth-aachen.de",35,"35","uds",39,"n23m0123.hpc.itc.rwth-aachen.de",39,"39","uds",unix,64,4194304,10,50,35.772,2.862,4.56791,4.909,5.251,6.96933,7.02956
35,"n23m0123.hpc.itc.rwth-aachen.de",35,"35","uds",40,"n23m0123.hpc.itc.rwth-aachen.de",40,"40","uds",unix,64,4194304,10,50,40.863,2.9475,4.2358,4.05225,7.481,7.15619,7.12869
35,"n23m0123.hpc.itc.rwth-aachen.de",35,"35","uds",41,"n23m0123.hpc.itc.rwth-aachen.de",41,"41","uds",unix,64,4194304,10,50,41.715,2.6805,3.46924,2.983,4.864,7.22409,7.18117
35,"n23m0123.hpc.itc.rwth-aachen.de",35,"35","uds",42,"n23m0123.hpc.itc.rwth-aachen.de",42,"42","uds",unix,64,4194304,10,50,37.931,2.6925,3.76373,3.69075,8.4,7.19553,7.10969
35,"n23m0123.hpc.itc.rwth-aachen.de",35,"35","uds",43,"n23m0123.hpc.itc.rwth-aachen.de",43,"43","uds",unix,64,4194304,10,50,37.298,2.8075,4.33617,4.58625,9.183,7.0621,7.0074
35,"n23m0123.hpc.itc.rwth-aachen.de",35,"35","uds",44,"n23m0123.hpc.itc.rwth-aachen.de",44,"44","uds",unix,64,4194304,10,50,41.472,2.681,3.69894,3.73125,6.83,7.20009,7.15456
35,"n23m0123.hpc.itc.rwth-aachen.de",35,"35","uds",45,"n23m0123.hpc.itc.rwth-aachen.de",45,"45","uds",unix,64,4194304,10,50,37.948,2.8005,3.84035,3.90075,5.223,7.19978,7.13299
35,"n23m0123.hpc.itc.rwth-aachen.de",35,"35","uds",46,"n23m0123.hpc.itc.rwth-aachen.de",46,"46","uds",unix,64,4194304,10,50,38.817,2.7105,3.47181,3.10175,5.8795,7.08953,7.02538
35,"n23m0123.hpc.itc.rwth-aachen.de",35,"35","uds",47,"n23m0123.hpc.itc.rwth-aachen.de",47,"47","uds",unix,64,4194304,10,50,40.21,2.929,4.44697,4.27875,7.337,7.16783,7.09785
35,"n23m0123.hpc.itc.rwth-aachen.de",35,"35","uds",48,"n23m0123.hpc.itc.rwth-aachen.de",48,"48","uds",unix,64,4194304,10,50,47.7,5.112,7.42583,7.32,9.132,3.30389,3.29571
35,"n23m0123.hpc.itc.rwth-aachen.de",35,"35","uds",49,"n23m0123.hpc.itc.rwth-aachen.de",49,"49","uds",unix,64,4194304,10,50,49.688,5.325,7.91134,7.72125,12.462,3.32155,3.31438
35,"n23m0123.hpc.itc.rwth-aachen.de",35,"35","uds",50,"n23m0123.hpc.itc.rwth-aachen.de",50,"50","uds",unix,64,4194304,10,50,49.797,5.1135,7.004,7.124,10.051,3.3478,3.34639
35,"n23m0123.hpc.itc.rwth-aachen.de",35,"35","uds",51,"n23m0123.hpc.itc.rwth-aachen.de",51,"51","uds",unix,64,4194304,10,50,44.041,5.2925,7.44359,7.354,11.3405,3.34808,3.34634
35,"n23m0123.hpc.itc.rwth-aachen.de",35,"35","uds",52,"n23m0123.hpc.itc.rwth-aachen.de",52,"52","uds",unix,64,4194304,10,50,47.027,5.4025,8.00129,7.74125,12.07,3.39194,3.3866
35,"n23m0123.hpc.itc.rwth-aachen.de",35,"35","uds",53,"n23m0123.hpc.itc.rwth-aachen.de",53,"53","uds",unix,64,4194304,10,50,43.26,5.0835,7.01815,7.22625,9.6045,3.38264,3.38023
35,"n23m0123.hpc.itc.rwth-aachen.de",35,"35","uds",54,"n23m0123.hpc.itc.rwth-aachen.de",54,"54","uds",unix,64,4194304,10,50,53.226,5.5095,7.63854,7.5715,9.837,3.38859,3.38396
35,"n23m0123.hpc.itc.rwth-aachen.de",35,"35","uds",55,"n23m0123.hpc.itc.rwth-aachen.de",55,"55","uds",unix,64,4194304,10,50,43.958,5.274,7.05358,7.26975,9.3655,3.36188,3.36028
35,"n23m0123.hpc.itc.rwth-aachen.de",35,"35","uds",56,"n23m0123.hpc.itc.rwth-aachen.de",56,"56","uds",unix,64,4194304,10,50,47.481,5.3725,7.48511,7.515,12.489,3.35302,3.3518
35,"n23m0123.hpc.itc.rwth-aachen.de",35,"35","uds",57,"n23m0123.hpc.itc.rwth-aachen.de",57,"57","uds",unix,64,4194304,10,50,46.33,5.3745,7.84252,7.683,13.7615,3.2987,3.29587
35,"n23m0123.hpc.itc.rwth-aachen.de",35,"35","uds",58,"n23m0123.hpc.itc.rwth-aachen.de",58,"58","uds",unix,64,4194304,10,50,44.141,5.26,7.20067,7.26825,9.4115,3.31168,3.30774
35,"n23m0123.hpc.itc.rwth-aachen.de",35,"35","uds",59,"n23m0123.hpc.itc.rwth-aachen.de",59,"59","uds",unix,64,4194304,10,50,46.713,5.217,7.663,7.50975,9.9465,3.33525,3.32601
35,"n23m0123.hpc.itc.rwth-aachen.de",35,"35","uds",60,"n23m0123.hpc.itc.rwth-aachen.de",60,"60","uds",unix,64,4194304,10,50,44.13,5.214,7.0813,7.166,10.0215,3.30539,3.3003
35,"n23m0123.hpc.itc.rwth-aachen.de",35,"35","uds",61,"n23m0123.hpc.itc.rwth-aachen.de",61,"61","uds",unix,64,4194304,10,50,45.287,5.0495,7.4004,7.4585,10.385,3.32885,3.32088
35,"n23m0123.hpc.itc.rwth-aachen.de",35,"35","uds",62,"n23m0123.hpc.itc.rwth-aachen.de",62,"62","uds",unix,64,4194304,10,50,45.489,5.266,7.00458,7.16925,11.531,3.30074,3.29269
35,"n23m0123.hpc.itc.rwth-aachen.de",35,"35","uds",63,"n23m0123.hpc.itc.rwth-aachen.de",63,"63","uds",unix,64,4194304,10,50,49.685,5.044,7.18925,7.12675,12.9455,3.31227,3.31008
35,"n23m0123.hpc.itc.rwth-aachen.de",35,"35","uds",64,"n23m0123.hpc.itc.rwth-aachen.de",64,"64","uds",unix,64,4194304,10,50,48.07,5.067,7.03393,7.0565,10.924,3.35214,3.34984
35,"n23m0123.hpc.itc.rwth-aachen.de",35,"35","uds",65,"n23m0123.hpc.itc.rwth-aachen.de",65,"65","uds",unix,64,4194304,10,50,44.966,4.9885,7.03381,7.14525,9.916,3.3441,3.34278
35,"n23m0123.hpc.itc.rwth-aachen.de",35,"35","uds",66,"n23m0123.hpc.itc.rwth-aachen.de",66,"66","uds",unix,64,4194304,10,50,48.807,5.596,7.79465,7.61075,12.2665,3.328,3.33075
35,"n23m0123.hpc.itc.rwth-aachen.de",35,"35","uds",67,"n23m0123.hpc.itc.rwth-aachen.de",67,"67","uds",unix,64,4194304,10,50,47.046,5.381,7.43577,7.42725,10.682,3.36756,3.36604
35,"n23m0123.hpc.itc.rwth-aachen.de",35,"35","uds",68,"n23m0123.hpc.itc.rwth-aachen.de",68,"68","uds",unix,64,4194304,10,50,54.712,5.322,7.41755,7.395,12.494,3.35621,3.3588
35,"n23m0123.hpc.itc.rwth-aachen.de",35,"35","uds",69,"n23m0123.hpc.itc.rwth-aachen.de",69,"69","uds",unix,64,4194304,10,50,38.978,5.2705,7.40426,7.479,10.3105,3.33348,3.33057
35,"n23m0123.hpc.itc.rwth-aachen.de",35,"35","uds",70,"n23m0123.hpc.itc.rwth-aachen.de",70,"70","uds",unix,64,4194304,10,50,50.155,5.2,7.64168,7.62875,10.5745,3.3574,3.3523
35,"n23m0123.hpc.itc.rwth-aachen.de",35,"35","uds",71,"n23m0123.hpc.itc.rwth-aachen.de",71,"71","uds",unix,64,4194304,10,50,47.649,5.4875,8.26093,7.98525,11.4135,3.32724,3.32203
35,"n23m0123.hpc.itc.rwth-aachen.de",35,"35","uds",72,"n23m0123.hpc.itc.rwth-aachen.de",72,"72","uds",unix,64,4194304,10,50,44.58,5.25,7.55521,7.5005,10.5705,3.35295,3.34792
35,"n23m0123.hpc.itc.rwth-aachen.de",35,"35","uds",73,"n23m0123.hpc.itc.rwth-aachen.de",73,"73","uds",unix,64,4194304,10,50,48.66,5.3025,7.31199,7.32525,9.543,3.34826,3.33794
35,"n23m0123.hpc.itc.rwth-aachen.de",35,"35","uds",74,"n23m0123.hpc.itc.rwth-aachen.de",74,"74","uds",unix,64,4194304,10,50,51.598,5.3605,7.36195,7.57925,10.494,3.31122,3.31326
35,"n23m0123.hpc.itc.rwth-aachen.de",35,"35","uds",75,"n23m0123.hpc.itc.rwth-aachen.de",75,"75","uds",unix,64,4194304,10,50,51.347,5.2815,7.21164,7.2145,11.3685,3.31199,3.30683
35,"n23m0123.hpc.itc.rwth-aachen.de",35,"35","uds",76,"n23m0123.hpc.itc.rwth-aachen.de",76,"76","uds",unix,64,4194304,10,50,45.309,5.7515,8.14321,7.73625,12.8565,3.33834,3.33312
35,"n23m0123.hpc.itc.rwth-aachen.de",35,"35","uds",77,"n23m0123.hpc.itc.rwth-aachen.de",77,"77","uds",unix,64,4194304,10,50,48.593,5.315,7.17811,7.4615,9.672,3.33224,3.32969
35,"n23m0123.hpc.itc.rwth-aachen.de",35,"35","uds",78,"n23m0123.hpc.itc.rwth-aachen.de",78,"78","uds",unix,64,4194304,10,50,49.091,5.4755,7.82813,7.55975,10.7165,3.36448,3.36244
35,"n23m0123.hpc.itc.rwth-aachen.de",35,"35","uds",79,"n23m0123.hpc.itc.rwth-aachen.de",79,"79","uds",unix,64,4194304,10,50,43.577,5.238,7.48393,7.343,12.9515,3.35487,3.35166
35,"n23m0123.hpc.itc.rwth-aachen.de",35,"35","uds",80,"n23m0123.hpc.itc.rwth-aachen.de",80,"80","uds",unix,64,4194304,10,50,48.846,5.4245,7.51736,7.47525,10.677,3.32237,3.31431
35,"n23m0123.hpc.itc.rwth-aachen.de",35,"35","uds",81,"n23m0123.hpc.itc.rwth-aachen.de",81,"81","uds",unix,64,4194304,10,50,45.888,5.1965,7.18751,7.16575,11.398,3.34626,3.33921
35,"n23m0123.hpc.itc.rwth-aachen.de",35,"35","uds",82,"n23m0123.hpc.itc.rwth-aachen.de",82,"82","uds",unix,64,4194304,10,50,47.406,5.2205,7.23636,7.395,14.013,3.38043,3.37737
35,"n23m0123.hpc.itc.rwth-aachen.de",35,"35","uds",83,"n23m0123.hpc.itc.rwth-aachen.de",83,"83","uds",unix,64,4194304,10,50,48.229,5.5875,8.19042,8.21575,10.2775,3.37705,3.37061
35,"n23m0123.hpc.itc.rwth-aachen.de",35,"35","uds",84,"n23m0123.hpc.itc.rwth-aachen.de",84,"84","uds",unix,64,4194304,10,50,48.716,5.17,7.05611,7.10075,11.2785,3.33904,3.33726
35,"n23m0123.hpc.itc.rwth-aachen.de",35,"35","uds",85,"n23m0123.hpc.itc.rwth-aachen.de",85,"85","uds",unix,64,4194304,10,50,47.181,5.8195,8.65032,8.83175,12.16,3.39929,3.39649
35,"n23m0123.hpc.itc.rwth-aachen.de",35,"35","uds",86,"n23m0123.hpc.itc.rwth-aachen.de",86,"86","uds",unix,64,4194304,10,50,55.113,5.484,7.39719,7.58525,9.7415,3.37476,3.36864
35,"n23m0123.hpc.itc.rwth-aachen.de",35,"35","uds",87,"n23m0123.hpc.itc.rwth-aachen.de",87,"87","uds",unix,64,4194304,10,50,49.024,5.3525,7.67283,7.554,11.121,3.36818,3.36432
35,"n23m0123.hpc.itc.rwth-aachen.de",35,"35","uds",88,"n23m0123.hpc.itc.rwth-aachen.de",88,"88","uds",unix,64,4194304,10,50,44.989,5.1865,7.3375,7.30575,10.6235,3.42089,3.42009
35,"n23m0123.hpc.itc.rwth-aachen.de",35,"35","uds",89,"n23m0123.hpc.itc.rwth-aachen.de",89,"89","uds",unix,64,4194304,10,50,42.8,5.205,6.80668,6.81925,12.742,3.42663,3.42425
35,"n23m0123.hpc.itc.rwth-aachen.de",35,"35","uds",90,"n23m0123.hpc.itc.rwth-aachen.de",90,"90","uds",unix,64,4194304,10,50,44.408,8.122,9.58671,9.46575,12.572,3.39235,3.387
35,"n23m0123.hpc.itc.rwth-aachen.de",35,"35","uds",91,"n23m0123.hpc.itc.rwth-aachen.de",91,"91","uds",unix,64,4194304,10,50,45.765,5.273,7.5544,7.605,11.2025,3.38876,3.38205
35,"n23m0123.hpc.itc.rwth-aachen.de",35,"35","uds",92,"n23m0123.hpc.itc.rwth-aachen.de",92,"92","uds",unix,64,4194304,10,50,44.185,5.205,7.4792,7.39875,13.5555,3.39175,3.39346
35,"n23m0123.hpc.itc.rwth-aachen.de",35,"35","uds",93,"n23m0123.hpc.itc.rwth-aachen.de",93,"93","uds",unix,64,4194304,10,50,44.96,5.239,7.54212,7.40025,9.648,3.40975,3.40776
35,"n23m0123.hpc.itc.rwth-aachen.de",35,"35","uds",94,"n23m0123.hpc.itc.rwth-aachen.de",94,"94","uds",unix,64,4194304,10,50,41.868,5.329,7.32272,7.35425,11.386,3.39446,3.38326
35,"n23m0123.hpc.itc.rwth-aachen.de",35,"35","uds",95,"n23m0123.hpc.itc.rwth-aachen.de",95,"95","uds",unix,64,4194304,10,50,39.627,5.321,7.07939,7.21925,10.483,3.37636,3.37733
36,"n23m0123.hpc.itc.rwth-aachen.de",36,"36","uds",37,"n23m0123.hpc.itc.rwth-aachen.de",37,"37","uds",unix,64,4194304,10,50,79.714,2.6385,4.74671,4.7815,8.705,7.56542,7.49866
36,"n23m0123.hpc.itc.rwth-aachen.de",36,"36","uds",38,"n23m0123.hpc.itc.rwth-aachen.de",38,"38","uds",unix,64,4194304,10,50,39.839,2.384,3.15614,2.8095,5.2035,7.67277,7.59154
36,"n23m0123.hpc.itc.rwth-aachen.de",36,"36","uds",39,"n23m0123.hpc.itc.rwth-aachen.de",39,"39","uds",unix,64,4194304,10,50,34.495,2.6735,4.4838,4.64975,5.293,7.61653,7.57289
36,"n23m0123.hpc.itc.rwth-aachen.de",36,"36","uds",40,"n23m0123.hpc.itc.rwth-aachen.de",40,"40","uds",unix,64,4194304,10,50,39.243,2.594,3.49499,3.51475,7.5255,7.75315,7.69192
36,"n23m0123.hpc.itc.rwth-aachen.de",36,"36","uds",41,"n23m0123.hpc.itc.rwth-aachen.de",41,"41","uds",unix,64,4194304,10,50,39.365,2.423,3.28374,3.13575,5.5925,7.80686,7.7597
36,"n23m0123.hpc.itc.rwth-aachen.de",36,"36","uds",42,"n23m0123.hpc.itc.rwth-aachen.de",42,"42","uds",unix,64,4194304,10,50,38.973,2.591,3.86659,3.7575,5.312,7.71293,7.67878
36,"n23m0123.hpc.itc.rwth-aachen.de",36,"36","uds",43,"n23m0123.hpc.itc.rwth-aachen.de",43,"43","uds",unix,64,4194304,10,50,38.12,2.7055,4.00156,3.86425,5.326,7.62217,7.57993
36,"n23m0123.hpc.itc.rwth-aachen.de",36,"36","uds",44,"n23m0123.hpc.itc.rwth-aachen.de",44,"44","uds",unix,64,4194304,10,50,36.524,2.5195,3.01279,2.824,4.145,7.8495,7.78279
36,"n23m0123.hpc.itc.rwth-aachen.de",36,"36","uds",45,"n23m0123.hpc.itc.rwth-aachen.de",45,"45","uds",unix,64,4194304,10,50,36.321,2.5385,4.33207,4.64225,5.257,7.76184,7.70154
36,"n23m0123.hpc.itc.rwth-aachen.de",36,"36","uds",46,"n23m0123.hpc.itc.rwth-aachen.de",46,"46","uds",unix,64,4194304,10,50,38.069,2.5345,3.23243,2.88975,4.8845,7.74678,7.67069
36,"n23m0123.hpc.itc.rwth-aachen.de",36,"36","uds",47,"n23m0123.hpc.itc.rwth-aachen.de",47,"47","uds",unix,64,4194304,10,50,36.297,2.565,3.52077,3.53375,5.2725,7.78333,7.70946
36,"n23m0123.hpc.itc.rwth-aachen.de",36,"36","uds",48,"n23m0123.hpc.itc.rwth-aachen.de",48,"48","uds",unix,64,4194304,10,50,67.538,5.365,7.33173,7.385,9.5845,3.29926,3.29929
36,"n23m0123.hpc.itc.rwth-aachen.de",36,"36","uds",49,"n23m0123.hpc.itc.rwth-aachen.de",49,"49","uds",unix,64,4194304,10,50,44.593,5.125,7.26523,7.20975,12.923,3.37514,3.36389
36,"n23m0123.hpc.itc.rwth-aachen.de",36,"36","uds",50,"n23m0123.hpc.itc.rwth-aachen.de",50,"50","uds",unix,64,4194304,10,50,44.996,5.293,7.14311,7.2765,9.835,3.39005,3.37893
36,"n23m0123.hpc.itc.rwth-aachen.de",36,"36","uds",51,"n23m0123.hpc.itc.rwth-aachen.de",51,"51","uds",unix,64,4194304,10,50,43.983,5.203,6.44415,5.7405,9.5005,3.38492,3.38857
36,"n23m0123.hpc.itc.rwth-aachen.de",36,"36","uds",52,"n23m0123.hpc.itc.rwth-aachen.de",52,"52","uds",unix,64,4194304,10,50,40.192,5.629,7.83581,7.7405,11.8005,3.40213,3.40077
36,"n23m0123.hpc.itc.rwth-aachen.de",36,"36","uds",53,"n23m0123.hpc.itc.rwth-aachen.de",53,"53","uds",unix,64,4194304,10,50,40.217,5.077,6.47601,5.49375,10.096,3.41577,3.40351
36,"n23m0123.hpc.itc.rwth-aachen.de",36,"36","uds",54,"n23m0123.hpc.itc.rwth-aachen.de",54,"54","uds",unix,64,4194304,10,50,43.242,4.866,7.07883,7.043,12.597,3.35296,3.34649
36,"n23m0123.hpc.itc.rwth-aachen.de",36,"36","uds",55,"n23m0123.hpc.itc.rwth-aachen.de",55,"55","uds",unix,64,4194304,10,50,52.621,5.243,7.36621,7.18125,12.9105,3.37571,3.37446
36,"n23m0123.hpc.itc.rwth-aachen.de",36,"36","uds",56,"n23m0123.hpc.itc.rwth-aachen.de",56,"56","uds",unix,64,4194304,10,50,43.386,5.297,7.39279,7.20825,13.248,3.38347,3.38157
36,"n23m0123.hpc.itc.rwth-aachen.de",36,"36","uds",57,"n23m0123.hpc.itc.rwth-aachen.de",57,"57","uds",unix,64,4194304,10,50,43.437,6.1,8.05625,7.62375,9.962,3.35208,3.3425
36,"n23m0123.hpc.itc.rwth-aachen.de",36,"36","uds",58,"n23m0123.hpc.itc.rwth-aachen.de",58,"58","uds",unix,64,4194304,10,50,45.146,5.0685,6.8099,7.01525,9.2535,3.39945,3.39018
36,"n23m0123.hpc.itc.rwth-aachen.de",36,"36","uds",59,"n23m0123.hpc.itc.rwth-aachen.de",59,"59","uds",unix,64,4194304,10,50,41.127,5.042,6.87669,7.15075,9.4885,3.3769,3.37495
36,"n23m0123.hpc.itc.rwth-aachen.de",36,"36","uds",60,"n23m0123.hpc.itc.rwth-aachen.de",60,"60","uds",unix,64,4194304,10,50,47.326,5.4515,8.11861,7.5085,14.322,3.34753,3.35024
36,"n23m0123.hpc.itc.rwth-aachen.de",36,"36","uds",61,"n23m0123.hpc.itc.rwth-aachen.de",61,"61","uds",unix,64,4194304,10,50,41.294,5.367,8.61775,7.905,19.1195,3.39573,3.38765
36,"n23m0123.hpc.itc.rwth-aachen.de",36,"36","uds",62,"n23m0123.hpc.itc.rwth-aachen.de",62,"62","uds",unix,64,4194304,10,50,42.421,5.282,6.97912,6.96425,12.909,3.39517,3.39278
36,"n23m0123.hpc.itc.rwth-aachen.de",36,"36","uds",63,"n23m0123.hpc.itc.rwth-aachen.de",63,"63","uds",unix,64,4194304,10,50,43.739,5.398,7.42699,7.247,11.9775,3.34357,3.25802
36,"n23m0123.hpc.itc.rwth-aachen.de",36,"36","uds",64,"n23m0123.hpc.itc.rwth-aachen.de",64,"64","uds",unix,64,4194304,10,50,58.217,5.2835,7.40432,7.228,9.472,3.37132,3.36699
36,"n23m0123.hpc.itc.rwth-aachen.de",36,"36","uds",65,"n23m0123.hpc.itc.rwth-aachen.de",65,"65","uds",unix,64,4194304,10,50,50.252,5.26,6.87401,6.67875,11.033,3.41807,3.41284
36,"n23m0123.hpc.itc.rwth-aachen.de",36,"36","uds",66,"n23m0123.hpc.itc.rwth-aachen.de",66,"66","uds",unix,64,4194304,10,50,44.911,5.3665,7.5107,7.41475,11.6355,3.40011,3.3938
36,"n23m0123.hpc.itc.rwth-aachen.de",36,"36","uds",67,"n23m0123.hpc.itc.rwth-aachen.de",67,"67","uds",unix,64,4194304,10,50,41.16,5.059,6.993,7.01825,11.5425,3.41776,3.41181
36,"n23m0123.hpc.itc.rwth-aachen.de",36,"36","uds",68,"n23m0123.hpc.itc.rwth-aachen.de",68,"68","uds",unix,64,4194304,10,50,43.466,5.2265,7.12527,7.27525,10.1175,3.42589,3.4218
36,"n23m0123.hpc.itc.rwth-aachen.de",36,"36","uds",69,"n23m0123.hpc.itc.rwth-aachen.de",69,"69","uds",unix,64,4194304,10,50,41.996,5.2945,6.80092,7.11275,10.4485,3.37706,3.37123
36,"n23m0123.hpc.itc.rwth-aachen.de",36,"36","uds",70,"n23m0123.hpc.itc.rwth-aachen.de",70,"70","uds",unix,64,4194304,10,50,43.924,6.0325,7.77239,7.43675,11.2475,3.3928,3.3896
36,"n23m0123.hpc.itc.rwth-aachen.de",36,"36","uds",71,"n23m0123.hpc.itc.rwth-aachen.de",71,"71","uds",unix,64,4194304,10,50,40.575,5.169,7.30041,7.3595,11.0855,3.3944,3.39639
36,"n23m0123.hpc.itc.rwth-aachen.de",36,"36","uds",72,"n23m0123.hpc.itc.rwth-aachen.de",72,"72","uds",unix,64,4194304,10,50,46.69,5.458,7.22052,7.16875,13.6955,3.40595,3.39706
36,"n23m0123.hpc.itc.rwth-aachen.de",36,"36","uds",73,"n23m0123.hpc.itc.rwth-aachen.de",73,"73","uds",unix,64,4194304,10,50,45.375,5.216,7.60764,7.45225,10.2535,3.41365,3.41223
36,"n23m0123.hpc.itc.rwth-aachen.de",36,"36","uds",74,"n23m0123.hpc.itc.rwth-aachen.de",74,"74","uds",unix,64,4194304,10,50,46.591,5.5945,7.73908,7.74175,10.1245,3.38647,3.37314
36,"n23m0123.hpc.itc.rwth-aachen.de",36,"36","uds",75,"n23m0123.hpc.itc.rwth-aachen.de",75,"75","uds",unix,64,4194304,10,50,47.02,5.3285,7.37507,7.401,10.3755,3.3725,3.36579
36,"n23m0123.hpc.itc.rwth-aachen.de",36,"36","uds",76,"n23m0123.hpc.itc.rwth-aachen.de",76,"76","uds",unix,64,4194304,10,50,43.311,5.367,7.67674,7.56025,10.137,3.3856,3.38672
36,"n23m0123.hpc.itc.rwth-aachen.de",36,"36","uds",77,"n23m0123.hpc.itc.rwth-aachen.de",77,"77","uds",unix,64,4194304,10,50,48.184,6.4805,7.95305,7.204,19.598,3.39547,3.39135
36,"n23m0123.hpc.itc.rwth-aachen.de",36,"36","uds",78,"n23m0123.hpc.itc.rwth-aachen.de",78,"78","uds",unix,64,4194304,10,50,41.502,5.069,6.84621,7.054,9.6345,3.4178,3.40915
36,"n23m0123.hpc.itc.rwth-aachen.de",36,"36","uds",79,"n23m0123.hpc.itc.rwth-aachen.de",79,"79","uds",unix,64,4194304,10,50,38.147,5.2005,7.22997,7.289,12.0525,3.41828,3.40881
36,"n23m0123.hpc.itc.rwth-aachen.de",36,"36","uds",80,"n23m0123.hpc.itc.rwth-aachen.de",80,"80","uds",unix,64,4194304,10,50,39.73,5.309,7.32963,7.35,13.0385,3.38708,3.3811
36,"n23m0123.hpc.itc.rwth-aachen.de",36,"36","uds",81,"n23m0123.hpc.itc.rwth-aachen.de",81,"81","uds",unix,64,4194304,10,50,38.961,5.3305,7.14425,7.2475,10.5835,3.39266,3.38851
36,"n23m0123.hpc.itc.rwth-aachen.de",36,"36","uds",82,"n23m0123.hpc.itc.rwth-aachen.de",82,"82","uds",unix,64,4194304,10,50,45.872,6.763,8.00133,7.69525,12.317,3.41502,3.40486
36,"n23m0123.hpc.itc.rwth-aachen.de",36,"36","uds",83,"n23m0123.hpc.itc.rwth-aachen.de",83,"83","uds",unix,64,4194304,10,50,57.413,5.261,6.71317,6.7745,9.6685,3.40259,3.39028
36,"n23m0123.hpc.itc.rwth-aachen.de",36,"36","uds",84,"n23m0123.hpc.itc.rwth-aachen.de",84,"84","uds",unix,64,4194304,10,50,45.5,5.0965,6.73126,6.89025,10.043,3.42306,3.4142
36,"n23m0123.hpc.itc.rwth-aachen.de",36,"36","uds",85,"n23m0123.hpc.itc.rwth-aachen.de",85,"85","uds",unix,64,4194304,10,50,41.964,5.3875,7.62041,7.41325,14.6445,3.42147,3.4061
36,"n23m0123.hpc.itc.rwth-aachen.de",36,"36","uds",86,"n23m0123.hpc.itc.rwth-aachen.de",86,"86","uds",unix,64,4194304,10,50,46.234,5.0515,6.83064,6.982,10.234,3.3932,3.38438
36,"n23m0123.hpc.itc.rwth-aachen.de",36,"36","uds",87,"n23m0123.hpc.itc.rwth-aachen.de",87,"87","uds",unix,64,4194304,10,50,40.241,5.3355,7.09002,7.018,11.2715,3.3775,3.37879
36,"n23m0123.hpc.itc.rwth-aachen.de",36,"36","uds",88,"n23m0123.hpc.itc.rwth-aachen.de",88,"88","uds",unix,64,4194304,10,50,38.281,5.0815,6.96117,7.0335,9.5385,3.42825,3.41666
36,"n23m0123.hpc.itc.rwth-aachen.de",36,"36","uds",89,"n23m0123.hpc.itc.rwth-aachen.de",89,"89","uds",unix,64,4194304,10,50,43.173,8.3035,9.77547,9.6145,14.3905,3.39624,3.39584
36,"n23m0123.hpc.itc.rwth-aachen.de",36,"36","uds",90,"n23m0123.hpc.itc.rwth-aachen.de",90,"90","uds",unix,64,4194304,10,50,44.474,5.4595,7.41543,7.392,13.1125,3.44007,3.43484
36,"n23m0123.hpc.itc.rwth-aachen.de",36,"36","uds",91,"n23m0123.hpc.itc.rwth-aachen.de",91,"91","uds",unix,64,4194304,10,50,40.196,5.1805,7.27528,7.40575,9.827,3.44961,3.43782
36,"n23m0123.hpc.itc.rwth-aachen.de",36,"36","uds",92,"n23m0123.hpc.itc.rwth-aachen.de",92,"92","uds",unix,64,4194304,10,50,41.697,5.228,7.23536,7.097,11.287,3.44403,3.43841
36,"n23m0123.hpc.itc.rwth-aachen.de",36,"36","uds",93,"n23m0123.hpc.itc.rwth-aachen.de",93,"93","uds",unix,64,4194304,10,50,39.032,5.2005,7.58367,7.58725,11.1455,3.42492,3.42645
36,"n23m0123.hpc.itc.rwth-aachen.de",36,"36","uds",94,"n23m0123.hpc.itc.rwth-aachen.de",94,"94","uds",unix,64,4194304,10,50,38.947,5.8,7.65946,7.15025,10.0075,3.41951,3.40715
36,"n23m0123.hpc.itc.rwth-aachen.de",36,"36","uds",95,"n23m0123.hpc.itc.rwth-aachen.de",95,"95","uds",unix,64,4194304,10,50,38.117,5.063,7.13586,7.2265,12.6625,3.38006,3.37416
37,"n23m0123.hpc.itc.rwth-aachen.de",37,"37","uds",38,"n23m0123.hpc.itc.rwth-aachen.de",38,"38","uds",unix,64,4194304,10,50,80.338,3.4945,4.90416,4.86275,10.3715,7.47784,7.42672
37,"n23m0123.hpc.itc.rwth-aachen.de",37,"37","uds",39,"n23m0123.hpc.itc.rwth-aachen.de",39,"39","uds",unix,64,4194304,10,50,49.882,3.7125,4.79298,4.79725,5.269,7.67654,7.58599
37,"n23m0123.hpc.itc.rwth-aachen.de",37,"37","uds",40,"n23m0123.hpc.itc.rwth-aachen.de",40,"40","uds",unix,64,4194304,10,50,43.454,2.515,3.88796,3.65975,7.6005,7.77903,7.70637
37,"n23m0123.hpc.itc.rwth-aachen.de",37,"37","uds",41,"n23m0123.hpc.itc.rwth-aachen.de",41,"41","uds",unix,64,4194304,10,50,38.387,2.5545,3.5779,3.39075,6.3665,7.80047,7.72981
37,"n23m0123.hpc.itc.rwth-aachen.de",37,"37","uds",42,"n23m0123.hpc.itc.rwth-aachen.de",42,"42","uds",unix,64,4194304,10,50,39.13,2.632,3.89898,4.08925,5.144,7.73521,7.65371
37,"n23m0123.hpc.itc.rwth-aachen.de",37,"37","uds",43,"n23m0123.hpc.itc.rwth-aachen.de",43,"43","uds",unix,64,4194304,10,50,53.65,2.6385,4.29874,4.61375,5.6425,7.66008,7.59334
37,"n23m0123.hpc.itc.rwth-aachen.de",37,"37","uds",44,"n23m0123.hpc.itc.rwth-aachen.de",44,"44","uds",unix,64,4194304,10,50,39.568,2.599,3.62331,3.60375,6.9765,7.81576,7.74528
37,"n23m0123.hpc.itc.rwth-aachen.de",37,"37","uds",45,"n23m0123.hpc.itc.rwth-aachen.de",45,"45","uds",unix,64,4194304,10,50,35.744,2.524,3.38215,3.495,4.931,7.71629,7.64192
37,"n23m0123.hpc.itc.rwth-aachen.de",37,"37","uds",46,"n23m0123.hpc.itc.rwth-aachen.de",46,"46","uds",unix,64,4194304,10,50,37.168,2.535,3.42062,3.43525,4.984,7.72741,7.65683
37,"n23m0123.hpc.itc.rwth-aachen.de",37,"37","uds",47,"n23m0123.hpc.itc.rwth-aachen.de",47,"47","uds",unix,64,4194304,10,50,38.586,2.634,3.9959,3.899,6.578,7.73763,7.6831
37,"n23m0123.hpc.itc.rwth-aachen.de",37,"37","uds",48,"n23m0123.hpc.itc.rwth-aachen.de",48,"48","uds",unix,64,4194304,10,50,51.495,5.3475,7.67303,7.38625,13.87,3.36489,3.36035
37,"n23m0123.hpc.itc.rwth-aachen.de",37,"37","uds",49,"n23m0123.hpc.itc.rwth-aachen.de",49,"49","uds",unix,64,4194304,10,50,48.917,6.103,8.28542,8.244,10.7215,3.38352,3.38353
37,"n23m0123.hpc.itc.rwth-aachen.de",37,"37","uds",50,"n23m0123.hpc.itc.rwth-aachen.de",50,"50","uds",unix,64,4194304,10,50,48.865,5.1815,7.4288,7.3305,10.553,3.41561,3.40629
37,"n23m0123.hpc.itc.rwth-aachen.de",37,"37","uds",51,"n23m0123.hpc.itc.rwth-aachen.de",51,"51","uds",unix,64,4194304,10,50,48.818,5.356,7.37366,7.34175,10.0375,3.42161,3.40571
37,"n23m0123.hpc.itc.rwth-aachen.de",37,"37","uds",52,"n23m0123.hpc.itc.rwth-aachen.de",52,"52","uds",unix,64,4194304,10,50,38.41,5.2455,7.43024,7.34525,13.9985,3.42844,3.12148
37,"n23m0123.hpc.itc.rwth-aachen.de",37,"37","uds",53,"n23m0123.hpc.itc.rwth-aachen.de",53,"53","uds",unix,64,4194304,10,50,58.625,5.8825,7.93967,8.15575,10.772,1.67787,1.88798
37,"n23m0123.hpc.itc.rwth-aachen.de",37,"37","uds",54,"n23m0123.hpc.itc.rwth-aachen.de",54,"54","uds",unix,64,4194304,10,50,71.038,10.065,13.1659,12.7662,20.4855,1.64437,1.64432
37,"n23m0123.hpc.itc.rwth-aachen.de",37,"37","uds",55,"n23m0123.hpc.itc.rwth-aachen.de",55,"55","uds",unix,64,4194304,10,50,74.012,11.2865,13.7329,13.4307,26.462,1.67475,1.67452
37,"n23m0123.hpc.itc.rwth-aachen.de",37,"37","uds",56,"n23m0123.hpc.itc.rwth-aachen.de",56,"56","uds",unix,64,4194304,10,50,73.509,10.187,12.6305,12.2793,20.362,1.66996,1.6692
37,"n23m0123.hpc.itc.rwth-aachen.de",37,"37","uds",57,"n23m0123.hpc.itc.rwth-aachen.de",57,"57","uds",unix,64,4194304,10,50,68.212,10.636,12.8142,12.6498,16.249,1.6612,1.66211
37,"n23m0123.hpc.itc.rwth-aachen.de",37,"37","uds",58,"n23m0123.hpc.itc.rwth-aachen.de",58,"58","uds",unix,64,4194304,10,50,70.539,10.1235,12.5421,12.656,20.5745,1.69164,1.69009
37,"n23m0123.hpc.itc.rwth-aachen.de",37,"37","uds",59,"n23m0123.hpc.itc.rwth-aachen.de",59,"59","uds",unix,64,4194304,10,50,69.124,10.064,12.8243,12.632,22.5035,1.67172,1.67346
37,"n23m0123.hpc.itc.rwth-aachen.de",37,"37","uds",60,"n23m0123.hpc.itc.rwth-aachen.de",60,"60","uds",unix,64,4194304,10,50,77.056,10.395,12.5986,12.7705,15.2605,1.66606,1.66595
37,"n23m0123.hpc.itc.rwth-aachen.de",37,"37","uds",61,"n23m0123.hpc.itc.rwth-aachen.de",61,"61","uds",unix,64,4194304,10,50,70.782,10.506,13.223,13.0068,23.033,1.69448,1.69262
37,"n23m0123.hpc.itc.rwth-aachen.de",37,"37","uds",62,"n23m0123.hpc.itc.rwth-aachen.de",62,"62","uds",unix,64,4194304,10,50,66.537,10.7325,13.816,13.6777,18.7905,1.67974,1.67912
37,"n23m0123.hpc.itc.rwth-aachen.de",37,"37","uds",63,"n23m0123.hpc.itc.rwth-aachen.de",63,"63","uds",unix,64,4194304,10,50,78.787,9.325,13.0032,12.5877,23.9265,1.67688,1.67513
37,"n23m0123.hpc.itc.rwth-aachen.de",37,"37","uds",64,"n23m0123.hpc.itc.rwth-aachen.de",64,"64","uds",unix,64,4194304,10,50,72.943,8.9975,12.1141,11.6573,24.6395,1.70172,1.70194
37,"n23m0123.hpc.itc.rwth-aachen.de",37,"37","uds",65,"n23m0123.hpc.itc.rwth-aachen.de",65,"65","uds",unix,64,4194304,10,50,67.887,9.989,12.837,12.255,22.0055,1.68258,1.68386
37,"n23m0123.hpc.itc.rwth-aachen.de",37,"37","uds",66,"n23m0123.hpc.itc.rwth-aachen.de",66,"66","uds",unix,64,4194304,10,50,76.06,10.2175,13.328,13.0315,23.4015,1.67846,1.67828
37,"n23m0123.hpc.itc.rwth-aachen.de",37,"37","uds",67,"n23m0123.hpc.itc.rwth-aachen.de",67,"67","uds",unix,64,4194304,10,50,67.076,11.1385,13.762,13.6208,21.5385,1.68654,1.68588
37,"n23m0123.hpc.itc.rwth-aachen.de",37,"37","uds",68,"n23m0123.hpc.itc.rwth-aachen.de",68,"68","uds",unix,64,4194304,10,50,68.685,9.992,13.3557,13.0152,29.2105,1.68521,1.68779
37,"n23m0123.hpc.itc.rwth-aachen.de",37,"37","uds",69,"n23m0123.hpc.itc.rwth-aachen.de",69,"69","uds",unix,64,4194304,10,50,72.098,11.3065,13.5872,13.4503,20.5575,1.66036,1.65866
37,"n23m0123.hpc.itc.rwth-aachen.de",37,"37","uds",70,"n23m0123.hpc.itc.rwth-aachen.de",70,"70","uds",unix,64,4194304,10,50,65.976,10.504,12.5205,12.373,17.3165,1.68601,1.68557
37,"n23m0123.hpc.itc.rwth-aachen.de",37,"37","uds",71,"n23m0123.hpc.itc.rwth-aachen.de",71,"71","uds",unix,64,4194304,10,50,66.126,10.0795,12.5703,12.4632,18.935,1.67761,1.67756
37,"n23m0123.hpc.itc.rwth-aachen.de",37,"37","uds",72,"n23m0123.hpc.itc.rwth-aachen.de",72,"72","uds",unix,64,4194304,10,50,80.685,10.167,12.9129,12.7273,20.7425,1.69453,1.69296
37,"n23m0123.hpc.itc.rwth-aachen.de",37,"37","uds",73,"n23m0123.hpc.itc.rwth-aachen.de",73,"73","uds",unix,64,4194304,10,50,72.282,10.2275,13.3672,12.9672,23.5995,1.69857,1.69836
37,"n23m0123.hpc.itc.rwth-aachen.de",37,"37","uds",74,"n23m0123.hpc.itc.rwth-aachen.de",74,"74","uds",unix,64,4194304,10,50,71.087,10.509,14.0661,13.5987,21.3015,1.69351,1.69325
37,"n23m0123.hpc.itc.rwth-aachen.de",37,"37","uds",75,"n23m0123.hpc.itc.rwth-aachen.de",75,"75","uds",unix,64,4194304,10,50,70.274,10.4315,13.6124,13.3915,23.0555,1.67234,1.67298
37,"n23m0123.hpc.itc.rwth-aachen.de",37,"37","uds",76,"n23m0123.hpc.itc.rwth-aachen.de",76,"76","uds",unix,64,4194304,10,50,102.833,10.4445,13.6892,13.6182,25.691,1.69292,1.69122
37,"n23m0123.hpc.itc.rwth-aachen.de",37,"37","uds",77,"n23m0123.hpc.itc.rwth-aachen.de",77,"77","uds",unix,64,4194304,10,50,75.936,10.146,12.8118,12.6035,19.7415,1.69977,1.69857
37,"n23m0123.hpc.itc.rwth-aachen.de",37,"37","uds",78,"n23m0123.hpc.itc.rwth-aachen.de",78,"78","uds",unix,64,4194304,10,50,64.92,9.9085,12.7906,12.5107,21.8185,1.69801,1.69791
37,"n23m0123.hpc.itc.rwth-aachen.de",37,"37","uds",79,"n23m0123.hpc.itc.rwth-aachen.de",79,"79","uds",unix,64,4194304,10,50,68.72,10.445,13.1035,12.8872,19.741,1.69774,1.69586
37,"n23m0123.hpc.itc.rwth-aachen.de",37,"37","uds",80,"n23m0123.hpc.itc.rwth-aachen.de",80,"80","uds",unix,64,4194304,10,50,68.631,10.4415,13.4019,13.0742,23.522,1.68173,1.67861
37,"n23m0123.hpc.itc.rwth-aachen.de",37,"37","uds",81,"n23m0123.hpc.itc.rwth-aachen.de",81,"81","uds",unix,64,4194304,10,50,81.571,10.186,13.6962,13.383,24.557,1.70358,1.70179
37,"n23m0123.hpc.itc.rwth-aachen.de",37,"37","uds",82,"n23m0123.hpc.itc.rwth-aachen.de",82,"82","uds",unix,64,4194304,10,50,71.413,10.178,13.0857,12.8953,21.243,1.69869,1.69756
37,"n23m0123.hpc.itc.rwth-aachen.de",37,"37","uds",83,"n23m0123.hpc.itc.rwth-aachen.de",83,"83","uds",unix,64,4194304,10,50,71.349,9.977,13.6641,12.7022,24.1035,1.68849,1.68637
37,"n23m0123.hpc.itc.rwth-aachen.de",37,"37","uds",84,"n23m0123.hpc.itc.rwth-aachen.de",84,"84","uds",unix,64,4194304,10,50,101.366,9.7925,12.996,12.1585,22.0005,1.69966,1.70027
37,"n23m0123.hpc.itc.rwth-aachen.de",37,"37","uds",85,"n23m0123.hpc.itc.rwth-aachen.de",85,"85","uds",unix,64,4194304,10,50,72.059,10.103,13.3481,13.1193,19.5005,1.70188,1.70182
37,"n23m0123.hpc.itc.rwth-aachen.de",37,"37","uds",86,"n23m0123.hpc.itc.rwth-aachen.de",86,"86","uds",unix,64,4194304,10,50,71.874,11.02,13.287,13.337,17.997,1.69564,1.69195
37,"n23m0123.hpc.itc.rwth-aachen.de",37,"37","uds",87,"n23m0123.hpc.itc.rwth-aachen.de",87,"87","uds",unix,64,4194304,10,50,81.392,10.611,13.4337,13.3918,17.936,1.6585,1.65814
37,"n23m0123.hpc.itc.rwth-aachen.de",37,"37","uds",88,"n23m0123.hpc.itc.rwth-aachen.de",88,"88","uds",unix,64,4194304,10,50,80.393,10.401,13.4316,13.2492,21.4355,1.68548,1.68584
37,"n23m0123.hpc.itc.rwth-aachen.de",37,"37","uds",89,"n23m0123.hpc.itc.rwth-aachen.de",89,"89","uds",unix,64,4194304,10,50,76.63,11.1175,13.4141,13.084,20.724,1.67706,1.67761
37,"n23m0123.hpc.itc.rwth-aachen.de",37,"37","uds",90,"n23m0123.hpc.itc.rwth-aachen.de",90,"90","uds",unix,64,4194304,10,50,71.714,10.8785,13.8368,13.7722,21.7665,1.68757,1.68919
37,"n23m0123.hpc.itc.rwth-aachen.de",37,"37","uds",91,"n23m0123.hpc.itc.rwth-aachen.de",91,"91","uds",unix,64,4194304,10,50,65.667,10.674,13.4721,13.4925,23.617,1.68265,1.68304
37,"n23m0123.hpc.itc.rwth-aachen.de",37,"37","uds",92,"n23m0123.hpc.itc.rwth-aachen.de",92,"92","uds",unix,64,4194304,10,50,66.992,10.447,14.2848,14.1273,20.5765,1.6913,1.69149
37,"n23m0123.hpc.itc.rwth-aachen.de",37,"37","uds",93,"n23m0123.hpc.itc.rwth-aachen.de",93,"93","uds",unix,64,4194304,10,50,67.814,10.504,13.5569,13.246,21.0905,1.68336,1.68334
37,"n23m0123.hpc.itc.rwth-aachen.de",37,"37","uds",94,"n23m0123.hpc.itc.rwth-aachen.de",94,"94","uds",unix,64,4194304,10,50,66.836,11.2445,14.4285,13.7297,28.084,1.68155,1.68003
37,"n23m0123.hpc.itc.rwth-aachen.de",37,"37","uds",95,"n23m0123.hpc.itc.rwth-aachen.de",95,"95","uds",unix,64,4194304,10,50,65.512,10.516,13.0492,12.8163,19.622,1.66947,1.66897
38,"n23m0123.hpc.itc.rwth-aachen.de",38,"38","uds",39,"n23m0123.hpc.itc.rwth-aachen.de",39,"39","uds",unix,64,4194304,10,50,137.261,5.465,7.43603,7.44525,10.256,5.55595,5.58414
38,"n23m0123.hpc.itc.rwth-aachen.de",38,"38","uds",40,"n23m0123.hpc.itc.rwth-aachen.de",40,"40","uds",unix,64,4194304,10,50,54.04,2.6155,4.18389,4.06475,9.1255,7.27548,7.26805
38,"n23m0123.hpc.itc.rwth-aachen.de",38,"38","uds",41,"n23m0123.hpc.itc.rwth-aachen.de",41,"41","uds",unix,64,4194304,10,50,41.018,2.4055,2.95732,2.6775,4.8265,7.66409,7.64351
38,"n23m0123.hpc.itc.rwth-aachen.de",38,"38","uds",42,"n23m0123.hpc.itc.rwth-aachen.de",42,"42","uds",unix,64,4194304,10,50,40.15,2.737,4.09089,4.284,4.979,7.42649,7.49135
38,"n23m0123.hpc.itc.rwth-aachen.de",38,"38","uds",43,"n23m0123.hpc.itc.rwth-aachen.de",43,"43","uds",unix,64,4194304,10,50,37.124,2.6705,4.35061,4.68725,5.415,7.35793,7.4329
38,"n23m0123.hpc.itc.rwth-aachen.de",38,"38","uds",44,"n23m0123.hpc.itc.rwth-aachen.de",44,"44","uds",unix,64,4194304,10,50,37.83,2.5555,3.78763,3.6485,5.061,7.55057,7.61203
38,"n23m0123.hpc.itc.rwth-aachen.de",38,"38","uds",45,"n23m0123.hpc.itc.rwth-aachen.de",45,"45","uds",unix,64,4194304,10,50,36.908,2.6015,3.90235,3.88775,9.5335,7.60798,7.56969
38,"n23m0123.hpc.itc.rwth-aachen.de",38,"38","uds",46,"n23m0123.hpc.itc.rwth-aachen.de",46,"46","uds",unix,64,4194304,10,50,36.768,2.6415,3.72608,3.7465,5.0805,7.63766,7.5549
38,"n23m0123.hpc.itc.rwth-aachen.de",38,"38","uds",47,"n23m0123.hpc.itc.rwth-aachen.de",47,"47","uds",unix,64,4194304,10,50,41.909,2.7735,4.50421,4.7085,8.8845,7.57537,7.56139
38,"n23m0123.hpc.itc.rwth-aachen.de",38,"38","uds",48,"n23m0123.hpc.itc.rwth-aachen.de",48,"48","uds",unix,64,4194304,10,50,51.132,5.426,7.64037,7.47225,12.4875,3.29687,3.29901
38,"n23m0123.hpc.itc.rwth-aachen.de",38,"38","uds",49,"n23m0123.hpc.itc.rwth-aachen.de",49,"49","uds",unix,64,4194304,10,50,49.324,5.635,8.44678,8.7155,12.1765,3.35027,3.35255
38,"n23m0123.hpc.itc.rwth-aachen.de",38,"38","uds",50,"n23m0123.hpc.itc.rwth-aachen.de",50,"50","uds",unix,64,4194304,10,50,48.844,5.272,6.9565,6.88725,11.63,3.33453,3.33148
38,"n23m0123.hpc.itc.rwth-aachen.de",38,"38","uds",51,"n23m0123.hpc.itc.rwth-aachen.de",51,"51","uds",unix,64,4194304,10,50,52.002,5.127,7.08581,7.22725,10.2215,3.36127,3.35519
38,"n23m0123.hpc.itc.rwth-aachen.de",38,"38","uds",52,"n23m0123.hpc.itc.rwth-aachen.de",52,"52","uds",unix,64,4194304,10,50,61.244,4.9115,6.97026,6.97875,9.606,3.37416,3.37345
38,"n23m0123.hpc.itc.rwth-aachen.de",38,"38","uds",53,"n23m0123.hpc.itc.rwth-aachen.de",53,"53","uds",unix,64,4194304,10,50,47.645,5.018,6.78484,7.04,11.0625,3.37795,3.37212
38,"n23m0123.hpc.itc.rwth-aachen.de",38,"38","uds",54,"n23m0123.hpc.itc.rwth-aachen.de",54,"54","uds",unix,64,4194304,10,50,43.767,7.0865,9.24613,9.13,12.8455,3.33693,3.33311
38,"n23m0123.hpc.itc.rwth-aachen.de",38,"38","uds",55,"n23m0123.hpc.itc.rwth-aachen.de",55,"55","uds",unix,64,4194304,10,50,39.856,5.149,7.28321,7.27975,11.332,3.36699,3.36341
38,"n23m0123.hpc.itc.rwth-aachen.de",38,"38","uds",56,"n23m0123.hpc.itc.rwth-aachen.de",56,"56","uds",unix,64,4194304,10,50,39.057,5.2185,7.06217,6.94825,13.462,3.39969,3.3931
38,"n23m0123.hpc.itc.rwth-aachen.de",38,"38","uds",57,"n23m0123.hpc.itc.rwth-aachen.de",57,"57","uds",unix,64,4194304,10,50,43.381,5.392,7.54339,7.3855,10.8935,3.36208,3.34938
38,"n23m0123.hpc.itc.rwth-aachen.de",38,"38","uds",58,"n23m0123.hpc.itc.rwth-aachen.de",58,"58","uds",unix,64,4194304,10,50,40.499,5.231,7.22959,7.40725,12.483,3.36769,3.37229
38,"n23m0123.hpc.itc.rwth-aachen.de",38,"38","uds",59,"n23m0123.hpc.itc.rwth-aachen.de",59,"59","uds",unix,64,4194304,10,50,44.397,5.0285,6.96981,7.11525,10.856,3.35737,3.35517
38,"n23m0123.hpc.itc.rwth-aachen.de",38,"38","uds",60,"n23m0123.hpc.itc.rwth-aachen.de",60,"60","uds",unix,64,4194304,10,50,45.324,5.1175,7.57781,7.626,9.9435,3.33148,3.32628
38,"n23m0123.hpc.itc.rwth-aachen.de",38,"38","uds",61,"n23m0123.hpc.itc.rwth-aachen.de",61,"61","uds",unix,64,4194304,10,50,48.391,5.222,7.12371,7.1965,9.634,3.3913,3.38422
38,"n23m0123.hpc.itc.rwth-aachen.de",38,"38","uds",62,"n23m0123.hpc.itc.rwth-aachen.de",62,"62","uds",unix,64,4194304,10,50,40.749,5.8185,7.98239,7.8225,12.338,3.36909,3.36507
38,"n23m0123.hpc.itc.rwth-aachen.de",38,"38","uds",63,"n23m0123.hpc.itc.rwth-aachen.de",63,"63","uds",unix,64,4194304,10,50,47.594,5.279,7.14091,7.2105,13.0555,3.36736,3.36268
38,"n23m0123.hpc.itc.rwth-aachen.de",38,"38","uds",64,"n23m0123.hpc.itc.rwth-aachen.de",64,"64","uds",unix,64,4194304,10,50,44.738,5.2745,6.68228,6.7685,9.653,3.38996,3.386
38,"n23m0123.hpc.itc.rwth-aachen.de",38,"38","uds",65,"n23m0123.hpc.itc.rwth-aachen.de",65,"65","uds",unix,64,4194304,10,50,44.377,5.0625,6.86266,6.999,10.039,3.3702,3.3688
38,"n23m0123.hpc.itc.rwth-aachen.de",38,"38","uds",66,"n23m0123.hpc.itc.rwth-aachen.de",66,"66","uds",unix,64,4194304,10,50,47.856,5.297,7.41624,7.287,11.298,3.3942,3.38329
38,"n23m0123.hpc.itc.rwth-aachen.de",38,"38","uds",67,"n23m0123.hpc.itc.rwth-aachen.de",67,"67","uds",unix,64,4194304,10,50,42.319,5.119,7.36465,7.47,12.5615,3.4064,3.39366
38,"n23m0123.hpc.itc.rwth-aachen.de",38,"38","uds",68,"n23m0123.hpc.itc.rwth-aachen.de",68,"68","uds",unix,64,4194304,10,50,40.43,5.609,7.79894,7.54775,10.957,3.37764,3.37474
38,"n23m0123.hpc.itc.rwth-aachen.de",38,"38","uds",69,"n23m0123.hpc.itc.rwth-aachen.de",69,"69","uds",unix,64,4194304,10,50,43.941,5.774,7.8541,7.6955,10.225,3.36158,3.35524
38,"n23m0123.hpc.itc.rwth-aachen.de",38,"38","uds",70,"n23m0123.hpc.itc.rwth-aachen.de",70,"70","uds",unix,64,4194304,10,50,39.064,5.155,7.16847,7.32825,10.2945,3.37633,3.37773
38,"n23m0123.hpc.itc.rwth-aachen.de",38,"38","uds",71,"n23m0123.hpc.itc.rwth-aachen.de",71,"71","uds",unix,64,4194304,10,50,40.987,5.1485,6.90933,6.8995,9.8435,3.34391,3.3422
38,"n23m0123.hpc.itc.rwth-aachen.de",38,"38","uds",72,"n23m0123.hpc.itc.rwth-aachen.de",72,"72","uds",unix,64,4194304,10,50,45.404,4.987,7.15626,7.06575,12.5875,3.36553,3.3678
38,"n23m0123.hpc.itc.rwth-aachen.de",38,"38","uds",73,"n23m0123.hpc.itc.rwth-aachen.de",73,"73","uds",unix,64,4194304,10,50,54.232,5.4285,7.63945,7.5015,10.3375,3.38285,3.377
38,"n23m0123.hpc.itc.rwth-aachen.de",38,"38","uds",74,"n23m0123.hpc.itc.rwth-aachen.de",74,"74","uds",unix,64,4194304,10,50,46.788,5.825,8.16036,7.82975,12.468,3.34848,3.33861
38,"n23m0123.hpc.itc.rwth-aachen.de",38,"38","uds",75,"n23m0123.hpc.itc.rwth-aachen.de",75,"75","uds",unix,64,4194304,10,50,59.398,5.319,7.18148,7.31725,9.945,3.35535,3.35479
38,"n23m0123.hpc.itc.rwth-aachen.de",38,"38","uds",76,"n23m0123.hpc.itc.rwth-aachen.de",76,"76","uds",unix,64,4194304,10,50,45.282,5.1695,7.11014,7.26225,10.0375,3.38643,3.37453
38,"n23m0123.hpc.itc.rwth-aachen.de",38,"38","uds",77,"n23m0123.hpc.itc.rwth-aachen.de",77,"77","uds",unix,64,4194304,10,50,43.555,5.1195,6.79695,6.9065,11.2075,3.38966,3.38946
38,"n23m0123.hpc.itc.rwth-aachen.de",38,"38","uds",78,"n23m0123.hpc.itc.rwth-aachen.de",78,"78","uds",unix,64,4194304,10,50,40.588,5.0235,7.2794,7.32775,10.707,3.39391,3.3857
38,"n23m0123.hpc.itc.rwth-aachen.de",38,"38","uds",79,"n23m0123.hpc.itc.rwth-aachen.de",79,"79","uds",unix,64,4194304,10,50,36.585,5.221,7.46556,7.38375,10.247,3.38193,3.38295
38,"n23m0123.hpc.itc.rwth-aachen.de",38,"38","uds",80,"n23m0123.hpc.itc.rwth-aachen.de",80,"80","uds",unix,64,4194304,10,50,39.454,5.248,6.96728,7.33725,10.7975,3.36276,3.36079
38,"n23m0123.hpc.itc.rwth-aachen.de",38,"38","uds",81,"n23m0123.hpc.itc.rwth-aachen.de",81,"81","uds",unix,64,4194304,10,50,44.783,5.521,7.54585,7.5785,11.322,3.39892,3.39201
38,"n23m0123.hpc.itc.rwth-aachen.de",38,"38","uds",82,"n23m0123.hpc.itc.rwth-aachen.de",82,"82","uds",unix,64,4194304,10,50,54.353,5.267,7.49196,7.372,10.6475,3.34873,3.35253
38,"n23m0123.hpc.itc.rwth-aachen.de",38,"38","uds",83,"n23m0123.hpc.itc.rwth-aachen.de",83,"83","uds",unix,64,4194304,10,50,40.735,5.1355,6.96247,7.22825,10.1095,3.37815,3.36999
38,"n23m0123.hpc.itc.rwth-aachen.de",38,"38","uds",84,"n23m0123.hpc.itc.rwth-aachen.de",84,"84","uds",unix,64,4194304,10,50,45.68,5.189,7.04537,7.23775,9.6945,3.35953,3.35646
38,"n23m0123.hpc.itc.rwth-aachen.de",38,"38","uds",85,"n23m0123.hpc.itc.rwth-aachen.de",85,"85","uds",unix,64,4194304,10,50,37.67,5.3045,7.42203,7.395,11.265,3.35585,3.34983
38,"n23m0123.hpc.itc.rwth-aachen.de",38,"38","uds",86,"n23m0123.hpc.itc.rwth-aachen.de",86,"86","uds",unix,64,4194304,10,50,41.128,5.7885,8.21987,7.981,11.2995,3.36595,3.35218
38,"n23m0123.hpc.itc.rwth-aachen.de",38,"38","uds",87,"n23m0123.hpc.itc.rwth-aachen.de",87,"87","uds",unix,64,4194304,10,50,37.972,5.1345,7.01587,7.27575,10.7325,3.35273,3.3419
38,"n23m0123.hpc.itc.rwth-aachen.de",38,"38","uds",88,"n23m0123.hpc.itc.rwth-aachen.de",88,"88","uds",unix,64,4194304,10,50,39.125,5.792,8.35093,7.984,12.661,3.37043,3.3699
38,"n23m0123.hpc.itc.rwth-aachen.de",38,"38","uds",89,"n23m0123.hpc.itc.rwth-aachen.de",89,"89","uds",unix,64,4194304,10,50,40.94,5.112,6.64109,6.741,9.392,3.3688,3.36544
38,"n23m0123.hpc.itc.rwth-aachen.de",38,"38","uds",90,"n23m0123.hpc.itc.rwth-aachen.de",90,"90","uds",unix,64,4194304,10,50,42.561,5.333,7.13897,6.911,13.713,3.38984,3.38953
38,"n23m0123.hpc.itc.rwth-aachen.de",38,"38","uds",91,"n23m0123.hpc.itc.rwth-aachen.de",91,"91","uds",unix,64,4194304,10,50,37.131,5.535,7.90133,7.528,9.756,3.37529,3.37257
38,"n23m0123.hpc.itc.rwth-aachen.de",38,"38","uds",92,"n23m0123.hpc.itc.rwth-aachen.de",92,"92","uds",unix,64,4194304,10,50,38.303,5.2395,7.15647,7.267,9.473,3.3748,3.37355
38,"n23m0123.hpc.itc.rwth-aachen.de",38,"38","uds",93,"n23m0123.hpc.itc.rwth-aachen.de",93,"93","uds",unix,64,4194304,10,50,43.237,5.55,8.35736,8.08225,12.672,3.40537,3.40188
38,"n23m0123.hpc.itc.rwth-aachen.de",38,"38","uds",94,"n23m0123.hpc.itc.rwth-aachen.de",94,"94","uds",unix,64,4194304,10,50,38.345,5.395,7.295,7.44275,11.2295,3.385,3.38013
38,"n23m0123.hpc.itc.rwth-aachen.de",38,"38","uds",95,"n23m0123.hpc.itc.rwth-aachen.de",95,"95","uds",unix,64,4194304,10,50,50.876,5.1665,7.14447,7.176,12.2535,3.34077,3.33787
39,"n23m0123.hpc.itc.rwth-aachen.de",39,"39","uds",40,"n23m0123.hpc.itc.rwth-aachen.de",40,"40","uds",unix,64,4194304,10,50,75.62,2.837,4.5144,4.70275,5.502,7.45844,7.43277
39,"n23m0123.hpc.itc.rwth-aachen.de",39,"39","uds",41,"n23m0123.hpc.itc.rwth-aachen.de",41,"41","uds",unix,64,4194304,10,50,40.743,2.7645,4.47867,4.6675,6.28,7.5907,7.60012
39,"n23m0123.hpc.itc.rwth-aachen.de",39,"39","uds",42,"n23m0123.hpc.itc.rwth-aachen.de",42,"42","uds",unix,64,4194304,10,50,36.865,3.605,4.71691,4.66775,8.5225,7.64406,7.56166
39,"n23m0123.hpc.itc.rwth-aachen.de",39,"39","uds",43,"n23m0123.hpc.itc.rwth-aachen.de",43,"43","uds",unix,64,4194304,10,50,37.34,3.9225,4.93868,4.95575,6.3925,7.53103,7.45437
39,"n23m0123.hpc.itc.rwth-aachen.de",39,"39","uds",44,"n23m0123.hpc.itc.rwth-aachen.de",44,"44","uds",unix,64,4194304,10,50,37.77,2.7705,4.23672,4.3825,5.3415,7.67625,7.60955
39,"n23m0123.hpc.itc.rwth-aachen.de",39,"39","uds",45,"n23m0123.hpc.itc.rwth-aachen.de",45,"45","uds",unix,64,4194304,10,50,37.776,3.6385,4.7589,4.83825,5.3665,7.61967,7.55392
39,"n23m0123.hpc.itc.rwth-aachen.de",39,"39","uds",46,"n23m0123.hpc.itc.rwth-aachen.de",46,"46","uds",unix,64,4194304,10,50,36.667,2.9515,4.60448,4.8795,5.916,7.55113,7.50146
39,"n23m0123.hpc.itc.rwth-aachen.de",39,"39","uds",47,"n23m0123.hpc.itc.rwth-aachen.de",47,"47","uds",unix,64,4194304,10,50,32.827,2.952,4.71295,4.90125,5.6125,7.5967,7.52121
39,"n23m0123.hpc.itc.rwth-aachen.de",39,"39","uds",48,"n23m0123.hpc.itc.rwth-aachen.de",48,"48","uds",unix,64,4194304,10,50,46.291,5.6,8.77124,8.992,12.1515,3.34099,3.33683
39,"n23m0123.hpc.itc.rwth-aachen.de",39,"39","uds",49,"n23m0123.hpc.itc.rwth-aachen.de",49,"49","uds",unix,64,4194304,10,50,52.739,5.4275,8.17298,7.73025,16.6785,3.40057,3.3815
39,"n23m0123.hpc.itc.rwth-aachen.de",39,"39","uds",50,"n23m0123.hpc.itc.rwth-aachen.de",50,"50","uds",unix,64,4194304,10,50,40.497,6.963,8.70656,8.93975,13.2005,3.38184,3.37616
39,"n23m0123.hpc.itc.rwth-aachen.de",39,"39","uds",51,"n23m0123.hpc.itc.rwth-aachen.de",51,"51","uds",unix,64,4194304,10,50,61.427,5.4925,8.26826,7.767,20.245,3.37905,3.37703
39,"n23m0123.hpc.itc.rwth-aachen.de",39,"39","uds",52,"n23m0123.hpc.itc.rwth-aachen.de",52,"52","uds",unix,64,4194304,10,50,41.763,5.28,7.75258,7.6555,12.032,3.40044,3.39767
39,"n23m0123.hpc.itc.rwth-aachen.de",39,"39","uds",53,"n23m0123.hpc.itc.rwth-aachen.de",53,"53","uds",unix,64,4194304,10,50,44.045,5.1865,7.35565,7.484,11.484,3.3892,3.38513
39,"n23m0123.hpc.itc.rwth-aachen.de",39,"39","uds",54,"n23m0123.hpc.itc.rwth-aachen.de",54,"54","uds",unix,64,4194304,10,50,38.623,5.3145,7.66265,7.381,12.6825,3.36456,3.36153
39,"n23m0123.hpc.itc.rwth-aachen.de",39,"39","uds",55,"n23m0123.hpc.itc.rwth-aachen.de",55,"55","uds",unix,64,4194304,10,50,37.17,6.738,8.4567,8.83025,10.686,3.30366,3.26226
39,"n23m0123.hpc.itc.rwth-aachen.de",39,"39","uds",56,"n23m0123.hpc.itc.rwth-aachen.de",56,"56","uds",unix,64,4194304,10,50,59.682,5.8345,8.5941,8.94775,11.7975,3.32625,3.30494
39,"n23m0123.hpc.itc.rwth-aachen.de",39,"39","uds",57,"n23m0123.hpc.itc.rwth-aachen.de",57,"57","uds",unix,64,4194304,10,50,55.821,5.607,7.80211,7.61875,12.584,3.27421,3.27873
39,"n23m0123.hpc.itc.rwth-aachen.de",39,"39","uds",58,"n23m0123.hpc.itc.rwth-aachen.de",58,"58","uds",unix,64,4194304,10,50,50.43,5.3495,7.88166,7.58275,12.9995,3.34424,3.34119
39,"n23m0123.hpc.itc.rwth-aachen.de",39,"39","uds",59,"n23m0123.hpc.itc.rwth-aachen.de",59,"59","uds",unix,64,4194304,10,50,56.049,5.3375,7.20455,7.34325,10.0105,3.3523,3.34555
39,"n23m0123.hpc.itc.rwth-aachen.de",39,"39","uds",60,"n23m0123.hpc.itc.rwth-aachen.de",60,"60","uds",unix,64,4194304,10,50,48.699,5.451,7.75175,7.60325,13.247,3.35346,3.35684
39,"n23m0123.hpc.itc.rwth-aachen.de",39,"39","uds",61,"n23m0123.hpc.itc.rwth-aachen.de",61,"61","uds",unix,64,4194304,10,50,46.816,5.3375,7.56439,7.34,10.963,3.40485,3.4003
39,"n23m0123.hpc.itc.rwth-aachen.de",39,"39","uds",62,"n23m0123.hpc.itc.rwth-aachen.de",62,"62","uds",unix,64,4194304,10,50,47.553,5.778,8.78916,8.934,13.1655,3.35749,3.34011
39,"n23m0123.hpc.itc.rwth-aachen.de",39,"39","uds",63,"n23m0123.hpc.itc.rwth-aachen.de",63,"63","uds",unix,64,4194304,10,50,47.924,5.3345,7.69223,7.64425,12.9785,3.37532,3.34445
39,"n23m0123.hpc.itc.rwth-aachen.de",39,"39","uds",64,"n23m0123.hpc.itc.rwth-aachen.de",64,"64","uds",unix,64,4194304,10,50,48.923,5.118,7.26409,7.3175,12.1735,3.44197,3.4317
39,"n23m0123.hpc.itc.rwth-aachen.de",39,"39","uds",65,"n23m0123.hpc.itc.rwth-aachen.de",65,"65","uds",unix,64,4194304,10,50,47.852,6.0525,8.01069,7.66775,11.4865,3.43208,3.42794
39,"n23m0123.hpc.itc.rwth-aachen.de",39,"39","uds",66,"n23m0123.hpc.itc.rwth-aachen.de",66,"66","uds",unix,64,4194304,10,50,51.291,5.492,7.86503,7.72425,11.3745,3.4073,3.39589
39,"n23m0123.hpc.itc.rwth-aachen.de",39,"39","uds",67,"n23m0123.hpc.itc.rwth-aachen.de",67,"67","uds",unix,64,4194304,10,50,46.097,5.094,7.09289,7.08075,11.051,3.42977,3.41934
39,"n23m0123.hpc.itc.rwth-aachen.de",39,"39","uds",68,"n23m0123.hpc.itc.rwth-aachen.de",68,"68","uds",unix,64,4194304,10,50,47.685,5.3115,7.44867,7.5075,13.0025,3.38185,3.29607
39,"n23m0123.hpc.itc.rwth-aachen.de",39,"39","uds",69,"n23m0123.hpc.itc.rwth-aachen.de",69,"69","uds",unix,64,4194304,10,50,64.962,5.25,8.49076,8.09075,20.1985,3.34907,3.34701
39,"n23m0123.hpc.itc.rwth-aachen.de",39,"39","uds",70,"n23m0123.hpc.itc.rwth-aachen.de",70,"70","uds",unix,64,4194304,10,50,59.398,5.6695,8.9737,8.77875,16.1475,3.39777,3.39012
39,"n23m0123.hpc.itc.rwth-aachen.de",39,"39","uds",71,"n23m0123.hpc.itc.rwth-aachen.de",71,"71","uds",unix,64,4194304,10,50,46.626,5.264,7.99691,8.0405,11.9085,3.3711,3.36353
39,"n23m0123.hpc.itc.rwth-aachen.de",39,"39","uds",72,"n23m0123.hpc.itc.rwth-aachen.de",72,"72","uds",unix,64,4194304,10,50,60.827,5.0725,7.02656,7.17175,9.988,3.41782,3.40776
39,"n23m0123.hpc.itc.rwth-aachen.de",39,"39","uds",73,"n23m0123.hpc.itc.rwth-aachen.de",73,"73","uds",unix,64,4194304,10,50,45.914,5.3965,7.46047,7.3525,11.24,3.40616,3.38775
39,"n23m0123.hpc.itc.rwth-aachen.de",39,"39","uds",74,"n23m0123.hpc.itc.rwth-aachen.de",74,"74","uds",unix,64,4194304,10,50,46.023,5.7065,8.31591,7.991,14.7555,3.40516,3.39201
39,"n23m0123.hpc.itc.rwth-aachen.de",39,"39","uds",75,"n23m0123.hpc.itc.rwth-aachen.de",75,"75","uds",unix,64,4194304,10,50,52.452,5.547,7.53934,7.60275,11.9445,3.37894,3.36663
39,"n23m0123.hpc.itc.rwth-aachen.de",39,"39","uds",76,"n23m0123.hpc.itc.rwth-aachen.de",76,"76","uds",unix,64,4194304,10,50,52.382,5.269,7.78333,7.55075,13.1085,3.4046,3.39918
39,"n23m0123.hpc.itc.rwth-aachen.de",39,"39","uds",77,"n23m0123.hpc.itc.rwth-aachen.de",77,"77","uds",unix,64,4194304,10,50,53.143,5.2665,7.24805,7.07,9.9415,3.38481,3.38279
39,"n23m0123.hpc.itc.rwth-aachen.de",39,"39","uds",78,"n23m0123.hpc.itc.rwth-aachen.de",78,"78","uds",unix,64,4194304,10,50,43.122,5.103,7.11505,7.22025,9.6445,3.41403,3.40819
39,"n23m0123.hpc.itc.rwth-aachen.de",39,"39","uds",79,"n23m0123.hpc.itc.rwth-aachen.de",79,"79","uds",unix,64,4194304,10,50,39.027,5.1335,7.09128,7.0965,11.4115,3.4041,3.39754
39,"n23m0123.hpc.itc.rwth-aachen.de",39,"39","uds",80,"n23m0123.hpc.itc.rwth-aachen.de",80,"80","uds",unix,64,4194304,10,50,39.793,5.243,7.48156,7.28925,12.8525,3.37347,3.36323
39,"n23m0123.hpc.itc.rwth-aachen.de",39,"39","uds",81,"n23m0123.hpc.itc.rwth-aachen.de",81,"81","uds",unix,64,4194304,10,50,43.658,5.5615,7.93366,7.815,9.9335,3.39999,3.39223
39,"n23m0123.hpc.itc.rwth-aachen.de",39,"39","uds",82,"n23m0123.hpc.itc.rwth-aachen.de",82,"82","uds",unix,64,4194304,10,50,42.49,5.471,7.69447,7.726,10.3505,3.40265,3.39875
39,"n23m0123.hpc.itc.rwth-aachen.de",39,"39","uds",83,"n23m0123.hpc.itc.rwth-aachen.de",83,"83","uds",unix,64,4194304,10,50,41.02,5.168,6.77757,7.01675,9.5575,3.35732,3.35509
39,"n23m0123.hpc.itc.rwth-aachen.de",39,"39","uds",84,"n23m0123.hpc.itc.rwth-aachen.de",84,"84","uds",unix,64,4194304,10,50,44.163,5.108,7.23686,7.22375,10.0895,3.33461,3.31829
39,"n23m0123.hpc.itc.rwth-aachen.de",39,"39","uds",85,"n23m0123.hpc.itc.rwth-aachen.de",85,"85","uds",unix,64,4194304,10,50,42.054,5.285,7.22724,7.3195,13.105,3.37114,3.36924
39,"n23m0123.hpc.itc.rwth-aachen.de",39,"39","uds",86,"n23m0123.hpc.itc.rwth-aachen.de",86,"86","uds",unix,64,4194304,10,50,47.7,7.641,9.6077,9.368,15.1075,3.37363,3.36746
39,"n23m0123.hpc.itc.rwth-aachen.de",39,"39","uds",87,"n23m0123.hpc.itc.rwth-aachen.de",87,"87","uds",unix,64,4194304,10,50,39.737,5.196,7.42536,7.29,12.1115,3.3645,3.36429
39,"n23m0123.hpc.itc.rwth-aachen.de",39,"39","uds",88,"n23m0123.hpc.itc.rwth-aachen.de",88,"88","uds",unix,64,4194304,10,50,45.243,5.856,8.29847,7.9005,10.849,3.3559,3.23731
39,"n23m0123.hpc.itc.rwth-aachen.de",39,"39","uds",89,"n23m0123.hpc.itc.rwth-aachen.de",89,"89","uds",unix,64,4194304,10,50,69.312,5.692,7.7661,7.831,13.4035,1.85396,2.01832
39,"n23m0123.hpc.itc.rwth-aachen.de",39,"39","uds",90,"n23m0123.hpc.itc.rwth-aachen.de",90,"90","uds",unix,64,4194304,10,50,90.408,10.1185,13.1364,13.1065,16.924,1.6784,1.67873
39,"n23m0123.hpc.itc.rwth-aachen.de",39,"39","uds",91,"n23m0123.hpc.itc.rwth-aachen.de",91,"91","uds",unix,64,4194304,10,50,79,9.716,13.1821,12.9745,20.8735,1.68512,1.68428
39,"n23m0123.hpc.itc.rwth-aachen.de",39,"39","uds",92,"n23m0123.hpc.itc.rwth-aachen.de",92,"92","uds",unix,64,4194304,10,50,78.596,11.2275,13.5656,13.2858,20.1975,1.70516,1.70336
39,"n23m0123.hpc.itc.rwth-aachen.de",39,"39","uds",93,"n23m0123.hpc.itc.rwth-aachen.de",93,"93","uds",unix,64,4194304,10,50,73.668,10.525,13.1173,13.0325,21.8745,1.69267,1.69374
39,"n23m0123.hpc.itc.rwth-aachen.de",39,"39","uds",94,"n23m0123.hpc.itc.rwth-aachen.de",94,"94","uds",unix,64,4194304,10,50,79.428,10.466,13.4112,12.7637,30.5955,1.68785,1.6893
39,"n23m0123.hpc.itc.rwth-aachen.de",39,"39","uds",95,"n23m0123.hpc.itc.rwth-aachen.de",95,"95","uds",unix,64,4194304,10,50,79.488,10.538,13.4619,12.8367,23.3435,1.68743,1.68606
40,"n23m0123.hpc.itc.rwth-aachen.de",40,"40","uds",41,"n23m0123.hpc.itc.rwth-aachen.de",41,"41","uds",unix,64,4194304,10,50,135.944,3.9115,5.37266,5.3945,10.035,5.6861,5.7061
40,"n23m0123.hpc.itc.rwth-aachen.de",40,"40","uds",42,"n23m0123.hpc.itc.rwth-aachen.de",42,"42","uds",unix,64,4194304,10,50,51.597,3.0835,4.68276,4.55825,9.521,7.23557,7.19735
40,"n23m0123.hpc.itc.rwth-aachen.de",40,"40","uds",43,"n23m0123.hpc.itc.rwth-aachen.de",43,"43","uds",unix,64,4194304,10,50,39.796,2.73,4.29175,4.21925,5.3395,7.53397,7.49789
40,"n23m0123.hpc.itc.rwth-aachen.de",40,"40","uds",44,"n23m0123.hpc.itc.rwth-aachen.de",44,"44","uds",unix,64,4194304,10,50,37.726,2.625,4.33393,4.00325,12.7,7.48753,7.55366
40,"n23m0123.hpc.itc.rwth-aachen.de",40,"40","uds",45,"n23m0123.hpc.itc.rwth-aachen.de",45,"45","uds",unix,64,4194304,10,50,42.378,2.7195,3.71821,3.805,5.479,7.54296,7.55906
40,"n23m0123.hpc.itc.rwth-aachen.de",40,"40","uds",46,"n23m0123.hpc.itc.rwth-aachen.de",46,"46","uds",unix,64,4194304,10,50,39.942,2.709,3.3224,2.892,5.1485,7.51,7.50496
40,"n23m0123.hpc.itc.rwth-aachen.de",40,"40","uds",47,"n23m0123.hpc.itc.rwth-aachen.de",47,"47","uds",unix,64,4194304,10,50,37.906,2.5595,3.44907,3.0645,5.834,7.61739,7.55644
40,"n23m0123.hpc.itc.rwth-aachen.de",40,"40","uds",48,"n23m0123.hpc.itc.rwth-aachen.de",48,"48","uds",unix,64,4194304,10,50,51.237,6.99,8.47206,7.95225,14.8495,3.29865,3.29758
40,"n23m0123.hpc.itc.rwth-aachen.de",40,"40","uds",49,"n23m0123.hpc.itc.rwth-aachen.de",49,"49","uds",unix,64,4194304,10,50,41.731,5.2895,7.05787,7.09925,10.0085,3.36249,3.35735
40,"n23m0123.hpc.itc.rwth-aachen.de",40,"40","uds",50,"n23m0123.hpc.itc.rwth-aachen.de",50,"50","uds",unix,64,4194304,10,50,49.401,4.991,7.00877,7.20225,10.809,3.34411,3.33781
40,"n23m0123.hpc.itc.rwth-aachen.de",40,"40","uds",51,"n23m0123.hpc.itc.rwth-aachen.de",51,"51","uds",unix,64,4194304,10,50,47.221,5.089,6.87763,6.99675,13.1795,3.33149,3.33508
40,"n23m0123.hpc.itc.rwth-aachen.de",40,"40","uds",52,"n23m0123.hpc.itc.rwth-aachen.de",52,"52","uds",unix,64,4194304,10,50,50.355,5.1875,7.13581,7.116,11.458,3.36632,3.36135
40,"n23m0123.hpc.itc.rwth-aachen.de",40,"40","uds",53,"n23m0123.hpc.itc.rwth-aachen.de",53,"53","uds",unix,64,4194304,10,50,46.885,5.018,6.72187,7.003,9.799,3.34954,3.35096
40,"n23m0123.hpc.itc.rwth-aachen.de",40,"40","uds",54,"n23m0123.hpc.itc.rwth-aachen.de",54,"54","uds",unix,64,4194304,10,50,54.571,5.1185,6.84698,6.829,13.252,3.32537,3.31714
40,"n23m0123.hpc.itc.rwth-aachen.de",40,"40","uds",55,"n23m0123.hpc.itc.rwth-aachen.de",55,"55","uds",unix,64,4194304,10,50,44.752,5.6375,8.21054,8.51825,10.411,3.33317,3.32548
40,"n23m0123.hpc.itc.rwth-aachen.de",40,"40","uds",56,"n23m0123.hpc.itc.rwth-aachen.de",56,"56","uds",unix,64,4194304,10,50,47.249,5.4415,7.40791,7.4035,11.2795,3.33517,3.32628
40,"n23m0123.hpc.itc.rwth-aachen.de",40,"40","uds",57,"n23m0123.hpc.itc.rwth-aachen.de",57,"57","uds",unix,64,4194304,10,50,51.246,5.212,7.44947,7.42375,10.556,3.31176,3.30841
40,"n23m0123.hpc.itc.rwth-aachen.de",40,"40","uds",58,"n23m0123.hpc.itc.rwth-aachen.de",58,"58","uds",unix,64,4194304,10,50,43.035,5.1475,7.45672,7.37425,13.0635,3.37048,3.3639
40,"n23m0123.hpc.itc.rwth-aachen.de",40,"40","uds",59,"n23m0123.hpc.itc.rwth-aachen.de",59,"59","uds",unix,64,4194304,10,50,48.351,5.054,7.12356,7.2575,10.0765,3.36852,3.36368
40,"n23m0123.hpc.itc.rwth-aachen.de",40,"40","uds",60,"n23m0123.hpc.itc.rwth-aachen.de",60,"60","uds",unix,64,4194304,10,50,45.845,5.6715,8.11093,7.68475,12.9755,3.33826,3.34244
40,"n23m0123.hpc.itc.rwth-aachen.de",40,"40","uds",61,"n23m0123.hpc.itc.rwth-aachen.de",61,"61","uds",unix,64,4194304,10,50,49.237,5.5095,7.50706,7.47925,11.042,3.33142,3.32812
40,"n23m0123.hpc.itc.rwth-aachen.de",40,"40","uds",62,"n23m0123.hpc.itc.rwth-aachen.de",62,"62","uds",unix,64,4194304,10,50,51.396,5.3105,6.88904,7.3145,9.335,3.34786,3.3455
40,"n23m0123.hpc.itc.rwth-aachen.de",40,"40","uds",63,"n23m0123.hpc.itc.rwth-aachen.de",63,"63","uds",unix,64,4194304,10,50,52.468,5.2205,7.21073,7.266,10.2595,3.36486,3.35735
40,"n23m0123.hpc.itc.rwth-aachen.de",40,"40","uds",64,"n23m0123.hpc.itc.rwth-aachen.de",64,"64","uds",unix,64,4194304,10,50,51.465,5.2385,6.85542,7.00225,10.4845,3.36547,3.36947
40,"n23m0123.hpc.itc.rwth-aachen.de",40,"40","uds",65,"n23m0123.hpc.itc.rwth-aachen.de",65,"65","uds",unix,64,4194304,10,50,46.792,5.064,7.04633,7.17575,10.18,3.41012,3.40029
40,"n23m0123.hpc.itc.rwth-aachen.de",40,"40","uds",66,"n23m0123.hpc.itc.rwth-aachen.de",66,"66","uds",unix,64,4194304,10,50,53.662,5.1395,7.07154,7.0045,12.0365,3.3838,3.38155
40,"n23m0123.hpc.itc.rwth-aachen.de",40,"40","uds",67,"n23m0123.hpc.itc.rwth-aachen.de",67,"67","uds",unix,64,4194304,10,50,44.643,5.1515,6.98283,7.105,15.306,3.38841,3.38319
40,"n23m0123.hpc.itc.rwth-aachen.de",40,"40","uds",68,"n23m0123.hpc.itc.rwth-aachen.de",68,"68","uds",unix,64,4194304,10,50,48.126,5.516,7.91278,7.654,12.083,3.39196,3.3937
40,"n23m0123.hpc.itc.rwth-aachen.de",40,"40","uds",69,"n23m0123.hpc.itc.rwth-aachen.de",69,"69","uds",unix,64,4194304,10,50,44.942,5.2535,6.99529,6.11875,17.381,3.38547,3.38222
40,"n23m0123.hpc.itc.rwth-aachen.de",40,"40","uds",70,"n23m0123.hpc.itc.rwth-aachen.de",70,"70","uds",unix,64,4194304,10,50,48.062,5.2325,7.55228,7.45125,12.372,3.39056,3.38608
40,"n23m0123.hpc.itc.rwth-aachen.de",40,"40","uds",71,"n23m0123.hpc.itc.rwth-aachen.de",71,"71","uds",unix,64,4194304,10,50,46.179,5.1415,6.63247,6.808,10.518,3.37903,3.37697
40,"n23m0123.hpc.itc.rwth-aachen.de",40,"40","uds",72,"n23m0123.hpc.itc.rwth-aachen.de",72,"72","uds",unix,64,4194304,10,50,43.604,5.5845,7.91145,7.66775,18.1745,3.33851,3.33301
40,"n23m0123.hpc.itc.rwth-aachen.de",40,"40","uds",73,"n23m0123.hpc.itc.rwth-aachen.de",73,"73","uds",unix,64,4194304,10,50,51.435,5.785,8.47931,8.841,12.2135,3.3223,3.31669
40,"n23m0123.hpc.itc.rwth-aachen.de",40,"40","uds",74,"n23m0123.hpc.itc.rwth-aachen.de",74,"74","uds",unix,64,4194304,10,50,50.598,5.374,7.97052,7.68625,11.8195,3.35698,3.34922
40,"n23m0123.hpc.itc.rwth-aachen.de",40,"40","uds",75,"n23m0123.hpc.itc.rwth-aachen.de",75,"75","uds",unix,64,4194304,10,50,52.405,5.3335,7.54069,7.602,10.031,3.36392,3.35677
40,"n23m0123.hpc.itc.rwth-aachen.de",40,"40","uds",76,"n23m0123.hpc.itc.rwth-aachen.de",76,"76","uds",unix,64,4194304,10,50,48.918,5.493,7.72779,7.595,10.4715,3.3747,3.36861
40,"n23m0123.hpc.itc.rwth-aachen.de",40,"40","uds",77,"n23m0123.hpc.itc.rwth-aachen.de",77,"77","uds",unix,64,4194304,10,50,50.444,5.128,7.17078,7.22675,10.3675,3.39908,3.39565
40,"n23m0123.hpc.itc.rwth-aachen.de",40,"40","uds",78,"n23m0123.hpc.itc.rwth-aachen.de",78,"78","uds",unix,64,4194304,10,50,46.372,5.14,7.08946,7.29,9.6795,3.39267,3.38061
40,"n23m0123.hpc.itc.rwth-aachen.de",40,"40","uds",79,"n23m0123.hpc.itc.rwth-aachen.de",79,"79","uds",unix,64,4194304,10,50,40.503,5.266,7.26996,7.39975,10.0695,3.37055,3.36597
40,"n23m0123.hpc.itc.rwth-aachen.de",40,"40","uds",80,"n23m0123.hpc.itc.rwth-aachen.de",80,"80","uds",unix,64,4194304,10,50,43.265,5.7125,8.61406,8.195,12.228,3.32762,3.32796
40,"n23m0123.hpc.itc.rwth-aachen.de",40,"40","uds",81,"n23m0123.hpc.itc.rwth-aachen.de",81,"81","uds",unix,64,4194304,10,50,41.536,5.1235,7.08542,7.38,9.803,3.36255,3.36242
40,"n23m0123.hpc.itc.rwth-aachen.de",40,"40","uds",82,"n23m0123.hpc.itc.rwth-aachen.de",82,"82","uds",unix,64,4194304,10,50,41.558,5.4405,7.80957,7.61425,12.6215,3.36568,3.36014
40,"n23m0123.hpc.itc.rwth-aachen.de",40,"40","uds",83,"n23m0123.hpc.itc.rwth-aachen.de",83,"83","uds",unix,64,4194304,10,50,44.996,5.285,6.95885,7.14825,9.857,3.35013,3.34535
40,"n23m0123.hpc.itc.rwth-aachen.de",40,"40","uds",84,"n23m0123.hpc.itc.rwth-aachen.de",84,"84","uds",unix,64,4194304,10,50,45.998,5.3905,7.42536,7.557,10.037,3.3828,3.37092
40,"n23m0123.hpc.itc.rwth-aachen.de",40,"40","uds",85,"n23m0123.hpc.itc.rwth-aachen.de",85,"85","uds",unix,64,4194304,10,50,45.639,5.686,8.1865,7.988,12.652,3.3872,3.3818
40,"n23m0123.hpc.itc.rwth-aachen.de",40,"40","uds",86,"n23m0123.hpc.itc.rwth-aachen.de",86,"86","uds",unix,64,4194304,10,50,43.573,5.125,7.27468,7.30175,12.058,3.41191,3.40482
40,"n23m0123.hpc.itc.rwth-aachen.de",40,"40","uds",87,"n23m0123.hpc.itc.rwth-aachen.de",87,"87","uds",unix,64,4194304,10,50,52.362,5.25,7.82913,7.62425,12.3935,3.36444,3.35812
40,"n23m0123.hpc.itc.rwth-aachen.de",40,"40","uds",88,"n23m0123.hpc.itc.rwth-aachen.de",88,"88","uds",unix,64,4194304,10,50,47.115,5.284,7.13286,7.23125,9.358,3.40264,3.39747
40,"n23m0123.hpc.itc.rwth-aachen.de",40,"40","uds",89,"n23m0123.hpc.itc.rwth-aachen.de",89,"89","uds",unix,64,4194304,10,50,48.089,5.475,7.52802,7.53825,10.9485,3.38862,3.38902
40,"n23m0123.hpc.itc.rwth-aachen.de",40,"40","uds",90,"n23m0123.hpc.itc.rwth-aachen.de",90,"90","uds",unix,64,4194304,10,50,40.877,5.409,7.6606,7.53975,13.0415,3.40857,3.40454
40,"n23m0123.hpc.itc.rwth-aachen.de",40,"40","uds",91,"n23m0123.hpc.itc.rwth-aachen.de",91,"91","uds",unix,64,4194304,10,50,46.022,5.6285,8.04529,7.53875,13.688,3.39058,3.37868
40,"n23m0123.hpc.itc.rwth-aachen.de",40,"40","uds",92,"n23m0123.hpc.itc.rwth-aachen.de",92,"92","uds",unix,64,4194304,10,50,40.674,5.625,7.76314,7.62275,11.504,3.45772,3.45958
40,"n23m0123.hpc.itc.rwth-aachen.de",40,"40","uds",93,"n23m0123.hpc.itc.rwth-aachen.de",93,"93","uds",unix,64,4194304,10,50,43.596,5.451,7.56371,7.466,14.618,3.38691,3.38628
40,"n23m0123.hpc.itc.rwth-aachen.de",40,"40","uds",94,"n23m0123.hpc.itc.rwth-aachen.de",94,"94","uds",unix,64,4194304,10,50,42.423,5.3455,7.19499,7.29125,12.0625,3.39884,3.39305
40,"n23m0123.hpc.itc.rwth-aachen.de",40,"40","uds",95,"n23m0123.hpc.itc.rwth-aachen.de",95,"95","uds",unix,64,4194304,10,50,41.505,5.234,7.16139,7.20825,10.802,3.39801,3.39015
41,"n23m0123.hpc.itc.rwth-aachen.de",41,"41","uds",42,"n23m0123.hpc.itc.rwth-aachen.de",42,"42","uds",unix,64,4194304,10,50,76.451,2.5955,3.95015,3.74925,6.211,7.57789,7.57025
41,"n23m0123.hpc.itc.rwth-aachen.de",41,"41","uds",43,"n23m0123.hpc.itc.rwth-aachen.de",43,"43","uds",unix,64,4194304,10,50,36.208,2.56,3.77266,3.669,8.2345,7.53702,7.46281
41,"n23m0123.hpc.itc.rwth-aachen.de",41,"41","uds",44,"n23m0123.hpc.itc.rwth-aachen.de",44,"44","uds",unix,64,4194304,10,50,40.4,2.4605,3.16163,2.729,5.031,7.82388,7.75439
41,"n23m0123.hpc.itc.rwth-aachen.de",41,"41","uds",45,"n23m0123.hpc.itc.rwth-aachen.de",45,"45","uds",unix,64,4194304,10,50,37.285,2.61,3.76765,3.849,5.1845,7.7892,7.71921
41,"n23m0123.hpc.itc.rwth-aachen.de",41,"41","uds",46,"n23m0123.hpc.itc.rwth-aachen.de",46,"46","uds",unix,64,4194304,10,50,36.991,2.386,3.01575,2.7375,5.187,7.73008,7.68064
41,"n23m0123.hpc.itc.rwth-aachen.de",41,"41","uds",47,"n23m0123.hpc.itc.rwth-aachen.de",47,"47","uds",unix,64,4194304,10,50,35.626,2.4815,2.94357,2.71675,5.3435,7.75287,7.69291
41,"n23m0123.hpc.itc.rwth-aachen.de",41,"41","uds",48,"n23m0123.hpc.itc.rwth-aachen.de",48,"48","uds",unix,64,4194304,10,50,58.16,5.6325,7.85009,7.804,9.956,3.33556,3.32534
41,"n23m0123.hpc.itc.rwth-aachen.de",41,"41","uds",49,"n23m0123.hpc.itc.rwth-aachen.de",49,"49","uds",unix,64,4194304,10,50,46.811,5.1185,8.11438,7.87725,11.3225,3.37339,3.36598
41,"n23m0123.hpc.itc.rwth-aachen.de",41,"41","uds",50,"n23m0123.hpc.itc.rwth-aachen.de",50,"50","uds",unix,64,4194304,10,50,50.13,6.0785,8.76597,9.06875,11.5715,3.3834,3.36935
41,"n23m0123.hpc.itc.rwth-aachen.de",41,"41","uds",51,"n23m0123.hpc.itc.rwth-aachen.de",51,"51","uds",unix,64,4194304,10,50,43.792,5.368,7.45472,7.32325,11.2435,3.3813,3.37972
41,"n23m0123.hpc.itc.rwth-aachen.de",41,"41","uds",52,"n23m0123.hpc.itc.rwth-aachen.de",52,"52","uds",unix,64,4194304,10,50,41.862,5.661,7.91986,7.6795,11.1465,3.42136,3.41345
41,"n23m0123.hpc.itc.rwth-aachen.de",41,"41","uds",53,"n23m0123.hpc.itc.rwth-aachen.de",53,"53","uds",unix,64,4194304,10,50,41.32,5.1475,7.2061,7.224,12.581,3.3941,3.3836
41,"n23m0123.hpc.itc.rwth-aachen.de",41,"41","uds",54,"n23m0123.hpc.itc.rwth-aachen.de",54,"54","uds",unix,64,4194304,10,50,42.96,5.001,6.93422,6.9825,9.2135,3.34328,3.34352
41,"n23m0123.hpc.itc.rwth-aachen.de",41,"41","uds",55,"n23m0123.hpc.itc.rwth-aachen.de",55,"55","uds",unix,64,4194304,10,50,41.967,5.4715,7.45663,7.3295,9.9905,3.39049,3.38253
41,"n23m0123.hpc.itc.rwth-aachen.de",41,"41","uds",56,"n23m0123.hpc.itc.rwth-aachen.de",56,"56","uds",unix,64,4194304,10,50,40.638,5.3075,7.27909,7.19875,10.5685,3.39136,3.39234
41,"n23m0123.hpc.itc.rwth-aachen.de",41,"41","uds",57,"n23m0123.hpc.itc.rwth-aachen.de",57,"57","uds",unix,64,4194304,10,50,39.588,7.0355,8.64896,8.93,10.218,3.36791,3.36049
41,"n23m0123.hpc.itc.rwth-aachen.de",41,"41","uds",58,"n23m0123.hpc.itc.rwth-aachen.de",58,"58","uds",unix,64,4194304,10,50,45.46,5.349,7.42888,7.41425,10.59,3.40918,3.4116
41,"n23m0123.hpc.itc.rwth-aachen.de",41,"41","uds",59,"n23m0123.hpc.itc.rwth-aachen.de",59,"59","uds",unix,64,4194304,10,50,38.245,5.024,7.10991,7.136,9.8535,3.38258,3.37592
41,"n23m0123.hpc.itc.rwth-aachen.de",41,"41","uds",60,"n23m0123.hpc.itc.rwth-aachen.de",60,"60","uds",unix,64,4194304,10,50,47.57,5.259,7.58074,7.3625,10.034,3.38914,3.38591
41,"n23m0123.hpc.itc.rwth-aachen.de",41,"41","uds",61,"n23m0123.hpc.itc.rwth-aachen.de",61,"61","uds",unix,64,4194304,10,50,43.209,5.0275,7.4162,7.28325,9.927,3.41539,3.42026
41,"n23m0123.hpc.itc.rwth-aachen.de",41,"41","uds",62,"n23m0123.hpc.itc.rwth-aachen.de",62,"62","uds",unix,64,4194304,10,50,47.69,5.227,7.42065,7.39175,10.028,3.4221,3.41776
41,"n23m0123.hpc.itc.rwth-aachen.de",41,"41","uds",63,"n23m0123.hpc.itc.rwth-aachen.de",63,"63","uds",unix,64,4194304,10,50,45.009,5.043,7.3898,7.2485,9.4065,3.4192,3.42052
41,"n23m0123.hpc.itc.rwth-aachen.de",41,"41","uds",64,"n23m0123.hpc.itc.rwth-aachen.de",64,"64","uds",unix,64,4194304,10,50,40.037,5.3415,7.76017,7.63,10.3825,3.47704,3.46692
41,"n23m0123.hpc.itc.rwth-aachen.de",41,"41","uds",65,"n23m0123.hpc.itc.rwth-aachen.de",65,"65","uds",unix,64,4194304,10,50,40.794,5.028,7.17252,7.12775,9.364,3.44007,3.43344
41,"n23m0123.hpc.itc.rwth-aachen.de",41,"41","uds",66,"n23m0123.hpc.itc.rwth-aachen.de",66,"66","uds",unix,64,4194304,10,50,43.661,5.501,7.71966,7.44825,12.9275,3.40052,3.40747
41,"n23m0123.hpc.itc.rwth-aachen.de",41,"41","uds",67,"n23m0123.hpc.itc.rwth-aachen.de",67,"67","uds",unix,64,4194304,10,50,38.208,5.2085,7.08412,7.06375,11.851,3.42646,3.38701
41,"n23m0123.hpc.itc.rwth-aachen.de",41,"41","uds",68,"n23m0123.hpc.itc.rwth-aachen.de",68,"68","uds",unix,64,4194304,10,50,49.49,5.2175,7.27959,7.18275,10.3265,3.41956,3.41949
41,"n23m0123.hpc.itc.rwth-aachen.de",41,"41","uds",69,"n23m0123.hpc.itc.rwth-aachen.de",69,"69","uds",unix,64,4194304,10,50,46.302,5.5735,9.10174,8.38275,23.69,3.43204,3.42888
41,"n23m0123.hpc.itc.rwth-aachen.de",41,"41","uds",70,"n23m0123.hpc.itc.rwth-aachen.de",70,"70","uds",unix,64,4194304,10,50,42.528,5.0895,7.03966,7.18,9.2545,3.3641,3.32997
41,"n23m0123.hpc.itc.rwth-aachen.de",41,"41","uds",71,"n23m0123.hpc.itc.rwth-aachen.de",71,"71","uds",unix,64,4194304,10,50,58.914,5.107,7.08239,7.0355,10.5215,3.42814,3.42353
41,"n23m0123.hpc.itc.rwth-aachen.de",41,"41","uds",72,"n23m0123.hpc.itc.rwth-aachen.de",72,"72","uds",unix,64,4194304,10,50,46.667,5.4965,7.56527,7.2635,12.855,3.42219,3.41422
41,"n23m0123.hpc.itc.rwth-aachen.de",41,"41","uds",73,"n23m0123.hpc.itc.rwth-aachen.de",73,"73","uds",unix,64,4194304,10,50,46.661,5.3935,7.5968,7.61025,10.338,3.4184,3.41108
41,"n23m0123.hpc.itc.rwth-aachen.de",41,"41","uds",74,"n23m0123.hpc.itc.rwth-aachen.de",74,"74","uds",unix,64,4194304,10,50,44.097,5.595,8.09084,7.73725,12.116,3.40665,3.40294
41,"n23m0123.hpc.itc.rwth-aachen.de",41,"41","uds",75,"n23m0123.hpc.itc.rwth-aachen.de",75,"75","uds",unix,64,4194304,10,50,44.848,5.21,7.46309,7.49375,9.993,3.38436,3.37677
41,"n23m0123.hpc.itc.rwth-aachen.de",41,"41","uds",76,"n23m0123.hpc.itc.rwth-aachen.de",76,"76","uds",unix,64,4194304,10,50,48.706,5.354,7.22935,7.28975,9.995,3.40783,3.4064
41,"n23m0123.hpc.itc.rwth-aachen.de",41,"41","uds",77,"n23m0123.hpc.itc.rwth-aachen.de",77,"77","uds",unix,64,4194304,10,50,43.37,5.1305,7.12888,7.24775,10.278,3.42237,3.42031
41,"n23m0123.hpc.itc.rwth-aachen.de",41,"41","uds",78,"n23m0123.hpc.itc.rwth-aachen.de",78,"78","uds",unix,64,4194304,10,50,39.688,5.315,7.20403,7.347,9.8265,3.44404,3.44227
41,"n23m0123.hpc.itc.rwth-aachen.de",41,"41","uds",79,"n23m0123.hpc.itc.rwth-aachen.de",79,"79","uds",unix,64,4194304,10,50,41.222,5.33,7.64735,7.405,9.756,3.42179,3.42021
41,"n23m0123.hpc.itc.rwth-aachen.de",41,"41","uds",80,"n23m0123.hpc.itc.rwth-aachen.de",80,"80","uds",unix,64,4194304,10,50,37.711,5.2355,7.09433,7.2245,10.1575,3.39639,3.39119
41,"n23m0123.hpc.itc.rwth-aachen.de",41,"41","uds",81,"n23m0123.hpc.itc.rwth-aachen.de",81,"81","uds",unix,64,4194304,10,50,38.187,5.1885,7.15788,7.33375,10.3105,3.37077,3.20721
41,"n23m0123.hpc.itc.rwth-aachen.de",41,"41","uds",82,"n23m0123.hpc.itc.rwth-aachen.de",82,"82","uds",unix,64,4194304,10,50,55.25,5.4255,7.60252,7.46925,10.274,3.38129,3.38073
41,"n23m0123.hpc.itc.rwth-aachen.de",41,"41","uds",83,"n23m0123.hpc.itc.rwth-aachen.de",83,"83","uds",unix,64,4194304,10,50,45.333,4.927,6.46914,5.78875,9.4465,3.41608,3.4089
41,"n23m0123.hpc.itc.rwth-aachen.de",41,"41","uds",84,"n23m0123.hpc.itc.rwth-aachen.de",84,"84","uds",unix,64,4194304,10,50,47.741,5.1285,7.13117,7.2875,9.948,3.36468,3.3696
41,"n23m0123.hpc.itc.rwth-aachen.de",41,"41","uds",85,"n23m0123.hpc.itc.rwth-aachen.de",85,"85","uds",unix,64,4194304,10,50,40.511,5.3075,7.45067,7.5245,9.8755,3.40894,3.40658
41,"n23m0123.hpc.itc.rwth-aachen.de",41,"41","uds",86,"n23m0123.hpc.itc.rwth-aachen.de",86,"86","uds",unix,64,4194304,10,50,40.615,6.8385,8.71519,8.8265,12.46,3.39329,3.37917
41,"n23m0123.hpc.itc.rwth-aachen.de",41,"41","uds",87,"n23m0123.hpc.itc.rwth-aachen.de",87,"87","uds",unix,64,4194304,10,50,37.328,5.381,7.46538,7.31425,12.731,3.37087,3.36906
41,"n23m0123.hpc.itc.rwth-aachen.de",41,"41","uds",88,"n23m0123.hpc.itc.rwth-aachen.de",88,"88","uds",unix,64,4194304,10,50,39.442,5.6755,8.46604,8.74775,12.128,3.41743,3.4167
41,"n23m0123.hpc.itc.rwth-aachen.de",41,"41","uds",89,"n23m0123.hpc.itc.rwth-aachen.de",89,"89","uds",unix,64,4194304,10,50,38.922,5.5035,7.76816,7.5455,12.825,3.3999,3.3951
41,"n23m0123.hpc.itc.rwth-aachen.de",41,"41","uds",90,"n23m0123.hpc.itc.rwth-aachen.de",90,"90","uds",unix,64,4194304,10,50,38.863,5.601,7.78628,7.73225,10.2155,3.42466,3.4196
41,"n23m0123.hpc.itc.rwth-aachen.de",41,"41","uds",91,"n23m0123.hpc.itc.rwth-aachen.de",91,"91","uds",unix,64,4194304,10,50,46.059,5.335,7.28526,7.322,11.1495,3.3947,3.40186
41,"n23m0123.hpc.itc.rwth-aachen.de",41,"41","uds",92,"n23m0123.hpc.itc.rwth-aachen.de",92,"92","uds",unix,64,4194304,10,50,40.75,5.6595,8.05405,7.78375,11.715,3.43736,3.43114
41,"n23m0123.hpc.itc.rwth-aachen.de",41,"41","uds",93,"n23m0123.hpc.itc.rwth-aachen.de",93,"93","uds",unix,64,4194304,10,50,39.643,5.583,8.20641,7.86425,11.813,3.46349,3.44876
41,"n23m0123.hpc.itc.rwth-aachen.de",41,"41","uds",94,"n23m0123.hpc.itc.rwth-aachen.de",94,"94","uds",unix,64,4194304,10,50,38.274,5.4385,7.65532,7.558,10.365,3.40188,3.39681
41,"n23m0123.hpc.itc.rwth-aachen.de",41,"41","uds",95,"n23m0123.hpc.itc.rwth-aachen.de",95,"95","uds",unix,64,4194304,10,50,37.884,5.3515,7.37042,7.42625,9.9485,3.4047,3.40161
42,"n23m0123.hpc.itc.rwth-aachen.de",42,"42","uds",43,"n23m0123.hpc.itc.rwth-aachen.de",43,"43","uds",unix,64,4194304,10,50,76.029,3.7245,4.71298,4.7135,5.376,7.50569,7.42547
42,"n23m0123.hpc.itc.rwth-aachen.de",42,"42","uds",44,"n23m0123.hpc.itc.rwth-aachen.de",44,"44","uds",unix,64,4194304,10,50,42.368,2.5835,3.73554,3.69225,5.022,7.82091,7.71101
42,"n23m0123.hpc.itc.rwth-aachen.de",42,"42","uds",45,"n23m0123.hpc.itc.rwth-aachen.de",45,"45","uds",unix,64,4194304,10,50,38.19,2.475,4.30212,4.2115,7.8765,7.68233,7.60907
42,"n23m0123.hpc.itc.rwth-aachen.de",42,"42","uds",46,"n23m0123.hpc.itc.rwth-aachen.de",46,"46","uds",unix,64,4194304,10,50,34.491,2.4845,3.38137,3.278,5.105,7.67776,7.60565
42,"n23m0123.hpc.itc.rwth-aachen.de",42,"42","uds",47,"n23m0123.hpc.itc.rwth-aachen.de",47,"47","uds",unix,64,4194304,10,50,44.785,2.8775,4.73697,4.86725,5.4625,7.70199,7.62143
42,"n23m0123.hpc.itc.rwth-aachen.de",42,"42","uds",48,"n23m0123.hpc.itc.rwth-aachen.de",48,"48","uds",unix,64,4194304,10,50,55.995,5.3895,7.51312,7.3205,10.293,3.3318,3.33034
42,"n23m0123.hpc.itc.rwth-aachen.de",42,"42","uds",49,"n23m0123.hpc.itc.rwth-aachen.de",49,"49","uds",unix,64,4194304,10,50,53.962,5.1575,7.18161,6.995,11.8235,3.37896,3.37616
42,"n23m0123.hpc.itc.rwth-aachen.de",42,"42","uds",50,"n23m0123.hpc.itc.rwth-aachen.de",50,"50","uds",unix,64,4194304,10,50,50.854,5.398,7.82514,7.59175,12.949,3.39069,3.38382
42,"n23m0123.hpc.itc.rwth-aachen.de",42,"42","uds",51,"n23m0123.hpc.itc.rwth-aachen.de",51,"51","uds",unix,64,4194304,10,50,55.389,5.1445,7.14857,7.21575,13.0165,3.39964,3.39489
42,"n23m0123.hpc.itc.rwth-aachen.de",42,"42","uds",52,"n23m0123.hpc.itc.rwth-aachen.de",52,"52","uds",unix,64,4194304,10,50,46.739,5.4105,7.03599,7.18,11.5585,3.39583,3.38539
42,"n23m0123.hpc.itc.rwth-aachen.de",42,"42","uds",53,"n23m0123.hpc.itc.rwth-aachen.de",53,"53","uds",unix,64,4194304,10,50,40.458,5.27,6.87183,7.1355,9.8325,3.40591,3.40399
42,"n23m0123.hpc.itc.rwth-aachen.de",42,"42","uds",54,"n23m0123.hpc.itc.rwth-aachen.de",54,"54","uds",unix,64,4194304,10,50,40.193,5.5625,8.04672,7.565,12.401,3.39713,3.39648
42,"n23m0123.hpc.itc.rwth-aachen.de",42,"42","uds",55,"n23m0123.hpc.itc.rwth-aachen.de",55,"55","uds",unix,64,4194304,10,50,38.506,5.325,7.45673,7.54425,10.0875,3.4247,3.41166
42,"n23m0123.hpc.itc.rwth-aachen.de",42,"42","uds",56,"n23m0123.hpc.itc.rwth-aachen.de",56,"56","uds",unix,64,4194304,10,50,40.339,5.58,7.49661,7.30925,10.964,3.38027,3.38039
42,"n23m0123.hpc.itc.rwth-aachen.de",42,"42","uds",57,"n23m0123.hpc.itc.rwth-aachen.de",57,"57","uds",unix,64,4194304,10,50,39.503,5.3255,7.21201,7.25925,10.689,3.36591,3.3619
42,"n23m0123.hpc.itc.rwth-aachen.de",42,"42","uds",58,"n23m0123.hpc.itc.rwth-aachen.de",58,"58","uds",unix,64,4194304,10,50,39.114,5.497,7.37343,7.31775,11.14,3.43001,3.42239
42,"n23m0123.hpc.itc.rwth-aachen.de",42,"42","uds",59,"n23m0123.hpc.itc.rwth-aachen.de",59,"59","uds",unix,64,4194304,10,50,40.57,6.6955,8.26892,7.797,11.985,3.40335,3.39101
42,"n23m0123.hpc.itc.rwth-aachen.de",42,"42","uds",60,"n23m0123.hpc.itc.rwth-aachen.de",60,"60","uds",unix,64,4194304,10,50,44.544,5.18,6.90778,6.7265,14.614,3.4058,3.40268
42,"n23m0123.hpc.itc.rwth-aachen.de",42,"42","uds",61,"n23m0123.hpc.itc.rwth-aachen.de",61,"61","uds",unix,64,4194304,10,50,43.076,5.9075,8.24777,8.21125,13.161,3.42379,3.42119
42,"n23m0123.hpc.itc.rwth-aachen.de",42,"42","uds",62,"n23m0123.hpc.itc.rwth-aachen.de",62,"62","uds",unix,64,4194304,10,50,49.701,5.3745,7.06316,7.3205,11.2135,3.43019,3.42194
42,"n23m0123.hpc.itc.rwth-aachen.de",42,"42","uds",63,"n23m0123.hpc.itc.rwth-aachen.de",63,"63","uds",unix,64,4194304,10,50,46.179,5.187,6.70851,6.7685,11.402,3.43571,3.41699
42,"n23m0123.hpc.itc.rwth-aachen.de",42,"42","uds",64,"n23m0123.hpc.itc.rwth-aachen.de",64,"64","uds",unix,64,4194304,10,50,38.361,5.173,6.76849,6.7605,12.141,3.42361,3.4225
42,"n23m0123.hpc.itc.rwth-aachen.de",42,"42","uds",65,"n23m0123.hpc.itc.rwth-aachen.de",65,"65","uds",unix,64,4194304,10,50,42.723,5.119,6.54282,6.43575,10.192,3.43479,3.42261
42,"n23m0123.hpc.itc.rwth-aachen.de",42,"42","uds",66,"n23m0123.hpc.itc.rwth-aachen.de",66,"66","uds",unix,64,4194304,10,50,40.98,5.429,8.05373,7.9105,10.3855,3.41442,3.40931
42,"n23m0123.hpc.itc.rwth-aachen.de",42,"42","uds",67,"n23m0123.hpc.itc.rwth-aachen.de",67,"67","uds",unix,64,4194304,10,50,43.311,5.069,7.08414,7.08025,15.499,3.4191,3.42091
42,"n23m0123.hpc.itc.rwth-aachen.de",42,"42","uds",68,"n23m0123.hpc.itc.rwth-aachen.de",68,"68","uds",unix,64,4194304,10,50,36.377,4.992,6.94789,7.19725,9.7365,3.44813,3.43494
42,"n23m0123.hpc.itc.rwth-aachen.de",42,"42","uds",69,"n23m0123.hpc.itc.rwth-aachen.de",69,"69","uds",unix,64,4194304,10,50,40.664,5.2175,6.69891,6.316,10.0335,3.38591,3.37576
42,"n23m0123.hpc.itc.rwth-aachen.de",42,"42","uds",70,"n23m0123.hpc.itc.rwth-aachen.de",70,"70","uds",unix,64,4194304,10,50,44.313,5.482,8.07773,7.7975,12.4015,3.4287,3.42214
42,"n23m0123.hpc.itc.rwth-aachen.de",42,"42","uds",71,"n23m0123.hpc.itc.rwth-aachen.de",71,"71","uds",unix,64,4194304,10,50,38.327,5.2905,6.87721,7.24975,9.588,3.45022,3.43766
42,"n23m0123.hpc.itc.rwth-aachen.de",42,"42","uds",72,"n23m0123.hpc.itc.rwth-aachen.de",72,"72","uds",unix,64,4194304,10,50,37.745,5.1245,7.36962,7.36975,10.0455,3.41814,3.41078
42,"n23m0123.hpc.itc.rwth-aachen.de",42,"42","uds",73,"n23m0123.hpc.itc.rwth-aachen.de",73,"73","uds",unix,64,4194304,10,50,44.083,6.73,8.60605,8.9655,10.7075,3.38009,3.37711
42,"n23m0123.hpc.itc.rwth-aachen.de",42,"42","uds",74,"n23m0123.hpc.itc.rwth-aachen.de",74,"74","uds",unix,64,4194304,10,50,40.789,5.5295,7.39629,7.527,10.585,3.35699,3.35927
42,"n23m0123.hpc.itc.rwth-aachen.de",42,"42","uds",75,"n23m0123.hpc.itc.rwth-aachen.de",75,"75","uds",unix,64,4194304,10,50,43.247,5.3145,7.44341,7.41725,9.996,3.36483,3.35691
42,"n23m0123.hpc.itc.rwth-aachen.de",42,"42","uds",76,"n23m0123.hpc.itc.rwth-aachen.de",76,"76","uds",unix,64,4194304,10,50,41.43,5.29,7.69458,7.3915,13.0665,3.41431,3.40574
42,"n23m0123.hpc.itc.rwth-aachen.de",42,"42","uds",77,"n23m0123.hpc.itc.rwth-aachen.de",77,"77","uds",unix,64,4194304,10,50,42.692,5.2835,7.34988,7.27575,11.5885,3.41448,3.41363
42,"n23m0123.hpc.itc.rwth-aachen.de",42,"42","uds",78,"n23m0123.hpc.itc.rwth-aachen.de",78,"78","uds",unix,64,4194304,10,50,40.774,5.3975,8.32896,8.5755,12.8835,3.42633,3.42332
42,"n23m0123.hpc.itc.rwth-aachen.de",42,"42","uds",79,"n23m0123.hpc.itc.rwth-aachen.de",79,"79","uds",unix,64,4194304,10,50,37.456,5.4695,7.36967,7.41575,9.648,3.41239,3.39831
42,"n23m0123.hpc.itc.rwth-aachen.de",42,"42","uds",80,"n23m0123.hpc.itc.rwth-aachen.de",80,"80","uds",unix,64,4194304,10,50,48.739,5.35,7.55187,7.4585,9.901,3.39464,3.3869
42,"n23m0123.hpc.itc.rwth-aachen.de",42,"42","uds",81,"n23m0123.hpc.itc.rwth-aachen.de",81,"81","uds",unix,64,4194304,10,50,48.236,5.323,7.25409,7.3175,11.5565,3.43926,3.44209
42,"n23m0123.hpc.itc.rwth-aachen.de",42,"42","uds",82,"n23m0123.hpc.itc.rwth-aachen.de",82,"82","uds",unix,64,4194304,10,50,43.149,5.399,7.67502,7.48475,10.59,3.40644,3.41174
42,"n23m0123.hpc.itc.rwth-aachen.de",42,"42","uds",83,"n23m0123.hpc.itc.rwth-aachen.de",83,"83","uds",unix,64,4194304,10,50,45.835,5.521,7.5861,7.6995,10.163,3.39417,3.38639
42,"n23m0123.hpc.itc.rwth-aachen.de",42,"42","uds",84,"n23m0123.hpc.itc.rwth-aachen.de",84,"84","uds",unix,64,4194304,10,50,51.992,5.284,7.27988,7.381,9.9725,3.42065,3.42316
42,"n23m0123.hpc.itc.rwth-aachen.de",42,"42","uds",85,"n23m0123.hpc.itc.rwth-aachen.de",85,"85","uds",unix,64,4194304,10,50,37.782,5.496,8.23028,8.11375,11.6955,3.42848,3.42602
42,"n23m0123.hpc.itc.rwth-aachen.de",42,"42","uds",86,"n23m0123.hpc.itc.rwth-aachen.de",86,"86","uds",unix,64,4194304,10,50,40.325,5.3095,7.5028,7.249,11.802,3.42005,3.416
42,"n23m0123.hpc.itc.rwth-aachen.de",42,"42","uds",87,"n23m0123.hpc.itc.rwth-aachen.de",87,"87","uds",unix,64,4194304,10,50,38.658,5.3905,7.51999,7.58775,12.894,3.41699,3.41351
42,"n23m0123.hpc.itc.rwth-aachen.de",42,"42","uds",88,"n23m0123.hpc.itc.rwth-aachen.de",88,"88","uds",unix,64,4194304,10,50,37.619,5.1615,6.9841,7.13625,9.24,3.45422,3.44183
42,"n23m0123.hpc.itc.rwth-aachen.de",42,"42","uds",89,"n23m0123.hpc.itc.rwth-aachen.de",89,"89","uds",unix,64,4194304,10,50,39.659,5.4255,7.6318,7.50825,11.945,3.41922,3.41447
42,"n23m0123.hpc.itc.rwth-aachen.de",42,"42","uds",90,"n23m0123.hpc.itc.rwth-aachen.de",90,"90","uds",unix,64,4194304,10,50,39.628,6.0165,8.62551,8.2035,15.4625,3.45585,3.44855
42,"n23m0123.hpc.itc.rwth-aachen.de",42,"42","uds",91,"n23m0123.hpc.itc.rwth-aachen.de",91,"91","uds",unix,64,4194304,10,50,40.123,5.3705,7.59275,7.458,18.483,3.44416,3.4265
42,"n23m0123.hpc.itc.rwth-aachen.de",42,"42","uds",92,"n23m0123.hpc.itc.rwth-aachen.de",92,"92","uds",unix,64,4194304,10,50,41.031,5.6225,7.94024,7.58,11.6185,3.44556,3.43245
42,"n23m0123.hpc.itc.rwth-aachen.de",42,"42","uds",93,"n23m0123.hpc.itc.rwth-aachen.de",93,"93","uds",unix,64,4194304,10,50,37.458,5.257,7.44285,7.36625,12.644,3.43714,3.43264
42,"n23m0123.hpc.itc.rwth-aachen.de",42,"42","uds",94,"n23m0123.hpc.itc.rwth-aachen.de",94,"94","uds",unix,64,4194304,10,50,37.751,5.1845,7.27555,7.2755,9.524,3.39415,3.39721
42,"n23m0123.hpc.itc.rwth-aachen.de",42,"42","uds",95,"n23m0123.hpc.itc.rwth-aachen.de",95,"95","uds",unix,64,4194304,10,50,37.478,5.1005,7.12448,6.9865,10.418,3.40781,3.40032
43,"n23m0123.hpc.itc.rwth-aachen.de",43,"43","uds",44,"n23m0123.hpc.itc.rwth-aachen.de",44,"44","uds",unix,64,4194304,10,50,85.397,2.6795,3.6863,3.5565,5.376,7.66963,7.61787
43,"n23m0123.hpc.itc.rwth-aachen.de",43,"43","uds",45,"n23m0123.hpc.itc.rwth-aachen.de",45,"45","uds",unix,64,4194304,10,50,41.049,2.66,3.92873,3.868,5.5745,7.5616,7.53039
43,"n23m0123.hpc.itc.rwth-aachen.de",43,"43","uds",46,"n23m0123.hpc.itc.rwth-aachen.de",46,"46","uds",unix,64,4194304,10,50,39.63,2.5805,3.35466,2.91675,5.13,7.57148,7.49991
43,"n23m0123.hpc.itc.rwth-aachen.de",43,"43","uds",47,"n23m0123.hpc.itc.rwth-aachen.de",47,"47","uds",unix,64,4194304,10,50,35.84,2.783,3.91928,3.959,5.58,7.66107,7.57271
43,"n23m0123.hpc.itc.rwth-aachen.de",43,"43","uds",48,"n23m0123.hpc.itc.rwth-aachen.de",48,"48","uds",unix,64,4194304,10,50,47.164,5.798,8.13637,7.8795,13.4855,3.31974,3.31645
43,"n23m0123.hpc.itc.rwth-aachen.de",43,"43","uds",49,"n23m0123.hpc.itc.rwth-aachen.de",49,"49","uds",unix,64,4194304,10,50,48.971,7.6875,9.15218,9.07675,10.731,3.37457,3.37743
43,"n23m0123.hpc.itc.rwth-aachen.de",43,"43","uds",50,"n23m0123.hpc.itc.rwth-aachen.de",50,"50","uds",unix,64,4194304,10,50,42.989,5.433,7.3441,7.4435,9.6305,3.35899,3.36661
43,"n23m0123.hpc.itc.rwth-aachen.de",43,"43","uds",51,"n23m0123.hpc.itc.rwth-aachen.de",51,"51","uds",unix,64,4194304,10,50,42.728,6.2985,8.31566,8.449,12.25,3.38095,3.37743
43,"n23m0123.hpc.itc.rwth-aachen.de",43,"43","uds",52,"n23m0123.hpc.itc.rwth-aachen.de",52,"52","uds",unix,64,4194304,10,50,40.302,5.4855,7.67638,7.52975,9.688,3.3999,3.39691
43,"n23m0123.hpc.itc.rwth-aachen.de",43,"43","uds",53,"n23m0123.hpc.itc.rwth-aachen.de",53,"53","uds",unix,64,4194304,10,50,37.625,5.104,7.33189,7.25575,10.8455,3.40689,3.39847
43,"n23m0123.hpc.itc.rwth-aachen.de",43,"43","uds",54,"n23m0123.hpc.itc.rwth-aachen.de",54,"54","uds",unix,64,4194304,10,50,39.311,5.424,7.17862,7.26425,9.423,3.34736,3.34725
43,"n23m0123.hpc.itc.rwth-aachen.de",43,"43","uds",55,"n23m0123.hpc.itc.rwth-aachen.de",55,"55","uds",unix,64,4194304,10,50,39.205,5.51,8.0778,7.85975,11.5125,3.39299,3.38521
43,"n23m0123.hpc.itc.rwth-aachen.de",43,"43","uds",56,"n23m0123.hpc.itc.rwth-aachen.de",56,"56","uds",unix,64,4194304,10,50,39.628,6.7645,8.55984,8.585,12.2835,3.38541,3.37958
43,"n23m0123.hpc.itc.rwth-aachen.de",43,"43","uds",57,"n23m0123.hpc.itc.rwth-aachen.de",57,"57","uds",unix,64,4194304,10,50,36.73,5.489,8.04566,7.62625,13.1655,3.35923,3.35985
43,"n23m0123.hpc.itc.rwth-aachen.de",43,"43","uds",58,"n23m0123.hpc.itc.rwth-aachen.de",58,"58","uds",unix,64,4194304,10,50,38.778,5.403,7.65092,7.491,12.4735,3.41128,3.40862
43,"n23m0123.hpc.itc.rwth-aachen.de",43,"43","uds",59,"n23m0123.hpc.itc.rwth-aachen.de",59,"59","uds",unix,64,4194304,10,50,38.961,5.3485,7.40019,7.3845,10.767,3.38913,3.38823
43,"n23m0123.hpc.itc.rwth-aachen.de",43,"43","uds",60,"n23m0123.hpc.itc.rwth-aachen.de",60,"60","uds",unix,64,4194304,10,50,41.635,5.4245,8.08568,7.979,11.647,3.37606,3.37049
43,"n23m0123.hpc.itc.rwth-aachen.de",43,"43","uds",61,"n23m0123.hpc.itc.rwth-aachen.de",61,"61","uds",unix,64,4194304,10,50,39.974,5.0555,7.55416,7.4745,9.9375,3.42243,3.41176
43,"n23m0123.hpc.itc.rwth-aachen.de",43,"43","uds",62,"n23m0123.hpc.itc.rwth-aachen.de",62,"62","uds",unix,64,4194304,10,50,261.686,5.2925,7.56337,7.42675,12.878,3.38729,3.3873
43,"n23m0123.hpc.itc.rwth-aachen.de",43,"43","uds",63,"n23m0123.hpc.itc.rwth-aachen.de",63,"63","uds",unix,64,4194304,10,50,39.626,6.5705,8.1726,7.93925,11.65,3.38281,3.38277
43,"n23m0123.hpc.itc.rwth-aachen.de",43,"43","uds",64,"n23m0123.hpc.itc.rwth-aachen.de",64,"64","uds",unix,64,4194304,10,50,45.308,5.4325,7.37542,7.461,10.7385,3.41389,3.41201
43,"n23m0123.hpc.itc.rwth-aachen.de",43,"43","uds",65,"n23m0123.hpc.itc.rwth-aachen.de",65,"65","uds",unix,64,4194304,10,50,43.597,5.143,7.25736,7.31425,10.0685,3.4153,3.40805
43,"n23m0123.hpc.itc.rwth-aachen.de",43,"43","uds",66,"n23m0123.hpc.itc.rwth-aachen.de",66,"66","uds",unix,64,4194304,10,50,40.169,5.3575,7.53621,7.442,10.8485,3.4075,3.39541
43,"n23m0123.hpc.itc.rwth-aachen.de",43,"43","uds",67,"n23m0123.hpc.itc.rwth-aachen.de",67,"67","uds",unix,64,4194304,10,50,49.378,5.1325,7.27854,7.25825,9.551,3.42913,3.42522
43,"n23m0123.hpc.itc.rwth-aachen.de",43,"43","uds",68,"n23m0123.hpc.itc.rwth-aachen.de",68,"68","uds",unix,64,4194304,10,50,36.667,5.4915,8.1904,7.925,10.3655,3.43574,3.43383
43,"n23m0123.hpc.itc.rwth-aachen.de",43,"43","uds",69,"n23m0123.hpc.itc.rwth-aachen.de",69,"69","uds",unix,64,4194304,10,50,39.475,5.3345,7.27305,7.31125,10.2615,3.36156,3.34879
43,"n23m0123.hpc.itc.rwth-aachen.de",43,"43","uds",70,"n23m0123.hpc.itc.rwth-aachen.de",70,"70","uds",unix,64,4194304,10,50,39.588,5.238,7.33207,7.337,9.5985,3.4196,3.42789
43,"n23m0123.hpc.itc.rwth-aachen.de",43,"43","uds",71,"n23m0123.hpc.itc.rwth-aachen.de",71,"71","uds",unix,64,4194304,10,50,39.282,5.343,7.79829,7.582,13.419,3.41083,3.40624
43,"n23m0123.hpc.itc.rwth-aachen.de",43,"43","uds",72,"n23m0123.hpc.itc.rwth-aachen.de",72,"72","uds",unix,64,4194304,10,50,39.718,5.134,7.19817,7.2845,11.1205,3.36212,3.3612
43,"n23m0123.hpc.itc.rwth-aachen.de",43,"43","uds",73,"n23m0123.hpc.itc.rwth-aachen.de",73,"73","uds",unix,64,4194304,10,50,38.979,5.538,7.9694,7.825,11.6055,3.37252,3.35742
43,"n23m0123.hpc.itc.rwth-aachen.de",43,"43","uds",74,"n23m0123.hpc.itc.rwth-aachen.de",74,"74","uds",unix,64,4194304,10,50,50.238,5.3825,7.5021,7.503,10.193,3.3045,3.30192
43,"n23m0123.hpc.itc.rwth-aachen.de",43,"43","uds",75,"n23m0123.hpc.itc.rwth-aachen.de",75,"75","uds",unix,64,4194304,10,50,40.944,5.9775,8.18222,7.93025,10.441,3.31261,3.28074
43,"n23m0123.hpc.itc.rwth-aachen.de",43,"43","uds",76,"n23m0123.hpc.itc.rwth-aachen.de",76,"76","uds",unix,64,4194304,10,50,51.428,5.417,7.57308,7.64225,13.5125,3.39969,3.40105
43,"n23m0123.hpc.itc.rwth-aachen.de",43,"43","uds",77,"n23m0123.hpc.itc.rwth-aachen.de",77,"77","uds",unix,64,4194304,10,50,47.809,5.1695,7.25086,7.4445,9.3945,3.39473,3.39163
43,"n23m0123.hpc.itc.rwth-aachen.de",43,"43","uds",78,"n23m0123.hpc.itc.rwth-aachen.de",78,"78","uds",unix,64,4194304,10,50,44.115,5.3005,7.11515,7.2635,9.227,3.40015,3.39929
43,"n23m0123.hpc.itc.rwth-aachen.de",43,"43","uds",79,"n23m0123.hpc.itc.rwth-aachen.de",79,"79","uds",unix,64,4194304,10,50,43.155,5.3215,7.67869,7.5365,10.6205,3.36603,3.3712
43,"n23m0123.hpc.itc.rwth-aachen.de",43,"43","uds",80,"n23m0123.hpc.itc.rwth-aachen.de",80,"80","uds",unix,64,4194304,10,50,39.268,5.6745,8.53367,8.3055,11.293,3.37663,3.37519
43,"n23m0123.hpc.itc.rwth-aachen.de",43,"43","uds",81,"n23m0123.hpc.itc.rwth-aachen.de",81,"81","uds",unix,64,4194304,10,50,40.572,5.301,6.95064,7.28125,9.7845,3.4126,3.41561
43,"n23m0123.hpc.itc.rwth-aachen.de",43,"43","uds",82,"n23m0123.hpc.itc.rwth-aachen.de",82,"82","uds",unix,64,4194304,10,50,38.457,5.966,8.41819,8.1305,10.5135,3.36497,3.36914
43,"n23m0123.hpc.itc.rwth-aachen.de",43,"43","uds",83,"n23m0123.hpc.itc.rwth-aachen.de",83,"83","uds",unix,64,4194304,10,50,39.38,5.439,7.25543,7.31075,10.1255,3.35282,3.35867
43,"n23m0123.hpc.itc.rwth-aachen.de",43,"43","uds",84,"n23m0123.hpc.itc.rwth-aachen.de",84,"84","uds",unix,64,4194304,10,50,38.445,5.2785,7.25266,7.26275,10.5885,3.33664,3.28061
43,"n23m0123.hpc.itc.rwth-aachen.de",43,"43","uds",85,"n23m0123.hpc.itc.rwth-aachen.de",85,"85","uds",unix,64,4194304,10,50,55.56,5.463,7.69896,7.55775,9.8955,3.38898,3.38644
43,"n23m0123.hpc.itc.rwth-aachen.de",43,"43","uds",86,"n23m0123.hpc.itc.rwth-aachen.de",86,"86","uds",unix,64,4194304,10,50,49.526,5.5755,7.70894,7.5855,10.8865,3.38626,3.37788
43,"n23m0123.hpc.itc.rwth-aachen.de",43,"43","uds",87,"n23m0123.hpc.itc.rwth-aachen.de",87,"87","uds",unix,64,4194304,10,50,40.212,5.147,7.27246,7.32325,10.803,3.38221,3.37344
43,"n23m0123.hpc.itc.rwth-aachen.de",43,"43","uds",88,"n23m0123.hpc.itc.rwth-aachen.de",88,"88","uds",unix,64,4194304,10,50,44.345,5.048,7.51136,7.3385,12.655,3.43987,3.42924
43,"n23m0123.hpc.itc.rwth-aachen.de",43,"43","uds",89,"n23m0123.hpc.itc.rwth-aachen.de",89,"89","uds",unix,64,4194304,10,50,39.759,5.425,7.23749,7.1645,10.323,3.4122,3.40712
43,"n23m0123.hpc.itc.rwth-aachen.de",43,"43","uds",90,"n23m0123.hpc.itc.rwth-aachen.de",90,"90","uds",unix,64,4194304,10,50,39.016,5.6485,8.31493,8.3825,12.7715,3.42093,3.41079
43,"n23m0123.hpc.itc.rwth-aachen.de",43,"43","uds",91,"n23m0123.hpc.itc.rwth-aachen.de",91,"91","uds",unix,64,4194304,10,50,37.657,5.6065,7.7387,7.45275,10.2265,3.41962,3.41493
43,"n23m0123.hpc.itc.rwth-aachen.de",43,"43","uds",92,"n23m0123.hpc.itc.rwth-aachen.de",92,"92","uds",unix,64,4194304,10,50,38.659,5.1725,6.75209,6.7985,9.9075,3.43786,3.42729
43,"n23m0123.hpc.itc.rwth-aachen.de",43,"43","uds",93,"n23m0123.hpc.itc.rwth-aachen.de",93,"93","uds",unix,64,4194304,10,50,38.305,5.0645,7.31355,7.225,10.172,3.44179,3.42876
43,"n23m0123.hpc.itc.rwth-aachen.de",43,"43","uds",94,"n23m0123.hpc.itc.rwth-aachen.de",94,"94","uds",unix,64,4194304,10,50,38.992,5.296,7.3333,7.21325,10.7595,3.39605,3.39287
43,"n23m0123.hpc.itc.rwth-aachen.de",43,"43","uds",95,"n23m0123.hpc.itc.rwth-aachen.de",95,"95","uds",unix,64,4194304,10,50,36.333,5.1835,6.91226,7.1555,9.598,3.4152,3.40861
44,"n23m0123.hpc.itc.rwth-aachen.de",44,"44","uds",45,"n23m0123.hpc.itc.rwth-aachen.de",45,"45","uds",unix,64,4194304,10,50,78.809,2.599,3.82018,3.512,7.5615,7.63242,7.5808
44,"n23m0123.hpc.itc.rwth-aachen.de",44,"44","uds",46,"n23m0123.hpc.itc.rwth-aachen.de",46,"46","uds",unix,64,4194304,10,50,39.291,2.5265,3.2935,3.043,6.164,7.55895,7.52952
44,"n23m0123.hpc.itc.rwth-aachen.de",44,"44","uds",47,"n23m0123.hpc.itc.rwth-aachen.de",47,"47","uds",unix,64,4194304,10,50,38.303,2.518,3.3233,2.83825,7.627,7.64707,7.56286
44,"n23m0123.hpc.itc.rwth-aachen.de",44,"44","uds",48,"n23m0123.hpc.itc.rwth-aachen.de",48,"48","uds",unix,64,4194304,10,50,43.142,5.2565,7.4379,7.27875,11.5745,3.37947,3.37267
44,"n23m0123.hpc.itc.rwth-aachen.de",44,"44","uds",49,"n23m0123.hpc.itc.rwth-aachen.de",49,"49","uds",unix,64,4194304,10,50,48.272,4.9885,7.02885,7.12,13.046,3.39528,3.38715
44,"n23m0123.hpc.itc.rwth-aachen.de",44,"44","uds",50,"n23m0123.hpc.itc.rwth-aachen.de",50,"50","uds",unix,64,4194304,10,50,48.851,5.108,6.72507,6.79875,11.4465,3.41049,3.3992
44,"n23m0123.hpc.itc.rwth-aachen.de",44,"44","uds",51,"n23m0123.hpc.itc.rwth-aachen.de",51,"51","uds",unix,64,4194304,10,50,49.39,5.1875,7.14134,7.15525,11.288,3.40457,3.40246
44,"n23m0123.hpc.itc.rwth-aachen.de",44,"44","uds",52,"n23m0123.hpc.itc.rwth-aachen.de",52,"52","uds",unix,64,4194304,10,50,45.483,5.1025,6.80942,7.0105,9.652,3.42567,3.42392
44,"n23m0123.hpc.itc.rwth-aachen.de",44,"44","uds",53,"n23m0123.hpc.itc.rwth-aachen.de",53,"53","uds",unix,64,4194304,10,50,45.781,5.2015,7.41556,7.4225,10.4755,3.41473,3.41554
44,"n23m0123.hpc.itc.rwth-aachen.de",44,"44","uds",54,"n23m0123.hpc.itc.rwth-aachen.de",54,"54","uds",unix,64,4194304,10,50,42.087,4.99,6.70349,6.04425,10.6,3.4108,3.40023
44,"n23m0123.hpc.itc.rwth-aachen.de",44,"44","uds",55,"n23m0123.hpc.itc.rwth-aachen.de",55,"55","uds",unix,64,4194304,10,50,47.021,5.0625,7.29743,7.12925,12.8805,3.43816,3.43496
44,"n23m0123.hpc.itc.rwth-aachen.de",44,"44","uds",56,"n23m0123.hpc.itc.rwth-aachen.de",56,"56","uds",unix,64,4194304,10,50,43.441,5.117,7.21995,7.277,10.348,3.41103,3.41199
44,"n23m0123.hpc.itc.rwth-aachen.de",44,"44","uds",57,"n23m0123.hpc.itc.rwth-aachen.de",57,"57","uds",unix,64,4194304,10,50,39.75,5.2495,7.13976,7.2635,11.164,3.372,3.37331
44,"n23m0123.hpc.itc.rwth-aachen.de",44,"44","uds",58,"n23m0123.hpc.itc.rwth-aachen.de",58,"58","uds",unix,64,4194304,10,50,37.738,5.174,7.6681,7.353,11.03,3.42052,3.41863
44,"n23m0123.hpc.itc.rwth-aachen.de",44,"44","uds",59,"n23m0123.hpc.itc.rwth-aachen.de",59,"59","uds",unix,64,4194304,10,50,40.616,5.06,6.74549,6.78025,9.9465,3.40968,3.39572
44,"n23m0123.hpc.itc.rwth-aachen.de",44,"44","uds",60,"n23m0123.hpc.itc.rwth-aachen.de",60,"60","uds",unix,64,4194304,10,50,46.898,5.7215,7.49336,7.23175,10.0715,3.41466,3.41311
44,"n23m0123.hpc.itc.rwth-aachen.de",44,"44","uds",61,"n23m0123.hpc.itc.rwth-aachen.de",61,"61","uds",unix,64,4194304,10,50,53.809,5.1105,7.23394,7.34125,9.9065,3.42868,3.41933
44,"n23m0123.hpc.itc.rwth-aachen.de",44,"44","uds",62,"n23m0123.hpc.itc.rwth-aachen.de",62,"62","uds",unix,64,4194304,10,50,42.455,5.181,6.65014,6.95325,9.252,3.417,3.41342
44,"n23m0123.hpc.itc.rwth-aachen.de",44,"44","uds",63,"n23m0123.hpc.itc.rwth-aachen.de",63,"63","uds",unix,64,4194304,10,50,44.484,5.2925,6.93769,7.00075,11.579,3.39663,3.40368
44,"n23m0123.hpc.itc.rwth-aachen.de",44,"44","uds",64,"n23m0123.hpc.itc.rwth-aachen.de",64,"64","uds",unix,64,4194304,10,50,44.102,4.85,6.87352,7.20125,10.4395,3.44406,3.43167
44,"n23m0123.hpc.itc.rwth-aachen.de",44,"44","uds",65,"n23m0123.hpc.itc.rwth-aachen.de",65,"65","uds",unix,64,4194304,10,50,38.064,5.281,7.37315,7.323,9.8105,3.44341,3.4456
44,"n23m0123.hpc.itc.rwth-aachen.de",44,"44","uds",66,"n23m0123.hpc.itc.rwth-aachen.de",66,"66","uds",unix,64,4194304,10,50,42.713,5.0995,6.81894,6.95225,9.967,3.41405,3.40478
44,"n23m0123.hpc.itc.rwth-aachen.de",44,"44","uds",67,"n23m0123.hpc.itc.rwth-aachen.de",67,"67","uds",unix,64,4194304,10,50,38.681,5.3085,7.13738,7.16825,10.436,3.44167,3.43413
44,"n23m0123.hpc.itc.rwth-aachen.de",44,"44","uds",68,"n23m0123.hpc.itc.rwth-aachen.de",68,"68","uds",unix,64,4194304,10,50,36.751,4.975,6.43355,6.104,10.2985,3.42705,3.4265
44,"n23m0123.hpc.itc.rwth-aachen.de",44,"44","uds",69,"n23m0123.hpc.itc.rwth-aachen.de",69,"69","uds",unix,64,4194304,10,50,40.092,5.2215,6.26734,5.60375,9.8435,3.37761,3.36758
44,"n23m0123.hpc.itc.rwth-aachen.de",44,"44","uds",70,"n23m0123.hpc.itc.rwth-aachen.de",70,"70","uds",unix,64,4194304,10,50,39.524,5.1635,7.27605,7.3465,11.431,3.43536,3.43003
44,"n23m0123.hpc.itc.rwth-aachen.de",44,"44","uds",71,"n23m0123.hpc.itc.rwth-aachen.de",71,"71","uds",unix,64,4194304,10,50,37.94,5.227,7.15161,7.413,9.871,3.41904,3.4201
44,"n23m0123.hpc.itc.rwth-aachen.de",44,"44","uds",72,"n23m0123.hpc.itc.rwth-aachen.de",72,"72","uds",unix,64,4194304,10,50,43.542,5.554,8.09707,7.73875,12.1385,3.3981,3.39624
44,"n23m0123.hpc.itc.rwth-aachen.de",44,"44","uds",73,"n23m0123.hpc.itc.rwth-aachen.de",73,"73","uds",unix,64,4194304,10,50,48.641,5.1185,7.11294,6.95,9.7485,3.42765,3.42008
44,"n23m0123.hpc.itc.rwth-aachen.de",44,"44","uds",74,"n23m0123.hpc.itc.rwth-aachen.de",74,"74","uds",unix,64,4194304,10,50,45.565,5.3295,7.43879,7.3685,9.979,3.39205,3.38669
44,"n23m0123.hpc.itc.rwth-aachen.de",44,"44","uds",75,"n23m0123.hpc.itc.rwth-aachen.de",75,"75","uds",unix,64,4194304,10,50,49.774,5.222,7.3589,7.3315,11.1135,3.39321,3.39153
44,"n23m0123.hpc.itc.rwth-aachen.de",44,"44","uds",76,"n23m0123.hpc.itc.rwth-aachen.de",76,"76","uds",unix,64,4194304,10,50,38.907,5.3185,7.75665,7.64175,11.8865,3.31194,2.76483
44,"n23m0123.hpc.itc.rwth-aachen.de",44,"44","uds",77,"n23m0123.hpc.itc.rwth-aachen.de",77,"77","uds",unix,64,4194304,10,50,71.628,7.37,9.96895,9.5575,15.7935,1.67417,1.5857
44,"n23m0123.hpc.itc.rwth-aachen.de",44,"44","uds",78,"n23m0123.hpc.itc.rwth-aachen.de",78,"78","uds",unix,64,4194304,10,50,82.847,9.6395,12.3377,12.085,18.6585,1.68787,1.68635
44,"n23m0123.hpc.itc.rwth-aachen.de",44,"44","uds",79,"n23m0123.hpc.itc.rwth-aachen.de",79,"79","uds",unix,64,4194304,10,50,88.418,10.674,13.3922,13.2978,19.1325,1.66872,1.66707
44,"n23m0123.hpc.itc.rwth-aachen.de",44,"44","uds",80,"n23m0123.hpc.itc.rwth-aachen.de",80,"80","uds",unix,64,4194304,10,50,83.887,10.2055,13.314,12.727,23.753,1.66298,1.66124
44,"n23m0123.hpc.itc.rwth-aachen.de",44,"44","uds",81,"n23m0123.hpc.itc.rwth-aachen.de",81,"81","uds",unix,64,4194304,10,50,69.725,9.6505,12.3736,12.3355,23.629,1.68574,1.68512
44,"n23m0123.hpc.itc.rwth-aachen.de",44,"44","uds",82,"n23m0123.hpc.itc.rwth-aachen.de",82,"82","uds",unix,64,4194304,10,50,74.822,9.586,12.6008,11.8323,20.6195,1.68231,1.6817
44,"n23m0123.hpc.itc.rwth-aachen.de",44,"44","uds",83,"n23m0123.hpc.itc.rwth-aachen.de",83,"83","uds",unix,64,4194304,10,50,74.112,9.4185,12.4738,12.6155,17.813,1.67061,1.6722
44,"n23m0123.hpc.itc.rwth-aachen.de",44,"44","uds",84,"n23m0123.hpc.itc.rwth-aachen.de",84,"84","uds",unix,64,4194304,10,50,74.315,10.266,13.288,12.254,24.783,1.66972,1.66834
44,"n23m0123.hpc.itc.rwth-aachen.de",44,"44","uds",85,"n23m0123.hpc.itc.rwth-aachen.de",85,"85","uds",unix,64,4194304,10,50,68.811,10.536,12.727,12.3948,21.91,1.67754,1.67772
44,"n23m0123.hpc.itc.rwth-aachen.de",44,"44","uds",86,"n23m0123.hpc.itc.rwth-aachen.de",86,"86","uds",unix,64,4194304,10,50,72.301,10.4555,13.6391,13.0235,19.2685,1.66833,1.66822
44,"n23m0123.hpc.itc.rwth-aachen.de",44,"44","uds",87,"n23m0123.hpc.itc.rwth-aachen.de",87,"87","uds",unix,64,4194304,10,50,70.136,10.2395,13.4761,12.881,21.051,1.66076,1.66135
44,"n23m0123.hpc.itc.rwth-aachen.de",44,"44","uds",88,"n23m0123.hpc.itc.rwth-aachen.de",88,"88","uds",unix,64,4194304,10,50,67.459,10.184,12.8783,13.0667,17.79,1.68815,1.68772
44,"n23m0123.hpc.itc.rwth-aachen.de",44,"44","uds",89,"n23m0123.hpc.itc.rwth-aachen.de",89,"89","uds",unix,64,4194304,10,50,75.562,10.062,13.3718,12.9403,21.21,1.66798,1.66766
44,"n23m0123.hpc.itc.rwth-aachen.de",44,"44","uds",90,"n23m0123.hpc.itc.rwth-aachen.de",90,"90","uds",unix,64,4194304,10,50,78.854,10.4995,13.7889,13.1448,28.3665,1.68222,1.68278
44,"n23m0123.hpc.itc.rwth-aachen.de",44,"44","uds",91,"n23m0123.hpc.itc.rwth-aachen.de",91,"91","uds",unix,64,4194304,10,50,67.591,11.0875,13.8805,13.6535,23.2265,1.6727,1.67191
44,"n23m0123.hpc.itc.rwth-aachen.de",44,"44","uds",92,"n23m0123.hpc.itc.rwth-aachen.de",92,"92","uds",unix,64,4194304,10,50,65.476,9.9605,12.9655,12.545,20.993,1.67737,1.67579
44,"n23m0123.hpc.itc.rwth-aachen.de",44,"44","uds",93,"n23m0123.hpc.itc.rwth-aachen.de",93,"93","uds",unix,64,4194304,10,50,64.773,10.479,13.3633,13.5195,17.907,1.68419,1.68219
44,"n23m0123.hpc.itc.rwth-aachen.de",44,"44","uds",94,"n23m0123.hpc.itc.rwth-aachen.de",94,"94","uds",unix,64,4194304,10,50,68.369,10.6395,13.3701,13.5047,17.8005,1.666,1.6665
44,"n23m0123.hpc.itc.rwth-aachen.de",44,"44","uds",95,"n23m0123.hpc.itc.rwth-aachen.de",95,"95","uds",unix,64,4194304,10,50,67.171,10.6665,13.462,13.3115,21.9015,1.66474,1.66425
45,"n23m0123.hpc.itc.rwth-aachen.de",45,"45","uds",46,"n23m0123.hpc.itc.rwth-aachen.de",46,"46","uds",unix,64,4194304,10,50,139.732,5.8175,7.47847,7.5465,9.7255,5.3226,5.30312
45,"n23m0123.hpc.itc.rwth-aachen.de",45,"45","uds",47,"n23m0123.hpc.itc.rwth-aachen.de",47,"47","uds",unix,64,4194304,10,50,54.766,2.946,5.01892,4.79775,11.054,7.12843,7.11318
45,"n23m0123.hpc.itc.rwth-aachen.de",45,"45","uds",48,"n23m0123.hpc.itc.rwth-aachen.de",48,"48","uds",unix,64,4194304,10,50,67.718,6.765,8.46557,9.023,10.6885,2.3427,2.29542
45,"n23m0123.hpc.itc.rwth-aachen.de",45,"45","uds",49,"n23m0123.hpc.itc.rwth-aachen.de",49,"49","uds",unix,64,4194304,10,50,81.457,9.872,13.3258,12.9615,22.336,1.66607,1.66663
45,"n23m0123.hpc.itc.rwth-aachen.de",45,"45","uds",50,"n23m0123.hpc.itc.rwth-aachen.de",50,"50","uds",unix,64,4194304,10,50,82.7,10.996,13.955,13.719,26.481,1.65866,1.65833
45,"n23m0123.hpc.itc.rwth-aachen.de",45,"45","uds",51,"n23m0123.hpc.itc.rwth-aachen.de",51,"51","uds",unix,64,4194304,10,50,80.294,10.253,13.1361,12.875,23.592,1.66272,1.66236
45,"n23m0123.hpc.itc.rwth-aachen.de",45,"45","uds",52,"n23m0123.hpc.itc.rwth-aachen.de",52,"52","uds",unix,64,4194304,10,50,80.124,10.2565,12.7399,12.4845,20.5585,1.66587,1.66776
45,"n23m0123.hpc.itc.rwth-aachen.de",45,"45","uds",53,"n23m0123.hpc.itc.rwth-aachen.de",53,"53","uds",unix,64,4194304,10,50,72.563,9.6905,12.6215,11.6573,24.5465,1.67259,1.67109
45,"n23m0123.hpc.itc.rwth-aachen.de",45,"45","uds",54,"n23m0123.hpc.itc.rwth-aachen.de",54,"54","uds",unix,64,4194304,10,50,75.701,10.184,13.2467,13.3863,18.9515,1.65588,1.65579
45,"n23m0123.hpc.itc.rwth-aachen.de",45,"45","uds",55,"n23m0123.hpc.itc.rwth-aachen.de",55,"55","uds",unix,64,4194304,10,50,84.463,11.4115,14.1102,13.7722,18.941,1.66795,1.6664
45,"n23m0123.hpc.itc.rwth-aachen.de",45,"45","uds",56,"n23m0123.hpc.itc.rwth-aachen.de",56,"56","uds",unix,64,4194304,10,50,72.34,10.319,13.1256,13.6015,17.9065,1.65031,1.64882
45,"n23m0123.hpc.itc.rwth-aachen.de",45,"45","uds",57,"n23m0123.hpc.itc.rwth-aachen.de",57,"57","uds",unix,64,4194304,10,50,70.931,10.758,14.0571,13.8897,23.0005,1.65169,1.64429
45,"n23m0123.hpc.itc.rwth-aachen.de",45,"45","uds",58,"n23m0123.hpc.itc.rwth-aachen.de",58,"58","uds",unix,64,4194304,10,50,94.937,9.9125,13.2525,13.026,21.6285,1.68042,1.67955
45,"n23m0123.hpc.itc.rwth-aachen.de",45,"45","uds",59,"n23m0123.hpc.itc.rwth-aachen.de",59,"59","uds",unix,64,4194304,10,50,67.118,10.356,13.4591,13.1923,24.3255,1.66938,1.66953
45,"n23m0123.hpc.itc.rwth-aachen.de",45,"45","uds",60,"n23m0123.hpc.itc.rwth-aachen.de",60,"60","uds",unix,64,4194304,10,50,85.537,10.183,13.4416,13.4525,21.8015,1.6721,1.67221
45,"n23m0123.hpc.itc.rwth-aachen.de",45,"45","uds",61,"n23m0123.hpc.itc.rwth-aachen.de",61,"61","uds",unix,64,4194304,10,50,75.298,9.767,12.797,13.0572,21.0715,1.67783,1.67709
45,"n23m0123.hpc.itc.rwth-aachen.de",45,"45","uds",62,"n23m0123.hpc.itc.rwth-aachen.de",62,"62","uds",unix,64,4194304,10,50,89.169,10.146,12.5743,12.5445,19.5685,1.67481,1.67501
45,"n23m0123.hpc.itc.rwth-aachen.de",45,"45","uds",63,"n23m0123.hpc.itc.rwth-aachen.de",63,"63","uds",unix,64,4194304,10,50,72.443,9.5805,12.7313,12.388,23.6195,1.65859,1.65967
45,"n23m0123.hpc.itc.rwth-aachen.de",45,"45","uds",64,"n23m0123.hpc.itc.rwth-aachen.de",64,"64","uds",unix,64,4194304,10,50,70.661,9.586,12.5444,11.9202,18.464,1.67908,1.68027
45,"n23m0123.hpc.itc.rwth-aachen.de",45,"45","uds",65,"n23m0123.hpc.itc.rwth-aachen.de",65,"65","uds",unix,64,4194304,10,50,76.491,10.189,13.1772,12.8908,20.8865,1.69563,1.69564
45,"n23m0123.hpc.itc.rwth-aachen.de",45,"45","uds",66,"n23m0123.hpc.itc.rwth-aachen.de",66,"66","uds",unix,64,4194304,10,50,71.106,10.4135,13.6228,13.7022,18.269,1.67166,1.67001
45,"n23m0123.hpc.itc.rwth-aachen.de",45,"45","uds",67,"n23m0123.hpc.itc.rwth-aachen.de",67,"67","uds",unix,64,4194304,10,50,78.112,10.257,13.3799,13.074,23.246,1.68949,1.69026
45,"n23m0123.hpc.itc.rwth-aachen.de",45,"45","uds",68,"n23m0123.hpc.itc.rwth-aachen.de",68,"68","uds",unix,64,4194304,10,50,62.54,10.526,13.7137,13.3678,25.605,1.69609,1.69571
45,"n23m0123.hpc.itc.rwth-aachen.de",45,"45","uds",69,"n23m0123.hpc.itc.rwth-aachen.de",69,"69","uds",unix,64,4194304,10,50,69.773,10.007,12.5277,11.9192,25.105,1.65596,1.65705
45,"n23m0123.hpc.itc.rwth-aachen.de",45,"45","uds",70,"n23m0123.hpc.itc.rwth-aachen.de",70,"70","uds",unix,64,4194304,10,50,70.237,10.212,13.7694,13.6273,18.2035,1.67036,1.67071
45,"n23m0123.hpc.itc.rwth-aachen.de",45,"45","uds",71,"n23m0123.hpc.itc.rwth-aachen.de",71,"71","uds",unix,64,4194304,10,50,61.036,10.139,13.7705,13.2332,26.443,1.67534,1.67522
45,"n23m0123.hpc.itc.rwth-aachen.de",45,"45","uds",72,"n23m0123.hpc.itc.rwth-aachen.de",72,"72","uds",unix,64,4194304,10,50,74.654,9.92,13.2947,13.063,19.927,1.66651,1.66656
45,"n23m0123.hpc.itc.rwth-aachen.de",45,"45","uds",73,"n23m0123.hpc.itc.rwth-aachen.de",73,"73","uds",unix,64,4194304,10,50,75.931,10.565,13.5082,13.0377,24.3405,1.66899,1.66866
45,"n23m0123.hpc.itc.rwth-aachen.de",45,"45","uds",74,"n23m0123.hpc.itc.rwth-aachen.de",74,"74","uds",unix,64,4194304,10,50,79.23,10.523,13.4982,13.307,23.242,1.66408,1.66606
45,"n23m0123.hpc.itc.rwth-aachen.de",45,"45","uds",75,"n23m0123.hpc.itc.rwth-aachen.de",75,"75","uds",unix,64,4194304,10,50,76.91,10.1615,12.9407,12.385,18.484,1.66828,1.66897
45,"n23m0123.hpc.itc.rwth-aachen.de",45,"45","uds",76,"n23m0123.hpc.itc.rwth-aachen.de",76,"76","uds",unix,64,4194304,10,50,74.674,10.0275,13.529,13.1253,32.8285,1.69292,1.69244
45,"n23m0123.hpc.itc.rwth-aachen.de",45,"45","uds",77,"n23m0123.hpc.itc.rwth-aachen.de",77,"77","uds",unix,64,4194304,10,50,78.982,10.184,13.3286,12.8475,20.3645,1.70285,1.6994
45,"n23m0123.hpc.itc.rwth-aachen.de",45,"45","uds",78,"n23m0123.hpc.itc.rwth-aachen.de",78,"78","uds",unix,64,4194304,10,50,66.664,9.7085,12.1316,11.9245,17.3945,1.69364,1.6939
45,"n23m0123.hpc.itc.rwth-aachen.de",45,"45","uds",79,"n23m0123.hpc.itc.rwth-aachen.de",79,"79","uds",unix,64,4194304,10,50,70.694,10.043,12.9587,12.7385,23.666,1.67409,1.6745
45,"n23m0123.hpc.itc.rwth-aachen.de",45,"45","uds",80,"n23m0123.hpc.itc.rwth-aachen.de",80,"80","uds",unix,64,4194304,10,50,73.812,10.2045,12.3845,12.0397,21.724,1.67643,1.67475
45,"n23m0123.hpc.itc.rwth-aachen.de",45,"45","uds",81,"n23m0123.hpc.itc.rwth-aachen.de",81,"81","uds",unix,64,4194304,10,50,71.224,9.6725,12.7506,12.6088,20.52,1.70166,1.70291
45,"n23m0123.hpc.itc.rwth-aachen.de",45,"45","uds",82,"n23m0123.hpc.itc.rwth-aachen.de",82,"82","uds",unix,64,4194304,10,50,72.045,10.103,12.8662,12.4755,21.5145,1.68929,1.69
45,"n23m0123.hpc.itc.rwth-aachen.de",45,"45","uds",83,"n23m0123.hpc.itc.rwth-aachen.de",83,"83","uds",unix,64,4194304,10,50,68.819,9.3795,12.5656,12.9023,21.5485,1.67083,1.66986
45,"n23m0123.hpc.itc.rwth-aachen.de",45,"45","uds",84,"n23m0123.hpc.itc.rwth-aachen.de",84,"84","uds",unix,64,4194304,10,50,70.124,10.239,13.1409,12.965,20.4595,1.69087,1.6897
45,"n23m0123.hpc.itc.rwth-aachen.de",45,"45","uds",85,"n23m0123.hpc.itc.rwth-aachen.de",85,"85","uds",unix,64,4194304,10,50,76.087,10.1855,12.7578,12.7572,19.2115,1.69369,1.69311
45,"n23m0123.hpc.itc.rwth-aachen.de",45,"45","uds",86,"n23m0123.hpc.itc.rwth-aachen.de",86,"86","uds",unix,64,4194304,10,50,67.376,10.0915,12.9992,12.963,18.36,1.69065,1.69264
45,"n23m0123.hpc.itc.rwth-aachen.de",45,"45","uds",87,"n23m0123.hpc.itc.rwth-aachen.de",87,"87","uds",unix,64,4194304,10,50,65.714,10.452,13.3092,13.0705,23.7925,1.68184,1.6817
45,"n23m0123.hpc.itc.rwth-aachen.de",45,"45","uds",88,"n23m0123.hpc.itc.rwth-aachen.de",88,"88","uds",unix,64,4194304,10,50,63.305,9.7115,12.4698,12.0277,22.2775,1.70244,1.7031
45,"n23m0123.hpc.itc.rwth-aachen.de",45,"45","uds",89,"n23m0123.hpc.itc.rwth-aachen.de",89,"89","uds",unix,64,4194304,10,50,80.011,10.5185,14.0711,13.7568,21.439,1.68177,1.68047
45,"n23m0123.hpc.itc.rwth-aachen.de",45,"45","uds",90,"n23m0123.hpc.itc.rwth-aachen.de",90,"90","uds",unix,64,4194304,10,50,66.921,10.3385,13.0293,12.9155,19.319,1.696,1.69515
45,"n23m0123.hpc.itc.rwth-aachen.de",45,"45","uds",91,"n23m0123.hpc.itc.rwth-aachen.de",91,"91","uds",unix,64,4194304,10,50,61.407,10.7925,13.9993,13.9615,22.096,1.6884,1.68827
45,"n23m0123.hpc.itc.rwth-aachen.de",45,"45","uds",92,"n23m0123.hpc.itc.rwth-aachen.de",92,"92","uds",unix,64,4194304,10,50,76.937,9.8345,13.0438,13.0137,22.5245,1.70209,1.7025
45,"n23m0123.hpc.itc.rwth-aachen.de",45,"45","uds",93,"n23m0123.hpc.itc.rwth-aachen.de",93,"93","uds",unix,64,4194304,10,50,69.674,10.07,12.6137,12.5695,18.628,1.69332,1.69294
45,"n23m0123.hpc.itc.rwth-aachen.de",45,"45","uds",94,"n23m0123.hpc.itc.rwth-aachen.de",94,"94","uds",unix,64,4194304,10,50,66.908,10.268,13.3994,13.1962,22.6395,1.67526,1.62785
45,"n23m0123.hpc.itc.rwth-aachen.de",45,"45","uds",95,"n23m0123.hpc.itc.rwth-aachen.de",95,"95","uds",unix,64,4194304,10,50,82.394,10.6885,14.1145,13.901,21.3295,1.64848,1.64805
46,"n23m0123.hpc.itc.rwth-aachen.de",46,"46","uds",47,"n23m0123.hpc.itc.rwth-aachen.de",47,"47","uds",unix,64,4194304,10,50,132.14,4.177,6.02841,5.94225,13.489,5.24505,5.24223
46,"n23m0123.hpc.itc.rwth-aachen.de",46,"46","uds",48,"n23m0123.hpc.itc.rwth-aachen.de",48,"48","uds",unix,64,4194304,10,50,81.718,8.969,11.7552,11.2782,19.9465,1.64863,1.67571
46,"n23m0123.hpc.itc.rwth-aachen.de",46,"46","uds",49,"n23m0123.hpc.itc.rwth-aachen.de",49,"49","uds",unix,64,4194304,10,50,90.986,10.2255,13.1544,13.1375,18.172,1.65722,1.65598
46,"n23m0123.hpc.itc.rwth-aachen.de",46,"46","uds",50,"n23m0123.hpc.itc.rwth-aachen.de",50,"50","uds",unix,64,4194304,10,50,85.632,9.948,12.9035,12.5768,21.076,1.65975,1.66018
46,"n23m0123.hpc.itc.rwth-aachen.de",46,"46","uds",51,"n23m0123.hpc.itc.rwth-aachen.de",51,"51","uds",unix,64,4194304,10,50,82.95,10.4165,13.6827,13.8335,18.587,1.66486,1.66138
46,"n23m0123.hpc.itc.rwth-aachen.de",46,"46","uds",52,"n23m0123.hpc.itc.rwth-aachen.de",52,"52","uds",unix,64,4194304,10,50,82.93,10.4115,12.7518,12.5308,19.17,1.66985,1.67051
46,"n23m0123.hpc.itc.rwth-aachen.de",46,"46","uds",53,"n23m0123.hpc.itc.rwth-aachen.de",53,"53","uds",unix,64,4194304,10,50,77.064,9.7895,12.6818,12.445,18.1875,1.63396,1.63246
46,"n23m0123.hpc.itc.rwth-aachen.de",46,"46","uds",54,"n23m0123.hpc.itc.rwth-aachen.de",54,"54","uds",unix,64,4194304,10,50,97.907,11.327,13.8022,13.562,26.143,1.62738,1.62943
46,"n23m0123.hpc.itc.rwth-aachen.de",46,"46","uds",55,"n23m0123.hpc.itc.rwth-aachen.de",55,"55","uds",unix,64,4194304,10,50,87.689,10.734,14.3546,12.5885,27.2195,1.64726,1.64713
46,"n23m0123.hpc.itc.rwth-aachen.de",46,"46","uds",56,"n23m0123.hpc.itc.rwth-aachen.de",56,"56","uds",unix,64,4194304,10,50,80.465,10.6635,13.0742,12.8622,17.0785,1.63815,1.62786
46,"n23m0123.hpc.itc.rwth-aachen.de",46,"46","uds",57,"n23m0123.hpc.itc.rwth-aachen.de",57,"57","uds",unix,64,4194304,10,50,82.281,10.8105,12.9951,12.2765,23.769,1.62161,1.60368
46,"n23m0123.hpc.itc.rwth-aachen.de",46,"46","uds",58,"n23m0123.hpc.itc.rwth-aachen.de",58,"58","uds",unix,64,4194304,10,50,87.079,10.868,13.5606,12.6155,31.1945,1.65204,1.65074
46,"n23m0123.hpc.itc.rwth-aachen.de",46,"46","uds",59,"n23m0123.hpc.itc.rwth-aachen.de",59,"59","uds",unix,64,4194304,10,50,93.553,10.3275,14.5965,13.2915,44.3455,1.66547,1.66295
46,"n23m0123.hpc.itc.rwth-aachen.de",46,"46","uds",60,"n23m0123.hpc.itc.rwth-aachen.de",60,"60","uds",unix,64,4194304,10,50,97.605,11.0655,14.4916,14.0407,25.908,1.63393,1.63076
46,"n23m0123.hpc.itc.rwth-aachen.de",46,"46","uds",61,"n23m0123.hpc.itc.rwth-aachen.de",61,"61","uds",unix,64,4194304,10,50,90.882,10.155,29.7519,13.154,708.715,1.65828,1.65732
46,"n23m0123.hpc.itc.rwth-aachen.de",46,"46","uds",62,"n23m0123.hpc.itc.rwth-aachen.de",62,"62","uds",unix,64,4194304,10,50,86.173,10.434,13.8629,13.6015,22.5865,1.66808,1.66943
46,"n23m0123.hpc.itc.rwth-aachen.de",46,"46","uds",63,"n23m0123.hpc.itc.rwth-aachen.de",63,"63","uds",unix,64,4194304,10,50,81.31,10.6215,13.6858,13.079,26.1715,1.65067,1.6509
46,"n23m0123.hpc.itc.rwth-aachen.de",46,"46","uds",64,"n23m0123.hpc.itc.rwth-aachen.de",64,"64","uds",unix,64,4194304,10,50,77.192,9.7675,12.6386,12.9253,17.989,1.6639,1.66298
46,"n23m0123.hpc.itc.rwth-aachen.de",46,"46","uds",65,"n23m0123.hpc.itc.rwth-aachen.de",65,"65","uds",unix,64,4194304,10,50,80.784,10.044,12.9477,12.8227,18.833,1.67013,1.66885
46,"n23m0123.hpc.itc.rwth-aachen.de",46,"46","uds",66,"n23m0123.hpc.itc.rwth-aachen.de",66,"66","uds",unix,64,4194304,10,50,77.697,10.821,13.204,13.1745,20.103,1.65967,1.66008
46,"n23m0123.hpc.itc.rwth-aachen.de",46,"46","uds",67,"n23m0123.hpc.itc.rwth-aachen.de",67,"67","uds",unix,64,4194304,10,50,89.201,11.0565,13.484,13.3172,19.0665,1.65126,1.64499
46,"n23m0123.hpc.itc.rwth-aachen.de",46,"46","uds",68,"n23m0123.hpc.itc.rwth-aachen.de",68,"68","uds",unix,64,4194304,10,50,86.968,10.0635,13.454,12.8075,23.9635,1.66145,1.65786
46,"n23m0123.hpc.itc.rwth-aachen.de",46,"46","uds",69,"n23m0123.hpc.itc.rwth-aachen.de",69,"69","uds",unix,64,4194304,10,50,80.714,10.669,12.8473,12.4725,21.893,1.63363,1.63281
46,"n23m0123.hpc.itc.rwth-aachen.de",46,"46","uds",70,"n23m0123.hpc.itc.rwth-aachen.de",70,"70","uds",unix,64,4194304,10,50,70.949,10.369,13.4098,13.1827,22.629,1.64695,1.64702
46,"n23m0123.hpc.itc.rwth-aachen.de",46,"46","uds",71,"n23m0123.hpc.itc.rwth-aachen.de",71,"71","uds",unix,64,4194304,10,50,86.489,10.024,13.3151,12.8403,28.372,1.64735,1.64787
46,"n23m0123.hpc.itc.rwth-aachen.de",46,"46","uds",72,"n23m0123.hpc.itc.rwth-aachen.de",72,"72","uds",unix,64,4194304,10,50,77.224,10.1605,12.9355,12.5243,20.276,1.65512,1.6549
46,"n23m0123.hpc.itc.rwth-aachen.de",46,"46","uds",73,"n23m0123.hpc.itc.rwth-aachen.de",73,"73","uds",unix,64,4194304,10,50,80.575,9.9915,13.9098,13.7585,22.589,1.65703,1.65822
46,"n23m0123.hpc.itc.rwth-aachen.de",46,"46","uds",74,"n23m0123.hpc.itc.rwth-aachen.de",74,"74","uds",unix,64,4194304,10,50,83.725,11.015,14.2087,13.813,22.333,1.64193,1.64216
46,"n23m0123.hpc.itc.rwth-aachen.de",46,"46","uds",75,"n23m0123.hpc.itc.rwth-aachen.de",75,"75","uds",unix,64,4194304,10,50,84.273,10.0185,13.5852,12.3643,23.651,1.64742,1.64807
46,"n23m0123.hpc.itc.rwth-aachen.de",46,"46","uds",76,"n23m0123.hpc.itc.rwth-aachen.de",76,"76","uds",unix,64,4194304,10,50,83.09,10.171,13.1865,12.8122,23.78,1.66237,1.66398
46,"n23m0123.hpc.itc.rwth-aachen.de",46,"46","uds",77,"n23m0123.hpc.itc.rwth-aachen.de",77,"77","uds",unix,64,4194304,10,50,84.746,9.166,13.0167,12.5242,21.003,1.6774,1.67716
46,"n23m0123.hpc.itc.rwth-aachen.de",46,"46","uds",78,"n23m0123.hpc.itc.rwth-aachen.de",78,"78","uds",unix,64,4194304,10,50,71.594,9.6095,12.7438,12.683,20.8535,1.67877,1.67868
46,"n23m0123.hpc.itc.rwth-aachen.de",46,"46","uds",79,"n23m0123.hpc.itc.rwth-aachen.de",79,"79","uds",unix,64,4194304,10,50,83.056,10.8525,14.1132,13.8287,24.3445,1.67973,1.67878
46,"n23m0123.hpc.itc.rwth-aachen.de",46,"46","uds",80,"n23m0123.hpc.itc.rwth-aachen.de",80,"80","uds",unix,64,4194304,10,50,72.186,10.299,13.3952,12.9207,29.3965,1.66148,1.66107
46,"n23m0123.hpc.itc.rwth-aachen.de",46,"46","uds",81,"n23m0123.hpc.itc.rwth-aachen.de",81,"81","uds",unix,64,4194304,10,50,90.172,10.346,13.4831,13.4545,23.408,1.67793,1.66252
46,"n23m0123.hpc.itc.rwth-aachen.de",46,"46","uds",82,"n23m0123.hpc.itc.rwth-aachen.de",82,"82","uds",unix,64,4194304,10,50,83.019,10.2895,13.0582,12.4982,20.6225,1.66991,1.67032
46,"n23m0123.hpc.itc.rwth-aachen.de",46,"46","uds",83,"n23m0123.hpc.itc.rwth-aachen.de",83,"83","uds",unix,64,4194304,10,50,78.974,9.8805,12.7985,12.537,17.544,1.65333,1.65342
46,"n23m0123.hpc.itc.rwth-aachen.de",46,"46","uds",84,"n23m0123.hpc.itc.rwth-aachen.de",84,"84","uds",unix,64,4194304,10,50,77.352,10.142,13.0997,12.995,17.4155,1.6697,1.66981
46,"n23m0123.hpc.itc.rwth-aachen.de",46,"46","uds",85,"n23m0123.hpc.itc.rwth-aachen.de",85,"85","uds",unix,64,4194304,10,50,21805.6,11.0165,13.568,13.3275,25.034,1.66547,1.66566
46,"n23m0123.hpc.itc.rwth-aachen.de",46,"46","uds",86,"n23m0123.hpc.itc.rwth-aachen.de",86,"86","uds",unix,64,4194304,10,50,95.167,10.5525,14.1852,14.0635,19.074,1.65915,1.65985
46,"n23m0123.hpc.itc.rwth-aachen.de",46,"46","uds",87,"n23m0123.hpc.itc.rwth-aachen.de",87,"87","uds",unix,64,4194304,10,50,82.851,11.334,13.5024,12.7942,23.327,1.64751,1.6464
46,"n23m0123.hpc.itc.rwth-aachen.de",46,"46","uds",88,"n23m0123.hpc.itc.rwth-aachen.de",88,"88","uds",unix,64,4194304,10,50,80.27,10.318,13.2294,12.5,25.3625,1.67613,1.67646
46,"n23m0123.hpc.itc.rwth-aachen.de",46,"46","uds",89,"n23m0123.hpc.itc.rwth-aachen.de",89,"89","uds",unix,64,4194304,10,50,78.008,10.526,13.511,13.2818,22.6545,1.65817,1.65748
46,"n23m0123.hpc.itc.rwth-aachen.de",46,"46","uds",90,"n23m0123.hpc.itc.rwth-aachen.de",90,"90","uds",unix,64,4194304,10,50,74.456,10.3365,13.5081,13.3567,20.9485,1.66491,1.66315
46,"n23m0123.hpc.itc.rwth-aachen.de",46,"46","uds",91,"n23m0123.hpc.itc.rwth-aachen.de",91,"91","uds",unix,64,4194304,10,50,73.174,10.737,13.3386,13.398,17.499,1.67377,1.67348
46,"n23m0123.hpc.itc.rwth-aachen.de",46,"46","uds",92,"n23m0123.hpc.itc.rwth-aachen.de",92,"92","uds",unix,64,4194304,10,50,71.505,10.3705,12.657,12.1277,22.5865,1.69218,1.69287
46,"n23m0123.hpc.itc.rwth-aachen.de",46,"46","uds",93,"n23m0123.hpc.itc.rwth-aachen.de",93,"93","uds",unix,64,4194304,10,50,76.392,10.7565,13.8925,13.8295,19.0515,1.67302,1.67161
46,"n23m0123.hpc.itc.rwth-aachen.de",46,"46","uds",94,"n23m0123.hpc.itc.rwth-aachen.de",94,"94","uds",unix,64,4194304,10,50,91.427,10.614,13.014,13.0787,19.4805,1.66818,1.66758
46,"n23m0123.hpc.itc.rwth-aachen.de",46,"46","uds",95,"n23m0123.hpc.itc.rwth-aachen.de",95,"95","uds",unix,64,4194304,10,50,109.844,10.0175,13.2315,13.1663,25.11,1.65039,1.59375
47,"n23m0123.hpc.itc.rwth-aachen.de",47,"47","uds",48,"n23m0123.hpc.itc.rwth-aachen.de",48,"48","uds",unix,64,4194304,10,50,175.948,10.0375,13.8872,13.816,27.1165,1.65062,1.64881
47,"n23m0123.hpc.itc.rwth-aachen.de",47,"47","uds",49,"n23m0123.hpc.itc.rwth-aachen.de",49,"49","uds",unix,64,4194304,10,50,93.642,10.256,13.3638,13.0962,29.407,1.6547,1.65459
47,"n23m0123.hpc.itc.rwth-aachen.de",47,"47","uds",50,"n23m0123.hpc.itc.rwth-aachen.de",50,"50","uds",unix,64,4194304,10,50,93.424,10.9975,13.7836,13.6565,20.625,1.64514,1.64439
47,"n23m0123.hpc.itc.rwth-aachen.de",47,"47","uds",51,"n23m0123.hpc.itc.rwth-aachen.de",51,"51","uds",unix,64,4194304,10,50,83.29,9.923,12.8067,12.1182,27.809,1.64723,1.6454
47,"n23m0123.hpc.itc.rwth-aachen.de",47,"47","uds",52,"n23m0123.hpc.itc.rwth-aachen.de",52,"52","uds",unix,64,4194304,10,50,83.367,10.212,13.1174,13.1723,19.0485,1.67212,1.67173
47,"n23m0123.hpc.itc.rwth-aachen.de",47,"47","uds",53,"n23m0123.hpc.itc.rwth-aachen.de",53,"53","uds",unix,64,4194304,10,50,80.136,10.092,12.4669,12.0158,18.4465,1.65904,1.65922
47,"n23m0123.hpc.itc.rwth-aachen.de",47,"47","uds",54,"n23m0123.hpc.itc.rwth-aachen.de",54,"54","uds",unix,64,4194304,10,50,79.109,9.447,13.3106,13.6593,18.613,1.64389,1.64244
47,"n23m0123.hpc.itc.rwth-aachen.de",47,"47","uds",55,"n23m0123.hpc.itc.rwth-aachen.de",55,"55","uds",unix,64,4194304,10,50,80.713,10.7675,14.3913,13.7332,24.8485,1.65617,1.65597
47,"n23m0123.hpc.itc.rwth-aachen.de",47,"47","uds",56,"n23m0123.hpc.itc.rwth-aachen.de",56,"56","uds",unix,64,4194304,10,50,80.586,10.358,13.2399,13.036,20.8625,1.65314,1.6521
47,"n23m0123.hpc.itc.rwth-aachen.de",47,"47","uds",57,"n23m0123.hpc.itc.rwth-aachen.de",57,"57","uds",unix,64,4194304,10,50,94.212,9.988,13.0813,12.52,20.4455,1.63725,1.63669
47,"n23m0123.hpc.itc.rwth-aachen.de",47,"47","uds",58,"n23m0123.hpc.itc.rwth-aachen.de",58,"58","uds",unix,64,4194304,10,50,78.845,9.5675,13.1749,12.754,25.036,1.66494,1.66399
47,"n23m0123.hpc.itc.rwth-aachen.de",47,"47","uds",59,"n23m0123.hpc.itc.rwth-aachen.de",59,"59","uds",unix,64,4194304,10,50,75.832,9.818,13.1061,12.8035,31.2885,1.66187,1.66104
47,"n23m0123.hpc.itc.rwth-aachen.de",47,"47","uds",60,"n23m0123.hpc.itc.rwth-aachen.de",60,"60","uds",unix,64,4194304,10,50,77.639,10.4655,12.9038,12.7505,18.373,1.65106,1.65058
47,"n23m0123.hpc.itc.rwth-aachen.de",47,"47","uds",61,"n23m0123.hpc.itc.rwth-aachen.de",61,"61","uds",unix,64,4194304,10,50,82.448,10.588,13.47,13.2073,21.2435,1.66785,1.66817
47,"n23m0123.hpc.itc.rwth-aachen.de",47,"47","uds",62,"n23m0123.hpc.itc.rwth-aachen.de",62,"62","uds",unix,64,4194304,10,50,78.512,11.363,14.2122,13.8555,28.4795,1.65374,1.65443
47,"n23m0123.hpc.itc.rwth-aachen.de",47,"47","uds",63,"n23m0123.hpc.itc.rwth-aachen.de",63,"63","uds",unix,64,4194304,10,50,80.936,10.6515,13.147,13.2838,18.725,1.63513,1.63668
47,"n23m0123.hpc.itc.rwth-aachen.de",47,"47","uds",64,"n23m0123.hpc.itc.rwth-aachen.de",64,"64","uds",unix,64,4194304,10,50,90.609,9.587,12.6152,12.236,24.494,1.66082,1.66223
47,"n23m0123.hpc.itc.rwth-aachen.de",47,"47","uds",65,"n23m0123.hpc.itc.rwth-aachen.de",65,"65","uds",unix,64,4194304,10,50,81.363,9.7405,12.4338,12.6743,20.4935,1.6598,1.66429
47,"n23m0123.hpc.itc.rwth-aachen.de",47,"47","uds",66,"n23m0123.hpc.itc.rwth-aachen.de",66,"66","uds",unix,64,4194304,10,50,79.459,9.868,13.0272,12.8097,25.7995,1.65853,1.65527
47,"n23m0123.hpc.itc.rwth-aachen.de",47,"47","uds",67,"n23m0123.hpc.itc.rwth-aachen.de",67,"67","uds",unix,64,4194304,10,50,78.45,10.168,12.8037,12.098,21.2815,1.67611,1.67743
47,"n23m0123.hpc.itc.rwth-aachen.de",47,"47","uds",68,"n23m0123.hpc.itc.rwth-aachen.de",68,"68","uds",unix,64,4194304,10,50,76.612,10.0295,12.4386,12.1155,16.879,1.66995,1.6718
47,"n23m0123.hpc.itc.rwth-aachen.de",47,"47","uds",69,"n23m0123.hpc.itc.rwth-aachen.de",69,"69","uds",unix,64,4194304,10,50,74.801,9.646,12.767,12.9358,18.1025,1.63556,1.63409
47,"n23m0123.hpc.itc.rwth-aachen.de",47,"47","uds",70,"n23m0123.hpc.itc.rwth-aachen.de",70,"70","uds",unix,64,4194304,10,50,79.07,10.246,13.5334,13.226,21.9215,1.65332,1.65512
47,"n23m0123.hpc.itc.rwth-aachen.de",47,"47","uds",71,"n23m0123.hpc.itc.rwth-aachen.de",71,"71","uds",unix,64,4194304,10,50,75.181,9.972,12.4145,12.4102,17.124,1.65967,1.66007
47,"n23m0123.hpc.itc.rwth-aachen.de",47,"47","uds",72,"n23m0123.hpc.itc.rwth-aachen.de",72,"72","uds",unix,64,4194304,10,50,78.834,9.5635,11.6818,11.1623,16.9705,1.6654,1.665
47,"n23m0123.hpc.itc.rwth-aachen.de",47,"47","uds",73,"n23m0123.hpc.itc.rwth-aachen.de",73,"73","uds",unix,64,4194304,10,50,80.905,10.44,13.2288,13.1143,19.8545,1.67052,1.67056
47,"n23m0123.hpc.itc.rwth-aachen.de",47,"47","uds",74,"n23m0123.hpc.itc.rwth-aachen.de",74,"74","uds",unix,64,4194304,10,50,74.535,10.8725,12.9308,13.0147,17.266,1.65887,1.66012
47,"n23m0123.hpc.itc.rwth-aachen.de",47,"47","uds",75,"n23m0123.hpc.itc.rwth-aachen.de",75,"75","uds",unix,64,4194304,10,50,85.426,10.4905,13.1505,12.8078,20.3325,1.64639,1.64811
47,"n23m0123.hpc.itc.rwth-aachen.de",47,"47","uds",76,"n23m0123.hpc.itc.rwth-aachen.de",76,"76","uds",unix,64,4194304,10,50,75.803,9.679,12.8987,12.8893,18.507,1.67005,1.66932
47,"n23m0123.hpc.itc.rwth-aachen.de",47,"47","uds",77,"n23m0123.hpc.itc.rwth-aachen.de",77,"77","uds",unix,64,4194304,10,50,81.086,10.6475,13.5778,13.367,28.6765,1.67068,1.66954
47,"n23m0123.hpc.itc.rwth-aachen.de",47,"47","uds",78,"n23m0123.hpc.itc.rwth-aachen.de",78,"78","uds",unix,64,4194304,10,50,66.564,9.6365,12.7608,12.7095,21.4605,1.68712,1.68813
47,"n23m0123.hpc.itc.rwth-aachen.de",47,"47","uds",79,"n23m0123.hpc.itc.rwth-aachen.de",79,"79","uds",unix,64,4194304,10,50,68.446,10.488,13.0668,13.171,17.2625,1.6765,1.67669
47,"n23m0123.hpc.itc.rwth-aachen.de",47,"47","uds",80,"n23m0123.hpc.itc.rwth-aachen.de",80,"80","uds",unix,64,4194304,10,50,70.513,10.144,13.2928,12.8795,24.2255,1.65897,1.66137
47,"n23m0123.hpc.itc.rwth-aachen.de",47,"47","uds",81,"n23m0123.hpc.itc.rwth-aachen.de",81,"81","uds",unix,64,4194304,10,50,81.265,9.8915,13.0627,12.4017,27.231,1.6761,1.67454
47,"n23m0123.hpc.itc.rwth-aachen.de",47,"47","uds",82,"n23m0123.hpc.itc.rwth-aachen.de",82,"82","uds",unix,64,4194304,10,50,79.559,10.7605,13.8924,13.4853,27.7895,1.67365,1.6732
47,"n23m0123.hpc.itc.rwth-aachen.de",47,"47","uds",83,"n23m0123.hpc.itc.rwth-aachen.de",83,"83","uds",unix,64,4194304,10,50,72.657,9.182,12.5032,12.0675,18.3745,1.66128,1.66184
47,"n23m0123.hpc.itc.rwth-aachen.de",47,"47","uds",84,"n23m0123.hpc.itc.rwth-aachen.de",84,"84","uds",unix,64,4194304,10,50,76.782,9.8635,12.5584,12.4407,21.0015,1.67429,1.67357
47,"n23m0123.hpc.itc.rwth-aachen.de",47,"47","uds",85,"n23m0123.hpc.itc.rwth-aachen.de",85,"85","uds",unix,64,4194304,10,50,75.985,9.9195,13.1469,12.7825,17.967,1.68263,1.6822
47,"n23m0123.hpc.itc.rwth-aachen.de",47,"47","uds",86,"n23m0123.hpc.itc.rwth-aachen.de",86,"86","uds",unix,64,4194304,10,50,81.479,10.2415,12.7159,12.5918,17.524,1.67284,1.67259
47,"n23m0123.hpc.itc.rwth-aachen.de",47,"47","uds",87,"n23m0123.hpc.itc.rwth-aachen.de",87,"87","uds",unix,64,4194304,10,50,75.147,10.239,12.8935,12.821,15.943,1.6606,1.66377
47,"n23m0123.hpc.itc.rwth-aachen.de",47,"47","uds",88,"n23m0123.hpc.itc.rwth-aachen.de",88,"88","uds",unix,64,4194304,10,50,77.485,10.263,13.0021,12.8993,21.937,1.68426,1.68353
47,"n23m0123.hpc.itc.rwth-aachen.de",47,"47","uds",89,"n23m0123.hpc.itc.rwth-aachen.de",89,"89","uds",unix,64,4194304,10,50,95.704,10.7315,13.5477,13.55,17.935,1.67223,1.67059
47,"n23m0123.hpc.itc.rwth-aachen.de",47,"47","uds",90,"n23m0123.hpc.itc.rwth-aachen.de",90,"90","uds",unix,64,4194304,10,50,74.058,10.273,12.9598,12.9393,18.182,1.67693,1.67878
47,"n23m0123.hpc.itc.rwth-aachen.de",47,"47","uds",91,"n23m0123.hpc.itc.rwth-aachen.de",91,"91","uds",unix,64,4194304,10,50,69.895,9.9365,13.1285,12.2538,20.9805,1.66514,1.66563
47,"n23m0123.hpc.itc.rwth-aachen.de",47,"47","uds",92,"n23m0123.hpc.itc.rwth-aachen.de",92,"92","uds",unix,64,4194304,10,50,72.566,9.9805,12.9901,12.8985,20.568,1.68168,1.68176
47,"n23m0123.hpc.itc.rwth-aachen.de",47,"47","uds",93,"n23m0123.hpc.itc.rwth-aachen.de",93,"93","uds",unix,64,4194304,10,50,3270.7,10.5505,12.8632,12.4525,17.9315,1.68495,1.68359
47,"n23m0123.hpc.itc.rwth-aachen.de",47,"47","uds",94,"n23m0123.hpc.itc.rwth-aachen.de",94,"94","uds",unix,64,4194304,10,50,72.458,10.406,13.8459,13.7557,21.602,1.69085,1.69106
47,"n23m0123.hpc.itc.rwth-aachen.de",47,"47","uds",95,"n23m0123.hpc.itc.rwth-aachen.de",95,"95","uds",unix,64,4194304,10,50,80.38,9.886,12.88,12.88,18.376,1.68272,1.6823
48,"n23m0123.hpc.itc.rwth-aachen.de",48,"48","uds",49,"n23m0123.hpc.itc.rwth-aachen.de",49,"49","uds",unix,64,4194304,10,50,225.661,3.942,6.41192,6.68025,9.8795,5.1668,5.10036
48,"n23m0123.hpc.itc.rwth-aachen.de",48,"48","uds",50,"n23m0123.hpc.itc.rwth-aachen.de",50,"50","uds",unix,64,4194304,10,50,65.785,3.503,4.58788,4.736,5.5635,6.6054,6.54312
48,"n23m0123.hpc.itc.rwth-aachen.de",48,"48","uds",51,"n23m0123.hpc.itc.rwth-aachen.de",51,"51","uds",unix,64,4194304,10,50,58.121,3.2655,4.40407,4.48175,4.748,7.11697,7.14145
48,"n23m0123.hpc.itc.rwth-aachen.de",48,"48","uds",52,"n23m0123.hpc.itc.rwth-aachen.de",52,"52","uds",unix,64,4194304,10,50,48.635,2.5785,4.01191,4.11925,5.0685,7.19103,7.26133
48,"n23m0123.hpc.itc.rwth-aachen.de",48,"48","uds",53,"n23m0123.hpc.itc.rwth-aachen.de",53,"53","uds",unix,64,4194304,10,50,52.017,2.4265,2.89686,2.632,5.003,7.03339,7.09613
48,"n23m0123.hpc.itc.rwth-aachen.de",48,"48","uds",54,"n23m0123.hpc.itc.rwth-aachen.de",54,"54","uds",unix,64,4194304,10,50,48.749,2.6795,4.55206,4.7285,5.0875,6.93997,6.97845
48,"n23m0123.hpc.itc.rwth-aachen.de",48,"48","uds",55,"n23m0123.hpc.itc.rwth-aachen.de",55,"55","uds",unix,64,4194304,10,50,39.823,2.488,3.85787,3.851,4.8555,7.28768,7.32321
48,"n23m0123.hpc.itc.rwth-aachen.de",48,"48","uds",56,"n23m0123.hpc.itc.rwth-aachen.de",56,"56","uds",unix,64,4194304,10,50,37.051,3.437,4.45449,4.5055,4.95,7.05956,7.06867
48,"n23m0123.hpc.itc.rwth-aachen.de",48,"48","uds",57,"n23m0123.hpc.itc.rwth-aachen.de",57,"57","uds",unix,64,4194304,10,50,38.033,2.4255,3.07293,2.6275,6.732,7.02007,7.01136
48,"n23m0123.hpc.itc.rwth-aachen.de",48,"48","uds",58,"n23m0123.hpc.itc.rwth-aachen.de",58,"58","uds",unix,64,4194304,10,50,43.955,2.4915,3.94683,4.45975,5.2485,7.42101,7.36998
48,"n23m0123.hpc.itc.rwth-aachen.de",48,"48","uds",59,"n23m0123.hpc.itc.rwth-aachen.de",59,"59","uds",unix,64,4194304,10,50,39.541,2.466,3.01649,2.6605,6.667,7.14998,7.14747
48,"n23m0123.hpc.itc.rwth-aachen.de",48,"48","uds",60,"n23m0123.hpc.itc.rwth-aachen.de",60,"60","uds",unix,64,4194304,10,50,45.223,2.659,3.69793,3.74375,5.3985,6.58448,6.59258
48,"n23m0123.hpc.itc.rwth-aachen.de",48,"48","uds",61,"n23m0123.hpc.itc.rwth-aachen.de",61,"61","uds",unix,64,4194304,10,50,39.535,2.8045,4.56816,4.71975,7.808,6.83982,6.86269
48,"n23m0123.hpc.itc.rwth-aachen.de",48,"48","uds",62,"n23m0123.hpc.itc.rwth-aachen.de",62,"62","uds",unix,64,4194304,10,50,53.103,2.7485,4.054,3.91925,5.3155,6.67779,6.66974
48,"n23m0123.hpc.itc.rwth-aachen.de",48,"48","uds",63,"n23m0123.hpc.itc.rwth-aachen.de",63,"63","uds",unix,64,4194304,10,50,44.008,2.979,4.31463,4.50325,5.1725,6.66003,6.64003
48,"n23m0123.hpc.itc.rwth-aachen.de",48,"48","uds",64,"n23m0123.hpc.itc.rwth-aachen.de",64,"64","uds",unix,64,4194304,10,50,41.879,2.5635,3.39679,3.17925,6.5025,6.8959,6.88555
48,"n23m0123.hpc.itc.rwth-aachen.de",48,"48","uds",65,"n23m0123.hpc.itc.rwth-aachen.de",65,"65","uds",unix,64,4194304,10,50,42.481,2.5955,3.25152,2.8205,5.0675,6.70794,6.70516
48,"n23m0123.hpc.itc.rwth-aachen.de",48,"48","uds",66,"n23m0123.hpc.itc.rwth-aachen.de",66,"66","uds",unix,64,4194304,10,50,41.579,2.592,3.90166,3.86275,9.1325,6.85339,6.88312
48,"n23m0123.hpc.itc.rwth-aachen.de",48,"48","uds",67,"n23m0123.hpc.itc.rwth-aachen.de",67,"67","uds",unix,64,4194304,10,50,41.657,2.792,4.13273,4.4455,5.1205,6.90698,6.86506
48,"n23m0123.hpc.itc.rwth-aachen.de",48,"48","uds",68,"n23m0123.hpc.itc.rwth-aachen.de",68,"68","uds",unix,64,4194304,10,50,34.745,2.836,4.44353,4.71475,5.1665,6.67972,6.68296
48,"n23m0123.hpc.itc.rwth-aachen.de",48,"48","uds",69,"n23m0123.hpc.itc.rwth-aachen.de",69,"69","uds",unix,64,4194304,10,50,34.007,2.569,3.61308,3.62825,5.778,6.64307,6.62971
48,"n23m0123.hpc.itc.rwth-aachen.de",48,"48","uds",70,"n23m0123.hpc.itc.rwth-aachen.de",70,"70","uds",unix,64,4194304,10,50,36.394,2.8715,4.22958,4.0805,6.5065,6.93147,6.90295
48,"n23m0123.hpc.itc.rwth-aachen.de",48,"48","uds",71,"n23m0123.hpc.itc.rwth-aachen.de",71,"71","uds",unix,64,4194304,10,50,34.41,2.6245,3.55272,3.6045,4.9525,6.63446,6.66262
48,"n23m0123.hpc.itc.rwth-aachen.de",48,"48","uds",72,"n23m0123.hpc.itc.rwth-aachen.de",72,"72","uds",unix,64,4194304,10,50,35.688,2.641,3.70208,3.6315,6.548,6.61687,6.6028
48,"n23m0123.hpc.itc.rwth-aachen.de",48,"48","uds",73,"n23m0123.hpc.itc.rwth-aachen.de",73,"73","uds",unix,64,4194304,10,50,39.356,2.7925,4.51888,4.72375,6.647,6.61419,6.59953
48,"n23m0123.hpc.itc.rwth-aachen.de",48,"48","uds",74,"n23m0123.hpc.itc.rwth-aachen.de",74,"74","uds",unix,64,4194304,10,50,37.83,2.586,3.77845,3.79275,5.4655,6.55873,6.56453
48,"n23m0123.hpc.itc.rwth-aachen.de",48,"48","uds",75,"n23m0123.hpc.itc.rwth-aachen.de",75,"75","uds",unix,64,4194304,10,50,41.628,4.0585,5.06419,5.18225,5.7205,6.42847,6.45175
48,"n23m0123.hpc.itc.rwth-aachen.de",48,"48","uds",76,"n23m0123.hpc.itc.rwth-aachen.de",76,"76","uds",unix,64,4194304,10,50,37.597,2.845,4.24937,4.1705,5.8,6.72511,6.72949
48,"n23m0123.hpc.itc.rwth-aachen.de",48,"48","uds",77,"n23m0123.hpc.itc.rwth-aachen.de",77,"77","uds",unix,64,4194304,10,50,42.955,2.5885,3.68236,3.73775,4.9755,6.75096,6.75206
48,"n23m0123.hpc.itc.rwth-aachen.de",48,"48","uds",78,"n23m0123.hpc.itc.rwth-aachen.de",78,"78","uds",unix,64,4194304,10,50,35.382,2.713,3.8991,3.8005,5.763,6.76392,6.77581
48,"n23m0123.hpc.itc.rwth-aachen.de",48,"48","uds",79,"n23m0123.hpc.itc.rwth-aachen.de",79,"79","uds",unix,64,4194304,10,50,36.907,2.7755,4.05414,4.02725,5.281,6.7839,6.75064
48,"n23m0123.hpc.itc.rwth-aachen.de",48,"48","uds",80,"n23m0123.hpc.itc.rwth-aachen.de",80,"80","uds",unix,64,4194304,10,50,33.777,2.732,4.19295,4.01325,7.4045,6.70133,6.66231
48,"n23m0123.hpc.itc.rwth-aachen.de",48,"48","uds",81,"n23m0123.hpc.itc.rwth-aachen.de",81,"81","uds",unix,64,4194304,10,50,36.823,2.816,4.11359,4.10075,5.47,6.70879,6.71235
48,"n23m0123.hpc.itc.rwth-aachen.de",48,"48","uds",82,"n23m0123.hpc.itc.rwth-aachen.de",82,"82","uds",unix,64,4194304,10,50,36.236,2.8715,4.61044,4.85725,5.262,6.63678,6.6476
48,"n23m0123.hpc.itc.rwth-aachen.de",48,"48","uds",83,"n23m0123.hpc.itc.rwth-aachen.de",83,"83","uds",unix,64,4194304,10,50,39.284,2.845,3.87105,3.829,5.8195,6.64971,6.62674
48,"n23m0123.hpc.itc.rwth-aachen.de",48,"48","uds",84,"n23m0123.hpc.itc.rwth-aachen.de",84,"84","uds",unix,64,4194304,10,50,38.562,2.984,4.54071,4.37775,7.6505,6.38261,6.35414
48,"n23m0123.hpc.itc.rwth-aachen.de",48,"48","uds",85,"n23m0123.hpc.itc.rwth-aachen.de",85,"85","uds",unix,64,4194304,10,50,34.46,2.7965,4.34169,4.1215,8.4205,6.38558,6.38057
48,"n23m0123.hpc.itc.rwth-aachen.de",48,"48","uds",86,"n23m0123.hpc.itc.rwth-aachen.de",86,"86","uds",unix,64,4194304,10,50,39.934,2.98,4.53119,4.32775,6.918,6.30737,6.32262
48,"n23m0123.hpc.itc.rwth-aachen.de",48,"48","uds",87,"n23m0123.hpc.itc.rwth-aachen.de",87,"87","uds",unix,64,4194304,10,50,36.837,3.9165,4.77404,4.9685,6.96,6.23065,6.27093
48,"n23m0123.hpc.itc.rwth-aachen.de",48,"48","uds",88,"n23m0123.hpc.itc.rwth-aachen.de",88,"88","uds",unix,64,4194304,10,50,37.73,3.015,4.42954,4.254,7.7785,6.37936,6.36009
48,"n23m0123.hpc.itc.rwth-aachen.de",48,"48","uds",89,"n23m0123.hpc.itc.rwth-aachen.de",89,"89","uds",unix,64,4194304,10,50,36.162,2.9135,4.22829,4.1435,8.397,6.30537,6.28657
48,"n23m0123.hpc.itc.rwth-aachen.de",48,"48","uds",90,"n23m0123.hpc.itc.rwth-aachen.de",90,"90","uds",unix,64,4194304,10,50,35.006,2.981,4.53686,4.5925,5.557,6.37327,6.34994
48,"n23m0123.hpc.itc.rwth-aachen.de",48,"48","uds",91,"n23m0123.hpc.itc.rwth-aachen.de",91,"91","uds",unix,64,4194304,10,50,34.46,2.8685,4.47135,4.3285,5.584,6.26719,6.28363
48,"n23m0123.hpc.itc.rwth-aachen.de",48,"48","uds",92,"n23m0123.hpc.itc.rwth-aachen.de",92,"92","uds",unix,64,4194304,10,50,40.946,3.933,5.07518,5.15675,8.628,6.37866,6.35069
48,"n23m0123.hpc.itc.rwth-aachen.de",48,"48","uds",93,"n23m0123.hpc.itc.rwth-aachen.de",93,"93","uds",unix,64,4194304,10,50,36.482,3.05,4.65108,4.3795,8.618,6.30801,6.29496
48,"n23m0123.hpc.itc.rwth-aachen.de",48,"48","uds",94,"n23m0123.hpc.itc.rwth-aachen.de",94,"94","uds",unix,64,4194304,10,50,34.662,3.9675,4.79002,4.99525,5.6965,6.21237,6.27265
48,"n23m0123.hpc.itc.rwth-aachen.de",48,"48","uds",95,"n23m0123.hpc.itc.rwth-aachen.de",95,"95","uds",unix,64,4194304,10,50,37.452,2.9895,4.65604,4.55425,5.7115,6.27377,6.25422
49,"n23m0123.hpc.itc.rwth-aachen.de",49,"49","uds",50,"n23m0123.hpc.itc.rwth-aachen.de",50,"50","uds",unix,64,4194304,10,50,100.98,2.498,3.42658,2.875,5.0265,7.29863,7.26597
49,"n23m0123.hpc.itc.rwth-aachen.de",49,"49","uds",51,"n23m0123.hpc.itc.rwth-aachen.de",51,"51","uds",unix,64,4194304,10,50,45.445,2.293,2.88909,2.53975,4.825,7.59345,7.62174
49,"n23m0123.hpc.itc.rwth-aachen.de",49,"49","uds",52,"n23m0123.hpc.itc.rwth-aachen.de",52,"52","uds",unix,64,4194304,10,50,41.505,2.2865,2.81756,2.529,4.6135,7.61897,7.64576
49,"n23m0123.hpc.itc.rwth-aachen.de",49,"49","uds",53,"n23m0123.hpc.itc.rwth-aachen.de",53,"53","uds",unix,64,4194304,10,50,39.262,2.5385,3.39524,3.51175,6.686,7.43565,7.4026
49,"n23m0123.hpc.itc.rwth-aachen.de",49,"49","uds",54,"n23m0123.hpc.itc.rwth-aachen.de",54,"54","uds",unix,64,4194304,10,50,39.128,2.56,4.4241,4.4655,14.6325,7.30269,7.32736
49,"n23m0123.hpc.itc.rwth-aachen.de",49,"49","uds",55,"n23m0123.hpc.itc.rwth-aachen.de",55,"55","uds",unix,64,4194304,10,50,41.176,2.5255,3.54222,3.634,5.651,7.63829,7.66853
49,"n23m0123.hpc.itc.rwth-aachen.de",49,"49","uds",56,"n23m0123.hpc.itc.rwth-aachen.de",56,"56","uds",unix,64,4194304,10,50,47.757,2.54,3.48625,3.55075,7.1655,7.4036,7.36433
49,"n23m0123.hpc.itc.rwth-aachen.de",49,"49","uds",57,"n23m0123.hpc.itc.rwth-aachen.de",57,"57","uds",unix,64,4194304,10,50,37.642,2.4895,3.21519,2.764,5.739,7.28787,7.3166
49,"n23m0123.hpc.itc.rwth-aachen.de",49,"49","uds",58,"n23m0123.hpc.itc.rwth-aachen.de",58,"58","uds",unix,64,4194304,10,50,40.098,2.6415,4.01257,4.18975,5.058,7.64938,7.64095
49,"n23m0123.hpc.itc.rwth-aachen.de",49,"49","uds",59,"n23m0123.hpc.itc.rwth-aachen.de",59,"59","uds",unix,64,4194304,10,50,39.843,2.4575,3.34431,2.7685,9.49,7.47187,7.42522
49,"n23m0123.hpc.itc.rwth-aachen.de",49,"49","uds",60,"n23m0123.hpc.itc.rwth-aachen.de",60,"60","uds",unix,64,4194304,10,50,38.471,3.6415,4.55318,4.648,7.3995,6.8037,6.82912
49,"n23m0123.hpc.itc.rwth-aachen.de",49,"49","uds",61,"n23m0123.hpc.itc.rwth-aachen.de",61,"61","uds",unix,64,4194304,10,50,39.106,2.89,4.68026,4.8575,5.1635,7.02115,7.04925
49,"n23m0123.hpc.itc.rwth-aachen.de",49,"49","uds",62,"n23m0123.hpc.itc.rwth-aachen.de",62,"62","uds",unix,64,4194304,10,50,39.423,2.6895,4.30129,4.59125,5.4175,6.86809,6.84657
49,"n23m0123.hpc.itc.rwth-aachen.de",49,"49","uds",63,"n23m0123.hpc.itc.rwth-aachen.de",63,"63","uds",unix,64,4194304,10,50,40.871,2.7455,4.50919,4.79075,6.594,6.78401,6.78241
49,"n23m0123.hpc.itc.rwth-aachen.de",49,"49","uds",64,"n23m0123.hpc.itc.rwth-aachen.de",64,"64","uds",unix,64,4194304,10,50,37.053,2.7895,4.03322,3.8695,7.962,7.02863,7.07791
49,"n23m0123.hpc.itc.rwth-aachen.de",49,"49","uds",65,"n23m0123.hpc.itc.rwth-aachen.de",65,"65","uds",unix,64,4194304,10,50,35.087,3.676,4.61776,4.66925,5.4415,6.82922,6.90378
49,"n23m0123.hpc.itc.rwth-aachen.de",49,"49","uds",66,"n23m0123.hpc.itc.rwth-aachen.de",66,"66","uds",unix,64,4194304,10,50,41.257,2.6785,4.17654,4.52325,4.9885,7.0085,7.04354
49,"n23m0123.hpc.itc.rwth-aachen.de",49,"49","uds",67,"n23m0123.hpc.itc.rwth-aachen.de",67,"67","uds",unix,64,4194304,10,50,35.39,2.844,4.55726,4.661,9.164,7.01411,7.02245
49,"n23m0123.hpc.itc.rwth-aachen.de",49,"49","uds",68,"n23m0123.hpc.itc.rwth-aachen.de",68,"68","uds",unix,64,4194304,10,50,37.181,2.7705,4.1545,3.97625,5.6615,6.78559,6.83688
49,"n23m0123.hpc.itc.rwth-aachen.de",49,"49","uds",69,"n23m0123.hpc.itc.rwth-aachen.de",69,"69","uds",unix,64,4194304,10,50,34.67,2.669,4.08479,4.4145,5.3095,6.80004,6.71302
49,"n23m0123.hpc.itc.rwth-aachen.de",49,"49","uds",70,"n23m0123.hpc.itc.rwth-aachen.de",70,"70","uds",unix,64,4194304,10,50,35.929,2.6205,4.20387,4.4445,5.3195,7.08087,7.06844
49,"n23m0123.hpc.itc.rwth-aachen.de",49,"49","uds",71,"n23m0123.hpc.itc.rwth-aachen.de",71,"71","uds",unix,64,4194304,10,50,38.321,2.776,4.16626,4.5225,5.387,6.84021,6.86998
49,"n23m0123.hpc.itc.rwth-aachen.de",49,"49","uds",72,"n23m0123.hpc.itc.rwth-aachen.de",72,"72","uds",unix,64,4194304,10,50,35.18,3.08,4.68761,4.4965,8.14,6.73534,6.72953
49,"n23m0123.hpc.itc.rwth-aachen.de",49,"49","uds",73,"n23m0123.hpc.itc.rwth-aachen.de",73,"73","uds",unix,64,4194304,10,50,35.741,2.8,4.39252,4.55725,5.3575,6.807,6.81071
49,"n23m0123.hpc.itc.rwth-aachen.de",49,"49","uds",74,"n23m0123.hpc.itc.rwth-aachen.de",74,"74","uds",unix,64,4194304,10,50,36.578,2.7485,3.96478,3.848,5.3295,6.73641,6.72594
49,"n23m0123.hpc.itc.rwth-aachen.de",49,"49","uds",75,"n23m0123.hpc.itc.rwth-aachen.de",75,"75","uds",unix,64,4194304,10,50,37.245,3.7995,5.02331,5.11975,5.671,6.66142,6.68145
49,"n23m0123.hpc.itc.rwth-aachen.de",49,"49","uds",76,"n23m0123.hpc.itc.rwth-aachen.de",76,"76","uds",unix,64,4194304,10,50,34.728,3.008,4.58992,4.94625,6.7675,6.88627,6.86948
49,"n23m0123.hpc.itc.rwth-aachen.de",49,"49","uds",77,"n23m0123.hpc.itc.rwth-aachen.de",77,"77","uds",unix,64,4194304,10,50,37.414,2.962,4.51177,4.81725,5.2665,6.87562,6.89021
49,"n23m0123.hpc.itc.rwth-aachen.de",49,"49","uds",78,"n23m0123.hpc.itc.rwth-aachen.de",78,"78","uds",unix,64,4194304,10,50,39.808,2.814,4.08392,3.93975,5.487,6.96497,6.94683
49,"n23m0123.hpc.itc.rwth-aachen.de",49,"49","uds",79,"n23m0123.hpc.itc.rwth-aachen.de",79,"79","uds",unix,64,4194304,10,50,33.259,2.92,4.35795,4.0865,7.6165,6.87179,6.88569
49,"n23m0123.hpc.itc.rwth-aachen.de",49,"49","uds",80,"n23m0123.hpc.itc.rwth-aachen.de",80,"80","uds",unix,64,4194304,10,50,35.912,3.004,4.6037,4.402,6.7155,6.77945,6.79035
49,"n23m0123.hpc.itc.rwth-aachen.de",49,"49","uds",81,"n23m0123.hpc.itc.rwth-aachen.de",81,"81","uds",unix,64,4194304,10,50,36.686,2.81,4.15526,4.14075,5.2085,6.84316,6.87716
49,"n23m0123.hpc.itc.rwth-aachen.de",49,"49","uds",82,"n23m0123.hpc.itc.rwth-aachen.de",82,"82","uds",unix,64,4194304,10,50,34.376,2.7695,4.39163,4.434,5.3795,6.76256,6.82055
49,"n23m0123.hpc.itc.rwth-aachen.de",49,"49","uds",83,"n23m0123.hpc.itc.rwth-aachen.de",83,"83","uds",unix,64,4194304,10,50,36.457,2.9115,4.03981,3.96675,6.4735,6.81881,6.81836
49,"n23m0123.hpc.itc.rwth-aachen.de",49,"49","uds",84,"n23m0123.hpc.itc.rwth-aachen.de",84,"84","uds",unix,64,4194304,10,50,38.231,3.012,4.77699,5.14125,5.66,6.44345,6.33722
49,"n23m0123.hpc.itc.rwth-aachen.de",49,"49","uds",85,"n23m0123.hpc.itc.rwth-aachen.de",85,"85","uds",unix,64,4194304,10,50,47.521,2.778,4.01988,3.9435,6.1315,6.42235,6.46981
49,"n23m0123.hpc.itc.rwth-aachen.de",49,"49","uds",86,"n23m0123.hpc.itc.rwth-aachen.de",86,"86","uds",unix,64,4194304,10,50,44.259,2.878,4.38074,4.267,5.4775,6.42829,6.41398
49,"n23m0123.hpc.itc.rwth-aachen.de",49,"49","uds",87,"n23m0123.hpc.itc.rwth-aachen.de",87,"87","uds",unix,64,4194304,10,50,36.638,2.8995,4.53279,4.8045,5.7015,6.36831,6.39756
49,"n23m0123.hpc.itc.rwth-aachen.de",49,"49","uds",88,"n23m0123.hpc.itc.rwth-aachen.de",88,"88","uds",unix,64,4194304,10,50,35.75,2.8885,4.51199,4.76725,8.448,6.52411,6.52056
49,"n23m0123.hpc.itc.rwth-aachen.de",49,"49","uds",89,"n23m0123.hpc.itc.rwth-aachen.de",89,"89","uds",unix,64,4194304,10,50,33.019,2.8925,4.22859,4.1075,7.044,6.42324,6.42787
49,"n23m0123.hpc.itc.rwth-aachen.de",49,"49","uds",90,"n23m0123.hpc.itc.rwth-aachen.de",90,"90","uds",unix,64,4194304,10,50,34.546,3,4.46362,4.194,7.399,6.47396,6.48881
49,"n23m0123.hpc.itc.rwth-aachen.de",49,"49","uds",91,"n23m0123.hpc.itc.rwth-aachen.de",91,"91","uds",unix,64,4194304,10,50,32.279,3.0635,4.79016,5.00925,9.9045,6.42274,6.42876
49,"n23m0123.hpc.itc.rwth-aachen.de",49,"49","uds",92,"n23m0123.hpc.itc.rwth-aachen.de",92,"92","uds",unix,64,4194304,10,50,35.239,2.944,5.44382,4.93925,19.7855,6.40174,6.44819
49,"n23m0123.hpc.itc.rwth-aachen.de",49,"49","uds",93,"n23m0123.hpc.itc.rwth-aachen.de",93,"93","uds",unix,64,4194304,10,50,35.64,2.9675,4.7582,4.27475,13.651,6.43689,6.4322
49,"n23m0123.hpc.itc.rwth-aachen.de",49,"49","uds",94,"n23m0123.hpc.itc.rwth-aachen.de",94,"94","uds",unix,64,4194304,10,50,33.219,2.876,4.22981,4.142,5.4485,6.44257,6.43205
49,"n23m0123.hpc.itc.rwth-aachen.de",49,"49","uds",95,"n23m0123.hpc.itc.rwth-aachen.de",95,"95","uds",unix,64,4194304,10,50,33.433,2.8515,4.13936,4.00575,5.535,6.37854,6.38531
50,"n23m0123.hpc.itc.rwth-aachen.de",50,"50","uds",51,"n23m0123.hpc.itc.rwth-aachen.de",51,"51","uds",unix,64,4194304,10,50,95.079,2.7515,4.1437,3.818,11.3745,7.40252,7.36597
50,"n23m0123.hpc.itc.rwth-aachen.de",50,"50","uds",52,"n23m0123.hpc.itc.rwth-aachen.de",52,"52","uds",unix,64,4194304,10,50,43.904,2.4965,3.57886,3.77325,5.2865,7.39425,7.40115
50,"n23m0123.hpc.itc.rwth-aachen.de",50,"50","uds",53,"n23m0123.hpc.itc.rwth-aachen.de",53,"53","uds",unix,64,4194304,10,50,53.249,2.5605,3.52685,3.7145,5.154,7.10415,7.09574
50,"n23m0123.hpc.itc.rwth-aachen.de",50,"50","uds",54,"n23m0123.hpc.itc.rwth-aachen.de",54,"54","uds",unix,64,4194304,10,50,70.755,2.8025,5.4072,4.94225,21.025,7.12861,7.08049
50,"n23m0123.hpc.itc.rwth-aachen.de",50,"50","uds",55,"n23m0123.hpc.itc.rwth-aachen.de",55,"55","uds",unix,64,4194304,10,50,48.9,2.758,4.89566,4.81525,12.1675,7.38753,7.38138
50,"n23m0123.hpc.itc.rwth-aachen.de",50,"50","uds",56,"n23m0123.hpc.itc.rwth-aachen.de",56,"56","uds",unix,64,4194304,10,50,47.385,2.624,4.43502,3.79325,13.971,7.10611,7.04917
50,"n23m0123.hpc.itc.rwth-aachen.de",50,"50","uds",57,"n23m0123.hpc.itc.rwth-aachen.de",57,"57","uds",unix,64,4194304,10,50,35.983,2.499,3.50582,3.59025,5.4055,7.0966,7.03535
50,"n23m0123.hpc.itc.rwth-aachen.de",50,"50","uds",58,"n23m0123.hpc.itc.rwth-aachen.de",58,"58","uds",unix,64,4194304,10,50,44.331,2.931,4.92609,4.79425,13.0075,7.28748,7.30869
50,"n23m0123.hpc.itc.rwth-aachen.de",50,"50","uds",59,"n23m0123.hpc.itc.rwth-aachen.de",59,"59","uds",unix,64,4194304,10,50,39.867,2.6685,3.84534,3.92275,5.5765,7.14167,7.0887
50,"n23m0123.hpc.itc.rwth-aachen.de",50,"50","uds",60,"n23m0123.hpc.itc.rwth-aachen.de",60,"60","uds",unix,64,4194304,10,50,38.932,2.7685,4.44855,4.695,7.4045,6.62979,6.65687
50,"n23m0123.hpc.itc.rwth-aachen.de",50,"50","uds",61,"n23m0123.hpc.itc.rwth-aachen.de",61,"61","uds",unix,64,4194304,10,50,40.694,2.8445,4.60791,4.862,5.2025,6.90339,6.92562
50,"n23m0123.hpc.itc.rwth-aachen.de",50,"50","uds",62,"n23m0123.hpc.itc.rwth-aachen.de",62,"62","uds",unix,64,4194304,10,50,35.373,3.0965,4.62306,4.811,5.7115,6.75835,6.73577
50,"n23m0123.hpc.itc.rwth-aachen.de",50,"50","uds",63,"n23m0123.hpc.itc.rwth-aachen.de",63,"63","uds",unix,64,4194304,10,50,37.299,2.8195,4.36179,4.64675,7.684,6.67781,6.67285
50,"n23m0123.hpc.itc.rwth-aachen.de",50,"50","uds",64,"n23m0123.hpc.itc.rwth-aachen.de",64,"64","uds",unix,64,4194304,10,50,48.696,2.6405,4.56892,3.9285,16.422,6.89259,6.89996
50,"n23m0123.hpc.itc.rwth-aachen.de",50,"50","uds",65,"n23m0123.hpc.itc.rwth-aachen.de",65,"65","uds",unix,64,4194304,10,50,49.053,2.6405,4.10593,3.586,20.1095,6.73776,6.74179
50,"n23m0123.hpc.itc.rwth-aachen.de",50,"50","uds",66,"n23m0123.hpc.itc.rwth-aachen.de",66,"66","uds",unix,64,4194304,10,50,34.875,2.7205,4.03719,3.97725,5.115,6.84535,6.36381
50,"n23m0123.hpc.itc.rwth-aachen.de",50,"50","uds",67,"n23m0123.hpc.itc.rwth-aachen.de",67,"67","uds",unix,64,4194304,10,50,50.393,2.802,4.52147,4.779,5.3055,6.83579,6.8099
50,"n23m0123.hpc.itc.rwth-aachen.de",50,"50","uds",68,"n23m0123.hpc.itc.rwth-aachen.de",68,"68","uds",unix,64,4194304,10,50,38.788,3.1115,4.94912,5.0475,7.6325,6.58312,6.59513
50,"n23m0123.hpc.itc.rwth-aachen.de",50,"50","uds",69,"n23m0123.hpc.itc.rwth-aachen.de",69,"69","uds",unix,64,4194304,10,50,40.392,2.8455,4.63109,4.188,12.794,6.61613,6.64045
50,"n23m0123.hpc.itc.rwth-aachen.de",50,"50","uds",70,"n23m0123.hpc.itc.rwth-aachen.de",70,"70","uds",unix,64,4194304,10,50,34.008,2.635,4.13241,3.886,6.9185,6.91948,6.92381
50,"n23m0123.hpc.itc.rwth-aachen.de",50,"50","uds",71,"n23m0123.hpc.itc.rwth-aachen.de",71,"71","uds",unix,64,4194304,10,50,32.902,2.606,3.97187,3.964,5.1295,6.6864,6.70267
50,"n23m0123.hpc.itc.rwth-aachen.de",50,"50","uds",72,"n23m0123.hpc.itc.rwth-aachen.de",72,"72","uds",unix,64,4194304,10,50,42.651,2.7215,3.50472,3.59125,5.26,6.67877,6.68076
50,"n23m0123.hpc.itc.rwth-aachen.de",50,"50","uds",73,"n23m0123.hpc.itc.rwth-aachen.de",73,"73","uds",unix,64,4194304,10,50,38.174,2.7665,4.21846,4.54075,5.312,6.66038,6.6496
50,"n23m0123.hpc.itc.rwth-aachen.de",50,"50","uds",74,"n23m0123.hpc.itc.rwth-aachen.de",74,"74","uds",unix,64,4194304,10,50,43.637,2.665,3.60639,3.6385,5.236,6.64963,6.64046
50,"n23m0123.hpc.itc.rwth-aachen.de",50,"50","uds",75,"n23m0123.hpc.itc.rwth-aachen.de",75,"75","uds",unix,64,4194304,10,50,44.661,3.78,5.1155,5.05525,9.649,6.57603,6.50035
50,"n23m0123.hpc.itc.rwth-aachen.de",50,"50","uds",76,"n23m0123.hpc.itc.rwth-aachen.de",76,"76","uds",unix,64,4194304,10,50,42.223,2.7795,3.80816,3.95525,5.143,6.81013,6.82934
50,"n23m0123.hpc.itc.rwth-aachen.de",50,"50","uds",77,"n23m0123.hpc.itc.rwth-aachen.de",77,"77","uds",unix,64,4194304,10,50,39.778,2.696,3.81707,3.8125,9.0445,6.91394,6.88856
50,"n23m0123.hpc.itc.rwth-aachen.de",50,"50","uds",78,"n23m0123.hpc.itc.rwth-aachen.de",78,"78","uds",unix,64,4194304,10,50,35.317,2.7365,3.65394,3.7105,5.4965,6.88626,6.89176
50,"n23m0123.hpc.itc.rwth-aachen.de",50,"50","uds",79,"n23m0123.hpc.itc.rwth-aachen.de",79,"79","uds",unix,64,4194304,10,50,33.349,2.6865,3.92978,3.91875,5.194,6.84287,6.84215
50,"n23m0123.hpc.itc.rwth-aachen.de",50,"50","uds",80,"n23m0123.hpc.itc.rwth-aachen.de",80,"80","uds",unix,64,4194304,10,50,32.955,2.703,3.78744,3.849,6.407,6.71559,6.74368
50,"n23m0123.hpc.itc.rwth-aachen.de",50,"50","uds",81,"n23m0123.hpc.itc.rwth-aachen.de",81,"81","uds",unix,64,4194304,10,50,34.431,3.0555,4.45096,4.2485,5.435,6.89498,6.8399
50,"n23m0123.hpc.itc.rwth-aachen.de",50,"50","uds",82,"n23m0123.hpc.itc.rwth-aachen.de",82,"82","uds",unix,64,4194304,10,50,32.479,2.78,4.13875,4.0095,6.941,6.80438,6.80948
50,"n23m0123.hpc.itc.rwth-aachen.de",50,"50","uds",83,"n23m0123.hpc.itc.rwth-aachen.de",83,"83","uds",unix,64,4194304,10,50,35.266,2.6615,3.63889,3.6305,7.518,6.75155,6.72411
50,"n23m0123.hpc.itc.rwth-aachen.de",50,"50","uds",84,"n23m0123.hpc.itc.rwth-aachen.de",84,"84","uds",unix,64,4194304,10,50,42.444,2.806,3.87166,3.872,5.314,6.47254,6.46843
50,"n23m0123.hpc.itc.rwth-aachen.de",50,"50","uds",85,"n23m0123.hpc.itc.rwth-aachen.de",85,"85","uds",unix,64,4194304,10,50,44.171,2.886,4.27049,4.16825,6.5885,6.43875,6.46651
50,"n23m0123.hpc.itc.rwth-aachen.de",50,"50","uds",86,"n23m0123.hpc.itc.rwth-aachen.de",86,"86","uds",unix,64,4194304,10,50,39.675,2.8195,4.33954,4.08975,8.174,6.37087,6.36921
50,"n23m0123.hpc.itc.rwth-aachen.de",50,"50","uds",87,"n23m0123.hpc.itc.rwth-aachen.de",87,"87","uds",unix,64,4194304,10,50,40.613,3.0035,4.38221,4.251,5.5275,6.35183,6.36838
50,"n23m0123.hpc.itc.rwth-aachen.de",50,"50","uds",88,"n23m0123.hpc.itc.rwth-aachen.de",88,"88","uds",unix,64,4194304,10,50,35.499,3.073,4.61646,4.88725,7.043,6.43244,6.44322
50,"n23m0123.hpc.itc.rwth-aachen.de",50,"50","uds",89,"n23m0123.hpc.itc.rwth-aachen.de",89,"89","uds",unix,64,4194304,10,50,32.817,2.8435,4.18213,4.012,5.8905,6.38106,6.36693
50,"n23m0123.hpc.itc.rwth-aachen.de",50,"50","uds",90,"n23m0123.hpc.itc.rwth-aachen.de",90,"90","uds",unix,64,4194304,10,50,39.062,2.929,4.68957,5.11325,5.5675,6.45043,6.42866
50,"n23m0123.hpc.itc.rwth-aachen.de",50,"50","uds",91,"n23m0123.hpc.itc.rwth-aachen.de",91,"91","uds",unix,64,4194304,10,50,34.014,3.014,4.45842,4.3395,5.6815,6.34833,6.37737
50,"n23m0123.hpc.itc.rwth-aachen.de",50,"50","uds",92,"n23m0123.hpc.itc.rwth-aachen.de",92,"92","uds",unix,64,4194304,10,50,32.468,2.7505,4.11258,4.058,5.884,6.34645,6.3973
50,"n23m0123.hpc.itc.rwth-aachen.de",50,"50","uds",93,"n23m0123.hpc.itc.rwth-aachen.de",93,"93","uds",unix,64,4194304,10,50,49.586,2.9985,4.58899,4.90275,5.3865,6.42467,6.40439
50,"n23m0123.hpc.itc.rwth-aachen.de",50,"50","uds",94,"n23m0123.hpc.itc.rwth-aachen.de",94,"94","uds",unix,64,4194304,10,50,32.715,2.827,4.05976,4.0465,5.38,6.39161,6.38206
50,"n23m0123.hpc.itc.rwth-aachen.de",50,"50","uds",95,"n23m0123.hpc.itc.rwth-aachen.de",95,"95","uds",unix,64,4194304,10,50,34.155,4.9185,5.48791,5.36575,10.5125,6.28219,6.32589
51,"n23m0123.hpc.itc.rwth-aachen.de",51,"51","uds",52,"n23m0123.hpc.itc.rwth-aachen.de",52,"52","uds",unix,64,4194304,10,50,113.865,2.437,3.47456,2.8805,10.459,7.57622,7.56415
51,"n23m0123.hpc.itc.rwth-aachen.de",51,"51","uds",53,"n23m0123.hpc.itc.rwth-aachen.de",53,"53","uds",unix,64,4194304,10,50,72.876,2.4105,3.08952,2.6035,7.234,7.19917,7.15248
51,"n23m0123.hpc.itc.rwth-aachen.de",51,"51","uds",54,"n23m0123.hpc.itc.rwth-aachen.de",54,"54","uds",unix,64,4194304,10,50,45.53,2.779,4.55311,4.5195,7.479,7.3278,7.31282
51,"n23m0123.hpc.itc.rwth-aachen.de",51,"51","uds",55,"n23m0123.hpc.itc.rwth-aachen.de",55,"55","uds",unix,64,4194304,10,50,38.484,2.387,3.73779,3.68925,7.498,7.59266,7.61845
51,"n23m0123.hpc.itc.rwth-aachen.de",51,"51","uds",56,"n23m0123.hpc.itc.rwth-aachen.de",56,"56","uds",unix,64,4194304,10,50,45.052,2.6925,4.58509,4.754,5.7355,7.33674,7.331
51,"n23m0123.hpc.itc.rwth-aachen.de",51,"51","uds",57,"n23m0123.hpc.itc.rwth-aachen.de",57,"57","uds",unix,64,4194304,10,50,41.24,2.5135,3.94218,3.731,7.0055,7.35458,7.3461
51,"n23m0123.hpc.itc.rwth-aachen.de",51,"51","uds",58,"n23m0123.hpc.itc.rwth-aachen.de",58,"58","uds",unix,64,4194304,10,50,43.919,2.5025,3.73574,3.54025,15.2075,7.57868,7.60241
51,"n23m0123.hpc.itc.rwth-aachen.de",51,"51","uds",59,"n23m0123.hpc.itc.rwth-aachen.de",59,"59","uds",unix,64,4194304,10,50,36.074,3.6595,4.62598,4.6275,6.14,7.33518,6.95008
51,"n23m0123.hpc.itc.rwth-aachen.de",51,"51","uds",60,"n23m0123.hpc.itc.rwth-aachen.de",60,"60","uds",unix,64,4194304,10,50,56.945,2.8475,3.87093,3.82625,5.072,6.75721,6.68727
51,"n23m0123.hpc.itc.rwth-aachen.de",51,"51","uds",61,"n23m0123.hpc.itc.rwth-aachen.de",61,"61","uds",unix,64,4194304,10,50,52.984,3.165,4.77856,4.91175,5.178,7.04321,7.05573
51,"n23m0123.hpc.itc.rwth-aachen.de",51,"51","uds",62,"n23m0123.hpc.itc.rwth-aachen.de",62,"62","uds",unix,64,4194304,10,50,41.063,2.5895,3.45684,3.49625,4.8835,6.89732,6.89347
51,"n23m0123.hpc.itc.rwth-aachen.de",51,"51","uds",63,"n23m0123.hpc.itc.rwth-aachen.de",63,"63","uds",unix,64,4194304,10,50,47.05,2.605,4.00775,3.89325,5.5135,6.80739,6.81641
51,"n23m0123.hpc.itc.rwth-aachen.de",51,"51","uds",64,"n23m0123.hpc.itc.rwth-aachen.de",64,"64","uds",unix,64,4194304,10,50,39.002,2.67,3.69832,3.70775,7.2895,7.08417,7.13533
51,"n23m0123.hpc.itc.rwth-aachen.de",51,"51","uds",65,"n23m0123.hpc.itc.rwth-aachen.de",65,"65","uds",unix,64,4194304,10,50,46.164,2.5,3.04812,2.694,4.601,6.87473,6.90763
51,"n23m0123.hpc.itc.rwth-aachen.de",51,"51","uds",66,"n23m0123.hpc.itc.rwth-aachen.de",66,"66","uds",unix,64,4194304,10,50,60.707,3.6535,4.743,4.7395,7.817,7.03349,7.09402
51,"n23m0123.hpc.itc.rwth-aachen.de",51,"51","uds",67,"n23m0123.hpc.itc.rwth-aachen.de",67,"67","uds",unix,64,4194304,10,50,34.848,2.73,4.10962,4.33075,4.7355,7.04862,7.0503
51,"n23m0123.hpc.itc.rwth-aachen.de",51,"51","uds",68,"n23m0123.hpc.itc.rwth-aachen.de",68,"68","uds",unix,64,4194304,10,50,36.338,2.8545,4.20364,4.08075,6.493,6.84218,6.86291
51,"n23m0123.hpc.itc.rwth-aachen.de",51,"51","uds",69,"n23m0123.hpc.itc.rwth-aachen.de",69,"69","uds",unix,64,4194304,10,50,38.595,2.681,3.80495,3.54375,5.8925,6.83699,6.84794
51,"n23m0123.hpc.itc.rwth-aachen.de",51,"51","uds",70,"n23m0123.hpc.itc.rwth-aachen.de",70,"70","uds",unix,64,4194304,10,50,35.069,2.519,3.16446,2.73075,5.507,7.10466,7.11513
51,"n23m0123.hpc.itc.rwth-aachen.de",51,"51","uds",71,"n23m0123.hpc.itc.rwth-aachen.de",71,"71","uds",unix,64,4194304,10,50,34.193,2.509,3.19663,2.77325,4.932,6.92304,6.92316
51,"n23m0123.hpc.itc.rwth-aachen.de",51,"51","uds",72,"n23m0123.hpc.itc.rwth-aachen.de",72,"72","uds",unix,64,4194304,10,50,40.628,2.6585,3.56326,3.70125,5.0135,6.82884,6.85749
51,"n23m0123.hpc.itc.rwth-aachen.de",51,"51","uds",73,"n23m0123.hpc.itc.rwth-aachen.de",73,"73","uds",unix,64,4194304,10,50,45.125,2.9825,4.42689,4.7365,5.2115,6.79829,6.82793
51,"n23m0123.hpc.itc.rwth-aachen.de",51,"51","uds",74,"n23m0123.hpc.itc.rwth-aachen.de",74,"74","uds",unix,64,4194304,10,50,38.751,2.656,3.72239,3.7365,4.896,6.72504,6.78232
51,"n23m0123.hpc.itc.rwth-aachen.de",51,"51","uds",75,"n23m0123.hpc.itc.rwth-aachen.de",75,"75","uds",unix,64,4194304,10,50,43.171,2.8095,4.54821,4.77025,5.4335,6.79377,6.75594
51,"n23m0123.hpc.itc.rwth-aachen.de",51,"51","uds",76,"n23m0123.hpc.itc.rwth-aachen.de",76,"76","uds",unix,64,4194304,10,50,42.778,2.6735,4.05253,3.97625,7.6125,6.80436,6.78641
51,"n23m0123.hpc.itc.rwth-aachen.de",51,"51","uds",77,"n23m0123.hpc.itc.rwth-aachen.de",77,"77","uds",unix,64,4194304,10,50,36.944,2.6405,3.48269,3.614,4.8795,6.7818,6.8141
51,"n23m0123.hpc.itc.rwth-aachen.de",51,"51","uds",78,"n23m0123.hpc.itc.rwth-aachen.de",78,"78","uds",unix,64,4194304,10,50,38.076,2.7975,4.28566,4.468,5.246,6.97499,6.92982
51,"n23m0123.hpc.itc.rwth-aachen.de",51,"51","uds",79,"n23m0123.hpc.itc.rwth-aachen.de",79,"79","uds",unix,64,4194304,10,50,37.339,2.966,4.37521,4.1805,6.973,6.95602,6.91008
51,"n23m0123.hpc.itc.rwth-aachen.de",51,"51","uds",80,"n23m0123.hpc.itc.rwth-aachen.de",80,"80","uds",unix,64,4194304,10,50,35.903,4.847,5.37849,5.32325,9.12,6.81825,6.79433
51,"n23m0123.hpc.itc.rwth-aachen.de",51,"51","uds",81,"n23m0123.hpc.itc.rwth-aachen.de",81,"81","uds",unix,64,4194304,10,50,36.183,3.0425,4.65962,4.95675,5.4265,6.88081,6.88095
51,"n23m0123.hpc.itc.rwth-aachen.de",51,"51","uds",82,"n23m0123.hpc.itc.rwth-aachen.de",82,"82","uds",unix,64,4194304,10,50,37.818,2.71,4.07303,3.99175,5.177,6.8749,6.84736
51,"n23m0123.hpc.itc.rwth-aachen.de",51,"51","uds",83,"n23m0123.hpc.itc.rwth-aachen.de",83,"83","uds",unix,64,4194304,10,50,34.967,2.6965,3.82864,3.87025,6.093,6.74724,6.75652
51,"n23m0123.hpc.itc.rwth-aachen.de",51,"51","uds",84,"n23m0123.hpc.itc.rwth-aachen.de",84,"84","uds",unix,64,4194304,10,50,36.799,2.9715,4.52,4.784,5.6105,6.47574,6.47046
51,"n23m0123.hpc.itc.rwth-aachen.de",51,"51","uds",85,"n23m0123.hpc.itc.rwth-aachen.de",85,"85","uds",unix,64,4194304,10,50,35.599,2.9295,4.6317,4.7865,6.722,6.41661,6.46277
51,"n23m0123.hpc.itc.rwth-aachen.de",51,"51","uds",86,"n23m0123.hpc.itc.rwth-aachen.de",86,"86","uds",unix,64,4194304,10,50,36.9,2.8515,4.35653,4.22375,7.747,6.36966,6.3982
51,"n23m0123.hpc.itc.rwth-aachen.de",51,"51","uds",87,"n23m0123.hpc.itc.rwth-aachen.de",87,"87","uds",unix,64,4194304,10,50,33.724,2.811,4.16369,4.07575,6.798,6.32076,6.3472
51,"n23m0123.hpc.itc.rwth-aachen.de",51,"51","uds",88,"n23m0123.hpc.itc.rwth-aachen.de",88,"88","uds",unix,64,4194304,10,50,33.21,3.062,4.60331,4.93025,7.4785,6.49091,6.4641
51,"n23m0123.hpc.itc.rwth-aachen.de",51,"51","uds",89,"n23m0123.hpc.itc.rwth-aachen.de",89,"89","uds",unix,64,4194304,10,50,34.413,2.946,4.31757,4.23425,5.458,6.40006,6.40322
51,"n23m0123.hpc.itc.rwth-aachen.de",51,"51","uds",90,"n23m0123.hpc.itc.rwth-aachen.de",90,"90","uds",unix,64,4194304,10,50,36.279,3.9975,4.91299,5.094,5.6205,6.39925,6.42424
51,"n23m0123.hpc.itc.rwth-aachen.de",51,"51","uds",91,"n23m0123.hpc.itc.rwth-aachen.de",91,"91","uds",unix,64,4194304,10,50,39.914,3.204,5.15764,5.3705,6.619,6.35981,6.39019
51,"n23m0123.hpc.itc.rwth-aachen.de",51,"51","uds",92,"n23m0123.hpc.itc.rwth-aachen.de",92,"92","uds",unix,64,4194304,10,50,34.944,4.795,5.10877,5.10525,5.442,6.40884,6.4513
51,"n23m0123.hpc.itc.rwth-aachen.de",51,"51","uds",93,"n23m0123.hpc.itc.rwth-aachen.de",93,"93","uds",unix,64,4194304,10,50,36.122,3.1045,4.85832,5.0255,7.4585,6.43673,6.4354
51,"n23m0123.hpc.itc.rwth-aachen.de",51,"51","uds",94,"n23m0123.hpc.itc.rwth-aachen.de",94,"94","uds",unix,64,4194304,10,50,37.03,3.0145,4.50932,4.2995,7.525,6.42663,6.40859
51,"n23m0123.hpc.itc.rwth-aachen.de",51,"51","uds",95,"n23m0123.hpc.itc.rwth-aachen.de",95,"95","uds",unix,64,4194304,10,50,36.236,3.058,4.45558,4.365,6.622,6.32978,6.35722
52,"n23m0123.hpc.itc.rwth-aachen.de",52,"52","uds",53,"n23m0123.hpc.itc.rwth-aachen.de",53,"53","uds",unix,64,4194304,10,50,87.853,2.573,3.66176,3.66625,7.2195,7.27418,7.20223
52,"n23m0123.hpc.itc.rwth-aachen.de",52,"52","uds",54,"n23m0123.hpc.itc.rwth-aachen.de",54,"54","uds",unix,64,4194304,10,50,42.862,2.6655,4.56261,4.85725,5.4035,7.37838,7.33338
52,"n23m0123.hpc.itc.rwth-aachen.de",52,"52","uds",55,"n23m0123.hpc.itc.rwth-aachen.de",55,"55","uds",unix,64,4194304,10,50,38.892,2.5835,3.94173,3.95525,10.606,7.68571,7.69632
52,"n23m0123.hpc.itc.rwth-aachen.de",52,"52","uds",56,"n23m0123.hpc.itc.rwth-aachen.de",56,"56","uds",unix,64,4194304,10,50,36.625,2.4075,3.56405,3.449,9.0725,7.32732,7.35222
52,"n23m0123.hpc.itc.rwth-aachen.de",52,"52","uds",57,"n23m0123.hpc.itc.rwth-aachen.de",57,"57","uds",unix,64,4194304,10,50,40.179,4.0985,4.71762,4.73825,5.159,7.24894,7.18467
52,"n23m0123.hpc.itc.rwth-aachen.de",52,"52","uds",58,"n23m0123.hpc.itc.rwth-aachen.de",58,"58","uds",unix,64,4194304,10,50,52.28,2.554,3.87348,3.72425,5.73,7.70356,7.63417
52,"n23m0123.hpc.itc.rwth-aachen.de",52,"52","uds",59,"n23m0123.hpc.itc.rwth-aachen.de",59,"59","uds",unix,64,4194304,10,50,46.391,2.61,3.82584,3.56075,7.861,7.40878,7.41908
52,"n23m0123.hpc.itc.rwth-aachen.de",52,"52","uds",60,"n23m0123.hpc.itc.rwth-aachen.de",60,"60","uds",unix,64,4194304,10,50,46.818,2.7985,4.44953,4.10375,10.5765,6.8456,6.85123
52,"n23m0123.hpc.itc.rwth-aachen.de",52,"52","uds",61,"n23m0123.hpc.itc.rwth-aachen.de",61,"61","uds",unix,64,4194304,10,50,40.184,2.7595,4.34611,4.1005,9.037,7.05079,7.09659
52,"n23m0123.hpc.itc.rwth-aachen.de",52,"52","uds",62,"n23m0123.hpc.itc.rwth-aachen.de",62,"62","uds",unix,64,4194304,10,50,37.03,2.817,4.338,4.46175,5.388,6.97755,6.93963
52,"n23m0123.hpc.itc.rwth-aachen.de",52,"52","uds",63,"n23m0123.hpc.itc.rwth-aachen.de",63,"63","uds",unix,64,4194304,10,50,37.296,2.732,3.92493,3.78225,10.3865,6.74037,6.72874
52,"n23m0123.hpc.itc.rwth-aachen.de",52,"52","uds",64,"n23m0123.hpc.itc.rwth-aachen.de",64,"64","uds",unix,64,4194304,10,50,41.531,2.756,4.25629,4.03625,6.458,7.11286,7.15873
52,"n23m0123.hpc.itc.rwth-aachen.de",52,"52","uds",65,"n23m0123.hpc.itc.rwth-aachen.de",65,"65","uds",unix,64,4194304,10,50,34.732,2.5195,3.04162,2.7405,4.8535,6.93836,6.95864
52,"n23m0123.hpc.itc.rwth-aachen.de",52,"52","uds",66,"n23m0123.hpc.itc.rwth-aachen.de",66,"66","uds",unix,64,4194304,10,50,37.252,2.6405,3.82367,3.78575,8.3285,7.0803,7.08568
52,"n23m0123.hpc.itc.rwth-aachen.de",52,"52","uds",67,"n23m0123.hpc.itc.rwth-aachen.de",67,"67","uds",unix,64,4194304,10,50,31.865,2.83,4.23065,4.50975,5.18,7.08888,7.10009
52,"n23m0123.hpc.itc.rwth-aachen.de",52,"52","uds",68,"n23m0123.hpc.itc.rwth-aachen.de",68,"68","uds",unix,64,4194304,10,50,31.941,2.605,3.6762,3.85425,5.215,6.88303,6.89935
52,"n23m0123.hpc.itc.rwth-aachen.de",52,"52","uds",69,"n23m0123.hpc.itc.rwth-aachen.de",69,"69","uds",unix,64,4194304,10,50,34.209,2.795,3.87944,3.8975,5.2795,6.83149,6.6497
52,"n23m0123.hpc.itc.rwth-aachen.de",52,"52","uds",70,"n23m0123.hpc.itc.rwth-aachen.de",70,"70","uds",unix,64,4194304,10,50,46.6,2.7345,4.33583,4.5195,8.3985,7.06163,7.1347
52,"n23m0123.hpc.itc.rwth-aachen.de",52,"52","uds",71,"n23m0123.hpc.itc.rwth-aachen.de",71,"71","uds",unix,64,4194304,10,50,40.5,2.7505,4.06898,4.0615,5.0185,6.93326,6.92622
52,"n23m0123.hpc.itc.rwth-aachen.de",52,"52","uds",72,"n23m0123.hpc.itc.rwth-aachen.de",72,"72","uds",unix,64,4194304,10,50,37.974,2.7895,4.07663,3.98925,5.4325,6.93606,6.92525
52,"n23m0123.hpc.itc.rwth-aachen.de",52,"52","uds",73,"n23m0123.hpc.itc.rwth-aachen.de",73,"73","uds",unix,64,4194304,10,50,41.719,3.905,4.89325,4.8715,6.725,6.90931,6.91387
52,"n23m0123.hpc.itc.rwth-aachen.de",52,"52","uds",74,"n23m0123.hpc.itc.rwth-aachen.de",74,"74","uds",unix,64,4194304,10,50,37.487,2.7455,3.8814,3.88175,7.1745,6.86586,6.87461
52,"n23m0123.hpc.itc.rwth-aachen.de",52,"52","uds",75,"n23m0123.hpc.itc.rwth-aachen.de",75,"75","uds",unix,64,4194304,10,50,38.289,2.7025,4.59638,4.7675,5.322,6.81426,6.79597
52,"n23m0123.hpc.itc.rwth-aachen.de",52,"52","uds",76,"n23m0123.hpc.itc.rwth-aachen.de",76,"76","uds",unix,64,4194304,10,50,36.873,2.689,4.36781,4.77025,5.187,6.88333,6.81937
52,"n23m0123.hpc.itc.rwth-aachen.de",52,"52","uds",77,"n23m0123.hpc.itc.rwth-aachen.de",77,"77","uds",unix,64,4194304,10,50,38.589,2.9215,4.21296,3.99625,11.509,6.91845,6.90413
52,"n23m0123.hpc.itc.rwth-aachen.de",52,"52","uds",78,"n23m0123.hpc.itc.rwth-aachen.de",78,"78","uds",unix,64,4194304,10,50,34.565,2.666,3.62757,3.66425,4.973,6.89127,6.96332
52,"n23m0123.hpc.itc.rwth-aachen.de",52,"52","uds",79,"n23m0123.hpc.itc.rwth-aachen.de",79,"79","uds",unix,64,4194304,10,50,34.821,2.7805,4.25402,4.0415,7.7485,6.92231,6.93801
52,"n23m0123.hpc.itc.rwth-aachen.de",52,"52","uds",80,"n23m0123.hpc.itc.rwth-aachen.de",80,"80","uds",unix,64,4194304,10,50,36.411,4.0695,5.10856,5.172,5.5725,6.76594,6.80269
52,"n23m0123.hpc.itc.rwth-aachen.de",52,"52","uds",81,"n23m0123.hpc.itc.rwth-aachen.de",81,"81","uds",unix,64,4194304,10,50,35.57,2.8585,4.38689,4.52825,5.2805,6.95919,6.93219
52,"n23m0123.hpc.itc.rwth-aachen.de",52,"52","uds",82,"n23m0123.hpc.itc.rwth-aachen.de",82,"82","uds",unix,64,4194304,10,50,34.534,2.7055,3.90154,3.79175,5.1695,6.87369,6.86748
52,"n23m0123.hpc.itc.rwth-aachen.de",52,"52","uds",83,"n23m0123.hpc.itc.rwth-aachen.de",83,"83","uds",unix,64,4194304,10,50,37.525,2.8105,4.1631,4.08425,5.0765,6.75664,6.76366
52,"n23m0123.hpc.itc.rwth-aachen.de",52,"52","uds",84,"n23m0123.hpc.itc.rwth-aachen.de",84,"84","uds",unix,64,4194304,10,50,33.079,2.915,4.35533,4.26775,5.6535,6.49312,6.54434
52,"n23m0123.hpc.itc.rwth-aachen.de",52,"52","uds",85,"n23m0123.hpc.itc.rwth-aachen.de",85,"85","uds",unix,64,4194304,10,50,33.094,3.7975,4.86424,4.9765,7.0735,6.54705,6.5515
52,"n23m0123.hpc.itc.rwth-aachen.de",52,"52","uds",86,"n23m0123.hpc.itc.rwth-aachen.de",86,"86","uds",unix,64,4194304,10,50,36.599,2.991,4.58271,4.553,5.6105,6.46509,6.46105
52,"n23m0123.hpc.itc.rwth-aachen.de",52,"52","uds",87,"n23m0123.hpc.itc.rwth-aachen.de",87,"87","uds",unix,64,4194304,10,50,39.671,5.0025,5.4352,5.38025,8.3085,6.42433,6.43504
52,"n23m0123.hpc.itc.rwth-aachen.de",52,"52","uds",88,"n23m0123.hpc.itc.rwth-aachen.de",88,"88","uds",unix,64,4194304,10,50,32.049,2.945,4.48436,4.87975,6.61,6.62931,6.58614
52,"n23m0123.hpc.itc.rwth-aachen.de",52,"52","uds",89,"n23m0123.hpc.itc.rwth-aachen.de",89,"89","uds",unix,64,4194304,10,50,33.69,3.3835,4.97761,5.1565,5.6915,6.48579,6.45362
52,"n23m0123.hpc.itc.rwth-aachen.de",52,"52","uds",90,"n23m0123.hpc.itc.rwth-aachen.de",90,"90","uds",unix,64,4194304,10,50,31.742,2.941,4.6526,4.90675,8.075,6.47815,6.50356
52,"n23m0123.hpc.itc.rwth-aachen.de",52,"52","uds",91,"n23m0123.hpc.itc.rwth-aachen.de",91,"91","uds",unix,64,4194304,10,50,33.303,2.974,4.50468,4.662,7.903,6.46999,6.4636
52,"n23m0123.hpc.itc.rwth-aachen.de",52,"52","uds",92,"n23m0123.hpc.itc.rwth-aachen.de",92,"92","uds",unix,64,4194304,10,50,32.32,3.817,4.92839,5.0355,7.889,6.50262,6.51953
52,"n23m0123.hpc.itc.rwth-aachen.de",52,"52","uds",93,"n23m0123.hpc.itc.rwth-aachen.de",93,"93","uds",unix,64,4194304,10,50,32.555,2.851,4.57315,4.89725,5.9045,6.49622,6.49603
52,"n23m0123.hpc.itc.rwth-aachen.de",52,"52","uds",94,"n23m0123.hpc.itc.rwth-aachen.de",94,"94","uds",unix,64,4194304,10,50,33.683,3.2925,4.83595,4.96775,9.495,6.48269,6.48576
52,"n23m0123.hpc.itc.rwth-aachen.de",52,"52","uds",95,"n23m0123.hpc.itc.rwth-aachen.de",95,"95","uds",unix,64,4194304,10,50,34.14,2.9085,4.4405,4.20925,5.439,6.44578,6.45966
53,"n23m0123.hpc.itc.rwth-aachen.de",53,"53","uds",54,"n23m0123.hpc.itc.rwth-aachen.de",54,"54","uds",unix,64,4194304,10,50,90.582,2.705,4.63573,4.56675,11.347,7.10591,7.08883
53,"n23m0123.hpc.itc.rwth-aachen.de",53,"53","uds",55,"n23m0123.hpc.itc.rwth-aachen.de",55,"55","uds",unix,64,4194304,10,50,40.8,2.428,3.22749,3.42075,4.776,7.29513,7.35712
53,"n23m0123.hpc.itc.rwth-aachen.de",53,"53","uds",56,"n23m0123.hpc.itc.rwth-aachen.de",56,"56","uds",unix,64,4194304,10,50,44.731,2.3745,3.44505,3.34,9.615,7.05087,7.03743
53,"n23m0123.hpc.itc.rwth-aachen.de",53,"53","uds",57,"n23m0123.hpc.itc.rwth-aachen.de",57,"57","uds",unix,64,4194304,10,50,45.696,2.478,3.61842,3.7715,5.196,7.18944,7.12966
53,"n23m0123.hpc.itc.rwth-aachen.de",53,"53","uds",58,"n23m0123.hpc.itc.rwth-aachen.de",58,"58","uds",unix,64,4194304,10,50,45.709,2.598,3.76085,3.7425,6.227,7.43435,7.40009
53,"n23m0123.hpc.itc.rwth-aachen.de",53,"53","uds",59,"n23m0123.hpc.itc.rwth-aachen.de",59,"59","uds",unix,64,4194304,10,50,41.033,2.3685,3.25276,2.66075,7.67,7.11002,7.11373
53,"n23m0123.hpc.itc.rwth-aachen.de",53,"53","uds",60,"n23m0123.hpc.itc.rwth-aachen.de",60,"60","uds",unix,64,4194304,10,50,37.71,2.8175,4.51826,4.693,8.749,6.61663,6.64676
53,"n23m0123.hpc.itc.rwth-aachen.de",53,"53","uds",61,"n23m0123.hpc.itc.rwth-aachen.de",61,"61","uds",unix,64,4194304,10,50,35.712,2.7955,4.44993,4.82425,5.5965,6.95268,6.90903
53,"n23m0123.hpc.itc.rwth-aachen.de",53,"53","uds",62,"n23m0123.hpc.itc.rwth-aachen.de",62,"62","uds",unix,64,4194304,10,50,36.535,2.9895,4.51914,4.6845,5.403,6.75197,6.7318
53,"n23m0123.hpc.itc.rwth-aachen.de",53,"53","uds",63,"n23m0123.hpc.itc.rwth-aachen.de",63,"63","uds",unix,64,4194304,10,50,40.399,3.0385,4.71288,4.79775,5.347,6.66419,6.65721
53,"n23m0123.hpc.itc.rwth-aachen.de",53,"53","uds",64,"n23m0123.hpc.itc.rwth-aachen.de",64,"64","uds",unix,64,4194304,10,50,41.788,2.675,3.90565,3.8735,5.043,6.92486,6.94404
53,"n23m0123.hpc.itc.rwth-aachen.de",53,"53","uds",65,"n23m0123.hpc.itc.rwth-aachen.de",65,"65","uds",unix,64,4194304,10,50,31.708,2.5025,2.95363,2.7425,4.378,6.68553,6.70509
53,"n23m0123.hpc.itc.rwth-aachen.de",53,"53","uds",66,"n23m0123.hpc.itc.rwth-aachen.de",66,"66","uds",unix,64,4194304,10,50,37.527,2.588,3.7575,3.7025,6.2425,6.83387,6.91354
53,"n23m0123.hpc.itc.rwth-aachen.de",53,"53","uds",67,"n23m0123.hpc.itc.rwth-aachen.de",67,"67","uds",unix,64,4194304,10,50,30.662,3.188,4.60247,4.609,11.177,6.89504,6.89636
53,"n23m0123.hpc.itc.rwth-aachen.de",53,"53","uds",68,"n23m0123.hpc.itc.rwth-aachen.de",68,"68","uds",unix,64,4194304,10,50,34.654,2.5805,3.78734,3.638,7.2365,6.75318,6.70384
53,"n23m0123.hpc.itc.rwth-aachen.de",53,"53","uds",69,"n23m0123.hpc.itc.rwth-aachen.de",69,"69","uds",unix,64,4194304,10,50,31.865,2.812,4.09658,4.00975,5.5105,6.6636,6.6561
53,"n23m0123.hpc.itc.rwth-aachen.de",53,"53","uds",70,"n23m0123.hpc.itc.rwth-aachen.de",70,"70","uds",unix,64,4194304,10,50,31.46,2.5145,3.31659,3.1345,5.2425,6.88089,6.90921
53,"n23m0123.hpc.itc.rwth-aachen.de",53,"53","uds",71,"n23m0123.hpc.itc.rwth-aachen.de",71,"71","uds",unix,64,4194304,10,50,32.116,2.6425,3.28624,2.90125,4.8045,6.74646,6.69912
53,"n23m0123.hpc.itc.rwth-aachen.de",53,"53","uds",72,"n23m0123.hpc.itc.rwth-aachen.de",72,"72","uds",unix,64,4194304,10,50,38.128,2.759,3.47843,3.28725,5.4135,6.84419,6.82375
53,"n23m0123.hpc.itc.rwth-aachen.de",53,"53","uds",73,"n23m0123.hpc.itc.rwth-aachen.de",73,"73","uds",unix,64,4194304,10,50,37.377,2.802,4.17034,3.9665,5.6415,6.82878,6.81024
53,"n23m0123.hpc.itc.rwth-aachen.de",53,"53","uds",74,"n23m0123.hpc.itc.rwth-aachen.de",74,"74","uds",unix,64,4194304,10,50,34.024,2.721,3.3526,3.01525,4.8485,6.77108,6.77754
53,"n23m0123.hpc.itc.rwth-aachen.de",53,"53","uds",75,"n23m0123.hpc.itc.rwth-aachen.de",75,"75","uds",unix,64,4194304,10,50,37.438,2.8915,4.53495,4.76225,5.6075,6.71438,6.70599
53,"n23m0123.hpc.itc.rwth-aachen.de",53,"53","uds",76,"n23m0123.hpc.itc.rwth-aachen.de",76,"76","uds",unix,64,4194304,10,50,34.231,2.896,4.36996,4.16625,5.4435,6.7654,6.7095
53,"n23m0123.hpc.itc.rwth-aachen.de",53,"53","uds",77,"n23m0123.hpc.itc.rwth-aachen.de",77,"77","uds",unix,64,4194304,10,50,37.335,2.7165,3.56163,3.3725,5.375,6.75914,6.70317
53,"n23m0123.hpc.itc.rwth-aachen.de",53,"53","uds",78,"n23m0123.hpc.itc.rwth-aachen.de",78,"78","uds",unix,64,4194304,10,50,32.398,2.733,3.52035,3.14025,5.192,6.87813,6.87822
53,"n23m0123.hpc.itc.rwth-aachen.de",53,"53","uds",79,"n23m0123.hpc.itc.rwth-aachen.de",79,"79","uds",unix,64,4194304,10,50,32.246,2.699,3.67937,3.8255,5.134,6.81479,6.82246
53,"n23m0123.hpc.itc.rwth-aachen.de",53,"53","uds",80,"n23m0123.hpc.itc.rwth-aachen.de",80,"80","uds",unix,64,4194304,10,50,42.086,2.6715,3.82101,3.859,5.33,6.72746,6.73222
53,"n23m0123.hpc.itc.rwth-aachen.de",53,"53","uds",81,"n23m0123.hpc.itc.rwth-aachen.de",81,"81","uds",unix,64,4194304,10,50,34.439,2.974,4.5007,4.27025,6.6205,6.90013,6.84939
53,"n23m0123.hpc.itc.rwth-aachen.de",53,"53","uds",82,"n23m0123.hpc.itc.rwth-aachen.de",82,"82","uds",unix,64,4194304,10,50,32.843,2.708,3.66526,3.719,5.4105,6.81391,6.79535
53,"n23m0123.hpc.itc.rwth-aachen.de",53,"53","uds",83,"n23m0123.hpc.itc.rwth-aachen.de",83,"83","uds",unix,64,4194304,10,50,35.442,2.7835,3.94181,3.94925,5.1625,6.744,6.69391
53,"n23m0123.hpc.itc.rwth-aachen.de",53,"53","uds",84,"n23m0123.hpc.itc.rwth-aachen.de",84,"84","uds",unix,64,4194304,10,50,33.041,2.7185,3.79254,3.8125,5.2885,6.47575,6.48719
53,"n23m0123.hpc.itc.rwth-aachen.de",53,"53","uds",85,"n23m0123.hpc.itc.rwth-aachen.de",85,"85","uds",unix,64,4194304,10,50,32.045,2.7635,3.85872,3.8305,5.333,6.47223,6.48435
53,"n23m0123.hpc.itc.rwth-aachen.de",53,"53","uds",86,"n23m0123.hpc.itc.rwth-aachen.de",86,"86","uds",unix,64,4194304,10,50,33.67,2.858,4.08566,4.02025,7.181,6.40263,6.41606
53,"n23m0123.hpc.itc.rwth-aachen.de",53,"53","uds",87,"n23m0123.hpc.itc.rwth-aachen.de",87,"87","uds",unix,64,4194304,10,50,32.55,2.778,4.27033,4.1015,9.711,6.34072,6.38413
53,"n23m0123.hpc.itc.rwth-aachen.de",53,"53","uds",88,"n23m0123.hpc.itc.rwth-aachen.de",88,"88","uds",unix,64,4194304,10,50,38.303,3.2085,4.84692,5.099,5.5775,6.50406,6.53027
53,"n23m0123.hpc.itc.rwth-aachen.de",53,"53","uds",89,"n23m0123.hpc.itc.rwth-aachen.de",89,"89","uds",unix,64,4194304,10,50,32.575,2.8985,4.09985,4.072,5.4785,6.46303,6.4709
53,"n23m0123.hpc.itc.rwth-aachen.de",53,"53","uds",90,"n23m0123.hpc.itc.rwth-aachen.de",90,"90","uds",unix,64,4194304,10,50,34.1,2.8785,4.476,4.20825,8.7695,6.50743,6.50983
53,"n23m0123.hpc.itc.rwth-aachen.de",53,"53","uds",91,"n23m0123.hpc.itc.rwth-aachen.de",91,"91","uds",unix,64,4194304,10,50,32.478,2.8795,4.27195,4.1015,6.845,6.42001,6.40337
53,"n23m0123.hpc.itc.rwth-aachen.de",53,"53","uds",92,"n23m0123.hpc.itc.rwth-aachen.de",92,"92","uds",unix,64,4194304,10,50,34.244,2.8135,4.31257,4.61,6.9935,6.46327,6.46395
53,"n23m0123.hpc.itc.rwth-aachen.de",53,"53","uds",93,"n23m0123.hpc.itc.rwth-aachen.de",93,"93","uds",unix,64,4194304,10,50,32.31,2.773,4.08067,3.987,5.2675,6.40616,6.44091
53,"n23m0123.hpc.itc.rwth-aachen.de",53,"53","uds",94,"n23m0123.hpc.itc.rwth-aachen.de",94,"94","uds",unix,64,4194304,10,50,32.624,2.891,4.11988,3.97575,5.337,6.44296,6.43023
53,"n23m0123.hpc.itc.rwth-aachen.de",53,"53","uds",95,"n23m0123.hpc.itc.rwth-aachen.de",95,"95","uds",unix,64,4194304,10,50,32.271,4.427,5.47148,5.42475,7.813,6.34886,6.3525
54,"n23m0123.hpc.itc.rwth-aachen.de",54,"54","uds",55,"n23m0123.hpc.itc.rwth-aachen.de",55,"55","uds",unix,64,4194304,10,50,87.404,2.61,4.47045,4.5705,4.949,7.2426,7.20973
54,"n23m0123.hpc.itc.rwth-aachen.de",54,"54","uds",56,"n23m0123.hpc.itc.rwth-aachen.de",56,"56","uds",unix,64,4194304,10,50,42.393,2.653,4.44985,4.58325,4.9575,6.86471,6.88481
54,"n23m0123.hpc.itc.rwth-aachen.de",54,"54","uds",57,"n23m0123.hpc.itc.rwth-aachen.de",57,"57","uds",unix,64,4194304,10,50,44.138,2.4865,3.81236,3.72325,4.986,7.08912,6.99725
54,"n23m0123.hpc.itc.rwth-aachen.de",54,"54","uds",58,"n23m0123.hpc.itc.rwth-aachen.de",58,"58","uds",unix,64,4194304,10,50,36.545,2.822,4.66435,4.70275,5.3435,7.39208,7.34563
54,"n23m0123.hpc.itc.rwth-aachen.de",54,"54","uds",59,"n23m0123.hpc.itc.rwth-aachen.de",59,"59","uds",unix,64,4194304,10,50,39.581,2.5685,3.86064,3.8545,6.0685,7.14401,7.14145
54,"n23m0123.hpc.itc.rwth-aachen.de",54,"54","uds",60,"n23m0123.hpc.itc.rwth-aachen.de",60,"60","uds",unix,64,4194304,10,50,39.843,2.9105,4.62561,4.736,7.557,6.62466,6.59537
54,"n23m0123.hpc.itc.rwth-aachen.de",54,"54","uds",61,"n23m0123.hpc.itc.rwth-aachen.de",61,"61","uds",unix,64,4194304,10,50,35.708,3.5875,4.68808,4.71025,8.5905,6.90495,6.88397
54,"n23m0123.hpc.itc.rwth-aachen.de",54,"54","uds",62,"n23m0123.hpc.itc.rwth-aachen.de",62,"62","uds",unix,64,4194304,10,50,32.895,2.774,4.41582,4.615,9,6.74616,6.70665
54,"n23m0123.hpc.itc.rwth-aachen.de",54,"54","uds",63,"n23m0123.hpc.itc.rwth-aachen.de",63,"63","uds",unix,64,4194304,10,50,34.593,2.713,4.26761,4.444,8.347,6.57421,6.62789
54,"n23m0123.hpc.itc.rwth-aachen.de",54,"54","uds",64,"n23m0123.hpc.itc.rwth-aachen.de",64,"64","uds",unix,64,4194304,10,50,35.379,2.7345,3.79903,3.784,7.504,6.87241,6.88646
54,"n23m0123.hpc.itc.rwth-aachen.de",54,"54","uds",65,"n23m0123.hpc.itc.rwth-aachen.de",65,"65","uds",unix,64,4194304,10,50,35.493,3.572,4.3005,4.09975,5.3645,6.67854,6.71461
54,"n23m0123.hpc.itc.rwth-aachen.de",54,"54","uds",66,"n23m0123.hpc.itc.rwth-aachen.de",66,"66","uds",unix,64,4194304,10,50,37.275,2.806,4.33372,4.73975,5.482,6.82811,6.86713
54,"n23m0123.hpc.itc.rwth-aachen.de",54,"54","uds",67,"n23m0123.hpc.itc.rwth-aachen.de",67,"67","uds",unix,64,4194304,10,50,33.544,3.53,4.55679,4.5695,9.407,6.88895,6.87705
54,"n23m0123.hpc.itc.rwth-aachen.de",54,"54","uds",68,"n23m0123.hpc.itc.rwth-aachen.de",68,"68","uds",unix,64,4194304,10,50,31.308,2.7915,4.44078,4.67,7.2375,6.71556,6.69413
54,"n23m0123.hpc.itc.rwth-aachen.de",54,"54","uds",69,"n23m0123.hpc.itc.rwth-aachen.de",69,"69","uds",unix,64,4194304,10,50,34.389,2.7605,4.05549,3.967,8.1455,6.65383,6.62967
54,"n23m0123.hpc.itc.rwth-aachen.de",54,"54","uds",70,"n23m0123.hpc.itc.rwth-aachen.de",70,"70","uds",unix,64,4194304,10,50,30.646,2.6485,4.0042,4.31725,4.812,6.87959,6.87143
54,"n23m0123.hpc.itc.rwth-aachen.de",54,"54","uds",71,"n23m0123.hpc.itc.rwth-aachen.de",71,"71","uds",unix,64,4194304,10,50,32.39,2.689,3.97993,3.8135,7.667,6.72391,6.69355
54,"n23m0123.hpc.itc.rwth-aachen.de",54,"54","uds",72,"n23m0123.hpc.itc.rwth-aachen.de",72,"72","uds",unix,64,4194304,10,50,34.007,2.998,4.89088,5.0155,5.8415,6.70988,6.69199
54,"n23m0123.hpc.itc.rwth-aachen.de",54,"54","uds",73,"n23m0123.hpc.itc.rwth-aachen.de",73,"73","uds",unix,64,4194304,10,50,35.364,2.994,4.85749,5.03975,8.523,6.63889,6.68909
54,"n23m0123.hpc.itc.rwth-aachen.de",54,"54","uds",74,"n23m0123.hpc.itc.rwth-aachen.de",74,"74","uds",unix,64,4194304,10,50,37.617,2.74,3.83545,3.8055,9.2505,6.59811,6.64647
54,"n23m0123.hpc.itc.rwth-aachen.de",54,"54","uds",75,"n23m0123.hpc.itc.rwth-aachen.de",75,"75","uds",unix,64,4194304,10,50,37.827,2.8055,4.62008,4.88575,5.502,6.59686,6.60076
54,"n23m0123.hpc.itc.rwth-aachen.de",54,"54","uds",76,"n23m0123.hpc.itc.rwth-aachen.de",76,"76","uds",unix,64,4194304,10,50,33.089,2.866,4.77021,4.9515,7.4385,6.75239,6.70625
54,"n23m0123.hpc.itc.rwth-aachen.de",54,"54","uds",77,"n23m0123.hpc.itc.rwth-aachen.de",77,"77","uds",unix,64,4194304,10,50,37.044,2.886,4.37166,4.37275,5.7805,6.73834,6.72293
54,"n23m0123.hpc.itc.rwth-aachen.de",54,"54","uds",78,"n23m0123.hpc.itc.rwth-aachen.de",78,"78","uds",unix,64,4194304,10,50,30.457,2.6845,3.97486,3.88125,5.3145,6.62122,6.64082
54,"n23m0123.hpc.itc.rwth-aachen.de",54,"54","uds",79,"n23m0123.hpc.itc.rwth-aachen.de",79,"79","uds",unix,64,4194304,10,50,32.444,4.252,4.78551,4.78875,5.272,6.53848,6.60249
54,"n23m0123.hpc.itc.rwth-aachen.de",54,"54","uds",80,"n23m0123.hpc.itc.rwth-aachen.de",80,"80","uds",unix,64,4194304,10,50,33.81,2.953,4.71031,4.90325,5.274,6.52253,6.51603
54,"n23m0123.hpc.itc.rwth-aachen.de",54,"54","uds",81,"n23m0123.hpc.itc.rwth-aachen.de",81,"81","uds",unix,64,4194304,10,50,32.418,3.1135,4.6803,4.887,7.775,6.71694,6.72045
54,"n23m0123.hpc.itc.rwth-aachen.de",54,"54","uds",82,"n23m0123.hpc.itc.rwth-aachen.de",82,"82","uds",unix,64,4194304,10,50,35.017,2.974,4.6516,5.09725,9.548,6.7139,6.66681
54,"n23m0123.hpc.itc.rwth-aachen.de",54,"54","uds",83,"n23m0123.hpc.itc.rwth-aachen.de",83,"83","uds",unix,64,4194304,10,50,51.075,2.96,18.2093,5.17975,486.401,6.58486,6.57339
54,"n23m0123.hpc.itc.rwth-aachen.de",54,"54","uds",84,"n23m0123.hpc.itc.rwth-aachen.de",84,"84","uds",unix,64,4194304,10,50,76.986,3.015,4.42178,4.21725,5.3905,6.35743,6.4121
54,"n23m0123.hpc.itc.rwth-aachen.de",54,"54","uds",85,"n23m0123.hpc.itc.rwth-aachen.de",85,"85","uds",unix,64,4194304,10,50,39.723,2.9455,4.22398,4.12525,5.2725,6.38049,6.38814
54,"n23m0123.hpc.itc.rwth-aachen.de",54,"54","uds",86,"n23m0123.hpc.itc.rwth-aachen.de",86,"86","uds",unix,64,4194304,10,50,39.292,3.014,5.20776,4.31475,33.5455,6.34295,6.34703
54,"n23m0123.hpc.itc.rwth-aachen.de",54,"54","uds",87,"n23m0123.hpc.itc.rwth-aachen.de",87,"87","uds",unix,64,4194304,10,50,35.749,2.873,4.43863,4.2,8.22,6.31934,6.32545
54,"n23m0123.hpc.itc.rwth-aachen.de",54,"54","uds",88,"n23m0123.hpc.itc.rwth-aachen.de",88,"88","uds",unix,64,4194304,10,50,33.94,2.9365,4.59467,4.469,7.2505,6.40389,6.39666
54,"n23m0123.hpc.itc.rwth-aachen.de",54,"54","uds",89,"n23m0123.hpc.itc.rwth-aachen.de",89,"89","uds",unix,64,4194304,10,50,33.489,3.9325,4.75972,4.9945,5.436,6.35283,6.34728
54,"n23m0123.hpc.itc.rwth-aachen.de",54,"54","uds",90,"n23m0123.hpc.itc.rwth-aachen.de",90,"90","uds",unix,64,4194304,10,50,34.778,3.771,4.70554,4.86925,5.4495,6.35809,6.37082
54,"n23m0123.hpc.itc.rwth-aachen.de",54,"54","uds",91,"n23m0123.hpc.itc.rwth-aachen.de",91,"91","uds",unix,64,4194304,10,50,87.523,3.7695,5.01303,4.849,15.4795,6.24381,6.13387
54,"n23m0123.hpc.itc.rwth-aachen.de",54,"54","uds",92,"n23m0123.hpc.itc.rwth-aachen.de",92,"92","uds",unix,64,4194304,10,50,46.638,2.9805,4.74267,4.96875,7.2195,6.31611,6.35035
54,"n23m0123.hpc.itc.rwth-aachen.de",54,"54","uds",93,"n23m0123.hpc.itc.rwth-aachen.de",93,"93","uds",unix,64,4194304,10,50,47.094,3.1235,4.90094,5.03675,9.6955,6.42305,6.38895
54,"n23m0123.hpc.itc.rwth-aachen.de",54,"54","uds",94,"n23m0123.hpc.itc.rwth-aachen.de",94,"94","uds",unix,64,4194304,10,50,35.433,2.758,4.13508,4.0365,5.4125,6.2867,6.31201
54,"n23m0123.hpc.itc.rwth-aachen.de",54,"54","uds",95,"n23m0123.hpc.itc.rwth-aachen.de",95,"95","uds",unix,64,4194304,10,50,34.23,3.006,4.59486,4.2985,5.467,6.2719,6.26864
55,"n23m0123.hpc.itc.rwth-aachen.de",55,"55","uds",56,"n23m0123.hpc.itc.rwth-aachen.de",56,"56","uds",unix,64,4194304,10,50,85.694,2.5085,3.5919,3.59775,4.9805,7.13963,7.13998
55,"n23m0123.hpc.itc.rwth-aachen.de",55,"55","uds",57,"n23m0123.hpc.itc.rwth-aachen.de",57,"57","uds",unix,64,4194304,10,50,44.257,2.466,3.15436,2.6455,5.1695,7.42378,7.38526
55,"n23m0123.hpc.itc.rwth-aachen.de",55,"55","uds",58,"n23m0123.hpc.itc.rwth-aachen.de",58,"58","uds",unix,64,4194304,10,50,41.96,2.6795,3.90343,3.8715,5.069,7.61952,7.64158
55,"n23m0123.hpc.itc.rwth-aachen.de",55,"55","uds",59,"n23m0123.hpc.itc.rwth-aachen.de",59,"59","uds",unix,64,4194304,10,50,36.622,2.5165,3.14209,2.75675,8.007,7.42983,7.42428
55,"n23m0123.hpc.itc.rwth-aachen.de",55,"55","uds",60,"n23m0123.hpc.itc.rwth-aachen.de",60,"60","uds",unix,64,4194304,10,50,44.949,2.758,4.19476,3.995,6.8355,6.89699,6.85116
55,"n23m0123.hpc.itc.rwth-aachen.de",55,"55","uds",61,"n23m0123.hpc.itc.rwth-aachen.de",61,"61","uds",unix,64,4194304,10,50,45.403,3.769,4.75596,4.8335,5.3105,7.19773,7.15122
55,"n23m0123.hpc.itc.rwth-aachen.de",55,"55","uds",62,"n23m0123.hpc.itc.rwth-aachen.de",62,"62","uds",unix,64,4194304,10,50,38.871,2.669,4.16555,3.97875,7.1125,6.9771,6.94898
55,"n23m0123.hpc.itc.rwth-aachen.de",55,"55","uds",63,"n23m0123.hpc.itc.rwth-aachen.de",63,"63","uds",unix,64,4194304,10,50,37.247,2.8,4.06537,4.13375,4.913,6.80358,6.84207
55,"n23m0123.hpc.itc.rwth-aachen.de",55,"55","uds",64,"n23m0123.hpc.itc.rwth-aachen.de",64,"64","uds",unix,64,4194304,10,50,33.87,2.6605,3.74102,3.68875,6.883,7.11879,7.15808
55,"n23m0123.hpc.itc.rwth-aachen.de",55,"55","uds",65,"n23m0123.hpc.itc.rwth-aachen.de",65,"65","uds",unix,64,4194304,10,50,34.616,2.8375,4.09103,3.90725,4.9855,7.0065,6.95765
55,"n23m0123.hpc.itc.rwth-aachen.de",55,"55","uds",66,"n23m0123.hpc.itc.rwth-aachen.de",66,"66","uds",unix,64,4194304,10,50,34.874,2.6245,3.85392,3.84425,4.869,7.02951,7.10427
55,"n23m0123.hpc.itc.rwth-aachen.de",55,"55","uds",67,"n23m0123.hpc.itc.rwth-aachen.de",67,"67","uds",unix,64,4194304,10,50,34.53,2.8455,4.39401,4.652,8.0405,7.17343,7.11554
55,"n23m0123.hpc.itc.rwth-aachen.de",55,"55","uds",68,"n23m0123.hpc.itc.rwth-aachen.de",68,"68","uds",unix,64,4194304,10,50,35.272,2.807,4.13758,3.914,8.345,6.96368,6.92053
55,"n23m0123.hpc.itc.rwth-aachen.de",55,"55","uds",69,"n23m0123.hpc.itc.rwth-aachen.de",69,"69","uds",unix,64,4194304,10,50,32.215,2.729,4.0707,3.9145,5.039,6.96888,6.92451
55,"n23m0123.hpc.itc.rwth-aachen.de",55,"55","uds",70,"n23m0123.hpc.itc.rwth-aachen.de",70,"70","uds",unix,64,4194304,10,50,46.611,4.5565,4.93094,4.92475,5.472,7.17308,7.1513
55,"n23m0123.hpc.itc.rwth-aachen.de",55,"55","uds",71,"n23m0123.hpc.itc.rwth-aachen.de",71,"71","uds",unix,64,4194304,10,50,32.977,2.775,4.00076,4.0325,7.6115,6.87887,6.93711
55,"n23m0123.hpc.itc.rwth-aachen.de",55,"55","uds",72,"n23m0123.hpc.itc.rwth-aachen.de",72,"72","uds",unix,64,4194304,10,50,41.152,2.782,4.04413,4.01725,6.3205,6.90129,6.85839
55,"n23m0123.hpc.itc.rwth-aachen.de",55,"55","uds",73,"n23m0123.hpc.itc.rwth-aachen.de",73,"73","uds",unix,64,4194304,10,50,37.46,2.8855,4.56178,4.77675,6.735,6.90659,6.8775
55,"n23m0123.hpc.itc.rwth-aachen.de",55,"55","uds",74,"n23m0123.hpc.itc.rwth-aachen.de",74,"74","uds",unix,64,4194304,10,50,34.065,2.8775,4.24309,4.07425,5.431,6.82976,6.81253
55,"n23m0123.hpc.itc.rwth-aachen.de",55,"55","uds",75,"n23m0123.hpc.itc.rwth-aachen.de",75,"75","uds",unix,64,4194304,10,50,35.96,2.8825,4.40787,4.64025,8.0415,6.78836,6.76762
55,"n23m0123.hpc.itc.rwth-aachen.de",55,"55","uds",76,"n23m0123.hpc.itc.rwth-aachen.de",76,"76","uds",unix,64,4194304,10,50,34.56,2.79,4.07684,3.90825,5.311,6.87663,6.90425
55,"n23m0123.hpc.itc.rwth-aachen.de",55,"55","uds",77,"n23m0123.hpc.itc.rwth-aachen.de",77,"77","uds",unix,64,4194304,10,50,40.808,4.3175,5.15073,5.19575,5.598,6.98031,6.92416
55,"n23m0123.hpc.itc.rwth-aachen.de",55,"55","uds",78,"n23m0123.hpc.itc.rwth-aachen.de",78,"78","uds",unix,64,4194304,10,50,35.139,2.734,3.89675,3.8235,5.5145,6.80815,6.76653
55,"n23m0123.hpc.itc.rwth-aachen.de",55,"55","uds",79,"n23m0123.hpc.itc.rwth-aachen.de",79,"79","uds",unix,64,4194304,10,50,47.538,2.85,4.3038,4.1935,5.758,6.81514,6.80721
55,"n23m0123.hpc.itc.rwth-aachen.de",55,"55","uds",80,"n23m0123.hpc.itc.rwth-aachen.de",80,"80","uds",unix,64,4194304,10,50,39.591,2.751,4.08336,4.11825,5.4905,6.69933,6.70768
55,"n23m0123.hpc.itc.rwth-aachen.de",55,"55","uds",81,"n23m0123.hpc.itc.rwth-aachen.de",81,"81","uds",unix,64,4194304,10,50,36.151,2.757,3.63795,3.72475,5.2445,6.90701,6.90044
55,"n23m0123.hpc.itc.rwth-aachen.de",55,"55","uds",82,"n23m0123.hpc.itc.rwth-aachen.de",82,"82","uds",unix,64,4194304,10,50,42.468,3.132,4.71823,4.89775,5.577,6.88918,6.84138
55,"n23m0123.hpc.itc.rwth-aachen.de",55,"55","uds",83,"n23m0123.hpc.itc.rwth-aachen.de",83,"83","uds",unix,64,4194304,10,50,41.379,2.9335,4.63796,4.819,12.4915,6.84356,6.78994
55,"n23m0123.hpc.itc.rwth-aachen.de",55,"55","uds",84,"n23m0123.hpc.itc.rwth-aachen.de",84,"84","uds",unix,64,4194304,10,50,35.825,3.18,4.71996,4.99425,5.62,6.50482,6.51958
55,"n23m0123.hpc.itc.rwth-aachen.de",55,"55","uds",85,"n23m0123.hpc.itc.rwth-aachen.de",85,"85","uds",unix,64,4194304,10,50,34.046,2.9955,4.54662,4.7385,5.4805,6.52361,6.5179
55,"n23m0123.hpc.itc.rwth-aachen.de",55,"55","uds",86,"n23m0123.hpc.itc.rwth-aachen.de",86,"86","uds",unix,64,4194304,10,50,46.409,2.8435,4.50486,4.85275,5.2335,6.5071,6.51259
55,"n23m0123.hpc.itc.rwth-aachen.de",55,"55","uds",87,"n23m0123.hpc.itc.rwth-aachen.de",87,"87","uds",unix,64,4194304,10,50,39.228,3.438,4.99027,5.234,5.9115,6.50253,6.46387
55,"n23m0123.hpc.itc.rwth-aachen.de",55,"55","uds",88,"n23m0123.hpc.itc.rwth-aachen.de",88,"88","uds",unix,64,4194304,10,50,53.869,2.9095,4.62745,4.96975,6.595,6.5193,6.53173
55,"n23m0123.hpc.itc.rwth-aachen.de",55,"55","uds",89,"n23m0123.hpc.itc.rwth-aachen.de",89,"89","uds",unix,64,4194304,10,50,33.527,4.5625,5.18352,5.14575,7.416,6.38222,6.41028
55,"n23m0123.hpc.itc.rwth-aachen.de",55,"55","uds",90,"n23m0123.hpc.itc.rwth-aachen.de",90,"90","uds",unix,64,4194304,10,50,39.63,2.9245,4.33336,4.16925,5.533,6.5095,6.48849
55,"n23m0123.hpc.itc.rwth-aachen.de",55,"55","uds",91,"n23m0123.hpc.itc.rwth-aachen.de",91,"91","uds",unix,64,4194304,10,50,42.44,3.0855,4.59561,4.6805,5.7575,6.47204,6.45944
55,"n23m0123.hpc.itc.rwth-aachen.de",55,"55","uds",92,"n23m0123.hpc.itc.rwth-aachen.de",92,"92","uds",unix,64,4194304,10,50,38.273,2.861,4.3067,4.64525,5.4185,6.46143,6.47353
55,"n23m0123.hpc.itc.rwth-aachen.de",55,"55","uds",93,"n23m0123.hpc.itc.rwth-aachen.de",93,"93","uds",unix,64,4194304,10,50,33.102,3.1055,4.84922,5.0745,7.2775,6.50165,6.48093
55,"n23m0123.hpc.itc.rwth-aachen.de",55,"55","uds",94,"n23m0123.hpc.itc.rwth-aachen.de",94,"94","uds",unix,64,4194304,10,50,35.359,4.574,5.43879,5.386,7.7305,6.4717,6.446
55,"n23m0123.hpc.itc.rwth-aachen.de",55,"55","uds",95,"n23m0123.hpc.itc.rwth-aachen.de",95,"95","uds",unix,64,4194304,10,50,34.383,3.0505,4.67837,4.4655,11.359,6.39502,6.40044
56,"n23m0123.hpc.itc.rwth-aachen.de",56,"56","uds",57,"n23m0123.hpc.itc.rwth-aachen.de",57,"57","uds",unix,64,4194304,10,50,95.98,2.4635,3.24998,2.705,4.7415,7.15148,7.11914
56,"n23m0123.hpc.itc.rwth-aachen.de",56,"56","uds",58,"n23m0123.hpc.itc.rwth-aachen.de",58,"58","uds",unix,64,4194304,10,50,41.585,2.718,4.23565,4.6085,5.0425,7.37635,7.36703
56,"n23m0123.hpc.itc.rwth-aachen.de",56,"56","uds",59,"n23m0123.hpc.itc.rwth-aachen.de",59,"59","uds",unix,64,4194304,10,50,35.507,2.4435,3.62237,3.50725,6.606,7.13709,7.08829
56,"n23m0123.hpc.itc.rwth-aachen.de",56,"56","uds",60,"n23m0123.hpc.itc.rwth-aachen.de",60,"60","uds",unix,64,4194304,10,50,36.502,2.6775,4.00403,3.95075,6.3305,6.67841,6.65468
56,"n23m0123.hpc.itc.rwth-aachen.de",56,"56","uds",61,"n23m0123.hpc.itc.rwth-aachen.de",61,"61","uds",unix,64,4194304,10,50,42.173,2.847,4.58957,4.75475,5.2405,6.86856,6.8945
56,"n23m0123.hpc.itc.rwth-aachen.de",56,"56","uds",62,"n23m0123.hpc.itc.rwth-aachen.de",62,"62","uds",unix,64,4194304,10,50,36.383,2.9305,4.37783,4.54825,5.0475,6.7425,6.69743
56,"n23m0123.hpc.itc.rwth-aachen.de",56,"56","uds",63,"n23m0123.hpc.itc.rwth-aachen.de",63,"63","uds",unix,64,4194304,10,50,36.527,2.7695,4.05596,3.92675,7.2815,6.6478,6.65131
56,"n23m0123.hpc.itc.rwth-aachen.de",56,"56","uds",64,"n23m0123.hpc.itc.rwth-aachen.de",64,"64","uds",unix,64,4194304,10,50,32.807,2.7285,4.14521,4.088,10.6195,6.95327,6.9009
56,"n23m0123.hpc.itc.rwth-aachen.de",56,"56","uds",65,"n23m0123.hpc.itc.rwth-aachen.de",65,"65","uds",unix,64,4194304,10,50,33.667,2.631,3.42119,2.894,4.843,6.74696,6.74872
56,"n23m0123.hpc.itc.rwth-aachen.de",56,"56","uds",66,"n23m0123.hpc.itc.rwth-aachen.de",66,"66","uds",unix,64,4194304,10,50,37.097,3.1295,4.62343,4.8205,8.375,6.83933,6.89099
56,"n23m0123.hpc.itc.rwth-aachen.de",56,"56","uds",67,"n23m0123.hpc.itc.rwth-aachen.de",67,"67","uds",unix,64,4194304,10,50,32.068,3.69,4.5475,4.5605,4.997,6.86553,6.86315
56,"n23m0123.hpc.itc.rwth-aachen.de",56,"56","uds",68,"n23m0123.hpc.itc.rwth-aachen.de",68,"68","uds",unix,64,4194304,10,50,33.128,2.7875,3.97307,3.94,5.2845,6.73889,6.71648
56,"n23m0123.hpc.itc.rwth-aachen.de",56,"56","uds",69,"n23m0123.hpc.itc.rwth-aachen.de",69,"69","uds",unix,64,4194304,10,50,32.33,2.852,4.35826,4.24575,5.4635,6.63771,6.64304
56,"n23m0123.hpc.itc.rwth-aachen.de",56,"56","uds",70,"n23m0123.hpc.itc.rwth-aachen.de",70,"70","uds",unix,64,4194304,10,50,30.04,2.57,3.28034,2.879,4.7705,6.88791,6.89017
56,"n23m0123.hpc.itc.rwth-aachen.de",56,"56","uds",71,"n23m0123.hpc.itc.rwth-aachen.de",71,"71","uds",unix,64,4194304,10,50,31.621,2.5245,3.32404,3.4515,4.5415,6.70188,6.694
56,"n23m0123.hpc.itc.rwth-aachen.de",56,"56","uds",72,"n23m0123.hpc.itc.rwth-aachen.de",72,"72","uds",unix,64,4194304,10,50,32.53,2.6825,3.58364,3.59475,5.071,6.71195,6.76305
56,"n23m0123.hpc.itc.rwth-aachen.de",56,"56","uds",73,"n23m0123.hpc.itc.rwth-aachen.de",73,"73","uds",unix,64,4194304,10,50,34.234,2.78,4.36478,4.59475,5.0075,6.7836,6.7896
56,"n23m0123.hpc.itc.rwth-aachen.de",56,"56","uds",74,"n23m0123.hpc.itc.rwth-aachen.de",74,"74","uds",unix,64,4194304,10,50,33.669,2.762,3.93682,3.90075,6.9485,6.73575,6.72429
56,"n23m0123.hpc.itc.rwth-aachen.de",56,"56","uds",75,"n23m0123.hpc.itc.rwth-aachen.de",75,"75","uds",unix,64,4194304,10,50,40.106,3.84,4.87291,4.953,5.3985,6.73423,6.64368
56,"n23m0123.hpc.itc.rwth-aachen.de",56,"56","uds",76,"n23m0123.hpc.itc.rwth-aachen.de",76,"76","uds",unix,64,4194304,10,50,30.704,2.9025,4.51725,4.63425,5.259,6.79287,6.78525
56,"n23m0123.hpc.itc.rwth-aachen.de",56,"56","uds",77,"n23m0123.hpc.itc.rwth-aachen.de",77,"77","uds",unix,64,4194304,10,50,33.097,2.689,3.70444,3.62875,4.956,6.85763,6.84202
56,"n23m0123.hpc.itc.rwth-aachen.de",56,"56","uds",78,"n23m0123.hpc.itc.rwth-aachen.de",78,"78","uds",unix,64,4194304,10,50,40.426,2.988,4.51501,4.8055,6.6705,6.82753,6.7499
56,"n23m0123.hpc.itc.rwth-aachen.de",56,"56","uds",79,"n23m0123.hpc.itc.rwth-aachen.de",79,"79","uds",unix,64,4194304,10,50,33.523,2.844,4.1616,4.0725,5.2315,6.7485,6.70182
56,"n23m0123.hpc.itc.rwth-aachen.de",56,"56","uds",80,"n23m0123.hpc.itc.rwth-aachen.de",80,"80","uds",unix,64,4194304,10,50,33.64,2.875,4.30816,4.2995,5.5055,6.60409,6.57438
56,"n23m0123.hpc.itc.rwth-aachen.de",56,"56","uds",81,"n23m0123.hpc.itc.rwth-aachen.de",81,"81","uds",unix,64,4194304,10,50,39.697,3.073,4.67435,4.80525,6.6225,6.7644,6.81214
56,"n23m0123.hpc.itc.rwth-aachen.de",56,"56","uds",82,"n23m0123.hpc.itc.rwth-aachen.de",82,"82","uds",unix,64,4194304,10,50,35.071,2.822,4.17248,4.07225,6.389,6.68947,6.73869
56,"n23m0123.hpc.itc.rwth-aachen.de",56,"56","uds",83,"n23m0123.hpc.itc.rwth-aachen.de",83,"83","uds",unix,64,4194304,10,50,36.528,3.0005,4.68476,4.91725,5.862,6.66117,6.68568
56,"n23m0123.hpc.itc.rwth-aachen.de",56,"56","uds",84,"n23m0123.hpc.itc.rwth-aachen.de",84,"84","uds",unix,64,4194304,10,50,31.688,2.8515,4.13676,4.03225,6.9865,6.46616,6.46798
56,"n23m0123.hpc.itc.rwth-aachen.de",56,"56","uds",85,"n23m0123.hpc.itc.rwth-aachen.de",85,"85","uds",unix,64,4194304,10,50,34.44,2.994,4.1388,4.1115,5.2325,6.5483,6.51343
56,"n23m0123.hpc.itc.rwth-aachen.de",56,"56","uds",86,"n23m0123.hpc.itc.rwth-aachen.de",86,"86","uds",unix,64,4194304,10,50,36.339,2.953,4.40879,4.23475,5.955,6.45452,6.46277
56,"n23m0123.hpc.itc.rwth-aachen.de",56,"56","uds",87,"n23m0123.hpc.itc.rwth-aachen.de",87,"87","uds",unix,64,4194304,10,50,32.954,2.819,4.54033,4.8765,5.853,6.37182,6.40152
56,"n23m0123.hpc.itc.rwth-aachen.de",56,"56","uds",88,"n23m0123.hpc.itc.rwth-aachen.de",88,"88","uds",unix,64,4194304,10,50,33.467,3.957,4.82846,5.018,5.565,6.48292,6.48785
56,"n23m0123.hpc.itc.rwth-aachen.de",56,"56","uds",89,"n23m0123.hpc.itc.rwth-aachen.de",89,"89","uds",unix,64,4194304,10,50,32.733,3.0065,4.55026,4.91225,5.6505,6.42445,6.40719
56,"n23m0123.hpc.itc.rwth-aachen.de",56,"56","uds",90,"n23m0123.hpc.itc.rwth-aachen.de",90,"90","uds",unix,64,4194304,10,50,31.878,2.836,4.26644,4.27075,6.541,6.51481,6.47638
56,"n23m0123.hpc.itc.rwth-aachen.de",56,"56","uds",91,"n23m0123.hpc.itc.rwth-aachen.de",91,"91","uds",unix,64,4194304,10,50,39.746,3.118,4.69044,4.94625,5.668,6.46086,6.42955
56,"n23m0123.hpc.itc.rwth-aachen.de",56,"56","uds",92,"n23m0123.hpc.itc.rwth-aachen.de",92,"92","uds",unix,64,4194304,10,50,32.96,2.843,4.30871,4.0315,7.9615,6.44675,6.45843
56,"n23m0123.hpc.itc.rwth-aachen.de",56,"56","uds",93,"n23m0123.hpc.itc.rwth-aachen.de",93,"93","uds",unix,64,4194304,10,50,31.56,2.8275,4.21219,4.0385,6.328,6.47509,6.45643
56,"n23m0123.hpc.itc.rwth-aachen.de",56,"56","uds",94,"n23m0123.hpc.itc.rwth-aachen.de",94,"94","uds",unix,64,4194304,10,50,32.587,2.9485,4.36336,4.2515,5.503,6.50274,6.44777
56,"n23m0123.hpc.itc.rwth-aachen.de",56,"56","uds",95,"n23m0123.hpc.itc.rwth-aachen.de",95,"95","uds",unix,64,4194304,10,50,31.391,3.213,4.82791,5.10825,5.7495,6.34032,6.37097
57,"n23m0123.hpc.itc.rwth-aachen.de",57,"57","uds",58,"n23m0123.hpc.itc.rwth-aachen.de",58,"58","uds",unix,64,4194304,10,50,91.856,2.6335,4.02784,4.3585,5.789,7.16043,7.14869
57,"n23m0123.hpc.itc.rwth-aachen.de",57,"57","uds",59,"n23m0123.hpc.itc.rwth-aachen.de",59,"59","uds",unix,64,4194304,10,50,42.032,2.621,3.72415,3.742,6.1365,6.90298,6.90952
57,"n23m0123.hpc.itc.rwth-aachen.de",57,"57","uds",60,"n23m0123.hpc.itc.rwth-aachen.de",60,"60","uds",unix,64,4194304,10,50,40.67,2.806,4.06648,3.92675,5.854,6.63334,6.64505
57,"n23m0123.hpc.itc.rwth-aachen.de",57,"57","uds",61,"n23m0123.hpc.itc.rwth-aachen.de",61,"61","uds",unix,64,4194304,10,50,38.945,2.7535,4.55621,4.64725,5.9295,6.90005,6.90082
57,"n23m0123.hpc.itc.rwth-aachen.de",57,"57","uds",62,"n23m0123.hpc.itc.rwth-aachen.de",62,"62","uds",unix,64,4194304,10,50,37.37,2.77,4.44703,4.64575,7.6525,6.76581,6.70565
57,"n23m0123.hpc.itc.rwth-aachen.de",57,"57","uds",63,"n23m0123.hpc.itc.rwth-aachen.de",63,"63","uds",unix,64,4194304,10,50,40.393,2.68,3.80494,3.72725,5.0775,6.67612,6.6588
57,"n23m0123.hpc.itc.rwth-aachen.de",57,"57","uds",64,"n23m0123.hpc.itc.rwth-aachen.de",64,"64","uds",unix,64,4194304,10,50,34.08,2.635,3.71133,3.74025,5.065,6.97765,6.9607
57,"n23m0123.hpc.itc.rwth-aachen.de",57,"57","uds",65,"n23m0123.hpc.itc.rwth-aachen.de",65,"65","uds",unix,64,4194304,10,50,36.185,2.4645,3.18431,2.71375,4.803,6.70481,6.72345
57,"n23m0123.hpc.itc.rwth-aachen.de",57,"57","uds",66,"n23m0123.hpc.itc.rwth-aachen.de",66,"66","uds",unix,64,4194304,10,50,35.152,2.6015,3.85689,3.814,6.993,6.86675,6.90471
57,"n23m0123.hpc.itc.rwth-aachen.de",57,"57","uds",67,"n23m0123.hpc.itc.rwth-aachen.de",67,"67","uds",unix,64,4194304,10,50,35.836,3.136,4.55204,4.7185,5.916,6.9055,6.88007
57,"n23m0123.hpc.itc.rwth-aachen.de",57,"57","uds",68,"n23m0123.hpc.itc.rwth-aachen.de",68,"68","uds",unix,64,4194304,10,50,34.758,2.677,4.12393,4.2145,8.8825,6.68439,6.70441
57,"n23m0123.hpc.itc.rwth-aachen.de",57,"57","uds",69,"n23m0123.hpc.itc.rwth-aachen.de",69,"69","uds",unix,64,4194304,10,50,34.957,2.627,4.11312,3.965,9.9525,6.63671,6.66668
57,"n23m0123.hpc.itc.rwth-aachen.de",57,"57","uds",70,"n23m0123.hpc.itc.rwth-aachen.de",70,"70","uds",unix,64,4194304,10,50,34.487,2.5495,3.33393,3.41225,5.3385,6.87845,6.91841
57,"n23m0123.hpc.itc.rwth-aachen.de",57,"57","uds",71,"n23m0123.hpc.itc.rwth-aachen.de",71,"71","uds",unix,64,4194304,10,50,32.765,2.538,3.27151,2.78475,5.032,6.66386,6.67463
57,"n23m0123.hpc.itc.rwth-aachen.de",57,"57","uds",72,"n23m0123.hpc.itc.rwth-aachen.de",72,"72","uds",unix,64,4194304,10,50,34.484,2.811,3.87495,3.93125,5.3405,6.68122,6.67905
57,"n23m0123.hpc.itc.rwth-aachen.de",57,"57","uds",73,"n23m0123.hpc.itc.rwth-aachen.de",73,"73","uds",unix,64,4194304,10,50,35.427,2.841,4.16804,3.8835,6.181,6.68571,6.68559
57,"n23m0123.hpc.itc.rwth-aachen.de",57,"57","uds",74,"n23m0123.hpc.itc.rwth-aachen.de",74,"74","uds",unix,64,4194304,10,50,34.365,2.8115,4.20523,4.06125,8.817,6.61389,6.60992
57,"n23m0123.hpc.itc.rwth-aachen.de",57,"57","uds",75,"n23m0123.hpc.itc.rwth-aachen.de",75,"75","uds",unix,64,4194304,10,50,39.894,2.927,4.75209,4.95025,9.0655,6.5982,6.59564
57,"n23m0123.hpc.itc.rwth-aachen.de",57,"57","uds",76,"n23m0123.hpc.itc.rwth-aachen.de",76,"76","uds",unix,64,4194304,10,50,34.999,2.9935,4.70096,4.86025,8.028,6.68003,6.70284
57,"n23m0123.hpc.itc.rwth-aachen.de",57,"57","uds",77,"n23m0123.hpc.itc.rwth-aachen.de",77,"77","uds",unix,64,4194304,10,50,36.72,2.7645,4.00137,3.96425,5.4515,6.72235,6.72824
57,"n23m0123.hpc.itc.rwth-aachen.de",57,"57","uds",78,"n23m0123.hpc.itc.rwth-aachen.de",78,"78","uds",unix,64,4194304,10,50,36.621,2.665,3.68687,3.74525,5.44,6.70054,6.70186
57,"n23m0123.hpc.itc.rwth-aachen.de",57,"57","uds",79,"n23m0123.hpc.itc.rwth-aachen.de",79,"79","uds",unix,64,4194304,10,50,33.547,2.7825,4.18114,3.98675,7.714,6.67673,6.71174
57,"n23m0123.hpc.itc.rwth-aachen.de",57,"57","uds",80,"n23m0123.hpc.itc.rwth-aachen.de",80,"80","uds",unix,64,4194304,10,50,39.917,2.8645,3.87507,3.92925,5.2575,6.59076,6.57664
57,"n23m0123.hpc.itc.rwth-aachen.de",57,"57","uds",81,"n23m0123.hpc.itc.rwth-aachen.de",81,"81","uds",unix,64,4194304,10,50,35.836,3.2975,4.54929,4.807,5.549,6.53388,6.54977
57,"n23m0123.hpc.itc.rwth-aachen.de",57,"57","uds",82,"n23m0123.hpc.itc.rwth-aachen.de",82,"82","uds",unix,64,4194304,10,50,37.647,2.795,4.05725,3.96025,5.3535,6.59977,6.51447
57,"n23m0123.hpc.itc.rwth-aachen.de",57,"57","uds",83,"n23m0123.hpc.itc.rwth-aachen.de",83,"83","uds",unix,64,4194304,10,50,36.663,2.788,4.01231,4.03675,5.453,6.53738,6.50105
57,"n23m0123.hpc.itc.rwth-aachen.de",57,"57","uds",84,"n23m0123.hpc.itc.rwth-aachen.de",84,"84","uds",unix,64,4194304,10,50,34.062,2.926,4.66301,4.86425,7.536,6.35931,6.38547
57,"n23m0123.hpc.itc.rwth-aachen.de",57,"57","uds",85,"n23m0123.hpc.itc.rwth-aachen.de",85,"85","uds",unix,64,4194304,10,50,33.538,2.8425,4.05553,3.94975,7.0925,6.43552,6.44133
57,"n23m0123.hpc.itc.rwth-aachen.de",57,"57","uds",86,"n23m0123.hpc.itc.rwth-aachen.de",86,"86","uds",unix,64,4194304,10,50,35.073,5.0165,5.47444,5.43325,8.5195,6.40295,6.38262
57,"n23m0123.hpc.itc.rwth-aachen.de",57,"57","uds",87,"n23m0123.hpc.itc.rwth-aachen.de",87,"87","uds",unix,64,4194304,10,50,35.691,3.107,4.96884,5.32575,5.6955,6.27166,6.30284
57,"n23m0123.hpc.itc.rwth-aachen.de",57,"57","uds",88,"n23m0123.hpc.itc.rwth-aachen.de",88,"88","uds",unix,64,4194304,10,50,33.01,3.911,4.84849,5.08725,6.9105,6.42292,6.41585
57,"n23m0123.hpc.itc.rwth-aachen.de",57,"57","uds",89,"n23m0123.hpc.itc.rwth-aachen.de",89,"89","uds",unix,64,4194304,10,50,34.604,3.022,4.58363,4.38075,8.3295,6.35204,6.33918
57,"n23m0123.hpc.itc.rwth-aachen.de",57,"57","uds",90,"n23m0123.hpc.itc.rwth-aachen.de",90,"90","uds",unix,64,4194304,10,50,38.974,2.905,4.29651,4.2895,7.0825,6.43198,6.38968
57,"n23m0123.hpc.itc.rwth-aachen.de",57,"57","uds",91,"n23m0123.hpc.itc.rwth-aachen.de",91,"91","uds",unix,64,4194304,10,50,33.05,2.832,4.38205,4.723,5.447,6.30218,6.34032
57,"n23m0123.hpc.itc.rwth-aachen.de",57,"57","uds",92,"n23m0123.hpc.itc.rwth-aachen.de",92,"92","uds",unix,64,4194304,10,50,32.087,2.9,4.35374,4.2815,5.3205,6.351,6.34586
57,"n23m0123.hpc.itc.rwth-aachen.de",57,"57","uds",93,"n23m0123.hpc.itc.rwth-aachen.de",93,"93","uds",unix,64,4194304,10,50,34.326,3.744,4.64881,4.86625,5.3555,6.29868,6.35946
57,"n23m0123.hpc.itc.rwth-aachen.de",57,"57","uds",94,"n23m0123.hpc.itc.rwth-aachen.de",94,"94","uds",unix,64,4194304,10,50,33.14,2.79,4.43544,4.1765,7.3515,6.34813,6.33187
57,"n23m0123.hpc.itc.rwth-aachen.de",57,"57","uds",95,"n23m0123.hpc.itc.rwth-aachen.de",95,"95","uds",unix,64,4194304,10,50,33.025,3.2415,4.75169,4.42625,5.6675,6.29063,6.29143
58,"n23m0123.hpc.itc.rwth-aachen.de",58,"58","uds",59,"n23m0123.hpc.itc.rwth-aachen.de",59,"59","uds",unix,64,4194304,10,50,90.262,2.6995,4.19347,3.982,5.2305,7.2971,7.25732
58,"n23m0123.hpc.itc.rwth-aachen.de",58,"58","uds",60,"n23m0123.hpc.itc.rwth-aachen.de",60,"60","uds",unix,64,4194304,10,50,41.513,4.323,4.77913,4.752,5.228,6.80933,6.8385
58,"n23m0123.hpc.itc.rwth-aachen.de",58,"58","uds",61,"n23m0123.hpc.itc.rwth-aachen.de",61,"61","uds",unix,64,4194304,10,50,37.728,3.7155,4.71266,4.67925,7.577,7.11348,7.14657
58,"n23m0123.hpc.itc.rwth-aachen.de",58,"58","uds",62,"n23m0123.hpc.itc.rwth-aachen.de",62,"62","uds",unix,64,4194304,10,50,31.451,2.758,4.2667,4.5235,5.057,6.93331,6.95861
58,"n23m0123.hpc.itc.rwth-aachen.de",58,"58","uds",63,"n23m0123.hpc.itc.rwth-aachen.de",63,"63","uds",unix,64,4194304,10,50,41.786,3.5835,4.69161,4.7575,7.7875,6.92752,6.84987
58,"n23m0123.hpc.itc.rwth-aachen.de",58,"58","uds",64,"n23m0123.hpc.itc.rwth-aachen.de",64,"64","uds",unix,64,4194304,10,50,40.428,2.769,3.95181,3.891,5.3035,7.17884,7.17743
58,"n23m0123.hpc.itc.rwth-aachen.de",58,"58","uds",65,"n23m0123.hpc.itc.rwth-aachen.de",65,"65","uds",unix,64,4194304,10,50,36.122,2.716,3.61532,3.48225,7.434,6.94694,6.9756
58,"n23m0123.hpc.itc.rwth-aachen.de",58,"58","uds",66,"n23m0123.hpc.itc.rwth-aachen.de",66,"66","uds",unix,64,4194304,10,50,38.345,2.769,4.30803,4.5695,7.6945,7.16571,7.15045
58,"n23m0123.hpc.itc.rwth-aachen.de",58,"58","uds",67,"n23m0123.hpc.itc.rwth-aachen.de",67,"67","uds",unix,64,4194304,10,50,33.907,2.9615,4.36749,4.52225,4.9275,7.08731,7.10839
58,"n23m0123.hpc.itc.rwth-aachen.de",58,"58","uds",68,"n23m0123.hpc.itc.rwth-aachen.de",68,"68","uds",unix,64,4194304,10,50,31.353,4.3725,4.77388,4.74025,5.316,6.92287,6.94086
58,"n23m0123.hpc.itc.rwth-aachen.de",58,"58","uds",69,"n23m0123.hpc.itc.rwth-aachen.de",69,"69","uds",unix,64,4194304,10,50,34.405,2.8205,4.10573,3.9655,7.177,6.98181,6.9238
58,"n23m0123.hpc.itc.rwth-aachen.de",58,"58","uds",70,"n23m0123.hpc.itc.rwth-aachen.de",70,"70","uds",unix,64,4194304,10,50,31.214,2.7295,3.81632,3.81675,5.694,7.13246,7.17501
58,"n23m0123.hpc.itc.rwth-aachen.de",58,"58","uds",71,"n23m0123.hpc.itc.rwth-aachen.de",71,"71","uds",unix,64,4194304,10,50,31.65,2.666,3.59655,3.62975,4.7455,6.90841,6.92856
58,"n23m0123.hpc.itc.rwth-aachen.de",58,"58","uds",72,"n23m0123.hpc.itc.rwth-aachen.de",72,"72","uds",unix,64,4194304,10,50,32.335,2.625,3.59332,3.65525,6.055,6.8485,6.87614
58,"n23m0123.hpc.itc.rwth-aachen.de",58,"58","uds",73,"n23m0123.hpc.itc.rwth-aachen.de",73,"73","uds",unix,64,4194304,10,50,34.334,2.789,3.96667,3.90525,7.1905,6.85322,6.89197
58,"n23m0123.hpc.itc.rwth-aachen.de",58,"58","uds",74,"n23m0123.hpc.itc.rwth-aachen.de",74,"74","uds",unix,64,4194304,10,50,30.661,2.8255,4.15734,4.013,7.24,6.76943,6.80226
58,"n23m0123.hpc.itc.rwth-aachen.de",58,"58","uds",75,"n23m0123.hpc.itc.rwth-aachen.de",75,"75","uds",unix,64,4194304,10,50,42.337,4.7395,5.22971,5.0785,7.812,6.81954,6.79433
58,"n23m0123.hpc.itc.rwth-aachen.de",58,"58","uds",76,"n23m0123.hpc.itc.rwth-aachen.de",76,"76","uds",unix,64,4194304,10,50,32.299,2.804,3.92262,3.90675,5.2975,6.90398,6.90436
58,"n23m0123.hpc.itc.rwth-aachen.de",58,"58","uds",77,"n23m0123.hpc.itc.rwth-aachen.de",77,"77","uds",unix,64,4194304,10,50,45.407,2.5815,3.25816,3.0345,4.9165,6.88345,6.91435
58,"n23m0123.hpc.itc.rwth-aachen.de",58,"58","uds",78,"n23m0123.hpc.itc.rwth-aachen.de",78,"78","uds",unix,64,4194304,10,50,36.547,2.5365,3.74951,3.32675,13.341,7.02017,6.98803
58,"n23m0123.hpc.itc.rwth-aachen.de",58,"58","uds",79,"n23m0123.hpc.itc.rwth-aachen.de",79,"79","uds",unix,64,4194304,10,50,33.271,2.8295,4.17361,4.29425,5.452,6.9634,6.92142
58,"n23m0123.hpc.itc.rwth-aachen.de",58,"58","uds",80,"n23m0123.hpc.itc.rwth-aachen.de",80,"80","uds",unix,64,4194304,10,50,35.041,2.81,4.89476,4.948,10.1415,6.83809,6.8092
58,"n23m0123.hpc.itc.rwth-aachen.de",58,"58","uds",81,"n23m0123.hpc.itc.rwth-aachen.de",81,"81","uds",unix,64,4194304,10,50,35.339,2.8915,4.29736,4.18375,8.2615,6.78006,6.77428
58,"n23m0123.hpc.itc.rwth-aachen.de",58,"58","uds",82,"n23m0123.hpc.itc.rwth-aachen.de",82,"82","uds",unix,64,4194304,10,50,34.129,2.8535,4.10201,4.04275,5.6235,6.74573,6.76601
58,"n23m0123.hpc.itc.rwth-aachen.de",58,"58","uds",83,"n23m0123.hpc.itc.rwth-aachen.de",83,"83","uds",unix,64,4194304,10,50,33.375,2.6535,3.61807,3.25625,7.11,6.70477,6.68837
58,"n23m0123.hpc.itc.rwth-aachen.de",58,"58","uds",84,"n23m0123.hpc.itc.rwth-aachen.de",84,"84","uds",unix,64,4194304,10,50,30.942,3.104,4.66149,4.91375,6.9835,6.56048,6.57541
58,"n23m0123.hpc.itc.rwth-aachen.de",58,"58","uds",85,"n23m0123.hpc.itc.rwth-aachen.de",85,"85","uds",unix,64,4194304,10,50,30.26,3.144,4.53011,4.775,5.385,6.5538,6.58601
58,"n23m0123.hpc.itc.rwth-aachen.de",58,"58","uds",86,"n23m0123.hpc.itc.rwth-aachen.de",86,"86","uds",unix,64,4194304,10,50,33.958,3.0715,4.92742,5.1625,5.7135,6.55963,6.54036
58,"n23m0123.hpc.itc.rwth-aachen.de",58,"58","uds",87,"n23m0123.hpc.itc.rwth-aachen.de",87,"87","uds",unix,64,4194304,10,50,32.004,3.0225,4.78817,4.96575,11.8625,6.4632,6.48959
58,"n23m0123.hpc.itc.rwth-aachen.de",58,"58","uds",88,"n23m0123.hpc.itc.rwth-aachen.de",88,"88","uds",unix,64,4194304,10,50,32.41,2.911,4.71042,5.1345,5.8455,6.57721,6.57978
58,"n23m0123.hpc.itc.rwth-aachen.de",58,"58","uds",89,"n23m0123.hpc.itc.rwth-aachen.de",89,"89","uds",unix,64,4194304,10,50,31.711,2.983,4.32721,4.294,6.2445,6.47304,6.52159
58,"n23m0123.hpc.itc.rwth-aachen.de",58,"58","uds",90,"n23m0123.hpc.itc.rwth-aachen.de",90,"90","uds",unix,64,4194304,10,50,29.526,2.8,4.36011,4.60825,6.516,6.51577,6.56562
58,"n23m0123.hpc.itc.rwth-aachen.de",58,"58","uds",91,"n23m0123.hpc.itc.rwth-aachen.de",91,"91","uds",unix,64,4194304,10,50,31.194,2.895,4.53379,4.8375,6.8875,6.48557,6.48723
58,"n23m0123.hpc.itc.rwth-aachen.de",58,"58","uds",92,"n23m0123.hpc.itc.rwth-aachen.de",92,"92","uds",unix,64,4194304,10,50,31.664,3.041,4.42192,4.35025,5.495,6.57406,6.5446
58,"n23m0123.hpc.itc.rwth-aachen.de",58,"58","uds",93,"n23m0123.hpc.itc.rwth-aachen.de",93,"93","uds",unix,64,4194304,10,50,30.301,2.8495,4.39399,4.6735,6.946,6.51601,6.51422
58,"n23m0123.hpc.itc.rwth-aachen.de",58,"58","uds",94,"n23m0123.hpc.itc.rwth-aachen.de",94,"94","uds",unix,64,4194304,10,50,30.782,3.0255,4.80032,4.99425,7.7675,6.51471,6.50076
58,"n23m0123.hpc.itc.rwth-aachen.de",58,"58","uds",95,"n23m0123.hpc.itc.rwth-aachen.de",95,"95","uds",unix,64,4194304,10,50,29.899,3.032,4.6451,4.78025,9.847,6.43949,6.46512
59,"n23m0123.hpc.itc.rwth-aachen.de",59,"59","uds",60,"n23m0123.hpc.itc.rwth-aachen.de",60,"60","uds",unix,64,4194304,10,50,89.286,2.599,3.94148,3.8555,6.6515,6.66602,6.70901
59,"n23m0123.hpc.itc.rwth-aachen.de",59,"59","uds",61,"n23m0123.hpc.itc.rwth-aachen.de",61,"61","uds",unix,64,4194304,10,50,41.795,3.028,4.6741,4.8575,5.444,6.94188,6.97865
59,"n23m0123.hpc.itc.rwth-aachen.de",59,"59","uds",62,"n23m0123.hpc.itc.rwth-aachen.de",62,"62","uds",unix,64,4194304,10,50,36.793,2.6325,3.92323,3.745,6.837,6.73635,6.76787
59,"n23m0123.hpc.itc.rwth-aachen.de",59,"59","uds",63,"n23m0123.hpc.itc.rwth-aachen.de",63,"63","uds",unix,64,4194304,10,50,36.296,2.5535,3.76932,3.577,9.525,6.68979,6.70691
59,"n23m0123.hpc.itc.rwth-aachen.de",59,"59","uds",64,"n23m0123.hpc.itc.rwth-aachen.de",64,"64","uds",unix,64,4194304,10,50,36.25,2.567,3.53152,3.4815,9.49,6.97529,6.99905
59,"n23m0123.hpc.itc.rwth-aachen.de",59,"59","uds",65,"n23m0123.hpc.itc.rwth-aachen.de",65,"65","uds",unix,64,4194304,10,50,36.71,2.483,3.17147,2.8095,4.6645,6.73744,6.76509
59,"n23m0123.hpc.itc.rwth-aachen.de",59,"59","uds",66,"n23m0123.hpc.itc.rwth-aachen.de",66,"66","uds",unix,64,4194304,10,50,35.898,4.4405,5.03745,4.979,8.3365,7.04255,6.98524
59,"n23m0123.hpc.itc.rwth-aachen.de",59,"59","uds",67,"n23m0123.hpc.itc.rwth-aachen.de",67,"67","uds",unix,64,4194304,10,50,30.769,2.8625,4.23297,4.5445,6.2805,6.9354,6.93776
59,"n23m0123.hpc.itc.rwth-aachen.de",59,"59","uds",68,"n23m0123.hpc.itc.rwth-aachen.de",68,"68","uds",unix,64,4194304,10,50,31.329,2.663,3.8394,3.924,5.2755,6.75335,6.77407
59,"n23m0123.hpc.itc.rwth-aachen.de",59,"59","uds",69,"n23m0123.hpc.itc.rwth-aachen.de",69,"69","uds",unix,64,4194304,10,50,34.054,2.55,3.12867,2.81625,5.791,6.67498,6.68703
59,"n23m0123.hpc.itc.rwth-aachen.de",59,"59","uds",70,"n23m0123.hpc.itc.rwth-aachen.de",70,"70","uds",unix,64,4194304,10,50,33.103,2.6385,3.28689,2.92125,5.146,7.00883,6.99916
59,"n23m0123.hpc.itc.rwth-aachen.de",59,"59","uds",71,"n23m0123.hpc.itc.rwth-aachen.de",71,"71","uds",unix,64,4194304,10,50,32.56,2.577,3.40646,3.23125,4.896,6.71986,6.72609
59,"n23m0123.hpc.itc.rwth-aachen.de",59,"59","uds",72,"n23m0123.hpc.itc.rwth-aachen.de",72,"72","uds",unix,64,4194304,10,50,38.332,2.6965,3.53089,3.22625,5.1635,6.81642,6.77515
59,"n23m0123.hpc.itc.rwth-aachen.de",59,"59","uds",73,"n23m0123.hpc.itc.rwth-aachen.de",73,"73","uds",unix,64,4194304,10,50,33.192,3.5425,4.441,4.578,5.1505,6.78609,6.79142
59,"n23m0123.hpc.itc.rwth-aachen.de",59,"59","uds",74,"n23m0123.hpc.itc.rwth-aachen.de",74,"74","uds",unix,64,4194304,10,50,34.866,2.7085,3.62122,3.7465,5.4255,6.73995,6.72551
59,"n23m0123.hpc.itc.rwth-aachen.de",59,"59","uds",75,"n23m0123.hpc.itc.rwth-aachen.de",75,"75","uds",unix,64,4194304,10,50,45.815,2.9075,4.50242,4.8565,5.455,6.70629,6.70321
59,"n23m0123.hpc.itc.rwth-aachen.de",59,"59","uds",76,"n23m0123.hpc.itc.rwth-aachen.de",76,"76","uds",unix,64,4194304,10,50,33.281,2.821,3.98541,3.91325,5.259,6.86198,6.81128
59,"n23m0123.hpc.itc.rwth-aachen.de",59,"59","uds",77,"n23m0123.hpc.itc.rwth-aachen.de",77,"77","uds",unix,64,4194304,10,50,33.311,2.597,3.40766,3.3525,4.9555,6.81991,6.83014
59,"n23m0123.hpc.itc.rwth-aachen.de",59,"59","uds",78,"n23m0123.hpc.itc.rwth-aachen.de",78,"78","uds",unix,64,4194304,10,50,40.214,4.643,5.17059,5.15175,6.484,6.81722,6.8458
59,"n23m0123.hpc.itc.rwth-aachen.de",59,"59","uds",79,"n23m0123.hpc.itc.rwth-aachen.de",79,"79","uds",unix,64,4194304,10,50,32.151,2.917,4.47693,4.62375,9.8065,6.79467,6.80302
59,"n23m0123.hpc.itc.rwth-aachen.de",59,"59","uds",80,"n23m0123.hpc.itc.rwth-aachen.de",80,"80","uds",unix,64,4194304,10,50,34.648,3.0315,4.5726,4.893,5.53,6.69846,6.54697
59,"n23m0123.hpc.itc.rwth-aachen.de",59,"59","uds",81,"n23m0123.hpc.itc.rwth-aachen.de",81,"81","uds",unix,64,4194304,10,50,50.438,2.6965,3.99607,4.0375,8.197,6.55969,6.42108
59,"n23m0123.hpc.itc.rwth-aachen.de",59,"59","uds",82,"n23m0123.hpc.itc.rwth-aachen.de",82,"82","uds",unix,64,4194304,10,50,56.851,2.775,4.15593,3.9515,6.8155,6.6412,6.62669
59,"n23m0123.hpc.itc.rwth-aachen.de",59,"59","uds",83,"n23m0123.hpc.itc.rwth-aachen.de",83,"83","uds",unix,64,4194304,10,50,41.809,2.9185,4.47334,4.716,7.266,6.56235,6.53602
59,"n23m0123.hpc.itc.rwth-aachen.de",59,"59","uds",84,"n23m0123.hpc.itc.rwth-aachen.de",84,"84","uds",unix,64,4194304,10,50,47.376,2.7855,4.304,4.0545,7.9205,6.44554,6.48081
59,"n23m0123.hpc.itc.rwth-aachen.de",59,"59","uds",85,"n23m0123.hpc.itc.rwth-aachen.de",85,"85","uds",unix,64,4194304,10,50,51.936,2.858,4.6296,3.923,17.696,6.46592,6.48792
59,"n23m0123.hpc.itc.rwth-aachen.de",59,"59","uds",86,"n23m0123.hpc.itc.rwth-aachen.de",86,"86","uds",unix,64,4194304,10,50,50.406,2.8675,4.48427,4.04725,18.26,6.48025,6.47543
59,"n23m0123.hpc.itc.rwth-aachen.de",59,"59","uds",87,"n23m0123.hpc.itc.rwth-aachen.de",87,"87","uds",unix,64,4194304,10,50,42.077,3.321,4.89536,5.05525,7.762,6.43401,6.41118
59,"n23m0123.hpc.itc.rwth-aachen.de",59,"59","uds",88,"n23m0123.hpc.itc.rwth-aachen.de",88,"88","uds",unix,64,4194304,10,50,35.352,2.693,4.14555,3.984,5.264,6.46255,6.48958
59,"n23m0123.hpc.itc.rwth-aachen.de",59,"59","uds",89,"n23m0123.hpc.itc.rwth-aachen.de",89,"89","uds",unix,64,4194304,10,50,40.28,2.7935,4.18653,4.07375,5.475,6.38785,6.40323
59,"n23m0123.hpc.itc.rwth-aachen.de",59,"59","uds",90,"n23m0123.hpc.itc.rwth-aachen.de",90,"90","uds",unix,64,4194304,10,50,53.801,2.733,4.32719,3.7095,20.3115,6.53388,6.45733
59,"n23m0123.hpc.itc.rwth-aachen.de",59,"59","uds",91,"n23m0123.hpc.itc.rwth-aachen.de",91,"91","uds",unix,64,4194304,10,50,45.4,2.915,4.63971,4.42975,17.1675,6.44038,6.40524
59,"n23m0123.hpc.itc.rwth-aachen.de",59,"59","uds",92,"n23m0123.hpc.itc.rwth-aachen.de",92,"92","uds",unix,64,4194304,10,50,46.568,2.7995,4.1853,4.163,5.249,6.51311,6.42226
59,"n23m0123.hpc.itc.rwth-aachen.de",59,"59","uds",93,"n23m0123.hpc.itc.rwth-aachen.de",93,"93","uds",unix,64,4194304,10,50,53.831,2.916,5.46433,4.724,16.4575,6.50615,6.45826
59,"n23m0123.hpc.itc.rwth-aachen.de",59,"59","uds",94,"n23m0123.hpc.itc.rwth-aachen.de",94,"94","uds",unix,64,4194304,10,50,41.991,3.913,4.60841,4.3155,5.662,6.38165,6.36108
59,"n23m0123.hpc.itc.rwth-aachen.de",59,"59","uds",95,"n23m0123.hpc.itc.rwth-aachen.de",95,"95","uds",unix,64,4194304,10,50,35.977,2.8765,4.20872,4.1835,8.912,6.40183,6.37344
60,"n23m0123.hpc.itc.rwth-aachen.de",60,"60","uds",61,"n23m0123.hpc.itc.rwth-aachen.de",61,"61","uds",unix,64,4194304,10,50,97.324,4.511,4.80964,4.82425,5.504,7.02186,7.05133
60,"n23m0123.hpc.itc.rwth-aachen.de",60,"60","uds",62,"n23m0123.hpc.itc.rwth-aachen.de",62,"62","uds",unix,64,4194304,10,50,52.381,2.7725,4.78858,5.00625,5.716,6.79445,6.43063
60,"n23m0123.hpc.itc.rwth-aachen.de",60,"60","uds",63,"n23m0123.hpc.itc.rwth-aachen.de",63,"63","uds",unix,64,4194304,10,50,52.722,2.62,3.99828,3.71675,9.859,7.02792,7.01451
60,"n23m0123.hpc.itc.rwth-aachen.de",60,"60","uds",64,"n23m0123.hpc.itc.rwth-aachen.de",64,"64","uds",unix,64,4194304,10,50,49.988,2.4815,3.71496,3.667,7.776,7.44542,7.41581
60,"n23m0123.hpc.itc.rwth-aachen.de",60,"60","uds",65,"n23m0123.hpc.itc.rwth-aachen.de",65,"65","uds",unix,64,4194304,10,50,51.081,2.513,3.46152,3.55475,5.94,7.17706,7.18256
60,"n23m0123.hpc.itc.rwth-aachen.de",60,"60","uds",66,"n23m0123.hpc.itc.rwth-aachen.de",66,"66","uds",unix,64,4194304,10,50,49.074,2.802,4.54813,4.6305,5.372,7.2875,7.31507
60,"n23m0123.hpc.itc.rwth-aachen.de",60,"60","uds",67,"n23m0123.hpc.itc.rwth-aachen.de",67,"67","uds",unix,64,4194304,10,50,47.65,2.6085,4.6499,3.84675,7.2195,7.41159,7.33988
60,"n23m0123.hpc.itc.rwth-aachen.de",60,"60","uds",68,"n23m0123.hpc.itc.rwth-aachen.de",68,"68","uds",unix,64,4194304,10,50,37.644,2.6815,3.73891,3.813,5.2835,7.18444,7.1446
60,"n23m0123.hpc.itc.rwth-aachen.de",60,"60","uds",69,"n23m0123.hpc.itc.rwth-aachen.de",69,"69","uds",unix,64,4194304,10,50,52.208,2.7265,4.75284,3.868,17.788,7.02902,7.01518
60,"n23m0123.hpc.itc.rwth-aachen.de",60,"60","uds",70,"n23m0123.hpc.itc.rwth-aachen.de",70,"70","uds",unix,64,4194304,10,50,53.569,2.582,3.64006,3.448,6.852,7.35524,7.363
60,"n23m0123.hpc.itc.rwth-aachen.de",60,"60","uds",71,"n23m0123.hpc.itc.rwth-aachen.de",71,"71","uds",unix,64,4194304,10,50,47.945,2.623,4.00166,3.692,18.29,7.23125,7.17794
60,"n23m0123.hpc.itc.rwth-aachen.de",60,"60","uds",72,"n23m0123.hpc.itc.rwth-aachen.de",72,"72","uds",unix,64,4194304,10,50,48.176,2.836,4.37257,4.06075,11.3445,6.35128,6.35207
60,"n23m0123.hpc.itc.rwth-aachen.de",60,"60","uds",73,"n23m0123.hpc.itc.rwth-aachen.de",73,"73","uds",unix,64,4194304,10,50,42.593,2.713,4.50621,4.07825,17.1015,6.30909,6.34852
60,"n23m0123.hpc.itc.rwth-aachen.de",60,"60","uds",74,"n23m0123.hpc.itc.rwth-aachen.de",74,"74","uds",unix,64,4194304,10,50,51.404,2.889,4.76608,4.114,17.323,6.32743,6.32152
60,"n23m0123.hpc.itc.rwth-aachen.de",60,"60","uds",75,"n23m0123.hpc.itc.rwth-aachen.de",75,"75","uds",unix,64,4194304,10,50,42.179,2.9425,4.6206,4.8585,5.4835,6.27353,6.2904
60,"n23m0123.hpc.itc.rwth-aachen.de",60,"60","uds",76,"n23m0123.hpc.itc.rwth-aachen.de",76,"76","uds",unix,64,4194304,10,50,50.054,2.85,4.93468,4.644,16.2395,6.46841,6.42747
60,"n23m0123.hpc.itc.rwth-aachen.de",60,"60","uds",77,"n23m0123.hpc.itc.rwth-aachen.de",77,"77","uds",unix,64,4194304,10,50,38.401,2.8375,4.22454,4.10525,5.1385,6.36847,6.38331
60,"n23m0123.hpc.itc.rwth-aachen.de",60,"60","uds",78,"n23m0123.hpc.itc.rwth-aachen.de",78,"78","uds",unix,64,4194304,10,50,38.696,3.071,4.81823,4.97,10.824,6.33849,6.22648
60,"n23m0123.hpc.itc.rwth-aachen.de",60,"60","uds",79,"n23m0123.hpc.itc.rwth-aachen.de",79,"79","uds",unix,64,4194304,10,50,55.061,2.858,4.60904,4.88725,5.627,6.34082,6.34711
60,"n23m0123.hpc.itc.rwth-aachen.de",60,"60","uds",80,"n23m0123.hpc.itc.rwth-aachen.de",80,"80","uds",unix,64,4194304,10,50,48.879,2.8895,4.26422,4.431,5.35,6.32463,6.31676
60,"n23m0123.hpc.itc.rwth-aachen.de",60,"60","uds",81,"n23m0123.hpc.itc.rwth-aachen.de",81,"81","uds",unix,64,4194304,10,50,45.543,2.9785,4.59637,4.3895,8.0865,6.38059,6.41378
60,"n23m0123.hpc.itc.rwth-aachen.de",60,"60","uds",82,"n23m0123.hpc.itc.rwth-aachen.de",82,"82","uds",unix,64,4194304,10,50,35.267,2.902,4.50194,4.662,5.464,6.3521,6.3484
60,"n23m0123.hpc.itc.rwth-aachen.de",60,"60","uds",83,"n23m0123.hpc.itc.rwth-aachen.de",83,"83","uds",unix,64,4194304,10,50,34.598,2.8415,4.41321,4.7515,5.3805,6.24863,6.28267
60,"n23m0123.hpc.itc.rwth-aachen.de",60,"60","uds",84,"n23m0123.hpc.itc.rwth-aachen.de",84,"84","uds",unix,64,4194304,10,50,40.547,3.0915,4.53198,4.38825,6.6655,6.64782,6.65838
60,"n23m0123.hpc.itc.rwth-aachen.de",60,"60","uds",85,"n23m0123.hpc.itc.rwth-aachen.de",85,"85","uds",unix,64,4194304,10,50,37.679,2.758,4.30478,4.312,5.2185,6.70912,6.72488
60,"n23m0123.hpc.itc.rwth-aachen.de",60,"60","uds",86,"n23m0123.hpc.itc.rwth-aachen.de",86,"86","uds",unix,64,4194304,10,50,49.888,2.9755,4.53926,4.72425,7.047,6.56443,6.56674
60,"n23m0123.hpc.itc.rwth-aachen.de",60,"60","uds",87,"n23m0123.hpc.itc.rwth-aachen.de",87,"87","uds",unix,64,4194304,10,50,39.433,2.8005,4.6996,4.88775,10.0955,6.49309,6.53858
60,"n23m0123.hpc.itc.rwth-aachen.de",60,"60","uds",88,"n23m0123.hpc.itc.rwth-aachen.de",88,"88","uds",unix,64,4194304,10,50,38.583,2.727,4.05911,4.01475,5.392,6.80121,6.7774
60,"n23m0123.hpc.itc.rwth-aachen.de",60,"60","uds",89,"n23m0123.hpc.itc.rwth-aachen.de",89,"89","uds",unix,64,4194304,10,50,37.948,2.7695,4.13323,3.9125,9.8985,6.71654,6.66601
60,"n23m0123.hpc.itc.rwth-aachen.de",60,"60","uds",90,"n23m0123.hpc.itc.rwth-aachen.de",90,"90","uds",unix,64,4194304,10,50,39.113,2.8065,4.33905,4.09,7.9345,6.78643,6.76013
60,"n23m0123.hpc.itc.rwth-aachen.de",60,"60","uds",91,"n23m0123.hpc.itc.rwth-aachen.de",91,"91","uds",unix,64,4194304,10,50,36.841,4.737,5.0915,5.077,6.561,6.70897,6.67816
60,"n23m0123.hpc.itc.rwth-aachen.de",60,"60","uds",92,"n23m0123.hpc.itc.rwth-aachen.de",92,"92","uds",unix,64,4194304,10,50,38.845,2.806,4.39956,4.5925,6.878,6.76115,6.75831
60,"n23m0123.hpc.itc.rwth-aachen.de",60,"60","uds",93,"n23m0123.hpc.itc.rwth-aachen.de",93,"93","uds",unix,64,4194304,10,50,33.833,2.8605,4.36904,4.647,5.187,6.80549,6.77882
60,"n23m0123.hpc.itc.rwth-aachen.de",60,"60","uds",94,"n23m0123.hpc.itc.rwth-aachen.de",94,"94","uds",unix,64,4194304,10,50,39.385,2.812,4.17431,4.06875,8.283,6.63583,6.60112
60,"n23m0123.hpc.itc.rwth-aachen.de",60,"60","uds",95,"n23m0123.hpc.itc.rwth-aachen.de",95,"95","uds",unix,64,4194304,10,50,36.152,2.901,4.10067,3.96975,10.4335,6.68837,6.66877
61,"n23m0123.hpc.itc.rwth-aachen.de",61,"61","uds",62,"n23m0123.hpc.itc.rwth-aachen.de",62,"62","uds",unix,64,4194304,10,50,109.934,2.851,4.82569,4.92675,7.794,7.20136,7.14122
61,"n23m0123.hpc.itc.rwth-aachen.de",61,"61","uds",63,"n23m0123.hpc.itc.rwth-aachen.de",63,"63","uds",unix,64,4194304,10,50,50.689,3.756,4.8855,4.81675,7.863,7.25249,7.30382
61,"n23m0123.hpc.itc.rwth-aachen.de",61,"61","uds",64,"n23m0123.hpc.itc.rwth-aachen.de",64,"64","uds",unix,64,4194304,10,50,44.03,2.5775,3.91078,4.1735,5.994,7.64086,7.64107
61,"n23m0123.hpc.itc.rwth-aachen.de",61,"61","uds",65,"n23m0123.hpc.itc.rwth-aachen.de",65,"65","uds",unix,64,4194304,10,50,40.204,2.662,4.41286,4.69375,7.4195,7.35785,7.36892
61,"n23m0123.hpc.itc.rwth-aachen.de",61,"61","uds",66,"n23m0123.hpc.itc.rwth-aachen.de",66,"66","uds",unix,64,4194304,10,50,46.339,2.6215,4.56287,4.638,6.5,7.52957,7.56761
61,"n23m0123.hpc.itc.rwth-aachen.de",61,"61","uds",67,"n23m0123.hpc.itc.rwth-aachen.de",67,"67","uds",unix,64,4194304,10,50,46.036,4.346,4.6172,4.55025,6.879,7.51972,7.54786
61,"n23m0123.hpc.itc.rwth-aachen.de",61,"61","uds",68,"n23m0123.hpc.itc.rwth-aachen.de",68,"68","uds",unix,64,4194304,10,50,40.821,2.749,4.1756,4.39575,6.2265,7.38469,7.37856
61,"n23m0123.hpc.itc.rwth-aachen.de",61,"61","uds",69,"n23m0123.hpc.itc.rwth-aachen.de",69,"69","uds",unix,64,4194304,10,50,39.165,3.655,4.73257,4.7145,5.309,7.32717,7.33902
61,"n23m0123.hpc.itc.rwth-aachen.de",61,"61","uds",70,"n23m0123.hpc.itc.rwth-aachen.de",70,"70","uds",unix,64,4194304,10,50,42.631,2.6045,4.38507,4.52775,4.895,7.64432,7.64203
61,"n23m0123.hpc.itc.rwth-aachen.de",61,"61","uds",71,"n23m0123.hpc.itc.rwth-aachen.de",71,"71","uds",unix,64,4194304,10,50,44.434,2.749,4.74586,4.7485,8.8645,7.48629,7.44046
61,"n23m0123.hpc.itc.rwth-aachen.de",61,"61","uds",72,"n23m0123.hpc.itc.rwth-aachen.de",72,"72","uds",unix,64,4194304,10,50,43.511,2.933,4.6492,4.348,7.889,6.51012,6.46949
61,"n23m0123.hpc.itc.rwth-aachen.de",61,"61","uds",73,"n23m0123.hpc.itc.rwth-aachen.de",73,"73","uds",unix,64,4194304,10,50,39.098,2.9355,4.7457,5.02825,7.759,6.44503,6.49082
61,"n23m0123.hpc.itc.rwth-aachen.de",61,"61","uds",74,"n23m0123.hpc.itc.rwth-aachen.de",74,"74","uds",unix,64,4194304,10,50,39.972,2.868,4.85573,4.13025,27.1645,6.4796,6.44702
61,"n23m0123.hpc.itc.rwth-aachen.de",61,"61","uds",75,"n23m0123.hpc.itc.rwth-aachen.de",75,"75","uds",unix,64,4194304,10,50,40.324,2.7975,4.03334,3.9515,5.885,6.42753,6.41573
61,"n23m0123.hpc.itc.rwth-aachen.de",61,"61","uds",76,"n23m0123.hpc.itc.rwth-aachen.de",76,"76","uds",unix,64,4194304,10,50,39.096,3.0145,4.84123,5.08275,6.805,6.58482,6.50941
61,"n23m0123.hpc.itc.rwth-aachen.de",61,"61","uds",77,"n23m0123.hpc.itc.rwth-aachen.de",77,"77","uds",unix,64,4194304,10,50,41.941,2.756,4.13381,4.079,7.881,6.50832,6.5161
61,"n23m0123.hpc.itc.rwth-aachen.de",61,"61","uds",78,"n23m0123.hpc.itc.rwth-aachen.de",78,"78","uds",unix,64,4194304,10,50,50.159,2.8945,4.14805,4.12175,5.5475,6.5897,6.5591
61,"n23m0123.hpc.itc.rwth-aachen.de",61,"61","uds",79,"n23m0123.hpc.itc.rwth-aachen.de",79,"79","uds",unix,64,4194304,10,50,36.397,2.8005,3.92493,3.96325,5.93,6.52858,6.51858
61,"n23m0123.hpc.itc.rwth-aachen.de",61,"61","uds",80,"n23m0123.hpc.itc.rwth-aachen.de",80,"80","uds",unix,64,4194304,10,50,38.138,2.869,4.19521,4.1965,5.5885,6.51423,6.48142
61,"n23m0123.hpc.itc.rwth-aachen.de",61,"61","uds",81,"n23m0123.hpc.itc.rwth-aachen.de",81,"81","uds",unix,64,4194304,10,50,39.563,3.0445,4.4981,4.648,6.6795,6.53218,6.59029
61,"n23m0123.hpc.itc.rwth-aachen.de",61,"61","uds",82,"n23m0123.hpc.itc.rwth-aachen.de",82,"82","uds",unix,64,4194304,10,50,38.52,3.0135,4.41815,4.22125,5.658,6.48585,6.49355
61,"n23m0123.hpc.itc.rwth-aachen.de",61,"61","uds",83,"n23m0123.hpc.itc.rwth-aachen.de",83,"83","uds",unix,64,4194304,10,50,43.022,2.9855,4.76117,4.96775,7.1845,6.44535,6.44668
61,"n23m0123.hpc.itc.rwth-aachen.de",61,"61","uds",84,"n23m0123.hpc.itc.rwth-aachen.de",84,"84","uds",unix,64,4194304,10,50,38.207,2.868,4.14385,4.30325,5.114,6.77854,6.82484
61,"n23m0123.hpc.itc.rwth-aachen.de",61,"61","uds",85,"n23m0123.hpc.itc.rwth-aachen.de",85,"85","uds",unix,64,4194304,10,50,37.633,2.713,4.38965,4.817,5.5955,6.9045,6.85983
61,"n23m0123.hpc.itc.rwth-aachen.de",61,"61","uds",86,"n23m0123.hpc.itc.rwth-aachen.de",86,"86","uds",unix,64,4194304,10,50,37.917,2.769,4.29908,4.234,7.7325,6.78385,6.79246
61,"n23m0123.hpc.itc.rwth-aachen.de",61,"61","uds",87,"n23m0123.hpc.itc.rwth-aachen.de",87,"87","uds",unix,64,4194304,10,50,38.215,2.978,4.77853,4.9955,8.929,6.74434,6.7539
61,"n23m0123.hpc.itc.rwth-aachen.de",61,"61","uds",88,"n23m0123.hpc.itc.rwth-aachen.de",88,"88","uds",unix,64,4194304,10,50,36.835,2.969,4.83549,4.9005,5.294,6.9335,6.95754
61,"n23m0123.hpc.itc.rwth-aachen.de",61,"61","uds",89,"n23m0123.hpc.itc.rwth-aachen.de",89,"89","uds",unix,64,4194304,10,50,37.589,2.829,4.27468,4.1945,7.6965,6.87815,6.89122
61,"n23m0123.hpc.itc.rwth-aachen.de",61,"61","uds",90,"n23m0123.hpc.itc.rwth-aachen.de",90,"90","uds",unix,64,4194304,10,50,37.078,3.61,4.57345,4.635,6.8025,6.90401,6.93663
61,"n23m0123.hpc.itc.rwth-aachen.de",61,"61","uds",91,"n23m0123.hpc.itc.rwth-aachen.de",91,"91","uds",unix,64,4194304,10,50,39.958,3.332,5.00908,5.0505,7.8445,6.87102,6.86461
61,"n23m0123.hpc.itc.rwth-aachen.de",61,"61","uds",92,"n23m0123.hpc.itc.rwth-aachen.de",92,"92","uds",unix,64,4194304,10,50,44.353,2.898,4.48065,4.16125,19.394,6.93895,6.90974
61,"n23m0123.hpc.itc.rwth-aachen.de",61,"61","uds",93,"n23m0123.hpc.itc.rwth-aachen.de",93,"93","uds",unix,64,4194304,10,50,47.908,2.9105,4.83052,4.935,7.87,6.95136,6.93127
61,"n23m0123.hpc.itc.rwth-aachen.de",61,"61","uds",94,"n23m0123.hpc.itc.rwth-aachen.de",94,"94","uds",unix,64,4194304,10,50,36.222,2.6885,3.97314,3.83775,6.3045,6.75464,6.80402
61,"n23m0123.hpc.itc.rwth-aachen.de",61,"61","uds",95,"n23m0123.hpc.itc.rwth-aachen.de",95,"95","uds",unix,64,4194304,10,50,41.48,4.037,5.23755,5.16975,8.222,6.87733,6.83851
62,"n23m0123.hpc.itc.rwth-aachen.de",62,"62","uds",63,"n23m0123.hpc.itc.rwth-aachen.de",63,"63","uds",unix,64,4194304,10,50,98.027,2.5965,4.58345,4.454,16.313,7.05556,7.05393
62,"n23m0123.hpc.itc.rwth-aachen.de",62,"62","uds",64,"n23m0123.hpc.itc.rwth-aachen.de",64,"64","uds",unix,64,4194304,10,50,46.106,2.5295,3.79519,3.725,7.41,7.39627,7.35831
62,"n23m0123.hpc.itc.rwth-aachen.de",62,"62","uds",65,"n23m0123.hpc.itc.rwth-aachen.de",65,"65","uds",unix,64,4194304,10,50,42.12,2.764,4.1865,4.23175,5.3505,7.17373,7.07634
62,"n23m0123.hpc.itc.rwth-aachen.de",62,"62","uds",66,"n23m0123.hpc.itc.rwth-aachen.de",66,"66","uds",unix,64,4194304,10,50,37.784,2.97,5.14746,4.9105,15.886,7.33687,7.3184
62,"n23m0123.hpc.itc.rwth-aachen.de",62,"62","uds",67,"n23m0123.hpc.itc.rwth-aachen.de",67,"67","uds",unix,64,4194304,10,50,44.071,2.792,4.35588,4.6275,5.3065,7.34951,7.33696
62,"n23m0123.hpc.itc.rwth-aachen.de",62,"62","uds",68,"n23m0123.hpc.itc.rwth-aachen.de",68,"68","uds",unix,64,4194304,10,50,40.356,2.8495,4.37519,4.47,5.7185,7.18277,7.11004
62,"n23m0123.hpc.itc.rwth-aachen.de",62,"62","uds",69,"n23m0123.hpc.itc.rwth-aachen.de",69,"69","uds",unix,64,4194304,10,50,38.524,2.5505,3.47327,3.592,5.2435,7.20801,7.12219
62,"n23m0123.hpc.itc.rwth-aachen.de",62,"62","uds",70,"n23m0123.hpc.itc.rwth-aachen.de",70,"70","uds",unix,64,4194304,10,50,39.32,2.726,4.38865,4.467,7.6525,7.42614,7.3858
62,"n23m0123.hpc.itc.rwth-aachen.de",62,"62","uds",71,"n23m0123.hpc.itc.rwth-aachen.de",71,"71","uds",unix,64,4194304,10,50,38.904,2.587,3.76557,3.8235,5.15,7.13992,7.10694
62,"n23m0123.hpc.itc.rwth-aachen.de",62,"62","uds",72,"n23m0123.hpc.itc.rwth-aachen.de",72,"72","uds",unix,64,4194304,10,50,37.319,2.7685,4.18698,4.1435,5.3485,6.40062,6.41198
62,"n23m0123.hpc.itc.rwth-aachen.de",62,"62","uds",73,"n23m0123.hpc.itc.rwth-aachen.de",73,"73","uds",unix,64,4194304,10,50,35.672,2.915,4.29557,4.35025,5.563,6.43692,6.42961
62,"n23m0123.hpc.itc.rwth-aachen.de",62,"62","uds",74,"n23m0123.hpc.itc.rwth-aachen.de",74,"74","uds",unix,64,4194304,10,50,34.711,2.9455,4.21861,4.10475,7.758,6.33457,6.3749
62,"n23m0123.hpc.itc.rwth-aachen.de",62,"62","uds",75,"n23m0123.hpc.itc.rwth-aachen.de",75,"75","uds",unix,64,4194304,10,50,36.26,2.9085,4.50427,4.84825,6.6295,6.36723,6.34654
62,"n23m0123.hpc.itc.rwth-aachen.de",62,"62","uds",76,"n23m0123.hpc.itc.rwth-aachen.de",76,"76","uds",unix,64,4194304,10,50,32.471,2.9105,4.57004,4.73775,8.165,6.45401,6.43584
62,"n23m0123.hpc.itc.rwth-aachen.de",62,"62","uds",77,"n23m0123.hpc.itc.rwth-aachen.de",77,"77","uds",unix,64,4194304,10,50,36.817,2.999,4.76702,5.1415,8.902,6.44492,6.45027
62,"n23m0123.hpc.itc.rwth-aachen.de",62,"62","uds",78,"n23m0123.hpc.itc.rwth-aachen.de",78,"78","uds",unix,64,4194304,10,50,35.158,2.767,4.34757,4.134,9.0345,6.52442,6.49412
62,"n23m0123.hpc.itc.rwth-aachen.de",62,"62","uds",79,"n23m0123.hpc.itc.rwth-aachen.de",79,"79","uds",unix,64,4194304,10,50,34.553,2.881,4.32617,4.12375,8.041,6.45186,6.44764
62,"n23m0123.hpc.itc.rwth-aachen.de",62,"62","uds",80,"n23m0123.hpc.itc.rwth-aachen.de",80,"80","uds",unix,64,4194304,10,50,31.941,2.805,3.7096,3.4575,5.341,6.42831,6.39381
62,"n23m0123.hpc.itc.rwth-aachen.de",62,"62","uds",81,"n23m0123.hpc.itc.rwth-aachen.de",81,"81","uds",unix,64,4194304,10,50,38.505,2.783,4.17364,4.02925,9.956,6.39399,6.47343
62,"n23m0123.hpc.itc.rwth-aachen.de",62,"62","uds",82,"n23m0123.hpc.itc.rwth-aachen.de",82,"82","uds",unix,64,4194304,10,50,32.2,3.78,4.67786,4.91175,5.7245,6.42104,6.4418
62,"n23m0123.hpc.itc.rwth-aachen.de",62,"62","uds",83,"n23m0123.hpc.itc.rwth-aachen.de",83,"83","uds",unix,64,4194304,10,50,34.516,2.827,4.5453,4.8525,7.8405,6.33412,6.36336
62,"n23m0123.hpc.itc.rwth-aachen.de",62,"62","uds",84,"n23m0123.hpc.itc.rwth-aachen.de",84,"84","uds",unix,64,4194304,10,50,34.749,2.885,4.39552,4.62325,5.7685,6.73519,6.73423
62,"n23m0123.hpc.itc.rwth-aachen.de",62,"62","uds",85,"n23m0123.hpc.itc.rwth-aachen.de",85,"85","uds",unix,64,4194304,10,50,33.649,2.9515,4.48065,4.70325,5.2045,6.68818,6.72105
62,"n23m0123.hpc.itc.rwth-aachen.de",62,"62","uds",86,"n23m0123.hpc.itc.rwth-aachen.de",86,"86","uds",unix,64,4194304,10,50,37.968,2.77,4.15366,4.11075,7.3805,6.68858,6.64431
62,"n23m0123.hpc.itc.rwth-aachen.de",62,"62","uds",87,"n23m0123.hpc.itc.rwth-aachen.de",87,"87","uds",unix,64,4194304,10,50,32.543,2.8485,4.47506,4.53675,5.442,6.58653,6.60909
62,"n23m0123.hpc.itc.rwth-aachen.de",62,"62","uds",88,"n23m0123.hpc.itc.rwth-aachen.de",88,"88","uds",unix,64,4194304,10,50,35.245,2.724,3.96988,3.92975,5.2965,6.81364,6.86127
62,"n23m0123.hpc.itc.rwth-aachen.de",62,"62","uds",89,"n23m0123.hpc.itc.rwth-aachen.de",89,"89","uds",unix,64,4194304,10,50,33.174,2.807,4.12878,3.88825,6.641,6.75687,6.79826
62,"n23m0123.hpc.itc.rwth-aachen.de",62,"62","uds",90,"n23m0123.hpc.itc.rwth-aachen.de",90,"90","uds",unix,64,4194304,10,50,32.376,3.863,4.91909,5.017,7.8745,6.88261,6.84964
62,"n23m0123.hpc.itc.rwth-aachen.de",62,"62","uds",91,"n23m0123.hpc.itc.rwth-aachen.de",91,"91","uds",unix,64,4194304,10,50,32.935,2.9895,4.65752,4.943,5.532,6.77202,6.77577
62,"n23m0123.hpc.itc.rwth-aachen.de",62,"62","uds",92,"n23m0123.hpc.itc.rwth-aachen.de",92,"92","uds",unix,64,4194304,10,50,35.857,2.774,4.30716,4.641,5.3785,6.77902,6.83268
62,"n23m0123.hpc.itc.rwth-aachen.de",62,"62","uds",93,"n23m0123.hpc.itc.rwth-aachen.de",93,"93","uds",unix,64,4194304,10,50,30.987,2.782,4.36113,4.68675,5.1715,6.79957,6.84208
62,"n23m0123.hpc.itc.rwth-aachen.de",62,"62","uds",94,"n23m0123.hpc.itc.rwth-aachen.de",94,"94","uds",unix,64,4194304,10,50,32.018,2.799,3.92912,3.8445,5.166,6.77787,6.73212
62,"n23m0123.hpc.itc.rwth-aachen.de",62,"62","uds",95,"n23m0123.hpc.itc.rwth-aachen.de",95,"95","uds",unix,64,4194304,10,50,34.2,2.854,4.16136,4.078,5.451,6.80541,6.748
63,"n23m0123.hpc.itc.rwth-aachen.de",63,"63","uds",64,"n23m0123.hpc.itc.rwth-aachen.de",64,"64","uds",unix,64,4194304,10,50,92.934,2.4005,3.46889,3.50225,7.9495,7.1595,7.16592
63,"n23m0123.hpc.itc.rwth-aachen.de",63,"63","uds",65,"n23m0123.hpc.itc.rwth-aachen.de",65,"65","uds",unix,64,4194304,10,50,42.823,2.4995,4.24241,4.4695,4.823,6.78995,6.81922
63,"n23m0123.hpc.itc.rwth-aachen.de",63,"63","uds",66,"n23m0123.hpc.itc.rwth-aachen.de",66,"66","uds",unix,64,4194304,10,50,45.217,4.168,4.52947,4.534,5.248,7.26715,7.27216
63,"n23m0123.hpc.itc.rwth-aachen.de",63,"63","uds",67,"n23m0123.hpc.itc.rwth-aachen.de",67,"67","uds",unix,64,4194304,10,50,38.774,2.596,3.96681,4.20875,5.549,7.21777,7.24708
63,"n23m0123.hpc.itc.rwth-aachen.de",63,"63","uds",68,"n23m0123.hpc.itc.rwth-aachen.de",68,"68","uds",unix,64,4194304,10,50,38.609,2.612,3.73787,3.74875,5.2625,7.08912,7.06154
63,"n23m0123.hpc.itc.rwth-aachen.de",63,"63","uds",69,"n23m0123.hpc.itc.rwth-aachen.de",69,"69","uds",unix,64,4194304,10,50,39.701,2.5795,3.53152,3.5815,5.3425,7.03208,7.00933
63,"n23m0123.hpc.itc.rwth-aachen.de",63,"63","uds",70,"n23m0123.hpc.itc.rwth-aachen.de",70,"70","uds",unix,64,4194304,10,50,40.187,2.512,3.50844,3.53125,5.8415,7.35892,7.34574
63,"n23m0123.hpc.itc.rwth-aachen.de",63,"63","uds",71,"n23m0123.hpc.itc.rwth-aachen.de",71,"71","uds",unix,64,4194304,10,50,37.018,2.6895,4.23667,4.54425,5.0575,7.20122,7.14894
63,"n23m0123.hpc.itc.rwth-aachen.de",63,"63","uds",72,"n23m0123.hpc.itc.rwth-aachen.de",72,"72","uds",unix,64,4194304,10,50,37.241,2.979,4.63697,4.9985,7.3025,6.2891,6.3051
63,"n23m0123.hpc.itc.rwth-aachen.de",63,"63","uds",73,"n23m0123.hpc.itc.rwth-aachen.de",73,"73","uds",unix,64,4194304,10,50,37.202,3.04,4.50061,4.28675,5.4095,6.25586,6.31649
63,"n23m0123.hpc.itc.rwth-aachen.de",63,"63","uds",74,"n23m0123.hpc.itc.rwth-aachen.de",74,"74","uds",unix,64,4194304,10,50,37.009,2.8885,4.19762,4.132,5.5665,6.2244,6.02987
63,"n23m0123.hpc.itc.rwth-aachen.de",63,"63","uds",75,"n23m0123.hpc.itc.rwth-aachen.de",75,"75","uds",unix,64,4194304,10,50,52.894,2.91,4.2747,4.18075,5.8335,6.21371,6.25495
63,"n23m0123.hpc.itc.rwth-aachen.de",63,"63","uds",76,"n23m0123.hpc.itc.rwth-aachen.de",76,"76","uds",unix,64,4194304,10,50,38.983,3.2795,4.84039,4.99825,8.0615,6.35821,6.35203
63,"n23m0123.hpc.itc.rwth-aachen.de",63,"63","uds",77,"n23m0123.hpc.itc.rwth-aachen.de",77,"77","uds",unix,64,4194304,10,50,38.546,2.966,4.40324,4.24525,5.64,6.35343,6.19675
63,"n23m0123.hpc.itc.rwth-aachen.de",63,"63","uds",78,"n23m0123.hpc.itc.rwth-aachen.de",78,"78","uds",unix,64,4194304,10,50,46.058,3.1005,4.79296,4.96225,8.3685,6.45644,6.41526
63,"n23m0123.hpc.itc.rwth-aachen.de",63,"63","uds",79,"n23m0123.hpc.itc.rwth-aachen.de",79,"79","uds",unix,64,4194304,10,50,35.65,2.8305,4.40751,4.62575,5.841,6.37736,6.36005
63,"n23m0123.hpc.itc.rwth-aachen.de",63,"63","uds",80,"n23m0123.hpc.itc.rwth-aachen.de",80,"80","uds",unix,64,4194304,10,50,37.029,3.0105,4.4559,4.28875,5.653,6.37935,6.32156
63,"n23m0123.hpc.itc.rwth-aachen.de",63,"63","uds",81,"n23m0123.hpc.itc.rwth-aachen.de",81,"81","uds",unix,64,4194304,10,50,36.546,3.031,4.55609,4.83425,5.5655,6.39593,6.39347
63,"n23m0123.hpc.itc.rwth-aachen.de",63,"63","uds",82,"n23m0123.hpc.itc.rwth-aachen.de",82,"82","uds",unix,64,4194304,10,50,34.713,2.8755,4.43973,4.30925,8.4575,6.37859,6.36516
63,"n23m0123.hpc.itc.rwth-aachen.de",63,"63","uds",83,"n23m0123.hpc.itc.rwth-aachen.de",83,"83","uds",unix,64,4194304,10,50,40.611,3.177,4.9052,5.12575,7.328,6.30162,6.31042
63,"n23m0123.hpc.itc.rwth-aachen.de",63,"63","uds",84,"n23m0123.hpc.itc.rwth-aachen.de",84,"84","uds",unix,64,4194304,10,50,43.687,2.7035,3.82603,3.69775,4.887,6.77794,6.75094
63,"n23m0123.hpc.itc.rwth-aachen.de",63,"63","uds",85,"n23m0123.hpc.itc.rwth-aachen.de",85,"85","uds",unix,64,4194304,10,50,33.697,2.6815,3.98767,4.03975,4.994,6.75462,6.77712
63,"n23m0123.hpc.itc.rwth-aachen.de",63,"63","uds",86,"n23m0123.hpc.itc.rwth-aachen.de",86,"86","uds",unix,64,4194304,10,50,35.4,2.9235,4.74344,4.831,11.1575,6.77075,6.70888
63,"n23m0123.hpc.itc.rwth-aachen.de",63,"63","uds",87,"n23m0123.hpc.itc.rwth-aachen.de",87,"87","uds",unix,64,4194304,10,50,35.437,2.78,4.70305,4.90325,7.442,6.67742,6.6337
63,"n23m0123.hpc.itc.rwth-aachen.de",63,"63","uds",88,"n23m0123.hpc.itc.rwth-aachen.de",88,"88","uds",unix,64,4194304,10,50,38.928,2.8705,4.08767,3.9115,5.4565,6.69997,6.65023
63,"n23m0123.hpc.itc.rwth-aachen.de",63,"63","uds",89,"n23m0123.hpc.itc.rwth-aachen.de",89,"89","uds",unix,64,4194304,10,50,35.746,2.6775,4.13088,4.02325,6.965,6.63254,6.6437
63,"n23m0123.hpc.itc.rwth-aachen.de",63,"63","uds",90,"n23m0123.hpc.itc.rwth-aachen.de",90,"90","uds",unix,64,4194304,10,50,34.054,2.905,4.47092,4.64275,5.129,6.79716,6.78265
63,"n23m0123.hpc.itc.rwth-aachen.de",63,"63","uds",91,"n23m0123.hpc.itc.rwth-aachen.de",91,"91","uds",unix,64,4194304,10,50,34.467,2.78,4.25319,4.45075,8.8355,6.67175,6.65551
63,"n23m0123.hpc.itc.rwth-aachen.de",63,"63","uds",92,"n23m0123.hpc.itc.rwth-aachen.de",92,"92","uds",unix,64,4194304,10,50,44.09,3.189,4.68801,4.86725,5.2675,6.74493,6.75589
63,"n23m0123.hpc.itc.rwth-aachen.de",63,"63","uds",93,"n23m0123.hpc.itc.rwth-aachen.de",93,"93","uds",unix,64,4194304,10,50,37.013,2.9025,4.69807,4.895,9.442,6.83326,6.78623
63,"n23m0123.hpc.itc.rwth-aachen.de",63,"63","uds",94,"n23m0123.hpc.itc.rwth-aachen.de",94,"94","uds",unix,64,4194304,10,50,34.471,2.744,3.86586,3.75725,8.778,6.58915,6.58889
63,"n23m0123.hpc.itc.rwth-aachen.de",63,"63","uds",95,"n23m0123.hpc.itc.rwth-aachen.de",95,"95","uds",unix,64,4194304,10,50,32.492,2.7085,3.72987,3.7565,5.597,6.66466,6.67222
64,"n23m0123.hpc.itc.rwth-aachen.de",64,"64","uds",65,"n23m0123.hpc.itc.rwth-aachen.de",65,"65","uds",unix,64,4194304,10,50,89.285,2.5975,4.00382,3.77525,5.2575,7.24055,7.19764
64,"n23m0123.hpc.itc.rwth-aachen.de",64,"64","uds",66,"n23m0123.hpc.itc.rwth-aachen.de",66,"66","uds",unix,64,4194304,10,50,43.098,2.7105,3.9825,3.8725,7.148,7.61587,7.63909
64,"n23m0123.hpc.itc.rwth-aachen.de",64,"64","uds",67,"n23m0123.hpc.itc.rwth-aachen.de",67,"67","uds",unix,64,4194304,10,50,38.11,2.488,3.60627,3.628,4.819,7.54855,7.612
64,"n23m0123.hpc.itc.rwth-aachen.de",64,"64","uds",68,"n23m0123.hpc.itc.rwth-aachen.de",68,"68","uds",unix,64,4194304,10,50,38.523,2.6615,3.70033,3.74825,6.3245,7.47518,7.40198
64,"n23m0123.hpc.itc.rwth-aachen.de",64,"64","uds",69,"n23m0123.hpc.itc.rwth-aachen.de",69,"69","uds",unix,64,4194304,10,50,41.411,2.694,3.61471,3.527,12.769,7.44039,7.39847
64,"n23m0123.hpc.itc.rwth-aachen.de",64,"64","uds",70,"n23m0123.hpc.itc.rwth-aachen.de",70,"70","uds",unix,64,4194304,10,50,41.834,2.5015,3.24201,3.041,6.069,7.69704,7.70519
64,"n23m0123.hpc.itc.rwth-aachen.de",64,"64","uds",71,"n23m0123.hpc.itc.rwth-aachen.de",71,"71","uds",unix,64,4194304,10,50,35.72,2.4695,3.83397,3.617,6.624,7.44156,7.44609
64,"n23m0123.hpc.itc.rwth-aachen.de",64,"64","uds",72,"n23m0123.hpc.itc.rwth-aachen.de",72,"72","uds",unix,64,4194304,10,50,35.277,2.838,4.39976,4.209,7.061,6.39934,6.41431
64,"n23m0123.hpc.itc.rwth-aachen.de",64,"64","uds",73,"n23m0123.hpc.itc.rwth-aachen.de",73,"73","uds",unix,64,4194304,10,50,33.929,2.806,4.08928,3.995,6.6275,6.36438,6.40343
64,"n23m0123.hpc.itc.rwth-aachen.de",64,"64","uds",74,"n23m0123.hpc.itc.rwth-aachen.de",74,"74","uds",unix,64,4194304,10,50,44.063,2.9585,4.43969,4.31425,5.5145,6.38862,6.40778
64,"n23m0123.hpc.itc.rwth-aachen.de",64,"64","uds",75,"n23m0123.hpc.itc.rwth-aachen.de",75,"75","uds",unix,64,4194304,10,50,39.29,3.01,4.66145,4.687,5.788,6.34883,6.35316
64,"n23m0123.hpc.itc.rwth-aachen.de",64,"64","uds",76,"n23m0123.hpc.itc.rwth-aachen.de",76,"76","uds",unix,64,4194304,10,50,34.658,3.06,4.76453,5.09125,5.742,6.4578,6.46245
64,"n23m0123.hpc.itc.rwth-aachen.de",64,"64","uds",77,"n23m0123.hpc.itc.rwth-aachen.de",77,"77","uds",unix,64,4194304,10,50,38.811,2.9105,4.39276,4.2375,7.5865,6.49626,6.47253
64,"n23m0123.hpc.itc.rwth-aachen.de",64,"64","uds",78,"n23m0123.hpc.itc.rwth-aachen.de",78,"78","uds",unix,64,4194304,10,50,32.915,2.756,4.19802,4.0585,7.118,6.52708,6.48275
64,"n23m0123.hpc.itc.rwth-aachen.de",64,"64","uds",79,"n23m0123.hpc.itc.rwth-aachen.de",79,"79","uds",unix,64,4194304,10,50,32.465,2.795,4.64032,4.93125,5.568,6.46187,6.46992
64,"n23m0123.hpc.itc.rwth-aachen.de",64,"64","uds",80,"n23m0123.hpc.itc.rwth-aachen.de",80,"80","uds",unix,64,4194304,10,50,30.653,2.886,4.212,4.1175,5.2695,6.38419,6.39915
64,"n23m0123.hpc.itc.rwth-aachen.de",64,"64","uds",81,"n23m0123.hpc.itc.rwth-aachen.de",81,"81","uds",unix,64,4194304,10,50,37.717,3.816,4.92171,5.01925,7.776,6.53561,6.5359
64,"n23m0123.hpc.itc.rwth-aachen.de",64,"64","uds",82,"n23m0123.hpc.itc.rwth-aachen.de",82,"82","uds",unix,64,4194304,10,50,33.218,2.8755,4.41722,4.75575,5.7415,6.4414,6.45814
64,"n23m0123.hpc.itc.rwth-aachen.de",64,"64","uds",83,"n23m0123.hpc.itc.rwth-aachen.de",83,"83","uds",unix,64,4194304,10,50,34.113,3.7965,4.83987,5.107,5.6625,6.38826,6.38158
64,"n23m0123.hpc.itc.rwth-aachen.de",64,"64","uds",84,"n23m0123.hpc.itc.rwth-aachen.de",84,"84","uds",unix,64,4194304,10,50,32.583,2.5765,3.78313,3.73425,7.592,7.03254,6.99832
64,"n23m0123.hpc.itc.rwth-aachen.de",64,"64","uds",85,"n23m0123.hpc.itc.rwth-aachen.de",85,"85","uds",unix,64,4194304,10,50,33.618,2.7785,3.99876,3.89625,5.947,7.00449,7.00817
64,"n23m0123.hpc.itc.rwth-aachen.de",64,"64","uds",86,"n23m0123.hpc.itc.rwth-aachen.de",86,"86","uds",unix,64,4194304,10,50,32.691,2.6835,4.06955,3.91875,6.7045,6.82806,6.89887
64,"n23m0123.hpc.itc.rwth-aachen.de",64,"64","uds",87,"n23m0123.hpc.itc.rwth-aachen.de",87,"87","uds",unix,64,4194304,10,50,34.358,2.7715,4.5549,4.58125,9.7205,6.89522,6.88261
64,"n23m0123.hpc.itc.rwth-aachen.de",64,"64","uds",88,"n23m0123.hpc.itc.rwth-aachen.de",88,"88","uds",unix,64,4194304,10,50,31.737,2.8025,4.44952,4.7355,6.2565,6.85905,6.8726
64,"n23m0123.hpc.itc.rwth-aachen.de",64,"64","uds",89,"n23m0123.hpc.itc.rwth-aachen.de",89,"89","uds",unix,64,4194304,10,50,30.232,2.672,4.02228,3.893,5.102,6.83169,6.80089
64,"n23m0123.hpc.itc.rwth-aachen.de",64,"64","uds",90,"n23m0123.hpc.itc.rwth-aachen.de",90,"90","uds",unix,64,4194304,10,50,31.787,2.8585,3.85137,3.87025,5.419,6.94744,6.9509
64,"n23m0123.hpc.itc.rwth-aachen.de",64,"64","uds",91,"n23m0123.hpc.itc.rwth-aachen.de",91,"91","uds",unix,64,4194304,10,50,33.797,2.869,4.60051,4.96075,5.721,6.89795,6.88835
64,"n23m0123.hpc.itc.rwth-aachen.de",64,"64","uds",92,"n23m0123.hpc.itc.rwth-aachen.de",92,"92","uds",unix,64,4194304,10,50,35.45,2.98,4.38029,4.62525,6.3345,6.9729,6.9499
64,"n23m0123.hpc.itc.rwth-aachen.de",64,"64","uds",93,"n23m0123.hpc.itc.rwth-aachen.de",93,"93","uds",unix,64,4194304,10,50,33.068,2.6815,4.07921,4.56775,5.0445,6.88994,6.93802
64,"n23m0123.hpc.itc.rwth-aachen.de",64,"64","uds",94,"n23m0123.hpc.itc.rwth-aachen.de",94,"94","uds",unix,64,4194304,10,50,33.154,2.65,3.87149,3.77325,8.403,6.86357,6.84018
64,"n23m0123.hpc.itc.rwth-aachen.de",64,"64","uds",95,"n23m0123.hpc.itc.rwth-aachen.de",95,"95","uds",unix,64,4194304,10,50,34.023,2.9635,4.44051,4.61125,5.8,6.87143,6.84571
65,"n23m0123.hpc.itc.rwth-aachen.de",65,"65","uds",66,"n23m0123.hpc.itc.rwth-aachen.de",66,"66","uds",unix,64,4194304,10,50,95.558,2.684,4.65587,4.57475,9.624,7.2931,7.31848
65,"n23m0123.hpc.itc.rwth-aachen.de",65,"65","uds",67,"n23m0123.hpc.itc.rwth-aachen.de",67,"67","uds",unix,64,4194304,10,50,43.737,2.7485,4.56109,4.7005,5.2785,7.34046,7.30364
65,"n23m0123.hpc.itc.rwth-aachen.de",65,"65","uds",68,"n23m0123.hpc.itc.rwth-aachen.de",68,"68","uds",unix,64,4194304,10,50,38.014,2.6615,4.37495,4.47825,13.7175,7.07726,7.05302
65,"n23m0123.hpc.itc.rwth-aachen.de",65,"65","uds",69,"n23m0123.hpc.itc.rwth-aachen.de",69,"69","uds",unix,64,4194304,10,50,37.08,2.639,3.73816,3.6725,8.354,7.17536,7.12578
65,"n23m0123.hpc.itc.rwth-aachen.de",65,"65","uds",70,"n23m0123.hpc.itc.rwth-aachen.de",70,"70","uds",unix,64,4194304,10,50,40.714,2.5375,3.75956,3.73225,4.73,7.33486,7.35843
65,"n23m0123.hpc.itc.rwth-aachen.de",65,"65","uds",71,"n23m0123.hpc.itc.rwth-aachen.de",71,"71","uds",unix,64,4194304,10,50,37.241,2.592,4.577,4.5335,7.041,7.26563,7.18961
65,"n23m0123.hpc.itc.rwth-aachen.de",65,"65","uds",72,"n23m0123.hpc.itc.rwth-aachen.de",72,"72","uds",unix,64,4194304,10,50,38.834,2.895,3.86035,3.89675,5.5105,6.53984,6.47257
65,"n23m0123.hpc.itc.rwth-aachen.de",65,"65","uds",73,"n23m0123.hpc.itc.rwth-aachen.de",73,"73","uds",unix,64,4194304,10,50,35.07,3.0405,4.52839,4.221,9.2745,6.45978,6.43196
65,"n23m0123.hpc.itc.rwth-aachen.de",65,"65","uds",74,"n23m0123.hpc.itc.rwth-aachen.de",74,"74","uds",unix,64,4194304,10,50,35.364,2.7795,4.12777,4.10325,7.1,6.45404,6.43196
65,"n23m0123.hpc.itc.rwth-aachen.de",65,"65","uds",75,"n23m0123.hpc.itc.rwth-aachen.de",75,"75","uds",unix,64,4194304,10,50,38.07,2.7985,4.18827,4.06375,6.9825,6.36847,6.38909
65,"n23m0123.hpc.itc.rwth-aachen.de",65,"65","uds",76,"n23m0123.hpc.itc.rwth-aachen.de",76,"76","uds",unix,64,4194304,10,50,32.589,2.8205,4.27147,4.34375,5.3505,6.48042,6.47782
65,"n23m0123.hpc.itc.rwth-aachen.de",65,"65","uds",77,"n23m0123.hpc.itc.rwth-aachen.de",77,"77","uds",unix,64,4194304,10,50,35.759,2.8065,3.98551,3.87975,5.4625,6.43576,6.45836
65,"n23m0123.hpc.itc.rwth-aachen.de",65,"65","uds",78,"n23m0123.hpc.itc.rwth-aachen.de",78,"78","uds",unix,64,4194304,10,50,39.196,2.918,4.44128,4.626,5.2415,6.50243,6.47927
65,"n23m0123.hpc.itc.rwth-aachen.de",65,"65","uds",79,"n23m0123.hpc.itc.rwth-aachen.de",79,"79","uds",unix,64,4194304,10,50,32.913,2.801,3.90634,3.956,5.0685,6.41396,6.47364
65,"n23m0123.hpc.itc.rwth-aachen.de",65,"65","uds",80,"n23m0123.hpc.itc.rwth-aachen.de",80,"80","uds",unix,64,4194304,10,50,33.016,2.7985,3.83777,3.85475,6.787,6.41971,6.41611
65,"n23m0123.hpc.itc.rwth-aachen.de",65,"65","uds",81,"n23m0123.hpc.itc.rwth-aachen.de",81,"81","uds",unix,64,4194304,10,50,31.326,2.756,3.93965,3.875,7.031,6.49765,6.52187
65,"n23m0123.hpc.itc.rwth-aachen.de",65,"65","uds",82,"n23m0123.hpc.itc.rwth-aachen.de",82,"82","uds",unix,64,4194304,10,50,32.363,3.013,4.74572,4.981,8.771,6.49746,6.45409
65,"n23m0123.hpc.itc.rwth-aachen.de",65,"65","uds",83,"n23m0123.hpc.itc.rwth-aachen.de",83,"83","uds",unix,64,4194304,10,50,32.015,2.8055,3.95191,3.8775,5.375,6.44274,6.40668
65,"n23m0123.hpc.itc.rwth-aachen.de",65,"65","uds",84,"n23m0123.hpc.itc.rwth-aachen.de",84,"84","uds",unix,64,4194304,10,50,34.464,2.7305,3.47685,3.0265,5.015,6.9495,6.91329
65,"n23m0123.hpc.itc.rwth-aachen.de",65,"65","uds",85,"n23m0123.hpc.itc.rwth-aachen.de",85,"85","uds",unix,64,4194304,10,50,31.451,2.8545,4.34394,4.79175,5.1775,6.91095,6.94599
65,"n23m0123.hpc.itc.rwth-aachen.de",65,"65","uds",86,"n23m0123.hpc.itc.rwth-aachen.de",86,"86","uds",unix,64,4194304,10,50,32.785,2.7835,4.08645,3.9845,6.788,6.78919,6.82526
65,"n23m0123.hpc.itc.rwth-aachen.de",65,"65","uds",87,"n23m0123.hpc.itc.rwth-aachen.de",87,"87","uds",unix,64,4194304,10,50,31.523,2.74,4.15154,4.2815,5.339,6.79446,6.79851
65,"n23m0123.hpc.itc.rwth-aachen.de",65,"65","uds",88,"n23m0123.hpc.itc.rwth-aachen.de",88,"88","uds",unix,64,4194304,10,50,32.501,2.788,3.75375,3.82625,5.235,6.84903,6.80157
65,"n23m0123.hpc.itc.rwth-aachen.de",65,"65","uds",89,"n23m0123.hpc.itc.rwth-aachen.de",89,"89","uds",unix,64,4194304,10,50,37.17,2.6935,4.10985,4.4115,5.847,6.70934,6.68476
65,"n23m0123.hpc.itc.rwth-aachen.de",65,"65","uds",90,"n23m0123.hpc.itc.rwth-aachen.de",90,"90","uds",unix,64,4194304,10,50,31.562,2.8775,4.35595,4.701,5.1035,6.93391,6.92392
65,"n23m0123.hpc.itc.rwth-aachen.de",65,"65","uds",91,"n23m0123.hpc.itc.rwth-aachen.de",91,"91","uds",unix,64,4194304,10,50,50.134,2.7865,4.47996,4.75175,5.134,6.8192,6.82227
65,"n23m0123.hpc.itc.rwth-aachen.de",65,"65","uds",92,"n23m0123.hpc.itc.rwth-aachen.de",92,"92","uds",unix,64,4194304,10,50,33.417,2.685,3.81589,3.73825,8.2945,6.855,6.87829
65,"n23m0123.hpc.itc.rwth-aachen.de",65,"65","uds",93,"n23m0123.hpc.itc.rwth-aachen.de",93,"93","uds",unix,64,4194304,10,50,43.244,2.702,4.22,4.58325,4.989,6.90383,6.91639
65,"n23m0123.hpc.itc.rwth-aachen.de",65,"65","uds",94,"n23m0123.hpc.itc.rwth-aachen.de",94,"94","uds",unix,64,4194304,10,50,32.62,2.631,3.53558,3.51275,7.6105,6.72865,6.76442
65,"n23m0123.hpc.itc.rwth-aachen.de",65,"65","uds",95,"n23m0123.hpc.itc.rwth-aachen.de",95,"95","uds",unix,64,4194304,10,50,43.735,2.7855,3.86747,3.8805,5.1645,6.80022,6.81941
66,"n23m0123.hpc.itc.rwth-aachen.de",66,"66","uds",67,"n23m0123.hpc.itc.rwth-aachen.de",67,"67","uds",unix,64,4194304,10,50,102.429,3.7365,4.75042,4.681,7.506,7.43726,7.47311
66,"n23m0123.hpc.itc.rwth-aachen.de",66,"66","uds",68,"n23m0123.hpc.itc.rwth-aachen.de",68,"68","uds",unix,64,4194304,10,50,48.504,2.9155,4.63523,4.76625,7.417,7.06819,7.06946
66,"n23m0123.hpc.itc.rwth-aachen.de",66,"66","uds",69,"n23m0123.hpc.itc.rwth-aachen.de",69,"69","uds",unix,64,4194304,10,50,41.708,4.2405,4.7594,4.735,6.6945,7.2213,7.1771
66,"n23m0123.hpc.itc.rwth-aachen.de",66,"66","uds",70,"n23m0123.hpc.itc.rwth-aachen.de",70,"70","uds",unix,64,4194304,10,50,38.531,3.779,4.68668,4.6605,7.7035,7.46082,7.51013
66,"n23m0123.hpc.itc.rwth-aachen.de",66,"66","uds",71,"n23m0123.hpc.itc.rwth-aachen.de",71,"71","uds",unix,64,4194304,10,50,44.167,3.464,4.5388,4.5455,5.24,7.40829,7.39
66,"n23m0123.hpc.itc.rwth-aachen.de",66,"66","uds",72,"n23m0123.hpc.itc.rwth-aachen.de",72,"72","uds",unix,64,4194304,10,50,45.532,2.936,4.40245,4.341,6.053,6.39309,6.38686
66,"n23m0123.hpc.itc.rwth-aachen.de",66,"66","uds",73,"n23m0123.hpc.itc.rwth-aachen.de",73,"73","uds",unix,64,4194304,10,50,36.857,3.013,4.37687,4.20475,6.913,6.36746,6.38943
66,"n23m0123.hpc.itc.rwth-aachen.de",66,"66","uds",74,"n23m0123.hpc.itc.rwth-aachen.de",74,"74","uds",unix,64,4194304,10,50,34.736,3.0515,4.61312,4.7995,6.8785,6.33396,6.37053
66,"n23m0123.hpc.itc.rwth-aachen.de",66,"66","uds",75,"n23m0123.hpc.itc.rwth-aachen.de",75,"75","uds",unix,64,4194304,10,50,39.45,3.229,5.04457,5.1885,5.695,6.2876,6.30855
66,"n23m0123.hpc.itc.rwth-aachen.de",66,"66","uds",76,"n23m0123.hpc.itc.rwth-aachen.de",76,"76","uds",unix,64,4194304,10,50,34.625,3.7555,4.7048,4.9335,6.5755,6.42101,6.42682
66,"n23m0123.hpc.itc.rwth-aachen.de",66,"66","uds",77,"n23m0123.hpc.itc.rwth-aachen.de",77,"77","uds",unix,64,4194304,10,50,36.57,3.084,4.72254,4.95225,7.7435,6.41943,6.41964
66,"n23m0123.hpc.itc.rwth-aachen.de",66,"66","uds",78,"n23m0123.hpc.itc.rwth-aachen.de",78,"78","uds",unix,64,4194304,10,50,36.975,2.9105,4.58874,4.315,11.044,6.4678,6.47365
66,"n23m0123.hpc.itc.rwth-aachen.de",66,"66","uds",79,"n23m0123.hpc.itc.rwth-aachen.de",79,"79","uds",unix,64,4194304,10,50,36.334,2.7905,4.38114,4.7095,5.216,6.42308,6.44815
66,"n23m0123.hpc.itc.rwth-aachen.de",66,"66","uds",80,"n23m0123.hpc.itc.rwth-aachen.de",80,"80","uds",unix,64,4194304,10,50,36.363,3.03,4.66222,4.97275,5.635,6.40902,6.40862
66,"n23m0123.hpc.itc.rwth-aachen.de",66,"66","uds",81,"n23m0123.hpc.itc.rwth-aachen.de",81,"81","uds",unix,64,4194304,10,50,34.65,2.8545,4.24954,4.26425,5.2385,6.55712,6.49719
66,"n23m0123.hpc.itc.rwth-aachen.de",66,"66","uds",82,"n23m0123.hpc.itc.rwth-aachen.de",82,"82","uds",unix,64,4194304,10,50,36.878,3.0185,4.76939,5.08025,7.5465,6.44615,6.45048
66,"n23m0123.hpc.itc.rwth-aachen.de",66,"66","uds",83,"n23m0123.hpc.itc.rwth-aachen.de",83,"83","uds",unix,64,4194304,10,50,38.653,3.095,4.92523,5.1545,5.73,6.37878,6.36986
66,"n23m0123.hpc.itc.rwth-aachen.de",66,"66","uds",84,"n23m0123.hpc.itc.rwth-aachen.de",84,"84","uds",unix,64,4194304,10,50,32.66,2.744,3.98243,3.9375,5.0535,6.92795,6.9751
66,"n23m0123.hpc.itc.rwth-aachen.de",66,"66","uds",85,"n23m0123.hpc.itc.rwth-aachen.de",85,"85","uds",unix,64,4194304,10,50,33.549,2.675,3.94428,3.851,5.0355,6.92825,6.96542
66,"n23m0123.hpc.itc.rwth-aachen.de",66,"66","uds",86,"n23m0123.hpc.itc.rwth-aachen.de",86,"86","uds",unix,64,4194304,10,50,36.719,2.865,4.60137,4.81,8.0085,6.82639,6.79513
66,"n23m0123.hpc.itc.rwth-aachen.de",66,"66","uds",87,"n23m0123.hpc.itc.rwth-aachen.de",87,"87","uds",unix,64,4194304,10,50,156.139,3.681,4.91443,4.9705,5.6195,6.81132,6.82724
66,"n23m0123.hpc.itc.rwth-aachen.de",66,"66","uds",88,"n23m0123.hpc.itc.rwth-aachen.de",88,"88","uds",unix,64,4194304,10,50,40.299,2.938,4.55543,4.03025,18.8265,7.00038,6.97909
66,"n23m0123.hpc.itc.rwth-aachen.de",66,"66","uds",89,"n23m0123.hpc.itc.rwth-aachen.de",89,"89","uds",unix,64,4194304,10,50,38.839,3.125,4.75646,4.855,5.7,6.90731,6.88761
66,"n23m0123.hpc.itc.rwth-aachen.de",66,"66","uds",90,"n23m0123.hpc.itc.rwth-aachen.de",90,"90","uds",unix,64,4194304,10,50,37.46,2.73,4.49618,4.683,6.5915,6.83071,6.85193
66,"n23m0123.hpc.itc.rwth-aachen.de",66,"66","uds",91,"n23m0123.hpc.itc.rwth-aachen.de",91,"91","uds",unix,64,4194304,10,50,34.832,3.804,4.84454,4.901,5.2845,6.76974,6.80152
66,"n23m0123.hpc.itc.rwth-aachen.de",66,"66","uds",92,"n23m0123.hpc.itc.rwth-aachen.de",92,"92","uds",unix,64,4194304,10,50,42.739,2.883,4.51165,4.7285,5.305,6.93287,6.94369
66,"n23m0123.hpc.itc.rwth-aachen.de",66,"66","uds",93,"n23m0123.hpc.itc.rwth-aachen.de",93,"93","uds",unix,64,4194304,10,50,48.297,3.6465,4.96334,4.9985,5.5845,6.92426,6.95023
66,"n23m0123.hpc.itc.rwth-aachen.de",66,"66","uds",94,"n23m0123.hpc.itc.rwth-aachen.de",94,"94","uds",unix,64,4194304,10,50,34.809,4.0635,5.27095,5.15475,8.5835,6.88292,6.90505
66,"n23m0123.hpc.itc.rwth-aachen.de",66,"66","uds",95,"n23m0123.hpc.itc.rwth-aachen.de",95,"95","uds",unix,64,4194304,10,50,33.793,2.978,4.64275,4.7325,7.49,6.85281,6.85808
67,"n23m0123.hpc.itc.rwth-aachen.de",67,"67","uds",68,"n23m0123.hpc.itc.rwth-aachen.de",68,"68","uds",unix,64,4194304,10,50,89.268,2.83,4.8356,4.819,7.283,7.2021,7.17019
67,"n23m0123.hpc.itc.rwth-aachen.de",67,"67","uds",69,"n23m0123.hpc.itc.rwth-aachen.de",69,"69","uds",unix,64,4194304,10,50,39.922,2.574,3.87055,3.8815,5.6365,7.32045,7.32393
67,"n23m0123.hpc.itc.rwth-aachen.de",67,"67","uds",70,"n23m0123.hpc.itc.rwth-aachen.de",70,"70","uds",unix,64,4194304,10,50,50.786,3.9645,4.50303,4.44,5.2165,7.63482,7.61037
67,"n23m0123.hpc.itc.rwth-aachen.de",67,"67","uds",71,"n23m0123.hpc.itc.rwth-aachen.de",71,"71","uds",unix,64,4194304,10,50,34.312,2.824,4.55198,4.549,7.1665,7.39149,7.39107
67,"n23m0123.hpc.itc.rwth-aachen.de",67,"67","uds",72,"n23m0123.hpc.itc.rwth-aachen.de",72,"72","uds",unix,64,4194304,10,50,42.087,3.392,4.83306,5.10425,5.6415,6.47212,6.46064
67,"n23m0123.hpc.itc.rwth-aachen.de",67,"67","uds",73,"n23m0123.hpc.itc.rwth-aachen.de",73,"73","uds",unix,64,4194304,10,50,36.072,3.007,4.77423,5.00375,6.146,6.48601,6.45523
67,"n23m0123.hpc.itc.rwth-aachen.de",67,"67","uds",74,"n23m0123.hpc.itc.rwth-aachen.de",74,"74","uds",unix,64,4194304,10,50,32.491,2.679,4.22543,4.0355,5.8065,6.43378,6.33935
67,"n23m0123.hpc.itc.rwth-aachen.de",67,"67","uds",75,"n23m0123.hpc.itc.rwth-aachen.de",75,"75","uds",unix,64,4194304,10,50,52.769,3.155,29.0215,5.403,1004.16,6.42552,6.37872
67,"n23m0123.hpc.itc.rwth-aachen.de",67,"67","uds",76,"n23m0123.hpc.itc.rwth-aachen.de",76,"76","uds",unix,64,4194304,10,50,51.543,2.824,4.54154,4.827,6.532,6.47357,6.49851
67,"n23m0123.hpc.itc.rwth-aachen.de",67,"67","uds",77,"n23m0123.hpc.itc.rwth-aachen.de",77,"77","uds",unix,64,4194304,10,50,39.034,2.8105,4.11102,3.9495,7.9105,6.45454,6.48446
67,"n23m0123.hpc.itc.rwth-aachen.de",67,"67","uds",78,"n23m0123.hpc.itc.rwth-aachen.de",78,"78","uds",unix,64,4194304,10,50,35.225,3.183,4.93238,5.037,10.408,6.45744,6.50676
67,"n23m0123.hpc.itc.rwth-aachen.de",67,"67","uds",79,"n23m0123.hpc.itc.rwth-aachen.de",79,"79","uds",unix,64,4194304,10,50,34.398,3.0675,4.83031,5.007,5.698,6.54285,6.53077
67,"n23m0123.hpc.itc.rwth-aachen.de",67,"67","uds",80,"n23m0123.hpc.itc.rwth-aachen.de",80,"80","uds",unix,64,4194304,10,50,36.005,2.98,4.59408,4.27675,5.637,6.45045,6.43492
67,"n23m0123.hpc.itc.rwth-aachen.de",67,"67","uds",81,"n23m0123.hpc.itc.rwth-aachen.de",81,"81","uds",unix,64,4194304,10,50,41.001,3.1815,4.80867,5.03,5.5345,6.52786,6.54804
67,"n23m0123.hpc.itc.rwth-aachen.de",67,"67","uds",82,"n23m0123.hpc.itc.rwth-aachen.de",82,"82","uds",unix,64,4194304,10,50,32.994,2.8405,4.30448,4.032,8.4605,6.50761,6.49536
67,"n23m0123.hpc.itc.rwth-aachen.de",67,"67","uds",83,"n23m0123.hpc.itc.rwth-aachen.de",83,"83","uds",unix,64,4194304,10,50,33.624,3.209,4.87503,4.953,11.6905,6.4843,6.43612
67,"n23m0123.hpc.itc.rwth-aachen.de",67,"67","uds",84,"n23m0123.hpc.itc.rwth-aachen.de",84,"84","uds",unix,64,4194304,10,50,40.2,2.736,3.59302,3.552,8.392,7.04697,7.05708
67,"n23m0123.hpc.itc.rwth-aachen.de",67,"67","uds",85,"n23m0123.hpc.itc.rwth-aachen.de",85,"85","uds",unix,64,4194304,10,50,37.065,2.613,3.57502,3.61925,6.469,7.03331,7.0571
67,"n23m0123.hpc.itc.rwth-aachen.de",67,"67","uds",86,"n23m0123.hpc.itc.rwth-aachen.de",86,"86","uds",unix,64,4194304,10,50,38.916,2.6815,3.78172,3.843,6.4365,6.95778,6.94883
67,"n23m0123.hpc.itc.rwth-aachen.de",67,"67","uds",87,"n23m0123.hpc.itc.rwth-aachen.de",87,"87","uds",unix,64,4194304,10,50,47.972,3.0505,4.71407,4.86775,10.272,6.92553,6.90497
67,"n23m0123.hpc.itc.rwth-aachen.de",67,"67","uds",88,"n23m0123.hpc.itc.rwth-aachen.de",88,"88","uds",unix,64,4194304,10,50,35.333,2.766,3.89611,3.8085,5.742,7.14283,7.07218
67,"n23m0123.hpc.itc.rwth-aachen.de",67,"67","uds",89,"n23m0123.hpc.itc.rwth-aachen.de",89,"89","uds",unix,64,4194304,10,50,31.578,2.6505,3.70443,3.57825,9.242,6.9661,6.98199
67,"n23m0123.hpc.itc.rwth-aachen.de",67,"67","uds",90,"n23m0123.hpc.itc.rwth-aachen.de",90,"90","uds",unix,64,4194304,10,50,45.605,2.7555,3.59871,3.7545,5.2285,6.87563,6.88214
67,"n23m0123.hpc.itc.rwth-aachen.de",67,"67","uds",91,"n23m0123.hpc.itc.rwth-aachen.de",91,"91","uds",unix,64,4194304,10,50,34.034,2.8485,4.35276,4.65375,6.6015,6.92705,6.87033
67,"n23m0123.hpc.itc.rwth-aachen.de",67,"67","uds",92,"n23m0123.hpc.itc.rwth-aachen.de",92,"92","uds",unix,64,4194304,10,50,37.574,2.938,4.41129,4.2165,7.533,7.05601,7.03999
67,"n23m0123.hpc.itc.rwth-aachen.de",67,"67","uds",93,"n23m0123.hpc.itc.rwth-aachen.de",93,"93","uds",unix,64,4194304,10,50,32.661,2.6935,4.00702,4.39325,4.8125,7.00329,7.04107
67,"n23m0123.hpc.itc.rwth-aachen.de",67,"67","uds",94,"n23m0123.hpc.itc.rwth-aachen.de",94,"94","uds",unix,64,4194304,10,50,31.874,2.613,3.59828,3.49475,8.3175,6.89665,6.93155
67,"n23m0123.hpc.itc.rwth-aachen.de",67,"67","uds",95,"n23m0123.hpc.itc.rwth-aachen.de",95,"95","uds",unix,64,4194304,10,50,32.731,2.691,3.69861,3.83725,5.1485,6.89573,6.90978
68,"n23m0123.hpc.itc.rwth-aachen.de",68,"68","uds",69,"n23m0123.hpc.itc.rwth-aachen.de",69,"69","uds",unix,64,4194304,10,50,97.35,2.7745,4.12173,4.10875,6.192,7.21987,7.15287
68,"n23m0123.hpc.itc.rwth-aachen.de",68,"68","uds",70,"n23m0123.hpc.itc.rwth-aachen.de",70,"70","uds",unix,64,4194304,10,50,43.61,2.5325,3.8465,3.7545,7.0555,7.47531,7.43079
68,"n23m0123.hpc.itc.rwth-aachen.de",68,"68","uds",71,"n23m0123.hpc.itc.rwth-aachen.de",71,"71","uds",unix,64,4194304,10,50,37.118,2.4915,4.24956,3.75725,12.6435,7.19556,7.13718
68,"n23m0123.hpc.itc.rwth-aachen.de",68,"68","uds",72,"n23m0123.hpc.itc.rwth-aachen.de",72,"72","uds",unix,64,4194304,10,50,37.971,2.895,4.10245,4.081,8.545,6.40734,6.38896
68,"n23m0123.hpc.itc.rwth-aachen.de",68,"68","uds",73,"n23m0123.hpc.itc.rwth-aachen.de",73,"73","uds",unix,64,4194304,10,50,41.942,2.767,4.08955,4.02525,5.393,6.40326,6.32226
68,"n23m0123.hpc.itc.rwth-aachen.de",68,"68","uds",74,"n23m0123.hpc.itc.rwth-aachen.de",74,"74","uds",unix,64,4194304,10,50,50.671,3.7975,4.72407,4.632,5.594,6.41075,6.38673
68,"n23m0123.hpc.itc.rwth-aachen.de",68,"68","uds",75,"n23m0123.hpc.itc.rwth-aachen.de",75,"75","uds",unix,64,4194304,10,50,44.751,3.1475,4.86289,5.1065,8.462,6.33806,6.29548
68,"n23m0123.hpc.itc.rwth-aachen.de",68,"68","uds",76,"n23m0123.hpc.itc.rwth-aachen.de",76,"76","uds",unix,64,4194304,10,50,33.215,3.744,4.76014,4.878,8.7555,6.45849,6.41728
68,"n23m0123.hpc.itc.rwth-aachen.de",68,"68","uds",77,"n23m0123.hpc.itc.rwth-aachen.de",77,"77","uds",unix,64,4194304,10,50,36.117,2.836,4.3245,4.168,11.4215,6.42662,6.43004
68,"n23m0123.hpc.itc.rwth-aachen.de",68,"68","uds",78,"n23m0123.hpc.itc.rwth-aachen.de",78,"78","uds",unix,64,4194304,10,50,34.589,2.8135,4.15105,4.0695,5.495,6.49679,6.44923
68,"n23m0123.hpc.itc.rwth-aachen.de",68,"68","uds",79,"n23m0123.hpc.itc.rwth-aachen.de",79,"79","uds",unix,64,4194304,10,50,34.251,3.0245,4.56438,4.86325,5.388,6.44883,6.45176
68,"n23m0123.hpc.itc.rwth-aachen.de",68,"68","uds",80,"n23m0123.hpc.itc.rwth-aachen.de",80,"80","uds",unix,64,4194304,10,50,41.782,2.933,4.46355,4.31975,5.5455,6.31791,6.37723
68,"n23m0123.hpc.itc.rwth-aachen.de",68,"68","uds",81,"n23m0123.hpc.itc.rwth-aachen.de",81,"81","uds",unix,64,4194304,10,50,34.078,3.087,4.77508,5.0095,7.691,6.48969,6.47954
68,"n23m0123.hpc.itc.rwth-aachen.de",68,"68","uds",82,"n23m0123.hpc.itc.rwth-aachen.de",82,"82","uds",unix,64,4194304,10,50,35.771,3.033,4.81323,5.1005,5.81,6.41501,6.40242
68,"n23m0123.hpc.itc.rwth-aachen.de",68,"68","uds",83,"n23m0123.hpc.itc.rwth-aachen.de",83,"83","uds",unix,64,4194304,10,50,33.96,2.9115,4.36946,4.152,5.457,6.35261,6.34215
68,"n23m0123.hpc.itc.rwth-aachen.de",68,"68","uds",84,"n23m0123.hpc.itc.rwth-aachen.de",84,"84","uds",unix,64,4194304,10,50,34.154,2.7385,3.98497,3.84125,5.207,6.85887,6.89442
68,"n23m0123.hpc.itc.rwth-aachen.de",68,"68","uds",85,"n23m0123.hpc.itc.rwth-aachen.de",85,"85","uds",unix,64,4194304,10,50,33.798,2.871,3.99623,4.02325,5.302,6.91431,6.9043
68,"n23m0123.hpc.itc.rwth-aachen.de",68,"68","uds",86,"n23m0123.hpc.itc.rwth-aachen.de",86,"86","uds",unix,64,4194304,10,50,33.694,2.714,4.181,4.02125,5.38,6.88882,6.82773
68,"n23m0123.hpc.itc.rwth-aachen.de",68,"68","uds",87,"n23m0123.hpc.itc.rwth-aachen.de",87,"87","uds",unix,64,4194304,10,50,37.938,2.934,4.54751,4.6555,6.818,6.76693,6.76914
68,"n23m0123.hpc.itc.rwth-aachen.de",68,"68","uds",88,"n23m0123.hpc.itc.rwth-aachen.de",88,"88","uds",unix,64,4194304,10,50,33.895,2.918,4.67437,4.92375,7.3385,6.84569,6.88048
68,"n23m0123.hpc.itc.rwth-aachen.de",68,"68","uds",89,"n23m0123.hpc.itc.rwth-aachen.de",89,"89","uds",unix,64,4194304,10,50,30.816,2.6545,4.15133,3.9475,6.3535,6.82437,6.82667
68,"n23m0123.hpc.itc.rwth-aachen.de",68,"68","uds",90,"n23m0123.hpc.itc.rwth-aachen.de",90,"90","uds",unix,64,4194304,10,50,32.735,2.8175,4.18557,3.94,10.906,6.77013,6.75745
68,"n23m0123.hpc.itc.rwth-aachen.de",68,"68","uds",91,"n23m0123.hpc.itc.rwth-aachen.de",91,"91","uds",unix,64,4194304,10,50,32.165,2.944,4.61548,4.9425,7.407,6.59471,6.66483
68,"n23m0123.hpc.itc.rwth-aachen.de",68,"68","uds",92,"n23m0123.hpc.itc.rwth-aachen.de",92,"92","uds",unix,64,4194304,10,50,34.911,2.7695,4.14896,3.993,5.3035,6.87999,6.91256
68,"n23m0123.hpc.itc.rwth-aachen.de",68,"68","uds",93,"n23m0123.hpc.itc.rwth-aachen.de",93,"93","uds",unix,64,4194304,10,50,31.316,3.038,4.40663,4.5375,5.2945,6.87241,6.88665
68,"n23m0123.hpc.itc.rwth-aachen.de",68,"68","uds",94,"n23m0123.hpc.itc.rwth-aachen.de",94,"94","uds",unix,64,4194304,10,50,32.15,2.787,3.90217,3.99225,5.1925,6.89403,6.82753
68,"n23m0123.hpc.itc.rwth-aachen.de",68,"68","uds",95,"n23m0123.hpc.itc.rwth-aachen.de",95,"95","uds",unix,64,4194304,10,50,42.39,2.8235,4.05714,4.0655,5.411,6.80072,6.78039
69,"n23m0123.hpc.itc.rwth-aachen.de",69,"69","uds",70,"n23m0123.hpc.itc.rwth-aachen.de",70,"70","uds",unix,64,4194304,10,50,100.637,2.5585,3.45,3.24775,6.9335,7.25339,7.22049
69,"n23m0123.hpc.itc.rwth-aachen.de",69,"69","uds",71,"n23m0123.hpc.itc.rwth-aachen.de",71,"71","uds",unix,64,4194304,10,50,41.984,2.4925,3.45261,3.477,7.898,7.01179,6.96451
69,"n23m0123.hpc.itc.rwth-aachen.de",69,"69","uds",72,"n23m0123.hpc.itc.rwth-aachen.de",72,"72","uds",unix,64,4194304,10,50,39.933,3.2745,4.75703,5.055,8.2225,6.27048,6.2896
69,"n23m0123.hpc.itc.rwth-aachen.de",69,"69","uds",73,"n23m0123.hpc.itc.rwth-aachen.de",73,"73","uds",unix,64,4194304,10,50,45.275,2.9545,4.57017,4.3415,5.8715,6.29993,6.29203
69,"n23m0123.hpc.itc.rwth-aachen.de",69,"69","uds",74,"n23m0123.hpc.itc.rwth-aachen.de",74,"74","uds",unix,64,4194304,10,50,39.93,3.042,4.65339,4.39025,7.366,6.25927,6.28959
69,"n23m0123.hpc.itc.rwth-aachen.de",69,"69","uds",75,"n23m0123.hpc.itc.rwth-aachen.de",75,"75","uds",unix,64,4194304,10,50,38.661,2.8855,4.39877,4.22175,5.575,6.16507,6.19402
69,"n23m0123.hpc.itc.rwth-aachen.de",69,"69","uds",76,"n23m0123.hpc.itc.rwth-aachen.de",76,"76","uds",unix,64,4194304,10,50,35.116,2.953,4.49469,4.3315,5.6765,6.34801,6.33771
69,"n23m0123.hpc.itc.rwth-aachen.de",69,"69","uds",77,"n23m0123.hpc.itc.rwth-aachen.de",77,"77","uds",unix,64,4194304,10,50,36.608,3.525,5.31415,5.2055,21.418,6.34731,6.3377
69,"n23m0123.hpc.itc.rwth-aachen.de",69,"69","uds",78,"n23m0123.hpc.itc.rwth-aachen.de",78,"78","uds",unix,64,4194304,10,50,35.42,2.834,4.2467,4.0415,8.1365,6.35622,6.35041
69,"n23m0123.hpc.itc.rwth-aachen.de",69,"69","uds",79,"n23m0123.hpc.itc.rwth-aachen.de",79,"79","uds",unix,64,4194304,10,50,33.993,3.323,4.97115,5.2305,5.7595,6.3843,6.36088
69,"n23m0123.hpc.itc.rwth-aachen.de",69,"69","uds",80,"n23m0123.hpc.itc.rwth-aachen.de",80,"80","uds",unix,64,4194304,10,50,32.503,3.03,4.6738,4.50925,5.738,6.25801,6.29051
69,"n23m0123.hpc.itc.rwth-aachen.de",69,"69","uds",81,"n23m0123.hpc.itc.rwth-aachen.de",81,"81","uds",unix,64,4194304,10,50,34.389,3.07,4.64938,4.33825,10.9825,6.39268,6.39936
69,"n23m0123.hpc.itc.rwth-aachen.de",69,"69","uds",82,"n23m0123.hpc.itc.rwth-aachen.de",82,"82","uds",unix,64,4194304,10,50,44.096,3.006,4.76386,5.14925,5.9305,6.34174,6.35219
69,"n23m0123.hpc.itc.rwth-aachen.de",69,"69","uds",83,"n23m0123.hpc.itc.rwth-aachen.de",83,"83","uds",unix,64,4194304,10,50,45.047,2.8655,4.44697,4.5895,5.5605,6.20934,6.2602
69,"n23m0123.hpc.itc.rwth-aachen.de",69,"69","uds",84,"n23m0123.hpc.itc.rwth-aachen.de",84,"84","uds",unix,64,4194304,10,50,35.02,2.968,4.29575,4.02075,8.275,6.78714,6.79354
69,"n23m0123.hpc.itc.rwth-aachen.de",69,"69","uds",85,"n23m0123.hpc.itc.rwth-aachen.de",85,"85","uds",unix,64,4194304,10,50,33.853,2.7515,3.95212,3.9485,6.5355,6.78778,6.80827
69,"n23m0123.hpc.itc.rwth-aachen.de",69,"69","uds",86,"n23m0123.hpc.itc.rwth-aachen.de",86,"86","uds",unix,64,4194304,10,50,33.63,2.816,3.86367,3.82775,8.776,6.68257,6.72227
69,"n23m0123.hpc.itc.rwth-aachen.de",69,"69","uds",87,"n23m0123.hpc.itc.rwth-aachen.de",87,"87","uds",unix,64,4194304,10,50,41.659,2.915,4.55246,4.353,9.4055,6.69099,6.68149
69,"n23m0123.hpc.itc.rwth-aachen.de",69,"69","uds",88,"n23m0123.hpc.itc.rwth-aachen.de",88,"88","uds",unix,64,4194304,10,50,36.398,2.9615,4.45938,4.19775,10.2815,6.8707,6.84397
69,"n23m0123.hpc.itc.rwth-aachen.de",69,"69","uds",89,"n23m0123.hpc.itc.rwth-aachen.de",89,"89","uds",unix,64,4194304,10,50,33.811,2.9725,4.82157,5.0205,9.4835,6.76132,6.75756
69,"n23m0123.hpc.itc.rwth-aachen.de",69,"69","uds",90,"n23m0123.hpc.itc.rwth-aachen.de",90,"90","uds",unix,64,4194304,10,50,37.271,2.843,4.49323,4.90725,6.926,6.738,6.78271
69,"n23m0123.hpc.itc.rwth-aachen.de",69,"69","uds",91,"n23m0123.hpc.itc.rwth-aachen.de",91,"91","uds",unix,64,4194304,10,50,35.146,4.396,5.27599,5.287,5.8725,6.74538,6.70513
69,"n23m0123.hpc.itc.rwth-aachen.de",69,"69","uds",92,"n23m0123.hpc.itc.rwth-aachen.de",92,"92","uds",unix,64,4194304,10,50,35.007,2.699,3.78232,3.87625,5.3065,6.64933,6.57086
69,"n23m0123.hpc.itc.rwth-aachen.de",69,"69","uds",93,"n23m0123.hpc.itc.rwth-aachen.de",93,"93","uds",unix,64,4194304,10,50,36.026,3.346,5.05419,5.1135,5.611,6.68381,6.70785
69,"n23m0123.hpc.itc.rwth-aachen.de",69,"69","uds",94,"n23m0123.hpc.itc.rwth-aachen.de",94,"94","uds",unix,64,4194304,10,50,32.659,2.9275,4.37915,4.2555,5.5765,6.69936,6.64788
69,"n23m0123.hpc.itc.rwth-aachen.de",69,"69","uds",95,"n23m0123.hpc.itc.rwth-aachen.de",95,"95","uds",unix,64,4194304,10,50,35.409,3.026,4.55576,4.3755,6.0965,6.62945,6.59159
70,"n23m0123.hpc.itc.rwth-aachen.de",70,"70","uds",71,"n23m0123.hpc.itc.rwth-aachen.de",71,"71","uds",unix,64,4194304,10,50,90.06,2.512,3.87722,4.047,9.031,7.30966,7.27793
70,"n23m0123.hpc.itc.rwth-aachen.de",70,"70","uds",72,"n23m0123.hpc.itc.rwth-aachen.de",72,"72","uds",unix,64,4194304,10,50,41.728,2.8155,4.11189,4.12525,5.589,6.44468,6.44175
70,"n23m0123.hpc.itc.rwth-aachen.de",70,"70","uds",73,"n23m0123.hpc.itc.rwth-aachen.de",73,"73","uds",unix,64,4194304,10,50,45.199,3.0725,4.53681,4.72875,5.382,6.38829,6.41041
70,"n23m0123.hpc.itc.rwth-aachen.de",70,"70","uds",74,"n23m0123.hpc.itc.rwth-aachen.de",74,"74","uds",unix,64,4194304,10,50,36.731,2.8845,4.14354,4.0775,5.26,6.39294,6.4262
70,"n23m0123.hpc.itc.rwth-aachen.de",70,"70","uds",75,"n23m0123.hpc.itc.rwth-aachen.de",75,"75","uds",unix,64,4194304,10,50,40.496,2.8015,4.34102,4.33575,5.452,6.33294,6.33596
70,"n23m0123.hpc.itc.rwth-aachen.de",70,"70","uds",76,"n23m0123.hpc.itc.rwth-aachen.de",76,"76","uds",unix,64,4194304,10,50,36.064,3.015,4.58163,4.8655,5.579,6.55158,6.5458
70,"n23m0123.hpc.itc.rwth-aachen.de",70,"70","uds",77,"n23m0123.hpc.itc.rwth-aachen.de",77,"77","uds",unix,64,4194304,10,50,40.125,2.876,4.18195,4.04475,5.167,6.46457,6.49189
70,"n23m0123.hpc.itc.rwth-aachen.de",70,"70","uds",78,"n23m0123.hpc.itc.rwth-aachen.de",78,"78","uds",unix,64,4194304,10,50,34.862,4.6705,5.11074,5.04,8.03,6.50317,6.51181
70,"n23m0123.hpc.itc.rwth-aachen.de",70,"70","uds",79,"n23m0123.hpc.itc.rwth-aachen.de",79,"79","uds",unix,64,4194304,10,50,33.748,2.8235,4.34739,4.5135,6.8005,6.50797,6.51913
70,"n23m0123.hpc.itc.rwth-aachen.de",70,"70","uds",80,"n23m0123.hpc.itc.rwth-aachen.de",80,"80","uds",unix,64,4194304,10,50,34.269,2.944,4.51915,4.49025,5.528,6.40545,6.41156
70,"n23m0123.hpc.itc.rwth-aachen.de",70,"70","uds",81,"n23m0123.hpc.itc.rwth-aachen.de",81,"81","uds",unix,64,4194304,10,50,37.239,3.2105,4.9831,5.15925,6.8645,6.49036,6.49184
70,"n23m0123.hpc.itc.rwth-aachen.de",70,"70","uds",82,"n23m0123.hpc.itc.rwth-aachen.de",82,"82","uds",unix,64,4194304,10,50,34.081,2.9475,4.58579,4.90525,7.813,6.43941,6.42725
70,"n23m0123.hpc.itc.rwth-aachen.de",70,"70","uds",83,"n23m0123.hpc.itc.rwth-aachen.de",83,"83","uds",unix,64,4194304,10,50,37.114,2.8835,4.49491,4.5395,5.389,6.3495,6.34681
70,"n23m0123.hpc.itc.rwth-aachen.de",70,"70","uds",84,"n23m0123.hpc.itc.rwth-aachen.de",84,"84","uds",unix,64,4194304,10,50,33.655,2.771,4.297,4.567,6.9925,6.98517,6.95628
70,"n23m0123.hpc.itc.rwth-aachen.de",70,"70","uds",85,"n23m0123.hpc.itc.rwth-aachen.de",85,"85","uds",unix,64,4194304,10,50,32.583,3.7575,4.72911,4.77,5.5805,6.91192,6.96743
70,"n23m0123.hpc.itc.rwth-aachen.de",70,"70","uds",86,"n23m0123.hpc.itc.rwth-aachen.de",86,"86","uds",unix,64,4194304,10,50,32.446,2.862,4.87914,4.78875,21.9715,6.97078,6.91129
70,"n23m0123.hpc.itc.rwth-aachen.de",70,"70","uds",87,"n23m0123.hpc.itc.rwth-aachen.de",87,"87","uds",unix,64,4194304,10,50,34.921,3.0435,4.86117,5.06175,8.708,6.80068,6.83517
70,"n23m0123.hpc.itc.rwth-aachen.de",70,"70","uds",88,"n23m0123.hpc.itc.rwth-aachen.de",88,"88","uds",unix,64,4194304,10,50,37.55,2.6735,3.84678,3.78975,5.0165,6.95039,6.96612
70,"n23m0123.hpc.itc.rwth-aachen.de",70,"70","uds",89,"n23m0123.hpc.itc.rwth-aachen.de",89,"89","uds",unix,64,4194304,10,50,33.263,2.938,4.63359,4.8405,8.26,6.89824,6.89746
70,"n23m0123.hpc.itc.rwth-aachen.de",70,"70","uds",90,"n23m0123.hpc.itc.rwth-aachen.de",90,"90","uds",unix,64,4194304,10,50,31.29,2.7065,4.39484,4.664,6.2835,6.92539,6.94896
70,"n23m0123.hpc.itc.rwth-aachen.de",70,"70","uds",91,"n23m0123.hpc.itc.rwth-aachen.de",91,"91","uds",unix,64,4194304,10,50,34.442,3.034,4.83017,5.07775,5.63,6.87845,6.89485
70,"n23m0123.hpc.itc.rwth-aachen.de",70,"70","uds",92,"n23m0123.hpc.itc.rwth-aachen.de",92,"92","uds",unix,64,4194304,10,50,41.539,3.064,4.60665,4.7795,7.4335,6.84356,6.86929
70,"n23m0123.hpc.itc.rwth-aachen.de",70,"70","uds",93,"n23m0123.hpc.itc.rwth-aachen.de",93,"93","uds",unix,64,4194304,10,50,36.661,2.8665,4.57835,4.83825,7.3055,6.88725,6.88519
70,"n23m0123.hpc.itc.rwth-aachen.de",70,"70","uds",94,"n23m0123.hpc.itc.rwth-aachen.de",94,"94","uds",unix,64,4194304,10,50,33.695,2.785,3.63097,3.4935,6.576,6.80632,6.83045
70,"n23m0123.hpc.itc.rwth-aachen.de",70,"70","uds",95,"n23m0123.hpc.itc.rwth-aachen.de",95,"95","uds",unix,64,4194304,10,50,33.191,2.7315,3.96021,3.906,6.6915,6.74826,6.77916
71,"n23m0123.hpc.itc.rwth-aachen.de",71,"71","uds",72,"n23m0123.hpc.itc.rwth-aachen.de",72,"72","uds",unix,64,4194304,10,50,88.245,2.8155,4.16439,4.0305,8.5245,6.3276,6.37983
71,"n23m0123.hpc.itc.rwth-aachen.de",71,"71","uds",73,"n23m0123.hpc.itc.rwth-aachen.de",73,"73","uds",unix,64,4194304,10,50,38.819,2.823,3.93938,3.954,5.287,6.34731,6.35934
71,"n23m0123.hpc.itc.rwth-aachen.de",71,"71","uds",74,"n23m0123.hpc.itc.rwth-aachen.de",74,"74","uds",unix,64,4194304,10,50,40.748,2.9475,4.13209,4.1045,5.869,6.44745,6.42357
71,"n23m0123.hpc.itc.rwth-aachen.de",71,"71","uds",75,"n23m0123.hpc.itc.rwth-aachen.de",75,"75","uds",unix,64,4194304,10,50,35.96,3.821,4.6963,5.032,5.4045,6.23961,6.26295
71,"n23m0123.hpc.itc.rwth-aachen.de",71,"71","uds",76,"n23m0123.hpc.itc.rwth-aachen.de",76,"76","uds",unix,64,4194304,10,50,35.228,2.927,4.46273,4.224,5.5425,6.49267,6.48156
71,"n23m0123.hpc.itc.rwth-aachen.de",71,"71","uds",77,"n23m0123.hpc.itc.rwth-aachen.de",77,"77","uds",unix,64,4194304,10,50,44.374,2.9065,4.14092,4.056,5.4255,6.44127,6.42618
71,"n23m0123.hpc.itc.rwth-aachen.de",71,"71","uds",78,"n23m0123.hpc.itc.rwth-aachen.de",78,"78","uds",unix,64,4194304,10,50,36.617,2.9025,4.15088,4.03325,9.427,6.46668,6.43997
71,"n23m0123.hpc.itc.rwth-aachen.de",71,"71","uds",79,"n23m0123.hpc.itc.rwth-aachen.de",79,"79","uds",unix,64,4194304,10,50,30.978,2.809,3.96577,4.00625,5.2645,6.40708,6.44763
71,"n23m0123.hpc.itc.rwth-aachen.de",71,"71","uds",80,"n23m0123.hpc.itc.rwth-aachen.de",80,"80","uds",unix,64,4194304,10,50,33.344,2.7925,4.13943,4.0305,5.4635,6.34811,6.34949
71,"n23m0123.hpc.itc.rwth-aachen.de",71,"71","uds",81,"n23m0123.hpc.itc.rwth-aachen.de",81,"81","uds",unix,64,4194304,10,50,31.883,2.839,4.15412,4.0535,6.1005,6.44706,6.4447
71,"n23m0123.hpc.itc.rwth-aachen.de",71,"71","uds",82,"n23m0123.hpc.itc.rwth-aachen.de",82,"82","uds",unix,64,4194304,10,50,33.956,3.194,4.78384,4.84475,8.541,6.42481,6.41265
71,"n23m0123.hpc.itc.rwth-aachen.de",71,"71","uds",83,"n23m0123.hpc.itc.rwth-aachen.de",83,"83","uds",unix,64,4194304,10,50,33.853,3.0105,4.57087,4.29875,7.28,6.35599,6.36321
71,"n23m0123.hpc.itc.rwth-aachen.de",71,"71","uds",84,"n23m0123.hpc.itc.rwth-aachen.de",84,"84","uds",unix,64,4194304,10,50,33.213,2.609,3.52398,3.62,5.0415,6.96306,6.92734
71,"n23m0123.hpc.itc.rwth-aachen.de",71,"71","uds",85,"n23m0123.hpc.itc.rwth-aachen.de",85,"85","uds",unix,64,4194304,10,50,32.716,2.7235,3.7715,3.79125,5.2485,7.02523,6.95181
71,"n23m0123.hpc.itc.rwth-aachen.de",71,"71","uds",86,"n23m0123.hpc.itc.rwth-aachen.de",86,"86","uds",unix,64,4194304,10,50,35.339,2.638,3.5652,3.581,6.3355,6.91595,6.83477
71,"n23m0123.hpc.itc.rwth-aachen.de",71,"71","uds",87,"n23m0123.hpc.itc.rwth-aachen.de",87,"87","uds",unix,64,4194304,10,50,32.358,3.072,4.50587,4.72025,5.6165,6.82714,6.8106
71,"n23m0123.hpc.itc.rwth-aachen.de",71,"71","uds",88,"n23m0123.hpc.itc.rwth-aachen.de",88,"88","uds",unix,64,4194304,10,50,31.566,2.6595,3.60543,3.61575,5.2885,6.86787,6.91834
71,"n23m0123.hpc.itc.rwth-aachen.de",71,"71","uds",89,"n23m0123.hpc.itc.rwth-aachen.de",89,"89","uds",unix,64,4194304,10,50,33.265,2.7965,3.83859,3.7775,6.7895,6.90773,6.88685
71,"n23m0123.hpc.itc.rwth-aachen.de",71,"71","uds",90,"n23m0123.hpc.itc.rwth-aachen.de",90,"90","uds",unix,64,4194304,10,50,35.922,2.6775,3.59849,3.556,7.359,6.88566,6.90574
71,"n23m0123.hpc.itc.rwth-aachen.de",71,"71","uds",91,"n23m0123.hpc.itc.rwth-aachen.de",91,"91","uds",unix,64,4194304,10,50,32.483,2.745,4.51582,4.698,7.459,6.82649,6.82818
71,"n23m0123.hpc.itc.rwth-aachen.de",71,"71","uds",92,"n23m0123.hpc.itc.rwth-aachen.de",92,"92","uds",unix,64,4194304,10,50,34.032,2.6475,3.67538,3.714,5.1945,6.77028,6.79319
71,"n23m0123.hpc.itc.rwth-aachen.de",71,"71","uds",93,"n23m0123.hpc.itc.rwth-aachen.de",93,"93","uds",unix,64,4194304,10,50,30.732,2.677,3.74147,3.746,4.832,6.70489,6.74473
71,"n23m0123.hpc.itc.rwth-aachen.de",71,"71","uds",94,"n23m0123.hpc.itc.rwth-aachen.de",94,"94","uds",unix,64,4194304,10,50,32.676,2.882,4.30661,4.54325,7.777,6.71897,6.73294
71,"n23m0123.hpc.itc.rwth-aachen.de",71,"71","uds",95,"n23m0123.hpc.itc.rwth-aachen.de",95,"95","uds",unix,64,4194304,10,50,31.34,2.644,3.38081,2.9495,4.784,6.65063,6.6736
72,"n23m0123.hpc.itc.rwth-aachen.de",72,"72","uds",73,"n23m0123.hpc.itc.rwth-aachen.de",73,"73","uds",unix,64,4194304,10,50,89.857,3.71,5.01529,4.86475,14.611,7.44849,7.45495
72,"n23m0123.hpc.itc.rwth-aachen.de",72,"72","uds",74,"n23m0123.hpc.itc.rwth-aachen.de",74,"74","uds",unix,64,4194304,10,50,43.605,2.5355,3.79001,3.53675,5.9005,7.52025,7.50465
72,"n23m0123.hpc.itc.rwth-aachen.de",72,"72","uds",75,"n23m0123.hpc.itc.rwth-aachen.de",75,"75","uds",unix,64,4194304,10,50,39.062,3.559,4.73073,4.85675,10.4345,7.27656,7.25847
72,"n23m0123.hpc.itc.rwth-aachen.de",72,"72","uds",76,"n23m0123.hpc.itc.rwth-aachen.de",76,"76","uds",unix,64,4194304,10,50,34.426,3.6,4.88654,4.8515,5.607,7.57069,7.60871
72,"n23m0123.hpc.itc.rwth-aachen.de",72,"72","uds",77,"n23m0123.hpc.itc.rwth-aachen.de",77,"77","uds",unix,64,4194304,10,50,45.878,2.5785,3.32215,2.907,6.445,7.72996,7.73181
72,"n23m0123.hpc.itc.rwth-aachen.de",72,"72","uds",78,"n23m0123.hpc.itc.rwth-aachen.de",78,"78","uds",unix,64,4194304,10,50,37.42,2.712,4.55751,4.32725,8.113,7.60749,7.5925
72,"n23m0123.hpc.itc.rwth-aachen.de",72,"72","uds",79,"n23m0123.hpc.itc.rwth-aachen.de",79,"79","uds",unix,64,4194304,10,50,35.063,2.396,3.59277,3.5015,5.9065,7.76489,7.74163
72,"n23m0123.hpc.itc.rwth-aachen.de",72,"72","uds",80,"n23m0123.hpc.itc.rwth-aachen.de",80,"80","uds",unix,64,4194304,10,50,33.154,2.5745,3.47025,3.5265,5.5455,7.70515,7.72225
72,"n23m0123.hpc.itc.rwth-aachen.de",72,"72","uds",81,"n23m0123.hpc.itc.rwth-aachen.de",81,"81","uds",unix,64,4194304,10,50,34.058,2.521,3.85864,3.74025,8.1065,7.77797,7.71624
72,"n23m0123.hpc.itc.rwth-aachen.de",72,"72","uds",82,"n23m0123.hpc.itc.rwth-aachen.de",82,"82","uds",unix,64,4194304,10,50,37.145,2.589,3.99494,3.99275,7.221,7.72763,7.68922
72,"n23m0123.hpc.itc.rwth-aachen.de",72,"72","uds",83,"n23m0123.hpc.itc.rwth-aachen.de",83,"83","uds",unix,64,4194304,10,50,37.23,2.5925,3.702,3.64275,7.19,7.40444,7.47342
72,"n23m0123.hpc.itc.rwth-aachen.de",72,"72","uds",84,"n23m0123.hpc.itc.rwth-aachen.de",84,"84","uds",unix,64,4194304,10,50,35.261,2.9365,4.531,4.8055,5.2775,7.06297,7.12709
72,"n23m0123.hpc.itc.rwth-aachen.de",72,"72","uds",85,"n23m0123.hpc.itc.rwth-aachen.de",85,"85","uds",unix,64,4194304,10,50,30.659,2.934,4.41753,4.19175,5.5105,7.17227,7.17689
72,"n23m0123.hpc.itc.rwth-aachen.de",72,"72","uds",86,"n23m0123.hpc.itc.rwth-aachen.de",86,"86","uds",unix,64,4194304,10,50,29.368,3.2405,4.93519,5.01525,5.626,7.01485,7.00574
72,"n23m0123.hpc.itc.rwth-aachen.de",72,"72","uds",87,"n23m0123.hpc.itc.rwth-aachen.de",87,"87","uds",unix,64,4194304,10,50,31.834,3.7875,5.09832,5.14525,5.8315,7.08789,7.05722
72,"n23m0123.hpc.itc.rwth-aachen.de",72,"72","uds",88,"n23m0123.hpc.itc.rwth-aachen.de",88,"88","uds",unix,64,4194304,10,50,30.016,2.736,4.42156,4.61675,8.574,7.09201,7.12486
72,"n23m0123.hpc.itc.rwth-aachen.de",72,"72","uds",89,"n23m0123.hpc.itc.rwth-aachen.de",89,"89","uds",unix,64,4194304,10,50,31.291,2.9655,4.96941,5.13825,7.3665,7.00113,7.00787
72,"n23m0123.hpc.itc.rwth-aachen.de",72,"72","uds",90,"n23m0123.hpc.itc.rwth-aachen.de",90,"90","uds",unix,64,4194304,10,50,28.811,2.894,4.80715,5.0395,8.3915,7.00316,7.06527
72,"n23m0123.hpc.itc.rwth-aachen.de",72,"72","uds",91,"n23m0123.hpc.itc.rwth-aachen.de",91,"91","uds",unix,64,4194304,10,50,28.983,3.9,4.98406,5.02475,5.3735,7.00618,7.00422
72,"n23m0123.hpc.itc.rwth-aachen.de",72,"72","uds",92,"n23m0123.hpc.itc.rwth-aachen.de",92,"92","uds",unix,64,4194304,10,50,30.88,3.095,4.64998,4.65975,5.5745,7.00249,6.97671
72,"n23m0123.hpc.itc.rwth-aachen.de",72,"72","uds",93,"n23m0123.hpc.itc.rwth-aachen.de",93,"93","uds",unix,64,4194304,10,50,32.283,2.9525,4.65014,4.96275,5.532,7.0997,7.09749
72,"n23m0123.hpc.itc.rwth-aachen.de",72,"72","uds",94,"n23m0123.hpc.itc.rwth-aachen.de",94,"94","uds",unix,64,4194304,10,50,31.017,2.953,4.44832,4.44575,5.273,7.00626,7.02823
72,"n23m0123.hpc.itc.rwth-aachen.de",72,"72","uds",95,"n23m0123.hpc.itc.rwth-aachen.de",95,"95","uds",unix,64,4194304,10,50,30.403,2.9135,4.23448,4.177,5.425,6.98783,7.02986
73,"n23m0123.hpc.itc.rwth-aachen.de",73,"73","uds",74,"n23m0123.hpc.itc.rwth-aachen.de",74,"74","uds",unix,64,4194304,10,50,90.222,4.532,5.14083,5.12175,7.7175,7.41394,7.39906
73,"n23m0123.hpc.itc.rwth-aachen.de",73,"73","uds",75,"n23m0123.hpc.itc.rwth-aachen.de",75,"75","uds",unix,64,4194304,10,50,45.029,4.033,4.90174,4.8155,8.119,7.21286,7.23127
73,"n23m0123.hpc.itc.rwth-aachen.de",73,"73","uds",76,"n23m0123.hpc.itc.rwth-aachen.de",76,"76","uds",unix,64,4194304,10,50,40.152,3.339,4.86183,4.972,6.4455,7.5013,7.47671
73,"n23m0123.hpc.itc.rwth-aachen.de",73,"73","uds",77,"n23m0123.hpc.itc.rwth-aachen.de",77,"77","uds",unix,64,4194304,10,50,45.1,2.6905,3.8456,3.79,6.0565,7.59728,7.59258
73,"n23m0123.hpc.itc.rwth-aachen.de",73,"73","uds",78,"n23m0123.hpc.itc.rwth-aachen.de",78,"78","uds",unix,64,4194304,10,50,38.222,3.6825,4.52247,4.657,5.485,7.4349,7.49081
73,"n23m0123.hpc.itc.rwth-aachen.de",73,"73","uds",79,"n23m0123.hpc.itc.rwth-aachen.de",79,"79","uds",unix,64,4194304,10,50,40.997,2.982,4.72611,4.93825,8.0575,7.62701,7.58487
73,"n23m0123.hpc.itc.rwth-aachen.de",73,"73","uds",80,"n23m0123.hpc.itc.rwth-aachen.de",80,"80","uds",unix,64,4194304,10,50,37.8,2.7225,3.95034,3.99775,5.626,7.55365,7.558
73,"n23m0123.hpc.itc.rwth-aachen.de",73,"73","uds",81,"n23m0123.hpc.itc.rwth-aachen.de",81,"81","uds",unix,64,4194304,10,50,34.175,2.6275,3.69521,3.6905,5.38,7.54366,7.59839
73,"n23m0123.hpc.itc.rwth-aachen.de",73,"73","uds",82,"n23m0123.hpc.itc.rwth-aachen.de",82,"82","uds",unix,64,4194304,10,50,38.836,3.4345,4.79145,4.94075,5.656,7.54937,7.52683
73,"n23m0123.hpc.itc.rwth-aachen.de",73,"73","uds",83,"n23m0123.hpc.itc.rwth-aachen.de",83,"83","uds",unix,64,4194304,10,50,39.914,3.124,4.79609,5.0415,5.601,7.47393,7.46289
73,"n23m0123.hpc.itc.rwth-aachen.de",73,"73","uds",84,"n23m0123.hpc.itc.rwth-aachen.de",84,"84","uds",unix,64,4194304,10,50,36.316,2.9085,4.26803,4.12425,5.5595,7.13685,7.1742
73,"n23m0123.hpc.itc.rwth-aachen.de",73,"73","uds",85,"n23m0123.hpc.itc.rwth-aachen.de",85,"85","uds",unix,64,4194304,10,50,31.144,2.8185,4.13757,4.00625,5.438,7.32961,7.3181
73,"n23m0123.hpc.itc.rwth-aachen.de",73,"73","uds",86,"n23m0123.hpc.itc.rwth-aachen.de",86,"86","uds",unix,64,4194304,10,50,30.889,2.785,3.92778,3.893,7.5005,7.03483,7.09569
73,"n23m0123.hpc.itc.rwth-aachen.de",73,"73","uds",87,"n23m0123.hpc.itc.rwth-aachen.de",87,"87","uds",unix,64,4194304,10,50,31.66,2.694,4.02685,3.918,6.42,7.16764,7.16989
73,"n23m0123.hpc.itc.rwth-aachen.de",73,"73","uds",88,"n23m0123.hpc.itc.rwth-aachen.de",88,"88","uds",unix,64,4194304,10,50,32.549,2.728,3.84816,3.81225,5.2455,7.18436,7.21629
73,"n23m0123.hpc.itc.rwth-aachen.de",73,"73","uds",89,"n23m0123.hpc.itc.rwth-aachen.de",89,"89","uds",unix,64,4194304,10,50,30.849,2.787,3.48106,3.12575,6.325,7.10787,7.12093
73,"n23m0123.hpc.itc.rwth-aachen.de",73,"73","uds",90,"n23m0123.hpc.itc.rwth-aachen.de",90,"90","uds",unix,64,4194304,10,50,30.685,2.8485,4.18786,4.095,6.1095,7.08077,7.14251
73,"n23m0123.hpc.itc.rwth-aachen.de",73,"73","uds",91,"n23m0123.hpc.itc.rwth-aachen.de",91,"91","uds",unix,64,4194304,10,50,35.7,2.915,4.4873,4.2035,8.1535,7.19184,7.14822
73,"n23m0123.hpc.itc.rwth-aachen.de",73,"73","uds",92,"n23m0123.hpc.itc.rwth-aachen.de",92,"92","uds",unix,64,4194304,10,50,32.719,2.861,4.42055,4.77725,5.43,7.02073,7.04578
73,"n23m0123.hpc.itc.rwth-aachen.de",73,"73","uds",93,"n23m0123.hpc.itc.rwth-aachen.de",93,"93","uds",unix,64,4194304,10,50,32.772,2.837,4.1934,4.117,8.4645,7.23055,7.22959
73,"n23m0123.hpc.itc.rwth-aachen.de",73,"73","uds",94,"n23m0123.hpc.itc.rwth-aachen.de",94,"94","uds",unix,64,4194304,10,50,31.793,2.666,3.44513,3.09425,7.1005,7.15975,7.16362
73,"n23m0123.hpc.itc.rwth-aachen.de",73,"73","uds",95,"n23m0123.hpc.itc.rwth-aachen.de",95,"95","uds",unix,64,4194304,10,50,31.611,2.8485,3.8778,3.8905,5.3855,7.17183,7.19311
74,"n23m0123.hpc.itc.rwth-aachen.de",74,"74","uds",75,"n23m0123.hpc.itc.rwth-aachen.de",75,"75","uds",unix,64,4194304,10,50,88.848,2.842,4.30857,4.18,5.4945,7.29747,7.32582
74,"n23m0123.hpc.itc.rwth-aachen.de",74,"74","uds",76,"n23m0123.hpc.itc.rwth-aachen.de",76,"76","uds",unix,64,4194304,10,50,41.062,2.713,4.18978,4.05725,8.552,7.57695,7.57471
74,"n23m0123.hpc.itc.rwth-aachen.de",74,"74","uds",77,"n23m0123.hpc.itc.rwth-aachen.de",77,"77","uds",unix,64,4194304,10,50,42.744,2.46,3.42195,3.17525,5.5575,7.72917,7.73376
74,"n23m0123.hpc.itc.rwth-aachen.de",74,"74","uds",78,"n23m0123.hpc.itc.rwth-aachen.de",78,"78","uds",unix,64,4194304,10,50,36.293,2.7675,4.16822,4.03,5.962,7.50389,7.5401
74,"n23m0123.hpc.itc.rwth-aachen.de",74,"74","uds",79,"n23m0123.hpc.itc.rwth-aachen.de",79,"79","uds",unix,64,4194304,10,50,37.6,2.572,4.22463,4.06875,7.127,7.65415,7.69084
74,"n23m0123.hpc.itc.rwth-aachen.de",74,"74","uds",80,"n23m0123.hpc.itc.rwth-aachen.de",80,"80","uds",unix,64,4194304,10,50,38.167,2.5535,3.56146,3.5645,6.9075,7.67756,7.65899
74,"n23m0123.hpc.itc.rwth-aachen.de",74,"74","uds",81,"n23m0123.hpc.itc.rwth-aachen.de",81,"81","uds",unix,64,4194304,10,50,42.557,2.4385,3.41003,2.99875,7.8305,7.65115,7.69301
74,"n23m0123.hpc.itc.rwth-aachen.de",74,"74","uds",82,"n23m0123.hpc.itc.rwth-aachen.de",82,"82","uds",unix,64,4194304,10,50,37.142,2.6345,3.47851,3.06025,5.673,7.55029,7.57324
74,"n23m0123.hpc.itc.rwth-aachen.de",74,"74","uds",83,"n23m0123.hpc.itc.rwth-aachen.de",83,"83","uds",unix,64,4194304,10,50,35.861,2.7175,4.12544,4.14975,5.352,7.49688,7.5228
74,"n23m0123.hpc.itc.rwth-aachen.de",74,"74","uds",84,"n23m0123.hpc.itc.rwth-aachen.de",84,"84","uds",unix,64,4194304,10,50,34.461,2.5675,3.33015,2.87475,5.0615,7.18361,7.20988
74,"n23m0123.hpc.itc.rwth-aachen.de",74,"74","uds",85,"n23m0123.hpc.itc.rwth-aachen.de",85,"85","uds",unix,64,4194304,10,50,31.165,2.855,3.98448,3.958,5.7325,7.22988,7.26462
74,"n23m0123.hpc.itc.rwth-aachen.de",74,"74","uds",86,"n23m0123.hpc.itc.rwth-aachen.de",86,"86","uds",unix,64,4194304,10,50,33.108,2.844,3.89731,3.85625,5.265,7.02637,7.04747
74,"n23m0123.hpc.itc.rwth-aachen.de",74,"74","uds",87,"n23m0123.hpc.itc.rwth-aachen.de",87,"87","uds",unix,64,4194304,10,50,31.687,3.134,4.56963,4.529,6.9295,7.11846,7.07068
74,"n23m0123.hpc.itc.rwth-aachen.de",74,"74","uds",88,"n23m0123.hpc.itc.rwth-aachen.de",88,"88","uds",unix,64,4194304,10,50,37.198,2.8795,4.35243,4.72325,7.5125,7.23064,7.18262
74,"n23m0123.hpc.itc.rwth-aachen.de",74,"74","uds",89,"n23m0123.hpc.itc.rwth-aachen.de",89,"89","uds",unix,64,4194304,10,50,32.369,2.8395,3.89716,3.91325,5.265,7.01222,7.03757
74,"n23m0123.hpc.itc.rwth-aachen.de",74,"74","uds",90,"n23m0123.hpc.itc.rwth-aachen.de",90,"90","uds",unix,64,4194304,10,50,33.37,2.8765,4.32327,4.11925,5.4705,7.14185,7.10209
74,"n23m0123.hpc.itc.rwth-aachen.de",74,"74","uds",91,"n23m0123.hpc.itc.rwth-aachen.de",91,"91","uds",unix,64,4194304,10,50,43.901,3.157,5.13556,5.258,5.808,7.07449,7.06813
74,"n23m0123.hpc.itc.rwth-aachen.de",74,"74","uds",92,"n23m0123.hpc.itc.rwth-aachen.de",92,"92","uds",unix,64,4194304,10,50,35.154,2.8405,4.41671,4.3795,6.7325,6.93718,6.99362
74,"n23m0123.hpc.itc.rwth-aachen.de",74,"74","uds",93,"n23m0123.hpc.itc.rwth-aachen.de",93,"93","uds",unix,64,4194304,10,50,33.317,3.0535,4.76886,5.053,8.7185,7.16361,7.15604
74,"n23m0123.hpc.itc.rwth-aachen.de",74,"74","uds",94,"n23m0123.hpc.itc.rwth-aachen.de",94,"94","uds",unix,64,4194304,10,50,31.872,2.8845,4.19287,4.20925,5.41,7.03892,7.07519
74,"n23m0123.hpc.itc.rwth-aachen.de",74,"74","uds",95,"n23m0123.hpc.itc.rwth-aachen.de",95,"95","uds",unix,64,4194304,10,50,34.425,2.9185,4.48118,4.9565,5.579,7.01102,7.07006
75,"n23m0123.hpc.itc.rwth-aachen.de",75,"75","uds",76,"n23m0123.hpc.itc.rwth-aachen.de",76,"76","uds",unix,64,4194304,10,50,94.65,3.794,4.77843,4.72,6.9305,7.48034,7.44409
75,"n23m0123.hpc.itc.rwth-aachen.de",75,"75","uds",77,"n23m0123.hpc.itc.rwth-aachen.de",77,"77","uds",unix,64,4194304,10,50,45.446,3.0875,4.95404,4.99625,5.8195,7.55916,7.58427
75,"n23m0123.hpc.itc.rwth-aachen.de",75,"75","uds",78,"n23m0123.hpc.itc.rwth-aachen.de",78,"78","uds",unix,64,4194304,10,50,38.685,3.7135,4.76863,4.76425,5.474,7.50822,7.4757
75,"n23m0123.hpc.itc.rwth-aachen.de",75,"75","uds",79,"n23m0123.hpc.itc.rwth-aachen.de",79,"79","uds",unix,64,4194304,10,50,34.682,2.7225,4.40978,4.607,7.4865,7.62256,7.53529
75,"n23m0123.hpc.itc.rwth-aachen.de",75,"75","uds",80,"n23m0123.hpc.itc.rwth-aachen.de",80,"80","uds",unix,64,4194304,10,50,43.928,2.9145,4.3862,4.2885,5.4375,7.51536,7.48052
75,"n23m0123.hpc.itc.rwth-aachen.de",75,"75","uds",81,"n23m0123.hpc.itc.rwth-aachen.de",81,"81","uds",unix,64,4194304,10,50,41.859,3.576,4.43843,4.05325,8.063,7.51666,7.54074
75,"n23m0123.hpc.itc.rwth-aachen.de",75,"75","uds",82,"n23m0123.hpc.itc.rwth-aachen.de",82,"82","uds",unix,64,4194304,10,50,42.956,2.8655,4.65508,4.76475,5.4855,7.55264,7.48606
75,"n23m0123.hpc.itc.rwth-aachen.de",75,"75","uds",83,"n23m0123.hpc.itc.rwth-aachen.de",83,"83","uds",unix,64,4194304,10,50,36.02,3.4545,4.69519,4.85325,7.886,7.48895,7.41877
75,"n23m0123.hpc.itc.rwth-aachen.de",75,"75","uds",84,"n23m0123.hpc.itc.rwth-aachen.de",84,"84","uds",unix,64,4194304,10,50,35.484,4.3135,4.84254,4.7615,8.883,7.04137,7.11724
75,"n23m0123.hpc.itc.rwth-aachen.de",75,"75","uds",85,"n23m0123.hpc.itc.rwth-aachen.de",85,"85","uds",unix,64,4194304,10,50,32.866,2.9405,4.19184,3.86325,7.809,7.11687,7.14734
75,"n23m0123.hpc.itc.rwth-aachen.de",75,"75","uds",86,"n23m0123.hpc.itc.rwth-aachen.de",86,"86","uds",unix,64,4194304,10,50,35.101,3.7585,4.97343,5.073,7.7315,7.00698,6.98472
75,"n23m0123.hpc.itc.rwth-aachen.de",75,"75","uds",87,"n23m0123.hpc.itc.rwth-aachen.de",87,"87","uds",unix,64,4194304,10,50,37.174,3.1425,4.70357,4.94,8.057,7.03701,7.04658
75,"n23m0123.hpc.itc.rwth-aachen.de",75,"75","uds",88,"n23m0123.hpc.itc.rwth-aachen.de",88,"88","uds",unix,64,4194304,10,50,31.642,2.766,4.05215,4.042,5.2635,7.0292,6.95461
75,"n23m0123.hpc.itc.rwth-aachen.de",75,"75","uds",89,"n23m0123.hpc.itc.rwth-aachen.de",89,"89","uds",unix,64,4194304,10,50,44.936,2.6965,3.82042,3.7265,5.071,7.00899,7.03988
75,"n23m0123.hpc.itc.rwth-aachen.de",75,"75","uds",90,"n23m0123.hpc.itc.rwth-aachen.de",90,"90","uds",unix,64,4194304,10,50,47.58,2.7515,4.15897,4.5405,5.275,6.96967,7.0016
75,"n23m0123.hpc.itc.rwth-aachen.de",75,"75","uds",91,"n23m0123.hpc.itc.rwth-aachen.de",91,"91","uds",unix,64,4194304,10,50,49.354,2.7745,5.08944,4.789,14.0155,6.94689,7.00117
75,"n23m0123.hpc.itc.rwth-aachen.de",75,"75","uds",92,"n23m0123.hpc.itc.rwth-aachen.de",92,"92","uds",unix,64,4194304,10,50,50.806,2.9615,4.78077,4.859,15.2095,6.99223,7.0388
75,"n23m0123.hpc.itc.rwth-aachen.de",75,"75","uds",93,"n23m0123.hpc.itc.rwth-aachen.de",93,"93","uds",unix,64,4194304,10,50,49.576,2.909,4.93181,4.94625,19.072,7.12786,7.10792
75,"n23m0123.hpc.itc.rwth-aachen.de",75,"75","uds",94,"n23m0123.hpc.itc.rwth-aachen.de",94,"94","uds",unix,64,4194304,10,50,32.092,3.0845,4.59523,4.80075,7.7375,7.07268,7.03029
75,"n23m0123.hpc.itc.rwth-aachen.de",75,"75","uds",95,"n23m0123.hpc.itc.rwth-aachen.de",95,"95","uds",unix,64,4194304,10,50,33.676,2.6905,3.84771,3.81775,6.093,7.07571,7.05462
76,"n23m0123.hpc.itc.rwth-aachen.de",76,"76","uds",77,"n23m0123.hpc.itc.rwth-aachen.de",77,"77","uds",unix,64,4194304,10,50,79.923,2.77,4.01053,3.9165,5.2325,7.40799,7.27551
76,"n23m0123.hpc.itc.rwth-aachen.de",76,"76","uds",78,"n23m0123.hpc.itc.rwth-aachen.de",78,"78","uds",unix,64,4194304,10,50,48.461,2.8155,4.31586,4.53875,6.468,7.57656,7.53415
76,"n23m0123.hpc.itc.rwth-aachen.de",76,"76","uds",79,"n23m0123.hpc.itc.rwth-aachen.de",79,"79","uds",unix,64,4194304,10,50,40.37,2.7085,4.38469,4.5235,7.1915,7.63724,7.68923
76,"n23m0123.hpc.itc.rwth-aachen.de",76,"76","uds",80,"n23m0123.hpc.itc.rwth-aachen.de",80,"80","uds",unix,64,4194304,10,50,36.736,2.7395,4.23216,3.99325,8.063,7.65991,7.67139
76,"n23m0123.hpc.itc.rwth-aachen.de",76,"76","uds",81,"n23m0123.hpc.itc.rwth-aachen.de",81,"81","uds",unix,64,4194304,10,50,53.738,2.585,3.58484,3.72675,5.416,7.68805,7.69315
76,"n23m0123.hpc.itc.rwth-aachen.de",76,"76","uds",82,"n23m0123.hpc.itc.rwth-aachen.de",82,"82","uds",unix,64,4194304,10,50,40.332,2.725,3.97514,3.9945,5.387,7.58468,7.63693
76,"n23m0123.hpc.itc.rwth-aachen.de",76,"76","uds",83,"n23m0123.hpc.itc.rwth-aachen.de",83,"83","uds",unix,64,4194304,10,50,36.745,2.662,3.77737,3.824,5.1715,7.60441,7.59144
76,"n23m0123.hpc.itc.rwth-aachen.de",76,"76","uds",84,"n23m0123.hpc.itc.rwth-aachen.de",84,"84","uds",unix,64,4194304,10,50,31.954,2.6525,3.82791,3.8385,5.1745,7.24579,7.22151
76,"n23m0123.hpc.itc.rwth-aachen.de",76,"76","uds",85,"n23m0123.hpc.itc.rwth-aachen.de",85,"85","uds",unix,64,4194304,10,50,32.102,3.04,4.73908,5.0175,5.5635,7.17105,7.23648
76,"n23m0123.hpc.itc.rwth-aachen.de",76,"76","uds",86,"n23m0123.hpc.itc.rwth-aachen.de",86,"86","uds",unix,64,4194304,10,50,33.435,2.958,4.57822,4.799,6.109,7.04769,7.07666
76,"n23m0123.hpc.itc.rwth-aachen.de",76,"76","uds",87,"n23m0123.hpc.itc.rwth-aachen.de",87,"87","uds",unix,64,4194304,10,50,45.793,2.811,4.42488,4.7125,5.709,7.16998,7.14382
76,"n23m0123.hpc.itc.rwth-aachen.de",76,"76","uds",88,"n23m0123.hpc.itc.rwth-aachen.de",88,"88","uds",unix,64,4194304,10,50,38.948,2.823,4.04603,3.96375,6.5825,7.20747,7.25154
76,"n23m0123.hpc.itc.rwth-aachen.de",76,"76","uds",89,"n23m0123.hpc.itc.rwth-aachen.de",89,"89","uds",unix,64,4194304,10,50,31.25,2.933,4.64858,4.76625,8.0415,7.03437,7.07929
76,"n23m0123.hpc.itc.rwth-aachen.de",76,"76","uds",90,"n23m0123.hpc.itc.rwth-aachen.de",90,"90","uds",unix,64,4194304,10,50,31.09,2.956,4.6556,4.72125,6.173,7.08986,7.13411
76,"n23m0123.hpc.itc.rwth-aachen.de",76,"76","uds",91,"n23m0123.hpc.itc.rwth-aachen.de",91,"91","uds",unix,64,4194304,10,50,30.34,3.0135,4.88378,5.03525,6.051,7.07964,7.10529
76,"n23m0123.hpc.itc.rwth-aachen.de",76,"76","uds",92,"n23m0123.hpc.itc.rwth-aachen.de",92,"92","uds",unix,64,4194304,10,50,38.208,2.9915,4.6966,4.9305,9.3875,7.22242,7.20601
76,"n23m0123.hpc.itc.rwth-aachen.de",76,"76","uds",93,"n23m0123.hpc.itc.rwth-aachen.de",93,"93","uds",unix,64,4194304,10,50,31.014,3.0105,4.66772,4.96725,5.563,7.17483,7.18111
76,"n23m0123.hpc.itc.rwth-aachen.de",76,"76","uds",94,"n23m0123.hpc.itc.rwth-aachen.de",94,"94","uds",unix,64,4194304,10,50,30.719,2.714,3.94006,4.04025,5.056,7.02709,7.0783
76,"n23m0123.hpc.itc.rwth-aachen.de",76,"76","uds",95,"n23m0123.hpc.itc.rwth-aachen.de",95,"95","uds",unix,64,4194304,10,50,33.217,2.6425,4.19249,4.0145,7.464,7.09045,7.0879
77,"n23m0123.hpc.itc.rwth-aachen.de",77,"77","uds",78,"n23m0123.hpc.itc.rwth-aachen.de",78,"78","uds",unix,64,4194304,10,50,107.097,2.874,4.68234,4.6575,7.387,7.50915,7.51164
77,"n23m0123.hpc.itc.rwth-aachen.de",77,"77","uds",79,"n23m0123.hpc.itc.rwth-aachen.de",79,"79","uds",unix,64,4194304,10,50,45.002,2.7205,4.14216,4.10075,5.5245,7.58777,7.60619
77,"n23m0123.hpc.itc.rwth-aachen.de",77,"77","uds",80,"n23m0123.hpc.itc.rwth-aachen.de",80,"80","uds",unix,64,4194304,10,50,37.12,2.9075,4.39226,4.63775,5.5,7.52801,7.57952
77,"n23m0123.hpc.itc.rwth-aachen.de",77,"77","uds",81,"n23m0123.hpc.itc.rwth-aachen.de",81,"81","uds",unix,64,4194304,10,50,36.986,2.5965,3.71155,3.69025,5.241,7.67959,7.64647
77,"n23m0123.hpc.itc.rwth-aachen.de",77,"77","uds",82,"n23m0123.hpc.itc.rwth-aachen.de",82,"82","uds",unix,64,4194304,10,50,41.979,2.747,4.79485,4.92775,7.5235,7.62555,7.59418
77,"n23m0123.hpc.itc.rwth-aachen.de",77,"77","uds",83,"n23m0123.hpc.itc.rwth-aachen.de",83,"83","uds",unix,64,4194304,10,50,41.223,2.903,4.93735,5.1015,5.823,7.63978,7.66496
77,"n23m0123.hpc.itc.rwth-aachen.de",77,"77","uds",84,"n23m0123.hpc.itc.rwth-aachen.de",84,"84","uds",unix,64,4194304,10,50,37.728,2.668,3.50974,3.49375,5.0355,7.263,7.28729
77,"n23m0123.hpc.itc.rwth-aachen.de",77,"77","uds",85,"n23m0123.hpc.itc.rwth-aachen.de",85,"85","uds",unix,64,4194304,10,50,30.597,2.669,4.05842,3.95225,6.0895,7.24544,7.26257
77,"n23m0123.hpc.itc.rwth-aachen.de",77,"77","uds",86,"n23m0123.hpc.itc.rwth-aachen.de",86,"86","uds",unix,64,4194304,10,50,35.466,2.7715,4.14207,3.93375,14.0445,7.08141,7.14798
77,"n23m0123.hpc.itc.rwth-aachen.de",77,"77","uds",87,"n23m0123.hpc.itc.rwth-aachen.de",87,"87","uds",unix,64,4194304,10,50,33.196,2.6545,3.90028,3.75725,5.797,7.20176,7.19837
77,"n23m0123.hpc.itc.rwth-aachen.de",77,"77","uds",88,"n23m0123.hpc.itc.rwth-aachen.de",88,"88","uds",unix,64,4194304,10,50,33.127,2.66,3.5581,3.5335,7.295,7.28733,7.31344
77,"n23m0123.hpc.itc.rwth-aachen.de",77,"77","uds",89,"n23m0123.hpc.itc.rwth-aachen.de",89,"89","uds",unix,64,4194304,10,50,32.025,3.153,5.11951,4.995,16.189,7.09143,7.13302
77,"n23m0123.hpc.itc.rwth-aachen.de",77,"77","uds",90,"n23m0123.hpc.itc.rwth-aachen.de",90,"90","uds",unix,64,4194304,10,50,31.418,2.848,4.0336,3.97775,7.9105,7.12924,7.1872
77,"n23m0123.hpc.itc.rwth-aachen.de",77,"77","uds",91,"n23m0123.hpc.itc.rwth-aachen.de",91,"91","uds",unix,64,4194304,10,50,38.852,3.0225,4.73968,4.85025,5.6155,7.07899,7.14232
77,"n23m0123.hpc.itc.rwth-aachen.de",77,"77","uds",92,"n23m0123.hpc.itc.rwth-aachen.de",92,"92","uds",unix,64,4194304,10,50,36.578,2.7735,3.87482,3.801,6.51,7.21357,7.24788
77,"n23m0123.hpc.itc.rwth-aachen.de",77,"77","uds",93,"n23m0123.hpc.itc.rwth-aachen.de",93,"93","uds",unix,64,4194304,10,50,30.151,2.846,4.44751,4.71525,5.338,7.11308,7.15622
77,"n23m0123.hpc.itc.rwth-aachen.de",77,"77","uds",94,"n23m0123.hpc.itc.rwth-aachen.de",94,"94","uds",unix,64,4194304,10,50,31.378,2.8805,4.59251,4.838,6.32,7.10209,7.08623
77,"n23m0123.hpc.itc.rwth-aachen.de",77,"77","uds",95,"n23m0123.hpc.itc.rwth-aachen.de",95,"95","uds",unix,64,4194304,10,50,32.452,3.227,4.93327,5.13575,5.658,7.12381,7.05918
78,"n23m0123.hpc.itc.rwth-aachen.de",78,"78","uds",79,"n23m0123.hpc.itc.rwth-aachen.de",79,"79","uds",unix,64,4194304,10,50,87.229,2.8505,4.44913,4.77625,5.742,7.58649,7.52737
78,"n23m0123.hpc.itc.rwth-aachen.de",78,"78","uds",80,"n23m0123.hpc.itc.rwth-aachen.de",80,"80","uds",unix,64,4194304,10,50,39.917,2.5885,3.99299,3.93775,6.728,7.61986,7.58748
78,"n23m0123.hpc.itc.rwth-aachen.de",78,"78","uds",81,"n23m0123.hpc.itc.rwth-aachen.de",81,"81","uds",unix,64,4194304,10,50,37.335,2.7185,4.03737,4.07425,5.2565,7.70016,7.74374
78,"n23m0123.hpc.itc.rwth-aachen.de",78,"78","uds",82,"n23m0123.hpc.itc.rwth-aachen.de",82,"82","uds",unix,64,4194304,10,50,36.213,4.36,4.86886,4.74125,8.4595,7.71305,7.70289
78,"n23m0123.hpc.itc.rwth-aachen.de",78,"78","uds",83,"n23m0123.hpc.itc.rwth-aachen.de",83,"83","uds",unix,64,4194304,10,50,40.031,2.54,3.82038,3.6865,8.254,7.62492,7.61199
78,"n23m0123.hpc.itc.rwth-aachen.de",78,"78","uds",84,"n23m0123.hpc.itc.rwth-aachen.de",84,"84","uds",unix,64,4194304,10,50,36.549,2.593,3.48543,3.47925,6.8195,7.25841,7.28355
78,"n23m0123.hpc.itc.rwth-aachen.de",78,"78","uds",85,"n23m0123.hpc.itc.rwth-aachen.de",85,"85","uds",unix,64,4194304,10,50,31.585,2.8115,3.82701,3.89525,5.218,7.34531,7.30291
78,"n23m0123.hpc.itc.rwth-aachen.de",78,"78","uds",86,"n23m0123.hpc.itc.rwth-aachen.de",86,"86","uds",unix,64,4194304,10,50,30.099,2.777,4.25077,4.0335,7.4145,7.22188,7.16517
78,"n23m0123.hpc.itc.rwth-aachen.de",78,"78","uds",87,"n23m0123.hpc.itc.rwth-aachen.de",87,"87","uds",unix,64,4194304,10,50,31.707,3.0085,4.42486,4.25825,5.694,7.20455,7.21728
78,"n23m0123.hpc.itc.rwth-aachen.de",78,"78","uds",88,"n23m0123.hpc.itc.rwth-aachen.de",88,"88","uds",unix,64,4194304,10,50,31.683,2.7135,3.67037,3.67025,5.082,7.29564,7.32568
78,"n23m0123.hpc.itc.rwth-aachen.de",78,"78","uds",89,"n23m0123.hpc.itc.rwth-aachen.de",89,"89","uds",unix,64,4194304,10,50,31.871,3.091,4.52674,4.7875,5.411,7.17092,7.15498
78,"n23m0123.hpc.itc.rwth-aachen.de",78,"78","uds",90,"n23m0123.hpc.itc.rwth-aachen.de",90,"90","uds",unix,64,4194304,10,50,29.246,2.783,4.30664,4.1735,7.201,7.13987,7.17706
78,"n23m0123.hpc.itc.rwth-aachen.de",78,"78","uds",91,"n23m0123.hpc.itc.rwth-aachen.de",91,"91","uds",unix,64,4194304,10,50,29.768,2.7545,4.3169,4.67025,5.104,7.19602,7.16209
78,"n23m0123.hpc.itc.rwth-aachen.de",78,"78","uds",92,"n23m0123.hpc.itc.rwth-aachen.de",92,"92","uds",unix,64,4194304,10,50,32.206,2.761,3.9932,3.9175,5.2665,7.17976,7.22126
78,"n23m0123.hpc.itc.rwth-aachen.de",78,"78","uds",93,"n23m0123.hpc.itc.rwth-aachen.de",93,"93","uds",unix,64,4194304,10,50,30.354,2.7265,3.92616,3.9115,5.255,7.27331,7.27171
78,"n23m0123.hpc.itc.rwth-aachen.de",78,"78","uds",94,"n23m0123.hpc.itc.rwth-aachen.de",94,"94","uds",unix,64,4194304,10,50,30.14,2.8565,4.15654,3.88025,7.749,7.18018,7.19714
78,"n23m0123.hpc.itc.rwth-aachen.de",78,"78","uds",95,"n23m0123.hpc.itc.rwth-aachen.de",95,"95","uds",unix,64,4194304,10,50,45.499,2.9275,4.16308,4.084,5.9035,7.25105,7.23066
79,"n23m0123.hpc.itc.rwth-aachen.de",79,"79","uds",80,"n23m0123.hpc.itc.rwth-aachen.de",80,"80","uds",unix,64,4194304,10,50,90.885,2.5725,3.92419,3.146,14.1855,7.69844,7.64289
79,"n23m0123.hpc.itc.rwth-aachen.de",79,"79","uds",81,"n23m0123.hpc.itc.rwth-aachen.de",81,"81","uds",unix,64,4194304,10,50,40.727,2.7,3.93913,3.826,8.559,7.81248,7.7771
79,"n23m0123.hpc.itc.rwth-aachen.de",79,"79","uds",82,"n23m0123.hpc.itc.rwth-aachen.de",82,"82","uds",unix,64,4194304,10,50,40.284,2.657,4.05509,3.97025,7.2895,7.71332,7.71059
79,"n23m0123.hpc.itc.rwth-aachen.de",79,"79","uds",83,"n23m0123.hpc.itc.rwth-aachen.de",83,"83","uds",unix,64,4194304,10,50,36.94,2.737,4.2111,3.97625,10.0585,7.66327,7.65242
79,"n23m0123.hpc.itc.rwth-aachen.de",79,"79","uds",84,"n23m0123.hpc.itc.rwth-aachen.de",84,"84","uds",unix,64,4194304,10,50,41.93,2.685,3.72626,3.49025,7.7665,7.37963,7.3427
79,"n23m0123.hpc.itc.rwth-aachen.de",79,"79","uds",85,"n23m0123.hpc.itc.rwth-aachen.de",85,"85","uds",unix,64,4194304,10,50,33.802,2.575,3.84003,3.78175,8.967,7.33983,7.32438
79,"n23m0123.hpc.itc.rwth-aachen.de",79,"79","uds",86,"n23m0123.hpc.itc.rwth-aachen.de",86,"86","uds",unix,64,4194304,10,50,33.789,2.8595,3.94981,3.99925,7.444,7.23326,7.20085
79,"n23m0123.hpc.itc.rwth-aachen.de",79,"79","uds",87,"n23m0123.hpc.itc.rwth-aachen.de",87,"87","uds",unix,64,4194304,10,50,30.9,3.086,4.50001,4.2145,7.6505,7.18326,7.23944
79,"n23m0123.hpc.itc.rwth-aachen.de",79,"79","uds",88,"n23m0123.hpc.itc.rwth-aachen.de",88,"88","uds",unix,64,4194304,10,50,30.579,2.624,3.59256,3.52275,6.462,7.31163,7.34012
79,"n23m0123.hpc.itc.rwth-aachen.de",79,"79","uds",89,"n23m0123.hpc.itc.rwth-aachen.de",89,"89","uds",unix,64,4194304,10,50,29.223,2.692,4.05555,3.87925,7.645,7.16731,7.19152
79,"n23m0123.hpc.itc.rwth-aachen.de",79,"79","uds",90,"n23m0123.hpc.itc.rwth-aachen.de",90,"90","uds",unix,64,4194304,10,50,33.08,2.868,4.04033,4.011,8.1585,7.25817,7.25654
79,"n23m0123.hpc.itc.rwth-aachen.de",79,"79","uds",91,"n23m0123.hpc.itc.rwth-aachen.de",91,"91","uds",unix,64,4194304,10,50,29.927,3.619,4.54826,4.77025,5.1755,7.13852,7.18133
79,"n23m0123.hpc.itc.rwth-aachen.de",79,"79","uds",92,"n23m0123.hpc.itc.rwth-aachen.de",92,"92","uds",unix,64,4194304,10,50,32.323,2.802,4.02457,3.96875,7.152,7.20389,7.25991
79,"n23m0123.hpc.itc.rwth-aachen.de",79,"79","uds",93,"n23m0123.hpc.itc.rwth-aachen.de",93,"93","uds",unix,64,4194304,10,50,30.712,2.8615,4.11857,4.22125,5.385,7.30287,7.29478
79,"n23m0123.hpc.itc.rwth-aachen.de",79,"79","uds",94,"n23m0123.hpc.itc.rwth-aachen.de",94,"94","uds",unix,64,4194304,10,50,30.45,2.728,4.08486,3.83125,7.797,7.20183,7.22188
79,"n23m0123.hpc.itc.rwth-aachen.de",79,"79","uds",95,"n23m0123.hpc.itc.rwth-aachen.de",95,"95","uds",unix,64,4194304,10,50,31.214,2.604,3.57309,3.73375,4.995,7.26377,7.25407
80,"n23m0123.hpc.itc.rwth-aachen.de",80,"80","uds",81,"n23m0123.hpc.itc.rwth-aachen.de",81,"81","uds",unix,64,4194304,10,50,88.934,2.648,4.15035,3.92925,7.772,7.70612,7.66214
80,"n23m0123.hpc.itc.rwth-aachen.de",80,"80","uds",82,"n23m0123.hpc.itc.rwth-aachen.de",82,"82","uds",unix,64,4194304,10,50,42.363,2.6195,3.44798,3.0155,5.5805,7.59077,7.62629
80,"n23m0123.hpc.itc.rwth-aachen.de",80,"80","uds",83,"n23m0123.hpc.itc.rwth-aachen.de",83,"83","uds",unix,64,4194304,10,50,36.845,2.5975,3.71511,3.32975,10.833,7.59718,7.53658
80,"n23m0123.hpc.itc.rwth-aachen.de",80,"80","uds",84,"n23m0123.hpc.itc.rwth-aachen.de",84,"84","uds",unix,64,4194304,10,50,35.778,2.7965,4.00726,3.95275,6.3575,7.22869,7.2491
80,"n23m0123.hpc.itc.rwth-aachen.de",80,"80","uds",85,"n23m0123.hpc.itc.rwth-aachen.de",85,"85","uds",unix,64,4194304,10,50,38.459,3.79,5.19035,5.19375,7.198,7.30262,7.25087
80,"n23m0123.hpc.itc.rwth-aachen.de",80,"80","uds",86,"n23m0123.hpc.itc.rwth-aachen.de",86,"86","uds",unix,64,4194304,10,50,35.982,2.8205,4.09944,3.9485,6.667,7.07825,7.09278
80,"n23m0123.hpc.itc.rwth-aachen.de",80,"80","uds",87,"n23m0123.hpc.itc.rwth-aachen.de",87,"87","uds",unix,64,4194304,10,50,32.551,2.772,3.94653,3.96375,5.648,7.17972,7.20192
80,"n23m0123.hpc.itc.rwth-aachen.de",80,"80","uds",88,"n23m0123.hpc.itc.rwth-aachen.de",88,"88","uds",unix,64,4194304,10,50,31.322,2.515,3.53747,3.52225,5.202,7.23739,7.27983
80,"n23m0123.hpc.itc.rwth-aachen.de",80,"80","uds",89,"n23m0123.hpc.itc.rwth-aachen.de",89,"89","uds",unix,64,4194304,10,50,32.452,2.884,4.36698,4.25525,7.7755,7.09677,7.13809
80,"n23m0123.hpc.itc.rwth-aachen.de",80,"80","uds",90,"n23m0123.hpc.itc.rwth-aachen.de",90,"90","uds",unix,64,4194304,10,50,31.77,3.073,4.43881,4.09475,6.6275,7.14401,7.16125
80,"n23m0123.hpc.itc.rwth-aachen.de",80,"80","uds",91,"n23m0123.hpc.itc.rwth-aachen.de",91,"91","uds",unix,64,4194304,10,50,48.601,2.891,4.66461,5.0095,5.4835,7.21185,7.13756
80,"n23m0123.hpc.itc.rwth-aachen.de",80,"80","uds",92,"n23m0123.hpc.itc.rwth-aachen.de",92,"92","uds",unix,64,4194304,10,50,29.628,2.607,3.4808,3.26375,7.266,7.15712,7.19559
80,"n23m0123.hpc.itc.rwth-aachen.de",80,"80","uds",93,"n23m0123.hpc.itc.rwth-aachen.de",93,"93","uds",unix,64,4194304,10,50,31.565,2.9445,4.03613,4.04725,5.4985,7.14648,7.22509
80,"n23m0123.hpc.itc.rwth-aachen.de",80,"80","uds",94,"n23m0123.hpc.itc.rwth-aachen.de",94,"94","uds",unix,64,4194304,10,50,32.455,2.668,3.7549,3.734,8.0805,7.17262,7.16974
80,"n23m0123.hpc.itc.rwth-aachen.de",80,"80","uds",95,"n23m0123.hpc.itc.rwth-aachen.de",95,"95","uds",unix,64,4194304,10,50,33.469,2.7615,3.93726,3.949,5.4335,7.18741,7.19536
81,"n23m0123.hpc.itc.rwth-aachen.de",81,"81","uds",82,"n23m0123.hpc.itc.rwth-aachen.de",82,"82","uds",unix,64,4194304,10,50,86.708,2.7745,4.12076,4.12675,5.644,7.56504,7.56353
81,"n23m0123.hpc.itc.rwth-aachen.de",81,"81","uds",83,"n23m0123.hpc.itc.rwth-aachen.de",83,"83","uds",unix,64,4194304,10,50,39.223,2.6385,3.76805,3.70725,6.327,7.50684,7.44729
81,"n23m0123.hpc.itc.rwth-aachen.de",81,"81","uds",84,"n23m0123.hpc.itc.rwth-aachen.de",84,"84","uds",unix,64,4194304,10,50,34.952,2.646,3.49587,3.55675,5.1175,7.29496,7.29521
81,"n23m0123.hpc.itc.rwth-aachen.de",81,"81","uds",85,"n23m0123.hpc.itc.rwth-aachen.de",85,"85","uds",unix,64,4194304,10,50,31.146,2.7045,4.07436,3.94875,7.8625,7.2917,7.326
81,"n23m0123.hpc.itc.rwth-aachen.de",81,"81","uds",86,"n23m0123.hpc.itc.rwth-aachen.de",86,"86","uds",unix,64,4194304,10,50,36.648,2.804,4.19797,3.824,6.9945,7.02693,7.06803
81,"n23m0123.hpc.itc.rwth-aachen.de",81,"81","uds",87,"n23m0123.hpc.itc.rwth-aachen.de",87,"87","uds",unix,64,4194304,10,50,33.894,3.9035,4.90091,4.91375,7.54,7.07391,7.114
81,"n23m0123.hpc.itc.rwth-aachen.de",81,"81","uds",88,"n23m0123.hpc.itc.rwth-aachen.de",88,"88","uds",unix,64,4194304,10,50,32.302,2.678,4.0757,3.818,10.295,7.22066,7.23938
81,"n23m0123.hpc.itc.rwth-aachen.de",81,"81","uds",89,"n23m0123.hpc.itc.rwth-aachen.de",89,"89","uds",unix,64,4194304,10,50,30.692,3.7665,5.14998,5.1835,8.0425,7.13565,7.09208
81,"n23m0123.hpc.itc.rwth-aachen.de",81,"81","uds",90,"n23m0123.hpc.itc.rwth-aachen.de",90,"90","uds",unix,64,4194304,10,50,29.876,2.751,4.22177,4.06275,7.106,7.10522,7.14624
81,"n23m0123.hpc.itc.rwth-aachen.de",81,"81","uds",91,"n23m0123.hpc.itc.rwth-aachen.de",91,"91","uds",unix,64,4194304,10,50,30.655,3.1275,5.06653,5.12775,7.418,7.0584,7.09379
81,"n23m0123.hpc.itc.rwth-aachen.de",81,"81","uds",92,"n23m0123.hpc.itc.rwth-aachen.de",92,"92","uds",unix,64,4194304,10,50,31.15,2.956,4.4583,4.69575,6.1185,7.1134,7.17145
81,"n23m0123.hpc.itc.rwth-aachen.de",81,"81","uds",93,"n23m0123.hpc.itc.rwth-aachen.de",93,"93","uds",unix,64,4194304,10,50,30.786,2.864,4.52935,4.8775,5.3465,7.16098,7.19541
81,"n23m0123.hpc.itc.rwth-aachen.de",81,"81","uds",94,"n23m0123.hpc.itc.rwth-aachen.de",94,"94","uds",unix,64,4194304,10,50,31.499,3.037,4.5243,4.681,5.276,7.12071,7.12313
81,"n23m0123.hpc.itc.rwth-aachen.de",81,"81","uds",95,"n23m0123.hpc.itc.rwth-aachen.de",95,"95","uds",unix,64,4194304,10,50,31.676,3.01,4.55275,4.999,5.691,7.14894,7.13262
82,"n23m0123.hpc.itc.rwth-aachen.de",82,"82","uds",83,"n23m0123.hpc.itc.rwth-aachen.de",83,"83","uds",unix,64,4194304,10,50,88.128,2.695,4.30123,3.98875,7.858,7.46154,7.4405
82,"n23m0123.hpc.itc.rwth-aachen.de",82,"82","uds",84,"n23m0123.hpc.itc.rwth-aachen.de",84,"84","uds",unix,64,4194304,10,50,37.404,2.5815,3.55469,3.554,6.847,7.24401,7.26637
82,"n23m0123.hpc.itc.rwth-aachen.de",82,"82","uds",85,"n23m0123.hpc.itc.rwth-aachen.de",85,"85","uds",unix,64,4194304,10,50,32.53,2.719,3.90006,3.985,5.688,7.178,7.23899
82,"n23m0123.hpc.itc.rwth-aachen.de",82,"82","uds",86,"n23m0123.hpc.itc.rwth-aachen.de",86,"86","uds",unix,64,4194304,10,50,31.309,2.861,4.61166,4.225,15.1025,7.08117,7.08808
82,"n23m0123.hpc.itc.rwth-aachen.de",82,"82","uds",87,"n23m0123.hpc.itc.rwth-aachen.de",87,"87","uds",unix,64,4194304,10,50,35.471,2.815,4.09054,4.02325,5.3905,7.1574,7.15252
82,"n23m0123.hpc.itc.rwth-aachen.de",82,"82","uds",88,"n23m0123.hpc.itc.rwth-aachen.de",88,"88","uds",unix,64,4194304,10,50,34.988,2.7,4.2071,3.861,11.2305,7.23639,7.25367
82,"n23m0123.hpc.itc.rwth-aachen.de",82,"82","uds",89,"n23m0123.hpc.itc.rwth-aachen.de",89,"89","uds",unix,64,4194304,10,50,32.506,3.962,5.13635,5.148,8.039,7.13458,7.13958
82,"n23m0123.hpc.itc.rwth-aachen.de",82,"82","uds",90,"n23m0123.hpc.itc.rwth-aachen.de",90,"90","uds",unix,64,4194304,10,50,42.993,2.847,4.48073,4.836,5.45,7.16233,7.14868
82,"n23m0123.hpc.itc.rwth-aachen.de",82,"82","uds",91,"n23m0123.hpc.itc.rwth-aachen.de",91,"91","uds",unix,64,4194304,10,50,32.104,3.9295,4.984,4.888,9.4975,7.06882,7.11353
82,"n23m0123.hpc.itc.rwth-aachen.de",82,"82","uds",92,"n23m0123.hpc.itc.rwth-aachen.de",92,"92","uds",unix,64,4194304,10,50,32.3,2.7925,3.86048,3.82825,6.447,7.24758,7.20198
82,"n23m0123.hpc.itc.rwth-aachen.de",82,"82","uds",93,"n23m0123.hpc.itc.rwth-aachen.de",93,"93","uds",unix,64,4194304,10,50,30.313,4.622,5.22731,5.1485,7.724,7.13189,7.08526
82,"n23m0123.hpc.itc.rwth-aachen.de",82,"82","uds",94,"n23m0123.hpc.itc.rwth-aachen.de",94,"94","uds",unix,64,4194304,10,50,44.526,2.9195,4.47094,4.73275,6.4425,7.0768,7.01144
82,"n23m0123.hpc.itc.rwth-aachen.de",82,"82","uds",95,"n23m0123.hpc.itc.rwth-aachen.de",95,"95","uds",unix,64,4194304,10,50,40.658,2.687,3.72335,3.552,7.653,7.27766,7.19377
83,"n23m0123.hpc.itc.rwth-aachen.de",83,"83","uds",84,"n23m0123.hpc.itc.rwth-aachen.de",84,"84","uds",unix,64,4194304,10,50,73.938,2.7295,4.41395,4.764,7.318,7.29021,7.25474
83,"n23m0123.hpc.itc.rwth-aachen.de",83,"83","uds",85,"n23m0123.hpc.itc.rwth-aachen.de",85,"85","uds",unix,64,4194304,10,50,37.79,2.802,4.10425,3.93725,5.122,7.30712,7.25106
83,"n23m0123.hpc.itc.rwth-aachen.de",83,"83","uds",86,"n23m0123.hpc.itc.rwth-aachen.de",86,"86","uds",unix,64,4194304,10,50,32.444,2.8045,4.37693,4.256,8.273,6.98778,6.98572
83,"n23m0123.hpc.itc.rwth-aachen.de",83,"83","uds",87,"n23m0123.hpc.itc.rwth-aachen.de",87,"87","uds",unix,64,4194304,10,50,45.909,2.812,4.82282,4.51725,9.803,6.52009,6.62866
83,"n23m0123.hpc.itc.rwth-aachen.de",83,"83","uds",88,"n23m0123.hpc.itc.rwth-aachen.de",88,"88","uds",unix,64,4194304,10,50,47.588,2.8175,4.5038,3.9995,10.9305,7.09815,7.03575
83,"n23m0123.hpc.itc.rwth-aachen.de",83,"83","uds",89,"n23m0123.hpc.itc.rwth-aachen.de",89,"89","uds",unix,64,4194304,10,50,44.733,3.015,4.57672,4.81875,5.557,7.06226,7.0545
83,"n23m0123.hpc.itc.rwth-aachen.de",83,"83","uds",90,"n23m0123.hpc.itc.rwth-aachen.de",90,"90","uds",unix,64,4194304,10,50,36.026,3.0825,4.61311,4.91925,5.37,7.1103,7.08992
83,"n23m0123.hpc.itc.rwth-aachen.de",83,"83","uds",91,"n23m0123.hpc.itc.rwth-aachen.de",91,"91","uds",unix,64,4194304,10,50,34.333,3.0305,4.76532,5.06325,6.3465,7.05116,7.07658
83,"n23m0123.hpc.itc.rwth-aachen.de",83,"83","uds",92,"n23m0123.hpc.itc.rwth-aachen.de",92,"92","uds",unix,64,4194304,10,50,30.556,2.808,4.25776,4.1785,6.669,7.1477,7.13967
83,"n23m0123.hpc.itc.rwth-aachen.de",83,"83","uds",93,"n23m0123.hpc.itc.rwth-aachen.de",93,"93","uds",unix,64,4194304,10,50,33.274,2.8695,4.34936,4.7265,5.539,7.17673,7.19502
83,"n23m0123.hpc.itc.rwth-aachen.de",83,"83","uds",94,"n23m0123.hpc.itc.rwth-aachen.de",94,"94","uds",unix,64,4194304,10,50,37.467,2.7035,3.82479,3.93675,5.3175,7.1357,7.12471
83,"n23m0123.hpc.itc.rwth-aachen.de",83,"83","uds",95,"n23m0123.hpc.itc.rwth-aachen.de",95,"95","uds",unix,64,4194304,10,50,32.08,2.6185,3.82264,3.792,5.2035,7.08868,7.11692
84,"n23m0123.hpc.itc.rwth-aachen.de",84,"84","uds",85,"n23m0123.hpc.itc.rwth-aachen.de",85,"85","uds",unix,64,4194304,10,50,82.268,2.5625,3.51733,3.5995,5.176,7.67445,7.69369
84,"n23m0123.hpc.itc.rwth-aachen.de",84,"84","uds",86,"n23m0123.hpc.itc.rwth-aachen.de",86,"86","uds",unix,64,4194304,10,50,37.784,2.8,4.62633,4.79525,5.1655,7.41592,7.37173
84,"n23m0123.hpc.itc.rwth-aachen.de",84,"84","uds",87,"n23m0123.hpc.itc.rwth-aachen.de",87,"87","uds",unix,64,4194304,10,50,36.865,2.777,4.38163,4.7285,5.299,7.42093,7.38897
84,"n23m0123.hpc.itc.rwth-aachen.de",84,"84","uds",88,"n23m0123.hpc.itc.rwth-aachen.de",88,"88","uds",unix,64,4194304,10,50,36.493,2.9505,4.91029,4.86475,8.0435,7.67648,7.68155
84,"n23m0123.hpc.itc.rwth-aachen.de",84,"84","uds",89,"n23m0123.hpc.itc.rwth-aachen.de",89,"89","uds",unix,64,4194304,10,50,40.923,3.085,4.98934,4.94175,10.618,7.42858,7.44504
84,"n23m0123.hpc.itc.rwth-aachen.de",84,"84","uds",90,"n23m0123.hpc.itc.rwth-aachen.de",90,"90","uds",unix,64,4194304,10,50,37.25,2.8575,4.63152,4.63125,6.6615,7.66108,7.63336
84,"n23m0123.hpc.itc.rwth-aachen.de",84,"84","uds",91,"n23m0123.hpc.itc.rwth-aachen.de",91,"91","uds",unix,64,4194304,10,50,35.333,4.12,4.61214,4.65725,4.9825,7.52751,7.5116
84,"n23m0123.hpc.itc.rwth-aachen.de",84,"84","uds",92,"n23m0123.hpc.itc.rwth-aachen.de",92,"92","uds",unix,64,4194304,10,50,33.07,3.035,4.48663,4.48825,8.0365,7.52067,7.57697
84,"n23m0123.hpc.itc.rwth-aachen.de",84,"84","uds",93,"n23m0123.hpc.itc.rwth-aachen.de",93,"93","uds",unix,64,4194304,10,50,35.442,2.7845,4.37857,4.5775,7.813,7.73879,7.66664
84,"n23m0123.hpc.itc.rwth-aachen.de",84,"84","uds",94,"n23m0123.hpc.itc.rwth-aachen.de",94,"94","uds",unix,64,4194304,10,50,33.757,2.5925,3.97929,4.302,5.083,7.55794,7.55481
84,"n23m0123.hpc.itc.rwth-aachen.de",84,"84","uds",95,"n23m0123.hpc.itc.rwth-aachen.de",95,"95","uds",unix,64,4194304,10,50,32.553,3.0965,4.95192,4.943,8.285,7.80726,7.77909
85,"n23m0123.hpc.itc.rwth-aachen.de",85,"85","uds",86,"n23m0123.hpc.itc.rwth-aachen.de",86,"86","uds",unix,64,4194304,10,50,86.176,2.7485,4.40888,4.57975,6.0475,7.47256,7.48167
85,"n23m0123.hpc.itc.rwth-aachen.de",85,"85","uds",87,"n23m0123.hpc.itc.rwth-aachen.de",87,"87","uds",unix,64,4194304,10,50,40.944,2.731,4.04597,3.96025,5.493,7.44497,7.47488
85,"n23m0123.hpc.itc.rwth-aachen.de",85,"85","uds",88,"n23m0123.hpc.itc.rwth-aachen.de",88,"88","uds",unix,64,4194304,10,50,34.476,2.5545,3.6729,3.698,7.449,7.81052,7.81088
85,"n23m0123.hpc.itc.rwth-aachen.de",85,"85","uds",89,"n23m0123.hpc.itc.rwth-aachen.de",89,"89","uds",unix,64,4194304,10,50,41.532,4.53,4.93062,4.95875,5.4505,7.54518,7.55494
85,"n23m0123.hpc.itc.rwth-aachen.de",85,"85","uds",90,"n23m0123.hpc.itc.rwth-aachen.de",90,"90","uds",unix,64,4194304,10,50,36.167,2.643,3.9829,3.87825,5.1775,7.65786,7.68232
85,"n23m0123.hpc.itc.rwth-aachen.de",85,"85","uds",91,"n23m0123.hpc.itc.rwth-aachen.de",91,"91","uds",unix,64,4194304,10,50,38.417,3.9085,5.02377,5.082,5.5335,7.50567,7.51111
85,"n23m0123.hpc.itc.rwth-aachen.de",85,"85","uds",92,"n23m0123.hpc.itc.rwth-aachen.de",92,"92","uds",unix,64,4194304,10,50,34.579,3.111,5.14231,5.1605,7.739,7.53809,7.5888
85,"n23m0123.hpc.itc.rwth-aachen.de",85,"85","uds",93,"n23m0123.hpc.itc.rwth-aachen.de",93,"93","uds",unix,64,4194304,10,50,33.185,3.1245,4.93955,5.10875,5.635,7.65971,7.62799
85,"n23m0123.hpc.itc.rwth-aachen.de",85,"85","uds",94,"n23m0123.hpc.itc.rwth-aachen.de",94,"94","uds",unix,64,4194304,10,50,33.372,2.675,4.30348,4.5915,8.5635,7.57683,7.59005
85,"n23m0123.hpc.itc.rwth-aachen.de",85,"85","uds",95,"n23m0123.hpc.itc.rwth-aachen.de",95,"95","uds",unix,64,4194304,10,50,32.676,2.7625,4.51336,4.92675,6.9205,7.58489,7.5834
86,"n23m0123.hpc.itc.rwth-aachen.de",86,"86","uds",87,"n23m0123.hpc.itc.rwth-aachen.de",87,"87","uds",unix,64,4194304,10,50,95.035,3.652,5.0506,5.041,7.2255,7.27539,7.27207
86,"n23m0123.hpc.itc.rwth-aachen.de",86,"86","uds",88,"n23m0123.hpc.itc.rwth-aachen.de",88,"88","uds",unix,64,4194304,10,50,39.372,2.657,4.2604,4.58125,5.1635,7.88758,7.80224
86,"n23m0123.hpc.itc.rwth-aachen.de",86,"86","uds",89,"n23m0123.hpc.itc.rwth-aachen.de",89,"89","uds",unix,64,4194304,10,50,35.329,2.654,4.42384,4.6395,5.4365,7.54907,7.53716
86,"n23m0123.hpc.itc.rwth-aachen.de",86,"86","uds",90,"n23m0123.hpc.itc.rwth-aachen.de",90,"90","uds",unix,64,4194304,10,50,35.029,2.781,4.2488,4.45275,7.38,7.63186,7.65423
86,"n23m0123.hpc.itc.rwth-aachen.de",86,"86","uds",91,"n23m0123.hpc.itc.rwth-aachen.de",91,"91","uds",unix,64,4194304,10,50,38.33,2.8095,4.54488,4.727,5.4345,7.55134,7.57441
86,"n23m0123.hpc.itc.rwth-aachen.de",86,"86","uds",92,"n23m0123.hpc.itc.rwth-aachen.de",92,"92","uds",unix,64,4194304,10,50,39.566,2.6935,4.125,4.01575,7.2605,7.67949,7.69512
86,"n23m0123.hpc.itc.rwth-aachen.de",86,"86","uds",93,"n23m0123.hpc.itc.rwth-aachen.de",93,"93","uds",unix,64,4194304,10,50,35.176,2.6705,4.07895,4.14025,6.6385,7.57811,7.5134
86,"n23m0123.hpc.itc.rwth-aachen.de",86,"86","uds",94,"n23m0123.hpc.itc.rwth-aachen.de",94,"94","uds",unix,64,4194304,10,50,32.308,2.7335,4.41575,4.81875,5.2725,7.50226,7.45782
86,"n23m0123.hpc.itc.rwth-aachen.de",86,"86","uds",95,"n23m0123.hpc.itc.rwth-aachen.de",95,"95","uds",unix,64,4194304,10,50,32.6,4.36,4.82483,4.816,6.9005,7.59922,7.57784
87,"n23m0123.hpc.itc.rwth-aachen.de",87,"87","uds",88,"n23m0123.hpc.itc.rwth-aachen.de",88,"88","uds",unix,64,4194304,10,50,84.279,2.689,4.00874,3.84125,6.501,7.60045,7.67976
87,"n23m0123.hpc.itc.rwth-aachen.de",87,"87","uds",89,"n23m0123.hpc.itc.rwth-aachen.de",89,"89","uds",unix,64,4194304,10,50,37.713,2.9035,4.66065,4.80425,5.3065,7.45388,7.46851
87,"n23m0123.hpc.itc.rwth-aachen.de",87,"87","uds",90,"n23m0123.hpc.itc.rwth-aachen.de",90,"90","uds",unix,64,4194304,10,50,33.574,2.7485,4.50665,4.60275,11.8055,7.59731,7.58325
87,"n23m0123.hpc.itc.rwth-aachen.de",87,"87","uds",91,"n23m0123.hpc.itc.rwth-aachen.de",91,"91","uds",unix,64,4194304,10,50,34.763,4.39,5.16202,5.0995,8.104,7.56044,7.50911
87,"n23m0123.hpc.itc.rwth-aachen.de",87,"87","uds",92,"n23m0123.hpc.itc.rwth-aachen.de",92,"92","uds",unix,64,4194304,10,50,41.91,2.7655,4.27372,4.3895,5.6615,7.594,7.62437
87,"n23m0123.hpc.itc.rwth-aachen.de",87,"87","uds",93,"n23m0123.hpc.itc.rwth-aachen.de",93,"93","uds",unix,64,4194304,10,50,37.349,4.5735,5.05933,4.9555,7.904,7.68032,7.69929
87,"n23m0123.hpc.itc.rwth-aachen.de",87,"87","uds",94,"n23m0123.hpc.itc.rwth-aachen.de",94,"94","uds",unix,64,4194304,10,50,34.084,2.7475,4.05226,4.0415,6.3715,7.6748,7.61173
87,"n23m0123.hpc.itc.rwth-aachen.de",87,"87","uds",95,"n23m0123.hpc.itc.rwth-aachen.de",95,"95","uds",unix,64,4194304,10,50,32.062,2.86,4.17555,3.9905,5.401,7.53154,7.53877
88,"n23m0123.hpc.itc.rwth-aachen.de",88,"88","uds",89,"n23m0123.hpc.itc.rwth-aachen.de",89,"89","uds",unix,64,4194304,10,50,86.369,3.36,4.22432,4.29375,5.373,7.50804,7.52629
88,"n23m0123.hpc.itc.rwth-aachen.de",88,"88","uds",90,"n23m0123.hpc.itc.rwth-aachen.de",90,"90","uds",unix,64,4194304,10,50,36.797,2.6315,3.61354,3.5815,6.072,7.72287,7.76418
88,"n23m0123.hpc.itc.rwth-aachen.de",88,"88","uds",91,"n23m0123.hpc.itc.rwth-aachen.de",91,"91","uds",unix,64,4194304,10,50,35.923,3.7765,4.94568,4.9685,5.687,7.73741,7.66543
88,"n23m0123.hpc.itc.rwth-aachen.de",88,"88","uds",92,"n23m0123.hpc.itc.rwth-aachen.de",92,"92","uds",unix,64,4194304,10,50,35.088,2.711,3.87363,4.0125,5.642,7.76226,7.79381
88,"n23m0123.hpc.itc.rwth-aachen.de",88,"88","uds",93,"n23m0123.hpc.itc.rwth-aachen.de",93,"93","uds",unix,64,4194304,10,50,38.039,2.9225,4.74415,4.983,7.611,7.75423,7.84018
88,"n23m0123.hpc.itc.rwth-aachen.de",88,"88","uds",94,"n23m0123.hpc.itc.rwth-aachen.de",94,"94","uds",unix,64,4194304,10,50,37.848,2.6105,3.48518,2.78475,6.344,7.61718,7.62351
88,"n23m0123.hpc.itc.rwth-aachen.de",88,"88","uds",95,"n23m0123.hpc.itc.rwth-aachen.de",95,"95","uds",unix,64,4194304,10,50,33.14,2.8635,4.6145,4.798,7.2845,7.81576,7.80217
89,"n23m0123.hpc.itc.rwth-aachen.de",89,"89","uds",90,"n23m0123.hpc.itc.rwth-aachen.de",90,"90","uds",unix,64,4194304,10,50,81.822,3.728,5.01475,5.0005,8.681,7.61632,7.57209
89,"n23m0123.hpc.itc.rwth-aachen.de",89,"89","uds",91,"n23m0123.hpc.itc.rwth-aachen.de",91,"91","uds",unix,64,4194304,10,50,41.337,4.407,4.98479,4.99025,5.4695,7.49186,7.45333
89,"n23m0123.hpc.itc.rwth-aachen.de",89,"89","uds",92,"n23m0123.hpc.itc.rwth-aachen.de",92,"92","uds",unix,64,4194304,10,50,35.975,3.058,4.60961,4.7225,5.2285,7.57718,7.5602
89,"n23m0123.hpc.itc.rwth-aachen.de",89,"89","uds",93,"n23m0123.hpc.itc.rwth-aachen.de",93,"93","uds",unix,64,4194304,10,50,32.544,4.5475,5.06047,5.03125,8.2115,7.5784,7.60831
89,"n23m0123.hpc.itc.rwth-aachen.de",89,"89","uds",94,"n23m0123.hpc.itc.rwth-aachen.de",94,"94","uds",unix,64,4194304,10,50,36.912,2.716,4.49747,4.96325,6.924,7.59714,7.55287
89,"n23m0123.hpc.itc.rwth-aachen.de",89,"89","uds",95,"n23m0123.hpc.itc.rwth-aachen.de",95,"95","uds",unix,64,4194304,10,50,33.98,3.2165,4.96178,4.96925,8.784,7.47168,7.53451
90,"n23m0123.hpc.itc.rwth-aachen.de",90,"90","uds",91,"n23m0123.hpc.itc.rwth-aachen.de",91,"91","uds",unix,64,4194304,10,50,82.792,4.137,4.91424,4.9525,5.398,7.45572,7.45817
90,"n23m0123.hpc.itc.rwth-aachen.de",90,"90","uds",92,"n23m0123.hpc.itc.rwth-aachen.de",92,"92","uds",unix,64,4194304,10,50,37.141,2.687,3.95032,3.9445,5.2425,7.644,7.60529
90,"n23m0123.hpc.itc.rwth-aachen.de",90,"90","uds",93,"n23m0123.hpc.itc.rwth-aachen.de",93,"93","uds",unix,64,4194304,10,50,36.76,2.932,4.52707,4.75125,6.2525,7.64682,7.60797
90,"n23m0123.hpc.itc.rwth-aachen.de",90,"90","uds",94,"n23m0123.hpc.itc.rwth-aachen.de",94,"94","uds",unix,64,4194304,10,50,31.5,2.7825,4.51206,4.87,5.809,7.51576,7.53784
90,"n23m0123.hpc.itc.rwth-aachen.de",90,"90","uds",95,"n23m0123.hpc.itc.rwth-aachen.de",95,"95","uds",unix,64,4194304,10,50,35.85,2.805,4.53083,4.73725,9.474,7.54867,7.5612
91,"n23m0123.hpc.itc.rwth-aachen.de",91,"91","uds",92,"n23m0123.hpc.itc.rwth-aachen.de",92,"92","uds",unix,64,4194304,10,50,82.542,3.7865,5.07756,5.0605,9.2775,7.57582,7.56162
91,"n23m0123.hpc.itc.rwth-aachen.de",91,"91","uds",93,"n23m0123.hpc.itc.rwth-aachen.de",93,"93","uds",unix,64,4194304,10,50,36.339,3.7255,4.77327,4.8275,5.3825,7.55884,7.5729
91,"n23m0123.hpc.itc.rwth-aachen.de",91,"91","uds",94,"n23m0123.hpc.itc.rwth-aachen.de",94,"94","uds",unix,64,4194304,10,50,37.704,4.318,4.90779,4.8175,6.776,7.56364,7.48391
91,"n23m0123.hpc.itc.rwth-aachen.de",91,"91","uds",95,"n23m0123.hpc.itc.rwth-aachen.de",95,"95","uds",unix,64,4194304,10,50,32.058,2.716,4.68272,4.8955,7.7785,7.51993,7.50821
92,"n23m0123.hpc.itc.rwth-aachen.de",92,"92","uds",93,"n23m0123.hpc.itc.rwth-aachen.de",93,"93","uds",unix,64,4194304,10,50,95.246,2.673,4.50438,4.79775,5.3835,7.56835,7.53975
92,"n23m0123.hpc.itc.rwth-aachen.de",92,"92","uds",94,"n23m0123.hpc.itc.rwth-aachen.de",94,"94","uds",unix,64,4194304,10,50,38.121,2.7575,3.6916,3.7805,5.312,7.47843,7.49183
92,"n23m0123.hpc.itc.rwth-aachen.de",92,"92","uds",95,"n23m0123.hpc.itc.rwth-aachen.de",95,"95","uds",unix,64,4194304,10,50,33.05,2.831,5.03739,4.25375,19.7285,7.5412,7.53997
93,"n23m0123.hpc.itc.rwth-aachen.de",93,"93","uds",94,"n23m0123.hpc.itc.rwth-aachen.de",94,"94","uds",unix,64,4194304,10,50,87.855,2.7225,4.69559,4.777,6.9365,7.55409,7.5768
93,"n23m0123.hpc.itc.rwth-aachen.de",93,"93","uds",95,"n23m0123.hpc.itc.rwth-aachen.de",95,"95","uds",unix,64,4194304,10,50,38.256,2.686,3.8689,3.915,5.5345,7.57565,7.56731
94,"n23m0123.hpc.itc.rwth-aachen.de",94,"94","uds",95,"n23m0123.hpc.itc.rwth-aachen.de",95,"95","uds",unix,64,4194304,10,50,91.569,2.4905,3.31573,2.757,7.7135,7.47064,7.45034
